 Date & UTC Time,Sea Level,Water Temperature,Air Temperature,Barometric Pressure,Residuals,Adjusted Residuals,Wind Direction,Wind Gust,Wind Speed,Hillarys
01-Jan-2022 00:00, 0.528,  24.3,  20.1, 1011.5,-0.017,-0.034,   84,   5.7,   2.0
01-Jan-2022 01:00, 0.650,  24.2,  20.7, 1011.4, 0.026, 0.009,  159,   6.1,   2.6
01-Jan-2022 02:00, 0.717,  24.2,  22.0, 1011.3, 0.025, 0.007,  160,   5.6,   3.0
01-Jan-2022 03:00, 0.754,  24.2,  23.4, 1010.9, 0.013,-0.006,  189,   6.1,   2.2
01-Jan-2022 04:00, 0.789,  24.2,  22.5, 1010.6, 0.001,-0.023,  210,   7.5,   4.4
01-Jan-2022 05:00, 0.853,  24.3,  21.8, 1010.5, 0.014,-0.012,  209,   8.9,   5.2
01-Jan-2022 06:00, 0.897,  24.3,  21.6, 1010.2,-0.005,-0.032,  204,   9.4,   5.2
01-Jan-2022 07:00, 0.970,  24.4,  21.8, 1009.9,-0.008,-0.038,  205,   9.4,   5.0
01-Jan-2022 08:00, 1.080,  24.4,  21.6, 1009.5, 0.011,-0.023,  205,   9.6,   5.6
01-Jan-2022 09:00, 1.146,  24.5,  21.8, 1009.4,-0.019,-0.056,  205,   9.8,   4.8
01-Jan-2022 10:00, 1.245,  24.5,  21.7, 1009.7, 0.001,-0.037,  202,   9.2,   4.9
01-Jan-2022 11:00, 1.295,  24.4,  21.4, 1010.0,-0.008,-0.043,  203,   9.7,   5.4
01-Jan-2022 12:00, 1.307,  24.4,  21.6, 1010.5,-0.017,-0.049,  198,   8.8,   3.3
01-Jan-2022 13:00, 1.319,  24.4,  21.9, 1010.8, 0.018,-0.009,  196,   7.2,   2.8
01-Jan-2022 14:00, 1.193,  24.4,  22.1, 1010.6,-0.039,-0.064,  169,   6.9,   2.2
01-Jan-2022 15:00, 1.105,  24.3,  22.0, 1010.5,-0.010,-0.036,  174,   6.2,   2.6
01-Jan-2022 16:00, 0.963,  24.3,  21.0, 1010.2,-0.008,-0.035,  161,   5.2,   2.3
01-Jan-2022 17:00, 0.781,  24.3,  20.8, 1010.0,-0.039,-0.069,  147,   4.3,   1.5
01-Jan-2022 18:00, 0.661,  24.2,  21.4, 1009.7,-0.014,-0.047,   87,   8.0,   3.2
01-Jan-2022 19:00, 0.512,  24.1,  20.1, 1009.6,-0.034,-0.070,   82,  11.7,   5.0
01-Jan-2022 20:00, 0.387,  24.0,  18.9, 1009.6,-0.058,-0.095,   79,   9.9,   5.5
01-Jan-2022 21:00, 0.389,  23.9,  18.1, 1010.3, 0.003,-0.033,   82,  10.8,   6.1
01-Jan-2022 22:00, 0.335,  23.9,  17.9, 1011.0,-0.030,-0.059,   85,  11.0,   6.0
01-Jan-2022 23:00, 0.367,  23.8,  18.9, 1011.7,-0.023,-0.045,   80,  10.2,   5.0
02-Jan-2022 00:00, 0.450,  23.8,  21.2, 1012.4,-0.003,-0.017,  102,   8.2,   1.9
02-Jan-2022 01:00, 0.520,  23.8,  23.6, 1011.9,-0.017,-0.026,   95,   5.6,   2.0
02-Jan-2022 02:00, 0.653,  23.8,  25.2, 1011.7, 0.028, 0.015,   57,   5.2,   1.5
02-Jan-2022 03:00, 0.702,  23.8,  27.2, 1011.1, 0.011,-0.005,  170,   4.7,   2.1
02-Jan-2022 04:00, 0.763,  23.8,  23.8, 1010.7, 0.023, 0.002,  218,   7.2,   4.8
02-Jan-2022 05:00, 0.792,  23.8,  24.0, 1010.5, 0.005,-0.021,  201,   7.8,   3.6
02-Jan-2022 06:00, 0.879,  23.9,  23.6, 1010.2, 0.030, 0.002,  203,   8.5,   4.1
02-Jan-2022 07:00, 0.929,  24.0,  23.8, 1009.6, 0.003,-0.028,  201,   7.4,   3.4
02-Jan-2022 08:00, 1.026,  24.1,  24.2, 1009.3, 0.012,-0.025,  196,   7.3,   3.7
02-Jan-2022 09:00, 1.142,  24.1,  24.0, 1009.0, 0.027,-0.012,  195,   8.2,   3.3
02-Jan-2022 10:00, 1.200,  24.1,  23.6, 1009.0,-0.008,-0.050,  192,   7.5,   3.1
02-Jan-2022 11:00, 1.325,  24.1,  23.3, 1009.3, 0.044, 0.002,  193,   7.2,   2.6
02-Jan-2022 12:00, 1.369,  24.0,  22.5, 1009.7, 0.043, 0.005,  195,   7.0,   3.1
02-Jan-2022 13:00, 1.359,  24.0,  22.8, 1009.9, 0.028,-0.007,  193,   6.7,   2.5
02-Jan-2022 14:00, 1.340,  24.0,  23.1, 1010.2, 0.042, 0.009,  194,   6.1,   2.0
02-Jan-2022 15:00, 1.264,  24.0,  23.2, 1010.0, 0.047, 0.016,  174,   4.5,   1.7
02-Jan-2022 16:00, 1.133,  24.0,  22.9, 1009.9, 0.042, 0.009,  172,   4.5,   2.2
02-Jan-2022 17:00, 0.989,  24.0,  22.5, 1009.8, 0.049, 0.015,  161,   4.8,   2.7
02-Jan-2022 18:00, 0.827,  24.0,  21.6, 1009.7, 0.042, 0.008,  161,   4.1,   1.4
02-Jan-2022 19:00, 0.691,  24.0,  21.6, 1009.3, 0.048, 0.012,  148,   3.1,   1.2
02-Jan-2022 20:00, 0.524,  24.0,  21.5, 1009.6, 0.010,-0.028,  152,   3.6,   2.2
02-Jan-2022 21:00, 0.457,  23.9,  20.1, 1009.9, 0.040, 0.003,  105,   2.9,   0.5
02-Jan-2022 22:00, 0.393,  23.9,  20.3, 1010.6, 0.028,-0.005,   97,   2.4,   0.8
02-Jan-2022 23:00, 0.385,  23.8,  21.6, 1011.0, 0.029, 0.003,   96,   3.0,   0.9
03-Jan-2022 00:00, 0.422,  23.8,  22.8, 1011.2, 0.028, 0.006,  102,   4.2,   1.5
03-Jan-2022 01:00, 0.520,  23.8,  22.7, 1011.1, 0.056, 0.035,  209,   4.9,   2.9
03-Jan-2022 02:00, 0.618,  23.8,  22.5, 1010.9, 0.065, 0.044,  210,   6.0,   3.2
03-Jan-2022 03:00, 0.682,  23.9,  22.8, 1010.9, 0.047, 0.023,  202,   6.7,   3.3
03-Jan-2022 04:00, 0.757,  23.9,  23.6, 1011.1, 0.065, 0.042,  205,   5.9,   3.3
03-Jan-2022 05:00, 0.797,  23.9,  23.5, 1010.7, 0.060, 0.038,  208,   7.7,   4.0
03-Jan-2022 06:00, 0.828,  23.9,  24.0, 1010.3, 0.041, 0.015,  210,   7.8,   2.9
03-Jan-2022 07:00, 0.928,  24.0,  23.8, 1010.3, 0.067, 0.038,  204,   7.0,   3.6
03-Jan-2022 08:00, 0.995,  24.1,  23.7, 1009.8, 0.047, 0.017,  204,   8.2,   4.0
03-Jan-2022 09:00, 1.100,  24.1,  23.4, 1010.0, 0.060, 0.026,  204,   8.1,   4.9
03-Jan-2022 10:00, 1.191,  24.1,  23.3, 1010.2, 0.053, 0.021,  203,   8.7,   4.6
03-Jan-2022 11:00, 1.278,  24.1,  23.9, 1010.4, 0.058, 0.028,  193,   7.4,   2.0
03-Jan-2022 12:00, 1.344,  24.1,  23.5, 1010.7, 0.064, 0.036,  196,   6.9,   2.5
03-Jan-2022 13:00, 1.373,  24.1,  23.3, 1010.9, 0.065, 0.040,  197,   5.8,   1.9
03-Jan-2022 14:00, 1.387,  24.1,  23.3, 1011.2, 0.085, 0.062,  192,   5.6,   1.8
03-Jan-2022 15:00, 1.332,  24.1,  23.9, 1011.4, 0.069, 0.048,   99,   4.0,   0.6
03-Jan-2022 16:00, 1.240,  24.1,  25.0, 1012.0, 0.064, 0.046,   89,   8.2,   3.6
03-Jan-2022 17:00, 1.094,  24.1,  23.1, 1012.5, 0.043, 0.031,   97,   7.2,   3.5
03-Jan-2022 18:00, 0.941,  24.1,  21.5, 1012.4, 0.039, 0.032,   87,   6.9,   3.2
03-Jan-2022 19:00, 0.809,  24.1,  20.7, 1012.6, 0.053, 0.045,  109,   7.0,   1.9
03-Jan-2022 20:00, 0.665,  24.0,  20.3, 1013.3, 0.040, 0.034,  111,   5.8,   1.3
03-Jan-2022 21:00, 0.561,  24.0,  19.9, 1013.9, 0.055, 0.056,   94,   6.7,   2.1
03-Jan-2022 22:00, 0.471,  24.0,  20.0, 1014.5, 0.045, 0.052,  109,   5.8,   1.3
03-Jan-2022 23:00, 0.419,  23.9,  20.9, 1015.2, 0.031, 0.044,  100,   6.3,   2.1
04-Jan-2022 00:00, 0.422,  23.9,  22.0, 1015.2, 0.029, 0.049,  118,   7.2,   2.2
04-Jan-2022 01:00, 0.467,  23.9,  24.5, 1015.0, 0.030, 0.049,  101,   6.6,   1.2
04-Jan-2022 02:00, 0.566,  23.9,  26.2, 1014.8, 0.060, 0.077,  111,   6.1,   2.0
04-Jan-2022 03:00, 0.630,  23.9,  27.1, 1014.5, 0.042, 0.058,  162,   6.2,   2.2
04-Jan-2022 04:00, 0.706,  23.9,  25.0, 1014.0, 0.052, 0.064,  219,   6.2,   3.9
04-Jan-2022 05:00, 0.776,  24.0,  25.1, 1013.3, 0.074, 0.080,  217,   7.7,   4.1
04-Jan-2022 06:00, 0.787,  24.0,  25.6, 1012.6, 0.045, 0.044,  216,   7.1,   4.1
04-Jan-2022 07:00, 0.861,  24.1,  25.6, 1012.1, 0.065, 0.058,  204,   7.9,   4.3
04-Jan-2022 08:00, 0.944,  24.2,  26.1, 1011.8, 0.066, 0.054,  196,   7.9,   2.1
04-Jan-2022 09:00, 1.033,  24.4,  26.0, 1011.7, 0.069, 0.054,  193,   5.6,   2.1
04-Jan-2022 10:00, 1.115,  24.3,  25.7, 1011.7, 0.063, 0.047,  184,   5.1,   1.7
04-Jan-2022 11:00, 1.223,  24.3,  24.7, 1011.9, 0.086, 0.071,  188,   7.4,   2.0
04-Jan-2022 12:00, 1.276,  24.3,  24.5, 1012.1, 0.074, 0.061,  173,   5.4,   1.4
04-Jan-2022 13:00, 1.328,  24.3,  29.1, 1012.5, 0.085, 0.074,  100,   3.9,   1.7
04-Jan-2022 14:00, 1.342,  24.3,  28.8, 1012.8, 0.087, 0.080,   98,   8.4,   2.5
04-Jan-2022 15:00, 1.311,  24.2,  26.6, 1013.0, 0.068, 0.064,   93,  10.2,   2.9
04-Jan-2022 16:00, 1.271,  24.1,  24.1, 1013.2, 0.073, 0.071,   85,  10.0,   5.2
04-Jan-2022 17:00, 1.190,  24.1,  22.3, 1013.4, 0.077, 0.078,   85,  11.6,   4.7
04-Jan-2022 18:00, 1.064,  24.1,  20.9, 1012.9, 0.070, 0.071,   82,  11.4,   6.0
04-Jan-2022 19:00, 0.908,  24.0,  20.3, 1012.8, 0.051, 0.048,   84,  11.5,   5.6
04-Jan-2022 20:00, 0.795,  24.0,  19.8, 1012.6, 0.064, 0.059,   82,  11.2,   6.0
04-Jan-2022 21:00, 0.691,  23.9,  19.6, 1013.0, 0.072, 0.066,   83,  11.8,   5.8
04-Jan-2022 22:00, 0.591,  23.9,  19.7, 1013.9, 0.065, 0.063,   96,  12.0,   2.3
04-Jan-2022 23:00, 0.544,  23.9,  20.5, 1014.0, 0.075, 0.082,   81,   8.4,   4.6
05-Jan-2022 00:00, 0.513,  23.9,  22.5, 1013.9, 0.064, 0.071,   92,   7.5,   2.4
05-Jan-2022 01:00, 0.534,  23.8,  24.3, 1013.5, 0.067, 0.073,   90,   6.0,   3.1
05-Jan-2022 02:00, 0.597,  23.9,  26.8, 1013.0, 0.089, 0.091,   71,   7.7,   2.2
05-Jan-2022 03:00, 0.645,  23.9,  28.1, 1012.6, 0.076, 0.073,   88,   7.4,   2.6
05-Jan-2022 04:00, 0.710,  24.0,  30.6, 1012.0, 0.074, 0.067,  159,   5.3,   0.8
05-Jan-2022 05:00, 0.788,  24.1,  26.6, 1011.2, 0.102, 0.088,  232,   5.5,   3.6
05-Jan-2022 06:00, 0.849,  24.2,  25.3, 1010.9, 0.122, 0.101,  206,   7.7,   3.7
05-Jan-2022 07:00, 0.854,  24.2,  25.5, 1010.8, 0.089, 0.066,  202,   6.8,   2.8
05-Jan-2022 08:00, 0.897,  24.2,  24.8, 1010.5, 0.075, 0.051,  200,   6.7,   3.1
05-Jan-2022 09:00, 1.020,  24.3,  24.7, 1010.1, 0.118, 0.090,  196,   7.4,   3.0
05-Jan-2022 10:00, 1.070,  24.3,  24.1, 1010.5, 0.092, 0.061,  196,   7.2,   3.3
05-Jan-2022 11:00, 1.131,  24.2,  23.4, 1010.9, 0.078, 0.051,  195,   6.5,   2.7
05-Jan-2022 12:00, 1.215,  24.3,  23.2, 1011.1, 0.101, 0.078,  195,   6.6,   2.3
05-Jan-2022 13:00, 1.265,  24.3,  23.3, 1011.4, 0.106, 0.085,  200,   6.0,   2.7
05-Jan-2022 14:00, 1.258,  24.3,  23.2, 1011.2, 0.080, 0.062,  199,   5.8,   2.8
05-Jan-2022 15:00, 1.307,  24.3,  23.0, 1011.2, 0.131, 0.112,  198,   6.1,   2.5
05-Jan-2022 16:00, 1.274,  24.2,  23.1, 1010.7, 0.116, 0.095,  193,   5.8,   1.8
05-Jan-2022 17:00, 1.220,  24.3,  23.0, 1010.5, 0.112, 0.086,  197,   4.6,   2.3
05-Jan-2022 18:00, 1.174,  24.3,  22.9, 1010.0, 0.144, 0.116,  194,   3.7,   1.2
05-Jan-2022 19:00, 1.045,  24.3,  22.4, 1009.8, 0.122, 0.090,  147,   3.0,   0.9
05-Jan-2022 20:00, 0.912,  24.3,  22.0, 1010.0, 0.107, 0.073,  139,   2.2,   0.4
05-Jan-2022 21:00, 0.847,  24.2,  22.0, 1010.4, 0.138, 0.106,  134,   2.2,   0.4
05-Jan-2022 22:00, 0.751,  24.2,  21.8, 1010.9, 0.124, 0.096,   95,   2.2,   0.2
05-Jan-2022 23:00, 0.687,  24.2,  23.6, 1011.3, 0.118, 0.095,  165,   2.2,   0.7
06-Jan-2022 00:00, 0.663,  24.2,  23.6, 1011.7, 0.124, 0.106,  217,   3.1,   1.9
06-Jan-2022 01:00, 0.648,  24.2,  24.4, 1011.7, 0.109, 0.093,  213,   4.3,   2.3
06-Jan-2022 02:00, 0.677,  24.2,  24.8, 1011.7, 0.117, 0.102,  213,   4.5,   2.4
06-Jan-2022 03:00, 0.707,  24.3,  25.3, 1011.5, 0.112, 0.097,  206,   4.8,   2.2
06-Jan-2022 04:00, 0.739,  24.3,  24.7, 1011.3, 0.092, 0.075,  216,   6.1,   3.7
06-Jan-2022 05:00, 0.799,  24.3,  24.6, 1010.8, 0.103, 0.083,  218,   5.7,   3.5
06-Jan-2022 06:00, 0.843,  24.4,  24.7, 1010.5, 0.107, 0.083,  211,   5.9,   3.3
06-Jan-2022 07:00, 0.871,  24.5,  24.9, 1010.2, 0.099, 0.071,  208,   6.3,   3.5
06-Jan-2022 08:00, 0.900,  24.5,  24.9, 1009.8, 0.095, 0.064,  204,   6.4,   3.5
06-Jan-2022 09:00, 0.960,  24.5,  25.1, 1009.4, 0.099, 0.064,  201,   7.6,   2.6
06-Jan-2022 10:00, 1.002,  24.5,  25.5, 1009.3, 0.075, 0.036,  195,   6.0,   2.7
06-Jan-2022 11:00, 1.068,  24.5,  24.8, 1009.8, 0.079, 0.040,  202,   6.1,   3.2
06-Jan-2022 12:00, 1.122,  24.5,  24.5, 1010.1, 0.084, 0.050,  199,   6.1,   2.7
06-Jan-2022 13:00, 1.161,  24.5,  24.3, 1010.2, 0.087, 0.056,  189,   5.8,   1.8
06-Jan-2022 14:00, 1.160,  24.5,  24.4, 1010.3, 0.063, 0.033,  172,   4.0,   1.2
06-Jan-2022 15:00, 1.155,  24.5,  25.0, 1010.7, 0.063, 0.034,  198,   2.8,   0.6
06-Jan-2022 16:00, 1.131,  24.5,  27.5, 1011.0, 0.051, 0.026,   98,   7.3,   1.9
06-Jan-2022 17:00, 1.092,  24.5,  25.8, 1011.0, 0.037, 0.015,   96,   6.7,   1.8
06-Jan-2022 18:00, 1.053,  24.5,  24.4, 1010.9, 0.049, 0.026,  101,   7.7,   2.1
06-Jan-2022 19:00, 0.974,  24.5,  23.7, 1011.3, 0.040, 0.017,  115,   6.9,   2.4
06-Jan-2022 20:00, 0.864,  24.5,  22.6, 1011.5, 0.021, 0.001,   99,   6.8,   1.9
06-Jan-2022 21:00, 0.787,  24.6,  21.9, 1011.9, 0.032, 0.014,  109,   7.4,   1.9
06-Jan-2022 22:00, 0.724,  24.5,  21.4, 1012.7, 0.032, 0.019,  130,   5.7,   1.7
06-Jan-2022 23:00, 0.654,  24.5,  22.3, 1012.8, 0.002,-0.003,  115,   6.2,   1.6
07-Jan-2022 00:00, 0.632,  24.5,  24.3, 1013.0, 0.003,-0.001,  101,   5.6,   2.0
07-Jan-2022 01:00, 0.650,  24.5,  27.0, 1012.7, 0.027, 0.024,   77,   7.2,   3.0
07-Jan-2022 02:00, 0.668,  24.5,  29.3, 1012.4, 0.028, 0.023,   75,   7.4,   3.4
07-Jan-2022 03:00, 0.694,  24.4,  31.4, 1011.6, 0.035, 0.026,   91,   6.8,   2.7
07-Jan-2022 04:00, 0.742,  24.5,  33.8, 1011.2, 0.054, 0.038,  131,   6.5,   1.5
07-Jan-2022 05:00, 0.768,  24.5,  26.8, 1010.6, 0.036, 0.015,  215,   6.7,   3.5
07-Jan-2022 06:00, 0.831,  24.6,  26.9, 1010.2, 0.062, 0.035,  191,   8.0,   2.1
07-Jan-2022 07:00, 0.849,  24.7,  27.3, 1009.8, 0.047, 0.016,  180,   5.5,   1.4
07-Jan-2022 08:00, 0.885,  24.7,  27.3, 1009.3, 0.053, 0.018,  184,   4.8,   1.8
07-Jan-2022 09:00, 0.923,  24.8,  26.8, 1009.0, 0.062, 0.022,  191,   5.0,   1.8
07-Jan-2022 10:00, 0.955,  24.7,  26.2, 1008.9, 0.050, 0.008,  189,   4.5,   1.8
07-Jan-2022 11:00, 1.003,  24.6,  25.3, 1009.2, 0.052, 0.010,  186,   5.9,   2.3
07-Jan-2022 12:00, 1.038,  24.6,  24.8, 1009.3, 0.047, 0.007,  186,   5.7,   1.9
07-Jan-2022 13:00, 1.063,  24.7,  24.7, 1009.5, 0.053, 0.014,  176,   6.0,   1.1
07-Jan-2022 14:00, 1.063,  24.6,  24.7, 1009.4, 0.040, 0.002,  187,   4.8,   1.1
07-Jan-2022 15:00, 1.054,  24.6,  24.3, 1009.0, 0.034,-0.004,  170,   3.1,   1.5
07-Jan-2022 16:00, 1.079,  24.6,  25.9, 1008.3, 0.082, 0.038,  115,   2.9,   1.0
07-Jan-2022 17:00, 1.020,  24.6,  27.7, 1007.9, 0.044,-0.005,   92,   6.5,   2.1
07-Jan-2022 18:00, 1.007,  24.6,  26.5, 1007.3, 0.062, 0.008,   87,   7.3,   3.2
07-Jan-2022 19:00, 0.958,  24.6,  24.8, 1007.8, 0.063, 0.004,  174,   6.6,   0.7
07-Jan-2022 20:00, 0.874,  24.5,  24.2, 1007.3, 0.037,-0.018,   94,   4.6,   1.7
07-Jan-2022 21:00, 0.856,  24.5,  23.2, 1007.6, 0.088, 0.029,  162,   3.7,   1.5
07-Jan-2022 22:00, 0.794,  24.5,  22.5, 1008.0, 0.078, 0.022,  163,   3.2,   1.6
07-Jan-2022 23:00, 0.754,  24.5,  23.6, 1008.0, 0.063, 0.010,  135,   4.2,   1.6
08-Jan-2022 00:00, 0.783,  24.5,  25.3, 1008.2, 0.092, 0.040,  171,   3.5,   1.5
08-Jan-2022 01:00, 0.760,  24.5,  24.4, 1007.9, 0.063, 0.012,  196,   5.6,   2.2
08-Jan-2022 02:00, 0.812,  24.6,  23.9, 1008.0, 0.100, 0.048,  207,   7.9,   4.2
08-Jan-2022 03:00, 0.802,  24.6,  26.1, 1007.5, 0.065, 0.012,  173,   7.7,   1.7
08-Jan-2022 04:00, 0.861,  24.6,  23.7, 1007.8, 0.107, 0.050,  215,  10.2,   5.5
08-Jan-2022 05:00, 0.870,  24.6,  22.6, 1007.7, 0.086, 0.032,  206,  11.7,   5.8
08-Jan-2022 06:00, 0.907,  24.6,  22.8, 1007.7, 0.085, 0.029,  208,  10.6,   5.7
08-Jan-2022 07:00, 0.951,  24.8,  23.0, 1007.9, 0.099, 0.044,  208,  10.3,   6.1
08-Jan-2022 08:00, 0.940,  24.9,  23.1, 1007.8, 0.059, 0.006,  204,  13.6,   7.1
08-Jan-2022 09:00, 0.990,  24.9,  22.7, 1008.1, 0.089, 0.035,  206,  13.4,   6.7
08-Jan-2022 10:00, 0.984,  24.9,  22.3, 1008.6, 0.065, 0.015,  205,  12.5,   6.8
08-Jan-2022 11:00, 0.989,  24.9,  22.3, 1009.0, 0.047, 0.001,  204,  12.8,   7.0
08-Jan-2022 12:00, 1.009,  24.9,  22.6, 1009.8, 0.043, 0.001,  203,  12.6,   7.7
08-Jan-2022 13:00, 1.039,  24.8,  21.9, 1010.4, 0.063, 0.030,  203,  13.1,   8.2
08-Jan-2022 14:00, 0.992,  24.8,  21.7, 1010.8, 0.023,-0.004,  198,  12.9,   5.4
08-Jan-2022 15:00, 0.989,  24.8,  21.2, 1011.1, 0.028, 0.004,  198,  11.9,   5.3
08-Jan-2022 16:00, 0.958,  24.7,  21.0, 1011.8, 0.023, 0.002,  194,   9.9,   4.3
08-Jan-2022 17:00, 0.898,  24.6,  20.0, 1012.2,-0.002,-0.016,  177,   9.0,   4.4
08-Jan-2022 18:00, 0.834,  24.6,  19.4, 1012.7,-0.040,-0.050,  178,  10.1,   3.8
08-Jan-2022 19:00, 0.793,  24.5,  18.9, 1013.1,-0.045,-0.050,  179,   9.9,   3.9
08-Jan-2022 20:00, 0.746,  24.4,  18.5, 1013.5,-0.049,-0.050,  171,  10.2,   4.4
08-Jan-2022 21:00, 0.711,  24.4,  18.1, 1014.2,-0.040,-0.037,  176,   9.6,   3.8
08-Jan-2022 22:00, 0.665,  24.3,  17.7, 1015.3,-0.046,-0.036,  169,   7.2,   3.1
08-Jan-2022 23:00, 0.634,  24.2,  18.2, 1016.0,-0.061,-0.040,  158,   7.2,   3.1
09-Jan-2022 00:00, 0.646,  24.2,  18.8, 1016.3,-0.063,-0.035,  164,   7.9,   4.3
09-Jan-2022 01:00, 0.673,  24.1,  19.4, 1016.1,-0.066,-0.036,  180,   8.4,   2.0
09-Jan-2022 02:00, 0.701,  24.1,  20.1, 1015.6,-0.062,-0.034,  192,   7.2,   2.3
09-Jan-2022 03:00, 0.742,  24.1,  20.7, 1015.6,-0.052,-0.028,  212,   7.6,   4.1
09-Jan-2022 04:00, 0.788,  24.1,  20.3, 1015.4,-0.035,-0.013,  215,   7.9,   5.1
09-Jan-2022 05:00, 0.809,  24.0,  20.3, 1015.2,-0.034,-0.012,  214,   9.7,   6.0
09-Jan-2022 06:00, 0.833,  24.0,  21.0, 1014.6,-0.044,-0.025,  207,  10.0,   5.5
09-Jan-2022 07:00, 0.880,  24.1,  21.2, 1014.4,-0.033,-0.020,  210,  11.9,   5.2
09-Jan-2022 08:00, 0.895,  24.1,  21.4, 1014.2,-0.044,-0.033,  208,   9.8,   6.2
09-Jan-2022 09:00, 0.918,  24.2,  21.1, 1013.8,-0.041,-0.032,  206,   9.7,   6.0
09-Jan-2022 10:00, 0.944,  24.2,  21.2, 1014.2,-0.021,-0.016,  205,  10.2,   5.9
09-Jan-2022 11:00, 0.920,  24.1,  21.1, 1014.6,-0.045,-0.035,  196,  11.0,   4.4
09-Jan-2022 12:00, 0.925,  24.1,  21.5, 1014.9,-0.039,-0.025,  194,  10.0,   4.3
09-Jan-2022 13:00, 0.929,  24.1,  21.7, 1015.5,-0.034,-0.017,  189,   9.0,   3.4
09-Jan-2022 14:00, 0.881,  24.0,  21.5, 1015.7,-0.060,-0.037,  160,   8.4,   3.3
09-Jan-2022 15:00, 0.851,  24.0,  20.6, 1015.5,-0.063,-0.039,  154,   4.7,   2.5
09-Jan-2022 16:00, 0.827,  24.0,  20.5, 1015.7,-0.062,-0.040,  125,   4.7,   1.3
09-Jan-2022 17:00, 0.765,  23.9,  20.5, 1015.8,-0.084,-0.059,   90,   7.3,   2.8
09-Jan-2022 18:00, 0.719,  23.9,  19.2, 1016.0,-0.090,-0.065,   85,  12.2,   4.8
09-Jan-2022 19:00, 0.684,  23.8,  18.3, 1016.4,-0.094,-0.067,   84,  10.8,   3.7
09-Jan-2022 20:00, 0.633,  23.7,  17.7, 1016.6,-0.112,-0.080,   89,   8.5,   4.1
09-Jan-2022 21:00, 0.626,  23.6,  17.2, 1017.4,-0.089,-0.054,   86,   9.0,   3.9
09-Jan-2022 22:00, 0.599,  23.6,  17.0, 1017.9,-0.093,-0.051,   82,   7.5,   4.1
09-Jan-2022 23:00, 0.572,  23.5,  17.9, 1018.5,-0.112,-0.065,   87,   9.4,   4.4
10-Jan-2022 00:00, 0.596,  23.4,  19.3, 1018.8,-0.103,-0.051,   88,   9.3,   4.1
10-Jan-2022 01:00, 0.645,  23.4,  20.5, 1018.8,-0.099,-0.044,   80,   7.4,   3.9
10-Jan-2022 02:00, 0.720,  23.4,  22.0, 1018.7,-0.069,-0.013,   95,   8.1,   3.0
10-Jan-2022 03:00, 0.725,  23.4,  23.6, 1018.1,-0.098,-0.044,   90,   7.4,   1.6
10-Jan-2022 04:00, 0.791,  23.4,  25.1, 1017.4,-0.074,-0.026,  105,   6.9,   1.9
10-Jan-2022 05:00, 0.831,  23.4,  26.1, 1016.7,-0.066,-0.025,  155,   5.5,   1.9
10-Jan-2022 06:00, 0.857,  23.4,  23.8, 1016.0,-0.069,-0.036,  201,   7.6,   3.6
10-Jan-2022 07:00, 0.901,  23.5,  23.3, 1015.7,-0.065,-0.038,  215,   9.1,   4.4
10-Jan-2022 08:00, 0.959,  23.5,  22.6, 1015.5,-0.040,-0.016,  208,   8.6,   5.2
10-Jan-2022 09:00, 0.960,  23.5,  22.6, 1015.2,-0.060,-0.038,  203,  10.0,   4.7
10-Jan-2022 10:00, 0.961,  23.7,  22.6, 1015.2,-0.063,-0.044,  198,   7.8,   3.3
10-Jan-2022 11:00, 0.953,  23.7,  22.4, 1015.6,-0.059,-0.040,  194,   7.0,   2.8
10-Jan-2022 12:00, 0.913,  23.6,  22.6, 1015.8,-0.075,-0.051,  187,   6.4,   1.8
10-Jan-2022 13:00, 0.910,  23.6,  22.5, 1015.8,-0.054,-0.028,  191,   4.6,   1.4
10-Jan-2022 14:00, 0.871,  23.6,  22.7, 1015.9,-0.064,-0.039,  187,   4.1,   1.3
10-Jan-2022 15:00, 0.826,  23.5,  22.0, 1015.5,-0.064,-0.038,   96,   3.9,   0.2
10-Jan-2022 16:00, 0.788,  23.5,  23.3, 1014.9,-0.062,-0.040,   93,   6.6,   3.1
10-Jan-2022 17:00, 0.740,  23.5,  21.6, 1014.7,-0.071,-0.055,   83,   9.5,   5.7
10-Jan-2022 18:00, 0.690,  23.4,  20.3, 1014.5,-0.074,-0.060,   80,  10.9,   5.2
10-Jan-2022 19:00, 0.652,  23.3,  19.6, 1014.5,-0.075,-0.062,   79,  10.4,   6.4
10-Jan-2022 20:00, 0.629,  23.3,  19.0, 1014.8,-0.070,-0.057,   77,  11.3,   6.0
10-Jan-2022 21:00, 0.598,  23.2,  18.4, 1015.1,-0.078,-0.062,   79,   9.5,   5.1
10-Jan-2022 22:00, 0.624,  23.1,  18.2, 1015.5,-0.041,-0.023,   80,  10.0,   5.3
10-Jan-2022 23:00, 0.606,  23.1,  19.2, 1015.4,-0.063,-0.040,   79,  11.0,   5.6
11-Jan-2022 00:00, 0.619,  23.0,  21.6, 1015.1,-0.069,-0.048,   75,  10.7,   6.0
11-Jan-2022 01:00, 0.678,  23.0,  24.4, 1015.7,-0.050,-0.031,  103,  12.5,   1.6
11-Jan-2022 02:00, 0.757,  23.0,  26.7, 1015.3,-0.030,-0.006,   68,   8.6,   4.0
11-Jan-2022 03:00, 0.793,  23.0,  29.0, 1014.4,-0.041,-0.021,   87,   6.6,   2.6
11-Jan-2022 04:00, 0.842,  23.1,  30.5, 1013.8,-0.034,-0.023,  118,   5.7,   1.6
11-Jan-2022 05:00, 0.907,  23.1,  25.4, 1013.4,-0.016,-0.011,  205,   7.1,   3.7
11-Jan-2022 06:00, 0.921,  23.1,  25.4, 1013.1,-0.043,-0.041,  204,   7.5,   4.6
11-Jan-2022 07:00, 0.976,  23.2,  26.4, 1012.4,-0.029,-0.031,  197,   6.9,   2.8
11-Jan-2022 08:00, 1.028,  23.3,  26.5, 1012.2,-0.019,-0.028,  193,   6.6,   2.6
11-Jan-2022 09:00, 1.048,  23.4,  25.4, 1011.8,-0.028,-0.039,  194,   7.3,   2.8
11-Jan-2022 10:00, 1.065,  23.4,  25.3, 1011.6,-0.019,-0.034,  188,   5.9,   2.0
11-Jan-2022 11:00, 1.071,  23.4,  24.6, 1011.7, 0.001,-0.015,  186,   5.9,   2.2
11-Jan-2022 12:00, 1.017,  23.4,  23.7, 1012.0,-0.017,-0.033,  184,   6.4,   2.4
11-Jan-2022 13:00, 0.975,  23.5,  23.5, 1012.4,-0.008,-0.020,  177,   5.3,   2.0
11-Jan-2022 14:00, 0.928,  23.4,  23.4, 1012.4,-0.009,-0.018,  186,   4.5,   1.1
11-Jan-2022 15:00, 0.876,  23.5,  23.2, 1012.3,-0.008,-0.017,  179,   2.6,   0.8
11-Jan-2022 16:00, 0.829,  23.5,  23.0, 1012.0, 0.004,-0.005,  166,   2.6,   0.9
11-Jan-2022 17:00, 0.796,  23.5,  23.0, 1011.5, 0.020, 0.007,  161,   2.9,   1.4
11-Jan-2022 18:00, 0.759,  23.4,  22.5, 1010.7, 0.027, 0.009,  159,   3.0,   1.1
11-Jan-2022 19:00, 0.738,  23.4,  22.3, 1010.1, 0.050, 0.024,  121,   2.2,   0.3
11-Jan-2022 20:00, 0.692,  23.4,  24.2, 1010.0, 0.034, 0.003,  136,   4.8,   0.6
11-Jan-2022 21:00, 0.695,  23.4,  23.4, 1009.8, 0.053, 0.021,  174,   3.2,   0.5
11-Jan-2022 22:00, 0.693,  23.4,  23.5, 1010.1, 0.055, 0.021,  174,   3.5,   1.3
11-Jan-2022 23:00, 0.685,  23.3,  24.1, 1010.7, 0.035, 0.004,  183,   4.0,   1.2
12-Jan-2022 00:00, 0.723,  23.2,  24.1, 1011.0, 0.045, 0.020,  208,   2.9,   1.6
12-Jan-2022 01:00, 0.757,  23.2,  24.3, 1010.8, 0.042, 0.019,  227,   4.1,   2.9
12-Jan-2022 02:00, 0.807,  23.3,  24.5, 1010.9, 0.038, 0.014,  218,   5.3,   2.6
12-Jan-2022 03:00, 0.858,  23.3,  24.5, 1010.9, 0.031, 0.008,  224,   4.9,   3.7
12-Jan-2022 04:00, 0.902,  23.4,  24.5, 1010.8, 0.028, 0.005,  224,   5.2,   3.0
12-Jan-2022 05:00, 0.933,  23.4,  24.2, 1010.8, 0.011,-0.013,  238,   5.8,   3.8
12-Jan-2022 06:00, 1.005,  23.4,  23.5, 1011.3, 0.030, 0.006,  248,   7.0,   4.8
12-Jan-2022 07:00, 1.021,  23.5,  23.0, 1011.9,-0.006,-0.025,  252,   8.7,   6.8
12-Jan-2022 08:00, 1.091,  23.8,  22.9, 1011.8, 0.015, 0.002,  244,   8.7,   5.7
12-Jan-2022 09:00, 1.146,  23.9,  22.7, 1011.9, 0.029, 0.014,  243,   8.3,   5.0
12-Jan-2022 10:00, 1.149,  23.8,  22.9, 1012.3, 0.014, 0.001,  236,   6.7,   4.7
12-Jan-2022 11:00, 1.149,  23.7,  22.4, 1012.8, 0.024, 0.015,  220,   6.2,   3.6
12-Jan-2022 12:00, 1.116,  23.7,  22.2, 1013.5, 0.027, 0.023,  218,   7.3,   4.3
12-Jan-2022 13:00, 1.035,  23.8,  21.8, 1014.1, 0.008, 0.011,  210,   7.6,   4.2
12-Jan-2022 14:00, 0.956,  23.7,  21.6, 1014.5, 0.000, 0.010,  215,   7.3,   4.7
12-Jan-2022 15:00, 0.928,  23.7,  21.6, 1014.2, 0.040, 0.052,  205,   7.8,   3.2
12-Jan-2022 16:00, 0.833,  23.8,  21.4, 1013.9, 0.016, 0.026,  218,   8.6,   4.4
12-Jan-2022 17:00, 0.785,  23.8,  21.3, 1013.2, 0.034, 0.040,  202,   8.5,   3.2
12-Jan-2022 18:00, 0.752,  23.8,  21.2, 1012.9, 0.052, 0.051,  205,   5.9,   3.0
12-Jan-2022 19:00, 0.694,  23.7,  21.3, 1012.7, 0.037, 0.033,  207,   6.6,   3.3
12-Jan-2022 20:00, 0.650,  23.7,  21.2, 1012.7, 0.026, 0.021,  219,   7.7,   4.6
12-Jan-2022 21:00, 0.668,  23.6,  21.3, 1013.2, 0.060, 0.055,  211,   7.1,   4.4
12-Jan-2022 22:00, 0.652,  23.5,  21.4, 1013.7, 0.041, 0.041,  213,   6.9,   3.6
12-Jan-2022 23:00, 0.662,  23.6,  21.4, 1014.2, 0.031, 0.036,  209,   7.1,   3.5
13-Jan-2022 00:00, 0.686,  23.6,  21.3, 1014.9, 0.018, 0.029,  201,   5.9,   3.3
13-Jan-2022 01:00, 0.725,  23.7,  21.8, 1015.0, 0.015, 0.032,  214,   6.2,   3.5
13-Jan-2022 02:00, 0.774,  23.7,  21.9, 1015.0, 0.020, 0.037,  213,   6.2,   3.0
13-Jan-2022 03:00, 0.806,  23.7,  22.1, 1014.8,-0.002, 0.015,  202,   6.3,   2.9
13-Jan-2022 04:00, 0.858,  23.7,  22.5, 1014.3,-0.002, 0.013,  208,   6.5,   2.6
13-Jan-2022 05:00, 0.922,  23.7,  22.7, 1013.9, 0.014, 0.024,  213,   6.1,   3.2
13-Jan-2022 06:00, 0.955,  23.8,  22.7, 1013.6,-0.008,-0.002,  218,   7.9,   4.2
13-Jan-2022 07:00, 1.030,  23.8,  22.6, 1013.2, 0.004, 0.007,  218,   7.8,   4.9
13-Jan-2022 08:00, 1.122,  23.8,  22.7, 1012.9, 0.034, 0.033,  214,   8.1,   4.0
13-Jan-2022 09:00, 1.156,  23.8,  22.3, 1012.7, 0.016, 0.012,  222,   8.3,   5.9
13-Jan-2022 10:00, 1.213,  23.8,  22.5, 1013.0, 0.040, 0.035,  211,   9.1,   4.2
13-Jan-2022 11:00, 1.213,  23.8,  22.2, 1013.4, 0.038, 0.037,  211,   8.2,   3.7
13-Jan-2022 12:00, 1.164,  23.8,  21.8, 1013.4, 0.020, 0.021,  212,   7.4,   4.6
13-Jan-2022 13:00, 1.162,  23.8,  22.0, 1013.8, 0.080, 0.081,  206,   8.3,   4.3
13-Jan-2022 14:00, 1.034,  23.9,  22.1, 1013.8, 0.036, 0.042,  203,   9.7,   4.7
13-Jan-2022 15:00, 0.956,  23.9,  22.3, 1013.2, 0.049, 0.054,  194,   8.8,   3.1
13-Jan-2022 16:00, 0.915,  23.8,  22.2, 1012.5, 0.093, 0.092,  193,   7.7,   2.7
13-Jan-2022 17:00, 0.784,  23.9,  22.0, 1012.2, 0.040, 0.033,  172,   6.4,   2.0
13-Jan-2022 18:00, 0.744,  23.8,  21.6, 1011.5, 0.067, 0.056,  173,   4.9,   1.6
13-Jan-2022 19:00, 0.678,  23.9,  21.4, 1011.3, 0.050, 0.032,  158,   4.3,   2.4
13-Jan-2022 20:00, 0.643,  23.9,  20.9, 1011.3, 0.049, 0.030,  159,   4.2,   2.1
13-Jan-2022 21:00, 0.611,  23.8,  20.9, 1011.9, 0.035, 0.016,  153,   4.4,   2.6
13-Jan-2022 22:00, 0.607,  23.8,  20.4, 1012.8, 0.025, 0.012,  153,   4.2,   2.2
13-Jan-2022 23:00, 0.616,  23.8,  21.4, 1013.2, 0.007, 0.003,  165,   4.4,   2.5
14-Jan-2022 00:00, 0.643,  23.8,  22.6, 1013.4,-0.008,-0.008,  192,   4.3,   1.8
14-Jan-2022 01:00, 0.700,  23.8,  22.5, 1013.3,-0.001, 0.000,  202,   5.4,   2.4
14-Jan-2022 02:00, 0.755,  23.9,  22.6, 1013.1, 0.007, 0.008,  206,   5.5,   3.2
14-Jan-2022 03:00, 0.771,  23.9,  23.0, 1012.9,-0.019,-0.021,  213,   6.5,   3.0
14-Jan-2022 04:00, 0.846,  23.9,  22.9, 1012.7, 0.010, 0.006,  215,   6.9,   4.2
14-Jan-2022 05:00, 0.871,  23.8,  23.3, 1011.9,-0.015,-0.021,  214,   8.4,   4.9
14-Jan-2022 06:00, 0.934,  23.9,  23.1, 1011.4,-0.007,-0.020,  204,   9.2,   5.4
14-Jan-2022 07:00, 0.992,  23.9,  22.7, 1011.0,-0.013,-0.032,  205,   9.1,   4.6
14-Jan-2022 08:00, 1.055,  24.0,  22.6, 1010.6,-0.023,-0.046,  202,   9.5,   5.2
14-Jan-2022 09:00, 1.132,  24.1,  22.6, 1010.4,-0.011,-0.038,  203,   9.7,   5.3
14-Jan-2022 10:00, 1.180,  24.1,  22.9, 1010.5,-0.013,-0.041,  204,   9.2,   4.2
14-Jan-2022 11:00, 1.209,  24.2,  22.4, 1010.6,-0.002,-0.029,  203,   9.6,   5.5
14-Jan-2022 12:00, 1.175,  24.2,  22.1, 1011.0,-0.018,-0.044,  201,   9.2,   4.1
14-Jan-2022 13:00, 1.149,  24.2,  22.0, 1011.2, 0.009,-0.013,  201,   9.1,   4.4
14-Jan-2022 14:00, 1.059,  24.2,  21.8, 1011.3, 0.003,-0.017,  193,   7.9,   2.6
14-Jan-2022 15:00, 0.959,  24.2,  22.3, 1010.8, 0.006,-0.013,  197,   6.8,   3.0
14-Jan-2022 16:00, 0.864,  24.1,  22.5, 1010.1, 0.018,-0.007,  170,   6.9,   2.8
14-Jan-2022 17:00, 0.754,  24.1,  21.6, 1009.5, 0.002,-0.031,  176,   5.6,   2.1
14-Jan-2022 18:00, 0.691,  24.1,  20.9, 1009.2, 0.019,-0.019,  173,   5.4,   2.2
14-Jan-2022 19:00, 0.579,  24.1,  20.3, 1009.0,-0.030,-0.070,  167,   5.4,   2.5
14-Jan-2022 20:00, 0.556,  24.0,  19.9, 1009.1,-0.012,-0.054,  163,   4.8,   2.5
14-Jan-2022 21:00, 0.531,  24.0,  19.5, 1009.3,-0.016,-0.057,  150,   4.2,   1.9
14-Jan-2022 22:00, 0.515,  24.0,  19.1, 1009.8,-0.036,-0.075,  155,   3.5,   1.3
14-Jan-2022 23:00, 0.574,  23.9,  20.8, 1010.5,-0.007,-0.040,  104,   3.6,   1.0
15-Jan-2022 00:00, 0.595,  23.9,  22.1, 1010.7,-0.033,-0.060,  150,   4.1,   1.5
15-Jan-2022 01:00, 0.640,  23.9,  21.5, 1010.7,-0.045,-0.070,  212,   4.7,   2.5
15-Jan-2022 02:00, 0.741,  23.9,  21.9, 1010.3, 0.005,-0.021,  210,   5.7,   3.1
15-Jan-2022 03:00, 0.763,  24.0,  22.2, 1010.1,-0.015,-0.045,  217,   7.0,   4.1
15-Jan-2022 04:00, 0.792,  24.0,  22.3, 1009.6,-0.021,-0.053,  209,   7.5,   4.3
15-Jan-2022 05:00, 0.842,  24.1,  22.4, 1009.0,-0.012,-0.049,  207,   8.9,   4.9
15-Jan-2022 06:00, 0.899,  24.1,  22.2, 1008.9,-0.010,-0.052,  207,  10.1,   5.9
15-Jan-2022 07:00, 0.902,  24.2,  22.1, 1008.7,-0.069,-0.112,  204,  10.3,   5.6
15-Jan-2022 08:00, 1.009,  24.2,  21.8, 1008.5,-0.040,-0.085,  206,  10.2,   5.7
15-Jan-2022 09:00, 1.090,  24.2,  22.1, 1008.5,-0.037,-0.084,  200,   9.8,   4.8
15-Jan-2022 10:00, 1.156,  24.2,  21.9, 1008.6,-0.034,-0.081,  200,   9.6,   4.0
15-Jan-2022 11:00, 1.200,  24.3,  21.6, 1008.8,-0.030,-0.076,  199,  10.0,   5.0
15-Jan-2022 12:00, 1.214,  24.2,  21.5, 1009.2,-0.016,-0.060,  201,  10.4,   5.1
15-Jan-2022 13:00, 1.173,  24.2,  21.5, 1009.2,-0.019,-0.060,  198,   9.6,   3.6
15-Jan-2022 14:00, 1.090,  24.1,  21.4, 1009.3,-0.028,-0.067,  196,   8.3,   3.4
15-Jan-2022 15:00, 1.006,  24.1,  21.4, 1008.7,-0.009,-0.049,  193,   8.4,   3.9
15-Jan-2022 16:00, 0.855,  24.1,  21.2, 1008.8,-0.042,-0.088,  177,   9.0,   3.4
15-Jan-2022 17:00, 0.751,  24.1,  20.7, 1009.0,-0.031,-0.075,  171,   7.7,   3.0
15-Jan-2022 18:00, 0.649,  24.1,  20.0, 1009.1,-0.038,-0.081,  173,   8.5,   3.1
15-Jan-2022 19:00, 0.536,  24.0,  19.5, 1009.2,-0.073,-0.115,  167,   8.4,   3.1
15-Jan-2022 20:00, 0.483,  24.0,  19.1, 1009.3,-0.071,-0.111,  169,   6.7,   2.9
15-Jan-2022 21:00, 0.462,  23.9,  18.7, 1009.9,-0.064,-0.103,  172,   6.2,   3.0
15-Jan-2022 22:00, 0.444,  23.9,  18.5, 1010.5,-0.079,-0.112,  160,   7.2,   3.8
15-Jan-2022 23:00, 0.466,  23.8,  19.2, 1010.7,-0.085,-0.112,  163,   6.8,   3.5
16-Jan-2022 00:00, 0.543,  23.8,  20.7, 1010.4,-0.057,-0.082,  165,   6.3,   3.2
16-Jan-2022 01:00, 0.568,  23.8,  21.5, 1009.9,-0.093,-0.122,  159,   7.4,   3.3
16-Jan-2022 02:00, 0.641,  23.8,  23.6, 1009.4,-0.078,-0.111,  180,   7.3,   2.5
16-Jan-2022 03:00, 0.709,  23.7,  21.8, 1009.1,-0.054,-0.092,  207,   9.8,   5.3
16-Jan-2022 04:00, 0.701,  23.7,  22.1, 1008.9,-0.093,-0.135,  207,   9.2,   5.0
16-Jan-2022 05:00, 0.733,  23.7,  22.1, 1008.1,-0.090,-0.134,  206,   9.8,   5.4
16-Jan-2022 06:00, 0.784,  23.8,  22.2, 1007.6,-0.086,-0.137,  204,   9.9,   5.4
16-Jan-2022 07:00, 0.867,  23.9,  22.3, 1007.4,-0.064,-0.120,  203,  10.5,   5.9
16-Jan-2022 08:00, 0.904,  23.9,  22.6, 1007.0,-0.102,-0.161,  202,  11.4,   5.9
16-Jan-2022 09:00, 1.040,  24.0,  22.5, 1007.2,-0.051,-0.112,  202,  12.6,   6.0
16-Jan-2022 10:00, 1.052,  24.1,  22.7, 1006.3,-0.116,-0.177,  194,  11.4,   3.4
16-Jan-2022 11:00, 1.152,  24.1,  22.7, 1007.0,-0.072,-0.140,  199,   9.4,   3.9
16-Jan-2022 12:00, 1.178,  24.0,  22.8, 1007.6,-0.070,-0.132,  196,   8.1,   3.2
16-Jan-2022 13:00, 1.102,  24.0,  23.2, 1008.3,-0.129,-0.184,  186,   7.9,   2.8
16-Jan-2022 14:00, 1.102,  23.9,  22.8, 1008.3,-0.072,-0.122,  168,   6.5,   1.8
16-Jan-2022 15:00, 0.986,  23.9,  23.3, 1008.3,-0.096,-0.145,  126,   4.6,   1.4
16-Jan-2022 16:00, 0.816,  23.9,  23.3, 1008.4,-0.151,-0.200,   88,   9.6,   3.6
16-Jan-2022 17:00, 0.708,  23.9,  21.6, 1008.5,-0.131,-0.179,   85,   8.8,   4.3
16-Jan-2022 18:00, 0.691,  23.8,  20.1, 1008.5,-0.032,-0.080,   82,   9.7,   5.0
16-Jan-2022 19:00, 0.438,  23.8,  18.8, 1009.5,-0.193,-0.240,   80,   9.9,   4.0
16-Jan-2022 20:00, 0.433,  23.6,  17.8, 1010.0,-0.127,-0.164,   85,  10.3,   4.7
16-Jan-2022 21:00, 0.433,  23.6,  17.3, 1010.0,-0.087,-0.120,   86,   9.1,   4.1
16-Jan-2022 22:00, 0.323,  23.6,  17.2, 1010.5,-0.185,-0.216,   85,   9.6,   4.3
16-Jan-2022 23:00, 0.452,  23.5,  18.3, 1010.7,-0.073,-0.100,   81,  11.9,   5.5
17-Jan-2022 00:00, 0.433,  23.5,  20.1, 1010.9,-0.140,-0.165,   77,  10.6,   2.8
17-Jan-2022 01:00, 0.465,  23.4,  22.2, 1010.8,-0.169,-0.192,   70,   6.6,   3.7
17-Jan-2022 02:00, 0.587,  23.4,  24.8, 1010.5,-0.108,-0.133,   82,   7.4,   3.0
17-Jan-2022 03:00, 0.621,  23.5,  26.9, 1010.1,-0.122,-0.150,   94,   6.3,   0.8
17-Jan-2022 04:00, 0.630,  23.5,  24.5, 1009.4,-0.147,-0.179,  224,   6.7,   5.1
17-Jan-2022 05:00, 0.691,  23.5,  24.0, 1009.5,-0.108,-0.146,  209,   7.8,   4.1
17-Jan-2022 06:00, 0.703,  23.6,  23.5, 1009.0,-0.128,-0.165,  203,   8.0,   4.2
17-Jan-2022 07:00, 0.734,  23.7,  23.5, 1008.6,-0.153,-0.195,  200,   8.2,   3.8
17-Jan-2022 08:00, 0.816,  23.8,  24.1, 1008.2,-0.142,-0.188,  195,   7.5,   3.0
17-Jan-2022 09:00, 0.928,  23.9,  24.0, 1008.0,-0.116,-0.166,  198,   6.1,   3.0
17-Jan-2022 10:00, 1.001,  23.9,  23.5, 1008.2,-0.127,-0.179,  199,   8.1,   2.9
17-Jan-2022 11:00, 1.059,  23.8,  23.1, 1008.6,-0.137,-0.187,  194,   7.6,   2.5
17-Jan-2022 12:00, 1.118,  23.7,  23.0, 1008.8,-0.124,-0.170,  196,   7.0,   1.9
17-Jan-2022 13:00, 1.119,  23.8,  23.1, 1008.7,-0.129,-0.173,  196,   5.0,   2.0
17-Jan-2022 14:00, 1.087,  23.8,  23.3, 1008.7,-0.125,-0.170,  189,   3.5,   1.0
17-Jan-2022 15:00, 1.027,  23.8,  23.1, 1008.5,-0.113,-0.158,  153,   2.6,   1.2
17-Jan-2022 16:00, 0.920,  23.8,  26.1, 1008.2,-0.116,-0.163,   80,   4.1,   1.9
17-Jan-2022 17:00, 0.786,  23.8,  26.6, 1007.8,-0.126,-0.176,   92,   6.6,   2.6
17-Jan-2022 18:00, 0.687,  23.7,  26.0, 1007.4,-0.094,-0.149,   79,   8.0,   4.5
17-Jan-2022 19:00, 0.586,  23.6,  25.7, 1007.5,-0.086,-0.144,   76,  10.2,   5.3
17-Jan-2022 20:00, 0.462,  23.6,  25.5, 1007.5,-0.125,-0.183,   74,  10.1,   4.6
17-Jan-2022 21:00, 0.461,  23.6,  24.9, 1008.5,-0.070,-0.127,   72,   8.2,   4.2
17-Jan-2022 22:00, 0.422,  23.5,  25.0, 1009.2,-0.089,-0.135,   71,   7.7,   4.4
17-Jan-2022 23:00, 0.428,  23.5,  26.5, 1009.4,-0.086,-0.126,   69,   9.4,   5.2
18-Jan-2022 00:00, 0.493,  23.5,  29.8, 1009.7,-0.060,-0.098,   65,  10.2,   5.6
18-Jan-2022 01:00, 0.514,  23.5,  31.7, 1009.8,-0.098,-0.134,   44,  10.8,   4.6
18-Jan-2022 02:00, 0.584,  23.5,  34.1, 1010.2,-0.089,-0.122,   28,   8.8,   4.8
18-Jan-2022 03:00, 0.670,  23.5,  35.8, 1009.8,-0.055,-0.086,   40,   7.2,   2.2
18-Jan-2022 04:00, 0.692,  23.6,  31.3, 1009.1,-0.068,-0.103,  248,   5.7,   3.2
18-Jan-2022 05:00, 0.697,  23.7,  30.9, 1008.5,-0.086,-0.128,  217,   4.8,   2.4
18-Jan-2022 06:00, 0.730,  23.7,  28.6, 1008.2,-0.072,-0.119,  156,   4.0,   2.2
18-Jan-2022 07:00, 0.760,  23.8,  29.1, 1007.8,-0.083,-0.134,  162,   5.0,   2.3
18-Jan-2022 08:00, 0.822,  23.8,  29.9, 1007.2,-0.088,-0.143,  179,   5.5,   1.6
18-Jan-2022 09:00, 0.994,  23.9,  28.0, 1007.1, 0.006,-0.055,  170,   5.1,   2.7
18-Jan-2022 10:00, 0.997,  23.9,  27.8, 1007.3,-0.081,-0.142,  171,   5.4,   1.4
18-Jan-2022 11:00, 1.081,  23.9,  27.7, 1007.7,-0.071,-0.130,  166,   3.4,   2.0
18-Jan-2022 12:00, 1.199,  24.0,  30.2, 1008.2,-0.011,-0.065,  170,   5.3,   2.5
18-Jan-2022 13:00, 1.175,  23.9,  30.0, 1008.5,-0.066,-0.115,  164,   6.0,   2.7
18-Jan-2022 14:00, 1.154,  23.9,  27.9, 1008.8,-0.073,-0.120,  193,   3.4,   0.9
18-Jan-2022 15:00, 1.150,  23.9,  27.1, 1008.7,-0.028,-0.072,  195,   2.0,   0.2
18-Jan-2022 16:00, 1.045,  24.0,  29.9, 1008.6,-0.047,-0.092,   90,   2.3,   0.9
18-Jan-2022 17:00, 0.950,  24.0,  31.3, 1008.5,-0.030,-0.076,   76,   4.9,   3.0
18-Jan-2022 18:00, 0.835,  23.9,  31.9, 1008.4,-0.015,-0.063,   74,  10.9,   5.4
18-Jan-2022 19:00, 0.701,  23.9,  31.2, 1008.5,-0.025,-0.073,   70,   9.5,   5.5
18-Jan-2022 20:00, 0.601,  23.9,  30.6, 1008.8,-0.029,-0.076,   66,   9.5,   5.7
18-Jan-2022 21:00, 0.523,  23.9,  30.2, 1009.0,-0.037,-0.081,   64,  10.1,   6.5
18-Jan-2022 22:00, 0.532,  23.9,  29.9, 1009.6, 0.004,-0.038,   63,  11.2,   5.8
18-Jan-2022 23:00, 0.522,  23.9,  30.3, 1010.3,-0.003,-0.038,   66,  10.3,   5.3
19-Jan-2022 00:00, 0.542,  23.9,  31.4, 1010.7,-0.006,-0.035,   49,   8.7,   4.4
19-Jan-2022 01:00, 0.604,  23.9,  33.1, 1010.6, 0.002,-0.023,   49,   8.5,   4.3
19-Jan-2022 02:00, 0.662,  23.9,  34.7, 1010.5, 0.003,-0.023,   30,   8.3,   3.6
19-Jan-2022 03:00, 0.711,  23.9,  36.3, 1010.2,-0.001,-0.028,   39,   7.6,   3.6
19-Jan-2022 04:00, 0.733,  24.0,  37.7, 1009.5,-0.017,-0.048,   58,   7.4,   3.3
19-Jan-2022 05:00, 0.768,  24.1,  29.9, 1009.0,-0.006,-0.043,  236,   6.2,   3.0
19-Jan-2022 06:00, 0.790,  24.1,  30.0, 1008.6, 0.001,-0.042,  234,   6.7,   3.6
19-Jan-2022 07:00, 0.806,  24.1,  31.3, 1008.4,-0.009,-0.055,  213,   5.4,   1.9
19-Jan-2022 08:00, 0.855,  24.2,  28.7, 1008.0,-0.013,-0.061,  169,   4.5,   1.9
19-Jan-2022 09:00, 0.940,  24.3,  28.6, 1007.7, 0.001,-0.052,  173,   3.7,   1.7
19-Jan-2022 10:00, 1.031,  24.4,  28.5, 1008.4, 0.010,-0.044,  176,   3.9,   1.4
19-Jan-2022 11:00, 1.084,  24.4,  27.9, 1009.0,-0.017,-0.065,  170,   4.2,   1.8
19-Jan-2022 12:00, 1.189,  24.4,  29.1, 1009.8, 0.028,-0.013,  176,   4.3,   2.0
19-Jan-2022 13:00, 1.211,  24.3,  31.1, 1010.3, 0.005,-0.029,  169,   5.7,   2.7
19-Jan-2022 14:00, 1.204,  24.3,  31.7, 1010.8,-0.012,-0.041,  156,   7.3,   2.7
19-Jan-2022 15:00, 1.207,  24.3,  30.9, 1010.7, 0.019,-0.005,  154,   5.9,   2.1
19-Jan-2022 16:00, 1.138,  24.3,  28.2, 1010.4, 0.012,-0.013,  195,   4.1,   1.3
19-Jan-2022 17:00, 1.082,  24.3,  29.3, 1010.0, 0.051, 0.022,  131,   2.7,   0.5
19-Jan-2022 18:00, 0.982,  24.4,  28.9, 1009.7, 0.067, 0.035,   87,   2.7,   1.3
19-Jan-2022 19:00, 0.824,  24.3,  27.9, 1009.7, 0.036, 0.001,   83,   4.5,   1.9
19-Jan-2022 20:00, 0.723,  24.3,  27.3, 1010.0, 0.043, 0.008,   80,   5.9,   2.0
19-Jan-2022 21:00, 0.645,  24.3,  26.6, 1010.4, 0.044, 0.012,   76,   4.8,   3.3
19-Jan-2022 22:00, 0.634,  24.2,  26.9, 1011.0, 0.079, 0.051,   66,   6.3,   3.8
19-Jan-2022 23:00, 0.605,  24.2,  28.1, 1011.5, 0.056, 0.034,   65,   6.2,   3.9
20-Jan-2022 00:00, 0.600,  24.1,  30.0, 1012.1, 0.038, 0.022,   64,   8.1,   4.3
20-Jan-2022 01:00, 0.660,  24.1,  32.4, 1012.2, 0.056, 0.045,   42,   6.6,   3.1
20-Jan-2022 02:00, 0.715,  24.2,  34.1, 1012.1, 0.056, 0.045,   26,   5.6,   2.8
20-Jan-2022 03:00, 0.755,  24.2,  30.4, 1012.0, 0.046, 0.035,  250,   5.2,   2.5
20-Jan-2022 04:00, 0.790,  24.3,  30.2, 1011.6, 0.039, 0.026,  193,   4.1,   1.7
20-Jan-2022 05:00, 0.819,  24.4,  28.6, 1011.5, 0.044, 0.027,  163,   5.1,   2.1
20-Jan-2022 06:00, 0.842,  24.4,  28.1, 1011.4, 0.051, 0.034,  159,   3.6,   1.8
20-Jan-2022 07:00, 0.830,  24.4,  28.7, 1011.0, 0.023, 0.004,  177,   4.1,   1.5
20-Jan-2022 08:00, 0.901,  24.6,  28.2, 1010.7, 0.061, 0.039,  179,   4.8,   1.7
20-Jan-2022 09:00, 0.949,  24.6,  27.9, 1010.6, 0.051, 0.025,  179,   5.7,   1.7
20-Jan-2022 10:00, 1.018,  24.6,  28.2, 1011.1, 0.051, 0.025,  182,   5.2,   1.5
20-Jan-2022 11:00, 1.101,  24.6,  27.3, 1011.4, 0.057, 0.036,  181,   3.2,   1.0
20-Jan-2022 12:00, 1.165,  24.6,  26.4, 1011.8, 0.060, 0.042,  196,   3.5,   1.3
20-Jan-2022 13:00, 1.202,  24.6,  26.0, 1012.5, 0.052, 0.038,  184,   3.4,   1.2
20-Jan-2022 14:00, 1.241,  24.6,  25.4, 1012.8, 0.063, 0.056,  171,   3.4,   1.3
20-Jan-2022 15:00, 1.243,  24.6,  25.6, 1012.5, 0.074, 0.069,  160,   2.5,   0.9
20-Jan-2022 16:00, 1.218,  24.6,  25.1, 1012.2, 0.087, 0.080,  168,   1.7,   0.8
20-Jan-2022 17:00, 1.137,  24.6,  25.0, 1011.9, 0.077, 0.066,  161,   2.6,   1.3
20-Jan-2022 18:00, 1.064,  24.6,  24.2, 1011.9, 0.103, 0.091,  174,   2.1,   0.6
20-Jan-2022 19:00, 0.924,  24.6,  29.0, 1011.7, 0.079, 0.065,   78,   6.2,   3.7
20-Jan-2022 20:00, 0.810,  24.6,  28.0, 1012.0, 0.080, 0.065,   81,   7.0,   3.2
20-Jan-2022 21:00, 0.727,  24.7,  27.2, 1012.1, 0.082, 0.070,   79,   6.6,   4.1
20-Jan-2022 22:00, 0.678,  24.7,  27.5, 1012.7, 0.086, 0.076,   77,   7.6,   4.7
20-Jan-2022 23:00, 0.654,  24.7,  28.3, 1013.2, 0.075, 0.070,   74,   6.7,   3.4
21-Jan-2022 00:00, 0.682,  24.6,  30.2, 1013.2, 0.090, 0.090,   68,   9.0,   5.9
21-Jan-2022 01:00, 0.691,  24.6,  32.6, 1013.3, 0.069, 0.069,   67,  10.2,   4.1
21-Jan-2022 02:00, 0.766,  24.6,  35.1, 1013.3, 0.094, 0.094,   69,   8.2,   3.2
21-Jan-2022 03:00, 0.811,  24.6,  37.1, 1012.8, 0.091, 0.091,   76,   6.7,   1.8
21-Jan-2022 04:00, 0.823,  24.7,  38.0, 1012.1, 0.061, 0.056,   46,   6.4,   1.9
21-Jan-2022 05:00, 0.880,  24.8,  31.3, 1011.6, 0.088, 0.076,  227,   7.2,   2.8
21-Jan-2022 06:00, 0.902,  24.9,  31.6, 1011.1, 0.095, 0.078,  213,   6.4,   2.6
21-Jan-2022 07:00, 0.886,  25.0,  29.1, 1010.8, 0.067, 0.045,  189,   6.9,   2.3
21-Jan-2022 08:00, 0.923,  25.0,  28.9, 1010.7, 0.088, 0.063,  184,   4.5,   1.9
21-Jan-2022 09:00, 0.964,  25.1,  28.3, 1010.5, 0.090, 0.064,  171,   4.1,   2.0
21-Jan-2022 10:00, 1.010,  25.1,  28.4, 1010.5, 0.083, 0.055,  172,   3.8,   1.7
21-Jan-2022 11:00, 1.090,  25.1,  28.6, 1011.1, 0.101, 0.074,  170,   4.3,   1.4
21-Jan-2022 12:00, 1.137,  25.1,  30.4, 1011.6, 0.090, 0.070,  167,   3.2,   1.8
21-Jan-2022 13:00, 1.164,  25.0,  30.6, 1012.0, 0.078, 0.062,  163,   4.4,   1.4
21-Jan-2022 14:00, 1.196,  25.0,  28.4, 1012.3, 0.078, 0.066,  175,   2.8,   0.9
21-Jan-2022 15:00, 1.215,  25.0,  30.0, 1012.3, 0.090, 0.081,  165,   4.3,   2.2
21-Jan-2022 16:00, 1.198,  25.0,  28.7, 1012.0, 0.096, 0.086,  152,   3.7,   1.0
21-Jan-2022 17:00, 1.156,  25.0,  27.7, 1011.4, 0.099, 0.086,  211,   1.4,   0.2
21-Jan-2022 18:00, 1.093,  25.0,  28.9, 1011.0, 0.112, 0.093,   81,   3.6,   2.0
21-Jan-2022 19:00, 0.991,  25.0,  28.7, 1011.0, 0.108, 0.086,   82,   4.6,   2.8
21-Jan-2022 20:00, 0.893,  24.9,  27.8, 1010.9, 0.116, 0.093,   75,   6.3,   3.7
21-Jan-2022 21:00, 0.779,  24.9,  26.8, 1011.2, 0.091, 0.067,   73,   6.6,   3.9
21-Jan-2022 22:00, 0.727,  24.9,  26.1, 1011.7, 0.096, 0.076,   75,   6.8,   3.1
21-Jan-2022 23:00, 0.721,  24.9,  27.2, 1011.9, 0.108, 0.093,   75,   7.0,   4.5
22-Jan-2022 00:00, 0.717,  24.8,  29.5, 1012.4, 0.089, 0.076,   73,   8.0,   3.8
22-Jan-2022 01:00, 0.762,  24.8,  31.3, 1012.4, 0.107, 0.099,   74,   6.8,   3.1
22-Jan-2022 02:00, 0.799,  24.8,  34.0, 1012.0, 0.101, 0.093,   38,   6.0,   2.2
22-Jan-2022 03:00, 0.839,  24.9,  36.8, 1011.6, 0.093, 0.080,   82,   6.0,   1.8
22-Jan-2022 04:00, 0.901,  24.9,  28.9, 1011.1, 0.118, 0.101,  236,   5.9,   4.0
22-Jan-2022 05:00, 0.905,  25.1,  30.0, 1010.8, 0.087, 0.066,  216,   6.1,   2.5
22-Jan-2022 06:00, 0.943,  25.2,  28.1, 1010.4, 0.103, 0.079,  158,   5.1,   3.0
22-Jan-2022 07:00, 0.939,  25.2,  28.3, 1010.3, 0.090, 0.062,  184,   5.8,   2.5
22-Jan-2022 08:00, 0.955,  25.3,  28.5, 1010.1, 0.098, 0.069,  187,   5.3,   1.3
22-Jan-2022 09:00, 0.989,  25.3,  27.9, 1009.7, 0.115, 0.083,  181,   5.4,   1.9
22-Jan-2022 10:00, 1.002,  25.4,  27.5, 1009.9, 0.095, 0.060,  174,   4.4,   1.7
22-Jan-2022 11:00, 1.066,  25.3,  28.0, 1010.3, 0.120, 0.087,  174,   4.3,   1.3
22-Jan-2022 12:00, 1.094,  25.3,  27.3, 1010.5, 0.102, 0.073,  183,   3.9,   1.1
22-Jan-2022 13:00, 1.141,  25.3,  26.6, 1010.9, 0.120, 0.093,  198,   3.7,   1.6
22-Jan-2022 14:00, 1.128,  25.3,  26.2, 1011.1, 0.084, 0.062,  177,   3.5,   1.2
22-Jan-2022 15:00, 1.190,  25.3,  25.8, 1010.8, 0.131, 0.110,  182,   3.2,   0.6
22-Jan-2022 16:00, 1.164,  25.3,  25.5, 1010.5, 0.117, 0.092,  202,   2.5,   1.3
22-Jan-2022 17:00, 1.142,  25.3,  25.0, 1010.1, 0.124, 0.096,  200,   2.1,   0.5
22-Jan-2022 18:00, 1.134,  25.2,  24.8, 1009.9, 0.164, 0.132,  179,   1.6,   0.7
22-Jan-2022 19:00, 1.000,  25.2,  24.7, 1009.9, 0.106, 0.073,  209,   2.3,   1.5
22-Jan-2022 20:00, 0.951,  25.2,  24.0, 1009.8, 0.144, 0.111,   66,   1.9,   0.8
22-Jan-2022 21:00, 0.854,  25.3,  25.4, 1010.1, 0.130, 0.096,   76,   2.0,   0.9
22-Jan-2022 22:00, 0.783,  25.3,  26.0, 1010.2, 0.114, 0.083,   77,   5.5,   3.4
22-Jan-2022 23:00, 0.781,  25.3,  26.9, 1010.3, 0.134, 0.104,   73,   6.5,   3.8
23-Jan-2022 00:00, 0.801,  25.2,  29.8, 1010.1, 0.137, 0.107,   66,   7.5,   4.8
23-Jan-2022 01:00, 0.810,  25.3,  32.4, 1010.2, 0.114, 0.083,   57,   8.6,   3.2
23-Jan-2022 02:00, 0.868,  25.3,  26.8, 1010.2, 0.134, 0.104,  228,   5.9,   3.0
23-Jan-2022 03:00, 0.901,  25.3,  28.1, 1009.7, 0.117, 0.087,  177,   4.6,   1.8
23-Jan-2022 04:00, 0.934,  25.4,  28.1, 1008.9, 0.113, 0.077,  196,   3.7,   2.0
23-Jan-2022 05:00, 0.998,  25.5,  27.5, 1008.7, 0.147, 0.103,  206,   7.3,   4.1
23-Jan-2022 06:00, 0.966,  25.6,  27.5, 1008.6, 0.085, 0.040,  199,   8.0,   3.1
23-Jan-2022 07:00, 0.964,  25.6,  26.7, 1008.5, 0.070, 0.023,  198,   6.7,   3.2
23-Jan-2022 08:00, 1.016,  25.7,  26.5, 1008.3, 0.117, 0.069,  200,   6.0,   3.1
23-Jan-2022 09:00, 0.981,  25.8,  26.8, 1008.2, 0.080, 0.030,  195,   6.1,   2.8
23-Jan-2022 10:00, 1.008,  25.8,  24.9, 1008.5, 0.097, 0.047,  205,   9.0,   5.6
23-Jan-2022 11:00, 1.048,  25.8,  24.1, 1008.8, 0.122, 0.075,  201,  11.4,   5.2
23-Jan-2022 12:00, 0.996,  25.9,  23.5, 1009.3, 0.048, 0.004,  201,  11.2,   5.0
23-Jan-2022 13:00, 1.055,  26.0,  24.0, 1009.5, 0.089, 0.050,  194,  11.5,   3.9
23-Jan-2022 14:00, 1.015,  25.9,  24.6, 1009.5, 0.046, 0.009,  195,   9.6,   2.8
23-Jan-2022 15:00, 1.015,  25.9,  24.4, 1009.3, 0.039, 0.002,  198,   8.4,   3.8
23-Jan-2022 16:00, 1.028,  25.8,  24.6, 1009.0, 0.055, 0.016,  194,   8.6,   3.2
23-Jan-2022 17:00, 0.965,  25.8,  24.3, 1009.0, 0.015,-0.027,  183,   7.0,   2.7
23-Jan-2022 18:00, 0.942,  25.7,  23.4, 1009.0, 0.020,-0.022,  179,   6.7,   2.2
23-Jan-2022 19:00, 0.885,  25.7,  22.8, 1009.2, 0.011,-0.031,  162,   7.4,   3.3
23-Jan-2022 20:00, 0.803,  25.7,  22.3, 1009.7,-0.007,-0.047,  161,   7.5,   4.0
23-Jan-2022 21:00, 0.722,  25.6,  22.0, 1010.3,-0.022,-0.057,  157,   7.5,   3.8
23-Jan-2022 22:00, 0.663,  25.6,  21.4, 1011.1,-0.033,-0.061,  154,   5.7,   2.6
23-Jan-2022 23:00, 0.633,  25.5,  21.9, 1011.6,-0.044,-0.065,  153,   8.4,   3.9
24-Jan-2022 00:00, 0.627,  25.5,  22.7, 1011.7,-0.066,-0.082,  134,   9.9,   1.9
24-Jan-2022 01:00, 0.681,  25.5,  23.4, 1011.7,-0.055,-0.070,  144,   9.0,   3.4
24-Jan-2022 02:00, 0.724,  25.4,  25.1, 1011.6,-0.052,-0.067,  102,   8.7,   2.8
24-Jan-2022 03:00, 0.757,  25.4,  26.6, 1011.2,-0.065,-0.082,   98,   8.1,   2.1
24-Jan-2022 04:00, 0.805,  25.5,  26.9, 1010.4,-0.063,-0.084,  186,   7.7,   2.0
24-Jan-2022 05:00, 0.846,  25.5,  28.0, 1009.7,-0.051,-0.080,  173,   8.5,   3.3
24-Jan-2022 06:00, 0.867,  25.6,  26.9, 1008.7,-0.061,-0.097,  210,   9.7,   3.9
24-Jan-2022 07:00, 0.902,  25.6,  29.6, 1008.0,-0.049,-0.095,  175,   9.0,   2.3
24-Jan-2022 08:00, 0.908,  25.7,  30.0, 1007.7,-0.049,-0.101,  170,   9.3,   3.2
24-Jan-2022 09:00, 0.917,  25.7,  30.0, 1007.5,-0.037,-0.092,  177,   8.5,   2.3
24-Jan-2022 10:00, 0.877,  25.7,  29.5, 1007.9,-0.067,-0.124,  146,   8.8,   2.3
24-Jan-2022 11:00, 0.889,  25.6,  27.7, 1008.7,-0.046,-0.098,  158,  10.9,   6.2
24-Jan-2022 12:00, 0.833,  25.6,  26.6, 1009.7,-0.094,-0.139,  142,  10.5,   2.7
24-Jan-2022 13:00, 0.838,  25.5,  25.2, 1010.5,-0.087,-0.121,  146,  10.1,   2.8
24-Jan-2022 14:00, 0.811,  25.5,  23.9, 1011.0,-0.098,-0.124,  108,   9.3,   2.2
24-Jan-2022 15:00, 0.774,  25.5,  22.9, 1011.2,-0.119,-0.141,  152,   9.1,   3.3
24-Jan-2022 16:00, 0.778,  25.4,  21.7, 1011.3,-0.107,-0.128,  147,   8.2,   2.4
24-Jan-2022 17:00, 0.771,  25.4,  20.7, 1011.3,-0.095,-0.114,  148,   7.5,   2.8
24-Jan-2022 18:00, 0.740,  25.3,  19.8, 1010.9,-0.102,-0.122,  152,   7.7,   3.3
24-Jan-2022 19:00, 0.720,  25.2,  19.2, 1010.8,-0.099,-0.123,  145,   6.9,   2.5
24-Jan-2022 20:00, 0.679,  25.2,  18.5, 1010.8,-0.102,-0.126,  146,   7.6,   2.9
24-Jan-2022 21:00, 0.630,  25.2,  18.1, 1010.9,-0.108,-0.132,  158,   7.9,   4.0
24-Jan-2022 22:00, 0.616,  25.1,  17.5, 1011.0,-0.090,-0.113,  159,   7.4,   3.4
24-Jan-2022 23:00, 0.597,  25.1,  17.9, 1011.4,-0.097,-0.119,  137,   6.0,   1.9
25-Jan-2022 00:00, 0.626,  25.1,  18.7, 1011.5,-0.087,-0.105,  146,   6.3,   2.5
25-Jan-2022 01:00, 0.643,  25.1,  20.0, 1010.9,-0.118,-0.136,  156,   6.3,   3.2
25-Jan-2022 02:00, 0.729,  25.0,  22.7, 1010.3,-0.084,-0.108,  138,   6.5,   2.1
25-Jan-2022 03:00, 0.776,  25.0,  21.0, 1009.6,-0.082,-0.112,  241,   6.4,   4.4
25-Jan-2022 04:00, 0.842,  25.0,  21.4, 1008.9,-0.068,-0.105,  251,   7.7,   5.5
25-Jan-2022 05:00, 0.887,  25.0,  22.6, 1007.8,-0.061,-0.106,  256,   8.1,   5.2
25-Jan-2022 06:00, 0.887,  25.1,  27.8, 1007.1,-0.089,-0.144,   84,   7.6,   2.9
25-Jan-2022 07:00, 0.939,  25.2,  27.4, 1006.7,-0.071,-0.133,  177,   8.5,   2.7
25-Jan-2022 08:00, 0.957,  25.2,  28.2, 1006.3,-0.070,-0.135,  157,   8.1,   3.7
25-Jan-2022 09:00, 0.960,  25.1,  27.8, 1005.8,-0.064,-0.134,  157,   8.0,   3.7
25-Jan-2022 10:00, 0.949,  25.1,  27.4, 1006.3,-0.058,-0.132,  152,   8.0,   2.7
25-Jan-2022 11:00, 0.917,  25.1,  23.9, 1006.7,-0.061,-0.129,  214,   7.9,   3.9
25-Jan-2022 12:00, 0.877,  25.1,  24.3, 1006.8,-0.066,-0.131,  198,   6.5,   1.5
25-Jan-2022 13:00, 0.851,  25.1,  25.2, 1007.3,-0.059,-0.123,  153,   3.0,   0.3
25-Jan-2022 14:00, 0.806,  25.1,  24.4, 1007.3,-0.068,-0.127,  116,   1.7,   0.3
25-Jan-2022 15:00, 0.756,  25.1,  23.9, 1007.3,-0.072,-0.131,  111,   2.6,   0.6
25-Jan-2022 16:00, 0.732,  25.0,  23.1, 1007.2,-0.067,-0.126,   96,   4.7,   1.6
25-Jan-2022 17:00, 0.680,  24.9,  22.0, 1007.1,-0.095,-0.155,   94,   6.1,   2.3
25-Jan-2022 18:00, 0.688,  24.9,  20.7, 1006.7,-0.059,-0.120,   88,   8.4,   4.3
25-Jan-2022 19:00, 0.666,  24.8,  19.9, 1006.9,-0.066,-0.131,   87,   8.3,   2.1
25-Jan-2022 20:00, 0.637,  24.8,  19.3, 1007.4,-0.083,-0.145,   97,   6.2,   1.3
25-Jan-2022 21:00, 0.658,  24.8,  18.8, 1007.4,-0.042,-0.100,   88,   6.2,   2.5
25-Jan-2022 22:00, 0.626,  24.8,  18.3, 1007.7,-0.063,-0.121,  106,   5.9,   1.4
25-Jan-2022 23:00, 0.631,  24.7,  19.2, 1008.3,-0.062,-0.117,  102,   6.8,   1.8
26-Jan-2022 00:00, 0.652,  24.6,  20.2, 1008.7,-0.065,-0.113,   92,   6.8,   2.6
26-Jan-2022 01:00, 0.698,  24.6,  21.9, 1008.7,-0.068,-0.113,  155,   4.7,   1.7
26-Jan-2022 02:00, 0.789,  24.6,  22.6, 1008.5,-0.042,-0.088,  153,   5.2,   1.4
26-Jan-2022 03:00, 0.827,  24.6,  22.0, 1008.0,-0.057,-0.105,  227,   5.9,   4.2
26-Jan-2022 04:00, 0.904,  24.6,  21.9, 1007.3,-0.032,-0.085,  221,   7.0,   4.3
26-Jan-2022 05:00, 0.945,  24.6,  22.2, 1006.8,-0.044,-0.103,  214,   7.2,   4.0
26-Jan-2022 06:00, 0.978,  24.7,  22.5, 1006.1,-0.047,-0.112,  213,   7.7,   4.1
26-Jan-2022 07:00, 1.020,  24.8,  22.5, 1005.7,-0.041,-0.113,  204,   8.6,   5.3
26-Jan-2022 08:00, 1.044,  24.9,  22.8, 1005.5,-0.051,-0.126,  200,   8.5,   4.6
26-Jan-2022 09:00, 1.071,  24.9,  22.7, 1005.3,-0.033,-0.110,  199,   9.5,   4.0
26-Jan-2022 10:00, 1.043,  24.9,  22.7, 1005.4,-0.047,-0.126,  204,   8.4,   4.9
26-Jan-2022 11:00, 1.028,  24.9,  22.8, 1005.8,-0.027,-0.105,  198,   9.4,   4.0
26-Jan-2022 12:00, 0.962,  24.9,  22.9, 1006.0,-0.038,-0.111,  197,   7.6,   3.2
26-Jan-2022 13:00, 0.898,  24.9,  23.0, 1006.1,-0.039,-0.111,  194,   8.3,   2.8
26-Jan-2022 14:00, 0.836,  24.8,  23.0, 1006.0,-0.038,-0.109,  195,   8.2,   3.2
26-Jan-2022 15:00, 0.750,  24.8,  22.9, 1005.3,-0.053,-0.126,  174,   6.7,   2.0
26-Jan-2022 16:00, 0.709,  24.8,  22.2, 1005.2,-0.028,-0.107,  132,   4.3,   0.8
26-Jan-2022 17:00, 0.653,  24.7,  22.2, 1005.3,-0.042,-0.122,   92,   4.4,   0.9
26-Jan-2022 18:00, 0.601,  24.8,  21.9, 1005.5,-0.056,-0.134,  115,   7.4,   1.6
26-Jan-2022 19:00, 0.572,  24.7,  20.9, 1005.8,-0.059,-0.136,   96,   5.5,   2.0
26-Jan-2022 20:00, 0.579,  24.7,  20.1, 1006.5,-0.051,-0.124,   95,   5.8,   1.8
26-Jan-2022 21:00, 0.570,  24.7,  19.6, 1007.4,-0.063,-0.130,  114,   8.1,   2.0
26-Jan-2022 22:00, 0.579,  24.6,  19.4, 1008.1,-0.064,-0.121,  129,   5.1,   1.8
26-Jan-2022 23:00, 0.579,  24.5,  20.3, 1008.8,-0.089,-0.139,  102,   5.5,   2.2
27-Jan-2022 00:00, 0.615,  24.5,  21.5, 1009.3,-0.089,-0.132,  101,   6.4,   1.9
27-Jan-2022 01:00, 0.656,  24.5,  22.8, 1009.3,-0.099,-0.138,  136,   7.4,   1.5
27-Jan-2022 02:00, 0.750,  24.5,  24.5, 1009.5,-0.074,-0.112,  155,   4.9,   2.3
27-Jan-2022 03:00, 0.777,  24.5,  25.7, 1009.1,-0.110,-0.148,  174,   5.3,   1.8
27-Jan-2022 04:00, 0.843,  24.5,  23.5, 1008.8,-0.097,-0.139,  212,   7.8,   4.6
27-Jan-2022 05:00, 0.910,  24.5,  23.3, 1008.5,-0.089,-0.134,  206,   8.8,   5.2
27-Jan-2022 06:00, 0.938,  24.5,  22.9, 1008.3,-0.115,-0.162,  206,  11.0,   5.6
27-Jan-2022 07:00, 0.980,  24.6,  23.2, 1007.8,-0.116,-0.165,  202,  10.7,   6.2
27-Jan-2022 08:00, 1.036,  24.8,  23.6, 1007.5,-0.107,-0.162,  201,  10.3,   5.3
27-Jan-2022 09:00, 1.080,  24.8,  23.8, 1007.5,-0.096,-0.153,  200,  10.3,   4.1
27-Jan-2022 10:00, 1.061,  24.8,  23.5, 1007.7,-0.115,-0.172,  199,   9.6,   4.5
27-Jan-2022 11:00, 1.035,  24.8,  23.7, 1008.2,-0.114,-0.169,  195,   9.5,   3.8
27-Jan-2022 12:00, 0.973,  24.8,  24.1, 1008.5,-0.119,-0.169,  188,   9.5,   2.9
27-Jan-2022 13:00, 0.905,  24.8,  24.2, 1009.2,-0.105,-0.151,  167,   6.4,   2.9
27-Jan-2022 14:00, 0.796,  24.7,  23.7, 1009.7,-0.125,-0.164,  154,   5.2,   1.8
27-Jan-2022 15:00, 0.693,  24.8,  23.1, 1009.9,-0.133,-0.168,   87,   3.7,   0.6
27-Jan-2022 16:00, 0.603,  24.8,  24.1, 1010.0,-0.121,-0.154,   89,   5.6,   2.5
27-Jan-2022 17:00, 0.482,  24.7,  22.6, 1010.3,-0.163,-0.195,   89,   6.6,   3.1
27-Jan-2022 18:00, 0.449,  24.6,  20.9, 1010.4,-0.140,-0.169,   85,  10.8,   3.7
27-Jan-2022 19:00, 0.404,  24.6,  19.4, 1010.8,-0.142,-0.170,   91,   7.7,   3.7
27-Jan-2022 20:00, 0.382,  24.5,  18.4, 1011.7,-0.150,-0.173,  107,   6.7,   1.8
27-Jan-2022 21:00, 0.395,  24.4,  17.6, 1011.8,-0.151,-0.166,  103,   6.9,   2.1
27-Jan-2022 22:00, 0.430,  24.4,  17.1, 1012.3,-0.143,-0.157,  108,   5.5,   1.6
27-Jan-2022 23:00, 0.465,  24.3,  18.4, 1012.7,-0.151,-0.160,  115,   5.8,   1.8
28-Jan-2022 00:00, 0.529,  24.3,  20.3, 1012.8,-0.142,-0.147,   88,   6.9,   2.8
28-Jan-2022 01:00, 0.579,  24.3,  22.4, 1012.9,-0.148,-0.153,   89,   7.0,   3.3
28-Jan-2022 02:00, 0.676,  24.3,  24.6, 1012.6,-0.117,-0.121,  102,   6.2,   2.5
28-Jan-2022 03:00, 0.722,  24.3,  26.8, 1011.8,-0.142,-0.149,  116,   6.5,   2.5
28-Jan-2022 04:00, 0.789,  24.3,  28.7, 1010.7,-0.132,-0.147,  141,   7.3,   1.9
28-Jan-2022 05:00, 0.862,  24.3,  29.9, 1009.9,-0.117,-0.143,  176,   6.0,   2.9
28-Jan-2022 06:00, 0.942,  24.4,  25.4, 1009.3,-0.102,-0.136,  204,   8.5,   5.4
28-Jan-2022 07:00, 0.971,  24.4,  25.5, 1008.8,-0.133,-0.173,  198,   9.2,   3.6
28-Jan-2022 08:00, 1.050,  24.4,  25.5, 1008.4,-0.111,-0.156,  196,   8.3,   3.0
28-Jan-2022 09:00, 1.120,  24.6,  24.7, 1008.1,-0.096,-0.145,  199,   7.8,   3.8
28-Jan-2022 10:00, 1.131,  24.6,  24.4, 1008.2,-0.114,-0.165,  198,   8.0,   3.3
28-Jan-2022 11:00, 1.144,  24.6,  24.2, 1008.5,-0.093,-0.143,  193,   8.6,   2.8
28-Jan-2022 12:00, 1.101,  24.6,  24.2, 1008.8,-0.096,-0.142,  187,   8.6,   2.6
28-Jan-2022 13:00, 0.999,  24.6,  24.7, 1009.1,-0.116,-0.160,  177,   7.5,   2.3
28-Jan-2022 14:00, 0.892,  24.6,  25.9, 1009.3,-0.118,-0.159,  158,   3.9,   2.2
28-Jan-2022 15:00, 0.798,  24.6,  24.9, 1009.2,-0.098,-0.137,  167,   3.3,   1.3
28-Jan-2022 16:00, 0.649,  24.6,  24.9, 1009.0,-0.123,-0.163,  181,   2.4,   0.8
28-Jan-2022 17:00, 0.557,  24.6,  27.4, 1008.5,-0.097,-0.139,  105,   4.6,   1.3
28-Jan-2022 18:00, 0.471,  24.6,  26.7, 1008.1,-0.092,-0.140,   88,   5.7,   2.9
28-Jan-2022 19:00, 0.407,  24.5,  25.7, 1007.8,-0.091,-0.142,   81,   8.5,   4.5
28-Jan-2022 20:00, 0.365,  24.4,  24.6, 1007.3,-0.094,-0.149,   81,   9.0,   4.1
28-Jan-2022 21:00, 0.403,  24.4,  24.1, 1007.7,-0.056,-0.115,   83,   7.8,   3.9
28-Jan-2022 22:00, 0.449,  24.4,  24.0, 1008.4,-0.044,-0.098,   80,   7.9,   3.5
28-Jan-2022 23:00, 0.467,  24.3,  24.7, 1008.8,-0.079,-0.127,   75,   8.1,   4.2
29-Jan-2022 00:00, 0.571,  24.3,  27.4, 1008.9,-0.046,-0.089,   68,   8.8,   5.7
29-Jan-2022 01:00, 0.645,  24.3,  30.1, 1008.5,-0.042,-0.086,   68,  10.2,   3.6
29-Jan-2022 02:00, 0.747,  24.3,  32.7, 1008.6,-0.005,-0.051,   50,  10.4,   4.3
29-Jan-2022 03:00, 0.793,  24.3,  34.9, 1008.2,-0.025,-0.072,   50,   7.6,   2.4
29-Jan-2022 04:00, 0.853,  24.4,  28.9, 1007.8,-0.028,-0.078,  225,   6.0,   3.2
29-Jan-2022 05:00, 0.912,  24.5,  28.9, 1007.4,-0.024,-0.078,  179,   4.8,   1.9
29-Jan-2022 06:00, 0.967,  24.5,  26.8, 1007.3,-0.032,-0.091,  200,   6.0,   3.0
29-Jan-2022 07:00, 1.044,  24.6,  26.0, 1007.0,-0.028,-0.087,  195,   7.2,   2.9
29-Jan-2022 08:00, 1.115,  24.7,  26.5, 1006.8,-0.030,-0.092,  191,   6.2,   1.6
29-Jan-2022 09:00, 1.195,  24.8,  26.1, 1006.6,-0.018,-0.083,  198,   6.9,   2.7
29-Jan-2022 10:00, 1.251,  24.8,  26.3, 1006.9,-0.020,-0.085,  183,   5.4,   1.7
29-Jan-2022 11:00, 1.290,  24.8,  25.7, 1006.9,-0.003,-0.067,  197,   4.7,   2.5
29-Jan-2022 12:00, 1.278,  24.8,  24.8, 1007.5,-0.002,-0.064,  201,   6.1,   2.3
29-Jan-2022 13:00, 1.224,  24.8,  24.6, 1007.9, 0.001,-0.055,  190,   5.0,   1.5
29-Jan-2022 14:00, 1.118,  24.8,  24.5, 1007.8,-0.005,-0.058,  196,   4.0,   0.9
29-Jan-2022 15:00, 1.029,  24.8,  24.3, 1007.8, 0.030,-0.024,  190,   3.3,   0.9
29-Jan-2022 16:00, 0.896,  24.8,  24.1, 1007.1, 0.031,-0.024,  199,   3.4,   1.1
29-Jan-2022 17:00, 0.755,  24.8,  24.1, 1006.7, 0.032,-0.030,  186,   2.3,   0.6
29-Jan-2022 18:00, 0.649,  24.8,  24.0, 1006.3, 0.051,-0.014,  191,   2.7,   1.1
29-Jan-2022 19:00, 0.566,  24.8,  24.0, 1006.2, 0.066,-0.003,  197,   2.4,   0.7
29-Jan-2022 20:00, 0.464,  24.8,  24.0, 1006.3, 0.029,-0.042,  163,   3.0,   1.0
29-Jan-2022 21:00, 0.480,  24.8,  23.8, 1006.8, 0.073, 0.004,  164,   1.9,   0.3
29-Jan-2022 22:00, 0.503,  24.7,  23.7, 1007.4, 0.079, 0.015,  179,   1.4,   0.8
29-Jan-2022 23:00, 0.546,  24.7,  24.4, 1008.1, 0.068, 0.011,  164,   2.3,   0.8
30-Jan-2022 00:00, 0.634,  24.7,  24.4, 1008.6, 0.081, 0.030,  199,   4.8,   2.2
30-Jan-2022 01:00, 0.704,  24.8,  25.4, 1008.5, 0.067, 0.021,  195,   4.6,   1.7
30-Jan-2022 02:00, 0.779,  24.7,  24.7, 1008.4, 0.069, 0.022,  212,   6.5,   3.6
30-Jan-2022 03:00, 0.841,  24.8,  25.0, 1008.8, 0.072, 0.024,  211,   6.5,   3.5
30-Jan-2022 04:00, 0.891,  24.9,  24.6, 1008.4, 0.066, 0.021,  209,   6.5,   3.2
30-Jan-2022 05:00, 0.934,  24.9,  24.7, 1007.9, 0.056, 0.008,  211,   6.8,   3.6
30-Jan-2022 06:00, 1.013,  24.9,  25.1, 1007.5, 0.077, 0.023,  215,   7.3,   3.5
30-Jan-2022 07:00, 1.058,  25.1,  24.9, 1007.1, 0.053,-0.004,  204,   7.9,   4.9
30-Jan-2022 08:00, 1.139,  25.1,  25.2, 1006.6, 0.051,-0.010,  204,   8.0,   4.7
30-Jan-2022 09:00, 1.266,  25.1,  25.1, 1006.0, 0.095, 0.028,  204,   9.0,   5.2
30-Jan-2022 10:00, 1.317,  25.2,  24.6, 1006.3, 0.073, 0.001,  202,  10.4,   4.0
30-Jan-2022 11:00, 1.383,  25.2,  24.7, 1006.5, 0.084, 0.016,  196,   7.8,   2.6
30-Jan-2022 12:00, 1.405,  25.2,  24.3, 1006.8, 0.089, 0.022,  190,   7.6,   2.4
30-Jan-2022 13:00, 1.386,  25.2,  24.2, 1007.2, 0.092, 0.029,  191,   6.8,   2.0
30-Jan-2022 14:00, 1.303,  25.3,  24.4, 1007.0, 0.078, 0.018,  196,   5.3,   1.6
30-Jan-2022 15:00, 1.212,  25.3,  24.3, 1007.1, 0.098, 0.036,  161,   4.7,   2.1
30-Jan-2022 16:00, 1.058,  25.3,  24.7, 1007.7, 0.080, 0.020,  164,   6.6,   3.5
30-Jan-2022 17:00, 0.876,  25.3,  23.8, 1008.2, 0.046,-0.008,  148,   6.3,   2.4
30-Jan-2022 18:00, 0.756,  25.3,  22.3, 1008.5, 0.069, 0.019,  157,   6.7,   4.0
30-Jan-2022 19:00, 0.607,  25.3,  21.4, 1009.3, 0.049, 0.003,  139,   6.8,   1.0
30-Jan-2022 20:00, 0.481,  25.2,  20.7, 1009.3, 0.018,-0.022,  126,   6.0,   1.7
30-Jan-2022 21:00, 0.483,  25.1,  20.4, 1010.0, 0.072, 0.034,  137,   5.2,   1.5
30-Jan-2022 22:00, 0.441,  25.0,  20.4, 1010.5, 0.042, 0.010,  151,   5.4,   1.9
30-Jan-2022 23:00, 0.466,  25.0,  21.2, 1011.1, 0.033, 0.006,  137,   6.3,   1.9
31-Jan-2022 00:00, 0.555,  24.9,  22.0, 1011.4, 0.053, 0.032,  147,   7.2,   3.3
31-Jan-2022 01:00, 0.616,  25.0,  23.4, 1011.4, 0.027, 0.009,  143,   8.7,   3.3
31-Jan-2022 02:00, 0.704,  25.0,  24.8, 1011.4, 0.033, 0.015,  144,   9.6,   3.1
31-Jan-2022 03:00, 0.771,  24.9,  26.1, 1010.9, 0.040, 0.021,  133,   8.2,   2.0
31-Jan-2022 04:00, 0.811,  24.9,  26.9, 1010.3, 0.034, 0.010,  153,   7.0,   3.6
31-Jan-2022 05:00, 0.828,  25.0,  28.1, 1009.6, 0.010,-0.019,  138,   8.6,   2.3
31-Jan-2022 06:00, 0.906,  25.0,  29.0, 1008.6, 0.037, 0.000,  158,   7.0,   2.7
31-Jan-2022 07:00, 0.934,  25.0,  30.5, 1008.3, 0.003,-0.044,  100,   9.1,   2.0
31-Jan-2022 08:00, 1.006,  25.1,  30.2, 1007.8, 0.001,-0.049,  150,  10.1,   3.6
31-Jan-2022 09:00, 1.128,  25.1,  30.0, 1007.8, 0.031,-0.023,  114,   9.7,   2.0
31-Jan-2022 10:00, 1.202,  25.1,  29.4, 1008.3, 0.020,-0.034,  127,   8.7,   2.6
31-Jan-2022 11:00, 1.233,  25.1,  28.0, 1009.2,-0.018,-0.066,  104,   8.3,   2.6
31-Jan-2022 12:00, 1.294,  25.0,  25.5, 1010.4,-0.003,-0.042,  104,  11.6,   2.5
31-Jan-2022 13:00, 1.263,  25.0,  23.7, 1011.5,-0.045,-0.072,  111,   9.1,   3.1
31-Jan-2022 14:00, 1.204,  25.0,  21.6, 1012.3,-0.073,-0.089,  102,  10.8,   3.0
31-Jan-2022 15:00, 1.144,  24.9,  20.4, 1012.7,-0.056,-0.065,   98,   9.4,   2.4
31-Jan-2022 16:00, 1.013,  24.9,  19.5, 1012.5,-0.070,-0.075,   89,  10.2,   2.1
31-Jan-2022 17:00, 0.874,  24.9,  18.7, 1012.3,-0.066,-0.073,   96,   8.7,   2.9
31-Jan-2022 18:00, 0.741,  24.9,  18.2, 1012.3,-0.053,-0.063,   87,   8.2,   1.9
31-Jan-2022 19:00, 0.582,  24.9,  17.9, 1012.4,-0.077,-0.087,  107,   9.2,   2.8
31-Jan-2022 20:00, 0.431,  24.8,  17.8, 1012.3,-0.109,-0.117,  102,   8.4,   2.9
31-Jan-2022 21:00, 0.368,  24.7,  17.6, 1012.2,-0.094,-0.104,   93,   8.3,   2.7
31-Jan-2022 22:00, 0.334,  24.6,  17.8, 1012.5,-0.094,-0.104,   99,   8.6,   3.1
31-Jan-2022 23:00, 0.327,  24.5,  18.4, 1012.9,-0.107,-0.114,   89,   9.4,   2.9
01-Feb-2022 00:00, 0.377,  24.5,  19.2, 1013.1,-0.105,-0.108,   87,   9.1,   4.4
01-Feb-2022 01:00, 0.433,  24.4,  20.2, 1013.1,-0.126,-0.127,  105,  10.7,   3.9
01-Feb-2022 02:00, 0.551,  24.4,  22.0, 1012.5,-0.091,-0.093,   80,   9.4,   5.5
01-Feb-2022 03:00, 0.606,  24.3,  23.5, 1011.8,-0.103,-0.111,  100,  10.2,   3.2
01-Feb-2022 04:00, 0.667,  24.3,  25.1, 1011.0,-0.085,-0.101,   85,   8.9,   4.8
01-Feb-2022 05:00, 0.687,  24.4,  26.4, 1010.3,-0.091,-0.114,  124,   9.2,   2.9
01-Feb-2022 06:00, 0.736,  24.3,  27.4, 1009.5,-0.073,-0.104,   70,   9.2,   4.9
01-Feb-2022 07:00, 0.778,  24.4,  29.0, 1008.8,-0.086,-0.124,  125,   8.7,   3.0
01-Feb-2022 08:00, 0.855,  24.4,  30.0, 1008.2,-0.072,-0.118,  104,   8.7,   2.1
01-Feb-2022 09:00, 0.944,  24.4,  30.1, 1008.1,-0.061,-0.111,   82,   8.5,   3.7
01-Feb-2022 10:00, 1.034,  24.4,  29.9, 1008.3,-0.062,-0.114,   84,   9.0,   4.3
01-Feb-2022 11:00, 1.111,  24.4,  29.1, 1008.9,-0.061,-0.110,   87,   8.5,   3.9
01-Feb-2022 12:00, 1.167,  24.4,  28.2, 1009.2,-0.064,-0.107,   90,   7.5,   3.1
01-Feb-2022 13:00, 1.223,  24.3,  27.0, 1009.7,-0.041,-0.081,   94,   7.9,   3.1
01-Feb-2022 14:00, 1.211,  24.3,  25.6, 1010.1,-0.054,-0.089,   97,  10.5,   3.3
01-Feb-2022 15:00, 1.168,  24.2,  24.0, 1010.2,-0.060,-0.091,   92,   9.8,   3.0
01-Feb-2022 16:00, 1.098,  24.2,  22.5, 1010.1,-0.050,-0.080,   87,   9.3,   4.0
01-Feb-2022 17:00, 0.962,  24.2,  21.1, 1009.5,-0.067,-0.099,   86,  10.8,   5.2
01-Feb-2022 18:00, 0.828,  24.1,  19.9, 1009.5,-0.060,-0.098,   82,  12.9,   6.4
01-Feb-2022 19:00, 0.687,  24.1,  19.1, 1009.3,-0.073,-0.110,   83,  12.7,   6.0
01-Feb-2022 20:00, 0.562,  24.1,  18.7, 1009.0,-0.081,-0.120,   81,  13.1,   7.0
01-Feb-2022 21:00, 0.474,  24.0,  18.7, 1009.3,-0.073,-0.115,   80,  12.1,   6.9
01-Feb-2022 22:00, 0.428,  23.9,  19.1, 1009.6,-0.070,-0.109,   79,  12.2,   7.3
01-Feb-2022 23:00, 0.390,  23.8,  19.6, 1010.1,-0.095,-0.130,   77,  12.7,   7.4
02-Feb-2022 00:00, 0.396,  23.7,  21.3, 1010.6,-0.111,-0.142,   71,  12.9,   6.9
02-Feb-2022 01:00, 0.497,  23.6,  22.9, 1010.9,-0.068,-0.094,   73,  14.5,   7.7
02-Feb-2022 02:00, 0.572,  23.5,  24.8, 1011.8,-0.064,-0.086,   77,  14.0,   6.6
02-Feb-2022 03:00, 0.635,  23.5,  26.6, 1011.5,-0.070,-0.085,   83,  12.6,   4.8
02-Feb-2022 04:00, 0.701,  23.6,  28.6, 1011.1,-0.051,-0.068,   71,  10.7,   5.0
02-Feb-2022 05:00, 0.750,  23.6,  29.9, 1010.5,-0.025,-0.047,   76,  10.8,   5.3
02-Feb-2022 06:00, 0.754,  23.6,  31.2, 1009.8,-0.030,-0.058,   87,  10.2,   4.3
02-Feb-2022 07:00, 0.766,  23.6,  32.5, 1009.0,-0.050,-0.085,   81,  10.8,   4.5
02-Feb-2022 08:00, 0.860,  23.8,  33.1, 1008.6,-0.010,-0.053,   73,  10.7,   5.0
02-Feb-2022 09:00, 0.931,  23.8,  33.0, 1008.5, 0.001,-0.046,   84,   8.3,   3.7
02-Feb-2022 10:00, 0.991,  23.8,  32.8, 1008.5,-0.017,-0.064,   79,   8.2,   3.9
02-Feb-2022 11:00, 1.104,  23.8,  32.3, 1008.9, 0.019,-0.027,   83,   7.6,   3.1
02-Feb-2022 12:00, 1.154,  23.8,  30.9, 1009.5, 0.010,-0.033,   91,   6.5,   1.1
02-Feb-2022 13:00, 1.205,  23.8,  29.8, 1009.7, 0.020,-0.017,   87,   3.1,   1.6
02-Feb-2022 14:00, 1.240,  23.7,  29.8, 1009.8, 0.038, 0.003,   82,   6.9,   3.6
02-Feb-2022 15:00, 1.215,  23.7,  29.5, 1009.5, 0.023,-0.011,   75,  10.1,   4.5
02-Feb-2022 16:00, 1.178,  23.7,  28.8, 1008.8, 0.029,-0.009,   73,  10.2,   5.9
02-Feb-2022 17:00, 1.090,  23.6,  28.2, 1008.4, 0.022,-0.023,   71,  11.8,   6.8
02-Feb-2022 18:00, 0.990,  23.6,  27.6, 1008.1, 0.037,-0.011,   68,  12.6,   6.4
02-Feb-2022 19:00, 0.866,  23.6,  27.2, 1007.9, 0.036,-0.015,   66,  12.2,   6.9
02-Feb-2022 20:00, 0.742,  23.6,  26.4, 1008.0, 0.013,-0.040,   65,  12.5,   7.8
02-Feb-2022 21:00, 0.672,  23.5,  25.7, 1008.1, 0.033,-0.019,   67,  13.1,   7.3
02-Feb-2022 22:00, 0.603,  23.4,  25.2, 1009.0, 0.020,-0.030,   65,  13.5,   5.9
02-Feb-2022 23:00, 0.606,  23.4,  25.4, 1009.6, 0.043, 0.001,   64,  10.8,   4.4
03-Feb-2022 00:00, 0.588,  23.4,  26.6, 1010.3, 0.016,-0.019,   51,  11.0,   5.1
03-Feb-2022 01:00, 0.637,  23.4,  28.2, 1010.0, 0.028,-0.002,   41,  11.4,   5.3
03-Feb-2022 02:00, 0.721,  23.4,  30.1, 1010.1, 0.058, 0.026,   65,  10.6,   4.7
03-Feb-2022 03:00, 0.761,  23.4,  31.6, 1009.7, 0.038, 0.006,   62,   9.4,   3.9
03-Feb-2022 04:00, 0.810,  23.5,  33.6, 1009.1, 0.039, 0.003,   59,   9.2,   4.6
03-Feb-2022 05:00, 0.837,  23.5,  35.1, 1008.2, 0.041,-0.001,   50,   9.0,   2.4
03-Feb-2022 06:00, 0.867,  23.6,  35.8, 1007.0, 0.065, 0.014,   71,   7.9,   3.6
03-Feb-2022 07:00, 0.869,  23.6,  36.9, 1006.6, 0.064, 0.002,   61,   9.2,   3.2
03-Feb-2022 08:00, 0.897,  23.6,  31.4, 1006.1, 0.061,-0.006,  231,   5.8,   2.6
03-Feb-2022 09:00, 0.959,  23.6,  27.6, 1006.1, 0.074, 0.003,  151,   5.9,   1.8
03-Feb-2022 10:00, 0.989,  23.7,  27.9, 1006.1, 0.046,-0.025,  188,   3.8,   1.9
03-Feb-2022 11:00, 1.088,  23.8,  26.6, 1006.3, 0.082, 0.011,  148,   4.2,   2.0
03-Feb-2022 12:00, 1.140,  23.9,  25.8, 1006.4, 0.082, 0.013,  166,   3.0,   1.8
03-Feb-2022 13:00, 1.162,  23.8,  32.5, 1006.6, 0.066,-0.002,   80,   3.6,   2.0
03-Feb-2022 14:00, 1.219,  23.8,  31.9, 1006.8, 0.105, 0.039,   78,   5.2,   2.8
03-Feb-2022 15:00, 1.210,  23.8,  30.3, 1006.8, 0.095, 0.031,   72,   5.5,   2.6
03-Feb-2022 16:00, 1.194,  23.8,  30.8, 1006.5, 0.099, 0.034,   72,   6.9,   4.1
03-Feb-2022 17:00, 1.143,  23.8,  29.6, 1006.2, 0.096, 0.029,   73,   6.4,   2.8
03-Feb-2022 18:00, 1.082,  23.8,  30.1, 1005.9, 0.113, 0.042,   66,   7.7,   4.0
03-Feb-2022 19:00, 0.958,  23.8,  29.3, 1006.0, 0.092, 0.019,   64,   7.8,   4.2
03-Feb-2022 20:00, 0.853,  23.8,  28.8, 1006.3, 0.079, 0.007,   64,   8.0,   4.2
03-Feb-2022 21:00, 0.816,  23.7,  28.0, 1007.2, 0.110, 0.042,   39,   7.2,   2.2
03-Feb-2022 22:00, 0.737,  23.7,  27.1, 1007.9, 0.078, 0.019,   24,   4.3,   1.0
03-Feb-2022 23:00, 0.730,  23.7,  28.1, 1008.3, 0.086, 0.033,   52,   4.9,   2.6
04-Feb-2022 00:00, 0.729,  23.7,  30.1, 1008.4, 0.077, 0.029,   32,   7.7,   4.6
04-Feb-2022 01:00, 0.722,  23.6,  32.3, 1008.3, 0.042,-0.006,   33,   8.1,   3.3
04-Feb-2022 02:00, 0.807,  23.6,  34.0, 1008.3, 0.086, 0.037,   19,   9.1,   4.6
04-Feb-2022 03:00, 0.815,  23.7,  31.2, 1008.4, 0.051, 0.002,   15,   6.9,   2.9
04-Feb-2022 04:00, 0.843,  23.8,  27.3, 1008.2, 0.033,-0.015,  176,   5.4,   1.8
04-Feb-2022 05:00, 0.894,  23.8,  29.0, 1007.5, 0.058, 0.007,  189,   3.1,   1.2
04-Feb-2022 06:00, 0.867,  23.9,  29.3, 1007.1, 0.023,-0.035,  189,   3.8,   1.6
04-Feb-2022 07:00, 0.863,  24.0,  27.5, 1006.9, 0.024,-0.037,  159,   3.7,   2.0
04-Feb-2022 08:00, 0.882,  24.1,  27.6, 1006.8, 0.042,-0.021,  165,   3.5,   2.0
04-Feb-2022 09:00, 0.884,  24.1,  28.0, 1006.7, 0.015,-0.049,  162,   3.7,   1.5
04-Feb-2022 10:00, 0.946,  24.2,  28.2, 1006.9, 0.038,-0.027,  173,   3.5,   1.6
04-Feb-2022 11:00, 0.984,  24.2,  27.8, 1007.1, 0.029,-0.034,  174,   3.0,   0.9
04-Feb-2022 12:00, 1.044,  24.2,  27.2, 1007.4, 0.051,-0.010,  153,   2.4,   0.4
04-Feb-2022 13:00, 1.044,  24.2,  27.2, 1007.7, 0.025,-0.033,  161,   1.4,   0.7
04-Feb-2022 14:00, 1.091,  24.3,  26.1, 1007.8, 0.058, 0.003,  204,   1.3,   0.7
04-Feb-2022 15:00, 1.089,  24.3,  24.7, 1007.8, 0.062, 0.008,  181,   1.6,   0.9
04-Feb-2022 16:00, 1.080,  24.2,  24.3, 1007.7, 0.067, 0.013,  183,   2.0,   1.3
04-Feb-2022 17:00, 1.022,  24.2,  24.0, 1007.5, 0.038,-0.018,  180,   2.2,   1.0
04-Feb-2022 18:00, 1.014,  24.2,  23.9, 1007.2, 0.079, 0.022,   68,   2.6,   0.7
04-Feb-2022 19:00, 0.922,  24.2,  23.4, 1007.0, 0.057,-0.003,  143,   0.7,   0.2
04-Feb-2022 20:00, 0.836,  24.1,  23.2, 1007.1, 0.051,-0.011,   61,   0.9,   0.4
04-Feb-2022 21:00, 0.776,  24.2,  23.1, 1007.2, 0.047,-0.014,  168,   1.2,   0.4
04-Feb-2022 22:00, 0.781,  24.2,  22.9, 1007.7, 0.082, 0.022,   88,   1.7,   0.7
04-Feb-2022 23:00, 0.727,  24.2,  25.9, 1007.8, 0.026,-0.029,   65,   4.0,   2.1
05-Feb-2022 00:00, 0.790,  24.1,  29.9, 1007.8, 0.069, 0.015,   41,   3.7,   1.7
05-Feb-2022 01:00, 0.792,  24.1,  32.5, 1007.5, 0.042,-0.012,   35,   6.4,   2.7
05-Feb-2022 02:00, 0.839,  24.2,  35.0, 1007.3, 0.047,-0.010,   22,   6.6,   3.2
05-Feb-2022 03:00, 0.883,  24.2,  30.4, 1006.9, 0.056,-0.003,  240,   4.8,   1.7
05-Feb-2022 04:00, 0.920,  24.3,  30.7, 1006.5, 0.061,-0.002,  167,   2.7,   1.5
05-Feb-2022 05:00, 0.928,  24.3,  30.9, 1005.7, 0.040,-0.028,  198,   3.0,   1.3
05-Feb-2022 06:00, 0.948,  24.4,  30.4, 1005.1, 0.050,-0.025,  187,   2.7,   1.9
05-Feb-2022 07:00, 0.952,  24.5,  29.9, 1004.7, 0.058,-0.023,  202,   3.6,   1.7
05-Feb-2022 08:00, 0.931,  24.6,  28.4, 1004.1, 0.050,-0.036,  187,   3.7,   1.8
05-Feb-2022 09:00, 0.931,  24.6,  26.3, 1004.0, 0.049,-0.042,  190,   4.9,   2.1
05-Feb-2022 10:00, 0.940,  24.7,  25.7, 1004.0, 0.039,-0.053,  197,   6.0,   1.9
05-Feb-2022 11:00, 0.942,  24.8,  25.4, 1004.2, 0.011,-0.080,  190,   4.0,   1.3
05-Feb-2022 12:00, 0.996,  24.8,  24.8, 1004.5, 0.039,-0.050,  193,   2.9,   0.7
05-Feb-2022 13:00, 1.026,  24.8,  24.8, 1004.5, 0.062,-0.025,  197,   2.3,   0.9
05-Feb-2022 14:00, 1.015,  24.8,  24.1, 1004.3, 0.046,-0.041,  223,   2.7,   1.9
05-Feb-2022 15:00, 1.033,  24.7,  24.0, 1003.8, 0.076,-0.013,  210,   2.5,   1.1
05-Feb-2022 16:00, 1.019,  24.7,  23.8, 1003.1, 0.089,-0.006,  205,   3.2,   1.4
05-Feb-2022 17:00, 0.989,  24.7,  23.7, 1002.3, 0.081,-0.021,  225,   2.0,   1.3
05-Feb-2022 18:00, 0.976,  24.6,  23.3, 1001.5, 0.103,-0.007,  227,   3.7,   1.1
05-Feb-2022 19:00, 0.928,  24.7,  23.0, 1001.1, 0.103,-0.015,  203,   4.7,   1.7
05-Feb-2022 20:00, 0.889,  24.6,  22.8, 1001.0, 0.118,-0.002,  206,   5.5,   1.9
05-Feb-2022 21:00, 0.852,  24.6,  22.5, 1000.9, 0.129, 0.006,  215,   3.8,   1.3
05-Feb-2022 22:00, 0.822,  24.6,  22.6, 1001.6, 0.117,-0.005,  224,   4.4,   2.2
05-Feb-2022 23:00, 0.833,  24.6,  22.5, 1002.0, 0.112,-0.004,  221,   4.2,   2.9
06-Feb-2022 00:00, 0.920,  24.6,  22.6, 1002.7, 0.157, 0.046,  238,   5.4,   3.6
06-Feb-2022 01:00, 0.882,  24.6,  23.2, 1002.6, 0.079,-0.025,  223,   6.1,   4.0
06-Feb-2022 02:00, 0.967,  24.6,  23.1, 1002.5, 0.118, 0.013,  234,   5.0,   2.4
06-Feb-2022 03:00, 1.050,  24.6,  23.2, 1002.4, 0.157, 0.051,  275,   5.2,   3.4
06-Feb-2022 04:00, 1.045,  24.7,  22.9, 1002.5, 0.129, 0.021,  253,   8.0,   5.4
06-Feb-2022 05:00, 1.082,  24.9,  22.7, 1002.8, 0.143, 0.037,  256,   9.6,   5.5
06-Feb-2022 06:00, 1.073,  25.0,  22.8, 1002.4, 0.117, 0.012,  267,   9.6,   4.1
06-Feb-2022 07:00, 1.051,  25.0,  23.0, 1002.6, 0.098,-0.009,  270,   8.9,   5.7
06-Feb-2022 08:00, 1.108,  25.0,  22.3, 1002.2, 0.166, 0.059,  240,  12.1,   8.2
06-Feb-2022 09:00, 1.083,  24.9,  19.5, 1003.2, 0.155, 0.046,  233,  15.7,  10.1
06-Feb-2022 10:00, 0.998,  24.9,  19.8, 1003.9, 0.077,-0.022,  246,  17.2,  11.0
06-Feb-2022 11:00, 1.040,  24.9,  20.2, 1004.4, 0.114, 0.022,  241,  14.7,   8.7
06-Feb-2022 12:00, 1.032,  24.9,  20.4, 1005.0, 0.090, 0.003,  238,  13.4,   7.5
06-Feb-2022 13:00, 1.011,  24.9,  20.3, 1005.9, 0.073,-0.008,  247,  14.0,   9.9
06-Feb-2022 14:00, 0.995,  24.7,  19.6, 1006.5, 0.074, 0.001,  228,  12.3,   7.1
06-Feb-2022 15:00, 0.994,  24.6,  20.0, 1006.7, 0.086, 0.019,  230,  12.4,   9.0
06-Feb-2022 16:00, 0.938,  24.5,  20.1, 1006.6, 0.064,-0.001,  230,  15.0,   9.2
06-Feb-2022 17:00, 0.916,  24.4,  19.7, 1006.8, 0.079, 0.013,  238,  13.0,   8.3
06-Feb-2022 18:00, 0.850,  24.4,  19.9, 1006.8, 0.041,-0.023,  232,  11.4,   7.3
06-Feb-2022 19:00, 0.812,  24.3,  19.9, 1006.5, 0.039,-0.025,  221,  11.2,   7.9
06-Feb-2022 20:00, 0.811,  24.2,  19.8, 1006.7, 0.076, 0.009,  219,  12.8,   7.8
06-Feb-2022 21:00, 0.735,  24.1,  19.5, 1007.0, 0.031,-0.035,  216,  13.4,   7.1
06-Feb-2022 22:00, 0.743,  24.1,  19.2, 1008.1, 0.050,-0.011,  210,  11.4,   5.9
06-Feb-2022 23:00, 0.728,  24.0,  20.0, 1008.4, 0.017,-0.034,  215,  11.3,   6.0
07-Feb-2022 00:00, 0.786,  24.0,  20.3, 1009.4, 0.018,-0.029,  208,   9.5,   4.6
07-Feb-2022 01:00, 0.841,  23.9,  20.5, 1009.8, 0.010,-0.028,  225,  10.1,   6.6
07-Feb-2022 02:00, 0.866,  23.9,  20.7, 1010.3,-0.014,-0.048,  220,  10.5,   6.2
07-Feb-2022 03:00, 0.934,  23.9,  21.2, 1010.9, 0.000,-0.029,  212,   9.5,   4.7
07-Feb-2022 04:00, 0.936,  23.8,  21.1, 1010.8,-0.034,-0.057,  221,   9.6,   6.6
07-Feb-2022 05:00, 0.961,  23.8,  21.4, 1011.1,-0.025,-0.049,  218,   9.3,   5.5
07-Feb-2022 06:00, 0.976,  23.9,  21.2, 1011.0,-0.030,-0.052,  213,   9.7,   5.5
07-Feb-2022 07:00, 0.930,  23.9,  21.6, 1011.0,-0.082,-0.104,  216,   9.4,   5.0
07-Feb-2022 08:00, 0.958,  23.9,  21.2, 1010.9,-0.045,-0.067,  212,   7.8,   4.4
07-Feb-2022 09:00, 0.948,  24.0,  20.9, 1011.0,-0.037,-0.060,  212,   9.4,   4.7
07-Feb-2022 10:00, 0.885,  24.0,  20.6, 1010.8,-0.080,-0.103,  207,  10.3,   4.6
07-Feb-2022 11:00, 0.883,  23.9,  20.3, 1011.5,-0.063,-0.086,  208,   8.6,   4.8
07-Feb-2022 12:00, 0.863,  23.9,  20.3, 1011.9,-0.076,-0.093,  204,   9.2,   4.5
07-Feb-2022 13:00, 0.871,  23.8,  20.1, 1012.4,-0.060,-0.073,  204,   9.3,   4.9
07-Feb-2022 14:00, 0.827,  23.8,  20.2, 1012.8,-0.072,-0.080,  201,   8.7,   3.3
07-Feb-2022 15:00, 0.788,  23.8,  20.3, 1013.0,-0.082,-0.086,  204,   7.2,   3.6
07-Feb-2022 16:00, 0.746,  23.7,  19.8, 1013.1,-0.092,-0.094,  155,   7.6,   3.5
07-Feb-2022 17:00, 0.709,  23.7,  19.3, 1012.9,-0.082,-0.084,  154,   6.3,   2.4
07-Feb-2022 18:00, 0.677,  23.7,  18.9, 1012.7,-0.077,-0.080,  155,   6.9,   3.3
07-Feb-2022 19:00, 0.639,  23.7,  18.3, 1012.6,-0.086,-0.092,  144,   5.9,   1.2
07-Feb-2022 20:00, 0.596,  23.6,  17.5, 1012.8,-0.101,-0.107,   86,   2.6,   0.8
07-Feb-2022 21:00, 0.587,  23.6,  16.5, 1013.3,-0.091,-0.095,   71,   2.9,   1.3
07-Feb-2022 22:00, 0.586,  23.6,  16.3, 1013.8,-0.091,-0.090,   68,   2.7,   1.2
07-Feb-2022 23:00, 0.596,  23.6,  17.8, 1014.3,-0.100,-0.094,   47,   3.9,   1.0
08-Feb-2022 00:00, 0.649,  23.6,  19.6, 1015.0,-0.099,-0.088,   78,   3.3,   1.5
08-Feb-2022 01:00, 0.724,  23.6,  20.5, 1014.9,-0.104,-0.087,  216,   2.6,   1.0
08-Feb-2022 02:00, 0.791,  23.6,  20.5, 1014.8,-0.101,-0.085,  248,   3.6,   2.7
08-Feb-2022 03:00, 0.859,  23.6,  21.3, 1014.6,-0.087,-0.072,  233,   4.5,   3.1
08-Feb-2022 04:00, 0.902,  23.7,  21.8, 1014.1,-0.096,-0.083,  236,   5.8,   4.0
08-Feb-2022 05:00, 0.930,  23.8,  21.7, 1013.7,-0.095,-0.087,  226,   6.0,   4.4
08-Feb-2022 06:00, 0.962,  23.8,  22.0, 1013.3,-0.079,-0.075,  231,   7.0,   4.5
08-Feb-2022 07:00, 0.957,  23.9,  22.1, 1012.8,-0.101,-0.101,  221,   7.3,   5.0
08-Feb-2022 08:00, 0.953,  23.9,  22.4, 1012.7,-0.104,-0.109,  207,   7.9,   4.3
08-Feb-2022 09:00, 0.938,  23.9,  22.4, 1012.7,-0.105,-0.110,  208,   8.5,   4.3
08-Feb-2022 10:00, 0.922,  23.9,  22.2, 1012.4,-0.097,-0.103,  201,   8.4,   4.4
08-Feb-2022 11:00, 0.908,  24.0,  21.7, 1012.7,-0.079,-0.087,  199,   8.8,   3.8
08-Feb-2022 12:00, 0.850,  24.0,  21.7, 1012.9,-0.103,-0.108,  195,   7.3,   3.2
08-Feb-2022 13:00, 0.833,  23.9,  21.5, 1013.3,-0.098,-0.101,  193,   7.2,   2.7
08-Feb-2022 14:00, 0.816,  23.9,  21.3, 1013.5,-0.081,-0.080,  186,   6.7,   2.4
08-Feb-2022 15:00, 0.710,  23.9,  21.1, 1013.4,-0.136,-0.134,  164,   7.3,   3.1
08-Feb-2022 16:00, 0.705,  23.8,  20.2, 1013.3,-0.103,-0.101,  156,   5.7,   2.8
08-Feb-2022 17:00, 0.656,  23.9,  19.8, 1012.8,-0.107,-0.108,  158,   5.4,   3.1
08-Feb-2022 18:00, 0.596,  23.8,  19.6, 1012.7,-0.120,-0.124,  155,   5.8,   2.9
08-Feb-2022 19:00, 0.570,  23.8,  19.0, 1012.6,-0.114,-0.120,  124,   4.3,   1.0
08-Feb-2022 20:00, 0.531,  23.8,  18.8, 1012.6,-0.133,-0.139,  134,   4.2,   0.7
08-Feb-2022 21:00, 0.497,  23.8,  18.4, 1012.7,-0.154,-0.161,  154,   5.4,   2.4
08-Feb-2022 22:00, 0.531,  23.7,  18.5, 1013.4,-0.127,-0.132,  158,   5.6,   3.2
08-Feb-2022 23:00, 0.557,  23.7,  18.9, 1013.8,-0.128,-0.126,  154,   5.4,   3.1
09-Feb-2022 00:00, 0.581,  23.7,  19.9, 1013.9,-0.149,-0.143,  160,   6.3,   3.9
09-Feb-2022 01:00, 0.656,  23.7,  21.3, 1014.0,-0.148,-0.142,  177,   5.7,   2.2
09-Feb-2022 02:00, 0.765,  23.7,  22.6, 1014.0,-0.120,-0.113,  182,   5.5,   2.1
09-Feb-2022 03:00, 0.792,  23.7,  22.7, 1013.2,-0.149,-0.142,  210,   6.1,   3.7
09-Feb-2022 04:00, 0.864,  23.7,  22.6, 1012.9,-0.131,-0.131,  207,   8.2,   4.4
09-Feb-2022 05:00, 0.899,  23.6,  22.8, 1012.3,-0.140,-0.144,  207,   8.7,   4.2
09-Feb-2022 06:00, 0.901,  23.7,  22.4, 1011.9,-0.162,-0.171,  206,   9.2,   5.0
09-Feb-2022 07:00, 0.949,  23.8,  22.0, 1011.4,-0.136,-0.150,  205,   9.4,   5.8
09-Feb-2022 08:00, 0.940,  23.9,  22.2, 1011.3,-0.158,-0.177,  205,   9.2,   4.7
09-Feb-2022 09:00, 0.925,  23.9,  22.5, 1011.0,-0.168,-0.188,  203,   8.8,   4.3
09-Feb-2022 10:00, 0.931,  23.9,  22.7, 1011.0,-0.144,-0.166,  200,   9.1,   3.8
09-Feb-2022 11:00, 0.892,  23.9,  22.6, 1011.3,-0.148,-0.171,  199,   7.4,   3.0
09-Feb-2022 12:00, 0.826,  23.9,  22.6, 1011.7,-0.167,-0.186,  194,   6.2,   1.9
09-Feb-2022 13:00, 0.796,  23.9,  22.5, 1011.7,-0.148,-0.164,  192,   6.9,   1.6
09-Feb-2022 14:00, 0.751,  23.9,  22.5, 1011.5,-0.152,-0.167,  175,   5.5,   1.9
09-Feb-2022 15:00, 0.681,  23.9,  22.6, 1010.8,-0.162,-0.180,  166,   5.2,   2.4
09-Feb-2022 16:00, 0.654,  23.9,  21.9, 1010.2,-0.132,-0.157,  157,   4.9,   2.2
09-Feb-2022 17:00, 0.603,  23.9,  21.0, 1009.9,-0.138,-0.168,  158,   3.2,   1.6
09-Feb-2022 18:00, 0.537,  23.8,  20.2, 1009.5,-0.156,-0.189,  103,   3.1,   0.6
09-Feb-2022 19:00, 0.514,  23.8,  21.5, 1009.2,-0.140,-0.177,   87,   3.6,   1.6
09-Feb-2022 20:00, 0.484,  23.8,  21.5, 1009.0,-0.150,-0.191,   81,   7.0,   3.7
09-Feb-2022 21:00, 0.485,  23.7,  20.7, 1009.2,-0.143,-0.185,   82,   8.5,   4.5
09-Feb-2022 22:00, 0.497,  23.7,  20.2, 1009.2,-0.144,-0.185,   80,  10.3,   5.6
09-Feb-2022 23:00, 0.555,  23.6,  20.6, 1009.8,-0.119,-0.158,   85,   9.5,   3.1
10-Feb-2022 00:00, 0.614,  23.6,  22.3, 1009.9,-0.106,-0.140,   94,   7.5,   2.1
10-Feb-2022 01:00, 0.672,  23.6,  25.1, 1009.5,-0.109,-0.143,   87,   6.1,   2.5
10-Feb-2022 02:00, 0.762,  23.6,  27.8, 1009.1,-0.097,-0.135,   80,   5.7,   3.1
10-Feb-2022 03:00, 0.853,  23.6,  30.4, 1008.4,-0.073,-0.115,   84,   6.8,   2.3
10-Feb-2022 04:00, 0.888,  23.6,  32.7, 1007.5,-0.087,-0.136,   99,   6.1,   1.3
10-Feb-2022 05:00, 0.977,  23.7,  26.9, 1006.8,-0.048,-0.106,  210,   5.5,   2.9
10-Feb-2022 06:00, 0.983,  23.7,  26.7, 1006.6,-0.080,-0.145,  200,   6.2,   2.6
10-Feb-2022 07:00, 1.023,  23.7,  27.0, 1006.2,-0.070,-0.137,  185,   4.0,   1.9
10-Feb-2022 08:00, 1.061,  23.8,  26.8, 1005.9,-0.060,-0.130,  190,   6.2,   1.8
10-Feb-2022 09:00, 1.065,  23.8,  26.1, 1005.8,-0.066,-0.139,  196,   5.1,   1.9
10-Feb-2022 10:00, 1.054,  23.9,  25.4, 1005.7,-0.069,-0.143,  194,   4.8,   2.0
10-Feb-2022 11:00, 1.058,  23.8,  24.2, 1006.3,-0.037,-0.112,  190,   6.8,   2.5
10-Feb-2022 12:00, 0.990,  23.8,  23.9, 1007.0,-0.057,-0.125,  190,   6.1,   2.3
10-Feb-2022 13:00, 0.919,  23.8,  23.9, 1007.4,-0.064,-0.125,  195,   5.1,   1.3
10-Feb-2022 14:00, 0.869,  23.9,  23.8, 1007.6,-0.052,-0.109,  195,   3.9,   1.3
10-Feb-2022 15:00, 0.817,  23.9,  23.5, 1006.9,-0.038,-0.095,  197,   2.8,   1.2
10-Feb-2022 16:00, 0.745,  23.8,  23.4, 1006.5,-0.038,-0.102,  189,   2.8,   0.7
10-Feb-2022 17:00, 0.722,  23.8,  23.4, 1006.2,-0.001,-0.069,  189,   2.9,   1.0
10-Feb-2022 18:00, 0.649,  23.8,  23.2, 1005.8,-0.025,-0.096,  217,   4.2,   2.5
10-Feb-2022 19:00, 0.612,  23.8,  23.0, 1006.0,-0.021,-0.094,  187,   4.2,   1.0
10-Feb-2022 20:00, 0.606,  23.8,  22.9, 1006.1,-0.004,-0.076,  190,   2.8,   0.4
10-Feb-2022 21:00, 0.616,  23.8,  22.8, 1006.3, 0.009,-0.061,  207,   2.3,   0.9
10-Feb-2022 22:00, 0.604,  23.8,  21.9, 1006.8,-0.019,-0.088,   78,   2.9,   0.5
10-Feb-2022 23:00, 0.685,  23.8,  22.0, 1007.6, 0.024,-0.040,   28,   1.8,   0.6
11-Feb-2022 00:00, 0.729,  23.8,  23.3, 1007.9, 0.017,-0.039,  276,   1.2,   0.5
11-Feb-2022 01:00, 0.770,  23.8,  23.6, 1008.5, 0.003,-0.050,  262,   1.9,   1.3
11-Feb-2022 02:00, 0.857,  23.8,  23.7, 1008.7, 0.025,-0.022,  248,   2.5,   1.7
11-Feb-2022 03:00, 0.911,  23.9,  24.3, 1008.7, 0.014,-0.031,  296,   3.9,   2.1
11-Feb-2022 04:00, 0.974,  24.0,  23.7, 1008.5, 0.027,-0.019,  272,   6.4,   4.0
11-Feb-2022 05:00, 1.023,  24.0,  23.8, 1008.2, 0.029,-0.019,  255,   5.3,   3.3
11-Feb-2022 06:00, 1.062,  24.0,  24.5, 1007.9, 0.022,-0.029,  234,   6.1,   3.5
11-Feb-2022 07:00, 1.102,  24.1,  24.4, 1007.8, 0.018,-0.035,  220,   6.3,   2.7
11-Feb-2022 08:00, 1.160,  24.1,  23.9, 1007.1, 0.036,-0.019,  207,   5.8,   3.2
11-Feb-2022 09:00, 1.188,  24.1,  23.3, 1007.1, 0.035,-0.027,  200,   6.6,   3.0
11-Feb-2022 10:00, 1.185,  24.2,  23.1, 1007.7, 0.023,-0.037,  205,   6.2,   3.1
11-Feb-2022 11:00, 1.187,  24.3,  22.9, 1008.4, 0.040,-0.014,  206,   6.0,   3.3
11-Feb-2022 12:00, 1.133,  24.3,  22.9, 1009.2, 0.028,-0.020,  207,   5.7,   3.5
11-Feb-2022 13:00, 1.090,  24.3,  22.9, 1010.0, 0.050, 0.011,  194,   7.4,   2.2
11-Feb-2022 14:00, 1.008,  24.3,  22.4, 1010.5, 0.047, 0.016,  195,   5.6,   2.6
11-Feb-2022 15:00, 0.903,  24.4,  22.3, 1010.6, 0.022,-0.005,  187,   5.2,   1.6
11-Feb-2022 16:00, 0.843,  24.4,  22.3, 1011.0, 0.045, 0.020,  164,   5.4,   2.0
11-Feb-2022 17:00, 0.768,  24.4,  22.2, 1010.4, 0.047, 0.024,  172,   3.7,   1.7
11-Feb-2022 18:00, 0.698,  24.4,  22.3, 1010.0, 0.037, 0.008,  207,   3.3,   1.7
11-Feb-2022 19:00, 0.675,  24.4,  22.2, 1009.7, 0.058, 0.026,  208,   4.0,   2.2
11-Feb-2022 20:00, 0.617,  24.3,  22.0, 1009.6, 0.027,-0.008,  210,   5.1,   3.0
11-Feb-2022 21:00, 0.627,  24.3,  22.0, 1009.8, 0.042, 0.005,  194,   5.9,   2.3
11-Feb-2022 22:00, 0.657,  24.3,  22.1, 1010.5, 0.053, 0.019,  194,   6.0,   2.0
11-Feb-2022 23:00, 0.663,  24.3,  21.4, 1011.3, 0.019,-0.008,  157,   4.7,   2.7
12-Feb-2022 00:00, 0.731,  24.3,  21.5, 1012.2, 0.032, 0.014,  176,   5.7,   2.4
12-Feb-2022 01:00, 0.759,  24.3,  21.9, 1012.8, 0.003,-0.007,  185,   5.9,   2.6
12-Feb-2022 02:00, 0.816,  24.3,  23.0, 1012.8, 0.004, 0.000,  196,   6.2,   2.8
12-Feb-2022 03:00, 0.882,  24.3,  23.2, 1012.8, 0.016, 0.012,  206,   7.3,   4.0
12-Feb-2022 04:00, 0.929,  24.3,  23.4, 1012.8, 0.016, 0.012,  211,   7.7,   4.2
12-Feb-2022 05:00, 0.949,  24.3,  23.5, 1012.5,-0.008,-0.012,  207,   8.0,   4.5
12-Feb-2022 06:00, 1.023,  24.3,  23.4, 1012.1, 0.021, 0.013,  204,   8.7,   4.8
12-Feb-2022 07:00, 1.062,  24.3,  23.0, 1011.8, 0.008,-0.003,  202,   9.1,   5.4
12-Feb-2022 08:00, 1.097,  24.4,  22.9, 1011.5,-0.011,-0.025,  203,  10.2,   5.5
12-Feb-2022 09:00, 1.179,  24.5,  23.1, 1011.2, 0.024, 0.006,  202,   9.8,   5.6
12-Feb-2022 10:00, 1.213,  24.6,  23.0, 1011.5, 0.027, 0.007,  200,   9.5,   4.6
12-Feb-2022 11:00, 1.184,  24.6,  23.0, 1012.0,-0.005,-0.022,  199,   9.7,   4.2
12-Feb-2022 12:00, 1.165,  24.6,  22.6, 1012.7, 0.003,-0.008,  196,   8.2,   3.3
12-Feb-2022 13:00, 1.139,  24.6,  23.0, 1012.9, 0.035, 0.030,  196,   7.3,   2.5
12-Feb-2022 14:00, 1.025,  24.5,  23.4, 1012.7, 0.003,-0.001,  188,   6.4,   1.6
12-Feb-2022 15:00, 0.938,  24.4,  22.6, 1012.8, 0.010, 0.004,  153,   5.1,   1.9
12-Feb-2022 16:00, 0.840,  24.4,  22.8, 1013.0, 0.010, 0.006,  153,   3.5,   1.4
12-Feb-2022 17:00, 0.730,  24.4,  22.5, 1012.9,-0.009,-0.012,  114,   4.5,   1.5
12-Feb-2022 18:00, 0.649,  24.4,  21.3, 1013.0,-0.014,-0.018,  107,   8.2,   1.5
12-Feb-2022 19:00, 0.598,  24.3,  20.1, 1013.4,-0.009,-0.011,   90,   7.0,   2.8
12-Feb-2022 20:00, 0.540,  24.3,  19.5, 1013.6,-0.034,-0.033,  105,   6.3,   1.8
12-Feb-2022 21:00, 0.588,  24.2,  19.6, 1013.7, 0.022, 0.026,  136,   5.5,   0.8
12-Feb-2022 22:00, 0.607,  24.2,  19.8, 1014.0, 0.023, 0.028,  139,   3.4,   1.3
12-Feb-2022 23:00, 0.609,  24.2,  20.8, 1014.5,-0.016,-0.008,  125,   3.3,   1.4
13-Feb-2022 00:00, 0.722,  24.1,  22.2, 1014.6, 0.040, 0.052,   80,   7.0,   3.0
13-Feb-2022 01:00, 0.749,  24.1,  23.8, 1014.8, 0.006, 0.020,   89,   7.0,   3.4
13-Feb-2022 02:00, 0.793,  24.1,  25.5, 1014.7,-0.002, 0.013,   85,   6.9,   2.2
13-Feb-2022 03:00, 0.889,  24.2,  27.1, 1014.1, 0.048, 0.063,  104,   6.2,   1.6
13-Feb-2022 04:00, 0.898,  24.2,  28.7, 1013.3, 0.021, 0.028,   92,   6.6,   2.1
13-Feb-2022 05:00, 0.933,  24.3,  29.7, 1012.7, 0.019, 0.018,  128,   6.4,   1.9
13-Feb-2022 06:00, 1.000,  24.3,  25.2, 1012.2, 0.042, 0.036,  206,   7.7,   4.1
13-Feb-2022 07:00, 1.052,  24.4,  25.1, 1011.8, 0.043, 0.032,  196,   8.1,   2.7
13-Feb-2022 08:00, 1.096,  24.4,  25.2, 1011.3, 0.023, 0.009,  193,   7.5,   2.1
13-Feb-2022 09:00, 1.168,  24.5,  24.9, 1010.9, 0.032, 0.013,  193,   7.3,   3.1
13-Feb-2022 10:00, 1.231,  24.5,  24.5, 1011.0, 0.045, 0.021,  191,   6.9,   2.8
13-Feb-2022 11:00, 1.254,  24.5,  24.0, 1011.6, 0.041, 0.019,  193,   5.9,   2.4
13-Feb-2022 12:00, 1.229,  24.5,  23.9, 1012.3, 0.021, 0.005,  192,   5.8,   2.1
13-Feb-2022 13:00, 1.205,  24.5,  24.1, 1012.7, 0.039, 0.030,  183,   5.4,   1.6
13-Feb-2022 14:00, 1.131,  24.5,  24.0, 1013.0, 0.040, 0.035,  178,   4.1,   1.2
13-Feb-2022 15:00, 1.022,  24.5,  24.0, 1012.8, 0.029, 0.026,  173,   2.6,   1.2
13-Feb-2022 16:00, 0.938,  24.5,  23.7, 1012.6, 0.055, 0.050,  154,   2.7,   1.2
13-Feb-2022 17:00, 0.823,  24.5,  23.8, 1012.4, 0.048, 0.042,  167,   2.0,   0.8
13-Feb-2022 18:00, 0.739,  24.5,  24.2, 1012.1, 0.055, 0.046,   75,   1.5,   0.5
13-Feb-2022 19:00, 0.692,  24.5,  25.5, 1011.8, 0.079, 0.067,   91,   1.6,   0.7
13-Feb-2022 20:00, 0.642,  24.5,  25.8, 1011.7, 0.072, 0.057,   82,   6.0,   2.7
13-Feb-2022 21:00, 0.645,  24.4,  24.2, 1012.2, 0.091, 0.076,   80,   7.0,   3.8
13-Feb-2022 22:00, 0.664,  24.4,  23.5, 1013.1, 0.098, 0.088,   77,   8.3,   4.4
13-Feb-2022 23:00, 0.688,  24.3,  23.7, 1014.1, 0.082, 0.081,   78,   7.3,   4.1
14-Feb-2022 00:00, 0.757,  24.3,  25.3, 1015.0, 0.093, 0.103,   73,   7.6,   4.1
14-Feb-2022 01:00, 0.809,  24.3,  28.2, 1015.2, 0.083, 0.101,   76,   6.8,   4.0
14-Feb-2022 02:00, 0.867,  24.3,  29.9, 1015.3, 0.086, 0.106,   62,   7.4,   2.9
14-Feb-2022 03:00, 0.913,  24.3,  32.1, 1014.8, 0.091, 0.111,  171,   4.6,   1.6
14-Feb-2022 04:00, 0.959,  24.4,  28.7, 1014.1, 0.110, 0.124,  224,   5.3,   3.6
14-Feb-2022 05:00, 0.970,  24.4,  27.7, 1013.9, 0.098, 0.106,  215,   6.7,   3.5
14-Feb-2022 06:00, 1.016,  24.5,  27.7, 1013.2, 0.106, 0.112,  218,   6.2,   3.7
14-Feb-2022 07:00, 1.058,  24.5,  27.4, 1012.9, 0.099, 0.098,  192,   6.5,   2.0
14-Feb-2022 08:00, 1.121,  24.6,  28.0, 1012.8, 0.097, 0.094,  186,   5.6,   1.5
14-Feb-2022 09:00, 1.188,  24.6,  27.6, 1012.7, 0.091, 0.086,  184,   4.8,   1.8
14-Feb-2022 10:00, 1.273,  24.6,  28.0, 1013.1, 0.110, 0.105,  183,   4.0,   1.6
14-Feb-2022 11:00, 1.325,  24.5,  26.3, 1013.5, 0.111, 0.109,  180,   4.9,   1.9
14-Feb-2022 12:00, 1.308,  24.5,  29.0, 1015.8, 0.076, 0.081,   67,  11.9,   5.6
14-Feb-2022 13:00, 1.267,  24.5,  27.8, 1016.4, 0.055, 0.081,   76,   8.8,   3.9
14-Feb-2022 14:00, 1.275,  24.6,  26.9, 1016.4, 0.121, 0.152,   65,   8.8,   4.5
14-Feb-2022 15:00, 1.153,  24.5,  26.8, 1016.9, 0.089, 0.120,   77,   8.4,   4.2
14-Feb-2022 16:00, 1.030,  24.5,  26.8, 1017.0, 0.078, 0.115,   73,   7.9,   3.6
14-Feb-2022 17:00, 0.959,  24.5,  26.4, 1016.8, 0.130, 0.167,   86,   5.2,   1.6
14-Feb-2022 18:00, 0.839,  24.5,  25.7, 1016.8, 0.117, 0.152,   77,   2.9,   1.5
14-Feb-2022 19:00, 0.743,  24.5,  25.4, 1016.8, 0.106, 0.141,   81,   4.1,   2.0
14-Feb-2022 20:00, 0.699,  24.5,  25.3, 1016.7, 0.119, 0.154,   84,   5.6,   2.7
14-Feb-2022 21:00, 0.705,  24.5,  24.5, 1017.1, 0.148, 0.182,   77,   6.4,   3.4
14-Feb-2022 22:00, 0.675,  24.5,  23.6, 1017.9, 0.115, 0.154,   87,   7.5,   2.1
14-Feb-2022 23:00, 0.699,  24.5,  23.3, 1018.6, 0.107, 0.154,   82,   6.7,   3.7
15-Feb-2022 00:00, 0.790,  24.5,  24.5, 1019.2, 0.140, 0.194,   81,   8.1,   3.5
15-Feb-2022 01:00, 0.813,  24.5,  26.8, 1019.4, 0.099, 0.159,   69,   7.0,   4.0
15-Feb-2022 02:00, 0.893,  24.5,  29.1, 1019.3, 0.123, 0.184,   83,   6.2,   3.2
15-Feb-2022 03:00, 0.929,  24.6,  31.5, 1018.8, 0.119, 0.179,   66,   6.0,   2.6
15-Feb-2022 04:00, 0.953,  24.6,  32.8, 1018.2, 0.121, 0.176,   99,   6.6,   1.4
15-Feb-2022 05:00, 0.953,  24.7,  28.0, 1017.6, 0.110, 0.159,  212,   5.9,   2.9
15-Feb-2022 06:00, 0.977,  24.7,  27.9, 1016.9, 0.112, 0.155,  173,   6.5,   1.9
15-Feb-2022 07:00, 1.039,  24.7,  28.2, 1016.1, 0.130, 0.165,  175,   4.9,   2.2
15-Feb-2022 08:00, 1.084,  24.8,  27.8, 1015.7, 0.117, 0.145,  183,   5.1,   1.8
15-Feb-2022 09:00, 1.150,  24.9,  27.3, 1015.1, 0.105, 0.128,  188,   4.4,   2.0
15-Feb-2022 10:00, 1.257,  24.8,  27.2, 1015.0, 0.135, 0.153,  178,   5.2,   2.1
15-Feb-2022 11:00, 1.279,  24.8,  26.6, 1015.5, 0.094, 0.112,  183,   4.9,   2.4
15-Feb-2022 12:00, 1.338,  24.7,  26.2, 1015.9, 0.109, 0.132,  179,   5.6,   2.4
15-Feb-2022 13:00, 1.341,  24.7,  25.5, 1016.6, 0.107, 0.134,  176,   5.9,   1.5
15-Feb-2022 14:00, 1.303,  24.7,  25.4, 1016.8, 0.106, 0.140,  175,   3.7,   1.0
15-Feb-2022 15:00, 1.237,  24.7,  25.2, 1016.5, 0.113, 0.148,  166,   2.5,   1.1
15-Feb-2022 16:00, 1.128,  24.7,  25.1, 1016.2, 0.108, 0.140,  166,   3.9,   1.2
15-Feb-2022 17:00, 1.008,  24.7,  25.0, 1015.8, 0.111, 0.140,  197,   2.6,   1.2
15-Feb-2022 18:00, 0.916,  24.7,  27.5, 1015.7, 0.142, 0.167,   85,   4.8,   2.3
15-Feb-2022 19:00, 0.788,  24.7,  27.5, 1015.5, 0.110, 0.134,   94,   5.1,   1.7
15-Feb-2022 20:00, 0.714,  24.7,  27.6, 1015.4, 0.108, 0.130,   84,   5.4,   2.9
15-Feb-2022 21:00, 0.720,  24.7,  26.8, 1015.4, 0.148, 0.169,   76,   6.4,   3.4
15-Feb-2022 22:00, 0.703,  24.7,  26.1, 1015.8, 0.134, 0.155,   77,   5.6,   3.2
15-Feb-2022 23:00, 0.715,  24.7,  26.7, 1016.3, 0.123, 0.149,   73,   5.6,   3.8
16-Feb-2022 00:00, 0.818,  24.8,  29.2, 1016.7, 0.173, 0.204,   67,   7.7,   4.5
16-Feb-2022 01:00, 0.838,  24.8,  32.1, 1016.6, 0.129, 0.163,   60,   8.4,   4.6
16-Feb-2022 02:00, 0.933,  24.8,  33.9, 1016.5, 0.166, 0.199,   40,   7.4,   3.9
16-Feb-2022 03:00, 0.971,  24.8,  27.7, 1016.5, 0.164, 0.196,  183,   6.7,   1.9
16-Feb-2022 04:00, 0.992,  24.9,  27.3, 1015.8, 0.164, 0.195,  175,   3.9,   2.2
16-Feb-2022 05:00, 0.988,  24.9,  27.9, 1015.4, 0.157, 0.181,  175,   3.8,   1.9
16-Feb-2022 06:00, 0.990,  24.9,  27.7, 1015.1, 0.156, 0.177,  193,   5.9,   2.5
16-Feb-2022 07:00, 1.011,  25.0,  27.7, 1014.6, 0.147, 0.165,  195,   7.0,   3.1
16-Feb-2022 08:00, 1.075,  25.0,  28.6, 1014.1, 0.162, 0.175,  181,   5.5,   1.9
16-Feb-2022 09:00, 1.125,  25.0,  28.5, 1013.9, 0.142, 0.150,  181,   5.7,   2.1
16-Feb-2022 10:00, 1.214,  25.0,  27.7, 1013.8, 0.149, 0.155,  180,   5.0,   2.3
16-Feb-2022 11:00, 1.293,  25.0,  26.9, 1014.0, 0.157, 0.163,  190,   4.5,   1.6
16-Feb-2022 12:00, 1.318,  25.0,  26.8, 1014.3, 0.125, 0.133,  184,   4.9,   1.6
16-Feb-2022 13:00, 1.357,  25.0,  26.9, 1014.5, 0.134, 0.145,  183,   3.5,   0.9
16-Feb-2022 14:00, 1.364,  25.0,  29.5, 1014.9, 0.154, 0.167,  111,   3.1,   0.9
16-Feb-2022 15:00, 1.261,  25.0,  30.5, 1015.5, 0.102, 0.119,   81,   9.6,   4.5
16-Feb-2022 16:00, 1.175,  25.1,  28.8, 1015.7, 0.102, 0.124,   86,   8.8,   2.5
16-Feb-2022 17:00, 1.096,  25.1,  27.2, 1015.7, 0.136, 0.160,   78,   8.7,   4.2
16-Feb-2022 18:00, 0.922,  25.1,  25.7, 1015.8, 0.090, 0.114,   77,   9.9,   5.7
16-Feb-2022 19:00, 0.819,  25.1,  24.3, 1016.0, 0.095, 0.120,   86,  10.0,   4.0
16-Feb-2022 20:00, 0.756,  25.1,  22.7, 1016.1, 0.111, 0.138,   82,   9.6,   5.2
16-Feb-2022 21:00, 0.693,  25.0,  21.9, 1016.3, 0.095, 0.123,   78,   9.9,   5.7
16-Feb-2022 22:00, 0.711,  25.0,  21.1, 1016.6, 0.118, 0.148,   76,   9.9,   5.5
16-Feb-2022 23:00, 0.716,  24.9,  21.8, 1016.9, 0.106, 0.140,   70,  10.2,   6.3
17-Feb-2022 00:00, 0.785,  24.9,  23.2, 1017.0, 0.132, 0.168,   79,  10.7,   6.1
17-Feb-2022 01:00, 0.837,  24.8,  26.1, 1017.0, 0.121, 0.158,   66,  10.9,   6.7
17-Feb-2022 02:00, 0.890,  24.9,  28.5, 1017.3, 0.116, 0.153,   76,  11.3,   2.6
17-Feb-2022 03:00, 0.966,  24.9,  30.8, 1016.8, 0.148, 0.188,   79,   8.1,   2.9
17-Feb-2022 04:00, 0.987,  24.9,  33.0, 1016.1, 0.147, 0.182,   42,   6.3,   2.6
17-Feb-2022 05:00, 0.976,  25.0,  34.9, 1015.7, 0.137, 0.165,   98,   5.0,   1.6
17-Feb-2022 06:00, 0.967,  25.1,  28.7, 1015.6, 0.139, 0.163,  179,   6.7,   1.5
17-Feb-2022 07:00, 0.962,  25.1,  28.5, 1015.0, 0.127, 0.150,  179,   4.1,   1.5
17-Feb-2022 08:00, 1.005,  25.1,  27.8, 1014.9, 0.135, 0.152,  177,   4.6,   1.9
17-Feb-2022 09:00, 1.056,  25.2,  27.3, 1014.7, 0.131, 0.147,  177,   5.7,   2.3
17-Feb-2022 10:00, 1.122,  25.2,  27.6, 1014.7, 0.122, 0.136,  182,   5.6,   1.4
17-Feb-2022 11:00, 1.209,  25.2,  26.4, 1014.8, 0.137, 0.151,  173,   4.3,   1.5
17-Feb-2022 12:00, 1.243,  25.2,  25.7, 1015.2, 0.112, 0.128,  182,   3.6,   1.2
17-Feb-2022 13:00, 1.303,  25.1,  25.6, 1015.8, 0.125, 0.145,  165,   2.9,   0.9
17-Feb-2022 14:00, 1.327,  25.1,  30.9, 1016.0, 0.139, 0.165,   90,   5.6,   2.2
17-Feb-2022 15:00, 1.272,  25.1,  30.1, 1016.3, 0.111, 0.138,   90,   6.1,   3.0
17-Feb-2022 16:00, 1.198,  25.1,  28.9, 1016.5, 0.099, 0.129,   84,   7.0,   3.9
17-Feb-2022 17:00, 1.129,  25.1,  27.8, 1016.5, 0.125, 0.157,   82,   7.8,   3.7
17-Feb-2022 18:00, 0.984,  25.1,  26.8, 1016.5, 0.097, 0.129,   80,   6.9,   3.6
17-Feb-2022 19:00, 0.861,  25.0,  25.9, 1016.4, 0.088, 0.120,   79,   6.9,   3.7
17-Feb-2022 20:00, 0.803,  24.9,  25.4, 1016.3, 0.114, 0.145,   79,   8.2,   4.9
17-Feb-2022 21:00, 0.734,  24.9,  24.4, 1016.5, 0.099, 0.130,   77,   7.8,   4.1
17-Feb-2022 22:00, 0.730,  24.9,  23.4, 1017.0, 0.106, 0.139,   73,   8.3,   4.1
17-Feb-2022 23:00, 0.748,  24.8,  23.5, 1017.1, 0.105, 0.142,   73,   7.3,   4.6
18-Feb-2022 00:00, 0.793,  24.8,  25.1, 1017.1, 0.115, 0.153,   70,  11.8,   6.6
18-Feb-2022 01:00, 0.857,  24.8,  28.1, 1017.1, 0.120, 0.158,   70,   9.9,   4.8
18-Feb-2022 02:00, 0.910,  24.8,  30.7, 1017.1, 0.114, 0.152,   57,  10.5,   3.8
18-Feb-2022 03:00, 0.991,  24.8,  32.0, 1017.3, 0.151, 0.189,   61,   8.5,   3.7
18-Feb-2022 04:00, 0.976,  24.9,  33.8, 1016.5, 0.109, 0.149,   71,   6.9,   4.0
18-Feb-2022 05:00, 1.007,  24.9,  35.4, 1015.6, 0.140, 0.172,   53,   6.0,   2.0
18-Feb-2022 06:00, 0.992,  24.9,  30.3, 1015.1, 0.144, 0.167,  228,   5.4,   3.6
18-Feb-2022 07:00, 0.984,  25.0,  30.8, 1014.5, 0.152, 0.170,  225,   5.8,   4.1
18-Feb-2022 08:00, 1.001,  25.1,  29.0, 1014.1, 0.157, 0.169,  212,   6.2,   2.8
18-Feb-2022 09:00, 1.047,  25.2,  28.6, 1014.3, 0.167, 0.176,  177,   5.1,   1.7
18-Feb-2022 10:00, 1.125,  25.2,  27.3, 1014.5, 0.189, 0.200,  186,   4.9,   1.8
18-Feb-2022 11:00, 1.163,  25.2,  26.7, 1014.9, 0.159, 0.172,  184,   4.7,   1.8
18-Feb-2022 12:00, 1.234,  25.1,  26.7, 1015.4, 0.178, 0.195,  169,   4.1,   2.0
18-Feb-2022 13:00, 1.293,  25.2,  26.2, 1016.1, 0.188, 0.210,  186,   2.6,   1.0
18-Feb-2022 14:00, 1.318,  25.2,  26.6, 1016.2, 0.185, 0.214,  184,   2.9,   0.6
18-Feb-2022 15:00, 1.314,  25.2,  28.5, 1015.9, 0.189, 0.218,  157,   5.2,   3.3
18-Feb-2022 16:00, 1.276,  25.2,  27.5, 1015.5, 0.187, 0.213,  165,   4.8,   1.8
18-Feb-2022 17:00, 1.204,  25.1,  26.7, 1015.2, 0.184, 0.206,  144,   3.1,   0.6
18-Feb-2022 18:00, 1.126,  25.1,  25.8, 1015.0, 0.203, 0.222,  170,   2.9,   1.0
18-Feb-2022 19:00, 0.999,  25.1,  24.8, 1015.1, 0.183, 0.200,  126,   2.5,   0.4
18-Feb-2022 20:00, 0.909,  25.1,  24.8, 1015.2, 0.181, 0.199,  128,   2.2,   0.7
18-Feb-2022 21:00, 0.870,  25.1,  23.7, 1015.1, 0.195, 0.214,  149,   2.1,   0.8
18-Feb-2022 22:00, 0.842,  25.1,  23.8, 1015.6, 0.184, 0.202,  157,   3.0,   1.6
18-Feb-2022 23:00, 0.874,  25.0,  24.6, 1016.1, 0.193, 0.217,  101,   4.1,   0.9
19-Feb-2022 00:00, 0.890,  25.0,  27.4, 1016.3, 0.173, 0.201,  115,   3.2,   1.0
19-Feb-2022 01:00, 0.944,  25.0,  29.4, 1016.2, 0.175, 0.205,  143,   3.5,   1.3
19-Feb-2022 02:00, 0.995,  25.0,  30.3, 1016.3, 0.165, 0.194,  252,   3.1,   1.1
19-Feb-2022 03:00, 1.039,  25.0,  30.9, 1016.0, 0.165, 0.195,  283,   2.0,   1.3
19-Feb-2022 04:00, 1.081,  25.1,  27.9, 1015.1, 0.178, 0.204,  222,   3.3,   2.0
19-Feb-2022 05:00, 1.067,  25.1,  28.5, 1014.6, 0.157, 0.174,  201,   3.5,   1.5
19-Feb-2022 06:00, 1.066,  25.2,  27.8, 1014.5, 0.176, 0.189,  202,   4.9,   2.2
19-Feb-2022 07:00, 1.029,  25.3,  27.2, 1014.1, 0.168, 0.180,  198,   6.1,   2.0
19-Feb-2022 08:00, 1.039,  25.4,  27.0, 1013.7, 0.193, 0.201,  199,   5.7,   2.0
19-Feb-2022 09:00, 1.021,  25.4,  26.6, 1013.7, 0.163, 0.167,  199,   6.7,   2.6
19-Feb-2022 10:00, 1.068,  25.4,  26.6, 1013.5, 0.179, 0.184,  194,   6.4,   2.1
19-Feb-2022 11:00, 1.139,  25.4,  25.6, 1013.8, 0.201, 0.204,  189,   6.5,   1.8
19-Feb-2022 12:00, 1.156,  25.4,  25.3, 1014.2, 0.174, 0.180,  196,   5.1,   2.4
19-Feb-2022 13:00, 1.224,  25.4,  25.4, 1014.4, 0.207, 0.217,  193,   4.7,   1.5
19-Feb-2022 14:00, 1.255,  25.4,  25.4, 1014.4, 0.205, 0.216,  194,   3.8,   1.4
19-Feb-2022 15:00, 1.239,  25.4,  25.3, 1014.4, 0.182, 0.194,  157,   4.1,   1.9
19-Feb-2022 16:00, 1.237,  25.3,  25.6, 1014.5, 0.199, 0.210,  157,   3.2,   1.3
19-Feb-2022 17:00, 1.176,  25.3,  25.5, 1014.4, 0.177, 0.189,  162,   2.1,   0.7
19-Feb-2022 18:00, 1.110,  25.4,  26.6, 1014.1, 0.180, 0.191,   94,   4.5,   1.5
19-Feb-2022 19:00, 1.040,  25.3,  25.7, 1014.0, 0.198, 0.206,   96,   6.0,   2.2
19-Feb-2022 20:00, 0.939,  25.3,  24.5, 1014.4, 0.179, 0.186,   98,   5.2,   1.4
19-Feb-2022 21:00, 0.871,  25.3,  23.1, 1015.0, 0.162, 0.173,   96,   8.5,   2.0
19-Feb-2022 22:00, 0.843,  25.3,  21.9, 1015.7, 0.150, 0.168,   96,   5.7,   1.9
19-Feb-2022 23:00, 0.872,  25.3,  21.8, 1015.8, 0.154, 0.178,   91,   6.7,   2.6
20-Feb-2022 00:00, 0.920,  25.1,  23.0, 1015.8, 0.157, 0.182,  110,   6.7,   1.4
20-Feb-2022 01:00, 0.981,  25.2,  24.9, 1015.5, 0.170, 0.195,   87,   7.0,   3.0
20-Feb-2022 02:00, 1.018,  25.2,  27.1, 1015.4, 0.147, 0.169,  116,   7.2,   2.1
20-Feb-2022 03:00, 1.086,  25.2,  29.2, 1014.7, 0.166, 0.187,   89,   5.9,   2.6
20-Feb-2022 04:00, 1.103,  25.3,  31.1, 1013.8, 0.157, 0.171,  122,   6.0,   1.7
20-Feb-2022 05:00, 1.123,  25.3,  26.0, 1013.2, 0.163, 0.168,  209,   7.5,   4.0
20-Feb-2022 06:00, 1.119,  25.3,  26.4, 1012.5, 0.171, 0.170,  200,   7.2,   3.7
20-Feb-2022 07:00, 1.100,  25.4,  26.7, 1011.8, 0.186, 0.177,  197,   8.3,   3.3
20-Feb-2022 08:00, 1.054,  25.5,  26.6, 1011.3, 0.173, 0.158,  196,   7.9,   2.6
20-Feb-2022 09:00, 1.023,  25.6,  26.6, 1011.0, 0.158, 0.138,  193,   7.1,   2.4
20-Feb-2022 10:00, 1.052,  25.7,  26.2, 1011.0, 0.183, 0.160,  188,   6.5,   2.1
20-Feb-2022 11:00, 1.068,  25.7,  26.1, 1011.4, 0.176, 0.154,  173,   5.7,   1.8
20-Feb-2022 12:00, 1.090,  25.7,  25.7, 1011.8, 0.169, 0.151,  174,   4.5,   1.1
20-Feb-2022 13:00, 1.111,  25.6,  29.4, 1012.2, 0.177, 0.163,  106,   4.3,   1.5
20-Feb-2022 14:00, 1.105,  25.6,  28.8, 1012.2, 0.150, 0.140,   87,   7.6,   2.4
20-Feb-2022 15:00, 1.129,  25.5,  27.7, 1011.9, 0.160, 0.149,   93,   8.8,   4.0
20-Feb-2022 16:00, 1.115,  25.5,  25.9, 1011.9, 0.158, 0.144,   79,   9.8,   5.4
20-Feb-2022 17:00, 1.083,  25.4,  24.1, 1011.8, 0.145, 0.132,   82,   9.8,   3.8
20-Feb-2022 18:00, 1.040,  25.4,  22.3, 1011.3, 0.141, 0.126,   83,  11.1,   5.7
20-Feb-2022 19:00, 0.978,  25.3,  21.4, 1011.3, 0.139, 0.120,   80,  10.5,   5.7
20-Feb-2022 20:00, 0.919,  25.3,  20.6, 1011.1, 0.145, 0.125,   79,  10.8,   5.6
20-Feb-2022 21:00, 0.871,  25.2,  20.1, 1011.3, 0.141, 0.120,   78,  10.4,   4.5
20-Feb-2022 22:00, 0.860,  25.1,  19.8, 1011.3, 0.141, 0.122,   77,   9.8,   5.4
20-Feb-2022 23:00, 0.898,  25.1,  20.1, 1011.5, 0.152, 0.133,   76,   9.5,   5.5
21-Feb-2022 00:00, 0.952,  25.0,  21.6, 1011.8, 0.150, 0.132,   72,  11.9,   5.1
21-Feb-2022 01:00, 0.994,  25.0,  23.7, 1012.2, 0.138, 0.124,   67,   7.2,   2.3
21-Feb-2022 02:00, 1.064,  25.0,  25.9, 1011.7, 0.152, 0.141,   90,   6.2,   1.3
21-Feb-2022 03:00, 1.122,  25.0,  27.4, 1011.0, 0.153, 0.137,   93,   5.6,   2.0
21-Feb-2022 04:00, 1.153,  25.0,  27.1, 1010.3, 0.158, 0.135,  215,   4.8,   2.8
21-Feb-2022 05:00, 1.180,  25.1,  25.5, 1009.6, 0.171, 0.141,  202,   6.2,   3.0
21-Feb-2022 06:00, 1.145,  25.1,  25.7, 1009.1, 0.136, 0.099,  202,   6.2,   2.9
21-Feb-2022 07:00, 1.141,  25.1,  25.3, 1008.3, 0.159, 0.117,  204,   6.0,   3.6
21-Feb-2022 08:00, 1.115,  25.2,  25.9, 1008.0, 0.173, 0.123,  198,   5.9,   2.3
21-Feb-2022 09:00, 1.046,  25.3,  25.3, 1007.9, 0.140, 0.087,  198,   6.4,   2.5
21-Feb-2022 10:00, 1.056,  25.3,  25.1, 1008.1, 0.172, 0.119,  199,   6.2,   2.7
21-Feb-2022 11:00, 1.054,  25.3,  24.4, 1008.6, 0.178, 0.127,  197,   5.8,   2.7
21-Feb-2022 12:00, 1.035,  25.3,  24.0, 1009.1, 0.154, 0.108,  200,   7.5,   3.0
21-Feb-2022 13:00, 1.038,  25.2,  23.9, 1009.5, 0.161, 0.120,  198,   6.7,   1.8
21-Feb-2022 14:00, 1.034,  25.2,  23.5, 1009.1, 0.165, 0.127,  178,   5.7,   2.1
21-Feb-2022 15:00, 1.041,  25.2,  23.6, 1008.9, 0.167, 0.125,  178,   4.9,   1.7
21-Feb-2022 16:00, 1.029,  25.2,  23.5, 1008.8, 0.164, 0.121,  178,   5.4,   1.6
21-Feb-2022 17:00, 1.033,  25.1,  23.3, 1008.3, 0.186, 0.141,  168,   4.6,   2.1
21-Feb-2022 18:00, 1.017,  25.1,  22.8, 1007.7, 0.184, 0.134,  158,   4.4,   2.0
21-Feb-2022 19:00, 0.991,  25.1,  22.7, 1007.7, 0.190, 0.135,  165,   4.5,   2.3
21-Feb-2022 20:00, 0.955,  25.1,  22.1, 1007.9, 0.194, 0.139,  150,   4.1,   1.6
21-Feb-2022 21:00, 0.912,  25.2,  22.0, 1008.3, 0.179, 0.126,  159,   3.5,   2.0
21-Feb-2022 22:00, 0.901,  25.2,  21.7, 1008.7, 0.172, 0.123,  156,   3.9,   2.1
21-Feb-2022 23:00, 0.937,  25.2,  21.8, 1009.3, 0.178, 0.134,  170,   3.2,   1.3
22-Feb-2022 00:00, 0.986,  25.1,  23.5, 1009.6, 0.163, 0.124,  172,   3.8,   1.8
22-Feb-2022 01:00, 1.050,  25.1,  24.4, 1009.6, 0.157, 0.121,  211,   3.6,   2.1
22-Feb-2022 02:00, 1.112,  25.1,  25.4, 1009.6, 0.163, 0.127,  198,   4.5,   2.0
22-Feb-2022 03:00, 1.155,  25.2,  25.2, 1009.4, 0.146, 0.110,  205,   6.0,   3.2
22-Feb-2022 04:00, 1.192,  25.2,  25.5, 1008.8, 0.145, 0.106,  203,   5.8,   2.9
22-Feb-2022 05:00, 1.212,  25.2,  25.2, 1008.5, 0.154, 0.109,  205,   6.8,   3.5
22-Feb-2022 06:00, 1.202,  25.2,  25.0, 1008.3, 0.136, 0.089,  206,   7.9,   4.3
22-Feb-2022 07:00, 1.184,  25.2,  25.1, 1007.8, 0.130, 0.080,  204,   8.3,   4.8
22-Feb-2022 08:00, 1.166,  25.3,  25.1, 1007.7, 0.150, 0.095,  203,   9.1,   5.2
22-Feb-2022 09:00, 1.096,  25.4,  25.0, 1008.0, 0.120, 0.066,  203,   8.9,   4.3
22-Feb-2022 10:00, 1.046,  25.4,  24.4, 1008.3, 0.113, 0.061,  200,   8.4,   3.9
22-Feb-2022 11:00, 1.044,  25.5,  23.8, 1008.8, 0.147, 0.098,  198,   7.9,   3.5
22-Feb-2022 12:00, 0.977,  25.5,  23.9, 1009.3, 0.102, 0.058,  201,   8.5,   4.3
22-Feb-2022 13:00, 0.959,  25.5,  24.0, 1009.7, 0.107, 0.068,  199,   8.4,   4.3
22-Feb-2022 14:00, 0.933,  25.4,  23.7, 1009.9, 0.118, 0.083,  194,   8.4,   3.2
22-Feb-2022 15:00, 0.897,  25.4,  23.3, 1009.7, 0.104, 0.071,  197,   7.3,   3.3
22-Feb-2022 16:00, 0.888,  25.4,  23.5, 1009.6, 0.109, 0.074,  175,   6.2,   2.5
22-Feb-2022 17:00, 0.858,  25.3,  23.6, 1009.5, 0.106, 0.069,  178,   5.9,   2.4
22-Feb-2022 18:00, 0.838,  25.3,  23.1, 1009.7, 0.096, 0.059,  170,   5.5,   2.3
22-Feb-2022 19:00, 0.820,  25.3,  22.8, 1010.1, 0.085, 0.050,  173,   5.7,   2.0
22-Feb-2022 20:00, 0.798,  25.3,  22.6, 1010.6, 0.081, 0.050,  155,   5.9,   2.7
22-Feb-2022 21:00, 0.799,  25.3,  22.0, 1011.1, 0.090, 0.064,  157,   4.7,   2.5
22-Feb-2022 22:00, 0.785,  25.2,  21.7, 1011.8, 0.066, 0.045,  151,   5.5,   2.4
22-Feb-2022 23:00, 0.829,  25.2,  21.8, 1012.3, 0.076, 0.062,  152,   5.9,   2.3
23-Feb-2022 00:00, 0.887,  25.2,  22.9, 1012.5, 0.068, 0.059,  106,   6.7,   1.5
23-Feb-2022 01:00, 0.971,  25.1,  24.1, 1012.4, 0.068, 0.061,  159,   6.7,   3.0
23-Feb-2022 02:00, 1.044,  25.1,  25.9, 1012.1, 0.073, 0.065,  158,   7.0,   2.9
23-Feb-2022 03:00, 1.106,  25.2,  27.4, 1011.7, 0.077, 0.065,  117,   7.6,   2.4
23-Feb-2022 04:00, 1.156,  25.2,  28.1, 1011.2, 0.074, 0.058,  145,   7.7,   2.8
23-Feb-2022 05:00, 1.153,  25.2,  29.8, 1010.7, 0.052, 0.031,  160,   6.4,   3.3
23-Feb-2022 06:00, 1.180,  25.3,  31.4, 1010.2, 0.069, 0.044,  174,   7.4,   2.2
23-Feb-2022 07:00, 1.175,  25.3,  26.3, 1009.8, 0.059, 0.028,  210,   9.1,   4.6
23-Feb-2022 08:00, 1.148,  25.3,  26.4, 1009.8, 0.053, 0.019,  211,   9.7,   4.3
23-Feb-2022 09:00, 1.105,  25.4,  26.4, 1010.0, 0.048, 0.014,  214,   8.1,   4.6
23-Feb-2022 10:00, 1.027,  25.5,  32.0, 1010.1, 0.016,-0.017,  100,   7.2,   2.9
23-Feb-2022 11:00, 0.966,  25.5,  29.7, 1011.1, 0.008,-0.022,   93,   7.4,   2.6
23-Feb-2022 12:00, 0.906,  25.4,  27.5, 1012.0,-0.001,-0.021,   98,   7.6,   2.0
23-Feb-2022 13:00, 0.835,  25.4,  25.4, 1012.7,-0.029,-0.040,  134,   8.3,   2.0
23-Feb-2022 14:00, 0.778,  25.3,  23.5, 1013.3,-0.028,-0.033,  128,   8.7,   1.9
23-Feb-2022 15:00, 0.727,  25.3,  22.3, 1013.2,-0.020,-0.020,  128,   7.2,   1.5
23-Feb-2022 16:00, 0.689,  25.3,  21.5, 1013.4,-0.023,-0.023,   93,   6.1,   2.3
23-Feb-2022 17:00, 0.665,  25.3,  20.6, 1013.1,-0.011,-0.011,  100,   8.5,   2.0
23-Feb-2022 18:00, 0.667,  25.2,  20.4, 1013.2, 0.017, 0.016,  128,   9.0,   2.0
23-Feb-2022 19:00, 0.629,  25.1,  20.0, 1012.9,-0.022,-0.022,   90,   6.9,   2.4
23-Feb-2022 20:00, 0.647,  25.1,  19.8, 1012.9,-0.007,-0.010,   97,   6.1,   0.9
23-Feb-2022 21:00, 0.665,  25.1,  19.7, 1013.4, 0.004, 0.001,  102,   4.8,   1.1
23-Feb-2022 22:00, 0.680,  25.0,  19.5, 1013.7,-0.009,-0.007,  138,   3.5,   1.1
23-Feb-2022 23:00, 0.729,  25.0,  20.5, 1013.7,-0.003, 0.002,  108,   5.0,   1.7
24-Feb-2022 00:00, 0.806,  25.0,  21.8, 1013.5, 0.011, 0.015,   91,   7.0,   3.0
24-Feb-2022 01:00, 0.891,  24.9,  23.6, 1013.4, 0.008, 0.010,  122,   7.0,   1.8
24-Feb-2022 02:00, 0.950,  24.9,  25.2, 1013.0,-0.015,-0.014,  151,   7.1,   3.0
24-Feb-2022 03:00, 1.058,  24.9,  27.6, 1012.2, 0.033, 0.030,   82,   6.7,   2.8
24-Feb-2022 04:00, 1.101,  25.0,  29.1, 1011.3, 0.016, 0.005,  142,   7.3,   2.5
24-Feb-2022 05:00, 1.132,  25.0,  30.4, 1010.6, 0.009,-0.012,  152,   5.4,   2.0
24-Feb-2022 06:00, 1.158,  25.0,  25.8, 1010.2, 0.020,-0.007,  218,   7.7,   3.8
24-Feb-2022 07:00, 1.195,  25.0,  25.7, 1009.6, 0.038, 0.007,  208,   7.9,   4.0
24-Feb-2022 08:00, 1.180,  25.1,  25.4, 1009.6, 0.020,-0.017,  205,   8.0,   4.4
24-Feb-2022 09:00, 1.168,  25.2,  25.4, 1009.4, 0.031,-0.005,  199,   8.0,   3.3
24-Feb-2022 10:00, 1.134,  25.3,  25.4, 1009.5, 0.032,-0.006,  194,   8.5,   2.6
24-Feb-2022 11:00, 1.051,  25.3,  24.9, 1009.9, 0.002,-0.034,  192,   7.7,   2.1
24-Feb-2022 12:00, 1.000,  25.3,  24.8, 1010.0, 0.020,-0.014,  190,   6.9,   1.4
24-Feb-2022 13:00, 0.935,  25.3,  24.5, 1010.2, 0.021,-0.010,  188,   5.7,   1.3
24-Feb-2022 14:00, 0.871,  25.2,  24.6, 1009.8, 0.030,-0.001,  180,   4.3,   1.4
24-Feb-2022 15:00, 0.777,  25.2,  24.3, 1009.4, 0.026,-0.009,  154,   3.2,   1.0
24-Feb-2022 16:00, 0.724,  25.2,  23.6, 1008.9, 0.043, 0.004,  146,   1.4,   0.2
24-Feb-2022 17:00, 0.679,  25.2,  23.9, 1008.7, 0.048, 0.005,  163,   3.0,   1.5
24-Feb-2022 18:00, 0.639,  25.2,  23.8, 1008.4, 0.055, 0.009,  154,   2.7,   1.2
24-Feb-2022 19:00, 0.617,  25.2,  22.8, 1008.6, 0.048, 0.001,  140,   2.0,   0.3
24-Feb-2022 20:00, 0.621,  25.2,  22.1, 1008.5, 0.038,-0.008,   88,   1.6,   0.6
24-Feb-2022 21:00, 0.663,  25.2,  21.6, 1008.8, 0.061, 0.014,  166,   1.5,   0.6
24-Feb-2022 22:00, 0.706,  25.1,  20.9, 1009.5, 0.066, 0.023,   70,   2.0,   0.5
24-Feb-2022 23:00, 0.736,  25.1,  21.8, 1010.1, 0.041, 0.005,  124,   1.7,   0.6
25-Feb-2022 00:00, 0.802,  25.1,  22.2, 1010.1, 0.043, 0.012,  169,   3.2,   1.0
25-Feb-2022 01:00, 0.915,  25.1,  23.4, 1009.8, 0.076, 0.044,  215,   2.4,   1.5
25-Feb-2022 02:00, 0.981,  25.1,  23.4, 1009.9, 0.052, 0.018,  225,   3.5,   2.5
25-Feb-2022 03:00, 1.049,  25.1,  24.1, 1009.7, 0.053, 0.020,  228,   4.5,   3.2
25-Feb-2022 04:00, 1.135,  25.2,  24.4, 1009.3, 0.083, 0.048,  224,   5.2,   3.7
25-Feb-2022 05:00, 1.154,  25.2,  24.4, 1009.1, 0.046, 0.007,  222,   5.2,   3.5
25-Feb-2022 06:00, 1.200,  25.2,  24.4, 1008.6, 0.061, 0.019,  224,   5.0,   3.4
25-Feb-2022 07:00, 1.240,  25.2,  24.3, 1008.3, 0.076, 0.029,  224,   5.9,   3.8
25-Feb-2022 08:00, 1.264,  25.3,  25.0, 1008.3, 0.069, 0.019,  212,   5.8,   3.1
25-Feb-2022 09:00, 1.273,  25.3,  24.5, 1008.6, 0.072, 0.024,  215,   7.1,   3.9
25-Feb-2022 10:00, 1.259,  25.3,  24.0, 1008.6, 0.077, 0.031,  209,   6.0,   3.2
25-Feb-2022 11:00, 1.248,  25.4,  23.6, 1009.0, 0.103, 0.057,  215,   7.3,   3.8
25-Feb-2022 12:00, 1.154,  25.4,  23.9, 1009.4, 0.074, 0.032,  206,   6.0,   2.9
25-Feb-2022 13:00, 1.113,  25.4,  24.0, 1009.7, 0.115, 0.077,  205,   6.1,   3.6
25-Feb-2022 14:00, 1.022,  25.4,  23.9, 1009.6, 0.111, 0.076,  201,   5.8,   3.0
25-Feb-2022 15:00, 0.894,  25.4,  24.0, 1009.1, 0.086, 0.050,  196,   4.6,   1.9
25-Feb-2022 16:00, 0.806,  25.4,  23.9, 1008.6, 0.105, 0.064,  201,   4.6,   1.5
25-Feb-2022 17:00, 0.740,  25.4,  23.6, 1008.5, 0.118, 0.072,  154,   3.7,   2.0
25-Feb-2022 18:00, 0.656,  25.4,  23.2, 1008.7, 0.098, 0.051,  165,   4.2,   2.2
25-Feb-2022 19:00, 0.602,  25.4,  22.7, 1008.7, 0.085, 0.040,  155,   4.9,   1.9
25-Feb-2022 20:00, 0.605,  25.3,  22.2, 1008.9, 0.087, 0.042,  159,   5.1,   2.9
25-Feb-2022 21:00, 0.637,  25.3,  21.4, 1009.4, 0.092, 0.049,  172,   5.4,   2.3
25-Feb-2022 22:00, 0.663,  25.3,  21.1, 1009.8, 0.076, 0.038,  169,   4.8,   2.1
25-Feb-2022 23:00, 0.758,  25.3,  21.2, 1010.3, 0.107, 0.073,  170,   4.8,   2.5
26-Feb-2022 00:00, 0.796,  25.3,  22.1, 1010.5, 0.074, 0.045,  166,   5.2,   2.2
26-Feb-2022 01:00, 0.878,  25.3,  23.2, 1010.7, 0.085, 0.058,  184,   5.5,   2.0
26-Feb-2022 02:00, 0.956,  25.3,  25.0, 1010.5, 0.082, 0.057,  170,   6.0,   2.0
26-Feb-2022 03:00, 1.013,  25.3,  26.0, 1009.9, 0.067, 0.039,  196,   4.6,   2.0
26-Feb-2022 04:00, 1.069,  25.3,  27.2, 1009.2, 0.072, 0.038,  223,   5.2,   2.4
26-Feb-2022 05:00, 1.124,  25.3,  26.3, 1008.5, 0.072, 0.031,  211,   7.2,   4.1
26-Feb-2022 06:00, 1.171,  25.3,  25.6, 1008.1, 0.069, 0.021,  210,   8.9,   5.4
26-Feb-2022 07:00, 1.225,  25.3,  25.3, 1007.5, 0.084, 0.032,  210,   9.3,   5.2
26-Feb-2022 08:00, 1.268,  25.4,  25.0, 1007.3, 0.083, 0.025,  205,  10.1,   5.8
26-Feb-2022 09:00, 1.287,  25.5,  25.3, 1007.4, 0.063, 0.003,  202,  10.5,   4.5
26-Feb-2022 10:00, 1.289,  25.6,  25.3, 1007.5, 0.054,-0.004,  200,   9.7,   4.7
26-Feb-2022 11:00, 1.280,  25.5,  25.3, 1008.0, 0.058, 0.002,  195,   8.3,   2.6
26-Feb-2022 12:00, 1.210,  25.6,  26.0, 1008.6, 0.031,-0.021,  173,   5.6,   0.8
26-Feb-2022 13:00, 1.111,  25.5,  27.6, 1009.5, 0.009,-0.036,  151,   8.7,   4.1
26-Feb-2022 14:00, 1.017,  25.5,  26.0, 1010.0, 0.011,-0.026,  137,  10.1,   2.9
26-Feb-2022 15:00, 0.884,  25.5,  24.3, 1010.3,-0.014,-0.046,  145,   6.7,   2.7
26-Feb-2022 16:00, 0.745,  25.4,  23.1, 1010.5,-0.026,-0.055,  140,   8.4,   1.9
26-Feb-2022 17:00, 0.636,  25.4,  22.2, 1010.4,-0.022,-0.049,  145,   8.2,   2.6
26-Feb-2022 18:00, 0.574,  25.3,  21.8, 1010.4, 0.001,-0.027,  147,   6.2,   2.5
26-Feb-2022 19:00, 0.485,  25.3,  21.2, 1010.3,-0.025,-0.053,  141,   6.4,   2.1
26-Feb-2022 20:00, 0.482,  25.2,  20.9, 1010.4,-0.003,-0.032,  149,   6.1,   1.8
26-Feb-2022 21:00, 0.503,  25.2,  20.4, 1010.8, 0.000,-0.028,  132,   4.5,   1.1
26-Feb-2022 22:00, 0.524,  25.1,  20.2, 1011.3,-0.021,-0.045,  154,   5.6,   3.0
26-Feb-2022 23:00, 0.604,  25.1,  20.4, 1011.4,-0.005,-0.025,  155,   6.2,   3.4
27-Feb-2022 00:00, 0.670,  25.1,  21.4, 1011.5,-0.017,-0.035,  141,   7.0,   2.2
27-Feb-2022 01:00, 0.747,  25.1,  22.9, 1011.2,-0.011,-0.029,  147,   7.4,   3.5
27-Feb-2022 02:00, 0.818,  25.1,  24.9, 1011.0,-0.006,-0.026,  123,   7.5,   2.3
27-Feb-2022 03:00, 0.884,  25.1,  26.4, 1010.2,-0.003,-0.026,  152,   6.4,   2.3
27-Feb-2022 04:00, 0.938,  25.1,  27.3, 1009.1, 0.001,-0.030,  174,   7.7,   3.5
27-Feb-2022 05:00, 0.952,  25.1,  29.1, 1008.2,-0.026,-0.069,  168,   6.9,   2.2
27-Feb-2022 06:00, 1.056,  25.1,  26.1, 1007.6, 0.026,-0.025,  222,   8.3,   6.0
27-Feb-2022 07:00, 1.092,  25.2,  26.3, 1006.8, 0.008,-0.049,  225,   9.0,   5.4
27-Feb-2022 08:00, 1.149,  25.3,  25.6, 1006.5, 0.010,-0.055,  211,   9.5,   4.3
27-Feb-2022 09:00, 1.218,  25.3,  25.5, 1006.2, 0.021,-0.047,  206,   7.7,   4.3
27-Feb-2022 10:00, 1.249,  25.4,  25.5, 1006.0, 0.007,-0.064,  207,   7.1,   3.8
27-Feb-2022 11:00, 1.269,  25.4,  28.8, 1006.4, 0.011,-0.061,  190,   6.8,   1.0
27-Feb-2022 12:00, 1.255,  25.4,  29.2, 1006.9, 0.008,-0.060,  159,   4.1,   1.6
27-Feb-2022 13:00, 1.199,  25.4,  28.5, 1007.4, 0.003,-0.060,  160,   5.4,   3.3
27-Feb-2022 14:00, 1.106,  25.4,  27.5, 1007.6,-0.001,-0.059,  143,   7.2,   1.6
27-Feb-2022 15:00, 1.003,  25.3,  26.0, 1007.1, 0.005,-0.052,  137,   5.6,   1.6
27-Feb-2022 16:00, 0.879,  25.3,  24.9, 1007.0, 0.008,-0.053,  114,   5.2,   0.8
27-Feb-2022 17:00, 0.716,  25.4,  23.7, 1006.6,-0.023,-0.085,  103,   7.4,   2.5
27-Feb-2022 18:00, 0.634,  25.3,  22.8, 1006.1, 0.008,-0.059,  105,   6.7,   1.7
27-Feb-2022 19:00, 0.546,  25.3,  22.3, 1005.6, 0.003,-0.069,  113,   7.5,   1.4
27-Feb-2022 20:00, 0.488,  25.2,  22.0, 1005.3,-0.009,-0.086,  120,   5.5,   0.9
27-Feb-2022 21:00, 0.538,  25.2,  22.0, 1005.2, 0.048,-0.031,  143,   3.3,   1.1
27-Feb-2022 22:00, 0.531,  25.1,  22.1, 1005.3, 0.008,-0.073,  155,   3.9,   1.6
27-Feb-2022 23:00, 0.620,  25.1,  22.6, 1005.7, 0.037,-0.042,  154,   4.0,   1.9
28-Feb-2022 00:00, 0.700,  25.1,  24.1, 1005.5, 0.039,-0.036,  101,   3.6,   1.0
28-Feb-2022 01:00, 0.765,  25.1,  25.8, 1005.4, 0.028,-0.049,   88,   3.6,   1.4
28-Feb-2022 02:00, 0.833,  25.1,  28.1, 1005.1, 0.038,-0.041,   31,   3.9,   1.6
28-Feb-2022 03:00, 0.888,  25.1,  24.6, 1004.7, 0.046,-0.036,  240,   4.7,   3.4
28-Feb-2022 04:00, 0.938,  25.1,  25.1, 1004.7, 0.059,-0.026,  232,   5.4,   3.4
28-Feb-2022 05:00, 0.941,  25.2,  24.4, 1004.8, 0.028,-0.056,  248,   7.9,   6.1
28-Feb-2022 06:00, 0.987,  25.3,  24.4, 1004.8, 0.036,-0.047,  240,   8.1,   4.8
28-Feb-2022 07:00, 1.041,  25.4,  24.3, 1004.7, 0.040,-0.044,  239,   6.9,   4.4
28-Feb-2022 08:00, 1.103,  25.4,  24.7, 1004.8, 0.037,-0.048,  214,   5.9,   3.2
28-Feb-2022 09:00, 1.168,  25.4,  24.0, 1004.8, 0.034,-0.050,  213,   7.2,   3.9
28-Feb-2022 10:00, 1.243,  25.4,  23.6, 1004.9, 0.045,-0.039,  209,   7.2,   4.0
28-Feb-2022 11:00, 1.307,  25.4,  23.1, 1005.3, 0.062,-0.020,  208,   7.2,   3.9
28-Feb-2022 12:00, 1.307,  25.3,  23.0, 1005.8, 0.044,-0.034,  208,   6.9,   3.8
28-Feb-2022 13:00, 1.310,  25.4,  23.0, 1006.0, 0.064,-0.010,  207,   6.7,   3.7
28-Feb-2022 14:00, 1.264,  25.4,  23.0, 1006.1, 0.077, 0.005,  214,   7.1,   4.0
28-Feb-2022 15:00, 1.146,  25.4,  22.9, 1005.9, 0.056,-0.015,  213,   6.9,   4.0
28-Feb-2022 16:00, 1.051,  25.4,  22.9, 1005.9, 0.083, 0.010,  219,   7.7,   4.6
28-Feb-2022 17:00, 0.908,  25.4,  22.8, 1005.8, 0.071,-0.002,  207,   6.6,   3.4
28-Feb-2022 18:00, 0.797,  25.4,  22.8, 1006.0, 0.084, 0.010,  238,   7.6,   5.3
28-Feb-2022 19:00, 0.696,  25.3,  22.9, 1006.1, 0.087, 0.015,  234,   7.6,   5.3
28-Feb-2022 20:00, 0.617,  25.3,  22.9, 1006.2, 0.072, 0.001,  235,   7.9,   3.7
28-Feb-2022 21:00, 0.621,  25.2,  22.7, 1006.4, 0.100, 0.030,  236,   6.2,   3.9
28-Feb-2022 22:00, 0.638,  25.2,  22.6, 1006.6, 0.105, 0.037,  233,   7.0,   4.6
28-Feb-2022 23:00, 0.712,  25.1,  22.7, 1007.2, 0.130, 0.064,  227,   7.9,   5.9
01-Mar-2022 00:00, 0.760,  25.1,  22.7, 1007.6, 0.106, 0.046,  237,   8.6,   5.5
01-Mar-2022 01:00, 0.838,  25.1,  23.2, 1008.2, 0.109, 0.053,  238,   8.5,   5.0
01-Mar-2022 02:00, 0.885,  25.1,  23.1, 1008.6, 0.094, 0.044,  248,   7.0,   4.7
01-Mar-2022 03:00, 0.923,  25.2,  22.5, 1008.6, 0.093, 0.048,  247,  10.1,   7.8
01-Mar-2022 04:00, 0.974,  25.3,  23.0, 1008.2, 0.126, 0.080,  227,  11.0,   7.3
01-Mar-2022 05:00, 0.937,  25.3,  22.5, 1008.3, 0.076, 0.026,  219,  10.2,   6.0
01-Mar-2022 06:00, 0.958,  25.3,  22.5, 1008.3, 0.071, 0.022,  227,  10.9,   7.3
01-Mar-2022 07:00, 0.986,  25.3,  20.9, 1008.3, 0.064, 0.015,  214,  11.1,   5.6
01-Mar-2022 08:00, 1.024,  25.3,  22.6, 1008.2, 0.047,-0.002,  220,  10.8,   7.4
01-Mar-2022 09:00, 1.095,  25.3,  22.4, 1008.5, 0.043,-0.007,  217,  11.3,   7.3
01-Mar-2022 10:00, 1.166,  25.2,  22.1, 1008.9, 0.044,-0.003,  217,  11.8,   7.5
01-Mar-2022 11:00, 1.219,  25.2,  22.2, 1009.2, 0.035,-0.008,  214,  10.4,   5.4
01-Mar-2022 12:00, 1.258,  25.2,  22.1, 1009.7, 0.031,-0.009,  194,   9.8,   3.2
01-Mar-2022 13:00, 1.240,  25.1,  21.9, 1010.2, 0.000,-0.034,  200,   9.6,   3.6
01-Mar-2022 14:00, 1.252,  25.1,  21.8, 1010.2, 0.038, 0.007,  203,   9.0,   4.6
01-Mar-2022 15:00, 1.153,  25.0,  21.8, 1010.0, 0.003,-0.027,  202,   9.4,   3.4
01-Mar-2022 16:00, 1.054,  25.0,  21.9, 1009.7, 0.009,-0.024,  212,   8.4,   4.6
01-Mar-2022 17:00, 0.940,  25.0,  21.4, 1009.6, 0.021,-0.015,  197,   8.6,   2.3
01-Mar-2022 18:00, 0.804,  24.9,  20.1, 1009.5, 0.003,-0.033,  154,   5.0,   2.4
01-Mar-2022 19:00, 0.707,  24.9,  19.5, 1009.5, 0.012,-0.025,  149,   4.4,   1.7
01-Mar-2022 20:00, 0.632,  24.9,  19.3, 1009.6, 0.018,-0.019,  155,   5.5,   2.9
01-Mar-2022 21:00, 0.598,  24.9,  18.3, 1009.9, 0.016,-0.020,  121,   9.8,   1.1
01-Mar-2022 22:00, 0.589,  24.8,  17.9, 1010.9, 0.008,-0.024,  175,   5.2,   2.8
01-Mar-2022 23:00, 0.590,  24.8,  16.1, 1011.7,-0.020,-0.043,  156,   8.0,   4.5
02-Mar-2022 00:00, 0.670,  24.8,  16.7, 1012.0,-0.001,-0.016,   95,   4.4,   0.8
02-Mar-2022 01:00, 0.697,  24.8,  17.9, 1012.9,-0.046,-0.057,  177,   7.8,   2.9
02-Mar-2022 02:00, 0.753,  24.8,  17.5, 1013.3,-0.051,-0.054,  158,   8.7,   3.8
02-Mar-2022 03:00, 0.783,  24.8,  18.3, 1013.3,-0.061,-0.060,  156,  10.9,   4.9
02-Mar-2022 04:00, 0.816,  24.8,  19.3, 1013.4,-0.038,-0.037,  157,   8.7,   4.1
02-Mar-2022 05:00, 0.762,  24.8,  20.2, 1013.3,-0.082,-0.081,  207,   7.2,   4.0
02-Mar-2022 06:00, 0.764,  24.8,  20.8, 1013.1,-0.083,-0.083,  203,   8.0,   4.0
02-Mar-2022 07:00, 0.805,  24.7,  21.4, 1013.1,-0.065,-0.066,  197,   9.3,   4.1
02-Mar-2022 08:00, 0.820,  24.6,  21.3, 1013.0,-0.084,-0.086,  206,   9.8,   5.8
02-Mar-2022 09:00, 0.866,  24.6,  21.3, 1013.5,-0.099,-0.102,  204,   9.8,   5.2
02-Mar-2022 10:00, 0.962,  24.6,  21.1, 1014.0,-0.076,-0.073,  209,  10.7,   5.9
02-Mar-2022 11:00, 0.993,  24.5,  20.7, 1014.4,-0.106,-0.099,  203,  11.2,   5.3
02-Mar-2022 12:00, 1.046,  24.5,  20.6, 1015.3,-0.107,-0.094,  205,  12.2,   6.0
02-Mar-2022 13:00, 1.068,  24.4,  20.2, 1015.9,-0.117,-0.095,  178,   9.5,   3.5
02-Mar-2022 14:00, 1.036,  24.4,  19.4, 1016.4,-0.150,-0.123,  168,   9.2,   4.3
02-Mar-2022 15:00, 0.994,  24.4,  18.3, 1016.8,-0.159,-0.128,  160,   8.4,   4.2
02-Mar-2022 16:00, 0.908,  24.3,  17.3, 1017.3,-0.175,-0.139,  157,   7.9,   3.5
02-Mar-2022 17:00, 0.833,  24.3,  16.7, 1017.2,-0.142,-0.102,  142,   7.0,   1.6
02-Mar-2022 18:00, 0.713,  24.2,  16.1, 1017.4,-0.149,-0.110,  158,   5.0,   2.5
02-Mar-2022 19:00, 0.610,  24.1,  15.4, 1017.6,-0.161,-0.119,  149,   5.1,   1.7
02-Mar-2022 20:00, 0.553,  24.1,  15.1, 1017.6,-0.139,-0.096,  157,   5.4,   3.0
02-Mar-2022 21:00, 0.489,  24.0,  13.8, 1018.0,-0.161,-0.117,   83,   4.5,   0.9
02-Mar-2022 22:00, 0.517,  24.0,  13.4, 1018.3,-0.132,-0.085,   92,   1.5,   0.7
02-Mar-2022 23:00, 0.540,  23.9,  14.6, 1019.0,-0.128,-0.077,  153,   3.6,   1.9
03-Mar-2022 00:00, 0.570,  23.9,  16.3, 1019.4,-0.144,-0.086,   92,   4.2,   1.6
03-Mar-2022 01:00, 0.635,  23.8,  18.1, 1019.5,-0.142,-0.081,  100,   4.6,   2.0
03-Mar-2022 02:00, 0.689,  23.8,  19.0, 1019.8,-0.147,-0.084,  159,   7.0,   3.9
03-Mar-2022 03:00, 0.728,  23.8,  21.2, 1019.1,-0.148,-0.084,  180,   7.7,   3.0
03-Mar-2022 04:00, 0.751,  23.8,  19.9, 1018.6,-0.138,-0.080,  207,   7.1,   4.0
03-Mar-2022 05:00, 0.730,  23.8,  20.6, 1017.7,-0.140,-0.088,  207,   9.2,   4.7
03-Mar-2022 06:00, 0.677,  23.8,  20.8, 1017.3,-0.165,-0.121,  207,   9.0,   4.8
03-Mar-2022 07:00, 0.700,  23.9,  21.1, 1016.7,-0.144,-0.105,  211,   9.1,   4.7
03-Mar-2022 08:00, 0.706,  24.0,  21.3, 1016.5,-0.158,-0.123,  206,   9.6,   4.9
03-Mar-2022 09:00, 0.734,  24.0,  21.4, 1016.4,-0.165,-0.133,  200,   9.2,   5.2
03-Mar-2022 10:00, 0.798,  24.0,  21.9, 1016.7,-0.163,-0.131,  198,  10.1,   3.8
03-Mar-2022 11:00, 0.842,  24.0,  22.0, 1016.9,-0.174,-0.139,  190,   8.6,   2.7
03-Mar-2022 12:00, 0.887,  23.9,  21.7, 1017.6,-0.177,-0.140,  169,   9.1,   3.5
03-Mar-2022 13:00, 0.916,  23.8,  21.2, 1018.3,-0.185,-0.141,  162,   7.3,   3.3
03-Mar-2022 14:00, 0.920,  23.8,  20.6, 1018.7,-0.195,-0.144,  152,   6.7,   2.3
03-Mar-2022 15:00, 0.905,  23.8,  19.9, 1018.7,-0.201,-0.147,  138,   5.2,   1.0
03-Mar-2022 16:00, 0.861,  23.8,  19.2, 1019.0,-0.206,-0.152,   91,   3.3,   1.2
03-Mar-2022 17:00, 0.757,  23.7,  19.4, 1019.3,-0.238,-0.181,   85,   6.8,   3.3
03-Mar-2022 18:00, 0.652,  23.7,  18.7, 1019.5,-0.243,-0.182,   85,   7.7,   3.6
03-Mar-2022 19:00, 0.566,  23.6,  17.9, 1019.5,-0.245,-0.183,   86,   8.1,   4.0
03-Mar-2022 20:00, 0.535,  23.6,  17.3, 1019.8,-0.217,-0.154,   83,   9.0,   4.0
03-Mar-2022 21:00, 0.486,  23.5,  16.5, 1020.1,-0.228,-0.163,   79,   9.3,   5.0
03-Mar-2022 22:00, 0.477,  23.6,  16.0, 1020.8,-0.237,-0.169,   80,   8.6,   4.3
03-Mar-2022 23:00, 0.523,  23.4,  16.4, 1021.7,-0.215,-0.139,   78,   8.5,   4.1
04-Mar-2022 00:00, 0.532,  23.4,  17.7, 1022.1,-0.243,-0.158,   91,   9.4,   3.3
04-Mar-2022 01:00, 0.589,  23.3,  19.3, 1022.1,-0.240,-0.152,   87,   9.3,   2.7
04-Mar-2022 02:00, 0.675,  23.2,  20.5, 1021.9,-0.206,-0.119,   74,   6.4,   3.4
04-Mar-2022 03:00, 0.683,  23.2,  22.5, 1021.4,-0.238,-0.153,   77,   6.4,   3.0
04-Mar-2022 04:00, 0.728,  23.2,  23.8, 1020.4,-0.209,-0.130,  153,   6.0,   2.5
04-Mar-2022 05:00, 0.713,  23.2,  23.9, 1019.4,-0.209,-0.139,  213,   6.6,   2.6
04-Mar-2022 06:00, 0.660,  23.3,  22.1, 1018.7,-0.222,-0.161,  213,   8.3,   4.3
04-Mar-2022 07:00, 0.636,  23.3,  22.6, 1017.8,-0.214,-0.160,  203,   7.7,   4.4
04-Mar-2022 08:00, 0.624,  23.4,  22.6, 1017.3,-0.227,-0.183,  200,   8.2,   4.0
04-Mar-2022 09:00, 0.645,  23.5,  23.1, 1017.3,-0.222,-0.182,  190,   8.2,   3.1
04-Mar-2022 10:00, 0.659,  23.6,  23.3, 1017.4,-0.247,-0.206,  190,   6.2,   2.4
04-Mar-2022 11:00, 0.709,  23.6,  22.9, 1017.5,-0.241,-0.200,  186,   6.1,   1.9
04-Mar-2022 12:00, 0.741,  23.6,  23.3, 1018.1,-0.243,-0.200,  174,   5.5,   1.4
04-Mar-2022 13:00, 0.755,  23.5,  22.5, 1018.3,-0.260,-0.211,  159,   4.9,   1.1
04-Mar-2022 14:00, 0.784,  23.5,  22.3, 1018.4,-0.246,-0.195,   57,   2.0,   0.2
04-Mar-2022 15:00, 0.760,  23.5,  22.2, 1018.3,-0.268,-0.217,  134,   1.4,   0.4
04-Mar-2022 16:00, 0.761,  23.4,  21.9, 1018.4,-0.250,-0.199,  136,   1.9,   0.5
04-Mar-2022 17:00, 0.709,  23.4,  21.6, 1018.4,-0.259,-0.207,   94,   3.4,   1.3
04-Mar-2022 18:00, 0.642,  23.4,  21.3, 1018.4,-0.257,-0.206,   92,   5.6,   2.0
04-Mar-2022 19:00, 0.547,  23.4,  20.5, 1018.2,-0.275,-0.224,   93,   6.1,   2.3
04-Mar-2022 20:00, 0.503,  23.4,  19.8, 1018.2,-0.271,-0.222,   87,   7.6,   3.6
04-Mar-2022 21:00, 0.510,  23.4,  19.2, 1018.4,-0.244,-0.194,   81,   7.5,   4.2
04-Mar-2022 22:00, 0.494,  23.3,  18.4, 1018.7,-0.270,-0.218,   82,   9.8,   5.9
04-Mar-2022 23:00, 0.555,  23.3,  18.4, 1019.0,-0.243,-0.189,   83,  10.2,   4.6
05-Mar-2022 00:00, 0.605,  23.3,  19.5, 1019.3,-0.233,-0.175,   82,   9.6,   4.6
05-Mar-2022 01:00, 0.627,  23.2,  22.0, 1019.5,-0.263,-0.202,   77,   8.1,   3.9
05-Mar-2022 02:00, 0.716,  23.2,  24.3, 1019.2,-0.222,-0.160,   80,   9.5,   4.2
05-Mar-2022 03:00, 0.743,  23.2,  26.7, 1018.7,-0.228,-0.169,   81,   7.3,   2.5
05-Mar-2022 04:00, 0.769,  23.3,  28.1, 1018.0,-0.222,-0.168,   70,   7.1,   3.6
05-Mar-2022 05:00, 0.763,  23.3,  29.1, 1017.3,-0.217,-0.171,   67,   7.2,   2.9
05-Mar-2022 06:00, 0.725,  23.4,  26.1, 1016.5,-0.218,-0.179,  281,   6.7,   1.4
05-Mar-2022 07:00, 0.689,  23.4,  24.4, 1016.3,-0.205,-0.173,  205,   8.7,   3.5
05-Mar-2022 08:00, 0.632,  23.5,  24.5, 1015.9,-0.232,-0.202,  200,   6.7,   2.3
05-Mar-2022 09:00, 0.655,  23.6,  24.8, 1015.6,-0.207,-0.182,  184,   4.6,   2.0
05-Mar-2022 10:00, 0.655,  23.7,  24.2, 1015.8,-0.224,-0.200,  187,   5.8,   2.1
05-Mar-2022 11:00, 0.693,  23.7,  23.6, 1016.0,-0.216,-0.190,  179,   6.7,   2.1
05-Mar-2022 12:00, 0.724,  23.6,  24.5, 1016.5,-0.204,-0.176,  181,   5.5,   1.5
05-Mar-2022 13:00, 0.728,  23.6,  23.8, 1017.0,-0.216,-0.184,  161,   5.5,   2.2
05-Mar-2022 14:00, 0.753,  23.6,  23.6, 1017.0,-0.201,-0.164,  168,   3.9,   1.3
05-Mar-2022 15:00, 0.748,  23.5,  22.9, 1016.9,-0.198,-0.161,  157,   3.9,   1.9
05-Mar-2022 16:00, 0.740,  23.5,  21.9, 1016.9,-0.195,-0.159,  106,   2.8,   0.4
05-Mar-2022 17:00, 0.717,  23.4,  22.7, 1016.9,-0.194,-0.158,   91,   3.1,   0.9
05-Mar-2022 18:00, 0.681,  23.4,  23.5, 1016.7,-0.186,-0.150,   92,   5.8,   2.0
05-Mar-2022 19:00, 0.622,  23.4,  23.0, 1016.5,-0.192,-0.158,   83,   6.9,   3.7
05-Mar-2022 20:00, 0.569,  23.4,  22.3, 1016.7,-0.202,-0.170,   85,   7.1,   3.3
05-Mar-2022 21:00, 0.589,  23.3,  21.6, 1016.9,-0.173,-0.138,   84,   6.8,   3.4
05-Mar-2022 22:00, 0.609,  23.3,  20.8, 1017.2,-0.175,-0.138,   80,   7.7,   4.2
05-Mar-2022 23:00, 0.678,  23.3,  21.3, 1017.4,-0.158,-0.119,   75,   8.4,   4.3
06-Mar-2022 00:00, 0.752,  23.2,  22.8, 1017.6,-0.135,-0.094,   78,   7.8,   4.7
06-Mar-2022 01:00, 0.815,  23.2,  25.0, 1017.6,-0.125,-0.082,   72,  10.2,   5.2
06-Mar-2022 02:00, 0.862,  23.1,  27.7, 1017.7,-0.132,-0.089,   65,  10.0,   5.3
06-Mar-2022 03:00, 0.929,  23.2,  29.4, 1017.2,-0.095,-0.052,   84,   8.1,   3.3
06-Mar-2022 04:00, 0.943,  23.3,  30.9, 1016.6,-0.098,-0.059,   84,   6.6,   2.5
06-Mar-2022 05:00, 0.949,  23.3,  26.7, 1015.8,-0.090,-0.058,  226,   5.7,   4.3
06-Mar-2022 06:00, 0.931,  23.4,  26.2, 1015.5,-0.076,-0.051,  212,   7.1,   2.9
06-Mar-2022 07:00, 0.883,  23.5,  26.2, 1015.4,-0.073,-0.051,  197,   6.5,   2.8
06-Mar-2022 08:00, 0.821,  23.6,  25.6, 1015.2,-0.087,-0.066,  193,   5.8,   2.3
06-Mar-2022 09:00, 0.810,  23.7,  25.6, 1015.3,-0.070,-0.051,  190,   5.5,   1.8
06-Mar-2022 10:00, 0.793,  23.7,  24.9, 1015.7,-0.082,-0.061,  185,   5.4,   2.3
06-Mar-2022 11:00, 0.814,  23.7,  24.6, 1016.2,-0.076,-0.051,  179,   6.2,   2.3
06-Mar-2022 12:00, 0.845,  23.7,  24.4, 1016.9,-0.054,-0.024,  182,   7.4,   2.7
06-Mar-2022 13:00, 0.809,  23.7,  24.5, 1017.3,-0.086,-0.049,  182,   7.7,   1.6
06-Mar-2022 14:00, 0.832,  23.7,  24.3, 1017.1,-0.066,-0.026,  184,   3.9,   0.8
06-Mar-2022 15:00, 0.829,  23.7,  23.9, 1016.8,-0.055,-0.017,  172,   3.3,   1.5
06-Mar-2022 16:00, 0.777,  23.7,  23.8, 1016.7,-0.085,-0.050,  161,   2.9,   0.9
06-Mar-2022 17:00, 0.809,  23.7,  23.1, 1016.4,-0.038,-0.004,   96,   2.0,   0.6
06-Mar-2022 18:00, 0.771,  23.6,  23.3, 1016.5,-0.047,-0.016,  111,   3.4,   0.9
06-Mar-2022 19:00, 0.711,  23.6,  24.3, 1016.7,-0.074,-0.042,   86,   7.3,   2.3
06-Mar-2022 20:00, 0.709,  23.6,  23.7, 1016.8,-0.048,-0.013,   90,   5.9,   2.7
06-Mar-2022 21:00, 0.695,  23.6,  23.0, 1016.9,-0.055,-0.021,   85,   7.0,   4.1
06-Mar-2022 22:00, 0.711,  23.6,  22.3, 1017.7,-0.066,-0.029,   81,  10.3,   4.5
06-Mar-2022 23:00, 0.785,  23.5,  22.3, 1018.4,-0.056,-0.011,   85,   9.2,   5.1
07-Mar-2022 00:00, 0.876,  23.5,  23.1, 1018.9,-0.039, 0.013,   81,   9.7,   5.7
07-Mar-2022 01:00, 0.896,  23.4,  24.8, 1019.5,-0.076,-0.019,   85,   9.5,   3.5
07-Mar-2022 02:00, 0.990,  23.4,  26.8, 1019.3,-0.043, 0.019,   76,   8.5,   4.0
07-Mar-2022 03:00, 1.044,  23.4,  28.5, 1019.0,-0.030, 0.030,   70,   8.6,   3.9
07-Mar-2022 04:00, 1.051,  23.4,  30.3, 1017.9,-0.032, 0.024,   62,   8.8,   4.7
07-Mar-2022 05:00, 1.062,  23.5,  31.5, 1017.1,-0.023, 0.022,   83,   8.5,   3.0
07-Mar-2022 06:00, 1.052,  23.6,  32.3, 1016.3,-0.011, 0.026,   79,   7.8,   3.1
07-Mar-2022 07:00, 1.015,  23.7,  26.0, 1016.0,-0.002, 0.028,  225,   8.1,   4.1
07-Mar-2022 08:00, 0.966,  23.7,  27.1, 1015.5, 0.000, 0.027,  207,   6.8,   2.9
07-Mar-2022 09:00, 0.910,  23.8,  26.3, 1015.3,-0.011, 0.011,  203,   8.1,   3.3
07-Mar-2022 10:00, 0.893,  23.9,  32.3, 1015.4, 0.002, 0.023,  100,   5.9,   1.9
07-Mar-2022 11:00, 0.880,  24.0,  31.0, 1016.0,-0.005, 0.017,   91,   6.9,   1.9
07-Mar-2022 12:00, 0.882,  24.0,  30.0, 1017.0,-0.009, 0.020,   93,   5.8,   2.2
07-Mar-2022 13:00, 0.868,  23.9,  29.0, 1017.4,-0.004, 0.033,   89,   4.9,   2.0
07-Mar-2022 14:00, 0.865,  23.8,  27.9, 1017.6, 0.007, 0.049,   90,   5.7,   2.0
07-Mar-2022 15:00, 0.829,  23.8,  26.8, 1017.2,-0.017, 0.026,   90,   7.3,   2.8
07-Mar-2022 16:00, 0.799,  23.7,  24.5, 1017.3,-0.013, 0.026,   90,   8.1,   4.1
07-Mar-2022 17:00, 0.788,  23.7,  22.9, 1017.0, 0.001, 0.041,   86,  10.9,   5.4
07-Mar-2022 18:00, 0.752,  23.6,-9999 , 1016.5,-0.019, 0.017,   79,  10.9,   6.0
07-Mar-2022 19:00, 0.742,  23.6,  21.0, 1016.2,-0.005, 0.026,   80,  10.6,   5.3
07-Mar-2022 20:00, 0.758,  23.5,  20.4, 1016.2, 0.024, 0.054,   82,   9.8,   4.4
07-Mar-2022 21:00, 0.724,  23.5,  19.9, 1016.5,-0.011, 0.019,   81,   9.5,   4.5
07-Mar-2022 22:00, 0.755,  23.5,  19.8, 1017.0,-0.006, 0.027,   79,   9.7,   4.8
07-Mar-2022 23:00, 0.834,  23.4,  20.3, 1017.7, 0.013, 0.051,   76,  11.1,   5.8
08-Mar-2022 00:00, 0.893,  23.4,  21.5, 1018.0,-0.018, 0.027,   78,  10.4,   6.5
08-Mar-2022 01:00, 0.985,  23.3,  23.4, 1017.8, 0.001, 0.048,   74,  12.7,   6.8
08-Mar-2022 02:00, 1.049,  23.3,  25.4, 1017.7, 0.005, 0.051,   77,  11.2,   5.4
08-Mar-2022 03:00, 1.081,  23.4,  27.2, 1017.2,-0.019, 0.025,   72,   9.8,   5.5
08-Mar-2022 04:00, 1.151,  23.4,  29.4, 1016.5, 0.032, 0.071,   87,   8.0,   2.8
08-Mar-2022 05:00, 1.147,  23.4,  30.8, 1015.8, 0.031, 0.063,  117,   7.7,   1.8
08-Mar-2022 06:00, 1.126,  23.4,  32.2, 1015.2, 0.019, 0.043,  108,   6.6,   1.5
08-Mar-2022 07:00, 1.099,  23.5,  26.0, 1014.9, 0.027, 0.046,  215,   8.8,   3.7
08-Mar-2022 08:00, 1.046,  23.5,  26.6, 1014.7, 0.024, 0.040,  179,   6.3,   1.5
08-Mar-2022 09:00, 0.963,  23.5,  25.5, 1014.7,-0.010, 0.004,  184,   6.1,   1.8
08-Mar-2022 10:00, 0.941,  23.6,  25.3, 1014.6, 0.012, 0.026,  189,   4.9,   1.5
08-Mar-2022 11:00, 0.900,  23.6,  25.0, 1014.9, 0.002, 0.016,  179,   4.6,   1.4
08-Mar-2022 12:00, 0.880,  23.6,  24.7, 1015.2,-0.009, 0.007,  169,   5.1,   1.5
08-Mar-2022 13:00, 0.873,  23.6,  24.0, 1015.7, 0.001, 0.021,  185,   3.5,   0.6
08-Mar-2022 14:00, 0.831,  23.6,  24.0, 1015.6,-0.005, 0.019,  156,   2.5,   1.8
08-Mar-2022 15:00, 0.827,  23.5,  26.1, 1015.1, 0.011, 0.033,   93,   3.4,   1.4
08-Mar-2022 16:00, 0.765,  23.5,  25.2, 1014.9,-0.021,-0.003,  102,   3.9,   0.9
08-Mar-2022 17:00, 0.759,  23.5,  26.0, 1014.4, 0.011, 0.027,   79,   4.7,   2.8
08-Mar-2022 18:00, 0.740,  23.5,  25.1, 1014.3, 0.010, 0.022,   85,   5.6,   2.7
08-Mar-2022 19:00, 0.690,  23.5,  24.7, 1014.0,-0.025,-0.015,   80,   5.7,   3.4
08-Mar-2022 20:00, 0.721,  23.5,  24.4, 1014.1, 0.014, 0.022,   74,   7.1,   4.3
08-Mar-2022 21:00, 0.733,  23.4,  24.1, 1014.2, 0.015, 0.024,   74,   8.0,   4.4
08-Mar-2022 22:00, 0.740,  23.4,  23.6, 1014.7,-0.007, 0.003,   72,   7.9,   3.9
08-Mar-2022 23:00, 0.818,  23.4,  23.8, 1015.1, 0.020, 0.035,   70,   6.5,   4.0
09-Mar-2022 00:00, 0.889,  23.3,  25.5, 1015.3, 0.006, 0.025,   67,   8.4,   5.2
09-Mar-2022 01:00, 0.995,  23.3,  27.7, 1015.4, 0.020, 0.040,   65,   9.1,   5.6
09-Mar-2022 02:00, 1.073,  23.3,  29.2, 1015.8, 0.036, 0.058,   69,  11.1,   2.6
09-Mar-2022 03:00, 1.109,  23.3,  30.9, 1015.3, 0.015, 0.040,   75,   6.1,   3.0
09-Mar-2022 04:00, 1.160,  23.4,  32.5, 1014.6, 0.026, 0.046,   76,   5.5,   2.8
09-Mar-2022 05:00, 1.180,  23.4,  33.5, 1014.0, 0.044, 0.057,  104,   5.0,   1.1
09-Mar-2022 06:00, 1.156,  23.4,  27.8, 1013.5, 0.025, 0.032,  227,   5.0,   2.4
09-Mar-2022 07:00, 1.141,  23.4,  27.2, 1013.1, 0.028, 0.030,  180,   5.4,   1.5
09-Mar-2022 08:00, 1.135,  23.5,  26.3, 1013.0, 0.062, 0.061,  176,   4.6,   1.9
09-Mar-2022 09:00, 1.028,  23.6,  26.0, 1013.1, 0.000,-0.002,  175,   4.8,   2.3
09-Mar-2022 10:00, 1.011,  23.6,  25.5, 1013.2, 0.029, 0.028,  174,   4.6,   1.7
09-Mar-2022 11:00, 0.959,  23.6,  25.4, 1013.2, 0.025, 0.024,  176,   4.3,   1.4
09-Mar-2022 12:00, 0.945,  23.6,  25.1, 1013.8, 0.044, 0.044,  178,   3.5,   1.5
09-Mar-2022 13:00, 0.941,  23.6,  25.0, 1014.0, 0.059, 0.065,  167,   3.0,   1.1
09-Mar-2022 14:00, 0.900,  23.6,  25.3, 1013.9, 0.060, 0.068,  172,   3.0,   1.4
09-Mar-2022 15:00, 0.845,  23.6,  25.7, 1013.3, 0.046, 0.052,  159,   3.2,   1.1
09-Mar-2022 16:00, 0.852,  23.6,  24.8, 1012.9, 0.081, 0.081,   95,   2.4,   0.3
09-Mar-2022 17:00, 0.795,  23.6,  25.2, 1012.4, 0.065, 0.062,   80,   3.4,   2.3
09-Mar-2022 18:00, 0.796,  23.5,  25.4, 1011.8, 0.097, 0.088,   76,   5.0,   3.2
09-Mar-2022 19:00, 0.773,  23.5,  24.9, 1011.8, 0.084, 0.070,   78,   4.9,   3.0
09-Mar-2022 20:00, 0.756,  23.5,  25.2, 1011.9, 0.071, 0.057,   79,   5.4,   3.5
09-Mar-2022 21:00, 0.783,  23.5,  24.0, 1012.0, 0.084, 0.070,   76,   6.6,   3.9
09-Mar-2022 22:00, 0.810,  23.5,  24.3, 1012.5, 0.076, 0.064,   75,   6.9,   3.7
09-Mar-2022 23:00, 0.851,  23.4,  24.9, 1013.0, 0.068, 0.061,   75,   6.5,   3.9
10-Mar-2022 00:00, 0.901,  23.4,  26.5, 1013.1, 0.049, 0.047,   76,   6.7,   3.9
10-Mar-2022 01:00, 1.038,  23.4,  29.5, 1013.1, 0.094, 0.093,   65,   7.9,   3.8
10-Mar-2022 02:00, 1.075,  23.4,  31.1, 1013.0, 0.057, 0.056,   34,   8.6,   2.4
10-Mar-2022 03:00, 1.151,  23.4,  33.3, 1012.5, 0.082, 0.079,   35,   4.8,   2.1
10-Mar-2022 04:00, 1.203,  23.4,  32.8, 1011.6, 0.085, 0.077,  239,   4.6,   2.0
10-Mar-2022 05:00, 1.203,  23.4,  30.0, 1010.8, 0.065, 0.048,  199,   3.9,   2.2
10-Mar-2022 06:00, 1.238,  23.5,  30.3, 1010.2, 0.099, 0.074,  196,   4.2,   2.4
10-Mar-2022 07:00, 1.211,  23.5,  28.3, 1009.7, 0.075, 0.045,  221,   5.1,   3.1
10-Mar-2022 08:00, 1.189,  23.5,  27.5, 1009.5, 0.076, 0.040,  171,   4.0,   1.6
10-Mar-2022 09:00, 1.164,  23.6,  27.3, 1009.6, 0.086, 0.049,  176,   3.5,   1.6
10-Mar-2022 10:00, 1.130,  23.6,  26.8, 1009.8, 0.093, 0.057,  177,   3.9,   1.3
10-Mar-2022 11:00, 1.080,  23.6,  25.8, 1010.0, 0.092, 0.058,  177,   3.5,   1.1
10-Mar-2022 12:00, 1.038,  23.6,  25.3, 1010.5, 0.100, 0.069,  164,   3.1,   0.5
10-Mar-2022 13:00, 0.986,  23.6,  24.6, 1010.6, 0.086, 0.059,  178,   1.8,   0.6
10-Mar-2022 14:00, 0.980,  23.6,  24.6, 1010.3, 0.123, 0.096,  171,   2.5,   0.9
10-Mar-2022 15:00, 0.915,  23.7,  24.9, 1009.8, 0.115, 0.085,  200,   2.1,   0.0
10-Mar-2022 16:00, 0.883,  23.6,  26.5, 1009.6, 0.124, 0.090,   77,   1.7,   1.0
10-Mar-2022 17:00, 0.837,  23.6,  26.2, 1009.4, 0.117, 0.080,   77,   3.1,   2.1
10-Mar-2022 18:00, 0.819,  23.6,  26.3, 1009.1, 0.137, 0.099,   73,   3.9,   2.3
10-Mar-2022 19:00, 0.789,  23.6,  27.7, 1008.7, 0.122, 0.081,   78,   7.3,   3.4
10-Mar-2022 20:00, 0.813,  23.6,  27.2, 1008.6, 0.145, 0.100,   78,   6.1,   3.5
10-Mar-2022 21:00, 0.824,  23.6,  27.5, 1008.5, 0.142, 0.095,   72,   6.7,   4.2
10-Mar-2022 22:00, 0.839,  23.6,  27.4, 1008.6, 0.118, 0.071,   70,   7.3,   4.3
10-Mar-2022 23:00, 0.923,  23.6,  28.0, 1008.7, 0.151, 0.105,   68,   7.8,   4.7
11-Mar-2022 00:00, 0.951,  23.5,  28.9, 1008.8, 0.119, 0.074,   65,   8.5,   5.6
11-Mar-2022 01:00, 1.056,  23.5,  31.6, 1008.6, 0.147, 0.103,   57,   9.4,   4.4
11-Mar-2022 02:00, 1.134,  23.5,  32.5, 1008.3, 0.147, 0.101,   59,  11.1,   5.8
11-Mar-2022 03:00, 1.188,  23.5,  34.5, 1007.8, 0.149, 0.099,   24,   9.4,   3.5
11-Mar-2022 04:00, 1.245,  23.5,  28.2, 1007.8, 0.163, 0.110,  288,   6.8,   2.7
11-Mar-2022 05:00, 1.265,  23.5,  34.7, 1006.6, 0.148, 0.093,  237,  16.2,   1.9
11-Mar-2022 06:00, 1.279,  23.6,  26.6, 1006.9, 0.149, 0.084,  267,   9.0,   3.9
11-Mar-2022 07:00, 1.289,  23.7,  28.4, 1006.5, 0.150, 0.086,  185,   5.3,   1.4
11-Mar-2022 08:00, 1.266,  23.7,  27.5, 1006.5, 0.127, 0.060,  194,   4.3,   1.2
11-Mar-2022 09:00, 1.286,  23.7,  27.7, 1005.7, 0.167, 0.098,  171,   4.0,   1.4
11-Mar-2022 10:00, 1.242,  23.7,  26.9, 1006.0, 0.151, 0.077,  157,   2.6,   0.6
11-Mar-2022 11:00, 1.203,  23.7,  25.3, 1006.5, 0.154, 0.081,  327,   3.3,   1.4
11-Mar-2022 12:00, 1.172,  23.8,  25.1, 1008.3, 0.178, 0.114,  310,   6.2,   2.3
11-Mar-2022 13:00, 1.124,  23.8,  29.8, 1007.4, 0.186, 0.136,   78,   4.1,   1.3
11-Mar-2022 14:00, 1.091,  23.8,  28.4, 1007.5, 0.205, 0.147,  359,   4.5,   0.9
11-Mar-2022 15:00, 1.019,  23.8,  24.5, 1007.3, 0.197, 0.139,  337,   3.2,   1.8
11-Mar-2022 16:00, 0.942,  23.8,  24.0, 1007.1, 0.183, 0.124,  338,   3.5,   1.8
11-Mar-2022 17:00, 0.918,  23.8,  23.6, 1006.7, 0.203, 0.142,  353,   2.6,   1.6
11-Mar-2022 18:00, 0.899,  23.8,  23.4, 1006.4, 0.224, 0.159,  342,   3.5,   1.6
11-Mar-2022 19:00, 0.849,  23.8,  23.2, 1006.3, 0.197, 0.129,  357,   2.6,   0.9
11-Mar-2022 20:00, 0.879,  23.8,  22.9, 1006.0, 0.227, 0.158,   20,   1.9,   0.7
11-Mar-2022 21:00, 0.889,  23.8,  22.6, 1006.2, 0.220, 0.148,  355,   2.4,   1.2
11-Mar-2022 22:00, 0.907,  23.8,  22.6, 1006.5, 0.201, 0.131,  358,   3.3,   2.0
11-Mar-2022 23:00, 0.996,  23.8,  23.0, 1006.9, 0.236, 0.169,  305,   3.8,   2.0
12-Mar-2022 00:00, 1.034,  23.8,  23.4, 1007.3, 0.216, 0.153,  321,   4.1,   2.3
12-Mar-2022 01:00, 1.124,  23.7,  23.4, 1007.8, 0.243, 0.184,  314,   5.0,   3.2
12-Mar-2022 02:00, 1.169,  23.7,  24.0, 1008.1, 0.220, 0.166,  313,   5.4,   3.0
12-Mar-2022 03:00, 1.229,  23.8,  23.9, 1008.2, 0.226, 0.175,  312,   5.9,   3.5
12-Mar-2022 04:00, 1.280,  23.8,  24.0, 1008.0, 0.239, 0.189,  302,   5.6,   3.0
12-Mar-2022 05:00, 1.284,  23.9,  24.1, 1007.8, 0.206, 0.154,  306,   5.8,   3.1
12-Mar-2022 06:00, 1.322,  23.9,  24.1, 1007.7, 0.218, 0.164,  306,   5.9,   3.0
12-Mar-2022 07:00, 1.357,  24.0,  24.1, 1007.4, 0.232, 0.177,  293,   5.7,   3.2
12-Mar-2022 08:00, 1.344,  24.1,  23.9, 1007.6, 0.199, 0.141,  283,   6.7,   3.4
12-Mar-2022 09:00, 1.365,  24.2,  23.4, 1007.7, 0.216, 0.159,  282,   6.1,   3.0
12-Mar-2022 10:00, 1.348,  24.3,  23.4, 1008.1, 0.212, 0.157,  274,   7.0,   3.6
12-Mar-2022 11:00, 1.307,  24.3,  23.4, 1008.5, 0.199, 0.148,  270,   6.3,   3.5
12-Mar-2022 12:00, 1.264,  24.2,  23.3, 1009.1, 0.205, 0.158,  270,   6.4,   2.4
12-Mar-2022 13:00, 1.202,  24.3,  23.4, 1009.5, 0.205, 0.165,  238,   6.7,   2.7
12-Mar-2022 14:00, 1.138,  24.3,  23.4, 1009.3, 0.208, 0.170,  248,   4.6,   3.7
12-Mar-2022 15:00, 1.052,  24.3,  23.3, 1009.5, 0.195, 0.156,  270,   7.0,   3.2
12-Mar-2022 16:00, 0.989,  24.3,  23.3, 1009.1, 0.209, 0.172,  226,   5.2,   1.3
12-Mar-2022 17:00, 0.908,  24.3,  23.3, 1009.0, 0.189, 0.148,  236,   2.2,   1.0
12-Mar-2022 18:00, 0.878,  24.4,  23.1, 1009.0, 0.206, 0.164,  228,   3.7,   2.7
12-Mar-2022 19:00, 0.838,  24.4,  23.1, 1009.2, 0.196, 0.154,  244,   4.7,   2.4
12-Mar-2022 20:00, 0.832,  24.3,  23.2, 1009.4, 0.193, 0.153,  231,   3.8,   2.0
12-Mar-2022 21:00, 0.863,  24.3,  23.5, 1009.7, 0.206, 0.168,  262,   4.2,   2.0
12-Mar-2022 22:00, 0.890,  24.3,  23.4, 1010.2, 0.198, 0.163,  268,   4.4,   1.6
12-Mar-2022 23:00, 0.937,  24.2,  23.3, 1011.0, 0.190, 0.161,  267,   3.1,   1.9
13-Mar-2022 00:00, 1.011,  24.2,  23.3, 1011.6, 0.205, 0.183,  271,   2.9,   1.8
13-Mar-2022 01:00, 1.071,  24.2,  23.4, 1012.2, 0.209, 0.194,  248,   3.9,   2.6
13-Mar-2022 02:00, 1.090,  24.3,  23.5, 1012.3, 0.173, 0.163,  246,   4.0,   2.0
13-Mar-2022 03:00, 1.176,  24.3,  24.0, 1012.4, 0.212, 0.203,  262,   3.6,   2.2
13-Mar-2022 04:00, 1.175,  24.3,  24.4, 1012.1, 0.178, 0.169,  273,   3.5,   2.3
13-Mar-2022 05:00, 1.191,  24.3,  24.3, 1011.5, 0.162, 0.150,  261,   3.2,   2.4
13-Mar-2022 06:00, 1.233,  24.3,  24.1, 1011.3, 0.170, 0.153,  273,   4.8,   3.4
13-Mar-2022 07:00, 1.261,  24.3,  24.3, 1011.1, 0.166, 0.146,  272,   5.0,   3.2
13-Mar-2022 08:00, 1.279,  24.3,  24.3, 1011.2, 0.149, 0.128,  255,   4.5,   2.8
13-Mar-2022 09:00, 1.310,  24.3,  24.3, 1011.5, 0.152, 0.132,  265,   4.6,   2.3
13-Mar-2022 10:00, 1.330,  24.3,  23.9, 1011.6, 0.161, 0.144,  270,   3.9,   2.0
13-Mar-2022 11:00, 1.306,  24.4,  23.4, 1012.3, 0.147, 0.131,  275,   4.6,   2.8
13-Mar-2022 12:00, 1.278,  24.4,  23.3, 1013.1, 0.154, 0.145,  278,   4.3,   2.1
13-Mar-2022 13:00, 1.233,  24.4,  23.4, 1013.5, 0.168, 0.167,  244,   3.8,   2.1
13-Mar-2022 14:00, 1.147,  24.4,  23.1, 1013.3, 0.156, 0.158,  208,   2.7,   0.8
13-Mar-2022 15:00, 1.065,  24.4,  23.0, 1013.0, 0.158, 0.158,  197,   1.6,   0.8
13-Mar-2022 16:00, 0.987,  24.4,  22.7, 1012.6, 0.170, 0.167,  191,   1.7,   0.7
13-Mar-2022 17:00, 0.919,  24.4,  21.7, 1012.4, 0.181, 0.174,   64,   1.2,   0.4
13-Mar-2022 18:00, 0.854,  24.5,  21.1, 1012.2, 0.174, 0.166,   68,   1.0,   0.7
13-Mar-2022 19:00, 0.811,  24.5,  20.6, 1012.1, 0.168, 0.158,   55,   1.1,   0.6
13-Mar-2022 20:00, 0.810,  24.5,  20.1, 1012.1, 0.178, 0.167,   72,   1.6,   1.1
13-Mar-2022 21:00, 0.803,  24.5,  20.6, 1012.3, 0.156, 0.145,   67,   2.7,   1.8
13-Mar-2022 22:00, 0.855,  24.5,  20.1, 1012.6, 0.171, 0.162,   76,   4.1,   2.2
13-Mar-2022 23:00, 0.926,  24.4,  19.9, 1013.0, 0.189, 0.183,   69,   4.3,   2.2
14-Mar-2022 00:00, 0.963,  24.4,  21.3, 1013.2, 0.166, 0.164,   73,   4.9,   2.4
14-Mar-2022 01:00, 1.033,  24.3,  22.8, 1013.5, 0.183, 0.183,   54,   4.3,   1.6
14-Mar-2022 02:00, 1.091,  24.3,  23.2, 1013.4, 0.194, 0.197,  251,   3.1,   1.6
14-Mar-2022 03:00, 1.101,  24.3,  23.3, 1013.1, 0.168, 0.170,  269,   4.1,   2.5
14-Mar-2022 04:00, 1.150,  24.3,  23.1, 1012.7, 0.194, 0.193,  275,   4.4,   2.5
14-Mar-2022 05:00, 1.155,  24.4,  23.4, 1011.9, 0.176, 0.169,  264,   4.5,   2.6
14-Mar-2022 06:00, 1.174,  24.5,  23.3, 1011.1, 0.163, 0.149,  247,   5.6,   4.4
14-Mar-2022 07:00, 1.247,  24.6,  24.2, 1010.3, 0.197, 0.175,  237,   6.2,   3.7
14-Mar-2022 08:00, 1.298,  24.6,  23.6, 1010.6, 0.201, 0.172,  246,   7.2,   5.6
14-Mar-2022 09:00, 1.299,  24.7,  23.6, 1010.9, 0.157, 0.131,  247,   7.4,   5.7
14-Mar-2022 10:00, 1.388,  24.7,  24.0, 1010.7, 0.210, 0.187,  222,   7.2,   2.8
14-Mar-2022 11:00, 1.373,  24.8,  23.7, 1011.3, 0.181, 0.157,  220,   5.8,   3.9
14-Mar-2022 12:00, 1.338,  24.7,  23.7, 1011.8, 0.162, 0.143,  207,   6.2,   2.8
14-Mar-2022 13:00, 1.340,  24.7,  23.6, 1012.4, 0.210, 0.196,  206,   5.5,   2.2
14-Mar-2022 14:00, 1.249,  24.7,  23.1, 1012.2, 0.191, 0.182,  203,   4.3,   2.0
14-Mar-2022 15:00, 1.131,  24.7,  23.1, 1012.1, 0.162, 0.152,  217,   6.0,   3.2
14-Mar-2022 16:00, 1.071,  24.7,  22.9, 1011.4, 0.204, 0.191,  202,   5.4,   2.2
14-Mar-2022 17:00, 0.964,  24.7,  22.8, 1011.2, 0.191, 0.172,  208,   4.4,   2.2
14-Mar-2022 18:00, 0.868,  24.7,  22.8, 1010.8, 0.168, 0.147,  213,   5.1,   2.2
14-Mar-2022 19:00, 0.843,  24.6,  23.0, 1010.7, 0.190, 0.166,  225,   6.5,   3.6
14-Mar-2022 20:00, 0.821,  24.6,  23.0, 1010.9, 0.185, 0.160,  237,   7.2,   4.0
14-Mar-2022 21:00, 0.811,  24.6,  23.1, 1010.7, 0.166, 0.143,  225,   6.7,   3.7
14-Mar-2022 22:00, 0.878,  24.5,  22.9, 1011.0, 0.199, 0.173,  226,   5.1,   3.4
14-Mar-2022 23:00, 0.924,  24.5,  23.1, 1011.5, 0.190, 0.168,  235,   5.2,   3.6
15-Mar-2022 00:00, 0.985,  24.5,  23.1, 1011.7, 0.190, 0.173,  230,   7.7,   4.0
15-Mar-2022 01:00, 1.039,  24.5,  22.9, 1012.5, 0.191, 0.177,  246,   7.6,   5.8
15-Mar-2022 02:00, 1.051,  24.4,  23.1, 1012.9, 0.163, 0.156,  250,   8.0,   4.8
15-Mar-2022 03:00, 1.076,  24.5,  23.5, 1012.8, 0.162, 0.159,  270,   6.6,   3.3
15-Mar-2022 04:00, 1.072,  24.5,  22.1, 1012.5, 0.147, 0.142,  282,   7.6,   4.0
15-Mar-2022 05:00, 1.060,  24.5,  22.9, 1012.1, 0.126, 0.118,  275,   6.1,   3.6
15-Mar-2022 06:00, 1.081,  24.5,  22.9, 1011.7, 0.124, 0.112,  261,   7.9,   3.4
15-Mar-2022 07:00, 1.106,  24.6,  22.9, 1011.3, 0.112, 0.096,  257,   5.6,   2.8
15-Mar-2022 08:00, 1.169,  24.6,  23.6, 1011.0, 0.123, 0.103,  250,   6.4,   4.0
15-Mar-2022 09:00, 1.215,  24.6,  23.3, 1010.8, 0.110, 0.087,  249,   6.1,   4.3
15-Mar-2022 10:00, 1.283,  24.6,  23.7, 1011.5, 0.127, 0.103,  227,   5.5,   3.7
15-Mar-2022 11:00, 1.300,  24.6,  23.3, 1012.6, 0.105, 0.089,  225,   6.2,   4.4
15-Mar-2022 12:00, 1.315,  24.6,  23.2, 1013.0, 0.111, 0.105,  252,   6.6,   3.2
15-Mar-2022 13:00, 1.327,  24.6,  23.1, 1013.4, 0.148, 0.146,  254,   5.3,   3.5
15-Mar-2022 14:00, 1.226,  24.6,  22.8, 1013.3, 0.107, 0.108,  275,   6.2,   3.8
15-Mar-2022 15:00, 1.170,  24.5,  22.8, 1013.0, 0.137, 0.137,  267,   6.3,   3.7
15-Mar-2022 16:00, 1.050,  24.5,  22.7, 1012.7, 0.122, 0.120,  274,   7.4,   4.5
15-Mar-2022 17:00, 0.993,  24.5,  22.6, 1012.3, 0.173, 0.167,  272,   7.5,   4.5
15-Mar-2022 18:00, 0.904,  24.4,  22.6, 1012.4, 0.170, 0.161,  255,   8.9,   5.4
15-Mar-2022 19:00, 0.817,  24.4,  22.5, 1012.1, 0.143, 0.134,  262,   8.1,   3.9
15-Mar-2022 20:00, 0.825,  24.4,  22.4, 1011.8, 0.175, 0.163,  252,   8.5,   5.5
15-Mar-2022 21:00, 0.797,  24.4,  22.3, 1012.0, 0.139, 0.125,  248,   8.4,   4.8
15-Mar-2022 22:00, 0.833,  24.3,  22.3, 1012.3, 0.148, 0.135,  246,   6.9,   5.0
15-Mar-2022 23:00, 0.894,  24.3,  22.2, 1012.8, 0.155, 0.146,  267,   6.8,   3.2
16-Mar-2022 00:00, 0.933,  24.2,  22.6, 1013.4, 0.131, 0.127,  261,   5.9,   3.6
16-Mar-2022 01:00, 0.985,  24.2,  22.9, 1014.0, 0.128, 0.130,  253,   6.5,   4.5
16-Mar-2022 02:00, 1.017,  24.2,  23.1, 1014.4, 0.121, 0.129,  278,   5.2,   2.8
16-Mar-2022 03:00, 1.040,  24.3,  23.2, 1014.5, 0.126, 0.138,  288,   5.5,   3.2
16-Mar-2022 04:00, 1.017,  24.3,  23.4, 1014.4, 0.105, 0.117,  274,   6.4,   4.4
16-Mar-2022 05:00, 0.999,  24.3,  23.5, 1014.3, 0.097, 0.108,  273,   7.6,   3.8
16-Mar-2022 06:00, 1.005,  24.4,  23.6, 1014.1, 0.095, 0.105,  284,   6.1,   3.8
16-Mar-2022 07:00, 1.043,  24.5,  23.8, 1014.3, 0.107, 0.116,  268,   6.7,   4.4
16-Mar-2022 08:00, 1.058,  24.6,  22.7, 1014.5, 0.077, 0.087,  236,   9.1,   6.4
16-Mar-2022 09:00, 1.104,  24.6,  22.5, 1014.9, 0.058, 0.071,  252,   9.1,   5.8
16-Mar-2022 10:00, 1.179,  24.7,  22.3, 1015.2, 0.071, 0.088,  246,   7.2,   3.2
16-Mar-2022 11:00, 1.241,  24.6,  22.8, 1015.6, 0.079, 0.098,  244,   5.6,   2.8
16-Mar-2022 12:00, 1.275,  24.6,  22.8, 1016.3, 0.077, 0.101,  219,   5.4,   3.5
16-Mar-2022 13:00, 1.284,  24.5,  22.9, 1016.4, 0.087, 0.118,  219,   5.1,   2.3
16-Mar-2022 14:00, 1.242,  24.5,  22.6, 1016.6, 0.083, 0.115,  204,   4.4,   2.3
16-Mar-2022 15:00, 1.185,  24.5,  22.5, 1016.4, 0.098, 0.131,  215,   3.7,   1.7
16-Mar-2022 16:00, 1.095,  24.5,  22.5, 1016.3, 0.107, 0.138,  209,   3.8,   1.9
16-Mar-2022 17:00, 0.989,  24.4,  22.6, 1016.5, 0.115, 0.145,  231,   4.2,   2.7
16-Mar-2022 18:00, 0.870,  24.4,  22.0, 1016.3, 0.092, 0.125,  157,   4.6,   2.8
16-Mar-2022 19:00, 0.800,  24.3,  21.2, 1015.9, 0.090, 0.120,   79,   3.3,   0.4
16-Mar-2022 20:00, 0.775,  24.3,  20.4, 1015.9, 0.100, 0.126,  103,   3.1,   0.7
16-Mar-2022 21:00, 0.776,  24.3,  19.3, 1015.8, 0.095, 0.121,   83,   3.2,   1.1
16-Mar-2022 22:00, 0.806,  24.3,  18.6, 1016.1, 0.098, 0.123,   66,   4.0,   2.2
16-Mar-2022 23:00, 0.842,  24.3,  18.6, 1016.9, 0.087, 0.116,   64,   3.8,   2.6
17-Mar-2022 00:00, 0.898,  24.3,  20.9, 1017.7, 0.078, 0.115,   78,   4.6,   3.1
17-Mar-2022 01:00, 0.944,  24.3,  22.3, 1018.1, 0.066, 0.111,   80,   5.6,   2.9
17-Mar-2022 02:00, 0.996,  24.3,  23.8, 1017.8, 0.078, 0.126,   79,   5.5,   2.8
17-Mar-2022 03:00, 1.016,  24.3,  25.2, 1016.8, 0.082, 0.127,   61,   6.0,   2.0
17-Mar-2022 04:00, 1.008,  24.3,  26.8, 1015.6, 0.084, 0.118,   40,   6.2,   2.2
17-Mar-2022 05:00, 0.997,  24.4,  23.9, 1015.0, 0.101, 0.123,  231,   7.4,   4.6
17-Mar-2022 06:00, 0.960,  24.5,  24.3, 1013.9, 0.082, 0.098,  223,   6.4,   3.7
17-Mar-2022 07:00, 0.968,  24.6,  24.5, 1013.5, 0.081, 0.087,  204,   6.3,   3.0
17-Mar-2022 08:00, 1.009,  24.6,  24.5, 1013.3, 0.094, 0.096,  197,   6.1,   2.7
17-Mar-2022 09:00, 1.042,  24.6,  24.1, 1013.7, 0.070, 0.070,  214,   6.2,   3.6
17-Mar-2022 10:00, 1.111,  24.6,  23.8, 1014.3, 0.073, 0.078,  211,   7.0,   3.6
17-Mar-2022 11:00, 1.177,  24.6,  23.7, 1014.5, 0.080, 0.091,  191,   7.3,   2.0
17-Mar-2022 12:00, 1.225,  24.6,  23.7, 1014.6, 0.075, 0.087,  166,   6.2,   2.6
17-Mar-2022 13:00, 1.259,  24.6,  23.3, 1014.5, 0.084, 0.097,  167,   5.2,   1.6
17-Mar-2022 14:00, 1.249,  24.6,  23.2, 1014.5, 0.088, 0.100,  176,   3.4,   1.5
17-Mar-2022 15:00, 1.211,  24.6,  22.8, 1014.2, 0.097, 0.109,  169,   5.3,   2.4
17-Mar-2022 16:00, 1.136,  24.5,  22.8, 1013.9, 0.104, 0.113,  184,   4.8,   1.4
17-Mar-2022 17:00, 1.019,  24.5,  23.0, 1013.2, 0.092, 0.098,  170,   4.4,   2.2
17-Mar-2022 18:00, 0.926,  24.5,  22.0, 1012.7, 0.102, 0.101,  124,   3.9,   0.6
17-Mar-2022 19:00, 0.842,  24.4,  22.1, 1012.7, 0.090, 0.085,  187,   2.9,   1.2
17-Mar-2022 20:00, 0.815,  24.4,  21.4, 1012.2, 0.103, 0.097,  135,   3.1,   0.7
17-Mar-2022 21:00, 0.805,  24.4,  20.5, 1012.3, 0.093, 0.083,  168,   2.7,   0.8
17-Mar-2022 22:00, 0.826,  24.3,  20.1, 1012.1, 0.082, 0.072,   78,   2.8,   0.9
17-Mar-2022 23:00, 0.870,  24.3,  19.8, 1012.3, 0.082, 0.071,   77,   2.3,   1.1
18-Mar-2022 00:00, 0.928,  24.3,  21.7, 1012.5, 0.079, 0.070,   48,   3.1,   0.4
18-Mar-2022 01:00, 0.999,  24.3,  23.6, 1012.3, 0.088, 0.080,   65,   3.0,   0.7
18-Mar-2022 02:00, 1.017,  24.3,  23.1, 1012.1, 0.063, 0.054,  266,   3.9,   1.7
18-Mar-2022 03:00, 1.048,  24.4,  22.9, 1011.8, 0.075, 0.063,  243,   4.5,   3.1
18-Mar-2022 04:00, 1.020,  24.4,  23.1, 1011.6, 0.060, 0.046,  239,   4.7,   2.6
18-Mar-2022 05:00, 0.973,  24.5,  23.3, 1011.0, 0.053, 0.036,  233,   3.5,   2.5
18-Mar-2022 06:00, 0.938,  24.5,  24.1, 1010.5, 0.063, 0.040,  215,   3.9,   1.4
18-Mar-2022 07:00, 0.901,  24.5,  24.2, 1010.5, 0.044, 0.017,  210,   4.3,   2.5
18-Mar-2022 08:00, 0.896,  24.5,  24.1, 1010.3, 0.031, 0.003,  194,   4.4,   1.5
18-Mar-2022 09:00, 0.946,  24.5,  24.0, 1010.8, 0.047, 0.018,  196,   4.9,   1.5
18-Mar-2022 10:00, 1.001,  24.5,  23.5, 1011.2, 0.043, 0.020,  198,   5.9,   2.5
18-Mar-2022 11:00, 1.053,  24.5,  23.4, 1011.7, 0.041, 0.021,  193,   6.1,   1.8
18-Mar-2022 12:00, 1.128,  24.5,  23.4, 1012.9, 0.061, 0.047,  197,   6.3,   2.4
18-Mar-2022 13:00, 1.149,  24.4,  23.3, 1013.4, 0.037, 0.035,  201,   6.8,   2.9
18-Mar-2022 14:00, 1.177,  24.5,  23.4, 1013.6, 0.056, 0.058,  200,   6.8,   2.8
18-Mar-2022 15:00, 1.184,  24.4,  23.4, 1013.6, 0.083, 0.086,  198,   6.9,   3.3
18-Mar-2022 16:00, 1.087,  24.4,  23.2, 1013.2, 0.039, 0.043,  199,   7.7,   3.5
18-Mar-2022 17:00, 1.045,  24.4,  23.3, 1012.7, 0.083, 0.082,  195,   9.1,   4.1
18-Mar-2022 18:00, 0.934,  24.4,  23.2, 1013.3, 0.068, 0.064,  192,   9.8,   3.3
18-Mar-2022 19:00, 0.800,  24.4,  23.0, 1013.3, 0.009, 0.010,  169,   8.9,   3.0
18-Mar-2022 20:00, 0.783,  24.3,  22.4, 1013.7, 0.030, 0.031,  171,   6.6,   2.7
18-Mar-2022 21:00, 0.769,  24.3,  22.2, 1014.2, 0.021, 0.025,  156,   7.5,   4.1
18-Mar-2022 22:00, 0.773,  24.3,  21.8, 1014.8,-0.011,-0.001,  156,   6.7,   2.0
18-Mar-2022 23:00, 0.838,  24.2,  21.4, 1015.4, 0.006, 0.022,  158,   2.7,   0.9
19-Mar-2022 00:00, 0.899,  24.2,  22.4, 1015.5, 0.010, 0.031,   86,   2.3,   0.9
19-Mar-2022 01:00, 0.933,  24.2,  23.8, 1016.3,-0.022, 0.002,  115,   5.2,   0.9
19-Mar-2022 02:00, 0.987,  24.2,  25.3, 1015.7,-0.013, 0.016,  106,   5.5,   1.5
19-Mar-2022 03:00, 1.006,  24.3,  26.7, 1015.0,-0.016, 0.008,  139,   6.3,   2.3
19-Mar-2022 04:00, 0.992,  24.3,  27.2, 1014.5,-0.023,-0.006,  130,   5.1,   1.7
19-Mar-2022 05:00, 0.971,  24.3,  28.3, 1013.7, 0.000, 0.012,  141,   6.0,   1.8
19-Mar-2022 06:00, 0.884,  24.3,  28.6, 1013.1,-0.024,-0.020,  162,   7.0,   1.6
19-Mar-2022 07:00, 0.816,  24.4,  28.8, 1012.6,-0.042,-0.044,  127,   5.8,   2.1
19-Mar-2022 08:00, 0.793,  24.4,  28.6, 1012.3,-0.046,-0.053,  135,   6.9,   1.6
19-Mar-2022 09:00, 0.803,  24.5,  27.9, 1012.2,-0.042,-0.052,  103,   7.1,   1.9
19-Mar-2022 10:00, 0.827,  24.4,  27.2, 1012.2,-0.054,-0.064,   95,   8.1,   2.5
19-Mar-2022 11:00, 0.892,  24.4,  26.4, 1012.5,-0.032,-0.042,  108,   7.1,   1.7
19-Mar-2022 12:00, 0.956,  24.4,  25.7, 1012.7,-0.011,-0.018,  100,   5.8,   1.7
19-Mar-2022 13:00, 0.980,  24.4,  24.9, 1012.4,-0.036,-0.041,   92,   6.8,   2.1
19-Mar-2022 14:00, 1.046,  24.3,  24.2, 1012.2, 0.003,-0.006,   94,   8.3,   3.0
19-Mar-2022 15:00, 1.056,  24.3,  23.5, 1012.8, 0.013, 0.004,  109,   7.3,   1.9
19-Mar-2022 16:00, 0.994,  24.2,  22.7, 1011.9,-0.028,-0.035,   99,   6.1,   1.7
19-Mar-2022 17:00, 0.967,  24.2,  22.0, 1012.5, 0.001,-0.011,  162,   8.6,   1.9
19-Mar-2022 18:00, 0.909,  24.2,  21.3, 1011.6, 0.020, 0.010,   99,   5.0,   1.9
19-Mar-2022 19:00, 0.786,  24.1,  21.3, 1012.5,-0.033,-0.047,   99,   6.2,   1.0
19-Mar-2022 20:00, 0.786,  24.1,  20.6, 1010.7, 0.001,-0.009,   94,   6.2,   1.5
19-Mar-2022 21:00, 0.796,  24.1,  20.2, 1010.5, 0.012,-0.014,  104,   5.9,   2.0
19-Mar-2022 22:00, 0.800,  24.1,  19.9, 1010.9,-0.020,-0.049,  115,   5.8,   1.1
19-Mar-2022 23:00, 0.901,  24.0,  20.3, 1011.9, 0.023, 0.002,  120,   4.2,   1.0
20-Mar-2022 00:00, 0.913,  24.0,  20.6, 1011.6,-0.021,-0.035,   94,   4.4,   2.0
20-Mar-2022 01:00, 1.007,  24.0,  21.5, 1012.1, 0.006,-0.009,  173,   4.4,   1.6
20-Mar-2022 02:00, 1.030,  24.0,  22.4, 1011.8,-0.023,-0.035,  173,   5.1,   1.9
20-Mar-2022 03:00, 1.069,  24.0,  22.6, 1011.8,-0.006,-0.020,  203,   4.5,   2.2
20-Mar-2022 04:00, 1.044,  24.0,  22.5, 1012.0,-0.033,-0.048,  210,   7.4,   3.9
20-Mar-2022 05:00, 1.011,  24.1,  22.6, 1011.6,-0.031,-0.044,  205,   7.2,   3.7
20-Mar-2022 06:00, 0.928,  24.1,  23.3, 1011.1,-0.045,-0.062,  197,   6.6,   1.9
20-Mar-2022 07:00, 0.885,  24.1,  22.7, 1011.2,-0.014,-0.035,  211,   7.4,   3.7
20-Mar-2022 08:00, 0.819,  24.1,  22.2, 1012.1,-0.029,-0.048,  218,   9.4,   5.8
20-Mar-2022 09:00, 0.772,  24.1,  21.6, 1012.3,-0.055,-0.066,  204,  10.3,   4.8
20-Mar-2022 10:00, 0.786,  24.0,  22.4, 1012.4,-0.044,-0.053,  194,   9.1,   2.6
20-Mar-2022 11:00, 0.836,  24.0,  22.8, 1012.9,-0.017,-0.025,  201,   7.2,   3.7
20-Mar-2022 12:00, 0.865,  24.0,  22.6, 1013.8,-0.009,-0.012,  206,   9.1,   5.6
20-Mar-2022 13:00, 0.891,  24.0,  22.6, 1014.2,-0.016,-0.010,  202,   9.4,   4.4
20-Mar-2022 14:00, 0.924,  23.9,  22.8, 1014.5,-0.017,-0.007,  196,   7.4,   2.9
20-Mar-2022 15:00, 0.912,  23.9,  22.1, 1014.8,-0.038,-0.026,  166,   7.9,   3.3
20-Mar-2022 16:00, 0.901,  23.9,  21.4, 1015.1,-0.050,-0.034,  177,   6.3,   2.1
20-Mar-2022 17:00, 0.891,  23.9,  21.2, 1015.0,-0.040,-0.022,  181,   6.4,   2.9
20-Mar-2022 18:00, 0.846,  23.9,  20.7, 1015.2,-0.037,-0.019,  178,   8.4,   2.6
20-Mar-2022 19:00, 0.794,  23.8,  20.4, 1015.2,-0.036,-0.017,  176,   7.3,   2.3
20-Mar-2022 20:00, 0.733,  23.8,  20.6, 1015.2,-0.068,-0.049,  181,   7.4,   2.9
20-Mar-2022 21:00, 0.771,  23.8,  20.2, 1015.7,-0.036,-0.017,  172,   6.9,   2.5
20-Mar-2022 22:00, 0.789,  23.7,  20.1, 1016.2,-0.058,-0.033,  168,   6.3,   2.9
20-Mar-2022 23:00, 0.868,  23.7,  20.1, 1016.8,-0.046,-0.016,  173,   6.3,   2.6
21-Mar-2022 00:00, 0.919,  23.7,  19.9, 1017.5,-0.060,-0.024,  163,   7.2,   3.2
21-Mar-2022 01:00, 0.969,  23.6,  20.6, 1018.0,-0.073,-0.030,  157,   7.4,   3.8
21-Mar-2022 02:00, 1.027,  23.6,  21.3, 1017.8,-0.077,-0.030,  159,   6.0,   3.2
21-Mar-2022 03:00, 1.070,  23.6,  22.0, 1017.6,-0.059,-0.014,  178,   5.1,   1.7
21-Mar-2022 04:00, 1.070,  23.6,  23.6, 1017.0,-0.062,-0.019,  183,   5.5,   1.6
21-Mar-2022 05:00, 1.054,  23.6,  22.2, 1016.6,-0.059,-0.022,  209,   7.8,   4.4
21-Mar-2022 06:00, 0.999,  23.6,  23.0, 1016.1,-0.054,-0.021,  212,   7.5,   4.2
21-Mar-2022 07:00, 0.929,  23.6,  23.2, 1016.0,-0.043,-0.014,  209,   8.2,   4.7
21-Mar-2022 08:00, 0.832,  23.6,  23.5, 1016.0,-0.065,-0.038,  209,   8.9,   4.8
21-Mar-2022 09:00, 0.807,  23.6,  23.0, 1016.3,-0.039,-0.012,  205,  11.1,   5.9
21-Mar-2022 10:00, 0.789,  23.6,  23.0, 1016.6,-0.031, 0.000,  202,   9.9,   5.0
21-Mar-2022 11:00, 0.750,  23.6,  22.9, 1017.1,-0.065,-0.031,  193,   8.4,   3.3
21-Mar-2022 12:00, 0.788,  23.6,  23.1, 1017.7,-0.026, 0.013,  196,   7.4,   2.9
21-Mar-2022 13:00, 0.755,  23.6,  23.0, 1018.2,-0.060,-0.015,  158,   6.9,   3.9
21-Mar-2022 14:00, 0.760,  23.6,  22.2, 1018.7,-0.077,-0.028,  132,   7.1,   1.5
21-Mar-2022 15:00, 0.774,  23.5,  21.6, 1018.9,-0.074,-0.019,   91,   5.8,   2.9
21-Mar-2022 16:00, 0.793,  23.5,  20.7, 1018.8,-0.056,-0.001,   85,   6.5,   2.7
21-Mar-2022 17:00, 0.772,  23.4,  19.9, 1019.1,-0.083,-0.027,   85,   7.9,   3.1
21-Mar-2022 18:00, 0.781,  23.4,  19.3, 1019.2,-0.060,-0.001,   93,   7.3,   2.3
21-Mar-2022 19:00, 0.729,  23.4,  18.6, 1019.5,-0.084,-0.024,   93,   5.1,   2.0
21-Mar-2022 20:00, 0.716,  23.3,  18.0, 1019.6,-0.081,-0.019,   95,   5.6,   1.6
21-Mar-2022 21:00, 0.731,  23.3,  17.4, 1019.9,-0.078,-0.015,   90,   5.0,   1.9
21-Mar-2022 22:00, 0.763,  23.3,  16.9, 1020.5,-0.092,-0.025,  101,   4.7,   1.3
21-Mar-2022 23:00, 0.831,  23.2,  16.7, 1020.9,-0.098,-0.025,   88,   4.6,   1.7
22-Mar-2022 00:00, 0.903,  23.2,  17.8, 1021.1,-0.106,-0.030,   91,   7.4,   3.1
22-Mar-2022 01:00, 0.956,  23.2,  19.3, 1021.1,-0.115,-0.037,   92,   7.8,   2.9
22-Mar-2022 02:00, 1.036,  23.1,  20.4, 1020.8,-0.101,-0.023,   90,   9.3,   2.7
22-Mar-2022 03:00, 1.080,  23.1,  21.7, 1020.3,-0.097,-0.022,  111,   7.9,   2.0
22-Mar-2022 04:00, 1.082,  23.1,  22.3, 1019.5,-0.097,-0.028,  165,   7.5,   2.9
22-Mar-2022 05:00, 1.071,  23.1,  23.4, 1018.7,-0.098,-0.037,  163,   6.7,   1.9
22-Mar-2022 06:00, 1.030,  23.1,  24.6, 1017.8,-0.100,-0.047,  174,   6.1,   2.2
22-Mar-2022 07:00, 0.999,  23.2,  22.6, 1017.2,-0.059,-0.014,  219,   8.2,   5.0
22-Mar-2022 08:00, 0.915,  23.3,  22.5, 1017.0,-0.063,-0.024,  207,   8.0,   4.8
22-Mar-2022 09:00, 0.833,  23.3,  22.2, 1016.7,-0.073,-0.036,  203,   9.9,   5.2
22-Mar-2022 10:00, 0.807,  23.3,  22.4, 1016.7,-0.046,-0.011,  201,   9.5,   4.3
22-Mar-2022 11:00, 0.737,  23.3,  22.6, 1016.9,-0.083,-0.049,  198,   8.4,   2.8
22-Mar-2022 12:00, 0.718,  23.3,  22.1, 1017.8,-0.080,-0.043,  108,   6.2,   0.4
22-Mar-2022 13:00, 0.677,  23.2,  22.0, 1018.3,-0.091,-0.045,  111,   2.1,   0.7
22-Mar-2022 14:00, 0.659,  23.2,  21.8, 1018.0,-0.098,-0.048,  151,   3.3,   1.9
22-Mar-2022 15:00, 0.659,  23.2,  20.9, 1018.1,-0.102,-0.055,  107,   4.9,   1.4
22-Mar-2022 16:00, 0.634,  23.1,  20.1, 1018.2,-0.117,-0.069,   95,   5.6,   1.6
22-Mar-2022 17:00, 0.639,  23.1,  19.0, 1018.2,-0.117,-0.068,   89,   6.8,   2.5
22-Mar-2022 18:00, 0.647,  23.0,  18.0, 1017.9,-0.120,-0.072,   88,  10.4,   4.1
22-Mar-2022 19:00, 0.619,  23.0,  17.3, 1017.7,-0.145,-0.099,   86,  11.1,   4.1
22-Mar-2022 20:00, 0.661,  22.9,  16.8, 1017.4,-0.108,-0.064,   86,  10.0,   5.0
22-Mar-2022 21:00, 0.658,  22.8,  16.4, 1017.8,-0.133,-0.091,   85,   9.2,   4.3
22-Mar-2022 22:00, 0.696,  22.8,  16.1, 1018.5,-0.142,-0.097,   82,   9.6,   4.4
22-Mar-2022 23:00, 0.800,  22.7,  16.0, 1019.2,-0.117,-0.064,   81,   9.0,   5.0
23-Mar-2022 00:00, 0.858,  22.7,  17.1, 1019.6,-0.152,-0.093,   84,   9.0,   4.0
23-Mar-2022 01:00, 0.946,  22.6,  19.1, 1019.6,-0.139,-0.076,   79,   8.7,   3.6
23-Mar-2022 02:00, 1.034,  22.6,  21.1, 1019.1,-0.113,-0.050,   89,   8.4,   3.1
23-Mar-2022 03:00, 1.086,  22.6,  22.6, 1018.3,-0.115,-0.058,   94,   7.1,   2.4
23-Mar-2022 04:00, 1.115,  22.6,  24.3, 1017.5,-0.099,-0.049,  118,   6.6,   1.9
23-Mar-2022 05:00, 1.121,  22.6,  25.8, 1016.4,-0.084,-0.043,  129,   5.0,   1.8
23-Mar-2022 06:00, 1.087,  22.6,  26.5, 1015.5,-0.101,-0.071,  123,   7.2,   2.0
23-Mar-2022 07:00, 1.061,  22.6,  27.3, 1015.0,-0.076,-0.054,  145,   6.7,   1.7
23-Mar-2022 08:00, 0.997,  22.7,  27.4, 1014.6,-0.069,-0.052,  156,   5.8,   2.4
23-Mar-2022 09:00, 0.910,  22.7,  27.9, 1014.5,-0.084,-0.071,  104,   6.8,   2.3
23-Mar-2022 10:00, 0.867,  22.8,  26.9, 1014.7,-0.056,-0.044,  102,   4.9,   1.4
23-Mar-2022 11:00, 0.771,  22.8,  25.6, 1015.5,-0.095,-0.080,   90,   4.6,   1.6
23-Mar-2022 12:00, 0.725,  22.8,  24.5, 1016.1,-0.101,-0.078,   91,   3.6,   1.4
23-Mar-2022 13:00, 0.675,  22.8,  23.7, 1016.7,-0.101,-0.072,   98,   4.6,   1.7
23-Mar-2022 14:00, 0.612,  22.7,  22.5, 1016.7,-0.114,-0.079,  103,   4.3,   0.9
23-Mar-2022 15:00, 0.585,  22.6,  21.8, 1016.3,-0.120,-0.086,   96,   7.2,   2.2
23-Mar-2022 16:00, 0.568,  22.6,  20.9, 1016.3,-0.115,-0.084,   86,   7.5,   3.3
23-Mar-2022 17:00, 0.561,  22.5,  20.2, 1016.1,-0.106,-0.076,   84,   8.1,   4.4
23-Mar-2022 18:00, 0.573,  22.5,  19.4, 1015.7,-0.110,-0.082,   86,   9.8,   4.5
23-Mar-2022 19:00, 0.577,  22.4,  18.4, 1015.3,-0.122,-0.098,   82,   9.2,   4.6
23-Mar-2022 20:00, 0.621,  22.4,  17.7, 1015.3,-0.096,-0.075,   82,  10.4,   5.4
23-Mar-2022 21:00, 0.671,  22.3,  17.2, 1015.2,-0.083,-0.063,   83,   9.8,   5.1
23-Mar-2022 22:00, 0.701,  22.3,  16.7, 1015.6,-0.105,-0.086,   79,   9.7,   6.0
23-Mar-2022 23:00, 0.806,  22.2,  16.4, 1016.3,-0.074,-0.050,   79,   9.9,   4.5
24-Mar-2022 00:00, 0.877,  22.2,  18.1, 1016.6,-0.102,-0.071,   77,   9.9,   5.9
24-Mar-2022 01:00, 1.004,  22.1,  20.3, 1016.6,-0.065,-0.032,   71,  10.6,   5.5
24-Mar-2022 02:00, 1.066,  22.1,  22.4, 1016.5,-0.066,-0.033,   76,  11.1,   4.1
24-Mar-2022 03:00, 1.148,  22.1,  23.9, 1016.2,-0.043,-0.010,   62,   8.7,   5.2
24-Mar-2022 04:00, 1.196,  22.1,  25.9, 1015.4,-0.029, 0.000,   73,   7.8,   3.5
24-Mar-2022 05:00, 1.185,  22.1,  27.5, 1014.6,-0.036,-0.016,   74,   7.5,   3.8
24-Mar-2022 06:00, 1.198,  22.2,  28.4, 1013.7,-0.019,-0.006,   71,   7.9,   4.2
24-Mar-2022 07:00, 1.178,  22.2,  29.7, 1013.0,-0.016,-0.012,   79,   7.3,   2.7
24-Mar-2022 08:00, 1.150,  22.2,  29.8, 1012.7, 0.008, 0.005,   70,   7.4,   4.5
24-Mar-2022 09:00, 1.086,  22.3,  30.2, 1012.4, 0.002,-0.004,   89,   6.6,   1.6
24-Mar-2022 10:00, 1.033,  22.3,  29.4, 1012.8, 0.016, 0.008,   81,   5.8,   2.5
24-Mar-2022 11:00, 0.939,  22.3,  27.9, 1013.3,-0.008,-0.012,   97,   5.4,   1.2
24-Mar-2022 12:00, 0.893,  22.3,  26.2, 1014.0, 0.006, 0.007,   97,   3.0,   0.8
24-Mar-2022 13:00, 0.831,  22.3,  25.3, 1013.9, 0.002, 0.009,   93,   3.4,   1.3
24-Mar-2022 14:00, 0.753,  22.3,  24.8, 1013.6, 0.001, 0.007,   89,   4.9,   2.4
24-Mar-2022 15:00, 0.706,  22.2,  24.0, 1013.3, 0.013, 0.016,   86,   7.0,   2.6
24-Mar-2022 16:00, 0.676,  22.2,  23.3, 1013.1, 0.020, 0.021,   84,   5.2,   2.9
24-Mar-2022 17:00, 0.635,  22.1,  23.3, 1012.5, 0.018, 0.016,   80,   6.6,   3.7
24-Mar-2022 18:00, 0.661,  22.1,  22.6, 1011.9, 0.050, 0.042,   78,   6.8,   3.7
24-Mar-2022 19:00, 0.672,  22.1,  22.0, 1011.3, 0.036, 0.022,   76,   6.3,   3.9
24-Mar-2022 20:00, 0.715,  22.0,  22.5, 1011.2, 0.055, 0.035,   75,  10.2,   5.5
24-Mar-2022 21:00, 0.781,  22.0,  21.9, 1011.5, 0.076, 0.057,   74,   8.7,   4.6
24-Mar-2022 22:00, 0.843,  21.9,  21.5, 1011.5, 0.076, 0.058,   73,   7.6,   4.5
24-Mar-2022 23:00, 0.921,  21.9,  22.1, 1012.1, 0.085, 0.069,   67,   9.4,   5.5
25-Mar-2022 00:00, 1.006,  21.9,  23.6, 1011.7, 0.081, 0.070,   67,  11.4,   6.7
25-Mar-2022 01:00, 1.134,  21.9,  25.5, 1011.3, 0.110, 0.095,   65,  11.5,   7.5
25-Mar-2022 02:00, 1.202,  21.9,  27.4, 1010.9, 0.108, 0.088,   63,  11.2,   7.1
25-Mar-2022 03:00, 1.278,  21.9,  29.1, 1010.3, 0.130, 0.106,   70,  10.9,   6.2
25-Mar-2022 04:00, 1.326,  21.9,  31.1, 1009.9, 0.128, 0.098,   55,  10.8,   4.9
25-Mar-2022 05:00, 1.347,  21.9,  32.7, 1008.6, 0.134, 0.100,   52,   9.4,   3.4
25-Mar-2022 06:00, 1.353,  21.9,  33.8, 1007.8, 0.140, 0.093,   69,   8.9,   3.3
25-Mar-2022 07:00, 1.377,  22.0,  34.4, 1007.5, 0.160, 0.105,   64,   5.1,   2.1
25-Mar-2022 08:00, 1.329,  22.0,  30.2, 1007.3, 0.134, 0.077,  231,   5.5,   1.8
25-Mar-2022 09:00, 1.294,  22.0,  29.3, 1006.9, 0.140, 0.080,  173,   3.1,   1.6
25-Mar-2022 10:00, 1.278,  22.0,  26.9, 1007.5, 0.168, 0.105,  175,   3.3,   1.0
25-Mar-2022 11:00, 1.191,  22.1,  25.3, 1008.9, 0.146, 0.090,  348,   6.3,   2.0
25-Mar-2022 12:00, 1.137,  22.1,  25.4, 1009.5, 0.163, 0.121,  199,   3.4,   0.3
25-Mar-2022 13:00, 1.055,  22.1,  25.5, 1009.3, 0.148, 0.111,  148,   1.5,   0.6
25-Mar-2022 14:00, 0.978,  22.2,  25.7, 1009.1, 0.154, 0.115,   66,   2.0,   1.3
25-Mar-2022 15:00, 0.879,  22.2,  25.4, 1008.8, 0.148, 0.106,   48,   2.5,   1.4
25-Mar-2022 16:00, 0.823,  22.2,  25.1, 1008.3, 0.155, 0.111,   33,   3.2,   2.1
25-Mar-2022 17:00, 0.788,  22.2,  24.3, 1006.7, 0.173, 0.123,   81,   5.4,   2.7
25-Mar-2022 18:00, 0.775,  22.1,  24.5, 1005.6, 0.198, 0.131,   81,   5.0,   2.5
25-Mar-2022 19:00, 0.800,  22.1,  24.5, 1005.1, 0.211, 0.135,   69,   6.2,   3.2
25-Mar-2022 20:00, 0.817,  22.1,  24.5, 1005.2, 0.198, 0.115,  248,   4.1,   1.0
25-Mar-2022 21:00, 0.877,  22.1,  24.1, 1008.8, 0.216, 0.141,  259,  10.6,   5.4
25-Mar-2022 22:00, 0.890,  22.1,  22.4, 1008.5, 0.164, 0.120,  170,  12.5,   1.0
25-Mar-2022 23:00, 1.002,  22.1,  21.8, 1007.7, 0.205, 0.157,  107,   3.8,   1.2
26-Mar-2022 00:00, 1.066,  22.1,  22.5, 1007.5, 0.194, 0.139,   95,   3.7,   1.7
26-Mar-2022 01:00, 1.152,  22.1,  25.6, 1007.3, 0.192, 0.135,   78,   5.0,   3.2
26-Mar-2022 02:00, 1.259,  22.1,  27.7, 1007.0, 0.221, 0.162,   36,   7.7,   3.7
26-Mar-2022 03:00, 1.267,  22.1,  27.9, 1006.8, 0.180, 0.118,  352,   7.9,   4.2
26-Mar-2022 04:00, 1.359,  22.2,  24.6, 1006.1, 0.223, 0.159,    8,   6.0,   2.8
26-Mar-2022 05:00, 1.385,  22.2,  27.3, 1005.3, 0.213, 0.142,  348,   6.9,   3.6
26-Mar-2022 06:00, 1.371,  22.4,  24.2, 1005.3, 0.190, 0.111,  315,   8.9,   2.2
26-Mar-2022 07:00, 1.443,  22.4,  24.0, 1006.0, 0.246, 0.168,  329,   6.0,   2.5
26-Mar-2022 08:00, 1.411,  22.5,  23.7, 1006.5, 0.200, 0.128,  292,   3.7,   1.8
26-Mar-2022 09:00, 1.393,  22.5,  23.5, 1006.8, 0.196, 0.129,  258,   4.3,   2.3
26-Mar-2022 10:00, 1.379,  22.4,  23.7, 1007.1, 0.206, 0.142,  167,   7.8,   2.9
26-Mar-2022 11:00, 1.336,  22.4,  23.9, 1007.4, 0.202, 0.141,   82,   5.8,   1.6
26-Mar-2022 12:00, 1.268,  22.4,  24.0, 1007.5, 0.199, 0.142,   73,   4.9,   2.4
26-Mar-2022 13:00, 1.221,  22.4,  23.9, 1007.2, 0.226, 0.167,   77,   7.5,   3.7
26-Mar-2022 14:00, 1.120,  22.4,  24.2, 1008.8, 0.205, 0.146,  194,   9.0,   1.5
26-Mar-2022 15:00, 0.990,  22.5,  23.9, 1009.2, 0.179, 0.135,  104,   4.4,   1.4
26-Mar-2022 16:00, 0.941,  22.5,  23.6, 1008.9, 0.225, 0.184,  158,   5.1,   3.1
26-Mar-2022 17:00, 0.839,  22.4,  23.4, 1009.2, 0.190, 0.147,  157,   4.4,   1.9
26-Mar-2022 18:00, 0.784,  22.4,  22.8, 1009.3, 0.191, 0.151,  161,   4.5,   2.7
26-Mar-2022 19:00, 0.771,  22.4,  22.3, 1009.5, 0.197, 0.158,  163,   6.0,   3.3
26-Mar-2022 20:00, 0.747,  22.4,  22.0, 1009.8, 0.148, 0.111,  157,   8.3,   4.9
26-Mar-2022 21:00, 0.790,  22.4,  21.5, 1010.3, 0.150, 0.116,  154,   9.1,   3.3
26-Mar-2022 22:00, 0.849,  22.3,  21.2, 1011.2, 0.151, 0.123,  154,   7.3,   3.6
26-Mar-2022 23:00, 0.919,  22.3,  21.3, 1011.8, 0.147, 0.127,  112,   6.4,   1.2
27-Mar-2022 00:00, 0.985,  22.3,  22.2, 1012.7, 0.144, 0.131,   89,   5.1,   2.6
27-Mar-2022 01:00, 1.042,  22.3,  22.7, 1013.2, 0.135, 0.130,  107,   6.9,   3.2
27-Mar-2022 02:00, 1.130,  22.3,  23.3, 1013.5, 0.154, 0.154,   89,   6.8,   2.6
27-Mar-2022 03:00, 1.143,  22.3,  23.0, 1013.5, 0.119, 0.122,   94,   6.7,   2.6
27-Mar-2022 04:00, 1.182,  22.3,  23.4, 1013.2, 0.125, 0.127,   92,   6.7,   2.2
27-Mar-2022 05:00, 1.211,  22.3,  23.3, 1012.9, 0.114, 0.114,  136,   7.6,   2.2
27-Mar-2022 06:00, 1.195,  22.3,  23.9, 1012.5, 0.071, 0.067,  106,   8.3,   1.9
27-Mar-2022 07:00, 1.259,  22.4,  24.0, 1012.7, 0.112, 0.105,  100,   8.1,   2.5
27-Mar-2022 08:00, 1.254,  22.4,  24.2, 1012.8, 0.074, 0.069,   90,   9.0,   3.5
27-Mar-2022 09:00, 1.248,  22.4,  23.5, 1013.2, 0.047, 0.042,   97,   8.2,   2.1
27-Mar-2022 10:00, 1.258,  22.4,  22.6, 1014.0, 0.056, 0.057,   98,   7.6,   1.9
27-Mar-2022 11:00, 1.252,  22.4,  22.4, 1014.2, 0.063, 0.070,  101,   7.2,   1.7
27-Mar-2022 12:00, 1.199,  22.3,  22.1, 1014.8, 0.050, 0.060,   95,   7.0,   2.6
27-Mar-2022 13:00, 1.111,  22.3,  20.8, 1015.2, 0.028, 0.044,   92,   8.6,   4.1
27-Mar-2022 14:00, 1.054,  22.3,  20.0, 1015.3, 0.051, 0.070,   87,  10.2,   2.1
27-Mar-2022 15:00, 0.913,  22.3,  19.4, 1015.1, 0.008, 0.028,   89,  10.2,   2.9
27-Mar-2022 16:00, 0.833,  22.2,  19.1, 1014.9, 0.038, 0.057,   88,   9.6,   3.9
27-Mar-2022 17:00, 0.743,  22.2,  18.9, 1014.7, 0.037, 0.054,   86,   6.9,   2.3
27-Mar-2022 18:00, 0.662,  22.2,  18.9, 1014.3, 0.021, 0.035,   93,   7.9,   2.2
27-Mar-2022 19:00, 0.623,  22.1,  18.8, 1014.0, 0.022, 0.033,   96,   7.5,   2.4
27-Mar-2022 20:00, 0.651,  22.1,  18.7, 1013.7, 0.046, 0.053,   92,   7.3,   2.6
27-Mar-2022 21:00, 0.651,  22.1,  18.2, 1013.5, 0.009, 0.013,   96,   9.0,   2.7
27-Mar-2022 22:00, 0.728,  22.0,  18.1, 1013.8, 0.032, 0.035,   88,   9.2,   2.3
27-Mar-2022 23:00, 0.813,  22.0,  18.3, 1014.0, 0.048, 0.054,   87,   7.1,   2.8
28-Mar-2022 00:00, 0.837,  22.0,  18.9, 1014.0, 0.005, 0.012,   87,   9.6,   4.7
28-Mar-2022 01:00, 0.921,  22.0,  20.7, 1014.0, 0.035, 0.042,   83,   9.2,   4.9
28-Mar-2022 02:00, 0.986,  22.0,  21.2, 1014.1, 0.053, 0.061,   92,  10.1,   2.6
28-Mar-2022 03:00, 0.974,  22.0,  23.8, 1013.7, 0.004, 0.012,   71,   8.4,   5.5
28-Mar-2022 04:00, 1.032,  22.0,  23.9, 1013.0, 0.041, 0.045,   80,   9.5,   4.1
28-Mar-2022 05:00, 1.044,  22.0,  24.5, 1012.3, 0.029, 0.026,   81,   8.5,   3.2
28-Mar-2022 06:00, 1.047,  22.0,  24.7, 1011.7, 0.001,-0.009,   70,   8.9,   4.7
28-Mar-2022 07:00, 1.107,  22.0,  25.6, 1011.1, 0.030, 0.014,   82,   7.7,   3.5
28-Mar-2022 08:00, 1.144,  22.1,  26.0, 1010.6, 0.028, 0.007,   91,   8.7,   2.2
28-Mar-2022 09:00, 1.183,  22.1,  25.2, 1010.1, 0.024,-0.003,  114,   7.6,   2.3
28-Mar-2022 10:00, 1.196,  22.0,  24.2, 1010.9, 0.008,-0.023,   98,   8.0,   2.5
28-Mar-2022 11:00, 1.194,  22.1,  23.1, 1011.9,-0.006,-0.028,   86,   8.0,   2.7
28-Mar-2022 12:00, 1.212,  22.1,  22.7, 1011.5, 0.023, 0.009,   89,   8.6,   3.2
28-Mar-2022 13:00, 1.177,  22.1,  22.4, 1011.4, 0.030, 0.012,   86,   8.2,   3.8
28-Mar-2022 14:00, 1.102,  22.1,  21.9, 1012.0, 0.025, 0.008,   93,   7.4,   2.5
28-Mar-2022 15:00, 1.015,  22.0,  21.6, 1011.5, 0.029, 0.016,   81,   8.5,   4.6
28-Mar-2022 16:00, 0.920,  22.0,  21.5, 1011.0, 0.039, 0.021,   82,   9.2,   3.8
28-Mar-2022 17:00, 0.842,  22.0,  21.5, 1010.6, 0.062, 0.039,   84,   8.1,   3.8
28-Mar-2022 18:00, 0.735,  22.0,  21.1, 1010.8, 0.033, 0.007,   94,   7.4,   1.7
28-Mar-2022 19:00, 0.705,  21.9,  21.0, 1011.3, 0.051, 0.027,   84,   5.0,   2.3
28-Mar-2022 20:00, 0.717,  21.9,  20.8, 1011.2, 0.074, 0.054,   84,   6.7,   3.0
28-Mar-2022 21:00, 0.711,  21.9,  20.7, 1012.1, 0.044, 0.025,   82,   6.2,   1.6
28-Mar-2022 22:00, 0.781,  21.9,  20.7, 1012.4, 0.064, 0.054,   92,   5.0,   2.0
28-Mar-2022 23:00, 0.864,  21.9,  20.7, 1012.5, 0.084, 0.076,   92,   5.7,   2.5
29-Mar-2022 00:00, 0.903,  21.8,  21.2, 1012.8, 0.058, 0.050,   78,   9.2,   4.8
29-Mar-2022 01:00, 0.978,  21.8,  22.7, 1013.3, 0.081, 0.077,   82,   8.5,   3.4
29-Mar-2022 02:00, 1.032,  21.8,  24.3, 1013.2, 0.104, 0.104,   77,   7.7,   3.2
29-Mar-2022 03:00, 1.007,  21.8,  24.8, 1013.2, 0.063, 0.063,   75,   8.8,   4.2
29-Mar-2022 04:00, 1.054,  21.9,  26.8, 1012.0, 0.105, 0.104,   80,   6.3,   3.4
29-Mar-2022 05:00, 1.052,  21.9,  28.3, 1011.2, 0.097, 0.084,   83,   7.4,   3.5
29-Mar-2022 06:00, 1.046,  21.9,  29.7, 1010.5, 0.078, 0.056,   78,   7.9,   3.2
29-Mar-2022 07:00, 1.114,  22.0,  29.9, 1010.1, 0.118, 0.091,   75,   6.7,   3.4
29-Mar-2022 08:00, 1.131,  22.1,  29.7, 1010.0, 0.092, 0.061,   97,   6.6,   2.5
29-Mar-2022 09:00, 1.184,  22.1,  29.0, 1010.3, 0.097, 0.065,   94,   7.2,   1.8
29-Mar-2022 10:00, 1.226,  22.1,  27.6, 1011.0, 0.093, 0.064,   90,   7.2,   3.0
29-Mar-2022 11:00, 1.256,  22.1,  26.9, 1011.3, 0.088, 0.065,   81,   7.8,   4.2
29-Mar-2022 12:00, 1.298,  22.1,  26.1, 1012.0, 0.115, 0.097,   83,   9.4,   4.3
29-Mar-2022 13:00, 1.270,  22.1,  25.7, 1012.9, 0.101, 0.089,   79,   8.8,   4.3
29-Mar-2022 14:00, 1.243,  22.1,  25.3, 1013.2, 0.120, 0.117,   76,   8.7,   4.0
29-Mar-2022 15:00, 1.191,  22.2,  24.7, 1013.2, 0.145, 0.144,   74,   8.9,   2.6
29-Mar-2022 16:00, 1.088,  22.2,  24.0, 1013.5, 0.139, 0.139,   80,   7.0,   3.9
29-Mar-2022 17:00, 0.976,  22.2,  23.6, 1013.4, 0.122, 0.125,   88,   8.3,   2.5
29-Mar-2022 18:00, 0.926,  22.2,  22.8, 1013.4, 0.156, 0.157,   80,   7.6,   4.3
29-Mar-2022 19:00, 0.837,  22.1,  22.3, 1013.4, 0.122, 0.123,   75,   7.6,   3.9
29-Mar-2022 20:00, 0.826,  22.1,  22.0, 1013.7, 0.127, 0.128,   80,   7.9,   3.4
29-Mar-2022 21:00, 0.855,  22.1,  21.7, 1013.8, 0.140, 0.145,   85,   7.6,   3.7
29-Mar-2022 22:00, 0.878,  22.1,  21.7, 1014.0, 0.123, 0.129,   80,   7.3,   3.7
29-Mar-2022 23:00, 0.960,  22.1,  22.0, 1014.4, 0.145, 0.153,   81,   9.3,   4.4
30-Mar-2022 00:00, 1.007,  22.1,  22.6, 1014.8, 0.129, 0.141,   76,   9.0,   4.7
30-Mar-2022 01:00, 1.055,  22.1,  23.5, 1015.3, 0.126, 0.142,   68,  10.7,   4.0
30-Mar-2022 02:00, 1.088,  22.0,  24.0, 1015.4, 0.131, 0.151,   67,  11.4,   5.6
30-Mar-2022 03:00, 1.090,  22.0,  24.6, 1015.0, 0.132, 0.153,   67,   9.7,   4.8
30-Mar-2022 04:00, 1.062,  22.1,  25.5, 1014.2, 0.123, 0.140,   74,   9.8,   4.6
30-Mar-2022 05:00, 1.051,  22.1,  25.8, 1013.5, 0.128, 0.137,   69,  10.1,   4.8
30-Mar-2022 06:00, 1.050,  22.1,  25.5, 1013.1, 0.131, 0.132,   71,   9.7,   5.9
30-Mar-2022 07:00, 1.012,  22.1,  25.1, 1013.1, 0.085, 0.083,   76,  10.5,   6.0
30-Mar-2022 08:00, 1.076,  22.1,  25.4, 1013.1, 0.115, 0.113,   77,   8.9,   4.1
30-Mar-2022 09:00, 1.124,  22.2,  24.6, 1013.6, 0.115, 0.114,   75,   9.6,   4.9
30-Mar-2022 10:00, 1.152,  22.2,  24.1, 1014.0, 0.096, 0.100,   80,   8.7,   4.0
30-Mar-2022 11:00, 1.205,  22.2,  23.8, 1014.5, 0.104, 0.111,   82,   7.6,   3.8
30-Mar-2022 12:00, 1.241,  22.2,  23.1, 1015.1, 0.106, 0.119,   84,   8.5,   3.4
30-Mar-2022 13:00, 1.239,  22.2,  22.9, 1015.8, 0.094, 0.114,   79,   7.3,   4.2
30-Mar-2022 14:00, 1.245,  22.1,  22.5, 1016.1, 0.118, 0.144,   82,   7.9,   3.6
30-Mar-2022 15:00, 1.191,  22.1,  22.3, 1015.8, 0.116, 0.144,   77,   9.6,   4.0
30-Mar-2022 16:00, 1.093,  22.1,  21.9, 1015.6, 0.101, 0.126,   80,   7.7,   3.7
30-Mar-2022 17:00, 1.018,  22.1,  21.7, 1015.4, 0.116, 0.140,   80,   7.8,   4.2
30-Mar-2022 18:00, 0.964,  22.1,  21.5, 1014.9, 0.134, 0.155,   80,   8.1,   4.6
30-Mar-2022 19:00, 0.875,  22.0,  21.3, 1014.7, 0.099, 0.116,   76,  10.0,   4.6
30-Mar-2022 20:00, 0.899,  22.0,  21.3, 1014.5, 0.144, 0.158,   79,   9.2,   4.4
30-Mar-2022 21:00, 0.906,  22.0,  21.1, 1015.0, 0.132, 0.145,   78,   8.7,   4.8
30-Mar-2022 22:00, 0.926,  22.0,  21.1, 1015.0, 0.117, 0.135,   76,   9.9,   5.1
30-Mar-2022 23:00, 1.032,  22.0,  21.3, 1015.3, 0.170, 0.188,   74,   9.3,   4.7
31-Mar-2022 00:00, 1.054,  21.9,  22.3, 1015.6, 0.130, 0.151,   77,  10.6,   5.8
31-Mar-2022 01:00, 1.109,  21.9,  23.4, 1015.9, 0.134, 0.158,   71,  11.8,   6.5
31-Mar-2022 02:00, 1.166,  22.0,  25.4, 1015.6, 0.163, 0.189,   71,  12.6,   5.3
31-Mar-2022 03:00, 1.158,  22.0,  26.3, 1015.2, 0.155, 0.178,   68,  10.6,   5.1
31-Mar-2022 04:00, 1.145,  22.0,  27.2, 1014.4, 0.176, 0.194,   81,   9.4,   4.3
31-Mar-2022 05:00, 1.097,  22.0,  28.4, 1013.9, 0.173, 0.184,   66,   8.4,   3.5
31-Mar-2022 06:00, 1.059,  22.1,  29.6, 1013.5, 0.161, 0.167,   69,   8.1,   3.7
31-Mar-2022 07:00, 1.060,  22.2,  30.0, 1013.0, 0.171, 0.173,   64,   6.9,   3.3
31-Mar-2022 08:00, 1.071,  22.2,  30.1, 1012.9, 0.173, 0.171,   66,   8.5,   3.3
31-Mar-2022 09:00, 1.080,  22.2,  29.3, 1013.0, 0.144, 0.141,   65,   6.8,   4.3
31-Mar-2022 10:00, 1.115,  22.2,  28.7, 1013.0, 0.137, 0.134,   76,   6.7,   3.3
31-Mar-2022 11:00, 1.174,  22.2,  28.0, 1013.5, 0.155, 0.153,   82,   7.2,   3.1
31-Mar-2022 12:00, 1.205,  22.2,  26.9, 1014.0, 0.144, 0.147,   85,   7.5,   2.9
31-Mar-2022 13:00, 1.226,  22.2,  26.6, 1014.5, 0.141, 0.149,   85,   5.8,   2.5
31-Mar-2022 14:00, 1.244,  22.3,  26.9, 1014.5, 0.157, 0.169,   77,   6.5,   3.7
31-Mar-2022 15:00, 1.197,  22.3,  26.6, 1014.3, 0.133, 0.145,   79,   6.7,   3.0
31-Mar-2022 16:00, 1.141,  22.3,  26.0, 1014.2, 0.134, 0.145,   75,   4.7,   2.2
31-Mar-2022 17:00, 1.083,  22.3,  25.7, 1014.1, 0.156, 0.166,   67,   5.1,   3.4
31-Mar-2022 18:00, 0.998,  22.3,  25.1, 1014.0, 0.137, 0.145,   86,   5.7,   1.8
31-Mar-2022 19:00, 0.991,  22.3,  24.3, 1013.8, 0.169, 0.176,   77,   2.8,   1.7
31-Mar-2022 20:00, 0.981,  22.3,  23.8, 1013.8, 0.177, 0.182,   67,   3.5,   1.3
31-Mar-2022 21:00, 1.002,  22.3,  23.5, 1013.9, 0.176, 0.182,   73,   4.4,   2.6
31-Mar-2022 22:00, 1.069,  22.3,  23.8, 1014.2, 0.202, 0.208,   69,   6.6,   4.2
31-Mar-2022 23:00, 1.102,  22.3,  23.5, 1014.7, 0.186, 0.196,   61,   5.9,   2.7
01-Apr-2022 00:00, 1.169,  22.3,  24.4, 1015.0, 0.193, 0.208,   70,   4.8,   2.4
01-Apr-2022 01:00, 1.225,  22.3,  25.6, 1015.0, 0.199, 0.216,   64,   6.8,   4.3
01-Apr-2022 02:00, 1.262,  22.2,  26.5, 1015.2, 0.205, 0.223,   57,   8.2,   4.9
01-Apr-2022 03:00, 1.241,  22.3,  28.4, 1014.6, 0.182, 0.200,   65,   9.4,   3.6
01-Apr-2022 04:00, 1.225,  22.3,  28.3, 1014.4, 0.198, 0.211,   51,   8.1,   3.2
01-Apr-2022 05:00, 1.151,  22.3,  27.3, 1013.9, 0.186, 0.198,   17,   8.9,   4.3
01-Apr-2022 06:00, 1.095,  22.3,  28.2, 1013.0, 0.189, 0.194,   27,   6.6,   2.6
01-Apr-2022 07:00, 1.055,  22.4,  29.4, 1012.5, 0.177, 0.174,   77,   6.0,   2.6
01-Apr-2022 08:00, 1.047,  22.4,  29.8, 1011.8, 0.181, 0.173,   65,   8.7,   3.5
01-Apr-2022 09:00, 1.047,  22.4,  30.1, 1011.7, 0.167, 0.152,   39,   6.9,   2.5
01-Apr-2022 10:00, 1.101,  22.5,  29.6, 1011.8, 0.188, 0.172,   68,   5.9,   2.9
01-Apr-2022 11:00, 1.133,  22.5,  28.9, 1012.0, 0.190, 0.176,   81,   6.2,   2.8
01-Apr-2022 12:00, 1.169,  22.5,  28.2, 1012.3, 0.191, 0.178,   78,   5.0,   2.3
01-Apr-2022 13:00, 1.188,  22.4,  27.3, 1012.7, 0.180, 0.171,   72,   6.5,   2.8
01-Apr-2022 14:00, 1.212,  22.4,  26.7, 1012.6, 0.191, 0.186,   68,   5.6,   3.2
01-Apr-2022 15:00, 1.184,  22.4,  26.4, 1012.5, 0.167, 0.161,   67,   6.2,   3.8
01-Apr-2022 16:00, 1.165,  22.4,  26.1, 1012.4, 0.177, 0.169,   65,   6.6,   3.7
01-Apr-2022 17:00, 1.111,  22.4,  26.0, 1012.3, 0.179, 0.170,   65,   6.3,   2.9
01-Apr-2022 18:00, 1.069,  22.5,  25.7, 1012.0, 0.198, 0.189,   63,   6.0,   3.2
01-Apr-2022 19:00, 1.014,  22.5,  25.2, 1011.6, 0.174, 0.161,   70,   7.2,   3.3
01-Apr-2022 20:00, 1.051,  22.5,  24.9, 1011.6, 0.215, 0.198,   73,   7.0,   4.1
01-Apr-2022 21:00, 1.045,  22.4,  24.7, 1011.5, 0.183, 0.167,   66,   7.3,   4.0
01-Apr-2022 22:00, 1.123,  22.4,  24.6, 1011.8, 0.208, 0.190,   66,   7.5,   4.0
01-Apr-2022 23:00, 1.187,  22.3,  24.4, 1012.5, 0.219, 0.205,   65,   6.4,   3.3
02-Apr-2022 00:00, 1.212,  22.3,  24.7, 1012.3, 0.186, 0.178,   64,   9.0,   5.3
02-Apr-2022 01:00, 1.321,  22.3,  24.9, 1012.6, 0.242, 0.233,   66,   8.4,   5.6
02-Apr-2022 02:00, 1.322,  22.3,  26.1, 1012.3, 0.212, 0.206,   54,   9.1,   2.9
02-Apr-2022 03:00, 1.333,  22.3,  28.1, 1011.8, 0.216, 0.206,   24,   8.2,   3.1
02-Apr-2022 04:00, 1.315,  22.3,  28.1, 1011.2, 0.225, 0.210,   42,   7.0,   3.2
02-Apr-2022 05:00, 1.253,  22.3,  28.5, 1010.5, 0.224, 0.203,   39,   7.6,   2.9
02-Apr-2022 06:00, 1.159,  22.4,  26.4, 1010.1, 0.211, 0.183,  323,   6.6,   1.3
02-Apr-2022 07:00, 1.116,  22.4,  26.0, 1009.4, 0.227, 0.194,  229,   3.8,   2.6
02-Apr-2022 08:00, 1.094,  22.5,  26.4, 1009.0, 0.233, 0.195,  206,   4.0,   2.0
02-Apr-2022 09:00, 1.081,  22.5,  25.8, 1008.6, 0.229, 0.187,  200,   4.1,   1.6
02-Apr-2022 10:00, 1.107,  22.5,  24.9, 1008.7, 0.239, 0.193,  146,   4.0,   0.8
02-Apr-2022 11:00, 1.140,  22.5,  24.9, 1008.9, 0.253, 0.208,  179,   3.7,   0.9
02-Apr-2022 12:00, 1.148,  22.5,  24.6, 1009.5, 0.240, 0.197,  165,   4.4,   1.2
02-Apr-2022 13:00, 1.176,  22.6,  24.2, 1009.8, 0.243, 0.206,  183,   4.2,   0.8
02-Apr-2022 14:00, 1.185,  22.6,  24.1, 1009.8, 0.239, 0.204,  171,   2.3,   0.7
02-Apr-2022 15:00, 1.210,  22.6,  24.6, 1009.4, 0.258, 0.224,  166,   2.4,   1.0
02-Apr-2022 16:00, 1.192,  22.6,  23.7, 1009.1, 0.249, 0.211,  190,   1.6,   0.9
02-Apr-2022 17:00, 1.164,  22.5,  23.9, 1008.9, 0.252, 0.210,   60,   1.1,   0.6
02-Apr-2022 18:00, 1.147,  22.6,  23.8, 1008.6, 0.280, 0.236,  119,   2.4,   0.8
02-Apr-2022 19:00, 1.094,  22.5,  24.6, 1008.1, 0.256, 0.209,   35,   2.4,   0.9
02-Apr-2022 20:00, 1.138,  22.5,  24.0, 1008.0, 0.294, 0.243,   32,   3.1,   0.7
02-Apr-2022 21:00, 1.156,  22.5,  24.0, 1008.3, 0.277, 0.226,   33,   2.3,   1.7
02-Apr-2022 22:00, 1.219,  22.6,  23.4, 1008.5, 0.277, 0.228,  318,   2.3,   1.0
02-Apr-2022 23:00, 1.308,  22.6,  23.4, 1008.6, 0.300, 0.253,  153,   2.3,   0.4
03-Apr-2022 00:00, 1.355,  22.6,  23.8, 1008.6, 0.287, 0.241,   31,   4.1,   2.4
03-Apr-2022 01:00, 1.433,  22.6,  23.9, 1008.7, 0.307, 0.261,  342,   4.8,   2.5
03-Apr-2022 02:00, 1.463,  22.6,  24.1, 1008.7, 0.305, 0.260,  329,   4.8,   2.3
03-Apr-2022 03:00, 1.456,  22.7,  23.9, 1008.7, 0.291, 0.246,  345,   4.1,   2.4
03-Apr-2022 04:00, 1.445,  22.7,  24.4, 1007.9, 0.297, 0.251,  319,   3.8,   1.1
03-Apr-2022 05:00, 1.369,  22.7,  24.8, 1007.5, 0.276, 0.223,  302,   2.3,   1.2
03-Apr-2022 06:00, 1.302,  22.8,  24.3, 1007.2, 0.291, 0.233,  252,   3.8,   2.8
03-Apr-2022 07:00, 1.209,  22.8,  24.7, 1007.3, 0.280, 0.220,  226,   4.6,   3.3
03-Apr-2022 08:00, 1.125,  22.8,  24.2, 1007.5, 0.251, 0.192,  204,   6.8,   3.4
03-Apr-2022 09:00, 1.100,  22.9,  23.6, 1007.7, 0.254, 0.197,  196,   6.4,   2.6
03-Apr-2022 10:00, 1.084,  22.9,  23.0, 1008.1, 0.238, 0.183,  200,   6.5,   3.0
03-Apr-2022 11:00, 1.083,  23.0,  22.8, 1008.4, 0.230, 0.180,  201,   7.7,   3.2
03-Apr-2022 12:00, 1.096,  23.1,  22.8, 1008.7, 0.240, 0.192,  206,   7.5,   3.9
03-Apr-2022 13:00, 1.109,  23.0,  22.3, 1009.1, 0.235, 0.190,  211,   8.3,   3.8
03-Apr-2022 14:00, 1.093,  23.0,  22.5, 1009.3, 0.209, 0.169,  201,   9.3,   4.0
03-Apr-2022 15:00, 1.086,  23.0,  22.9, 1009.5, 0.202, 0.163,  196,   6.3,   2.7
03-Apr-2022 16:00, 1.062,  23.0,  23.1, 1010.0, 0.177, 0.140,  193,   5.9,   2.3
03-Apr-2022 17:00, 1.020,  23.1,  23.0, 1010.4, 0.148, 0.116,  190,   5.4,   1.6
03-Apr-2022 18:00, 1.010,  23.1,  22.0, 1010.8, 0.161, 0.134,  197,  10.1,   3.8
03-Apr-2022 19:00, 0.959,  23.1,  22.0, 1011.0, 0.131, 0.107,  190,   7.2,   2.0
03-Apr-2022 20:00, 0.966,  23.0,  21.4, 1011.5, 0.133, 0.111,  193,   6.4,   3.2
03-Apr-2022 21:00, 0.988,  23.0,  21.0, 1012.2, 0.115, 0.098,  185,   7.1,   2.3
03-Apr-2022 22:00, 1.044,  23.0,  20.7, 1012.9, 0.099, 0.089,  181,   5.8,   2.1
03-Apr-2022 23:00, 1.133,  22.9,  20.5, 1013.9, 0.106, 0.103,  176,   6.5,   2.3
04-Apr-2022 00:00, 1.188,  22.9,  20.7, 1015.0, 0.096, 0.103,  172,   6.3,   3.0
04-Apr-2022 01:00, 1.233,  22.9,  20.6, 1015.9, 0.078, 0.096,  166,   6.2,   3.6
04-Apr-2022 02:00, 1.266,  22.9,  20.9, 1016.2, 0.068, 0.095,  167,   6.7,   2.4
04-Apr-2022 03:00, 1.266,  22.9,  21.8, 1016.3, 0.062, 0.091,  174,   7.3,   2.4
04-Apr-2022 04:00, 1.262,  22.9,  22.5, 1016.1, 0.070, 0.100,  186,   7.4,   1.4
04-Apr-2022 05:00, 1.210,  22.9,  22.0, 1015.9, 0.062, 0.091,  203,   6.0,   3.1
04-Apr-2022 06:00, 1.121,  22.9,  22.4, 1015.6, 0.048, 0.074,  205,   7.2,   3.9
04-Apr-2022 07:00, 1.033,  22.9,  22.6, 1016.0, 0.046, 0.070,  204,   7.5,   4.4
04-Apr-2022 08:00, 0.927,  22.9,  23.6, 1016.3, 0.017, 0.045,  162,   7.5,   2.7
04-Apr-2022 09:00, 0.888,  22.9,  22.9, 1017.1, 0.028, 0.059,  158,   7.1,   3.8
04-Apr-2022 10:00, 0.848,  22.9,  22.5, 1018.0, 0.009, 0.048,  144,   8.3,   2.3
04-Apr-2022 11:00, 0.825,  22.9,  21.6, 1018.9,-0.016, 0.032,  153,   5.6,   2.4
04-Apr-2022 12:00, 0.825,  22.9,  21.2, 1019.8,-0.006, 0.051,  152,   5.2,   1.9
04-Apr-2022 13:00, 0.808,  22.8,  20.4, 1020.2,-0.022, 0.044,   87,   3.8,   0.9
04-Apr-2022 14:00, 0.842,  22.8,  19.6, 1020.3, 0.003, 0.072,   84,   2.0,   0.5
04-Apr-2022 15:00, 0.820,  22.8,  19.4, 1020.5,-0.012, 0.059,  136,   2.6,   0.8
04-Apr-2022 16:00, 0.796,  22.8,  18.6, 1020.4,-0.033, 0.039,   89,   4.2,   2.0
04-Apr-2022 17:00, 0.799,  22.7,  17.9, 1020.5,-0.029, 0.042,   87,   8.1,   2.7
04-Apr-2022 18:00, 0.790,  22.7,  17.3, 1020.7,-0.026, 0.046,   88,   7.8,   2.7
04-Apr-2022 19:00, 0.771,  22.6,  16.7, 1020.9,-0.040, 0.035,   85,   6.9,   2.9
04-Apr-2022 20:00, 0.794,  22.6,  16.2, 1020.8,-0.026, 0.050,   85,   6.2,   3.1
04-Apr-2022 21:00, 0.817,  22.6,  15.5, 1021.0,-0.040, 0.035,   86,   6.1,   3.3
04-Apr-2022 22:00, 0.893,  22.5,  14.6, 1021.5,-0.032, 0.045,   87,   6.0,   2.4
04-Apr-2022 23:00, 0.994,  22.4,  14.9, 1021.9,-0.026, 0.056,   90,   5.6,   2.6
05-Apr-2022 00:00, 1.066,  22.4,  16.3, 1022.2,-0.034, 0.053,   91,   5.8,   1.5
05-Apr-2022 01:00, 1.110,  22.4,  18.0, 1022.4,-0.051, 0.039,   80,   7.0,   3.1
05-Apr-2022 02:00, 1.202,  22.4,  19.3, 1022.0,-0.016, 0.074,   71,   9.0,   4.0
05-Apr-2022 03:00, 1.204,  22.4,  20.3, 1021.8,-0.030, 0.057,   70,   6.9,   4.0
05-Apr-2022 04:00, 1.209,  22.4,  21.5, 1021.3,-0.012, 0.073,   65,   6.2,   4.0
05-Apr-2022 05:00, 1.165,  22.4,  22.7, 1020.5,-0.026, 0.053,  157,   5.2,   2.3
05-Apr-2022 06:00, 1.098,  22.5,  22.1, 1019.8,-0.028, 0.043,  231,   5.4,   2.4
05-Apr-2022 07:00, 1.038,  22.5,  21.4, 1019.8,-0.007, 0.058,  209,   8.0,   3.7
05-Apr-2022 08:00, 0.943,  22.5,  21.1, 1019.8,-0.020, 0.045,  204,   7.5,   3.9
05-Apr-2022 09:00, 0.877,  22.6,  21.3, 1019.9,-0.019, 0.046,  201,   6.7,   3.3
05-Apr-2022 10:00, 0.840,  22.6,  20.9, 1020.2,-0.012, 0.055,  186,   6.0,   2.3
05-Apr-2022 11:00, 0.791,  22.6,  20.9, 1020.6,-0.049, 0.020,  174,   6.5,   2.5
05-Apr-2022 12:00, 0.803,  22.6,  19.9, 1021.1,-0.027, 0.047,  118,   5.9,   1.0
05-Apr-2022 13:00, 0.785,  22.6,  19.6, 1021.3,-0.025, 0.053,   89,   2.6,   0.8
05-Apr-2022 14:00, 0.789,  22.5,  19.1, 1021.4,-0.021, 0.060,   84,   4.2,   1.6
05-Apr-2022 15:00, 0.784,  22.5,  18.5, 1021.0,-0.020, 0.061,   98,   4.0,   1.2
05-Apr-2022 16:00, 0.767,  22.5,  17.6, 1020.8,-0.020, 0.057,   85,   2.6,   1.3
05-Apr-2022 17:00, 0.751,  22.4,  17.1, 1020.4,-0.036, 0.038,   86,   3.8,   2.0
05-Apr-2022 18:00, 0.789,  22.4,  16.8, 1020.2, 0.004, 0.074,   85,   4.5,   2.1
05-Apr-2022 19:00, 0.763,  22.4,  16.4, 1020.0,-0.023, 0.046,   87,   5.0,   2.0
05-Apr-2022 20:00, 0.793,  22.3,  16.3, 1019.6,-0.011, 0.056,   81,   6.1,   3.4
05-Apr-2022 21:00, 0.845,  22.3,  15.6, 1019.8, 0.006, 0.069,   78,   5.8,   3.4
05-Apr-2022 22:00, 0.895,  22.2,  15.4, 1020.2,-0.004, 0.062,   78,   6.2,   3.6
05-Apr-2022 23:00, 0.993,  22.2,  15.5, 1020.6, 0.003, 0.073,   78,   6.5,   4.0
06-Apr-2022 00:00, 1.089,  22.2,  17.3, 1020.8, 0.004, 0.077,   74,   6.7,   4.1
06-Apr-2022 01:00, 1.154,  22.1,  19.5, 1020.7, 0.005, 0.080,   68,  10.4,   6.2
06-Apr-2022 02:00, 1.217,  22.1,  21.6, 1020.4, 0.010, 0.083,   74,   8.8,   4.6
06-Apr-2022 03:00, 1.276,  22.1,  23.9, 1020.0, 0.031, 0.101,   53,   8.3,   3.6
06-Apr-2022 04:00, 1.246,  22.1,  25.3, 1019.4, 0.009, 0.076,   76,   7.2,   2.5
06-Apr-2022 05:00, 1.256,  22.2,  26.0, 1018.4, 0.041, 0.101,   32,   5.7,   1.5
06-Apr-2022 06:00, 1.203,  22.2,  27.0, 1017.7, 0.033, 0.084,  139,   4.4,   1.2
06-Apr-2022 07:00, 1.126,  22.2,  24.5, 1017.0, 0.029, 0.073,  214,   8.4,   2.8
06-Apr-2022 08:00, 1.064,  22.3,  23.5, 1017.0, 0.043, 0.081,  207,   6.9,   3.6
06-Apr-2022 09:00, 0.977,  22.3,  23.1, 1017.1, 0.029, 0.066,  200,   6.5,   2.4
06-Apr-2022 10:00, 0.918,  22.3,  23.0, 1017.5, 0.031, 0.070,  191,   5.1,   1.6
06-Apr-2022 11:00, 0.874,  22.3,  22.4, 1017.8, 0.021, 0.063,  175,   4.5,   1.4
06-Apr-2022 12:00, 0.893,  22.3,  21.9, 1018.0, 0.052, 0.097,  134,   3.3,   0.6
06-Apr-2022 13:00, 0.835,  22.4,  21.8, 1018.2, 0.020, 0.068,   93,   1.6,   0.7
06-Apr-2022 14:00, 0.814,  22.4,  21.3, 1018.0, 0.020, 0.069,   92,   2.7,   1.0
06-Apr-2022 15:00, 0.812,  22.3,  20.6, 1017.5, 0.023, 0.070,   93,   3.3,   1.3
06-Apr-2022 16:00, 0.787,  22.3,  20.0, 1016.8, 0.019, 0.061,   77,   4.7,   3.1
06-Apr-2022 17:00, 0.773,  22.3,  19.4, 1016.6, 0.019, 0.054,   77,   4.7,   2.8
06-Apr-2022 18:00, 0.789,  22.2,  18.8, 1016.0, 0.030, 0.063,   77,   4.9,   3.1
06-Apr-2022 19:00, 0.772,  22.2,  18.4, 1015.5, 0.009, 0.036,   76,   5.4,   3.3
06-Apr-2022 20:00, 0.817,  22.1,  18.7, 1015.3, 0.033, 0.056,   72,   6.5,   3.9
06-Apr-2022 21:00, 0.848,  22.1,  18.4, 1015.2, 0.024, 0.045,   68,   6.6,   4.3
06-Apr-2022 22:00, 0.924,  22.1,  18.3, 1015.3, 0.046, 0.065,   69,   6.1,   3.8
06-Apr-2022 23:00, 1.002,  22.0,  18.7, 1015.3, 0.049, 0.069,   64,   6.1,   4.0
07-Apr-2022 00:00, 1.095,  22.0,  20.4, 1015.3, 0.046, 0.066,   64,   7.7,   4.7
07-Apr-2022 01:00, 1.161,  21.9,  23.0, 1015.3, 0.034, 0.055,   52,   8.5,   4.0
07-Apr-2022 02:00, 1.240,  21.9,  25.3, 1014.8, 0.061, 0.081,   53,   8.7,   3.6
07-Apr-2022 03:00, 1.293,  21.9,  27.0, 1014.3, 0.065, 0.080,   33,   7.4,   3.4
07-Apr-2022 04:00, 1.307,  22.0,  28.4, 1013.5, 0.067, 0.077,   24,   5.9,   3.1
07-Apr-2022 05:00, 1.287,  22.1,  25.7, 1012.3, 0.066, 0.067,  251,   7.7,   3.0
07-Apr-2022 06:00, 1.258,  22.1,  25.8, 1011.7, 0.064, 0.054,  236,   4.3,   2.8
07-Apr-2022 07:00, 1.226,  22.1,  25.4, 1011.2, 0.085, 0.069,  167,   3.5,   1.6
07-Apr-2022 08:00, 1.158,  22.1,  26.3, 1010.9, 0.085, 0.065,  182,   3.6,   1.1
07-Apr-2022 09:00, 1.107,  22.1,  24.7, 1010.5, 0.100, 0.076,  167,   3.1,   1.3
07-Apr-2022 10:00, 1.031,  22.2,  23.9, 1010.4, 0.088, 0.061,  171,   2.4,   0.6
07-Apr-2022 11:00, 0.980,  22.3,  23.7, 1010.4, 0.091, 0.063,  166,   2.2,   0.9
07-Apr-2022 12:00, 0.965,  22.3,  23.8, 1010.5, 0.103, 0.075,  170,   2.5,   0.4
07-Apr-2022 13:00, 0.946,  22.3,  24.8, 1010.0, 0.108, 0.080,  154,   2.7,   1.0
07-Apr-2022 14:00, 0.899,  22.3,  24.1, 1009.0, 0.100, 0.067,  239,   1.2,   0.0
07-Apr-2022 15:00, 0.921,  22.3,  24.6, 1008.2, 0.141, 0.098,   54,   2.8,   1.1
07-Apr-2022 16:00, 0.881,  22.3,  25.0, 1007.7, 0.118, 0.068,   66,   5.3,   2.8
07-Apr-2022 17:00, 0.872,  22.3,  25.3, 1007.0, 0.134, 0.078,   64,   6.0,   3.4
07-Apr-2022 18:00, 0.884,  22.3,  24.9, 1006.2, 0.147, 0.084,   65,   6.5,   3.9
07-Apr-2022 19:00, 0.879,  22.3,  24.5, 1005.2, 0.132, 0.062,   64,   7.2,   3.8
07-Apr-2022 20:00, 0.930,  22.3,  24.5, 1004.5, 0.164, 0.083,   56,   6.8,   3.7
07-Apr-2022 21:00, 0.993,  22.2,  24.0, 1005.3, 0.185, 0.099,  345,   5.8,   2.4
07-Apr-2022 22:00, 1.013,  22.2,  23.1, 1005.4, 0.152, 0.073,   12,   4.7,   1.7
07-Apr-2022 23:00, 1.119,  22.1,  23.1, 1005.2, 0.193, 0.115,   17,   5.7,   3.2
08-Apr-2022 00:00, 1.196,  22.1,  23.6, 1005.4, 0.189, 0.109,  356,   7.1,   4.6
08-Apr-2022 01:00, 1.273,  22.1,  23.0, 1006.0, 0.182, 0.104,  246,   9.3,   7.3
08-Apr-2022 02:00, 1.326,  22.1,  23.3, 1006.9, 0.182, 0.111,  220,   9.2,   4.1
08-Apr-2022 03:00, 1.361,  22.1,  23.3, 1007.1, 0.173, 0.110,  252,   7.2,   5.2
08-Apr-2022 04:00, 1.368,  22.1,  22.3, 1007.3, 0.149, 0.089,  254,   8.5,   6.3
08-Apr-2022 05:00, 1.379,  22.2,  22.1, 1007.3, 0.165, 0.106,  250,   8.7,   6.6
08-Apr-2022 06:00, 1.344,  22.3,  22.0, 1007.3, 0.145, 0.086,  252,   8.3,   6.5
08-Apr-2022 07:00, 1.323,  22.4,  21.9, 1007.4, 0.153, 0.094,  251,   8.1,   6.2
08-Apr-2022 08:00, 1.246,  22.4,  21.7, 1007.6, 0.128, 0.070,  245,   8.4,   6.0
08-Apr-2022 09:00, 1.189,  22.4,  21.8, 1008.0, 0.126, 0.070,  251,   9.4,   6.4
08-Apr-2022 10:00, 1.118,  22.4,  21.7, 1008.2, 0.112, 0.060,  257,   7.9,   4.2
08-Apr-2022 11:00, 1.080,  22.3,  22.0, 1008.4, 0.133, 0.083,  277,   6.9,   3.7
08-Apr-2022 12:00, 1.055,  22.3,  21.4, 1008.8, 0.154, 0.107,  248,  10.4,   8.2
08-Apr-2022 13:00, 1.034,  22.2,  19.6, 1009.1, 0.166, 0.122,  273,  14.0,   3.3
08-Apr-2022 14:00, 0.954,  22.2,  20.3, 1009.5, 0.128, 0.087,  222,  11.7,   7.7
08-Apr-2022 15:00, 0.940,  22.2,  20.5, 1009.7, 0.155, 0.118,  221,  12.6,   7.5
08-Apr-2022 16:00, 0.908,  22.2,  19.7, 1010.2, 0.145, 0.110,  215,  12.6,   7.0
08-Apr-2022 17:00, 0.833,  22.2,  19.8, 1010.8, 0.098, 0.068,  210,  12.8,   4.9
08-Apr-2022 18:00, 0.828,  22.2,  20.1, 1011.1, 0.106, 0.083,  206,  10.2,   5.1
08-Apr-2022 19:00, 0.803,  22.2,  17.4, 1011.4, 0.069, 0.048,  116,   9.8,   1.5
08-Apr-2022 20:00, 0.820,  22.1,  16.7, 1012.0, 0.067, 0.049,  158,   6.3,   3.5
08-Apr-2022 21:00, 0.823,  22.1,  15.6, 1012.8, 0.031, 0.020,  156,   9.2,   3.6
08-Apr-2022 22:00, 0.861,  22.0,  16.0, 1013.9, 0.013, 0.010,  151,   7.2,   2.8
08-Apr-2022 23:00, 0.912,  22.0,  15.4, 1014.5, 0.005, 0.012,  117,   5.8,   1.0
09-Apr-2022 00:00, 0.963,  22.0,  16.5, 1015.5,-0.011, 0.002,   94,   4.7,   1.3
09-Apr-2022 01:00, 1.038,  21.9,  17.0, 1016.3,-0.011, 0.012,  146,   5.4,   1.7
09-Apr-2022 02:00, 1.073,  21.9,  18.0, 1016.4,-0.034,-0.003,  132,   7.5,   2.6
09-Apr-2022 03:00, 1.151,  21.9,  19.0, 1016.0, 0.008, 0.039,  152,   6.4,   2.4
09-Apr-2022 04:00, 1.172,  21.9,  20.3, 1015.7,-0.007, 0.020,  177,   5.6,   2.4
09-Apr-2022 05:00, 1.157,  21.9,  19.7, 1015.3,-0.035,-0.011,  210,   4.8,   2.9
09-Apr-2022 06:00, 1.180,  21.9,  19.9, 1015.0,-0.007, 0.013,  210,   6.5,   3.5
09-Apr-2022 07:00, 1.134,  22.0,  19.9, 1015.3,-0.045,-0.028,  212,   6.6,   3.3
09-Apr-2022 08:00, 1.114,  22.0,  19.5, 1015.2,-0.039,-0.019,  204,   7.0,   2.9
09-Apr-2022 09:00, 1.088,  22.0,  19.4, 1015.6,-0.023,-0.003,  208,   6.3,   3.4
09-Apr-2022 10:00, 1.024,  22.0,  19.1, 1015.5,-0.042,-0.019,  204,   6.2,   2.7
09-Apr-2022 11:00, 0.967,  22.0,  19.1, 1015.8,-0.045,-0.022,  197,   5.6,   2.6
09-Apr-2022 12:00, 0.942,  21.9,  18.9, 1016.0,-0.015, 0.010,  161,   5.8,   2.5
09-Apr-2022 13:00, 0.900,  21.9,  18.5, 1016.3,-0.011, 0.017,  156,   5.1,   2.5
09-Apr-2022 14:00, 0.847,  21.9,  17.3, 1016.1,-0.017, 0.013,  122,   2.8,   0.7
09-Apr-2022 15:00, 0.791,  21.8,  17.2, 1015.9,-0.017, 0.011,  116,   2.6,   0.6
09-Apr-2022 16:00, 0.757,  21.8,  16.9, 1015.6,-0.012, 0.014,   87,   2.9,   1.0
09-Apr-2022 17:00, 0.715,  21.8,  16.9, 1015.6,-0.025,-0.002,  125,   3.2,   0.6
09-Apr-2022 18:00, 0.713,  21.8,  16.6, 1015.3,-0.005, 0.018,   83,   4.3,   0.5
09-Apr-2022 19:00, 0.717,  21.8,  16.7, 1014.9,-0.006, 0.014,   73,   2.3,   1.3
09-Apr-2022 20:00, 0.743,  21.8,  16.5, 1014.8,-0.004, 0.012,  166,   5.5,   2.4
09-Apr-2022 21:00, 0.775,  21.7,  15.4, 1014.8,-0.007, 0.008,   67,   3.9,   1.7
09-Apr-2022 22:00, 0.842,  21.7,  15.8, 1015.0, 0.006, 0.021,   55,   3.3,   1.7
09-Apr-2022 23:00, 0.903,  21.7,  16.1, 1015.3, 0.008, 0.025,   29,   3.1,   1.8
10-Apr-2022 00:00, 0.947,  21.7,  16.8, 1015.7,-0.006, 0.015,   32,   4.1,   2.2
10-Apr-2022 01:00, 1.012,  21.7,  18.5, 1015.9,-0.001, 0.024,   12,   4.8,   2.8
10-Apr-2022 02:00, 1.091,  21.6,  19.1, 1015.6, 0.025, 0.051,  338,   4.9,   3.2
10-Apr-2022 03:00, 1.094,  21.7,  20.5, 1015.0,-0.006, 0.017,  290,   5.8,   3.2
10-Apr-2022 04:00, 1.153,  21.7,  20.6, 1014.4, 0.024, 0.041,  296,   6.9,   2.9
10-Apr-2022 05:00, 1.149,  21.8,  20.3, 1013.7,-0.005, 0.006,  333,   8.6,   4.2
10-Apr-2022 06:00, 1.184,  21.8,  19.6, 1013.0, 0.021, 0.025,  329,  10.3,   6.4
10-Apr-2022 07:00, 1.201,  21.9,  19.6, 1012.8, 0.032, 0.029,  271,   9.2,   4.9
10-Apr-2022 08:00, 1.171,  21.8,  19.9, 1013.1, 0.003,-0.001,  275,  10.4,   6.6
10-Apr-2022 09:00, 1.153,  21.8,  18.2, 1012.9, 0.005, 0.003,  254,  12.1,   6.1
10-Apr-2022 10:00, 1.121,  21.7,  19.1, 1013.3, 0.004, 0.001,  255,   8.0,   4.2
10-Apr-2022 11:00, 1.074,  21.8,  18.4, 1014.2,-0.002,-0.001,  211,   9.3,   4.3
10-Apr-2022 12:00, 1.024,  21.7,  16.1, 1015.0, 0.003, 0.013,  109,   6.2,   0.8
10-Apr-2022 13:00, 0.993,  21.7,  15.8, 1014.7, 0.027, 0.044,   68,   5.1,   2.6
10-Apr-2022 14:00, 0.889,  21.7,  16.0, 1014.4,-0.021,-0.007,   66,   5.1,   3.2
10-Apr-2022 15:00, 0.848,  21.7,  16.1, 1013.8, 0.003, 0.013,   60,   4.5,   1.6
10-Apr-2022 16:00, 0.798,  21.6,  15.6, 1013.4, 0.011, 0.016,   70,   3.1,   2.0
10-Apr-2022 17:00, 0.751,  21.6,  15.8, 1013.0, 0.002, 0.002,   47,   3.7,   1.9
10-Apr-2022 18:00, 0.747,  21.6,  15.8, 1013.0, 0.024, 0.022,   36,   4.0,   2.1
10-Apr-2022 19:00, 0.742,  21.6,  15.8, 1012.8, 0.023, 0.020,   14,   6.2,   0.9
10-Apr-2022 20:00, 0.738,  21.6,  14.7, 1012.7,-0.006,-0.010,   73,   3.2,   2.2
10-Apr-2022 21:00, 0.781,  21.6,  14.4, 1013.0,-0.001,-0.006,   95,   6.0,   1.3
10-Apr-2022 22:00, 0.850,  21.5,  14.1, 1013.4, 0.018, 0.016,   64,   3.2,   2.0
10-Apr-2022 23:00, 0.897,  21.5,  14.3, 1013.2, 0.007, 0.008,   44,   3.4,   1.3
11-Apr-2022 00:00, 0.966,  21.4,  15.9, 1013.8, 0.024, 0.024,   64,   3.5,   2.5
11-Apr-2022 01:00, 0.978,  21.4,  16.7, 1014.3,-0.012,-0.006,   43,   3.7,   1.4
11-Apr-2022 02:00, 1.060,  21.4,  17.9, 1014.1, 0.028, 0.038,  158,   2.5,   1.1
11-Apr-2022 03:00, 1.063,  21.4,  18.1, 1014.3, 0.003, 0.012,  251,   2.8,   1.7
11-Apr-2022 04:00, 1.067,  21.5,  19.1, 1014.1,-0.012,-0.002,  231,   4.5,   1.7
11-Apr-2022 05:00, 1.101,  21.5,  18.3, 1013.7,-0.002, 0.007,  250,   3.4,   2.3
11-Apr-2022 06:00, 1.109,  21.5,  19.1, 1013.1,-0.014,-0.011,  233,   5.6,   3.4
11-Apr-2022 07:00, 1.122,  21.5,  19.4, 1013.6,-0.018,-0.019,  219,   5.0,   2.9
11-Apr-2022 08:00, 1.150,  21.6,  19.6, 1013.8,-0.008,-0.005,  221,   4.9,   3.2
11-Apr-2022 09:00, 1.124,  21.6,  19.6, 1014.0,-0.041,-0.035,  196,   5.9,   2.1
11-Apr-2022 10:00, 1.141,  21.6,  19.0, 1014.7,-0.014,-0.006,  203,   5.2,   1.3
11-Apr-2022 11:00, 1.078,  21.6,  18.3, 1015.6,-0.051,-0.035,  131,   5.2,   0.8
11-Apr-2022 12:00, 1.054,  21.6,  17.2, 1016.3,-0.030,-0.006,   87,   2.0,   0.4
11-Apr-2022 13:00, 1.000,  21.6,  17.7, 1016.7,-0.027, 0.004,  157,   3.7,   2.2
11-Apr-2022 14:00, 0.892,  21.6,  17.3, 1017.2,-0.071,-0.036,  157,   4.1,   2.2
11-Apr-2022 15:00, 0.830,  21.5,  17.5, 1017.1,-0.061,-0.021,  158,   4.8,   2.1
11-Apr-2022 16:00, 0.774,  21.5,  16.8, 1016.9,-0.045,-0.007,  164,   4.5,   2.8
11-Apr-2022 17:00, 0.709,  21.4,  16.5, 1016.8,-0.057,-0.021,  157,   6.0,   2.8
11-Apr-2022 18:00, 0.673,  21.4,  16.3, 1016.6,-0.063,-0.028,  163,   5.2,   2.9
11-Apr-2022 19:00, 0.675,  21.4,  14.9, 1016.7,-0.052,-0.018,  105,   5.5,   0.7
11-Apr-2022 20:00, 0.684,  21.4,  14.9, 1016.0,-0.063,-0.029,  136,   3.1,   0.9
11-Apr-2022 21:00, 0.706,  21.4,  14.6, 1016.3,-0.082,-0.054,  146,   3.3,   0.4
11-Apr-2022 22:00, 0.801,  21.4,  16.2, 1017.3,-0.038,-0.007,  170,   4.4,   2.3
11-Apr-2022 23:00, 0.827,  21.4,  15.4, 1018.0,-0.069,-0.028,  150,   5.6,   1.7
12-Apr-2022 00:00, 0.845,  21.4,  16.0, 1018.8,-0.100,-0.052,  169,   4.9,   1.7
12-Apr-2022 01:00, 0.926,  21.4,  17.1, 1019.0,-0.057,-0.002,  155,   4.7,   2.1
12-Apr-2022 02:00, 0.926,  21.4,  18.6, 1019.0,-0.085,-0.028,  154,   5.4,   2.4
12-Apr-2022 03:00, 0.941,  21.4,  20.4, 1018.3,-0.086,-0.030,   99,   5.3,   1.9
12-Apr-2022 04:00, 0.941,  21.3,  21.7, 1017.7,-0.092,-0.042,  163,   6.0,   2.1
12-Apr-2022 05:00, 0.964,  21.3,  20.8, 1016.7,-0.083,-0.040,  220,   6.5,   4.5
12-Apr-2022 06:00, 0.998,  21.3,  21.1, 1016.5,-0.070,-0.036,  218,   7.9,   4.7
12-Apr-2022 07:00, 1.018,  21.3,  21.4, 1016.2,-0.076,-0.044,  216,   8.2,   4.5
12-Apr-2022 08:00, 1.066,  21.4,  21.2, 1016.2,-0.059,-0.029,  208,   8.5,   5.1
12-Apr-2022 09:00, 1.083,  21.4,  21.6, 1016.2,-0.068,-0.039,  202,  10.0,   5.8
12-Apr-2022 10:00, 1.092,  21.5,  21.8, 1016.2,-0.074,-0.045,  200,   9.3,   4.0
12-Apr-2022 11:00, 1.090,  21.5,  21.8, 1016.9,-0.072,-0.042,  195,   7.5,   2.6
12-Apr-2022 12:00, 1.048,  21.5,  21.4, 1017.7,-0.086,-0.049,  175,   6.8,   1.9
12-Apr-2022 13:00, 0.997,  21.5,  20.8, 1018.3,-0.088,-0.043,  169,   4.8,   1.8
12-Apr-2022 14:00, 0.910,  21.4,  19.3, 1018.5,-0.109,-0.059,  125,   4.0,   0.5
12-Apr-2022 15:00, 0.861,  21.4,  18.8, 1018.4,-0.082,-0.030,   93,   3.3,   0.9
12-Apr-2022 16:00, 0.737,  21.4,  18.1, 1018.1,-0.124,-0.074,   90,   4.4,   1.6
12-Apr-2022 17:00, 0.693,  21.4,  17.5, 1018.2,-0.102,-0.053,   90,   5.5,   1.8
12-Apr-2022 18:00, 0.645,  21.3,  16.8, 1018.4,-0.111,-0.062,   92,   5.0,   1.3
12-Apr-2022 19:00, 0.607,  21.3,  16.2, 1018.7,-0.137,-0.085,   87,   3.8,   1.1
12-Apr-2022 20:00, 0.657,  21.3,  15.6, 1018.6,-0.105,-0.051,   88,   3.9,   0.5
12-Apr-2022 21:00, 0.681,  21.2,  15.4, 1018.7,-0.121,-0.068,  138,   3.3,   0.7
12-Apr-2022 22:00, 0.715,  21.2,  15.0, 1019.1,-0.141,-0.086,  145,   2.8,   0.6
12-Apr-2022 23:00, 0.820,  21.2,  15.4, 1019.3,-0.095,-0.037,  165,   4.1,   2.1
13-Apr-2022 00:00, 0.837,  21.1,  16.1, 1019.9,-0.127,-0.067,  165,   4.4,   2.0
13-Apr-2022 01:00, 0.849,  21.1,  17.5, 1020.5,-0.147,-0.081,  181,   5.0,   1.9
13-Apr-2022 02:00, 0.888,  21.1,  18.7, 1020.3,-0.123,-0.051,  168,   4.7,   1.7
13-Apr-2022 03:00, 0.862,  21.2,  20.0, 1019.8,-0.149,-0.080,  179,   4.3,   1.9
13-Apr-2022 04:00, 0.848,  21.2,  20.3, 1019.4,-0.152,-0.087,  221,   4.4,   2.4
13-Apr-2022 05:00, 0.867,  21.2,  20.0, 1018.7,-0.127,-0.067,  223,   5.8,   3.9
13-Apr-2022 06:00, 0.853,  21.2,  20.3, 1018.4,-0.152,-0.099,  222,   5.6,   3.6
13-Apr-2022 07:00, 0.855,  21.3,  20.8, 1018.5,-0.173,-0.122,  212,   6.3,   3.5
13-Apr-2022 08:00, 0.930,  21.3,  21.0, 1018.6,-0.136,-0.084,  207,   6.7,   3.7
13-Apr-2022 09:00, 0.951,  21.3,  20.9, 1018.7,-0.154,-0.101,  204,   7.8,   3.4
13-Apr-2022 10:00, 0.967,  21.4,  20.9, 1018.8,-0.172,-0.118,  194,   6.4,   2.1
13-Apr-2022 11:00, 1.021,  21.4,  20.9, 1019.3,-0.139,-0.084,  184,   5.9,   1.6
13-Apr-2022 12:00, 0.996,  21.3,  20.6, 1019.8,-0.161,-0.101,  171,   4.9,   1.9
13-Apr-2022 13:00, 0.972,  21.3,  19.7, 1020.3,-0.154,-0.088,  104,   4.6,   1.0
13-Apr-2022 14:00, 0.913,  21.3,  19.7, 1020.6,-0.156,-0.086,  156,   3.5,   1.5
13-Apr-2022 15:00, 0.801,  21.3,  19.1, 1020.7,-0.195,-0.121,   84,   3.6,   1.9
13-Apr-2022 16:00, 0.748,  21.3,  18.6, 1020.5,-0.161,-0.088,   83,   5.0,   2.5
13-Apr-2022 17:00, 0.655,  21.2,  17.9, 1020.9,-0.179,-0.107,   83,   5.7,   2.5
13-Apr-2022 18:00, 0.592,  21.2,  17.4, 1020.9,-0.194,-0.118,   89,   5.3,   2.3
13-Apr-2022 19:00, 0.589,  21.2,  16.9, 1020.7,-0.180,-0.104,   83,   6.6,   3.3
13-Apr-2022 20:00, 0.613,  21.1,  16.4, 1020.6,-0.175,-0.101,   76,   7.3,   4.2
13-Apr-2022 21:00, 0.620,  21.1,  16.2, 1020.9,-0.208,-0.135,   79,   7.7,   4.1
13-Apr-2022 22:00, 0.692,  21.1,  15.5, 1021.4,-0.192,-0.115,   76,   6.6,   3.4
13-Apr-2022 23:00, 0.761,  21.1,  15.2, 1021.9,-0.185,-0.104,   77,   6.0,   2.9
14-Apr-2022 00:00, 0.807,  21.0,  16.7, 1022.2,-0.193,-0.106,   77,   6.6,   3.8
14-Apr-2022 01:00, 0.842,  21.0,  18.3, 1022.4,-0.189,-0.100,   72,   8.4,   5.1
14-Apr-2022 02:00, 0.857,  21.0,  19.9, 1022.4,-0.181,-0.090,   74,   7.5,   3.3
14-Apr-2022 03:00, 0.845,  20.9,  20.6, 1022.4,-0.177,-0.085,   73,   7.3,   3.2
14-Apr-2022 04:00, 0.807,  21.0,  21.9, 1021.8,-0.182,-0.091,   65,   6.0,   1.3
14-Apr-2022 05:00, 0.793,  21.0,  22.5, 1020.7,-0.165,-0.081,   85,   5.5,   2.5
14-Apr-2022 06:00, 0.781,  21.1,  23.7, 1019.9,-0.166,-0.094,  154,   5.1,   1.9
14-Apr-2022 07:00, 0.779,  21.1,  21.6, 1019.8,-0.177,-0.111,  206,   6.3,   3.3
14-Apr-2022 08:00, 0.825,  21.1,  21.3, 1020.0,-0.162,-0.096,  195,   6.2,   2.8
14-Apr-2022 09:00, 0.884,  21.1,  21.1, 1019.8,-0.147,-0.080,  185,   6.2,   2.4
14-Apr-2022 10:00, 0.917,  21.2,  20.8, 1020.1,-0.157,-0.092,  180,   5.9,   2.0
14-Apr-2022 11:00, 0.920,  21.2,  20.4, 1020.4,-0.196,-0.128,  157,   5.0,   2.0
14-Apr-2022 12:00, 0.977,  21.2,  19.7, 1020.6,-0.162,-0.091,   92,   3.0,   0.7
14-Apr-2022 13:00, 0.978,  21.2,  19.4, 1020.8,-0.155,-0.082,   94,   2.1,   0.7
14-Apr-2022 14:00, 0.932,  21.2,  19.3, 1020.9,-0.167,-0.092,  101,   2.8,   1.1
14-Apr-2022 15:00, 0.870,  21.2,  18.9, 1020.8,-0.167,-0.091,   91,   4.4,   2.1
14-Apr-2022 16:00, 0.771,  21.1,  17.9, 1020.7,-0.186,-0.111,  123,   4.1,   0.8
14-Apr-2022 17:00, 0.708,  21.1,  17.4, 1020.4,-0.170,-0.096,  101,   3.1,   0.8
14-Apr-2022 18:00, 0.654,  21.1,  17.1, 1019.6,-0.171,-0.100,   74,   5.4,   2.2
14-Apr-2022 19:00, 0.632,  21.0,  17.0, 1019.0,-0.172,-0.109,   81,   6.5,   3.3
14-Apr-2022 20:00, 0.660,  21.0,  16.9, 1019.2,-0.159,-0.101,   70,   6.6,   2.1
14-Apr-2022 21:00, 0.683,  21.0,  16.6, 1019.2,-0.183,-0.124,   75,   4.2,   2.2
14-Apr-2022 22:00, 0.757,  20.9,  16.5, 1019.2,-0.165,-0.106,   75,   5.0,   3.0
14-Apr-2022 23:00, 0.803,  20.9,  16.9, 1019.0,-0.183,-0.125,   74,   6.7,   4.2
15-Apr-2022 00:00, 0.884,  20.9,  18.5, 1019.6,-0.161,-0.103,   72,   9.6,   5.0
15-Apr-2022 01:00, 0.907,  20.9,  21.0, 1020.0,-0.174,-0.110,   75,   8.1,   1.0
15-Apr-2022 02:00, 0.933,  20.9,  23.0, 1019.7,-0.155,-0.088,   74,   6.9,   2.2
15-Apr-2022 03:00, 0.928,  20.9,  24.5, 1019.2,-0.134,-0.070,   42,   6.1,   1.2
15-Apr-2022 04:00, 0.851,  21.0,  21.8, 1018.5,-0.159,-0.100,  207,   6.1,   3.1
15-Apr-2022 05:00, 0.825,  21.0,  22.1, 1017.6,-0.126,-0.074,  205,   5.4,   3.1
15-Apr-2022 06:00, 0.784,  21.0,  22.7, 1017.0,-0.127,-0.084,  195,   4.5,   1.8
15-Apr-2022 07:00, 0.742,  21.1,  23.0, 1016.6,-0.153,-0.116,  188,   4.8,   1.5
15-Apr-2022 08:00, 0.795,  21.2,  23.0, 1016.2,-0.109,-0.076,  193,   4.1,   1.4
15-Apr-2022 09:00, 0.831,  21.3,  22.6, 1016.0,-0.109,-0.079,  185,   4.1,   1.6
15-Apr-2022 10:00, 0.865,  21.3,  21.8, 1015.8,-0.117,-0.090,  181,   4.5,   1.3
15-Apr-2022 11:00, 0.934,  21.3,  21.6, 1015.9,-0.095,-0.070,  178,   2.9,   0.5
15-Apr-2022 12:00, 0.975,  21.3,  21.6, 1016.2,-0.099,-0.072,  170,   2.5,   1.0
15-Apr-2022 13:00, 1.028,  21.3,  21.1, 1016.2,-0.068,-0.038,  165,   3.1,   1.1
15-Apr-2022 14:00, 1.012,  21.3,  20.8, 1016.2,-0.078,-0.049,  156,   2.9,   1.3
15-Apr-2022 15:00, 0.957,  21.2,  20.3, 1015.8,-0.097,-0.068,  154,   3.3,   1.5
15-Apr-2022 16:00, 0.932,  21.2,  19.6, 1015.4,-0.057,-0.033,  154,   3.1,   0.8
15-Apr-2022 17:00, 0.861,  21.2,  19.1, 1015.2,-0.055,-0.034,  127,   3.5,   0.8
15-Apr-2022 18:00, 0.785,  21.2,  18.2, 1014.7,-0.076,-0.057,   88,   2.4,   0.5
15-Apr-2022 19:00, 0.804,  21.2,  18.1, 1014.2,-0.039,-0.025,  116,   2.0,   0.8
15-Apr-2022 20:00, 0.804,  21.2,  17.2, 1013.8,-0.051,-0.042,   74,   1.7,   0.5
15-Apr-2022 21:00, 0.846,  21.1,  17.1, 1013.8,-0.059,-0.054,   66,   1.5,   0.4
15-Apr-2022 22:00, 0.935,  21.1,  17.1, 1013.9,-0.033,-0.028,  111,   1.3,   0.1
15-Apr-2022 23:00, 0.996,  21.1,  17.7, 1014.4,-0.037,-0.030,  143,   1.2,   0.6
16-Apr-2022 00:00, 1.029,  21.1,  19.1, 1015.1,-0.068,-0.056,  162,   2.0,   1.1
16-Apr-2022 01:00, 1.103,  21.1,  20.6, 1015.6,-0.036,-0.017,  184,   4.3,   1.9
16-Apr-2022 02:00, 1.104,  21.1,  21.0, 1015.6,-0.047,-0.024,  196,   5.6,   2.4
16-Apr-2022 03:00, 1.065,  21.1,  21.9, 1015.5,-0.063,-0.040,  202,   5.1,   2.5
16-Apr-2022 04:00, 1.031,  21.2,  22.1, 1015.2,-0.035,-0.013,  210,   6.2,   3.7
16-Apr-2022 05:00, 0.924,  21.2,  21.6, 1015.0,-0.059,-0.040,  209,   9.3,   4.3
16-Apr-2022 06:00, 0.852,  21.3,  21.5, 1014.3,-0.056,-0.040,  202,   8.6,   4.7
16-Apr-2022 07:00, 0.815,  21.3,  21.8, 1014.5,-0.047,-0.037,  198,   8.3,   3.8
16-Apr-2022 08:00, 0.771,  21.3,  21.8, 1014.5,-0.070,-0.057,  200,   8.7,   3.5
16-Apr-2022 09:00, 0.804,  21.4,  21.6, 1014.8,-0.047,-0.034,  200,   8.0,   3.4
16-Apr-2022 10:00, 0.842,  21.4,  20.9, 1015.2,-0.040,-0.024,  202,   8.7,   5.2
16-Apr-2022 11:00, 0.856,  21.4,  20.6, 1015.7,-0.064,-0.044,  196,   7.7,   2.3
16-Apr-2022 12:00, 0.948,  21.4,  20.5, 1016.3,-0.023, 0.002,  195,   6.3,   2.8
16-Apr-2022 13:00, 0.979,  21.4,  20.6, 1016.5,-0.033,-0.002,  192,   7.3,   3.0
16-Apr-2022 14:00, 1.000,  21.4,  20.6, 1016.8,-0.031, 0.001,  187,   6.9,   2.6
16-Apr-2022 15:00, 0.995,  21.4,  19.8, 1016.9,-0.035, 0.001,  174,   6.1,   2.0
16-Apr-2022 16:00, 0.947,  21.3,  19.2, 1016.9,-0.047,-0.011,  177,   7.5,   3.6
16-Apr-2022 17:00, 0.878,  21.3,  18.7, 1017.0,-0.059,-0.023,  180,   6.9,   2.6
16-Apr-2022 18:00, 0.832,  21.3,  18.0, 1017.3,-0.056,-0.019,  178,   6.1,   2.5
16-Apr-2022 19:00, 0.807,  21.2,  17.4, 1017.5,-0.065,-0.024,  171,   6.0,   2.4
16-Apr-2022 20:00, 0.809,  21.2,  16.5, 1017.5,-0.081,-0.039,  160,   6.6,   2.9
16-Apr-2022 21:00, 0.847,  21.2,  16.0, 1018.0,-0.092,-0.050,  126,   4.7,   1.1
16-Apr-2022 22:00, 0.924,  21.2,  15.4, 1018.8,-0.088,-0.041,  125,   2.7,   0.5
16-Apr-2022 23:00, 0.981,  21.1,  15.1, 1019.6,-0.099,-0.043,  147,   4.8,   1.7
17-Apr-2022 00:00, 1.044,  21.1,  16.1, 1020.2,-0.104,-0.041,  101,   3.7,   1.2
17-Apr-2022 01:00, 1.076,  21.1,  17.3, 1020.7,-0.123,-0.053,   88,   5.2,   1.9
17-Apr-2022 02:00, 1.118,  21.1,  18.5, 1020.7,-0.097,-0.023,  145,   5.2,   2.0
17-Apr-2022 03:00, 1.096,  21.1,  19.4, 1020.6,-0.107,-0.033,  183,   5.6,   2.4
17-Apr-2022 04:00, 1.008,  21.1,  20.2, 1020.3,-0.139,-0.067,  193,   5.1,   2.3
17-Apr-2022 05:00, 0.951,  21.1,  20.1, 1020.0,-0.102,-0.032,  199,   6.6,   3.4
17-Apr-2022 06:00, 0.838,  21.1,  20.1, 1019.8,-0.113,-0.046,  203,   8.0,   4.4
17-Apr-2022 07:00, 0.737,  21.2,  19.9, 1019.6,-0.133,-0.068,  215,   7.8,   3.9
17-Apr-2022 08:00, 0.699,  21.2,  19.7, 1019.6,-0.120,-0.057,  202,   8.3,   4.1
17-Apr-2022 09:00, 0.664,  21.2,  19.7, 1019.6,-0.129,-0.065,  206,   8.2,   3.8
17-Apr-2022 10:00, 0.690,  21.2,  19.4, 1020.0,-0.109,-0.046,  195,   7.9,   3.7
17-Apr-2022 11:00, 0.681,  21.2,  19.2, 1020.8,-0.135,-0.067,  192,   8.6,   3.4
17-Apr-2022 12:00, 0.713,  21.1,  18.8, 1021.4,-0.139,-0.063,  168,   7.4,   3.2
17-Apr-2022 13:00, 0.754,  21.1,  18.4, 1022.0,-0.145,-0.064,  167,   7.0,   2.9
17-Apr-2022 14:00, 0.784,  21.0,  17.9, 1022.5,-0.148,-0.061,  161,   6.1,   3.5
17-Apr-2022 15:00, 0.791,  21.0,  17.1, 1022.9,-0.166,-0.073,  155,   6.2,   3.4
17-Apr-2022 16:00, 0.782,  21.0,  16.0, 1022.8,-0.177,-0.081,  143,   5.8,   1.3
17-Apr-2022 17:00, 0.764,  21.0,  15.1, 1023.0,-0.164,-0.069,  138,   4.2,   0.9
17-Apr-2022 18:00, 0.716,  20.9,  14.6, 1023.3,-0.178,-0.081,  146,   3.0,   1.2
17-Apr-2022 19:00, 0.693,  20.9,  13.9, 1023.3,-0.190,-0.090,  100,   3.1,   0.6
17-Apr-2022 20:00, 0.732,  20.9,  13.7, 1023.1,-0.177,-0.077,   83,   3.9,   1.3
17-Apr-2022 21:00, 0.754,  20.8,  12.7, 1023.5,-0.208,-0.110,   79,   4.0,   2.3
17-Apr-2022 22:00, 0.845,  20.8,  12.8, 1024.0,-0.195,-0.093,   77,   5.0,   2.5
17-Apr-2022 23:00, 0.925,  20.8,  12.5, 1024.3,-0.194,-0.086,   79,   4.1,   2.7
18-Apr-2022 00:00, 0.970,  20.7,  13.5, 1024.9,-0.216,-0.106,   76,   4.7,   2.7
18-Apr-2022 01:00, 1.048,  20.7,  16.1, 1025.3,-0.201,-0.084,   74,   4.8,   2.9
18-Apr-2022 02:00, 1.067,  20.7,  17.9, 1025.2,-0.206,-0.086,   78,   6.0,   2.9
18-Apr-2022 03:00, 1.063,  20.7,  19.3, 1024.9,-0.204,-0.086,  125,   5.6,   1.6
18-Apr-2022 04:00, 1.014,  20.7,  20.6, 1024.1,-0.217,-0.102,  103,   4.8,   1.2
18-Apr-2022 05:00, 0.973,  20.7,  20.7, 1023.2,-0.173,-0.066,  166,   4.9,   2.4
18-Apr-2022 06:00, 0.844,  20.8,  20.9, 1022.6,-0.190,-0.092,  202,   4.6,   2.5
18-Apr-2022 07:00, 0.732,  20.8,  20.5, 1022.5,-0.194,-0.101,  218,   5.9,   3.4
18-Apr-2022 08:00, 0.665,  20.9,  20.3, 1022.5,-0.178,-0.086,  213,   6.3,   3.4
18-Apr-2022 09:00, 0.596,  20.9,  20.1, 1022.4,-0.191,-0.099,  205,   7.1,   3.6
18-Apr-2022 10:00, 0.595,  20.9,  19.8, 1022.5,-0.163,-0.072,  193,   6.5,   2.6
18-Apr-2022 11:00, 0.572,  20.9,  19.6, 1023.0,-0.176,-0.084,  188,   6.2,   2.1
18-Apr-2022 12:00, 0.577,  20.8,  19.1, 1023.4,-0.176,-0.079,  162,   6.4,   3.6
18-Apr-2022 13:00, 0.625,  20.8,  18.5, 1023.8,-0.162,-0.061,  160,   6.1,   3.2
18-Apr-2022 14:00, 0.632,  20.8,  17.8, 1024.1,-0.189,-0.084,  155,   5.2,   2.7
18-Apr-2022 15:00, 0.681,  20.8,  17.2, 1024.0,-0.168,-0.060,  152,   4.6,   1.4
18-Apr-2022 16:00, 0.731,  20.8,  16.6, 1023.9,-0.148,-0.041,   87,   2.7,   0.1
18-Apr-2022 17:00, 0.725,  20.7,  16.2, 1023.7,-0.159,-0.054,  156,   1.6,   0.7
18-Apr-2022 18:00, 0.716,  20.7,  15.5, 1023.5,-0.157,-0.053,  159,   2.1,   0.6
18-Apr-2022 19:00, 0.734,  20.7,  14.6, 1023.3,-0.137,-0.035,  158,   1.5,   0.4
18-Apr-2022 20:00, 0.761,  20.6,  14.9, 1023.2,-0.141,-0.041,  149,   1.6,   0.8
18-Apr-2022 21:00, 0.813,  20.6,  14.0, 1023.3,-0.150,-0.052,  150,   1.9,   0.5
18-Apr-2022 22:00, 0.924,  20.6,  13.7, 1023.6,-0.124,-0.023,  134,   2.2,   0.5
18-Apr-2022 23:00, 1.010,  20.6,  13.6, 1023.6,-0.126,-0.023,  153,   2.4,   0.4
19-Apr-2022 00:00, 1.066,  20.5,  15.5, 1024.0,-0.143,-0.039,  124,   2.4,   0.8
19-Apr-2022 01:00, 1.134,  20.5,  18.1, 1024.3,-0.141,-0.033,  104,   3.3,   1.2
19-Apr-2022 02:00, 1.185,  20.5,  20.6, 1024.1,-0.131,-0.021,  104,   3.7,   0.9
19-Apr-2022 03:00, 1.196,  20.6,  21.8, 1023.7,-0.118,-0.011,  118,   3.9,   1.1
19-Apr-2022 04:00, 1.163,  20.6,  21.0, 1022.9,-0.131,-0.028,  220,   5.2,   3.4
19-Apr-2022 05:00, 1.116,  20.6,  21.3, 1021.9,-0.119,-0.024,  220,   5.6,   3.6
19-Apr-2022 06:00, 1.034,  20.7,  21.4, 1021.4,-0.099,-0.014,  206,   6.7,   3.8
19-Apr-2022 07:00, 0.902,  20.7,  21.6, 1021.2,-0.117,-0.036,  196,   7.3,   2.9
19-Apr-2022 08:00, 0.797,  20.7,  21.4, 1021.2,-0.116,-0.037,  195,   7.3,   2.9
19-Apr-2022 09:00, 0.712,  20.7,  21.0, 1021.3,-0.119,-0.040,  197,   6.2,   2.6
19-Apr-2022 10:00, 0.637,  20.8,  21.0, 1021.3,-0.136,-0.056,  191,   6.4,   2.3
19-Apr-2022 11:00, 0.610,  20.8,  21.1, 1021.7,-0.125,-0.044,  182,   6.4,   2.0
19-Apr-2022 12:00, 0.573,  20.8,  20.7, 1022.0,-0.133,-0.048,  142,   6.0,   1.9
19-Apr-2022 13:00, 0.564,  20.8,  19.9, 1022.2,-0.140,-0.053,  143,   4.4,   1.3
19-Apr-2022 14:00, 0.595,  20.7,  19.3, 1022.5,-0.132,-0.043,  100,   3.0,   1.2
19-Apr-2022 15:00, 0.617,  20.7,  18.8, 1022.5,-0.128,-0.036,   92,   3.2,   1.1
19-Apr-2022 16:00, 0.665,  20.7,  18.5, 1022.3,-0.110,-0.018,  152,   2.4,   1.3
19-Apr-2022 17:00, 0.673,  20.7,  18.2, 1022.3,-0.135,-0.045,  161,   3.1,   1.7
19-Apr-2022 18:00, 0.708,  20.6,  16.8, 1022.4,-0.114,-0.024,  149,   2.7,   0.2
19-Apr-2022 19:00, 0.723,  20.6,  17.0, 1022.4,-0.115,-0.024,   92,   2.7,   1.0
19-Apr-2022 20:00, 0.760,  20.6,  16.4, 1022.6,-0.112,-0.021,  118,   3.2,   0.3
19-Apr-2022 21:00, 0.816,  20.6,  16.2, 1022.8,-0.121,-0.028,   89,   3.1,   0.9
19-Apr-2022 22:00, 0.899,  20.5,  15.8, 1023.0,-0.127,-0.032,   86,   4.9,   2.3
19-Apr-2022 23:00, 1.018,  20.5,  15.4, 1022.9,-0.107,-0.010,   84,   5.7,   2.3
20-Apr-2022 00:00, 1.073,  20.5,  16.3, 1023.6,-0.133,-0.037,   89,   7.4,   3.1
20-Apr-2022 01:00, 1.143,  20.4,  18.1, 1023.9,-0.128,-0.024,   87,   7.2,   3.6
20-Apr-2022 02:00, 1.221,  20.5,  19.5, 1023.6,-0.106, 0.000,   74,   8.9,   5.1
20-Apr-2022 03:00, 1.221,  20.5,  20.7, 1023.3,-0.119,-0.016,   79,   8.7,   4.5
20-Apr-2022 04:00, 1.205,  20.5,  22.1, 1022.5,-0.120,-0.021,   83,   7.4,   3.4
20-Apr-2022 05:00, 1.207,  20.5,  23.0, 1021.8,-0.087, 0.004,  160,   5.7,   1.6
20-Apr-2022 06:00, 1.130,  20.5,  23.4, 1021.4,-0.091,-0.007,  182,   5.0,   1.7
20-Apr-2022 07:00, 1.001,  20.6,  23.3, 1021.5,-0.119,-0.038,  205,   3.9,   1.3
20-Apr-2022 08:00, 0.929,  20.6,  22.1, 1021.6,-0.084,-0.002,  200,   6.5,   2.5
20-Apr-2022 09:00, 0.818,  20.6,  21.4, 1021.6,-0.096,-0.013,  195,   5.1,   2.3
20-Apr-2022 10:00, 0.713,  20.6,  20.9, 1021.6,-0.124,-0.041,  193,   4.9,   2.0
20-Apr-2022 11:00, 0.661,  20.6,  20.8, 1022.1,-0.117,-0.034,  173,   5.7,   1.9
20-Apr-2022 12:00, 0.614,  20.6,  19.8, 1022.3,-0.111,-0.023,  159,   5.6,   1.2
20-Apr-2022 13:00, 0.566,  20.6,  19.2, 1022.5,-0.115,-0.025,  122,   1.7,   0.3
20-Apr-2022 14:00, 0.561,  20.6,  18.4, 1022.8,-0.114,-0.021,   84,   2.2,   0.2
20-Apr-2022 15:00, 0.562,  20.6,  17.7, 1022.9,-0.114,-0.019,   74,   1.9,   0.7
20-Apr-2022 16:00, 0.565,  20.6,  17.7, 1022.9,-0.119,-0.023,  117,   2.6,   0.8
20-Apr-2022 17:00, 0.611,  20.6,  17.2, 1022.9,-0.109,-0.013,   95,   3.5,   1.3
20-Apr-2022 18:00, 0.609,  20.5,  16.9, 1022.9,-0.145,-0.049,   88,   4.2,   1.7
20-Apr-2022 19:00, 0.680,  20.5,  16.9, 1022.8,-0.104,-0.008,   82,   6.9,   3.4
20-Apr-2022 20:00, 0.691,  20.5,  16.4, 1022.7,-0.139,-0.045,   86,   7.2,   3.4
20-Apr-2022 21:00, 0.750,  20.4,  16.1, 1023.1,-0.142,-0.048,   85,   7.2,   3.5
20-Apr-2022 22:00, 0.873,  20.4,  15.7, 1023.5,-0.106,-0.007,   86,   7.5,   3.5
20-Apr-2022 23:00, 0.970,  20.4,  15.6, 1023.8,-0.112,-0.010,   83,   6.8,   4.1
21-Apr-2022 00:00, 1.042,  20.3,  16.6, 1024.2,-0.134,-0.029,   84,   8.2,   4.1
21-Apr-2022 01:00, 1.132,  20.3,  18.2, 1024.2,-0.109,-0.001,   79,   8.2,   4.5
21-Apr-2022 02:00, 1.200,  20.3,  20.6, 1023.8,-0.101, 0.008,   78,   8.1,   3.9
21-Apr-2022 03:00, 1.234,  20.3,  22.8, 1023.2,-0.101, 0.003,   77,   8.0,   3.8
21-Apr-2022 04:00, 1.222,  20.3,  24.0, 1022.5,-0.106,-0.008,   81,   8.1,   3.8
21-Apr-2022 05:00, 1.238,  20.3,  25.4, 1021.6,-0.075, 0.016,   91,   6.4,   1.6
21-Apr-2022 06:00, 1.201,  20.3,  26.2, 1020.9,-0.073, 0.010,   72,   5.5,   2.2
21-Apr-2022 07:00, 1.123,  20.4,  26.4, 1020.8,-0.075, 0.000,  139,   5.6,   1.5
21-Apr-2022 08:00, 1.054,  20.4,  26.6, 1020.8,-0.059, 0.016,  107,   5.1,   1.2
21-Apr-2022 09:00, 0.967,  20.4,  22.6, 1021.0,-0.051, 0.024,  197,   6.2,   2.1
21-Apr-2022 10:00, 0.844,  20.4,  24.3, 1021.4,-0.085,-0.008,  104,   4.5,   0.8
21-Apr-2022 11:00, 0.771,  20.4,  23.5, 1022.3,-0.087,-0.005,  103,   4.7,   1.6
21-Apr-2022 12:00, 0.739,  20.5,  22.6, 1022.7,-0.056, 0.034,   95,   6.2,   1.8
21-Apr-2022 13:00, 0.646,  20.4,  21.7, 1023.2,-0.080, 0.015,   89,   5.8,   2.3
21-Apr-2022 14:00, 0.595,  20.4,  21.0, 1023.6,-0.084, 0.015,   89,   7.0,   3.7
21-Apr-2022 15:00, 0.549,  20.4,  19.8, 1023.6,-0.110,-0.008,   85,   9.8,   4.1
21-Apr-2022 16:00, 0.551,  20.3,  18.7, 1023.7,-0.090, 0.013,   83,  10.4,   5.1
21-Apr-2022 17:00, 0.567,  20.3,  17.8, 1023.6,-0.086, 0.018,   82,  10.2,   5.1
21-Apr-2022 18:00, 0.588,  20.3,  17.1, 1023.4,-0.104,-0.001,   83,  10.0,   5.3
21-Apr-2022 19:00, 0.685,  20.2,  16.5, 1023.3,-0.042, 0.059,   80,   9.9,   4.9
21-Apr-2022 20:00, 0.705,  20.2,  16.1, 1023.2,-0.076, 0.024,   84,   9.0,   4.8
21-Apr-2022 21:00, 0.762,  20.1,  15.8, 1023.4,-0.085, 0.014,   85,   8.5,   4.2
21-Apr-2022 22:00, 0.898,  20.1,  15.5, 1023.6,-0.026, 0.075,   84,   8.3,   4.6
21-Apr-2022 23:00, 0.965,  20.1,  15.5, 1023.9,-0.054, 0.049,   82,   7.6,   3.9
22-Apr-2022 00:00, 1.055,  20.0,  16.3, 1024.4,-0.064, 0.042,   80,   8.5,   4.7
22-Apr-2022 01:00, 1.147,  20.0,  18.1, 1024.5,-0.045, 0.065,   77,   9.9,   5.9
22-Apr-2022 02:00, 1.213,  20.0,  20.0, 1024.3,-0.033, 0.079,   78,  10.3,   5.2
22-Apr-2022 03:00, 1.245,  20.0,  21.7, 1023.8,-0.049, 0.060,   66,  10.1,   5.4
22-Apr-2022 04:00, 1.290,  20.0,  23.2, 1023.1,-0.014, 0.090,   74,   9.5,   4.9
22-Apr-2022 05:00, 1.294,  20.0,  24.4, 1022.1, 0.001, 0.098,   88,   8.4,   2.6
22-Apr-2022 06:00, 1.278,  20.0,  25.3, 1021.4,-0.005, 0.082,   89,   6.5,   2.7
22-Apr-2022 07:00, 1.245,  20.1,  25.9, 1020.9, 0.004, 0.084,   85,   6.3,   2.9
22-Apr-2022 08:00, 1.188,  20.1,  25.9, 1020.9, 0.009, 0.085,  116,   6.1,   2.0
22-Apr-2022 09:00, 1.098,  20.1,  25.1, 1021.3,-0.014, 0.063,  101,   5.5,   1.7
22-Apr-2022 10:00, 1.028,  20.1,  23.9, 1021.5,-0.001, 0.079,   93,   4.9,   1.4
22-Apr-2022 11:00, 0.930,  20.1,  22.9, 1022.3,-0.022, 0.061,   94,   3.6,   1.3
22-Apr-2022 12:00, 0.863,  20.1,  21.8, 1022.8,-0.024, 0.066,   93,   5.3,   1.8
22-Apr-2022 13:00, 0.780,  20.1,  20.9, 1023.1,-0.034, 0.061,   87,   5.6,   2.3
22-Apr-2022 14:00, 0.692,  20.1,  20.4, 1023.1,-0.046, 0.052,   82,   6.4,   2.9
22-Apr-2022 15:00, 0.642,  20.1,  19.6, 1022.7,-0.049, 0.049,   83,   6.6,   3.4
22-Apr-2022 16:00, 0.601,  20.0,  19.1, 1022.5,-0.053, 0.040,   83,   6.8,   3.3
22-Apr-2022 17:00, 0.576,  20.0,  18.4, 1022.4,-0.056, 0.036,   88,   7.4,   3.5
22-Apr-2022 18:00, 0.584,  20.0,  17.7, 1022.3,-0.070, 0.021,   82,   8.6,   4.2
22-Apr-2022 19:00, 0.645,  19.9,  16.8, 1022.1,-0.048, 0.042,   82,   7.0,   3.2
22-Apr-2022 20:00, 0.700,  19.9,  16.3, 1022.1,-0.039, 0.049,   81,   6.6,   3.5
22-Apr-2022 21:00, 0.750,  19.9,  16.3, 1022.1,-0.059, 0.029,   79,   7.3,   4.1
22-Apr-2022 22:00, 0.841,  19.8,  16.2, 1022.2,-0.042, 0.046,   79,   7.5,   4.3
22-Apr-2022 23:00, 0.922,  19.8,  15.9, 1022.6,-0.038, 0.051,   80,   8.3,   4.1
23-Apr-2022 00:00, 0.998,  19.8,  16.8, 1023.0,-0.051, 0.042,   76,   7.4,   3.6
23-Apr-2022 01:00, 1.092,  19.7,  18.8, 1022.8,-0.037, 0.060,   69,  10.0,   5.3
23-Apr-2022 02:00, 1.167,  19.7,  20.4, 1022.2,-0.011, 0.084,   72,   9.7,   4.3
23-Apr-2022 03:00, 1.218,  19.7,  22.4, 1021.4,-0.005, 0.083,   72,   9.0,   3.4
23-Apr-2022 04:00, 1.231,  19.7,  23.6, 1020.5,-0.023, 0.058,   69,   8.8,   4.5
23-Apr-2022 05:00, 1.270,  19.7,  24.6, 1019.4, 0.020, 0.091,   67,   9.0,   3.1
23-Apr-2022 06:00, 1.274,  19.7,  25.4, 1018.5, 0.024, 0.084,   73,   6.8,   2.2
23-Apr-2022 07:00, 1.241,  19.8,  25.6, 1018.3,-0.002, 0.050,   86,   8.1,   2.3
23-Apr-2022 08:00, 1.254,  19.9,  25.4, 1018.2, 0.048, 0.098,  127,   6.1,   2.3
23-Apr-2022 09:00, 1.195,  19.9,  25.5, 1018.2, 0.029, 0.078,   81,   6.9,   2.2
23-Apr-2022 10:00, 1.136,  19.9,  23.8, 1018.8, 0.024, 0.073,  104,   4.7,   1.1
23-Apr-2022 11:00, 1.067,  19.9,  22.4, 1019.4, 0.025, 0.081,  101,   2.3,   0.3
23-Apr-2022 12:00, 1.003,  19.9,  21.2, 1019.5, 0.027, 0.088,  117,   2.2,   0.6
23-Apr-2022 13:00, 0.943,  19.9,  20.4, 1019.5, 0.030, 0.092,   90,   2.7,   1.0
23-Apr-2022 14:00, 0.843,  19.9,  19.9, 1019.6, 0.013, 0.075,   88,   4.1,   1.6
23-Apr-2022 15:00, 0.765,  19.8,  19.5, 1019.0, 0.008, 0.071,   89,   5.4,   2.8
23-Apr-2022 16:00, 0.720,  19.8,  19.4, 1018.7, 0.012, 0.069,   87,   6.3,   2.7
23-Apr-2022 17:00, 0.681,  19.7,  18.9, 1018.5, 0.017, 0.071,   83,   5.2,   2.6
23-Apr-2022 18:00, 0.658,  19.7,  18.1, 1018.4, 0.004, 0.056,   86,   4.8,   2.3
23-Apr-2022 19:00, 0.698,  19.7,  17.4, 1018.0, 0.010, 0.060,   82,   5.9,   3.2
23-Apr-2022 20:00, 0.748,  19.7,  17.0, 1017.9, 0.018, 0.065,   80,   5.8,   3.3
23-Apr-2022 21:00, 0.784,  19.7,  16.6, 1017.9,-0.005, 0.041,   78,   6.2,   3.3
23-Apr-2022 22:00, 0.900,  19.6,  16.0, 1018.0, 0.037, 0.083,   78,   6.1,   3.0
23-Apr-2022 23:00, 0.946,  19.6,  15.6, 1018.0, 0.018, 0.065,   76,   5.9,   3.5
24-Apr-2022 00:00, 1.003,  19.6,  17.4, 1018.2, 0.009, 0.056,   77,   7.5,   4.2
24-Apr-2022 01:00, 1.090,  19.5,  19.4, 1017.9, 0.026, 0.074,   73,   8.7,   4.9
24-Apr-2022 02:00, 1.132,  19.5,  22.1, 1017.4, 0.019, 0.065,   72,   7.7,   4.1
24-Apr-2022 03:00, 1.190,  19.5,  23.8, 1016.5, 0.047, 0.087,   66,   8.4,   5.3
24-Apr-2022 04:00, 1.209,  19.6,  25.3, 1015.6, 0.033, 0.064,   65,   7.9,   3.1
24-Apr-2022 05:00, 1.255,  19.6,  26.6, 1014.7, 0.065, 0.088,   81,   6.8,   2.0
24-Apr-2022 06:00, 1.255,  19.6,  27.4, 1013.8, 0.066, 0.079,   37,   5.6,   2.2
24-Apr-2022 07:00, 1.249,  19.6,  23.8, 1013.8, 0.047, 0.052,  232,   5.0,   2.5
24-Apr-2022 08:00, 1.272,  19.7,  24.6, 1013.7, 0.073, 0.079,  194,   4.8,   2.0
24-Apr-2022 09:00, 1.278,  19.7,  23.2, 1013.3, 0.101, 0.105,  174,   4.4,   1.5
24-Apr-2022 10:00, 1.211,  19.8,  22.1, 1013.7, 0.058, 0.058,  164,   4.6,   1.0
24-Apr-2022 11:00, 1.174,  19.8,  21.6, 1013.7, 0.065, 0.070,  155,   3.3,   1.9
24-Apr-2022 12:00, 1.123,  19.8,  22.4, 1013.5, 0.073, 0.077,   89,   2.0,   0.6
24-Apr-2022 13:00, 1.075,  19.8,  22.4, 1013.4, 0.083, 0.085,   79,   3.4,   2.1
24-Apr-2022 14:00, 0.991,  19.8,  21.9, 1013.0, 0.068, 0.069,   81,   5.1,   2.8
24-Apr-2022 15:00, 0.925,  19.8,  21.6, 1012.5, 0.085, 0.082,   79,   6.7,   2.9
24-Apr-2022 16:00, 0.829,  19.8,  21.1, 1012.2, 0.053, 0.046,   74,   4.7,   2.6
24-Apr-2022 17:00, 0.792,  19.8,  20.8, 1011.3, 0.063, 0.052,   71,   5.5,   3.0
24-Apr-2022 18:00, 0.775,  19.8,  21.6, 1010.9, 0.078, 0.058,   73,   6.3,   4.2
24-Apr-2022 19:00, 0.781,  19.7,  21.1, 1010.1, 0.072, 0.048,   68,   7.7,   4.0
24-Apr-2022 20:00, 0.849,  19.7,  20.4, 1009.5, 0.097, 0.065,   66,   8.4,   4.9
24-Apr-2022 21:00, 0.914,  19.6,  20.3, 1009.2, 0.112, 0.074,   67,   8.0,   4.8
24-Apr-2022 22:00, 0.978,  19.6,  20.2, 1009.0, 0.110, 0.070,   65,   9.3,   5.4
24-Apr-2022 23:00, 1.081,  19.6,  20.3, 1009.6, 0.151, 0.110,   59,   9.9,   4.6
25-Apr-2022 00:00, 1.105,  19.6,  20.9, 1009.5, 0.127, 0.090,   55,   8.0,   3.9
25-Apr-2022 01:00, 1.200,  19.5,  22.5, 1008.9, 0.177, 0.139,   36,  11.4,   5.5
25-Apr-2022 02:00, 1.217,  19.5,  23.7, 1008.2, 0.155, 0.111,   28,   9.9,   4.3
25-Apr-2022 03:00, 1.266,  19.5,  26.7, 1007.0, 0.187, 0.135,   23,   8.1,   3.7
25-Apr-2022 04:00, 1.279,  19.6,  27.6, 1006.0, 0.184, 0.121,  349,   7.2,   3.1
25-Apr-2022 05:00, 1.298,  19.6,  24.8, 1004.6, 0.182, 0.109,  312,   4.4,   1.2
25-Apr-2022 06:00, 1.324,  19.6,  23.4, 1003.6, 0.202, 0.115,  281,   3.9,   0.9
25-Apr-2022 07:00, 1.313,  19.6,  24.6, 1003.0, 0.180, 0.083,  318,   1.4,   0.6
25-Apr-2022 08:00, 1.359,  19.7,  23.3, 1002.1, 0.207, 0.104,  347,   2.0,   0.6
25-Apr-2022 09:00, 1.385,  19.7,  23.0, 1001.9, 0.230, 0.118,  341,   3.8,   2.3
25-Apr-2022 10:00, 1.366,  19.7,  22.6, 1001.9, 0.216, 0.103,  318,   8.2,   4.1
25-Apr-2022 11:00, 1.403,  19.8,  22.3, 1002.2, 0.268, 0.155,  319,   7.2,   4.3
25-Apr-2022 12:00, 1.449,  19.8,  19.3, 1003.8, 0.352, 0.243,  243,  18.3,  13.0
25-Apr-2022 13:00, 1.302,  19.8,  18.9, 1004.7, 0.254, 0.162,  270,  16.1,   7.6
25-Apr-2022 14:00, 1.194,  19.8,  17.8, 1004.5, 0.204, 0.119,  319,  11.5,   4.7
25-Apr-2022 15:00, 1.214,  19.7,  19.2, 1002.9, 0.296, 0.207,  332,  10.8,   5.4
25-Apr-2022 16:00, 1.125,  19.7,  19.3, 1002.6, 0.280, 0.176,  270,  13.1,   6.4
25-Apr-2022 17:00, 1.077,  19.6,  19.1, 1003.1, 0.283, 0.177,  250,  13.7,   8.7
25-Apr-2022 18:00, 1.018,  19.6,  19.3, 1003.0, 0.257, 0.156,  249,  12.6,   7.8
25-Apr-2022 19:00, 1.010,  19.6,  17.7, 1003.1, 0.253, 0.151,  254,  13.4,   7.7
25-Apr-2022 20:00, 1.031,  19.6,  18.4, 1002.7, 0.240, 0.138,  245,  11.3,   5.3
25-Apr-2022 21:00, 1.113,  19.6,  18.9, 1002.9, 0.271, 0.166,  253,   8.0,   4.3
25-Apr-2022 22:00, 1.189,  19.6,  19.9, 1003.1, 0.290, 0.187,  263,  12.1,   6.2
25-Apr-2022 23:00, 1.219,  19.6,  19.6, 1003.5, 0.262, 0.161,  265,  10.4,   6.3
26-Apr-2022 00:00, 1.255,  19.5,  19.5, 1003.9, 0.255, 0.158,  256,  10.5,   4.7
26-Apr-2022 01:00, 1.278,  19.5,  19.7, 1004.3, 0.254, 0.161,  274,   9.8,   4.4
26-Apr-2022 02:00, 1.287,  19.5,  20.0, 1004.2, 0.248, 0.159,  272,   7.5,   4.2
26-Apr-2022 03:00, 1.293,  19.5,  20.0, 1003.9, 0.250, 0.160,  278,   7.8,   3.6
26-Apr-2022 04:00, 1.258,  19.5,  19.3, 1003.5, 0.220, 0.126,  265,   7.0,   3.2
26-Apr-2022 05:00, 1.268,  19.6,  19.6, 1002.6, 0.226, 0.128,  193,   8.9,   1.7
26-Apr-2022 06:00, 1.269,  19.6,  20.8, 1002.0, 0.219, 0.112,  309,   3.9,   1.9
26-Apr-2022 07:00, 1.262,  19.7,  20.0, 1001.9, 0.201, 0.089,  255,   5.2,   2.7
26-Apr-2022 08:00, 1.298,  19.7,  19.9, 1001.5, 0.216, 0.103,  211,   4.0,   1.4
26-Apr-2022 09:00, 1.322,  19.6,  19.4, 1001.4, 0.220, 0.103,  200,   2.9,   1.2
26-Apr-2022 10:00, 1.316,  19.6,  18.4, 1001.7, 0.201, 0.084,  226,   5.7,   3.4
26-Apr-2022 11:00, 1.318,  19.7,  18.0, 1001.8, 0.198, 0.084,  187,   4.6,   1.4
26-Apr-2022 12:00, 1.330,  19.7,  17.1, 1002.1, 0.221, 0.108,  160,   4.7,   2.4
26-Apr-2022 13:00, 1.289,  19.7,  16.0, 1001.7, 0.211, 0.100,  120,   5.0,   1.4
26-Apr-2022 14:00, 1.241,  19.7,  15.9, 1001.7, 0.211, 0.096,   81,   3.3,   1.1
26-Apr-2022 15:00, 1.176,  19.7,  15.7, 1000.9, 0.205, 0.090,   68,   2.1,   1.1
26-Apr-2022 16:00, 1.169,  19.8,  15.6,  999.6, 0.263, 0.139,   76,   4.4,   2.4
26-Apr-2022 17:00, 1.048,  19.8,  15.7,  999.6, 0.196, 0.060,   71,   4.7,   2.8
26-Apr-2022 18:00, 1.039,  19.7,  15.4,  999.1, 0.219, 0.083,  114,   4.2,   0.5
26-Apr-2022 19:00, 1.062,  19.7,  15.3,  998.6, 0.245, 0.104,   77,   3.5,   2.2
26-Apr-2022 20:00, 1.096,  19.7,  15.2,  998.9, 0.253, 0.107,  130,   3.6,   0.5
26-Apr-2022 21:00, 1.092,  19.7,  15.7,  999.6, 0.200, 0.058,  147,   4.3,   1.3
26-Apr-2022 22:00, 1.211,  19.7,  15.4, 1000.2, 0.261, 0.126,   94,   3.2,   0.6
26-Apr-2022 23:00, 1.230,  19.7,  15.1, 1000.8, 0.226, 0.096,   97,   1.8,   0.5
27-Apr-2022 00:00, 1.246,  19.7,  16.6, 1002.0, 0.200, 0.078,   90,   1.7,   0.7
27-Apr-2022 01:00, 1.287,  19.7,  17.1, 1002.7, 0.224, 0.113,  156,   1.7,   1.0
27-Apr-2022 02:00, 1.267,  19.7,  19.0, 1003.3, 0.209, 0.105,  190,   4.6,   2.1
27-Apr-2022 03:00, 1.211,  19.6,  18.4, 1003.9, 0.174, 0.076,  216,   6.4,   2.5
27-Apr-2022 04:00, 1.203,  19.6,  17.9, 1004.3, 0.189, 0.097,  211,   6.6,   4.0
27-Apr-2022 05:00, 1.184,  19.7,  19.0, 1003.9, 0.189, 0.100,  201,   6.5,   2.2
27-Apr-2022 06:00, 1.140,  19.7,  18.2, 1004.2, 0.153, 0.061,  192,   9.6,   1.8
27-Apr-2022 07:00, 1.185,  19.7,  18.4, 1004.5, 0.192, 0.102,  182,   5.8,   1.8
27-Apr-2022 08:00, 1.175,  19.7,  17.3, 1005.3, 0.165, 0.079,  201,   5.9,   2.4
27-Apr-2022 09:00, 1.187,  19.7,  18.5, 1005.8, 0.156, 0.078,  195,   9.7,   3.4
27-Apr-2022 10:00, 1.202,  19.7,  18.6, 1006.3, 0.148, 0.074,  207,   9.0,   4.3
27-Apr-2022 11:00, 1.225,  19.8,  15.5, 1007.0, 0.150, 0.082,  346,   8.1,   1.6
27-Apr-2022 12:00, 1.232,  19.8,  16.3, 1007.7, 0.150, 0.089,  149,   3.2,   1.7
27-Apr-2022 13:00, 1.234,  19.8,  15.9, 1008.3, 0.159, 0.105,   96,   3.7,   0.7
27-Apr-2022 14:00, 1.175,  19.8,  15.6, 1008.5, 0.130, 0.081,   66,   3.5,   2.4
27-Apr-2022 15:00, 1.127,  19.8,  15.5, 1008.8, 0.132, 0.085,   53,   3.4,   1.3
27-Apr-2022 16:00, 1.077,  19.8,  15.4, 1009.3, 0.136, 0.092,   48,   3.2,   1.5
27-Apr-2022 17:00, 1.031,  19.8,  15.1, 1009.8, 0.136, 0.097,   54,   3.4,   1.5
27-Apr-2022 18:00, 0.980,  19.8,  15.0, 1009.7, 0.114, 0.079,   39,   3.9,   1.8
27-Apr-2022 19:00, 1.016,  19.8,  14.5, 1009.7, 0.150, 0.116,   43,   3.7,   2.1
27-Apr-2022 20:00, 1.032,  19.8,  18.9, 1009.5, 0.134, 0.098,  259,   5.9,   2.7
27-Apr-2022 21:00, 1.089,  19.7,  19.1, 1009.8, 0.143, 0.106,  250,   8.5,   5.1
27-Apr-2022 22:00, 1.177,  19.5,  19.3, 1010.0, 0.174, 0.139,  262,   8.1,   4.1
27-Apr-2022 23:00, 1.217,  19.5,  19.5, 1010.5, 0.155, 0.123,  270,   9.3,   4.7
28-Apr-2022 00:00, 1.243,  19.5,  19.8, 1011.2, 0.140, 0.113,  288,   9.1,   5.0
28-Apr-2022 01:00, 1.286,  19.4,  16.5, 1012.7, 0.167, 0.149,  264,  11.4,   7.1
28-Apr-2022 02:00, 1.233,  19.4,  17.5, 1012.7, 0.125, 0.120,  201,   9.6,   2.8
28-Apr-2022 03:00, 1.145,  19.5,  17.6, 1012.9, 0.077, 0.072,  158,   6.2,   2.4
28-Apr-2022 04:00, 1.073,  19.6,  18.9, 1013.1, 0.055, 0.052,  175,   7.8,   2.6
28-Apr-2022 05:00, 1.047,  19.6,  19.5, 1012.9, 0.069, 0.067,  190,   6.2,   2.5
28-Apr-2022 06:00, 0.985,  19.6,  19.7, 1013.0, 0.035, 0.031,  187,   5.6,   2.3
28-Apr-2022 07:00, 0.943,  19.6,  19.8, 1013.6, 0.008, 0.006,  193,   5.8,   2.4
28-Apr-2022 08:00, 0.978,  19.6,  19.4, 1014.3, 0.032, 0.036,  191,   6.6,   2.3
28-Apr-2022 09:00, 0.946,  19.6,  19.3, 1014.8,-0.017,-0.006,  186,   6.3,   2.7
28-Apr-2022 10:00, 0.965,  19.7,  18.9, 1015.5,-0.017,-0.001,  184,   5.9,   2.5
28-Apr-2022 11:00, 0.986,  19.7,  18.6, 1016.5,-0.024,-0.001,  163,   6.5,   3.1
28-Apr-2022 12:00, 1.015,  19.7,  18.1, 1017.4,-0.016, 0.017,  157,   6.1,   3.0
28-Apr-2022 13:00, 0.994,  19.7,  17.3, 1018.5,-0.046,-0.004,  160,   5.1,   3.1
28-Apr-2022 14:00, 0.981,  19.7,  16.8, 1019.0,-0.052, 0.000,  150,   5.7,   2.3
28-Apr-2022 15:00, 0.938,  19.7,  16.2, 1019.1,-0.064,-0.007,  156,   5.6,   3.6
28-Apr-2022 16:00, 0.875,  19.7,  15.0, 1019.3,-0.078,-0.020,  121,   5.4,   0.9
28-Apr-2022 17:00, 0.848,  19.7,  14.2, 1019.6,-0.068,-0.008,   87,   3.7,   0.9
28-Apr-2022 18:00, 0.830,  19.7,  13.7, 1020.0,-0.069,-0.005,   86,   2.6,   1.0
28-Apr-2022 19:00, 0.843,  19.7,  12.4, 1020.2,-0.057, 0.009,   61,   2.7,   0.7
28-Apr-2022 20:00, 0.868,  19.7,  12.0, 1020.9,-0.070, 0.000,   74,   2.7,   1.7
28-Apr-2022 21:00, 0.926,  19.7,  11.7, 1021.1,-0.070, 0.005,   71,   5.5,   3.4
28-Apr-2022 22:00, 0.995,  19.6,  11.6, 1022.2,-0.060, 0.020,   77,   4.5,   2.9
28-Apr-2022 23:00, 1.045,  19.6,  11.3, 1022.6,-0.070, 0.019,   68,   4.7,   3.0
29-Apr-2022 00:00, 1.080,  19.6,  12.4, 1023.5,-0.081, 0.013,   72,   5.6,   1.9
29-Apr-2022 01:00, 1.117,  19.5,  15.4, 1024.2,-0.062, 0.041,   75,   4.1,   2.0
29-Apr-2022 02:00, 1.081,  19.5,  17.0, 1024.4,-0.088, 0.021,   71,   5.0,   2.5
29-Apr-2022 03:00, 1.052,  19.6,  18.7, 1024.1,-0.074, 0.037,  131,   4.3,   1.1
29-Apr-2022 04:00, 0.957,  19.6,  19.2, 1024.1,-0.097, 0.011,  166,   4.9,   1.4
29-Apr-2022 05:00, 0.879,  19.7,  19.3, 1023.7,-0.106, 0.001,  202,   5.5,   2.6
29-Apr-2022 06:00, 0.860,  19.7,  19.0, 1023.4,-0.078, 0.025,  219,   5.7,   3.7
29-Apr-2022 07:00, 0.787,  19.8,  19.5, 1023.4,-0.117,-0.016,  209,   5.3,   2.8
29-Apr-2022 08:00, 0.789,  19.8,  19.3, 1023.5,-0.104,-0.003,  206,   6.1,   3.2
29-Apr-2022 09:00, 0.811,  19.8,  19.3, 1023.5,-0.092, 0.010,  200,   6.0,   3.0
29-Apr-2022 10:00, 0.797,  19.7,  19.1, 1023.6,-0.118,-0.016,  192,   6.5,   2.0
29-Apr-2022 11:00, 0.825,  19.8,  19.0, 1024.2,-0.113,-0.010,  183,   5.5,   2.1
29-Apr-2022 12:00, 0.854,  19.8,  18.4, 1024.8,-0.113,-0.003,  155,   5.4,   2.6
29-Apr-2022 13:00, 0.861,  19.8,  17.3, 1025.1,-0.126,-0.011,  151,   4.4,   2.0
29-Apr-2022 14:00, 0.858,  19.8,  16.9, 1025.5,-0.138,-0.020,  159,   4.6,   2.5
29-Apr-2022 15:00, 0.862,  19.8,  16.3, 1025.4,-0.127,-0.005,  155,   4.4,   1.5
29-Apr-2022 16:00, 0.830,  19.8,  14.9, 1025.1,-0.124,-0.004,  119,   3.5,   0.5
29-Apr-2022 17:00, 0.796,  19.8,  14.8, 1025.3,-0.121,-0.003,   86,   2.4,   0.9
29-Apr-2022 18:00, 0.768,  19.7,  14.1, 1025.0,-0.140,-0.020,   79,   2.7,   1.8
29-Apr-2022 19:00, 0.820,  19.7,  13.6, 1024.7,-0.102, 0.014,   81,   3.4,   2.0
29-Apr-2022 20:00, 0.852,  19.7,  13.2, 1024.5,-0.110, 0.004,   86,   3.5,   1.6
29-Apr-2022 21:00, 0.900,  19.6,  13.3, 1024.8,-0.130,-0.018,   83,   4.3,   2.0
29-Apr-2022 22:00, 0.985,  19.6,  12.6, 1025.1,-0.112, 0.003,   74,   4.4,   2.5
29-Apr-2022 23:00, 1.041,  19.6,  11.9, 1025.7,-0.119, 0.000,   76,   3.8,   2.2
30-Apr-2022 00:00, 1.060,  19.6,  13.4, 1026.1,-0.152,-0.028,   74,   4.4,   3.1
30-Apr-2022 01:00, 1.109,  19.5,  16.5, 1026.4,-0.127, 0.001,   73,   4.3,   2.8
30-Apr-2022 02:00, 1.079,  19.6,  18.4, 1026.2,-0.149,-0.018,   72,   5.8,   3.1
30-Apr-2022 03:00, 1.036,  19.6,  20.6, 1025.5,-0.153,-0.025,   64,   5.4,   2.5
30-Apr-2022 04:00, 0.974,  19.6,  22.0, 1024.6,-0.141,-0.020,   77,   5.2,   1.8
30-Apr-2022 05:00, 0.870,  19.6,  22.1, 1023.6,-0.151,-0.039,  207,   5.2,   2.0
30-Apr-2022 06:00, 0.802,  19.6,  21.3, 1023.0,-0.144,-0.042,  221,   5.4,   3.2
30-Apr-2022 07:00, 0.749,  19.6,  20.8, 1022.8,-0.147,-0.051,  203,   6.5,   3.8
30-Apr-2022 08:00, 0.718,  19.6,  20.8, 1022.9,-0.145,-0.050,  199,   6.0,   2.3
30-Apr-2022 09:00, 0.708,  19.7,  20.3, 1022.9,-0.149,-0.053,  193,   6.2,   2.3
30-Apr-2022 10:00, 0.708,  19.7,  19.7, 1023.3,-0.154,-0.057,  182,   6.1,   2.0
30-Apr-2022 11:00, 0.689,  19.7,  19.2, 1023.7,-0.185,-0.085,  166,   7.0,   2.0
30-Apr-2022 12:00, 0.736,  19.7,  18.5, 1024.1,-0.165,-0.061,  155,   5.2,   2.9
30-Apr-2022 13:00, 0.765,  19.7,  18.1, 1024.0,-0.161,-0.054,  157,   4.9,   2.8
30-Apr-2022 14:00, 0.761,  19.6,  17.6, 1024.1,-0.185,-0.077,  167,   4.8,   2.3
30-Apr-2022 15:00, 0.778,  19.6,  16.8, 1023.7,-0.176,-0.068,  167,   3.9,   1.5
30-Apr-2022 16:00, 0.771,  19.6,  16.6, 1023.3,-0.172,-0.068,  160,   4.0,   1.3
30-Apr-2022 17:00, 0.730,  19.5,  15.3, 1022.9,-0.185,-0.086,  100,   2.9,   0.4
30-Apr-2022 18:00, 0.736,  19.5,  14.6, 1022.5,-0.165,-0.070,   94,   1.8,   0.5
30-Apr-2022 19:00, 0.778,  19.5,  15.0, 1022.1,-0.146,-0.055,  157,   3.0,   0.4
30-Apr-2022 20:00, 0.822,  19.5,  14.8, 1021.9,-0.148,-0.060,  123,   2.7,   1.2
30-Apr-2022 21:00, 0.885,  19.4,  13.8, 1021.9,-0.158,-0.072,   65,   2.7,   0.9
30-Apr-2022 22:00, 0.966,  19.4,  14.2, 1022.3,-0.157,-0.071,  150,   3.0,   1.1
30-Apr-2022 23:00, 1.055,  19.4,  13.5, 1022.4,-0.135,-0.045,  182,   2.0,   0.7
01-May-2022 00:00, 1.094,  19.4,  14.2, 1022.6,-0.155,-0.064,  156,   3.2,   1.2
01-May-2022 01:00, 1.137,  19.4,  17.0, 1022.6,-0.143,-0.051,  133,   2.2,   0.7
01-May-2022 02:00, 1.158,  19.4,  18.4, 1022.4,-0.121,-0.028,  194,   2.1,   0.9
01-May-2022 03:00, 1.119,  19.5,  19.2, 1021.9,-0.127,-0.037,  211,   3.2,   1.7
01-May-2022 04:00, 1.031,  19.5,  20.3, 1021.3,-0.147,-0.061,  210,   3.3,   1.7
01-May-2022 05:00, 0.984,  19.5,  20.6, 1020.4,-0.096,-0.017,  206,   3.3,   1.7
01-May-2022 06:00, 0.867,  19.6,  21.1, 1019.8,-0.111,-0.041,  213,   3.7,   2.0
01-May-2022 07:00, 0.764,  19.6,  21.6, 1019.5,-0.140,-0.075,  196,   4.0,   1.5
01-May-2022 08:00, 0.757,  19.6,  21.4, 1019.5,-0.098,-0.036,  198,   3.4,   1.4
01-May-2022 09:00, 0.727,  19.7,  21.0, 1019.5,-0.103,-0.041,  193,   3.7,   1.1
01-May-2022 10:00, 0.704,  19.7,  20.4, 1019.8,-0.121,-0.059,  199,   2.9,   0.9
01-May-2022 11:00, 0.723,  19.7,  20.1, 1020.1,-0.102,-0.037,  187,   3.7,   1.2
01-May-2022 12:00, 0.763,  19.7,  19.6, 1020.4,-0.080,-0.011,  172,   3.7,   1.7
01-May-2022 13:00, 0.766,  19.7,  18.9, 1020.5,-0.102,-0.031,  161,   4.9,   2.3
01-May-2022 14:00, 0.786,  19.6,  18.6, 1020.7,-0.103,-0.031,  176,   4.6,   1.8
01-May-2022 15:00, 0.811,  19.6,  18.0, 1020.8,-0.098,-0.024,  158,   5.6,   2.1
01-May-2022 16:00, 0.814,  19.6,  17.1, 1020.5,-0.100,-0.024,  152,   4.3,   1.2
01-May-2022 17:00, 0.827,  19.6,  16.9, 1020.0,-0.076,-0.005,  152,   3.8,   2.2
01-May-2022 18:00, 0.806,  19.6,  16.3, 1019.8,-0.087,-0.020,  157,   3.8,   0.9
01-May-2022 19:00, 0.829,  19.6,  15.8, 1019.5,-0.081,-0.016,  124,   3.0,   0.6
01-May-2022 20:00, 0.882,  19.5,  15.2, 1019.4,-0.080,-0.018,   79,   3.2,   1.1
01-May-2022 21:00, 0.972,  19.5,  14.9, 1019.5,-0.067,-0.006,   81,   3.2,   1.4
01-May-2022 22:00, 1.059,  19.5,  13.3, 1019.9,-0.070,-0.007,   65,   3.8,   2.9
01-May-2022 23:00, 1.139,  19.5,  13.4, 1020.3,-0.065, 0.001,   71,   4.5,   1.6
02-May-2022 00:00, 1.198,  19.5,  14.7, 1020.9,-0.071, 0.000,   71,   3.7,   1.9
02-May-2022 01:00, 1.229,  19.5,  18.2, 1020.9,-0.082,-0.006,   85,   3.2,   1.6
02-May-2022 02:00, 1.270,  19.6,  19.7, 1021.0,-0.045, 0.031,  156,   3.5,   1.8
02-May-2022 03:00, 1.233,  19.6,  21.1, 1020.6,-0.059, 0.018,  178,   3.3,   1.6
02-May-2022 04:00, 1.166,  19.6,  21.1, 1020.1,-0.067, 0.006,  208,   4.4,   2.4
02-May-2022 05:00, 1.086,  19.6,  21.2, 1019.5,-0.056, 0.012,  210,   4.7,   2.2
02-May-2022 06:00, 1.000,  19.6,  20.9, 1019.1,-0.034, 0.028,  220,   5.2,   3.1
02-May-2022 07:00, 0.844,  19.6,  20.9, 1019.0,-0.090,-0.033,  211,   4.9,   2.3
02-May-2022 08:00, 0.812,  19.6,  20.8, 1018.9,-0.054, 0.003,  215,   4.6,   2.6
02-May-2022 09:00, 0.780,  19.6,  20.4, 1018.9,-0.044, 0.013,  210,   4.5,   2.7
02-May-2022 10:00, 0.728,  19.7,  20.1, 1019.3,-0.080,-0.023,  201,   5.7,   2.8
02-May-2022 11:00, 0.754,  19.7,  19.1, 1019.9,-0.043, 0.018,  193,   5.4,   2.2
02-May-2022 12:00, 0.740,  19.7,  19.5, 1020.3,-0.060, 0.006,  180,   5.9,   2.3
02-May-2022 13:00, 0.759,  19.7,  19.4, 1020.6,-0.065, 0.005,  158,   6.5,   3.9
02-May-2022 14:00, 0.778,  19.7,  19.1, 1021.2,-0.063, 0.011,  169,   6.2,   3.0
02-May-2022 15:00, 0.790,  19.7,  18.5, 1021.2,-0.071, 0.008,  174,   7.0,   2.8
02-May-2022 16:00, 0.794,  19.7,  17.8, 1021.3,-0.084,-0.004,  172,   6.1,   2.2
02-May-2022 17:00, 0.794,  19.7,  17.4, 1021.4,-0.086,-0.006,  163,   6.1,   3.2
02-May-2022 18:00, 0.789,  19.7,  17.1, 1021.7,-0.093,-0.011,  155,   6.3,   3.2
02-May-2022 19:00, 0.787,  19.7,  16.2, 1021.9,-0.108,-0.024,  153,   5.1,   2.3
02-May-2022 20:00, 0.861,  19.7,  16.0, 1021.9,-0.080, 0.006,  115,   4.7,   1.0
02-May-2022 21:00, 0.893,  19.6,  15.6, 1022.5,-0.124,-0.038,  114,   3.9,   0.8
02-May-2022 22:00, 1.006,  19.6,  15.2, 1023.1,-0.107,-0.015,  156,   4.3,   2.7
02-May-2022 23:00, 1.103,  19.6,  14.4, 1023.6,-0.097, 0.001,  145,   4.4,   1.3
03-May-2022 00:00, 1.147,  19.6,  15.5, 1024.5,-0.119,-0.015,  104,   4.1,   1.0
03-May-2022 01:00, 1.193,  19.6,  16.9, 1025.1,-0.128,-0.016,  127,   4.9,   1.4
03-May-2022 02:00, 1.230,  19.7,  17.4, 1025.2,-0.108, 0.010,  165,   6.5,   3.2
03-May-2022 03:00, 1.200,  19.7,  18.5, 1024.8,-0.120,-0.001,  164,   5.6,   2.5
03-May-2022 04:00, 1.154,  19.7,  19.0, 1024.2,-0.122,-0.007,  188,   5.4,   2.0
03-May-2022 05:00, 1.088,  19.6,  18.5, 1023.3,-0.108,-0.001,  204,   6.9,   4.0
03-May-2022 06:00, 0.981,  19.6,  18.9, 1022.9,-0.113,-0.013,  207,   8.1,   4.3
03-May-2022 07:00, 0.872,  19.6,  19.2, 1022.8,-0.116,-0.020,  207,   8.1,   4.4
03-May-2022 08:00, 0.776,  19.6,  19.6, 1022.7,-0.121,-0.026,  202,   9.0,   4.3
03-May-2022 09:00, 0.721,  19.6,  20.3, 1022.8,-0.116,-0.022,  186,   7.1,   2.2
03-May-2022 10:00, 0.679,  19.6,  19.4, 1023.7,-0.128,-0.033,  172,   6.0,   2.6
03-May-2022 11:00, 0.632,  19.6,  19.0, 1024.9,-0.160,-0.055,  156,   6.6,   3.6
03-May-2022 12:00, 0.641,  19.6,  18.2, 1025.3,-0.138,-0.022,  137,   5.8,   1.0
03-May-2022 13:00, 0.662,  19.6,  17.2, 1025.7,-0.129,-0.009,  115,   3.2,   0.9
03-May-2022 14:00, 0.673,  19.6,  16.1, 1025.9,-0.135,-0.012,  101,   2.7,   0.5
03-May-2022 15:00, 0.675,  19.5,  15.6, 1026.1,-0.144,-0.018,  139,   3.0,   1.1
03-May-2022 16:00, 0.663,  19.5,  15.2, 1026.1,-0.176,-0.048,  109,   4.9,   1.5
03-May-2022 17:00, 0.674,  19.5,  14.6, 1026.3,-0.177,-0.049,  102,   5.5,   1.3
03-May-2022 18:00, 0.694,  19.4,  14.1, 1026.3,-0.166,-0.036,  118,   4.1,   1.2
03-May-2022 19:00, 0.729,  19.4,  13.6, 1026.5,-0.151,-0.021,   98,   6.1,   1.8
03-May-2022 20:00, 0.719,  19.4,  13.1, 1026.6,-0.200,-0.069,   90,   5.8,   1.9
03-May-2022 21:00, 0.802,  19.3,  12.7, 1026.8,-0.185,-0.052,   87,   5.4,   2.0
03-May-2022 22:00, 0.893,  19.3,  12.3, 1027.2,-0.186,-0.051,   88,   6.4,   2.3
03-May-2022 23:00, 0.989,  19.2,  12.6, 1027.5,-0.188,-0.049,   89,   4.9,   2.3
04-May-2022 00:00, 1.066,  19.2,  14.0, 1028.0,-0.181,-0.039,   88,   7.0,   3.0
04-May-2022 01:00, 1.120,  19.2,  15.3, 1028.4,-0.185,-0.038,   85,   8.6,   4.2
04-May-2022 02:00, 1.145,  19.2,  16.2, 1028.1,-0.198,-0.048,   87,   8.4,   3.8
04-May-2022 03:00, 1.147,  19.2,  17.1, 1027.7,-0.187,-0.039,   74,   9.4,   5.1
04-May-2022 04:00, 1.110,  19.2,  18.0, 1027.0,-0.191,-0.048,   90,   9.3,   3.2
04-May-2022 05:00, 1.043,  19.1,  18.6, 1026.1,-0.198,-0.062,   77,   9.3,   4.5
04-May-2022 06:00, 0.969,  19.2,  19.3, 1025.5,-0.180,-0.053,   97,   7.7,   2.4
04-May-2022 07:00, 0.868,  19.2,  19.6, 1025.4,-0.180,-0.059,   92,   8.7,   3.0
04-May-2022 08:00, 0.761,  19.2,  19.8, 1025.4,-0.189,-0.068,   85,   7.7,   2.9
04-May-2022 09:00, 0.705,  19.2,  19.6, 1025.0,-0.167,-0.047,   97,   6.6,   2.0
04-May-2022 10:00, 0.651,  19.2,  18.5, 1025.4,-0.172,-0.055,   89,   6.4,   2.2
04-May-2022 11:00, 0.600,  19.1,  17.2, 1026.2,-0.202,-0.081,   93,   5.9,   1.0
04-May-2022 12:00, 0.623,  19.1,  16.7, 1026.2,-0.160,-0.032,   96,   6.9,   1.8
04-May-2022 13:00, 0.611,  19.1,  16.1, 1026.5,-0.164,-0.035,   91,   6.4,   2.5
04-May-2022 14:00, 0.592,  19.0,  15.4, 1026.9,-0.199,-0.067,   85,   6.4,   2.7
04-May-2022 15:00, 0.609,  18.9,  14.9, 1027.1,-0.187,-0.051,   83,   8.6,   3.0
04-May-2022 16:00, 0.618,  18.9,  14.6, 1026.7,-0.187,-0.050,   85,   6.6,   2.9
04-May-2022 17:00, 0.604,  18.9,  14.2, 1026.4,-0.220,-0.087,   81,   8.1,   3.3
04-May-2022 18:00, 0.623,  18.8,  13.9, 1026.1,-0.214,-0.084,   83,   7.2,   2.9
04-May-2022 19:00, 0.671,  18.8,  13.8, 1026.1,-0.190,-0.062,   76,   7.5,   3.3
04-May-2022 20:00, 0.679,  18.8,  13.7, 1025.8,-0.220,-0.093,   80,   6.1,   2.5
04-May-2022 21:00, 0.747,  18.7,  13.5, 1025.9,-0.211,-0.086,   78,   7.0,   3.5
04-May-2022 22:00, 0.844,  18.7,  13.5, 1026.0,-0.195,-0.069,   81,   7.6,   3.5
04-May-2022 23:00, 0.942,  18.6,  13.2, 1026.1,-0.194,-0.067,   77,   7.4,   3.2
05-May-2022 00:00, 1.012,  18.6,  14.0, 1026.6,-0.204,-0.076,   72,  10.3,   5.6
05-May-2022 01:00, 1.066,  18.6,  15.1, 1026.4,-0.205,-0.073,   70,  12.0,   6.8
05-May-2022 02:00, 1.109,  18.6,  16.5, 1026.3,-0.211,-0.081,   67,  12.0,   7.0
05-May-2022 03:00, 1.150,  18.6,  17.4, 1025.6,-0.182,-0.053,   70,  11.0,   6.4
05-May-2022 04:00, 1.130,  18.6,  18.7, 1024.6,-0.177,-0.055,   55,  11.0,   5.1
05-May-2022 05:00, 1.113,  18.6,  19.5, 1023.3,-0.155,-0.043,   69,   9.8,   4.1
05-May-2022 06:00, 1.051,  18.6,  20.5, 1022.6,-0.145,-0.046,   67,  10.6,   4.6
05-May-2022 07:00, 0.952,  18.6,  20.6, 1022.3,-0.153,-0.060,   79,   8.7,   4.6
05-May-2022 08:00, 0.888,  18.6,  20.9, 1022.3,-0.126,-0.036,   70,   9.6,   4.0
05-May-2022 09:00, 0.799,  18.6,  20.3, 1022.2,-0.128,-0.038,   77,   8.1,   3.8
05-May-2022 10:00, 0.733,  18.6,  19.1, 1022.4,-0.128,-0.039,   72,   7.3,   2.3
05-May-2022 11:00, 0.693,  18.6,  17.8, 1022.9,-0.132,-0.041,  109,   3.4,   0.6
05-May-2022 12:00, 0.721,  18.6,  16.6, 1022.9,-0.085, 0.011,  114,   1.6,   0.4
05-May-2022 13:00, 0.684,  18.6,  16.1, 1023.0,-0.099,-0.003,  145,   1.6,   0.7
05-May-2022 14:00, 0.690,  18.6,  15.5, 1023.0,-0.093, 0.004,  142,   2.7,   0.6
05-May-2022 15:00, 0.693,  18.5,  14.8, 1023.0,-0.097, 0.000,  131,   2.0,   0.7
05-May-2022 16:00, 0.690,  18.5,  14.3, 1022.9,-0.097, 0.000,   96,   2.3,   0.9
05-May-2022 17:00, 0.704,  18.5,  15.1, 1023.0,-0.096, 0.000,   70,   5.4,   2.9
05-May-2022 18:00, 0.708,  18.4,  14.7, 1023.0,-0.111,-0.014,   69,   6.7,   3.2
05-May-2022 19:00, 0.746,  18.4,  14.3, 1022.7,-0.094, 0.003,   69,   9.1,   4.8
05-May-2022 20:00, 0.768,  18.4,  13.8, 1022.3,-0.114,-0.021,   69,   8.6,   4.2
05-May-2022 21:00, 0.832,  18.3,  13.5, 1022.3,-0.104,-0.014,   66,   8.1,   4.8
05-May-2022 22:00, 0.906,  18.3,  13.3, 1022.3,-0.097,-0.007,   65,   9.3,   4.8
05-May-2022 23:00, 1.005,  18.3,  13.0, 1022.5,-0.082, 0.008,   64,   9.0,   5.1
06-May-2022 00:00, 1.103,  18.2,  13.7, 1022.8,-0.071, 0.022,   64,   9.8,   5.5
06-May-2022 01:00, 1.143,  18.2,  15.4, 1022.7,-0.089, 0.005,   53,  10.3,   5.1
06-May-2022 02:00, 1.239,  18.2,  17.1, 1022.4,-0.038, 0.056,   63,  10.8,   5.8
06-May-2022 03:00, 1.270,  18.2,  18.7, 1021.8,-0.040, 0.050,   46,  11.5,   5.2
06-May-2022 04:00, 1.251,  18.2,  20.1, 1021.2,-0.051, 0.034,   61,   7.7,   4.0
06-May-2022 05:00, 1.293,  18.2,  21.3, 1020.0, 0.019, 0.097,   60,   6.4,   3.4
06-May-2022 06:00, 1.227,  18.2,  21.7, 1019.2,-0.001, 0.065,   71,   6.9,   3.4
06-May-2022 07:00, 1.162,  18.2,  22.5, 1018.9, 0.010, 0.068,   61,   6.2,   3.0
06-May-2022 08:00, 1.086,  18.2,  22.8, 1018.8, 0.014, 0.070,   75,   6.2,   3.0
06-May-2022 09:00, 1.016,  18.3,  22.4, 1018.7, 0.025, 0.080,   76,   6.6,   3.0
06-May-2022 10:00, 0.909,  18.3,  20.8, 1019.1,-0.007, 0.047,   79,   4.6,   1.6
06-May-2022 11:00, 0.880,  18.3,  19.1, 1019.6, 0.015, 0.074,   85,   2.3,   1.2
06-May-2022 12:00, 0.847,  18.3,  17.9, 1019.9, 0.010, 0.074,   89,   2.6,   1.3
06-May-2022 13:00, 0.820,  18.3,  16.8, 1020.2, 0.010, 0.076,   80,   3.7,   2.3
06-May-2022 14:00, 0.799,  18.2,  15.7, 1020.2, 0.009, 0.078,   76,   4.0,   2.4
06-May-2022 15:00, 0.815,  18.2,  15.5, 1019.8, 0.025, 0.094,   75,   4.9,   3.0
06-May-2022 16:00, 0.810,  18.1,  14.5, 1019.3, 0.026, 0.091,   71,   4.9,   2.8
06-May-2022 17:00, 0.802,  18.1,  13.6, 1019.1, 0.017, 0.077,   69,   4.7,   2.8
06-May-2022 18:00, 0.844,  18.1,  14.0, 1018.9, 0.039, 0.097,   67,   5.3,   3.5
06-May-2022 19:00, 0.868,  18.0,  13.9, 1018.8, 0.041, 0.097,   67,   5.8,   3.7
06-May-2022 20:00, 0.915,  18.0,  14.0, 1018.6, 0.050, 0.105,   66,   6.1,   3.7
06-May-2022 21:00, 0.965,  18.0,  14.2, 1018.5, 0.046, 0.099,   66,   6.0,   4.2
06-May-2022 22:00, 1.032,  17.9,  14.2, 1018.7, 0.053, 0.105,   63,   6.4,   3.8
06-May-2022 23:00, 1.105,  17.9,  13.9, 1019.0, 0.056, 0.110,   64,   7.1,   4.3
07-May-2022 00:00, 1.194,  17.8,  15.1, 1019.3, 0.068, 0.125,   61,   6.9,   4.0
07-May-2022 01:00, 1.247,  17.8,  17.0, 1019.5, 0.057, 0.117,   48,   7.0,   3.8
07-May-2022 02:00, 1.322,  17.8,  19.4, 1019.0, 0.091, 0.152,   56,   7.7,   3.5
07-May-2022 03:00, 1.361,  17.8,  21.5, 1018.7, 0.093, 0.150,   22,   7.0,   2.6
07-May-2022 04:00, 1.335,  17.9,  23.0, 1017.9, 0.056, 0.109,   36,   5.4,   1.4
07-May-2022 05:00, 1.368,  17.9,  21.2, 1016.7, 0.104, 0.149,  239,   3.3,   1.8
07-May-2022 06:00, 1.326,  17.9,  22.0, 1016.0, 0.087, 0.120,  229,   3.1,   2.0
07-May-2022 07:00, 1.263,  17.9,  21.6, 1015.9, 0.073, 0.100,  231,   3.7,   2.4
07-May-2022 08:00, 1.217,  18.0,  21.6, 1016.0, 0.096, 0.122,  216,   4.3,   2.0
07-May-2022 09:00, 1.145,  18.0,  20.9, 1015.8, 0.092, 0.119,  231,   4.8,   3.0
07-May-2022 10:00, 1.045,  18.0,  20.6, 1016.1, 0.065, 0.090,  212,   4.8,   1.7
07-May-2022 11:00, 0.987,  18.0,  19.9, 1016.8, 0.069, 0.098,  190,   3.2,   0.9
07-May-2022 12:00, 0.956,  18.0,  18.6, 1017.0, 0.080, 0.115,  142,   2.5,   0.9
07-May-2022 13:00, 0.924,  18.0,  18.1, 1016.9, 0.077, 0.114,  106,   2.4,   0.4
07-May-2022 14:00, 0.875,  18.0,  18.2, 1016.6, 0.061, 0.097,   77,   2.6,   1.0
07-May-2022 15:00, 0.875,  18.0,  16.4, 1016.2, 0.077, 0.110,   65,   3.4,   1.7
07-May-2022 16:00, 0.872,  18.0,  16.1, 1016.0, 0.081, 0.110,  175,   2.6,   1.0
07-May-2022 17:00, 0.849,  18.0,  14.3, 1015.7, 0.067, 0.094,   67,   2.4,   0.9
07-May-2022 18:00, 0.892,  18.0,  14.1, 1015.6, 0.096, 0.120,   30,   1.5,   0.3
07-May-2022 19:00, 0.906,  17.9,  14.4, 1015.6, 0.083, 0.106,   81,   1.8,   0.1
07-May-2022 20:00, 0.929,  17.9,  14.3, 1015.5, 0.072, 0.096,   58,   2.3,   1.7
07-May-2022 21:00, 0.991,  17.9,  15.2, 1014.9, 0.082, 0.104,   63,   4.3,   2.4
07-May-2022 22:00, 1.059,  17.9,  14.7, 1015.0, 0.093, 0.110,   64,   4.1,   2.0
07-May-2022 23:00, 1.123,  17.9,  14.8, 1015.2, 0.098, 0.116,   38,   4.3,   0.9
08-May-2022 00:00, 1.184,  17.9,  16.7, 1015.5, 0.096, 0.116,   41,   2.0,   1.1
08-May-2022 01:00, 1.245,  17.9,  19.5, 1015.8, 0.098, 0.121,   47,   3.5,   1.9
08-May-2022 02:00, 1.286,  17.9,  21.4, 1015.7, 0.099, 0.124,   12,   3.0,   1.1
08-May-2022 03:00, 1.329,  17.9,  19.9, 1015.4, 0.112, 0.136,  248,   2.5,   1.4
08-May-2022 04:00, 1.330,  17.9,  20.6, 1014.9, 0.087, 0.108,  229,   2.2,   1.4
08-May-2022 05:00, 1.339,  17.9,  20.8, 1014.6, 0.098, 0.114,  229,   3.4,   2.5
08-May-2022 06:00, 1.343,  18.0,  21.0, 1014.4, 0.113, 0.126,  226,   3.5,   1.6
08-May-2022 07:00, 1.273,  18.0,  21.3, 1014.6, 0.066, 0.077,  205,   3.6,   2.1
08-May-2022 08:00, 1.241,  18.1,  21.6, 1015.2, 0.083, 0.097,  202,   4.6,   2.5
08-May-2022 09:00, 1.191,  18.1,  21.1, 1015.3, 0.089, 0.109,  199,   4.6,   2.0
08-May-2022 10:00, 1.089,  18.1,  20.5, 1015.8, 0.049, 0.069,  181,   3.5,   1.1
08-May-2022 11:00, 1.044,  18.1,  19.8, 1016.7, 0.067, 0.093,  187,   3.4,   0.6
08-May-2022 12:00, 0.995,  18.1,  19.8, 1017.2, 0.069, 0.103,  157,   2.8,   1.8
08-May-2022 13:00, 0.953,  18.1,  18.7, 1017.6, 0.066, 0.105,  128,   2.6,   0.2
08-May-2022 14:00, 0.904,  18.1,  18.4, 1017.7, 0.054, 0.097,  127,   2.3,   0.3
08-May-2022 15:00, 0.871,  18.1,  17.9, 1017.7, 0.054, 0.098,  144,   2.5,   0.6
08-May-2022 16:00, 0.878,  18.1,  18.1, 1017.8, 0.076, 0.120,  152,   3.2,   1.7
08-May-2022 17:00, 0.842,  18.1,  17.4, 1017.9, 0.050, 0.096,  128,   3.0,   1.0
08-May-2022 18:00, 0.850,  18.1,  17.1, 1017.9, 0.054, 0.100,  114,   2.9,   0.7
08-May-2022 19:00, 0.885,  18.1,  16.1, 1017.9, 0.060, 0.106,   74,   2.8,   1.4
08-May-2022 20:00, 0.921,  18.1,  14.9, 1018.0, 0.059, 0.105,   69,   3.3,   2.3
08-May-2022 21:00, 0.963,  18.1,  14.3, 1018.2, 0.055, 0.102,   67,   4.6,   3.2
08-May-2022 22:00, 1.017,  18.0,  14.1, 1018.6, 0.053, 0.103,   69,   5.2,   3.6
08-May-2022 23:00, 1.072,  18.0,  13.6, 1019.1, 0.057, 0.111,   68,   5.7,   3.2
09-May-2022 00:00, 1.103,  18.0,  14.8, 1019.5, 0.039, 0.098,   68,   5.4,   3.5
09-May-2022 01:00, 1.164,  18.0,  16.9, 1019.4, 0.054, 0.116,   72,   5.6,   3.0
09-May-2022 02:00, 1.199,  18.1,  19.3, 1019.4, 0.053, 0.114,   67,   5.6,   3.1
09-May-2022 03:00, 1.222,  18.1,  21.5, 1019.0, 0.055, 0.116,  106,   4.8,   0.9
09-May-2022 04:00, 1.240,  18.1,  20.8, 1018.4, 0.049, 0.106,  220,   3.0,   2.0
09-May-2022 05:00, 1.255,  18.1,  21.1, 1017.7, 0.050, 0.101,  221,   4.4,   3.1
09-May-2022 06:00, 1.261,  18.1,  21.6, 1017.2, 0.058, 0.102,  218,   4.4,   2.2
09-May-2022 07:00, 1.220,  18.1,  21.4, 1017.2, 0.021, 0.060,  208,   4.8,   2.6
09-May-2022 08:00, 1.215,  18.1,  21.2, 1017.3, 0.037, 0.076,  202,   4.5,   1.6
09-May-2022 09:00, 1.182,  18.2,  20.8, 1017.8, 0.044, 0.085,  204,   4.1,   2.3
09-May-2022 10:00, 1.113,  18.3,  20.3, 1018.1, 0.023, 0.069,  202,   4.6,   2.3
09-May-2022 11:00, 1.061,  18.3,  20.0, 1018.5, 0.028, 0.076,  182,   5.4,   1.3
09-May-2022 12:00, 1.017,  18.3,  19.0, 1018.6, 0.038, 0.090,  138,   4.8,   0.6
09-May-2022 13:00, 0.975,  18.3,  18.5, 1018.5, 0.042, 0.096,  156,   4.1,   2.5
09-May-2022 14:00, 0.917,  18.3,  18.1, 1018.2, 0.027, 0.079,  152,   4.5,   2.1
09-May-2022 15:00, 0.885,  18.3,  17.9, 1018.0, 0.038, 0.087,  148,   3.7,   1.2
09-May-2022 16:00, 0.877,  18.3,  17.4, 1018.1, 0.057, 0.104,  177,   2.9,   1.1
09-May-2022 17:00, 0.819,  18.3,  16.4, 1017.7, 0.010, 0.058,  126,   3.1,   0.8
09-May-2022 18:00, 0.851,  18.3,  15.6, 1016.8, 0.044, 0.087,  109,   2.0,   0.5
09-May-2022 19:00, 0.884,  18.2,  16.2, 1016.4, 0.052, 0.087,  125,   2.1,   0.8
09-May-2022 20:00, 0.908,  18.2,  15.5, 1016.0, 0.032, 0.063,  206,   2.4,   0.0
09-May-2022 21:00, 0.975,  18.2,  15.7, 1016.4, 0.052, 0.080,  187,   1.9,   1.1
09-May-2022 22:00, 1.025,  18.2,  15.6, 1016.7, 0.051, 0.083,   85,   3.2,   0.8
09-May-2022 23:00, 1.053,  18.2,  16.1, 1016.6, 0.032, 0.066,  153,   3.6,   2.1
10-May-2022 00:00, 1.108,  18.2,  16.3, 1017.0, 0.051, 0.085,  151,   4.3,   1.9
10-May-2022 01:00, 1.139,  18.2,  17.9, 1016.6, 0.051, 0.088,  159,   3.0,   1.9
10-May-2022 02:00, 1.153,  18.2,  19.4, 1016.7, 0.042, 0.076,  215,   3.7,   1.2
10-May-2022 03:00, 1.177,  18.2,  19.4, 1016.7, 0.055, 0.089,  236,   3.9,   2.5
10-May-2022 04:00, 1.180,  18.3,  20.2, 1016.1, 0.046, 0.080,  220,   5.4,   3.4
10-May-2022 05:00, 1.205,  18.3,  20.2, 1015.2, 0.055, 0.081,  211,   6.2,   3.2
10-May-2022 06:00, 1.230,  18.3,  20.2, 1015.2, 0.071, 0.090,  219,   5.2,   2.7
10-May-2022 07:00, 1.181,  18.3,  20.3, 1015.2, 0.015, 0.034,  210,   5.2,   2.7
10-May-2022 08:00, 1.193,  18.4,  20.2, 1015.7, 0.025, 0.045,  208,   5.4,   2.8
10-May-2022 09:00, 1.200,  18.4,  19.9, 1015.9, 0.048, 0.073,  214,   5.2,   1.8
10-May-2022 10:00, 1.152,  18.4,  19.6, 1016.1, 0.031, 0.057,  215,   3.9,   1.7
10-May-2022 11:00, 1.121,  18.4,  19.7, 1016.7, 0.042, 0.071,  210,   3.3,   1.4
10-May-2022 12:00, 1.090,  18.4,  19.6, 1016.9, 0.061, 0.096,  202,   2.8,   0.9
10-May-2022 13:00, 1.039,  18.4,  17.4, 1016.7, 0.059, 0.095,   67,   1.5,   1.0
10-May-2022 14:00, 0.995,  18.4,  16.7, 1016.5, 0.063, 0.097,   60,   2.1,   1.0
10-May-2022 15:00, 0.957,  18.4,  16.2, 1016.0, 0.073, 0.105,   72,   1.9,   0.8
10-May-2022 16:00, 0.910,  18.4,  16.2, 1015.3, 0.064, 0.091,   77,   2.2,   1.5
10-May-2022 17:00, 0.917,  18.4,  15.6, 1015.2, 0.088, 0.108,   65,   2.8,   1.8
10-May-2022 18:00, 0.918,  18.4,  14.8, 1014.9, 0.088, 0.108,   58,   3.4,   1.5
10-May-2022 19:00, 0.947,  18.4,  15.2, 1014.6, 0.096, 0.112,   67,   2.8,   1.7
10-May-2022 20:00, 0.990,  18.4,  14.9, 1014.5, 0.094, 0.107,   61,   3.2,   2.0
10-May-2022 21:00, 1.054,  18.4,  14.7, 1014.5, 0.104, 0.116,   52,   3.2,   1.6
10-May-2022 22:00, 1.114,  18.4,  14.6, 1014.6, 0.111, 0.124,   51,   3.0,   1.6
10-May-2022 23:00, 1.165,  18.4,  14.4, 1014.6, 0.119, 0.132,   55,   3.8,   1.7
11-May-2022 00:00, 1.193,  18.3,  14.6, 1014.6, 0.121, 0.134,   44,   4.3,   2.0
11-May-2022 01:00, 1.223,  18.3,  16.5, 1014.4, 0.137, 0.150,   55,   4.4,   2.2
11-May-2022 02:00, 1.227,  18.3,  18.1, 1014.5, 0.137, 0.149,   44,   4.2,   1.6
11-May-2022 03:00, 1.225,  18.3,  19.7, 1013.9, 0.140, 0.152,   32,   3.9,   2.5
11-May-2022 04:00, 1.195,  18.3,  20.1, 1013.3, 0.117, 0.123,  310,   3.4,   1.9
11-May-2022 05:00, 1.216,  18.3,  20.4, 1012.3, 0.132, 0.132,  308,   2.7,   1.4
11-May-2022 06:00, 1.227,  18.4,  20.1, 1011.3, 0.132, 0.121,  302,   2.6,   1.6
11-May-2022 07:00, 1.248,  18.4,  20.3, 1010.8, 0.139, 0.119,  237,   4.2,   2.2
11-May-2022 08:00, 1.272,  18.4,  19.9, 1010.5, 0.149, 0.124,  255,   3.6,   1.1
11-May-2022 09:00, 1.283,  18.5,  19.9, 1010.7, 0.153, 0.126,  318,   3.2,   1.0
11-May-2022 10:00, 1.271,  18.5,  20.0, 1010.7, 0.147, 0.122,  309,   3.1,   1.6
11-May-2022 11:00, 1.288,  18.6,  20.3, 1011.4, 0.185, 0.161,  304,   3.7,   1.7
11-May-2022 12:00, 1.224,  18.7,  20.1, 1011.4, 0.157, 0.139,  295,   4.4,   2.2
11-May-2022 13:00, 1.222,  18.8,  19.7, 1010.7, 0.200, 0.181,  353,   5.7,   2.5
11-May-2022 14:00, 1.179,  18.9,  18.8, 1010.7, 0.205, 0.179,   12,   5.4,   2.4
11-May-2022 15:00, 1.098,  19.0,  17.4, 1010.0, 0.173, 0.148,    7,   5.4,   2.9
11-May-2022 16:00, 1.103,  19.0,  16.9, 1009.1, 0.224, 0.191,   11,   5.0,   2.8
11-May-2022 17:00, 1.059,  19.1,  16.4, 1008.7, 0.203, 0.162,   10,   6.0,   2.7
11-May-2022 18:00, 1.067,  19.1,  16.0, 1007.6, 0.210, 0.164,   18,   5.6,   2.7
11-May-2022 19:00, 1.144,  19.1,  16.1, 1006.6, 0.262, 0.205,   17,   4.8,   2.3
11-May-2022 20:00, 1.148,  19.1,  16.3, 1006.2, 0.220, 0.153,   17,   4.8,   2.3
11-May-2022 21:00, 1.223,  19.2,  15.4, 1006.3, 0.236, 0.166,   33,   3.4,   1.5
11-May-2022 22:00, 1.326,  19.2,  15.3, 1005.5, 0.281, 0.212,   16,   3.5,   2.1
11-May-2022 23:00, 1.366,  19.2,  15.6, 1004.6, 0.276, 0.197,   17,   5.9,   3.2
12-May-2022 00:00, 1.364,  19.2,  13.9, 1005.2, 0.251, 0.165,  186,  10.9,   4.7
12-May-2022 01:00, 1.359,  19.1,  14.6, 1005.5, 0.247, 0.167,  192,  13.2,   5.8
12-May-2022 02:00, 1.279,  19.1,  14.3, 1005.5, 0.184, 0.106,  183,  12.9,   4.5
12-May-2022 03:00, 1.242,  19.1,  13.8, 1006.2, 0.176, 0.100,  165,  11.7,   4.3
12-May-2022 04:00, 1.175,  19.0,  13.7, 1005.0, 0.140, 0.069,  158,   9.8,   4.6
12-May-2022 05:00, 1.178,  19.0,  13.4, 1004.2, 0.161, 0.078,  159,   8.4,   3.7
12-May-2022 06:00, 1.167,  19.0,  13.4, 1003.4, 0.150, 0.059,  154,   7.4,   2.7
12-May-2022 07:00, 1.177,  19.0,  13.8, 1002.9, 0.149, 0.051,  180,   5.2,   1.8
12-May-2022 08:00, 1.197,  19.0,  13.5, 1003.0, 0.149, 0.046,  160,   6.2,   3.2
12-May-2022 09:00, 1.224,  19.0,  12.8, 1003.2, 0.156, 0.055,  148,   5.0,   1.3
12-May-2022 10:00, 1.240,  19.0,  12.8, 1003.0, 0.155, 0.055,  147,   3.7,   1.6
12-May-2022 11:00, 1.267,  19.0,  12.7, 1003.3, 0.177, 0.075,  156,   5.4,   2.4
12-May-2022 12:00, 1.238,  18.9,  12.8, 1003.3, 0.159, 0.060,  145,   5.8,   1.6
12-May-2022 13:00, 1.250,  18.9,  12.8, 1003.5, 0.200, 0.101,  160,   5.9,   3.5
12-May-2022 14:00, 1.169,  18.9,  12.5, 1003.6, 0.159, 0.063,  137,   7.3,   1.2
12-May-2022 15:00, 1.147,  18.9,  12.8, 1003.3, 0.184, 0.088,  156,   4.7,   2.1
12-May-2022 16:00, 1.088,  18.8,  11.9, 1003.2, 0.171, 0.072,   72,   3.0,   1.1
12-May-2022 17:00, 1.061,  18.8,  12.2, 1003.2, 0.173, 0.072,   66,   2.3,   0.9
12-May-2022 18:00, 1.056,  18.8,  14.0, 1003.6, 0.169, 0.070,  181,  17.1,   3.8
12-May-2022 19:00, 1.075,  18.8,  16.5, 1003.5, 0.160, 0.064,  213,   8.1,   4.6
12-May-2022 20:00, 1.148,  18.8,  15.3, 1004.0, 0.180, 0.084,  227,  11.2,   8.3
12-May-2022 21:00, 1.151,  18.8,  16.7, 1004.3, 0.120, 0.028,  204,  12.1,   6.1
12-May-2022 22:00, 1.216,  18.7,  16.9, 1005.2, 0.121, 0.033,  204,  11.8,   5.2
12-May-2022 23:00, 1.249,  18.7,  14.7, 1006.5, 0.101, 0.022,  177,  11.7,   3.6
13-May-2022 00:00, 1.246,  18.7,  14.1, 1007.7, 0.072, 0.006,  131,  12.3,   0.8
13-May-2022 01:00, 1.278,  18.7,  13.9, 1008.8, 0.110, 0.056,  143,   3.3,   1.3
13-May-2022 02:00, 1.197,  18.7,  15.7, 1009.2, 0.063, 0.019,  128,   3.5,   1.0
13-May-2022 03:00, 1.178,  18.7,  17.3, 1009.8, 0.097, 0.058,  198,   8.3,   3.4
13-May-2022 04:00, 1.074,  18.7,  18.2, 1009.8, 0.054, 0.019,  214,  10.8,   6.0
13-May-2022 05:00, 1.035,  18.7,  18.2, 1009.9, 0.063, 0.029,  226,  10.8,   7.0
13-May-2022 06:00, 1.009,  18.7,  18.0, 1010.3, 0.065, 0.032,  224,  12.2,   7.1
13-May-2022 07:00, 0.952,  18.7,  18.1, 1010.9, 0.015,-0.013,  228,  10.4,   6.9
13-May-2022 08:00, 0.990,  18.7,  17.7, 1011.5, 0.040, 0.017,  220,  11.2,   7.1
13-May-2022 09:00, 1.001,  18.6,  17.8, 1011.9, 0.028, 0.011,  223,   9.9,   6.1
13-May-2022 10:00, 1.009,  18.6,  17.9, 1012.7, 0.008,-0.004,  226,   9.7,   6.0
13-May-2022 11:00, 1.049,  18.5,  17.2, 1013.6, 0.020, 0.016,  236,  10.0,   6.5
13-May-2022 12:00, 1.085,  18.5,  17.3, 1014.1, 0.038, 0.042,  213,   9.1,   2.0
13-May-2022 13:00, 1.068,  18.5,  16.5, 1015.0, 0.021, 0.031,  231,  11.3,   8.5
13-May-2022 14:00, 1.066,  18.6,  18.1, 1015.1, 0.039, 0.057,  232,  11.2,   4.6
13-May-2022 15:00, 1.031,  18.5,  17.0, 1015.4, 0.040, 0.059,  256,  11.8,   6.8
13-May-2022 16:00, 0.949,  18.4,  16.4, 1015.2, 0.000, 0.021,  243,  12.8,   4.4
13-May-2022 17:00, 0.979,  18.4,  17.0, 1015.0, 0.058, 0.077,  231,  11.7,   5.2
13-May-2022 18:00, 0.952,  18.4,  16.1, 1015.1, 0.031, 0.049,  251,  11.4,   7.8
13-May-2022 19:00, 1.002,  18.4,  17.4, 1015.1, 0.054, 0.072,  239,   9.2,   6.5
13-May-2022 20:00, 1.060,  18.4,  18.1, 1015.2, 0.054, 0.072,  247,  10.3,   6.6
13-May-2022 21:00, 1.108,  18.4,  18.1, 1015.3, 0.030, 0.049,  251,  11.6,   6.0
13-May-2022 22:00, 1.206,  18.4,  18.4, 1015.6, 0.058, 0.079,  257,   9.8,   5.7
13-May-2022 23:00, 1.252,  18.4,  17.8, 1016.3, 0.042, 0.067,  248,  14.5,   5.9
14-May-2022 00:00, 1.275,  18.3,  18.0, 1016.8, 0.032, 0.062,  242,  11.0,   6.1
14-May-2022 01:00, 1.286,  18.3,  18.7, 1017.5, 0.043, 0.079,  251,  10.5,   7.3
14-May-2022 02:00, 1.242,  18.3,  18.8, 1018.0, 0.037, 0.080,  253,   9.9,   5.0
14-May-2022 03:00, 1.172,  18.3,  19.3, 1017.9, 0.038, 0.085,  273,   9.1,   4.5
14-May-2022 04:00, 1.059,  18.3,  19.4, 1017.8, 0.013, 0.059,  278,   8.0,   4.8
14-May-2022 05:00, 1.014,  18.3,  19.4, 1017.3, 0.051, 0.096,  273,   9.3,   5.2
14-May-2022 06:00, 0.908,  18.3,  19.7, 1016.8, 0.007, 0.047,  284,   9.4,   5.5
14-May-2022 07:00, 0.872,  18.3,  19.0, 1017.3, 0.009, 0.045,  285,  10.0,   5.3
14-May-2022 08:00, 0.890,  18.3,  19.3, 1017.3, 0.039, 0.079,  290,  10.5,   5.8
14-May-2022 09:00, 0.848,  18.3,  18.8, 1017.3,-0.016, 0.025,  249,  12.8,   9.2
14-May-2022 10:00, 0.907,  18.4,  17.9, 1017.8, 0.021, 0.061,  229,  12.4,   6.8
14-May-2022 11:00, 0.917,  18.3,  18.2, 1018.5,-0.009, 0.037,  228,  11.9,   4.5
14-May-2022 12:00, 0.970,  18.4,  19.0, 1019.1, 0.004, 0.057,  235,   9.1,   6.1
14-May-2022 13:00, 0.997,  18.4,  19.2, 1019.6, 0.001, 0.059,  228,   9.8,   5.6
14-May-2022 14:00, 0.987,  18.4,  19.0, 1019.9,-0.021, 0.043,  220,   8.7,   4.9
14-May-2022 15:00, 0.953,  18.3,  19.0, 1019.8,-0.041, 0.025,  232,   7.6,   4.5
14-May-2022 16:00, 0.917,  18.3,  18.8, 1019.8,-0.048, 0.017,  220,   6.7,   4.1
14-May-2022 17:00, 0.893,  18.3,  18.6, 1019.8,-0.049, 0.015,  218,   7.3,   3.8
14-May-2022 18:00, 0.864,  18.2,  18.7, 1020.0,-0.080,-0.015,  221,   8.1,   5.6
14-May-2022 19:00, 0.913,  18.3,  17.7, 1020.0,-0.063, 0.004,  192,   8.4,   2.1
14-May-2022 20:00, 0.950,  18.3,  15.4, 1020.4,-0.085,-0.017,  176,   5.4,   2.0
14-May-2022 21:00, 0.996,  18.2,  14.8, 1020.3,-0.120,-0.050,   76,   2.7,   1.0
14-May-2022 22:00, 1.093,  18.2,  14.6, 1020.4,-0.102,-0.032,   83,   2.3,   1.0
14-May-2022 23:00, 1.146,  18.2,  14.6, 1020.6,-0.118,-0.047,   72,   2.4,   1.4
15-May-2022 00:00, 1.174,  18.2,  14.6, 1021.2,-0.136,-0.062,   66,   3.5,   2.0
15-May-2022 01:00, 1.223,  18.2,  15.8, 1021.8,-0.097,-0.017,   70,   4.0,   2.5
15-May-2022 02:00, 1.164,  18.3,  16.6, 1022.3,-0.128,-0.043,   60,   4.3,   2.3
15-May-2022 03:00, 1.081,  18.3,  17.7, 1022.0,-0.141,-0.051,   65,   4.5,   2.5
15-May-2022 04:00, 0.994,  18.3,  19.1, 1021.4,-0.122,-0.035,    2,   4.1,   1.5
15-May-2022 05:00, 0.871,  18.3,  18.2, 1020.6,-0.133,-0.053,  245,   3.7,   1.6
15-May-2022 06:00, 0.791,  18.3,  18.2, 1020.3,-0.115,-0.042,  210,   3.3,   1.5
15-May-2022 07:00, 0.698,  18.4,  18.1, 1020.0,-0.135,-0.065,  192,   3.7,   1.0
15-May-2022 08:00, 0.676,  18.4,  18.1, 1020.1,-0.110,-0.043,  173,   2.4,   1.0
15-May-2022 09:00, 0.641,  18.4,  17.9, 1020.3,-0.129,-0.060,  203,   2.7,   1.6
15-May-2022 10:00, 0.672,  18.4,  18.0, 1020.0,-0.104,-0.034,  151,   2.9,   1.0
15-May-2022 11:00, 0.710,  18.4,  17.2, 1020.2,-0.093,-0.026,  126,   1.8,   0.3
15-May-2022 12:00, 0.780,  18.4,  16.3, 1020.4,-0.072,-0.002,   94,   2.1,   0.3
15-May-2022 13:00, 0.851,  18.4,  15.4, 1020.3,-0.047, 0.024,   89,   2.1,   0.8
15-May-2022 14:00, 0.856,  18.4,  14.6, 1020.3,-0.085,-0.015,   73,   1.7,   1.2
15-May-2022 15:00, 0.884,  18.3,  14.3, 1019.9,-0.078,-0.009,   80,   3.2,   1.6
15-May-2022 16:00, 0.865,  18.3,  13.2, 1019.7,-0.089,-0.023,   75,   3.8,   2.5
15-May-2022 17:00, 0.860,  18.3,  13.1, 1019.3,-0.082,-0.018,   68,   4.8,   2.9
15-May-2022 18:00, 0.888,  18.3,  12.6, 1018.9,-0.060,-0.001,   69,   4.5,   2.7
15-May-2022 19:00, 0.908,  18.2,  12.3, 1018.4,-0.079,-0.024,   75,   4.5,   2.7
15-May-2022 20:00, 0.977,  18.2,  12.4, 1018.4,-0.073,-0.022,   70,   5.1,   3.1
15-May-2022 21:00, 1.038,  18.2,  11.9, 1018.4,-0.097,-0.046,   68,   5.1,   2.5
15-May-2022 22:00, 1.151,  18.2,  12.7, 1018.4,-0.073,-0.022,   64,   5.7,   3.5
15-May-2022 23:00, 1.230,  18.2,  12.4, 1018.2,-0.070,-0.019,   60,   5.7,   2.9
16-May-2022 00:00, 1.255,  18.2,  13.1, 1018.5,-0.105,-0.056,   66,   6.4,   4.1
16-May-2022 01:00, 1.306,  18.1,  14.9, 1018.7,-0.077,-0.025,   58,   6.8,   3.5
16-May-2022 02:00, 1.292,  18.1,  17.4, 1018.5,-0.078,-0.023,   59,   9.3,   3.8
16-May-2022 03:00, 1.215,  18.2,  18.7, 1017.8,-0.104,-0.053,   61,   9.9,   5.3
16-May-2022 04:00, 1.149,  18.2,  19.6, 1016.6,-0.069,-0.025,   63,   8.9,   5.0
16-May-2022 05:00, 1.033,  18.2,  20.3, 1015.4,-0.058,-0.026,   31,   8.8,   4.3
16-May-2022 06:00, 0.878,  18.2,  21.0, 1014.6,-0.087,-0.066,   28,   6.8,   2.9
16-May-2022 07:00, 0.799,  18.2,  21.7, 1014.0,-0.060,-0.048,   39,   5.7,   1.7
16-May-2022 08:00, 0.738,  18.2,  21.5, 1013.8,-0.040,-0.033,   63,   5.0,   2.9
16-May-2022 09:00, 0.667,  18.3,  21.3, 1013.7,-0.056,-0.050,   72,   4.9,   2.2
16-May-2022 10:00, 0.659,  18.3,  19.8, 1014.0,-0.040,-0.035,   85,   4.1,   0.6
16-May-2022 11:00, 0.668,  18.3,  18.4, 1014.2,-0.031,-0.023,   79,   3.2,   2.1
16-May-2022 12:00, 0.666,  18.3,  17.4, 1014.2,-0.067,-0.057,   77,   3.3,   2.3
16-May-2022 13:00, 0.761,  18.3,  16.5, 1013.9,-0.022,-0.013,   73,   4.0,   2.8
16-May-2022 14:00, 0.811,  18.3,  15.9, 1013.7,-0.025,-0.018,   74,   4.8,   2.8
16-May-2022 15:00, 0.831,  18.3,  15.3, 1013.4,-0.056,-0.052,   74,   4.9,   2.8
16-May-2022 16:00, 0.898,  18.2,  15.2, 1012.8,-0.014,-0.013,   69,   4.8,   3.0
16-May-2022 17:00, 0.859,  18.2,  14.7, 1012.4,-0.056,-0.061,   67,   5.1,   3.3
16-May-2022 18:00, 0.882,  18.2,  14.0, 1012.2,-0.047,-0.055,   69,   5.4,   3.4
16-May-2022 19:00, 0.958,  18.2,  13.9, 1011.8,-0.013,-0.023,   72,   5.6,   3.7
16-May-2022 20:00, 1.009,  18.1,  13.8, 1011.3,-0.033,-0.047,   70,   6.0,   3.2
16-May-2022 21:00, 1.121,  18.1,  13.3, 1011.1,-0.008,-0.028,   69,   6.0,   3.5
16-May-2022 22:00, 1.216,  18.1,  13.3, 1011.0,-0.010,-0.032,   70,   5.8,   3.5
16-May-2022 23:00, 1.286,  18.0,  13.2, 1011.1,-0.024,-0.046,   69,   6.3,   3.4
17-May-2022 00:00, 1.374,  18.0,  14.4, 1011.2,-0.004,-0.026,   67,   7.4,   4.2
17-May-2022 01:00, 1.404,  18.0,  16.4, 1011.3,-0.017,-0.038,   64,   6.7,   4.1
17-May-2022 02:00, 1.439,  18.0,  18.9, 1011.5, 0.018, 0.000,   30,   6.7,   3.7
17-May-2022 03:00, 1.398,  18.0,  20.8, 1010.9, 0.006,-0.012,   21,   6.3,   3.9
17-May-2022 04:00, 1.312,  18.0,  22.0, 1010.5,-0.008,-0.032,   24,   6.4,   3.3
17-May-2022 05:00, 1.201,  18.0,  21.6, 1009.7,-0.001,-0.029,  327,   4.9,   2.4
17-May-2022 06:00, 1.071,  18.1,  22.2, 1009.1, 0.005,-0.031,  332,   3.9,   2.0
17-May-2022 07:00, 0.935,  18.2,  21.8, 1009.3,-0.002,-0.043,  316,   4.0,   2.3
17-May-2022 08:00, 0.841,  18.2,  21.5, 1009.5, 0.011,-0.028,  329,   3.4,   1.8
17-May-2022 09:00, 0.754,  18.3,  20.6, 1009.8, 0.011,-0.026,  354,   2.6,   1.0
17-May-2022 10:00, 0.689,  18.3,  20.6, 1010.1, 0.006,-0.028,   26,   2.8,   1.0
17-May-2022 11:00, 0.660,  18.3,  20.6, 1010.5, 0.012,-0.019,   19,   2.5,   1.2
17-May-2022 12:00, 0.696,  18.3,  20.4, 1010.2, 0.048, 0.021,   28,   2.3,   1.0
17-May-2022 13:00, 0.731,  18.3,  20.2, 1010.5, 0.048, 0.017,   15,   2.4,   1.4
17-May-2022 14:00, 0.806,  18.3,  19.5, 1011.7, 0.079, 0.054,  326,   7.5,   3.6
17-May-2022 15:00, 0.832,  18.3,  17.6, 1010.2, 0.048, 0.031,   72,   7.4,   1.4
17-May-2022 16:00, 0.917,  18.3,  17.0, 1010.1, 0.080, 0.050,   31,   4.1,   1.7
17-May-2022 17:00, 0.950,  18.3,  17.1, 1010.1, 0.085, 0.054,   25,   4.0,   2.3
17-May-2022 18:00, 0.965,  18.4,  17.7, 1010.0, 0.076, 0.046,   15,   5.5,   3.0
17-May-2022 19:00, 1.025,  18.4,  16.8, 1009.3, 0.095, 0.061,   37,   4.8,   2.1
17-May-2022 20:00, 1.107,  18.4,  16.5, 1009.8, 0.103, 0.065,   47,   3.4,   1.8
17-May-2022 21:00, 1.180,  18.4,  16.4, 1009.7, 0.082, 0.048,   42,   4.1,   1.7
17-May-2022 22:00, 1.290,  18.4,  16.1, 1010.3, 0.093, 0.058,   48,   3.2,   1.3
17-May-2022 23:00, 1.389,  18.3,  16.3, 1010.7, 0.100, 0.071,   26,   3.7,   1.9
18-May-2022 00:00, 1.467,  18.3,  16.6, 1010.8, 0.105, 0.080,    7,   4.8,   2.0
18-May-2022 01:00, 1.505,  18.3,  16.4, 1011.6, 0.085, 0.061,   23,   6.1,   2.5
18-May-2022 02:00, 1.540,  18.3,  17.9, 1011.8, 0.101, 0.085,   32,   5.7,   3.0
18-May-2022 03:00, 1.533,  18.3,  19.9, 1011.4, 0.108, 0.093,    7,   6.0,   3.8
18-May-2022 04:00, 1.488,  18.3,  18.7, 1011.4, 0.100, 0.082,  345,   7.0,   4.5
18-May-2022 05:00, 1.388,  18.3,  20.1, 1011.1, 0.086, 0.068,  339,   6.4,   3.1
18-May-2022 06:00, 1.274,  18.4,  19.4, 1011.2, 0.093, 0.072,  308,   6.6,   3.1
18-May-2022 07:00, 1.113,  18.4,  20.0, 1011.6, 0.065, 0.044,  269,   5.3,   2.8
18-May-2022 08:00, 1.005,  18.4,  20.5, 1012.2, 0.080, 0.064,  263,   6.2,   3.3
18-May-2022 09:00, 0.874,  18.5,  20.1, 1012.6, 0.053, 0.043,  268,   6.5,   3.4
18-May-2022 10:00, 0.779,  18.5,  20.2, 1013.2, 0.045, 0.039,  271,   6.5,   3.7
18-May-2022 11:00, 0.719,  18.5,  19.9, 1013.9, 0.051, 0.051,  252,   6.8,   3.9
18-May-2022 12:00, 0.676,  18.5,  19.8, 1014.3, 0.048, 0.055,  254,   5.7,   4.1
18-May-2022 13:00, 0.683,  18.5,  19.6, 1014.8, 0.053, 0.064,  255,   6.1,   3.8
18-May-2022 14:00, 0.688,  18.5,  19.6, 1015.0, 0.034, 0.049,  260,   5.4,   3.5
18-May-2022 15:00, 0.721,  18.4,  19.6, 1014.9, 0.030, 0.047,  255,   5.6,   3.1
18-May-2022 16:00, 0.807,  18.4,  19.5, 1014.7, 0.059, 0.075,  253,   5.2,   2.6
18-May-2022 17:00, 0.846,  18.4,  19.6, 1014.6, 0.048, 0.062,  251,   5.0,   3.7
18-May-2022 18:00, 0.869,  18.4,  19.4, 1014.7, 0.034, 0.047,  257,   5.0,   1.7
18-May-2022 19:00, 0.940,  18.4,  16.2, 1014.7, 0.058, 0.073,   48,   3.9,   0.8
18-May-2022 20:00, 0.995,  18.4,  15.1, 1014.7, 0.048, 0.062,   53,   3.3,   2.3
18-May-2022 21:00, 1.088,  18.4,  14.9, 1015.0, 0.048, 0.062,   53,   3.6,   1.5
18-May-2022 22:00, 1.207,  18.4,  14.4, 1015.2, 0.063, 0.080,   39,   3.1,   1.7
18-May-2022 23:00, 1.267,  18.4,  14.3, 1016.2, 0.027, 0.048,   40,   3.7,   1.7
19-May-2022 00:00, 1.373,  18.4,  15.2, 1016.8, 0.057, 0.087,   32,   4.1,   1.7
19-May-2022 01:00, 1.433,  18.4,  17.2, 1017.1, 0.054, 0.090,   40,   3.5,   1.5
19-May-2022 02:00, 1.448,  18.4,  18.0, 1017.3, 0.030, 0.068,  324,   4.7,   2.1
19-May-2022 03:00, 1.464,  18.4,  19.5, 1017.0, 0.046, 0.086,  327,   4.7,   0.8
19-May-2022 04:00, 1.421,  18.4,  20.2, 1016.4, 0.020, 0.056,  338,   2.0,   0.9
19-May-2022 05:00, 1.374,  18.5,  20.2, 1015.9, 0.017, 0.048,  346,   2.4,   1.4
19-May-2022 06:00, 1.273,  18.5,  20.2, 1015.7, 0.005, 0.031,  317,   3.3,   1.6
19-May-2022 07:00, 1.150,  18.5,  20.4, 1016.1,-0.009, 0.015,  343,   3.0,   1.9
19-May-2022 08:00, 1.030,  18.6,  19.7, 1016.3,-0.007, 0.021,  356,   3.4,   1.7
19-May-2022 09:00, 0.906,  18.6,  19.8, 1016.5,-0.020, 0.011,  341,   2.6,   1.5
19-May-2022 10:00, 0.830,  18.6,  19.7, 1016.7, 0.000, 0.032,  360,   2.5,   1.3
19-May-2022 11:00, 0.727,  18.6,  18.6, 1017.3,-0.021, 0.014,    4,   5.1,   2.4
19-May-2022 12:00, 0.684,  18.6,  18.9, 1017.8, 0.006, 0.046,   16,   2.8,   1.3
19-May-2022 13:00, 0.630,  18.6,  18.4, 1017.8,-0.011, 0.035,   35,   2.0,   1.3
19-May-2022 14:00, 0.646,  18.6,  17.9, 1017.6, 0.008, 0.053,   31,   3.2,   2.0
19-May-2022 15:00, 0.645,  18.6,  17.8, 1017.7,-0.002, 0.041,   39,   2.9,   1.4
19-May-2022 16:00, 0.707,  18.7,  17.7, 1017.4, 0.027, 0.071,   18,   3.2,   2.0
19-May-2022 17:00, 0.766,  18.7,  17.8, 1017.4, 0.031, 0.072,  359,   3.2,   1.6
19-May-2022 18:00, 0.779,  18.7,  18.0, 1017.3,-0.002, 0.039,    1,   3.5,   2.5
19-May-2022 19:00, 0.878,  18.7,  17.4, 1017.2, 0.045, 0.085,   63,   4.1,   1.2
19-May-2022 20:00, 0.918,  18.8,  17.1, 1017.1, 0.022, 0.061,   37,   2.6,   1.0
19-May-2022 21:00, 0.978,  18.8,  16.9, 1017.1, 0.003, 0.041,   14,   2.5,   1.7
19-May-2022 22:00, 1.122,  18.9,  16.6, 1017.3, 0.047, 0.086,   43,   5.5,   3.0
19-May-2022 23:00, 1.187,  19.0,  16.3, 1017.8, 0.015, 0.055,   73,   4.3,   2.0
20-May-2022 00:00, 1.277,  19.0,  16.6, 1018.5, 0.026, 0.072,   60,   3.0,   1.1
20-May-2022 01:00, 1.342,  18.9,  17.3, 1019.0, 0.032, 0.085,  161,   2.8,   1.9
20-May-2022 02:00, 1.390,  18.9,  18.5, 1018.9, 0.029, 0.086,  130,   2.8,   1.4
20-May-2022 03:00, 1.396,  18.9,  20.3, 1018.4, 0.018, 0.074,   34,   3.7,   1.0
20-May-2022 04:00, 1.383,  19.1,  19.4, 1018.1, 0.013, 0.064,  223,   4.2,   3.1
20-May-2022 05:00, 1.366,  19.3,  19.7, 1017.3, 0.011, 0.058,  204,   4.2,   1.9
20-May-2022 06:00, 1.305,  19.4,  19.5, 1016.9,-0.001, 0.038,  193,   5.0,   1.6
20-May-2022 07:00, 1.239,  19.5,  19.7, 1016.8, 0.009, 0.045,  199,   3.1,   1.6
20-May-2022 08:00, 1.116,  19.6,  19.8, 1017.0,-0.021, 0.014,  204,   3.3,   1.7
20-May-2022 09:00, 1.000,  19.6,  19.7, 1017.2,-0.030, 0.007,  190,   3.3,   1.2
20-May-2022 10:00, 0.929,  19.5,  19.2, 1017.6,-0.006, 0.033,  149,   4.3,   0.4
20-May-2022 11:00, 0.822,  19.4,  19.1, 1018.2,-0.032, 0.011,  161,   2.6,   1.0
20-May-2022 12:00, 0.761,  19.4,  19.1, 1018.5,-0.017, 0.033,  164,   2.9,   1.6
20-May-2022 13:00, 0.703,  19.5,  18.6, 1018.8,-0.008, 0.044,  149,   3.1,   1.2
20-May-2022 14:00, 0.667,  19.5,  18.2, 1018.7,-0.012, 0.043,  124,   2.5,   0.2
20-May-2022 15:00, 0.636,  19.5,  18.0, 1018.2,-0.029, 0.024,  128,   2.6,   0.6
20-May-2022 16:00, 0.663,  19.5,  17.1, 1017.7,-0.001, 0.048,  167,   2.2,   0.1
20-May-2022 17:00, 0.696,  19.5,  17.6, 1017.3,-0.005, 0.039,   85,   3.7,   2.1
20-May-2022 18:00, 0.729,  19.5,  17.6, 1017.2,-0.019, 0.021,   86,   3.9,   1.6
20-May-2022 19:00, 0.815,  19.4,  18.0, 1016.8, 0.018, 0.057,   80,   3.4,   1.8
20-May-2022 20:00, 0.856,  19.4,  17.5, 1016.6,-0.006, 0.029,   93,   4.7,   1.4
20-May-2022 21:00, 0.910,  19.4,  16.4, 1016.4,-0.019, 0.013,   81,   4.5,   2.4
20-May-2022 22:00, 1.020,  19.3,  15.7, 1016.4, 0.011, 0.042,   78,   4.2,   2.6
20-May-2022 23:00, 1.103,  19.3,  15.4, 1016.4, 0.004, 0.035,   76,   5.2,   3.1
21-May-2022 00:00, 1.192,  19.3,  16.2, 1016.3, 0.012, 0.043,   78,   5.0,   3.0
21-May-2022 01:00, 1.275,  19.3,  18.3, 1016.2, 0.042, 0.072,   75,   5.5,   2.9
21-May-2022 02:00, 1.303,  19.3,  20.6, 1015.8, 0.024, 0.053,   72,   6.4,   3.8
21-May-2022 03:00, 1.358,  19.3,  22.1, 1015.0, 0.046, 0.071,   73,   7.8,   4.7
21-May-2022 04:00, 1.349,  19.3,  23.1, 1014.0, 0.038, 0.054,   60,   6.3,   3.4
21-May-2022 05:00, 1.363,  19.3,  24.3, 1012.9, 0.057, 0.063,   71,   6.7,   2.9
21-May-2022 06:00, 1.344,  19.4,  24.5, 1012.3, 0.051, 0.047,    8,   5.6,   1.3
21-May-2022 07:00, 1.301,  19.4,  21.8, 1012.0, 0.055, 0.045,  242,   4.7,   2.7
21-May-2022 08:00, 1.263,  19.5,  21.5, 1011.7, 0.076, 0.063,  238,   4.0,   2.2
21-May-2022 09:00, 1.196,  19.5,  21.4, 1011.4, 0.085, 0.070,  234,   3.0,   0.9
21-May-2022 10:00, 1.104,  19.5,  20.5, 1011.4, 0.081, 0.063,  201,   1.6,   0.6
21-May-2022 11:00, 1.034,  19.5,  20.2, 1011.5, 0.085, 0.067,  148,   1.5,   0.1
21-May-2022 12:00, 0.982,  19.5,  19.0, 1011.6, 0.098, 0.081,   67,   0.9,   0.5
21-May-2022 13:00, 0.914,  19.5,  18.6, 1011.4, 0.100, 0.084,   76,   1.0,   0.6
21-May-2022 14:00, 0.864,  19.4,  17.7, 1010.9, 0.106, 0.087,   53,   2.0,   1.5
21-May-2022 15:00, 0.833,  19.4,  17.1, 1010.3, 0.103, 0.079,    6,   3.8,   2.3
21-May-2022 16:00, 0.813,  19.4,  16.7, 1009.7, 0.108, 0.078,   43,   3.8,   1.8
21-May-2022 17:00, 0.833,  19.4,  16.6, 1009.1, 0.124, 0.088,   38,   3.0,   1.9
21-May-2022 18:00, 0.867,  19.4,  15.2, 1008.6, 0.119, 0.077,   63,   3.4,   2.3
21-May-2022 19:00, 0.911,  19.4,  14.8, 1007.8, 0.119, 0.072,   69,   5.2,   2.9
21-May-2022 20:00, 0.958,  19.4,  14.4, 1007.0, 0.109, 0.054,   67,   5.2,   3.3
21-May-2022 21:00, 1.032,  19.4,  14.7, 1006.6, 0.116, 0.054,    4,   6.4,   1.5
21-May-2022 22:00, 1.117,  19.3,  15.2, 1005.8, 0.141, 0.074,   35,   5.0,   3.0
21-May-2022 23:00, 1.193,  19.3,  15.0, 1005.8, 0.149, 0.075,   61,   5.5,   2.9
22-May-2022 00:00, 1.257,  19.2,  15.7, 1005.4, 0.142, 0.068,   65,   6.2,   4.0
22-May-2022 01:00, 1.329,  19.1,  17.9, 1004.8, 0.163, 0.085,   51,   6.7,   3.7
22-May-2022 02:00, 1.384,  19.1,  19.2, 1003.8, 0.186, 0.101,   33,   8.8,   4.9
22-May-2022 03:00, 1.406,  19.1,  20.9, 1002.7, 0.175, 0.080,   26,   8.4,   4.2
22-May-2022 04:00, 1.430,  19.1,  22.6, 1001.0, 0.189, 0.082,    9,   8.5,   4.9
22-May-2022 05:00, 1.455,  19.1,  22.2, 1000.6, 0.221, 0.098,   10,   9.8,   4.4
22-May-2022 06:00, 1.471,  19.2,  17.8, 1001.2, 0.234, 0.109,    2,  13.2,   5.7
22-May-2022 07:00, 1.524,  19.2,  17.8, 1001.6, 0.305, 0.186,  334,  17.3,   5.3
22-May-2022 08:00, 1.463,  19.2,  20.0, 1001.5, 0.281, 0.164,  330,  14.7,   8.1
22-May-2022 09:00, 1.492,  19.2,  20.6, 1002.3, 0.351, 0.235,  309,  14.7,   7.6
22-May-2022 10:00, 1.379,  19.1,  20.3, 1002.8, 0.301, 0.192,  304,  13.6,   6.3
22-May-2022 11:00, 1.352,  19.1,  19.1, 1003.2, 0.338, 0.235,  305,  13.0,   5.6
22-May-2022 12:00, 1.319,  19.0,  18.3, 1003.7, 0.358, 0.258,  296,  13.8,   4.2
22-May-2022 13:00, 1.181,  19.0,  19.5, 1004.0, 0.271, 0.177,  294,  11.7,   5.4
22-May-2022 14:00, 1.193,  18.9,  19.2, 1003.9, 0.343, 0.251,  308,  11.6,   5.4
22-May-2022 15:00, 1.110,  18.9,  19.5, 1003.6, 0.300, 0.207,  316,  13.6,   5.6
22-May-2022 16:00, 1.088,  18.9,  19.0, 1003.3, 0.305, 0.209,  343,  12.0,   5.5
22-May-2022 17:00, 1.087,  18.9,  18.5, 1003.3, 0.325, 0.226,  325,  13.1,   4.9
22-May-2022 18:00, 1.077,  18.8,  14.5, 1003.3, 0.297, 0.199,  317,  16.1,   7.4
22-May-2022 19:00, 1.203,  18.8,  19.6, 1002.6, 0.380, 0.280,  323,  12.8,   6.9
22-May-2022 20:00, 1.170,  18.8,  18.3, 1002.5, 0.301, 0.195,  306,  11.8,   5.0
22-May-2022 21:00, 1.288,  18.7,  18.8, 1002.4, 0.359, 0.252,  320,  11.9,   7.0
22-May-2022 22:00, 1.333,  18.7,  19.5, 1002.1, 0.348, 0.240,  328,  12.9,   7.5
22-May-2022 23:00, 1.374,  18.7,  16.3, 1002.5, 0.344, 0.233,  353,  11.8,   6.4
23-May-2022 00:00, 1.430,  18.8,  18.7, 1003.3, 0.355, 0.249,  316,  10.1,   6.0
23-May-2022 01:00, 1.407,  18.7,  14.9, 1003.3, 0.290, 0.191,   26,   9.9,   3.6
23-May-2022 02:00, 1.501,  18.8,  14.2, 1003.7, 0.364, 0.265,   14,  11.0,   4.9
23-May-2022 03:00, 1.496,  18.7,  14.3, 1003.0, 0.345, 0.249,   10,  10.4,   4.0
23-May-2022 04:00, 1.532,  18.7,  13.5, 1002.0, 0.365, 0.262,  335,  12.2,   7.2
23-May-2022 05:00, 1.656,  18.6,  19.3, 1001.2, 0.494, 0.380,  293,  16.6,   8.2
23-May-2022 06:00, 1.549,  18.6,  18.9, 1001.1, 0.390, 0.270,  299,  16.1,   6.6
23-May-2022 07:00, 1.569,  18.7,  19.4, 1001.3, 0.408, 0.287,  300,  13.2,   6.5
23-May-2022 08:00, 1.556,  18.6,  19.4, 1001.5, 0.411, 0.293,  302,  12.7,   5.8
23-May-2022 09:00, 1.558,  18.6,  19.0, 1001.8, 0.437, 0.320,  311,  18.0,   7.3
23-May-2022 10:00, 1.535,  18.6,  19.0, 1002.5, 0.444, 0.331,  302,  15.5,   6.9
23-May-2022 11:00, 1.461,  18.5,  18.7, 1002.5, 0.416, 0.309,  311,  14.9,   7.4
23-May-2022 12:00, 1.539,  18.5,  17.9, 1002.7, 0.537, 0.431,  299,  15.5,   7.7
23-May-2022 13:00, 1.490,  18.5,  18.5, 1002.8, 0.523, 0.417,  305,  19.1,   8.7
23-May-2022 14:00, 1.506,  18.5,  19.8, 1003.3, 0.580, 0.476,  289,  19.5,  10.5
23-May-2022 15:00, 1.416,  18.5,  19.9, 1003.5, 0.534, 0.435,  288,  18.6,  10.9
23-May-2022 16:00, 1.403,  18.4,  19.9, 1004.3, 0.547, 0.450,  280,  18.5,   9.4
23-May-2022 17:00, 1.374,  18.4,  16.7, 1005.3, 0.536, 0.448,  277,  20.4,  10.5
23-May-2022 18:00, 1.268,  18.4,  19.5, 1005.5, 0.431, 0.352,  258,  16.6,  10.4
23-May-2022 19:00, 1.325,  18.4,  19.7, 1006.3, 0.453, 0.377,  255,  19.3,   9.6
23-May-2022 20:00, 1.307,  18.4,  19.2, 1006.8, 0.388, 0.319,  270,  16.2,   8.0
23-May-2022 21:00, 1.309,  18.4,  19.7, 1007.4, 0.339, 0.275,  249,  15.1,  10.9
23-May-2022 22:00, 1.383,  18.4,  18.6, 1008.4, 0.361, 0.304,  248,  14.9,  10.0
23-May-2022 23:00, 1.377,  18.4,  19.6, 1009.3, 0.320, 0.272,  245,  14.8,  10.0
24-May-2022 00:00, 1.380,  18.4,  19.4, 1010.3, 0.301, 0.263,  238,  14.2,   7.6
24-May-2022 01:00, 1.392,  18.4,  19.8, 1011.4, 0.295, 0.267,  243,  14.3,   9.4
24-May-2022 02:00, 1.362,  18.4,  20.1, 1012.5, 0.257, 0.240,  241,  13.0,   8.1
24-May-2022 03:00, 1.303,  18.4,  20.3, 1013.0, 0.204, 0.197,  234,  11.5,   6.6
24-May-2022 04:00, 1.297,  18.4,  19.6, 1013.2, 0.198, 0.196,  237,  12.5,   8.8
24-May-2022 05:00, 1.293,  18.5,  20.4, 1013.2, 0.195, 0.195,  236,  11.9,   7.1
24-May-2022 06:00, 1.227,  18.5,  20.0, 1013.4, 0.139, 0.139,  240,  10.1,   7.4
24-May-2022 07:00, 1.251,  18.5,  20.6, 1013.7, 0.165, 0.167,  227,   9.8,   6.0
24-May-2022 08:00, 1.222,  18.5,  20.6, 1014.6, 0.137, 0.142,  220,   8.4,   5.0
24-May-2022 09:00, 1.180,  18.5,  20.1, 1015.4, 0.106, 0.120,  228,   9.1,   5.3
24-May-2022 10:00, 1.174,  18.6,  19.9, 1016.2, 0.112, 0.134,  229,   7.6,   4.8
24-May-2022 11:00, 1.133,  18.6,  20.0, 1016.9, 0.091, 0.121,  204,   7.2,   3.4
24-May-2022 12:00, 1.092,  18.6,  19.0, 1017.7, 0.077, 0.114,  179,   8.0,   1.9
24-May-2022 13:00, 1.066,  18.6,  18.5, 1018.5, 0.078, 0.123,  160,   6.7,   3.2
24-May-2022 14:00, 1.040,  18.6,  17.4, 1018.8, 0.074, 0.127,  171,   5.1,   2.1
24-May-2022 15:00, 0.964,  18.6,  17.2, 1018.8, 0.028, 0.083,  174,   3.5,   1.5
24-May-2022 16:00, 0.975,  18.6,  16.4, 1018.8, 0.066, 0.120,   68,   2.8,   0.5
24-May-2022 17:00, 0.941,  18.6,  16.4, 1019.1, 0.041, 0.097,   72,   1.3,   0.4
24-May-2022 18:00, 0.937,  18.6,  15.9, 1018.7, 0.034, 0.091,   88,   1.7,   0.7
24-May-2022 19:00, 0.994,  18.6,  14.9, 1019.0, 0.065, 0.119,   67,   2.8,   0.8
24-May-2022 20:00, 1.020,  18.6,  15.1, 1019.0, 0.043, 0.099,   75,   2.2,   1.0
24-May-2022 21:00, 1.073,  18.6,  14.0, 1019.6, 0.043, 0.101,   67,   3.0,   1.0
24-May-2022 22:00, 1.107,  18.6,  13.7, 1020.0, 0.030, 0.094,   71,   3.2,   2.0
24-May-2022 23:00, 1.152,  18.6,  13.0, 1020.2, 0.041, 0.108,   71,   4.2,   2.4
25-May-2022 00:00, 1.143,  18.6,  13.9, 1021.0, 0.021, 0.090,   68,   4.3,   2.7
25-May-2022 01:00, 1.139,  18.6,  15.5, 1021.6, 0.024, 0.102,   72,   4.9,   2.8
25-May-2022 02:00, 1.140,  18.6,  17.5, 1021.9, 0.040, 0.124,   78,   5.4,   2.6
25-May-2022 03:00, 1.098,  18.6,  18.8, 1021.1, 0.019, 0.104,   75,   6.3,   2.6
25-May-2022 04:00, 1.096,  18.6,  19.5, 1020.5, 0.041, 0.119,   61,   5.7,   2.8
25-May-2022 05:00, 1.086,  18.7,  20.3, 1019.7, 0.047, 0.118,   85,   4.8,   1.3
25-May-2022 06:00, 1.059,  18.6,  20.4, 1019.3, 0.031, 0.094,  108,   4.6,   0.8
25-May-2022 07:00, 1.056,  18.6,  20.4, 1019.2, 0.038, 0.098,   91,   3.3,   1.6
25-May-2022 08:00, 1.057,  18.6,  20.4, 1019.0, 0.042, 0.101,   87,   3.9,   2.0
25-May-2022 09:00, 1.068,  18.7,  19.8, 1019.2, 0.053, 0.110,   76,   3.5,   1.6
25-May-2022 10:00, 1.034,  18.7,  18.2, 1019.5, 0.022, 0.081,  130,   2.5,   0.5
25-May-2022 11:00, 1.044,  18.7,  17.6, 1019.7, 0.035, 0.097,   80,   1.9,   1.3
25-May-2022 12:00, 1.049,  18.7,  16.4, 1020.0, 0.048, 0.112,   85,   1.9,   0.5
25-May-2022 13:00, 1.011,  18.7,  15.6, 1020.3, 0.022, 0.090,   77,   2.7,   2.0
25-May-2022 14:00, 1.036,  18.7,  14.9, 1020.3, 0.064, 0.134,   81,   3.4,   1.5
25-May-2022 15:00, 0.987,  18.7,  14.2, 1020.2, 0.029, 0.099,   74,   4.2,   2.5
25-May-2022 16:00, 0.980,  18.7,  13.8, 1019.9, 0.037, 0.106,   75,   4.0,   2.7
25-May-2022 17:00, 0.987,  18.7,  13.9, 1019.4, 0.049, 0.114,   79,   4.2,   2.2
25-May-2022 18:00, 1.006,  18.6,  13.3, 1019.8, 0.055, 0.117,   75,   3.1,   1.9
25-May-2022 19:00, 1.013,  18.6,  12.9, 1019.3, 0.029, 0.094,   79,   3.7,   2.3
25-May-2022 20:00, 1.082,  18.5,  12.2, 1019.0, 0.049, 0.109,   81,   4.3,   2.0
25-May-2022 21:00, 1.145,  18.4,  11.7, 1018.8, 0.055, 0.112,   73,   4.2,   2.7
25-May-2022 22:00, 1.168,  18.5,  12.0, 1018.8, 0.027, 0.082,   73,   5.0,   3.4
25-May-2022 23:00, 1.216,  18.5,  12.1, 1018.9, 0.042, 0.097,   72,   5.8,   3.7
26-May-2022 00:00, 1.225,  18.4,  13.1, 1019.2, 0.042, 0.099,   75,   6.1,   3.4
26-May-2022 01:00, 1.187,  18.4,  15.3, 1019.4, 0.021, 0.080,   75,   6.5,   4.0
26-May-2022 02:00, 1.160,  18.4,  17.7, 1019.2, 0.033, 0.094,   63,   6.3,   3.9
26-May-2022 03:00, 1.120,  18.4,  19.2, 1018.7, 0.037, 0.096,   66,   9.4,   4.7
26-May-2022 04:00, 1.051,  18.4,  20.3, 1017.7, 0.010, 0.064,   65,   8.9,   5.2
26-May-2022 05:00, 1.069,  18.4,  21.3, 1016.5, 0.065, 0.108,   68,   7.2,   4.0
26-May-2022 06:00, 1.015,  18.5,  21.9, 1016.2, 0.038, 0.070,   77,   7.1,   3.7
26-May-2022 07:00, 1.011,  18.5,  22.0, 1015.9, 0.047, 0.076,   61,   7.7,   2.7
26-May-2022 08:00, 1.019,  18.6,  21.8, 1015.8, 0.065, 0.091,   63,   5.8,   3.0
26-May-2022 09:00, 1.005,  18.6,  21.2, 1015.9, 0.055, 0.080,   86,   4.6,   1.6
26-May-2022 10:00, 0.994,  18.6,  19.8, 1016.2, 0.038, 0.065,  101,   3.6,   0.7
26-May-2022 11:00, 1.004,  18.6,  19.3, 1016.5, 0.042, 0.072,   99,   2.8,   0.8
26-May-2022 12:00, 1.021,  18.6,  18.5, 1016.6, 0.053, 0.085,   99,   2.9,   1.1
26-May-2022 13:00, 1.003,  18.5,  17.6, 1017.0, 0.030, 0.064,   94,   3.4,   1.3
26-May-2022 14:00, 1.021,  18.5,  17.7, 1016.9, 0.055, 0.092,   88,   3.8,   1.6
26-May-2022 15:00, 0.993,  18.5,  17.0, 1016.5, 0.037, 0.073,   85,   3.6,   1.3
26-May-2022 16:00, 1.020,  18.5,  16.9, 1016.1, 0.068, 0.100,   85,   3.6,   1.5
26-May-2022 17:00, 1.029,  18.5,  16.1, 1015.9, 0.072, 0.100,   75,   3.5,   2.3
26-May-2022 18:00, 1.055,  18.4,  16.5, 1015.8, 0.080, 0.106,   81,   4.9,   2.7
26-May-2022 19:00, 1.101,  18.4,  16.1, 1015.8, 0.083, 0.108,   85,   4.8,   1.8
26-May-2022 20:00, 1.151,  18.4,  15.3, 1016.1, 0.074, 0.099,  124,   3.0,   0.7
26-May-2022 21:00, 1.212,  18.4,  14.9, 1016.2, 0.075, 0.103,  147,   2.0,   0.8
26-May-2022 22:00, 1.269,  18.4,  14.6, 1016.2, 0.073, 0.102,   72,   2.0,   1.0
26-May-2022 23:00, 1.290,  18.4,  14.5, 1016.2, 0.054, 0.083,   77,   5.1,   3.4
27-May-2022 00:00, 1.324,  18.4,  15.9, 1016.9, 0.078, 0.108,   72,   5.3,   0.6
27-May-2022 01:00, 1.312,  18.4,  17.3, 1017.4, 0.084, 0.121,  169,   1.6,   0.4
27-May-2022 02:00, 1.251,  18.4,  19.9, 1017.6, 0.070, 0.112,   65,   2.0,   0.8
27-May-2022 03:00, 1.161,  18.4,  21.1, 1017.1, 0.049, 0.091,   35,   4.7,   2.0
27-May-2022 04:00, 1.102,  18.4,  22.6, 1016.5, 0.056, 0.094,   35,   4.3,   1.2
27-May-2022 05:00, 1.050,  18.5,  21.6, 1015.5, 0.058, 0.089,  232,   3.8,   2.3
27-May-2022 06:00, 1.003,  18.5,  21.5, 1014.9, 0.057, 0.079,  201,   3.9,   1.6
27-May-2022 07:00, 0.981,  18.5,  22.1, 1014.5, 0.063, 0.079,  191,   4.0,   1.5
27-May-2022 08:00, 0.967,  18.6,  24.2, 1014.7, 0.063, 0.075,   78,   4.6,   1.6
27-May-2022 09:00, 0.927,  18.6,  23.3, 1015.0, 0.033, 0.047,   87,   5.0,   1.1
27-May-2022 10:00, 0.942,  18.6,  21.4, 1015.6, 0.045, 0.064,   85,   3.1,   0.4
27-May-2022 11:00, 0.933,  18.6,  20.5, 1016.0, 0.023, 0.047,   79,   2.0,   1.1
27-May-2022 12:00, 0.942,  18.6,  19.6, 1016.2, 0.016, 0.044,   79,   3.0,   1.5
27-May-2022 13:00, 0.968,  18.6,  18.4, 1016.3, 0.026, 0.055,   78,   2.8,   1.7
27-May-2022 14:00, 0.979,  18.6,  18.4, 1016.3, 0.026, 0.056,   79,   3.5,   2.2
27-May-2022 15:00, 0.955,  18.6,  18.2, 1016.1, 0.007, 0.037,   77,   4.1,   2.5
27-May-2022 16:00, 0.973,  18.6,  17.8, 1015.6, 0.029, 0.057,   79,   4.3,   2.4
27-May-2022 17:00, 0.997,  18.6,  17.0, 1015.3, 0.040, 0.063,   79,   3.8,   1.4
27-May-2022 18:00, 1.028,  18.5,  16.4, 1014.9, 0.044, 0.064,   82,   3.4,   1.8
27-May-2022 19:00, 1.086,  18.5,  15.7, 1014.7, 0.058, 0.074,   81,   4.4,   2.5
27-May-2022 20:00, 1.141,  18.4,  15.6, 1014.2, 0.042, 0.055,   84,   4.3,   2.2
27-May-2022 21:00, 1.215,  18.4,  15.0, 1014.2, 0.044, 0.054,   75,   5.1,   3.3
27-May-2022 22:00, 1.290,  18.4,  14.7, 1014.2, 0.055, 0.064,   74,   5.1,   3.0
27-May-2022 23:00, 1.349,  18.4,  14.7, 1014.4, 0.064, 0.074,   70,   5.0,   2.5
28-May-2022 00:00, 1.366,  18.4,  15.2, 1014.8, 0.063, 0.075,   71,   4.4,   2.7
28-May-2022 01:00, 1.345,  18.4,  16.2, 1015.1, 0.057, 0.073,  242,   4.9,   1.6
28-May-2022 02:00, 1.303,  18.4,  17.7, 1015.1, 0.060, 0.079,  235,   1.8,   1.0
28-May-2022 03:00, 1.238,  18.4,  18.2, 1014.8, 0.073, 0.092,  240,   1.9,   1.0
28-May-2022 04:00, 1.120,  18.4,  18.7, 1014.2, 0.047, 0.061,  244,   2.5,   1.8
28-May-2022 05:00, 1.054,  18.4,  19.3, 1013.7, 0.058, 0.067,  228,   4.1,   2.7
28-May-2022 06:00, 0.999,  18.5,  20.2, 1013.3, 0.063, 0.067,  220,   3.8,   2.3
28-May-2022 07:00, 0.945,  18.5,  20.6, 1013.3, 0.057, 0.057,  195,   5.1,   2.4
28-May-2022 08:00, 0.890,  18.6,  19.5, 1013.7, 0.028, 0.029,  196,   7.4,   3.3
28-May-2022 09:00, 0.864,  18.6,  19.1, 1013.8, 0.015, 0.019,  191,   7.4,   2.2
28-May-2022 10:00, 0.885,  18.6,  19.0, 1013.8, 0.042, 0.047,  203,   8.8,   4.9
28-May-2022 11:00, 0.875,  18.6,  18.7, 1014.4, 0.018, 0.023,  204,   9.4,   5.5
28-May-2022 12:00, 0.885,  18.6,  18.3, 1015.1, 0.004, 0.017,  206,  10.6,   5.2
28-May-2022 13:00, 0.907,  18.6,  16.7, 1015.0, 0.002, 0.020,  193,  10.8,   5.7
28-May-2022 14:00, 0.869,  18.6,  15.4, 1016.1,-0.060,-0.041,  177,  12.0,   3.8
28-May-2022 15:00, 0.887,  18.6,  14.9, 1016.6,-0.052,-0.023,  173,   9.2,   3.4
28-May-2022 16:00, 0.834,  18.6,  14.6, 1017.1,-0.100,-0.066,  171,   7.7,   3.7
28-May-2022 17:00, 0.846,  18.6,  13.9, 1017.4,-0.096,-0.057,  154,   8.3,   3.8
28-May-2022 18:00, 0.880,  18.6,  13.2, 1017.9,-0.096,-0.054,  140,   9.9,   2.1
28-May-2022 19:00, 0.936,  18.5,  13.1, 1018.3,-0.091,-0.044,  131,   6.0,   1.7
28-May-2022 20:00, 1.009,  18.5,  12.2, 1018.1,-0.090,-0.040,   95,   5.8,   0.9
28-May-2022 21:00, 1.085,  18.5,  11.5, 1018.2,-0.099,-0.051,  101,   3.8,   1.0
28-May-2022 22:00, 1.163,  18.4,  11.5, 1018.7,-0.093,-0.044,  136,   4.7,   0.9
28-May-2022 23:00, 1.227,  18.4,  11.8, 1019.4,-0.088,-0.033,  132,   4.0,   1.1
29-May-2022 00:00, 1.232,  18.4,  13.1, 1019.8,-0.114,-0.052,  156,   5.8,   3.4
29-May-2022 01:00, 1.232,  18.3,  14.3, 1020.0,-0.106,-0.041,  170,   8.1,   3.4
29-May-2022 02:00, 1.181,  18.3,  15.6, 1020.2,-0.116,-0.049,  171,   9.1,   3.2
29-May-2022 03:00, 1.099,  18.4,  16.7, 1019.9,-0.125,-0.056,  177,  10.4,   3.1
29-May-2022 04:00, 0.993,  18.4,  16.9, 1019.3,-0.131,-0.065,  179,   9.9,   3.6
29-May-2022 05:00, 0.878,  18.4,  17.3, 1018.8,-0.142,-0.082,  175,   8.3,   3.3
29-May-2022 06:00, 0.794,  18.4,  17.5, 1018.6,-0.146,-0.091,  172,   8.7,   2.8
29-May-2022 07:00, 0.727,  18.4,  17.2, 1018.8,-0.152,-0.098,  159,   8.5,   3.7
29-May-2022 08:00, 0.691,  18.4,  17.4, 1018.8,-0.144,-0.089,  170,   7.5,   2.1
29-May-2022 09:00, 0.655,  18.3,  16.8, 1019.0,-0.158,-0.103,  157,   7.7,   4.4
29-May-2022 10:00, 0.630,  18.3,  16.1, 1019.6,-0.171,-0.114,  162,   6.5,   3.2
29-May-2022 11:00, 0.628,  18.3,  15.5, 1020.8,-0.180,-0.116,  157,   4.6,   2.9
29-May-2022 12:00, 0.637,  18.3,  14.3, 1021.5,-0.197,-0.121,  145,   5.7,   0.7
29-May-2022 13:00, 0.669,  18.3,  13.6, 1022.4,-0.195,-0.112,  114,   2.5,   0.8
29-May-2022 14:00, 0.692,  18.2,  13.2, 1022.8,-0.204,-0.113,  116,   3.5,   0.9
29-May-2022 15:00, 0.702,  18.2,  12.7, 1022.8,-0.217,-0.122,  137,   3.9,   1.0
29-May-2022 16:00, 0.724,  18.2,  11.9, 1022.7,-0.202,-0.107,  132,   3.5,   0.8
29-May-2022 17:00, 0.705,  18.2,  11.6, 1022.3,-0.225,-0.131,  134,   3.9,   0.9
29-May-2022 18:00, 0.754,  18.1,  11.2, 1022.0,-0.201,-0.112,  106,   3.2,   0.6
29-May-2022 19:00, 0.798,  18.1,  10.8, 1021.9,-0.213,-0.126,  121,   2.8,   0.7
29-May-2022 20:00, 0.894,  18.0,  10.2, 1022.0,-0.190,-0.104,   86,   2.4,   0.6
29-May-2022 21:00, 0.954,  18.0,  10.1, 1022.1,-0.220,-0.133,   81,   2.0,   1.0
29-May-2022 22:00, 1.036,  18.0,   9.4, 1022.1,-0.221,-0.133,   87,   2.6,   0.5
29-May-2022 23:00, 1.135,  18.0,   9.3, 1022.6,-0.190,-0.101,   83,   1.9,   0.6
30-May-2022 00:00, 1.156,  18.0,  10.0, 1022.8,-0.213,-0.120,   72,   1.6,   0.7
30-May-2022 01:00, 1.164,  18.0,  11.9, 1023.2,-0.209,-0.114,  138,   2.7,   1.2
30-May-2022 02:00, 1.127,  18.0,  13.8, 1023.6,-0.215,-0.116,   94,   3.3,   0.9
30-May-2022 03:00, 1.075,  18.1,  14.4, 1022.9,-0.203,-0.101,  123,   4.0,   1.4
30-May-2022 04:00, 0.970,  18.1,  15.9, 1021.8,-0.213,-0.118,  123,   4.9,   1.7
30-May-2022 05:00, 0.873,  18.1,  16.2, 1020.3,-0.197,-0.113,  159,   5.3,   2.3
30-May-2022 06:00, 0.769,  18.1,  17.4, 1019.6,-0.194,-0.126,   91,   5.6,   1.4
30-May-2022 07:00, 0.694,  18.1,  18.1, 1019.8,-0.192,-0.129,   86,   4.5,   2.0
30-May-2022 08:00, 0.648,  18.1,  18.0, 1019.7,-0.180,-0.115,  130,   5.0,   1.6
30-May-2022 09:00, 0.611,  18.2,  17.5, 1019.7,-0.181,-0.117,   86,   4.3,   0.8
30-May-2022 10:00, 0.579,  18.1,  16.5, 1020.2,-0.194,-0.130,   79,   1.9,   1.2
30-May-2022 11:00, 0.566,  18.1,  16.6, 1021.1,-0.203,-0.133,   81,   2.0,   0.7
30-May-2022 12:00, 0.612,  18.1,  16.4, 1021.0,-0.180,-0.102,   79,   2.3,   0.4
30-May-2022 13:00, 0.656,  18.1,  16.0, 1021.2,-0.167,-0.090,   63,   1.4,   1.0
30-May-2022 14:00, 0.669,  18.1,  15.8, 1021.0,-0.189,-0.110,   98,   3.4,   0.6
30-May-2022 15:00, 0.696,  18.1,  15.1, 1020.8,-0.196,-0.119,   67,   2.6,   0.8
30-May-2022 16:00, 0.738,  18.1,  13.7, 1020.5,-0.172,-0.097,   52,   1.3,   0.3
30-May-2022 17:00, 0.735,  18.2,  13.4, 1020.0,-0.184,-0.113,   78,   1.9,   0.6
30-May-2022 18:00, 0.764,  18.2,  13.0, 1020.1,-0.171,-0.104,   74,   2.9,   1.2
30-May-2022 19:00, 0.796,  18.2,  12.3, 1019.9,-0.187,-0.119,   74,   2.4,   1.1
30-May-2022 20:00, 0.885,  18.2,  11.9, 1019.7,-0.172,-0.106,   79,   2.3,   1.5
30-May-2022 21:00, 0.982,  18.1,  11.5, 1019.7,-0.166,-0.102,   80,   2.8,   1.2
30-May-2022 22:00, 1.046,  18.1,  11.0, 1020.3,-0.193,-0.129,   76,   3.7,   2.3
30-May-2022 23:00, 1.123,  18.0,  11.1, 1021.2,-0.190,-0.119,   79,   4.6,   2.8
31-May-2022 00:00, 1.189,  17.9,  11.2, 1021.7,-0.181,-0.101,   79,   5.2,   3.2
31-May-2022 01:00, 1.179,  18.0,  12.3, 1022.0,-0.213,-0.129,   78,   8.1,   5.4
31-May-2022 02:00, 1.171,  18.0,  13.8, 1022.2,-0.201,-0.114,   72,   8.3,   4.9
31-May-2022 03:00, 1.160,  18.0,  15.1, 1021.6,-0.163,-0.074,   71,   7.1,   3.9
31-May-2022 04:00, 1.060,  18.0,  16.6, 1020.8,-0.178,-0.096,   75,   7.8,   3.6
31-May-2022 05:00, 0.977,  18.1,  17.6, 1019.2,-0.153,-0.080,   83,   6.0,   2.8
31-May-2022 06:00, 0.871,  18.0,  17.2, 1018.4,-0.142,-0.084,   80,   5.6,   3.3
31-May-2022 07:00, 0.770,  18.0,  16.9, 1018.2,-0.143,-0.092,   77,   6.3,   3.0
31-May-2022 08:00, 0.689,  18.0,  16.8, 1018.1,-0.151,-0.102,   88,   6.9,   2.7
31-May-2022 09:00, 0.681,  18.0,  16.1, 1018.6,-0.110,-0.061,   59,   6.1,   2.5
31-May-2022 10:00, 0.615,  18.0,  15.3, 1019.5,-0.148,-0.095,   98,   4.1,   0.7
31-May-2022 11:00, 0.602,  18.0,  14.8, 1020.5,-0.146,-0.082,  100,   3.1,   0.6
31-May-2022 12:00, 0.622,  18.0,  14.0, 1020.3,-0.138,-0.066,  100,   2.6,   0.6
31-May-2022 13:00, 0.677,  18.0,  13.1, 1020.7,-0.113,-0.042,  112,   2.2,   0.4
31-May-2022 14:00, 0.686,  18.0,  12.5, 1020.7,-0.135,-0.061,  120,   2.0,   0.5
31-May-2022 15:00, 0.729,  18.0,  12.3, 1020.5,-0.129,-0.055,  111,   2.1,   0.5
31-May-2022 16:00, 0.779,  18.0,  12.1, 1019.9,-0.106,-0.034,   75,   1.7,   0.3
31-May-2022 17:00, 0.770,  18.0,  12.0, 1019.6,-0.132,-0.066,   97,   2.1,   0.5
31-May-2022 18:00, 0.850,  18.1,  12.1, 1019.5,-0.070,-0.007,   81,   1.9,   0.2
31-May-2022 19:00, 0.855,  18.1,  11.5, 1019.3,-0.098,-0.037,   77,   2.3,   1.0
31-May-2022 20:00, 0.952,  18.0,  11.0, 1019.0,-0.069,-0.009,   84,   2.1,   0.4
31-May-2022 21:00, 1.064,  17.9,  10.5, 1019.1,-0.045, 0.012,  116,   1.3,   0.5
31-May-2022 22:00, 1.123,  17.9,  10.1, 1019.5,-0.083,-0.024,   79,   1.5,   0.7
31-May-2022 23:00, 1.225,  17.9,  10.3, 1019.6,-0.060, 0.002,   80,   2.1,   0.7
01-Jun-2022 00:00, 1.308,  17.9,  10.9, 1020.1,-0.040, 0.024,   75,   1.5,   0.4
01-Jun-2022 01:00, 1.339,  17.9,  13.3, 1019.9,-0.050, 0.018,   70,   2.0,   0.6
01-Jun-2022 02:00, 1.359,  18.0,  14.9, 1020.0,-0.026, 0.040,   76,   3.7,   1.9
01-Jun-2022 03:00, 1.330,  18.0,  16.4, 1019.5,-0.020, 0.046,   16,   3.9,   1.8
01-Jun-2022 04:00, 1.248,  18.0,  15.8, 1018.9,-0.037, 0.025,  244,   3.5,   2.3
01-Jun-2022 05:00, 1.161,  18.0,  16.6, 1018.0,-0.027, 0.028,  332,   3.0,   1.2
01-Jun-2022 06:00, 1.060,  18.0,  16.5, 1017.7,-0.018, 0.029,  290,   2.4,   1.6
01-Jun-2022 07:00, 0.943,  18.0,  16.9, 1017.3,-0.022, 0.022,  263,   2.6,   0.6
01-Jun-2022 08:00, 0.859,  18.1,  17.1, 1017.4,-0.014, 0.026,  254,   2.3,   1.0
01-Jun-2022 09:00, 0.802,  18.1,  16.9, 1017.5,-0.007, 0.034,    0,   2.3,   0.0
01-Jun-2022 10:00, 0.778,  18.1,  16.4, 1017.1, 0.006, 0.048,  193,   1.5,   0.2
01-Jun-2022 11:00, 0.749,  18.1,  15.4, 1017.6, 0.000, 0.039,   99,   1.4,   0.4
01-Jun-2022 12:00, 0.748,  18.1,  14.9, 1017.9, 0.004, 0.048,   91,   1.4,   0.7
01-Jun-2022 13:00, 0.797,  18.1,  14.1, 1017.7, 0.029, 0.075,   80,   1.6,   1.1
01-Jun-2022 14:00, 0.825,  18.1,  13.2, 1017.6, 0.030, 0.073,   70,   2.2,   0.7
01-Jun-2022 15:00, 0.822,  18.1,  12.7, 1017.8,-0.003, 0.040,   63,   2.2,   1.2
01-Jun-2022 16:00, 0.882,  18.1,  12.1, 1017.5, 0.024, 0.068,   53,   2.8,   1.6
01-Jun-2022 17:00, 0.915,  18.1,  12.3, 1017.2, 0.037, 0.079,   52,   2.9,   1.5
01-Jun-2022 18:00, 0.909,  18.1,  11.6, 1017.1, 0.009, 0.048,   53,   3.5,   1.5
01-Jun-2022 19:00, 0.986,  18.1,  11.4, 1017.0, 0.056, 0.094,   42,   3.5,   1.9
01-Jun-2022 20:00, 1.029,  18.1,  11.4, 1016.6, 0.045, 0.082,   43,   4.3,   2.2
01-Jun-2022 21:00, 1.128,  18.0,  11.4, 1016.6, 0.064, 0.097,   35,   4.5,   3.1
01-Jun-2022 22:00, 1.231,  17.9,  11.4, 1016.7, 0.074, 0.107,   29,   4.1,   2.7
01-Jun-2022 23:00, 1.310,  17.9,  11.8, 1017.2, 0.065, 0.100,   23,   3.5,   1.8
02-Jun-2022 00:00, 1.414,  17.9,  14.2, 1017.3, 0.104, 0.144,  303,   4.8,   1.4
02-Jun-2022 01:00, 1.445,  17.9,  18.4, 1017.6, 0.084, 0.124,  226,   9.2,   6.3
02-Jun-2022 02:00, 1.429,  17.9,  15.3, 1018.7, 0.048, 0.092,  150,  10.0,   1.5
02-Jun-2022 03:00, 1.394,  18.0,  14.5, 1018.6, 0.034, 0.088,   75,   5.9,   0.9
02-Jun-2022 04:00, 1.348,  18.0,  16.6, 1018.0, 0.032, 0.085,  165,   2.5,   1.6
02-Jun-2022 05:00, 1.271,  18.0,  17.6, 1017.5, 0.034, 0.080,  201,   2.7,   0.9
02-Jun-2022 06:00, 1.163,  18.0,  17.8, 1017.0, 0.025, 0.067,  195,   2.5,   1.6
02-Jun-2022 07:00, 1.068,  18.0,  17.7, 1017.3, 0.038, 0.075,  196,   2.8,   0.9
02-Jun-2022 08:00, 0.942,  18.0,  17.9, 1017.7, 0.015, 0.056,  204,   3.1,   1.3
02-Jun-2022 09:00, 0.878,  18.0,  17.3, 1017.9, 0.031, 0.076,  223,   4.6,   2.2
02-Jun-2022 10:00, 0.829,  18.0,  17.3, 1018.3, 0.034, 0.080,  196,   3.4,   1.3
02-Jun-2022 11:00, 0.776,  17.9,  16.3, 1018.7, 0.008, 0.058,   81,   3.8,   0.7
02-Jun-2022 12:00, 0.804,  17.9,  15.4, 1019.1, 0.054, 0.108,   77,   1.1,   0.5
02-Jun-2022 13:00, 0.779,  17.9,  15.5, 1019.4, 0.020, 0.079,  102,   1.7,   0.4
02-Jun-2022 14:00, 0.808,  17.9,  14.9, 1020.0, 0.024, 0.086,  154,   2.5,   1.0
02-Jun-2022 15:00, 0.816,  17.9,  14.0, 1020.2, 0.011, 0.078,  119,   2.8,   0.5
02-Jun-2022 16:00, 0.844,  17.9,  13.2, 1020.4, 0.010, 0.080,  132,   1.9,   0.7
02-Jun-2022 17:00, 0.857,  17.9,  12.2, 1020.2,-0.002, 0.069,   72,   4.9,   2.7
02-Jun-2022 18:00, 0.890,  17.9,  12.4, 1020.3, 0.011, 0.080,  158,   4.4,   1.4
02-Jun-2022 19:00, 0.916,  17.9,  11.5, 1020.6, 0.004, 0.074,   72,   3.4,   2.2
02-Jun-2022 20:00, 0.955,  17.9,  12.0, 1020.5,-0.001, 0.072,   87,   4.1,   1.4
02-Jun-2022 21:00, 1.042,  17.8,  11.4, 1020.7, 0.019, 0.091,   75,   4.2,   2.8
02-Jun-2022 22:00, 1.100,  17.7,  11.4, 1021.5,-0.006, 0.068,   78,   4.6,   2.5
02-Jun-2022 23:00, 1.197,  17.7,  10.9, 1022.4, 0.002, 0.085,   86,   4.0,   1.0
03-Jun-2022 00:00, 1.283,  17.7,  11.4, 1022.9, 0.018, 0.110,   77,   3.4,   2.1
03-Jun-2022 01:00, 1.316,  17.7,  12.8, 1023.1,-0.001, 0.095,   75,   5.0,   3.1
03-Jun-2022 02:00, 1.367,  17.6,  14.1, 1023.2, 0.012, 0.110,   81,   6.1,   2.3
03-Jun-2022 03:00, 1.367,  17.7,  15.6, 1022.8, 0.014, 0.113,   84,   6.0,   2.1
03-Jun-2022 04:00, 1.334,  17.8,  17.1, 1022.1, 0.009, 0.104,  156,   4.3,   1.6
03-Jun-2022 05:00, 1.275,  17.8,  17.3, 1021.4, 0.003, 0.090,  177,   4.7,   1.9
03-Jun-2022 06:00, 1.195,  17.8,  16.9, 1020.9, 0.008, 0.088,  214,   5.0,   2.7
03-Jun-2022 07:00, 1.088,  17.8,  16.3, 1020.9,-0.005, 0.071,  209,   7.7,   3.6
03-Jun-2022 08:00, 0.985,  17.8,  16.4, 1020.8,-0.006, 0.070,  194,   6.6,   1.9
03-Jun-2022 09:00, 0.908,  17.8,  16.3, 1020.9, 0.008, 0.083,  182,   5.3,   1.3
03-Jun-2022 10:00, 0.829,  17.7,  15.8, 1021.3,-0.005, 0.072,  174,   5.2,   2.6
03-Jun-2022 11:00, 0.767,  17.7,  15.6, 1021.8,-0.029, 0.051,  162,   6.9,   4.0
03-Jun-2022 12:00, 0.757,  17.7,  14.6, 1022.2,-0.019, 0.067,  157,   7.7,   4.2
03-Jun-2022 13:00, 0.741,  17.7,  13.6, 1022.4,-0.025, 0.064,  145,   7.5,   1.9
03-Jun-2022 14:00, 0.768,  17.6,  13.1, 1022.6,-0.015, 0.076,  142,   4.7,   1.4
03-Jun-2022 15:00, 0.755,  17.6,  12.0, 1022.7,-0.044, 0.049,   88,   3.5,   0.6
03-Jun-2022 16:00, 0.787,  17.6,  12.0, 1022.4,-0.031, 0.063,  105,   3.2,   0.7
03-Jun-2022 17:00, 0.830,  17.6,  11.9, 1022.2,-0.014, 0.076,   93,   3.0,   0.9
03-Jun-2022 18:00, 0.814,  17.6,  11.6, 1022.2,-0.052, 0.037,   85,   3.4,   0.6
03-Jun-2022 19:00, 0.857,  17.6,  10.5, 1022.5,-0.039, 0.051,   73,   3.0,   2.0
03-Jun-2022 20:00, 0.898,  17.5,  10.1, 1022.6,-0.041, 0.051,   71,   2.8,   1.1
03-Jun-2022 21:00, 0.931,  17.5,  10.0, 1022.2,-0.062, 0.030,   75,   3.3,   1.7
03-Jun-2022 22:00, 1.029,  17.5,  10.1, 1022.2,-0.035, 0.053,   87,   3.4,   0.7
03-Jun-2022 23:00, 1.085,  17.4,  10.3, 1023.3,-0.058, 0.032,   78,   3.1,   1.1
04-Jun-2022 00:00, 1.120,  17.4,  10.3, 1024.1,-0.097, 0.004,  168,   3.3,   1.7
04-Jun-2022 01:00, 1.209,  17.4,  11.9, 1024.5,-0.058, 0.051,  100,   3.5,   0.9
04-Jun-2022 02:00, 1.254,  17.4,  14.1, 1024.4,-0.055, 0.057,  113,   3.8,   1.1
04-Jun-2022 03:00, 1.217,  17.5,  14.4, 1024.2,-0.111, 0.000,  135,   4.9,   2.0
04-Jun-2022 04:00, 1.219,  17.5,  15.4, 1023.2,-0.095, 0.012,  120,   5.7,   1.7
04-Jun-2022 05:00, 1.202,  17.5,  16.2, 1022.3,-0.082, 0.017,  114,   6.2,   2.0
04-Jun-2022 06:00, 1.098,  17.5,  16.4, 1021.4,-0.126,-0.037,  152,   6.7,   3.1
04-Jun-2022 07:00, 1.065,  17.6,  17.4, 1021.2,-0.076, 0.004,  157,   7.6,   2.6
04-Jun-2022 08:00, 0.972,  17.5,  17.4, 1020.9,-0.081,-0.002,  160,   7.9,   3.4
04-Jun-2022 09:00, 0.851,  17.4,  17.1, 1020.6,-0.108,-0.033,  157,   5.9,   3.1
04-Jun-2022 10:00, 0.804,  17.4,  16.4, 1020.7,-0.079,-0.006,  171,   4.5,   2.0
04-Jun-2022 11:00, 0.753,  17.4,  15.5, 1020.8,-0.080,-0.006,  153,   5.0,   2.0
04-Jun-2022 12:00, 0.730,  17.4,  14.4, 1021.2,-0.077,-0.001,   61,   2.7,   0.2
04-Jun-2022 13:00, 0.710,  17.4,  13.3, 1021.8,-0.080,-0.001,   49,   1.1,   0.6
04-Jun-2022 14:00, 0.710,  17.4,  12.6, 1022.2,-0.081, 0.005,   30,   1.8,   1.1
04-Jun-2022 15:00, 0.694,  17.4,  12.5, 1022.0,-0.111,-0.022,   11,   2.5,   1.5
04-Jun-2022 16:00, 0.729,  17.4,  11.4, 1021.7,-0.087, 0.000,   67,   3.0,   1.9
04-Jun-2022 17:00, 0.759,  17.4,  10.1, 1021.5,-0.078, 0.006,   67,   3.2,   1.6
04-Jun-2022 18:00, 0.744,  17.4,  10.1, 1021.5,-0.119,-0.037,   83,   2.9,   1.3
04-Jun-2022 19:00, 0.785,  17.4,  10.3, 1021.5,-0.105,-0.023,   99,   2.5,   0.5
04-Jun-2022 20:00, 0.829,  17.3,   9.7, 1021.6,-0.102,-0.020,   90,   2.0,   0.7
04-Jun-2022 21:00, 0.832,  17.3,   8.8, 1021.7,-0.148,-0.065,   77,   2.0,   0.8
04-Jun-2022 22:00, 0.925,  17.3,   8.8, 1022.1,-0.111,-0.027,   86,   1.7,   0.9
04-Jun-2022 23:00, 0.983,  17.3,   9.1, 1022.6,-0.119,-0.031,   78,   3.0,   1.6
05-Jun-2022 00:00, 1.007,  17.2,   9.5, 1022.8,-0.162,-0.069,   77,   4.1,   2.4
05-Jun-2022 01:00, 1.114,  17.2,  11.8, 1023.3,-0.105,-0.010,   83,   5.3,   2.3
05-Jun-2022 02:00, 1.124,  17.2,  12.4, 1023.5,-0.132,-0.032,   83,   5.6,   3.7
05-Jun-2022 03:00, 1.137,  17.2,  13.4, 1023.1,-0.150,-0.049,   82,   6.5,   3.4
05-Jun-2022 04:00, 1.150,  17.1,  15.3, 1022.4,-0.139,-0.042,   68,   6.1,   3.5
05-Jun-2022 05:00, 1.121,  17.1,  16.0, 1021.6,-0.151,-0.061,   84,   6.8,   1.9
05-Jun-2022 06:00, 1.088,  17.1,  16.3, 1020.9,-0.151,-0.069,   79,   5.4,   2.6
05-Jun-2022 07:00, 1.016,  17.1,  17.1, 1020.6,-0.159,-0.083,   71,   4.9,   3.0
05-Jun-2022 08:00, 0.975,  17.1,  17.7, 1020.6,-0.124,-0.051,   99,   4.3,   1.7
05-Jun-2022 09:00, 0.865,  17.1,  16.3, 1020.8,-0.151,-0.078,   89,   4.3,   2.2
05-Jun-2022 10:00, 0.780,  17.2,  15.0, 1021.3,-0.156,-0.081,   82,   5.0,   2.4
05-Jun-2022 11:00, 0.723,  17.1,  13.8, 1021.9,-0.153,-0.073,   70,   3.9,   2.2
05-Jun-2022 12:00, 0.668,  17.1,  12.9, 1022.4,-0.174,-0.087,   64,   4.0,   1.3
05-Jun-2022 13:00, 0.659,  17.1,  12.2, 1022.5,-0.163,-0.072,   82,   2.6,   1.1
05-Jun-2022 14:00, 0.664,  17.1,  11.6, 1022.5,-0.146,-0.054,   78,   1.9,   0.9
05-Jun-2022 15:00, 0.658,  17.1,  10.9, 1022.4,-0.160,-0.067,   71,   2.6,   1.6
05-Jun-2022 16:00, 0.665,  17.1,  10.6, 1022.0,-0.161,-0.071,   99,   2.8,   1.1
05-Jun-2022 17:00, 0.685,  17.1,  10.5, 1022.1,-0.154,-0.066,   74,   2.2,   0.8
05-Jun-2022 18:00, 0.702,  17.0,  10.2, 1022.0,-0.166,-0.078,   77,   3.2,   0.8
05-Jun-2022 19:00, 0.718,  17.0,  10.9, 1022.0,-0.180,-0.093,  117,   2.2,   0.8
05-Jun-2022 20:00, 0.769,  17.0,  11.4, 1022.2,-0.166,-0.078,  112,   2.7,   0.4
05-Jun-2022 21:00, 0.813,  17.0,  11.0, 1022.1,-0.168,-0.079,   87,   2.3,   0.8
05-Jun-2022 22:00, 0.855,  16.9,  10.7, 1022.0,-0.172,-0.084,   91,   2.7,   1.2
05-Jun-2022 23:00, 0.926,  16.9,  10.2, 1022.3,-0.151,-0.064,   71,   3.7,   2.3
06-Jun-2022 00:00, 0.967,  16.9,  10.5, 1022.7,-0.162,-0.072,   85,   4.4,   2.1
06-Jun-2022 01:00, 1.013,  16.8,  11.2, 1022.9,-0.163,-0.069,   80,   5.4,   3.2
06-Jun-2022 02:00, 1.062,  16.8,  12.6, 1023.2,-0.144,-0.048,   74,   5.4,   2.6
06-Jun-2022 03:00, 1.074,  16.8,  14.4, 1022.7,-0.160,-0.061,   77,   8.5,   4.4
06-Jun-2022 04:00, 1.090,  16.9,  15.2, 1021.8,-0.159,-0.066,   74,   8.3,   4.4
06-Jun-2022 05:00, 1.122,  16.9,  16.7, 1020.7,-0.121,-0.037,   71,   7.0,   3.4
06-Jun-2022 06:00, 1.104,  16.9,  17.0, 1020.3,-0.124,-0.050,   80,   6.9,   2.9
06-Jun-2022 07:00, 1.061,  16.9,  17.6, 1020.2,-0.128,-0.058,   76,   6.4,   2.6
06-Jun-2022 08:00, 1.024,  16.9,  17.9, 1020.0,-0.103,-0.034,   77,   5.7,   2.5
06-Jun-2022 09:00, 0.966,  17.0,  17.0, 1020.3,-0.093,-0.026,   94,   4.8,   1.2
06-Jun-2022 10:00, 0.862,  16.9,  15.5, 1020.8,-0.122,-0.052,   97,   3.9,   0.6
06-Jun-2022 11:00, 0.818,  16.9,  14.5, 1021.4,-0.103,-0.027,   94,   3.6,   1.2
06-Jun-2022 12:00, 0.777,  16.9,  13.4, 1021.7,-0.102,-0.021,  100,   3.1,   0.8
06-Jun-2022 13:00, 0.748,  16.8,  12.9, 1021.8,-0.108,-0.024,   90,   5.4,   2.4
06-Jun-2022 14:00, 0.748,  16.8,  12.3, 1021.8,-0.093,-0.007,   82,   5.1,   2.4
06-Jun-2022 15:00, 0.732,  16.8,  12.1, 1021.7,-0.105,-0.021,   83,   5.1,   1.8
06-Jun-2022 16:00, 0.734,  16.8,  12.4, 1021.9,-0.112,-0.027,   79,   6.9,   3.8
06-Jun-2022 17:00, 0.741,  16.8,  12.1, 1021.5,-0.114,-0.029,   79,   7.3,   4.2
06-Jun-2022 18:00, 0.776,  16.7,  11.9, 1021.5,-0.104,-0.022,   79,   7.6,   4.6
06-Jun-2022 19:00, 0.809,  16.7,  11.9, 1021.1,-0.108,-0.027,   75,   8.3,   4.9
06-Jun-2022 20:00, 0.836,  16.6,  11.5, 1021.7,-0.118,-0.039,   74,   9.9,   5.5
06-Jun-2022 21:00, 0.874,  16.6,  11.2, 1021.5,-0.121,-0.038,   74,   9.5,   5.2
06-Jun-2022 22:00, 0.930,  16.5,  11.1, 1022.1,-0.105,-0.022,   75,   8.7,   5.1
06-Jun-2022 23:00, 0.948,  16.5,  10.7, 1022.7,-0.122,-0.034,   72,   8.8,   5.7
07-Jun-2022 00:00, 1.029,  16.5,  10.9, 1022.8,-0.076, 0.018,   74,   9.0,   5.2
07-Jun-2022 01:00, 1.029,  16.4,  12.3, 1023.0,-0.109,-0.014,   70,  10.3,   5.5
07-Jun-2022 02:00, 1.067,  16.4,  14.2, 1022.7,-0.093, 0.004,   66,  12.2,   7.1
07-Jun-2022 03:00, 1.120,  16.4,  15.9, 1022.0,-0.054, 0.038,   66,  10.7,   5.7
07-Jun-2022 04:00, 1.131,  16.4,  16.8, 1021.5,-0.062, 0.025,   61,   9.8,   4.8
07-Jun-2022 05:00, 1.155,  16.4,  17.7, 1019.9,-0.043, 0.037,   74,  10.9,   4.3
07-Jun-2022 06:00, 1.172,  16.5,  18.7, 1019.2,-0.019, 0.046,   82,   8.6,   3.6
07-Jun-2022 07:00, 1.134,  16.4,  18.9, 1018.7,-0.041, 0.017,   75,   8.4,   4.7
07-Jun-2022 08:00, 1.106,  16.4,  18.3, 1018.8,-0.030, 0.024,   80,   8.1,   3.8
07-Jun-2022 09:00, 1.057,  16.4,  17.7, 1019.2,-0.025, 0.030,   79,   7.6,   3.9
07-Jun-2022 10:00, 0.988,  16.4,  17.3, 1019.2,-0.034, 0.025,   76,   7.5,   4.0
07-Jun-2022 11:00, 0.956,  16.4,  17.0, 1020.0,-0.006, 0.054,   79,   7.0,   3.3
07-Jun-2022 12:00, 0.852,  16.4,  16.9, 1020.3,-0.064, 0.003,   75,   9.1,   3.8
07-Jun-2022 13:00, 0.858,  16.4,  16.9, 1019.6,-0.031, 0.038,   78,   9.3,   3.5
07-Jun-2022 14:00, 0.833,  16.4,  16.9, 1019.2,-0.040, 0.023,   74,  11.9,   6.3
07-Jun-2022 15:00, 0.822,  16.4,  16.6, 1018.7,-0.042, 0.016,   70,  11.3,   5.7
07-Jun-2022 16:00, 0.853,  16.3,  16.3, 1019.1,-0.016, 0.039,   72,   9.1,   4.0
07-Jun-2022 17:00, 0.847,  16.3,  16.3, 1018.7,-0.036, 0.022,   68,   9.0,   5.1
07-Jun-2022 18:00, 0.901,  16.3,  16.1, 1018.0,-0.003, 0.051,   66,  13.1,   7.0
07-Jun-2022 19:00, 0.924,  16.2,  15.8, 1017.7,-0.020, 0.027,   67,  12.8,   7.2
07-Jun-2022 20:00, 0.981,  16.2,  15.2, 1017.3,-0.007, 0.037,   67,  13.0,   5.1
07-Jun-2022 21:00, 1.022,  16.1,  15.0, 1016.5,-0.006, 0.034,   66,  15.1,   7.5
07-Jun-2022 22:00, 1.067,  16.1,  14.7, 1016.0, 0.004, 0.036,   67,  14.7,   8.4
07-Jun-2022 23:00, 1.085,  16.1,  14.2, 1015.9,-0.002, 0.025,   67,  14.4,   7.2
08-Jun-2022 00:00, 1.140,  16.1,  14.3, 1016.0, 0.038, 0.065,   68,  12.9,   7.6
08-Jun-2022 01:00, 1.153,  16.0,  14.6, 1015.4, 0.041, 0.067,   68,  13.8,   8.2
08-Jun-2022 02:00, 1.180,  16.0,  15.4, 1015.7, 0.062, 0.084,   66,  14.5,   7.8
08-Jun-2022 03:00, 1.194,  16.0,  16.5, 1015.4, 0.076, 0.100,   64,  13.7,   7.0
08-Jun-2022 04:00, 1.180,  16.0,  17.3, 1014.8, 0.057, 0.078,   66,  12.7,   6.2
08-Jun-2022 05:00, 1.205,  16.0,  18.2, 1013.3, 0.072, 0.085,   66,  11.0,   6.8
08-Jun-2022 06:00, 1.231,  15.9,  18.9, 1013.5, 0.099, 0.100,   65,  11.7,   4.7
08-Jun-2022 07:00, 1.207,  16.0,  17.2, 1013.7, 0.078, 0.080,   69,   7.4,   3.4
08-Jun-2022 08:00, 1.220,  15.9,  15.6, 1014.3, 0.105, 0.111,  310,   5.1,   0.7
08-Jun-2022 09:00, 1.173,  16.0,  15.2, 1013.9, 0.091, 0.101,   74,  10.5,   4.0
08-Jun-2022 10:00, 1.098,  15.9,  14.2, 1014.4, 0.058, 0.066,   73,   8.4,   4.9
08-Jun-2022 11:00, 1.075,  15.9,  15.0, 1014.2, 0.083, 0.094,   75,   7.9,   4.5
08-Jun-2022 12:00, 1.038,  15.9,  16.3, 1014.1, 0.088, 0.098,   71,   9.8,   5.2
08-Jun-2022 13:00, 0.989,  15.9,  16.3, 1013.8, 0.068, 0.076,   70,  12.6,   5.7
08-Jun-2022 14:00, 1.003,  15.9,  16.9, 1013.9, 0.097, 0.102,   66,  10.0,   5.8
08-Jun-2022 15:00, 0.966,  15.9,  17.1, 1014.0, 0.071, 0.077,   63,   9.6,   4.8
08-Jun-2022 16:00, 1.001,  15.9,  17.0, 1014.1, 0.105, 0.113,   62,   8.8,   4.1
08-Jun-2022 17:00, 1.005,  15.8,  15.9, 1014.0, 0.092, 0.101,   55,   8.7,   3.5
08-Jun-2022 18:00, 1.049,  15.8,  15.9, 1013.5, 0.109, 0.116,   70,  10.0,   5.7
08-Jun-2022 19:00, 1.096,  15.8,  15.5, 1014.0, 0.116, 0.120,   66,   9.1,   4.4
08-Jun-2022 20:00, 1.161,  15.8,  15.7, 1013.8, 0.130, 0.137,   65,   7.9,   3.5
08-Jun-2022 21:00, 1.191,  15.8,  15.8, 1013.7, 0.113, 0.119,   68,   8.1,   5.0
08-Jun-2022 22:00, 1.246,  15.8,  14.1, 1013.3, 0.135, 0.138,   69,  10.6,   5.6
08-Jun-2022 23:00, 1.282,  15.7,  14.1, 1014.1, 0.155, 0.156,   65,  10.4,   4.8
09-Jun-2022 00:00, 1.269,  15.7,  12.5, 1014.7, 0.145, 0.154,   63,   6.7,   3.5
09-Jun-2022 01:00, 1.274,  15.7,  12.4, 1014.3, 0.163, 0.177,   79,   8.4,   3.7
09-Jun-2022 02:00, 1.255,  15.7,  13.7, 1013.8, 0.162, 0.172,   78,   7.7,   4.3
09-Jun-2022 03:00, 1.242,  15.7,  15.2, 1012.6, 0.170, 0.175,   76,  10.0,   5.4
09-Jun-2022 04:00, 1.256,  15.7,  18.1, 1011.0, 0.202, 0.194,   68,   9.1,   4.6
09-Jun-2022 05:00, 1.247,  15.8,  19.3, 1010.2, 0.197, 0.173,   54,   9.3,   4.2
09-Jun-2022 06:00, 1.227,  15.8,  19.7, 1010.0, 0.175, 0.145,   63,  10.6,   5.1
09-Jun-2022 07:00, 1.265,  15.8,  20.9, 1009.3, 0.212, 0.179,   66,   8.0,   4.6
09-Jun-2022 08:00, 1.257,  15.8,  20.9, 1009.8, 0.203, 0.164,   60,   7.9,   2.5
09-Jun-2022 09:00, 1.257,  15.8,  18.7, 1009.9, 0.211, 0.177,   65,   6.2,   2.4
09-Jun-2022 10:00, 1.225,  15.9,  17.9, 1010.2, 0.197, 0.164,   78,   3.8,   2.2
09-Jun-2022 11:00, 1.220,  15.8,  17.3, 1010.5, 0.219, 0.189,   79,   4.3,   2.3
09-Jun-2022 12:00, 1.171,  15.8,  17.6, 1010.5, 0.199, 0.171,   66,   7.9,   5.2
09-Jun-2022 13:00, 1.144,  15.8,  17.1, 1011.2, 0.196, 0.169,   64,   8.7,   5.3
09-Jun-2022 14:00, 1.111,  15.9,  16.2, 1011.1, 0.178, 0.158,   65,  10.0,   5.8
09-Jun-2022 15:00, 1.099,  15.9,  15.8, 1010.5, 0.173, 0.151,   67,   9.2,   5.5
09-Jun-2022 16:00, 1.121,  15.9,  15.8, 1010.5, 0.196, 0.168,   66,   9.9,   5.2
09-Jun-2022 17:00, 1.126,  15.9,  16.1, 1010.2, 0.183, 0.155,   67,   9.9,   5.2
09-Jun-2022 18:00, 1.154,  15.9,  16.2, 1010.3, 0.178, 0.148,   62,   7.9,   4.3
09-Jun-2022 19:00, 1.205,  15.9,  16.3, 1009.8, 0.182, 0.152,   62,   8.4,   4.3
09-Jun-2022 20:00, 1.262,  15.9,  17.0, 1009.9, 0.183, 0.149,   28,   9.0,   3.6
09-Jun-2022 21:00, 1.339,  15.8,  16.7, 1009.7, 0.203, 0.170,   53,   7.3,   2.8
09-Jun-2022 22:00, 1.369,  15.8,  17.1, 1009.5, 0.193, 0.158,   52,   7.0,   3.1
09-Jun-2022 23:00, 1.390,  15.8,  17.6, 1009.6, 0.199, 0.162,   39,   7.5,   3.7
10-Jun-2022 00:00, 1.396,  15.8,  17.7, 1010.2, 0.217, 0.181,   44,   7.9,   3.3
10-Jun-2022 01:00, 1.389,  15.8,  17.9, 1010.5, 0.245, 0.215,   28,   7.8,   3.5
10-Jun-2022 02:00, 1.334,  15.8,  18.6, 1010.7, 0.237, 0.210,   27,   6.0,   4.0
10-Jun-2022 03:00, 1.276,  15.8,  18.7, 1010.1, 0.228, 0.202,   31,   8.3,   3.3
10-Jun-2022 04:00, 1.246,  15.8,  20.4, 1009.6, 0.245, 0.214,   19,   8.7,   4.1
10-Jun-2022 05:00, 1.206,  15.8,  21.3, 1008.7, 0.235, 0.198,   20,   8.6,   5.0
10-Jun-2022 06:00, 1.212,  15.9,  21.5, 1008.2, 0.254, 0.209,   13,  11.1,   5.1
10-Jun-2022 07:00, 1.203,  16.0,  21.5, 1007.8, 0.247, 0.196,   22,   9.7,   4.6
10-Jun-2022 08:00, 1.196,  16.0,  20.3, 1008.4, 0.236, 0.183,   13,   8.7,   3.0
10-Jun-2022 09:00, 1.221,  16.0,  18.1, 1008.7, 0.254, 0.206,   20,   8.0,   3.2
10-Jun-2022 10:00, 1.230,  16.1,  18.1, 1009.0, 0.256, 0.212,   38,   7.9,   3.6
10-Jun-2022 11:00, 1.232,  16.1,  17.8, 1009.2, 0.257, 0.215,   35,   7.1,   3.1
10-Jun-2022 12:00, 1.243,  16.1,  17.6, 1009.6, 0.273, 0.233,   32,   7.1,   3.5
10-Jun-2022 13:00, 1.213,  16.1,  18.0, 1009.5, 0.252, 0.216,   26,   7.5,   4.8
10-Jun-2022 14:00, 1.193,  16.1,  17.3, 1009.4, 0.241, 0.203,   34,   8.5,   3.4
10-Jun-2022 15:00, 1.222,  16.1,  16.8, 1009.8, 0.273, 0.236,   34,   7.3,   3.5
10-Jun-2022 16:00, 1.215,  16.1,  17.1, 1009.4, 0.264, 0.229,   31,   6.7,   3.5
10-Jun-2022 17:00, 1.229,  16.1,  16.9, 1008.9, 0.261, 0.223,   31,   7.5,   3.7
10-Jun-2022 18:00, 1.313,  16.0,  17.1, 1008.6, 0.307, 0.263,   26,   7.4,   4.6
10-Jun-2022 19:00, 1.334,  16.0,  16.7, 1008.9, 0.273, 0.227,   28,   8.6,   4.2
10-Jun-2022 20:00, 1.396,  16.0,  16.7, 1009.0, 0.270, 0.227,   26,   7.5,   4.2
10-Jun-2022 21:00, 1.481,  16.0,  16.7, 1009.5, 0.290, 0.248,   24,   8.4,   3.3
10-Jun-2022 22:00, 1.495,  16.0,  16.6, 1009.6, 0.251, 0.213,   25,   7.0,   3.4
10-Jun-2022 23:00, 1.522,  16.0,  16.7, 1010.5, 0.253, 0.218,   25,   6.8,   3.4
11-Jun-2022 00:00, 1.509,  16.0,  16.5, 1011.4, 0.250, 0.224,   13,   6.2,   3.1
11-Jun-2022 01:00, 1.438,  16.0,  17.0, 1011.7, 0.223, 0.205,   10,   7.0,   3.7
11-Jun-2022 02:00, 1.386,  16.0,  18.4, 1012.1, 0.242, 0.227,   17,   6.0,   2.9
11-Jun-2022 03:00, 1.263,  16.0,  19.2, 1011.8, 0.199, 0.188,    1,   6.8,   3.7
11-Jun-2022 04:00, 1.190,  16.0,  19.6, 1011.2, 0.205, 0.190,  348,   6.8,   3.1
11-Jun-2022 05:00, 1.138,  16.1,  18.9, 1010.7, 0.219, 0.198,  329,   6.2,   3.3
11-Jun-2022 06:00, 1.055,  16.1,  19.2, 1010.3, 0.179, 0.154,  346,   5.8,   3.2
11-Jun-2022 07:00, 1.043,  16.1,  19.5, 1010.2, 0.189, 0.159,  351,   5.0,   2.5
11-Jun-2022 08:00, 1.048,  16.1,  19.3, 1010.6, 0.198, 0.168,  354,   5.4,   2.8
11-Jun-2022 09:00, 1.024,  16.3,  19.0, 1011.1, 0.166, 0.141,  357,   4.4,   2.4
11-Jun-2022 10:00, 1.049,  16.4,  17.6, 1011.7, 0.171, 0.151,   27,   6.9,   1.4
11-Jun-2022 11:00, 1.089,  16.4,  17.3, 1012.0, 0.185, 0.170,   51,   1.9,   0.7
11-Jun-2022 12:00, 1.061,  16.5,  17.3, 1012.5, 0.133, 0.121,   21,   6.6,   1.1
11-Jun-2022 13:00, 1.121,  16.8,  16.9, 1012.7, 0.175, 0.169,   68,   2.1,   1.4
11-Jun-2022 14:00, 1.123,  16.8,  16.7, 1012.5, 0.171, 0.165,   35,   3.2,   2.0
11-Jun-2022 15:00, 1.066,  16.9,  16.7, 1012.6, 0.111, 0.104,   29,   3.0,   1.2
11-Jun-2022 16:00, 1.144,  17.0,  16.7, 1011.7, 0.180, 0.172,   30,   5.2,   2.9
11-Jun-2022 17:00, 1.149,  17.0,  16.8, 1011.5, 0.165, 0.150,   13,   5.0,   2.0
11-Jun-2022 18:00, 1.177,  17.0,  16.8, 1011.0, 0.154, 0.136,   31,   5.8,   3.4
11-Jun-2022 19:00, 1.250,  17.0,  17.0, 1010.7, 0.166, 0.144,   26,   6.2,   3.1
11-Jun-2022 20:00, 1.333,  17.0,  16.6, 1009.9, 0.173, 0.147,   25,   6.3,   3.6
11-Jun-2022 21:00, 1.374,  17.1,  16.6, 1009.5, 0.139, 0.105,   31,   6.5,   3.5
11-Jun-2022 22:00, 1.464,  17.1,  16.3, 1009.6, 0.163, 0.126,   31,   5.8,   2.9
11-Jun-2022 23:00, 1.518,  17.1,  16.4, 1009.3, 0.175, 0.138,   27,   7.3,   4.0
12-Jun-2022 00:00, 1.512,  17.2,  16.5, 1009.5, 0.167, 0.129,   26,   7.3,   3.8
12-Jun-2022 01:00, 1.510,  17.3,  18.0, 1009.2, 0.201, 0.163,   22,   9.2,   5.0
12-Jun-2022 02:00, 1.467,  17.2,  17.1, 1009.8, 0.235, 0.196,    1,  10.8,   6.1
12-Jun-2022 03:00, 1.327,  17.1,  18.7, 1008.7, 0.199, 0.163,    0,  10.3,   5.6
12-Jun-2022 04:00, 1.321,  17.1,  20.0, 1008.6, 0.300, 0.255,  279,  12.7,   7.0
12-Jun-2022 05:00, 1.225,  17.2,  19.1, 1008.7, 0.305, 0.259,  263,  14.0,   7.0
12-Jun-2022 06:00, 1.089,  17.2,  18.8, 1009.3, 0.251, 0.207,  261,  15.4,   7.8
12-Jun-2022 07:00, 1.016,  17.1,  18.7, 1010.1, 0.235, 0.197,  258,  14.6,   8.0
12-Jun-2022 08:00, 0.999,  17.1,  18.3, 1010.8, 0.246, 0.216,  265,  14.5,   7.1
12-Jun-2022 09:00, 0.941,  17.0,  17.5, 1011.4, 0.196, 0.173,  248,  15.4,  10.0
12-Jun-2022 10:00, 0.992,  16.9,  18.0, 1012.0, 0.233, 0.215,  261,  15.4,   7.8
12-Jun-2022 11:00, 1.003,  16.9,  18.0, 1012.5, 0.207, 0.195,  265,  14.8,   7.5
12-Jun-2022 12:00, 1.028,  16.8,  17.9, 1013.1, 0.186, 0.179,  262,  14.7,   7.6
12-Jun-2022 13:00, 1.117,  16.8,  17.0, 1013.3, 0.227, 0.226,  252,  15.7,  10.6
12-Jun-2022 14:00, 1.085,  16.7,  17.6, 1013.2, 0.161, 0.162,  267,  14.6,   7.8
12-Jun-2022 15:00, 1.124,  16.7,  17.7, 1013.5, 0.185, 0.185,  267,  15.4,   8.1
12-Jun-2022 16:00, 1.163,  16.7,  16.9, 1013.7, 0.208, 0.211,  249,  14.6,  10.3
12-Jun-2022 17:00, 1.128,  16.7,  16.3, 1013.9, 0.148, 0.153,  243,  17.4,   9.4
12-Jun-2022 18:00, 1.209,  16.7,  17.2, 1014.1, 0.186, 0.193,  253,  18.2,  10.0
12-Jun-2022 19:00, 1.210,  16.6,  17.7, 1014.1, 0.125, 0.134,  257,  14.9,   8.3
12-Jun-2022 20:00, 1.302,  16.6,  16.9, 1014.0, 0.134, 0.142,  252,  15.6,  10.1
12-Jun-2022 21:00, 1.391,  16.6,  16.9, 1014.3, 0.134, 0.142,  261,  14.7,   7.5
12-Jun-2022 22:00, 1.450,  16.6,  17.6, 1014.3, 0.116, 0.126,  243,  14.7,  10.2
12-Jun-2022 23:00, 1.490,  16.5,  17.2, 1015.3, 0.097, 0.109,  240,  14.9,   9.8
13-Jun-2022 00:00, 1.503,  16.5,  17.7, 1016.0, 0.086, 0.108,  247,  14.5,   9.5
13-Jun-2022 01:00, 1.478,  16.5,  17.6, 1016.6, 0.079, 0.107,  243,  14.8,   9.4
13-Jun-2022 02:00, 1.404,  16.5,  16.2, 1017.3, 0.067, 0.101,  242,  14.9,  10.6
13-Jun-2022 03:00, 1.298,  16.5,  17.7, 1017.2, 0.066, 0.107,  233,  11.4,   7.3
13-Jun-2022 04:00, 1.138,-9999 ,  18.3, 1016.7, 0.034, 0.072,  228,  11.2,   7.0
13-Jun-2022 05:00, 0.998,-9999 ,  18.3, 1016.4, 0.021, 0.055,  233,  11.0,   6.7
13-Jun-2022 06:00, 0.874,-9999 ,  17.9, 1016.2, 0.012, 0.043,  229,  10.2,   6.2
13-Jun-2022 07:00, 0.765,-9999 ,  17.8, 1016.4,-0.003, 0.026,  230,   8.9,   5.4
13-Jun-2022 08:00, 0.707,-9999 ,  17.5, 1016.9, 0.007, 0.039,  250,   9.3,   6.8
13-Jun-2022 09:00, 0.668,-9999 ,  17.4, 1016.9, 0.004, 0.040,  250,   9.5,   5.6
13-Jun-2022 10:00, 0.637,-9999 ,  18.1, 1017.2,-0.017, 0.019,  219,   7.8,   4.0
13-Jun-2022 11:00, 0.681,-9999 ,  18.2, 1017.6, 0.002, 0.041,  211,   7.3,   2.9
13-Jun-2022 12:00, 0.700,-9999 ,  17.7, 1018.2,-0.032, 0.012,  238,   7.4,   3.2
13-Jun-2022 13:00, 0.796,-9999 ,  18.0, 1018.3, 0.001, 0.051,  236,   6.4,   2.9
13-Jun-2022 14:00, 0.853,-9999 ,  17.3, 1018.3,-0.004, 0.046,  165,   5.0,   2.0
13-Jun-2022 15:00, 0.865,-9999 ,  15.7, 1018.5,-0.033, 0.017,   87,   4.0,   0.7
13-Jun-2022 16:00, 0.908,-9999 ,  15.1, 1018.5,-0.014, 0.039,   66,   3.0,   1.4
13-Jun-2022 17:00, 0.923,-9999 ,  14.7, 1018.2,-0.028, 0.024,   64,   2.6,   1.4
13-Jun-2022 18:00, 0.985,-9999 ,  14.0, 1018.0,-0.012, 0.037,   68,   2.7,   1.7
13-Jun-2022 19:00, 1.056,-9999 ,  13.4, 1018.0,-0.008, 0.039,   66,   3.3,   2.1
13-Jun-2022 20:00, 1.139,-9999 ,  13.1, 1018.0,-0.009, 0.038,   58,   3.3,   1.7
13-Jun-2022 21:00, 1.226,-9999 ,  13.4, 1018.0,-0.018, 0.029,   17,   4.5,   2.9
13-Jun-2022 22:00, 1.320,-9999 ,  13.8, 1018.2,-0.015, 0.033,    3,   4.4,   2.8
13-Jun-2022 23:00, 1.398,-9999 ,  13.8, 1018.3,-0.009, 0.040,   23,   5.4,   2.6
14-Jun-2022 00:00, 1.442,  16.5,  13.9, 1018.6,-0.011, 0.039,   37,   4.5,   2.3
14-Jun-2022 01:00, 1.460,  16.5,  14.2, 1019.1, 0.002, 0.055,   50,   4.6,   2.2
14-Jun-2022 02:00, 1.427,  16.9,  15.1, 1019.1, 0.002, 0.060,   33,   5.3,   2.9
14-Jun-2022 03:00, 1.347,  16.9,  16.3, 1018.9, 0.002, 0.060,   10,   5.4,   2.5
14-Jun-2022 04:00, 1.222,  17.0,  17.2, 1018.2, 0.001, 0.056,  357,   4.9,   2.2
14-Jun-2022 05:00, 1.101,  17.0,  17.9, 1017.4, 0.020, 0.068,  330,   4.1,   2.4
14-Jun-2022 06:00, 0.971,  17.1,  18.3, 1016.8, 0.028, 0.069,  335,   4.4,   2.5
14-Jun-2022 07:00, 0.846,  17.3,  18.7, 1016.4, 0.025, 0.059,  329,   4.0,   2.0
14-Jun-2022 08:00, 0.751,  17.3,  18.4, 1016.8, 0.035, 0.066,  341,   5.5,   3.0
14-Jun-2022 09:00, 0.698,  17.4,  17.9, 1017.0, 0.057, 0.093,  307,   6.9,   3.1
14-Jun-2022 10:00, 0.655,  17.9,  16.8, 1017.3, 0.054, 0.092,  312,   9.5,   6.2
14-Jun-2022 11:00, 0.645,  17.9,  18.2, 1017.4, 0.050, 0.090,  341,   9.4,   2.3
14-Jun-2022 12:00, 0.699,  18.0,  16.5, 1017.7, 0.069, 0.111,   11,   3.8,   2.3
14-Jun-2022 13:00, 0.772,  17.9,  16.1, 1017.7, 0.083, 0.126,   37,   3.8,   1.9
14-Jun-2022 14:00, 0.850,  17.9,  16.4, 1018.2, 0.087, 0.132,  293,   7.6,   2.7
14-Jun-2022 15:00, 0.910,  17.9,  16.4, 1017.7, 0.080, 0.129,  278,   6.0,   1.6
14-Jun-2022 16:00, 0.944,  17.8,  15.3, 1017.2, 0.073, 0.117,   66,   3.9,   1.6
14-Jun-2022 17:00, 0.995,  17.7,  15.5, 1017.0, 0.092, 0.131,   46,   2.7,   0.8
14-Jun-2022 18:00, 1.031,  17.6,  15.4, 1016.8, 0.084, 0.121,    7,   3.8,   2.5
14-Jun-2022 19:00, 1.087,  17.6,  14.7, 1016.5, 0.071, 0.106,   20,   5.0,   3.0
14-Jun-2022 20:00, 1.208,  17.8,  14.2, 1015.8, 0.105, 0.137,   34,   6.3,   2.6
14-Jun-2022 21:00, 1.277,  17.8,  13.9, 1015.8, 0.079, 0.104,   31,   4.7,   2.7
14-Jun-2022 22:00, 1.380,  17.9,  14.1, 1016.1, 0.083, 0.109,   39,   4.8,   1.4
14-Jun-2022 23:00, 1.498,  17.9,  13.5, 1016.3, 0.117, 0.146,   25,   3.3,   1.9
15-Jun-2022 00:00, 1.514,  17.9,  13.8, 1016.6, 0.069, 0.100,   34,   5.2,   3.6
15-Jun-2022 01:00, 1.572,  18.0,  14.3, 1017.2, 0.099, 0.133,   22,   6.8,   2.8
15-Jun-2022 02:00, 1.580,  18.0,  15.4, 1017.0, 0.114, 0.153,   27,   6.6,   3.3
15-Jun-2022 03:00, 1.517,  17.9,  17.9, 1016.7, 0.093, 0.130,   25,   7.1,   3.3
15-Jun-2022 04:00, 1.423,  17.7,  18.6, 1015.8, 0.091, 0.125,    1,   6.8,   4.2
15-Jun-2022 05:00, 1.316,  17.6,  19.5, 1014.8, 0.113, 0.137,  346,   6.7,   3.7
15-Jun-2022 06:00, 1.159,  17.5,  19.5, 1014.4, 0.099, 0.114,  337,   6.6,   4.3
15-Jun-2022 07:00, 1.055,  17.6,  19.3, 1014.5, 0.133, 0.144,  330,   7.6,   4.5
15-Jun-2022 08:00, 0.887,  17.6,  17.3, 1014.9, 0.088, 0.101,  340,  10.9,   5.1
15-Jun-2022 09:00, 0.790,  17.6,  18.3, 1014.6, 0.099, 0.115,    6,   5.8,   2.3
15-Jun-2022 10:00, 0.722,  17.7,  17.7, 1015.2, 0.108, 0.122,    1,   7.3,   2.6
15-Jun-2022 11:00, 0.649,  17.7,  16.7, 1015.4, 0.076, 0.095,    9,   4.5,   2.0
15-Jun-2022 12:00, 0.678,  17.7,  16.2, 1015.9, 0.104, 0.126,   32,   2.3,   1.5
15-Jun-2022 13:00, 0.709,  17.7,  16.6, 1016.2, 0.095, 0.122,   24,   3.5,   1.7
15-Jun-2022 14:00, 0.792,  17.7,  16.2, 1016.2, 0.119, 0.149,   21,   3.1,   1.9
15-Jun-2022 15:00, 0.862,  17.7,  15.4, 1016.0, 0.113, 0.142,   57,   2.7,   1.5
15-Jun-2022 16:00, 0.928,  17.7,  15.5, 1016.0, 0.118, 0.146,   36,   3.3,   1.8
15-Jun-2022 17:00, 0.924,  17.7,  15.3, 1015.8, 0.073, 0.100,   35,   3.5,   2.6
15-Jun-2022 18:00, 1.003,  17.7,  15.2, 1015.9, 0.111, 0.136,   43,   3.8,   1.8
15-Jun-2022 19:00, 1.044,  17.7,  14.8, 1015.8, 0.094, 0.121,   47,   3.3,   1.6
15-Jun-2022 20:00, 1.115,  17.6,  14.4, 1015.3, 0.078, 0.102,   58,   3.6,   2.1
15-Jun-2022 21:00, 1.237,  17.6,  14.1, 1015.2, 0.105, 0.125,   49,   3.6,   1.7
15-Jun-2022 22:00, 1.309,  17.6,  14.1, 1015.2, 0.080, 0.099,   52,   3.6,   1.8
15-Jun-2022 23:00, 1.399,  17.5,  14.1, 1015.4, 0.080, 0.100,   61,   4.2,   2.3
16-Jun-2022 00:00, 1.480,  17.4,  14.4, 1015.7, 0.088, 0.110,   60,   4.5,   2.6
16-Jun-2022 01:00, 1.512,  17.4,  16.0, 1016.1, 0.071, 0.095,   53,   4.3,   2.1
16-Jun-2022 02:00, 1.525,  17.4,  18.1, 1016.1, 0.070, 0.099,   35,   5.7,   3.0
16-Jun-2022 03:00, 1.548,  17.4,  19.5, 1015.5, 0.105, 0.133,   33,   5.8,   2.9
16-Jun-2022 04:00, 1.458,  17.4,  20.6, 1014.6, 0.062, 0.084,   30,   6.0,   4.0
16-Jun-2022 05:00, 1.387,  17.4,  21.6, 1013.5, 0.084, 0.096,   16,   6.3,   2.7
16-Jun-2022 06:00, 1.267,  17.5,  21.8, 1012.8, 0.088, 0.090,  347,   4.7,   2.5
16-Jun-2022 07:00, 1.105,  17.5,  21.0, 1012.5, 0.064, 0.058,  314,   4.0,   1.7
16-Jun-2022 08:00, 1.014,  17.6,  21.0, 1012.9, 0.102, 0.095,  309,   4.1,   1.9
16-Jun-2022 09:00, 0.864,  17.7,  20.1, 1012.7, 0.069, 0.066,  335,   4.0,   1.8
16-Jun-2022 10:00, 0.787,  17.9,  19.1, 1012.7, 0.095, 0.089,    9,   2.9,   1.0
16-Jun-2022 11:00, 0.698,  17.9,  18.7, 1012.9, 0.077, 0.072,   12,   3.9,   1.8
16-Jun-2022 12:00, 0.683,  17.9,  18.0, 1012.7, 0.097, 0.093,   18,   3.8,   2.4
16-Jun-2022 13:00, 0.703,  17.9,  17.4, 1012.6, 0.109, 0.104,   32,   3.8,   2.4
16-Jun-2022 14:00, 0.720,  17.9,  17.1, 1012.5, 0.093, 0.086,   28,   4.2,   2.7
16-Jun-2022 15:00, 0.795,  17.9,  16.4, 1012.4, 0.111, 0.103,   27,   5.5,   3.1
16-Jun-2022 16:00, 0.867,  17.9,  17.2, 1011.9, 0.116, 0.107,   14,   6.5,   4.1
16-Jun-2022 17:00, 0.926,  17.9,  16.5, 1011.4, 0.124, 0.110,   17,   6.6,   3.6
16-Jun-2022 18:00, 0.973,  18.0,  15.7, 1010.7, 0.126, 0.107,   33,   5.7,   3.1
16-Jun-2022 19:00, 1.072,  18.0,  16.4, 1010.2, 0.178, 0.152,   19,   7.6,   4.4
16-Jun-2022 20:00, 1.123,  17.9,  16.8, 1009.8, 0.158, 0.128,   16,   6.7,   4.3
16-Jun-2022 21:00, 1.213,  17.7,  16.6, 1009.4, 0.155, 0.120,   13,   7.5,   3.2
16-Jun-2022 22:00, 1.336,  17.7,  16.9, 1009.2, 0.186, 0.147,   19,   7.8,   3.8
16-Jun-2022 23:00, 1.397,  17.7,  16.8, 1008.7, 0.160, 0.119,   16,   7.7,   4.3
17-Jun-2022 00:00, 1.501,  17.7,  17.4, 1008.7, 0.190, 0.145,   14,   8.0,   4.3
17-Jun-2022 01:00, 1.557,  17.6,  17.8, 1008.5, 0.187, 0.142,    6,  10.9,   5.2
17-Jun-2022 02:00, 1.591,  17.5,  19.4, 1007.7, 0.190, 0.143,   11,   8.8,   4.6
17-Jun-2022 03:00, 1.621,  17.5,  20.2, 1006.7, 0.216, 0.160,   10,   8.1,   5.1
17-Jun-2022 04:00, 1.610,  17.5,  19.0, 1005.2, 0.218, 0.151,   17,  10.8,   5.3
17-Jun-2022 05:00, 1.576,  17.5,  20.3, 1003.7, 0.234, 0.152,   13,  10.5,   5.6
17-Jun-2022 06:00, 1.488,  17.6,  19.4, 1003.2, 0.230, 0.134,  354,  10.2,   5.9
17-Jun-2022 07:00, 1.467,  17.7,  21.3, 1003.5, 0.321, 0.222,  296,  13.1,   6.1
17-Jun-2022 08:00, 1.340,  17.8,  21.1, 1003.5, 0.320, 0.222,  309,  12.6,   6.8
17-Jun-2022 09:00, 1.195,  17.9,  17.3, 1004.3, 0.287, 0.191,  275,  14.7,   7.9
17-Jun-2022 10:00, 1.069,  17.9,  17.7, 1004.2, 0.264, 0.174,  257,  11.8,   8.2
17-Jun-2022 11:00, 1.021,  17.9,  16.7, 1005.7, 0.302, 0.214,  250,  16.2,  11.4
17-Jun-2022 12:00, 0.917,  17.9,  16.4, 1006.0, 0.258, 0.183,  239,  15.1,  10.5
17-Jun-2022 13:00, 0.878,  17.9,  17.3, 1006.7, 0.243, 0.172,  244,  14.8,   8.3
17-Jun-2022 14:00, 0.875,  17.8,  17.7, 1007.0, 0.233, 0.168,  254,  13.6,   9.9
17-Jun-2022 15:00, 0.923,  17.8,  17.7, 1007.1, 0.256, 0.194,  255,  13.3,   7.6
17-Jun-2022 16:00, 0.921,  17.7,  17.6, 1006.9, 0.202, 0.141,  268,  12.2,   6.5
17-Jun-2022 17:00, 0.975,  17.8,  17.5, 1006.6, 0.203, 0.139,  262,  10.8,   6.0
17-Jun-2022 18:00, 1.048,  17.7,  17.6, 1006.8, 0.230, 0.165,  276,  10.4,   6.4
17-Jun-2022 19:00, 1.052,  17.6,  17.4, 1006.5, 0.186, 0.122,  279,  11.5,   4.5
17-Jun-2022 20:00, 1.122,  17.6,  16.4, 1006.9, 0.205, 0.138,  269,  15.8,   5.9
17-Jun-2022 21:00, 1.183,  17.7,  16.4, 1007.1, 0.192, 0.129,  266,  11.2,   7.0
17-Jun-2022 22:00, 1.299,  17.6,  16.3, 1006.9, 0.221, 0.159,  281,  10.8,   5.9
17-Jun-2022 23:00, 1.371,  17.5,  16.7, 1007.7, 0.214, 0.152,  275,  14.2,   6.5
18-Jun-2022 00:00, 1.451,  17.5,  16.4, 1008.4, 0.229, 0.174,  269,  12.2,   7.3
18-Jun-2022 01:00, 1.492,  17.5,  16.5, 1009.0, 0.214, 0.167,  272,  13.6,   7.7
18-Jun-2022 02:00, 1.543,  17.4,  17.4, 1009.4, 0.224, 0.182,  272,  13.0,   7.4
18-Jun-2022 03:00, 1.549,  17.4,  17.4, 1009.3, 0.218, 0.180,  275,  13.3,   8.1
18-Jun-2022 04:00, 1.548,  17.3,  17.3, 1008.6, 0.215, 0.175,  275,  15.4,   7.3
18-Jun-2022 05:00, 1.544,  17.4,  17.5, 1008.4, 0.226, 0.180,  269,  13.3,   6.8
18-Jun-2022 06:00, 1.472,  17.4,  17.4, 1008.2, 0.202, 0.153,  262,  14.1,   7.8
18-Jun-2022 07:00, 1.379,  17.5,  17.5, 1008.4, 0.180, 0.130,  262,  14.3,   6.8
18-Jun-2022 08:00, 1.309,  17.5,  17.4, 1008.6, 0.209, 0.161,  269,  14.0,   8.2
18-Jun-2022 09:00, 1.211,  17.5,  17.6, 1009.0, 0.216, 0.170,  269,  12.8,   7.3
18-Jun-2022 10:00, 1.100,  17.4,  17.7, 1009.5, 0.192, 0.150,  269,  13.0,   8.4
18-Jun-2022 11:00, 1.071,  17.4,  17.6, 1010.5, 0.243, 0.207,  263,  16.2,   9.3
18-Jun-2022 12:00, 0.954,  17.4,  18.0, 1011.0, 0.191, 0.164,  274,  13.9,   8.3
18-Jun-2022 13:00, 0.904,  17.3,  16.7, 1011.3, 0.184, 0.162,  249,  14.3,   9.1
18-Jun-2022 14:00, 0.891,  17.3,  18.0, 1011.2, 0.183, 0.164,  275,  13.1,   7.5
18-Jun-2022 15:00, 0.887,  17.3,  18.1, 1011.4, 0.179, 0.159,  287,  13.3,   7.1
18-Jun-2022 16:00, 0.903,  17.2,  18.2, 1011.0, 0.174, 0.155,  281,  13.6,   6.3
18-Jun-2022 17:00, 0.945,  17.2,  18.0, 1011.0, 0.170, 0.147,  287,  13.1,   6.8
18-Jun-2022 18:00, 0.953,  17.2,  16.6, 1011.2, 0.136, 0.114,  295,  11.7,   5.5
18-Jun-2022 19:00, 1.031,  17.2,  17.9, 1011.1, 0.168, 0.148,  258,  11.6,   6.7
18-Jun-2022 20:00, 1.045,  17.2,  18.3, 1011.2, 0.135, 0.114,  253,  11.7,   8.2
18-Jun-2022 21:00, 1.096,  17.2,  18.0, 1011.5, 0.137, 0.117,  251,  13.0,   9.3
18-Jun-2022 22:00, 1.162,  17.1,  17.4, 1012.2, 0.137, 0.120,  243,  13.3,   8.4
18-Jun-2022 23:00, 1.192,  17.1,  16.3, 1012.9, 0.098, 0.089,  243,  13.3,   8.4
19-Jun-2022 00:00, 1.263,  17.1,  16.8, 1013.7, 0.112, 0.109,  242,  12.1,   7.6
19-Jun-2022 01:00, 1.288,  17.1,  16.3, 1014.5, 0.095, 0.101,  238,  11.8,   7.4
19-Jun-2022 02:00, 1.324,  17.1,  17.8, 1015.0, 0.094, 0.107,  238,  12.3,   8.0
19-Jun-2022 03:00, 1.309,  17.1,  17.8, 1015.1, 0.062, 0.079,  243,  13.0,   8.0
19-Jun-2022 04:00, 1.295,  17.2,  17.3, 1015.2, 0.050, 0.068,  231,  13.4,   7.8
19-Jun-2022 05:00, 1.286,  17.2,  17.9, 1014.9, 0.040, 0.059,  225,  12.9,   6.5
19-Jun-2022 06:00, 1.234,  17.2,  18.4, 1015.0, 0.006, 0.023,  236,  10.8,   6.3
19-Jun-2022 07:00, 1.196,  17.2,  18.7, 1015.5, 0.011, 0.029,  227,  10.6,   6.2
19-Jun-2022 08:00, 1.139,  17.3,  18.1, 1016.5, 0.014, 0.037,  215,  10.2,   4.7
19-Jun-2022 09:00, 1.034,  17.3,  17.5, 1017.0,-0.011, 0.022,  232,  11.5,   7.4
19-Jun-2022 10:00, 0.971,  17.3,  17.5, 1017.6, 0.003, 0.041,  215,   9.0,   3.9
19-Jun-2022 11:00, 0.898,  17.3,  15.8, 1018.3,-0.010, 0.034,  105,   8.5,   0.9
19-Jun-2022 12:00, 0.841,  17.2,  14.8, 1019.0,-0.019, 0.032,   75,   5.3,   1.4
19-Jun-2022 13:00, 0.789,  17.2,  14.3, 1019.5,-0.028, 0.030,   68,   3.2,   1.9
19-Jun-2022 14:00, 0.795,  17.2,  14.0, 1019.5, 0.000, 0.062,   69,   3.4,   1.3
19-Jun-2022 15:00, 0.776,  17.2,  13.6, 1019.5,-0.012, 0.050,   38,   3.8,   1.5
19-Jun-2022 16:00, 0.762,  17.2,  13.3, 1019.5,-0.023, 0.039,   64,   3.1,   1.9
19-Jun-2022 17:00, 0.804,  17.2,  13.4, 1019.6,-0.005, 0.057,   27,   2.8,   1.8
19-Jun-2022 18:00, 0.836,  17.3,  13.7, 1019.6,-0.014, 0.049,   42,   3.7,   1.9
19-Jun-2022 19:00, 0.854,  17.3,  13.6, 1019.6,-0.034, 0.029,   61,   3.5,   1.7
19-Jun-2022 20:00, 0.925,  17.3,  13.6, 1019.5,-0.008, 0.055,   30,   2.9,   2.0
19-Jun-2022 21:00, 0.974,  17.3,  13.5, 1019.6, 0.002, 0.064,   33,   4.2,   2.1
19-Jun-2022 22:00, 0.998,  17.2,  13.4, 1020.0,-0.013, 0.050,   30,   4.4,   2.3
19-Jun-2022 23:00, 1.049,  17.2,  13.4, 1020.4,-0.010, 0.057,   35,   4.2,   2.0
20-Jun-2022 00:00, 1.087,  17.2,  13.5, 1021.2,-0.017, 0.055,   37,   4.2,   2.5
20-Jun-2022 01:00, 1.122,  17.2,  14.9, 1021.3,-0.011, 0.068,   32,   4.8,   2.7
20-Jun-2022 02:00, 1.145,  17.3,  16.8, 1021.4,-0.005, 0.075,   25,   4.1,   2.4
20-Jun-2022 03:00, 1.154,  17.2,  17.8, 1021.3,-0.013, 0.068,  323,   4.2,   2.3
20-Jun-2022 04:00, 1.148,  17.3,  16.6, 1020.8,-0.017, 0.063,  356,   6.0,   2.4
20-Jun-2022 05:00, 1.137,  17.3,  18.0, 1020.1,-0.018, 0.056,  340,   5.0,   1.8
20-Jun-2022 06:00, 1.137,  17.3,  17.9, 1019.9,-0.015, 0.053,  329,   4.3,   2.8
20-Jun-2022 07:00, 1.110,  17.3,  18.0, 1020.0,-0.019, 0.046,  245,   4.5,   1.4
20-Jun-2022 08:00, 1.093,  17.4,  17.3, 1020.3,-0.001, 0.066,  315,   2.7,   1.1
20-Jun-2022 09:00, 1.026,  17.4,  17.3, 1020.2,-0.020, 0.049,  348,   2.8,   1.7
20-Jun-2022 10:00, 0.993,  17.4,  16.4, 1020.5, 0.006, 0.075,    5,   4.6,   2.5
20-Jun-2022 11:00, 0.935,  17.4,  16.1, 1020.7,-0.006, 0.066,   47,   3.1,   1.0
20-Jun-2022 12:00, 0.922,  17.4,  16.4, 1021.3, 0.009, 0.084,  263,   3.5,   2.1
20-Jun-2022 13:00, 0.911,  17.4,  16.0, 1021.3, 0.019, 0.099,   90,   3.1,   0.7
20-Jun-2022 14:00, 0.871,  17.4,  15.8, 1021.0,-0.001, 0.079,   62,   2.9,   1.8
20-Jun-2022 15:00, 0.847,  17.5,  15.6, 1020.9,-0.021, 0.056,   68,   3.5,   1.8
20-Jun-2022 16:00, 0.877,  17.5,  15.6, 1020.9, 0.010, 0.086,  162,   2.7,   0.0
20-Jun-2022 17:00, 0.853,  17.5,  15.5, 1020.6,-0.018, 0.057,   72,   1.3,   0.9
20-Jun-2022 18:00, 0.903,  17.5,  15.2, 1020.5, 0.000, 0.073,   32,   1.4,   0.9
20-Jun-2022 19:00, 0.942,  17.5,  15.3, 1020.3, 0.000, 0.072,   51,   1.6,   0.8
20-Jun-2022 20:00, 0.976,  17.5,  14.8, 1020.0,-0.003, 0.067,   66,   1.9,   1.0
20-Jun-2022 21:00, 1.031,  17.5,  14.9, 1020.2, 0.015, 0.082,   69,   2.3,   1.1
20-Jun-2022 22:00, 1.059,  17.5,  15.1, 1020.2, 0.016, 0.085,   49,   4.0,   1.7
20-Jun-2022 23:00, 1.051,  17.5,  15.3, 1020.6,-0.013, 0.056,   36,   4.8,   2.6
21-Jun-2022 00:00, 1.099,  17.6,  15.5, 1021.5, 0.013, 0.086,   31,   4.5,   2.6
21-Jun-2022 01:00, 1.084,  17.6,  15.9, 1021.9,-0.019, 0.063,   32,   6.0,   3.6
21-Jun-2022 02:00, 1.088,  17.5,  17.0, 1021.5,-0.015, 0.071,   31,   6.6,   3.2
21-Jun-2022 03:00, 1.114,  17.5,  18.4, 1020.9, 0.013, 0.094,   30,   6.6,   4.1
21-Jun-2022 04:00, 1.094,  17.4,  19.7, 1020.0,-0.004, 0.071,    0,   7.3,   3.5
21-Jun-2022 05:00, 1.085,  17.4,  19.9, 1019.0, 0.006, 0.072,  334,   6.9,   3.8
21-Jun-2022 06:00, 1.056,  17.4,  19.9, 1018.5,-0.010, 0.046,  333,   5.8,   3.0
21-Jun-2022 07:00, 1.052,  17.5,  20.2, 1018.4,-0.005, 0.047,  335,   4.6,   2.3
21-Jun-2022 08:00, 1.058,  17.7,  20.1, 1018.4, 0.025, 0.076,  336,   4.4,   2.0
21-Jun-2022 09:00, 1.009,  17.7,  19.7, 1018.7, 0.003, 0.054,  329,   4.5,   2.4
21-Jun-2022 10:00, 0.970,  17.7,  18.7, 1019.0,-0.002, 0.052,   16,   3.5,   1.2
21-Jun-2022 11:00, 0.944,  17.7,  17.8, 1019.2, 0.004, 0.062,   58,   2.0,   1.4
21-Jun-2022 12:00, 0.913,  17.7,  17.1, 1019.4,-0.009, 0.050,   54,   2.2,   1.6
21-Jun-2022 13:00, 0.944,  17.7,  16.8, 1019.5, 0.019, 0.081,   44,   2.5,   1.6
21-Jun-2022 14:00, 0.959,  17.7,  15.7, 1019.6, 0.035, 0.097,   36,   3.2,   1.8
21-Jun-2022 15:00, 0.918,  17.7,  15.8, 1019.4,-0.006, 0.057,   37,   3.6,   2.3
21-Jun-2022 16:00, 0.944,  17.7,  15.1, 1019.3, 0.010, 0.071,   36,   4.5,   3.1
21-Jun-2022 17:00, 0.960,  17.7,  15.0, 1018.9, 0.016, 0.076,   36,   4.7,   3.1
21-Jun-2022 18:00, 0.985,  17.7,  14.6, 1018.7, 0.022, 0.078,   41,   4.9,   2.3
21-Jun-2022 19:00, 1.024,  17.6,  14.6, 1018.7, 0.021, 0.075,   35,   4.9,   3.1
21-Jun-2022 20:00, 1.068,  17.6,  14.6, 1018.5, 0.026, 0.080,   34,   5.8,   3.1
21-Jun-2022 21:00, 1.109,  17.5,  14.5, 1018.6, 0.033, 0.085,   33,   5.7,   2.8
21-Jun-2022 22:00, 1.114,  17.4,  14.3, 1019.1, 0.014, 0.068,   30,   4.5,   2.7
21-Jun-2022 23:00, 1.138,  17.4,  14.2, 1019.3, 0.031, 0.089,   32,   5.7,   3.5
22-Jun-2022 00:00, 1.114,  17.3,  15.0, 1019.9, 0.011, 0.071,   28,   5.8,   2.9
22-Jun-2022 01:00, 1.115,  17.4,  16.5, 1020.6, 0.017, 0.084,    1,   4.6,   2.1
22-Jun-2022 02:00, 1.116,  17.3,  17.4, 1021.0, 0.030, 0.103,  350,   3.5,   2.3
22-Jun-2022 03:00, 1.062,  17.3,  17.4, 1021.0, 0.000, 0.077,  315,   5.4,   2.1
22-Jun-2022 04:00, 1.050,  17.3,  18.9, 1020.4, 0.006, 0.082,  291,   4.7,   2.7
22-Jun-2022 05:00, 1.034,  17.4,  19.5, 1019.6, 0.010, 0.080,  263,   5.5,   1.7
22-Jun-2022 06:00, 1.002,  17.4,  19.9, 1019.2, 0.003, 0.066,  254,   5.6,   4.1
22-Jun-2022 07:00, 0.979,  17.5,  19.8, 1019.4,-0.004, 0.055,  232,   7.5,   3.0
22-Jun-2022 08:00, 0.978,  17.5,  19.7, 1019.8, 0.010, 0.072,  233,   5.2,   3.1
22-Jun-2022 09:00, 0.941,  17.5,  19.7, 1019.9,-0.007, 0.058,  223,   4.8,   2.3
22-Jun-2022 10:00, 0.917,  17.5,  19.6, 1020.5,-0.015, 0.052,  225,   4.1,   2.3
22-Jun-2022 11:00, 0.923,  17.6,  19.7, 1020.8, 0.006, 0.078,  235,   4.7,   3.2
22-Jun-2022 12:00, 0.896,  17.6,  19.6, 1021.1,-0.013, 0.062,  237,   5.3,   3.0
22-Jun-2022 13:00, 0.914,  17.6,  19.4, 1021.2,-0.003, 0.075,  245,   5.7,   2.3
22-Jun-2022 14:00, 0.971,  17.6,  19.5, 1021.4, 0.032, 0.112,  250,   3.8,   2.9
22-Jun-2022 15:00, 0.954,  17.6,  19.6, 1021.3, 0.001, 0.082,  254,   5.7,   4.3
22-Jun-2022 16:00, 0.966,  17.6,  19.3, 1021.1,-0.003, 0.077,  241,   6.2,   3.6
22-Jun-2022 17:00, 1.023,  17.6,  19.3, 1020.9, 0.029, 0.107,  246,   6.4,   3.3
22-Jun-2022 18:00, 1.015,  17.6,  19.2, 1020.9,-0.004, 0.072,  242,   5.3,   3.3
22-Jun-2022 19:00, 1.041,  17.6,  19.1, 1020.8,-0.015, 0.061,  270,   4.8,   1.8
22-Jun-2022 20:00, 1.107,  17.6,  16.0, 1020.9, 0.005, 0.080,   45,   3.3,   1.7
22-Jun-2022 21:00, 1.140,  17.6,  15.7, 1021.2, 0.000, 0.076,   41,   2.8,   1.1
22-Jun-2022 22:00, 1.123,  17.6,  15.1, 1021.3,-0.041, 0.038,   69,   2.4,   1.0
22-Jun-2022 23:00, 1.165,  17.6,  14.6, 1021.7,-0.003, 0.077,   37,   2.6,   1.7
23-Jun-2022 00:00, 1.127,  17.6,  14.9, 1022.3,-0.025, 0.060,   70,   4.1,   1.5
23-Jun-2022 01:00, 1.068,  17.6,  16.5, 1022.6,-0.052, 0.038,   36,   2.6,   1.0
23-Jun-2022 02:00, 1.065,  17.6,  17.5, 1023.1,-0.025, 0.069,   42,   3.7,   1.0
23-Jun-2022 03:00, 1.001,  17.6,  17.3, 1023.0,-0.051, 0.047,  167,   3.9,   1.3
23-Jun-2022 04:00, 0.945,  17.6,  19.6, 1022.2,-0.066, 0.030,   50,   2.7,   0.7
23-Jun-2022 05:00, 0.955,  17.6,  18.4, 1021.4,-0.026, 0.062,  243,   2.8,   2.1
23-Jun-2022 06:00, 0.860,  17.7,  15.9, 1021.5,-0.092,-0.012,  173,   9.1,   2.8
23-Jun-2022 07:00, 0.812,  17.7,  15.2, 1022.0,-0.113,-0.030,  157,   7.6,   2.8
23-Jun-2022 08:00, 0.822,  17.7,  15.9, 1022.1,-0.084, 0.003,  148,   5.6,   2.2
23-Jun-2022 09:00, 0.776,  17.7,  15.7, 1022.6,-0.117,-0.029,  151,   6.1,   1.5
23-Jun-2022 10:00, 0.782,  17.7,  15.6, 1023.0,-0.102,-0.008,  157,   2.8,   0.4
23-Jun-2022 11:00, 0.770,  17.6,  15.5, 1023.0,-0.112,-0.015,   83,   1.9,   1.0
23-Jun-2022 12:00, 0.792,  17.6,  15.5, 1023.4,-0.095, 0.002,  112,   1.2,   0.1
23-Jun-2022 13:00, 0.829,  17.6,  16.1, 1024.1,-0.070, 0.032,  151,   4.6,   1.7
23-Jun-2022 14:00, 0.838,  17.6,  15.5, 1024.1,-0.086, 0.022,  138,   5.2,   0.8
23-Jun-2022 15:00, 0.873,  17.6,  15.3, 1024.3,-0.082, 0.026,  163,   3.9,   1.6
23-Jun-2022 16:00, 0.903,  17.6,  14.9, 1024.2,-0.077, 0.033,  139,   4.3,   0.9
23-Jun-2022 17:00, 0.911,  17.6,  14.6, 1024.1,-0.099, 0.010,  155,   3.4,   1.9
23-Jun-2022 18:00, 0.978,  17.6,  13.8, 1024.4,-0.073, 0.035,   89,   3.9,   0.8
23-Jun-2022 19:00, 1.012,  17.6,  14.1, 1024.4,-0.084, 0.027,  101,   2.9,   0.7
23-Jun-2022 20:00, 1.071,  17.6,  13.5, 1024.2,-0.075, 0.035,   83,   4.0,   2.1
23-Jun-2022 21:00, 1.107,  17.6,  13.3, 1024.7,-0.087, 0.022,   83,   4.4,   2.0
23-Jun-2022 22:00, 1.144,  17.6,  13.0, 1025.2,-0.081, 0.033,  104,   4.4,   1.0
23-Jun-2022 23:00, 1.149,  17.5,  12.1, 1026.0,-0.081, 0.038,  164,   3.7,   0.8
24-Jun-2022 00:00, 1.113,  17.5,  12.8, 1026.6,-0.098, 0.029,   93,   2.2,   0.6
24-Jun-2022 01:00, 1.083,  17.5,  14.0, 1026.6,-0.084, 0.049,   90,   4.2,   1.9
24-Jun-2022 02:00, 1.002,  17.5,  15.6, 1026.6,-0.109, 0.025,   85,   4.8,   1.8
24-Jun-2022 03:00, 0.943,  17.6,  16.4, 1026.0,-0.114, 0.018,  133,   5.1,   1.0
24-Jun-2022 04:00, 0.918,  17.6,  17.1, 1025.1,-0.085, 0.041,  125,   3.5,   1.3
24-Jun-2022 05:00, 0.836,  17.6,  18.1, 1024.3,-0.116, 0.001,  197,   4.2,   1.0
24-Jun-2022 06:00, 0.821,  17.7,  17.8, 1023.9,-0.094, 0.015,  214,   4.1,   2.4
24-Jun-2022 07:00, 0.785,  17.7,  17.2, 1023.8,-0.100, 0.006,  202,   5.3,   2.8
24-Jun-2022 08:00, 0.758,  17.7,  17.0, 1023.8,-0.099, 0.005,  201,   5.7,   2.9
24-Jun-2022 09:00, 0.739,  17.7,  16.6, 1024.2,-0.104, 0.001,  202,   6.2,   2.9
24-Jun-2022 10:00, 0.735,  17.7,  16.4, 1024.6,-0.104, 0.005,  202,   6.3,   2.5
24-Jun-2022 11:00, 0.732,  17.6,  15.4, 1025.0,-0.113, 0.000,  151,   5.6,   1.4
24-Jun-2022 12:00, 0.763,  17.7,  14.5, 1025.5,-0.098, 0.020,  117,   4.2,   0.8
24-Jun-2022 13:00, 0.778,  17.6,  13.8, 1025.2,-0.104, 0.017,   87,   2.8,   0.6
24-Jun-2022 14:00, 0.803,  17.6,  13.5, 1025.1,-0.101, 0.018,   91,   2.2,   0.7
24-Jun-2022 15:00, 0.850,  17.6,  13.4, 1024.8,-0.086, 0.032,  149,   2.3,   0.7
24-Jun-2022 16:00, 0.878,  17.6,  12.6, 1024.5,-0.094, 0.021,   93,   2.2,   0.5
24-Jun-2022 17:00, 0.930,  17.6,  13.2, 1024.5,-0.077, 0.034,  146,   1.6,   0.7
24-Jun-2022 18:00, 0.964,  17.6,  12.8, 1024.9,-0.088, 0.024,  146,   1.6,   0.7
24-Jun-2022 19:00, 1.001,  17.6,  12.5, 1024.7,-0.112, 0.004,   99,   2.4,   0.9
24-Jun-2022 20:00, 1.073,  17.6,  12.1, 1024.9,-0.099, 0.015,   86,   2.2,   0.6
24-Jun-2022 21:00, 1.127,  17.6,  12.4, 1024.9,-0.100, 0.015,   69,   2.3,   1.5
24-Jun-2022 22:00, 1.150,  17.6,  12.4, 1024.8,-0.120,-0.005,   97,   4.2,   1.2
24-Jun-2022 23:00, 1.200,  17.6,  12.0, 1025.1,-0.084, 0.030,   68,   4.4,   2.7
25-Jun-2022 00:00, 1.141,  17.6,  11.7, 1026.1,-0.127,-0.008,   63,   4.3,   2.3
25-Jun-2022 01:00, 1.103,  17.6,  13.8, 1026.1,-0.121, 0.006,   62,   5.0,   2.3
25-Jun-2022 02:00, 1.045,  17.6,  15.6, 1026.5,-0.109, 0.020,   36,   4.8,   1.9
25-Jun-2022 03:00, 0.953,  17.6,  17.2, 1025.9,-0.122, 0.009,   58,   4.8,   1.9
25-Jun-2022 04:00, 0.887,  17.6,  18.1, 1024.9,-0.119, 0.006,   74,   5.0,   1.9
25-Jun-2022 05:00, 0.843,  17.6,  18.0, 1024.2,-0.099, 0.016,  170,   4.8,   1.8
25-Jun-2022 06:00, 0.764,  17.6,  18.8, 1023.6,-0.125,-0.017,  163,   4.3,   1.8
25-Jun-2022 07:00, 0.730,  17.7,  19.0, 1023.7,-0.121,-0.018,  156,   4.9,   1.4
25-Jun-2022 08:00, 0.729,  17.7,  18.9, 1024.0,-0.093, 0.010,  144,   4.9,   1.3
25-Jun-2022 09:00, 0.680,  17.7,  18.4, 1024.6,-0.122,-0.014,  110,   3.3,   0.7
25-Jun-2022 10:00, 0.662,  17.7,  16.9, 1024.8,-0.137,-0.024,   75,   2.0,   1.2
25-Jun-2022 11:00, 0.682,  17.7,  15.6, 1025.4,-0.129,-0.013,   76,   2.4,   1.2
25-Jun-2022 12:00, 0.691,  17.7,  14.3, 1025.9,-0.142,-0.021,   76,   3.9,   2.4
25-Jun-2022 13:00, 0.714,  17.6,  13.4, 1026.2,-0.149,-0.023,   76,   3.9,   2.2
25-Jun-2022 14:00, 0.762,  17.6,  12.6, 1026.0,-0.129,-0.001,   76,   3.7,   2.5
25-Jun-2022 15:00, 0.767,  17.6,  11.8, 1025.7,-0.148,-0.022,   72,   3.8,   2.6
25-Jun-2022 16:00, 0.813,  17.6,  11.0, 1025.4,-0.136,-0.012,   68,   4.3,   2.1
25-Jun-2022 17:00, 0.860,  17.6,  11.0, 1025.4,-0.130,-0.010,   76,   4.1,   1.8
25-Jun-2022 18:00, 0.919,  17.5,  11.7, 1025.6,-0.119, 0.002,   77,   4.3,   2.9
25-Jun-2022 19:00, 0.962,  17.5,  11.1, 1025.4,-0.138,-0.015,   74,   4.6,   2.9
25-Jun-2022 20:00, 1.061,  17.4,  11.2, 1024.5,-0.114, 0.006,   69,   6.2,   3.7
25-Jun-2022 21:00, 1.118,  17.4,  10.7, 1024.1,-0.123,-0.012,   65,   6.1,   3.9
25-Jun-2022 22:00, 1.171,  17.4,  11.1, 1024.1,-0.124,-0.016,   66,   6.4,   4.4
25-Jun-2022 23:00, 1.210,  17.3,  11.7, 1024.4,-0.114,-0.006,   69,   7.5,   4.7
26-Jun-2022 00:00, 1.202,  17.3,  12.1, 1024.9,-0.114,-0.003,   66,   7.5,   4.1
26-Jun-2022 01:00, 1.179,  17.3,  14.1, 1025.4,-0.098, 0.018,   64,   7.6,   4.0
26-Jun-2022 02:00, 1.120,  17.3,  16.6, 1025.5,-0.088, 0.033,   42,   8.5,   4.5
26-Jun-2022 03:00, 1.012,  17.3,  18.4, 1024.9,-0.104, 0.017,   36,  10.0,   4.7
26-Jun-2022 04:00, 0.954,  17.3,  20.3, 1024.3,-0.069, 0.046,   20,   9.7,   4.3
26-Jun-2022 05:00, 0.869,  17.4,  20.9, 1023.5,-0.077, 0.032,   27,   7.8,   4.0
26-Jun-2022 06:00, 0.811,  17.4,  21.7, 1023.0,-0.068, 0.033,   22,   7.1,   3.3
26-Jun-2022 07:00, 0.768,  17.4,  22.1, 1023.0,-0.058, 0.038,  339,   5.9,   2.0
26-Jun-2022 08:00, 0.745,  17.4,  21.8, 1023.1,-0.048, 0.049,  338,   4.1,   1.3
26-Jun-2022 09:00, 0.707,  17.5,  21.8, 1023.3,-0.063, 0.035,   24,   2.9,   1.4
26-Jun-2022 10:00, 0.714,  17.5,  20.0, 1023.6,-0.048, 0.052,   60,   2.4,   1.3
26-Jun-2022 11:00, 0.720,  17.5,  18.8, 1023.7,-0.057, 0.046,   65,   3.2,   2.0
26-Jun-2022 12:00, 0.755,  17.5,  17.9, 1023.9,-0.049, 0.055,   47,   3.6,   1.8
26-Jun-2022 13:00, 0.793,  17.5,  17.3, 1023.8,-0.048, 0.058,   55,   3.8,   2.0
26-Jun-2022 14:00, 0.838,  17.5,  16.7, 1024.0,-0.040, 0.065,   41,   4.0,   1.7
26-Jun-2022 15:00, 0.859,  17.5,  16.2, 1024.2,-0.045, 0.063,   35,   4.3,   2.6
26-Jun-2022 16:00, 0.894,  17.5,  16.1, 1024.2,-0.032, 0.077,   33,   5.7,   3.1
26-Jun-2022 17:00, 0.921,  17.6,  15.9, 1024.4,-0.041, 0.068,   16,   5.5,   2.2
26-Jun-2022 18:00, 0.992,  17.6,  15.3, 1024.5,-0.021, 0.090,   25,   3.2,   1.9
26-Jun-2022 19:00, 1.041,  17.5,  14.6, 1024.7,-0.033, 0.079,   23,   2.7,   1.2
26-Jun-2022 20:00, 1.088,  17.4,  14.2, 1024.2,-0.064, 0.049,   46,   3.0,   1.9
26-Jun-2022 21:00, 1.216,  17.5,  13.8, 1024.6,-0.016, 0.093,   49,   3.2,   1.9
26-Jun-2022 22:00, 1.256,  17.5,  13.6, 1025.0,-0.042, 0.071,   38,   4.2,   2.1
26-Jun-2022 23:00, 1.290,  17.4,  14.1, 1025.3,-0.052, 0.065,   31,   4.2,   2.4
27-Jun-2022 00:00, 1.323,  17.4,  14.3, 1026.1,-0.028, 0.092,   33,   4.1,   2.3
27-Jun-2022 01:00, 1.283,  17.4,  16.1, 1026.5,-0.040, 0.088,   26,   3.5,   2.1
27-Jun-2022 02:00, 1.243,  17.3,  18.9, 1026.6,-0.019, 0.113,    6,   3.7,   2.4
27-Jun-2022 03:00, 1.149,  17.3,  19.3, 1026.4,-0.023, 0.110,  332,   4.5,   2.3
27-Jun-2022 04:00, 1.041,  17.3,  19.6, 1026.2,-0.024, 0.107,  336,   4.1,   2.2
27-Jun-2022 05:00, 0.949,  17.3,  20.3, 1025.5,-0.016, 0.112,  323,   3.7,   2.2
27-Jun-2022 06:00, 0.867,  17.4,  20.4, 1025.1,-0.019, 0.102,  241,   5.8,   4.3
27-Jun-2022 07:00, 0.807,  17.5,  20.2, 1025.3,-0.013, 0.105,  235,   6.7,   4.6
27-Jun-2022 08:00, 0.762,  17.5,  19.5, 1025.7,-0.011, 0.109,  217,   7.7,   4.4
27-Jun-2022 09:00, 0.717,  17.5,  17.2, 1026.1,-0.028, 0.096,  189,   8.5,   3.2
27-Jun-2022 10:00, 0.681,  17.5,  16.9, 1026.8,-0.051, 0.077,  175,   7.9,   2.5
27-Jun-2022 11:00, 0.700,  17.6,  17.0, 1027.5,-0.044, 0.091,  165,   8.8,   4.0
27-Jun-2022 12:00, 0.704,  17.7,  16.7, 1028.2,-0.070, 0.072,  157,   8.3,   3.3
27-Jun-2022 13:00, 0.763,  17.7,  16.3, 1028.5,-0.052, 0.096,  156,   6.7,   3.9
27-Jun-2022 14:00, 0.769,  17.6,  15.4, 1028.9,-0.089, 0.063,  152,   5.8,   2.6
27-Jun-2022 15:00, 0.792,  17.6,  14.7, 1028.9,-0.098, 0.058,  148,   5.7,   2.0
27-Jun-2022 16:00, 0.828,  17.6,  14.3, 1028.9,-0.083, 0.072,  145,   3.9,   1.4
27-Jun-2022 17:00, 0.852,  17.6,  13.2, 1029.0,-0.081, 0.074,   89,   2.8,   0.8
27-Jun-2022 18:00, 0.879,  17.5,  12.5, 1029.4,-0.098, 0.059,   80,   2.2,   0.8
27-Jun-2022 19:00, 0.927,  17.5,  12.2, 1029.5,-0.113, 0.048,   91,   2.3,   0.5
27-Jun-2022 20:00, 0.993,  17.5,  11.9, 1029.4,-0.123, 0.038,   85,   2.4,   0.9
27-Jun-2022 21:00, 1.081,  17.4,  11.1, 1029.7,-0.121, 0.039,  106,   2.6,   0.4
27-Jun-2022 22:00, 1.147,  17.4,  10.8, 1029.8,-0.133, 0.031,   97,   2.0,   0.5
27-Jun-2022 23:00, 1.199,  17.5,  10.4, 1030.3,-0.140, 0.025,   77,   3.0,   1.8
28-Jun-2022 00:00, 1.236,  17.4,  10.8, 1030.8,-0.131, 0.038,   93,   2.8,   1.1
28-Jun-2022 01:00, 1.219,  17.4,  12.5, 1031.2,-0.137, 0.038,  126,   2.8,   0.8
28-Jun-2022 02:00, 1.171,  17.4,  14.3, 1031.3,-0.138, 0.040,   99,   4.4,   1.5
28-Jun-2022 03:00, 1.090,  17.5,  15.1, 1031.2,-0.139, 0.041,  136,   5.5,   1.7
28-Jun-2022 04:00, 0.962,  17.5,  16.2, 1030.2,-0.163, 0.015,  126,   4.7,   1.8
28-Jun-2022 05:00, 0.888,  17.6,  17.1, 1029.3,-0.122, 0.045,  106,   6.1,   1.2
28-Jun-2022 06:00, 0.783,  17.6,  16.7, 1028.5,-0.127, 0.031,  163,   4.9,   2.3
28-Jun-2022 07:00, 0.694,  17.6,  16.8, 1028.1,-0.139, 0.012,  208,   5.2,   2.7
28-Jun-2022 08:00, 0.680,  17.6,  17.3, 1028.0,-0.091, 0.056,  139,   5.0,   1.6
28-Jun-2022 09:00, 0.600,  17.6,  16.6, 1028.3,-0.132, 0.014,  131,   6.1,   0.9
28-Jun-2022 10:00, 0.570,  17.6,  15.4, 1029.1,-0.143, 0.007,  156,   5.1,   2.7
28-Jun-2022 11:00, 0.586,  17.6,  14.3, 1029.6,-0.130, 0.028,  127,   4.8,   0.3
28-Jun-2022 12:00, 0.567,  17.5,  13.7, 1030.0,-0.178,-0.015,  145,   3.3,   1.3
28-Jun-2022 13:00, 0.620,  17.5,  12.7, 1030.2,-0.166, 0.001,  141,   4.5,   1.3
28-Jun-2022 14:00, 0.671,  17.6,  12.0, 1030.3,-0.161, 0.007,  146,   3.3,   1.5
28-Jun-2022 15:00, 0.687,  17.6,  11.6, 1030.5,-0.183,-0.014,  136,   2.7,   1.2
28-Jun-2022 16:00, 0.713,  17.7,  11.3, 1030.5,-0.182,-0.011,  148,   3.2,   1.5
28-Jun-2022 17:00, 0.761,  17.7,  10.4, 1030.3,-0.152, 0.020,  120,   2.7,   0.7
28-Jun-2022 18:00, 0.762,  17.6,   9.8, 1030.2,-0.179,-0.009,  105,   3.3,   0.4
28-Jun-2022 19:00, 0.819,  17.5,   9.1, 1030.4,-0.178,-0.010,   83,   2.2,   0.7
28-Jun-2022 20:00, 0.892,  17.5,   9.3, 1030.6,-0.179,-0.008,  119,   3.1,   0.8
28-Jun-2022 21:00, 0.989,  17.5,   9.1, 1030.5,-0.168, 0.004,  123,   3.0,   1.0
28-Jun-2022 22:00, 1.066,  17.5,   9.3, 1030.7,-0.177,-0.005,   92,   4.1,   1.6
28-Jun-2022 23:00, 1.132,  17.5,   8.9, 1031.0,-0.181,-0.008,   81,   4.9,   2.5
29-Jun-2022 00:00, 1.196,  17.4,   9.4, 1031.7,-0.165, 0.012,   80,   6.1,   3.3
29-Jun-2022 01:00, 1.178,  17.4,  10.6, 1032.1,-0.192,-0.008,   78,   7.9,   4.4
29-Jun-2022 02:00, 1.171,  17.4,  12.2, 1032.4,-0.170, 0.018,   80,   7.3,   4.4
29-Jun-2022 03:00, 1.101,  17.4,  13.9, 1031.6,-0.178, 0.012,   70,   9.0,   5.8
29-Jun-2022 04:00, 1.010,  17.4,  14.7, 1030.7,-0.176, 0.005,   70,   9.4,   3.8
29-Jun-2022 05:00, 0.934,  17.2,  15.6, 1029.9,-0.140, 0.032,   87,   6.5,   1.9
29-Jun-2022 06:00, 0.838,  17.3,  16.2, 1029.6,-0.121, 0.044,   93,   6.5,   2.5
29-Jun-2022 07:00, 0.699,  17.3,  16.6, 1029.4,-0.165,-0.003,   87,   6.3,   1.9
29-Jun-2022 08:00, 0.696,  17.4,  16.5, 1029.3,-0.095, 0.066,   84,   6.0,   1.8
29-Jun-2022 09:00, 0.599,  17.3,  15.5, 1029.2,-0.139, 0.020,   90,   5.0,   2.4
29-Jun-2022 10:00, 0.556,  17.3,  14.3, 1029.7,-0.153, 0.006,   92,   5.6,   1.3
29-Jun-2022 11:00, 0.567,  17.3,  13.2, 1030.4,-0.134, 0.031,  100,   4.6,   1.1
29-Jun-2022 12:00, 0.574,  17.3,  12.5, 1030.7,-0.148, 0.023,   91,   5.9,   1.3
29-Jun-2022 13:00, 0.620,  17.3,  11.7, 1030.9,-0.140, 0.034,   98,   3.3,   0.9
29-Jun-2022 14:00, 0.674,  17.2,  11.5, 1030.9,-0.129, 0.046,  101,   1.9,   0.5
29-Jun-2022 15:00, 0.707,  17.1,  11.4, 1030.7,-0.139, 0.036,   76,   2.5,   0.6
29-Jun-2022 16:00, 0.734,  17.1,  11.4, 1030.4,-0.140, 0.033,   68,   2.7,   0.8
29-Jun-2022 17:00, 0.771,  17.1,  10.9, 1030.0,-0.123, 0.047,   76,   2.1,   0.4
29-Jun-2022 18:00, 0.799,  17.1,  11.1, 1029.7,-0.115, 0.052,   92,   3.3,   1.0
29-Jun-2022 19:00, 0.820,  17.1,  11.9, 1029.5,-0.135, 0.029,   82,   3.9,   1.7
29-Jun-2022 20:00, 0.912,  17.1,  11.9, 1029.6,-0.111, 0.050,   82,   4.5,   1.5
29-Jun-2022 21:00, 0.999,  17.0,  11.7, 1030.2,-0.106, 0.057,   84,   3.9,   1.8
29-Jun-2022 22:00, 1.088,  17.0,  10.4, 1030.7,-0.107, 0.062,  133,   3.3,   0.4
29-Jun-2022 23:00, 1.170,  17.0,   9.5, 1031.2,-0.101, 0.073,  131,   1.5,   0.7
30-Jun-2022 00:00, 1.241,  17.0,   9.9, 1031.3,-0.091, 0.088,  104,   1.8,   0.6
30-Jun-2022 01:00, 1.258,  17.0,  12.3, 1031.2,-0.105, 0.074,   76,   4.4,   2.4
30-Jun-2022 02:00, 1.268,  17.1,  13.5, 1031.4,-0.087, 0.092,   66,   5.9,   2.8
30-Jun-2022 03:00, 1.241,  17.0,  15.3, 1031.1,-0.072, 0.108,   44,   8.6,   3.3
30-Jun-2022 04:00, 1.146,  17.1,  15.9, 1030.1,-0.092, 0.085,   63,   9.0,   3.5
30-Jun-2022 05:00, 1.068,  17.1,  16.4, 1029.0,-0.071, 0.095,   70,   6.8,   3.5
30-Jun-2022 06:00, 0.975,  17.1,  17.4, 1028.3,-0.050, 0.105,   73,   7.0,   3.0
30-Jun-2022 07:00, 0.838,  17.0,  17.8, 1028.2,-0.075, 0.074,   74,   6.1,   3.2
30-Jun-2022 08:00, 0.782,  17.1,  17.7, 1028.3,-0.044, 0.104,   70,   5.8,   2.0
30-Jun-2022 09:00, 0.720,  17.1,  17.2, 1028.7,-0.042, 0.108,   82,   4.7,   2.1
30-Jun-2022 10:00, 0.673,  17.1,  15.7, 1029.1,-0.050, 0.104,  103,   3.5,   0.6
30-Jun-2022 11:00, 0.655,  17.1,  14.7, 1029.7,-0.049, 0.109,   85,   2.1,   1.0
30-Jun-2022 12:00, 0.644,  17.1,  13.6, 1030.3,-0.067, 0.097,   97,   2.3,   0.5
30-Jun-2022 13:00, 0.688,  17.1,  13.0, 1031.0,-0.056, 0.115,  133,   2.9,   0.4
30-Jun-2022 14:00, 0.714,  17.1,  11.9, 1030.7,-0.068, 0.108,   82,   3.9,   1.5
30-Jun-2022 15:00, 0.773,  17.1,  11.3, 1030.2,-0.050, 0.123,   79,   5.5,   2.3
30-Jun-2022 16:00, 0.790,  17.0,  10.6, 1030.1,-0.066, 0.102,   72,   4.0,   1.8
30-Jun-2022 17:00, 0.810,  17.0,  10.1, 1030.0,-0.066, 0.101,   88,   2.7,   1.2
30-Jun-2022 18:00, 0.864,  16.9,   9.8, 1029.6,-0.031, 0.135,   78,   5.9,   3.8
30-Jun-2022 19:00, 0.866,  16.9,   9.6, 1029.6,-0.056, 0.107,   77,   6.0,   3.7
30-Jun-2022 20:00, 0.924,  16.8,   9.3, 1029.6,-0.052, 0.110,  112,   5.7,   1.2
30-Jun-2022 21:00, 1.018,  16.8,   8.7, 1029.5,-0.034, 0.128,   70,   3.5,   0.7
30-Jun-2022 22:00, 1.095,  16.8,   9.0, 1029.6,-0.044, 0.117,   73,   2.9,   1.3
30-Jun-2022 23:00, 1.172,  16.8,   9.0, 1030.4,-0.048, 0.115,   78,   2.5,   1.2
01-Jul-2022 00:00, 1.254,  16.8,  10.0, 1031.1,-0.030, 0.141,  105,   2.1,   0.6
01-Jul-2022 01:00, 1.280,  16.8,  11.4, 1031.2,-0.054, 0.124,   64,   3.7,   2.1
01-Jul-2022 02:00, 1.312,  16.8,  13.3, 1031.2,-0.035, 0.144,   32,   5.4,   3.0
01-Jul-2022 03:00, 1.283,  16.8,  15.4, 1030.8,-0.042, 0.136,   30,   6.2,   3.2
01-Jul-2022 04:00, 1.224,  16.8,  16.7, 1030.2,-0.049, 0.125,   43,   4.6,   1.7
01-Jul-2022 05:00, 1.148,  16.8,  16.5, 1029.3,-0.042, 0.126,  244,   3.9,   3.1
01-Jul-2022 06:00, 1.054,  16.8,  17.0, 1028.7,-0.035, 0.124,  234,   3.4,   2.0
01-Jul-2022 07:00, 0.918,  16.8,  17.4, 1028.4,-0.058, 0.095,  214,   4.6,   2.0
01-Jul-2022 08:00, 0.864,  16.8,  18.8, 1028.3,-0.011, 0.139,   99,   5.1,   1.0
01-Jul-2022 09:00, 0.754,  16.9,  18.2, 1028.7,-0.044, 0.106,   75,   3.9,   1.9
01-Jul-2022 10:00, 0.713,  16.9,  16.5, 1029.0,-0.035, 0.119,   79,   2.6,   1.5
01-Jul-2022 11:00, 0.703,  16.8,  14.9, 1029.6,-0.021, 0.136,   73,   2.9,   2.1
01-Jul-2022 12:00, 0.642,  16.9,  14.1, 1029.8,-0.076, 0.087,   75,   3.3,   2.3
01-Jul-2022 13:00, 0.704,  16.9,  13.0, 1029.8,-0.035, 0.129,   75,   3.1,   2.0
01-Jul-2022 14:00, 0.723,  16.8,  12.3, 1029.8,-0.051, 0.113,   80,   3.1,   1.4
01-Jul-2022 15:00, 0.738,  16.8,  11.7, 1029.6,-0.071, 0.093,   99,   2.5,   0.5
01-Jul-2022 16:00, 0.791,  16.8,  11.0, 1029.3,-0.051, 0.111,  125,   2.0,   0.6
01-Jul-2022 17:00, 0.826,  16.8,  10.3, 1029.1,-0.038, 0.122,   75,   2.2,   0.8
01-Jul-2022 18:00, 0.829,  16.7,   9.9, 1028.9,-0.054, 0.103,   93,   2.3,   0.7
01-Jul-2022 19:00, 0.849,  16.7,  10.0, 1028.8,-0.056, 0.099,   80,   3.1,   1.9
01-Jul-2022 20:00, 0.896,  16.7,   9.7, 1028.4,-0.047, 0.107,   76,   4.4,   2.3
01-Jul-2022 21:00, 0.966,  16.7,   8.9, 1028.6,-0.041, 0.109,   66,   4.4,   2.5
01-Jul-2022 22:00, 1.033,  16.6,   9.5, 1028.8,-0.050, 0.102,   68,   5.9,   3.5
01-Jul-2022 23:00, 1.114,  16.6,   9.4, 1029.4,-0.052, 0.103,   66,   6.4,   3.9
02-Jul-2022 00:00, 1.204,  16.6,   9.9, 1029.8,-0.028, 0.132,   65,   6.9,   4.0
02-Jul-2022 01:00, 1.243,  16.5,  11.5, 1030.0,-0.042, 0.123,   62,   6.3,   3.0
02-Jul-2022 02:00, 1.273,  16.5,  13.8, 1030.2,-0.044, 0.123,   45,   5.8,   2.2
02-Jul-2022 03:00, 1.297,  16.5,  15.8, 1029.6,-0.016, 0.152,   48,   5.5,   2.2
02-Jul-2022 04:00, 1.262,  16.5,  16.8, 1028.8,-0.021, 0.140,   38,   5.2,   1.9
02-Jul-2022 05:00, 1.208,  16.5,  17.5, 1027.8,-0.014, 0.139,   22,   4.9,   2.8
02-Jul-2022 06:00, 1.133,  16.5,  17.9, 1027.1,-0.004, 0.140,    6,   4.0,   0.8
02-Jul-2022 07:00, 1.023,  16.6,  17.7, 1026.9,-0.014, 0.123,  234,   3.4,   1.4
02-Jul-2022 08:00, 0.942,  16.6,  17.6, 1026.7, 0.012, 0.147,  224,   2.9,   1.7
02-Jul-2022 09:00, 0.845,  16.6,  17.6, 1026.8, 0.002, 0.136,   78,   3.0,   1.5
02-Jul-2022 10:00, 0.757,  16.7,  16.1, 1027.0,-0.024, 0.111,   81,   2.8,   1.1
02-Jul-2022 11:00, 0.754,  16.6,  14.6, 1027.8, 0.002, 0.140,   75,   2.5,   1.9
02-Jul-2022 12:00, 0.719,  16.6,  13.6, 1028.1,-0.022, 0.123,   80,   2.9,   1.5
02-Jul-2022 13:00, 0.726,  16.6,  12.6, 1027.9,-0.023, 0.125,   79,   2.6,   1.1
02-Jul-2022 14:00, 0.766,  16.6,  11.8, 1027.7,-0.012, 0.133,   87,   2.8,   0.9
02-Jul-2022 15:00, 0.781,  16.5,  10.6, 1027.5,-0.027, 0.117,  120,   2.2,   0.8
02-Jul-2022 16:00, 0.816,  16.5,  10.3, 1027.2,-0.022, 0.119,   94,   2.6,   0.7
02-Jul-2022 17:00, 0.840,  16.5,   9.2, 1027.0,-0.024, 0.115,   73,   3.2,   2.1
02-Jul-2022 18:00, 0.873,  16.5,   9.2, 1026.6,-0.006, 0.130,   77,   4.1,   2.6
02-Jul-2022 19:00, 0.876,  16.4,   9.2, 1026.4,-0.026, 0.106,   73,   5.2,   3.2
02-Jul-2022 20:00, 0.899,  16.4,   8.7, 1026.3,-0.031, 0.099,   72,   4.6,   2.8
02-Jul-2022 21:00, 0.972,  16.4,   8.6, 1026.1,-0.005, 0.124,   73,   4.3,   2.4
02-Jul-2022 22:00, 1.024,  16.4,   8.1, 1026.3,-0.016, 0.112,   70,   4.6,   3.1
02-Jul-2022 23:00, 1.092,  16.3,   7.9, 1026.9,-0.021, 0.109,   71,   4.8,   3.0
03-Jul-2022 00:00, 1.180,  16.3,   8.8, 1027.5, 0.000, 0.136,   70,   5.5,   3.5
03-Jul-2022 01:00, 1.225,  16.3,  11.2, 1027.4,-0.004, 0.138,   66,   7.0,   4.6
03-Jul-2022 02:00, 1.262,  16.3,  13.7, 1027.4,-0.007, 0.134,   62,   7.8,   4.1
03-Jul-2022 03:00, 1.280,  16.3,  15.6, 1026.6,-0.003, 0.137,   48,   8.2,   3.7
03-Jul-2022 04:00, 1.300,  16.3,  17.1, 1025.6, 0.031, 0.163,   58,   7.3,   4.3
03-Jul-2022 05:00, 1.262,  16.3,  18.2, 1024.6, 0.030, 0.152,   43,   6.9,   3.7
03-Jul-2022 06:00, 1.198,  16.3,  18.5, 1023.6, 0.033, 0.145,   18,   7.3,   3.7
03-Jul-2022 07:00, 1.125,  16.3,  18.8, 1023.0, 0.046, 0.148,   59,   6.3,   3.3
03-Jul-2022 08:00, 1.053,  16.4,  18.6, 1022.8, 0.071, 0.168,   44,   6.6,   2.3
03-Jul-2022 09:00, 0.935,  16.4,  18.1, 1022.9, 0.046, 0.141,   57,   5.2,   2.2
03-Jul-2022 10:00, 0.877,  16.4,  16.2, 1023.0, 0.057, 0.153,   80,   4.7,   1.4
03-Jul-2022 11:00, 0.852,  16.3,  14.6, 1023.0, 0.071, 0.169,   78,   3.1,   2.0
03-Jul-2022 12:00, 0.812,  16.3,  13.2, 1023.1, 0.042, 0.138,   71,   3.1,   1.7
03-Jul-2022 13:00, 0.833,  16.3,  12.1, 1023.4, 0.061, 0.160,   75,   3.1,   1.8
03-Jul-2022 14:00, 0.864,  16.3,  11.2, 1022.9, 0.072, 0.173,   78,   3.2,   1.9
03-Jul-2022 15:00, 0.859,  16.2,  10.8, 1022.7, 0.039, 0.135,   80,   4.0,   2.5
03-Jul-2022 16:00, 0.899,  16.2,  10.9, 1022.5, 0.054, 0.147,   76,   3.9,   2.2
03-Jul-2022 17:00, 0.935,  16.2,  10.2, 1022.1, 0.063, 0.154,   76,   3.9,   1.9
03-Jul-2022 18:00, 0.936,  16.1,  10.4, 1021.7, 0.043, 0.131,   62,   3.8,   1.4
03-Jul-2022 19:00, 0.981,  16.1,  10.3, 1021.8, 0.070, 0.154,   32,   3.5,   1.2
03-Jul-2022 20:00, 0.978,  16.1,   9.7, 1021.9, 0.042, 0.127,   45,   2.9,   1.4
03-Jul-2022 21:00, 1.001,  16.1,  10.0, 1021.2, 0.034, 0.119,   61,   6.1,   3.6
03-Jul-2022 22:00, 1.090,  16.0,   9.9, 1020.9, 0.076, 0.154,   57,   7.8,   4.1
03-Jul-2022 23:00, 1.093,  16.0,  10.3, 1021.3, 0.023, 0.099,   51,   7.3,   3.3
04-Jul-2022 00:00, 1.205,  16.0,  10.9, 1021.6, 0.076, 0.156,   44,   8.6,   4.6
04-Jul-2022 01:00, 1.258,  15.9,  12.8, 1021.5, 0.083, 0.166,   34,   9.8,   5.2
04-Jul-2022 02:00, 1.300,  15.9,  14.9, 1021.3, 0.091, 0.173,   30,  12.0,   7.0
04-Jul-2022 03:00, 1.351,  15.9,  16.2, 1020.7, 0.117, 0.197,   28,  12.2,   6.0
04-Jul-2022 04:00, 1.358,  15.9,  17.5, 1019.9, 0.126, 0.199,   27,  11.0,   5.1
04-Jul-2022 05:00, 1.369,  15.9,  18.9, 1018.4, 0.156, 0.221,   12,  12.9,   5.3
04-Jul-2022 06:00, 1.312,  15.9,  19.2, 1017.1, 0.142, 0.191,   15,  11.0,   5.8
04-Jul-2022 07:00, 1.274,  15.9,  19.3, 1016.5, 0.174, 0.212,   21,  10.4,   5.1
04-Jul-2022 08:00, 1.205,  15.9,  19.5, 1016.4, 0.187, 0.219,   22,   8.4,   4.1
04-Jul-2022 09:00, 1.092,  15.9,  18.8, 1016.7, 0.162, 0.194,   16,   8.2,   3.3
04-Jul-2022 10:00, 1.012,  15.9,  17.0, 1016.6, 0.155, 0.189,   36,   5.9,   2.6
04-Jul-2022 11:00, 0.989,  15.9,  15.9, 1017.0, 0.177, 0.211,   34,   4.9,   2.7
04-Jul-2022 12:00, 0.954,  15.9,  15.2, 1017.1, 0.156, 0.194,   33,   4.8,   3.2
04-Jul-2022 13:00, 0.972,  15.9,  14.5, 1016.9, 0.170, 0.208,   30,   6.1,   3.7
04-Jul-2022 14:00, 0.998,  15.8,  14.0, 1016.7, 0.183, 0.219,   32,   6.1,   3.6
04-Jul-2022 15:00, 0.981,  15.8,  13.9, 1016.8, 0.139, 0.174,   30,   6.4,   3.5
04-Jul-2022 16:00, 1.036,  15.8,  14.6, 1015.9, 0.171, 0.205,   31,   6.6,   4.1
04-Jul-2022 17:00, 1.067,  15.7,  15.3, 1015.5, 0.178, 0.203,   28,   7.1,   4.2
04-Jul-2022 18:00, 1.088,  15.7,  15.3, 1015.0, 0.171, 0.193,   27,   7.8,   5.2
04-Jul-2022 19:00, 1.116,  15.7,  15.3, 1014.4, 0.180, 0.196,   23,  10.5,   5.3
04-Jul-2022 20:00, 1.136,  15.6,  15.8, 1014.5, 0.179, 0.190,   18,  10.0,   5.2
04-Jul-2022 21:00, 1.182,  15.6,  15.8, 1014.6, 0.202, 0.214,   13,   9.4,   4.8
04-Jul-2022 22:00, 1.199,  15.6,  15.7, 1015.3, 0.190, 0.205,  346,   7.6,   3.7
04-Jul-2022 23:00, 1.236,  15.5,  14.2, 1015.2, 0.191, 0.211,   10,   8.7,   4.6
05-Jul-2022 00:00, 1.284,  15.5,  14.6, 1015.4, 0.198, 0.217,   20,   8.0,   3.5
05-Jul-2022 01:00, 1.320,  15.5,  15.2, 1015.8, 0.196, 0.217,   11,   7.3,   2.9
05-Jul-2022 02:00, 1.342,  15.5,  13.7, 1016.5, 0.195, 0.221,    8,   7.3,   3.7
05-Jul-2022 03:00, 1.308,  15.5,  13.4, 1017.1, 0.138, 0.170,  127,   7.1,   0.7
05-Jul-2022 04:00, 1.266,  15.5,  13.3, 1017.5, 0.087, 0.126,  158,   4.0,   2.3
05-Jul-2022 05:00, 1.255,  15.5,  13.0, 1017.3, 0.086, 0.129,  159,   8.6,   4.3
05-Jul-2022 06:00, 1.194,  15.5,  13.8, 1017.3, 0.048, 0.087,  159,   8.0,   4.0
05-Jul-2022 07:00, 1.151,  15.5,  14.5, 1018.2, 0.051, 0.093,  156,   6.1,   2.8
05-Jul-2022 08:00, 1.078,  15.5,  14.7, 1018.5, 0.045, 0.094,  154,   5.4,   2.5
05-Jul-2022 09:00, 1.016,  15.5,  14.4, 1019.0, 0.057, 0.110,   92,   4.3,   0.5
05-Jul-2022 10:00, 0.919,  15.5,  13.7, 1019.3, 0.029, 0.087,   73,   2.2,   1.1
05-Jul-2022 11:00, 0.899,  15.5,  13.1, 1019.8, 0.057, 0.117,   72,   2.8,   1.3
05-Jul-2022 12:00, 0.879,  15.5,  13.4, 1020.6, 0.055, 0.121,  156,   3.6,   1.5
05-Jul-2022 13:00, 0.880,  15.5,  12.3, 1020.7, 0.048, 0.121,   75,   3.1,   1.3
05-Jul-2022 14:00, 0.907,  15.5,  11.8, 1020.7, 0.062, 0.136,   81,   2.3,   0.7
05-Jul-2022 15:00, 0.935,  15.5,  12.1, 1020.7, 0.067, 0.141,   80,   2.0,   0.7
05-Jul-2022 16:00, 0.949,  15.5,  12.0, 1021.2, 0.052, 0.127,   85,   2.7,   0.8
05-Jul-2022 17:00, 0.976,  15.5,  11.7, 1021.0, 0.057, 0.136,   63,   2.3,   0.4
05-Jul-2022 18:00, 1.017,  15.5,  10.9, 1021.2, 0.069, 0.146,   73,   2.0,   1.2
05-Jul-2022 19:00, 1.025,  15.5,  10.5, 1021.5, 0.050, 0.129,   72,   3.5,   1.4
05-Jul-2022 20:00, 1.031,  15.5,  10.4, 1021.3, 0.037, 0.119,   72,   3.1,   1.9
05-Jul-2022 21:00, 1.084,  15.6,  10.4, 1021.7, 0.073, 0.153,  114,   3.7,   0.2
05-Jul-2022 22:00, 1.071,  15.6,  10.7, 1022.0, 0.045, 0.130,  125,   2.7,   0.9
05-Jul-2022 23:00, 1.087,  15.6,   9.9, 1022.3, 0.046, 0.133,   79,   3.2,   2.0
06-Jul-2022 00:00, 1.098,  15.6,  11.0, 1022.8, 0.039, 0.129,   85,   5.1,   2.4
06-Jul-2022 01:00, 1.116,  15.6,  12.2, 1023.2, 0.037, 0.132,   82,   6.2,   3.8
06-Jul-2022 02:00, 1.131,  15.6,  13.8, 1023.7, 0.040, 0.140,   86,   6.2,   2.9
06-Jul-2022 03:00, 1.129,  15.6,  15.2, 1023.1, 0.031, 0.135,   80,   5.9,   3.6
06-Jul-2022 04:00, 1.119,  15.6,  16.5, 1022.3, 0.010, 0.108,  105,   4.1,   1.7
06-Jul-2022 05:00, 1.162,  15.6,  17.0, 1021.9, 0.056, 0.146,   83,   4.2,   1.7
06-Jul-2022 06:00, 1.098,  15.6,  17.7, 1021.9, 0.005, 0.091,  161,   3.7,   1.8
06-Jul-2022 07:00, 1.098,  15.6,  17.3, 1021.7, 0.028, 0.113,  209,   4.3,   2.2
06-Jul-2022 08:00, 1.065,  15.7,  17.2, 1021.8, 0.041, 0.125,  196,   4.7,   1.8
06-Jul-2022 09:00, 0.982,  15.7,  17.3, 1022.4, 0.015, 0.100,   90,   4.0,   1.1
06-Jul-2022 10:00, 0.908,  15.7,  15.9, 1022.9,-0.003, 0.088,   83,   2.5,   0.8
06-Jul-2022 11:00, 0.867,  15.7,  14.7, 1023.6,-0.001, 0.096,   75,   2.3,   1.6
06-Jul-2022 12:00, 0.847,  15.6,  13.5, 1023.7,-0.002, 0.101,   81,   2.7,   1.2
06-Jul-2022 13:00, 0.858,  15.7,  12.5, 1023.9, 0.001, 0.105,  107,   1.9,   0.1
06-Jul-2022 14:00, 0.862,  15.7,  12.7, 1023.8,-0.015, 0.091,   86,   4.1,   1.6
06-Jul-2022 15:00, 0.863,  15.7,  11.9, 1024.1,-0.036, 0.070,   89,   4.4,   2.1
06-Jul-2022 16:00, 0.917,  15.8,  11.7, 1023.7,-0.013, 0.094,   80,   5.7,   3.3
06-Jul-2022 17:00, 0.936,  15.8,  11.3, 1023.8,-0.023, 0.081,   81,   6.2,   3.3
06-Jul-2022 18:00, 0.962,  15.8,  10.6, 1023.6,-0.024, 0.081,   76,   5.8,   3.2
06-Jul-2022 19:00, 1.010,  15.8,  10.5, 1023.3,-0.011, 0.091,   81,   6.2,   3.2
06-Jul-2022 20:00, 1.032,  15.8,  10.0, 1023.2,-0.015, 0.086,   78,   5.2,   3.0
06-Jul-2022 21:00, 1.056,  15.6,   9.1, 1022.3,-0.004, 0.093,   75,   5.5,   3.2
06-Jul-2022 22:00, 1.097,  15.5,   8.5, 1023.3, 0.031, 0.123,   72,   4.6,   3.1
06-Jul-2022 23:00, 1.080,  15.5,   8.0, 1022.9, 0.019, 0.117,   68,   6.2,   4.1
07-Jul-2022 00:00, 1.102,  15.5,   8.2, 1023.6, 0.047, 0.145,   69,   6.0,   3.6
07-Jul-2022 01:00, 1.084,  15.5,   9.7, 1023.7, 0.035, 0.137,   65,   7.2,   3.2
07-Jul-2022 02:00, 1.094,  15.4,  11.3, 1024.3, 0.052, 0.157,   63,   4.7,   2.0
07-Jul-2022 03:00, 1.073,  15.5,  12.5, 1023.1, 0.044, 0.153,   68,   5.1,   3.1
07-Jul-2022 04:00, 1.094,  15.5,  14.3, 1022.4, 0.068, 0.166,   77,   4.9,   1.0
07-Jul-2022 05:00, 1.094,  15.6,  15.8, 1021.1, 0.069, 0.158,   76,   3.7,   1.3
07-Jul-2022 06:00, 1.067,  15.5,  16.9, 1020.5, 0.052, 0.129,   77,   4.6,   1.2
07-Jul-2022 07:00, 1.092,  15.6,  17.3, 1020.5, 0.086, 0.158,   94,   3.5,   1.0
07-Jul-2022 08:00, 1.079,  15.7,  17.9, 1020.6, 0.093, 0.165,   62,   2.9,   1.1
07-Jul-2022 09:00, 1.033,  15.7,  17.5, 1020.7, 0.082, 0.155,   51,   3.5,   0.9
07-Jul-2022 10:00, 1.006,  15.7,  16.2, 1021.3, 0.093, 0.167,   65,   2.6,   1.1
07-Jul-2022 11:00, 0.952,  15.6,  15.5, 1022.1, 0.070, 0.151,   81,   2.7,   1.2
07-Jul-2022 12:00, 0.961,  15.7,  14.4, 1021.6, 0.094, 0.181,  129,   2.7,   0.5
07-Jul-2022 13:00, 0.983,  15.7,  14.4, 1021.7, 0.107, 0.191,   61,   2.9,   1.3
07-Jul-2022 14:00, 0.984,  15.7,  14.4, 1021.5, 0.082, 0.166,   63,   4.1,   2.1
07-Jul-2022 15:00, 1.020,  15.6,  14.3, 1020.8, 0.091, 0.173,   66,   4.5,   2.7
07-Jul-2022 16:00, 1.082,  15.6,  13.9, 1020.1, 0.122, 0.196,   66,   4.8,   2.9
07-Jul-2022 17:00, 1.091,  15.6,  13.4, 1019.8, 0.092, 0.160,   75,   3.7,   2.2
07-Jul-2022 18:00, 1.149,  15.6,  13.4, 1019.3, 0.118, 0.182,   66,   4.8,   3.0
07-Jul-2022 19:00, 1.173,  15.6,  14.0, 1019.0, 0.105, 0.164,   63,   5.7,   3.7
07-Jul-2022 20:00, 1.191,  15.6,  14.7, 1018.8, 0.084, 0.141,   52,   5.5,   2.5
07-Jul-2022 21:00, 1.248,  15.6,  14.7, 1018.6, 0.122, 0.177,   56,   5.7,   2.6
07-Jul-2022 22:00, 1.254,  15.6,  15.4, 1018.8, 0.126, 0.179,   57,   4.7,   2.6
07-Jul-2022 23:00, 1.200,  15.6,  15.5, 1019.2, 0.088, 0.144,   47,   5.4,   2.8
08-Jul-2022 00:00, 1.214,  15.5,  16.2, 1019.1, 0.131, 0.190,   38,   6.5,   3.4
08-Jul-2022 01:00, 1.181,  15.5,  16.5, 1019.4, 0.134, 0.192,   27,   8.0,   3.8
08-Jul-2022 02:00, 1.113,  15.5,  18.8, 1019.5, 0.099, 0.161,   28,   7.3,   4.3
08-Jul-2022 03:00, 1.114,  15.4,  20.3, 1019.1, 0.137, 0.199,   25,   7.6,   3.8
08-Jul-2022 04:00, 1.080,  15.4,  21.7, 1018.0, 0.134, 0.191,   16,   8.2,   4.1
08-Jul-2022 05:00, 1.082,  15.5,  22.4, 1017.2, 0.148, 0.195,   14,   8.1,   4.4
08-Jul-2022 06:00, 1.066,  15.6,  22.4, 1016.7, 0.143, 0.181,   16,   7.4,   3.6
08-Jul-2022 07:00, 1.053,  15.7,  22.4, 1016.5, 0.138, 0.173,   15,   7.3,   3.9
08-Jul-2022 08:00, 1.083,  15.7,  22.8, 1015.9, 0.172, 0.203,   42,   6.3,   3.6
08-Jul-2022 09:00, 1.078,  15.7,  22.5, 1015.9, 0.176, 0.201,   17,   5.8,   1.9
08-Jul-2022 10:00, 1.050,  15.7,  20.1, 1016.3, 0.163, 0.190,   10,   2.9,   1.1
08-Jul-2022 11:00, 1.071,  15.6,  20.3, 1016.1, 0.194, 0.224,   28,   3.7,   2.3
08-Jul-2022 12:00, 1.041,  15.6,  20.2, 1016.2, 0.169, 0.197,   16,   5.3,   3.4
08-Jul-2022 13:00, 1.066,  15.7,  20.1, 1015.9, 0.182, 0.211,   23,   5.6,   3.5
08-Jul-2022 14:00, 1.116,  15.7,  18.8, 1015.6, 0.203, 0.229,   30,   7.0,   3.1
08-Jul-2022 15:00, 1.131,  15.7,  18.1, 1015.3, 0.183, 0.206,   30,   6.1,   3.9
08-Jul-2022 16:00, 1.175,  15.7,  17.6, 1014.6, 0.194, 0.213,   11,   5.7,   2.8
08-Jul-2022 17:00, 1.228,  15.7,  17.9, 1014.2, 0.202, 0.215,   16,   5.9,   3.5
08-Jul-2022 18:00, 1.262,  15.6,  18.1, 1013.7, 0.190, 0.200,   23,   9.2,   4.5
08-Jul-2022 19:00, 1.303,  15.6,  17.7, 1013.2, 0.188, 0.191,   24,   8.0,   4.4
08-Jul-2022 20:00, 1.350,  15.6,  17.2, 1013.0, 0.189, 0.188,   14,   7.1,   3.0
08-Jul-2022 21:00, 1.388,  15.6,  17.2, 1012.1, 0.190, 0.187,   22,   9.1,   5.2
08-Jul-2022 22:00, 1.422,  15.5,  17.1, 1012.0, 0.215, 0.203,   26,   9.2,   4.6
08-Jul-2022 23:00, 1.371,  15.5,  17.1, 1012.1, 0.180, 0.168,   24,   8.5,   4.7
09-Jul-2022 00:00, 1.374,  15.4,  17.5, 1011.9, 0.226, 0.215,   21,   9.5,   5.1
09-Jul-2022 01:00, 1.335,  15.4,  18.8, 1011.7, 0.248, 0.234,    5,  12.9,   7.7
09-Jul-2022 02:00, 1.257,  15.4,  18.8, 1011.5, 0.235, 0.220,   12,  12.9,   5.9
09-Jul-2022 03:00, 1.223,  15.4,  19.1, 1010.7, 0.266, 0.247,   12,  10.2,   4.5
09-Jul-2022 04:00, 1.131,  15.3,  20.1, 1009.9, 0.237, 0.212,  355,   9.6,   5.2
09-Jul-2022 05:00, 1.173,  15.4,  20.9, 1008.7, 0.321, 0.286,  350,  10.2,   5.7
09-Jul-2022 06:00, 1.146,  15.4,  19.9, 1009.0, 0.319, 0.274,  337,  13.7,   8.4
09-Jul-2022 07:00, 1.067,  15.4,  17.6, 1009.0, 0.255, 0.213,  295,  15.3,   4.4
09-Jul-2022 08:00, 1.125,  15.6,  17.1, 1009.0, 0.317, 0.275,  294,  12.9,   5.2
09-Jul-2022 09:00, 1.093,  15.6,  17.7, 1008.8, 0.277, 0.234,  310,  10.6,   5.5
09-Jul-2022 10:00, 1.166,  15.7,  16.8, 1009.4, 0.340, 0.295,  252,  14.9,  11.9
09-Jul-2022 11:00, 1.143,  15.7,  16.9, 1010.5, 0.304, 0.267,  256,  17.0,   8.2
09-Jul-2022 12:00, 1.113,  15.8,  17.7, 1010.5, 0.256, 0.229,  272,  13.9,   7.5
09-Jul-2022 13:00, 1.217,  15.7,  17.7, 1011.2, 0.340, 0.314,  250,  13.7,  10.0
09-Jul-2022 14:00, 1.164,  15.7,  17.7, 1011.7, 0.255, 0.235,  248,  14.4,  10.6
09-Jul-2022 15:00, 1.211,  15.7,  17.4, 1012.2, 0.262, 0.247,  247,  15.8,  10.4
09-Jul-2022 16:00, 1.247,  15.7,  16.8, 1012.5, 0.259, 0.249,  252,  16.4,   9.8
09-Jul-2022 17:00, 1.252,  15.7,  17.1, 1012.8, 0.219, 0.212,  251,  14.7,  10.0
09-Jul-2022 18:00, 1.350,  15.7,  17.3, 1013.0, 0.260, 0.256,  248,  14.2,   9.6
09-Jul-2022 19:00, 1.318,  15.7,  17.0, 1013.3, 0.171, 0.169,  248,  15.8,   9.5
09-Jul-2022 20:00, 1.403,  15.6,  16.9, 1013.7, 0.200, 0.201,  250,  14.2,  10.1
09-Jul-2022 21:00, 1.424,  15.6,  16.6, 1014.1, 0.169, 0.174,  241,  14.0,   8.3
09-Jul-2022 22:00, 1.408,  15.6,  16.4, 1014.9, 0.123, 0.133,  246,  13.6,   9.3
09-Jul-2022 23:00, 1.440,  15.6,  16.6, 1015.7, 0.160, 0.178,  245,  12.4,   9.1
10-Jul-2022 00:00, 1.350,  15.5,  16.5, 1016.6, 0.109, 0.134,  245,  12.3,   8.1
10-Jul-2022 01:00, 1.283,  15.6,  16.4, 1017.4, 0.114, 0.148,  245,  13.0,   7.4
10-Jul-2022 02:00, 1.187,  15.6,  16.8, 1018.1, 0.107, 0.149,  248,  11.6,   6.8
10-Jul-2022 03:00, 1.084,  15.6,  16.7, 1018.5, 0.098, 0.147,  267,  11.0,   6.0
10-Jul-2022 04:00, 0.964,  15.6,  16.5, 1018.5, 0.072, 0.124,  240,  12.2,   6.6
10-Jul-2022 05:00, 0.870,  15.6,  16.1, 1018.3, 0.061, 0.113,  229,  11.2,   6.1
10-Jul-2022 06:00, 0.820,  15.6,  16.8, 1018.4, 0.065, 0.115,  244,   9.8,   6.4
10-Jul-2022 07:00, 0.734,  15.7,  16.7, 1018.7, 0.014, 0.065,  223,  10.1,   4.9
10-Jul-2022 08:00, 0.738,  15.7,  16.4, 1019.4, 0.034, 0.089,  199,   8.2,   2.6
10-Jul-2022 09:00, 0.766,  15.8,  16.9, 1020.0, 0.057, 0.119,  217,   7.3,   4.2
10-Jul-2022 10:00, 0.749,  15.7,  15.3, 1020.9, 0.016, 0.084,  195,   9.0,   2.9
10-Jul-2022 11:00, 0.786,  15.7,  15.8, 1021.7, 0.018, 0.095,  199,   6.6,   3.0
10-Jul-2022 12:00, 0.808,  15.7,  13.0, 1022.3,-0.001, 0.083,   76,   6.9,   1.7
10-Jul-2022 13:00, 0.848,  15.7,  12.8, 1023.2,-0.001, 0.090,   72,   3.6,   1.4
10-Jul-2022 14:00, 0.868,  15.7,  13.2, 1023.6,-0.018, 0.082,  112,   2.4,   1.1
10-Jul-2022 15:00, 0.923,  15.8,  12.3, 1023.5,-0.006, 0.097,   15,   3.3,   0.9
10-Jul-2022 16:00, 0.951,  15.7,  11.6, 1023.6,-0.022, 0.080,   71,   1.9,   0.6
10-Jul-2022 17:00, 0.980,  15.7,  11.0, 1024.0,-0.039, 0.065,   78,   2.3,   1.3
10-Jul-2022 18:00, 1.048,  15.7,  10.5, 1024.1,-0.029, 0.078,   60,   3.4,   1.9
10-Jul-2022 19:00, 1.103,  15.7,  10.8, 1024.4,-0.044, 0.065,   48,   3.6,   1.7
10-Jul-2022 20:00, 1.169,  15.7,  10.3, 1024.8,-0.049, 0.062,   26,   3.2,   0.9
10-Jul-2022 21:00, 1.202,  15.7,   9.9, 1025.2,-0.083, 0.032,   65,   2.2,   1.3
10-Jul-2022 22:00, 1.258,  15.7,  10.4, 1025.7,-0.079, 0.040,   64,   3.2,   1.7
10-Jul-2022 23:00, 1.276,  15.6,   9.8, 1026.1,-0.080, 0.044,   68,   4.3,   2.7
11-Jul-2022 00:00, 1.242,  15.6,   9.9, 1026.5,-0.095, 0.033,   65,   4.7,   3.1
11-Jul-2022 01:00, 1.215,  15.6,  11.1, 1027.1,-0.062, 0.070,   64,   4.6,   2.5
11-Jul-2022 02:00, 1.084,  15.7,  13.8, 1027.3,-0.095, 0.043,   63,   3.7,   2.5
11-Jul-2022 03:00, 0.988,  15.8,  15.5, 1027.1,-0.076, 0.063,   46,   4.7,   2.7
11-Jul-2022 04:00, 0.848,  15.8,  16.4, 1026.6,-0.099, 0.038,   49,   4.9,   1.8
11-Jul-2022 05:00, 0.733,  15.8,  17.6, 1025.8,-0.098, 0.034,   93,   3.9,   1.3
11-Jul-2022 06:00, 0.648,  15.9,  17.4, 1025.0,-0.087, 0.037,   58,   4.1,   1.7
11-Jul-2022 07:00, 0.587,  15.9,  17.1, 1024.6,-0.080, 0.037,   55,   3.9,   1.4
11-Jul-2022 08:00, 0.545,  16.0,  17.2, 1024.1,-0.081, 0.031,   69,   4.5,   1.7
11-Jul-2022 09:00, 0.539,  16.0,  16.9, 1024.2,-0.072, 0.035,   47,   3.8,   1.6
11-Jul-2022 10:00, 0.530,  16.1,  15.3, 1024.9,-0.098, 0.012,   58,   3.1,   1.1
11-Jul-2022 11:00, 0.601,  16.2,  14.1, 1024.7,-0.070, 0.045,   72,   3.2,   1.9
11-Jul-2022 12:00, 0.647,  16.3,  13.3, 1025.0,-0.083, 0.031,   66,   3.3,   2.0
11-Jul-2022 13:00, 0.702,  16.4,  12.7, 1025.1,-0.091, 0.026,   74,   3.7,   1.9
11-Jul-2022 14:00, 0.773,  16.4,  11.4, 1025.0,-0.071, 0.047,   70,   3.5,   2.6
11-Jul-2022 15:00, 0.796,  16.3,  10.6, 1024.5,-0.092, 0.024,   75,   4.0,   2.5
11-Jul-2022 16:00, 0.865,  16.1,  10.1, 1024.6,-0.069, 0.043,   70,   3.7,   2.2
11-Jul-2022 17:00, 0.916,  16.0,   9.3, 1023.9,-0.066, 0.046,   67,   3.8,   2.5
11-Jul-2022 18:00, 0.983,  15.9,   9.3, 1023.5,-0.057, 0.049,   73,   4.4,   2.4
11-Jul-2022 19:00, 1.044,  15.8,   8.7, 1023.1,-0.067, 0.034,   69,   3.5,   0.7
11-Jul-2022 20:00, 1.131,  15.8,   8.3, 1022.5,-0.064, 0.033,   86,   2.5,   1.1
11-Jul-2022 21:00, 1.213,  15.7,   8.3, 1021.8,-0.065, 0.026,   96,   2.4,   0.6
11-Jul-2022 22:00, 1.286,  15.7,   8.8, 1021.8,-0.062, 0.022,   65,   4.1,   2.5
11-Jul-2022 23:00, 1.315,  15.7,   8.7, 1022.0,-0.082, 0.003,   66,   5.0,   3.0
12-Jul-2022 00:00, 1.348,  15.7,  10.3, 1022.2,-0.058, 0.029,   61,   5.4,   2.8
12-Jul-2022 01:00, 1.321,  15.9,  12.0, 1022.3,-0.053, 0.036,   35,   5.3,   3.1
12-Jul-2022 02:00, 1.238,  16.1,  13.9, 1022.2,-0.059, 0.032,   31,   6.3,   3.4
12-Jul-2022 03:00, 1.154,  16.1,  16.1, 1021.7,-0.026, 0.063,   32,   6.0,   3.1
12-Jul-2022 04:00, 0.978,  16.3,  18.4, 1021.0,-0.070, 0.013,  355,   4.7,   2.4
12-Jul-2022 05:00, 0.871,  16.4,  18.5, 1020.4,-0.042, 0.035,  337,   4.9,   2.5
12-Jul-2022 06:00, 0.748,  16.7,  18.7, 1019.7,-0.037, 0.033,  318,   4.1,   1.7
12-Jul-2022 07:00, 0.628,  16.9,  18.4, 1019.9,-0.050, 0.014,  305,   3.9,   2.3
12-Jul-2022 08:00, 0.578,  17.0,  17.8, 1020.0,-0.022, 0.044,  264,   3.5,   1.5
12-Jul-2022 09:00, 0.529,  17.1,  17.6, 1020.0,-0.029, 0.038,  252,   2.2,   0.7
12-Jul-2022 10:00, 0.528,  17.0,  16.5, 1019.9,-0.020, 0.047,   97,   0.9,   0.4
12-Jul-2022 11:00, 0.551,  17.0,  15.1, 1020.2,-0.029, 0.038,   63,   1.4,   0.9
12-Jul-2022 12:00, 0.652,  16.9,  15.1, 1020.5, 0.012, 0.081,   78,   2.3,   1.4
12-Jul-2022 13:00, 0.696,  16.9,  14.1, 1020.8,-0.020, 0.053,   74,   3.9,   2.4
12-Jul-2022 14:00, 0.791,  17.0,  13.7, 1020.9, 0.004, 0.079,   69,   3.7,   2.1
12-Jul-2022 15:00, 0.833,  16.9,  12.3, 1020.8,-0.005, 0.071,   65,   4.5,   2.3
12-Jul-2022 16:00, 0.871,  16.8,  11.5, 1020.2,-0.010, 0.064,   68,   4.5,   2.8
12-Jul-2022 17:00, 0.938,  16.9,  10.8, 1020.1, 0.012, 0.080,   66,   4.2,   2.6
12-Jul-2022 18:00, 0.992,  16.6,  10.5, 1020.3, 0.010, 0.079,   65,   4.4,   2.5
12-Jul-2022 19:00, 1.030,  16.6,  10.0, 1019.9,-0.022, 0.047,   69,   5.9,   3.4
12-Jul-2022 20:00, 1.162,  16.4,   9.7, 1019.3, 0.027, 0.093,   75,   4.9,   2.5
12-Jul-2022 21:00, 1.237,  16.3,   8.8, 1019.0, 0.008, 0.068,   76,   4.8,   3.3
12-Jul-2022 22:00, 1.298,  16.3,   8.5, 1019.0,-0.018, 0.040,   72,   5.4,   3.1
12-Jul-2022 23:00, 1.411,  16.3,   8.6, 1019.0, 0.026, 0.083,   77,   4.5,   3.1
13-Jul-2022 00:00, 1.418,  16.4,   9.3, 1018.9,-0.007, 0.050,   81,   4.9,   2.3
13-Jul-2022 01:00, 1.429,  16.4,  12.1, 1018.7, 0.002, 0.058,   81,   5.1,   1.7
13-Jul-2022 02:00, 1.410,  16.2,  15.1, 1018.3, 0.023, 0.077,   88,   4.9,   1.6
13-Jul-2022 03:00, 1.315,  16.2,  17.2, 1017.3, 0.019, 0.068,   66,   4.7,   1.0
13-Jul-2022 04:00, 1.168,  16.3,  18.9, 1015.9,-0.002, 0.037,   71,   4.7,   2.5
13-Jul-2022 05:00, 1.063,  16.3,  20.1, 1014.0, 0.034, 0.059,   49,   6.2,   3.3
13-Jul-2022 06:00, 0.904,  16.4,  21.3, 1012.9, 0.017, 0.023,   28,   7.0,   3.3
13-Jul-2022 07:00, 0.766,  16.6,  22.1, 1012.5, 0.010, 0.006,   12,   7.2,   3.1
13-Jul-2022 08:00, 0.682,  16.9,  22.6, 1012.0, 0.039, 0.031,   41,   6.4,   2.7
13-Jul-2022 09:00, 0.593,  16.9,  22.2, 1011.8, 0.028, 0.015,   29,   5.4,   1.6
13-Jul-2022 10:00, 0.554,  17.1,  20.3, 1012.1, 0.028, 0.013,    7,   2.8,   2.0
13-Jul-2022 11:00, 0.552,  17.1,  19.4, 1012.7, 0.026, 0.015,    3,   5.6,   2.4
13-Jul-2022 12:00, 0.602,  17.2,  18.6, 1012.9, 0.033, 0.028,   29,   5.4,   2.2
13-Jul-2022 13:00, 0.701,  17.2,  17.6, 1013.1, 0.062, 0.059,    4,   6.7,   3.2
13-Jul-2022 14:00, 0.763,  17.2,  18.2, 1013.3, 0.043, 0.042,  341,   5.7,   2.2
13-Jul-2022 15:00, 0.823,  17.1,  18.2, 1013.0, 0.037, 0.037,  306,   6.3,   2.5
13-Jul-2022 16:00, 0.890,  17.1,  18.4, 1012.9, 0.060, 0.058,  318,   5.4,   2.2
13-Jul-2022 17:00, 0.895,  17.1,  15.7, 1012.7, 0.028, 0.024,   31,   4.3,   2.9
13-Jul-2022 18:00, 0.970,  17.0,  15.0, 1012.6, 0.057, 0.052,   25,   4.3,   2.5
13-Jul-2022 19:00, 1.044,  17.1,  14.5, 1012.1, 0.064, 0.057,   35,   3.8,   2.0
13-Jul-2022 20:00, 1.119,  17.1,  14.2, 1011.6, 0.062, 0.050,   36,   4.9,   2.9
13-Jul-2022 21:00, 1.212,  17.1,  14.3, 1010.8, 0.065, 0.048,   30,   6.1,   3.5
13-Jul-2022 22:00, 1.330,  17.1,  14.9, 1010.5, 0.086, 0.061,   28,   6.2,   3.7
13-Jul-2022 23:00, 1.416,  17.1,  15.6, 1010.5, 0.090, 0.063,   19,   8.0,   5.0
14-Jul-2022 00:00, 1.497,  16.8,  15.7, 1010.2, 0.109, 0.080,   25,   9.2,   4.4
14-Jul-2022 01:00, 1.582,  16.8,  16.4, 1012.3, 0.164, 0.137,  323,   8.5,   4.6
14-Jul-2022 02:00, 1.540,  16.7,  15.4, 1011.0, 0.126, 0.115,   20,   7.7,   3.3
14-Jul-2022 03:00, 1.518,  16.7,  17.2, 1011.3, 0.150, 0.128,  302,   5.6,   2.7
14-Jul-2022 04:00, 1.439,  16.7,  17.7, 1010.9, 0.164, 0.144,  311,  10.4,   2.1
14-Jul-2022 05:00, 1.306,  16.8,  18.6, 1010.1, 0.157, 0.133,  291,   7.7,   3.7
14-Jul-2022 06:00, 1.195,  16.8,  19.0, 1010.1, 0.189, 0.157,  290,  11.4,   4.3
14-Jul-2022 07:00, 1.078,  16.9,  19.4, 1010.4, 0.208, 0.177,  286,  11.8,   6.3
14-Jul-2022 08:00, 0.933,  17.0,  19.2, 1010.7, 0.189, 0.161,  285,  11.1,   6.5
14-Jul-2022 09:00, 0.851,  16.9,  18.8, 1011.1, 0.218, 0.193,  289,  10.8,   6.3
14-Jul-2022 10:00, 0.747,  16.9,  18.7, 1011.6, 0.182, 0.161,  287,  13.4,   5.8
14-Jul-2022 11:00, 0.739,  16.9,  18.8, 1012.0, 0.204, 0.188,  288,  11.6,   6.4
14-Jul-2022 12:00, 0.758,  16.9,  18.2, 1013.0, 0.211, 0.200,  293,  15.9,   5.8
14-Jul-2022 13:00, 0.810,  16.8,  18.3, 1013.2, 0.215, 0.212,  287,  12.3,   6.3
14-Jul-2022 14:00, 0.869,  16.8,  17.9, 1013.6, 0.203, 0.203,  288,  15.0,   6.2
14-Jul-2022 15:00, 0.953,  16.8,  18.3, 1013.8, 0.213, 0.217,  285,  13.2,   7.1
14-Jul-2022 16:00, 1.005,  16.7,  17.8, 1014.1, 0.212, 0.218,  288,  14.3,   7.4
14-Jul-2022 17:00, 1.013,  16.7,  17.0, 1014.4, 0.186, 0.195,  273,  13.3,   6.7
14-Jul-2022 18:00, 1.023,  16.7,  17.4, 1014.6, 0.166, 0.178,  255,  13.7,   6.9
14-Jul-2022 19:00, 1.041,  16.6,  17.2, 1014.8, 0.134, 0.147,  259,  11.6,   5.3
14-Jul-2022 20:00, 1.118,  16.6,  17.6, 1014.8, 0.137, 0.152,  250,  14.0,   6.6
14-Jul-2022 21:00, 1.176,  16.7,  17.5, 1015.2, 0.117, 0.133,  259,   9.8,   5.7
14-Jul-2022 22:00, 1.261,  16.6,  17.4, 1015.4, 0.112, 0.132,  255,  11.1,   5.6
14-Jul-2022 23:00, 1.343,  16.6,  16.9, 1016.5, 0.106, 0.129,  231,   8.8,   4.4
15-Jul-2022 00:00, 1.406,  16.6,  17.3, 1017.0, 0.098, 0.130,  252,   9.7,   5.5
15-Jul-2022 01:00, 1.430,  16.6,  17.7, 1017.8, 0.072, 0.111,  250,   8.0,   5.9
15-Jul-2022 02:00, 1.455,  16.6,  18.0, 1018.4, 0.078, 0.124,  246,   9.5,   4.8
15-Jul-2022 03:00, 1.455,  16.7,  18.1, 1018.4, 0.086, 0.137,  245,   8.2,   4.7
15-Jul-2022 04:00, 1.357,  16.8,  17.8, 1018.3, 0.036, 0.087,  241,   8.0,   5.7
15-Jul-2022 05:00, 1.292,  16.8,  18.0, 1018.0, 0.059, 0.110,  240,   6.7,   4.6
15-Jul-2022 06:00, 1.128,  16.8,  17.9, 1017.7, 0.017, 0.063,  172,   6.4,   1.8
15-Jul-2022 07:00, 1.014,  16.9,  18.2, 1018.1, 0.036, 0.081,  247,   6.0,   4.5
15-Jul-2022 08:00, 0.888,  16.9,  18.2, 1018.4, 0.030, 0.079,  238,   6.4,   4.1
15-Jul-2022 09:00, 0.761,  16.9,  18.3, 1018.6, 0.018, 0.069,  224,   5.6,   3.5
15-Jul-2022 10:00, 0.655,  16.9,  18.1, 1019.0, 0.002, 0.056,  214,   4.8,   2.0
15-Jul-2022 11:00, 0.593,  16.9,  17.9, 1019.4,-0.008, 0.050,  201,   3.8,   1.9
15-Jul-2022 12:00, 0.587,  16.9,  15.9, 1020.0, 0.002, 0.064,   71,   2.7,   0.6
15-Jul-2022 13:00, 0.590,  16.9,  15.1, 1020.4,-0.015, 0.053,   72,   2.1,   1.3
15-Jul-2022 14:00, 0.642,  16.9,  14.3, 1020.4,-0.010, 0.061,   67,   3.2,   2.1
15-Jul-2022 15:00, 0.697,  16.9,  13.7, 1020.4,-0.018, 0.053,   58,   3.3,   1.4
15-Jul-2022 16:00, 0.760,  16.9,  13.3, 1020.3,-0.012, 0.058,   43,   3.2,   1.6
15-Jul-2022 17:00, 0.796,  16.9,  13.1, 1020.5,-0.015, 0.055,   48,   3.4,   1.6
15-Jul-2022 18:00, 0.826,  16.9,  12.8, 1020.3,-0.010, 0.062,   36,   3.9,   2.2
15-Jul-2022 19:00, 0.842,  16.9,  13.0, 1020.2,-0.020, 0.051,   35,   4.0,   2.5
15-Jul-2022 20:00, 0.893,  16.9,  12.7, 1019.9,-0.023, 0.045,   30,   4.6,   3.1
15-Jul-2022 21:00, 0.973,  16.9,  12.4, 1020.1,-0.015, 0.052,   32,   5.7,   2.9
15-Jul-2022 22:00, 1.062,  16.9,  12.3, 1020.2, 0.002, 0.070,   45,   3.8,   2.0
15-Jul-2022 23:00, 1.126,  16.9,  12.7, 1020.8,-0.014, 0.055,   29,   4.5,   1.6
16-Jul-2022 00:00, 1.191,  16.9,  12.7, 1021.2,-0.018, 0.057,   42,   3.9,   2.2
16-Jul-2022 01:00, 1.274,  16.9,  13.7, 1021.5, 0.010, 0.090,   13,   4.4,   2.8
16-Jul-2022 02:00, 1.287,  16.8,  14.9, 1021.5,-0.007, 0.074,    6,   5.9,   3.1
16-Jul-2022 03:00, 1.311,  16.8,  16.5, 1021.1, 0.005, 0.087,   55,   4.6,   2.3
16-Jul-2022 04:00, 1.297,  16.8,  17.9, 1020.0, 0.002, 0.079,   37,   5.7,   3.0
16-Jul-2022 05:00, 1.261,  16.8,  19.4, 1019.3, 0.013, 0.079,   36,   4.9,   1.2
16-Jul-2022 06:00, 1.168,  16.9,  19.0, 1018.7, 0.001, 0.060,  273,   3.3,   1.5
16-Jul-2022 07:00, 1.064,  16.8,  18.8, 1018.6, 0.009, 0.063,  285,   3.1,   2.1
16-Jul-2022 08:00, 0.969,  16.9,  18.7, 1018.3, 0.026, 0.079,  285,   3.1,   1.5
16-Jul-2022 09:00, 0.883,  16.9,  18.7, 1018.2, 0.037, 0.087,  220,   2.5,   1.0
16-Jul-2022 10:00, 0.769,  16.9,  17.9, 1018.3, 0.011, 0.060,    0,   1.4,   0.0
16-Jul-2022 11:00, 0.736,  16.9,  17.6, 1018.9, 0.039, 0.090,   69,   2.3,   1.2
16-Jul-2022 12:00, 0.696,  16.9,  17.1, 1019.1, 0.030, 0.087,   66,   3.9,   2.4
16-Jul-2022 13:00, 0.675,  16.9,  16.5, 1019.1, 0.010, 0.068,   67,   3.2,   1.6
16-Jul-2022 14:00, 0.726,  16.9,  16.0, 1018.8, 0.037, 0.095,   64,   3.4,   2.2
16-Jul-2022 15:00, 0.774,  16.9,  15.4, 1018.7, 0.046, 0.102,   65,   3.9,   1.8
16-Jul-2022 16:00, 0.821,  16.9,  15.3, 1018.2, 0.042, 0.096,   61,   3.1,   1.8
16-Jul-2022 17:00, 0.879,  16.9,  14.7, 1017.8, 0.060, 0.108,   63,   4.5,   2.1
16-Jul-2022 18:00, 0.899,  16.9,  14.3, 1017.5, 0.053, 0.098,   76,   3.7,   2.3
16-Jul-2022 19:00, 0.919,  16.9,  14.2, 1017.1, 0.057, 0.099,   83,   4.4,   1.9
16-Jul-2022 20:00, 0.943,  17.0,  14.7, 1017.7, 0.057, 0.095,   34,   4.8,   2.5
16-Jul-2022 21:00, 0.999,  16.9,  14.0, 1017.5, 0.059, 0.103,   39,   7.4,   1.8
16-Jul-2022 22:00, 1.071,  16.9,  13.7, 1017.0, 0.072, 0.113,   58,   5.1,   3.0
16-Jul-2022 23:00, 1.127,  16.9,  13.3, 1017.1, 0.066, 0.103,   59,   4.7,   2.0
17-Jul-2022 00:00, 1.200,  16.9,  13.2, 1017.4, 0.082, 0.121,   61,   5.1,   2.4
17-Jul-2022 01:00, 1.274,  16.9,  12.9, 1017.2, 0.110, 0.151,   63,   5.0,   3.1
17-Jul-2022 02:00, 1.287,  16.9,  12.7, 1017.2, 0.090, 0.129,   86,   5.0,   2.2
17-Jul-2022 03:00, 1.284,  16.8,  12.2, 1016.6, 0.075, 0.114,   82,   4.2,   2.6
17-Jul-2022 04:00, 1.287,  16.8,  12.5, 1015.7, 0.075, 0.107,   81,   5.1,   2.6
17-Jul-2022 05:00, 1.290,  16.8,  13.3, 1014.3, 0.093, 0.116,   68,   7.0,   4.0
17-Jul-2022 06:00, 1.235,  16.9,  13.8, 1013.4, 0.082, 0.091,   58,   7.4,   3.7
17-Jul-2022 07:00, 1.176,  16.8,  14.4, 1013.2, 0.094, 0.095,   52,   8.7,   3.4
17-Jul-2022 08:00, 1.119,  16.8,  14.6, 1012.5, 0.132, 0.131,   60,   6.7,   2.8
17-Jul-2022 09:00, 1.033,  16.7,  15.2, 1012.0, 0.127, 0.119,   39,   7.8,   3.1
17-Jul-2022 10:00, 0.970,  16.7,  14.9, 1012.6, 0.131, 0.120,   16,   6.8,   2.4
17-Jul-2022 11:00, 0.924,  16.7,  14.3, 1012.6, 0.135, 0.129,   25,   5.3,   3.2
17-Jul-2022 12:00, 0.926,  16.8,  15.0, 1013.0, 0.166, 0.160,   25,   6.4,   3.5
17-Jul-2022 13:00, 0.899,  16.7,  14.8, 1013.3, 0.148, 0.146,   21,   5.9,   2.9
17-Jul-2022 14:00, 0.958,  16.7,  17.8, 1013.1, 0.195, 0.196,  289,   7.8,   4.6
17-Jul-2022 15:00, 0.929,  16.7,  17.6, 1013.2, 0.147, 0.145,  274,   8.4,   4.8
17-Jul-2022 16:00, 0.961,  16.6,  17.2, 1013.2, 0.146, 0.146,  291,   8.6,   3.4
17-Jul-2022 17:00, 0.990,  16.6,  17.0, 1013.2, 0.137, 0.137,  237,  13.1,   5.7
17-Jul-2022 18:00, 0.992,  16.6,  17.3, 1013.2, 0.113, 0.113,  267,   9.0,   3.8
17-Jul-2022 19:00, 1.040,  16.6,  16.9, 1012.9, 0.143, 0.143,  285,   7.8,   4.3
17-Jul-2022 20:00, 1.036,  16.7,  17.1, 1012.6, 0.130, 0.126,  290,   8.4,   4.6
17-Jul-2022 21:00, 1.036,  16.7,  17.0, 1012.5, 0.106, 0.100,  294,   8.3,   5.3
17-Jul-2022 22:00, 1.126,  16.7,  15.1, 1012.6, 0.156, 0.148,  236,  10.4,   6.0
17-Jul-2022 23:00, 1.104,  16.6,  15.9, 1013.4, 0.088, 0.083,  248,   9.6,   5.3
18-Jul-2022 00:00, 1.180,  16.6,  16.2, 1013.8, 0.124, 0.126,  285,   5.8,   2.3
18-Jul-2022 01:00, 1.204,  16.7,  17.0, 1014.3, 0.120, 0.126,  244,   3.8,   2.1
18-Jul-2022 02:00, 1.203,  16.7,  16.6, 1014.6, 0.095, 0.106,  108,   4.8,   1.3
18-Jul-2022 03:00, 1.189,  16.7,  16.5, 1014.8, 0.074, 0.088,   59,   3.4,   1.8
18-Jul-2022 04:00, 1.198,  16.7,  17.9, 1014.6, 0.088, 0.103,   61,   3.1,   1.2
18-Jul-2022 05:00, 1.175,  16.7,  17.2, 1014.3, 0.068, 0.080,  255,   2.1,   0.7
18-Jul-2022 06:00, 1.138,  16.8,  18.3, 1014.5, 0.052, 0.063,  201,   3.1,   1.6
18-Jul-2022 07:00, 1.100,  16.8,  18.8, 1014.7, 0.053, 0.066,  143,   4.3,   1.4
18-Jul-2022 08:00, 1.033,  16.8,  18.3, 1015.4, 0.046, 0.061,  172,   5.2,   1.7
18-Jul-2022 09:00, 0.949,  16.8,  17.1, 1016.0, 0.029, 0.051,  163,   5.7,   3.5
18-Jul-2022 10:00, 0.891,  16.8,  15.8, 1016.7, 0.020, 0.048,   90,   5.7,   1.0
18-Jul-2022 11:00, 0.847,  16.9,  15.3, 1017.5, 0.004, 0.039,  116,   3.7,   0.6
18-Jul-2022 12:00, 0.844,  16.9,  14.6, 1018.2, 0.010, 0.053,  137,   3.0,   0.6
18-Jul-2022 13:00, 0.831,  16.9,  13.8, 1018.7, 0.000, 0.050,   97,   3.3,   0.7
18-Jul-2022 14:00, 0.831,  16.9,  13.4, 1019.1,-0.011, 0.044,   88,   3.3,   1.4
18-Jul-2022 15:00, 0.838,  16.9,  12.8, 1018.7,-0.023, 0.035,   86,   3.1,   1.7
18-Jul-2022 16:00, 0.873,  16.8,  12.5, 1018.6,-0.002, 0.052,   86,   3.7,   1.6
18-Jul-2022 17:00, 0.896,  16.9,  12.0, 1018.9,-0.008, 0.046,   77,   3.0,   0.3
18-Jul-2022 18:00, 0.891,  16.9,  11.1, 1019.0,-0.040, 0.016,   89,   1.5,   0.3
18-Jul-2022 19:00, 0.938,  16.9,  10.3, 1018.8,-0.010, 0.047,   82,   1.5,   0.6
18-Jul-2022 20:00, 0.937,  16.9,   9.8, 1018.6,-0.021, 0.033,   78,   2.6,   1.4
18-Jul-2022 21:00, 0.923,  16.9,   9.5, 1018.9,-0.040, 0.013,   76,   2.4,   0.9
18-Jul-2022 22:00, 0.960,  16.9,  10.1, 1019.2,-0.018, 0.039,   73,   5.6,   3.3
18-Jul-2022 23:00, 0.966,  16.8,  10.8, 1019.7,-0.035, 0.025,   69,   6.0,   4.0
19-Jul-2022 00:00, 0.985,  16.7,  11.2, 1020.3,-0.041, 0.023,   70,   7.0,   4.2
19-Jul-2022 01:00, 1.024,  16.7,  12.4, 1020.7,-0.013, 0.057,   70,   8.2,   4.5
19-Jul-2022 02:00, 0.996,  16.8,  13.7, 1021.0,-0.045, 0.030,   71,   7.7,   4.1
19-Jul-2022 03:00, 1.007,  16.8,  15.0, 1020.7,-0.035, 0.041,   60,   6.9,   2.9
19-Jul-2022 04:00, 1.003,  16.8,  16.2, 1020.3,-0.022, 0.053,   70,   5.7,   3.0
19-Jul-2022 05:00, 0.973,  16.6,  16.9, 1018.0,-0.036, 0.030,   72,   6.4,   3.4
19-Jul-2022 06:00, 0.981,  16.6,  17.6, 1019.0,-0.019, 0.029,   54,   6.3,   2.5
19-Jul-2022 07:00, 0.894,  16.7,  18.6, 1019.5,-0.081,-0.024,  155,   3.6,   0.5
19-Jul-2022 08:00, 0.895,  16.8,  17.6, 1020.0,-0.047, 0.017,  198,   2.7,   1.5
19-Jul-2022 09:00, 0.866,  16.8,  16.9, 1019.0,-0.033, 0.033,   80,   4.4,   2.5
19-Jul-2022 10:00, 0.801,  16.8,  15.2, 1018.9,-0.063,-0.007,   75,   5.5,   3.7
19-Jul-2022 11:00, 0.769,  16.8,  14.0, 1020.0,-0.081,-0.023,   74,   7.4,   2.9
19-Jul-2022 12:00, 0.833,  16.7,  13.2, 1019.7,-0.030, 0.037,   70,   6.9,   3.4
19-Jul-2022 13:00, 0.845,  16.8,  12.8, 1019.5,-0.039, 0.026,   70,   7.3,   4.6
19-Jul-2022 14:00, 0.858,  16.8,  12.3, 1018.7,-0.043, 0.017,   63,   8.0,   4.3
19-Jul-2022 15:00, 0.926,  16.9,  12.6, 1020.0,-0.002, 0.053,   72,   7.0,   3.3
19-Jul-2022 16:00, 0.872,  16.8,  12.6, 1019.6,-0.075,-0.007,   70,   5.9,   3.4
19-Jul-2022 17:00, 0.981,  16.8,  12.7, 1018.0, 0.019, 0.079,   65,   7.2,   3.8
19-Jul-2022 18:00, 0.978,  16.8,  13.3, 1020.1,-0.011, 0.039,   65,   6.2,   3.6
19-Jul-2022 19:00, 0.933,  16.8,  13.2, 1019.0,-0.077,-0.009,   58,   5.9,   3.2
19-Jul-2022 20:00, 1.044,  16.8,  13.1, 1018.5, 0.024, 0.081,   66,   6.2,   3.9
19-Jul-2022 21:00, 0.996,  16.7,  13.1, 1018.3,-0.027, 0.025,   54,   6.0,   2.5
19-Jul-2022 22:00, 1.012,  16.7,  13.6, 1017.7,-0.008, 0.042,   54,   5.5,   2.8
19-Jul-2022 23:00, 1.046,  16.6,  13.7, 1016.8, 0.029, 0.072,   65,   6.1,   3.5
20-Jul-2022 00:00, 1.017,  16.6,  14.1, 1015.8,-0.005, 0.029,   37,   6.3,   2.8
20-Jul-2022 01:00, 1.042,  16.6,  15.2, 1015.0, 0.019, 0.043,   29,   7.7,   4.5
20-Jul-2022 02:00, 1.073,  16.6,  16.7, 1014.9, 0.069, 0.086,   30,   9.1,   4.4
20-Jul-2022 03:00, 1.011,  16.6,  18.8, 1015.0, 0.022, 0.039,   12,   8.4,   3.9
20-Jul-2022 04:00, 1.002,  16.6,  19.2, 1013.8, 0.033, 0.050,   29,   8.2,   4.8
20-Jul-2022 05:00, 1.029,  16.6,  20.8, 1012.5, 0.092, 0.096,   16,   8.8,   3.8
20-Jul-2022 06:00, 0.947,  16.7,  20.5, 1012.4, 0.030, 0.023,   10,   7.8,   3.2
20-Jul-2022 07:00, 0.917,  16.7,  20.2, 1012.1, 0.016, 0.007,   13,   6.9,   2.9
20-Jul-2022 08:00, 0.954,  16.7,  19.5, 1012.3, 0.077, 0.065,   15,   6.3,   3.7
20-Jul-2022 09:00, 0.888,  16.7,  18.7, 1012.1, 0.034, 0.025,   21,   8.0,   3.2
20-Jul-2022 10:00, 0.884,  16.7,  17.8, 1012.0, 0.049, 0.037,   28,   5.8,   2.8
20-Jul-2022 11:00, 0.890,  16.8,  17.5, 1012.3, 0.060, 0.048,   31,   4.6,   2.3
20-Jul-2022 12:00, 0.910,  16.7,  17.3, 1011.2, 0.060, 0.050,   38,   4.5,   2.0
20-Jul-2022 13:00, 0.991,  16.7,  17.6, 1010.3, 0.096, 0.075,   31,   7.1,   3.8
20-Jul-2022 14:00, 1.048,  16.7,  18.0, 1009.0, 0.116, 0.086,   31,   8.3,   4.0
20-Jul-2022 15:00, 1.060,  16.7,  18.0, 1007.8, 0.097, 0.053,   31,   7.0,   4.0
20-Jul-2022 16:00, 1.140,  16.7,  18.6, 1007.3, 0.141, 0.087,   26,   7.7,   4.5
20-Jul-2022 17:00, 1.171,  16.7,  19.1, 1006.6, 0.153, 0.093,   19,   8.2,   4.4
20-Jul-2022 18:00, 1.216,  16.6,  18.9, 1006.0, 0.178, 0.111,    8,  11.2,   5.8
20-Jul-2022 19:00, 1.270,  16.6,  16.6, 1005.2, 0.204, 0.131,    5,  14.1,   6.5
20-Jul-2022 20:00, 1.281,  16.6,  15.8, 1004.5, 0.199, 0.118,    0,  11.4,   6.6
20-Jul-2022 21:00, 1.352,  16.6,  16.0, 1004.4, 0.266, 0.178,  347,  10.9,   6.3
20-Jul-2022 22:00, 1.316,  16.6,  14.9, 1005.8, 0.237, 0.149,  195,  14.9,   5.7
20-Jul-2022 23:00, 1.137,  16.7,  15.3, 1007.7, 0.075, 0.004,  207,  12.9,   6.7
21-Jul-2022 00:00, 1.192,  16.6,  14.0, 1007.3, 0.153, 0.097,   88,  10.1,   0.9
21-Jul-2022 01:00, 1.135,  16.6,  14.3, 1008.5, 0.110, 0.052,  148,   2.4,   0.8
21-Jul-2022 02:00, 1.094,  16.6,  14.5, 1009.3, 0.095, 0.048,  156,   2.4,   1.4
21-Jul-2022 03:00, 1.096,  16.6,  15.0, 1010.1, 0.137, 0.099,  228,   7.1,   4.2
21-Jul-2022 04:00, 1.027,  16.6,  16.8, 1010.1, 0.097, 0.066,  234,  12.2,   7.8
21-Jul-2022 05:00, 1.013,  16.7,  17.2, 1010.2, 0.118, 0.087,  222,  13.4,   6.3
21-Jul-2022 06:00, 0.921,  16.7,  17.6, 1010.5, 0.064, 0.034,  225,   9.9,   7.3
21-Jul-2022 07:00, 0.884,  16.7,  16.5, 1011.3, 0.047, 0.021,  228,  10.7,   3.6
21-Jul-2022 08:00, 0.860,  16.7,  17.2, 1012.2, 0.041, 0.023,  201,  10.5,   4.7
21-Jul-2022 09:00, 0.825,  16.7,  16.7, 1012.7, 0.023, 0.012,  196,   8.0,   2.5
21-Jul-2022 10:00, 0.842,  16.7,  15.8, 1013.8, 0.045, 0.041,  175,   6.3,   2.0
21-Jul-2022 11:00, 0.810,  16.7,  17.2, 1014.6, 0.008, 0.014,  208,   6.9,   4.1
21-Jul-2022 12:00, 0.847,  16.7,  16.8, 1015.4, 0.024, 0.038,  232,   9.9,   6.0
21-Jul-2022 13:00, 0.905,  16.7,  16.2, 1015.8, 0.034, 0.055,  157,   7.2,   2.0
21-Jul-2022 14:00, 0.954,  16.7,  17.4, 1016.4, 0.024, 0.050,  227,   9.2,   5.8
21-Jul-2022 15:00, 1.001,  16.6,  17.0, 1016.5, 0.030, 0.062,  216,   9.6,   4.5
21-Jul-2022 16:00, 1.043,  16.6,  16.9, 1016.6, 0.030, 0.062,  224,   9.6,   6.4
21-Jul-2022 17:00, 1.073,  16.6,  17.1, 1017.0, 0.022, 0.056,  226,   9.6,   4.5
21-Jul-2022 18:00, 1.103,  16.6,  17.3, 1017.0, 0.027, 0.065,  232,   9.4,   5.8
21-Jul-2022 19:00, 1.121,  16.6,  17.5, 1016.9, 0.016, 0.053,  244,   7.5,   5.6
21-Jul-2022 20:00, 1.146,  16.6,  17.4, 1016.9, 0.013, 0.049,  246,   9.1,   6.7
21-Jul-2022 21:00, 1.157,  16.5,  17.4, 1017.0, 0.014, 0.050,  246,   9.1,   6.1
21-Jul-2022 22:00, 1.175,  16.5,  17.5, 1017.3, 0.036, 0.074,  241,   8.5,   4.5
21-Jul-2022 23:00, 1.117,  16.5,  17.6, 1017.6,-0.001, 0.039,  250,   6.7,   4.6
22-Jul-2022 00:00, 1.096,  16.6,  17.1, 1018.3, 0.015, 0.059,  270,   7.8,   3.3
22-Jul-2022 01:00, 1.068,  16.6,  15.9, 1018.8, 0.028, 0.079,  246,   9.6,   5.3
22-Jul-2022 02:00, 1.001,  16.6,  15.3, 1018.8,-0.004, 0.051,   72,   5.9,   0.9
22-Jul-2022 03:00, 0.990,  16.6,  15.7, 1018.6, 0.035, 0.090,   30,   4.0,   2.2
22-Jul-2022 04:00, 0.894,  16.6,  17.7, 1017.8,-0.010, 0.043,  321,   6.0,   2.0
22-Jul-2022 05:00, 0.891,  16.7,  17.8, 1017.0, 0.024, 0.068,  273,   7.3,   3.6
22-Jul-2022 06:00, 0.855,  16.7,  17.1, 1016.7, 0.028, 0.065,  265,   9.0,   4.6
22-Jul-2022 07:00, 0.788,  16.7,  17.0, 1016.6,-0.003, 0.031,  278,   9.5,   3.9
22-Jul-2022 08:00, 0.797,  16.8,  17.5, 1016.6, 0.024, 0.057,  279,   8.1,   5.0
22-Jul-2022 09:00, 0.737,  16.8,  17.8, 1016.5,-0.025, 0.008,  284,   8.3,   4.2
22-Jul-2022 10:00, 0.754,  16.8,  17.6, 1016.4,-0.007, 0.026,  292,   6.8,   3.4
22-Jul-2022 11:00, 0.779,  16.7,  17.7, 1016.4, 0.003, 0.034,  292,   6.2,   2.6
22-Jul-2022 12:00, 0.806,  16.7,  17.7, 1016.2, 0.005, 0.035,  321,   5.9,   3.1
22-Jul-2022 13:00, 0.848,  16.7,  16.2, 1016.0, 0.007, 0.036,  290,  10.3,   2.0
22-Jul-2022 14:00, 0.927,  16.7,  14.4, 1015.5, 0.025, 0.052,   30,   4.4,   2.5
22-Jul-2022 15:00, 0.990,  16.6,  14.4, 1015.0, 0.031, 0.053,    7,   7.9,   4.2
22-Jul-2022 16:00, 1.034,  16.7,  13.8, 1014.2, 0.033, 0.049,   22,   6.5,   3.4
22-Jul-2022 17:00, 1.106,  16.7,  13.7, 1013.5, 0.058, 0.067,   13,   7.0,   4.1
22-Jul-2022 18:00, 1.160,  16.6,  14.0, 1012.7, 0.070, 0.071,   11,   7.4,   4.1
22-Jul-2022 19:00, 1.166,  16.6,  13.7, 1012.5, 0.042, 0.037,  356,   7.6,   4.3
22-Jul-2022 20:00, 1.251,  16.6,  13.3, 1011.4, 0.091, 0.082,   23,   8.3,   3.6
22-Jul-2022 21:00, 1.274,  16.6,  13.4, 1010.3, 0.089, 0.070,   19,   7.0,   4.3
22-Jul-2022 22:00, 1.291,  16.6,  13.2, 1010.1, 0.103, 0.073,   20,   7.0,   4.2
22-Jul-2022 23:00, 1.291,  16.6,  12.8, 1010.3, 0.120, 0.089,   18,   7.5,   4.1
23-Jul-2022 00:00, 1.267,  16.6,  13.9, 1009.9, 0.134, 0.104,   14,   9.6,   3.6
23-Jul-2022 01:00, 1.231,  16.6,  14.5, 1009.4, 0.156, 0.121,   15,   7.2,   4.6
23-Jul-2022 02:00, 1.196,  16.6,  18.2, 1009.2, 0.177, 0.139,  302,   9.7,   5.4
23-Jul-2022 03:00, 1.144,  16.4,  18.3, 1007.9, 0.180, 0.139,  349,  11.1,   4.0
23-Jul-2022 04:00, 1.149,  16.4,  18.4, 1006.6, 0.250, 0.196,  291,  15.7,   6.6
23-Jul-2022 05:00, 1.069,  16.4,  16.3, 1006.1, 0.223, 0.156,  251,  17.8,  11.1
23-Jul-2022 06:00, 0.997,  16.5,  16.7, 1006.0, 0.192, 0.121,  257,  15.7,   6.2
23-Jul-2022 07:00, 0.951,  16.6,  16.6, 1005.8, 0.185, 0.113,  246,  13.4,   8.0
23-Jul-2022 08:00, 0.918,  16.6,  17.2, 1005.8, 0.178, 0.104,  250,  11.1,   8.3
23-Jul-2022 09:00, 0.913,  16.5,  15.9, 1006.5, 0.182, 0.109,  228,  13.8,   7.6
23-Jul-2022 10:00, 0.907,  16.6,  17.2, 1007.2, 0.173, 0.107,  231,  13.5,   9.7
23-Jul-2022 11:00, 0.958,  16.7,  15.9, 1008.6, 0.206, 0.147,  220,  16.8,  10.5
23-Jul-2022 12:00, 0.886,  16.6,  13.8, 1009.7, 0.101, 0.057,  225,  16.6,   9.9
23-Jul-2022 13:00, 0.970,  16.6,  14.7, 1009.7, 0.148, 0.112,  200,  15.0,   6.3
23-Jul-2022 14:00, 1.006,  16.6,  14.2, 1011.0, 0.136, 0.103,  202,  15.2,   8.5
23-Jul-2022 15:00, 1.014,  16.6,  13.6, 1011.3, 0.085, 0.062,  227,  16.5,   7.8
23-Jul-2022 16:00, 1.082,  16.6,  12.5, 1012.5, 0.104, 0.086,  173,  12.1,   3.5
23-Jul-2022 17:00, 1.078,  16.5,  11.2, 1013.5, 0.056, 0.049,  161,  13.8,   2.8
23-Jul-2022 18:00, 1.077,  16.6,  10.6, 1014.1, 0.005, 0.009,  150,   6.0,   1.9
23-Jul-2022 19:00, 1.132,  16.6,  10.4, 1013.8, 0.011, 0.019,  134,   7.6,   1.5
23-Jul-2022 20:00, 1.200,  16.6,   9.7, 1014.3, 0.034, 0.040,   64,   3.5,   1.4
23-Jul-2022 21:00, 1.212,  16.5,   9.6, 1015.2, 0.007, 0.018,   60,   2.5,   0.5
23-Jul-2022 22:00, 1.228,  16.5,   9.1, 1015.8, 0.004, 0.023,   74,   2.9,   2.0
23-Jul-2022 23:00, 1.228,  16.5,   8.7, 1016.9, 0.011, 0.038,   78,   3.1,   1.7
24-Jul-2022 00:00, 1.173,  16.5,   9.7, 1017.5,-0.012, 0.024,   52,   3.1,   1.6
24-Jul-2022 01:00, 1.120,  16.4,  10.7, 1018.7,-0.007, 0.037,   36,   2.7,   1.2
24-Jul-2022 02:00, 1.050,  16.5,  11.8, 1019.2,-0.002, 0.053,   29,   3.2,   1.9
24-Jul-2022 03:00, 0.972,  16.5,  12.8, 1019.5,-0.007, 0.053,   69,   3.4,   1.7
24-Jul-2022 04:00, 0.874,  16.6,  14.2, 1019.0,-0.033, 0.028,   61,   3.9,   0.9
24-Jul-2022 05:00, 0.812,  16.6,  14.0, 1018.7,-0.027, 0.030,  261,   2.7,   1.4
24-Jul-2022 06:00, 0.758,  16.7,  14.1, 1018.8,-0.029, 0.025,  250,   3.4,   1.7
24-Jul-2022 07:00, 0.707,  16.7,  14.6, 1019.0,-0.041, 0.015,  214,   2.8,   1.0
24-Jul-2022 08:00, 0.685,  16.7,  15.7, 1019.3,-0.034, 0.024,  333,   1.9,   0.5
24-Jul-2022 09:00, 0.659,  16.7,  15.2, 1019.7,-0.046, 0.014,  350,   2.3,   1.1
24-Jul-2022 10:00, 0.672,  16.7,  15.0, 1020.2,-0.039, 0.026,  360,   2.0,   1.4
24-Jul-2022 11:00, 0.676,  16.7,  14.1, 1020.5,-0.056, 0.013,   15,   3.8,   2.4
24-Jul-2022 12:00, 0.713,  16.7,  14.3, 1020.9,-0.055, 0.017,    8,   3.8,   1.7
24-Jul-2022 13:00, 0.766,  16.6,  14.3, 1021.3,-0.045, 0.032,  358,   4.2,   1.8
24-Jul-2022 14:00, 0.802,  16.7,  16.4, 1021.2,-0.049, 0.031,  277,   5.5,   3.4
24-Jul-2022 15:00, 0.832,  16.6,  16.6, 1021.3,-0.063, 0.016,  281,   6.4,   2.6
24-Jul-2022 16:00, 0.908,  16.6,  16.2, 1021.1,-0.035, 0.044,  305,   5.5,   2.5
24-Jul-2022 17:00, 0.951,  16.6,  16.3, 1021.2,-0.037, 0.041,  304,   6.1,   3.3
24-Jul-2022 18:00, 0.958,  16.6,  16.1, 1021.0,-0.077, 0.001,  311,   9.4,   5.3
24-Jul-2022 19:00, 1.059,  16.6,  16.3, 1020.7,-0.034, 0.043,  280,   8.9,   4.1
24-Jul-2022 20:00, 1.103,  16.6,  16.4, 1020.1,-0.049, 0.024,  332,   7.5,   3.5
24-Jul-2022 21:00, 1.137,  16.5,  13.4, 1020.1,-0.068, 0.000,   33,   5.7,   2.3
24-Jul-2022 22:00, 1.200,  16.5,  12.9, 1020.2,-0.042, 0.026,   32,   5.5,   3.4
24-Jul-2022 23:00, 1.194,  16.5,  12.9, 1020.7,-0.058, 0.011,   22,   5.5,   3.1
25-Jul-2022 00:00, 1.164,  16.5,  13.1, 1021.0,-0.067, 0.007,   25,   4.9,   3.0
25-Jul-2022 01:00, 1.129,  16.4,  14.3, 1021.4,-0.052, 0.026,   25,   6.4,   4.0
25-Jul-2022 02:00, 1.052,  16.5,  15.7, 1021.5,-0.052, 0.029,   19,   7.7,   3.6
25-Jul-2022 03:00, 0.964,  16.5,  16.1, 1021.6,-0.050, 0.033,    3,   8.1,   4.8
25-Jul-2022 04:00, 0.900,  16.5,  17.1, 1020.9,-0.028, 0.054,    6,   8.9,   5.5
25-Jul-2022 05:00, 0.829,  16.5,  16.9, 1020.5,-0.021, 0.055,  353,   9.1,   5.8
25-Jul-2022 06:00, 0.751,  16.5,  17.0, 1020.0,-0.032, 0.040,  350,   9.0,   4.9
25-Jul-2022 07:00, 0.735,  16.6,  17.3, 1019.8, 0.002, 0.069,  353,   7.8,   4.3
25-Jul-2022 08:00, 0.690,  16.6,  17.4, 1019.7,-0.011, 0.054,  345,   8.3,   3.7
25-Jul-2022 09:00, 0.684,  16.6,  16.6, 1019.7, 0.000, 0.064,    1,   8.9,   4.5
25-Jul-2022 10:00, 0.707,  16.7,  16.8, 1019.7, 0.019, 0.083,   14,   6.7,   3.4
25-Jul-2022 11:00, 0.713,  16.7,  16.4, 1020.0, 0.001, 0.066,   20,   6.6,   3.8
25-Jul-2022 12:00, 0.756,  16.7,  15.9, 1020.1, 0.005, 0.072,   16,   7.8,   3.9
25-Jul-2022 13:00, 0.831,  16.7,  15.3, 1020.3, 0.034, 0.103,   16,   7.7,   4.3
25-Jul-2022 14:00, 0.868,  16.6,  14.5, 1020.3, 0.030, 0.100,   19,   7.9,   4.6
25-Jul-2022 15:00, 0.871,  16.5,  14.2, 1020.0,-0.002, 0.068,   21,   8.3,   5.2
25-Jul-2022 16:00, 0.962,  16.5,  13.7, 1019.8, 0.056, 0.123,   18,   8.7,   4.5
25-Jul-2022 17:00, 0.989,  16.4,  13.6, 1019.7, 0.042, 0.107,   23,   8.3,   4.7
25-Jul-2022 18:00, 1.043,  16.4,  13.1, 1019.5, 0.050, 0.114,   21,   7.8,   3.9
25-Jul-2022 19:00, 1.127,  16.3,  13.2, 1019.3, 0.079, 0.141,   19,   7.2,   5.0
25-Jul-2022 20:00, 1.176,  16.3,  13.1, 1019.0, 0.060, 0.120,    6,   8.5,   5.2
25-Jul-2022 21:00, 1.263,  16.2,  13.2, 1018.6, 0.080, 0.137,    9,   8.1,   4.3
25-Jul-2022 22:00, 1.315,  16.2,  13.2, 1018.7, 0.077, 0.130,   12,   7.8,   4.6
25-Jul-2022 23:00, 1.359,  16.2,  13.1, 1018.9, 0.089, 0.144,   10,   8.1,   3.9
26-Jul-2022 00:00, 1.361,  16.2,  13.8, 1019.3, 0.094, 0.150,    7,   7.3,   4.5
26-Jul-2022 01:00, 1.320,  16.1,  14.5, 1019.3, 0.089, 0.149,    8,   8.3,   3.5
26-Jul-2022 02:00, 1.267,  16.1,  15.3, 1019.4, 0.104, 0.164,    5,   6.8,   3.8
26-Jul-2022 03:00, 1.179,  16.2,  16.8, 1019.5, 0.109, 0.170,  349,   6.6,   3.8
26-Jul-2022 04:00, 1.085,  16.2,  17.6, 1018.9, 0.116, 0.178,  348,   8.2,   5.2
26-Jul-2022 05:00, 0.982,  16.2,  16.1, 1019.0, 0.108, 0.165,  293,   9.0,   3.3
26-Jul-2022 06:00, 0.873,  16.2,  15.6, 1018.5, 0.077, 0.133,  355,  10.2,   4.8
26-Jul-2022 07:00, 0.837,  16.2,  16.8, 1018.5, 0.105, 0.157,  359,   9.5,   6.4
26-Jul-2022 08:00, 0.776,  16.3,  17.8, 1018.5, 0.085, 0.137,  344,   9.1,   3.7
26-Jul-2022 09:00, 0.763,  16.3,  16.9, 1018.8, 0.094, 0.146,  334,   8.4,   3.5
26-Jul-2022 10:00, 0.750,  16.4,  16.1, 1019.5, 0.083, 0.138,  204,   7.7,   3.4
26-Jul-2022 11:00, 0.720,  16.3,  16.1, 1020.0, 0.030, 0.092,  172,   7.0,   1.6
26-Jul-2022 12:00, 0.784,  16.4,  15.1, 1020.3, 0.055, 0.122,   79,   3.5,   1.1
26-Jul-2022 13:00, 0.833,  16.4,  14.9, 1020.5, 0.055, 0.125,   64,   3.2,   1.9
26-Jul-2022 14:00, 0.837,  16.4,  14.5, 1020.5, 0.015, 0.087,   88,   2.6,   0.6
26-Jul-2022 15:00, 0.876,  16.4,  14.6, 1020.6, 0.020, 0.092,  162,   2.4,   1.0
26-Jul-2022 16:00, 0.897,  16.4,  14.1, 1020.5, 0.017, 0.090,  138,   2.8,   0.6
26-Jul-2022 17:00, 0.901,  16.4,  13.8, 1020.3,-0.003, 0.069,   75,   3.2,   1.7
26-Jul-2022 18:00, 0.965,  16.4,  14.5, 1020.0, 0.020, 0.089,   76,   5.5,   3.0
26-Jul-2022 19:00, 1.006,  16.4,  14.3, 1019.8, 0.008, 0.075,   77,   4.6,   2.4
26-Jul-2022 20:00, 1.067,  16.5,  13.8, 1019.6, 0.002, 0.067,   73,   6.1,   3.3
26-Jul-2022 21:00, 1.150,  16.4,  13.5, 1019.7, 0.008, 0.071,   73,   5.8,   3.2
26-Jul-2022 22:00, 1.206,  16.5,  12.9, 1019.9,-0.007, 0.058,   72,   5.1,   2.7
26-Jul-2022 23:00, 1.266,  16.5,  12.7, 1020.3, 0.001, 0.068,   73,   4.9,   2.5
27-Jul-2022 00:00, 1.284,  16.4,  13.4, 1021.0,-0.001, 0.070,   69,   5.2,   3.0
27-Jul-2022 01:00, 1.243,  16.4,  13.5, 1021.3,-0.026, 0.052,   70,   8.2,   4.2
27-Jul-2022 02:00, 1.253,  16.4,  15.2, 1021.3, 0.036, 0.116,   70,   7.5,   3.4
27-Jul-2022 03:00, 1.141,  16.5,  16.7, 1020.7, 0.007, 0.086,   71,   7.6,   4.3
27-Jul-2022 04:00, 1.027,  16.5,  18.1, 1019.7,-0.004, 0.070,   67,   7.1,   3.7
27-Jul-2022 05:00, 0.950,  16.5,  19.4, 1018.3, 0.030, 0.093,   65,   6.9,   2.6
27-Jul-2022 06:00, 0.846,  16.6,  20.0, 1017.6, 0.020, 0.069,   58,   6.6,   3.1
27-Jul-2022 07:00, 0.754,  16.6,  20.8, 1017.2, 0.003, 0.046,   58,   6.1,   2.2
27-Jul-2022 08:00, 0.747,  16.7,  20.6, 1016.9, 0.052, 0.091,   68,   5.2,   3.3
27-Jul-2022 09:00, 0.683,  16.7,  20.1, 1017.1, 0.019, 0.055,   71,   6.2,   2.4
27-Jul-2022 10:00, 0.667,  16.6,  18.4, 1017.3, 0.012, 0.051,   80,   3.9,   1.5
27-Jul-2022 11:00, 0.719,  16.6,  17.0, 1017.7, 0.049, 0.090,   82,   2.7,   1.6
27-Jul-2022 12:00, 0.701,  16.6,  15.9, 1018.1,-0.007, 0.037,   81,   3.4,   1.9
27-Jul-2022 13:00, 0.780,  16.6,  14.8, 1018.3, 0.024, 0.072,   81,   4.0,   2.6
27-Jul-2022 14:00, 0.825,  16.6,  14.1, 1018.0, 0.021, 0.071,   78,   5.2,   3.2
27-Jul-2022 15:00, 0.842,  16.6,  13.9, 1017.2, 0.003, 0.049,   78,   5.6,   3.5
27-Jul-2022 16:00, 0.894,  16.5,  13.2, 1016.5, 0.033, 0.072,   78,   5.7,   2.8
27-Jul-2022 17:00, 0.898,  16.5,  13.6, 1015.6, 0.026, 0.057,   75,   6.4,   4.2
27-Jul-2022 18:00, 0.933,  16.5,  13.2, 1015.3, 0.035, 0.058,   74,   6.3,   3.5
27-Jul-2022 19:00, 1.000,  16.5,  13.4, 1014.3, 0.054, 0.073,   73,   6.9,   4.1
27-Jul-2022 20:00, 1.099,  16.4,  13.3, 1014.1, 0.089, 0.100,   66,   7.2,   3.9
27-Jul-2022 21:00, 1.138,  16.4,  13.7, 1013.6, 0.049, 0.057,   67,   6.5,   4.1
27-Jul-2022 22:00, 1.283,  16.4,  14.7, 1013.5, 0.114, 0.118,   63,   6.9,   4.1
27-Jul-2022 23:00, 1.336,  16.4,  15.0, 1013.8, 0.101, 0.103,   29,   6.5,   3.2
28-Jul-2022 00:00, 1.388,  16.4,  15.2, 1014.4, 0.108, 0.114,   28,   6.8,   3.8
28-Jul-2022 01:00, 1.413,  16.4,  16.5, 1014.7, 0.126, 0.138,   21,   6.0,   2.8
28-Jul-2022 02:00, 1.415,  16.4,  17.9, 1014.6, 0.160, 0.174,    1,   7.0,   4.2
28-Jul-2022 03:00, 1.332,  16.4,  18.4, 1014.6, 0.143, 0.156,  341,   6.2,   3.8
28-Jul-2022 04:00, 1.223,  16.5,  19.0, 1014.0, 0.127, 0.140,  341,   6.8,   3.5
28-Jul-2022 05:00, 1.158,  16.6,  19.9, 1013.4, 0.173, 0.180,  327,   7.2,   4.3
28-Jul-2022 06:00, 1.004,  16.7,  20.1, 1012.8, 0.131, 0.132,  319,   7.7,   3.9
28-Jul-2022 07:00, 0.945,  16.7,  19.8, 1012.7, 0.160, 0.155,  339,   7.7,   3.7
28-Jul-2022 08:00, 0.885,  16.8,  19.4, 1012.8, 0.169, 0.164,  338,   7.8,   2.5
28-Jul-2022 09:00, 0.836,  16.8,  19.1, 1013.2, 0.163, 0.158,  327,   8.3,   3.4
28-Jul-2022 10:00, 0.832,  16.8,  18.6, 1013.7, 0.175, 0.176,  324,  10.6,   4.5
28-Jul-2022 11:00, 0.819,  16.9,  18.8, 1014.0, 0.158, 0.163,  340,   7.7,   3.8
28-Jul-2022 12:00, 0.875,  16.8,  19.5, 1014.4, 0.181, 0.189,  322,   6.7,   3.6
28-Jul-2022 13:00, 0.918,  16.8,  19.7, 1014.2, 0.179, 0.190,  316,   7.3,   4.3
28-Jul-2022 14:00, 0.961,  16.8,  18.4, 1014.2, 0.175, 0.184,  349,   7.0,   3.1
28-Jul-2022 15:00, 0.982,  16.7,  17.1, 1014.0, 0.158, 0.167,   18,   4.8,   2.7
28-Jul-2022 16:00, 1.038,  16.7,  16.8, 1013.8, 0.192, 0.200,   16,   4.5,   3.0
28-Jul-2022 17:00, 1.016,  16.7,  16.7, 1012.9, 0.161, 0.165,    9,   5.6,   3.0
28-Jul-2022 18:00, 1.051,  16.7,  16.9, 1013.1, 0.187, 0.184,    5,   5.9,   3.2
28-Jul-2022 19:00, 1.087,  16.7,  17.2, 1012.5, 0.189, 0.187,    8,   5.9,   3.4
28-Jul-2022 20:00, 1.156,  16.7,  17.6, 1011.9, 0.200, 0.192,    7,   7.2,   4.1
28-Jul-2022 21:00, 1.222,  16.7,  17.5, 1012.4, 0.192, 0.179,  300,  10.6,   4.0
28-Jul-2022 22:00, 1.314,  16.7,  17.9, 1012.6, 0.199, 0.191,  320,   7.3,   3.8
28-Jul-2022 23:00, 1.400,  16.7,  18.1, 1012.5, 0.211, 0.205,  271,   8.7,   5.3
29-Jul-2022 00:00, 1.444,  16.7,  17.8, 1012.7, 0.195, 0.188,  276,   8.5,   4.0
29-Jul-2022 01:00, 1.472,  16.7,  17.9, 1013.5, 0.192, 0.188,  260,  13.1,   5.3
29-Jul-2022 02:00, 1.484,  16.7,  18.1, 1014.0, 0.214, 0.217,  266,  10.0,   5.5
29-Jul-2022 03:00, 1.408,  16.7,  18.0, 1014.0, 0.182, 0.190,  273,   9.5,   6.0
29-Jul-2022 04:00, 1.306,  16.8,  17.9, 1013.6, 0.157, 0.164,  271,  11.0,   5.9
29-Jul-2022 05:00, 1.252,  16.7,  17.8, 1013.3, 0.203, 0.206,  275,  10.0,   6.2
29-Jul-2022 06:00, 1.112,  16.8,  18.1, 1012.6, 0.179, 0.179,  277,  13.3,   7.2
29-Jul-2022 07:00, 1.034,  16.8,  18.1, 1012.8, 0.205, 0.198,  279,  12.4,   7.3
29-Jul-2022 08:00, 0.960,  16.8,  16.8, 1013.1, 0.209, 0.205,  249,  16.4,  11.5
29-Jul-2022 09:00, 0.867,  16.8,  16.9, 1013.5, 0.171, 0.170,  260,  15.5,   9.2
29-Jul-2022 10:00, 0.880,  16.7,  16.7, 1014.2, 0.208, 0.211,  271,  14.1,   7.8
29-Jul-2022 11:00, 0.846,  16.7,  16.5, 1014.9, 0.178, 0.188,  259,  14.6,   7.7
29-Jul-2022 12:00, 0.858,  16.6,  15.8, 1015.4, 0.169, 0.187,  241,  14.6,   8.7
29-Jul-2022 13:00, 0.907,  16.6,  15.8, 1015.3, 0.175, 0.196,  269,  15.2,   6.0
29-Jul-2022 14:00, 0.938,  16.5,  15.4, 1015.4, 0.162, 0.182,  250,  16.1,   6.3
29-Jul-2022 15:00, 0.969,  16.5,  15.9, 1015.4, 0.154, 0.174,  261,  15.4,   6.8
29-Jul-2022 16:00, 1.015,  16.5,  15.9, 1015.5, 0.177, 0.198,  254,  16.5,   8.7
29-Jul-2022 17:00, 1.032,  16.4,  15.1, 1015.7, 0.184, 0.207,  244,  16.6,  11.3
29-Jul-2022 18:00, 0.988,  16.4,  15.2, 1015.7, 0.140, 0.164,  246,  16.1,   8.9
29-Jul-2022 19:00, 1.016,  16.4,  14.4, 1015.5, 0.152, 0.177,  242,  17.3,   8.1
29-Jul-2022 20:00, 1.043,  16.4,  15.1, 1015.1, 0.134, 0.156,  254,  14.8,   7.3
29-Jul-2022 21:00, 1.117,  16.4,  14.3, 1015.3, 0.144, 0.162,  253,  16.4,   9.2
29-Jul-2022 22:00, 1.193,  16.3,  13.9, 1015.5, 0.137, 0.158,  236,  17.6,  10.3
29-Jul-2022 23:00, 1.275,  16.3,  15.4, 1015.6, 0.142, 0.164,  238,  15.4,   9.0
30-Jul-2022 00:00, 1.304,  16.3,  14.1, 1016.5, 0.107, 0.131,  217,  14.5,   7.3
30-Jul-2022 01:00, 1.370,  16.3,  14.4, 1017.0, 0.124, 0.157,  225,  15.4,   8.4
30-Jul-2022 02:00, 1.371,  16.3,  14.2, 1017.6, 0.112, 0.150,  218,  14.7,   8.0
30-Jul-2022 03:00, 1.311,  16.3,  14.3, 1018.2, 0.076, 0.120,  215,  14.0,   6.2
30-Jul-2022 04:00, 1.251,  16.3,  14.6, 1018.0, 0.071, 0.120,  219,  13.4,   8.3
30-Jul-2022 05:00, 1.136,  16.3,  15.4, 1017.4, 0.040, 0.087,  238,  13.9,   7.7
30-Jul-2022 06:00, 1.038,  16.3,  15.7, 1016.9, 0.047, 0.087,  233,  10.6,   6.3
30-Jul-2022 07:00, 0.889,  16.3,  15.3, 1017.1, 0.009, 0.046,  218,  10.9,   6.0
30-Jul-2022 08:00, 0.817,  16.3,  15.5, 1016.9, 0.026, 0.064,  226,  11.2,   6.2
30-Jul-2022 09:00, 0.745,  16.3,  15.2, 1017.3, 0.018, 0.055,  222,  11.1,   6.6
30-Jul-2022 10:00, 0.714,  16.3,  15.0, 1017.8, 0.018, 0.059,  214,   9.1,   5.1
30-Jul-2022 11:00, 0.701,  16.3,  15.2, 1018.2, 0.011, 0.056,  214,   8.6,   4.7
30-Jul-2022 12:00, 0.692,  16.3,  15.4, 1018.6,-0.008, 0.042,  223,   8.2,   5.3
30-Jul-2022 13:00, 0.755,  16.2,  15.1, 1018.7, 0.018, 0.071,  224,   8.5,   4.0
30-Jul-2022 14:00, 0.776,  16.2,  12.1, 1019.1,-0.004, 0.050,   75,   6.4,   2.0
30-Jul-2022 15:00, 0.786,  16.1,  11.2, 1019.1,-0.031, 0.028,   88,   4.5,   1.7
30-Jul-2022 16:00, 0.851,  16.1,  10.7, 1018.7, 0.008, 0.066,   64,   4.6,   3.2
30-Jul-2022 17:00, 0.833,  16.1,  10.7, 1018.6,-0.018, 0.035,   63,   4.4,   2.3
30-Jul-2022 18:00, 0.850,  16.1,  10.7, 1018.3,-0.002, 0.051,   60,   5.5,   2.7
30-Jul-2022 19:00, 0.864,  16.1,  11.1, 1017.8, 0.012, 0.062,   51,   5.2,   1.9
30-Jul-2022 20:00, 0.874,  16.1,  10.8, 1017.5,-0.003, 0.041,   57,   4.8,   2.0
30-Jul-2022 21:00, 0.939,  16.1,  11.0, 1017.3, 0.011, 0.053,   61,   3.7,   2.4
30-Jul-2022 22:00, 1.018,  16.1,  10.8, 1017.2, 0.021, 0.061,   31,   4.9,   2.7
30-Jul-2022 23:00, 1.100,  16.0,  10.7, 1017.6, 0.025, 0.064,   40,   5.4,   2.5
31-Jul-2022 00:00, 1.176,  16.0,  11.0, 1017.9, 0.039, 0.083,   44,   4.7,   1.7
31-Jul-2022 01:00, 1.216,  16.0,  11.6, 1017.9, 0.026, 0.072,   39,   4.7,   2.4
31-Jul-2022 02:00, 1.267,  16.0,  12.7, 1017.7, 0.045, 0.091,   25,   4.9,   2.7
31-Jul-2022 03:00, 1.261,  16.0,  14.3, 1017.1, 0.045, 0.088,   17,   4.5,   2.5
31-Jul-2022 04:00, 1.225,  16.1,  15.3, 1016.3, 0.043, 0.080,  326,   4.2,   2.0
31-Jul-2022 05:00, 1.170,  16.1,  16.3, 1015.1, 0.051, 0.080,  350,   4.9,   2.6
31-Jul-2022 06:00, 1.068,  16.1,  16.0, 1014.4, 0.037, 0.055,  350,   4.0,   2.0
31-Jul-2022 07:00, 0.977,  16.1,  15.5, 1014.1, 0.050, 0.061,  357,   7.8,   4.9
31-Jul-2022 08:00, 0.860,  16.2,  15.1, 1013.6, 0.029, 0.037,  307,   7.5,   1.1
31-Jul-2022 09:00, 0.825,  16.2,  15.4, 1013.1, 0.063, 0.067,  339,   2.5,   1.8
31-Jul-2022 10:00, 0.811,  16.2,  15.6, 1012.7, 0.089, 0.087,    1,   2.6,   1.5
31-Jul-2022 11:00, 0.805,  16.2,  15.5, 1013.2, 0.088, 0.083,  330,   3.6,   1.7
31-Jul-2022 12:00, 0.799,  16.2,  14.5, 1013.0, 0.073, 0.073,   52,   3.4,   1.2
31-Jul-2022 13:00, 0.859,  16.3,  14.1, 1011.9, 0.106, 0.102,   32,   5.0,   3.2
31-Jul-2022 14:00, 0.902,  16.3,  13.7, 1011.5, 0.105, 0.092,   29,   7.5,   3.7
31-Jul-2022 15:00, 0.938,  16.3,  13.1, 1010.1, 0.106, 0.088,   26,   6.4,   4.2
31-Jul-2022 16:00, 1.008,  16.3,  12.7, 1008.5, 0.150, 0.116,   31,   7.6,   3.9
31-Jul-2022 17:00, 1.020,  16.4,  12.4, 1007.8, 0.149, 0.101,   32,   7.6,   3.6
31-Jul-2022 18:00, 1.030,  16.3,  12.1, 1006.4, 0.160, 0.105,   35,   8.1,   4.3
31-Jul-2022 19:00, 1.051,  16.2,  12.3, 1004.8, 0.187, 0.118,   31,   8.1,   4.6
31-Jul-2022 20:00, 1.087,  16.1,  13.0, 1003.0, 0.219, 0.132,   32,   9.1,   4.7
31-Jul-2022 21:00, 1.116,  16.1,  13.6, 1002.8, 0.216, 0.114,   16,   8.7,   3.4
31-Jul-2022 22:00, 1.206,  16.1,  10.5, 1001.8, 0.256, 0.151,   23,   9.5,   4.4
31-Jul-2022 23:00, 1.287,  16.0,  11.3, 1000.5, 0.270, 0.155,   27,   8.5,   4.5
01-Aug-2022 00:00, 1.360,  15.9,  12.0,  999.6, 0.283, 0.155,   24,  11.0,   5.1
01-Aug-2022 01:00, 1.471,  16.0,  13.3,  999.1, 0.348, 0.212,   15,  10.6,   5.3
01-Aug-2022 02:00, 1.531,  15.9,  13.4,  998.3, 0.370, 0.228,   10,   8.3,   3.1
01-Aug-2022 03:00, 1.592,  16.0,  15.1,  997.4, 0.420, 0.271,  356,  13.1,   9.2
01-Aug-2022 04:00, 1.562,  15.9,  19.0,  996.6, 0.407, 0.249,  330,  13.6,   5.9
01-Aug-2022 05:00, 1.581,  15.9,  18.5,  996.3, 0.467, 0.301,  297,  14.5,   6.3
01-Aug-2022 06:00, 1.448,  16.0,  19.0,  995.6, 0.402, 0.233,  310,  11.7,   5.7
01-Aug-2022 07:00, 1.464,  16.2,  19.5,  995.3, 0.505, 0.330,  312,  12.6,   7.5
01-Aug-2022 08:00, 1.395,  16.3,  18.6,  995.3, 0.528, 0.350,  291,  15.8,   8.3
01-Aug-2022 09:00, 1.245,  16.3,  17.6,  995.1, 0.451, 0.272,  288,  15.3,   8.0
01-Aug-2022 10:00, 1.310,  16.3,  17.1,  995.0, 0.560, 0.379,  279,  15.8,   8.1
01-Aug-2022 11:00, 1.305,  16.2,  16.9,  995.3, 0.562, 0.381,  273,  19.0,   9.3
01-Aug-2022 12:00, 1.329,  16.2,  16.8,  995.8, 0.570, 0.392,  285,  18.8,   9.9
01-Aug-2022 13:00, 1.364,  16.1,  16.6,  996.1, 0.583, 0.410,  277,  21.9,   9.8
01-Aug-2022 14:00, 1.456,  16.1,  16.2,  995.9, 0.634, 0.464,  275,  19.5,  10.8
01-Aug-2022 15:00, 1.399,  16.1,  16.0,  996.1, 0.540, 0.368,  266,  18.0,  10.7
01-Aug-2022 16:00, 1.472,  16.1,  16.0,  996.0, 0.588, 0.417,  275,  19.8,  10.4
01-Aug-2022 17:00, 1.520,  16.0,  14.2,  996.3, 0.619, 0.448,  269,  18.1,  11.0
01-Aug-2022 18:00, 1.498,  16.0,  15.1,  996.3, 0.596, 0.428,  265,  22.9,  11.0
01-Aug-2022 19:00, 1.605,  15.9,  15.7,  996.6, 0.712, 0.544,  271,  22.1,  12.4
01-Aug-2022 20:00, 1.529,  15.9,  15.1,  997.3, 0.643, 0.478,  274,  21.3,  13.0
01-Aug-2022 21:00, 1.507,  15.9,  14.9,  997.4, 0.612, 0.453,  274,  23.7,  11.2
01-Aug-2022 22:00, 1.539,  15.8,  15.3,  998.3, 0.616, 0.459,  272,  21.1,  11.9
01-Aug-2022 23:00, 1.542,  15.8,  15.1,  998.6, 0.574, 0.425,  271,  21.8,   9.8
02-Aug-2022 00:00, 1.574,  15.7,  15.0,  999.5, 0.554, 0.410,  276,  19.7,   9.4
02-Aug-2022 01:00, 1.575,  15.7,  15.8, 1000.0, 0.521, 0.384,  274,  17.5,  10.0
02-Aug-2022 02:00, 1.586,  15.7,  15.5, 1000.5, 0.501, 0.370,  274,  16.6,   9.3
02-Aug-2022 03:00, 1.579,  15.7,  15.9, 1000.2, 0.472, 0.345,  281,  14.8,   7.8
02-Aug-2022 04:00, 1.574,  15.7,  16.0,  999.8, 0.473, 0.343,  291,  15.3,   7.5
02-Aug-2022 05:00, 1.541,  15.7,  15.2,  998.8, 0.462, 0.327,  290,  15.1,   7.0
02-Aug-2022 06:00, 1.518,  15.8,  15.3,  997.8, 0.483, 0.339,  307,  13.3,   7.3
02-Aug-2022 07:00, 1.514,  15.8,  16.2,  997.5, 0.547, 0.393,  285,  17.7,   9.9
02-Aug-2022 08:00, 1.469,  15.8,  16.0,  996.9, 0.580, 0.423,  303,  17.9,   7.4
02-Aug-2022 09:00, 1.420,  15.8,  16.8,  996.3, 0.600, 0.437,  295,  17.3,  10.0
02-Aug-2022 10:00, 1.419,  15.8,  15.8,  996.5, 0.643, 0.474,  267,  22.0,  10.6
02-Aug-2022 11:00, 1.375,  15.8,  15.3,  997.1, 0.610, 0.444,  267,  19.4,  11.9
02-Aug-2022 12:00, 1.448,  15.7,  14.0,  997.6, 0.660, 0.501,  258,  20.1,  10.6
02-Aug-2022 13:00, 1.487,  15.7,  16.2,  997.8, 0.671, 0.515,  258,  24.3,  11.4
02-Aug-2022 14:00, 1.433,  15.7,  15.9,  998.6, 0.582, 0.429,  251,  20.9,  13.7
02-Aug-2022 15:00, 1.440,  15.6,  15.5,  999.1, 0.546, 0.401,  253,  20.6,  12.2
02-Aug-2022 16:00, 1.447,  15.6,  14.9,  999.6, 0.528, 0.387,  255,  22.9,  12.7
02-Aug-2022 17:00, 1.480,  15.5,  14.9,  999.9, 0.543, 0.408,  254,  23.0,  10.7
02-Aug-2022 18:00, 1.470,  15.5,  13.7,  999.9, 0.524, 0.391,  238,  21.3,  11.1
02-Aug-2022 19:00, 1.416,  15.4,  12.7, 1000.1, 0.479, 0.347,  234,  21.1,  10.3
02-Aug-2022 20:00, 1.382,  15.4,  12.9, 1000.0, 0.458, 0.327,  266,  19.5,   8.8
02-Aug-2022 21:00, 1.359,  15.4,  14.7, 1000.2, 0.444, 0.313,  260,  17.2,   8.4
02-Aug-2022 22:00, 1.346,  15.3,  15.2, 1000.5, 0.426, 0.296,  251,  17.7,   9.9
02-Aug-2022 23:00, 1.330,  15.3,  15.3, 1000.9, 0.392, 0.266,  251,  17.3,  11.7
03-Aug-2022 00:00, 1.392,  15.3,  15.5, 1001.7, 0.422, 0.300,  269,  17.6,   9.0
03-Aug-2022 01:00, 1.430,  15.2,  15.8, 1002.2, 0.436, 0.322,  256,  17.2,   9.5
03-Aug-2022 02:00, 1.437,  15.2,  16.0, 1002.8, 0.429, 0.320,  269,  18.1,  10.0
03-Aug-2022 03:00, 1.478,  15.2,  15.6, 1003.0, 0.452, 0.348,  270,  20.1,   9.8
03-Aug-2022 04:00, 1.437,  15.3,  14.5, 1003.5, 0.408, 0.307,  247,  22.8,  13.3
03-Aug-2022 05:00, 1.372,  15.3,  15.8, 1003.2, 0.357, 0.259,  255,  17.9,  10.3
03-Aug-2022 06:00, 1.401,  15.3,  13.7, 1003.6, 0.408, 0.308,  252,  20.2,  14.0
03-Aug-2022 07:00, 1.285,  15.3,  15.5, 1003.8, 0.335, 0.240,  243,  17.7,   9.9
03-Aug-2022 08:00, 1.226,  15.3,  16.0, 1004.3, 0.334, 0.241,  248,  20.4,  11.8
03-Aug-2022 09:00, 1.175,  15.3,  16.3, 1004.8, 0.340, 0.251,  253,  15.6,  10.5
03-Aug-2022 10:00, 1.081,  15.2,  14.4, 1005.5, 0.285, 0.202,  262,  19.5,   8.7
03-Aug-2022 11:00, 1.063,  15.3,  15.7, 1006.2, 0.278, 0.201,  245,  17.9,   8.9
03-Aug-2022 12:00, 1.056,  15.3,  14.8, 1007.0, 0.247, 0.178,  240,  18.5,   6.8
03-Aug-2022 13:00, 1.065,  15.2,  14.8, 1007.5, 0.215, 0.153,  222,  14.9,   6.6
03-Aug-2022 14:00, 1.070,  15.2,  13.5, 1007.9, 0.185, 0.128,  204,  10.9,   5.2
03-Aug-2022 15:00, 1.104,  15.2,  14.0, 1007.9, 0.175, 0.122,  205,  10.9,   4.2
03-Aug-2022 16:00, 1.116,  15.2,  14.5, 1008.3, 0.154, 0.101,  209,  11.6,   4.8
03-Aug-2022 17:00, 1.090,  15.2,  14.0, 1008.7, 0.112, 0.063,  240,  10.0,   7.2
03-Aug-2022 18:00, 1.139,  15.2,  13.2, 1008.9, 0.147, 0.102,  213,  10.6,   4.3
03-Aug-2022 19:00, 1.106,  15.2,  15.0, 1009.3, 0.113, 0.071,  223,  14.1,   7.1
03-Aug-2022 20:00, 1.041,  15.1,  15.4, 1009.1, 0.065, 0.025,  206,  15.6,   6.0
03-Aug-2022 21:00, 1.103,  15.1,  15.6, 1009.5, 0.145, 0.104,  225,  16.5,   6.9
03-Aug-2022 22:00, 1.011,  15.1,  15.3, 1010.2, 0.069, 0.032,  212,  14.7,   5.9
03-Aug-2022 23:00, 1.007,  15.1,  15.5, 1010.9, 0.072, 0.042,  231,  13.6,   7.1
04-Aug-2022 00:00, 1.004,  15.1,  14.8, 1011.7, 0.065, 0.042,  208,  10.8,   4.3
04-Aug-2022 01:00, 0.963,  15.1,  14.0, 1013.0, 0.016, 0.002,  178,   9.0,   2.4
04-Aug-2022 02:00, 0.977,  15.1,  13.4, 1014.0, 0.036, 0.035,   84,   7.3,   1.8
04-Aug-2022 03:00, 0.958,  15.1,  13.9, 1014.4, 0.018, 0.026,  154,   4.0,   1.1
04-Aug-2022 04:00, 0.928,  15.2,  14.7, 1014.3,-0.017,-0.005,  177,   5.4,   2.3
04-Aug-2022 05:00, 0.911,  15.2,  14.4, 1014.3,-0.022,-0.012,  193,   7.0,   2.9
04-Aug-2022 06:00, 0.907,  15.2,  15.1, 1014.2,-0.015,-0.005,  182,   6.8,   2.9
04-Aug-2022 07:00, 0.875,  15.2,  15.8, 1014.5,-0.029,-0.019,  196,   8.7,   4.1
04-Aug-2022 08:00, 0.834,  15.2,  15.6, 1015.0,-0.034,-0.021,  198,   8.3,   3.8
04-Aug-2022 09:00, 0.819,  15.2,  15.4, 1015.5,-0.012, 0.006,  192,   9.1,   3.0
04-Aug-2022 10:00, 0.741,  15.2,  14.6, 1016.0,-0.062,-0.039,  189,   7.8,   2.8
04-Aug-2022 11:00, 0.753,  15.2,  13.6, 1016.7,-0.044,-0.016,  152,   6.9,   2.3
04-Aug-2022 12:00, 0.783,  15.2,  12.9, 1017.5,-0.037,-0.002,  146,   5.4,   1.4
04-Aug-2022 13:00, 0.801,  15.2,  13.7, 1018.0,-0.069,-0.026,  186,   5.5,   1.6
04-Aug-2022 14:00, 0.869,  15.2,  12.7, 1018.1,-0.047, 0.000,   93,   6.9,   0.6
04-Aug-2022 15:00, 0.870,  15.2,  12.6, 1018.5,-0.088,-0.039,  181,   3.9,   1.2
04-Aug-2022 16:00, 0.915,  15.2,  11.5, 1018.3,-0.087,-0.035,   78,   2.4,   0.7
04-Aug-2022 17:00, 0.963,  15.2,  10.8, 1018.2,-0.061,-0.011,   70,   2.0,   1.3
04-Aug-2022 18:00, 0.951,  15.3,  10.1, 1018.6,-0.087,-0.037,   72,   2.1,   1.0
04-Aug-2022 19:00, 0.971,  15.3,   9.8, 1018.4,-0.079,-0.026,  116,   1.5,   0.5
04-Aug-2022 20:00, 0.982,  15.3,   8.9, 1018.4,-0.059,-0.008,    5,   2.3,   1.0
04-Aug-2022 21:00, 0.958,  15.3,   9.0, 1018.5,-0.062,-0.011,   34,   2.7,   1.4
04-Aug-2022 22:00, 0.917,  15.3,   9.0, 1018.8,-0.077,-0.024,   38,   2.7,   1.5
04-Aug-2022 23:00, 0.936,  15.3,   9.3, 1019.2,-0.028, 0.027,   32,   3.2,   1.7
05-Aug-2022 00:00, 0.873,  15.3,   9.6, 1020.1,-0.064,-0.005,   37,   3.4,   1.8
05-Aug-2022 01:00, 0.852,  15.3,  11.0, 1020.8,-0.068, 0.001,   31,   4.1,   2.1
05-Aug-2022 02:00, 0.844,  15.2,  12.5, 1021.0,-0.052, 0.024,   21,   3.3,   2.0
05-Aug-2022 03:00, 0.815,  15.1,  13.5, 1020.8,-0.051, 0.026,  359,   3.8,   2.1
05-Aug-2022 04:00, 0.788,  15.2,  13.5, 1020.2,-0.069, 0.006,   45,   4.3,   1.3
05-Aug-2022 05:00, 0.788,  15.1,  13.3, 1019.7,-0.057, 0.012,   37,   3.8,   2.1
05-Aug-2022 06:00, 0.781,  15.0,  14.0, 1019.0,-0.050, 0.013,   75,   4.7,   2.2
05-Aug-2022 07:00, 0.751,  15.1,  14.0, 1019.0,-0.078,-0.020,   52,   3.9,   1.8
05-Aug-2022 08:00, 0.786,  15.1,  13.3, 1019.0,-0.032, 0.025,   10,   5.6,   2.1
05-Aug-2022 09:00, 0.735,  15.1,  13.0, 1019.1,-0.065,-0.007,   55,   4.1,   2.1
05-Aug-2022 10:00, 0.757,  15.1,  12.3, 1018.9,-0.034, 0.023,   64,   4.9,   2.6
05-Aug-2022 11:00, 0.749,  15.1,  12.1, 1019.5,-0.046, 0.011,   65,   4.6,   3.0
05-Aug-2022 12:00, 0.770,  15.2,  12.2, 1019.8,-0.051, 0.012,   37,   3.9,   1.8
05-Aug-2022 13:00, 0.837,  15.3,  12.2, 1019.8,-0.035, 0.030,   61,   4.2,   1.6
05-Aug-2022 14:00, 0.885,  15.3,  12.1, 1019.6,-0.046, 0.019,   70,   3.2,   2.0
05-Aug-2022 15:00, 0.923,  15.4,  12.1, 1019.2,-0.053, 0.010,   59,   3.8,   1.9
05-Aug-2022 16:00, 0.990,  15.4,  12.0, 1018.8,-0.034, 0.024,   61,   4.3,   2.1
05-Aug-2022 17:00, 1.019,  15.3,  11.8, 1018.8,-0.043, 0.012,   60,   3.5,   1.3
05-Aug-2022 18:00, 1.039,  15.3,  11.5, 1018.6,-0.042, 0.013,   76,   3.7,   2.3
05-Aug-2022 19:00, 1.075,  15.3,  14.7, 1018.2,-0.026, 0.027,  292,   7.3,   3.1
05-Aug-2022 20:00, 1.070,  15.3,  11.5, 1018.1,-0.040, 0.009,   59,   6.0,   1.9
05-Aug-2022 21:00, 1.061,  15.4,  11.5, 1018.1,-0.034, 0.014,   26,   4.1,   2.2
05-Aug-2022 22:00, 1.050,  15.4,  15.3, 1018.4,-0.017, 0.031,  282,   5.8,   3.5
05-Aug-2022 23:00, 1.021,  15.3,  12.1, 1018.8,-0.005, 0.047,   21,   5.5,   2.1
06-Aug-2022 00:00, 0.935,  15.3,  11.7, 1019.1,-0.041, 0.015,   29,   4.7,   2.8
06-Aug-2022 01:00, 0.902,  15.3,  13.3, 1019.5,-0.026, 0.032,   12,   5.9,   3.5
06-Aug-2022 02:00, 0.845,  15.3,  13.9, 1019.7,-0.036, 0.026,    5,   5.7,   2.9
06-Aug-2022 03:00, 0.807,  15.2,  15.2, 1019.4,-0.018, 0.046,  343,   4.6,   2.8
06-Aug-2022 04:00, 0.751,  15.3,  15.4, 1018.8,-0.032, 0.029,  343,   6.4,   3.6
06-Aug-2022 05:00, 0.735,  15.3,  15.2, 1017.8,-0.026, 0.028,  341,   6.5,   3.5
06-Aug-2022 06:00, 0.712,  15.4,  16.1, 1017.0,-0.027, 0.017,  336,   6.4,   1.7
06-Aug-2022 07:00, 0.713,  15.5,  16.1, 1016.7,-0.020, 0.017,  349,   7.1,   3.3
06-Aug-2022 08:00, 0.744,  15.6,  16.2, 1016.2, 0.003, 0.037,  341,   5.8,   2.9
06-Aug-2022 09:00, 0.757,  15.7,  16.5, 1016.1, 0.013, 0.042,  345,   5.7,   3.3
06-Aug-2022 10:00, 0.773,  15.8,  16.5, 1016.0, 0.019, 0.047,  350,   8.2,   4.7
06-Aug-2022 11:00, 0.795,  15.8,  15.9, 1016.0, 0.021, 0.048,   22,   6.7,   2.7
06-Aug-2022 12:00, 0.847,  15.8,  14.9, 1016.0, 0.042, 0.069,    7,   6.0,   3.4
06-Aug-2022 13:00, 0.950,  15.8,  15.0, 1015.5, 0.094, 0.121,   10,   6.6,   3.7
06-Aug-2022 14:00, 0.993,  15.8,  14.6, 1016.0, 0.072, 0.096,  337,   9.1,   5.4
06-Aug-2022 15:00, 1.017,  15.7,  12.6, 1015.3, 0.041, 0.067,    8,  10.8,   5.9
06-Aug-2022 16:00, 1.106,  15.8,  13.1, 1015.2, 0.082, 0.102,   26,   9.4,   2.8
06-Aug-2022 17:00, 1.141,  16.0,  13.1, 1015.1, 0.066, 0.085,   27,   5.1,   2.6
06-Aug-2022 18:00, 1.179,  15.9,  13.0, 1014.5, 0.070, 0.088,   19,   6.5,   3.8
06-Aug-2022 19:00, 1.239,  15.9,  13.6, 1014.3, 0.104, 0.116,  349,   6.9,   4.3
06-Aug-2022 20:00, 1.252,  15.9,  16.7, 1014.2, 0.088, 0.098,  285,   7.7,   4.3
06-Aug-2022 21:00, 1.261,  15.8,  15.2, 1014.5, 0.090, 0.100,  277,  13.6,   4.4
06-Aug-2022 22:00, 1.232,  15.8,  16.6, 1014.9, 0.079, 0.092,  256,   9.0,   5.6
06-Aug-2022 23:00, 1.195,  15.8,  16.3, 1015.6, 0.080, 0.097,  248,  12.2,   8.0
07-Aug-2022 00:00, 1.132,  15.9,  15.8, 1016.2, 0.078, 0.102,  246,  12.1,   4.9
07-Aug-2022 01:00, 1.026,  15.8,  16.3, 1016.8, 0.045, 0.075,  244,  11.9,   4.7
07-Aug-2022 02:00, 0.964,  15.7,  16.6, 1017.3, 0.055, 0.091,  247,  10.2,   6.8
07-Aug-2022 03:00, 0.851,  15.8,  16.6, 1017.4, 0.023, 0.063,  246,  10.8,   7.5
07-Aug-2022 04:00, 0.769,  15.8,  16.6, 1016.9, 0.019, 0.060,  243,   9.5,   6.0
07-Aug-2022 05:00, 0.736,  15.9,  16.2, 1016.4, 0.037, 0.073,  254,   9.3,   4.9
07-Aug-2022 06:00, 0.656,  15.9,  16.6, 1015.9,-0.008, 0.023,  257,   6.8,   3.3
07-Aug-2022 07:00, 0.667,  16.0,  16.5, 1015.8, 0.026, 0.052,  276,   6.7,   3.8
07-Aug-2022 08:00, 0.665,  16.0,  16.5, 1016.2, 0.017, 0.043,  265,   6.1,   3.2
07-Aug-2022 09:00, 0.675,  16.0,  16.2, 1016.3, 0.007, 0.037,  279,   5.6,   2.7
07-Aug-2022 10:00, 0.729,  16.1,  16.0, 1016.3, 0.036, 0.066,  279,   4.2,   1.5
07-Aug-2022 11:00, 0.740,  16.1,  16.0, 1016.8, 0.009, 0.040,  269,   4.6,   2.1
07-Aug-2022 12:00, 0.805,  16.1,  15.9, 1017.1, 0.031, 0.066,  276,   7.0,   2.3
07-Aug-2022 13:00, 0.872,  16.1,  16.2, 1017.2, 0.049, 0.087,  286,   5.8,   2.8
07-Aug-2022 14:00, 0.928,  16.1,  16.0, 1017.0, 0.041, 0.080,  309,   6.8,   1.5
07-Aug-2022 15:00, 0.964,  16.1,  15.9, 1016.6, 0.014, 0.051,  297,   7.4,   3.7
07-Aug-2022 16:00, 1.067,  16.0,  15.8, 1016.1, 0.069, 0.101,  323,   6.5,   2.2
07-Aug-2022 17:00, 1.093,  16.1,  15.9, 1016.1, 0.042, 0.070,  280,   8.3,   3.7
07-Aug-2022 18:00, 1.155,  16.0,  15.6, 1015.4, 0.051, 0.079,  289,   7.7,   4.5
07-Aug-2022 19:00, 1.212,  15.9,  14.2, 1014.6, 0.067, 0.088,   13,   6.8,   2.6
07-Aug-2022 20:00, 1.241,  15.8,  13.5, 1014.0, 0.053, 0.066,   34,   6.3,   2.4
07-Aug-2022 21:00, 1.291,  15.9,  13.1, 1013.8, 0.068, 0.075,   26,   5.1,   2.6
07-Aug-2022 22:00, 1.318,  15.9,  13.4, 1013.6, 0.088, 0.093,   14,   4.9,   3.1
07-Aug-2022 23:00, 1.306,  16.0,  13.1, 1013.4, 0.097, 0.100,   17,   6.8,   4.1
08-Aug-2022 00:00, 1.261,  16.0,  13.8, 1013.5, 0.104, 0.105,    6,   7.2,   4.5
08-Aug-2022 01:00, 1.208,  15.9,  13.5, 1013.4, 0.132, 0.135,    1,   8.1,   5.6
08-Aug-2022 02:00, 1.101,  15.7,  14.7, 1012.6, 0.119, 0.119,    7,  10.0,   4.6
08-Aug-2022 03:00, 1.094,  15.6,  14.0, 1012.0, 0.211, 0.204,  353,  11.1,   3.8
08-Aug-2022 04:00, 0.928,  15.5,  15.7, 1011.8, 0.154, 0.142,  256,  17.1,   6.3
08-Aug-2022 05:00, 0.825,  15.6,  16.0, 1011.0, 0.143, 0.128,  266,  11.3,   5.1
08-Aug-2022 06:00, 0.816,  15.9,  16.0, 1010.3, 0.196, 0.172,  265,  11.2,   5.5
08-Aug-2022 07:00, 0.701,  16.0,  16.5, 1010.6, 0.123, 0.094,  258,  11.8,   6.7
08-Aug-2022 08:00, 0.741,  15.7,  16.3, 1010.6, 0.177, 0.151,  260,  14.5,   6.3
08-Aug-2022 09:00, 0.748,  15.8,  15.0, 1011.0, 0.166, 0.140,  256,  13.2,   8.0
08-Aug-2022 10:00, 0.792,  15.9,  15.7, 1011.1, 0.173, 0.151,  258,  13.4,   6.6
08-Aug-2022 11:00, 0.833,  15.7,  15.1, 1011.6, 0.165, 0.144,  268,  16.3,   5.5
08-Aug-2022 12:00, 0.881,  15.7,  15.0, 1012.0, 0.154, 0.139,  250,  12.7,   8.5
08-Aug-2022 13:00, 0.974,  15.8,  14.5, 1011.7, 0.192, 0.179,  261,  13.8,   5.8
08-Aug-2022 14:00, 1.000,  15.8,  14.0, 1011.4, 0.161, 0.145,  275,  13.5,   5.5
08-Aug-2022 15:00, 1.098,  15.7,  14.1, 1011.1, 0.197, 0.178,  262,  13.1,   7.8
08-Aug-2022 16:00, 1.135,  15.6,  12.5, 1010.9, 0.182, 0.162,  262,  15.8,   5.4
08-Aug-2022 17:00, 1.210,  15.6,  13.6, 1009.6, 0.209, 0.185,  276,  14.5,   7.1
08-Aug-2022 18:00, 1.299,  15.6,  12.9, 1009.1, 0.240, 0.203,  243,  16.4,  10.3
08-Aug-2022 19:00, 1.305,  15.5,  12.8, 1008.5, 0.187, 0.145,  234,  18.3,   8.6
08-Aug-2022 20:00, 1.369,  15.6,  12.4, 1008.5, 0.194, 0.146,  230,  16.9,   6.8
08-Aug-2022 21:00, 1.424,  15.8,  11.2, 1009.0, 0.192, 0.145,  226,  16.7,   9.5
08-Aug-2022 22:00, 1.473,  15.7,  12.3, 1009.0, 0.200, 0.158,  232,  16.1,  10.8
08-Aug-2022 23:00, 1.453,  15.6,  11.2, 1009.2, 0.172, 0.130,  221,  14.3,   6.9
09-Aug-2022 00:00, 1.437,  15.6,  11.3, 1010.0, 0.181, 0.141,  206,  16.5,   6.1
09-Aug-2022 01:00, 1.314,  15.6,   8.7, 1011.6, 0.125, 0.095,  124,   9.0,   1.0
09-Aug-2022 02:00, 1.162,  15.6,   8.9, 1012.7, 0.071, 0.056,   97,   5.6,   1.0
09-Aug-2022 03:00, 1.086,  15.6,   8.6, 1013.7, 0.108, 0.105,  129,   4.9,   0.5
09-Aug-2022 04:00, 0.901,  15.6,   9.6, 1013.2, 0.048, 0.051,  144,   5.7,   1.7
09-Aug-2022 05:00, 0.804,  15.6,  10.5, 1013.4, 0.075, 0.076,  219,   4.3,   1.7
09-Aug-2022 06:00, 0.728,  15.6,  10.7, 1012.8, 0.099, 0.099,   32,   4.7,   2.3
09-Aug-2022 07:00, 0.599,  15.6,  11.3, 1014.0, 0.040, 0.037,  181,  12.3,   2.5
09-Aug-2022 08:00, 0.549,  15.6,  12.4, 1014.4, 0.030, 0.037,  202,  11.1,   6.1
09-Aug-2022 09:00, 0.559,  15.6,  11.8, 1014.9, 0.044, 0.056,  191,  13.0,   3.0
09-Aug-2022 10:00, 0.525,  15.5,  11.7, 1015.7,-0.020,-0.003,  189,  10.0,   3.4
09-Aug-2022 11:00, 0.598,  15.5,   9.8, 1016.5,-0.001, 0.024,  139,   8.0,   2.6
09-Aug-2022 12:00, 0.641,  15.5,  10.5, 1017.5,-0.026, 0.007,  156,   6.1,   2.4
09-Aug-2022 13:00, 0.732,  15.5,  10.1, 1018.4,-0.004, 0.039,  130,   4.3,   0.8
09-Aug-2022 14:00, 0.771,  15.5,   9.2, 1018.6,-0.021, 0.030,   72,   4.2,   1.9
09-Aug-2022 15:00, 0.802,  15.5,   9.1, 1018.8,-0.042, 0.011,   31,   2.6,   0.8
09-Aug-2022 16:00, 0.876,  15.6,   9.0, 1018.9,-0.016, 0.039,   63,   3.8,   1.5
09-Aug-2022 17:00, 0.886,  15.6,   8.8, 1019.5,-0.049, 0.008,   54,   2.8,   0.6
09-Aug-2022 18:00, 0.953,  15.6,   9.0, 1019.5,-0.034, 0.029,   40,   1.8,   1.4
09-Aug-2022 19:00, 1.018,  15.6,   8.9, 1019.3,-0.031, 0.031,   73,   2.6,   1.7
09-Aug-2022 20:00, 1.079,  15.6,   8.7, 1019.5,-0.043, 0.017,   68,   2.5,   1.5
09-Aug-2022 21:00, 1.144,  15.5,   8.6, 1020.0,-0.052, 0.011,   41,   2.8,   1.2
09-Aug-2022 22:00, 1.206,  15.6,   8.3, 1020.8,-0.056, 0.012,   64,   2.7,   1.4
09-Aug-2022 23:00, 1.239,  15.6,   8.4, 1021.9,-0.066, 0.010,   71,   3.1,   2.3
10-Aug-2022 00:00, 1.228,  15.6,   9.0, 1022.7,-0.086, 0.001,   64,   3.0,   1.4
10-Aug-2022 01:00, 1.234,  15.6,  11.3, 1023.2,-0.048, 0.046,   54,   2.8,   1.2
10-Aug-2022 02:00, 1.121,  15.6,  12.8, 1023.7,-0.083, 0.016,  155,   2.1,   0.6
10-Aug-2022 03:00, 1.005,  15.6,  13.8, 1023.8,-0.088, 0.016,  195,   3.2,   1.7
10-Aug-2022 04:00, 0.853,  15.6,  14.8, 1023.5,-0.110,-0.006,  207,   3.8,   2.1
10-Aug-2022 05:00, 0.725,  15.7,  15.1, 1023.0,-0.101, 0.001,  192,   5.7,   2.6
10-Aug-2022 06:00, 0.579,  15.8,  15.2, 1022.6,-0.120,-0.024,  208,   5.0,   2.2
10-Aug-2022 07:00, 0.476,  15.7,  15.2, 1022.8,-0.119,-0.026,  201,   5.5,   2.7
10-Aug-2022 08:00, 0.406,  15.7,  15.2, 1022.7,-0.121,-0.026,  232,   4.5,   1.8
10-Aug-2022 09:00, 0.400,  15.7,  15.2, 1023.0,-0.095,-0.001,  200,   3.3,   2.0
10-Aug-2022 10:00, 0.374,  15.8,  15.1, 1023.4,-0.128,-0.031,  218,   3.9,   1.9
10-Aug-2022 11:00, 0.432,  15.8,  15.1, 1023.8,-0.113,-0.012,  195,   4.2,   1.9
10-Aug-2022 12:00, 0.511,  15.8,  14.8, 1024.4,-0.101, 0.004,  157,   4.2,   2.0
10-Aug-2022 13:00, 0.585,  15.8,  12.9, 1024.9,-0.104, 0.007,   70,   2.9,   0.8
10-Aug-2022 14:00, 0.645,  15.8,  12.9, 1025.2,-0.108, 0.009,   78,   1.3,   0.3
10-Aug-2022 15:00, 0.680,  15.8,  11.4, 1025.1,-0.117, 0.001,   73,   2.2,   1.4
10-Aug-2022 16:00, 0.743,  15.8,  10.6, 1025.0,-0.090, 0.028,   68,   2.1,   1.2
10-Aug-2022 17:00, 0.741,  15.9,  10.5, 1025.1,-0.126,-0.009,   54,   2.2,   0.5
10-Aug-2022 18:00, 0.812,  15.9,   9.6, 1025.2,-0.097, 0.020,  102,   1.6,   0.6
10-Aug-2022 19:00, 0.856,  15.8,   9.2, 1025.2,-0.107, 0.012,   98,   2.6,   1.0
10-Aug-2022 20:00, 0.911,  15.9,   8.7, 1025.3,-0.124,-0.005,   91,   2.0,   0.8
10-Aug-2022 21:00, 1.001,  15.9,   7.9, 1025.5,-0.119, 0.001,   64,   1.9,   1.0
10-Aug-2022 22:00, 1.107,  15.9,   8.7, 1025.7,-0.095, 0.027,  109,   1.7,   0.3
10-Aug-2022 23:00, 1.159,  16.0,   8.7, 1026.3,-0.112, 0.012,  176,   2.0,   0.3
11-Aug-2022 00:00, 1.217,  16.0,  10.1, 1027.0,-0.096, 0.034,   71,   1.6,   0.3
11-Aug-2022 01:00, 1.211,  16.1,  12.0, 1027.4,-0.107, 0.030,   89,   2.2,   1.2
11-Aug-2022 02:00, 1.172,  16.1,  14.4, 1027.4,-0.108, 0.033,   98,   2.7,   1.1
11-Aug-2022 03:00, 1.116,  16.1,  15.6, 1026.8,-0.079, 0.061,  104,   5.4,   1.9
11-Aug-2022 04:00, 0.971,  16.2,  16.4, 1026.0,-0.106, 0.029,   54,   5.5,   1.9
11-Aug-2022 05:00, 0.850,  16.2,  17.3, 1024.8,-0.089, 0.037,   76,   5.1,   2.1
11-Aug-2022 06:00, 0.712,  16.2,  18.0, 1023.9,-0.093, 0.021,   40,   5.2,   2.2
11-Aug-2022 07:00, 0.585,  16.1,  17.9, 1023.7,-0.098, 0.007,   61,   4.9,   2.0
11-Aug-2022 08:00, 0.500,  16.2,  16.8, 1023.7,-0.084, 0.020,  217,   5.0,   2.3
11-Aug-2022 09:00, 0.444,  16.2,  16.6, 1023.8,-0.086, 0.018,  201,   4.1,   1.9
11-Aug-2022 10:00, 0.419,  16.2,  16.1, 1024.1,-0.092, 0.013,  184,   3.9,   1.3
11-Aug-2022 11:00, 0.461,  16.3,  15.1, 1024.6,-0.067, 0.041,   89,   2.8,   0.5
11-Aug-2022 12:00, 0.493,  16.3,  14.6, 1025.1,-0.089, 0.024,   94,   2.2,   0.7
11-Aug-2022 13:00, 0.575,  16.4,  13.5, 1025.0,-0.080, 0.038,   80,   4.5,   1.8
11-Aug-2022 14:00, 0.650,  16.4,  12.6, 1024.7,-0.074, 0.042,   80,   4.2,   2.6
11-Aug-2022 15:00, 0.674,  16.5,  11.9, 1024.5,-0.099, 0.014,   80,   4.7,   2.2
11-Aug-2022 16:00, 0.718,  16.5,  11.1, 1024.1,-0.082, 0.030,   74,   3.9,   2.1
11-Aug-2022 17:00, 0.762,  16.5,  11.5, 1023.8,-0.053, 0.055,   78,   3.5,   1.3
11-Aug-2022 18:00, 0.774,  16.5,  11.1, 1023.1,-0.067, 0.037,   68,   2.4,   0.4
11-Aug-2022 19:00, 0.836,  16.5,  10.9, 1021.8,-0.049, 0.047,   80,   4.9,   2.7
11-Aug-2022 20:00, 0.926,  16.5,  11.6, 1021.1,-0.014, 0.070,   68,   6.9,   3.9
11-Aug-2022 21:00, 0.965,  16.6,  10.7, 1020.8,-0.055, 0.022,   67,   5.8,   2.9
11-Aug-2022 22:00, 1.076,  16.6,  10.9, 1020.6,-0.035, 0.040,   71,   6.1,   3.8
11-Aug-2022 23:00, 1.161,  16.5,  10.9, 1020.8,-0.028, 0.045,   70,   8.4,   5.1
12-Aug-2022 00:00, 1.234,  16.5,  11.4, 1021.3,-0.018, 0.057,   64,   8.0,   5.2
12-Aug-2022 01:00, 1.256,  16.3,  13.2, 1021.1,-0.032, 0.048,   63,   9.0,   4.6
12-Aug-2022 02:00, 1.329,  16.3,  15.2, 1020.4, 0.041, 0.119,   60,   9.5,   5.0
12-Aug-2022 03:00, 1.276,  16.3,  17.2, 1019.8, 0.031, 0.102,   29,  10.3,   4.0
12-Aug-2022 04:00, 1.200,  16.3,  18.7, 1018.4, 0.041, 0.105,   45,   9.9,   4.4
12-Aug-2022 05:00, 1.115,  16.2,  19.6, 1016.9, 0.077, 0.126,   22,   9.8,   4.4
12-Aug-2022 06:00, 0.968,  16.3,  20.2, 1016.2, 0.061, 0.097,   25,   8.8,   4.4
12-Aug-2022 07:00, 0.866,  16.4,  20.3, 1015.0, 0.077, 0.105,   46,   8.0,   4.2
12-Aug-2022 08:00, 0.765,  16.6,  20.4, 1014.4, 0.085, 0.102,   37,   7.8,   3.6
12-Aug-2022 09:00, 0.722,  16.6,  20.2, 1014.4, 0.120, 0.131,   31,   8.8,   4.3
12-Aug-2022 10:00, 0.656,  16.6,  18.8, 1014.8, 0.087, 0.099,   50,   6.7,   1.6
12-Aug-2022 11:00, 0.670,  16.6,  17.4, 1015.0, 0.108, 0.124,   67,   3.7,   2.2
12-Aug-2022 12:00, 0.705,  16.6,  16.7, 1014.5, 0.113, 0.129,   67,   6.3,   3.8
12-Aug-2022 13:00, 0.773,  16.6,  16.0, 1014.6, 0.123, 0.136,   63,   5.6,   2.9
12-Aug-2022 14:00, 0.843,  16.6,  15.7, 1014.0, 0.128, 0.140,   64,   5.6,   3.3
12-Aug-2022 15:00, 0.908,  16.5,  15.6, 1013.1, 0.138, 0.145,   64,   6.4,   3.6
12-Aug-2022 16:00, 0.947,  16.5,  16.1, 1012.5, 0.149, 0.147,   55,   7.7,   3.1
12-Aug-2022 17:00, 0.980,  16.4,  16.6, 1011.8, 0.179, 0.171,   41,   7.7,   3.7
12-Aug-2022 18:00, 0.951,  16.4,  16.6, 1010.8, 0.150, 0.135,   38,   9.5,   4.9
12-Aug-2022 19:00, 1.020,  16.3,  16.4, 1010.1, 0.192, 0.168,   33,  10.5,   5.8
12-Aug-2022 20:00, 1.072,  16.3,  15.4, 1009.0, 0.201, 0.169,   34,   9.4,   4.5
12-Aug-2022 21:00, 1.116,  16.3,  15.2, 1008.7, 0.189, 0.147,   37,   8.5,   4.0
12-Aug-2022 22:00, 1.240,  16.3,  15.7, 1007.8, 0.231, 0.185,   37,   9.2,   4.5
12-Aug-2022 23:00, 1.320,  16.2,  15.9, 1007.6, 0.232, 0.178,   37,  10.0,   5.6
13-Aug-2022 00:00, 1.375,  16.1,  16.1, 1007.8, 0.221, 0.165,   32,  11.1,   5.5
13-Aug-2022 01:00, 1.483,  16.1,  15.9, 1007.7, 0.279, 0.225,   31,  10.8,   5.3
13-Aug-2022 02:00, 1.467,  16.0,  15.5, 1007.0, 0.238, 0.183,   32,  11.6,   5.3
13-Aug-2022 03:00, 1.552,  16.0,  14.8, 1005.9, 0.330, 0.266,   30,  10.4,   6.3
13-Aug-2022 04:00, 1.458,  16.0,  13.8, 1006.1, 0.279, 0.207,   25,  14.4,   5.4
13-Aug-2022 05:00, 1.463,  16.0,  13.1, 1005.7, 0.369, 0.297,    9,  13.9,   7.0
13-Aug-2022 06:00, 1.390,  16.0,  13.9, 1005.3, 0.411, 0.335,    1,  10.8,   5.9
13-Aug-2022 07:00, 1.300,  16.0,  19.1, 1005.8, 0.429, 0.350,  308,  11.0,   6.8
13-Aug-2022 08:00, 1.202,  15.9,  16.6, 1006.7, 0.425, 0.352,  305,  13.3,   6.1
13-Aug-2022 09:00, 1.127,  15.9,  18.0, 1007.0, 0.432, 0.367,  298,  14.3,   5.6
13-Aug-2022 10:00, 1.051,  15.9,  16.7, 1008.0, 0.401, 0.339,  300,  19.5,   5.4
13-Aug-2022 11:00, 1.028,  15.9,  17.5, 1009.0, 0.393, 0.341,  287,  12.2,   5.9
13-Aug-2022 12:00, 1.061,  15.9,  16.4, 1010.5, 0.416, 0.375,  250,  14.9,  10.5
13-Aug-2022 13:00, 1.034,  15.8,  16.7, 1011.8, 0.350, 0.324,  244,  13.6,   9.5
13-Aug-2022 14:00, 1.019,  15.8,  16.7, 1012.8, 0.283, 0.270,  242,  11.9,   7.7
13-Aug-2022 15:00, 1.088,  15.8,  16.6, 1013.7, 0.301, 0.298,  242,  12.0,   7.3
13-Aug-2022 16:00, 1.052,  15.8,  15.7, 1013.8, 0.232, 0.237,  220,   9.8,   5.1
13-Aug-2022 17:00, 1.079,  15.8,  16.4, 1013.7, 0.253, 0.259,  241,   7.7,   4.9
13-Aug-2022 18:00, 1.034,  15.8,  16.1, 1013.9, 0.225, 0.229,  228,   7.0,   3.4
13-Aug-2022 19:00, 1.003,  15.8,  16.4, 1014.4, 0.200, 0.207,  250,   7.4,   4.9
13-Aug-2022 20:00, 1.029,  15.8,  16.4, 1014.3, 0.198, 0.209,  252,   6.9,   4.0
13-Aug-2022 21:00, 1.057,  15.7,  16.4, 1014.7, 0.189, 0.199,  248,   5.2,   3.5
13-Aug-2022 22:00, 1.087,  15.7,  16.3, 1015.7, 0.163, 0.178,  229,   6.5,   3.5
13-Aug-2022 23:00, 1.146,  15.7,  10.8, 1016.8, 0.153, 0.179,   66,   6.1,   2.6
14-Aug-2022 00:00, 1.229,  15.7,  11.6, 1017.8, 0.180, 0.216,   61,   3.6,   2.0
14-Aug-2022 01:00, 1.230,  15.7,  13.2, 1018.4, 0.132, 0.178,   61,   4.6,   2.7
14-Aug-2022 02:00, 1.274,  15.7,  14.8, 1018.5, 0.145, 0.197,   29,   4.8,   2.5
14-Aug-2022 03:00, 1.317,  15.8,  16.2, 1018.4, 0.177, 0.229,   26,   4.9,   2.2
14-Aug-2022 04:00, 1.256,  15.8,  17.2, 1018.0, 0.128, 0.179,   50,   5.6,   1.1
14-Aug-2022 05:00, 1.237,  15.8,  18.1, 1017.4, 0.152, 0.199,  349,   3.7,   1.2
14-Aug-2022 06:00, 1.159,  15.8,  17.0, 1017.0, 0.152, 0.193,  254,   2.7,   1.8
14-Aug-2022 07:00, 1.029,  15.9,  17.1, 1017.0, 0.117, 0.155,  243,   3.0,   2.1
14-Aug-2022 08:00, 0.973,  15.9,  17.4, 1016.6, 0.137, 0.174,  227,   2.7,   1.4
14-Aug-2022 09:00, 0.944,  15.9,  17.2, 1016.8, 0.170, 0.204,  240,   2.2,   1.6
14-Aug-2022 10:00, 0.856,  16.0,  17.1, 1016.8, 0.125, 0.160,  181,   2.1,   0.7
14-Aug-2022 11:00, 0.863,  16.0,  16.3, 1017.0, 0.143, 0.179,  108,   1.3,   0.4
14-Aug-2022 12:00, 0.883,  16.0,  15.7, 1017.1, 0.159, 0.196,   76,   2.2,   1.6
14-Aug-2022 13:00, 0.895,  16.0,  15.7, 1017.3, 0.146, 0.185,   64,   4.1,   2.2
14-Aug-2022 14:00, 0.910,  15.9,  15.0, 1017.3, 0.123, 0.164,   62,   4.7,   2.4
14-Aug-2022 15:00, 0.964,  15.9,  14.6, 1016.8, 0.138, 0.178,   65,   5.0,   2.9
14-Aug-2022 16:00, 0.991,  16.0,  14.3, 1016.4, 0.132, 0.166,   68,   5.1,   3.5
14-Aug-2022 17:00, 0.988,  16.0,  13.4, 1016.0, 0.118, 0.149,   66,   5.8,   3.5
14-Aug-2022 18:00, 1.000,  16.1,  13.8, 1015.1, 0.143, 0.169,   64,   7.7,   4.9
14-Aug-2022 19:00, 0.955,  16.0,  13.7, 1014.3, 0.125, 0.143,   66,   8.1,   4.5
14-Aug-2022 20:00, 0.947,  16.1,  13.9, 1013.9, 0.123, 0.133,   64,   8.8,   4.4
14-Aug-2022 21:00, 0.973,  15.9,  13.4, 1013.5, 0.127, 0.133,   64,   7.4,   4.2
14-Aug-2022 22:00, 1.007,  15.9,  12.9, 1013.5, 0.128, 0.131,   61,   6.6,   3.3
14-Aug-2022 23:00, 1.052,  15.8,  12.8, 1013.5, 0.127, 0.130,   58,   7.2,   3.3
15-Aug-2022 00:00, 1.130,  15.8,  13.6, 1013.4, 0.165, 0.167,   35,   8.1,   4.1
15-Aug-2022 01:00, 1.129,  15.8,  15.2, 1012.7, 0.130, 0.131,   30,   7.8,   3.2
15-Aug-2022 02:00, 1.188,  15.7,  17.2, 1011.8, 0.164, 0.158,   31,   7.0,   3.9
15-Aug-2022 03:00, 1.222,  15.7,  19.3, 1011.0, 0.190, 0.175,   19,   8.6,   4.0
15-Aug-2022 04:00, 1.204,  15.8,  20.8, 1009.8, 0.171, 0.147,    7,   8.9,   4.8
15-Aug-2022 05:00, 1.241,  15.9,  18.9, 1009.5, 0.223, 0.189,  300,   8.3,   3.5
15-Aug-2022 06:00, 1.179,  16.1,  19.0, 1008.5, 0.201, 0.163,  326,   6.5,   3.0
15-Aug-2022 07:00, 1.099,  16.2,  19.3, 1007.9, 0.186, 0.139,  332,   5.4,   2.2
15-Aug-2022 08:00, 1.069,  16.2,  19.3, 1006.5, 0.221, 0.167,  283,   3.2,   0.9
15-Aug-2022 09:00, 1.059,  16.2,  18.4, 1006.3, 0.252, 0.185,  200,   1.4,   0.4
15-Aug-2022 10:00, 0.993,  16.1,  18.1, 1006.1, 0.209, 0.140,   24,   4.2,   1.0
15-Aug-2022 11:00, 1.062,  16.1,  17.5, 1005.4, 0.275, 0.203,   31,   3.2,   1.1
15-Aug-2022 12:00, 1.074,  16.2,  17.4, 1005.6, 0.273, 0.196,   30,   4.7,   2.2
15-Aug-2022 13:00, 1.070,  16.1,  17.4, 1004.4, 0.247, 0.170,   33,   5.6,   3.1
15-Aug-2022 14:00, 1.185,  16.2,  17.8, 1003.7, 0.329, 0.240,   31,   7.6,   3.7
15-Aug-2022 15:00, 1.169,  16.3,  18.5, 1003.1, 0.286, 0.190,   12,  10.0,   5.3
15-Aug-2022 16:00, 1.245,  16.3,  18.9, 1002.2, 0.335, 0.234,    1,  10.8,   5.6
15-Aug-2022 17:00, 1.300,  16.3,  19.1, 1001.9, 0.374, 0.264,    3,  10.2,   5.8
15-Aug-2022 18:00, 1.257,  16.4,  18.7, 1002.2, 0.341, 0.228,  356,  10.0,   5.7
15-Aug-2022 19:00, 1.302,  16.5,  19.0, 1002.6, 0.412, 0.303,  293,  10.2,   5.2
15-Aug-2022 20:00, 1.235,  16.4,  18.9, 1002.3, 0.374, 0.268,  285,  10.9,   4.0
15-Aug-2022 21:00, 1.242,  16.3,  18.3, 1002.1, 0.387, 0.277,  284,   9.0,   3.0
15-Aug-2022 22:00, 1.258,  16.3,  18.9, 1002.7, 0.390, 0.280,  270,   9.7,   6.3
15-Aug-2022 23:00, 1.249,  16.3,  18.8, 1003.5, 0.355, 0.252,  286,  10.1,   4.8
16-Aug-2022 00:00, 1.306,  16.3,  18.7, 1004.0, 0.390, 0.293,  299,   8.9,   3.3
16-Aug-2022 01:00, 1.310,  16.4,  17.4, 1005.4, 0.382, 0.292,  263,  12.9,   6.0
16-Aug-2022 02:00, 1.263,  16.5,  16.5, 1005.7, 0.322, 0.244,  277,  14.0,   4.1
16-Aug-2022 03:00, 1.297,  16.4,  15.7, 1006.3, 0.360, 0.286,  273,  15.4,   8.2
16-Aug-2022 04:00, 1.276,  16.4,  16.9, 1005.6, 0.347, 0.277,  278,  10.7,   5.2
16-Aug-2022 05:00, 1.252,  16.4,  18.2, 1005.5, 0.327, 0.251,  274,  13.3,   9.1
16-Aug-2022 06:00, 1.220,  16.4,  17.9, 1005.7, 0.314, 0.237,  272,  11.5,   6.6
16-Aug-2022 07:00, 1.196,  16.4,  18.1, 1005.9, 0.324, 0.249,  282,  11.4,   5.7
16-Aug-2022 08:00, 1.140,  16.5,  18.0, 1006.4, 0.311, 0.238,  287,  10.7,   6.5
16-Aug-2022 09:00, 1.132,  16.5,  17.9, 1006.8, 0.333, 0.265,  287,  11.7,   6.6
16-Aug-2022 10:00, 1.130,  16.5,  17.3, 1007.2, 0.336, 0.272,  305,  11.8,   5.4
16-Aug-2022 11:00, 1.127,  16.5,  17.2, 1007.5, 0.311, 0.251,  304,  12.2,   6.2
16-Aug-2022 12:00, 1.176,  16.5,  17.4, 1007.7, 0.325, 0.268,  293,  11.3,   5.6
16-Aug-2022 13:00, 1.244,  16.5,  17.3, 1007.6, 0.364, 0.309,  305,  13.0,   5.3
16-Aug-2022 14:00, 1.262,  16.4,  17.2, 1007.5, 0.342, 0.285,  307,  11.1,   6.2
16-Aug-2022 15:00, 1.315,  16.3,  14.4, 1008.5, 0.367, 0.312,  297,  16.8,   8.5
16-Aug-2022 16:00, 1.319,  16.3,  15.0, 1007.0, 0.356, 0.307,  343,  13.8,   5.4
16-Aug-2022 17:00, 1.401,  16.3,  15.4, 1007.0, 0.423, 0.361,  271,  18.4,   7.9
16-Aug-2022 18:00, 1.389,  16.2,  16.4, 1006.7, 0.411, 0.349,  291,  13.3,   7.6
16-Aug-2022 19:00, 1.338,  16.1,  14.6, 1006.5, 0.382, 0.317,  255,  15.3,   8.4
16-Aug-2022 20:00, 1.371,  16.1,  15.1, 1006.9, 0.447, 0.380,  261,  19.1,   9.4
16-Aug-2022 21:00, 1.321,  16.1,  15.1, 1007.7, 0.424, 0.362,  266,  19.4,   9.5
16-Aug-2022 22:00, 1.255,  16.0,  14.7, 1009.0, 0.370, 0.316,  261,  20.8,   8.4
16-Aug-2022 23:00, 1.277,  16.0,  14.5, 1009.8, 0.388, 0.347,  248,  20.0,  10.8
17-Aug-2022 00:00, 1.202,  15.9,  14.3, 1010.8, 0.300, 0.267,  248,  17.1,  12.4
17-Aug-2022 01:00, 1.222,  15.9,  13.4, 1012.3, 0.329, 0.307,  261,  20.2,  10.6
17-Aug-2022 02:00, 1.184,  15.9,  15.5, 1011.8, 0.299, 0.289,  273,  19.3,   7.9
17-Aug-2022 03:00, 1.163,  15.9,  15.8, 1011.6, 0.288, 0.273,  271,  13.4,   6.6
17-Aug-2022 04:00, 1.063,  16.0,  15.4, 1011.6, 0.213, 0.198,  226,  11.9,   4.9
17-Aug-2022 05:00, 1.068,  16.1,  16.2, 1010.4, 0.233, 0.215,  254,   9.3,   5.8
17-Aug-2022 06:00, 1.058,  16.1,  12.6, 1011.3, 0.232, 0.205,  246,  15.0,   5.7
17-Aug-2022 07:00, 0.957,  16.1,  12.0, 1011.2, 0.150, 0.130,  209,   9.0,   4.0
17-Aug-2022 08:00, 0.998,  16.1,  14.1, 1012.0, 0.212, 0.192,  258,   6.1,   3.4
17-Aug-2022 09:00, 0.968,  16.1,  13.6, 1012.8, 0.198, 0.187,  231,  11.2,   6.8
17-Aug-2022 10:00, 0.903,  16.1,  12.5, 1014.0, 0.130, 0.126,  192,  12.5,   2.5
17-Aug-2022 11:00, 0.917,  16.1,  10.7, 1016.7, 0.113, 0.123,  160,   9.5,   3.0
17-Aug-2022 12:00, 0.955,  16.0,  11.2, 1018.1, 0.093, 0.129,  163,   6.4,   3.4
17-Aug-2022 13:00, 1.015,  16.1,  10.2, 1019.5, 0.103, 0.153,   92,   4.7,   0.6
17-Aug-2022 14:00, 1.013,  16.0,   9.5, 1020.8, 0.060, 0.123,   65,   1.4,   0.5
17-Aug-2022 15:00, 1.062,  16.1,   9.2, 1021.5, 0.065, 0.141,   77,   1.4,   0.7
17-Aug-2022 16:00, 1.083,  16.1,   8.6, 1022.0, 0.068, 0.150,   39,   1.3,   0.6
17-Aug-2022 17:00, 1.049,  16.2,   8.7, 1022.7, 0.027, 0.115,   79,   0.9,   0.7
17-Aug-2022 18:00, 1.075,  16.2,   8.4, 1023.0, 0.046, 0.140,   66,   2.3,   1.3
17-Aug-2022 19:00, 1.052,  16.1,   7.6, 1023.1, 0.036, 0.133,   69,   3.7,   2.5
17-Aug-2022 20:00, 0.994,  16.1,   6.9, 1023.7, 0.006, 0.105,   60,   4.0,   2.8
17-Aug-2022 21:00, 0.961,  16.1,   6.8, 1024.3, 0.005, 0.110,   63,   4.2,   3.0
17-Aug-2022 22:00, 0.939,  16.2,   6.9, 1024.8, 0.012, 0.122,   61,   4.4,   1.9
17-Aug-2022 23:00, 0.884,  16.1,   7.5, 1025.8,-0.022, 0.094,   37,   3.5,   1.7
18-Aug-2022 00:00, 0.878,  15.9,   8.9, 1026.9,-0.025, 0.101,   47,   3.9,   1.8
18-Aug-2022 01:00, 0.862,  15.8,  11.3, 1027.6,-0.029, 0.108,   46,   3.8,   1.9
18-Aug-2022 02:00, 0.817,  15.7,  13.8, 1027.7,-0.041, 0.102,   41,   4.0,   1.9
18-Aug-2022 03:00, 0.806,  15.7,  15.1, 1027.8,-0.031, 0.112,   61,   3.9,   1.9
18-Aug-2022 04:00, 0.751,  15.7,  15.8, 1027.6,-0.057, 0.087,  307,   3.2,   1.6
18-Aug-2022 05:00, 0.715,  15.7,  15.4, 1027.2,-0.056, 0.086,  288,   3.2,   1.4
18-Aug-2022 06:00, 0.694,  15.8,  15.8, 1026.9,-0.063, 0.075,  313,   2.9,   1.5
18-Aug-2022 07:00, 0.670,  15.9,  16.1, 1027.2,-0.077, 0.059,  279,   4.0,   1.8
18-Aug-2022 08:00, 0.663,  16.0,  16.3, 1027.1,-0.072, 0.067,  301,   3.5,   1.8
18-Aug-2022 09:00, 0.674,  16.0,  16.1, 1027.1,-0.059, 0.079,  287,   3.3,   1.6
18-Aug-2022 10:00, 0.672,  16.0,  15.7, 1027.4,-0.072, 0.065,  281,   3.1,   1.4
18-Aug-2022 11:00, 0.697,  16.0,  15.7, 1027.8,-0.076, 0.065,  307,   3.7,   1.4
18-Aug-2022 12:00, 0.792,  16.1,  16.0, 1028.2,-0.044, 0.102,  295,   3.4,   1.8
18-Aug-2022 13:00, 0.873,  16.1,  16.0, 1028.2,-0.038, 0.110,  269,   3.7,   0.9
18-Aug-2022 14:00, 0.906,  16.1,  14.2, 1028.3,-0.055, 0.094,  302,   4.3,   1.1
18-Aug-2022 15:00, 0.944,  16.1,  13.7, 1028.1,-0.065, 0.084,   52,   2.7,   1.5
18-Aug-2022 16:00, 1.012,  16.1,  13.8, 1028.1,-0.035, 0.113,   67,   3.6,   0.8
18-Aug-2022 17:00, 0.990,  16.1,  13.0, 1027.9,-0.064, 0.083,   23,   3.3,   1.4
18-Aug-2022 18:00, 1.013,  16.1,  12.7, 1027.7,-0.048, 0.098,   57,   3.3,   1.5
18-Aug-2022 19:00, 1.027,  16.1,  13.1, 1027.7,-0.034, 0.109,   61,   2.3,   1.3
18-Aug-2022 20:00, 0.961,  16.2,  13.3, 1027.7,-0.079, 0.064,   53,   2.9,   1.0
18-Aug-2022 21:00, 0.940,  16.2,  13.2, 1027.9,-0.072, 0.071,   68,   3.3,   2.0
18-Aug-2022 22:00, 0.918,  16.2,  12.8, 1028.3,-0.062, 0.084,   51,   3.2,   1.7
18-Aug-2022 23:00, 0.859,  16.2,  12.4, 1028.8,-0.084, 0.066,   46,   3.2,   1.6
19-Aug-2022 00:00, 0.831,  16.2,  12.8, 1029.4,-0.084, 0.071,   49,   3.1,   1.4
19-Aug-2022 01:00, 0.829,  16.2,  14.4, 1029.8,-0.070, 0.091,   14,   3.0,   1.4
19-Aug-2022 02:00, 0.776,  16.2,  15.1, 1029.7,-0.084, 0.080,  153,   3.1,   1.6
19-Aug-2022 03:00, 0.725,  16.2,  15.8, 1029.5,-0.091, 0.072,  170,   3.0,   1.3
19-Aug-2022 04:00, 0.683,  16.3,  15.3, 1029.3,-0.102, 0.059,  238,   3.2,   1.0
19-Aug-2022 05:00, 0.645,  16.3,  14.8, 1028.4,-0.099, 0.060,  327,   3.9,   2.4
19-Aug-2022 06:00, 0.614,  16.4,  15.8, 1027.6,-0.097, 0.052,  345,   3.6,   2.0
19-Aug-2022 07:00, 0.610,  16.4,  16.4, 1027.4,-0.092, 0.050,  304,   3.7,   2.0
19-Aug-2022 08:00, 0.599,  16.5,  16.3, 1027.3,-0.096, 0.045,  282,   3.1,   1.9
19-Aug-2022 09:00, 0.614,  16.5,  15.6, 1027.6,-0.083, 0.057,  231,   5.2,   3.3
19-Aug-2022 10:00, 0.625,  16.5,  15.9, 1028.0,-0.092, 0.051,  238,   4.5,   3.2
19-Aug-2022 11:00, 0.652,  16.5,  15.8, 1028.7,-0.096, 0.052,  240,   5.6,   3.1
19-Aug-2022 12:00, 0.719,  16.5,  16.1, 1029.0,-0.079, 0.074,  203,   4.4,   1.9
19-Aug-2022 13:00, 0.800,  16.6,  15.5, 1029.4,-0.078, 0.079,  115,   3.4,   0.5
19-Aug-2022 14:00, 0.838,  16.5,  15.4, 1029.4,-0.109, 0.052,  156,   3.2,   1.7
19-Aug-2022 15:00, 0.895,  16.5,  15.2, 1029.3,-0.098, 0.063,  135,   2.7,   0.2
19-Aug-2022 16:00, 0.974,  16.5,  15.2, 1028.9,-0.066, 0.093,  104,   2.7,   1.1
19-Aug-2022 17:00, 0.945,  16.5,  13.9, 1028.7,-0.122, 0.033,   74,   3.9,   2.0
19-Aug-2022 18:00, 0.980,  16.5,  13.0, 1028.8,-0.094, 0.060,   74,   3.5,   2.0
19-Aug-2022 19:00, 0.973,  16.5,  12.2, 1028.3,-0.110, 0.044,   74,   3.4,   2.1
19-Aug-2022 20:00, 0.985,  16.5,  11.7, 1028.1,-0.095, 0.054,   75,   3.4,   2.2
19-Aug-2022 21:00, 0.932,  16.6,  11.2, 1028.2,-0.127, 0.020,   72,   4.0,   2.4
19-Aug-2022 22:00, 0.948,  16.5,  10.7, 1028.5,-0.084, 0.065,   73,   4.1,   2.7
19-Aug-2022 23:00, 0.894,  16.5,  10.6, 1029.0,-0.100, 0.052,   67,   4.3,   2.9
20-Aug-2022 00:00, 0.815,  16.5,  11.6, 1029.5,-0.132, 0.025,   56,   4.3,   2.3
20-Aug-2022 01:00, 0.821,  16.5,  13.8, 1029.6,-0.092, 0.070,   65,   5.1,   2.3
20-Aug-2022 02:00, 0.783,  16.5,  15.5, 1029.2,-0.092, 0.070,   59,   4.6,   2.9
20-Aug-2022 03:00, 0.726,  16.5,  16.8, 1028.5,-0.090, 0.068,   39,   4.4,   2.4
20-Aug-2022 04:00, 0.685,  16.5,  18.0, 1027.6,-0.086, 0.065,  347,   4.0,   1.3
20-Aug-2022 05:00, 0.659,  16.6,  17.0, 1026.5,-0.075, 0.066,  222,   4.2,   2.9
20-Aug-2022 06:00, 0.624,  16.6,  17.1, 1025.7,-0.068, 0.062,  215,   5.2,   2.6
20-Aug-2022 07:00, 0.589,  16.7,  17.4, 1025.4,-0.082, 0.041,  201,   5.0,   2.7
20-Aug-2022 08:00, 0.579,  16.8,  17.1, 1025.0,-0.088, 0.032,  199,   5.4,   2.6
20-Aug-2022 09:00, 0.619,  16.7,  17.1, 1024.7,-0.053, 0.063,  188,   5.2,   1.8
20-Aug-2022 10:00, 0.593,  16.8,  16.7, 1024.7,-0.101, 0.013,  185,   5.6,   1.8
20-Aug-2022 11:00, 0.660,  17.0,  16.5, 1025.2,-0.070, 0.044,  164,   4.5,   2.3
20-Aug-2022 12:00, 0.714,  17.0,  15.6, 1025.5,-0.060, 0.059,  161,   4.2,   2.3
20-Aug-2022 13:00, 0.751,  17.0,  14.9, 1025.4,-0.086, 0.036,  138,   4.5,   0.9
20-Aug-2022 14:00, 0.839,  17.0,  14.6, 1025.3,-0.074, 0.047,  152,   3.8,   2.0
20-Aug-2022 15:00, 0.872,  17.0,  14.3, 1024.7,-0.093, 0.027,  157,   3.8,   2.1
20-Aug-2022 16:00, 0.955,  17.0,  13.3, 1024.0,-0.053, 0.060,  148,   3.5,   1.1
20-Aug-2022 17:00, 0.968,  17.0,  12.5, 1023.6,-0.079, 0.027,  150,   3.0,   0.9
20-Aug-2022 18:00, 1.007,  17.0,  12.2, 1023.2,-0.063, 0.040,  141,   2.2,   0.3
20-Aug-2022 19:00, 1.009,  17.0,  11.6, 1023.2,-0.075, 0.024,   91,   2.0,   0.5
20-Aug-2022 20:00, 1.009,  17.0,  11.0, 1023.1,-0.089, 0.010,   83,   1.7,   0.2
20-Aug-2022 21:00, 1.019,  17.0,  10.8, 1023.0,-0.075, 0.022,   77,   1.6,   0.5
20-Aug-2022 22:00, 0.994,  16.9,  11.2, 1023.3,-0.082, 0.015,   77,   4.3,   2.3
20-Aug-2022 23:00, 0.991,  16.9,  11.2, 1023.7,-0.055, 0.046,   77,   4.0,   2.6
21-Aug-2022 00:00, 0.899,  16.9,  12.1, 1024.1,-0.098, 0.006,   68,   5.2,   3.2
21-Aug-2022 01:00, 0.874,  16.8,  14.6, 1024.6,-0.067, 0.041,   63,   4.9,   2.7
21-Aug-2022 02:00, 0.826,  16.9,  16.7, 1024.8,-0.068, 0.045,   82,   4.7,   2.2
21-Aug-2022 03:00, 0.757,  16.9,  18.1, 1024.8,-0.077, 0.038,  184,   3.8,   1.4
21-Aug-2022 04:00, 0.709,  16.9,  18.0, 1024.1,-0.061, 0.053,  196,   4.8,   2.2
21-Aug-2022 05:00, 0.678,  17.0,  17.9, 1023.5,-0.047, 0.060,  199,   6.8,   3.2
21-Aug-2022 06:00, 0.603,  17.1,  17.9, 1023.5,-0.082, 0.019,  202,   8.4,   4.6
21-Aug-2022 07:00, 0.567,  17.1,  18.0, 1023.5,-0.089, 0.013,  199,   7.3,   3.2
21-Aug-2022 08:00, 0.575,  17.2,  17.7, 1023.7,-0.074, 0.029,  195,   7.6,   3.4
21-Aug-2022 09:00, 0.559,  17.3,  17.4, 1023.8,-0.097, 0.007,  194,   7.2,   2.8
21-Aug-2022 10:00, 0.571,  17.3,  17.1, 1024.2,-0.106,-0.001,  191,   5.8,   2.8
21-Aug-2022 11:00, 0.627,  17.2,  16.6, 1025.1,-0.088, 0.021,  193,   6.2,   3.2
21-Aug-2022 12:00, 0.652,  17.2,  16.4, 1025.9,-0.108, 0.011,  192,   6.0,   2.3
21-Aug-2022 13:00, 0.694,  17.2,  15.6, 1026.4,-0.115, 0.011,  174,   6.2,   2.8
21-Aug-2022 14:00, 0.754,  17.2,  14.7, 1026.9,-0.116, 0.015,  166,   6.3,   3.2
21-Aug-2022 15:00, 0.774,  17.1,  14.1, 1027.3,-0.154,-0.018,  163,   6.4,   2.6
21-Aug-2022 16:00, 0.822,  17.1,  13.6, 1027.8,-0.144,-0.004,  159,   6.9,   3.6
21-Aug-2022 17:00, 0.832,  17.1,  13.4, 1028.2,-0.173,-0.028,  121,   5.5,   1.7
21-Aug-2022 18:00, 0.880,  17.1,  12.6, 1028.5,-0.160,-0.011,  132,   6.1,   1.5
21-Aug-2022 19:00, 0.896,  17.1,  12.0, 1028.8,-0.172,-0.021,  124,   6.4,   1.2
21-Aug-2022 20:00, 0.911,  17.1,  11.3, 1029.4,-0.184,-0.029,  136,   3.8,   1.0
21-Aug-2022 21:00, 0.913,  16.9,  10.9, 1029.9,-0.200,-0.039,  133,   4.1,   1.1
21-Aug-2022 22:00, 0.929,  17.0,  10.5, 1030.6,-0.182,-0.016,  131,   4.3,   1.0
21-Aug-2022 23:00, 0.885,  17.0,  10.0, 1031.3,-0.208,-0.035,   94,   3.2,   0.8
22-Aug-2022 00:00, 0.833,  16.9,  11.1, 1031.9,-0.220,-0.040,  131,   3.7,   1.4
22-Aug-2022 01:00, 0.781,  17.0,  12.1, 1032.4,-0.211,-0.025,  100,   6.2,   2.5
22-Aug-2022 02:00, 0.712,  17.1,  12.9, 1032.3,-0.214,-0.024,  106,   9.1,   2.5
22-Aug-2022 03:00, 0.648,  17.1,  14.4, 1032.1,-0.211,-0.022,   71,   8.8,   3.1
22-Aug-2022 04:00, 0.581,  17.1,  14.9, 1031.8,-0.206,-0.019,  106,   9.4,   1.9
22-Aug-2022 05:00, 0.536,  17.1,  15.7, 1030.9,-0.190,-0.006,   88,   7.0,   3.0
22-Aug-2022 06:00, 0.484,  17.0,  16.4, 1030.4,-0.197,-0.022,  121,   7.2,   2.0
22-Aug-2022 07:00, 0.458,  17.0,  16.9, 1030.2,-0.191,-0.021,   96,   7.8,   2.4
22-Aug-2022 08:00, 0.450,  17.1,  17.0, 1030.3,-0.185,-0.017,   93,   7.0,   2.2
22-Aug-2022 09:00, 0.465,  17.1,  16.4, 1030.8,-0.176,-0.006,   95,   6.0,   2.1
22-Aug-2022 10:00, 0.448,  17.1,  15.3, 1031.4,-0.216,-0.041,   91,   6.8,   1.9
22-Aug-2022 11:00, 0.479,  17.1,  14.3, 1032.4,-0.223,-0.042,   98,   5.4,   1.7
22-Aug-2022 12:00, 0.556,  17.1,  13.7, 1032.9,-0.193,-0.002,  110,   5.5,   1.0
22-Aug-2022 13:00, 0.598,  17.0,  13.2, 1033.3,-0.195, 0.000,  115,   4.6,   0.9
22-Aug-2022 14:00, 0.632,  17.0,  12.7, 1033.5,-0.207,-0.007,   97,   4.6,   1.7
22-Aug-2022 15:00, 0.675,  17.0,  12.1, 1033.5,-0.210,-0.009,  105,   5.6,   1.3
22-Aug-2022 16:00, 0.716,  16.9,  11.5, 1033.6,-0.205,-0.005,  112,   5.1,   1.3
22-Aug-2022 17:00, 0.746,  16.9,  10.8, 1033.9,-0.209,-0.007,  108,   4.1,   1.3
22-Aug-2022 18:00, 0.787,  16.8,  10.6, 1033.9,-0.205, 0.000,   87,   4.7,   1.8
22-Aug-2022 19:00, 0.843,  16.8,  10.0, 1033.6,-0.189, 0.016,   90,   4.4,   1.5
22-Aug-2022 20:00, 0.845,  16.8,   9.8, 1033.6,-0.229,-0.028,  116,   4.0,   1.4
22-Aug-2022 21:00, 0.883,  16.7,   9.5, 1034.0,-0.228,-0.026,  102,   3.1,   1.0
22-Aug-2022 22:00, 0.936,  16.7,   9.2, 1033.9,-0.196, 0.009,  103,   3.5,   1.0
22-Aug-2022 23:00, 0.902,  16.7,   8.7, 1034.7,-0.229,-0.024,  105,   2.8,   0.5
23-Aug-2022 00:00, 0.867,  16.7,  10.2, 1035.2,-0.239,-0.025,  138,   3.0,   0.8
23-Aug-2022 01:00, 0.827,  16.7,  12.1, 1035.2,-0.225,-0.006,   89,   6.3,   2.4
23-Aug-2022 02:00, 0.755,  16.7,  13.5, 1034.4,-0.224,-0.007,   78,   9.3,   4.4
23-Aug-2022 03:00, 0.672,  16.7,  14.3, 1033.8,-0.227,-0.017,   79,  10.5,   4.9
23-Aug-2022 04:00, 0.597,  16.7,  15.0, 1032.6,-0.219,-0.016,   78,  12.3,   4.4
23-Aug-2022 05:00, 0.564,  16.7,  16.1, 1031.1,-0.176, 0.014,   81,   9.4,   3.7
23-Aug-2022 06:00, 0.486,  16.8,  16.4, 1030.4,-0.198,-0.021,   77,   9.6,   5.1
23-Aug-2022 07:00, 0.434,  16.8,  17.0, 1029.7,-0.210,-0.041,   81,   9.2,   3.5
23-Aug-2022 08:00, 0.442,  16.8,  16.6, 1029.4,-0.185,-0.022,   71,  10.9,   5.4
23-Aug-2022 09:00, 0.458,  16.8,  16.3, 1029.7,-0.172,-0.011,   72,   8.2,   3.8
23-Aug-2022 10:00, 0.462,  16.8,  15.2, 1030.3,-0.189,-0.025,   76,   7.0,   2.5
23-Aug-2022 11:00, 0.511,  16.8,  14.3, 1030.8,-0.177,-0.007,   96,   6.0,   2.0
23-Aug-2022 12:00, 0.563,  16.8,  13.6, 1030.7,-0.173, 0.001,   90,   4.9,   1.3
23-Aug-2022 13:00, 0.624,  16.8,  13.1, 1030.8,-0.157, 0.016,  103,   4.3,   1.0
23-Aug-2022 14:00, 0.669,  16.7,  13.0, 1030.7,-0.151, 0.024,   81,   5.8,   2.8
23-Aug-2022 15:00, 0.683,  16.7,  13.4, 1030.0,-0.168, 0.005,   79,   7.5,   4.5
23-Aug-2022 16:00, 0.737,  16.6,  12.9, 1029.8,-0.140, 0.026,   79,   8.4,   4.1
23-Aug-2022 17:00, 0.763,  16.6,  12.2, 1029.9,-0.142, 0.023,   77,   9.1,   3.6
23-Aug-2022 18:00, 0.803,  16.6,  11.8, 1029.5,-0.135, 0.030,   80,   7.3,   2.5
23-Aug-2022 19:00, 0.867,  16.5,  11.9, 1028.9,-0.113, 0.047,   74,   6.4,   2.2
23-Aug-2022 20:00, 0.911,  16.5,  11.7, 1029.0,-0.123, 0.032,   77,   7.0,   2.5
23-Aug-2022 21:00, 0.962,  16.4,  11.3, 1029.2,-0.127, 0.029,   78,   6.4,   2.8
23-Aug-2022 22:00, 1.029,  16.4,  10.4, 1029.7,-0.104, 0.055,  142,   3.9,   0.7
23-Aug-2022 23:00, 1.029,  16.4,   9.5, 1030.2,-0.126, 0.039,   81,   3.9,   1.9
24-Aug-2022 00:00, 1.017,  16.4,  10.9, 1030.4,-0.132, 0.037,   69,   8.6,   5.5
24-Aug-2022 01:00, 0.992,  16.4,  12.2, 1030.3,-0.118, 0.052,   65,   9.4,   6.0
24-Aug-2022 02:00, 0.942,  16.4,  14.0, 1029.8,-0.101, 0.068,   66,  11.5,   6.4
24-Aug-2022 03:00, 0.866,  16.4,  15.1, 1029.2,-0.090, 0.074,   66,  10.7,   5.9
24-Aug-2022 04:00, 0.776,  16.4,  17.0, 1028.1,-0.085, 0.073,   52,   9.4,   3.4
24-Aug-2022 05:00, 0.737,  16.4,  17.7, 1026.8,-0.035, 0.111,   62,   8.8,   4.8
24-Aug-2022 06:00, 0.653,  16.4,  17.6, 1026.1,-0.048, 0.086,   71,   7.4,   4.3
24-Aug-2022 07:00, 0.617,  16.4,  17.8, 1025.8,-0.032, 0.095,   77,   8.0,   3.6
24-Aug-2022 08:00, 0.594,  16.4,  17.9, 1025.6,-0.031, 0.094,   72,   6.1,   2.8
24-Aug-2022 09:00, 0.587,  16.4,  17.2, 1025.2,-0.034, 0.088,   83,   5.7,   2.9
24-Aug-2022 10:00, 0.621,  16.4,  16.6, 1025.6,-0.018, 0.101,   82,   5.6,   1.8
24-Aug-2022 11:00, 0.634,  16.4,  15.9, 1025.8,-0.041, 0.082,   84,   3.9,   2.4
24-Aug-2022 12:00, 0.717,  16.4,  15.4, 1025.4,-0.006, 0.119,   98,   4.5,   1.4
24-Aug-2022 13:00, 0.757,  16.4,  15.0, 1025.0,-0.013, 0.107,   90,   3.9,   1.9
24-Aug-2022 14:00, 0.798,  16.4,  15.1, 1025.4,-0.008, 0.109,   81,   3.5,   1.6
24-Aug-2022 15:00, 0.831,  16.4,  14.9, 1025.4, 0.001, 0.122,   97,   4.2,   0.7
24-Aug-2022 16:00, 0.849,  16.4,  14.2, 1024.6, 0.005, 0.125,   79,   4.0,   1.3
24-Aug-2022 17:00, 0.871,  16.4,  13.5, 1024.0, 0.014, 0.126,   77,   4.5,   2.6
24-Aug-2022 18:00, 0.892,  16.3,  12.9, 1023.4, 0.008, 0.114,   70,   5.3,   3.3
24-Aug-2022 19:00, 0.952,  16.3,  13.0, 1022.7, 0.028, 0.128,   70,   6.7,   4.0
24-Aug-2022 20:00, 1.006,  16.3,  12.4, 1022.2, 0.025, 0.118,   70,   7.0,   4.1
24-Aug-2022 21:00, 1.078,  16.3,  12.0, 1022.3, 0.031, 0.120,   71,   7.0,   4.0
24-Aug-2022 22:00, 1.144,  16.2,  11.9, 1022.4, 0.035, 0.125,   70,   6.4,   4.1
24-Aug-2022 23:00, 1.214,  16.2,  11.9, 1022.4, 0.059, 0.150,   70,   7.2,   4.0
25-Aug-2022 00:00, 1.196,  16.2,  13.3, 1022.6, 0.024, 0.115,   71,   6.8,   4.2
25-Aug-2022 01:00, 1.205,  16.2,  15.5, 1022.5, 0.051, 0.144,   68,   8.1,   4.9
25-Aug-2022 02:00, 1.145,  16.2,  18.0, 1021.9, 0.043, 0.134,   51,   8.3,   3.7
25-Aug-2022 03:00, 1.089,  16.1,  19.7, 1021.8, 0.069, 0.154,   25,   7.9,   2.6
25-Aug-2022 04:00, 0.982,  16.1,  20.9, 1020.9, 0.062, 0.146,   43,   5.8,   2.2
25-Aug-2022 05:00, 0.913,  16.2,  19.1, 1019.8, 0.097, 0.172,  267,   6.8,   2.3
25-Aug-2022 06:00, 0.825,  16.3,  19.4, 1019.2, 0.093, 0.158,  218,   3.9,   2.0
25-Aug-2022 07:00, 0.750,  16.3,  18.8, 1019.0, 0.082, 0.140,  228,   3.4,   1.6
25-Aug-2022 08:00, 0.734,  16.4,  18.4, 1018.8, 0.102, 0.159,  242,   3.3,   2.2
25-Aug-2022 09:00, 0.721,  16.4,  18.6, 1018.8, 0.097, 0.152,  192,   3.0,   1.1
25-Aug-2022 10:00, 0.734,  16.4,  17.4, 1018.8, 0.101, 0.155,  186,   2.2,   1.0
25-Aug-2022 11:00, 0.762,  16.4,  17.1, 1019.3, 0.095, 0.150,  184,   3.4,   1.6
25-Aug-2022 12:00, 0.804,  16.4,  16.6, 1019.4, 0.089, 0.149,  186,   4.7,   1.7
25-Aug-2022 13:00, 0.870,  16.4,  15.7, 1019.4, 0.108, 0.169,  150,   4.9,   1.8
25-Aug-2022 14:00, 0.889,  16.4,  14.8, 1019.1, 0.089, 0.150,  150,   3.4,   0.8
25-Aug-2022 15:00, 0.910,  16.4,  14.0, 1018.5, 0.090, 0.147,  104,   2.0,   0.4
25-Aug-2022 16:00, 0.930,  16.4,  14.6, 1018.4, 0.104, 0.156,  185,   2.7,   0.7
25-Aug-2022 17:00, 0.917,  16.4,  15.5, 1018.2, 0.094, 0.145,  197,   3.1,   1.2
25-Aug-2022 18:00, 0.929,  16.3,  13.5, 1018.0, 0.093, 0.143,   99,   2.8,   0.0
25-Aug-2022 19:00, 0.982,  16.3,  13.8, 1017.5, 0.114, 0.160,  146,   3.5,   1.3
25-Aug-2022 20:00, 1.035,  16.3,  12.0, 1017.0, 0.114, 0.156,   69,   3.3,   1.3
25-Aug-2022 21:00, 1.081,  16.3,  10.6, 1017.0, 0.089, 0.126,   75,   3.2,   1.7
25-Aug-2022 22:00, 1.185,  16.3,  10.4, 1017.3, 0.121, 0.159,   76,   2.7,   1.2
25-Aug-2022 23:00, 1.238,  16.3,  10.5, 1017.5, 0.110, 0.151,   75,   1.7,   0.8
26-Aug-2022 00:00, 1.271,  16.3,  12.4, 1018.1, 0.102, 0.145,   73,   1.6,   1.1
26-Aug-2022 01:00, 1.282,  16.3,  14.9, 1018.0, 0.108, 0.156,  132,   1.7,   0.9
26-Aug-2022 02:00, 1.247,  16.3,  15.5, 1018.0, 0.106, 0.153,  194,   1.9,   0.9
26-Aug-2022 03:00, 1.167,  16.3,  16.9, 1017.8, 0.093, 0.140,  187,   2.4,   1.3
26-Aug-2022 04:00, 1.085,  16.3,  17.4, 1017.1, 0.103, 0.148,  215,   4.4,   2.5
26-Aug-2022 05:00, 0.974,  16.3,  17.6, 1016.4, 0.103, 0.140,  218,   5.0,   2.9
26-Aug-2022 06:00, 0.878,  16.4,  17.4, 1015.9, 0.105, 0.136,  220,   5.5,   3.1
26-Aug-2022 07:00, 0.805,  16.4,  17.9, 1015.7, 0.105, 0.131,  222,   5.9,   3.6
26-Aug-2022 08:00, 0.752,  16.4,  17.9, 1015.4, 0.101, 0.125,  208,   5.6,   2.9
26-Aug-2022 09:00, 0.773,  16.5,  17.8, 1015.5, 0.136, 0.157,  220,   5.7,   3.7
26-Aug-2022 10:00, 0.762,  16.6,  17.5, 1016.0, 0.120, 0.143,  220,   6.6,   4.1
26-Aug-2022 11:00, 0.792,  16.5,  17.6, 1016.0, 0.124, 0.151,  212,   6.5,   3.2
26-Aug-2022 12:00, 0.875,  16.5,  17.7, 1016.2, 0.161, 0.188,  206,   6.3,   3.0
26-Aug-2022 13:00, 0.900,  16.5,  17.5, 1016.1, 0.138, 0.167,  199,   5.1,   2.1
26-Aug-2022 14:00, 0.943,  16.5,  17.7, 1015.9, 0.142, 0.171,  224,   6.0,   4.0
26-Aug-2022 15:00, 0.965,  16.5,  17.4, 1015.0, 0.144, 0.169,  218,   5.9,   2.0
26-Aug-2022 16:00, 0.977,  16.5,  17.3, 1014.8, 0.154, 0.171,  231,   3.8,   1.6
26-Aug-2022 17:00, 0.973,  16.6,  16.8, 1014.6, 0.164, 0.179,  308,   2.4,   0.7
26-Aug-2022 18:00, 0.965,  16.6,  15.6, 1014.0, 0.164, 0.177,  224,   7.3,   3.6
26-Aug-2022 19:00, 1.013,  16.6,  13.3, 1013.6, 0.192, 0.199,   72,   6.9,   0.6
26-Aug-2022 20:00, 1.039,  16.6,  12.8, 1013.4, 0.176, 0.180,   36,   3.1,   1.3
26-Aug-2022 21:00, 1.123,  16.6,  13.2, 1013.0, 0.193, 0.194,   68,   2.9,   1.7
26-Aug-2022 22:00, 1.243,  16.6,  12.8, 1013.0, 0.237, 0.234,   53,   3.5,   1.8
26-Aug-2022 23:00, 1.289,  16.6,  17.0, 1013.3, 0.214, 0.211,  229,   9.6,   6.9
27-Aug-2022 00:00, 1.336,  16.6,  16.7, 1013.9, 0.201, 0.202,  210,  10.0,   4.9
27-Aug-2022 01:00, 1.368,  16.5,  16.4, 1014.3, 0.206, 0.213,  214,  12.7,   4.9
27-Aug-2022 02:00, 1.335,  16.5,  17.1, 1014.4, 0.183, 0.194,  219,  10.5,   6.1
27-Aug-2022 03:00, 1.290,  16.5,  17.0, 1014.5, 0.184, 0.196,  221,  10.4,   6.6
27-Aug-2022 04:00, 1.172,  16.6,  16.4, 1014.1, 0.144, 0.156,  217,  10.0,   6.1
27-Aug-2022 05:00, 1.090,  16.6,  16.0, 1013.8, 0.163, 0.172,  224,  10.2,   5.9
27-Aug-2022 06:00, 0.956,  16.6,  14.0, 1013.9, 0.136, 0.141,  189,  11.0,   2.9
27-Aug-2022 07:00, 0.830,  16.6,  15.1, 1014.3, 0.093, 0.100,  201,   8.5,   4.0
27-Aug-2022 08:00, 0.817,  16.6,  15.6, 1014.1, 0.136, 0.146,  209,   9.6,   5.1
27-Aug-2022 09:00, 0.798,  16.6,  15.2, 1014.5, 0.140, 0.148,  219,  10.6,   6.8
27-Aug-2022 10:00, 0.796,  16.6,  14.7, 1015.0, 0.131, 0.144,  219,  10.9,   7.3
27-Aug-2022 11:00, 0.803,  16.5,  13.9, 1015.5, 0.120, 0.137,  197,   9.8,   3.5
27-Aug-2022 12:00, 0.871,  16.5,  14.5, 1015.9, 0.147, 0.170,  205,  10.5,   4.2
27-Aug-2022 13:00, 0.933,  16.5,  14.8, 1016.2, 0.159, 0.186,  202,   9.6,   5.1
27-Aug-2022 14:00, 0.932,  16.5,  14.2, 1016.3, 0.120, 0.149,  215,  11.0,   4.9
27-Aug-2022 15:00, 0.986,  16.5,  12.6, 1016.5, 0.151, 0.181,   94,  10.6,   1.1
27-Aug-2022 16:00, 0.938,  16.4,  11.3, 1016.5, 0.102, 0.134,   77,   8.5,   1.9
27-Aug-2022 17:00, 0.945,  16.4,  14.7, 1016.6, 0.128, 0.160,  217,   9.5,   5.3
27-Aug-2022 18:00, 0.912,  16.4,  14.8, 1016.3, 0.121, 0.154,  218,   9.8,   3.7
27-Aug-2022 19:00, 0.879,  16.4,  11.2, 1016.5, 0.090, 0.120,   76,   9.4,   1.0
27-Aug-2022 20:00, 0.943,  16.4,  11.0, 1016.6, 0.128, 0.160,   77,   4.2,   1.5
27-Aug-2022 21:00, 0.952,  16.4,  11.6, 1016.7, 0.085, 0.118,   90,   7.9,   1.7
27-Aug-2022 22:00, 1.038,  16.4,  10.1, 1017.8, 0.097, 0.132,   35,   3.4,   1.8
27-Aug-2022 23:00, 1.099,  16.5,  10.1, 1018.5, 0.089, 0.135,   77,   3.1,   1.4
28-Aug-2022 00:00, 1.121,  16.5,  10.9, 1019.4, 0.048, 0.101,   76,   3.4,   1.2
28-Aug-2022 01:00, 1.192,  16.5,  12.8, 1020.3, 0.072, 0.134,   84,   4.2,   2.0
28-Aug-2022 02:00, 1.176,  16.5,  12.5, 1020.5, 0.046, 0.116,  108,   5.0,   1.0
28-Aug-2022 03:00, 1.155,  16.5,  13.7, 1020.5, 0.049, 0.121,  164,   5.1,   2.4
28-Aug-2022 04:00, 1.076,  16.5,  14.5, 1020.3, 0.027, 0.099,  195,   4.4,   1.8
28-Aug-2022 05:00, 0.977,  16.5,  15.1, 1020.2, 0.012, 0.082,  196,   5.8,   2.8
28-Aug-2022 06:00, 0.889,  16.6,  15.1, 1020.0, 0.026, 0.095,  220,   4.9,   2.7
28-Aug-2022 07:00, 0.765,  16.7,  15.5, 1020.1,-0.008, 0.059,  194,   4.8,   2.7
28-Aug-2022 08:00, 0.713,  16.7,  15.4, 1020.0,-0.002, 0.066,  198,   6.2,   2.9
28-Aug-2022 09:00, 0.689,  16.7,  14.9, 1020.2, 0.004, 0.072,  195,   5.7,   2.8
28-Aug-2022 10:00, 0.669,  16.7,  14.7, 1020.7,-0.023, 0.047,  196,   5.6,   2.7
28-Aug-2022 11:00, 0.694,  16.7,  14.4, 1021.3,-0.019, 0.055,  164,   5.1,   2.1
28-Aug-2022 12:00, 0.746,  16.6,  13.7, 1021.7, 0.000, 0.080,  143,   4.2,   1.0
28-Aug-2022 13:00, 0.785,  16.6,  13.2, 1022.2,-0.011, 0.073,  149,   3.9,   1.5
28-Aug-2022 14:00, 0.796,  16.6,  12.0, 1022.3,-0.041, 0.048,  113,   3.1,   0.4
28-Aug-2022 15:00, 0.829,  16.6,  11.8, 1022.2,-0.031, 0.058,  104,   2.6,   0.6
28-Aug-2022 16:00, 0.824,  16.5,  11.5, 1022.3,-0.040, 0.048,  127,   2.3,   0.4
28-Aug-2022 17:00, 0.779,  16.5,  10.3, 1022.5,-0.064, 0.026,   82,   2.1,   0.2
28-Aug-2022 18:00, 0.766,  16.5,  10.0, 1022.6,-0.042, 0.050,   77,   3.3,   2.1
28-Aug-2022 19:00, 0.720,  16.5,   9.6, 1022.5,-0.060, 0.033,   78,   4.4,   2.8
28-Aug-2022 20:00, 0.721,  16.4,   9.8, 1022.8,-0.065, 0.027,   87,   5.7,   2.3
28-Aug-2022 21:00, 0.744,  16.4,   9.3, 1023.1,-0.072, 0.022,   79,   5.1,   3.1
28-Aug-2022 22:00, 0.812,  16.4,   8.8, 1023.6,-0.063, 0.035,   74,   5.3,   3.3
28-Aug-2022 23:00, 0.876,  16.3,   8.5, 1024.3,-0.065, 0.038,   78,   5.0,   2.7
29-Aug-2022 00:00, 0.934,  16.3,   9.8, 1025.4,-0.061, 0.050,   76,   4.9,   2.9
29-Aug-2022 01:00, 0.971,  16.3,  12.0, 1025.7,-0.078, 0.043,   74,   6.1,   3.6
29-Aug-2022 02:00, 1.009,  16.4,  13.9, 1025.7,-0.069, 0.055,   68,   6.1,   3.0
29-Aug-2022 03:00, 1.031,  16.4,  15.2, 1025.5,-0.040, 0.083,   41,   5.1,   2.0
29-Aug-2022 04:00, 0.971,  16.4,  16.0, 1024.9,-0.068, 0.053,   92,   3.1,   0.7
29-Aug-2022 05:00, 0.904,  16.4,  15.5, 1024.4,-0.073, 0.042,  248,   3.4,   2.3
29-Aug-2022 06:00, 0.841,  16.4,  16.2, 1023.9,-0.052, 0.058,  229,   4.3,   2.7
29-Aug-2022 07:00, 0.722,  16.5,  16.5, 1023.9,-0.083, 0.022,  217,   4.9,   2.6
29-Aug-2022 08:00, 0.675,  16.6,  16.8, 1023.7,-0.070, 0.036,  204,   5.0,   2.4
29-Aug-2022 09:00, 0.654,  16.6,  16.3, 1023.7,-0.060, 0.044,  202,   6.2,   3.1
29-Aug-2022 10:00, 0.646,  16.6,  15.9, 1023.8,-0.071, 0.033,  195,   5.9,   2.3
29-Aug-2022 11:00, 0.682,  16.5,  15.4, 1024.4,-0.067, 0.039,  156,   5.3,   3.2
29-Aug-2022 12:00, 0.714,  16.5,  14.1, 1025.1,-0.065, 0.046,  116,   4.2,   0.4
29-Aug-2022 13:00, 0.762,  16.5,  13.9, 1025.4,-0.065, 0.054,   91,   2.7,   0.8
29-Aug-2022 14:00, 0.798,  16.5,  14.2, 1025.6,-0.074, 0.047,  144,   3.5,   1.4
29-Aug-2022 15:00, 0.810,  16.5,  13.8, 1025.2,-0.086, 0.036,  133,   3.8,   0.8
29-Aug-2022 16:00, 0.828,  16.4,  12.7, 1024.7,-0.076, 0.042,   99,   3.3,   0.2
29-Aug-2022 17:00, 0.801,  16.4,  11.7, 1024.4,-0.085, 0.028,   69,   4.1,   2.8
29-Aug-2022 18:00, 0.763,  16.4,  11.5, 1024.2,-0.083, 0.028,   72,   4.1,   2.8
29-Aug-2022 19:00, 0.729,  16.4,  10.2, 1023.8,-0.072, 0.036,   66,   4.7,   3.2
29-Aug-2022 20:00, 0.714,  16.4,   9.7, 1023.7,-0.065, 0.040,   73,   4.5,   2.9
29-Aug-2022 21:00, 0.721,  16.4,   9.1, 1023.5,-0.066, 0.037,   74,   5.4,   3.4
29-Aug-2022 22:00, 0.726,  16.3,   8.5, 1023.9,-0.094, 0.008,   70,   5.4,   3.4
29-Aug-2022 23:00, 0.808,  16.2,   8.5, 1024.1,-0.066, 0.039,   77,   4.5,   2.4
30-Aug-2022 00:00, 0.845,  16.2,  10.5, 1024.4,-0.073, 0.035,   76,   3.8,   2.3
30-Aug-2022 01:00, 0.881,  16.3,  12.9, 1024.4,-0.080, 0.030,   84,   5.6,   2.6
30-Aug-2022 02:00, 0.946,  16.3,  14.8, 1024.0,-0.054, 0.057,   81,   5.6,   2.9
30-Aug-2022 03:00, 0.968,  16.3,  16.2, 1023.2,-0.039, 0.067,  118,   6.5,   1.4
30-Aug-2022 04:00, 0.938,  16.3,  17.4, 1022.1,-0.056, 0.041,  174,   4.5,   1.9
30-Aug-2022 05:00, 0.918,  16.4,  17.3, 1021.1,-0.042, 0.045,  222,   3.8,   2.6
30-Aug-2022 06:00, 0.875,  16.5,  16.9, 1020.2,-0.023, 0.054,  210,   5.2,   2.9
30-Aug-2022 07:00, 0.795,  16.6,  17.0, 1019.8,-0.031, 0.037,  216,   5.8,   3.5
30-Aug-2022 08:00, 0.728,  16.6,  16.6, 1019.6,-0.039, 0.026,  203,   6.3,   3.5
30-Aug-2022 09:00, 0.727,  16.5,  16.5, 1019.8,-0.011, 0.052,  203,   6.5,   3.5
30-Aug-2022 10:00, 0.686,  16.6,  16.2, 1020.2,-0.056, 0.010,  203,   6.5,   3.6
30-Aug-2022 11:00, 0.748,  16.6,  15.9, 1020.8,-0.030, 0.040,  187,   5.9,   1.6
30-Aug-2022 12:00, 0.796,  16.6,  15.3, 1021.5,-0.023, 0.053,  158,   4.8,   2.6
30-Aug-2022 13:00, 0.801,  16.6,  14.8, 1021.7,-0.059, 0.023,  159,   5.2,   2.2
30-Aug-2022 14:00, 0.868,  16.6,  14.1, 1021.5,-0.043, 0.041,  165,   4.7,   2.3
30-Aug-2022 15:00, 0.878,  16.6,  13.1, 1021.1,-0.061, 0.021,  158,   4.5,   1.2
30-Aug-2022 16:00, 0.882,  16.6,  12.6, 1020.7,-0.064, 0.013,  119,   2.8,   0.5
30-Aug-2022 17:00, 0.887,  16.6,  12.1, 1020.9,-0.051, 0.024,  105,   2.9,   0.7
30-Aug-2022 18:00, 0.823,  16.6,  11.5, 1020.7,-0.077,-0.001,  108,   1.9,   0.0
30-Aug-2022 19:00, 0.774,  16.6,  11.0, 1020.5,-0.074, 0.000,  160,   2.7,   0.7
30-Aug-2022 20:00, 0.723,  16.5,  10.7, 1020.5,-0.080,-0.008,  129,   1.9,   0.6
30-Aug-2022 21:00, 0.713,  16.5,  10.5, 1020.9,-0.071, 0.001,  102,   1.7,   0.2
30-Aug-2022 22:00, 0.700,  16.5,   9.5, 1021.5,-0.089,-0.013,   85,   2.7,   0.7
30-Aug-2022 23:00, 0.726,  16.4,   9.7, 1022.1,-0.094,-0.011,  138,   1.9,   0.6
31-Aug-2022 00:00, 0.752,  16.4,  12.1, 1022.3,-0.100,-0.012,   93,   2.9,   1.0
31-Aug-2022 01:00, 0.761,  16.5,  14.1, 1022.5,-0.114,-0.023,  102,   4.8,   1.4
31-Aug-2022 02:00, 0.790,  16.5,  15.6, 1022.5,-0.118,-0.026,  152,   6.7,   2.9
31-Aug-2022 03:00, 0.829,  16.6,  17.2, 1022.3,-0.096,-0.004,  147,   7.0,   2.5
31-Aug-2022 04:00, 0.835,  16.6,  17.7, 1021.6,-0.085, 0.005,  153,   5.4,   1.9
31-Aug-2022 05:00, 0.826,  16.7,  18.6, 1020.6,-0.082, 0.000,  192,   6.5,   1.9
31-Aug-2022 06:00, 0.790,  16.8,  17.4, 1020.0,-0.085,-0.013,  205,   7.5,   4.2
31-Aug-2022 07:00, 0.736,  16.8,  17.1, 1019.8,-0.089,-0.023,  206,   8.9,   4.9
31-Aug-2022 08:00, 0.675,  16.6,  17.1, 1020.0,-0.103,-0.037,  200,   8.6,   4.8
31-Aug-2022 09:00, 0.671,  16.7,  16.9, 1020.3,-0.083,-0.016,  194,   8.6,   3.5
31-Aug-2022 10:00, 0.647,  16.8,  16.6, 1020.9,-0.112,-0.041,  186,   9.2,   2.8
31-Aug-2022 11:00, 0.670,  16.8,  16.2, 1021.3,-0.127,-0.051,  153,   6.6,   1.4
31-Aug-2022 12:00, 0.741,  16.8,  15.4, 1022.3,-0.111,-0.030,  104,   1.9,   0.2
31-Aug-2022 13:00, 0.767,  16.8,  15.1, 1022.6,-0.129,-0.039,  104,   2.6,   0.7
31-Aug-2022 14:00, 0.798,  16.8,  14.2, 1023.0,-0.147,-0.053,  101,   2.3,   0.4
31-Aug-2022 15:00, 0.843,  16.8,  13.4, 1023.0,-0.141,-0.044,   89,   2.1,   0.4
31-Aug-2022 16:00, 0.849,  16.8,  14.0, 1023.3,-0.141,-0.044,   91,   5.4,   2.6
31-Aug-2022 17:00, 0.816,  16.7,  13.0, 1023.2,-0.171,-0.071,   79,   6.7,   3.0
31-Aug-2022 18:00, 0.792,  16.7,  13.0, 1023.1,-0.169,-0.070,   84,   6.8,   3.6
31-Aug-2022 19:00, 0.739,  16.7,  12.6, 1022.9,-0.169,-0.072,   79,   8.3,   4.8
31-Aug-2022 20:00, 0.668,  16.6,  12.3, 1022.9,-0.186,-0.090,   85,   8.7,   3.8
31-Aug-2022 21:00, 0.662,  16.6,  11.9, 1023.1,-0.150,-0.054,   85,   8.1,   3.1
31-Aug-2022 22:00, 0.626,  16.6,  11.8, 1023.6,-0.164,-0.066,   85,   7.0,   3.5
31-Aug-2022 23:00, 0.625,  16.5,  11.7, 1024.4,-0.166,-0.062,   82,   7.2,   3.4
01-Sep-2022 00:00, 0.642,  16.5,  13.0, 1025.3,-0.164,-0.052,   84,   7.3,   3.9
01-Sep-2022 01:00, 0.646,  16.5,  15.0, 1025.6,-0.162,-0.042,   78,   8.9,   5.0
01-Sep-2022 02:00, 0.657,  16.5,  16.2, 1025.5,-0.160,-0.037,   72,   9.3,   3.8
01-Sep-2022 03:00, 0.719,  16.5,  17.9, 1025.1,-0.114, 0.007,   71,   7.9,   4.6
01-Sep-2022 04:00, 0.691,  16.5,  19.1, 1024.8,-0.140,-0.023,   67,   7.9,   3.3
01-Sep-2022 05:00, 0.698,  16.6,  20.3, 1023.9,-0.129,-0.015,   81,   6.5,   2.3
01-Sep-2022 06:00, 0.709,  16.6,  21.1, 1022.8,-0.112,-0.007,   76,   6.1,   2.8
01-Sep-2022 07:00, 0.655,  16.7,  21.3, 1022.3,-0.141,-0.047,   81,   7.3,   3.5
01-Sep-2022 08:00, 0.626,  16.7,  21.4, 1022.2,-0.143,-0.053,   82,   7.8,   3.7
01-Sep-2022 09:00, 0.654,  16.7,  21.0, 1022.2,-0.101,-0.012,   82,   7.9,   3.7
01-Sep-2022 10:00, 0.620,  16.7,  20.1, 1023.0,-0.145,-0.055,   93,   7.6,   2.2
01-Sep-2022 11:00, 0.659,  16.7,  18.9, 1023.8,-0.145,-0.047,  120,   3.8,   0.8
01-Sep-2022 12:00, 0.744,  16.6,  17.5, 1024.4,-0.125,-0.019,  148,   1.5,   0.3
01-Sep-2022 13:00, 0.791,  16.6,  16.9, 1024.4,-0.134,-0.023,  106,   2.5,   0.8
01-Sep-2022 14:00, 0.837,  16.6,  16.5, 1024.0,-0.134,-0.024,   95,   3.8,   1.7
01-Sep-2022 15:00, 0.873,  16.6,  16.0, 1023.7,-0.147,-0.040,   91,   5.6,   2.0
01-Sep-2022 16:00, 0.884,  16.5,  16.1, 1022.8,-0.151,-0.048,   84,   6.1,   3.3
01-Sep-2022 17:00, 0.890,  16.5,  16.1, 1023.1,-0.140,-0.045,   83,   8.6,   4.2
01-Sep-2022 18:00, 0.856,  16.5,  15.4, 1022.5,-0.161,-0.064,   82,   7.5,   4.1
01-Sep-2022 19:00, 0.822,  16.5,  15.0, 1022.0,-0.155,-0.063,   78,   8.1,   3.9
01-Sep-2022 20:00, 0.791,  16.5,  14.8, 1021.9,-0.130,-0.044,   76,   8.0,   5.0
01-Sep-2022 21:00, 0.684,  16.5,  14.8, 1022.5,-0.184,-0.098,   72,   9.2,   5.4
01-Sep-2022 22:00, 0.670,  16.4,  14.5, 1022.5,-0.155,-0.063,   75,  11.0,   5.4
01-Sep-2022 23:00, 0.658,  16.4,  14.8, 1022.7,-0.138,-0.046,   69,   9.6,   4.9
02-Sep-2022 00:00, 0.627,  16.4,  14.9, 1023.1,-0.159,-0.064,   73,   9.6,   5.1
02-Sep-2022 01:00, 0.625,  16.4,  16.0, 1022.8,-0.147,-0.049,   68,  11.6,   5.8
02-Sep-2022 02:00, 0.625,  16.4,  17.5, 1022.4,-0.125,-0.030,   69,  12.2,   7.0
02-Sep-2022 03:00, 0.623,  16.4,  17.7, 1021.3,-0.125,-0.036,   75,  11.0,   5.9
02-Sep-2022 04:00, 0.649,  16.4,  18.5, 1020.5,-0.096,-0.017,   72,  10.7,   5.3
02-Sep-2022 05:00, 0.652,  16.4,  18.7, 1019.4,-0.082,-0.011,   67,  10.1,   5.8
02-Sep-2022 06:00, 0.685,  16.5,  19.5, 1019.0,-0.057, 0.004,   74,   9.0,   4.6
02-Sep-2022 07:00, 0.672,  16.5,  19.9, 1018.6,-0.070,-0.013,   76,   8.1,   3.5
02-Sep-2022 08:00, 0.670,  16.5,  20.1, 1018.5,-0.065,-0.012,   80,   7.5,   4.1
02-Sep-2022 09:00, 0.700,  16.5,  19.8, 1018.3,-0.038, 0.014,   82,   8.1,   3.2
02-Sep-2022 10:00, 0.733,  16.5,  19.0, 1018.1,-0.023, 0.027,   91,   6.2,   2.6
02-Sep-2022 11:00, 0.760,  16.5,  18.6, 1018.5,-0.036, 0.013,   92,   6.6,   2.9
02-Sep-2022 12:00, 0.846,  16.5,  18.0, 1018.5,-0.016, 0.036,   84,   7.0,   2.7
02-Sep-2022 13:00, 0.946,  16.5,  17.8, 1018.2, 0.011, 0.063,   81,   9.4,   3.5
02-Sep-2022 14:00, 0.972,  16.5,  17.6, 1017.7,-0.013, 0.035,   80,   8.2,   4.0
02-Sep-2022 15:00, 1.013,  16.4,  17.4, 1017.1,-0.021, 0.023,   81,   9.2,   4.0
02-Sep-2022 16:00, 1.070,  16.4,  17.2, 1017.0, 0.002, 0.040,   81,   8.1,   3.6
02-Sep-2022 17:00, 1.034,  16.4,  16.0, 1017.0,-0.033, 0.004,   89,   7.7,   2.5
02-Sep-2022 18:00, 1.077,  16.4,  14.3, 1017.3, 0.016, 0.054,   89,   5.2,   1.4
02-Sep-2022 19:00, 1.041,  16.4,  13.7, 1016.8, 0.000, 0.040,   87,   4.4,   2.1
02-Sep-2022 20:00, 0.997,  16.4,  12.8, 1016.2, 0.002, 0.037,  100,   4.3,   1.6
02-Sep-2022 21:00, 0.934,  16.4,  12.5, 1015.9,-0.009, 0.020,   93,   6.7,   2.8
02-Sep-2022 22:00, 0.905,  16.4,  12.6, 1015.3, 0.014, 0.040,   86,   7.4,   3.5
02-Sep-2022 23:00, 0.837,  16.4,  12.5, 1015.0,-0.003, 0.017,   80,   8.5,   4.4
03-Sep-2022 00:00, 0.813,  16.4,  12.9, 1015.1, 0.011, 0.028,   79,  10.3,   5.0
03-Sep-2022 01:00, 0.745,  16.4,  13.2, 1014.6,-0.025,-0.007,   79,  11.1,   6.0
03-Sep-2022 02:00, 0.717,  16.3,  13.5, 1014.2,-0.006, 0.007,   74,  12.0,   6.1
03-Sep-2022 03:00, 0.703,  16.3,  14.2, 1013.8, 0.016, 0.025,   70,  16.1,   7.9
03-Sep-2022 04:00, 0.682,  16.3,  15.1, 1012.9, 0.010, 0.015,   72,  14.9,   9.1
03-Sep-2022 05:00, 0.697,  16.3,  15.9, 1011.9, 0.045, 0.040,   68,  15.2,   8.4
03-Sep-2022 06:00, 0.720,  16.3,  16.2, 1011.5, 0.070, 0.056,   69,  15.0,   6.5
03-Sep-2022 07:00, 0.735,  16.3,  15.5, 1011.5, 0.068, 0.050,   69,  12.4,   7.6
03-Sep-2022 08:00, 0.733,  16.4,  14.9, 1012.0, 0.054, 0.037,   69,  11.6,   5.2
03-Sep-2022 09:00, 0.793,  16.4,  14.9, 1012.1, 0.096, 0.083,   70,  11.3,   6.2
03-Sep-2022 10:00, 0.816,  16.4,  14.6, 1012.2, 0.087, 0.076,   71,  10.4,   6.0
03-Sep-2022 11:00, 0.875,  16.4,  14.2, 1012.4, 0.103, 0.092,   71,  12.2,   4.9
03-Sep-2022 12:00, 0.970,  16.4,  14.1, 1013.3, 0.135, 0.128,   68,  10.3,   3.4
03-Sep-2022 13:00, 1.041,  16.3,  14.4, 1013.8, 0.125, 0.126,   76,   7.8,   3.6
03-Sep-2022 14:00, 1.087,  16.3,  14.6, 1013.9, 0.108, 0.114,   74,   7.8,   4.9
03-Sep-2022 15:00, 1.137,  16.3,  14.4, 1013.4, 0.111, 0.117,   69,   9.9,   5.6
03-Sep-2022 16:00, 1.202,  16.3,  13.9, 1012.9, 0.129, 0.130,   69,  10.9,   4.6
03-Sep-2022 17:00, 1.209,  16.2,  13.5, 1012.3, 0.120, 0.116,   72,   8.7,   4.5
03-Sep-2022 18:00, 1.226,  16.2,  13.5, 1011.8, 0.139, 0.129,   69,   7.9,   4.6
03-Sep-2022 19:00, 1.252,  16.2,  13.5, 1011.6, 0.164, 0.150,   75,   7.8,   3.9
03-Sep-2022 20:00, 1.227,  16.2,  13.5, 1011.3, 0.162, 0.145,   70,   7.8,   4.1
03-Sep-2022 21:00, 1.171,  16.2,  13.7, 1011.5, 0.147, 0.128,   67,   7.2,   4.3
03-Sep-2022 22:00, 1.131,  16.1,  13.9, 1011.9, 0.154, 0.137,   67,   7.6,   4.0
03-Sep-2022 23:00, 1.111,  16.1,  14.1, 1012.3, 0.191, 0.178,   67,   6.5,   3.5
04-Sep-2022 00:00, 1.021,  16.1,  14.4, 1012.7, 0.163, 0.154,   67,   6.5,   3.9
04-Sep-2022 01:00, 0.981,  16.1,  15.8, 1012.7, 0.175, 0.170,   56,   7.0,   3.1
04-Sep-2022 02:00, 0.921,  16.1,  16.7, 1012.5, 0.179, 0.173,   52,   7.9,   3.2
04-Sep-2022 03:00, 0.835,  16.2,  17.3, 1012.2, 0.164, 0.157,   20,   6.0,   2.9
04-Sep-2022 04:00, 0.815,  16.2,  18.1, 1011.6, 0.188, 0.177,  344,   5.5,   2.0
04-Sep-2022 05:00, 0.760,  16.2,  17.7, 1011.0, 0.165, 0.148,  284,   4.0,   2.1
04-Sep-2022 06:00, 0.757,  16.3,  18.0, 1010.3, 0.183, 0.160,  294,   3.7,   1.8
04-Sep-2022 07:00, 0.791,  16.4,  17.8, 1010.0, 0.205, 0.175,  276,   3.3,   2.0
04-Sep-2022 08:00, 0.776,  16.4,  17.8, 1009.9, 0.163, 0.130,  292,   2.8,   1.0
04-Sep-2022 09:00, 0.827,  16.4,  17.5, 1009.9, 0.186, 0.152,  331,   2.1,   0.9
04-Sep-2022 10:00, 0.892,  16.4,  17.4, 1010.2, 0.206, 0.173,  349,   1.9,   0.2
04-Sep-2022 11:00, 0.925,  16.4,  17.3, 1010.6, 0.188, 0.158,  337,   1.5,   0.9
04-Sep-2022 12:00, 0.999,  16.4,  17.4, 1011.0, 0.204, 0.178,  329,   1.5,   0.6
04-Sep-2022 13:00, 1.096,  16.4,  16.7, 1011.2, 0.226, 0.204,  268,   5.3,   3.3
04-Sep-2022 14:00, 1.114,  16.4,  16.1, 1011.0, 0.171, 0.150,  238,   6.6,   2.8
04-Sep-2022 15:00, 1.171,  16.4,  16.4, 1010.7, 0.178, 0.155,  235,   8.5,   5.5
04-Sep-2022 16:00, 1.226,  16.3,  16.4, 1010.2, 0.186, 0.161,  211,   6.5,   2.2
04-Sep-2022 17:00, 1.231,  16.3,  16.3, 1010.1, 0.152, 0.122,  165,   5.6,   2.4
04-Sep-2022 18:00, 1.232,  16.4,  17.0, 1010.3, 0.142, 0.111,  219,   4.3,   2.9
04-Sep-2022 19:00, 1.257,  16.4,  17.0, 1010.0, 0.154, 0.124,  219,   5.4,   2.9
04-Sep-2022 20:00, 1.262,  16.4,  17.0, 1009.7, 0.149, 0.116,  223,   4.7,   3.3
04-Sep-2022 21:00, 1.233,  16.4,  16.4, 1009.9, 0.138, 0.103,  227,   7.6,   3.6
04-Sep-2022 22:00, 1.186,  16.4,  16.6, 1010.3, 0.122, 0.089,  232,   6.1,   3.7
04-Sep-2022 23:00, 1.174,  16.4,  15.5, 1010.9, 0.157, 0.128,  227,   9.6,   6.6
05-Sep-2022 00:00, 1.032,  16.4,  16.2, 1011.4, 0.082, 0.059,  229,   9.1,   3.7
05-Sep-2022 01:00, 0.995,  16.4,  15.4, 1011.8, 0.117, 0.099,  199,  11.9,   2.0
05-Sep-2022 02:00, 0.925,  16.4,  16.8, 1011.7, 0.123, 0.108,  222,   8.4,   5.6
05-Sep-2022 03:00, 0.774,  16.4,  16.6, 1011.7, 0.066, 0.052,  219,   7.7,   4.2
05-Sep-2022 04:00, 0.708,  16.5,  17.1, 1011.2, 0.083, 0.068,  219,   8.0,   4.5
05-Sep-2022 05:00, 0.662,  16.5,  16.6, 1010.6, 0.090, 0.069,  230,   9.2,   5.2
05-Sep-2022 06:00, 0.606,  16.5,  16.4, 1010.1, 0.075, 0.048,  239,   8.4,   5.5
05-Sep-2022 07:00, 0.588,  16.6,  16.4, 1010.3, 0.068, 0.037,  236,   8.8,   5.0
05-Sep-2022 08:00, 0.637,  16.6,  16.0, 1010.4, 0.090, 0.060,  228,   8.3,   4.5
05-Sep-2022 09:00, 0.658,  16.7,  14.9, 1010.7, 0.073, 0.045,  251,   9.9,   6.0
05-Sep-2022 10:00, 0.704,  16.7,  14.4, 1011.0, 0.071, 0.046,  232,   8.5,   5.3
05-Sep-2022 11:00, 0.780,  16.6,  13.7, 1011.3, 0.086, 0.064,  211,   8.5,   1.6
05-Sep-2022 12:00, 0.824,  16.6,  13.3, 1011.5, 0.072, 0.052,   16,   3.6,   1.2
05-Sep-2022 13:00, 0.900,  16.6,  12.9, 1011.8, 0.084, 0.067,  229,   5.2,   3.5
05-Sep-2022 14:00, 0.987,  16.6,  12.3, 1011.0, 0.100, 0.085,   63,   4.1,   1.3
05-Sep-2022 15:00, 1.018,  16.6,  12.3, 1010.7, 0.078, 0.056,   27,   5.4,   2.9
05-Sep-2022 16:00, 1.073,  16.6,  12.4, 1010.1, 0.093, 0.067,   73,   5.9,   0.6
05-Sep-2022 17:00, 1.159,  16.5,  11.9, 1009.4, 0.133, 0.101,   66,   3.4,   2.2
05-Sep-2022 18:00, 1.174,  16.5,  11.5, 1008.7, 0.115, 0.076,   39,   4.4,   1.8
05-Sep-2022 19:00, 1.196,  16.6,  11.7, 1008.5, 0.113, 0.067,   45,   3.7,   1.8
05-Sep-2022 20:00, 1.282,  16.6,  11.4, 1007.8, 0.165, 0.117,   44,   4.4,   3.0
05-Sep-2022 21:00, 1.270,  16.6,  12.1, 1007.6, 0.133, 0.079,  279,   9.0,   2.0
05-Sep-2022 22:00, 1.262,  16.6,  11.7, 1007.1, 0.131, 0.074,  349,   6.7,   0.8
05-Sep-2022 23:00, 1.282,  16.6,  10.7, 1007.0, 0.174, 0.113,   35,   5.2,   3.0
06-Sep-2022 00:00, 1.209,  16.6,  11.5, 1007.2, 0.153, 0.091,   29,   5.8,   3.7
06-Sep-2022 01:00, 1.115,  16.6,  11.3, 1007.2, 0.137, 0.077,   34,   7.0,   3.1
06-Sep-2022 02:00, 1.081,  16.6,  12.9, 1007.8, 0.190, 0.131,  337,   4.9,   2.4
06-Sep-2022 03:00, 0.920,  16.6,  13.8, 1008.1, 0.132, 0.078,  313,   4.1,   2.0
06-Sep-2022 04:00, 0.823,  16.6,  14.3, 1007.8, 0.148, 0.097,  324,   3.4,   2.0
06-Sep-2022 05:00, 0.758,  16.6,  14.2, 1007.2, 0.170, 0.115,  285,   4.9,   2.1
06-Sep-2022 06:00, 0.701,  16.6,  15.9, 1007.4, 0.173, 0.113,  238,  10.0,   6.4
06-Sep-2022 07:00, 0.643,  16.6,  15.2, 1008.0, 0.150, 0.092,  223,   9.8,   6.4
06-Sep-2022 08:00, 0.648,  16.7,  14.3, 1008.6, 0.149, 0.098,  208,  10.0,   3.8
06-Sep-2022 09:00, 0.667,  16.7,  15.2, 1009.3, 0.130, 0.085,  207,   8.4,   4.6
06-Sep-2022 10:00, 0.695,  16.7,  13.8, 1010.7, 0.109, 0.071,  204,  11.1,   3.8
06-Sep-2022 11:00, 0.773,  16.7,  14.3, 1011.5, 0.122, 0.097,  189,   6.6,   2.4
06-Sep-2022 12:00, 0.800,  16.7,  14.1, 1012.5, 0.085, 0.069,  176,   7.4,   1.9
06-Sep-2022 13:00, 0.847,  16.7,  13.1, 1013.4, 0.077, 0.070,  127,   3.5,   0.8
06-Sep-2022 14:00, 0.906,  16.7,  12.4, 1014.2, 0.080, 0.083,  316,   1.5,   0.1
06-Sep-2022 15:00, 0.920,  16.7,  12.8, 1014.3, 0.044, 0.054,  148,   3.1,   1.0
06-Sep-2022 16:00, 0.953,  16.7,  12.6, 1014.4, 0.044, 0.054,  133,   4.0,   1.2
06-Sep-2022 17:00, 0.995,  16.7,  11.6, 1015.2, 0.049, 0.062,  105,   1.6,   0.7
06-Sep-2022 18:00, 1.025,  16.7,  10.9, 1014.9, 0.036, 0.055,   76,   1.6,   0.7
06-Sep-2022 19:00, 1.057,  16.7,  12.2, 1015.2, 0.027, 0.044,  163,   2.3,   1.2
06-Sep-2022 20:00, 1.123,  16.7,  10.6, 1015.0, 0.047, 0.065,   69,   1.9,   1.3
06-Sep-2022 21:00, 1.150,  16.7,   9.9, 1015.2, 0.023, 0.041,   56,   2.2,   1.3
06-Sep-2022 22:00, 1.176,  16.7,   9.6, 1015.8, 0.019, 0.038,   56,   2.6,   1.9
06-Sep-2022 23:00, 1.211,  16.7,  10.3, 1016.7, 0.047, 0.074,   47,   2.8,   1.4
07-Sep-2022 00:00, 1.150,  16.7,  11.7, 1017.3, 0.007, 0.042,   19,   3.2,   1.9
07-Sep-2022 01:00, 1.093,  16.6,  14.5, 1018.0, 0.011, 0.052,  349,   4.3,   2.2
07-Sep-2022 02:00, 1.031,  16.6,  15.0, 1018.4, 0.037, 0.085,  331,   4.4,   2.6
07-Sep-2022 03:00, 0.887,  16.6,  15.2, 1018.4,-0.002, 0.049,  283,   6.6,   3.3
07-Sep-2022 04:00, 0.761,  16.5,  14.9, 1018.1,-0.006, 0.045,  224,   4.7,   1.8
07-Sep-2022 05:00, 0.628,  16.6,  15.9, 1017.7,-0.023, 0.025,  233,   2.8,   2.0
07-Sep-2022 06:00, 0.554,  16.7,  16.7, 1017.6,-0.012, 0.032,  217,   3.7,   1.9
07-Sep-2022 07:00, 0.474,  16.8,  16.8, 1017.9,-0.036, 0.008,  209,   4.3,   2.0
07-Sep-2022 08:00, 0.457,  16.8,  17.1, 1018.0,-0.033, 0.013,  208,   4.5,   2.0
07-Sep-2022 09:00, 0.512,  16.8,  17.0, 1018.2, 0.001, 0.048,  201,   3.7,   2.3
07-Sep-2022 10:00, 0.510,  16.9,  16.5, 1018.8,-0.048, 0.001,  206,   4.3,   2.3
07-Sep-2022 11:00, 0.593,  16.9,  16.4, 1019.3,-0.026, 0.029,  193,   4.9,   1.6
07-Sep-2022 12:00, 0.654,  16.8,  16.0, 1019.6,-0.034, 0.026,  179,   4.5,   2.0
07-Sep-2022 13:00, 0.711,  16.9,  15.4, 1020.3,-0.033, 0.031,  169,   3.6,   1.4
07-Sep-2022 14:00, 0.726,  16.9,  14.9, 1020.3,-0.060, 0.010,  143,   3.1,   1.2
07-Sep-2022 15:00, 0.779,  16.9,  14.0, 1020.1,-0.041, 0.029,   79,   2.6,   0.7
07-Sep-2022 16:00, 0.825,  16.9,  12.7, 1020.0,-0.019, 0.049,   47,   2.3,   1.1
07-Sep-2022 17:00, 0.817,  16.8,  12.3, 1019.7,-0.049, 0.018,   80,   1.8,   1.2
07-Sep-2022 18:00, 0.881,  16.8,  11.9, 1019.2,-0.018, 0.046,   86,   1.8,   0.5
07-Sep-2022 19:00, 0.908,  16.8,  11.0, 1018.8,-0.036, 0.023,   73,   4.1,   2.7
07-Sep-2022 20:00, 0.972,  16.8,  10.9, 1018.7,-0.030, 0.024,   78,   4.4,   2.2
07-Sep-2022 21:00, 1.040,  16.8,  10.7, 1019.2,-0.027, 0.028,   81,   4.0,   2.0
07-Sep-2022 22:00, 1.086,  16.8,  10.6, 1019.5,-0.040, 0.019,   79,   4.6,   2.5
07-Sep-2022 23:00, 1.142,  16.8,  10.6, 1019.7,-0.025, 0.037,   77,   4.3,   2.7
08-Sep-2022 00:00, 1.170,  16.8,  11.7, 1020.5,-0.009, 0.056,   74,   4.6,   2.4
08-Sep-2022 01:00, 1.105,  16.8,  13.1, 1021.3,-0.048, 0.025,   67,   6.2,   4.0
08-Sep-2022 02:00, 1.076,  16.7,  14.9, 1020.9,-0.010, 0.070,   62,   6.8,   3.6
08-Sep-2022 03:00, 0.969,  16.7,  15.3, 1020.5,-0.020, 0.056,   68,   7.2,   3.9
08-Sep-2022 04:00, 0.838,  16.7,  16.4, 1019.5,-0.032, 0.039,   59,   6.9,   3.0
08-Sep-2022 05:00, 0.726,  16.7,  17.4, 1018.6,-0.020, 0.041,   58,   5.9,   2.6
08-Sep-2022 06:00, 0.646,  16.7,  17.7, 1017.5, 0.006, 0.058,   19,   4.7,   1.8
08-Sep-2022 07:00, 0.521,  16.7,  17.4, 1017.2,-0.041, 0.001,  271,   4.1,   1.5
08-Sep-2022 08:00, 0.487,  16.8,  17.5, 1016.6,-0.039, 0.000,  234,   2.5,   1.9
08-Sep-2022 09:00, 0.549,  16.8,  17.4, 1016.8, 0.025, 0.058,  214,   2.8,   1.6
08-Sep-2022 10:00, 0.536,  16.8,  16.7, 1017.1,-0.019, 0.017,  192,   3.5,   1.0
08-Sep-2022 11:00, 0.597,  16.8,  16.6, 1017.1,-0.015, 0.023,  160,   2.2,   1.2
08-Sep-2022 12:00, 0.694,  16.8,  16.2, 1017.7, 0.016, 0.055,  171,   1.7,   0.2
08-Sep-2022 13:00, 0.745,  16.8,  16.0, 1017.9, 0.008, 0.052,  120,   1.4,   0.5
08-Sep-2022 14:00, 0.776,  16.8,  15.2, 1017.8, 0.000, 0.046,   73,   1.7,   1.0
08-Sep-2022 15:00, 0.825,  16.8,  14.4, 1017.4, 0.030, 0.075,   74,   2.7,   1.9
08-Sep-2022 16:00, 0.827,  16.8,  13.9, 1017.1, 0.027, 0.068,   68,   3.7,   2.3
08-Sep-2022 17:00, 0.831,  16.8,  13.9, 1016.7, 0.027, 0.064,   71,   4.3,   3.0
08-Sep-2022 18:00, 0.850,  16.8,  13.2, 1016.5, 0.030, 0.064,   65,   4.4,   1.9
08-Sep-2022 19:00, 0.883,  16.8,  12.7, 1016.2, 0.033, 0.065,   72,   4.1,   2.7
08-Sep-2022 20:00, 0.941,  16.8,  12.7, 1015.9, 0.035, 0.064,   68,   4.8,   3.1
08-Sep-2022 21:00, 1.020,  16.7,  12.2, 1016.1, 0.043, 0.069,   69,   4.8,   2.7
08-Sep-2022 22:00, 1.094,  16.7,  11.8, 1016.6, 0.046, 0.075,   67,   4.3,   3.1
08-Sep-2022 23:00, 1.170,  16.7,  11.9, 1017.1, 0.058, 0.091,   68,   5.1,   3.1
09-Sep-2022 00:00, 1.203,  16.7,  14.1, 1017.7, 0.048, 0.088,   61,   5.2,   2.9
09-Sep-2022 01:00, 1.224,  16.7,  15.6, 1017.8, 0.060, 0.105,   62,   6.1,   3.0
09-Sep-2022 02:00, 1.219,  16.8,  17.9, 1017.8, 0.087, 0.132,   43,   5.1,   2.1
09-Sep-2022 03:00, 1.115,  16.7,  18.7, 1017.6, 0.055, 0.100,  334,   4.5,   1.0
09-Sep-2022 04:00, 1.026,  16.7,  17.4, 1017.0, 0.071, 0.114,  252,   3.3,   2.5
09-Sep-2022 05:00, 0.887,  16.8,  17.5, 1016.2, 0.049, 0.086,  243,   4.8,   3.8
09-Sep-2022 06:00, 0.803,  16.9,  17.6, 1015.8, 0.071, 0.100,  240,   5.3,   3.9
09-Sep-2022 07:00, 0.693,  17.0,  17.9, 1015.5, 0.051, 0.076,  237,   5.6,   2.9
09-Sep-2022 08:00, 0.627,  17.0,  18.1, 1015.5, 0.039, 0.061,  222,   5.0,   3.4
09-Sep-2022 09:00, 0.651,  17.1,  17.9, 1015.7, 0.074, 0.096,  208,   4.7,   2.5
09-Sep-2022 10:00, 0.637,  17.1,  17.4, 1016.4, 0.047, 0.072,  197,   5.0,   2.1
09-Sep-2022 11:00, 0.657,  17.1,  17.2, 1017.1, 0.026, 0.058,  186,   4.6,   1.6
09-Sep-2022 12:00, 0.739,  17.0,  16.7, 1017.7, 0.048, 0.086,  173,   5.0,   2.3
09-Sep-2022 13:00, 0.801,  17.0,  16.5, 1018.3, 0.051, 0.096,  170,   5.1,   2.2
09-Sep-2022 14:00, 0.807,  17.0,  16.1, 1018.5, 0.015, 0.065,  156,   4.5,   2.4
09-Sep-2022 15:00, 0.831,  17.0,  15.7, 1018.5, 0.023, 0.075,  157,   3.9,   2.5
09-Sep-2022 16:00, 0.822,  17.0,  15.2, 1018.4, 0.026, 0.078,  159,   4.5,   2.0
09-Sep-2022 17:00, 0.762,  16.9,  14.8, 1018.2,-0.012, 0.039,  162,   3.8,   1.4
09-Sep-2022 18:00, 0.786,  16.9,  14.1, 1017.8, 0.016, 0.065,  134,   3.0,   0.7
09-Sep-2022 19:00, 0.780,  16.9,  13.7, 1017.5,-0.002, 0.043,  178,   2.1,   0.8
09-Sep-2022 20:00, 0.814,  16.9,  13.2, 1017.6, 0.001, 0.043,  164,   2.4,   0.9
09-Sep-2022 21:00, 0.887,  16.9,  12.0, 1017.7, 0.009, 0.052,   66,   2.3,   0.9
09-Sep-2022 22:00, 0.942,  16.9,  12.8, 1018.2,-0.007, 0.038,   98,   2.6,   0.5
09-Sep-2022 23:00, 1.046,  16.9,  12.6, 1018.9, 0.030, 0.080,  191,   2.2,   1.2
10-Sep-2022 00:00, 1.064,  16.9,  13.9, 1019.7,-0.013, 0.044,  160,   3.4,   1.8
10-Sep-2022 01:00, 1.092,  16.9,  15.9, 1019.8,-0.021, 0.043,  172,   3.3,   1.4
10-Sep-2022 02:00, 1.126,  16.9,  16.4, 1019.5, 0.010, 0.075,  215,   2.6,   1.7
10-Sep-2022 03:00, 1.071,  16.9,  16.9, 1019.3,-0.009, 0.053,  225,   3.7,   2.6
10-Sep-2022 04:00, 1.004,  17.0,  17.4, 1018.8,-0.001, 0.059,  223,   4.4,   3.2
10-Sep-2022 05:00, 0.889,  17.0,  18.1, 1018.1,-0.012, 0.043,  209,   5.0,   2.5
10-Sep-2022 06:00, 0.806,  17.0,  18.2, 1017.7, 0.003, 0.050,  212,   5.0,   2.8
10-Sep-2022 07:00, 0.693,  17.1,  17.9, 1017.6,-0.033, 0.011,  204,   6.4,   3.7
10-Sep-2022 08:00, 0.659,  17.2,  18.1, 1018.0,-0.005, 0.038,  202,   6.7,   3.3
10-Sep-2022 09:00, 0.628,  17.2,  17.5, 1018.2,-0.018, 0.030,  194,   6.3,   2.5
10-Sep-2022 10:00, 0.620,  17.3,  17.2, 1018.4,-0.036, 0.014,  191,   5.6,   1.7
10-Sep-2022 11:00, 0.669,  17.2,  16.7, 1018.7,-0.012, 0.039,  174,   5.5,   1.3
10-Sep-2022 12:00, 0.709,  17.2,  16.2, 1019.1,-0.020, 0.034,  174,   3.4,   1.5
10-Sep-2022 13:00, 0.767,  17.2,  15.7, 1019.5,-0.016, 0.043,  151,   3.6,   1.3
10-Sep-2022 14:00, 0.816,  17.2,  15.5, 1019.2,-0.010, 0.052,  158,   3.2,   2.2
10-Sep-2022 15:00, 0.814,  17.2,  14.9, 1018.9,-0.031, 0.028,  160,   3.8,   1.7
10-Sep-2022 16:00, 0.823,  17.2,  14.1, 1018.4,-0.009, 0.047,  121,   2.8,   0.5
10-Sep-2022 17:00, 0.780,  17.1,  14.1, 1017.8,-0.010, 0.040,   87,   2.0,   0.5
10-Sep-2022 18:00, 0.739,  17.1,  12.9, 1017.6,-0.015, 0.030,  100,   2.5,   0.5
10-Sep-2022 19:00, 0.749,  17.2,  12.4, 1017.2, 0.001, 0.044,   82,   1.4,   0.8
10-Sep-2022 20:00, 0.777,  17.1,  11.3, 1016.7, 0.022, 0.060,   71,   2.3,   1.0
10-Sep-2022 21:00, 0.776,  17.1,  11.1, 1016.6,-0.016, 0.018,   61,   4.9,   2.2
10-Sep-2022 22:00, 0.875,  17.1,  10.5, 1016.6, 0.020, 0.053,   60,   4.3,   2.8
10-Sep-2022 23:00, 0.960,  17.1,  10.9, 1016.8, 0.048, 0.081,   65,   4.8,   3.1
11-Sep-2022 00:00, 0.975,  17.1,  13.9, 1016.8, 0.004, 0.039,   69,   6.0,   3.9
11-Sep-2022 01:00, 1.054,  17.1,  17.7, 1017.0, 0.036, 0.072,   66,   6.7,   2.9
11-Sep-2022 02:00, 1.087,  17.1,  19.8, 1016.5, 0.046, 0.083,   48,   4.9,   1.5
11-Sep-2022 03:00, 1.068,  17.2,  17.1, 1016.4, 0.030, 0.063,  206,   5.5,   2.2
11-Sep-2022 04:00, 1.061,  17.2,  17.9, 1015.8, 0.061, 0.092,  225,   3.8,   2.1
11-Sep-2022 05:00, 0.962,  17.2,  18.4, 1014.7, 0.036, 0.060,  195,   4.1,   1.6
11-Sep-2022 06:00, 0.885,  17.3,  18.5, 1013.8, 0.045, 0.058,  197,   4.0,   1.6
11-Sep-2022 07:00, 0.846,  17.4,  18.7, 1013.4, 0.068, 0.073,  210,   4.4,   2.1
11-Sep-2022 08:00, 0.798,  17.4,  19.0, 1012.8, 0.066, 0.066,  178,   4.1,   1.4
11-Sep-2022 09:00, 0.819,  17.4,  18.5, 1012.8, 0.108, 0.103,  192,   3.0,   1.3
11-Sep-2022 10:00, 0.812,  17.4,  17.7, 1012.9, 0.086, 0.081,  191,   1.9,   0.6
11-Sep-2022 11:00, 0.828,  17.5,  18.4, 1013.2, 0.078, 0.075,   86,   1.9,   0.6
11-Sep-2022 12:00, 0.891,  17.5,  18.3, 1013.3, 0.103, 0.103,   58,   1.6,   1.2
11-Sep-2022 13:00, 0.955,  17.5,  17.8, 1013.4, 0.120, 0.121,   59,   2.3,   1.4
11-Sep-2022 14:00, 0.976,  17.5,  17.1, 1012.9, 0.103, 0.104,   52,   3.4,   1.1
11-Sep-2022 15:00, 1.005,  17.4,  17.0, 1012.4, 0.110, 0.107,   62,   2.7,   1.7
11-Sep-2022 16:00, 1.024,  17.4,  16.5, 1011.2, 0.136, 0.126,   68,   3.3,   2.0
11-Sep-2022 17:00, 0.975,  17.4,  15.6, 1010.7, 0.128, 0.108,   59,   4.8,   2.0
11-Sep-2022 18:00, 0.935,  17.4,  15.6, 1010.0, 0.150, 0.124,   65,   3.9,   2.1
11-Sep-2022 19:00, 0.907,  17.4,  15.7, 1009.4, 0.161, 0.128,   37,   3.7,   2.4
11-Sep-2022 20:00, 0.893,  17.4,  16.1, 1009.4, 0.156, 0.117,   37,   4.0,   2.4
11-Sep-2022 21:00, 0.906,  17.4,  15.2, 1009.5, 0.161, 0.123,   36,   4.2,   2.3
11-Sep-2022 22:00, 0.936,  17.3,  14.4, 1009.7, 0.152, 0.115,   46,   3.8,   1.3
11-Sep-2022 23:00, 0.997,  17.3,  14.8, 1010.0, 0.169, 0.134,   34,   2.6,   1.8
12-Sep-2022 00:00, 1.040,  17.3,  17.1, 1010.0, 0.171, 0.139,   18,   3.1,   2.0
12-Sep-2022 01:00, 1.074,  17.3,  19.1, 1009.8, 0.163, 0.130,   14,   4.6,   2.3
12-Sep-2022 02:00, 1.114,  17.3,  19.4, 1009.5, 0.176, 0.141,  319,   4.5,   2.8
12-Sep-2022 03:00, 1.123,  17.3,  19.2, 1009.0, 0.173, 0.135,  297,   4.3,   1.8
12-Sep-2022 04:00, 1.136,  17.3,  19.3, 1008.2, 0.194, 0.151,  302,   4.0,   1.8
12-Sep-2022 05:00, 1.092,  17.4,  19.1, 1007.7, 0.187, 0.136,  313,   5.6,   2.6
12-Sep-2022 06:00, 1.046,  17.6,  19.0, 1007.2, 0.203, 0.147,  306,   7.0,   3.8
12-Sep-2022 07:00, 0.978,  17.7,  18.8, 1006.6, 0.188, 0.128,  320,   6.7,   2.3
12-Sep-2022 08:00, 0.973,  17.7,  18.9, 1006.2, 0.208, 0.141,  345,   5.2,   3.4
12-Sep-2022 09:00, 0.986,  17.7,  18.6, 1006.2, 0.227, 0.157,  343,   7.0,   4.3
12-Sep-2022 10:00, 1.029,  17.7,  18.2, 1006.2, 0.249, 0.179,  340,   7.7,   4.0
12-Sep-2022 11:00, 1.054,  17.7,  17.6, 1006.2, 0.238, 0.168,    4,   6.7,   4.2
12-Sep-2022 12:00, 1.121,  17.7,  17.8, 1005.6, 0.270, 0.199,   10,   6.6,   3.2
12-Sep-2022 13:00, 1.205,  17.6,  17.8, 1004.7, 0.311, 0.234,   19,   6.5,   3.4
12-Sep-2022 14:00, 1.220,  17.6,  18.0, 1004.6, 0.292, 0.207,    4,   9.5,   5.8
12-Sep-2022 15:00, 1.324,  17.7,  17.5, 1004.5, 0.376, 0.290,    0,  13.3,   6.0
12-Sep-2022 16:00, 1.330,  17.8,  16.7, 1004.0, 0.382, 0.295,  352,  11.6,   4.4
12-Sep-2022 17:00, 1.283,  17.7,  16.9, 1003.8, 0.369, 0.277,  310,  12.7,   4.6
12-Sep-2022 18:00, 1.228,  17.7,  17.6, 1003.3, 0.378, 0.283,  317,   9.8,   5.1
12-Sep-2022 19:00, 1.216,  17.6,  18.1, 1003.1, 0.432, 0.334,  308,  11.5,   6.2
12-Sep-2022 20:00, 1.137,  17.5,  18.0, 1002.2, 0.389, 0.286,  318,  10.4,   5.5
12-Sep-2022 21:00, 1.170,  17.5,  15.9, 1002.5, 0.433, 0.324,  298,  17.6,   7.8
12-Sep-2022 22:00, 1.207,  17.4,  17.6, 1002.4, 0.458, 0.351,  310,  15.8,   6.3
12-Sep-2022 23:00, 1.208,  17.3,  15.7, 1003.0, 0.433, 0.326,  293,  19.4,   7.8
13-Sep-2022 00:00, 1.301,  17.3,  17.6, 1003.3, 0.505, 0.404,  304,  13.9,   8.0
13-Sep-2022 01:00, 1.300,  17.3,  17.8, 1003.8, 0.479, 0.381,  302,  14.6,   6.9
13-Sep-2022 02:00, 1.299,  17.3,  16.8, 1003.7, 0.459, 0.365,  303,  17.1,   6.0
13-Sep-2022 03:00, 1.351,  17.3,  17.8, 1003.7, 0.504, 0.409,  307,  13.5,   7.5
13-Sep-2022 04:00, 1.346,  17.4,  14.9, 1004.0, 0.492, 0.398,  280,  16.7,  10.1
13-Sep-2022 05:00, 1.286,  17.4,  16.0, 1004.2, 0.442, 0.350,  256,  18.1,   7.7
13-Sep-2022 06:00, 1.210,  17.4,  16.6, 1005.8, 0.397, 0.308,  233,  15.0,   7.8
13-Sep-2022 07:00, 1.155,  17.4,  17.0, 1007.6, 0.380, 0.307,  226,  14.6,  10.3
13-Sep-2022 08:00, 1.053,  17.4,  16.6, 1009.3, 0.293, 0.239,  231,  13.8,   8.8
13-Sep-2022 09:00, 1.074,  17.4,  16.9, 1010.8, 0.302, 0.264,  221,  13.4,   8.1
13-Sep-2022 10:00, 1.065,  17.4,  16.7, 1012.4, 0.258, 0.235,  222,  15.0,   9.1
13-Sep-2022 11:00, 1.080,  17.4,  16.3, 1013.9, 0.221, 0.214,  220,  14.8,   8.8
13-Sep-2022 12:00, 1.139,  17.3,  16.0, 1015.2, 0.236, 0.244,  224,  13.7,   8.6
13-Sep-2022 13:00, 1.152,  17.3,  16.0, 1016.3, 0.205, 0.226,  226,  15.1,   8.6
13-Sep-2022 14:00, 1.174,  17.3,  15.8, 1017.1, 0.190, 0.221,  224,  11.9,   8.9
13-Sep-2022 15:00, 1.174,  17.2,  15.9, 1017.6, 0.177, 0.216,  225,  12.3,   7.5
13-Sep-2022 16:00, 1.160,  17.2,  15.7, 1017.6, 0.160, 0.203,  212,  12.4,   5.7
13-Sep-2022 17:00, 1.137,  17.1,  15.6, 1018.1, 0.161, 0.205,  226,  11.7,   7.2
13-Sep-2022 18:00, 1.045,  17.1,  15.2, 1018.4, 0.125, 0.174,  237,  12.1,   8.6
13-Sep-2022 19:00, 0.992,  17.1,  15.9, 1018.3, 0.143, 0.194,  229,  11.2,   6.1
13-Sep-2022 20:00, 0.903,  17.1,  15.7, 1018.8, 0.115, 0.166,  242,  12.6,   9.3
13-Sep-2022 21:00, 0.864,  17.0,  15.5, 1018.9, 0.109, 0.164,  231,  12.3,   6.3
13-Sep-2022 22:00, 0.875,  17.0,  14.9, 1019.6, 0.130, 0.187,  240,  11.1,   6.6
13-Sep-2022 23:00, 0.837,  16.9,  15.8, 1020.0, 0.082, 0.145,  235,  10.3,   7.2
14-Sep-2022 00:00, 0.880,  16.9,  15.3, 1021.2, 0.122, 0.190,  226,  11.8,   6.5
14-Sep-2022 01:00, 0.854,  16.9,  15.7, 1021.9, 0.093, 0.173,  236,  12.3,   7.8
14-Sep-2022 02:00, 0.867,  16.9,  16.4, 1022.0, 0.097, 0.183,  240,  11.6,   7.5
14-Sep-2022 03:00, 0.860,  17.0,  16.5, 1022.3, 0.095, 0.183,  226,  11.9,   7.1
14-Sep-2022 04:00, 0.813,  17.0,  16.5, 1022.1, 0.049, 0.139,  223,  12.0,   4.7
14-Sep-2022 05:00, 0.843,  17.1,  16.4, 1021.9, 0.076, 0.164,  224,  11.5,   5.6
14-Sep-2022 06:00, 0.813,  17.1,  15.4, 1021.5, 0.057, 0.142,  249,  13.7,   5.9
14-Sep-2022 07:00, 0.791,  17.1,  16.8, 1021.4, 0.049, 0.130,  230,  11.0,   6.9
14-Sep-2022 08:00, 0.783,  17.1,  16.5, 1021.7, 0.047, 0.128,  229,  10.4,   6.2
14-Sep-2022 09:00, 0.782,  17.2,  16.7, 1022.1, 0.028, 0.113,  220,  10.9,   7.1
14-Sep-2022 10:00, 0.816,  17.1,  16.5, 1022.4, 0.018, 0.106,  222,  10.3,   6.1
14-Sep-2022 11:00, 0.896,  17.1,  16.4, 1023.0, 0.027, 0.118,  229,  10.7,   6.5
14-Sep-2022 12:00, 0.950,  17.1,  16.5, 1023.7, 0.021, 0.118,  225,   9.5,   7.0
14-Sep-2022 13:00, 0.986,  17.1,  15.7, 1023.9, 0.010, 0.114,  221,  10.8,   5.9
14-Sep-2022 14:00, 1.032,  17.1,  16.2, 1023.6, 0.009, 0.115,  223,  11.3,   7.2
14-Sep-2022 15:00, 1.069,  17.1,  15.7, 1023.5, 0.028, 0.130,  208,  10.3,   4.6
14-Sep-2022 16:00, 1.024,  17.0,  14.6, 1023.4,-0.014, 0.088,  192,   8.7,   2.8
14-Sep-2022 17:00, 1.042,  17.1,  14.8, 1023.2, 0.018, 0.118,  203,   9.1,   4.7
14-Sep-2022 18:00, 0.956,  17.1,  14.5, 1022.7,-0.024, 0.074,  199,   8.1,   3.0
14-Sep-2022 19:00, 0.921,  17.1,  15.3, 1022.5, 0.007, 0.100,  198,   8.7,   2.3
14-Sep-2022 20:00, 0.859,  17.1,  15.9, 1022.4, 0.012, 0.103,  214,  10.7,   5.3
14-Sep-2022 21:00, 0.797,  17.0,  15.3, 1022.7, 0.004, 0.095,  207,   9.8,   2.7
14-Sep-2022 22:00, 0.791,  17.0,  15.6, 1023.2, 0.030, 0.124,  200,   9.1,   5.0
14-Sep-2022 23:00, 0.743,  16.9,  15.6, 1023.6,-0.013, 0.086,  207,   8.3,   3.5
15-Sep-2022 00:00, 0.757,  17.0,  16.1, 1024.3, 0.003, 0.106,  210,   8.0,   4.0
15-Sep-2022 01:00, 0.741,  16.9,  15.9, 1025.1, 0.006, 0.117,  224,   9.4,   3.9
15-Sep-2022 02:00, 0.721,  16.9,  16.7, 1025.1,-0.008, 0.110,  221,   9.1,   5.9
15-Sep-2022 03:00, 0.721,  16.9,  17.2, 1025.0, 0.003, 0.120,  226,   9.1,   5.3
15-Sep-2022 04:00, 0.671,  17.0,  16.6, 1024.5,-0.027, 0.090,  216,   8.8,   4.6
15-Sep-2022 05:00, 0.683,  17.0,  16.9, 1023.5,-0.015, 0.096,  217,   8.3,   5.2
15-Sep-2022 06:00, 0.680,  17.1,  16.6, 1023.4,-0.019, 0.083,  233,   8.7,   5.1
15-Sep-2022 07:00, 0.658,  17.0,  17.3, 1022.8,-0.038, 0.062,  212,   9.3,   4.1
15-Sep-2022 08:00, 0.674,  17.0,  16.6, 1022.8,-0.030, 0.066,  204,   8.5,   5.0
15-Sep-2022 09:00, 0.687,  17.1,  16.7, 1022.2,-0.040, 0.054,  208,   7.7,   4.0
15-Sep-2022 10:00, 0.742,  17.1,  16.3, 1022.3,-0.028, 0.061,  212,   6.9,   3.8
15-Sep-2022 11:00, 0.805,  17.0,  14.7, 1022.7,-0.038, 0.052,  237,   9.4,   6.2
15-Sep-2022 12:00, 0.905,  17.0,  14.1, 1022.9,-0.022, 0.073,  210,   7.7,   4.0
15-Sep-2022 13:00, 0.980,  17.0,  15.0, 1022.8,-0.002, 0.094,  247,   6.7,   4.1
15-Sep-2022 14:00, 1.004,  17.0,  14.9, 1022.7,-0.027, 0.068,  180,   9.2,   1.9
15-Sep-2022 15:00, 1.056,  17.0,  15.2, 1022.5,-0.011, 0.083,  176,   5.3,   2.1
15-Sep-2022 16:00, 1.025,  17.0,  13.9, 1022.3,-0.039, 0.053,  154,   4.5,   2.5
15-Sep-2022 17:00, 1.014,  17.0,  13.5, 1021.9,-0.036, 0.053,   71,   3.1,   0.5
15-Sep-2022 18:00, 0.992,  17.0,  13.8, 1021.8,-0.032, 0.054,  138,   3.2,   0.5
15-Sep-2022 19:00, 0.929,  17.0,  13.4, 1021.2,-0.039, 0.045,   59,   2.5,   0.1
15-Sep-2022 20:00, 0.875,  17.0,  13.3, 1021.2,-0.031, 0.048,   89,   1.1,   0.5
15-Sep-2022 21:00, 0.823,  17.0,  13.2, 1021.5,-0.024, 0.055,   72,   1.4,   0.5
15-Sep-2022 22:00, 0.784,  17.0,  13.1, 1021.9,-0.013, 0.069,   68,   2.9,   0.9
15-Sep-2022 23:00, 0.750,  17.0,  13.1, 1022.3,-0.020, 0.066,  167,   1.6,   0.7
16-Sep-2022 00:00, 0.756,  17.0,  14.2, 1023.0,-0.009, 0.081,   91,   2.2,   0.5
16-Sep-2022 01:00, 0.698,  17.1,  14.8, 1023.3,-0.041, 0.056,  153,   3.1,   1.3
16-Sep-2022 02:00, 0.689,  17.1,  15.8, 1023.2,-0.022, 0.078,  190,   3.0,   1.3
16-Sep-2022 03:00, 0.683,  17.1,  16.4, 1023.0,-0.015, 0.084,  224,   3.6,   2.0
16-Sep-2022 04:00, 0.627,  17.1,  16.3, 1022.5,-0.043, 0.054,  224,   4.6,   2.9
16-Sep-2022 05:00, 0.625,  17.2,  16.9, 1021.8,-0.024, 0.067,  218,   5.6,   3.5
16-Sep-2022 06:00, 0.639,  17.3,  17.1, 1021.6,-0.015, 0.070,  204,   6.0,   2.4
16-Sep-2022 07:00, 0.604,  17.3,  17.0, 1021.4,-0.052, 0.030,  216,   5.5,   3.3
16-Sep-2022 08:00, 0.626,  17.3,  17.0, 1021.4,-0.044, 0.037,  202,   5.5,   2.5
16-Sep-2022 09:00, 0.671,  17.4,  16.8, 1021.3,-0.029, 0.052,  185,   6.2,   1.4
16-Sep-2022 10:00, 0.699,  17.3,  16.2, 1021.5,-0.043, 0.037,  198,   3.7,   1.5
16-Sep-2022 11:00, 0.773,  17.4,  16.1, 1021.9,-0.030, 0.052,  204,   3.4,   1.9
16-Sep-2022 12:00, 0.865,  17.4,  16.0, 1022.0,-0.027, 0.059,  199,   3.8,   2.0
16-Sep-2022 13:00, 0.928,  17.4,  15.8, 1021.9,-0.038, 0.048,  180,   3.8,   0.7
16-Sep-2022 14:00, 0.983,  17.4,  15.0, 1022.1,-0.029, 0.058,   76,   2.0,   0.7
16-Sep-2022 15:00, 1.028,  17.4,  14.2, 1021.8,-0.031, 0.057,  110,   1.1,   0.1
16-Sep-2022 16:00, 1.020,  17.4,  13.6, 1021.5,-0.054, 0.031,   70,   1.6,   1.3
16-Sep-2022 17:00, 1.033,  17.4,  13.6, 1020.9,-0.026, 0.056,   78,   1.5,   1.1
16-Sep-2022 18:00, 1.001,  17.4,  12.3, 1020.0,-0.042, 0.033,   73,   3.1,   2.0
16-Sep-2022 19:00, 0.976,  17.3,  11.6, 1019.4,-0.030, 0.036,   65,   4.1,   2.2
16-Sep-2022 20:00, 0.935,  17.3,  11.5, 1019.4,-0.017, 0.044,   59,   3.5,   1.6
16-Sep-2022 21:00, 0.860,  17.3,  12.1, 1020.0,-0.040, 0.021,   54,   2.6,   1.2
16-Sep-2022 22:00, 0.811,  17.3,  12.1, 1020.4,-0.037, 0.031,   56,   3.0,   1.7
16-Sep-2022 23:00, 0.789,  17.4,  12.6, 1020.5,-0.013, 0.057,   52,   3.2,   1.5
17-Sep-2022 00:00, 0.756,  17.3,  13.8, 1021.4,-0.024, 0.048,   29,   3.2,   0.7
17-Sep-2022 01:00, 0.706,  17.3,  14.9, 1021.6,-0.055, 0.026,   12,   3.1,   1.7
17-Sep-2022 02:00, 0.709,  17.4,  17.7, 1021.4,-0.008, 0.075,  349,   3.2,   0.3
17-Sep-2022 03:00, 0.665,  17.4,  17.4, 1020.9,-0.024, 0.057,  307,   2.7,   1.4
17-Sep-2022 04:00, 0.626,  17.4,  17.1, 1020.4,-0.039, 0.037,  287,   2.8,   1.8
17-Sep-2022 05:00, 0.604,  17.5,  15.4, 1019.9,-0.027, 0.044,  226,   6.2,   4.4
17-Sep-2022 06:00, 0.599,  17.5,  17.1, 1018.8,-0.023, 0.041,  288,   4.8,   2.2
17-Sep-2022 07:00, 0.597,  17.5,  17.5, 1018.6,-0.034, 0.020,  290,   4.1,   1.7
17-Sep-2022 08:00, 0.628,  17.6,  16.2, 1018.6,-0.017, 0.036,  253,   4.8,   2.8
17-Sep-2022 09:00, 0.656,  17.6,  15.5, 1018.8,-0.021, 0.033,  205,   7.1,   4.1
17-Sep-2022 10:00, 0.696,  17.6,  16.4, 1019.1,-0.025, 0.030,  203,   5.9,   2.3
17-Sep-2022 11:00, 0.750,  17.6,  16.4, 1019.1,-0.023, 0.036,  205,   2.9,   1.6
17-Sep-2022 12:00, 0.849,  17.6,  16.6, 1019.2, 0.004, 0.062,  178,   3.8,   1.4
17-Sep-2022 13:00, 0.932,  17.7,  16.2, 1019.4, 0.003, 0.062,  176,   3.0,   1.2
17-Sep-2022 14:00, 0.964,  17.7,  16.2, 1019.0,-0.017, 0.044,  170,   3.2,   1.6
17-Sep-2022 15:00, 1.006,  17.6,  15.2, 1018.6,-0.015, 0.042,  110,   3.1,   0.4
17-Sep-2022 16:00, 1.032,  17.6,  14.9, 1018.2,-0.024, 0.029,  142,   2.0,   0.7
17-Sep-2022 17:00, 1.046,  17.6,  14.4, 1017.9,-0.008, 0.041,   72,   2.1,   0.4
17-Sep-2022 18:00, 1.025,  17.6,  14.4, 1017.1,-0.017, 0.029,   77,   1.8,   0.8
17-Sep-2022 19:00, 1.016,  17.6,  14.2, 1016.5,-0.010, 0.027,   99,   2.4,   0.7
17-Sep-2022 20:00, 0.998,  17.6,  13.9, 1016.5, 0.009, 0.042,   72,   1.9,   1.1
17-Sep-2022 21:00, 0.928,  17.6,  14.0, 1016.6,-0.019, 0.014,   60,   1.6,   1.1
17-Sep-2022 22:00, 0.901,  17.6,  13.8, 1016.5,-0.002, 0.031,   72,   2.6,   1.7
17-Sep-2022 23:00, 0.877,  17.6,  13.8, 1016.5, 0.024, 0.056,   67,   3.6,   2.1
18-Sep-2022 00:00, 0.819,  17.6,  14.9, 1016.5, 0.008, 0.040,   61,   4.3,   1.9
18-Sep-2022 01:00, 0.789,  17.6,  16.7, 1016.7, 0.004, 0.037,   38,   3.7,   1.6
18-Sep-2022 02:00, 0.749,  17.7,  17.7, 1016.0, 0.006, 0.040,  312,   3.9,   1.0
18-Sep-2022 03:00, 0.722,  17.7,  17.8, 1015.5, 0.028, 0.055,  327,   3.9,   2.1
18-Sep-2022 04:00, 0.668,  17.8,  17.8, 1014.7, 0.004, 0.025,  329,   3.8,   2.5
18-Sep-2022 05:00, 0.659,  17.9,  18.0, 1014.3, 0.026, 0.041,  300,   4.2,   2.3
18-Sep-2022 06:00, 0.630,  17.9,  17.8, 1013.4, 0.021, 0.031,  291,   4.7,   2.8
18-Sep-2022 07:00, 0.640,  18.0,  17.9, 1012.9, 0.026, 0.027,  311,   5.1,   2.7
18-Sep-2022 08:00, 0.673,  18.1,  18.2, 1012.6, 0.043, 0.039,  287,   5.5,   3.2
18-Sep-2022 09:00, 0.705,  18.2,  17.9, 1012.5, 0.046, 0.039,  277,   6.6,   3.9
18-Sep-2022 10:00, 0.779,  18.2,  17.4, 1012.4, 0.073, 0.065,  295,   5.8,   2.2
18-Sep-2022 11:00, 0.818,  18.2,  14.7, 1012.4, 0.062, 0.055,  278,   9.1,   2.4
18-Sep-2022 12:00, 0.895,  18.2,  16.1, 1012.4, 0.085, 0.076,  225,  11.6,   4.5
18-Sep-2022 13:00, 0.993,  18.1,  16.0, 1012.5, 0.112, 0.104,  269,  10.0,   5.5
18-Sep-2022 14:00, 1.043,  18.1,  16.9, 1011.9, 0.101, 0.093,  276,  10.5,   5.4
18-Sep-2022 15:00, 1.125,  18.1,  16.9, 1011.3, 0.150, 0.136,  282,  10.6,   5.8
18-Sep-2022 16:00, 1.168,  18.1,  16.3, 1010.5, 0.159, 0.139,  279,  12.2,   6.1
18-Sep-2022 17:00, 1.191,  18.1,  16.0, 1009.6, 0.164, 0.135,  293,  11.6,   4.8
18-Sep-2022 18:00, 1.213,  18.0,  16.0, 1008.5, 0.188, 0.151,  299,  10.7,   4.1
18-Sep-2022 19:00, 1.234,  17.9,  16.1, 1007.5, 0.210, 0.161,  289,  10.9,   5.8
18-Sep-2022 20:00, 1.261,  17.8,  13.6, 1007.6, 0.250, 0.193,  277,  14.4,   7.9
18-Sep-2022 21:00, 1.160,  17.6,  14.2, 1007.6, 0.176, 0.120,  266,  13.3,   7.2
18-Sep-2022 22:00, 1.166,  17.6,  13.4, 1007.5, 0.214, 0.157,  274,  11.3,   6.9
18-Sep-2022 23:00, 1.168,  17.7,  13.1, 1008.2, 0.257, 0.201,  267,  13.8,   5.7
19-Sep-2022 00:00, 1.002,  17.6,  14.2, 1007.9, 0.141, 0.090,  285,  10.8,   2.8
19-Sep-2022 01:00, 1.075,  17.6,  13.7, 1008.1, 0.257, 0.204,  323,   6.5,   2.9
19-Sep-2022 02:00, 0.910,  17.7,  14.0, 1009.0, 0.134, 0.084,  198,  10.9,   2.5
19-Sep-2022 03:00, 0.854,  17.8,  15.0, 1010.1, 0.137, 0.096,  210,   7.5,   4.4
19-Sep-2022 04:00, 0.835,  17.8,  15.6, 1010.7, 0.165, 0.135,  201,   9.8,   5.0
19-Sep-2022 05:00, 0.753,  17.8,  16.0, 1011.2, 0.116, 0.091,  206,  11.9,   6.4
19-Sep-2022 06:00, 0.704,  17.8,  15.1, 1011.8, 0.095, 0.075,  203,  12.4,   6.0
19-Sep-2022 07:00, 0.663,  17.8,  15.1, 1012.7, 0.059, 0.046,  205,  13.3,   7.0
19-Sep-2022 08:00, 0.677,  17.9,  16.2, 1013.5, 0.055, 0.050,  205,  13.4,   7.7
19-Sep-2022 09:00, 0.676,  17.9,  15.8, 1014.7, 0.027, 0.031,  202,  12.6,   6.8
19-Sep-2022 10:00, 0.659,  17.8,  15.7, 1015.7,-0.034,-0.018,  202,  12.1,   6.0
19-Sep-2022 11:00, 0.746,  17.8,  15.5, 1016.6, 0.003, 0.028,  198,  10.1,   4.2
19-Sep-2022 12:00, 0.770,  17.7,  15.6, 1017.6,-0.021, 0.013,  199,   9.7,   4.5
19-Sep-2022 13:00, 0.849,  17.7,  15.6, 1018.4, 0.006, 0.051,  195,   9.4,   3.9
19-Sep-2022 14:00, 0.869,  17.7,  15.7, 1018.6,-0.028, 0.024,  203,   8.9,   5.0
19-Sep-2022 15:00, 0.916,  17.7,  15.3, 1018.8,-0.015, 0.039,  201,   8.1,   3.1
19-Sep-2022 16:00, 0.948,  17.7,  13.9, 1018.8,-0.007, 0.048,  116,   5.4,   0.7
19-Sep-2022 17:00, 0.954,  17.6,  13.6, 1019.0,-0.026, 0.029,   67,   2.1,   1.1
19-Sep-2022 18:00, 1.001,  17.7,  13.3, 1019.0, 0.007, 0.064,   72,   1.9,   1.2
19-Sep-2022 19:00, 0.968,  17.7,  13.9, 1018.8,-0.036, 0.021,  276,   8.6,   2.7
19-Sep-2022 20:00, 0.989,  17.6,  14.5, 1018.7,-0.025, 0.030,  230,   7.7,   3.5
19-Sep-2022 21:00, 1.022,  17.6,  15.4, 1018.8, 0.013, 0.067,  210,   6.7,   1.8
19-Sep-2022 22:00, 0.976,  17.6,  14.2, 1019.3,-0.017, 0.038,  133,   4.8,   0.4
19-Sep-2022 23:00, 0.969,  17.6,  13.6, 1019.8, 0.002, 0.062,   75,   2.9,   1.0
20-Sep-2022 00:00, 0.924,  17.6,  14.7, 1020.5, 0.001, 0.067,  255,   9.1,   4.3
20-Sep-2022 01:00, 0.850,  17.6,  15.5, 1021.0,-0.020, 0.053,  274,   7.4,   3.5
20-Sep-2022 02:00, 0.803,  17.6,  16.7, 1020.8,-0.013, 0.064,  300,   9.0,   1.9
20-Sep-2022 03:00, 0.753,  17.6,  17.2, 1020.7, 0.000, 0.075,  286,   7.3,   3.3
20-Sep-2022 04:00, 0.677,  17.6,  17.6, 1020.6,-0.012, 0.062,  272,   7.6,   4.5
20-Sep-2022 05:00, 0.607,  17.7,  17.7, 1020.0,-0.038, 0.035,  291,   8.0,   3.6
20-Sep-2022 06:00, 0.583,  17.7,  17.4, 1019.8,-0.030, 0.037,  291,   8.5,   5.2
20-Sep-2022 07:00, 0.541,  17.7,  17.8, 1019.3,-0.060, 0.004,  291,   7.7,   3.8
20-Sep-2022 08:00, 0.563,  17.7,  17.7, 1019.2,-0.053, 0.007,  281,   7.8,   3.7
20-Sep-2022 09:00, 0.583,  17.7,  17.7, 1019.4,-0.061,-0.001,  282,   7.3,   3.5
20-Sep-2022 10:00, 0.628,  17.7,  17.5, 1019.7,-0.056, 0.005,  291,   6.6,   3.7
20-Sep-2022 11:00, 0.680,  17.8,  17.3, 1020.0,-0.055, 0.010,  304,   6.5,   2.4
20-Sep-2022 12:00, 0.748,  17.7,  17.4, 1020.2,-0.032, 0.035,  292,   6.3,   2.8
20-Sep-2022 13:00, 0.787,  17.7,  17.3, 1020.1,-0.034, 0.035,  309,   5.7,   3.2
20-Sep-2022 14:00, 0.828,  17.7,  17.2, 1019.9,-0.030, 0.038,  311,   5.7,   3.0
20-Sep-2022 15:00, 0.879,  17.7,  17.1, 1019.3,-0.008, 0.058,  313,   5.9,   3.2
20-Sep-2022 16:00, 0.880,  17.7,  17.0, 1018.9,-0.024, 0.036,  318,   6.4,   3.0
20-Sep-2022 17:00, 0.924,  17.7,  14.8, 1018.4,-0.001, 0.054,   25,   6.9,   1.6
20-Sep-2022 18:00, 0.966,  17.7,  13.5, 1017.8, 0.019, 0.070,   43,   3.4,   2.0
20-Sep-2022 19:00, 0.952,  17.6,  13.3, 1017.3,-0.017, 0.028,   33,   3.9,   2.3
20-Sep-2022 20:00, 1.005,  17.6,  12.8, 1017.1, 0.009, 0.049,   29,   3.5,   1.5
20-Sep-2022 21:00, 1.043,  17.6,  12.5, 1016.9, 0.026, 0.064,   31,   3.5,   1.7
20-Sep-2022 22:00, 1.043,  17.6,  12.4, 1017.5, 0.021, 0.057,   22,   2.7,   1.7
20-Sep-2022 23:00, 1.038,  17.5,  13.1, 1018.3, 0.025, 0.068,   23,   3.7,   1.2
21-Sep-2022 00:00, 0.997,  17.5,  15.2, 1018.6, 0.015, 0.066,    1,   5.8,   3.5
21-Sep-2022 01:00, 0.948,  17.5,  16.4, 1019.1, 0.016, 0.070,  339,   6.0,   3.9
21-Sep-2022 02:00, 0.891,  17.5,  18.1, 1019.2, 0.023, 0.081,  311,   6.9,   4.0
21-Sep-2022 03:00, 0.810,  17.6,  18.4, 1018.9, 0.013, 0.072,  308,   7.3,   3.9
21-Sep-2022 04:00, 0.747,  17.6,  18.3, 1018.3, 0.025, 0.081,  294,   7.2,   3.8
21-Sep-2022 05:00, 0.664,  17.8,  18.3, 1017.7, 0.002, 0.051,  295,   7.3,   3.7
21-Sep-2022 06:00, 0.642,  17.8,  18.3, 1017.4, 0.019, 0.063,  289,   7.4,   4.1
21-Sep-2022 07:00, 0.610,  17.9,  18.2, 1017.2, 0.006, 0.047,  289,   7.5,   3.9
21-Sep-2022 08:00, 0.605,  18.0,  17.9, 1017.1,-0.007, 0.032,  288,   8.7,   3.5
21-Sep-2022 09:00, 0.650,  18.0,  17.8, 1017.5, 0.009, 0.048,  284,   6.5,   3.5
21-Sep-2022 10:00, 0.670,  18.0,  17.4, 1017.6,-0.011, 0.032,  283,   9.4,   3.4
21-Sep-2022 11:00, 0.736,  18.0,  16.4, 1018.2, 0.007, 0.051,  270,   9.4,   6.2
21-Sep-2022 12:00, 0.793,  18.0,  16.3, 1018.5, 0.018, 0.067,  306,   7.3,   1.8
21-Sep-2022 13:00, 0.826,  17.9,  17.8, 1018.7, 0.016, 0.068,  263,   7.2,   3.8
21-Sep-2022 14:00, 0.871,  17.9,  15.9, 1019.2, 0.035, 0.089,  203,   7.9,   4.2
21-Sep-2022 15:00, 0.834,  17.9,  14.0, 1020.0,-0.017, 0.043,  191,  10.1,   4.0
21-Sep-2022 16:00, 0.818,  17.8,  14.0, 1019.6,-0.040, 0.026,  168,   9.4,   3.0
21-Sep-2022 17:00, 0.852,  17.8,  13.3, 1019.6,-0.018, 0.045,  155,   7.4,   3.3
21-Sep-2022 18:00, 0.833,  17.8,  13.4, 1019.5,-0.059, 0.004,  156,   6.9,   1.5
21-Sep-2022 19:00, 0.903,  17.8,  13.4, 1019.4,-0.017, 0.045,  136,   4.8,   1.3
21-Sep-2022 20:00, 0.907,  17.8,  13.0, 1019.8,-0.053, 0.009,  162,   4.9,   2.6
21-Sep-2022 21:00, 0.967,  17.7,  12.5, 1020.2,-0.032, 0.033,  153,   5.0,   2.2
21-Sep-2022 22:00, 0.984,  17.7,  12.0, 1020.8,-0.046, 0.024,  150,   4.0,   2.0
21-Sep-2022 23:00, 1.005,  17.7,  12.1, 1021.8,-0.036, 0.040,  101,   2.9,   1.3
22-Sep-2022 00:00, 0.983,  17.6,  13.0, 1022.7,-0.047, 0.039,   94,   4.3,   1.8
22-Sep-2022 01:00, 0.932,  17.6,  14.3, 1023.0,-0.058, 0.037,  143,   4.3,   1.6
22-Sep-2022 02:00, 0.875,  17.7,  14.9, 1022.7,-0.053, 0.044,  171,   6.1,   1.9
22-Sep-2022 03:00, 0.788,  17.7,  15.6, 1022.3,-0.062, 0.031,  196,   4.7,   2.3
22-Sep-2022 04:00, 0.718,  17.8,  15.5, 1022.0,-0.047, 0.043,  223,   3.8,   1.7
22-Sep-2022 05:00, 0.630,  17.9,  15.4, 1021.4,-0.061, 0.026,  235,   4.2,   3.2
22-Sep-2022 06:00, 0.588,  17.9,  15.3, 1020.7,-0.053, 0.027,  242,   4.9,   2.9
22-Sep-2022 07:00, 0.565,  18.0,  15.8, 1020.6,-0.050, 0.023,  231,   4.4,   2.9
22-Sep-2022 08:00, 0.557,  18.1,  15.6, 1020.5,-0.061, 0.012,  239,   5.3,   3.6
22-Sep-2022 09:00, 0.604,  18.1,  15.9, 1020.3,-0.039, 0.033,  217,   4.3,   2.3
22-Sep-2022 10:00, 0.657,  18.0,  15.6, 1020.3,-0.026, 0.044,  205,   3.9,   2.0
22-Sep-2022 11:00, 0.682,  18.0,  15.7, 1020.3,-0.049, 0.021,  201,   4.0,   1.9
22-Sep-2022 12:00, 0.743,  17.9,  15.5, 1020.7,-0.035, 0.036,  178,   4.3,   2.0
22-Sep-2022 13:00, 0.784,  17.9,  14.3, 1020.9,-0.027, 0.047,   72,   3.7,   1.0
22-Sep-2022 14:00, 0.786,  17.9,  13.1, 1020.8,-0.043, 0.033,   53,   1.9,   1.3
22-Sep-2022 15:00, 0.798,  17.8,  12.3, 1020.3,-0.035, 0.040,   73,   2.5,   1.7
22-Sep-2022 16:00, 0.782,  17.8,  11.8, 1019.9,-0.043, 0.027,   66,   3.2,   2.1
22-Sep-2022 17:00, 0.789,  17.8,  11.6, 1019.4,-0.033, 0.033,   68,   3.6,   2.1
22-Sep-2022 18:00, 0.795,  17.7,  11.4, 1019.2,-0.041, 0.021,   64,   2.8,   1.0
22-Sep-2022 19:00, 0.854,  17.7,  10.8, 1018.7,-0.008, 0.050,  293,   1.9,   0.2
22-Sep-2022 20:00, 0.862,  17.6,  10.8, 1018.6,-0.045, 0.009,    7,   3.7,   1.2
22-Sep-2022 21:00, 0.939,  17.6,  10.0, 1018.4,-0.020, 0.032,   38,   3.0,   1.7
22-Sep-2022 22:00, 1.008,  17.6,   9.7, 1018.6,-0.001, 0.050,   63,   3.9,   2.0
22-Sep-2022 23:00, 1.026,  17.5,  10.7, 1018.9,-0.018, 0.035,   61,   5.2,   2.7
23-Sep-2022 00:00, 1.021,  17.5,  12.7, 1019.1,-0.033, 0.024,   48,   5.7,   2.9
23-Sep-2022 01:00, 1.028,  17.6,  14.7, 1019.3,-0.004, 0.054,   38,   5.1,   2.9
23-Sep-2022 02:00, 0.986,  17.6,  16.5, 1019.0, 0.005, 0.065,  331,   5.1,   2.2
23-Sep-2022 03:00, 0.870,  17.6,  16.9, 1018.4,-0.037, 0.020,  325,   4.3,   1.9
23-Sep-2022 04:00, 0.824,  17.6,  17.1, 1017.9, 0.009, 0.060,  316,   3.9,   1.8
23-Sep-2022 05:00, 0.723,  17.7,  17.1, 1017.0,-0.005, 0.040,  326,   3.9,   1.8
23-Sep-2022 06:00, 0.670,  17.9,  17.3, 1016.2, 0.002, 0.039,  303,   3.3,   1.8
23-Sep-2022 07:00, 0.659,  17.9,  17.3, 1015.6, 0.025, 0.054,  325,   3.1,   2.1
23-Sep-2022 08:00, 0.646,  18.0,  17.4, 1015.2, 0.013, 0.036,  337,   3.8,   2.1
23-Sep-2022 09:00, 0.690,  18.1,  17.1, 1015.1, 0.035, 0.055,  334,   4.3,   2.2
23-Sep-2022 10:00, 0.731,  18.1,  16.8, 1015.2, 0.038, 0.057,  327,   4.3,   2.6
23-Sep-2022 11:00, 0.788,  18.1,  17.1, 1015.4, 0.046, 0.066,  274,   6.3,   4.2
23-Sep-2022 12:00, 0.837,  18.1,  17.0, 1015.7, 0.047, 0.069,  277,   5.7,   2.4
23-Sep-2022 13:00, 0.900,  18.1,  17.1, 1015.7, 0.076, 0.100,  291,   4.7,   2.6
23-Sep-2022 14:00, 0.911,  18.1,  17.0, 1015.7, 0.072, 0.096,  270,   7.0,   4.5
23-Sep-2022 15:00, 0.902,  18.0,  17.0, 1015.1, 0.068, 0.092,  274,   7.1,   4.2
23-Sep-2022 16:00, 0.897,  18.0,  16.9, 1014.6, 0.086, 0.103,  255,   7.1,   4.6
23-Sep-2022 17:00, 0.864,  18.0,  16.8, 1014.0, 0.075, 0.088,  275,   5.4,   3.1
23-Sep-2022 18:00, 0.875,  17.9,  17.1, 1013.3, 0.090, 0.097,  278,   5.8,   3.2
23-Sep-2022 19:00, 0.917,  17.9,  15.2, 1012.8, 0.114, 0.114,  254,  11.3,   4.4
23-Sep-2022 20:00, 0.925,  17.9,  14.6, 1013.5, 0.082, 0.079,  201,  12.8,   7.3
23-Sep-2022 21:00, 0.934,  17.9,  14.2, 1013.9, 0.033, 0.036,  171,  11.4,   3.4
23-Sep-2022 22:00, 1.031,  17.9,  13.2, 1014.6, 0.072, 0.079,  152,   7.7,   3.0
23-Sep-2022 23:00, 1.039,  17.8,  13.0, 1015.8, 0.025, 0.039,  166,   7.8,   2.8
24-Sep-2022 00:00, 1.066,  17.8,  13.2, 1017.1, 0.019, 0.046,  171,   9.6,   4.5
24-Sep-2022 01:00, 1.076,  17.8,  15.0, 1017.3, 0.029, 0.067,  174,   8.3,   2.9
24-Sep-2022 02:00, 1.013,  17.8,  15.8, 1017.6,-0.001, 0.040,  178,   7.7,   2.8
24-Sep-2022 03:00, 0.980,  17.8,  16.2, 1017.5, 0.029, 0.072,  185,   7.3,   2.9
24-Sep-2022 04:00, 0.901,  17.8,  16.4, 1017.4, 0.036, 0.078,  190,   7.3,   3.6
24-Sep-2022 05:00, 0.769,  17.8,  15.9, 1017.3,-0.002, 0.039,  201,   8.3,   3.7
24-Sep-2022 06:00, 0.687,  17.9,  16.1, 1017.6,-0.014, 0.026,  200,   7.4,   4.2
24-Sep-2022 07:00, 0.662,  17.9,  15.7, 1017.8, 0.001, 0.044,  205,   8.2,   4.1
24-Sep-2022 08:00, 0.635,  17.9,  15.5, 1018.2,-0.019, 0.026,  201,   7.9,   4.0
24-Sep-2022 09:00, 0.667,  17.9,  15.6, 1018.7,-0.012, 0.038,  208,   7.6,   3.8
24-Sep-2022 10:00, 0.699,  17.9,  15.2, 1018.9,-0.015, 0.039,  204,   8.0,   3.8
24-Sep-2022 11:00, 0.753,  17.9,  15.2, 1019.4,-0.010, 0.047,  201,   7.4,   4.2
24-Sep-2022 12:00, 0.795,  17.9,  15.4, 1020.4,-0.019, 0.044,  197,   7.9,   3.2
24-Sep-2022 13:00, 0.808,  17.9,  15.3, 1020.8,-0.041, 0.031,  192,   7.2,   2.6
24-Sep-2022 14:00, 0.853,  17.9,  14.2, 1021.0,-0.011, 0.064,  153,   5.4,   2.1
24-Sep-2022 15:00, 0.826,  17.8,  13.5, 1020.8,-0.029, 0.048,  138,   3.4,   0.8
24-Sep-2022 16:00, 0.787,  17.9,  12.8, 1020.7,-0.035, 0.040,  116,   2.3,   0.6
24-Sep-2022 17:00, 0.742,  17.9,  12.3, 1020.6,-0.036, 0.038,  114,   2.9,   0.8
24-Sep-2022 18:00, 0.710,  17.9,  11.9, 1020.5,-0.040, 0.032,   77,   3.2,   0.9
24-Sep-2022 19:00, 0.687,  17.8,  11.3, 1020.5,-0.064, 0.008,   78,   2.2,   1.3
24-Sep-2022 20:00, 0.721,  17.8,  10.5, 1020.6,-0.054, 0.018,   74,   3.1,   1.7
24-Sep-2022 21:00, 0.781,  17.7,   9.9, 1021.0,-0.049, 0.024,   69,   3.9,   2.5
24-Sep-2022 22:00, 0.827,  17.6,   9.2, 1021.5,-0.063, 0.015,   67,   4.7,   3.1
24-Sep-2022 23:00, 0.908,  17.6,  10.0, 1022.2,-0.042, 0.041,   64,   4.4,   2.8
25-Sep-2022 00:00, 0.955,  17.6,  13.1, 1022.7,-0.048, 0.042,   66,   4.7,   2.2
25-Sep-2022 01:00, 0.974,  17.6,  15.5, 1022.8,-0.053, 0.041,   78,   4.3,   1.7
25-Sep-2022 02:00, 0.965,  17.6,  15.5, 1022.8,-0.052, 0.043,  247,   2.8,   1.7
25-Sep-2022 03:00, 0.925,  17.7,  16.1, 1022.6,-0.049, 0.046,  230,   3.6,   2.6
25-Sep-2022 04:00, 0.865,  17.8,  16.4, 1022.6,-0.037, 0.056,  235,   4.2,   2.8
25-Sep-2022 05:00, 0.735,  17.9,  15.9, 1022.4,-0.078, 0.015,  237,   4.5,   3.3
25-Sep-2022 06:00, 0.677,  18.0,  16.6, 1022.1,-0.060, 0.031,  232,   4.5,   2.8
25-Sep-2022 07:00, 0.631,  18.1,  17.0, 1021.9,-0.063, 0.025,  225,   4.5,   2.5
25-Sep-2022 08:00, 0.620,  18.1,  17.0, 1022.0,-0.062, 0.024,  207,   5.8,   2.8
25-Sep-2022 09:00, 0.643,  18.1,  16.6, 1022.5,-0.063, 0.024,  204,   5.1,   2.5
25-Sep-2022 10:00, 0.672,  18.1,  16.2, 1023.0,-0.075, 0.017,  203,   6.4,   3.0
25-Sep-2022 11:00, 0.714,  18.1,  16.0, 1023.5,-0.078, 0.019,  192,   6.0,   2.2
25-Sep-2022 12:00, 0.778,  18.0,  15.8, 1024.1,-0.068, 0.035,  163,   5.8,   1.7
25-Sep-2022 13:00, 0.815,  18.0,  15.4, 1024.5,-0.071, 0.037,  153,   4.0,   2.1
25-Sep-2022 14:00, 0.821,  18.0,  15.2, 1024.8,-0.082, 0.030,  158,   4.9,   3.1
25-Sep-2022 15:00, 0.806,  17.9,  14.6, 1024.8,-0.088, 0.027,  143,   5.0,   0.8
25-Sep-2022 16:00, 0.754,  17.9,  14.1, 1024.6,-0.102, 0.013,  159,   3.2,   1.1
25-Sep-2022 17:00, 0.729,  17.9,  13.7, 1024.3,-0.067, 0.045,  156,   3.4,   2.2
25-Sep-2022 18:00, 0.655,  17.8,  13.6, 1024.2,-0.085, 0.024,  158,   3.5,   2.3
25-Sep-2022 19:00, 0.592,  17.8,  12.2, 1024.3,-0.124,-0.015,  120,   3.1,   0.6
25-Sep-2022 20:00, 0.621,  17.8,  11.4, 1024.5,-0.099, 0.011,   81,   2.6,   0.4
25-Sep-2022 21:00, 0.657,  17.8,  10.9, 1025.0,-0.098, 0.014,   80,   1.5,   0.3
25-Sep-2022 22:00, 0.709,  17.7,  10.7, 1025.5,-0.102, 0.016,  115,   1.4,   0.2
25-Sep-2022 23:00, 0.779,  17.8,  11.7, 1026.0,-0.086, 0.036,  123,   2.1,   0.7
26-Sep-2022 00:00, 0.831,  17.7,  14.3, 1026.2,-0.096, 0.032,   85,   5.7,   2.6
26-Sep-2022 01:00, 0.877,  17.8,  16.3, 1026.0,-0.092, 0.037,   83,   6.3,   3.2
26-Sep-2022 02:00, 0.881,  17.8,  17.8, 1025.9,-0.099, 0.027,   65,   5.9,   2.5
26-Sep-2022 03:00, 0.888,  17.8,  19.0, 1025.7,-0.076, 0.049,  188,   4.2,   1.3
26-Sep-2022 04:00, 0.840,  17.9,  17.2, 1025.3,-0.074, 0.049,  223,   5.5,   3.6
26-Sep-2022 05:00, 0.750,  17.9,  17.7, 1024.4,-0.092, 0.027,  215,   5.7,   3.2
26-Sep-2022 06:00, 0.682,  18.0,  17.7, 1023.8,-0.086, 0.024,  207,   6.3,   3.4
26-Sep-2022 07:00, 0.634,  17.9,  17.5, 1023.2,-0.088, 0.016,  202,   7.0,   3.5
26-Sep-2022 08:00, 0.610,  18.1,  17.6, 1022.8,-0.102,-0.004,  194,   6.5,   2.9
26-Sep-2022 09:00, 0.641,  18.1,  17.4, 1023.0,-0.093, 0.002,  193,   7.5,   3.2
26-Sep-2022 10:00, 0.703,  18.1,  16.9, 1023.1,-0.080, 0.017,  189,   7.6,   2.5
26-Sep-2022 11:00, 0.709,  18.1,  16.7, 1023.5,-0.122,-0.024,  188,   6.0,   2.2
26-Sep-2022 12:00, 0.771,  18.1,  16.4, 1024.1,-0.112,-0.010,  170,   5.4,   2.4
26-Sep-2022 13:00, 0.822,  18.1,  16.1, 1024.2,-0.108, 0.000,  169,   5.0,   2.7
26-Sep-2022 14:00, 0.820,  18.1,  15.6, 1024.0,-0.130,-0.021,  160,   5.5,   3.0
26-Sep-2022 15:00, 0.837,  18.1,  15.4, 1023.8,-0.108,-0.001,  166,   5.1,   2.3
26-Sep-2022 16:00, 0.781,  18.0,  15.2, 1023.6,-0.128,-0.023,  169,   4.6,   2.3
26-Sep-2022 17:00, 0.729,  18.0,  14.4, 1023.0,-0.111,-0.009,  138,   5.4,   1.4
26-Sep-2022 18:00, 0.656,  18.0,  14.2, 1022.5,-0.108,-0.012,  163,   2.6,   1.2
26-Sep-2022 19:00, 0.573,  18.0,  13.7, 1022.1,-0.134,-0.043,  153,   3.3,   1.3
26-Sep-2022 20:00, 0.566,  18.0,  13.0, 1021.9,-0.120,-0.032,  144,   2.8,   1.0
26-Sep-2022 21:00, 0.583,  17.9,  12.0, 1022.1,-0.111,-0.025,   87,   1.6,   0.9
26-Sep-2022 22:00, 0.614,  17.9,  11.9, 1022.4,-0.119,-0.031,  140,   2.0,   0.5
26-Sep-2022 23:00, 0.667,  17.9,  12.8, 1022.7,-0.111,-0.019,  147,   1.7,   0.3
27-Sep-2022 00:00, 0.716,  17.9,  14.9, 1022.7,-0.112,-0.018,   90,   3.2,   1.2
27-Sep-2022 01:00, 0.791,  17.9,  16.3, 1022.4,-0.092, 0.002,  162,   3.1,   0.8
27-Sep-2022 02:00, 0.809,  17.9,  17.3, 1022.2,-0.101,-0.010,  220,   3.1,   1.7
27-Sep-2022 03:00, 0.825,  17.9,  17.7, 1021.9,-0.090,-0.001,  212,   4.4,   2.6
27-Sep-2022 04:00, 0.804,  18.0,  18.2, 1021.4,-0.092,-0.006,  203,   4.8,   2.6
27-Sep-2022 05:00, 0.734,  18.1,  18.6, 1020.4,-0.112,-0.032,  203,   5.6,   2.6
27-Sep-2022 06:00, 0.691,  18.2,  18.9, 1019.8,-0.096,-0.025,  195,   6.2,   2.3
27-Sep-2022 07:00, 0.639,  18.2,  18.7, 1019.5,-0.104,-0.040,  197,   6.2,   2.9
27-Sep-2022 08:00, 0.629,  18.2,  18.4, 1019.0,-0.107,-0.046,  194,   6.5,   3.1
27-Sep-2022 09:00, 0.651,  18.2,  18.5, 1018.9,-0.108,-0.051,  195,   6.9,   3.1
27-Sep-2022 10:00, 0.692,  18.3,  18.1, 1019.0,-0.121,-0.065,  188,   5.2,   2.2
27-Sep-2022 11:00, 0.780,  18.3,  17.8, 1019.3,-0.091,-0.033,  188,   4.9,   1.7
27-Sep-2022 12:00, 0.802,  18.3,  17.6, 1019.5,-0.119,-0.058,  171,   4.4,   1.5
27-Sep-2022 13:00, 0.861,  18.3,  17.5, 1019.7,-0.113,-0.050,  182,   3.1,   1.0
27-Sep-2022 14:00, 0.915,  18.2,  17.2, 1019.4,-0.085,-0.021,  175,   4.1,   1.8
27-Sep-2022 15:00, 0.890,  18.2,  16.7, 1019.2,-0.108,-0.047,  173,   4.6,   2.0
27-Sep-2022 16:00, 0.867,  18.2,  16.2, 1019.0,-0.104,-0.044,  160,   4.0,   1.4
27-Sep-2022 17:00, 0.824,  18.2,  15.9, 1018.1,-0.082,-0.026,  178,   4.0,   1.7
27-Sep-2022 18:00, 0.740,  18.2,  15.2, 1018.0,-0.077,-0.029,  158,   5.2,   2.0
27-Sep-2022 19:00, 0.617,  18.2,  14.7, 1017.5,-0.117,-0.070,  157,   3.1,   1.5
27-Sep-2022 20:00, 0.618,  18.2,  14.7, 1017.5,-0.065,-0.023,  163,   4.2,   1.7
27-Sep-2022 21:00, 0.556,  18.2,  13.5, 1018.0,-0.105,-0.062,   91,   3.2,   0.5
27-Sep-2022 22:00, 0.597,  18.2,  12.9, 1017.6,-0.076,-0.029,  120,   2.1,   0.6
27-Sep-2022 23:00, 0.656,  18.2,  14.4, 1017.8,-0.046,-0.003,  139,   2.5,   0.4
28-Sep-2022 00:00, 0.662,  18.2,  16.4, 1018.0,-0.069,-0.024,  210,   2.1,   1.0
28-Sep-2022 01:00, 0.720,  18.2,  17.8, 1017.9,-0.059,-0.012,  185,   3.2,   1.0
28-Sep-2022 02:00, 0.782,  18.2,  19.1, 1017.5,-0.035, 0.010,  200,   3.4,   1.5
28-Sep-2022 03:00, 0.782,  18.3,  19.7, 1017.2,-0.051,-0.009,  345,   5.6,   2.8
28-Sep-2022 04:00, 0.813,  18.3,  19.1, 1016.8,-0.026, 0.013,  201,   6.1,   2.2
28-Sep-2022 05:00, 0.787,  18.4,  19.6, 1016.3,-0.034, 0.001,  200,   5.0,   2.2
28-Sep-2022 06:00, 0.750,  18.4,  19.6, 1016.0,-0.033,-0.003,  194,   5.7,   2.2
28-Sep-2022 07:00, 0.728,  18.4,  19.5, 1015.8,-0.023, 0.004,  196,   4.5,   2.3
28-Sep-2022 08:00, 0.708,  18.4,  19.2, 1015.7,-0.039,-0.014,  194,   6.0,   2.7
28-Sep-2022 09:00, 0.712,  18.5,  19.1, 1015.8,-0.063,-0.039,  188,   6.7,   2.3
28-Sep-2022 10:00, 0.784,  18.5,  18.7, 1015.8,-0.048,-0.022,  193,   6.3,   1.9
28-Sep-2022 11:00, 0.865,  18.5,  18.5, 1016.3,-0.036,-0.011,  175,   3.9,   0.9
28-Sep-2022 12:00, 0.906,  18.5,  18.7, 1017.0,-0.049,-0.018,  164,   2.8,   1.5
28-Sep-2022 13:00, 0.960,  18.5,  19.9, 1017.3,-0.048,-0.011,  136,   4.5,   1.0
28-Sep-2022 14:00, 1.027,  18.5,  19.0, 1017.2,-0.020, 0.020,  174,   3.1,   1.4
28-Sep-2022 15:00, 1.024,  18.5,  18.2, 1016.8,-0.023, 0.016,  203,   2.6,   0.5
28-Sep-2022 16:00, 0.994,  18.4,  18.1, 1016.7,-0.033, 0.003,  171,   3.4,   1.8
28-Sep-2022 17:00, 0.936,  18.4,  18.2, 1016.4,-0.041,-0.007,  105,   3.8,   1.1
28-Sep-2022 18:00, 0.865,  18.4,  18.2, 1016.0,-0.025, 0.006,   93,   4.5,   1.5
28-Sep-2022 19:00, 0.741,  18.4,  17.6, 1016.0,-0.054,-0.027,   87,   5.6,   2.5
28-Sep-2022 20:00, 0.670,  18.4,  17.0, 1016.1,-0.046,-0.018,   86,   5.8,   2.4
28-Sep-2022 21:00, 0.642,  18.4,  16.8, 1016.6,-0.025, 0.004,   86,   7.3,   3.3
28-Sep-2022 22:00, 0.589,  18.4,  16.3, 1017.3,-0.058,-0.025,   86,   6.1,   3.1
28-Sep-2022 23:00, 0.601,  18.3,  17.1, 1018.2,-0.053,-0.011,   85,   7.9,   3.9
29-Sep-2022 00:00, 0.635,  18.3,  19.8, 1018.7,-0.026, 0.024,   79,   7.8,   3.7
29-Sep-2022 01:00, 0.616,  18.3,  22.3, 1019.0,-0.065,-0.010,   75,   8.4,   5.1
29-Sep-2022 02:00, 0.680,  18.3,  23.6, 1019.0,-0.037, 0.020,   67,   8.4,   4.7
29-Sep-2022 03:00, 0.713,  18.3,  25.4, 1018.7,-0.023, 0.034,   83,   8.5,   3.4
29-Sep-2022 04:00, 0.711,  18.4,  26.3, 1018.3,-0.041, 0.013,   82,   9.0,   3.7
29-Sep-2022 05:00, 0.734,  18.4,  27.3, 1017.6,-0.030, 0.020,   86,   9.9,   4.0
29-Sep-2022 06:00, 0.721,  18.5,  28.0, 1016.4,-0.032, 0.010,   92,   9.7,   3.2
29-Sep-2022 07:00, 0.723,  18.5,  28.2, 1016.0,-0.016, 0.014,  119,   8.5,   2.7
29-Sep-2022 08:00, 0.723,  18.6,  28.1, 1016.5,-0.021, 0.007,   79,  10.6,   5.3
29-Sep-2022 09:00, 0.740,  18.6,  27.8, 1016.9,-0.035,-0.003,   75,   9.7,   5.3
29-Sep-2022 10:00, 0.797,  18.7,  26.8, 1017.7,-0.037, 0.000,   90,  10.1,   2.5
29-Sep-2022 11:00, 0.908,  18.7,  24.5, 1018.4,-0.003, 0.041,  141,   4.1,   0.4
29-Sep-2022 12:00, 0.956,  18.7,  23.3, 1019.2,-0.023, 0.030,  157,   3.0,   1.6
29-Sep-2022 13:00, 1.007,  18.7,  22.8, 1019.5,-0.021, 0.038,  148,   3.2,   1.2
29-Sep-2022 14:00, 1.060,  18.6,  21.9, 1019.4,-0.017, 0.046,  129,   4.3,   1.1
29-Sep-2022 15:00, 1.063,  18.6,  20.9, 1019.0,-0.027, 0.034,   92,   4.3,   1.4
29-Sep-2022 16:00, 1.015,  18.6,  21.0, 1019.1,-0.055, 0.002,   87,   6.6,   3.7
29-Sep-2022 17:00, 0.996,  18.5,  19.7, 1019.5,-0.041, 0.018,   90,   6.6,   2.2
29-Sep-2022 18:00, 0.930,  18.5,  19.2, 1019.4,-0.037, 0.025,   87,   7.2,   3.1
29-Sep-2022 19:00, 0.796,  18.5,  18.6, 1019.5,-0.078,-0.017,   85,   7.5,   3.3
29-Sep-2022 20:00, 0.733,  18.4,  17.8, 1019.8,-0.050, 0.012,   89,   6.9,   2.7
29-Sep-2022 21:00, 0.671,  18.4,  17.3, 1020.0,-0.039, 0.026,   87,   6.6,   3.4
29-Sep-2022 22:00, 0.601,  18.4,  16.6, 1020.2,-0.063, 0.004,   87,   8.2,   3.9
29-Sep-2022 23:00, 0.599,  18.3,  17.1, 1020.7,-0.045, 0.025,   84,   8.5,   3.8
30-Sep-2022 00:00, 0.556,  18.3,  18.6, 1020.9,-0.075,-0.001,   82,   7.9,   3.7
30-Sep-2022 01:00, 0.576,  18.3,  20.5, 1021.0,-0.041, 0.035,   82,   7.8,   4.3
30-Sep-2022 02:00, 0.586,  18.3,  22.9, 1020.6,-0.044, 0.032,   86,   7.4,   3.3
30-Sep-2022 03:00, 0.608,  18.4,  24.8, 1019.8,-0.039, 0.033,   89,   8.5,   3.7
30-Sep-2022 04:00, 0.662,  18.4,  25.5, 1018.8, 0.007, 0.071,  101,   8.9,   2.2
30-Sep-2022 05:00, 0.658,  18.4,  25.8, 1017.6,-0.019, 0.034,  160,   5.9,   2.1
30-Sep-2022 06:00, 0.696,  18.5,  27.0, 1016.9, 0.001, 0.043,  119,   6.6,   1.2
30-Sep-2022 07:00, 0.731,  18.6,  20.9, 1016.3, 0.029, 0.064,  212,   6.1,   3.4
30-Sep-2022 08:00, 0.727,  18.6,  21.0, 1016.4, 0.006, 0.036,  191,   7.8,   2.7
30-Sep-2022 09:00, 0.776,  18.6,  20.4, 1016.7, 0.019, 0.050,  186,   5.8,   1.7
30-Sep-2022 10:00, 0.835,  18.7,  19.5, 1016.9, 0.018, 0.053,  180,   5.7,   1.9
30-Sep-2022 11:00, 0.907,  18.7,  19.2, 1017.2, 0.010, 0.046,  156,   4.5,   2.5
30-Sep-2022 12:00, 0.975,  18.7,  18.7, 1018.0,-0.003, 0.037,  193,   3.5,   0.9
30-Sep-2022 13:00, 1.035,  18.6,  19.1, 1018.0, 0.001, 0.049,  145,   3.5,   1.5
30-Sep-2022 14:00, 1.077,  18.6,  19.7, 1017.6,-0.004, 0.043,  170,   3.8,   1.6
30-Sep-2022 15:00, 1.110,  18.5,  19.3, 1017.3,-0.002, 0.040,  158,   3.9,   2.8
30-Sep-2022 16:00, 1.103,  18.5,  19.7, 1016.9, 0.003, 0.043,  147,   4.5,   1.5
30-Sep-2022 17:00, 1.069,  18.5,  19.0, 1016.4,-0.007, 0.029,  103,   5.2,   1.1
30-Sep-2022 18:00, 1.053,  18.5,  18.0, 1016.5, 0.021, 0.053,  150,   4.4,   1.6
30-Sep-2022 19:00, 0.948,  18.5,  16.6, 1016.3,-0.006, 0.026,   83,   3.3,   0.1
30-Sep-2022 20:00, 0.851,  18.5,  16.6, 1016.3,-0.018, 0.012,  150,   2.9,   1.1
30-Sep-2022 21:00, 0.801,  18.5,  15.5, 1016.4, 0.013, 0.043,  123,   2.0,   0.7
30-Sep-2022 22:00, 0.704,  18.4,  15.1, 1017.1,-0.017, 0.015,  163,   3.9,   0.8
30-Sep-2022 23:00, 0.660,  18.4,  15.4, 1017.9,-0.015, 0.025,   94,   3.9,   0.9
01-Oct-2022 00:00, 0.643,  18.4,  18.2, 1017.6,-0.001, 0.045,   91,   3.8,   1.7
01-Oct-2022 01:00, 0.591,  18.4,  17.9, 1017.5,-0.016, 0.028,  211,   4.0,   2.4
01-Oct-2022 02:00, 0.562,  18.4,  18.6, 1016.8,-0.019, 0.023,  198,   4.7,   1.7
01-Oct-2022 03:00, 0.597,  18.4,  18.2, 1016.3, 0.016, 0.051,  203,   7.4,   3.9
01-Oct-2022 04:00, 0.603,  18.5,  19.0, 1015.6, 0.027, 0.056,  200,   7.8,   4.1
01-Oct-2022 05:00, 0.575,  18.5,  19.5, 1014.9,-0.012, 0.011,  200,   8.4,   4.2
01-Oct-2022 06:00, 0.660,  18.6,  19.2, 1014.3, 0.040, 0.055,  206,   9.6,   4.8
01-Oct-2022 07:00, 0.674,  18.7,  19.3, 1013.8, 0.028, 0.038,  205,  10.1,   5.7
01-Oct-2022 08:00, 0.676,  18.8,  19.7, 1013.5,-0.002, 0.003,  207,   8.8,   5.5
01-Oct-2022 09:00, 0.737,  18.7,  23.2, 1013.9, 0.012, 0.015,  172,   7.6,   2.3
01-Oct-2022 10:00, 0.795,  18.8,  22.4, 1014.4, 0.011, 0.018,  155,   8.4,   4.3
01-Oct-2022 11:00, 0.841,  18.8,  21.6, 1015.2,-0.020,-0.007,  153,   9.5,   3.7
01-Oct-2022 12:00, 0.958,  18.7,  20.5, 1016.0, 0.008, 0.029,  138,   8.5,   2.1
01-Oct-2022 13:00, 0.992,  18.7,  19.4, 1016.7,-0.025, 0.003,  145,   8.9,   2.5
01-Oct-2022 14:00, 1.011,  18.7,  18.4, 1017.1,-0.051,-0.016,  123,   9.2,   2.6
01-Oct-2022 15:00, 1.063,  18.6,  17.2, 1017.3,-0.041,-0.003,  105,   8.1,   2.2
01-Oct-2022 16:00, 1.059,  18.6,  16.3, 1017.4,-0.053,-0.013,   94,   7.5,   1.7
01-Oct-2022 17:00, 1.034,  18.6,  15.5, 1017.5,-0.057,-0.016,   96,   7.2,   2.3
01-Oct-2022 18:00, 1.033,  18.6,  14.9, 1017.3,-0.037, 0.005,   97,   6.6,   2.4
01-Oct-2022 19:00, 0.958,  18.5,  14.2, 1017.2,-0.062,-0.022,   90,   7.5,   2.2
01-Oct-2022 20:00, 0.875,  18.5,  13.5, 1017.3,-0.075,-0.036,   89,   7.3,   2.9
01-Oct-2022 21:00, 0.829,  18.4,  13.2, 1017.5,-0.051,-0.010,   98,   7.3,   2.3
01-Oct-2022 22:00, 0.755,  18.4,  13.3, 1018.0,-0.051,-0.008,   95,   6.7,   1.8
01-Oct-2022 23:00, 0.679,  18.4,  13.9, 1018.2,-0.065,-0.017,  120,   7.0,   1.8
02-Oct-2022 00:00, 0.617,  18.3,  15.2, 1018.3,-0.079,-0.029,  111,   6.8,   1.9
02-Oct-2022 01:00, 0.570,  18.4,  16.7, 1018.2,-0.074,-0.025,   91,   7.8,   2.7
02-Oct-2022 02:00, 0.496,  18.4,  18.1, 1018.2,-0.089,-0.040,   99,   8.1,   2.6
02-Oct-2022 03:00, 0.494,  18.4,  18.7, 1017.6,-0.059,-0.011,   90,   8.3,   3.7
02-Oct-2022 04:00, 0.485,  18.4,  19.5, 1016.9,-0.050,-0.007,   96,   6.8,   1.8
02-Oct-2022 05:00, 0.466,  18.4,  20.4, 1016.1,-0.055,-0.020,   97,   7.7,   2.8
02-Oct-2022 06:00, 0.507,  18.5,  21.2, 1015.3,-0.039,-0.011,   96,   7.9,   2.0
02-Oct-2022 07:00, 0.562,  18.5,  21.3, 1015.0,-0.023,-0.003,  164,   8.3,   3.4
02-Oct-2022 08:00, 0.600,  18.5,  20.2, 1015.3,-0.024,-0.006,  116,   7.8,   1.7
02-Oct-2022 09:00, 0.617,  18.5,  20.1, 1015.8,-0.063,-0.043,  118,   7.8,   2.4
02-Oct-2022 10:00, 0.706,  18.5,  18.2, 1016.2,-0.037,-0.011,  102,   7.9,   2.7
02-Oct-2022 11:00, 0.753,  18.5,  17.5, 1016.7,-0.059,-0.029,   97,   7.0,   1.8
02-Oct-2022 12:00, 0.862,  18.4,  16.9, 1017.6,-0.033, 0.002,   86,   5.8,   2.0
02-Oct-2022 13:00, 0.933,  18.4,  16.2, 1017.8,-0.040, 0.004,   92,   5.7,   2.0
02-Oct-2022 14:00, 0.979,  18.3,  16.1, 1017.8,-0.042, 0.003,   94,   7.1,   2.8
02-Oct-2022 15:00, 1.014,  18.3,  15.4, 1017.6,-0.047,-0.002,   96,   7.6,   2.3
02-Oct-2022 16:00, 1.034,  18.3,  14.5, 1017.2,-0.057,-0.014,   87,   9.2,   3.8
02-Oct-2022 17:00, 1.009,  18.2,  13.9, 1017.0,-0.075,-0.036,   89,   8.4,   3.5
02-Oct-2022 18:00, 1.032,  18.2,  13.3, 1016.8,-0.042,-0.005,   87,   7.6,   3.8
02-Oct-2022 19:00, 1.011,  18.1,  12.8, 1016.9,-0.046,-0.011,   83,   7.9,   3.8
02-Oct-2022 20:00, 0.939,  18.1,  12.5, 1017.1,-0.074,-0.038,   82,   8.0,   3.9
02-Oct-2022 21:00, 0.904,  18.1,  12.3, 1017.4,-0.058,-0.019,   86,   6.5,   2.8
02-Oct-2022 22:00, 0.856,  18.0,  12.4, 1017.9,-0.048,-0.007,   86,   8.8,   2.7
02-Oct-2022 23:00, 0.744,  18.0,  12.5, 1018.6,-0.092,-0.045,   82,   8.2,   2.8
03-Oct-2022 00:00, 0.712,  18.0,  13.5, 1018.8,-0.063,-0.009,  102,   5.8,   1.5
03-Oct-2022 01:00, 0.663,  18.0,  15.2, 1018.3,-0.053, 0.002,   83,   8.4,   4.2
03-Oct-2022 02:00, 0.564,  18.0,  16.1, 1017.8,-0.076,-0.027,   69,   8.3,   4.7
03-Oct-2022 03:00, 0.536,  18.0,  17.5, 1017.4,-0.036, 0.009,   78,   7.2,   3.4
03-Oct-2022 04:00, 0.492,  18.0,  19.2, 1016.6,-0.041, 0.000,  129,   6.4,   2.8
03-Oct-2022 05:00, 0.469,  18.1,  19.6, 1015.6,-0.030, 0.002,  115,   6.9,   1.1
03-Oct-2022 06:00, 0.477,  18.2,  17.6, 1014.9,-0.018, 0.004,  222,   6.3,   4.3
03-Oct-2022 07:00, 0.521,  18.2,  18.0, 1014.8,-0.012, 0.004,  212,   7.0,   3.5
03-Oct-2022 08:00, 0.565,  18.3,  17.7, 1015.0,-0.013, 0.003,  214,   6.9,   3.7
03-Oct-2022 09:00, 0.628,  18.2,  17.6, 1015.3,-0.006, 0.012,  203,   7.2,   3.9
03-Oct-2022 10:00, 0.696,  18.2,  17.1, 1015.5,-0.007, 0.013,  194,   6.6,   2.5
03-Oct-2022 11:00, 0.755,  18.3,  17.0, 1015.8,-0.012, 0.010,  182,   6.1,   2.0
03-Oct-2022 12:00, 0.846,  18.2,  16.9, 1016.4, 0.012, 0.037,  171,   5.4,   2.0
03-Oct-2022 13:00, 0.895,  18.2,  16.0, 1016.7,-0.014, 0.018,  153,   4.3,   1.2
03-Oct-2022 14:00, 0.960,  18.2,  15.3, 1016.4,-0.002, 0.032,   94,   2.5,   0.8
03-Oct-2022 15:00, 1.027,  18.1,  14.7, 1015.7, 0.031, 0.062,   93,   2.8,   1.4
03-Oct-2022 16:00, 1.040,  18.1,  13.5, 1015.1, 0.008, 0.031,   75,   4.6,   3.0
03-Oct-2022 17:00, 1.032,  18.1,  13.3, 1014.6,-0.015, 0.003,   85,   6.8,   3.4
03-Oct-2022 18:00, 1.057,  18.1,  12.8, 1014.0, 0.012, 0.025,   76,   8.2,   4.7
03-Oct-2022 19:00, 1.054,  18.0,  12.1, 1013.8, 0.001, 0.008,   78,   7.8,   3.7
03-Oct-2022 20:00, 1.055,  17.9,  11.7, 1013.7, 0.009, 0.014,   72,   7.6,   4.2
03-Oct-2022 21:00, 1.040,  17.9,  11.6, 1013.8, 0.023, 0.028,   69,   9.6,   5.2
03-Oct-2022 22:00, 1.015,  17.8,  11.5, 1014.2, 0.030, 0.035,   71,  10.2,   5.4
03-Oct-2022 23:00, 0.971,  17.8,  12.3, 1014.4, 0.037, 0.047,   66,   7.8,   4.7
04-Oct-2022 00:00, 0.919,  17.8,  14.4, 1014.1, 0.049, 0.060,   66,  10.6,   6.3
04-Oct-2022 01:00, 0.875,  17.8,  16.8, 1013.9, 0.071, 0.079,   65,  10.5,   5.0
04-Oct-2022 02:00, 0.795,  17.8,  18.9, 1013.3, 0.069, 0.074,   63,   9.1,   4.7
04-Oct-2022 03:00, 0.722,  17.8,  20.8, 1012.6, 0.088, 0.088,   40,   8.7,   3.9
04-Oct-2022 04:00, 0.677,  17.9,  22.1, 1011.3, 0.112, 0.104,   12,   7.9,   3.9
04-Oct-2022 05:00, 0.625,  18.0,  20.4, 1010.4, 0.107, 0.086,  276,   7.1,   2.1
04-Oct-2022 06:00, 0.593,  18.1,  21.2, 1009.6, 0.105, 0.076,  235,   4.2,   2.4
04-Oct-2022 07:00, 0.651,  18.2,  21.1, 1008.8, 0.147, 0.109,  191,   3.9,   1.4
04-Oct-2022 08:00, 0.698,  18.2,  19.6, 1008.7, 0.145, 0.101,  237,   3.8,   2.1
04-Oct-2022 09:00, 0.752,  18.2,  19.5, 1008.6, 0.147, 0.102,  274,   3.1,   2.1
04-Oct-2022 10:00, 0.870,  18.3,  19.0, 1008.7, 0.198, 0.152,  299,   4.0,   2.0
04-Oct-2022 11:00, 0.924,  18.4,  18.5, 1009.3, 0.186, 0.142,  312,   6.5,   4.1
04-Oct-2022 12:00, 0.973,  18.5,  18.4, 1009.5, 0.181, 0.142,  297,   7.4,   3.1
04-Oct-2022 13:00, 1.067,  18.5,  18.5, 1009.6, 0.219, 0.183,  316,   5.9,   3.2
04-Oct-2022 14:00, 1.115,  18.4,  18.4, 1009.2, 0.217, 0.180,  303,   6.8,   3.3
04-Oct-2022 15:00, 1.151,  18.3,  18.4, 1009.1, 0.227, 0.188,  298,   8.6,   3.8
04-Oct-2022 16:00, 1.188,  18.4,  18.6, 1008.4, 0.240, 0.198,  312,   6.8,   3.4
04-Oct-2022 17:00, 1.199,  18.3,  16.1, 1008.1, 0.222, 0.173,  255,  12.8,   4.3
04-Oct-2022 18:00, 1.226,  18.3,  16.7, 1007.4, 0.237, 0.185,  327,   5.5,   1.8
04-Oct-2022 19:00, 1.292,  18.3,  17.5, 1007.2, 0.286, 0.227,  285,   5.9,   2.6
04-Oct-2022 20:00, 1.318,  18.3,  17.4, 1007.8, 0.287, 0.227,  244,  15.0,  11.6
04-Oct-2022 21:00, 1.282,  18.3,  17.5, 1008.5, 0.246, 0.192,  232,  15.2,   7.8
04-Oct-2022 22:00, 1.280,  18.3,  17.1, 1009.4, 0.251, 0.205,  224,  11.0,   5.6
04-Oct-2022 23:00, 1.243,  18.3,  17.2, 1010.1, 0.235, 0.197,  220,   9.2,   4.7
05-Oct-2022 00:00, 1.187,  18.2,  16.4, 1010.9, 0.227, 0.196,  223,  11.6,   4.7
05-Oct-2022 01:00, 1.112,  18.2,  17.1, 1011.6, 0.217, 0.194,  226,   7.4,   3.9
05-Oct-2022 02:00, 0.997,  18.2,  17.3, 1012.2, 0.177, 0.161,  215,   8.4,   4.3
05-Oct-2022 03:00, 0.929,  18.2,  16.4, 1012.4, 0.204, 0.194,  200,  10.7,   4.8
05-Oct-2022 04:00, 0.803,  18.2,  17.2, 1012.5, 0.173, 0.165,  209,   9.1,   4.5
05-Oct-2022 05:00, 0.700,  18.2,  16.7, 1012.7, 0.134, 0.127,  204,  10.3,   4.6
05-Oct-2022 06:00, 0.653,  18.2,  16.3, 1013.0, 0.131, 0.126,  203,  11.9,   3.4
05-Oct-2022 07:00, 0.653,  18.3,  17.0, 1013.2, 0.141, 0.139,  217,   9.5,   5.3
05-Oct-2022 08:00, 0.652,  18.3,  16.6, 1013.9, 0.105, 0.105,  218,   9.7,   6.2
05-Oct-2022 09:00, 0.672,  18.3,  15.9, 1014.8, 0.072, 0.079,  196,  10.2,   4.3
05-Oct-2022 10:00, 0.758,  18.3,  15.8, 1015.6, 0.097, 0.113,  199,   9.8,   5.2
05-Oct-2022 11:00, 0.814,  18.3,  15.7, 1016.5, 0.088, 0.112,  198,  10.4,   4.9
05-Oct-2022 12:00, 0.856,  18.3,  15.5, 1017.3, 0.079, 0.112,  193,   9.8,   4.1
05-Oct-2022 13:00, 0.911,  18.3,  15.3, 1018.1, 0.097, 0.139,  204,   9.9,   5.8
05-Oct-2022 14:00, 0.900,  18.2,  15.1, 1018.3, 0.055, 0.104,  199,  10.5,   3.9
05-Oct-2022 15:00, 0.930,  18.2,  15.0, 1018.3, 0.067, 0.117,  202,   8.3,   3.7
05-Oct-2022 16:00, 0.932,  18.2,  14.3, 1018.4, 0.063, 0.113,  156,   9.2,   1.9
05-Oct-2022 17:00, 0.932,  18.1,  13.3, 1018.5, 0.045, 0.096,  124,   5.6,   1.1
05-Oct-2022 18:00, 0.967,  18.1,  11.8, 1018.7, 0.058, 0.110,   89,   7.4,   0.7
05-Oct-2022 19:00, 0.962,  18.1,  12.2, 1018.7, 0.029, 0.084,  119,   3.2,   0.5
05-Oct-2022 20:00, 1.017,  18.1,  11.7, 1018.9, 0.047, 0.101,   68,   2.6,   0.8
05-Oct-2022 21:00, 1.038,  18.1,  11.6, 1019.5, 0.032, 0.089,   67,   2.8,   1.5
05-Oct-2022 22:00, 1.064,  18.0,  11.4, 1019.9, 0.036, 0.099,   76,   3.0,   1.7
05-Oct-2022 23:00, 1.093,  18.0,  11.8, 1020.8, 0.058, 0.124,   55,   2.9,   1.5
06-Oct-2022 00:00, 1.050,  18.0,  13.6, 1021.5, 0.032, 0.107,  353,   2.9,   0.7
06-Oct-2022 01:00, 1.011,  18.0,  15.2, 1022.0, 0.040, 0.123,  199,   1.9,   0.8
06-Oct-2022 02:00, 0.924,  18.0,  16.3, 1022.1, 0.022, 0.109,  223,   7.4,   4.4
06-Oct-2022 03:00, 0.848,  18.1,  15.5, 1022.1, 0.032, 0.121,  214,   7.8,   4.2
06-Oct-2022 04:00, 0.730,  18.1,  16.5, 1021.9, 0.014, 0.102,  222,   7.5,   4.1
06-Oct-2022 05:00, 0.636,  18.2,  16.2, 1021.5, 0.004, 0.090,  218,   6.6,   3.7
06-Oct-2022 06:00, 0.577,  18.2,  16.8, 1021.0,-0.001, 0.080,  207,   6.6,   3.1
06-Oct-2022 07:00, 0.570,  18.3,  16.7, 1020.5, 0.014, 0.090,  215,   6.2,   3.6
06-Oct-2022 08:00, 0.576,  18.4,  16.8, 1020.8, 0.005, 0.077,  218,   6.8,   3.8
06-Oct-2022 09:00, 0.607,  18.4,  16.7, 1021.3,-0.011, 0.065,  216,   7.0,   3.1
06-Oct-2022 10:00, 0.686,  18.4,  16.2, 1021.3, 0.008, 0.088,  214,   6.5,   3.4
06-Oct-2022 11:00, 0.750,  18.3,  15.6, 1021.7, 0.012, 0.092,  203,   8.0,   3.9
06-Oct-2022 12:00, 0.798,  18.3,  15.1, 1022.1, 0.009, 0.093,  192,   7.6,   1.8
06-Oct-2022 13:00, 0.838,  18.2,  15.3, 1022.4, 0.019, 0.108,  204,   7.6,   4.4
06-Oct-2022 14:00, 0.820,  18.1,  13.6, 1022.6,-0.008, 0.083,  139,   7.5,   1.0
06-Oct-2022 15:00, 0.829,  18.1,  13.2, 1022.2, 0.003, 0.096,  121,   3.4,   0.3
06-Oct-2022 16:00, 0.845,  18.1,  13.1, 1021.6, 0.030, 0.118,  105,   2.2,   0.3
06-Oct-2022 17:00, 0.825,  18.1,  12.9, 1021.6, 0.014, 0.097,   85,   1.3,   0.5
06-Oct-2022 18:00, 0.813,  18.1,  12.9, 1021.5,-0.007, 0.076,   88,   2.3,   0.7
06-Oct-2022 19:00, 0.853,  18.1,  12.3, 1021.5, 0.009, 0.091,   87,   1.8,   0.5
06-Oct-2022 20:00, 0.900,  18.1,  11.6, 1021.9, 0.016, 0.099,   70,   2.5,   1.8
06-Oct-2022 21:00, 0.943,  18.1,  11.0, 1022.4, 0.012, 0.098,   68,   2.5,   1.4
06-Oct-2022 22:00, 1.016,  18.0,  10.8, 1023.3, 0.039, 0.131,   75,   3.8,   2.3
06-Oct-2022 23:00, 1.020,  18.0,  11.6, 1024.1, 0.009, 0.109,   77,   4.2,   2.5
07-Oct-2022 00:00, 1.032,  17.9,  13.5, 1024.7, 0.007, 0.116,   71,   4.5,   2.6
07-Oct-2022 01:00, 1.041,  18.0,  15.1, 1024.6, 0.034, 0.147,   76,   5.0,   2.3
07-Oct-2022 02:00, 0.978,  18.0,  16.8, 1024.7, 0.019, 0.133,  154,   5.0,   2.1
07-Oct-2022 03:00, 0.898,  18.1,  16.0, 1024.1, 0.015, 0.128,  219,   4.7,   2.8
07-Oct-2022 04:00, 0.828,  18.1,  16.2, 1023.7, 0.035, 0.143,  230,   5.5,   3.7
07-Oct-2022 05:00, 0.717,  18.2,  16.8, 1023.1, 0.009, 0.112,  216,   6.0,   3.4
07-Oct-2022 06:00, 0.660,  18.3,  16.8, 1022.4, 0.016, 0.113,  221,   6.5,   4.3
07-Oct-2022 07:00, 0.649,  18.3,  17.0, 1022.1, 0.033, 0.124,  216,   6.2,   3.5
07-Oct-2022 08:00, 0.657,  18.3,  17.2, 1021.8, 0.033, 0.121,  213,   7.2,   4.1
07-Oct-2022 09:00, 0.667,  18.4,  17.1, 1021.9, 0.008, 0.093,  209,   6.7,   3.5
07-Oct-2022 10:00, 0.734,  18.4,  16.5, 1022.1, 0.021, 0.107,  196,   6.7,   3.0
07-Oct-2022 11:00, 0.809,  18.4,  16.3, 1022.4, 0.036, 0.124,  194,   5.8,   2.4
07-Oct-2022 12:00, 0.847,  18.3,  16.1, 1023.1, 0.024, 0.115,  192,   6.7,   2.3
07-Oct-2022 13:00, 0.881,  18.3,  15.4, 1023.4, 0.029, 0.128,  146,   5.3,   1.8
07-Oct-2022 14:00, 0.871,  18.3,  14.7, 1023.3, 0.017, 0.118,  140,   4.0,   1.6
07-Oct-2022 15:00, 0.832,  18.3,  14.2, 1022.9, 0.002, 0.101,  149,   4.4,   2.4
07-Oct-2022 16:00, 0.822,  18.2,  13.6, 1022.5, 0.027, 0.122,  146,   4.7,   1.3
07-Oct-2022 17:00, 0.786,  18.2,  13.4, 1021.9, 0.018, 0.109,  153,   3.7,   1.5
07-Oct-2022 18:00, 0.775,  18.2,  12.4, 1021.2, 0.021, 0.107,   84,   3.1,   0.6
07-Oct-2022 19:00, 0.781,  18.2,  11.5, 1020.8, 0.022, 0.101,  124,   2.2,   0.1
07-Oct-2022 20:00, 0.805,  18.1,  11.2, 1020.9, 0.012, 0.087,   83,   1.9,   0.1
07-Oct-2022 21:00, 0.846,  18.1,  10.7, 1021.0, 0.007, 0.083,   74,   2.2,   1.3
07-Oct-2022 22:00, 0.913,  18.0,   9.9, 1021.2, 0.024, 0.101,   70,   3.0,   1.7
07-Oct-2022 23:00, 0.938,  18.0,  11.3, 1022.0,-0.004, 0.076,   76,   3.2,   1.1
08-Oct-2022 00:00, 0.977,  18.0,  14.4, 1021.7,-0.001, 0.085,   76,   3.2,   2.0
08-Oct-2022 01:00, 1.013,  18.0,  16.7, 1021.5, 0.023, 0.107,   60,   3.4,   1.6
08-Oct-2022 02:00, 0.973,  18.0,  18.7, 1021.1, 0.001, 0.082,   48,   4.4,   2.3
08-Oct-2022 03:00, 0.920,  18.1,  17.0, 1020.6, 0.000, 0.078,  241,   4.4,   3.4
08-Oct-2022 04:00, 0.876,  18.1,  17.5, 1019.8, 0.034, 0.106,  226,   4.8,   3.4
08-Oct-2022 05:00, 0.774,  18.2,  18.1, 1019.2, 0.007, 0.071,  209,   6.5,   3.4
08-Oct-2022 06:00, 0.710,  18.3,  17.9, 1018.5, 0.000, 0.058,  204,   7.1,   4.1
08-Oct-2022 07:00, 0.704,  18.4,  17.9, 1018.0, 0.027, 0.079,  202,   7.8,   4.4
08-Oct-2022 08:00, 0.688,  18.4,  18.0, 1017.8, 0.004, 0.051,  193,   8.0,   3.0
08-Oct-2022 09:00, 0.713,  18.5,  18.2, 1017.8,-0.006, 0.039,  190,   6.4,   2.3
08-Oct-2022 10:00, 0.781,  18.5,  17.6, 1018.1, 0.017, 0.063,  202,   6.1,   3.6
08-Oct-2022 11:00, 0.829,  18.5,  17.2, 1018.2, 0.008, 0.056,  188,   5.9,   2.1
08-Oct-2022 12:00, 0.866,  18.5,  17.1, 1018.4,-0.006, 0.043,  186,   5.7,   2.4
08-Oct-2022 13:00, 0.921,  18.4,  16.3, 1018.6, 0.019, 0.070,  162,   5.8,   1.9
08-Oct-2022 14:00, 0.903,  18.5,  16.2, 1018.5,-0.002, 0.051,  168,   4.3,   2.1
08-Oct-2022 15:00, 0.900,  18.4,  15.3, 1017.9, 0.026, 0.077,  158,   5.1,   2.4
08-Oct-2022 16:00, 0.824,  18.4,  14.7, 1017.5, 0.007, 0.053,  145,   4.3,   1.0
08-Oct-2022 17:00, 0.785,  18.4,  14.1, 1016.9, 0.025, 0.066,   99,   3.5,   1.2
08-Oct-2022 18:00, 0.742,  18.4,  13.6, 1016.4, 0.017, 0.053,   83,   2.9,   1.5
08-Oct-2022 19:00, 0.695,  18.4,  12.7, 1016.2,-0.008, 0.023,   69,   4.1,   2.4
08-Oct-2022 20:00, 0.717,  18.4,  12.1, 1016.3, 0.004, 0.033,   67,   4.0,   2.6
08-Oct-2022 21:00, 0.766,  18.3,  11.8, 1016.8, 0.015, 0.046,   68,   4.0,   2.4
08-Oct-2022 22:00, 0.792,  18.3,  11.9, 1017.0,-0.001, 0.035,   64,   4.1,   3.0
08-Oct-2022 23:00, 0.853,  18.3,  12.5, 1017.3, 0.009, 0.046,   64,   4.5,   2.8
09-Oct-2022 00:00, 0.908,  18.3,  15.3, 1017.4, 0.013, 0.053,   63,   4.4,   2.5
09-Oct-2022 01:00, 0.933,  18.3,  17.2, 1017.3, 0.006, 0.047,  148,   3.4,   0.8
09-Oct-2022 02:00, 0.956,  18.3,  17.4, 1017.1, 0.020, 0.060,  259,   2.1,   1.3
09-Oct-2022 03:00, 0.925,  18.3,  17.4, 1017.1, 0.009, 0.047,  252,   3.3,   2.1
09-Oct-2022 04:00, 0.879,  18.3,  17.6, 1016.8, 0.018, 0.056,  296,   3.1,   2.0
09-Oct-2022 05:00, 0.810,  18.4,  17.5, 1016.4, 0.015, 0.050,  272,   4.5,   2.8
09-Oct-2022 06:00, 0.769,  18.5,  17.7, 1016.0, 0.016, 0.047,  274,   4.1,   2.2
09-Oct-2022 07:00, 0.759,  18.5,  18.0, 1015.7, 0.029, 0.056,  292,   4.1,   2.3
09-Oct-2022 08:00, 0.758,  18.6,  18.1, 1015.3, 0.024, 0.048,  236,   5.8,   3.9
09-Oct-2022 09:00, 0.803,  18.6,  18.0, 1014.9, 0.027, 0.046,  220,   6.0,   3.3
09-Oct-2022 10:00, 0.868,  18.6,  17.1, 1015.6, 0.043, 0.061,  195,   6.7,   3.4
09-Oct-2022 11:00, 0.936,  18.5,  16.7, 1015.8, 0.061, 0.084,  200,   6.4,   3.1
09-Oct-2022 12:00, 0.968,  18.5,  16.8, 1016.3, 0.040, 0.066,  197,   5.8,   2.1
09-Oct-2022 13:00, 1.039,  18.6,  16.8, 1016.5, 0.078, 0.109,  194,   6.8,   2.5
09-Oct-2022 14:00, 1.033,  18.5,  16.9, 1016.8, 0.068, 0.101,  203,   7.2,   3.1
09-Oct-2022 15:00, 1.013,  18.5,  17.0, 1016.4, 0.073, 0.108,  229,   7.3,   5.0
09-Oct-2022 16:00, 0.960,  18.5,  16.6, 1015.7, 0.084, 0.114,  220,   8.0,   2.3
09-Oct-2022 17:00, 0.882,  18.5,  16.8, 1015.2, 0.090, 0.113,  225,   9.1,   5.8
09-Oct-2022 18:00, 0.807,  18.5,  16.9, 1014.7, 0.081, 0.099,  223,   8.1,   5.4
09-Oct-2022 19:00, 0.782,  18.4,  16.8, 1014.7, 0.096, 0.110,  228,   8.3,   5.3
09-Oct-2022 20:00, 0.742,  18.4,  16.9, 1015.1, 0.077, 0.092,  232,   7.7,   4.5
09-Oct-2022 21:00, 0.775,  18.4,  17.1, 1015.2, 0.094, 0.112,  250,   7.8,   5.8
09-Oct-2022 22:00, 0.835,  18.3,  16.6, 1015.5, 0.122, 0.142,  248,  11.6,   5.9
09-Oct-2022 23:00, 0.842,  18.3,  16.8, 1015.7, 0.094, 0.116,  241,   9.2,   6.0
10-Oct-2022 00:00, 0.918,  18.3,  16.9, 1016.2, 0.121, 0.146,  251,   9.7,   7.2
10-Oct-2022 01:00, 0.951,  18.3,  15.8, 1016.3, 0.113, 0.143,  244,  11.9,   4.3
10-Oct-2022 02:00, 0.929,  18.3,  15.0, 1016.8, 0.067, 0.098,  229,  11.8,   8.6
10-Oct-2022 03:00, 0.991,  18.3,  16.8, 1016.5, 0.123, 0.157,  234,  12.7,   7.4
10-Oct-2022 04:00, 0.941,  18.4,  16.3, 1016.5, 0.094, 0.127,  218,  12.7,   8.1
10-Oct-2022 05:00, 0.869,  18.4,  16.4, 1016.8, 0.071, 0.103,  213,  11.4,   5.3
10-Oct-2022 06:00, 0.833,  18.4,  15.8, 1016.8, 0.072, 0.107,  205,  13.2,   5.8
10-Oct-2022 07:00, 0.796,  18.4,  15.9, 1016.6, 0.039, 0.075,  210,   9.5,   5.4
10-Oct-2022 08:00, 0.827,  18.4,  15.9, 1016.3, 0.055, 0.088,  212,  11.2,   5.0
10-Oct-2022 09:00, 0.865,  18.4,  15.9, 1016.6, 0.048, 0.078,  207,   9.7,   5.3
10-Oct-2022 10:00, 0.926,  18.4,  15.5, 1017.6, 0.049, 0.084,  203,   9.9,   5.3
10-Oct-2022 11:00, 0.975,  18.4,  15.4, 1017.9, 0.046, 0.090,  200,  10.1,   5.6
10-Oct-2022 12:00, 1.021,  18.4,  15.4, 1018.4, 0.041, 0.088,  194,   9.0,   4.1
10-Oct-2022 13:00, 1.060,  18.3,  15.4, 1018.6, 0.044, 0.095,  190,   8.2,   3.0
10-Oct-2022 14:00, 1.063,  18.3,  15.6, 1018.7, 0.039, 0.093,  198,   7.7,   4.1
10-Oct-2022 15:00, 1.056,  18.3,  14.1, 1018.3, 0.051, 0.105,  125,   6.9,   0.8
10-Oct-2022 16:00, 0.983,  18.3,  13.8, 1018.1, 0.034, 0.084,  156,   6.4,   2.5
10-Oct-2022 17:00, 0.882,  18.3,  13.3, 1017.8, 0.023, 0.071,  145,   4.1,   1.3
10-Oct-2022 18:00, 0.802,  18.2,  12.5, 1017.8, 0.039, 0.084,   87,   3.0,   0.8
10-Oct-2022 19:00, 0.704,  18.2,  12.4, 1017.9, 0.006, 0.052,  143,   3.0,   1.2
10-Oct-2022 20:00, 0.681,  18.2,  11.4, 1018.0, 0.024, 0.070,  127,   2.2,   0.7
10-Oct-2022 21:00, 0.668,  18.1,  10.7, 1018.3, 0.025, 0.073,   73,   1.7,   0.8
10-Oct-2022 22:00, 0.676,  18.1,   9.8, 1018.7, 0.019, 0.069,   45,   2.1,   1.3
10-Oct-2022 23:00, 0.707,  18.1,  11.4, 1019.5, 0.030, 0.085,   74,   2.5,   1.4
11-Oct-2022 00:00, 0.724,  18.1,  13.3, 1020.1, 0.016, 0.079,  168,   1.9,   0.2
11-Oct-2022 01:00, 0.758,  18.1,  15.1, 1019.9, 0.011, 0.079,  197,   3.0,   1.4
11-Oct-2022 02:00, 0.803,  18.1,  16.0, 1020.0, 0.029, 0.095,  199,   5.7,   2.9
11-Oct-2022 03:00, 0.810,  18.2,  16.2, 1019.7, 0.015, 0.082,  193,   6.9,   2.7
11-Oct-2022 04:00, 0.840,  18.2,  16.3, 1019.0, 0.042, 0.106,  212,   9.0,   4.0
11-Oct-2022 05:00, 0.798,  18.3,  16.3, 1018.3, 0.020, 0.076,  208,   8.8,   4.6
11-Oct-2022 06:00, 0.788,  18.3,  16.5, 1017.8, 0.037, 0.086,  204,   8.0,   5.0
11-Oct-2022 07:00, 0.782,  18.4,  16.6, 1017.2, 0.031, 0.076,  204,   8.8,   4.8
11-Oct-2022 08:00, 0.836,  18.4,  16.2, 1017.1, 0.054, 0.092,  200,   9.8,   4.9
11-Oct-2022 09:00, 0.876,  18.3,  16.1, 1017.5, 0.041, 0.080,  205,   9.5,   5.3
11-Oct-2022 10:00, 0.962,  18.4,  15.7, 1017.8, 0.055, 0.098,  201,   9.7,   5.2
11-Oct-2022 11:00, 1.020,  18.4,  15.4, 1018.4, 0.051, 0.097,  191,   9.1,   3.5
11-Oct-2022 12:00, 1.067,  18.3,  15.2, 1018.9, 0.046, 0.098,  165,   7.8,   3.5
11-Oct-2022 13:00, 1.111,  18.3,  14.6, 1019.2, 0.050, 0.106,  159,   6.9,   3.1
11-Oct-2022 14:00, 1.099,  18.2,  14.1, 1019.1, 0.027, 0.086,  164,   5.7,   3.1
11-Oct-2022 15:00, 1.083,  18.2,  13.5, 1019.2, 0.025, 0.083,  158,   5.8,   3.3
11-Oct-2022 16:00, 1.038,  18.2,  13.3, 1019.5, 0.024, 0.084,  164,   7.2,   3.3
11-Oct-2022 17:00, 0.944,  18.2,  12.8, 1019.4, 0.013, 0.075,  162,   7.0,   3.3
11-Oct-2022 18:00, 0.853,  18.2,  12.1, 1019.7, 0.026, 0.087,  164,   6.8,   2.9
11-Oct-2022 19:00, 0.732,  18.1,  11.4, 1020.0,-0.001, 0.063,  144,   5.2,   1.2
11-Oct-2022 20:00, 0.668,  18.1,  10.8, 1020.3,-0.005, 0.063,  132,   4.6,   0.5
11-Oct-2022 21:00, 0.631,  18.1,  10.1, 1020.7,-0.007, 0.063,  157,   2.2,   0.3
11-Oct-2022 22:00, 0.630,  18.0,   9.6, 1021.2,-0.003, 0.071,   32,   2.4,   0.1
11-Oct-2022 23:00, 0.636,  18.0,  11.1, 1022.5,-0.001, 0.080,  150,   2.2,   1.2
12-Oct-2022 00:00, 0.630,  18.0,  13.0, 1022.9,-0.017, 0.076,  164,   4.7,   2.2
12-Oct-2022 01:00, 0.655,  18.0,  14.6, 1022.5,-0.020, 0.075,  157,   6.0,   2.6
12-Oct-2022 02:00, 0.668,  18.0,  15.9, 1022.5,-0.027, 0.065,  177,   7.5,   2.9
12-Oct-2022 03:00, 0.694,  18.1,  16.0, 1022.0,-0.022, 0.070,  202,   7.5,   3.9
12-Oct-2022 04:00, 0.716,  18.1,  16.1, 1021.7,-0.017, 0.069,  199,   8.5,   4.2
12-Oct-2022 05:00, 0.683,  18.2,  15.7, 1021.7,-0.052, 0.032,  204,   9.8,   5.0
12-Oct-2022 06:00, 0.707,  18.2,  16.0, 1021.4,-0.021, 0.062,  205,   9.2,   4.6
12-Oct-2022 07:00, 0.695,  18.3,  16.1, 1021.2,-0.037, 0.044,  203,   8.5,   4.4
12-Oct-2022 08:00, 0.723,  18.3,  16.3, 1021.3,-0.043, 0.035,  207,   9.7,   4.7
12-Oct-2022 09:00, 0.790,  18.3,  16.2, 1021.8,-0.038, 0.042,  209,   9.6,   5.1
12-Oct-2022 10:00, 0.859,  18.3,  15.9, 1022.4,-0.050, 0.035,  201,   9.5,   5.0
12-Oct-2022 11:00, 0.939,  18.3,  15.8, 1023.0,-0.047, 0.045,  194,   9.0,   4.0
12-Oct-2022 12:00, 1.007,  18.2,  15.9, 1023.6,-0.035, 0.063,  190,   9.4,   4.2
12-Oct-2022 13:00, 1.027,  18.2,  15.8, 1023.9,-0.062, 0.041,  170,   7.9,   3.2
12-Oct-2022 14:00, 1.052,  18.1,  15.2, 1024.2,-0.055, 0.051,  171,   7.2,   3.0
12-Oct-2022 15:00, 1.004,  18.1,  14.0, 1024.0,-0.090, 0.019,  156,   6.8,   3.1
12-Oct-2022 16:00, 0.977,  18.1,  12.8, 1023.8,-0.084, 0.023,  148,   5.0,   1.3
12-Oct-2022 17:00, 0.913,  18.1,  11.6, 1023.4,-0.079, 0.025,   84,   3.2,   0.8
12-Oct-2022 18:00, 0.806,  18.1,  11.6, 1023.7,-0.089, 0.012,  142,   3.4,   1.3
12-Oct-2022 19:00, 0.701,  18.0,  10.7, 1024.0,-0.091, 0.013,   95,   3.1,   0.8
12-Oct-2022 20:00, 0.603,  18.0,   9.8, 1024.1,-0.105, 0.002,  127,   2.1,   0.1
12-Oct-2022 21:00, 0.584,  18.0,   8.8, 1024.0,-0.071, 0.037,   71,   1.4,   1.0
12-Oct-2022 22:00, 0.533,  17.9,   9.2, 1024.5,-0.100, 0.007,   78,   3.3,   1.8
12-Oct-2022 23:00, 0.547,  17.9,  10.8, 1025.1,-0.081, 0.031,  122,   3.2,   0.8
13-Oct-2022 00:00, 0.529,  17.9,  12.7, 1025.5,-0.090, 0.028,   90,   3.9,   1.1
13-Oct-2022 01:00, 0.521,  17.9,  13.6, 1025.4,-0.109, 0.013,  150,   3.7,   1.7
13-Oct-2022 02:00, 0.552,  17.9,  14.5, 1024.9,-0.094, 0.026,  188,   5.2,   1.7
13-Oct-2022 03:00, 0.551,  17.9,  15.3, 1024.0,-0.101, 0.014,  208,   4.9,   2.2
13-Oct-2022 04:00, 0.569,  18.1,  15.6, 1023.3,-0.101, 0.005,  215,   6.1,   3.4
13-Oct-2022 05:00, 0.584,  18.2,  16.0, 1022.9,-0.101,-0.002,  210,   7.4,   3.6
13-Oct-2022 06:00, 0.577,  18.2,  16.8, 1022.1,-0.116,-0.020,  203,   6.5,   3.5
13-Oct-2022 07:00, 0.610,  18.2,  16.2, 1021.6,-0.098,-0.011,  215,   7.9,   4.0
13-Oct-2022 08:00, 0.629,  18.3,  16.5, 1021.4,-0.112,-0.029,  206,   7.9,   4.6
13-Oct-2022 09:00, 0.704,  18.3,  16.2, 1021.2,-0.096,-0.016,  201,   8.0,   4.1
13-Oct-2022 10:00, 0.797,  18.3,  15.7, 1021.5,-0.089,-0.010,  201,   7.7,   3.8
13-Oct-2022 11:00, 0.878,  18.3,  15.5, 1021.7,-0.099,-0.017,  195,   7.7,   2.8
13-Oct-2022 12:00, 0.947,  18.3,  15.4, 1021.9,-0.093,-0.009,  188,   6.3,   2.6
13-Oct-2022 13:00, 1.004,  18.2,  15.4, 1022.0,-0.086, 0.000,  182,   5.8,   2.2
13-Oct-2022 14:00, 1.029,  18.1,  15.2, 1022.0,-0.095,-0.008,  195,   6.5,   2.6
13-Oct-2022 15:00, 1.008,  18.1,  14.4, 1021.7,-0.106,-0.019,  162,   4.8,   2.0
13-Oct-2022 16:00, 0.987,  18.1,  12.8, 1021.0,-0.099,-0.015,   74,   3.7,   1.3
13-Oct-2022 17:00, 0.952,  18.1,  12.0, 1020.5,-0.083,-0.007,   70,   2.6,   1.1
13-Oct-2022 18:00, 0.839,  18.1,  11.3, 1019.9,-0.111,-0.039,   67,   2.6,   1.7
13-Oct-2022 19:00, 0.778,  18.0,  10.9, 1019.3,-0.077,-0.011,   67,   3.7,   2.4
13-Oct-2022 20:00, 0.682,  18.0,  10.3, 1019.1,-0.081,-0.021,   66,   4.2,   2.4
13-Oct-2022 21:00, 0.595,  17.9,  10.2, 1019.3,-0.095,-0.037,   63,   4.0,   2.6
13-Oct-2022 22:00, 0.573,  17.9,  10.1, 1019.4,-0.078,-0.018,   67,   4.3,   2.8
13-Oct-2022 23:00, 0.560,  17.8,  11.6, 1019.8,-0.079,-0.017,   70,   4.5,   2.8
14-Oct-2022 00:00, 0.533,  17.8,  14.4, 1020.1,-0.091,-0.025,   62,   4.6,   2.6
14-Oct-2022 01:00, 0.531,  17.8,  16.6, 1020.2,-0.082,-0.014,  120,   3.9,   0.9
14-Oct-2022 02:00, 0.529,  17.8,  16.7, 1020.0,-0.093,-0.024,  209,   3.2,   1.2
14-Oct-2022 03:00, 0.531,  17.9,  16.6, 1019.3,-0.089,-0.023,  241,   4.2,   2.7
14-Oct-2022 04:00, 0.528,  18.0,  16.8, 1018.5,-0.095,-0.035,  235,   5.4,   3.6
14-Oct-2022 05:00, 0.552,  18.1,  16.7, 1018.0,-0.091,-0.039,  238,   5.9,   4.1
14-Oct-2022 06:00, 0.549,  18.2,  17.1, 1017.5,-0.108,-0.061,  232,   6.6,   3.2
14-Oct-2022 07:00, 0.593,  18.3,  17.1, 1016.8,-0.086,-0.044,  235,   4.9,   3.0
14-Oct-2022 08:00, 0.636,  18.4,  17.7, 1016.6,-0.081,-0.046,  214,   4.8,   2.2
14-Oct-2022 09:00, 0.678,  18.4,  17.3, 1016.7,-0.093,-0.060,  206,   4.7,   2.8
14-Oct-2022 10:00, 0.755,  18.4,  16.9, 1016.9,-0.091,-0.056,  208,   5.4,   2.3
14-Oct-2022 11:00, 0.868,  18.3,  16.6, 1017.2,-0.073,-0.036,  197,   5.0,   2.5
14-Oct-2022 12:00, 0.929,  18.3,  16.6, 1017.4,-0.090,-0.051,  203,   6.0,   2.4
14-Oct-2022 13:00, 1.001,  18.3,  16.0, 1017.4,-0.066,-0.025,  155,   5.2,   2.4
14-Oct-2022 14:00, 1.039,  18.3,  15.6, 1017.2,-0.071,-0.030,  156,   5.1,   2.5
14-Oct-2022 15:00, 1.051,  18.3,  14.6, 1016.9,-0.069,-0.030,  137,   4.3,   1.1
14-Oct-2022 16:00, 1.020,  18.3,  13.9, 1016.1,-0.073,-0.037,  126,   4.2,   0.5
14-Oct-2022 17:00, 0.986,  18.3,  13.7, 1015.7,-0.070,-0.042,  153,   4.3,   1.7
14-Oct-2022 18:00, 0.941,  18.2,  12.9, 1015.4,-0.051,-0.027,  111,   3.2,   0.5
14-Oct-2022 19:00, 0.856,  18.2,  12.3, 1015.3,-0.049,-0.028,   78,   2.2,   1.0
14-Oct-2022 20:00, 0.758,  18.2,  11.2, 1015.4,-0.063,-0.043,   75,   3.3,   1.7
14-Oct-2022 21:00, 0.693,  18.1,  11.0, 1015.8,-0.050,-0.028,   72,   4.2,   1.8
14-Oct-2022 22:00, 0.641,  18.1,  10.6, 1016.3,-0.043,-0.017,   95,   2.2,   0.3
14-Oct-2022 23:00, 0.628,  18.0,  12.5, 1016.7,-0.031,-0.001,   70,   4.3,   2.4
15-Oct-2022 00:00, 0.605,  18.0,  15.6, 1017.2,-0.042,-0.007,   68,   4.2,   1.1
15-Oct-2022 01:00, 0.590,  18.0,  16.1, 1017.1,-0.032, 0.007,  227,   3.2,   1.9
15-Oct-2022 02:00, 0.556,  18.0,  16.0, 1017.4,-0.058,-0.020,  221,   5.9,   3.0
15-Oct-2022 03:00, 0.574,  18.0,  16.8, 1016.9,-0.041, 0.000,  212,   5.4,   2.8
15-Oct-2022 04:00, 0.549,  18.1,  17.2, 1016.3,-0.053,-0.017,  217,   5.1,   2.7
15-Oct-2022 05:00, 0.552,  18.2,  18.2, 1015.7,-0.058,-0.029,  215,   5.1,   3.0
15-Oct-2022 06:00, 0.602,  18.3,  18.1, 1015.5,-0.029,-0.005,  214,   5.7,   3.3
15-Oct-2022 07:00, 0.590,  18.4,  18.1, 1015.3,-0.063,-0.041,  208,   6.8,   3.8
15-Oct-2022 08:00, 0.654,  18.4,  17.9, 1015.2,-0.040,-0.020,  211,   7.0,   4.2
15-Oct-2022 09:00, 0.684,  18.4,  17.5, 1015.4,-0.064,-0.044,  203,   8.4,   4.4
15-Oct-2022 10:00, 0.752,  18.5,  17.0, 1015.6,-0.059,-0.037,  202,   8.2,   3.9
15-Oct-2022 11:00, 0.846,  18.5,  16.6, 1016.1,-0.045,-0.021,  192,   7.3,   2.5
15-Oct-2022 12:00, 0.927,  18.5,  16.4, 1016.3,-0.052,-0.023,  186,   5.6,   1.9
15-Oct-2022 13:00, 0.972,  18.5,  16.1, 1016.0,-0.061,-0.031,  165,   5.1,   2.7
15-Oct-2022 14:00, 1.040,  18.4,  15.3, 1015.8,-0.031,-0.003,  163,   5.5,   2.6
15-Oct-2022 15:00, 1.055,  18.4,  15.1, 1014.9,-0.045,-0.020,  178,   4.6,   1.6
15-Oct-2022 16:00, 1.052,  18.4,  14.6, 1014.7,-0.035,-0.019,  150,   4.4,   1.6
15-Oct-2022 17:00, 1.032,  18.4,  14.8, 1014.6,-0.023,-0.009,  110,   4.1,   0.8
15-Oct-2022 18:00, 0.999,  18.4,  13.0, 1014.4,-0.015,-0.002,   78,   2.5,   0.5
15-Oct-2022 19:00, 0.903,  18.4,  12.8, 1014.4,-0.042,-0.031,   77,   1.6,   1.1
15-Oct-2022 20:00, 0.837,  18.3,  12.8, 1014.4,-0.034,-0.023,   65,   1.9,   0.4
15-Oct-2022 21:00, 0.805,  18.3,  13.9, 1014.6, 0.003, 0.015,  208,   2.5,   1.2
15-Oct-2022 22:00, 0.707,  18.2,  15.6, 1014.9,-0.030,-0.016,  210,   6.4,   3.2
15-Oct-2022 23:00, 0.711,  18.2,  16.1, 1015.3, 0.019, 0.036,  216,   6.4,   3.4
16-Oct-2022 00:00, 0.665,  18.2,  16.0, 1015.5,-0.011, 0.010,  214,   7.5,   4.7
16-Oct-2022 01:00, 0.642,  18.2,  16.6, 1015.6,-0.010, 0.013,  212,   7.5,   3.8
16-Oct-2022 02:00, 0.609,  18.2,  16.8, 1015.6,-0.015, 0.009,  230,   7.8,   4.2
16-Oct-2022 03:00, 0.607,  18.2,  17.1, 1015.0,-0.011, 0.012,  234,   6.4,   3.7
16-Oct-2022 04:00, 0.597,  18.2,  16.7, 1014.9,-0.008, 0.009,  247,   6.3,   4.8
16-Oct-2022 05:00, 0.578,  18.3,  16.9, 1014.8,-0.017,-0.001,  247,   6.7,   4.3
16-Oct-2022 06:00, 0.604,  18.5,  17.4, 1014.5,-0.010, 0.005,  232,   6.5,   4.0
16-Oct-2022 07:00, 0.627,  18.6,  17.1, 1014.6,-0.011, 0.001,  245,   6.7,   4.5
16-Oct-2022 08:00, 0.659,  18.7,  17.1, 1014.8,-0.017,-0.003,  246,   6.7,   4.8
16-Oct-2022 09:00, 0.729,  18.7,  16.9, 1015.1,-0.001, 0.015,  248,   6.6,   5.2
16-Oct-2022 10:00, 0.789,  18.7,  16.9, 1015.3, 0.001, 0.020,  234,   6.6,   4.2
16-Oct-2022 11:00, 0.882,  18.7,  16.8, 1015.8, 0.032, 0.052,  250,   6.3,   4.1
16-Oct-2022 12:00, 0.960,  18.7,  15.5, 1016.8, 0.034, 0.060,  251,  13.2,   4.0
16-Oct-2022 13:00, 1.017,  18.7,  15.8, 1017.1, 0.027, 0.062,  251,   6.9,   4.5
16-Oct-2022 14:00, 1.080,  18.6,  16.4, 1017.3, 0.057, 0.095,  239,   8.2,   4.7
16-Oct-2022 15:00, 1.100,  18.6,  16.5, 1016.9, 0.046, 0.086,  237,   9.8,   4.4
16-Oct-2022 16:00, 1.135,  18.5,  16.6, 1016.6, 0.072, 0.107,  220,   8.7,   5.3
16-Oct-2022 17:00, 1.089,  18.5,  15.1, 1016.4, 0.049, 0.082,  238,  10.3,   5.7
16-Oct-2022 18:00, 1.077,  18.5,  16.6, 1016.1, 0.062, 0.093,  208,   9.0,   5.1
16-Oct-2022 19:00, 1.032,  18.5,  14.9, 1016.5, 0.059, 0.088,  169,   9.5,   2.9
16-Oct-2022 20:00, 0.932,  18.5,  13.1, 1016.8, 0.019, 0.051,   99,   8.4,   1.1
16-Oct-2022 21:00, 0.934,  18.4,  12.9, 1017.4, 0.078, 0.114,  121,   5.1,   0.9
16-Oct-2022 22:00, 0.836,  18.4,  12.8, 1017.9, 0.038, 0.080,  112,   4.4,   0.5
16-Oct-2022 23:00, 0.775,  18.4,  13.7, 1018.8, 0.031, 0.078,  156,   6.1,   1.4
17-Oct-2022 00:00, 0.764,  18.4,  13.1, 1019.4, 0.052, 0.108,  207,   4.3,   2.5
17-Oct-2022 01:00, 0.708,  18.4,  16.0, 1019.6, 0.019, 0.080,  179,   4.6,   2.6
17-Oct-2022 02:00, 0.675,  18.4,  16.5, 1019.8, 0.022, 0.086,  199,   5.4,   3.2
17-Oct-2022 03:00, 0.680,  18.5,  17.4, 1019.7, 0.053, 0.118,  203,   6.3,   3.4
17-Oct-2022 04:00, 0.641,  18.5,  17.2, 1019.6, 0.026, 0.090,  216,   7.5,   4.4
17-Oct-2022 05:00, 0.617,  18.6,  17.5, 1019.4, 0.019, 0.082,  210,   8.1,   4.3
17-Oct-2022 06:00, 0.614,  18.6,  17.9, 1019.1, 0.010, 0.071,  211,   8.0,   3.7
17-Oct-2022 07:00, 0.656,  18.6,  17.7, 1019.2, 0.025, 0.083,  212,   7.7,   4.1
17-Oct-2022 08:00, 0.682,  18.7,  17.5, 1019.2, 0.017, 0.076,  208,   8.5,   4.6
17-Oct-2022 09:00, 0.708,  18.8,  17.3, 1019.4,-0.008, 0.051,  200,   8.0,   4.5
17-Oct-2022 10:00, 0.802,  18.8,  17.1, 1019.8, 0.028, 0.090,  198,   8.0,   4.2
17-Oct-2022 11:00, 0.836,  18.8,  17.0, 1020.2, 0.009, 0.074,  201,   7.9,   4.2
17-Oct-2022 12:00, 0.913,  18.8,  17.0, 1020.9, 0.030, 0.099,  195,   8.1,   3.7
17-Oct-2022 13:00, 0.964,  18.8,  16.9, 1021.3, 0.022, 0.099,  192,   6.6,   2.7
17-Oct-2022 14:00, 1.003,  18.7,  16.9, 1021.3, 0.026, 0.106,  189,   7.3,   2.6
17-Oct-2022 15:00, 1.010,  18.7,  16.5, 1021.0, 0.012, 0.091,  169,   6.1,   2.6
17-Oct-2022 16:00, 1.007,  18.7,  16.1, 1020.7,-0.012, 0.065,  168,   6.8,   3.5
17-Oct-2022 17:00, 1.041,  18.6,  15.1, 1020.5, 0.027, 0.101,  160,   6.2,   2.5
17-Oct-2022 18:00, 0.991,  18.6,  14.3, 1020.0,-0.008, 0.064,  153,   4.8,   2.2
17-Oct-2022 19:00, 0.979,  18.6,  13.7, 1019.7,-0.001, 0.065,   97,   3.7,   1.3
17-Oct-2022 20:00, 0.943,  18.6,  13.5, 1020.0, 0.000, 0.065,   84,   4.4,   2.3
17-Oct-2022 21:00, 0.883,  18.6,  13.3, 1020.2,-0.017, 0.050,   79,   5.7,   2.6
17-Oct-2022 22:00, 0.871,  18.5,  13.2, 1020.8, 0.015, 0.084,   79,   5.9,   3.4
17-Oct-2022 23:00, 0.806,  18.5,  14.5, 1021.1, 0.000, 0.075,   74,   6.3,   3.8
18-Oct-2022 00:00, 0.764,  18.4,  15.9, 1021.3, 0.002, 0.080,   74,   8.3,   4.6
18-Oct-2022 01:00, 0.739,  18.4,  17.3, 1021.2, 0.009, 0.089,   70,   7.5,   4.1
18-Oct-2022 02:00, 0.673,  18.4,  18.8, 1020.9,-0.020, 0.059,   94,   6.0,   1.5
18-Oct-2022 03:00, 0.663,  18.4,  20.0, 1019.9, 0.013, 0.088,   41,   5.9,   1.4
18-Oct-2022 04:00, 0.630,  18.5,  18.7, 1018.9, 0.003, 0.068,  231,   5.8,   3.6
18-Oct-2022 05:00, 0.616,  18.5,  18.8, 1018.2, 0.007, 0.062,  220,   5.8,   4.1
18-Oct-2022 06:00, 0.614,  18.6,  19.1, 1017.3, 0.010, 0.059,  215,   5.9,   3.1
18-Oct-2022 07:00, 0.636,  18.7,  18.6, 1016.6, 0.008, 0.048,  203,   6.5,   4.0
18-Oct-2022 08:00, 0.689,  18.8,  18.5, 1016.1, 0.025, 0.057,  201,   7.3,   3.9
18-Oct-2022 09:00, 0.689,  18.8,  18.5, 1015.9,-0.021, 0.007,  191,   6.6,   2.7
18-Oct-2022 10:00, 0.786,  18.8,  18.1, 1015.9, 0.020, 0.046,  185,   6.3,   2.3
18-Oct-2022 11:00, 0.827,  18.8,  17.6, 1015.9, 0.011, 0.037,  178,   6.8,   2.7
18-Oct-2022 12:00, 0.860,  18.8,  17.4, 1016.1, 0.001, 0.028,  170,   5.9,   1.7
18-Oct-2022 13:00, 0.914,  18.8,  17.3, 1016.1, 0.012, 0.040,  166,   5.4,   2.7
18-Oct-2022 14:00, 0.953,  18.8,  16.9, 1016.0, 0.019, 0.047,  169,   5.5,   2.3
18-Oct-2022 15:00, 0.965,  18.7,  16.3, 1015.5, 0.017, 0.044,  164,   5.6,   2.6
18-Oct-2022 16:00, 0.977,  18.7,  15.9, 1015.0, 0.014, 0.036,  167,   5.0,   2.2
18-Oct-2022 17:00, 1.006,  18.7,  15.6, 1014.2, 0.033, 0.050,  157,   4.4,   2.7
18-Oct-2022 18:00, 1.006,  18.7,  15.3, 1013.4, 0.038, 0.047,  156,   4.1,   2.3
18-Oct-2022 19:00, 0.977,  18.6,  14.7, 1012.9, 0.010, 0.011,  154,   3.9,   2.2
18-Oct-2022 20:00, 1.008,  18.6,  13.8, 1012.2, 0.052, 0.048,  151,   2.7,   0.9
18-Oct-2022 21:00, 0.997,  18.6,  13.6, 1012.0, 0.066, 0.055,   70,   1.9,   0.8
18-Oct-2022 22:00, 0.959,  18.6,  14.4, 1012.0, 0.056, 0.044,   70,   5.2,   3.3
18-Oct-2022 23:00, 0.952,  18.6,  17.4, 1012.2, 0.087, 0.074,   62,   7.6,   4.2
19-Oct-2022 00:00, 0.863,  18.5,  20.9, 1012.5, 0.042, 0.032,   46,   8.4,   3.5
19-Oct-2022 01:00, 0.845,  18.5,  24.2, 1012.3, 0.067, 0.059,   21,   8.1,   4.5
19-Oct-2022 02:00, 0.818,  18.5,  26.3, 1011.6, 0.082, 0.072,   32,   9.3,   5.3
19-Oct-2022 03:00, 0.778,  18.5,  27.9, 1010.8, 0.093, 0.076,   13,   8.9,   4.0
19-Oct-2022 04:00, 0.715,  18.6,  22.1, 1010.0, 0.070, 0.045,  266,   6.3,   2.2
19-Oct-2022 05:00, 0.717,  18.6,  21.0, 1009.7, 0.093, 0.061,  201,   3.6,   1.4
19-Oct-2022 06:00, 0.697,  18.7,  21.2, 1009.5, 0.083, 0.048,  252,   4.5,   2.9
19-Oct-2022 07:00, 0.693,  18.7,  21.1, 1009.3, 0.063, 0.026,  265,   3.7,   1.5
19-Oct-2022 08:00, 0.776,  18.8,  20.0, 1009.3, 0.108, 0.068,  249,   5.4,   3.8
19-Oct-2022 09:00, 0.801,  18.8,  20.3, 1009.6, 0.088, 0.049,  199,   5.8,   2.2
19-Oct-2022 10:00, 0.836,  18.9,  18.9, 1010.0, 0.069, 0.033,  214,   6.1,   3.5
19-Oct-2022 11:00, 0.922,  18.8,  18.3, 1010.8, 0.106, 0.075,  206,   6.6,   3.5
19-Oct-2022 12:00, 0.935,  18.9,  18.1, 1011.3, 0.085, 0.061,  198,   6.1,   2.6
19-Oct-2022 13:00, 0.950,  18.9,  18.1, 1011.7, 0.071, 0.052,  200,   6.4,   2.4
19-Oct-2022 14:00, 0.989,  18.9,  18.1, 1011.6, 0.090, 0.075,  202,   6.5,   3.7
19-Oct-2022 15:00, 1.003,  18.9,  18.1, 1010.8, 0.098, 0.080,  203,   6.4,   2.7
19-Oct-2022 16:00, 1.003,  18.9,  17.9, 1010.8, 0.094, 0.069,  209,   5.2,   2.8
19-Oct-2022 17:00, 1.024,  18.9,  17.9, 1010.5, 0.104, 0.080,  209,   5.1,   2.5
19-Oct-2022 18:00, 1.040,  18.9,  17.7, 1010.3, 0.114, 0.087,  212,   4.6,   1.7
19-Oct-2022 19:00, 1.032,  18.9,  17.7, 1010.3, 0.097, 0.068,  206,   2.7,   1.3
19-Oct-2022 20:00, 1.058,  18.9,  17.8, 1010.6, 0.113, 0.084,  207,   2.2,   1.0
19-Oct-2022 21:00, 1.066,  18.9,  17.6, 1011.0, 0.122, 0.096,  275,   2.4,   0.7
19-Oct-2022 22:00, 1.056,  18.9,  17.3, 1011.6, 0.123, 0.101,  250,   3.7,   2.3
19-Oct-2022 23:00, 1.039,  18.9,  18.0, 1012.2, 0.126, 0.111,  233,   4.5,   2.6
20-Oct-2022 00:00, 1.009,  18.9,  18.6, 1012.7, 0.133, 0.123,  245,   5.9,   3.6
20-Oct-2022 01:00, 0.959,  18.9,  18.8, 1013.2, 0.127, 0.123,  238,   7.1,   4.6
20-Oct-2022 02:00, 0.892,  19.0,  18.4, 1013.3, 0.109, 0.109,  244,   6.9,   4.9
20-Oct-2022 03:00, 0.852,  19.1,  19.0, 1013.1, 0.126, 0.126,  263,   6.4,   2.4
20-Oct-2022 04:00, 0.785,  19.2,  19.4, 1013.0, 0.112, 0.110,  277,   5.2,   2.8
20-Oct-2022 05:00, 0.743,  19.2,  19.8, 1012.9, 0.101, 0.099,  288,   4.7,   2.4
20-Oct-2022 06:00, 0.745,  19.3,  19.5, 1012.8, 0.115, 0.112,  275,   5.0,   3.3
20-Oct-2022 07:00, 0.737,  19.4,  19.1, 1012.8, 0.097, 0.092,  285,   6.1,   3.5
20-Oct-2022 08:00, 0.788,  19.4,  16.9, 1013.1, 0.111, 0.107,  228,   8.3,   6.1
20-Oct-2022 09:00, 0.818,  19.4,  17.8, 1013.3, 0.092, 0.090,  200,   7.8,   1.7
20-Oct-2022 10:00, 0.861,  19.4,  16.6, 1013.8, 0.083, 0.084,  194,   4.2,   1.9
20-Oct-2022 11:00, 0.953,  19.3,  16.0, 1014.4, 0.127, 0.133,  255,   3.0,   0.3
20-Oct-2022 12:00, 0.985,  19.3,  16.7, 1014.9, 0.128, 0.140,  321,   0.9,   0.3
20-Oct-2022 13:00, 0.990,  19.3,  16.9, 1015.2, 0.116, 0.132,  338,   2.3,   1.5
20-Oct-2022 14:00, 1.005,  19.3,  16.3, 1015.4, 0.126, 0.146,  209,   6.8,   2.9
20-Oct-2022 15:00, 0.996,  19.3,  16.3, 1014.9, 0.123, 0.144,   87,   4.8,   0.3
20-Oct-2022 16:00, 0.995,  19.3,  16.7, 1014.4, 0.132, 0.148,  187,   1.7,   0.5
20-Oct-2022 17:00, 1.012,  19.3,  16.8, 1014.1, 0.149, 0.160,  190,   3.7,   1.0
20-Oct-2022 18:00, 1.034,  19.3,  17.3, 1013.6, 0.162, 0.170,  216,   2.5,   0.8
20-Oct-2022 19:00, 1.036,  19.3,  17.3, 1013.4, 0.149, 0.152,  279,   3.4,   2.1
20-Oct-2022 20:00, 1.080,  19.3,  17.3, 1013.5, 0.171, 0.172,  276,   4.5,   2.1
20-Oct-2022 21:00, 1.129,  19.3,  17.4, 1013.8, 0.199, 0.201,  269,   5.1,   2.5
20-Oct-2022 22:00, 1.116,  19.3,  17.3, 1014.2, 0.175, 0.181,  238,   5.7,   2.6
20-Oct-2022 23:00, 1.134,  19.3,  17.9, 1014.7, 0.196, 0.206,  248,   5.3,   4.1
21-Oct-2022 00:00, 1.097,  19.3,  17.9, 1015.4, 0.179, 0.194,  249,   6.2,   4.5
21-Oct-2022 01:00, 1.062,  19.3,  18.4, 1015.8, 0.182, 0.204,  235,   5.5,   3.4
21-Oct-2022 02:00, 0.997,  19.4,  18.0, 1016.0, 0.167, 0.192,  238,   5.9,   4.0
21-Oct-2022 03:00, 0.933,  19.4,  18.3, 1015.8, 0.163, 0.191,  235,   5.9,   3.5
21-Oct-2022 04:00, 0.871,  19.4,  18.8, 1015.0, 0.163, 0.187,  234,   5.7,   2.9
21-Oct-2022 05:00, 0.811,  19.4,  19.5, 1015.0, 0.145, 0.163,  210,   4.7,   2.2
21-Oct-2022 06:00, 0.793,  19.5,  18.9, 1014.8, 0.143, 0.160,  217,   4.7,   2.3
21-Oct-2022 07:00, 0.792,  19.5,  18.0, 1014.7, 0.132, 0.147,  220,   5.1,   3.4
21-Oct-2022 08:00, 0.818,  19.5,  18.1, 1014.3, 0.122, 0.136,  209,   4.8,   2.8
21-Oct-2022 09:00, 0.883,  19.5,  17.6, 1014.7, 0.136, 0.147,  205,   5.2,   2.9
21-Oct-2022 10:00, 0.920,  19.5,  17.6, 1014.9, 0.119, 0.134,  190,   4.6,   2.0
21-Oct-2022 11:00, 1.001,  19.5,  17.5, 1014.8, 0.151, 0.167,  180,   4.6,   2.1
21-Oct-2022 12:00, 1.021,  19.5,  17.1, 1016.1, 0.141, 0.157,  172,   4.2,   1.8
21-Oct-2022 13:00, 1.010,  19.4,  16.1, 1016.0, 0.121, 0.150,  160,   4.5,   2.3
21-Oct-2022 14:00, 1.024,  19.4,  15.4, 1014.8, 0.143, 0.169,   87,   4.8,   1.4
21-Oct-2022 15:00, 0.986,  19.4,  15.6, 1015.4, 0.129, 0.145,  151,   3.2,   0.9
21-Oct-2022 16:00, 0.961,  19.4,  15.4, 1014.9, 0.133, 0.153,  102,   2.9,   0.7
21-Oct-2022 17:00, 0.977,  19.4,  15.8, 1014.6, 0.166, 0.182,  172,   3.2,   1.7
21-Oct-2022 18:00, 0.956,  19.4,  15.3, 1014.1, 0.146, 0.159,  163,   4.9,   2.9
21-Oct-2022 19:00, 0.995,  19.4,  14.8, 1013.7, 0.171, 0.179,  146,   4.7,   1.5
21-Oct-2022 20:00, 0.999,  19.5,  14.8, 1013.9, 0.147, 0.151,  141,   4.0,   1.1
21-Oct-2022 21:00, 1.066,  19.5,  14.9, 1014.4, 0.180, 0.187,  159,   4.7,   2.7
21-Oct-2022 22:00, 1.056,  19.4,  14.8, 1015.3, 0.140, 0.152,  107,   4.7,   0.8
21-Oct-2022 23:00, 1.100,  19.4,  15.4, 1015.7, 0.164, 0.185,   76,   4.2,   2.0
22-Oct-2022 00:00, 1.096,  19.4,  16.2, 1016.1, 0.159, 0.184,   72,   6.0,   3.7
22-Oct-2022 01:00, 1.060,  19.4,  17.7, 1016.2, 0.147, 0.175,   59,   6.5,   3.3
22-Oct-2022 02:00, 1.043,  19.4,  18.8, 1016.0, 0.172, 0.202,   69,   6.0,   2.3
22-Oct-2022 03:00, 0.974,  19.4,  19.7, 1015.5, 0.162, 0.189,   24,   4.8,   1.4
22-Oct-2022 04:00, 0.899,  19.5,  18.1, 1014.8, 0.153, 0.174,  246,   4.8,   3.7
22-Oct-2022 05:00, 0.874,  19.5,  18.8, 1014.4, 0.177, 0.192,  225,   4.8,   3.5
22-Oct-2022 06:00, 0.828,  19.6,  19.2, 1013.9, 0.153, 0.164,  221,   5.9,   3.8
22-Oct-2022 07:00, 0.861,  19.6,  19.5, 1013.1, 0.177, 0.183,  197,   5.6,   2.6
22-Oct-2022 08:00, 0.891,  19.6,  19.1, 1012.9, 0.169, 0.167,  206,   5.6,   3.2
22-Oct-2022 09:00, 0.950,  19.7,  19.1, 1013.0, 0.175, 0.172,  205,   6.0,   3.3
22-Oct-2022 10:00, 0.996,  19.7,  18.8, 1013.2, 0.163, 0.161,  199,   6.4,   2.5
22-Oct-2022 11:00, 1.068,  19.7,  18.4, 1013.4, 0.182, 0.182,  192,   5.4,   2.1
22-Oct-2022 12:00, 1.110,  19.6,  18.4, 1013.8, 0.191, 0.193,  190,   4.8,   1.6
22-Oct-2022 13:00, 1.082,  19.6,  18.2, 1014.1, 0.157, 0.163,  182,   4.3,   1.8
22-Oct-2022 14:00, 1.093,  19.6,  18.0, 1013.7, 0.188, 0.197,  180,   4.4,   1.8
22-Oct-2022 15:00, 1.054,  19.6,  17.4, 1012.8, 0.189, 0.192,  178,   4.0,   1.9
22-Oct-2022 16:00, 0.991,  19.6,  17.3, 1012.5, 0.177, 0.172,  186,   4.0,   1.2
22-Oct-2022 17:00, 0.992,  19.6,  17.3, 1011.7, 0.220, 0.212,  162,   4.3,   1.8
22-Oct-2022 18:00, 0.961,  19.6,  16.9, 1011.0, 0.209, 0.193,  140,   4.1,   1.1
22-Oct-2022 19:00, 0.972,  19.5,  16.1, 1011.0, 0.219, 0.196,   59,   2.5,   0.6
22-Oct-2022 20:00, 0.988,  19.5,  15.2, 1010.8, 0.211, 0.188,   53,   1.4,   0.3
22-Oct-2022 21:00, 1.041,  19.5,  14.7, 1010.7, 0.226, 0.201,   61,   1.7,   0.9
22-Oct-2022 22:00, 1.083,  19.5,  14.7, 1010.9, 0.227, 0.202,   89,   2.7,   0.7
22-Oct-2022 23:00, 1.131,  19.5,  15.4, 1010.6, 0.234, 0.210,   72,   4.8,   2.8
23-Oct-2022 00:00, 1.152,  19.5,  17.9, 1010.8, 0.232, 0.206,   64,   4.3,   2.2
23-Oct-2022 01:00, 1.161,  19.5,  19.7, 1010.2, 0.241, 0.216,   68,   5.0,   2.8
23-Oct-2022 02:00, 1.134,  19.5,  20.6, 1010.0, 0.240, 0.210,   51,   5.1,   1.2
23-Oct-2022 03:00, 1.087,  19.5,  19.0, 1009.2, 0.241, 0.208,  236,   2.2,   0.3
23-Oct-2022 04:00, 1.018,  19.5,  20.0, 1008.8, 0.235, 0.194,   62,   2.3,   1.1
23-Oct-2022 05:00, 0.958,  19.5,  18.2, 1009.4, 0.229, 0.185,  207,   2.9,   1.6
23-Oct-2022 06:00, 0.896,  19.5,  17.3, 1008.7, 0.191, 0.152,  187,   4.4,   1.7
23-Oct-2022 07:00, 0.924,  19.6,  17.1, 1007.9, 0.211, 0.166,  193,   4.2,   1.9
23-Oct-2022 08:00, 0.972,  19.6,  17.2, 1007.0, 0.220, 0.165,  180,   6.4,   3.0
23-Oct-2022 09:00, 0.988,  19.6,  17.2, 1006.8, 0.176, 0.114,  160,   6.8,   2.6
23-Oct-2022 10:00, 1.082,  19.5,  17.0, 1007.4, 0.211, 0.147,  182,   4.7,   1.6
23-Oct-2022 11:00, 1.126,  19.5,  16.7, 1008.0, 0.196, 0.139,  165,   5.2,   1.8
23-Oct-2022 12:00, 1.171,  19.5,  15.9, 1008.6, 0.203, 0.152,  164,   5.3,   2.2
23-Oct-2022 13:00, 1.189,  19.5,  15.4, 1008.9, 0.214, 0.168,  147,   5.1,   1.1
23-Oct-2022 14:00, 1.148,  19.5,  15.2, 1008.7, 0.195, 0.152,  150,   5.6,   2.3
23-Oct-2022 15:00, 1.102,  19.5,  15.0, 1008.3, 0.201, 0.156,  187,   3.2,   0.7
23-Oct-2022 16:00, 1.043,  19.5,  14.7, 1007.7, 0.214, 0.164,  124,   3.5,   0.2
23-Oct-2022 17:00, 0.964,  19.5,  15.1, 1007.5, 0.207, 0.151,  158,   2.2,   1.1
23-Oct-2022 18:00, 0.942,  19.5,  14.7, 1007.2, 0.232, 0.175,   62,   2.1,   0.7
23-Oct-2022 19:00, 0.910,  19.5,  14.5, 1007.2, 0.222, 0.162,   50,   1.6,   0.7
23-Oct-2022 20:00, 0.902,  19.5,  14.3, 1007.2, 0.207, 0.147,   53,   1.7,   1.0
23-Oct-2022 21:00, 0.957,  19.5,  17.4, 1007.4, 0.229, 0.169,  197,   6.1,   3.4
23-Oct-2022 22:00, 1.010,  19.5,  17.6, 1007.8, 0.241, 0.183,  207,   9.0,   5.1
23-Oct-2022 23:00, 1.032,  19.5,  17.4, 1008.5, 0.213, 0.160,  198,   9.3,   3.0
24-Oct-2022 00:00, 1.090,  19.4,  17.5, 1008.8, 0.225, 0.178,  198,   8.5,   4.1
24-Oct-2022 01:00, 1.103,  19.5,  18.2, 1009.2, 0.214, 0.170,  204,   8.9,   5.0
24-Oct-2022 02:00, 1.073,  19.5,  18.4, 1009.2, 0.184, 0.144,  208,   8.7,   4.1
24-Oct-2022 03:00, 1.081,  19.5,  18.5, 1009.2, 0.222, 0.182,  224,   7.6,   5.3
24-Oct-2022 04:00, 1.006,  19.4,  18.8, 1009.0, 0.196, 0.155,  216,   9.0,   5.2
24-Oct-2022 05:00, 0.927,  19.4,  19.1, 1009.1, 0.168, 0.126,  219,   9.5,   6.2
24-Oct-2022 06:00, 0.914,  19.4,  18.9, 1009.1, 0.181, 0.140,  222,  10.1,   5.9
24-Oct-2022 07:00, 0.888,  19.5,  18.8, 1009.3, 0.146, 0.106,  219,  11.1,   7.2
24-Oct-2022 08:00, 0.934,  19.6,  18.5, 1009.4, 0.153, 0.114,  219,  11.7,   7.4
24-Oct-2022 09:00, 0.995,  19.6,  18.4, 1010.0, 0.147, 0.109,  223,  11.5,   8.0
24-Oct-2022 10:00, 1.046,  19.7,  18.3, 1010.7, 0.131, 0.100,  211,  11.1,   5.7
24-Oct-2022 11:00, 1.125,  19.6,  18.2, 1011.4, 0.150, 0.125,  207,  10.5,   5.6
24-Oct-2022 12:00, 1.153,  19.6,  18.0, 1012.3, 0.131, 0.114,  218,  11.5,   7.3
24-Oct-2022 13:00, 1.151,  19.7,  17.9, 1012.9, 0.115, 0.107,  201,  10.6,   5.7
24-Oct-2022 14:00, 1.144,  19.7,  17.8, 1013.0, 0.128, 0.124,  195,  10.1,   3.5
24-Oct-2022 15:00, 1.062,  19.7,  17.5, 1013.1, 0.100, 0.098,  194,   8.0,   3.4
24-Oct-2022 16:00, 1.002,  19.7,  17.5, 1013.0, 0.126, 0.125,  198,   8.5,   3.8
24-Oct-2022 17:00, 0.905,  19.6,  17.2, 1012.8, 0.126, 0.124,  194,   8.4,   3.4
24-Oct-2022 18:00, 0.813,  19.6,  16.9, 1012.9, 0.116, 0.112,  164,   6.7,   2.8
24-Oct-2022 19:00, 0.766,  19.6,  15.7, 1013.2, 0.118, 0.115,  150,   6.0,   2.4
24-Oct-2022 20:00, 0.764,  19.5,  15.1, 1013.5, 0.138, 0.138,  153,   4.8,   1.8
24-Oct-2022 21:00, 0.756,  19.5,  15.0, 1014.1, 0.116, 0.119,  162,   5.3,   2.7
24-Oct-2022 22:00, 0.798,  19.5,  15.2, 1014.7, 0.127, 0.136,  163,   6.5,   3.0
24-Oct-2022 23:00, 0.836,  19.5,  15.6, 1015.4, 0.119, 0.134,  162,   6.9,   2.8
25-Oct-2022 00:00, 0.868,  19.5,  16.4, 1016.2, 0.094, 0.116,  170,   6.3,   2.3
25-Oct-2022 01:00, 0.912,  19.5,  16.7, 1016.8, 0.094, 0.124,  208,   7.5,   4.1
25-Oct-2022 02:00, 0.949,  19.5,  17.9, 1017.1, 0.105, 0.141,  195,   7.6,   3.0
25-Oct-2022 03:00, 0.928,  19.5,  17.9, 1016.9, 0.084, 0.121,  196,   8.2,   3.2
25-Oct-2022 04:00, 0.906,  19.5,  17.5, 1016.8, 0.091, 0.127,  203,   7.1,   3.4
25-Oct-2022 05:00, 0.837,  19.6,  17.8, 1016.5, 0.061, 0.096,  207,   7.0,   4.0
25-Oct-2022 06:00, 0.809,  19.5,  18.0, 1016.5, 0.057, 0.090,  210,   8.0,   4.0
25-Oct-2022 07:00, 0.825,  19.6,  18.1, 1016.5, 0.062, 0.094,  216,   7.2,   3.9
25-Oct-2022 08:00, 0.862,  19.6,  18.2, 1016.5, 0.056, 0.088,  208,   7.0,   3.0
25-Oct-2022 09:00, 0.918,  19.6,  17.7, 1016.7, 0.042, 0.074,  206,   6.7,   3.8
25-Oct-2022 10:00, 0.998,  19.6,  17.6, 1017.2, 0.045, 0.080,  216,   6.8,   3.5
25-Oct-2022 11:00, 1.065,  19.6,  17.4, 1017.5, 0.048, 0.088,  216,   6.9,   3.7
25-Oct-2022 12:00, 1.114,  19.6,  17.1, 1017.8, 0.043, 0.085,  204,   5.9,   3.3
25-Oct-2022 13:00, 1.150,  19.6,  17.1, 1018.0, 0.056, 0.101,  213,   6.1,   3.0
25-Oct-2022 14:00, 1.123,  19.6,  16.9, 1017.9, 0.041, 0.088,  209,   6.0,   3.4
25-Oct-2022 15:00, 1.075,  19.6,  16.8, 1017.6, 0.039, 0.085,  198,   6.0,   2.6
25-Oct-2022 16:00, 1.003,  19.5,  16.7, 1017.3, 0.054, 0.097,  195,   6.4,   3.0
25-Oct-2022 17:00, 0.905,  19.5,  16.6, 1017.0, 0.070, 0.110,  196,   6.1,   2.5
25-Oct-2022 18:00, 0.779,  19.5,  14.8, 1016.8, 0.054, 0.091,  148,   5.2,   1.2
25-Oct-2022 19:00, 0.690,  19.4,  14.1, 1016.6, 0.048, 0.083,  133,   4.2,   0.9
25-Oct-2022 20:00, 0.638,  19.4,  13.4, 1016.8, 0.047, 0.080,   86,   3.8,   1.3
25-Oct-2022 21:00, 0.632,  19.4,  12.8, 1017.0, 0.059, 0.094,   80,   3.3,   1.9
25-Oct-2022 22:00, 0.642,  19.3,  12.4, 1017.5, 0.057, 0.095,   74,   2.7,   1.4
25-Oct-2022 23:00, 0.688,  19.3,  14.7, 1018.1, 0.075, 0.119,   70,   2.9,   0.7
26-Oct-2022 00:00, 0.725,  19.3,  16.0, 1017.9, 0.061, 0.109,  161,   2.4,   1.1
26-Oct-2022 01:00, 0.782,  19.4,  16.7, 1018.1, 0.063, 0.109,  238,   3.5,   1.9
26-Oct-2022 02:00, 0.839,  19.4,  17.4, 1017.9, 0.079, 0.127,  227,   3.8,   3.0
26-Oct-2022 03:00, 0.866,  19.4,  18.0, 1017.4, 0.076, 0.122,  224,   5.8,   3.4
26-Oct-2022 04:00, 0.868,  19.4,  18.3, 1016.7, 0.076, 0.117,  216,   7.0,   4.0
26-Oct-2022 05:00, 0.841,  19.4,  18.0, 1016.2, 0.069, 0.103,  204,   8.5,   4.5
26-Oct-2022 06:00, 0.819,  19.4,  18.1, 1015.8, 0.062, 0.091,  204,   8.3,   5.1
26-Oct-2022 07:00, 0.820,  19.4,  18.1, 1015.4, 0.050, 0.075,  206,   9.1,   5.5
26-Oct-2022 08:00, 0.885,  19.5,  18.1, 1015.2, 0.066, 0.087,  203,   9.1,   5.0
26-Oct-2022 09:00, 0.946,  19.5,  18.1, 1015.1, 0.056, 0.075,  198,   9.4,   3.9
26-Oct-2022 10:00, 1.020,  19.6,  17.6, 1015.3, 0.044, 0.062,  200,   9.3,   4.8
26-Oct-2022 11:00, 1.112,  19.5,  17.3, 1015.3, 0.064, 0.084,  192,   8.1,   3.3
26-Oct-2022 12:00, 1.150,  19.4,  17.3, 1015.6, 0.044, 0.064,  182,   7.5,   3.1
26-Oct-2022 13:00, 1.198,  19.4,  16.8, 1015.8, 0.055, 0.079,  167,   6.8,   2.6
26-Oct-2022 14:00, 1.184,  19.4,  16.6, 1015.7, 0.045, 0.070,  178,   5.2,   2.1
26-Oct-2022 15:00, 1.141,  19.4,  15.7, 1015.6, 0.037, 0.061,  144,   4.6,   1.2
26-Oct-2022 16:00, 1.074,  19.4,  14.7, 1015.5, 0.041, 0.065,   90,   3.2,   1.5
26-Oct-2022 17:00, 0.964,  19.4,  14.3, 1014.8, 0.045, 0.066,   88,   4.2,   2.2
26-Oct-2022 18:00, 0.835,  19.3,  13.8, 1014.6, 0.042, 0.057,   93,   4.8,   1.8
26-Oct-2022 19:00, 0.713,  19.2,  13.3, 1014.6, 0.032, 0.045,   96,   5.0,   1.5
26-Oct-2022 20:00, 0.634,  19.2,  13.0, 1014.8, 0.034, 0.048,   87,   4.8,   2.2
26-Oct-2022 21:00, 0.564,  19.1,  12.6, 1014.9, 0.015, 0.030,   82,   5.4,   2.7
26-Oct-2022 22:00, 0.578,  19.1,  12.7, 1015.2, 0.046, 0.063,   84,   5.8,   2.7
26-Oct-2022 23:00, 0.561,  19.0,  14.0, 1015.2, 0.026, 0.046,   92,   6.8,   2.9
27-Oct-2022 00:00, 0.577,  19.0,  14.9, 1015.2, 0.017, 0.036,   88,   7.5,   3.0
27-Oct-2022 01:00, 0.643,  19.1,  16.3, 1015.0, 0.031, 0.050,   93,   6.3,   2.1
27-Oct-2022 02:00, 0.693,  19.1,  18.1, 1014.2, 0.035, 0.052,  106,   6.1,   2.0
27-Oct-2022 03:00, 0.728,  19.2,  19.8, 1013.4, 0.028, 0.037,  178,   6.4,   2.0
27-Oct-2022 04:00, 0.771,  19.2,  18.5, 1012.3, 0.037, 0.037,  211,   6.7,   3.8
27-Oct-2022 05:00, 0.772,  19.2,  19.3, 1012.1, 0.032, 0.022,  216,   7.7,   4.4
27-Oct-2022 06:00, 0.787,  19.3,  18.7, 1011.6, 0.047, 0.035,  213,   8.2,   4.7
27-Oct-2022 07:00, 0.789,  19.3,  17.9, 1010.8, 0.030, 0.012,  203,  10.6,   5.6
27-Oct-2022 08:00, 0.845,  19.4,  17.8, 1010.4, 0.035, 0.010,  202,  10.8,   5.4
27-Oct-2022 09:00, 0.915,  19.4,  17.9, 1010.1, 0.028,-0.001,  201,  11.2,   5.9
27-Oct-2022 10:00, 0.998,  19.4,  17.6, 1010.2, 0.021,-0.010,  193,  10.7,   4.2
27-Oct-2022 11:00, 1.083,  19.4,  17.8, 1010.1, 0.023,-0.007,  193,   9.9,   4.1
27-Oct-2022 12:00, 1.140,  19.4,  18.2, 1010.1, 0.020,-0.012,  187,   8.5,   3.4
27-Oct-2022 13:00, 1.186,  19.3,  17.9, 1010.4, 0.017,-0.014,  170,   7.6,   2.6
27-Oct-2022 14:00, 1.170,  19.3,  17.3, 1010.5,-0.010,-0.038,  171,   6.6,   2.3
27-Oct-2022 15:00, 1.139,  19.3,  16.6, 1010.5,-0.014,-0.041,  170,   5.2,   2.3
27-Oct-2022 16:00, 1.091,  19.3,  16.1, 1010.4,-0.013,-0.041,  167,   5.6,   2.3
27-Oct-2022 17:00, 0.995,  19.3,  15.3, 1010.2,-0.016,-0.044,  111,   4.6,   0.5
27-Oct-2022 18:00, 0.861,  19.2,  15.0, 1010.0,-0.025,-0.056,  134,   3.8,   1.0
27-Oct-2022 19:00, 0.725,  19.2,  14.1, 1009.8,-0.035,-0.068,   91,   3.4,   0.8
27-Oct-2022 20:00, 0.617,  19.2,  14.1, 1009.9,-0.037,-0.071,  135,   5.4,   1.1
27-Oct-2022 21:00, 0.541,  19.1,  13.9, 1010.0,-0.036,-0.069,  142,   3.7,   1.5
27-Oct-2022 22:00, 0.487,  19.1,  13.9, 1010.1,-0.042,-0.075,  104,   5.5,   1.9
27-Oct-2022 23:00, 0.460,  19.0,  15.4, 1010.3,-0.046,-0.076,  126,   6.2,   1.8
28-Oct-2022 00:00, 0.453,  19.0,  16.0, 1010.0,-0.044,-0.074,  113,   8.8,   2.5
28-Oct-2022 01:00, 0.474,  19.1,  18.3, 1009.8,-0.049,-0.082,  119,   7.3,   2.2
28-Oct-2022 02:00, 0.525,  19.1,  20.1, 1009.2,-0.039,-0.073,   85,   8.0,   2.8
28-Oct-2022 03:00, 0.568,  19.1,  21.4, 1008.4,-0.031,-0.072,  129,   8.6,   2.5
28-Oct-2022 04:00, 0.612,  19.2,  22.7, 1007.5,-0.034,-0.083,   93,   7.5,   2.6
28-Oct-2022 05:00, 0.636,  19.2,  23.8, 1006.7,-0.046,-0.104,  128,   8.5,   2.5
28-Oct-2022 06:00, 0.695,  19.3,  24.9, 1005.8,-0.006,-0.072,   86,   8.0,   3.0
28-Oct-2022 07:00, 0.694,  19.4,  25.5, 1005.0,-0.037,-0.111,   90,   7.0,   3.8
28-Oct-2022 08:00, 0.765,  19.4,  25.7, 1004.3,-0.016,-0.100,  147,   7.9,   2.4
28-Oct-2022 09:00, 0.848,  19.4,  25.2, 1004.4,-0.013,-0.102,  109,   9.1,   2.8
28-Oct-2022 10:00, 0.916,  19.4,  24.4, 1004.2,-0.038,-0.126,  131,   7.6,   2.2
28-Oct-2022 11:00, 1.035,  19.3,  23.2, 1004.7,-0.010,-0.100,  117,   8.6,   1.4
28-Oct-2022 12:00, 1.086,  19.3,  22.0, 1005.2,-0.025,-0.110,  140,   7.4,   2.5
28-Oct-2022 13:00, 1.101,  19.3,  21.1, 1005.5,-0.062,-0.141,  114,   8.8,   2.7
28-Oct-2022 14:00, 1.157,  19.3,  20.2, 1005.4,-0.037,-0.114,  100,   8.9,   2.6
28-Oct-2022 15:00, 1.136,  19.3,  18.8, 1004.8,-0.044,-0.122,   93,  10.4,   3.4
28-Oct-2022 16:00, 1.092,  19.3,  17.4, 1004.1,-0.052,-0.138,   95,  10.4,   3.0
28-Oct-2022 17:00, 1.061,  19.3,  16.8, 1004.4,-0.023,-0.113,  101,   9.3,   2.6
28-Oct-2022 18:00, 0.954,  19.2,  15.9, 1004.0,-0.026,-0.114,  123,   8.0,   2.0
28-Oct-2022 19:00, 0.827,  19.2,  15.4, 1003.7,-0.035,-0.127,  154,   8.5,   4.4
28-Oct-2022 20:00, 0.722,  19.2,  14.8, 1004.1,-0.023,-0.118,  150,   7.9,   2.6
28-Oct-2022 21:00, 0.617,  19.1,  14.8, 1004.6,-0.032,-0.122,  160,   7.0,   3.7
28-Oct-2022 22:00, 0.551,  19.1,  14.7, 1004.8,-0.027,-0.113,  149,   7.7,   2.5
28-Oct-2022 23:00, 0.513,  19.0,  14.8, 1005.4,-0.018,-0.101,  159,   7.6,   3.7
29-Oct-2022 00:00, 0.470,  19.0,  15.1, 1005.4,-0.023,-0.101,  164,   7.6,   3.3
29-Oct-2022 01:00, 0.430,  19.0,  15.4, 1005.1,-0.050,-0.128,  168,   6.1,   2.7
29-Oct-2022 02:00, 0.471,  19.0,  16.8, 1004.7,-0.028,-0.110,  151,   6.5,   2.8
29-Oct-2022 03:00, 0.501,  19.0,  16.8, 1004.4,-0.020,-0.105,  164,   7.1,   2.8
29-Oct-2022 04:00, 0.505,  19.0,  15.3, 1004.6,-0.049,-0.137,  176,   7.4,   2.4
29-Oct-2022 05:00, 0.548,  19.0,  14.9, 1005.1,-0.057,-0.142,  168,   8.5,   3.0
29-Oct-2022 06:00, 0.590,  19.1,  15.4, 1005.2,-0.054,-0.135,  174,   9.0,   2.7
29-Oct-2022 07:00, 0.622,  19.1,  15.2, 1005.7,-0.064,-0.144,  172,   8.8,   2.4
29-Oct-2022 08:00, 0.668,  19.1,  15.8, 1006.2,-0.074,-0.148,  190,   8.1,   3.5
29-Oct-2022 09:00, 0.735,  18.9,  16.3, 1007.0,-0.081,-0.150,  177,   8.5,   3.3
29-Oct-2022 10:00, 0.823,  18.9,  16.1, 1008.0,-0.085,-0.146,  189,   9.2,   3.5
29-Oct-2022 11:00, 0.931,  18.8,  15.6, 1008.6,-0.073,-0.125,  177,   8.7,   4.3
29-Oct-2022 12:00, 0.990,  18.8,  15.2, 1009.5,-0.090,-0.135,  171,   9.1,   4.0
29-Oct-2022 13:00, 1.030,  18.8,  14.5, 1009.9,-0.098,-0.135,  175,   8.5,   3.5
29-Oct-2022 14:00, 1.105,  18.7,  14.7, 1009.9,-0.066,-0.099,  171,   8.1,   3.1
29-Oct-2022 15:00, 1.093,  18.7,  14.0, 1009.7,-0.085,-0.119,  167,   7.6,   3.2
29-Oct-2022 16:00, 1.088,  18.6,  13.6, 1010.0,-0.063,-0.098,  172,   7.3,   3.1
29-Oct-2022 17:00, 1.055,  18.6,  12.6, 1010.2,-0.062,-0.095,  170,   7.1,   3.9
29-Oct-2022 18:00, 0.921,  18.6,  12.4, 1011.2,-0.127,-0.156,  175,  12.4,   6.2
29-Oct-2022 19:00, 0.815,  18.6,  12.0, 1011.6,-0.137,-0.157,  167,  12.6,   5.3
29-Oct-2022 20:00, 0.702,  18.5,  11.6, 1012.3,-0.147,-0.163,  172,  11.2,   4.4
29-Oct-2022 21:00, 0.594,  18.5,  11.4, 1013.2,-0.153,-0.162,  168,  12.4,   4.7
29-Oct-2022 22:00, 0.481,  18.4,  11.5, 1014.7,-0.182,-0.181,  172,   8.5,   3.5
29-Oct-2022 23:00, 0.412,  18.4,  12.4, 1015.7,-0.188,-0.173,  173,  11.0,   5.0
30-Oct-2022 00:00, 0.370,  18.3,  13.0, 1016.3,-0.177,-0.152,  173,  10.9,   4.4
30-Oct-2022 01:00, 0.292,  18.3,  13.9, 1016.9,-0.206,-0.175,  187,  10.2,   4.8
30-Oct-2022 02:00, 0.294,  18.2,  14.4, 1017.0,-0.188,-0.152,  192,  11.7,   5.1
30-Oct-2022 03:00, 0.316,  18.2,  14.9, 1017.0,-0.170,-0.133,  193,   9.7,   3.7
30-Oct-2022 04:00, 0.290,  18.1,  15.1, 1017.0,-0.203,-0.166,  202,   9.7,   4.4
30-Oct-2022 05:00, 0.379,  18.1,  14.8, 1017.0,-0.154,-0.117,  222,   9.1,   5.9
30-Oct-2022 06:00, 0.400,  18.1,  15.3, 1016.9,-0.185,-0.148,  206,   9.5,   4.8
30-Oct-2022 07:00, 0.459,  18.2,  15.1, 1016.7,-0.175,-0.139,  203,   9.9,   5.1
30-Oct-2022 08:00, 0.522,  18.3,  15.1, 1016.9,-0.176,-0.142,  205,  10.3,   5.2
30-Oct-2022 09:00, 0.560,  18.3,  15.1, 1017.3,-0.208,-0.172,  201,   9.9,   5.6
30-Oct-2022 10:00, 0.670,  18.3,  15.2, 1017.7,-0.180,-0.140,  197,  10.1,   4.8
30-Oct-2022 11:00, 0.744,  18.3,  15.3, 1018.5,-0.199,-0.154,  189,  10.3,   4.3
30-Oct-2022 12:00, 0.827,  18.2,  15.3, 1019.3,-0.197,-0.145,  181,  11.3,   4.6
30-Oct-2022 13:00, 0.861,  18.2,  14.3, 1020.6,-0.215,-0.153,  175,  10.5,   4.9
30-Oct-2022 14:00, 0.894,  18.2,  13.4, 1021.3,-0.221,-0.147,  160,  10.2,   4.6
30-Oct-2022 15:00, 0.918,  18.2,  12.8, 1021.8,-0.225,-0.144,  158,   8.1,   3.3
30-Oct-2022 16:00, 0.927,  18.1,  12.3, 1022.0,-0.204,-0.118,  159,   5.5,   2.5
30-Oct-2022 17:00, 0.901,  18.1,  11.9, 1021.9,-0.207,-0.120,  146,   5.1,   1.2
30-Oct-2022 18:00, 0.862,  18.1,  11.9, 1021.8,-0.214,-0.128,  158,   4.7,   2.4
30-Oct-2022 19:00, 0.812,  18.1,  11.0, 1022.0,-0.198,-0.112,  107,   4.1,   0.6
30-Oct-2022 20:00, 0.738,  18.0,  10.9, 1022.3,-0.196,-0.109,   84,   3.7,   0.9
30-Oct-2022 21:00, 0.646,  18.0,   9.6, 1023.4,-0.204,-0.113,   47,   2.2,   1.2
30-Oct-2022 22:00, 0.559,  18.0,   9.8, 1024.1,-0.203,-0.102,   26,   2.4,   1.0
30-Oct-2022 23:00, 0.482,  18.0,  11.6, 1024.6,-0.211,-0.103,   67,   2.3,   1.1
31-Oct-2022 00:00, 0.431,  18.0,  13.9, 1024.9,-0.204,-0.091,  167,   3.2,   1.4
31-Oct-2022 01:00, 0.350,  17.9,  15.5, 1025.0,-0.222,-0.106,  181,   6.1,   2.2
31-Oct-2022 02:00, 0.300,  17.9,  16.5, 1025.2,-0.219,-0.102,  191,   6.6,   3.2
31-Oct-2022 03:00, 0.292,  18.0,  17.1, 1025.0,-0.207,-0.088,  191,   7.4,   2.8
31-Oct-2022 04:00, 0.249,  18.1,  17.0, 1024.7,-0.235,-0.118,  196,   7.4,   3.9
31-Oct-2022 05:00, 0.269,  18.2,  17.1, 1024.4,-0.224,-0.111,  208,   8.1,   4.1
31-Oct-2022 06:00, 0.337,  18.2,  16.8, 1024.2,-0.204,-0.094,  210,   7.9,   4.2
31-Oct-2022 07:00, 0.357,  18.2,  16.9, 1024.0,-0.236,-0.128,  207,   9.0,   4.9
31-Oct-2022 08:00, 0.448,  18.3,  16.9, 1023.8,-0.208,-0.102,  202,   9.0,   5.5
31-Oct-2022 09:00, 0.504,  18.3,  17.0, 1024.1,-0.227,-0.122,  201,   9.3,   5.2
31-Oct-2022 10:00, 0.580,  18.3,  16.7, 1024.4,-0.222,-0.114,  199,   9.2,   4.6
31-Oct-2022 11:00, 0.638,  18.3,  16.4, 1024.8,-0.240,-0.128,  200,  10.2,   4.4
31-Oct-2022 12:00, 0.737,  18.3,  16.4, 1025.5,-0.218,-0.103,  191,   8.7,   3.6
31-Oct-2022 13:00, 0.765,  18.3,  16.2, 1025.9,-0.246,-0.124,  187,   7.1,   3.6
31-Oct-2022 14:00, 0.805,  18.2,  15.4, 1025.8,-0.237,-0.111,  171,   6.8,   2.5
31-Oct-2022 15:00, 0.846,  18.2,  14.7, 1025.7,-0.228,-0.104,  163,   6.7,   3.5
31-Oct-2022 16:00, 0.822,  18.2,  14.1, 1025.5,-0.260,-0.137,  161,   7.7,   4.0
31-Oct-2022 17:00, 0.844,  18.2,  13.7, 1025.1,-0.223,-0.102,  161,   7.2,   3.6
31-Oct-2022 18:00, 0.827,  18.1,  13.0, 1024.8,-0.231,-0.113,  150,   6.5,   2.6
31-Oct-2022 19:00, 0.788,  18.1,  12.2, 1024.8,-0.241,-0.126,  104,   5.7,   0.7
31-Oct-2022 20:00, 0.744,  18.1,  11.3, 1025.1,-0.233,-0.118,   81,   3.1,   1.0
31-Oct-2022 21:00, 0.704,  18.0,  11.3, 1025.5,-0.221,-0.103,   93,   2.3,   0.8
31-Oct-2022 22:00, 0.617,  18.0,  11.8, 1026.1,-0.240,-0.117,   83,   2.2,   0.5
31-Oct-2022 23:00, 0.552,  18.0,  13.1, 1026.7,-0.235,-0.107,  104,   4.1,   1.5
01-Nov-2022 00:00, 0.505,  18.0,  13.3, 1027.0,-0.224,-0.090,  106,   5.6,   1.6
01-Nov-2022 01:00, 0.426,  18.0,  14.0, 1026.7,-0.243,-0.106,  171,   4.6,   1.7
01-Nov-2022 02:00, 0.361,  18.0,  15.3, 1026.2,-0.238,-0.105,  194,   4.1,   1.4
01-Nov-2022 03:00, 0.326,  18.1,  15.4, 1025.4,-0.224,-0.096,  222,   5.6,   3.2
01-Nov-2022 04:00, 0.296,  18.1,  15.6, 1024.8,-0.226,-0.106,  225,   6.2,   3.9
01-Nov-2022 05:00, 0.280,  18.3,  16.4, 1024.1,-0.223,-0.109,  214,   6.9,   3.9
01-Nov-2022 06:00, 0.325,  18.4,  17.1, 1023.4,-0.202,-0.095,  207,   7.5,   3.7
01-Nov-2022 07:00, 0.367,  18.4,  17.0, 1022.7,-0.214,-0.114,  202,   7.6,   4.2
01-Nov-2022 08:00, 0.441,  18.5,  17.2, 1022.3,-0.195,-0.102,  200,   7.8,   3.9
01-Nov-2022 09:00, 0.494,  18.6,  17.5, 1022.1,-0.215,-0.125,  191,   7.0,   3.1
01-Nov-2022 10:00, 0.566,  18.5,  17.4, 1022.2,-0.212,-0.124,  192,   7.3,   3.0
01-Nov-2022 11:00, 0.634,  18.4,  17.2, 1022.4,-0.202,-0.113,  195,   8.3,   3.6
01-Nov-2022 12:00, 0.677,  18.4,  17.4, 1022.8,-0.218,-0.126,  190,   7.4,   2.4
01-Nov-2022 13:00, 0.733,  18.4,  17.5, 1022.9,-0.212,-0.117,  174,   6.0,   2.6
01-Nov-2022 14:00, 0.765,  18.4,  17.1, 1022.8,-0.205,-0.110,  156,   4.9,   2.3
01-Nov-2022 15:00, 0.785,  18.4,  16.7, 1022.8,-0.204,-0.109,  157,   4.2,   2.0
01-Nov-2022 16:00, 0.802,  18.3,  16.4, 1022.5,-0.207,-0.113,  160,   3.3,   1.7
01-Nov-2022 17:00, 0.800,  18.3,  16.3, 1022.6,-0.204,-0.112,  148,   3.4,   1.1
01-Nov-2022 18:00, 0.783,  18.3,  16.0, 1022.2,-0.216,-0.124,  123,   4.1,   1.3
01-Nov-2022 19:00, 0.796,  18.4,  15.7, 1021.8,-0.205,-0.117,   88,   5.8,   2.6
01-Nov-2022 20:00, 0.783,  18.4,  15.4, 1022.0,-0.198,-0.113,   83,   7.2,   3.7
01-Nov-2022 21:00, 0.756,  18.3,  15.4, 1022.3,-0.196,-0.108,   82,   6.6,   3.3
01-Nov-2022 22:00, 0.752,  18.3,  15.6, 1022.8,-0.165,-0.075,   84,   6.9,   3.3
01-Nov-2022 23:00, 0.659,  18.3,  16.9, 1023.6,-0.205,-0.110,   81,   7.4,   3.5
02-Nov-2022 00:00, 0.617,  18.3,  18.3, 1023.7,-0.193,-0.090,   74,   7.7,   4.5
02-Nov-2022 01:00, 0.582,  18.3,  19.5, 1023.5,-0.176,-0.073,   75,   9.7,   4.1
02-Nov-2022 02:00, 0.489,  18.3,  20.9, 1023.1,-0.204,-0.102,   84,   7.6,   2.8
02-Nov-2022 03:00, 0.446,  18.3,  22.3, 1022.4,-0.180,-0.083,  111,   6.5,   1.5
02-Nov-2022 04:00, 0.426,  18.3,  21.0, 1021.6,-0.158,-0.068,  215,   7.5,   2.3
02-Nov-2022 05:00, 0.389,  18.4,  20.3, 1021.0,-0.166,-0.084,  216,   6.9,   4.0
02-Nov-2022 06:00, 0.375,  18.5,  19.9, 1020.5,-0.176,-0.100,  198,   8.1,   3.0
02-Nov-2022 07:00, 0.452,  18.6,  19.6, 1020.1,-0.142,-0.070,  193,   7.5,   3.8
02-Nov-2022 08:00, 0.500,  18.7,  19.5, 1019.9,-0.152,-0.083,  194,   7.2,   3.5
02-Nov-2022 09:00, 0.554,  18.8,  19.5, 1019.5,-0.158,-0.093,  187,   7.2,   2.6
02-Nov-2022 10:00, 0.640,  18.8,  19.0, 1019.8,-0.140,-0.078,  188,   6.3,   2.6
02-Nov-2022 11:00, 0.666,  18.8,  18.6, 1020.1,-0.165,-0.099,  180,   6.0,   2.5
02-Nov-2022 12:00, 0.708,  18.8,  18.5, 1020.2,-0.158,-0.090,  176,   5.4,   2.2
02-Nov-2022 13:00, 0.747,  18.7,  18.6, 1020.6,-0.150,-0.080,  171,   3.9,   1.1
02-Nov-2022 14:00, 0.760,  18.7,  18.3, 1020.0,-0.154,-0.081,  134,   3.0,   0.5
02-Nov-2022 15:00, 0.769,  18.7,  19.1, 1019.4,-0.144,-0.078,   99,   3.2,   1.5
02-Nov-2022 16:00, 0.790,  18.7,  19.2, 1018.6,-0.132,-0.072,   80,   4.9,   2.6
02-Nov-2022 17:00, 0.768,  18.6,  19.2, 1017.8,-0.160,-0.108,   79,   7.5,   3.9
02-Nov-2022 18:00, 0.790,  18.6,  18.7, 1017.1,-0.134,-0.090,   77,   9.0,   4.3
02-Nov-2022 19:00, 0.782,  18.6,  18.1, 1016.6,-0.152,-0.115,   78,   8.0,   4.3
02-Nov-2022 20:00, 0.806,  18.6,  18.1, 1016.6,-0.138,-0.104,   73,   7.7,   4.5
02-Nov-2022 21:00, 0.840,  18.6,  17.8, 1016.5,-0.097,-0.064,   73,  11.8,   6.7
02-Nov-2022 22:00, 0.834,  18.6,  17.8, 1017.1,-0.095,-0.062,   70,  11.1,   5.5
02-Nov-2022 23:00, 0.810,  18.5,  18.9, 1017.5,-0.096,-0.058,   75,  10.2,   4.8
03-Nov-2022 00:00, 0.786,  18.5,  21.2, 1017.4,-0.082,-0.040,   66,  11.1,   5.6
03-Nov-2022 01:00, 0.758,  18.5,  23.6, 1016.9,-0.065,-0.024,   60,  11.2,   5.1
03-Nov-2022 02:00, 0.729,  18.5,  25.9, 1016.1,-0.043,-0.008,   56,  11.2,   5.2
03-Nov-2022 03:00, 0.665,  18.6,  27.9, 1015.9,-0.042,-0.014,   19,   9.8,   3.1
03-Nov-2022 04:00, 0.622,  18.6,  29.4, 1014.8,-0.031,-0.005,   18,   7.6,   2.7
03-Nov-2022 05:00, 0.616,  18.8,  24.2, 1014.2,-0.007, 0.008,  258,   7.5,   1.9
03-Nov-2022 06:00, 0.600,  19.0,  25.2, 1013.6,-0.010,-0.001,  170,   3.9,   1.7
03-Nov-2022 07:00, 0.646,  19.0,  23.3, 1013.1, 0.014, 0.016,  142,   3.5,   2.5
03-Nov-2022 08:00, 0.701,  19.0,  22.3, 1013.5, 0.013, 0.011,  228,   4.3,   1.9
03-Nov-2022 09:00, 0.764,  19.0,  22.4, 1013.7, 0.015, 0.018,  232,   4.4,   1.3
03-Nov-2022 10:00, 0.831,  19.1,  23.8, 1013.7, 0.022, 0.026,  261,   2.0,   0.4
03-Nov-2022 11:00, 0.916,  19.2,  21.4, 1014.6, 0.058, 0.064,  341,   1.6,   0.2
03-Nov-2022 12:00, 0.925,  19.1,  20.4, 1015.0, 0.044, 0.058,  271,   2.1,   1.0
03-Nov-2022 13:00, 0.934,  19.1,  19.9, 1015.3, 0.047, 0.065,  255,   2.1,   0.8
03-Nov-2022 14:00, 0.951,  19.1,  19.7, 1015.3, 0.068, 0.088,  247,   2.5,   1.5
03-Nov-2022 15:00, 0.918,  19.2,  19.3, 1015.3, 0.051, 0.071,  246,   3.2,   2.6
03-Nov-2022 16:00, 0.900,  19.2,  19.0, 1015.2, 0.049, 0.069,  230,   4.3,   2.8
03-Nov-2022 17:00, 0.888,  19.2,  18.7, 1014.8, 0.042, 0.061,  214,   4.3,   2.1
03-Nov-2022 18:00, 0.904,  19.1,  18.4, 1015.0, 0.059, 0.074,  214,   3.8,   1.8
03-Nov-2022 19:00, 0.900,  19.1,  18.3, 1014.8, 0.050, 0.067,  226,   4.3,   3.2
03-Nov-2022 20:00, 0.906,  19.1,  18.2, 1014.8, 0.037, 0.053,  207,   5.4,   2.4
03-Nov-2022 21:00, 0.947,  19.1,  18.3, 1015.7, 0.061, 0.077,  214,   5.3,   2.9
03-Nov-2022 22:00, 0.955,  19.1,  18.4, 1016.4, 0.059, 0.084,  233,   5.2,   3.4
03-Nov-2022 23:00, 0.948,  19.1,  18.7, 1017.0, 0.047, 0.079,  226,   6.1,   4.4
04-Nov-2022 00:00, 0.960,  19.1,  19.0, 1017.7, 0.071, 0.110,  227,   6.1,   3.7
04-Nov-2022 01:00, 0.896,  19.1,  18.9, 1018.1, 0.035, 0.080,  243,   5.1,   3.9
04-Nov-2022 02:00, 0.870,  19.2,  18.8, 1018.1, 0.050, 0.098,  241,   7.4,   5.5
04-Nov-2022 03:00, 0.824,  19.2,  18.6, 1017.8, 0.053, 0.101,  245,   7.7,   5.3
04-Nov-2022 04:00, 0.778,  19.3,  18.7, 1017.8, 0.061, 0.106,  245,   7.9,   6.3
04-Nov-2022 05:00, 0.734,  19.4,  19.4, 1017.6, 0.051, 0.096,  212,   8.2,   4.4
04-Nov-2022 06:00, 0.695,  19.4,  19.2, 1017.3, 0.021, 0.064,  203,   9.3,   4.1
04-Nov-2022 07:00, 0.724,  19.4,  19.0, 1017.3, 0.033, 0.073,  209,   8.1,   4.7
04-Nov-2022 08:00, 0.765,  19.4,  19.1, 1017.5, 0.027, 0.067,  207,   7.6,   3.9
04-Nov-2022 09:00, 0.824,  19.6,  18.6, 1017.7, 0.022, 0.065,  204,   8.3,   4.3
04-Nov-2022 10:00, 0.897,  19.7,  18.0, 1018.1, 0.035, 0.080,  202,   9.3,   4.6
04-Nov-2022 11:00, 0.962,  19.7,  17.7, 1018.7, 0.054, 0.103,  197,   7.5,   3.5
04-Nov-2022 12:00, 0.947,  19.7,  17.5, 1019.0, 0.019, 0.073,  197,   7.5,   2.9
04-Nov-2022 13:00, 0.970,  19.6,  17.4, 1019.4, 0.049, 0.106,  193,   7.8,   3.0
04-Nov-2022 14:00, 0.955,  19.6,  17.4, 1019.4, 0.062, 0.123,  192,   7.4,   2.5
04-Nov-2022 15:00, 0.871,  19.6,  17.3, 1019.3, 0.017, 0.078,  190,   8.8,   3.1
04-Nov-2022 16:00, 0.882,  19.6,  17.0, 1019.1, 0.067, 0.127,  166,   6.6,   2.9
04-Nov-2022 17:00, 0.809,  19.5,  16.1, 1018.7, 0.025, 0.083,  165,   6.2,   3.0
04-Nov-2022 18:00, 0.787,  19.5,  15.0, 1018.8, 0.017, 0.071,  152,   6.3,   2.4
04-Nov-2022 19:00, 0.811,  19.5,  14.5, 1018.9, 0.041, 0.097,  152,   4.6,   1.8
04-Nov-2022 20:00, 0.781,  19.4,  13.6, 1018.9,-0.001, 0.055,  119,   3.8,   0.8
04-Nov-2022 21:00, 0.827,  19.4,  13.7, 1019.1, 0.022, 0.077,  137,   4.7,   1.2
04-Nov-2022 22:00, 0.876,  19.4,  13.6, 1020.2, 0.044, 0.103,   85,   3.3,   0.7
04-Nov-2022 23:00, 0.838,  19.4,  15.1, 1020.5,-0.016, 0.053,  133,   3.9,   1.1
05-Nov-2022 00:00, 0.894,  19.3,  16.1, 1020.6, 0.027, 0.099,  101,   5.9,   1.9
05-Nov-2022 01:00, 0.881,  19.3,  17.1, 1020.3, 0.017, 0.090,  160,   6.3,   2.6
05-Nov-2022 02:00, 0.849,  19.4,  18.2, 1020.0, 0.008, 0.078,  145,   5.6,   2.2
05-Nov-2022 03:00, 0.811,  19.4,  19.9, 1019.3, 0.009, 0.075,   89,   6.7,   3.1
05-Nov-2022 04:00, 0.785,  19.4,  21.3, 1018.3, 0.022, 0.081,  171,   5.6,   1.9
05-Nov-2022 05:00, 0.756,  19.6,  18.3, 1017.6, 0.023, 0.072,  215,   8.1,   4.7
05-Nov-2022 06:00, 0.726,  19.6,  18.6, 1017.1, 0.002, 0.045,  208,   9.0,   4.9
05-Nov-2022 07:00, 0.790,  19.6,  18.5, 1016.5, 0.043, 0.080,  209,   9.4,   4.7
05-Nov-2022 08:00, 0.793,  19.6,  18.4, 1016.0,-0.003, 0.028,  206,  10.1,   5.8
05-Nov-2022 09:00, 0.870,  19.8,  18.7, 1016.0, 0.014, 0.041,  203,  10.1,   5.5
05-Nov-2022 10:00, 0.929,  19.8,  18.5, 1016.2, 0.009, 0.036,  200,   9.9,   4.4
05-Nov-2022 11:00, 0.980,  19.7,  18.3, 1016.5, 0.010, 0.040,  196,   9.6,   4.0
05-Nov-2022 12:00, 1.012,  19.7,  18.5, 1016.5, 0.020, 0.053,  183,   8.6,   3.1
05-Nov-2022 13:00, 0.978,  19.7,  18.6, 1015.8,-0.005, 0.026,  171,   6.8,   1.9
05-Nov-2022 14:00, 0.965,  19.7,  18.4, 1015.7, 0.022, 0.048,  153,   5.6,   2.1
05-Nov-2022 15:00, 0.883,  19.7,  18.0, 1014.9, 0.005, 0.028,  152,   4.6,   1.6
05-Nov-2022 16:00, 0.814,  19.7,  18.8, 1014.5, 0.000, 0.016,  101,   6.0,   2.4
05-Nov-2022 17:00, 0.753,  19.7,  18.1, 1013.3,-0.006, 0.005,   89,   9.3,   3.1
05-Nov-2022 18:00, 0.724,  19.7,  17.4, 1012.2, 0.006, 0.005,   94,   9.5,   3.8
05-Nov-2022 19:00, 0.680,  19.6,  16.9, 1012.3,-0.020,-0.030,   89,   9.5,   2.7
05-Nov-2022 20:00, 0.695,  19.5,  16.1, 1012.0,-0.010,-0.020,  119,   7.4,   1.8
05-Nov-2022 21:00, 0.732,  19.5,  15.6, 1012.2, 0.013, 0.001,  201,   7.6,   1.6
05-Nov-2022 22:00, 0.740,  19.4,  15.8, 1011.2,-0.006,-0.017,   86,   5.9,   3.1
05-Nov-2022 23:00, 0.823,  19.4,  15.4, 1011.0, 0.040, 0.018,  129,  10.0,   0.7
06-Nov-2022 00:00, 0.829,  19.4,  16.6, 1012.8, 0.017,-0.003,   20,  11.0,   2.0
06-Nov-2022 01:00, 0.814,  19.4,  18.5, 1011.3,-0.018,-0.024,   85,   6.8,   2.9
06-Nov-2022 02:00, 0.884,  19.4,  20.5, 1010.9, 0.051, 0.032,   93,   6.6,   2.0
06-Nov-2022 03:00, 0.831,  19.4,  21.8, 1009.8, 0.022,-0.003,  138,   6.3,   1.6
06-Nov-2022 04:00, 0.799,  19.5,  20.3, 1009.3, 0.020,-0.015,  210,   4.9,   2.1
06-Nov-2022 05:00, 0.828,  19.5,  19.1, 1008.7, 0.066, 0.026,  214,   8.6,   4.6
06-Nov-2022 06:00, 0.807,  19.6,  18.6, 1008.1, 0.046, 0.000,  204,   8.5,   4.5
06-Nov-2022 07:00, 0.827,  19.6,  18.8, 1007.6, 0.041,-0.010,  205,   8.6,   4.6
06-Nov-2022 08:00, 0.916,  19.7,  18.8, 1007.1, 0.071, 0.015,  213,   8.2,   5.0
06-Nov-2022 09:00, 0.949,  19.8,  18.5, 1007.1, 0.039,-0.022,  206,   9.2,   4.7
06-Nov-2022 10:00, 1.020,  19.8,  18.7, 1007.1, 0.047,-0.015,  204,   9.2,   4.7
06-Nov-2022 11:00, 1.098,  19.8,  18.7, 1007.4, 0.068, 0.007,  195,   8.0,   3.1
06-Nov-2022 12:00, 1.122,  19.7,  18.6, 1007.5, 0.064, 0.006,  197,   7.4,   3.0
06-Nov-2022 13:00, 1.099,  19.7,  18.6, 1007.9, 0.048,-0.009,  197,   7.0,   2.5
06-Nov-2022 14:00, 1.100,  19.7,  18.7, 1008.1, 0.088, 0.035,  203,   6.0,   3.2
06-Nov-2022 15:00, 0.993,  19.6,  18.7, 1007.9, 0.056, 0.005,  204,   7.4,   4.3
06-Nov-2022 16:00, 0.907,  19.7,  18.6, 1007.5, 0.063, 0.009,  192,   7.5,   2.2
06-Nov-2022 17:00, 0.815,  19.6,  18.4, 1007.2, 0.051,-0.007,  186,   5.4,   1.6
06-Nov-2022 18:00, 0.764,  19.6,  17.4, 1006.7, 0.062, 0.001,  148,   4.2,   1.0
06-Nov-2022 19:00, 0.711,  19.6,  16.6, 1006.1, 0.055,-0.011,   75,   2.8,   0.7
06-Nov-2022 20:00, 0.692,  19.6,  16.0, 1006.2, 0.049,-0.022,   91,   3.3,   1.1
06-Nov-2022 21:00, 0.724,  19.5,  15.1, 1006.4, 0.076, 0.005,   79,   5.0,   2.1
06-Nov-2022 22:00, 0.735,  19.5,  15.0, 1007.4, 0.072, 0.005,   74,   4.5,   2.4
06-Nov-2022 23:00, 0.738,  19.5,  16.3, 1008.1, 0.039,-0.018,   77,   5.6,   2.5
07-Nov-2022 00:00, 0.811,  19.4,  16.9, 1008.5, 0.072, 0.021,   63,   4.3,   1.6
07-Nov-2022 01:00, 0.826,  19.4,  17.4, 1008.7, 0.053, 0.006,  228,   3.3,   2.4
07-Nov-2022 02:00, 0.848,  19.4,  16.9, 1008.9, 0.052, 0.007,  250,   4.5,   3.2
07-Nov-2022 03:00, 0.863,  19.5,  17.0, 1009.0, 0.067, 0.024,  245,   5.7,   3.9
07-Nov-2022 04:00, 0.836,  19.7,  16.9, 1008.7, 0.061, 0.018,  243,   6.5,   3.9
07-Nov-2022 05:00, 0.827,  19.7,  17.7, 1008.6, 0.063, 0.017,  221,   6.4,   3.4
07-Nov-2022 06:00, 0.834,  19.6,  17.4, 1008.4, 0.056, 0.010,  226,   5.5,   3.8
07-Nov-2022 07:00, 0.890,  19.7,  17.9, 1008.0, 0.081, 0.032,  233,   5.4,   3.7
07-Nov-2022 08:00, 0.959,  19.8,  18.1, 1007.8, 0.089, 0.037,  215,   5.8,   3.4
07-Nov-2022 09:00, 1.023,  19.8,  18.4, 1007.7, 0.074, 0.020,  228,   6.0,   3.3
07-Nov-2022 10:00, 1.108,  19.8,  18.5, 1008.2, 0.091, 0.036,  249,   4.9,   3.9
07-Nov-2022 11:00, 1.177,  19.8,  18.7, 1008.5, 0.100, 0.050,  247,   5.8,   4.7
07-Nov-2022 12:00, 1.207,  19.8,  18.9, 1008.7, 0.093, 0.046,  249,   6.3,   3.9
07-Nov-2022 13:00, 1.234,  19.8,  19.1, 1009.1, 0.121, 0.077,  223,   6.1,   4.2
07-Nov-2022 14:00, 1.198,  19.8,  19.1, 1008.9, 0.119, 0.077,  202,   5.9,   2.8
07-Nov-2022 15:00, 1.108,  19.8,  19.3, 1008.9, 0.098, 0.055,  157,   6.0,   2.1
07-Nov-2022 16:00, 1.015,  19.7,  18.3, 1008.5, 0.110, 0.066,   91,   3.5,   1.6
07-Nov-2022 17:00, 0.898,  19.8,  17.1, 1008.4, 0.102, 0.054,   96,   2.7,   1.0
07-Nov-2022 18:00, 0.809,  19.8,  17.2, 1008.2, 0.097, 0.048,  154,   2.2,   0.9
07-Nov-2022 19:00, 0.752,  19.8,  17.7, 1008.3, 0.106, 0.056,  156,   2.7,   1.7
07-Nov-2022 20:00, 0.689,  19.8,  17.3, 1008.3, 0.084, 0.035,  166,   3.6,   1.9
07-Nov-2022 21:00, 0.697,  19.7,  16.4, 1008.8, 0.100, 0.051,  171,   4.7,   1.8
07-Nov-2022 22:00, 0.714,  19.7,  16.4, 1009.4, 0.114, 0.070,  168,   5.2,   2.1
07-Nov-2022 23:00, 0.692,  19.6,  17.3, 1010.3, 0.070, 0.033,  169,   5.7,   2.2
08-Nov-2022 00:00, 0.763,  19.6,  18.0, 1010.5, 0.100, 0.071,  153,   5.3,   2.0
08-Nov-2022 01:00, 0.797,  19.6,  18.4, 1010.6, 0.093, 0.066,  154,   4.2,   1.8
08-Nov-2022 02:00, 0.814,  19.6,  18.3, 1010.7, 0.074, 0.048,  230,   4.5,   3.2
08-Nov-2022 03:00, 0.868,  19.6,  18.4, 1010.6, 0.106, 0.081,  240,   4.8,   3.7
08-Nov-2022 04:00, 0.838,  19.6,  18.9, 1010.5, 0.076, 0.050,  235,   5.7,   4.3
08-Nov-2022 05:00, 0.850,  19.7,  18.8, 1010.2, 0.098, 0.071,  208,   6.5,   3.3
08-Nov-2022 06:00, 0.862,  19.7,  19.9, 1009.9, 0.094, 0.063,  205,   5.8,   2.5
08-Nov-2022 07:00, 0.904,  19.7,  19.8, 1009.6, 0.091, 0.057,  210,   5.6,   3.2
08-Nov-2022 08:00, 0.990,  19.8,  19.2, 1009.6, 0.114, 0.077,  217,   7.5,   5.0
08-Nov-2022 09:00, 1.056,  19.8,  19.3, 1009.9, 0.094, 0.058,  210,   8.5,   4.2
08-Nov-2022 10:00, 1.133,  19.8,  18.8, 1010.4, 0.090, 0.057,  204,   7.9,   5.1
08-Nov-2022 11:00, 1.221,  19.8,  18.5, 1010.9, 0.115, 0.087,  202,   8.1,   3.6
08-Nov-2022 12:00, 1.250,  19.8,  18.6, 1011.2, 0.098, 0.075,  198,   6.4,   2.5
08-Nov-2022 13:00, 1.272,  19.7,  18.5, 1011.2, 0.111, 0.091,  192,   5.6,   2.3
08-Nov-2022 14:00, 1.250,  19.7,  18.4, 1011.2, 0.116, 0.096,  174,   5.5,   1.9
08-Nov-2022 15:00, 1.186,  19.7,  18.4, 1011.0, 0.112, 0.091,  165,   3.4,   1.7
08-Nov-2022 16:00, 1.094,  19.7,  18.2, 1010.6, 0.117, 0.095,  151,   3.1,   1.2
08-Nov-2022 17:00, 0.970,  19.7,  18.0, 1010.2, 0.115, 0.089,  151,   1.9,   0.8
08-Nov-2022 18:00, 0.866,  19.8,  17.6, 1009.8, 0.124, 0.093,  139,   2.1,   0.4
08-Nov-2022 19:00, 0.765,  19.8,  17.4, 1009.7, 0.105, 0.070,  156,   1.8,   0.4
08-Nov-2022 20:00, 0.730,  19.7,  16.9, 1010.0, 0.129, 0.095,   71,   1.6,   0.8
08-Nov-2022 21:00, 0.683,  19.7,  16.9, 1010.3, 0.113, 0.081,  254,   1.7,   0.3
08-Nov-2022 22:00, 0.697,  19.7,  17.2, 1010.8, 0.136, 0.107,   39,   1.4,   0.7
08-Nov-2022 23:00, 0.692,  19.7,  18.2, 1011.2, 0.124, 0.101,  286,   2.5,   0.0
09-Nov-2022 00:00, 0.718,  19.7,  18.6, 1011.4, 0.119, 0.099,  156,   1.9,   1.1
09-Nov-2022 01:00, 0.771,  19.7,  18.5, 1011.6, 0.132, 0.114,  247,   2.8,   2.0
09-Nov-2022 02:00, 0.784,  19.7,  18.5, 1011.6, 0.106, 0.090,  224,   5.8,   4.2
09-Nov-2022 03:00, 0.835,  19.7,  19.0, 1011.6, 0.122, 0.106,  226,   5.9,   3.9
09-Nov-2022 04:00, 0.848,  19.8,  19.2, 1011.4, 0.116, 0.100,  225,   5.6,   3.8
09-Nov-2022 05:00, 0.876,  19.9,  19.1, 1011.0, 0.139, 0.120,  239,   7.1,   4.9
09-Nov-2022 06:00, 0.867,  20.0,  18.9, 1010.9, 0.119, 0.096,  242,   6.9,   5.3
09-Nov-2022 07:00, 0.904,  20.1,  18.9, 1010.6, 0.110, 0.086,  246,   7.5,   5.7
09-Nov-2022 08:00, 0.993,  20.2,  19.2, 1010.7, 0.127, 0.101,  239,   7.6,   5.3
09-Nov-2022 09:00, 1.078,  20.2,  18.7, 1010.6, 0.123, 0.098,  243,   6.9,   4.9
09-Nov-2022 10:00, 1.157,  20.2,  18.5, 1010.9, 0.111, 0.085,  244,   6.7,   4.8
09-Nov-2022 11:00, 1.267,  20.1,  18.4, 1011.3, 0.151, 0.128,  224,   6.2,   3.7
09-Nov-2022 12:00, 1.296,  20.1,  18.2, 1011.6, 0.128, 0.109,  231,   6.0,   4.3
09-Nov-2022 13:00, 1.331,  20.0,  18.1, 1011.6, 0.142, 0.126,  216,   6.2,   2.6
09-Nov-2022 14:00, 1.315,  20.0,  18.0, 1011.6, 0.145, 0.129,  227,   5.3,   2.9
09-Nov-2022 15:00, 1.266,  20.0,  18.0, 1011.3, 0.144, 0.127,  236,   4.7,   3.0
09-Nov-2022 16:00, 1.187,  20.0,  18.0, 1011.0, 0.150, 0.130,  246,   5.1,   3.5
09-Nov-2022 17:00, 1.068,  20.0,  17.9, 1010.3, 0.145, 0.122,  244,   4.8,   3.3
09-Nov-2022 18:00, 0.968,  20.1,  17.8, 1009.8, 0.170, 0.141,  253,   4.3,   2.6
09-Nov-2022 19:00, 0.840,  20.1,  17.8, 1009.6, 0.148, 0.114,  248,   3.8,   2.6
09-Nov-2022 20:00, 0.774,  20.1,  14.5, 1009.6, 0.158, 0.122,   64,   3.7,   2.5
09-Nov-2022 21:00, 0.740,  20.0,  14.3, 1009.8, 0.170, 0.134,   58,   3.1,   1.4
09-Nov-2022 22:00, 0.718,  20.0,  14.8, 1010.3, 0.169, 0.135,   38,   3.2,   1.9
09-Nov-2022 23:00, 0.712,  20.0,  16.3, 1010.5, 0.172, 0.143,   31,   3.5,   2.3
10-Nov-2022 00:00, 0.730,  20.0,  18.0, 1010.5, 0.174, 0.146,  347,   4.0,   2.8
10-Nov-2022 01:00, 0.763,  20.1,  18.5, 1010.5, 0.172, 0.145,  337,   5.6,   3.6
10-Nov-2022 02:00, 0.806,  20.0,  19.2, 1010.5, 0.182, 0.155,  317,   5.7,   3.0
10-Nov-2022 03:00, 0.838,  20.0,  17.6, 1010.5, 0.174, 0.147,  254,   6.8,   3.9
10-Nov-2022 04:00, 0.857,  20.1,  17.6, 1010.4, 0.162, 0.135,  328,   8.1,   3.1
10-Nov-2022 05:00, 0.891,  20.1,  18.8, 1010.1, 0.179, 0.150,  255,   5.1,   3.0
10-Nov-2022 06:00, 0.912,  20.1,  19.0, 1009.8, 0.182, 0.150,  257,   8.2,   5.1
10-Nov-2022 07:00, 0.935,  20.4,  18.8, 1009.7, 0.168, 0.133,  253,   7.4,   4.9
10-Nov-2022 08:00, 1.025,  20.4,  17.4, 1009.6, 0.188, 0.152,  240,  11.6,   5.9
10-Nov-2022 09:00, 1.100,  20.4,  17.3, 1009.8, 0.172, 0.136,  231,   8.9,   4.9
10-Nov-2022 10:00, 1.196,  20.3,  18.2, 1010.0, 0.170, 0.136,  214,   8.4,   4.5
10-Nov-2022 11:00, 1.281,  20.2,  17.8, 1010.6, 0.177, 0.145,  209,   8.4,   5.1
10-Nov-2022 12:00, 1.339,  20.2,  17.5, 1011.2, 0.179, 0.153,  213,   8.4,   4.9
10-Nov-2022 13:00, 1.360,  20.2,  17.2, 1011.7, 0.163, 0.144,  204,   9.7,   5.1
10-Nov-2022 14:00, 1.374,  20.1,  17.0, 1011.7, 0.186, 0.170,  197,   9.7,   4.5
10-Nov-2022 15:00, 1.305,  20.2,  16.5, 1011.9, 0.155, 0.140,  192,   8.9,   3.9
10-Nov-2022 16:00, 1.226,  20.1,  16.0, 1011.9, 0.143, 0.130,  188,   8.8,   3.4
10-Nov-2022 17:00, 1.121,  20.2,  15.8, 1011.7, 0.140, 0.126,  185,   9.7,   3.8
10-Nov-2022 18:00, 0.982,  20.1,  15.0, 1011.8, 0.120, 0.105,  177,   9.4,   4.2
10-Nov-2022 19:00, 0.872,  20.1,  14.5, 1012.0, 0.128, 0.114,  173,   8.3,   3.9
10-Nov-2022 20:00, 0.735,  20.0,  13.8, 1012.4, 0.085, 0.073,  169,   8.9,   3.5
10-Nov-2022 21:00, 0.687,  20.0,  13.7, 1013.3, 0.099, 0.091,  173,   8.9,   4.5
10-Nov-2022 22:00, 0.641,  20.0,  13.3, 1014.4, 0.083, 0.084,  175,  10.6,   4.0
10-Nov-2022 23:00, 0.590,  19.9,  13.8, 1015.3, 0.049, 0.061,  176,   8.9,   3.5
11-Nov-2022 00:00, 0.592,  19.9,  14.7, 1016.0, 0.053, 0.075,  168,   8.3,   3.7
11-Nov-2022 01:00, 0.610,  19.9,  15.1, 1016.1, 0.046, 0.073,  173,   9.5,   3.8
11-Nov-2022 02:00, 0.631,  19.9,  15.8, 1016.0, 0.040, 0.068,  190,   7.5,   2.7
11-Nov-2022 03:00, 0.657,  19.9,  16.1, 1016.0, 0.037, 0.065,  203,   9.1,   4.7
11-Nov-2022 04:00, 0.691,  19.9,  16.5, 1015.7, 0.034, 0.061,  208,   9.1,   5.5
11-Nov-2022 05:00, 0.708,  20.0,  16.8, 1015.6, 0.025, 0.050,  211,   9.1,   5.3
11-Nov-2022 06:00, 0.730,  19.9,  16.9, 1015.3, 0.022, 0.045,  210,   9.3,   5.4
11-Nov-2022 07:00, 0.774,  19.9,  17.0, 1015.0, 0.029, 0.049,  204,  10.1,   5.4
11-Nov-2022 08:00, 0.824,  20.0,  17.0, 1015.0, 0.021, 0.038,  205,  10.7,   5.8
11-Nov-2022 09:00, 0.898,  20.0,  17.3, 1015.2, 0.010, 0.027,  203,  11.3,   6.3
11-Nov-2022 10:00, 1.007,  20.0,  17.2, 1015.3, 0.020, 0.040,  201,  10.8,   6.0
11-Nov-2022 11:00, 1.112,  20.0,  17.4, 1015.7, 0.038, 0.059,  198,  10.9,   5.5
11-Nov-2022 12:00, 1.144,  19.9,  17.3, 1016.0, 0.011, 0.036,  193,  10.7,   5.1
11-Nov-2022 13:00, 1.187,  19.9,  16.7, 1016.7, 0.010, 0.038,  176,   9.3,   3.6
11-Nov-2022 14:00, 1.173,  19.9,  15.7, 1017.3,-0.015, 0.020,  165,   7.6,   3.3
11-Nov-2022 15:00, 1.138,  19.8,  14.6, 1017.5,-0.019, 0.021,  167,   7.3,   3.2
11-Nov-2022 16:00, 1.090,  19.8,  13.9, 1017.9,-0.019, 0.024,  166,   5.9,   2.9
11-Nov-2022 17:00, 1.000,  19.8,  13.0, 1017.7,-0.026, 0.020,  166,   6.4,   3.0
11-Nov-2022 18:00, 0.885,  19.7,  12.2, 1017.4,-0.034, 0.010,  151,   5.8,   2.1
11-Nov-2022 19:00, 0.794,  19.7,  11.6, 1017.4,-0.013, 0.028,  158,   5.7,   2.6
11-Nov-2022 20:00, 0.676,  19.7,  10.9, 1017.6,-0.026, 0.015,  102,   4.7,   1.0
11-Nov-2022 21:00, 0.604,  19.6,  10.2, 1017.9,-0.020, 0.023,   74,   1.9,   1.0
11-Nov-2022 22:00, 0.570,  19.6,  10.7, 1018.4,-0.011, 0.035,   77,   1.2,   0.7
11-Nov-2022 23:00, 0.542,  19.5,  12.2, 1019.0,-0.020, 0.032,  160,   2.4,   1.4
12-Nov-2022 00:00, 0.540,  19.5,  14.5, 1019.2,-0.007, 0.051,  173,   5.5,   2.7
12-Nov-2022 01:00, 0.525,  19.5,  15.4, 1018.9,-0.030, 0.028,  177,   6.5,   2.5
12-Nov-2022 02:00, 0.554,  19.6,  15.5, 1018.8,-0.027, 0.029,  207,   7.4,   3.8
12-Nov-2022 03:00, 0.562,  19.6,  16.0, 1018.6,-0.034, 0.021,  202,   8.2,   4.4
12-Nov-2022 04:00, 0.578,  19.6,  16.1, 1018.3,-0.048, 0.005,  202,   8.5,   4.9
12-Nov-2022 05:00, 0.612,  19.6,  16.5, 1018.1,-0.046, 0.004,  204,   9.0,   5.1
12-Nov-2022 06:00, 0.629,  19.7,  16.7, 1017.9,-0.055,-0.007,  203,   9.3,   4.9
12-Nov-2022 07:00, 0.680,  19.7,  17.0, 1017.5,-0.045, 0.001,  204,   9.5,   4.6
12-Nov-2022 08:00, 0.734,  19.8,  16.9, 1017.3,-0.043,-0.001,  204,   9.7,   5.1
12-Nov-2022 09:00, 0.792,  19.8,  17.3, 1017.3,-0.056,-0.016,  197,  10.5,   4.5
12-Nov-2022 10:00, 0.890,  19.7,  17.2, 1017.5,-0.046,-0.006,  199,  10.2,   4.5
12-Nov-2022 11:00, 0.994,  19.7,  17.4, 1018.0,-0.035, 0.008,  198,   8.4,   4.2
12-Nov-2022 12:00, 1.029,  19.7,  17.5, 1018.3,-0.064,-0.017,  195,   7.5,   4.3
12-Nov-2022 13:00, 1.099,  19.7,  17.1, 1018.9,-0.036, 0.015,  175,   7.0,   2.4
12-Nov-2022 14:00, 1.093,  19.6,  16.4, 1019.3,-0.072,-0.015,  160,   6.8,   4.0
12-Nov-2022 15:00, 1.076,  19.6,  15.5, 1019.5,-0.075,-0.014,  134,   7.6,   0.9
12-Nov-2022 16:00, 1.038,  19.6,  15.1, 1019.6,-0.073,-0.011,  151,   5.2,   2.4
12-Nov-2022 17:00, 0.984,  19.6,  14.6, 1019.4,-0.070,-0.007,  156,   5.2,   2.6
12-Nov-2022 18:00, 0.895,  19.6,  14.0, 1019.3,-0.069,-0.008,  162,   5.8,   2.8
12-Nov-2022 19:00, 0.783,  19.6,  14.0, 1019.4,-0.082,-0.022,  142,   5.7,   1.6
12-Nov-2022 20:00, 0.697,  19.5,  14.1, 1019.8,-0.069,-0.007,  147,   4.4,   2.0
12-Nov-2022 21:00, 0.606,  19.5,  13.9, 1020.7,-0.072,-0.006,  170,   4.3,   2.0
12-Nov-2022 22:00, 0.555,  19.5,  13.5, 1021.5,-0.064, 0.011,  160,   4.9,   2.7
12-Nov-2022 23:00, 0.530,  19.4,  14.2, 1022.0,-0.062, 0.021,  102,   5.0,   1.7
13-Nov-2022 00:00, 0.493,  19.4,  14.7, 1022.3,-0.084, 0.004,  148,   5.5,   1.5
13-Nov-2022 01:00, 0.492,  19.4,  15.7, 1022.2,-0.074, 0.015,  169,   5.4,   1.8
13-Nov-2022 02:00, 0.499,  19.4,  16.7, 1022.2,-0.084, 0.006,  164,   5.3,   1.2
13-Nov-2022 03:00, 0.507,  19.4,  16.9, 1021.5,-0.089,-0.001,  209,   5.2,   3.1
13-Nov-2022 04:00, 0.526,  19.5,  16.8, 1021.0,-0.082, 0.000,  217,   7.3,   4.2
13-Nov-2022 05:00, 0.557,  19.6,  17.5, 1020.4,-0.082,-0.006,  206,   7.5,   3.4
13-Nov-2022 06:00, 0.565,  19.6,  17.8, 1019.8,-0.103,-0.032,  210,   7.6,   4.3
13-Nov-2022 07:00, 0.624,  19.6,  17.9, 1019.0,-0.081,-0.017,  205,   8.6,   5.1
13-Nov-2022 08:00, 0.684,  19.6,  18.2, 1018.8,-0.074,-0.017,  197,   9.2,   4.1
13-Nov-2022 09:00, 0.708,  19.7,  18.3, 1018.6,-0.111,-0.056,  196,   8.4,   3.8
13-Nov-2022 10:00, 0.824,  19.7,  18.2, 1018.8,-0.068,-0.015,  191,   9.2,   4.1
13-Nov-2022 11:00, 0.892,  19.7,  18.1, 1019.3,-0.082,-0.027,  193,   9.0,   4.2
13-Nov-2022 12:00, 0.930,  19.6,  18.1, 1019.7,-0.116,-0.055,  188,   9.5,   2.9
13-Nov-2022 13:00, 1.020,  19.6,  18.3, 1020.2,-0.066,-0.002,  185,   7.3,   2.6
13-Nov-2022 14:00, 1.010,  19.6,  17.9, 1020.5,-0.109,-0.040,  154,   5.4,   2.7
13-Nov-2022 15:00, 0.997,  19.6,  17.3, 1020.7,-0.131,-0.059,  135,   6.5,   1.2
13-Nov-2022 16:00, 0.992,  19.6,  16.5, 1020.8,-0.108,-0.033,   93,   5.4,   2.2
13-Nov-2022 17:00, 0.899,  19.6,  15.5, 1020.7,-0.161,-0.086,   89,   9.5,   3.7
13-Nov-2022 18:00, 0.838,  19.5,  14.6, 1020.5,-0.159,-0.085,   90,   8.5,   3.7
13-Nov-2022 19:00, 0.776,  19.5,  13.9, 1020.6,-0.135,-0.063,   82,   9.6,   4.9
13-Nov-2022 20:00, 0.675,  19.4,  13.3, 1021.0,-0.151,-0.077,   79,   9.5,   5.4
13-Nov-2022 21:00, 0.590,  19.3,  12.9, 1021.4,-0.151,-0.073,   80,   9.8,   5.1
13-Nov-2022 22:00, 0.522,  19.3,  13.0, 1022.3,-0.149,-0.067,   78,  10.4,   5.1
13-Nov-2022 23:00, 0.478,  19.2,  13.8, 1022.9,-0.152,-0.061,   78,  10.5,   5.2
14-Nov-2022 00:00, 0.476,  19.1,  15.2, 1022.9,-0.138,-0.042,   78,  10.6,   5.7
14-Nov-2022 01:00, 0.457,  19.1,  17.2, 1022.7,-0.139,-0.043,   76,   9.6,   3.2
14-Nov-2022 02:00, 0.467,  19.1,  18.9, 1022.3,-0.127,-0.033,   79,   6.9,   2.9
14-Nov-2022 03:00, 0.494,  19.1,  20.0, 1021.6,-0.112,-0.023,   94,   6.9,   2.9
14-Nov-2022 04:00, 0.475,  19.2,  21.1, 1020.6,-0.134,-0.052,  164,   7.2,   2.5
14-Nov-2022 05:00, 0.497,  19.2,  19.5, 1019.8,-0.131,-0.059,  207,   6.9,   3.2
14-Nov-2022 06:00, 0.564,  19.3,  19.1, 1019.0,-0.096,-0.032,  218,   7.8,   4.5
14-Nov-2022 07:00, 0.566,  19.3,  19.4, 1018.5,-0.128,-0.071,  207,   7.9,   4.7
14-Nov-2022 08:00, 0.636,  19.4,  18.7, 1018.2,-0.109,-0.057,  202,   9.3,   4.7
14-Nov-2022 09:00, 0.670,  19.5,  18.8, 1018.1,-0.134,-0.085,  201,  10.3,   5.1
14-Nov-2022 10:00, 0.730,  19.6,  18.9, 1018.3,-0.134,-0.085,  197,   8.7,   3.2
14-Nov-2022 11:00, 0.791,  19.6,  18.5, 1018.5,-0.138,-0.088,  194,   7.2,   2.9
14-Nov-2022 12:00, 0.871,  19.5,  18.4, 1019.0,-0.124,-0.071,  188,   6.2,   2.4
14-Nov-2022 13:00, 0.901,  19.5,  18.4, 1019.4,-0.138,-0.080,  170,   6.2,   1.8
14-Nov-2022 14:00, 0.948,  19.5,  17.6, 1019.2,-0.116,-0.055,  147,   3.8,   1.1
14-Nov-2022 15:00, 0.960,  19.5,  17.1, 1018.7,-0.126,-0.067,   99,   3.2,   1.2
14-Nov-2022 16:00, 0.918,  19.5,  17.7, 1018.3,-0.158,-0.104,   92,   5.9,   2.7
14-Nov-2022 17:00, 0.909,  19.4,  17.1, 1017.7,-0.138,-0.088,   96,   6.8,   2.9
14-Nov-2022 18:00, 0.864,  19.4,  16.4, 1017.3,-0.145,-0.101,   82,   7.3,   3.4
14-Nov-2022 19:00, 0.778,  19.4,  15.5, 1017.3,-0.167,-0.127,   85,   9.6,   4.8
14-Nov-2022 20:00, 0.719,  19.3,  14.6, 1017.2,-0.153,-0.113,   81,   9.6,   4.8
14-Nov-2022 21:00, 0.669,  19.3,  13.9, 1017.7,-0.132,-0.092,   82,   9.3,   4.5
14-Nov-2022 22:00, 0.562,  19.2,  14.2, 1018.0,-0.169,-0.124,   82,   8.2,   3.8
14-Nov-2022 23:00, 0.539,  19.1,  15.6, 1017.9,-0.140,-0.093,   76,   9.1,   4.6
15-Nov-2022 00:00, 0.563,  19.1,  18.1, 1017.7,-0.090,-0.044,   74,   8.6,   4.5
15-Nov-2022 01:00, 0.500,  19.1,  20.2, 1017.0,-0.136,-0.092,   73,   7.3,   4.1
15-Nov-2022 02:00, 0.546,  19.1,  22.2, 1016.2,-0.072,-0.035,   71,   7.3,   3.0
15-Nov-2022 03:00, 0.528,  19.1,  24.1, 1015.3,-0.092,-0.063,   84,   6.1,   2.7
15-Nov-2022 04:00, 0.522,  19.2,  25.1, 1014.2,-0.102,-0.083,   71,   7.2,   4.1
15-Nov-2022 05:00, 0.554,  19.3,  26.6, 1013.4,-0.075,-0.066,  118,   6.4,   1.1
15-Nov-2022 06:00, 0.588,  19.4,  21.5, 1012.6,-0.071,-0.070,  221,   7.2,   4.9
15-Nov-2022 07:00, 0.611,  19.4,  22.2, 1011.8,-0.085,-0.092,  191,   7.2,   2.6
15-Nov-2022 08:00, 0.694,  19.5,  21.6, 1011.2,-0.046,-0.061,  188,   6.7,   2.3
15-Nov-2022 09:00, 0.723,  19.6,  20.8, 1011.0,-0.075,-0.096,  189,   6.5,   2.7
15-Nov-2022 10:00, 0.792,  19.5,  20.6, 1011.0,-0.060,-0.082,  185,   7.0,   2.9
15-Nov-2022 11:00, 0.849,  19.5,  19.8, 1011.3,-0.054,-0.076,  177,   7.4,   3.7
15-Nov-2022 12:00, 0.892,  19.5,  19.5, 1011.5,-0.062,-0.081,  176,   7.4,   2.5
15-Nov-2022 13:00, 0.938,  19.5,  19.9, 1011.3,-0.057,-0.074,  164,   5.8,   3.2
15-Nov-2022 14:00, 0.958,  19.4,  19.3, 1010.7,-0.057,-0.076,  168,   7.0,   2.6
15-Nov-2022 15:00, 0.989,  19.4,  18.7, 1009.7,-0.042,-0.068,  166,   5.1,   2.1
15-Nov-2022 16:00, 0.995,  19.3,  18.0, 1008.6,-0.042,-0.078,  157,   4.4,   1.9
15-Nov-2022 17:00, 1.004,  19.3,  17.4, 1007.5,-0.015,-0.063,  156,   2.7,   1.6
15-Nov-2022 18:00, 0.977,  19.3,  17.1, 1006.9,-0.021,-0.078,  188,   3.0,   1.2
15-Nov-2022 19:00, 0.948,  19.3,  16.9, 1006.3,-0.012,-0.076,  164,   3.2,   1.2
15-Nov-2022 20:00, 0.918,  19.3,  17.3, 1006.1, 0.014,-0.056,  182,   2.7,   1.0
15-Nov-2022 21:00, 0.871,  19.3,  14.8, 1005.9, 0.024,-0.048,   71,   3.2,   0.9
15-Nov-2022 22:00, 0.815,  19.3,  16.2, 1006.2, 0.028,-0.045,   98,   1.5,   0.6
15-Nov-2022 23:00, 0.739,  19.3,  20.7, 1006.0, 0.006,-0.065,   65,   2.0,   0.8
16-Nov-2022 00:00, 0.750,  19.3,  22.4, 1005.5, 0.052,-0.020,   64,   2.9,   1.5
16-Nov-2022 01:00, 0.715,  19.3,  24.6, 1004.7, 0.040,-0.038,   22,   5.2,   2.2
16-Nov-2022 02:00, 0.711,  19.3,  21.3, 1004.3, 0.057,-0.028,  273,   4.8,   2.9
16-Nov-2022 03:00, 0.703,  19.4,  21.1, 1003.6, 0.063,-0.027,  257,   6.6,   2.2
16-Nov-2022 04:00, 0.733,  19.4,  21.3, 1002.5, 0.092,-0.005,  243,   4.1,   3.1
16-Nov-2022 05:00, 0.744,  19.5,  20.2, 1002.0, 0.102,-0.006,  227,   9.0,   5.9
16-Nov-2022 06:00, 0.753,  19.6,  20.3, 1001.8, 0.089,-0.023,  207,   9.5,   3.9
16-Nov-2022 07:00, 0.797,  19.8,  19.7, 1002.0, 0.091,-0.022,  215,   8.9,   5.1
16-Nov-2022 08:00, 0.829,  19.8,  19.6, 1001.8, 0.080,-0.032,  210,   8.8,   4.4
16-Nov-2022 09:00, 0.877,  19.9,  19.4, 1001.8, 0.074,-0.040,  205,   7.9,   4.1
16-Nov-2022 10:00, 0.956,  20.0,  19.2, 1002.6, 0.102,-0.011,  222,   8.2,   5.4
16-Nov-2022 11:00, 0.963,  20.1,  18.6, 1003.1, 0.068,-0.037,  221,   8.0,   5.5
16-Nov-2022 12:00, 1.006,  20.0,  18.4, 1003.4, 0.076,-0.025,  223,   8.2,   5.3
16-Nov-2022 13:00, 1.064,  20.0,  18.3, 1003.5, 0.106, 0.008,  217,   7.2,   4.1
16-Nov-2022 14:00, 1.061,  20.0,  18.1, 1003.4, 0.089,-0.008,  229,   6.6,   3.6
16-Nov-2022 15:00, 1.076,  19.9,  18.1, 1002.6, 0.098,-0.001,  237,   5.4,   3.5
16-Nov-2022 16:00, 1.123,  19.9,  18.1, 1002.3, 0.137, 0.031,  248,   6.7,   5.1
16-Nov-2022 17:00, 1.070,  19.9,  17.6, 1002.1, 0.089,-0.020,  228,   8.0,   3.2
16-Nov-2022 18:00, 1.097,  19.8,  17.8, 1001.8, 0.130, 0.018,  241,   5.7,   3.7
16-Nov-2022 19:00, 1.110,  19.8,  17.1, 1001.7, 0.158, 0.044,  221,   8.0,   4.4
16-Nov-2022 20:00, 1.038,  19.8,  17.2, 1001.7, 0.120, 0.005,  221,   7.0,   4.0
16-Nov-2022 21:00, 1.060,  19.7,  17.6, 1002.1, 0.184, 0.069,  263,   8.1,   4.6
16-Nov-2022 22:00, 0.993,  19.6,  16.8, 1002.8, 0.162, 0.052,  283,  10.4,   3.1
16-Nov-2022 23:00, 0.934,  19.7,  17.4, 1003.1, 0.151, 0.047,  251,   8.5,   6.4
17-Nov-2022 00:00, 0.919,  19.7,  17.6, 1003.3, 0.175, 0.075,  245,   8.6,   5.7
17-Nov-2022 01:00, 0.898,  19.7,  17.9, 1003.4, 0.182, 0.083,  267,   9.4,   4.5
17-Nov-2022 02:00, 0.863,  19.7,  17.8, 1003.5, 0.171, 0.074,  249,   8.4,   6.3
17-Nov-2022 03:00, 0.846,  19.7,  17.9, 1003.5, 0.178, 0.081,  251,   9.5,   6.5
17-Nov-2022 04:00, 0.834,  19.9,  15.8, 1003.8, 0.172, 0.076,  229,  10.2,   7.8
17-Nov-2022 05:00, 0.812,  19.9,  15.1, 1003.9, 0.148, 0.054,  217,  12.7,   7.6
17-Nov-2022 06:00, 0.833,  19.9,  15.4, 1004.0, 0.153, 0.060,  222,  11.4,   5.7
17-Nov-2022 07:00, 0.825,  19.8,  14.8, 1004.1, 0.104, 0.012,  216,  14.2,   6.4
17-Nov-2022 08:00, 0.886,  19.8,  16.3, 1004.0, 0.115, 0.024,  202,   8.8,   3.8
17-Nov-2022 09:00, 0.943,  19.9,  16.2, 1004.0, 0.123, 0.031,  219,   8.3,   4.3
17-Nov-2022 10:00, 1.000,  19.9,  16.5, 1004.5, 0.130, 0.038,  229,  13.6,   6.5
17-Nov-2022 11:00, 1.045,  19.9,  16.5, 1004.9, 0.140, 0.054,  228,   9.4,   6.0
17-Nov-2022 12:00, 1.041,  19.9,  16.7, 1005.1, 0.115, 0.032,  230,   9.7,   5.1
17-Nov-2022 13:00, 1.096,  19.8,  17.0, 1005.2, 0.158, 0.077,  241,   9.6,   6.1
17-Nov-2022 14:00, 1.103,  19.7,  16.2, 1005.3, 0.163, 0.083,  241,  11.1,   6.4
17-Nov-2022 15:00, 1.083,  19.7,  16.6, 1005.0, 0.151, 0.072,  268,  10.6,   5.6
17-Nov-2022 16:00, 1.117,  19.6,  15.1, 1004.3, 0.187, 0.105,  251,   8.6,   5.7
17-Nov-2022 17:00, 1.118,  19.6,  15.3, 1003.5, 0.188, 0.099,  278,  11.2,   5.1
17-Nov-2022 18:00, 1.126,  19.6,  16.2, 1002.8, 0.204, 0.106,  272,   9.5,   6.0
17-Nov-2022 19:00, 1.142,  19.6,  15.7, 1002.3, 0.224, 0.120,  261,  12.2,   3.1
17-Nov-2022 20:00, 1.176,  19.6,  13.4, 1002.6, 0.268, 0.160,  287,  13.2,   3.1
17-Nov-2022 21:00, 1.086,  19.6,  14.9, 1003.3, 0.202, 0.097,  236,  13.4,   7.2
17-Nov-2022 22:00, 1.094,  19.6,  13.0, 1003.9, 0.239, 0.140,  213,  12.2,   5.7
17-Nov-2022 23:00, 1.043,  19.6,  13.3, 1005.0, 0.222, 0.130,  216,  14.9,   8.5
18-Nov-2022 00:00, 0.952,  19.6,  14.0, 1005.8, 0.167, 0.086,  213,  15.4,   6.3
18-Nov-2022 01:00, 0.934,  19.5,  13.5, 1006.2, 0.180, 0.106,  205,  15.6,   5.0
18-Nov-2022 02:00, 0.928,  19.4,  15.0, 1006.6, 0.200, 0.130,  219,  13.6,   9.1
18-Nov-2022 03:00, 0.851,  19.4,  14.5, 1007.4, 0.149, 0.084,  210,  15.0,   6.6
18-Nov-2022 04:00, 0.832,  19.4,  15.4, 1007.9, 0.146, 0.088,  220,  12.9,   8.7
18-Nov-2022 05:00, 0.790,  19.4,  12.8, 1008.5, 0.101, 0.049,  204,  17.2,   6.8
18-Nov-2022 06:00, 0.812,  19.4,  15.8, 1008.3, 0.106, 0.059,  229,  12.3,   8.3
18-Nov-2022 07:00, 0.817,  19.3,  15.7, 1008.9, 0.073, 0.024,  219,  14.4,   7.7
18-Nov-2022 08:00, 0.874,  19.4,  15.4, 1009.3, 0.075, 0.032,  220,  15.1,   7.8
18-Nov-2022 09:00, 0.897,  19.4,  15.5, 1009.8, 0.043, 0.004,  204,  10.9,   5.9
18-Nov-2022 10:00, 0.947,  19.4,  15.7, 1010.5, 0.045, 0.011,  212,  11.9,   6.9
18-Nov-2022 11:00, 1.010,  19.3,  14.9, 1011.5, 0.077, 0.051,  210,  12.4,   7.2
18-Nov-2022 12:00, 0.966,  19.3,  15.1, 1012.1, 0.023, 0.007,  211,  12.1,   6.1
18-Nov-2022 13:00, 0.993,  19.2,  15.1, 1012.7, 0.056, 0.045,  207,  13.5,   5.5
18-Nov-2022 14:00, 0.959,  19.2,  14.8, 1013.2, 0.038, 0.033,  208,  12.9,   6.1
18-Nov-2022 15:00, 0.928,  19.1,  14.4, 1013.3, 0.031, 0.030,  195,  12.1,   5.4
18-Nov-2022 16:00, 0.935,  19.1,  12.6, 1013.6, 0.059, 0.060,  202,  11.4,   6.4
18-Nov-2022 17:00, 0.904,  19.1,  13.5, 1013.3, 0.037, 0.041,  204,  10.8,   4.4
18-Nov-2022 18:00, 0.927,  19.0,  15.0, 1013.0, 0.064, 0.064,  214,   7.4,   3.3
18-Nov-2022 19:00, 0.918,  19.0,  14.7, 1013.2, 0.055, 0.053,  197,   9.4,   3.1
18-Nov-2022 20:00, 0.919,  19.0,  13.0, 1013.7, 0.053, 0.052,  174,   6.7,   1.7
18-Nov-2022 21:00, 0.922,  19.0,  11.6, 1014.7, 0.059, 0.064,    4,   3.8,   1.7
18-Nov-2022 22:00, 0.901,  18.9,  11.9, 1015.2, 0.046, 0.061,   67,   3.5,   2.1
18-Nov-2022 23:00, 0.886,  19.0,  12.5, 1016.3, 0.048, 0.068,   37,   2.7,   1.8
19-Nov-2022 00:00, 0.842,  19.0,  13.7, 1017.0, 0.027, 0.058,   70,   3.5,   1.5
19-Nov-2022 01:00, 0.795,  19.0,  14.5, 1017.2, 0.007, 0.045,  267,   2.9,   0.7
19-Nov-2022 02:00, 0.785,  19.0,  15.2, 1017.1, 0.023, 0.062,  249,   2.5,   1.3
19-Nov-2022 03:00, 0.746,  19.0,  15.7, 1017.2, 0.011, 0.049,  266,   5.8,   3.9
19-Nov-2022 04:00, 0.710,  19.1,  15.6, 1016.7,-0.005, 0.034,  254,   6.1,   3.2
19-Nov-2022 05:00, 0.706,  19.3,  16.2, 1016.5,-0.008, 0.026,  202,   8.7,   2.6
19-Nov-2022 06:00, 0.719,  19.2,  16.5, 1016.3,-0.016, 0.016,  235,   4.7,   3.2
19-Nov-2022 07:00, 0.741,  19.2,  17.9, 1015.8,-0.035,-0.006,  215,   6.4,   3.6
19-Nov-2022 08:00, 0.811,  19.3,  17.9, 1015.8,-0.024, 0.001,  204,   7.6,   3.7
19-Nov-2022 09:00, 0.877,  19.3,  17.6, 1015.8,-0.020, 0.005,  206,   7.9,   3.9
19-Nov-2022 10:00, 0.905,  19.3,  17.4, 1016.3,-0.043,-0.017,  205,   7.3,   3.2
19-Nov-2022 11:00, 0.964,  19.3,  17.0, 1016.7,-0.015, 0.016,  198,   6.6,   2.9
19-Nov-2022 12:00, 0.942,  19.2,  17.1, 1017.1,-0.040,-0.005,  203,   7.4,   3.5
19-Nov-2022 13:00, 0.925,  19.2,  17.0, 1017.5,-0.036, 0.002,  193,   7.0,   2.7
19-Nov-2022 14:00, 0.892,  19.2,  17.0, 1017.8,-0.031, 0.012,  199,   6.3,   2.6
19-Nov-2022 15:00, 0.832,  19.2,  16.8, 1017.7,-0.046,-0.001,  198,   6.5,   3.4
19-Nov-2022 16:00, 0.810,  19.1,  15.8, 1017.6,-0.023, 0.021,  129,   5.8,   1.1
19-Nov-2022 17:00, 0.758,  19.1,  15.4, 1017.3,-0.045,-0.002,  153,   3.2,   1.6
19-Nov-2022 18:00, 0.747,  19.1,  14.8, 1017.1,-0.042,-0.002,  151,   3.9,   2.1
19-Nov-2022 19:00, 0.757,  19.1,  14.2, 1017.3,-0.032, 0.006,  153,   4.3,   1.8
19-Nov-2022 20:00, 0.753,  19.0,  13.8, 1017.7,-0.044,-0.004,  150,   4.0,   1.8
19-Nov-2022 21:00, 0.787,  19.0,  13.0, 1018.0,-0.022, 0.022,   92,   3.6,   0.8
19-Nov-2022 22:00, 0.801,  19.0,  12.9, 1018.7,-0.021, 0.027,   76,   3.2,   2.0
19-Nov-2022 23:00, 0.800,  19.0,  15.0, 1019.3,-0.028, 0.027,   82,   4.6,   2.0
20-Nov-2022 00:00, 0.799,  19.0,  16.8, 1019.7,-0.025, 0.036,  118,   4.1,   1.4
20-Nov-2022 01:00, 0.757,  19.0,  17.8, 1019.9,-0.052, 0.012,  169,   4.3,   1.4
20-Nov-2022 02:00, 0.748,  19.0,  17.8, 1019.8,-0.041, 0.026,  215,   4.2,   2.5
20-Nov-2022 03:00, 0.717,  19.1,  18.0, 1019.6,-0.048, 0.017,  218,   5.8,   3.5
20-Nov-2022 04:00, 0.703,  19.2,  18.1, 1019.1,-0.041, 0.021,  219,   6.3,   4.3
20-Nov-2022 05:00, 0.691,  19.2,  18.5, 1018.5,-0.050, 0.007,  224,   6.5,   4.8
20-Nov-2022 06:00, 0.706,  19.3,  18.6, 1018.1,-0.058,-0.006,  209,   8.0,   4.1
20-Nov-2022 07:00, 0.756,  19.4,  18.7, 1017.8,-0.054,-0.006,  206,   8.0,   4.1
20-Nov-2022 08:00, 0.838,  19.4,  18.5, 1017.5,-0.037, 0.008,  201,   8.9,   4.8
20-Nov-2022 09:00, 0.886,  19.4,  18.7, 1017.3,-0.057,-0.015,  197,   9.0,   3.5
20-Nov-2022 10:00, 0.951,  19.4,  18.4, 1017.5,-0.051,-0.011,  194,   8.0,   3.9
20-Nov-2022 11:00, 0.998,  19.4,  18.2, 1017.8,-0.040, 0.002,  188,   7.6,   3.0
20-Nov-2022 12:00, 0.986,  19.4,  18.3, 1018.2,-0.056,-0.011,  183,   7.5,   2.8
20-Nov-2022 13:00, 0.962,  19.4,  18.3, 1018.7,-0.050, 0.000,  172,   6.7,   2.6
20-Nov-2022 14:00, 0.904,  19.4,  17.8, 1018.7,-0.051, 0.003,  155,   4.9,   2.6
20-Nov-2022 15:00, 0.805,  19.4,  17.1, 1018.4,-0.080,-0.026,  159,   4.2,   1.9
20-Nov-2022 16:00, 0.758,  19.5,  16.4, 1018.1,-0.054,-0.003,  133,   3.8,   0.8
20-Nov-2022 17:00, 0.670,  19.4,  16.9, 1017.9,-0.083,-0.035,   89,   5.3,   2.8
20-Nov-2022 18:00, 0.615,  19.4,  16.3, 1017.7,-0.102,-0.057,   84,   8.6,   4.7
20-Nov-2022 19:00, 0.612,  19.4,  15.4, 1017.8,-0.091,-0.047,   81,   9.4,   5.5
20-Nov-2022 20:00, 0.572,  19.3,  14.5, 1018.1,-0.136,-0.091,   80,  10.1,   5.7
20-Nov-2022 21:00, 0.619,  19.2,  14.0, 1018.6,-0.105,-0.057,   83,  11.5,   5.3
20-Nov-2022 22:00, 0.635,  19.2,  14.1, 1019.1,-0.116,-0.062,   83,  10.5,   5.7
20-Nov-2022 23:00, 0.641,  19.2,  15.7, 1019.6,-0.138,-0.079,   80,  10.4,   5.1
21-Nov-2022 00:00, 0.682,  19.1,  17.4, 1019.6,-0.119,-0.056,   79,  10.6,   6.0
21-Nov-2022 01:00, 0.700,  19.1,  19.5, 1019.4,-0.109,-0.046,   76,  11.2,   6.0
21-Nov-2022 02:00, 0.717,  19.1,  21.8, 1018.9,-0.086,-0.025,   82,   9.6,   4.7
21-Nov-2022 03:00, 0.682,  19.1,  23.9, 1018.4,-0.104,-0.048,   69,   8.1,   4.0
21-Nov-2022 04:00, 0.685,  19.1,  25.6, 1017.8,-0.084,-0.033,   71,   6.9,   2.6
21-Nov-2022 05:00, 0.686,  19.3,  25.9, 1016.9,-0.080,-0.036,  161,   6.3,   2.1
21-Nov-2022 06:00, 0.705,  19.4,  20.9, 1016.7,-0.084,-0.048,  203,   7.3,   4.4
21-Nov-2022 07:00, 0.761,  19.4,  21.3, 1016.4,-0.078,-0.044,  193,   6.5,   2.6
21-Nov-2022 08:00, 0.838,  19.5,  21.3, 1016.1,-0.074,-0.043,  192,   7.4,   2.3
21-Nov-2022 09:00, 0.905,  19.6,  20.9, 1016.2,-0.084,-0.055,  188,   6.3,   2.7
21-Nov-2022 10:00, 0.964,  19.6,  20.3, 1016.4,-0.092,-0.062,  185,   6.3,   2.2
21-Nov-2022 11:00, 1.029,  19.6,  19.5, 1016.7,-0.073,-0.042,  180,   7.1,   2.7
21-Nov-2022 12:00, 1.029,  19.5,  19.4, 1016.9,-0.083,-0.049,  173,   6.8,   2.8
21-Nov-2022 13:00, 1.003,  19.5,  19.6, 1016.7,-0.081,-0.045,  171,   4.6,   2.0
21-Nov-2022 14:00, 0.964,  19.5,  19.9, 1016.3,-0.054,-0.020,  164,   4.9,   1.6
21-Nov-2022 15:00, 0.849,  19.6,  19.4, 1015.6,-0.077,-0.047,  157,   3.5,   1.4
21-Nov-2022 16:00, 0.783,  19.5,  21.1, 1015.0,-0.043,-0.020,   82,   3.3,   1.2
21-Nov-2022 17:00, 0.670,  19.5,  21.6, 1014.5,-0.064,-0.047,   83,   5.6,   2.2
21-Nov-2022 18:00, 0.586,  19.5,  21.2, 1014.1,-0.082,-0.070,   82,   7.2,   3.6
21-Nov-2022 19:00, 0.574,  19.5,  19.5, 1013.7,-0.051,-0.043,   94,   7.5,   2.3
21-Nov-2022 20:00, 0.549,  19.5,  19.1, 1013.8,-0.064,-0.060,   88,   6.3,   2.5
21-Nov-2022 21:00, 0.573,  19.5,  18.6, 1014.2,-0.050,-0.044,   82,   6.4,   3.2
21-Nov-2022 22:00, 0.621,  19.4,  19.1, 1014.5,-0.029,-0.019,   78,   7.0,   4.0
21-Nov-2022 23:00, 0.654,  19.4,  21.0, 1014.6,-0.039,-0.026,   79,   7.6,   3.8
22-Nov-2022 00:00, 0.696,  19.4,  22.4, 1014.8,-0.041,-0.027,   74,  10.0,   5.2
22-Nov-2022 01:00, 0.746,  19.4,  24.7, 1014.5,-0.028,-0.013,   71,   8.5,   3.5
22-Nov-2022 02:00, 0.769,  19.4,  26.3, 1013.7,-0.023,-0.011,   66,   9.9,   4.5
22-Nov-2022 03:00, 0.749,  19.4,  29.0, 1012.5,-0.041,-0.038,   73,   8.9,   4.4
22-Nov-2022 04:00, 0.779,  19.4,  31.7, 1011.2,-0.001,-0.010,   75,   8.8,   4.1
22-Nov-2022 05:00, 0.769,  19.4,  32.5, 1009.9,-0.012,-0.034,   80,   7.0,   2.6
22-Nov-2022 06:00, 0.812,  19.5,  33.7, 1009.0, 0.005,-0.029,   90,   7.2,   2.3
22-Nov-2022 07:00, 0.880,  19.6,  32.1, 1009.0, 0.020,-0.022,   45,  13.3,   6.7
22-Nov-2022 08:00, 0.894,  19.8,  28.9, 1008.9,-0.042,-0.084,   60,  17.2,   6.5
22-Nov-2022 09:00, 1.039,  19.9,  28.6, 1008.1, 0.015,-0.030,   65,  10.6,   6.1
22-Nov-2022 10:00, 1.149,  19.9,  28.8, 1009.5, 0.049,-0.002,   34,  10.5,   4.8
22-Nov-2022 11:00, 1.141,  19.9,  26.7, 1009.8,-0.017,-0.054,   44,  13.8,   5.5
22-Nov-2022 12:00, 1.251,  19.8,  27.0, 1009.0, 0.070, 0.035,   69,  10.2,   2.2
22-Nov-2022 13:00, 1.262,  19.8,  26.4, 1009.0, 0.099, 0.056,   58,   6.9,   2.5
22-Nov-2022 14:00, 1.199,  19.8,  24.9, 1009.0, 0.096, 0.053,   71,   5.8,   3.5
22-Nov-2022 15:00, 1.115,  19.8,  24.5, 1009.0, 0.111, 0.069,   63,   5.4,   2.5
22-Nov-2022 16:00, 1.033,  19.8,  23.4, 1009.5, 0.151, 0.109,  269,   7.5,   3.2
22-Nov-2022 17:00, 0.863,  19.8,  20.9, 1008.9, 0.103, 0.066,  160,   8.4,   1.9
22-Nov-2022 18:00, 0.796,  19.7,  22.2, 1008.3, 0.138, 0.093,  111,   5.9,   2.0
22-Nov-2022 19:00, 0.718,  19.7,  21.1, 1009.3, 0.134, 0.086,  144,   8.6,   2.6
22-Nov-2022 20:00, 0.613,  19.7,  20.6, 1008.8, 0.073, 0.033,   92,   7.3,   2.8
22-Nov-2022 21:00, 0.668,  19.7,  19.6, 1009.0, 0.138, 0.095,   81,   8.8,   3.7
22-Nov-2022 22:00, 0.721,  19.6,  19.6, 1009.0, 0.178, 0.136,   72,   8.0,   4.5
22-Nov-2022 23:00, 0.735,  19.6,  20.6, 1009.5, 0.153, 0.112,   17,   8.1,   4.2
23-Nov-2022 00:00, 0.840,  19.6,  20.1, 1010.1, 0.200, 0.164,  338,   8.2,   5.2
23-Nov-2022 01:00, 0.912,  19.6,  19.7, 1010.3, 0.215, 0.184,  336,  10.6,   6.1
23-Nov-2022 02:00, 0.952,  19.7,  19.6, 1010.6, 0.207, 0.178,  331,  10.8,   6.0
23-Nov-2022 03:00, 1.004,  19.8,  20.1, 1010.8, 0.235, 0.209,  332,  10.3,   5.2
23-Nov-2022 04:00, 0.960,  19.8,  20.2, 1010.6, 0.187, 0.162,  325,   7.9,   4.6
23-Nov-2022 05:00, 0.998,  19.9,  20.5, 1010.3, 0.218, 0.192,  317,   7.5,   3.4
23-Nov-2022 06:00, 1.020,  20.1,  20.5, 1009.7, 0.213, 0.182,  310,   5.8,   3.1
23-Nov-2022 07:00, 1.064,  20.2,  20.3, 1010.0, 0.198, 0.164,  276,   6.3,   3.7
23-Nov-2022 08:00, 1.168,  20.2,  20.1, 1009.8, 0.223, 0.191,  276,   6.0,   3.4
23-Nov-2022 09:00, 1.252,  20.2,  19.9, 1010.1, 0.212, 0.178,  270,   5.8,   4.0
23-Nov-2022 10:00, 1.316,  20.3,  19.5, 1010.4, 0.189, 0.158,  252,   5.8,   3.9
23-Nov-2022 11:00, 1.416,  20.3,  19.5, 1011.0, 0.222, 0.194,  253,   5.0,   3.3
23-Nov-2022 12:00, 1.446,  20.4,  19.4, 1011.5, 0.212, 0.190,  248,   5.8,   4.7
23-Nov-2022 13:00, 1.439,  20.4,  19.2, 1011.7, 0.209, 0.192,  237,   6.0,   3.8
23-Nov-2022 14:00, 1.411,  20.4,  19.2, 1011.5, 0.224, 0.209,  232,   6.3,   4.5
23-Nov-2022 15:00, 1.317,  20.4,  19.1, 1011.3, 0.217, 0.200,  247,   6.2,   4.8
23-Nov-2022 16:00, 1.205,  20.4,  18.8, 1011.2, 0.233, 0.214,  236,   6.4,   4.1
23-Nov-2022 17:00, 1.061,  20.4,  18.6, 1010.5, 0.230, 0.209,  230,   6.7,   4.5
23-Nov-2022 18:00, 0.908,  20.4,  18.5, 1010.0, 0.209, 0.181,  234,   6.4,   4.1
23-Nov-2022 19:00, 0.831,  20.4,  18.4, 1010.2, 0.238, 0.206,  223,   6.3,   4.5
23-Nov-2022 20:00, 0.720,  20.3,  18.5, 1010.3, 0.205, 0.175,  224,   6.0,   3.9
23-Nov-2022 21:00, 0.695,  20.3,  18.5, 1010.8, 0.225, 0.196,  239,   5.9,   4.0
23-Nov-2022 22:00, 0.687,  20.3,  18.5, 1011.3, 0.228, 0.204,  246,   7.1,   5.4
23-Nov-2022 23:00, 0.700,  20.3,  18.7, 1011.8, 0.223, 0.204,  257,   7.8,   4.3
24-Nov-2022 00:00, 0.753,  20.3,  18.9, 1012.4, 0.223, 0.209,  255,   7.2,   4.6
24-Nov-2022 01:00, 0.801,  20.3,  19.1, 1013.0, 0.206, 0.199,  269,   6.8,   3.5
24-Nov-2022 02:00, 0.872,  20.3,  18.8, 1013.4, 0.211, 0.209,  251,   6.6,   4.4
24-Nov-2022 03:00, 0.904,  20.3,  18.9, 1013.3, 0.188, 0.190,  250,   5.9,   3.6
24-Nov-2022 04:00, 0.923,  20.4,  19.4, 1013.0, 0.182, 0.182,  255,   5.7,   2.2
24-Nov-2022 05:00, 0.944,  20.4,  19.1, 1013.0, 0.186, 0.183,  245,   4.9,   3.4
24-Nov-2022 06:00, 0.955,  20.4,  20.0, 1012.6, 0.167, 0.164,  223,   4.7,   3.0
24-Nov-2022 07:00, 1.032,  20.5,  20.1, 1012.1, 0.184, 0.177,  209,   5.9,   2.4
24-Nov-2022 08:00, 1.125,  20.6,  20.2, 1012.0, 0.192, 0.181,  221,   5.0,   3.1
24-Nov-2022 09:00, 1.206,  20.6,  19.2, 1011.9, 0.177, 0.164,  222,   5.5,   3.6
24-Nov-2022 10:00, 1.322,  20.6,  19.1, 1012.2, 0.196, 0.183,  207,   5.0,   2.3
24-Nov-2022 11:00, 1.401,  20.6,  18.8, 1012.5, 0.199, 0.189,  213,   3.9,   2.1
24-Nov-2022 12:00, 1.453,  20.5,  18.5, 1012.6, 0.196, 0.189,  215,   3.8,   2.0
24-Nov-2022 13:00, 1.487,  20.5,  18.4, 1012.7, 0.214, 0.207,  226,   4.0,   2.2
24-Nov-2022 14:00, 1.455,  20.5,  18.4, 1012.8, 0.208, 0.203,  229,   4.1,   2.2
24-Nov-2022 15:00, 1.413,  20.5,  18.4, 1012.6, 0.226, 0.221,  249,   4.3,   2.6
24-Nov-2022 16:00, 1.311,  20.5,  18.3, 1012.5, 0.233, 0.226,  240,   4.7,   3.3
24-Nov-2022 17:00, 1.164,  20.5,  18.2, 1012.1, 0.228, 0.220,  242,   4.4,   3.4
24-Nov-2022 18:00, 1.011,  20.5,  18.3, 1012.0, 0.223, 0.212,  245,   4.5,   3.5
24-Nov-2022 19:00, 0.881,  20.5,  18.4, 1012.1, 0.226, 0.214,  246,   5.7,   4.2
24-Nov-2022 20:00, 0.771,  20.5,  18.4, 1012.1, 0.222, 0.210,  266,   5.2,   3.2
24-Nov-2022 21:00, 0.698,  20.4,  18.3, 1012.6, 0.229, 0.217,  269,   4.9,   2.4
24-Nov-2022 22:00, 0.655,  20.4,  18.5, 1013.0, 0.230, 0.224,  267,   3.8,   1.9
24-Nov-2022 23:00, 0.614,  20.4,  17.7, 1013.6, 0.202, 0.200,   36,   3.2,   1.3
25-Nov-2022 00:00, 0.654,  20.4,  18.2, 1014.0, 0.214, 0.219,  337,   4.8,   2.7
25-Nov-2022 01:00, 0.714,  20.3,  18.9, 1014.0, 0.219, 0.226,  333,   4.3,   1.9
25-Nov-2022 02:00, 0.761,  20.4,  18.5, 1014.4, 0.201, 0.209,  325,   5.7,   2.9
25-Nov-2022 03:00, 0.830,  20.4,  19.7, 1014.1, 0.199, 0.210,  315,   5.6,   2.8
25-Nov-2022 04:00, 0.863,  20.5,  18.9, 1013.9, 0.178, 0.186,  297,   6.3,   3.4
25-Nov-2022 05:00, 0.910,  20.6,  19.1, 1013.5, 0.194, 0.200,  293,   5.5,   2.7
25-Nov-2022 06:00, 0.927,  20.8,  18.9, 1013.5, 0.175, 0.177,  247,   5.6,   4.5
25-Nov-2022 07:00, 0.973,  20.8,  19.2, 1013.5, 0.165, 0.168,  248,   6.5,   4.2
25-Nov-2022 08:00, 1.096,  20.9,  19.8, 1013.3, 0.201, 0.203,  226,   5.7,   4.0
25-Nov-2022 09:00, 1.163,  20.9,  19.9, 1013.5, 0.169, 0.169,  216,   6.3,   3.8
25-Nov-2022 10:00, 1.252,  21.0,  19.5, 1014.0, 0.157, 0.160,  216,   7.0,   3.4
25-Nov-2022 11:00, 1.364,  21.0,  19.0, 1014.5, 0.184, 0.192,  219,   5.9,   3.4
25-Nov-2022 12:00, 1.403,  20.9,  18.8, 1015.0, 0.160, 0.173,  227,   6.1,   3.1
25-Nov-2022 13:00, 1.460,  20.9,  18.6, 1015.5, 0.180, 0.198,  220,   4.7,   2.3
25-Nov-2022 14:00, 1.447,  20.8,  18.5, 1015.6, 0.174, 0.197,  216,   3.7,   2.1
25-Nov-2022 15:00, 1.416,  20.8,  18.3, 1015.6, 0.180, 0.203,  211,   4.3,   2.1
25-Nov-2022 16:00, 1.341,  20.8,  18.2, 1015.4, 0.177, 0.200,  202,   3.6,   1.6
25-Nov-2022 17:00, 1.218,  20.8,  18.1, 1015.0, 0.173, 0.194,  190,   4.3,   1.5
25-Nov-2022 18:00, 1.069,  20.8,  16.3, 1015.0, 0.166, 0.183,   84,   3.1,   0.8
25-Nov-2022 19:00, 0.917,  20.7,  15.8, 1014.7, 0.159, 0.176,   87,   2.6,   0.9
25-Nov-2022 20:00, 0.799,  20.7,  15.2, 1015.1, 0.167, 0.182,   81,   2.6,   1.0
25-Nov-2022 21:00, 0.668,  20.7,  14.5, 1015.5, 0.138, 0.156,   71,   2.1,   0.8
25-Nov-2022 22:00, 0.635,  20.7,  16.3, 1015.9, 0.181, 0.204,  130,   2.3,   0.6
25-Nov-2022 23:00, 0.559,  20.6,  17.0, 1016.5, 0.150, 0.177,  163,   4.9,   2.1
26-Nov-2022 00:00, 0.534,  20.6,  17.9, 1016.7, 0.136, 0.168,  186,   4.6,   1.6
26-Nov-2022 01:00, 0.566,  20.6,  18.3, 1017.0, 0.136, 0.171,  214,   4.2,   2.7
26-Nov-2022 02:00, 0.618,  20.7,  19.4, 1016.8, 0.140, 0.177,  208,   5.9,   3.5
26-Nov-2022 03:00, 0.651,  20.8,  19.8, 1016.5, 0.111, 0.146,  204,   7.3,   4.1
26-Nov-2022 04:00, 0.730,  20.9,  20.0, 1015.9, 0.119, 0.150,  204,   9.1,   5.0
26-Nov-2022 05:00, 0.789,  20.9,  20.2, 1015.4, 0.128, 0.153,  209,   8.6,   4.6
26-Nov-2022 06:00, 0.802,  20.9,  20.5, 1015.2, 0.096, 0.118,  208,   9.5,   5.0
26-Nov-2022 07:00, 0.854,  21.1,  19.7, 1014.8, 0.094, 0.113,  202,  11.4,   6.5
26-Nov-2022 08:00, 0.934,  21.1,  19.6, 1014.8, 0.096, 0.111,  200,  11.8,   5.7
26-Nov-2022 09:00, 1.014,  21.1,  19.4, 1014.6, 0.075, 0.090,  202,  11.6,   5.6
26-Nov-2022 10:00, 1.130,  21.2,  19.4, 1014.7, 0.090, 0.103,  201,  10.9,   5.2
26-Nov-2022 11:00, 1.214,  21.2,  19.3, 1014.9, 0.086, 0.100,  198,  10.3,   5.0
26-Nov-2022 12:00, 1.272,  21.2,  19.3, 1015.0, 0.078, 0.094,  192,   9.0,   4.0
26-Nov-2022 13:00, 1.344,  21.2,  19.4, 1015.0, 0.100, 0.117,  192,   9.9,   3.9
26-Nov-2022 14:00, 1.318,  21.1,  19.4, 1015.2, 0.057, 0.074,  173,   7.8,   2.0
26-Nov-2022 15:00, 1.318,  21.0,  18.9, 1015.1, 0.077, 0.097,  170,   6.2,   2.4
26-Nov-2022 16:00, 1.274,  21.0,  18.1, 1015.0, 0.072, 0.091,  169,   5.2,   2.2
26-Nov-2022 17:00, 1.163,  21.1,  17.8, 1015.2, 0.040, 0.057,  153,   5.4,   2.4
26-Nov-2022 18:00, 1.034,  21.0,  16.9, 1015.6, 0.026, 0.046,  104,   4.9,   0.9
26-Nov-2022 19:00, 0.897,  21.0,  16.2, 1015.7, 0.021, 0.044,  117,   5.1,   0.8
26-Nov-2022 20:00, 0.764,  21.0,  15.4, 1016.1, 0.021, 0.045,  103,   5.1,   1.3
26-Nov-2022 21:00, 0.642,  20.9,  14.8, 1016.9, 0.012, 0.041,  135,   4.3,   1.0
26-Nov-2022 22:00, 0.558,  20.9,  15.1, 1017.4, 0.019, 0.056,   92,   3.8,   1.4
26-Nov-2022 23:00, 0.477,  20.8,  16.3, 1017.8, 0.009, 0.051,   79,   7.5,   3.7
27-Nov-2022 00:00, 0.429,  20.7,  17.1, 1017.9, 0.005, 0.051,   86,   7.8,   3.1
27-Nov-2022 01:00, 0.415,  20.7,  19.0, 1017.8,-0.003, 0.043,   97,   6.6,   2.2
27-Nov-2022 02:00, 0.463,  20.8,  19.5, 1017.3, 0.019, 0.064,  135,   6.5,   2.5
27-Nov-2022 03:00, 0.482,  20.8,  21.3, 1016.6, 0.001, 0.041,  146,   6.8,   1.6
27-Nov-2022 04:00, 0.545,  20.9,  22.7, 1016.2, 0.004, 0.037,  160,   7.3,   2.3
27-Nov-2022 05:00, 0.631,  21.0,  19.4, 1015.9, 0.026, 0.056,  216,   9.1,   5.3
27-Nov-2022 06:00, 0.661,  21.1,  19.3, 1015.4, 0.004, 0.030,  206,   9.6,   5.2
27-Nov-2022 07:00, 0.728,  21.1,  19.5, 1015.0, 0.012, 0.033,  202,   9.7,   5.2
27-Nov-2022 08:00, 0.805,  21.2,  19.6, 1014.7, 0.021, 0.037,  202,   9.8,   5.2
27-Nov-2022 09:00, 0.873,  21.3,  19.6, 1014.8, 0.001, 0.015,  203,   9.8,   5.0
27-Nov-2022 10:00, 0.985,  21.2,  19.4, 1014.9, 0.013, 0.028,  197,  10.4,   4.6
27-Nov-2022 11:00, 1.069,  21.2,  19.1, 1015.5, 0.010, 0.027,  193,   8.2,   4.1
27-Nov-2022 12:00, 1.115,  21.2,  19.4, 1015.4,-0.011, 0.012,  188,   7.5,   3.1
27-Nov-2022 13:00, 1.190,  21.1,  19.3, 1015.2, 0.014, 0.035,  169,   5.9,   2.0
27-Nov-2022 14:00, 1.210,  21.1,  19.1, 1015.5, 0.000, 0.020,  171,   4.6,   1.9
27-Nov-2022 15:00, 1.206,  21.1,  18.8, 1015.2,-0.001, 0.021,  169,   3.3,   1.6
27-Nov-2022 16:00, 1.193,  21.0,  17.9, 1015.0, 0.009, 0.028,  143,   4.0,   0.4
27-Nov-2022 17:00, 1.143,  21.0,  19.0, 1014.7,-0.003, 0.014,   86,   6.0,   3.0
27-Nov-2022 18:00, 1.043,  21.0,  18.1, 1014.6,-0.026,-0.011,   86,   8.8,   3.6
27-Nov-2022 19:00, 0.932,  20.9,  16.8, 1014.7,-0.037,-0.024,   80,  10.2,   4.5
27-Nov-2022 20:00, 0.804,  20.9,  15.8, 1015.1,-0.049,-0.034,   80,  10.4,   5.7
27-Nov-2022 21:00, 0.711,  20.8,  14.9, 1015.7,-0.028,-0.010,   79,  10.7,   5.4
27-Nov-2022 22:00, 0.608,  20.8,  14.8, 1016.3,-0.038,-0.013,   80,  10.5,   5.2
27-Nov-2022 23:00, 0.538,  20.7,  16.0, 1016.4,-0.031,-0.001,   83,  10.3,   5.9
28-Nov-2022 00:00, 0.478,  20.6,  18.0, 1016.6,-0.028, 0.003,   82,   9.4,   4.9
28-Nov-2022 01:00, 0.440,  20.6,  20.5, 1016.3,-0.027, 0.006,   89,   9.2,   3.4
28-Nov-2022 02:00, 0.453,  20.6,  22.8, 1015.7,-0.011, 0.019,   92,   7.4,   2.5
28-Nov-2022 03:00, 0.466,  20.6,  24.8, 1015.2,-0.010, 0.014,   94,   7.8,   1.7
28-Nov-2022 04:00, 0.478,  20.7,  25.9, 1014.5,-0.028,-0.010,  130,   5.2,   1.9
28-Nov-2022 05:00, 0.559,  20.8,  22.5, 1013.8,-0.006, 0.006,  215,   7.8,   4.0
28-Nov-2022 06:00, 0.604,  20.9,  21.9, 1013.3,-0.018,-0.013,  198,   8.1,   3.7
28-Nov-2022 07:00, 0.674,  20.9,  21.3, 1013.0,-0.009,-0.009,  198,   8.8,   3.6
28-Nov-2022 08:00, 0.730,  21.0,  21.0, 1012.8,-0.021,-0.023,  194,   7.4,   4.2
28-Nov-2022 09:00, 0.797,  21.1,  21.1, 1012.8,-0.022,-0.027,  193,   7.6,   3.6
28-Nov-2022 10:00, 0.881,  21.1,  20.9, 1013.1,-0.023,-0.027,  190,   7.8,   3.0
28-Nov-2022 11:00, 0.973,  21.1,  20.3, 1013.6,-0.015,-0.015,  181,   6.7,   2.6
28-Nov-2022 12:00, 1.015,  21.0,  20.2, 1013.8,-0.036,-0.032,  183,   6.9,   2.1
28-Nov-2022 13:00, 1.084,  21.0,  20.5, 1013.9,-0.009,-0.003,  177,   4.0,   1.7
28-Nov-2022 14:00, 1.114,  21.0,  20.3, 1013.6,-0.015,-0.009,  169,   3.8,   1.0
28-Nov-2022 15:00, 1.147,  21.0,  20.0, 1013.2, 0.005, 0.009,  158,   3.8,   1.6
28-Nov-2022 16:00, 1.133,  20.9,  19.4, 1012.5, 0.005, 0.004,  149,   2.7,   0.7
28-Nov-2022 17:00, 1.132,  20.9,  20.4, 1011.7, 0.018, 0.010,   84,   2.9,   1.4
28-Nov-2022 18:00, 1.080,  20.9,  22.2, 1011.1, 0.005,-0.011,   78,   6.7,   3.5
28-Nov-2022 19:00, 1.017,  20.9,  21.9, 1010.7, 0.009,-0.013,   79,   7.8,   4.4
28-Nov-2022 20:00, 0.935,  20.9,  20.9, 1010.8, 0.006,-0.019,   79,   9.3,   4.5
28-Nov-2022 21:00, 0.883,  20.8,  20.2, 1011.0, 0.050, 0.026,   78,   8.2,   4.3
28-Nov-2022 22:00, 0.768,  20.8,  20.3, 1011.4, 0.025, 0.003,   73,   8.2,   4.6
28-Nov-2022 23:00, 0.715,  20.7,  22.0, 1011.6, 0.042, 0.024,   70,  10.1,   6.0
29-Nov-2022 00:00, 0.675,  20.6,  24.7, 1011.5, 0.063, 0.047,   71,  10.4,   5.1
29-Nov-2022 01:00, 0.610,  20.6,  27.2, 1011.2, 0.051, 0.033,   70,  11.3,   6.4
29-Nov-2022 02:00, 0.613,  20.7,  29.0, 1010.7, 0.083, 0.062,   65,  10.6,   5.1
29-Nov-2022 03:00, 0.606,  20.7,  31.1, 1010.1, 0.082, 0.056,   78,   9.1,   3.1
29-Nov-2022 04:00, 0.600,  20.8,  33.2, 1009.3, 0.074, 0.042,  112,   6.8,   2.1
29-Nov-2022 05:00, 0.670,  20.9,  32.3, 1008.2, 0.110, 0.070,  270,   5.3,   1.0
29-Nov-2022 06:00, 0.727,  21.0,  25.7, 1007.6, 0.111, 0.060,  193,   7.2,   3.5
29-Nov-2022 07:00, 0.785,  21.0,  25.0, 1006.8, 0.114, 0.057,  167,   4.6,   2.0
29-Nov-2022 08:00, 0.864,  21.1,  24.5, 1006.0, 0.125, 0.060,  165,   4.4,   2.8
29-Nov-2022 09:00, 0.938,  21.1,  24.5, 1005.4, 0.136, 0.063,  168,   4.3,   2.1
29-Nov-2022 10:00, 0.993,  21.0,  24.5, 1005.2, 0.131, 0.052,  185,   4.3,   1.0
29-Nov-2022 11:00, 1.074,  21.0,  23.3, 1005.5, 0.146, 0.066,  171,   3.7,   1.2
29-Nov-2022 12:00, 1.138,  21.0,  23.3, 1005.5, 0.153, 0.076,  157,   2.9,   1.9
29-Nov-2022 13:00, 1.154,  21.0,  22.9, 1005.3, 0.136, 0.059,  179,   2.5,   0.3
29-Nov-2022 14:00, 1.210,  21.0,  29.6, 1004.8, 0.170, 0.090,  102,   4.7,   0.9
29-Nov-2022 15:00, 1.237,  21.0,  30.1, 1004.3, 0.177, 0.092,   93,   4.6,   2.1
29-Nov-2022 16:00, 1.226,  20.9,  30.1, 1004.1, 0.172, 0.083,   89,   6.6,   2.2
29-Nov-2022 17:00, 1.240,  20.9,  30.2, 1003.7, 0.199, 0.108,   83,   6.6,   3.3
29-Nov-2022 18:00, 1.210,  20.9,  29.0, 1002.9, 0.180, 0.085,   89,   7.3,   3.0
29-Nov-2022 19:00, 1.192,  20.9,  29.5, 1001.8, 0.199, 0.095,   73,   8.0,   5.2
29-Nov-2022 20:00, 1.180,  20.9,  29.6, 1000.9, 0.236, 0.120,   67,  12.6,   6.8
29-Nov-2022 21:00, 1.134,  21.0,  24.3, 1003.3, 0.250, 0.130,    6,  10.3,   1.3
29-Nov-2022 22:00, 1.031,  21.0,  24.2, 1003.9, 0.220, 0.122,   32,   3.7,   1.6
29-Nov-2022 23:00, 1.019,  21.0,  25.7, 1004.0, 0.268, 0.175,   21,   3.2,   2.2
30-Nov-2022 00:00, 0.961,  21.0,  25.0, 1004.4, 0.257, 0.165,    9,   7.3,   4.4
30-Nov-2022 01:00, 0.907,  21.0,  25.1, 1004.4, 0.248, 0.160,  339,   8.4,   4.3
30-Nov-2022 02:00, 0.897,  21.1,  21.5, 1005.0, 0.279, 0.191,  342,  10.8,   7.2
30-Nov-2022 03:00, 0.853,  21.3,  21.7, 1005.3, 0.253, 0.171,  342,  12.3,   7.4
30-Nov-2022 04:00, 0.840,  21.5,  21.4, 1005.3, 0.249, 0.170,  342,  11.4,   6.2
30-Nov-2022 05:00, 0.866,  21.5,  21.7, 1005.5, 0.269, 0.190,  336,  10.8,   5.2
30-Nov-2022 06:00, 0.900,  21.6,  21.8, 1005.6, 0.258, 0.182,  318,   7.6,   3.2
30-Nov-2022 07:00, 0.952,  21.6,  21.8, 1005.4, 0.256, 0.179,  318,   5.8,   3.3
30-Nov-2022 08:00, 1.017,  21.7,  21.7, 1005.5, 0.263, 0.185,  308,   5.8,   3.2
30-Nov-2022 09:00, 1.060,  21.8,  21.2, 1005.6, 0.243, 0.165,  295,   5.5,   3.2
30-Nov-2022 10:00, 1.110,  21.8,  20.8, 1006.1, 0.245, 0.170,  280,   6.6,   3.2
30-Nov-2022 11:00, 1.149,  21.8,  20.3, 1006.3, 0.245, 0.174,  266,   6.4,   3.3
30-Nov-2022 12:00, 1.195,  21.8,  20.1, 1006.6, 0.254, 0.185,  258,   6.2,   3.1
30-Nov-2022 13:00, 1.211,  21.9,  20.1, 1007.2, 0.246, 0.180,  290,   6.0,   2.8
30-Nov-2022 14:00, 1.199,  21.8,  20.3, 1007.8, 0.229, 0.170,  267,   6.1,   2.7
30-Nov-2022 15:00, 1.220,  21.8,  20.4, 1007.7, 0.245, 0.191,  274,   5.0,   3.0
30-Nov-2022 16:00, 1.213,  21.8,  20.2, 1007.4, 0.239, 0.183,  293,   4.5,   1.9
30-Nov-2022 17:00, 1.199,  21.8,  20.1, 1007.0, 0.241, 0.182,  285,   3.7,   1.8
30-Nov-2022 18:00, 1.198,  21.9,  20.0, 1006.5, 0.248, 0.185,  264,   4.1,   2.3
30-Nov-2022 19:00, 1.195,  21.9,  20.1, 1006.5, 0.256, 0.189,  293,   4.1,   2.5
30-Nov-2022 20:00, 1.145,  21.9,  19.9, 1006.8, 0.235, 0.168,  247,   5.7,   4.5
30-Nov-2022 21:00, 1.138,  21.8,  19.9, 1007.3, 0.259, 0.195,  246,   6.0,   4.4
30-Nov-2022 22:00, 1.096,  21.8,  19.9, 1008.0, 0.258, 0.199,  273,   6.6,   2.9
30-Nov-2022 23:00, 1.016,  21.8,  19.6, 1008.5, 0.224, 0.172,  267,   6.5,   2.8
01-Dec-2022 00:00, 1.001,  21.7,  19.9, 1008.8, 0.243, 0.196,  248,   6.0,   4.3
01-Dec-2022 01:00, 0.974,  21.7,  19.7, 1009.0, 0.241, 0.197,  226,   6.1,   4.4
01-Dec-2022 02:00, 0.911,  21.7,  20.4, 1009.2, 0.209, 0.168,  210,   6.0,   2.4
01-Dec-2022 03:00, 0.899,  21.7,  20.9, 1009.0, 0.222, 0.182,  210,   5.5,   2.9
01-Dec-2022 04:00, 0.883,  21.7,  20.3, 1009.0, 0.214, 0.171,  217,   6.5,   4.0
01-Dec-2022 05:00, 0.862,  21.8,  20.5, 1009.0, 0.194, 0.152,  197,   6.0,   2.6
01-Dec-2022 06:00, 0.895,  21.8,  20.3, 1008.6, 0.204, 0.161,  206,   5.9,   3.4
01-Dec-2022 07:00, 0.944,  21.7,  20.1, 1008.7, 0.199, 0.153,  206,   6.3,   3.6
01-Dec-2022 08:00, 0.992,  21.7,  20.0, 1008.4, 0.191, 0.145,  195,   6.6,   2.5
01-Dec-2022 09:00, 1.048,  21.7,  19.5, 1008.4, 0.190, 0.142,  203,   6.4,   3.7
01-Dec-2022 10:00, 1.089,  21.7,  19.4, 1008.8, 0.185, 0.138,  212,   6.7,   3.2
01-Dec-2022 11:00, 1.098,  21.7,  19.2, 1008.9, 0.171, 0.127,  202,   5.9,   3.0
01-Dec-2022 12:00, 1.131,  21.6,  19.1, 1009.2, 0.194, 0.151,  199,   6.9,   2.6
01-Dec-2022 13:00, 1.138,  21.6,  19.1, 1009.7, 0.198, 0.158,  208,   6.3,   3.2
01-Dec-2022 14:00, 1.090,  21.6,  19.2, 1009.6, 0.161, 0.126,  208,   6.0,   3.0
01-Dec-2022 15:00, 1.114,  21.6,  18.9, 1009.2, 0.204, 0.168,  205,   6.4,   3.4
01-Dec-2022 16:00, 1.094,  21.6,  18.6, 1008.7, 0.195, 0.154,  205,   6.5,   3.8
01-Dec-2022 17:00, 1.055,  21.5,  18.6, 1008.3, 0.173, 0.127,  202,   6.0,   2.8
01-Dec-2022 18:00, 1.089,  21.5,  18.4, 1008.0, 0.226, 0.176,  199,   6.0,   2.7
01-Dec-2022 19:00, 1.032,  21.5,  18.2, 1007.8, 0.175, 0.123,  193,   5.7,   2.5
01-Dec-2022 20:00, 1.034,  21.5,  17.7, 1008.0, 0.186, 0.132,  174,   6.6,   2.1
01-Dec-2022 21:00, 1.037,  21.5,  17.4, 1008.5, 0.204, 0.153,  170,   5.0,   2.0
01-Dec-2022 22:00, 1.014,  21.5,  17.1, 1009.0, 0.196, 0.149,  154,   4.9,   2.2
01-Dec-2022 23:00, 0.982,  21.5,  17.3, 1009.7, 0.185, 0.143,  164,   4.0,   2.1
02-Dec-2022 00:00, 0.967,  21.5,  17.6, 1010.0, 0.189, 0.154,  170,   4.8,   2.0
02-Dec-2022 01:00, 0.937,  21.5,  18.7, 1010.0, 0.171, 0.139,  204,   4.2,   1.8
02-Dec-2022 02:00, 0.940,  21.6,  19.1, 1009.8, 0.184, 0.152,  214,   5.8,   3.0
02-Dec-2022 03:00, 0.902,  21.6,  19.4, 1009.7, 0.164, 0.129,  217,   5.7,   3.0
02-Dec-2022 04:00, 0.891,  21.6,  19.4, 1009.9, 0.159, 0.124,  216,   6.8,   4.0
02-Dec-2022 05:00, 0.903,  21.6,  19.7, 1009.6, 0.164, 0.130,  213,   7.9,   4.5
02-Dec-2022 06:00, 0.926,  21.6,  19.8, 1009.4, 0.168, 0.131,  206,   8.5,   4.4
02-Dec-2022 07:00, 0.960,  21.6,  20.4, 1009.1, 0.157, 0.118,  202,   7.5,   3.5
02-Dec-2022 08:00, 1.034,  21.7,  19.9, 1009.4, 0.169, 0.128,  210,   7.9,   3.9
02-Dec-2022 09:00, 1.080,  21.7,  19.5, 1009.6, 0.160, 0.122,  218,   7.8,   5.0
02-Dec-2022 10:00, 1.134,  21.7,  19.3, 1010.0, 0.171, 0.135,  216,   7.6,   4.1
02-Dec-2022 11:00, 1.154,  21.8,  19.0, 1010.6, 0.171, 0.140,  213,   6.9,   3.5
02-Dec-2022 12:00, 1.127,  21.8,  18.9, 1010.8, 0.151, 0.125,  205,   6.6,   3.6
02-Dec-2022 13:00, 1.133,  21.7,  19.3, 1011.0, 0.181, 0.156,  196,   6.4,   2.9
02-Dec-2022 14:00, 1.102,  21.7,  19.2, 1011.4, 0.180, 0.158,  201,   7.6,   3.7
02-Dec-2022 15:00, 1.043,  21.7,  19.2, 1010.9, 0.161, 0.142,  194,   7.5,   3.4
02-Dec-2022 16:00, 1.027,  21.6,  19.2, 1010.5, 0.183, 0.160,  195,   6.6,   3.1
02-Dec-2022 17:00, 0.977,  21.6,  19.3, 1010.0, 0.160, 0.132,  196,   6.7,   3.4
02-Dec-2022 18:00, 0.949,  21.6,  18.5, 1009.7, 0.157, 0.125,  159,   6.1,   3.1
02-Dec-2022 19:00, 0.935,  21.6,  17.6, 1009.3, 0.161, 0.125,  160,   5.2,   3.2
02-Dec-2022 20:00, 0.906,  21.6,  16.9, 1009.7, 0.137, 0.098,  156,   5.3,   2.3
02-Dec-2022 21:00, 0.900,  21.6,  16.9, 1010.4, 0.134, 0.100,  126,   4.0,   0.8
02-Dec-2022 22:00, 0.901,  21.6,  16.9, 1010.5, 0.136, 0.107,  151,   3.3,   1.1
02-Dec-2022 23:00, 0.902,  21.6,  17.9, 1011.0, 0.135, 0.108,  163,   3.3,   2.0
03-Dec-2022 00:00, 0.884,  21.6,  19.6, 1011.7, 0.115, 0.094,  150,   3.7,   1.3
03-Dec-2022 01:00, 0.885,  21.7,  20.7, 1011.4, 0.117, 0.102,  155,   3.4,   2.0
03-Dec-2022 02:00, 0.876,  21.7,  23.2, 1011.4, 0.106, 0.087,   79,   6.0,   2.3
03-Dec-2022 03:00, 0.888,  21.7,  20.7, 1011.3, 0.115, 0.096,  218,   6.4,   4.4
03-Dec-2022 04:00, 0.869,  21.8,  20.6, 1011.1, 0.096, 0.077,  206,   7.6,   4.1
03-Dec-2022 05:00, 0.885,  21.8,  20.8, 1010.7, 0.098, 0.076,  213,   7.2,   3.7
03-Dec-2022 06:00, 0.931,  21.8,  21.2, 1010.2, 0.115, 0.089,  209,   9.5,   4.6
03-Dec-2022 07:00, 0.963,  21.8,  21.4, 1009.6, 0.101, 0.069,  203,   8.9,   4.7
03-Dec-2022 08:00, 1.039,  22.0,  21.3, 1009.5, 0.116, 0.080,  203,   9.3,   4.9
03-Dec-2022 09:00, 1.086,  22.0,  21.5, 1009.5, 0.100, 0.063,  202,   8.7,   4.3
03-Dec-2022 10:00, 1.142,  21.9,  21.9, 1009.6, 0.110, 0.073,  194,   8.3,   3.2
03-Dec-2022 11:00, 1.176,  21.9,  21.1, 1009.9, 0.124, 0.088,  198,   8.4,   3.9
03-Dec-2022 12:00, 1.149,  21.9,  21.2, 1010.0, 0.107, 0.073,  192,  10.0,   3.6
03-Dec-2022 13:00, 1.129,  21.9,  21.3, 1010.2, 0.127, 0.095,  194,   6.8,   2.2
03-Dec-2022 14:00, 1.036,  22.0,  22.2, 1010.1, 0.091, 0.060,  175,   6.0,   2.6
03-Dec-2022 15:00, 0.966,  22.0,  23.3, 1010.9, 0.081, 0.050,  110,   8.3,   1.6
03-Dec-2022 16:00, 0.891,  21.9,  21.6, 1011.1, 0.068, 0.044,  138,   6.6,   2.7
03-Dec-2022 17:00, 0.828,  21.9,  20.2, 1011.5, 0.057, 0.036,  137,   7.0,   1.7
03-Dec-2022 18:00, 0.789,  21.8,  19.0, 1011.8, 0.054, 0.036,  123,   5.5,   1.4
03-Dec-2022 19:00, 0.753,  21.8,  18.4, 1012.1, 0.044, 0.030,  147,   5.5,   1.2
03-Dec-2022 20:00, 0.727,  21.8,  17.9, 1012.0, 0.035, 0.023,  119,   4.1,   0.8
03-Dec-2022 21:00, 0.747,  21.8,  18.2, 1012.7, 0.056, 0.044,  149,   4.3,   1.6
03-Dec-2022 22:00, 0.744,  21.8,  18.6, 1013.4, 0.044, 0.039,  134,   3.7,   1.4
03-Dec-2022 23:00, 0.757,  21.8,  19.7, 1013.9, 0.042, 0.044,  121,   6.0,   2.0
04-Dec-2022 00:00, 0.764,  21.8,  21.0, 1014.0, 0.029, 0.036,  111,   8.1,   1.7
04-Dec-2022 01:00, 0.793,  21.8,  22.4, 1013.5, 0.041, 0.048,  116,   7.3,   2.4
04-Dec-2022 02:00, 0.814,  21.8,  24.1, 1013.2, 0.052, 0.054,   95,   6.8,   1.5
04-Dec-2022 03:00, 0.828,  21.9,  24.8, 1013.0, 0.052, 0.052,  117,   6.2,   2.2
04-Dec-2022 04:00, 0.847,  22.0,  26.3, 1012.2, 0.056, 0.053,  180,   7.5,   2.3
04-Dec-2022 05:00, 0.889,  22.0,  26.8, 1011.3, 0.079, 0.067,  151,   5.7,   1.9
04-Dec-2022 06:00, 0.892,  22.1,  27.5, 1010.7, 0.045, 0.025,  172,   6.3,   2.0
04-Dec-2022 07:00, 0.982,  22.1,  23.4, 1010.2, 0.076, 0.050,  212,   8.6,   4.9
04-Dec-2022 08:00, 1.070,  22.1,  23.0, 1010.2, 0.099, 0.069,  207,   8.5,   5.4
04-Dec-2022 09:00, 1.115,  22.0,  22.5, 1010.1, 0.076, 0.046,  210,   9.4,   5.5
04-Dec-2022 10:00, 1.170,  22.1,  22.8, 1010.1, 0.075, 0.044,  201,   9.7,   5.2
04-Dec-2022 11:00, 1.205,  22.2,  25.8, 1010.5, 0.084, 0.053,  174,   7.1,   2.9
04-Dec-2022 12:00, 1.150,  22.1,  24.2, 1011.4, 0.038, 0.012,  164,   9.2,   4.2
04-Dec-2022 13:00, 1.123,  22.0,  22.4, 1012.5, 0.051, 0.034,  155,   9.0,   4.0
04-Dec-2022 14:00, 1.036,  22.0,  21.2, 1012.9, 0.038, 0.032,  111,   7.6,   1.6
04-Dec-2022 15:00, 0.923,  22.0,  20.2, 1013.0, 0.011, 0.008,  109,   7.4,   1.4
04-Dec-2022 16:00, 0.887,  21.9,  19.4, 1012.8, 0.055, 0.052,  105,   6.3,   1.7
04-Dec-2022 17:00, 0.786,  21.9,  19.0, 1012.6, 0.028, 0.023,  118,   6.4,   1.3
04-Dec-2022 18:00, 0.728,  21.9,  18.6, 1012.5, 0.029, 0.023,  122,   3.9,   0.9
04-Dec-2022 19:00, 0.705,  21.9,  17.9, 1012.2, 0.045, 0.037,   86,   3.9,   0.8
04-Dec-2022 20:00, 0.651,  21.9,  17.6, 1012.2, 0.016, 0.005,  144,   2.9,   1.0
04-Dec-2022 21:00, 0.668,  21.9,  17.1, 1012.5, 0.045, 0.035,  117,   3.3,   0.7
04-Dec-2022 22:00, 0.694,  21.8,  17.8, 1012.9, 0.061, 0.054,  159,   3.1,   1.5
04-Dec-2022 23:00, 0.689,  21.8,  18.9, 1013.2, 0.032, 0.029,  152,   5.2,   2.2
05-Dec-2022 00:00, 0.729,  21.8,  19.9, 1013.3, 0.042, 0.042,  119,   4.8,   2.1
05-Dec-2022 01:00, 0.772,  21.8,  21.4, 1012.7, 0.051, 0.051,  179,   4.8,   1.7
05-Dec-2022 02:00, 0.816,  21.8,  21.1, 1012.2, 0.070, 0.064,  223,   5.7,   4.2
05-Dec-2022 03:00, 0.811,  21.9,  21.1, 1012.0, 0.050, 0.040,  219,   7.7,   4.9
05-Dec-2022 04:00, 0.844,  21.9,  20.9, 1011.9, 0.061, 0.049,  219,   8.5,   5.7
05-Dec-2022 05:00, 0.883,  21.9,  21.4, 1011.4, 0.068, 0.055,  213,   8.4,   5.1
05-Dec-2022 06:00, 0.896,  21.9,  20.8, 1011.0, 0.040, 0.021,  221,  10.1,   7.4
05-Dec-2022 07:00, 0.979,  22.1,  20.8, 1010.7, 0.060, 0.037,  219,  11.2,   6.4
05-Dec-2022 08:00, 1.060,  22.1,  21.0, 1010.5, 0.060, 0.035,  212,   9.5,   5.4
05-Dec-2022 09:00, 1.122,  22.1,  21.1, 1009.9, 0.048, 0.020,  202,  11.1,   5.7
05-Dec-2022 10:00, 1.189,  22.1,  21.0, 1010.1, 0.051, 0.017,  203,   9.9,   5.9
05-Dec-2022 11:00, 1.215,  22.2,  21.1, 1010.8, 0.039, 0.008,  199,  11.5,   5.4
05-Dec-2022 12:00, 1.215,  22.2,  21.2, 1011.3, 0.040, 0.016,  197,   8.8,   3.9
05-Dec-2022 13:00, 1.146,  22.2,  21.1, 1011.7, 0.008,-0.011,  196,   6.4,   2.8
05-Dec-2022 14:00, 1.058,  22.2,  22.3, 1011.9,-0.009,-0.024,  159,   6.6,   3.2
05-Dec-2022 15:00, 0.973,  22.2,  21.7, 1011.8, 0.009,-0.005,  128,   6.4,   1.4
05-Dec-2022 16:00, 0.852,  22.2,  21.1, 1011.8,-0.007,-0.021,  150,   5.3,   1.7
05-Dec-2022 17:00, 0.755,  22.1,  20.5, 1011.8,-0.014,-0.028,  153,   4.3,   2.3
05-Dec-2022 18:00, 0.695,  22.1,  19.6, 1011.9, 0.005,-0.009,  154,   5.1,   2.0
05-Dec-2022 19:00, 0.585,  22.1,  19.2, 1012.2,-0.044,-0.057,  154,   4.1,   1.8
05-Dec-2022 20:00, 0.546,  22.1,  18.7, 1012.4,-0.049,-0.059,  156,   5.4,   2.1
05-Dec-2022 21:00, 0.521,  22.1,  18.4, 1013.2,-0.053,-0.060,  154,   5.3,   2.9
05-Dec-2022 22:00, 0.528,  22.0,  18.4, 1013.5,-0.046,-0.046,  148,   5.5,   1.8
05-Dec-2022 23:00, 0.551,  22.0,  18.9, 1014.0,-0.049,-0.046,  187,   5.5,   1.6
06-Dec-2022 00:00, 0.583,  21.9,  20.1, 1014.3,-0.054,-0.046,  177,   4.5,   1.5
06-Dec-2022 01:00, 0.631,  22.0,  20.2, 1014.3,-0.049,-0.039,  170,   6.2,   2.9
06-Dec-2022 02:00, 0.672,  22.0,  21.0, 1014.0,-0.049,-0.039,  141,   7.2,   1.7
06-Dec-2022 03:00, 0.695,  22.0,  22.0, 1014.0,-0.050,-0.042,  165,   5.9,   3.0
06-Dec-2022 04:00, 0.691,  22.0,  22.8, 1013.6,-0.073,-0.065,  167,   6.4,   2.3
06-Dec-2022 05:00, 0.744,  22.0,  20.6, 1013.3,-0.054,-0.050,  207,  10.0,   5.2
06-Dec-2022 06:00, 0.807,  22.0,  20.2, 1012.8,-0.041,-0.041,  201,  11.3,   5.9
06-Dec-2022 07:00, 0.846,  21.9,  20.6, 1012.5,-0.067,-0.072,  199,  10.6,   4.7
06-Dec-2022 08:00, 0.974,  22.0,  21.0, 1012.2,-0.026,-0.033,  199,  10.3,   4.7
06-Dec-2022 09:00, 1.031,  22.1,  21.1, 1011.7,-0.056,-0.067,  199,  10.2,   5.2
06-Dec-2022 10:00, 1.101,  22.0,  21.1, 1011.8,-0.057,-0.073,  193,   9.8,   4.1
06-Dec-2022 11:00, 1.153,  22.0,  21.1, 1011.8,-0.055,-0.070,  188,   8.5,   3.3
06-Dec-2022 12:00, 1.153,  22.0,  21.1, 1012.2,-0.068,-0.082,  189,   7.4,   2.9
06-Dec-2022 13:00, 1.122,  22.0,  21.1, 1012.5,-0.070,-0.080,  166,   7.0,   2.8
06-Dec-2022 14:00, 1.054,  22.0,  21.3, 1012.9,-0.075,-0.082,  157,   4.6,   2.4
06-Dec-2022 15:00, 0.945,  22.0,  21.2, 1012.9,-0.085,-0.089,  102,   5.2,   1.0
06-Dec-2022 16:00, 0.824,  22.0,  20.3, 1013.0,-0.085,-0.088,   92,   7.7,   3.3
06-Dec-2022 17:00, 0.671,  21.9,  18.8, 1012.8,-0.123,-0.126,   95,  10.1,   3.9
06-Dec-2022 18:00, 0.611,  21.8,  17.5, 1012.3,-0.092,-0.097,   86,   9.4,   4.9
06-Dec-2022 19:00, 0.536,  21.8,  16.7, 1012.3,-0.088,-0.097,   86,   9.9,   5.0
06-Dec-2022 20:00, 0.452,  21.7,  16.1, 1012.7,-0.119,-0.128,   82,  11.0,   5.4
06-Dec-2022 21:00, 0.409,  21.6,  15.8, 1013.1,-0.134,-0.140,   83,  12.4,   5.3
06-Dec-2022 22:00, 0.418,  21.6,  15.9, 1013.6,-0.114,-0.115,   86,  12.0,   4.8
06-Dec-2022 23:00, 0.438,  21.5,  17.1, 1013.5,-0.113,-0.110,   87,   9.6,   3.2
07-Dec-2022 00:00, 0.481,  21.5,  18.8, 1013.3,-0.109,-0.107,   83,   9.2,   4.3
07-Dec-2022 01:00, 0.573,  21.5,  20.5, 1012.5,-0.065,-0.066,   91,   9.4,   4.9
07-Dec-2022 02:00, 0.630,  21.4,  22.5, 1011.7,-0.058,-0.067,   88,   9.8,   4.0
07-Dec-2022 03:00, 0.653,  21.5,  24.4, 1010.9,-0.073,-0.089,   87,   7.7,   4.2
07-Dec-2022 04:00, 0.705,  21.4,  26.2, 1009.5,-0.043,-0.068,   89,   8.4,   3.8
07-Dec-2022 05:00, 0.743,  21.5,  27.5, 1008.3,-0.030,-0.069,  124,   8.3,   1.6
07-Dec-2022 06:00, 0.804,  21.5,  28.1, 1007.2,-0.020,-0.070,  110,   8.3,   2.8
07-Dec-2022 07:00, 0.894,  21.6,  29.3, 1006.5, 0.000,-0.060,  157,   8.2,   2.1
07-Dec-2022 08:00, 0.991,  21.7,  22.0, 1006.0, 0.013,-0.055,  204,   9.7,   5.5
07-Dec-2022 09:00, 1.072,  21.6,  21.9, 1005.5,-0.003,-0.075,  195,   9.8,   4.0
07-Dec-2022 10:00, 1.178,  21.7,  21.5, 1004.6, 0.021,-0.057,  192,   9.6,   4.5
07-Dec-2022 11:00, 1.244,  21.7,  20.8, 1004.5, 0.028,-0.059,  187,   9.4,   4.1
07-Dec-2022 12:00, 1.245,  21.7,  20.8, 1004.2, 0.000,-0.088,  192,   8.3,   3.6
07-Dec-2022 13:00, 1.258,  21.6,  20.8, 1003.7, 0.028,-0.062,  178,  11.4,   4.1
07-Dec-2022 14:00, 1.181,  21.7,  21.5, 1003.3, 0.003,-0.093,  185,  13.2,   5.0
07-Dec-2022 15:00, 1.105,  21.7,  21.3, 1003.2, 0.014,-0.084,  179,  11.4,   3.3
07-Dec-2022 16:00, 0.998,  21.6,  21.9, 1002.3, 0.026,-0.076,  159,   9.4,   3.9
07-Dec-2022 17:00, 0.858,  21.7,  21.8, 1002.9, 0.015,-0.093,  164,   9.0,   4.8
07-Dec-2022 18:00, 0.704,  21.7,  20.6, 1003.5,-0.024,-0.127,  160,   9.6,   3.4
07-Dec-2022 19:00, 0.641,  21.6,  20.4, 1003.5, 0.001,-0.096,   84,   8.3,   3.3
07-Dec-2022 20:00, 0.574,  21.6,  20.4, 1003.0, 0.004,-0.093,   78,   8.0,   4.0
07-Dec-2022 21:00, 0.542,  21.5,  20.3, 1003.6, 0.013,-0.089,   80,   8.3,   2.5
07-Dec-2022 22:00, 0.526,  21.5,  20.6, 1005.3, 0.016,-0.078,  143,   5.9,   1.1
07-Dec-2022 23:00, 0.531,  21.4,  21.8, 1006.4, 0.014,-0.063,  177,   3.4,   0.8
08-Dec-2022 00:00, 0.543,  21.4,  20.9, 1007.3,-0.009,-0.076,  240,   4.4,   2.5
08-Dec-2022 01:00, 0.608,  21.5,  21.2, 1007.9, 0.009,-0.049,  260,   3.3,   1.7
08-Dec-2022 02:00, 0.665,  21.5,  21.4, 1007.9, 0.011,-0.042,  254,   3.7,   2.5
08-Dec-2022 03:00, 0.675,  21.6,  21.4, 1007.9,-0.026,-0.079,  213,   6.3,   3.2
08-Dec-2022 04:00, 0.738,  21.6,  21.1, 1008.3, 0.006,-0.046,  220,   7.3,   4.2
08-Dec-2022 05:00, 0.763,  21.7,  20.9, 1008.4, 0.007,-0.041,  240,   8.1,   5.7
08-Dec-2022 06:00, 0.764,  21.8,  20.5, 1008.5,-0.028,-0.076,  237,   9.2,   6.2
08-Dec-2022 07:00, 0.863,  21.9,  20.7, 1008.8, 0.003,-0.044,  238,   8.6,   5.4
08-Dec-2022 08:00, 0.945,  22.0,  20.9, 1008.8,-0.001,-0.045,  218,   7.6,   4.2
08-Dec-2022 09:00, 1.058,  22.0,  20.5, 1008.9, 0.016,-0.028,  216,   7.2,   4.0
08-Dec-2022 10:00, 1.135,  21.9,  20.1, 1009.5, 0.002,-0.041,  223,   8.6,   6.0
08-Dec-2022 11:00, 1.216,  21.9,  19.6, 1010.4, 0.015,-0.021,  226,   8.8,   5.8
08-Dec-2022 12:00, 1.260,  21.9,  19.3, 1010.9, 0.015,-0.013,  228,   8.8,   6.0
08-Dec-2022 13:00, 1.273,  21.9,  19.1, 1011.4, 0.027, 0.004,  222,   8.7,   5.7
08-Dec-2022 14:00, 1.227,  21.9,  19.0, 1011.7, 0.018, 0.000,  219,   9.1,   5.8
08-Dec-2022 15:00, 1.186,  21.9,  18.9, 1011.6, 0.048, 0.032,  214,   9.1,   4.7
08-Dec-2022 16:00, 1.079,  21.9,  18.5, 1011.0, 0.045, 0.028,  215,   9.1,   4.7
08-Dec-2022 17:00, 0.940,  21.9,  18.5, 1010.9, 0.033, 0.011,  215,   9.0,   5.1
08-Dec-2022 18:00, 0.826,  21.8,  18.4, 1010.9, 0.050, 0.027,  210,   7.9,   4.1
08-Dec-2022 19:00, 0.728,  21.8,  18.3, 1010.8, 0.058, 0.034,  208,   7.7,   4.5
08-Dec-2022 20:00, 0.633,  21.7,  18.2, 1010.8, 0.043, 0.018,  203,   7.7,   3.9
08-Dec-2022 21:00, 0.602,  21.7,  18.3, 1011.3, 0.065, 0.041,  213,   7.5,   4.2
08-Dec-2022 22:00, 0.554,  21.6,  18.1, 1011.7, 0.047, 0.028,  232,   7.9,   4.9
08-Dec-2022 23:00, 0.563,  21.6,  18.3, 1012.3, 0.062, 0.047,  218,   6.7,   3.2
09-Dec-2022 00:00, 0.567,  21.6,  18.4, 1012.6, 0.040, 0.031,  204,   5.7,   2.8
09-Dec-2022 01:00, 0.601,  21.6,  18.6, 1012.8, 0.031, 0.025,  217,   5.7,   3.6
09-Dec-2022 02:00, 0.654,  21.6,  19.0, 1012.9, 0.034, 0.029,  204,   6.4,   3.2
09-Dec-2022 03:00, 0.690,  21.6,  19.0, 1012.9, 0.018, 0.015,  221,   6.2,   3.8
09-Dec-2022 04:00, 0.703,  21.6,  19.6, 1012.8,-0.007,-0.010,  235,   6.5,   3.9
09-Dec-2022 05:00, 0.768,  21.6,  19.0, 1012.6, 0.029, 0.024,  250,   7.2,   5.3
09-Dec-2022 06:00, 0.781,  21.7,  19.3, 1012.5, 0.011, 0.005,  250,   7.6,   5.2
09-Dec-2022 07:00, 0.816,  21.9,  19.8, 1012.6,-0.006,-0.014,  231,   8.4,   5.0
09-Dec-2022 08:00, 0.933,  21.9,  20.3, 1012.6, 0.029, 0.023,  215,   8.5,   4.8
09-Dec-2022 09:00, 0.988,  21.8,  19.9, 1012.8,-0.011,-0.017,  218,   7.8,   5.0
09-Dec-2022 10:00, 1.094,  21.9,  20.0, 1013.5, 0.001,-0.003,  222,   7.9,   4.7
09-Dec-2022 11:00, 1.163,  21.9,  19.6, 1014.1,-0.004,-0.001,  228,   7.6,   4.8
09-Dec-2022 12:00, 1.221,  21.9,  19.4, 1014.4,-0.001, 0.008,  216,   6.6,   3.8
09-Dec-2022 13:00, 1.237,  21.9,  19.4, 1014.9,-0.006, 0.006,  206,   6.3,   3.4
09-Dec-2022 14:00, 1.187,  21.8,  19.1, 1015.1,-0.034,-0.018,  202,   6.3,   3.1
09-Dec-2022 15:00, 1.177,  21.8,  19.2, 1015.2, 0.007, 0.026,  199,   5.9,   2.7
09-Dec-2022 16:00, 1.060,  21.8,  18.9, 1015.2,-0.023,-0.004,  176,   6.4,   2.7
09-Dec-2022 17:00, 0.927,  21.8,  18.2, 1015.2,-0.042,-0.023,  164,   6.5,   3.4
09-Dec-2022 18:00, 0.826,  21.8,  17.9, 1015.3,-0.017, 0.002,  170,   7.5,   2.7
09-Dec-2022 19:00, 0.669,  21.8,  17.1, 1015.5,-0.051,-0.031,  157,   6.4,   2.7
09-Dec-2022 20:00, 0.574,  21.8,  16.3, 1016.0,-0.052,-0.029,  143,   5.3,   0.8
09-Dec-2022 21:00, 0.521,  21.7,  15.7, 1016.5,-0.040,-0.012,  141,   2.8,   0.7
09-Dec-2022 22:00, 0.472,  21.6,  16.2, 1017.2,-0.052,-0.019,  146,   3.6,   1.8
09-Dec-2022 23:00, 0.443,  21.6,  17.8, 1017.7,-0.064,-0.024,  125,   4.8,   1.7
10-Dec-2022 00:00, 0.447,  21.6,  18.8, 1018.2,-0.070,-0.025,  148,   6.5,   2.7
10-Dec-2022 01:00, 0.487,  21.7,  19.8, 1018.2,-0.069,-0.020,  162,   6.4,   2.5
10-Dec-2022 02:00, 0.517,  21.7,  20.6, 1018.4,-0.079,-0.030,  170,   6.3,   2.6
10-Dec-2022 03:00, 0.566,  21.8,  20.4, 1018.5,-0.078,-0.027,  207,   7.2,   3.8
10-Dec-2022 04:00, 0.603,  21.8,  20.7, 1017.8,-0.085,-0.033,  217,   7.6,   4.3
10-Dec-2022 05:00, 0.652,  21.8,  20.6, 1017.7,-0.067,-0.022,  215,   9.6,   5.5
10-Dec-2022 06:00, 0.659,  21.8,  20.4, 1017.6,-0.092,-0.048,  214,  10.5,   5.6
10-Dec-2022 07:00, 0.694,  21.8,  20.4, 1017.6,-0.099,-0.056,  211,  10.1,   4.4
10-Dec-2022 08:00, 0.776,  21.9,  19.8, 1017.5,-0.084,-0.041,  209,   9.3,   4.7
10-Dec-2022 09:00, 0.856,  22.0,  19.7, 1017.3,-0.092,-0.050,  204,   8.4,   4.8
10-Dec-2022 10:00, 0.948,  22.0,  19.8, 1017.5,-0.095,-0.054,  202,   8.4,   4.8
10-Dec-2022 11:00, 1.034,  21.9,  19.6, 1017.7,-0.087,-0.045,  201,   8.7,   5.0
10-Dec-2022 12:00, 1.118,  21.9,  19.8, 1017.9,-0.061,-0.016,  198,   8.6,   4.2
10-Dec-2022 13:00, 1.127,  21.9,  20.3, 1017.9,-0.090,-0.044,  188,   7.9,   3.2
10-Dec-2022 14:00, 1.109,  21.9,  19.9, 1018.0,-0.106,-0.060,  174,   6.9,   2.1
10-Dec-2022 15:00, 1.077,  21.8,  19.2, 1018.2,-0.102,-0.054,  173,   7.0,   2.9
10-Dec-2022 16:00, 0.991,  21.8,  18.6, 1018.3,-0.125,-0.076,  166,   6.7,   2.9
10-Dec-2022 17:00, 0.898,  21.8,  17.7, 1018.4,-0.122,-0.071,  155,   6.6,   3.1
10-Dec-2022 18:00, 0.789,  21.8,  17.4, 1018.3,-0.118,-0.067,  112,   5.6,   1.3
10-Dec-2022 19:00, 0.649,  21.7,  16.6, 1018.7,-0.138,-0.087,  112,   5.6,   1.5
10-Dec-2022 20:00, 0.532,  21.7,  15.7, 1019.1,-0.146,-0.092,   91,   5.6,   1.6
10-Dec-2022 21:00, 0.467,  21.6,  15.2, 1019.6,-0.133,-0.074,  100,   7.4,   2.0
10-Dec-2022 22:00, 0.405,  21.6,  15.4, 1020.2,-0.148,-0.084,   89,   6.5,   1.5
10-Dec-2022 23:00, 0.392,  21.5,  16.3, 1020.6,-0.139,-0.070,   96,   6.5,   2.4
11-Dec-2022 00:00, 0.384,  21.4,  17.7, 1020.6,-0.143,-0.070,   92,   7.6,   3.2
11-Dec-2022 01:00, 0.427,  21.5,  19.4, 1020.5,-0.126,-0.054,   92,   8.3,   2.4
11-Dec-2022 02:00, 0.466,  21.5,  20.7, 1020.3,-0.124,-0.052,  113,   6.9,   2.2
11-Dec-2022 03:00, 0.465,  21.6,  22.2, 1020.0,-0.161,-0.091,  121,   8.5,   2.3
11-Dec-2022 04:00, 0.557,  21.6,  22.8, 1019.4,-0.112,-0.045,  115,  10.6,   2.4
11-Dec-2022 05:00, 0.573,  21.7,  24.4, 1018.5,-0.129,-0.069,  151,   6.5,   1.9
11-Dec-2022 06:00, 0.621,  21.7,  20.8, 1018.1,-0.113,-0.061,  212,   8.6,   5.2
11-Dec-2022 07:00, 0.662,  21.7,  20.3, 1017.5,-0.113,-0.065,  202,  10.1,   5.4
11-Dec-2022 08:00, 0.710,  21.8,  20.2, 1017.1,-0.118,-0.076,  202,   9.8,   6.0
11-Dec-2022 09:00, 0.785,  21.9,  20.2, 1016.8,-0.116,-0.078,  198,  10.0,   5.5
11-Dec-2022 10:00, 0.864,  21.9,  20.3, 1016.9,-0.123,-0.088,  196,   9.0,   4.8
11-Dec-2022 11:00, 0.940,  21.8,  20.0, 1017.1,-0.130,-0.094,  195,   9.1,   3.5
11-Dec-2022 12:00, 0.996,  21.9,  20.3, 1017.4,-0.132,-0.094,  195,   8.2,   2.9
11-Dec-2022 13:00, 1.033,  21.9,  20.3, 1017.5,-0.139,-0.098,  173,   6.9,   1.9
11-Dec-2022 14:00, 1.033,  21.8,  20.0, 1017.4,-0.158,-0.116,  162,   5.6,   2.1
11-Dec-2022 15:00, 1.039,  21.8,  19.3, 1017.0,-0.131,-0.090,  138,   4.0,   0.7
11-Dec-2022 16:00, 0.965,  21.8,  20.1, 1016.7,-0.162,-0.125,   93,   6.9,   2.5
11-Dec-2022 17:00, 0.873,  21.8,  19.2, 1016.7,-0.183,-0.149,   88,  10.3,   4.0
11-Dec-2022 18:00, 0.777,  21.7,  17.7, 1016.8,-0.180,-0.146,   85,   8.4,   4.2
11-Dec-2022 19:00, 0.643,  21.7,  16.7, 1016.9,-0.209,-0.173,   82,  10.4,   5.3
11-Dec-2022 20:00, 0.540,  21.6,  15.7, 1017.1,-0.201,-0.165,   80,  12.0,   5.1
11-Dec-2022 21:00, 0.454,  21.5,  15.0, 1017.5,-0.197,-0.158,   80,  12.0,   5.6
11-Dec-2022 22:00, 0.380,  21.4,  15.1, 1018.1,-0.211,-0.168,   81,   9.8,   5.5
11-Dec-2022 23:00, 0.371,  21.4,  16.4, 1018.5,-0.194,-0.145,   82,  10.5,   4.7
12-Dec-2022 00:00, 0.334,  21.3,  17.9, 1018.6,-0.222,-0.169,   76,  11.3,   6.0
12-Dec-2022 01:00, 0.371,  21.3,  20.3, 1018.4,-0.194,-0.141,   76,  10.2,   4.9
12-Dec-2022 02:00, 0.425,  21.3,  21.6, 1017.8,-0.173,-0.122,   97,   8.4,   3.8
12-Dec-2022 03:00, 0.439,  21.3,  23.8, 1017.3,-0.186,-0.141,   83,   8.2,   3.8
12-Dec-2022 04:00, 0.475,  21.3,  25.1, 1016.4,-0.183,-0.144,  101,   8.6,   2.4
12-Dec-2022 05:00, 0.539,  21.3,  25.7, 1015.5,-0.155,-0.125,  147,   7.4,   3.2
12-Dec-2022 06:00, 0.557,  21.4,  27.0, 1014.9,-0.167,-0.145,  137,   7.4,   2.3
12-Dec-2022 07:00, 0.615,  21.5,  22.4, 1014.3,-0.148,-0.132,  206,   8.7,   4.5
12-Dec-2022 08:00, 0.670,  21.5,  22.3, 1013.5,-0.140,-0.131,  204,   8.3,   4.7
12-Dec-2022 09:00, 0.715,  21.6,  22.5, 1013.2,-0.154,-0.152,  202,   8.2,   3.3
12-Dec-2022 10:00, 0.807,  21.6,  22.5, 1013.4,-0.134,-0.134,  212,   7.5,   2.9
12-Dec-2022 11:00, 0.866,  21.7,  27.3, 1013.7,-0.151,-0.149,   97,   5.4,   1.6
12-Dec-2022 12:00, 0.912,  21.7,  26.1, 1013.7,-0.166,-0.162,  106,   4.8,   1.4
12-Dec-2022 13:00, 0.987,  21.5,  25.1, 1013.6,-0.131,-0.127,  112,   5.0,   1.9
12-Dec-2022 14:00, 1.000,  21.5,  24.3, 1013.2,-0.148,-0.144,   96,   7.1,   1.8
12-Dec-2022 15:00, 0.987,  21.4,  23.1, 1012.8,-0.160,-0.161,  100,   9.8,   2.9
12-Dec-2022 16:00, 0.945,  21.4,  20.7, 1013.2,-0.172,-0.176,   87,  10.8,   5.3
12-Dec-2022 17:00, 0.895,  21.4,  19.2, 1013.0,-0.175,-0.176,   82,  11.9,   6.4
12-Dec-2022 18:00, 0.835,  21.4,  18.0, 1013.3,-0.158,-0.160,   89,  12.4,   4.4
12-Dec-2022 19:00, 0.715,  21.4,  17.4, 1013.5,-0.185,-0.184,   82,  10.8,   4.0
12-Dec-2022 20:00, 0.632,  21.4,  17.0, 1013.4,-0.170,-0.168,   81,   9.9,   4.9
12-Dec-2022 21:00, 0.538,  21.3,  16.7, 1014.7,-0.169,-0.167,   90,  12.6,   3.5
12-Dec-2022 22:00, 0.460,  21.3,  16.4, 1015.0,-0.178,-0.163,   91,   8.1,   3.1
12-Dec-2022 23:00, 0.438,  21.2,  16.3, 1015.2,-0.163,-0.146,   89,   9.1,   5.2
13-Dec-2022 00:00, 0.386,  21.2,  15.0, 1015.8,-0.205,-0.185,   82,   8.7,   4.9
13-Dec-2022 01:00, 0.418,  21.1,  14.6, 1013.9,-0.174,-0.151,   80,  11.6,   6.2
13-Dec-2022 02:00, 0.457,  21.1,  15.2, 1013.9,-0.155,-0.148,   79,  12.0,   6.2
13-Dec-2022 03:00, 0.482,  21.0,  16.5, 1013.9,-0.157,-0.151,   77,  12.1,   5.4
13-Dec-2022 04:00, 0.488,  21.0,  17.2, 1014.0,-0.173,-0.166,   99,   9.7,   2.7
13-Dec-2022 05:00, 0.525,  20.9,  18.2, 1012.5,-0.170,-0.164,   84,  10.4,   6.0
13-Dec-2022 06:00, 0.582,  20.9,  20.6, 1012.5,-0.145,-0.154,   77,  13.4,   6.3
13-Dec-2022 07:00, 0.595,  20.9,  21.3, 1013.4,-0.167,-0.173,  100,  11.1,   2.6
13-Dec-2022 08:00, 0.688,  20.9,  22.1, 1012.9,-0.120,-0.119,  105,   6.6,   1.8
13-Dec-2022 09:00, 0.696,  20.9,  22.2, 1013.1,-0.160,-0.163,   97,   7.7,   2.5
13-Dec-2022 10:00, 0.771,  20.9,  22.4, 1013.3,-0.142,-0.144,   99,   7.9,   3.2
13-Dec-2022 11:00, 0.854,  20.9,  22.0, 1013.9,-0.119,-0.118,  101,   7.4,   2.0
13-Dec-2022 12:00, 0.892,  20.8,  21.4, 1014.1,-0.139,-0.132,   97,   5.7,   1.4
13-Dec-2022 13:00, 0.951,  20.8,  21.2, 1014.4,-0.117,-0.109,   89,   6.6,   3.2
13-Dec-2022 14:00, 0.972,  20.8,  20.6, 1014.5,-0.121,-0.110,   93,   7.3,   2.3
13-Dec-2022 15:00, 0.983,  20.7,  20.1, 1014.2,-0.124,-0.112,   89,   7.5,   2.8
13-Dec-2022 16:00, 0.990,  20.6,  19.7, 1014.1,-0.101,-0.092,   85,   6.7,   2.7
13-Dec-2022 17:00, 0.942,  20.6,  19.4, 1013.5,-0.117,-0.109,   85,   8.2,   3.3
13-Dec-2022 18:00, 0.909,  20.6,  18.7, 1013.1,-0.098,-0.096,   82,   8.6,   4.3
13-Dec-2022 19:00, 0.829,  20.6,  18.0, 1013.3,-0.101,-0.103,   90,   9.8,   3.0
13-Dec-2022 20:00, 0.765,  20.5,  17.0, 1013.8,-0.082,-0.081,  134,   8.0,   1.2
13-Dec-2022 21:00, 0.680,  20.5,  16.4, 1014.0,-0.080,-0.074,  111,   5.8,   1.9
13-Dec-2022 22:00, 0.604,  20.5,  16.4, 1014.2,-0.082,-0.075,   85,   5.9,   1.8
13-Dec-2022 23:00, 0.590,  20.5,  17.7, 1014.3,-0.051,-0.041,   89,   9.1,   2.8
14-Dec-2022 00:00, 0.563,  20.5,  19.4, 1014.4,-0.063,-0.052,   86,   8.4,   2.6
14-Dec-2022 01:00, 0.574,  20.5,  21.2, 1014.1,-0.051,-0.040,   97,   7.8,   2.6
14-Dec-2022 02:00, 0.597,  20.5,  22.6, 1013.8,-0.037,-0.029,   97,   9.4,   2.6
14-Dec-2022 03:00, 0.623,  20.6,  24.3, 1013.3,-0.035,-0.030,   85,   6.2,   3.1
14-Dec-2022 04:00, 0.654,  20.6,  26.1, 1012.6,-0.024,-0.024,  147,   5.4,   2.3
14-Dec-2022 05:00, 0.691,  20.5,  22.0, 1012.0,-0.014,-0.021,  206,   7.4,   4.9
14-Dec-2022 06:00, 0.760,  20.6,  22.4, 1011.5, 0.018, 0.006,  215,   7.4,   4.2
14-Dec-2022 07:00, 0.782,  20.7,  22.0, 1011.0, 0.007,-0.011,  204,   7.1,   3.9
14-Dec-2022 08:00, 0.827,  20.8,  22.0, 1010.6, 0.010,-0.013,  203,   8.0,   4.6
14-Dec-2022 09:00, 0.877,  20.9,  22.2, 1010.3, 0.015,-0.012,  198,   7.2,   3.1
14-Dec-2022 10:00, 0.911,  20.9,  21.9, 1010.5, 0.006,-0.023,  197,   6.2,   2.9
14-Dec-2022 11:00, 0.975,  20.8,  21.4, 1010.8, 0.026,-0.001,  192,   5.9,   2.0
14-Dec-2022 12:00, 1.010,  20.8,  21.1, 1010.7, 0.019,-0.006,  198,   4.9,   2.0
14-Dec-2022 13:00, 1.068,  20.8,  21.0, 1011.1, 0.043, 0.019,  182,   3.8,   0.9
14-Dec-2022 14:00, 1.075,  20.8,  20.7, 1011.1, 0.035, 0.013,  130,   3.1,   0.5
14-Dec-2022 15:00, 1.078,  20.8,  23.2, 1011.2, 0.024, 0.003,   93,   3.9,   1.6
14-Dec-2022 16:00, 1.082,  20.8,  22.3, 1011.1, 0.031, 0.011,   90,   8.9,   2.7
14-Dec-2022 17:00, 1.040,  20.8,  20.8, 1010.9, 0.012,-0.010,   88,   9.4,   3.6
14-Dec-2022 18:00, 1.019,  20.7,  19.8, 1010.6, 0.023,-0.001,   83,   9.0,   5.5
14-Dec-2022 19:00, 0.948,  20.7,  18.9, 1010.6, 0.007,-0.019,   87,   8.6,   4.6
14-Dec-2022 20:00, 0.884,  20.7,  18.3, 1010.8, 0.013,-0.014,   82,   8.8,   5.0
14-Dec-2022 21:00, 0.854,  20.6,  18.0, 1011.0, 0.055, 0.031,   82,   8.8,   5.0
14-Dec-2022 22:00, 0.753,  20.6,  18.3, 1011.4, 0.023, 0.001,   84,  10.4,   4.9
14-Dec-2022 23:00, 0.707,  20.6,  19.6, 1011.9, 0.026, 0.009,   79,   9.8,   5.3
15-Dec-2022 00:00, 0.698,  20.6,  21.8, 1011.9, 0.039, 0.026,   82,   9.9,   4.8
15-Dec-2022 01:00, 0.713,  20.6,  23.6, 1011.7, 0.053, 0.040,   87,   9.3,   3.9
15-Dec-2022 02:00, 0.716,  20.6,  25.5, 1011.7, 0.051, 0.036,  116,   8.0,   1.2
15-Dec-2022 03:00, 0.732,  20.7,  27.0, 1011.2, 0.050, 0.035,  160,   5.4,   2.4
15-Dec-2022 04:00, 0.763,  20.8,  23.6, 1010.7, 0.058, 0.038,  225,   6.4,   4.4
15-Dec-2022 05:00, 0.790,  20.9,  22.6, 1010.2, 0.063, 0.038,  212,   7.4,   4.7
15-Dec-2022 06:00, 0.828,  21.0,  22.5, 1010.0, 0.065, 0.035,  205,   7.5,   4.7
15-Dec-2022 07:00, 0.852,  21.1,  23.5, 1009.7, 0.049, 0.017,  195,   7.6,   2.8
15-Dec-2022 08:00, 0.909,  21.1,  23.4, 1009.2, 0.067, 0.031,  189,   6.6,   2.6
15-Dec-2022 09:00, 0.948,  21.1,  22.6, 1009.4, 0.065, 0.025,  191,   7.3,   3.3
15-Dec-2022 10:00, 0.947,  21.2,  22.3, 1009.5, 0.029,-0.009,  186,   8.1,   2.9
15-Dec-2022 11:00, 0.994,  21.2,  22.2, 1009.9, 0.048, 0.011,  185,   6.8,   2.3
15-Dec-2022 12:00, 1.005,  21.3,  22.0, 1010.6, 0.036, 0.004,  172,   5.6,   1.8
15-Dec-2022 13:00, 1.017,  21.3,  21.8, 1011.2, 0.028, 0.002,  142,   3.8,   0.4
15-Dec-2022 14:00, 1.022,  21.3,  25.1, 1011.6, 0.027, 0.007,   90,   5.0,   1.8
15-Dec-2022 15:00, 1.019,  21.1,  24.3, 1011.9, 0.022, 0.006,   95,   7.7,   2.0
15-Dec-2022 16:00, 1.013,  21.1,  23.2, 1011.9, 0.015, 0.002,   90,  10.2,   3.9
15-Dec-2022 17:00, 0.984,  21.1,  21.5, 1012.0, 0.001,-0.012,   87,  11.7,   4.3
15-Dec-2022 18:00, 0.978,  21.0,  20.0, 1012.0, 0.018, 0.006,   83,  10.0,   3.8
15-Dec-2022 19:00, 0.918,  21.0,  18.8, 1012.1,-0.010,-0.022,   85,  10.0,   4.1
15-Dec-2022 20:00, 0.878,  20.9,  17.8, 1012.6, 0.002,-0.009,   89,   9.3,   4.2
15-Dec-2022 21:00, 0.814,  20.9,  17.1, 1013.4,-0.004,-0.009,   82,   9.7,   4.8
15-Dec-2022 22:00, 0.762,  20.9,  17.1, 1014.1, 0.001, 0.003,   86,   8.7,   4.2
15-Dec-2022 23:00, 0.707,  20.9,  17.9, 1014.4,-0.008, 0.001,   76,  10.3,   5.6
16-Dec-2022 00:00, 0.682,  20.8,  19.8, 1014.5,-0.008, 0.003,   83,   8.3,   4.9
16-Dec-2022 01:00, 0.666,  20.9,  22.0, 1014.4,-0.023,-0.010,   80,   8.7,   4.5
16-Dec-2022 02:00, 0.717,  20.9,  23.6, 1013.9, 0.020, 0.031,   84,   9.3,   3.6
16-Dec-2022 03:00, 0.708,  21.0,  25.2, 1013.1,-0.002, 0.004,   85,   8.5,   3.1
16-Dec-2022 04:00, 0.744,  21.0,  26.6, 1012.2, 0.011, 0.009,   90,   6.6,   2.6
16-Dec-2022 05:00, 0.789,  21.1,  27.9, 1011.7, 0.031, 0.020,  169,   5.8,   2.3
16-Dec-2022 06:00, 0.808,  21.2,  22.7, 1011.4, 0.017, 0.001,  223,   9.4,   4.5
16-Dec-2022 07:00, 0.858,  21.3,  22.8, 1011.0, 0.020, 0.001,  210,   8.1,   4.3
16-Dec-2022 08:00, 0.917,  21.3,  22.8, 1010.3, 0.035, 0.012,  209,   7.9,   2.8
16-Dec-2022 09:00, 0.943,  21.4,  22.4, 1010.0, 0.023,-0.007,  200,   8.1,   4.7
16-Dec-2022 10:00, 0.966,  21.5,  22.5, 1010.3, 0.018,-0.014,  189,   6.9,   2.5
16-Dec-2022 11:00, 0.983,  21.5,  22.0, 1010.5, 0.021,-0.009,  190,   5.1,   1.6
16-Dec-2022 12:00, 0.966,  21.5,  26.7, 1011.0,-0.001,-0.028,   98,   4.7,   1.7
16-Dec-2022 13:00, 0.979,  21.4,  25.5, 1011.4, 0.014,-0.008,   99,   4.3,   1.3
16-Dec-2022 14:00, 0.956,  21.4,  24.5, 1012.2,-0.002,-0.019,   91,   7.2,   2.9
16-Dec-2022 15:00, 0.910,  21.3,  23.0, 1012.5,-0.032,-0.043,   92,   8.6,   3.3
16-Dec-2022 16:00, 0.913,  21.3,  21.5, 1012.6,-0.021,-0.028,   85,   9.8,   3.4
16-Dec-2022 17:00, 0.885,  21.3,  20.1, 1012.2,-0.038,-0.045,   80,  10.2,   4.3
16-Dec-2022 18:00, 0.877,  21.2,  18.7, 1012.0,-0.027,-0.038,   87,  10.6,   4.2
16-Dec-2022 19:00, 0.869,  21.2,  18.0, 1012.1,-0.016,-0.028,   86,   8.8,   4.2
16-Dec-2022 20:00, 0.853,  21.1,  17.4, 1012.3,-0.002,-0.013,   84,  10.9,   4.1
16-Dec-2022 21:00, 0.814,  21.0,  16.9, 1012.6,-0.001,-0.010,   81,   8.7,   4.8
16-Dec-2022 22:00, 0.770,  21.1,  17.0, 1012.9,-0.005,-0.011,   81,   9.6,   5.8
16-Dec-2022 23:00, 0.734,  21.0,  18.2, 1013.1,-0.005,-0.008,   80,  10.0,   5.6
17-Dec-2022 00:00, 0.719,  21.0,  20.3, 1013.2, 0.002, 0.000,   70,  10.1,   6.0
17-Dec-2022 01:00, 0.724,  21.0,  22.6, 1013.0, 0.010, 0.009,   70,   9.8,   5.6
17-Dec-2022 02:00, 0.762,  21.1,  24.5, 1012.8, 0.037, 0.034,   87,   8.9,   3.1
17-Dec-2022 03:00, 0.762,  21.1,  26.2, 1012.5, 0.023, 0.018,   99,   7.9,   2.3
17-Dec-2022 04:00, 0.777,  21.2,  27.3, 1011.8, 0.016, 0.008,  160,   5.6,   2.1
17-Dec-2022 05:00, 0.819,  21.3,  23.8, 1011.2, 0.026, 0.011,  208,   8.2,   3.8
17-Dec-2022 06:00, 0.884,  21.3,  22.6, 1010.8, 0.055, 0.034,  202,   8.2,   4.3
17-Dec-2022 07:00, 0.893,  21.4,  22.8, 1010.4, 0.015,-0.010,  199,   7.1,   3.3
17-Dec-2022 08:00, 0.960,  21.5,  23.4, 1009.8, 0.029, 0.000,  191,   6.5,   2.3
17-Dec-2022 09:00, 1.004,  21.5,  23.1, 1009.7, 0.033,-0.001,  190,   6.3,   2.8
17-Dec-2022 10:00, 1.016,  21.6,  22.6, 1009.9, 0.019,-0.016,  192,   6.7,   2.6
17-Dec-2022 11:00, 1.033,  21.5,  22.0, 1010.0, 0.032,-0.002,  186,   6.6,   2.3
17-Dec-2022 12:00, 1.040,  21.4,  21.4, 1010.5, 0.053, 0.021,  179,   5.9,   2.4
17-Dec-2022 13:00, 0.992,  21.5,  21.4, 1010.7, 0.030, 0.003,  180,   6.5,   3.1
17-Dec-2022 14:00, 0.943,  21.5,  21.3, 1010.8, 0.011,-0.014,  172,   5.1,   1.0
17-Dec-2022 15:00, 0.933,  21.6,  21.3, 1010.8, 0.035, 0.011,  164,   2.1,   1.1
17-Dec-2022 16:00, 0.900,  21.6,  21.5, 1010.5, 0.033, 0.008,   97,   1.9,   0.7
17-Dec-2022 17:00, 0.890,  21.5,  23.3, 1010.2, 0.040, 0.012,   83,   4.7,   2.6
17-Dec-2022 18:00, 0.875,  21.4,  23.0, 1010.0, 0.042, 0.011,   87,   8.0,   3.7
17-Dec-2022 19:00, 0.862,  21.3,  21.8, 1010.0, 0.044, 0.012,   82,   7.8,   4.5
17-Dec-2022 20:00, 0.823,  21.3,  20.9, 1010.1, 0.018,-0.014,   82,   8.2,   4.0
17-Dec-2022 21:00, 0.847,  21.3,  20.1, 1010.2, 0.061, 0.030,   80,   8.1,   4.4
17-Dec-2022 22:00, 0.804,  21.3,  20.3, 1010.6, 0.039, 0.009,   81,   8.7,   4.6
17-Dec-2022 23:00, 0.799,  21.2,  21.5, 1011.0, 0.052, 0.027,   79,   9.5,   4.4
18-Dec-2022 00:00, 0.799,  21.2,  23.3, 1010.9, 0.064, 0.042,   67,   8.7,   5.7
18-Dec-2022 01:00, 0.791,  21.2,  25.6, 1010.6, 0.056, 0.033,   67,   9.8,   4.7
18-Dec-2022 02:00, 0.818,  21.3,  27.3, 1010.5, 0.071, 0.044,   58,   9.5,   4.0
18-Dec-2022 03:00, 0.831,  21.4,  28.9, 1010.0, 0.065, 0.038,   65,   7.6,   2.9
18-Dec-2022 04:00, 0.857,  21.5,  30.4, 1009.3, 0.069, 0.036,   59,   7.1,   1.7
18-Dec-2022 05:00, 0.915,  21.6,  31.0, 1008.6, 0.092, 0.052,   57,   7.7,   2.4
18-Dec-2022 06:00, 0.946,  21.6,  25.9, 1007.9, 0.076, 0.029,  222,   6.9,   4.4
18-Dec-2022 07:00, 0.994,  21.7,  25.6, 1007.4, 0.072, 0.018,  189,   6.7,   2.4
18-Dec-2022 08:00, 1.085,  21.7,  25.0, 1006.9, 0.103, 0.045,  178,   5.6,   2.7
18-Dec-2022 09:00, 1.122,  21.8,  24.6, 1006.8, 0.089, 0.026,  185,   6.1,   2.5
18-Dec-2022 10:00, 1.159,  21.8,  24.3, 1007.0, 0.098, 0.034,  184,   5.6,   2.7
18-Dec-2022 11:00, 1.174,  21.8,  23.9, 1007.3, 0.111, 0.049,  183,   6.1,   2.7
18-Dec-2022 12:00, 1.132,  21.7,  23.6, 1007.7, 0.097, 0.038,  177,   5.2,   2.0
18-Dec-2022 13:00, 1.080,  21.8,  25.6, 1008.0, 0.093, 0.038,  163,   5.5,   3.1
18-Dec-2022 14:00, 1.036,  21.8,  25.3, 1008.1, 0.107, 0.055,  157,   7.7,   3.9
18-Dec-2022 15:00, 0.964,  21.7,  24.9, 1007.8, 0.094, 0.042,  154,   6.1,   2.7
18-Dec-2022 16:00, 0.923,  21.7,  23.9, 1007.4, 0.109, 0.055,  106,   4.6,   1.4
18-Dec-2022 17:00, 0.878,  21.7,  24.0, 1007.2, 0.105, 0.046,   89,   5.7,   3.2
18-Dec-2022 18:00, 0.822,  21.6,  23.9, 1006.9, 0.074, 0.013,   79,   8.3,   4.5
18-Dec-2022 19:00, 0.830,  21.6,  23.7, 1006.8, 0.098, 0.035,   76,   9.0,   5.3
18-Dec-2022 20:00, 0.827,  21.6,  23.0, 1007.0, 0.103, 0.039,   76,  10.3,   4.5
18-Dec-2022 21:00, 0.809,  21.6,  22.4, 1007.3, 0.086, 0.024,   78,   7.2,   3.5
18-Dec-2022 22:00, 0.846,  21.5,  22.8, 1007.9, 0.121, 0.062,   70,   6.9,   4.1
18-Dec-2022 23:00, 0.835,  21.5,  24.4, 1008.3, 0.106, 0.053,   69,   9.5,   5.1
19-Dec-2022 00:00, 0.821,  21.5,  27.2, 1008.5, 0.086, 0.037,   65,  11.5,   5.7
19-Dec-2022 01:00, 0.860,  21.5,  28.9, 1008.5, 0.116, 0.068,   56,  11.0,   4.2
19-Dec-2022 02:00, 0.889,  21.6,  30.6, 1008.3, 0.129, 0.081,   63,   9.4,   4.7
19-Dec-2022 03:00, 0.871,  21.6,  32.7, 1007.7, 0.088, 0.039,   67,   7.2,   3.5
19-Dec-2022 04:00, 0.923,  21.7,  33.7, 1007.3, 0.115, 0.059,   54,   6.7,   1.8
19-Dec-2022 05:00, 0.957,  21.8,  33.5, 1006.7, 0.112, 0.052,   42,   7.9,   2.0
19-Dec-2022 06:00, 0.996,  21.9,  27.6, 1006.2, 0.098, 0.032,  204,   6.6,   3.2
19-Dec-2022 07:00, 1.068,  21.9,  26.5, 1005.8, 0.106, 0.036,  203,   6.7,   3.6
19-Dec-2022 08:00, 1.148,  22.0,  26.8, 1005.2, 0.119, 0.044,  168,   6.7,   2.0
19-Dec-2022 09:00, 1.202,  22.1,  25.3, 1004.9, 0.111, 0.030,  184,   5.1,   2.3
19-Dec-2022 10:00, 1.255,  22.0,  25.6, 1005.2, 0.123, 0.040,  180,   6.1,   2.8
19-Dec-2022 11:00, 1.240,  22.0,  25.1, 1006.2, 0.100, 0.021,  179,   5.8,   2.4
19-Dec-2022 12:00, 1.214,  22.0,  25.2, 1006.6, 0.105, 0.036,  175,   4.4,   1.9
19-Dec-2022 13:00, 1.170,  22.0,  28.3, 1006.4, 0.123, 0.057,  155,   7.5,   4.3
19-Dec-2022 14:00, 1.085,  22.0,  27.3, 1006.7, 0.122, 0.054,  144,   6.9,   1.3
19-Dec-2022 15:00, 0.991,  22.0,  26.1, 1006.8, 0.116, 0.051,  142,   2.6,   0.6
19-Dec-2022 16:00, 0.932,  22.0,  27.2, 1006.6, 0.143, 0.079,   86,   2.6,   1.3
19-Dec-2022 17:00, 0.828,  22.0,  27.5, 1006.6, 0.111, 0.045,   84,   4.5,   2.2
19-Dec-2022 18:00, 0.809,  22.0,  26.0, 1006.6, 0.142, 0.075,   92,   4.8,   1.4
19-Dec-2022 19:00, 0.769,  22.0,  25.5, 1007.0, 0.131, 0.065,   90,   5.2,   1.6
19-Dec-2022 20:00, 0.759,  21.9,  24.6, 1007.3, 0.133, 0.071,   85,   5.3,   2.9
19-Dec-2022 21:00, 0.779,  21.9,  24.2, 1007.9, 0.150, 0.091,   84,   6.8,   3.2
19-Dec-2022 22:00, 0.789,  21.9,  24.4, 1008.5, 0.140, 0.088,   80,   6.9,   4.0
19-Dec-2022 23:00, 0.827,  21.8,  25.9, 1009.2, 0.150, 0.104,   78,   7.0,   3.9
20-Dec-2022 00:00, 0.838,  21.8,  28.1, 1009.4, 0.130, 0.090,   69,   9.1,   5.4
20-Dec-2022 01:00, 0.876,  21.8,  30.5, 1009.3, 0.139, 0.101,   63,   9.0,   4.7
20-Dec-2022 02:00, 0.909,  21.8,  32.1, 1009.4, 0.148, 0.109,   65,   8.4,   3.9
20-Dec-2022 03:00, 0.917,  21.9,  33.4, 1009.1, 0.131, 0.092,   41,   6.5,   2.2
20-Dec-2022 04:00, 0.968,  22.0,  28.3, 1008.8, 0.151, 0.109,  204,   7.2,   3.0
20-Dec-2022 05:00, 0.993,  22.0,  25.8, 1008.6, 0.138, 0.093,  181,   6.0,   3.1
20-Dec-2022 06:00, 1.034,  22.0,  26.5, 1008.1, 0.122, 0.076,  183,   5.7,   2.3
20-Dec-2022 07:00, 1.117,  22.1,  26.3, 1007.6, 0.133, 0.081,  182,   6.1,   2.8
20-Dec-2022 08:00, 1.196,  22.2,  26.4, 1007.3, 0.132, 0.075,  191,   5.7,   2.4
20-Dec-2022 09:00, 1.260,  22.3,  25.6, 1007.2, 0.122, 0.063,  187,   6.0,   2.6
20-Dec-2022 10:00, 1.324,  22.3,  25.1, 1007.2, 0.131, 0.071,  181,   5.1,   2.0
20-Dec-2022 11:00, 1.358,  22.3,  25.4, 1007.3, 0.141, 0.081,  177,   5.0,   2.1
20-Dec-2022 12:00, 1.329,  22.2,  23.9, 1008.2, 0.131, 0.073,  178,   4.7,   1.8
20-Dec-2022 13:00, 1.267,  22.2,  23.6, 1009.0, 0.131, 0.082,  197,   4.6,   1.7
20-Dec-2022 14:00, 1.174,  22.2,  23.4, 1009.1, 0.135, 0.093,  174,   4.1,   1.2
20-Dec-2022 15:00, 1.057,  22.3,  27.1, 1009.1, 0.133, 0.091,  114,   4.7,   1.6
20-Dec-2022 16:00, 0.920,  22.3,  26.9, 1009.4, 0.111, 0.070,   89,   8.4,   4.0
20-Dec-2022 17:00, 0.796,  22.2,  25.3, 1009.0, 0.093, 0.055,   84,   9.7,   5.0
20-Dec-2022 18:00, 0.741,  22.2,  24.1, 1008.7, 0.123, 0.080,   86,  10.0,   4.7
20-Dec-2022 19:00, 0.704,  22.1,  23.3, 1008.5, 0.143, 0.097,   79,  11.0,   4.6
20-Dec-2022 20:00, 0.663,  22.2,  22.5, 1008.4, 0.132, 0.084,   82,   6.2,   3.0
20-Dec-2022 21:00, 0.674,  22.1,  22.1, 1008.9, 0.149, 0.102,   89,   7.0,   3.0
20-Dec-2022 22:00, 0.703,  22.0,  21.7, 1009.2, 0.157, 0.114,   79,   8.4,   4.6
20-Dec-2022 23:00, 0.751,  21.9,  23.4, 1009.6, 0.160, 0.121,   81,   8.1,   3.7
21-Dec-2022 00:00, 0.798,  22.0,  25.3, 1009.9, 0.154, 0.117,   83,   7.9,   4.0
21-Dec-2022 01:00, 0.832,  22.0,  26.9, 1010.6, 0.133, 0.101,   76,   8.5,   2.8
21-Dec-2022 02:00, 0.889,  22.0,  28.1, 1010.5, 0.149, 0.122,   14,   5.8,   3.5
21-Dec-2022 03:00, 0.901,  22.1,  26.0, 1010.2, 0.128, 0.101,  235,   5.3,   3.3
21-Dec-2022 04:00, 0.926,  22.3,  25.0, 1010.1, 0.119, 0.088,  237,   5.9,   3.7
21-Dec-2022 05:00, 1.006,  22.3,  25.6, 1009.7, 0.157, 0.126,  230,   6.3,   3.0
21-Dec-2022 06:00, 1.025,  22.3,  26.3, 1009.3, 0.118, 0.083,  217,   5.0,   2.5
21-Dec-2022 07:00, 1.088,  22.4,  25.8, 1008.8, 0.104, 0.064,  180,   4.5,   1.9
21-Dec-2022 08:00, 1.214,  22.4,  24.8, 1008.3, 0.141, 0.096,  172,   3.7,   2.0
21-Dec-2022 09:00, 1.294,  22.5,  25.0, 1008.0, 0.133, 0.083,  188,   4.7,   1.6
21-Dec-2022 10:00, 1.353,  22.5,  24.7, 1008.3, 0.122, 0.070,  195,   4.1,   1.8
21-Dec-2022 11:00, 1.417,  22.5,  23.6, 1008.7, 0.142, 0.093,  185,   4.0,   1.1
21-Dec-2022 12:00, 1.439,  22.5,  23.3, 1009.0, 0.163, 0.118,  194,   4.0,   1.8
21-Dec-2022 13:00, 1.367,  22.4,  23.1, 1009.0, 0.135, 0.093,  183,   2.6,   0.9
21-Dec-2022 14:00, 1.309,  22.4,  22.9, 1008.9, 0.166, 0.124,  166,   2.7,   0.4
21-Dec-2022 15:00, 1.192,  22.4,  23.1, 1008.8, 0.175, 0.132,  149,   2.7,   1.3
21-Dec-2022 16:00, 1.035,  22.4,  27.4, 1008.3, 0.156, 0.111,   83,   7.4,   3.6
21-Dec-2022 17:00, 0.920,  22.4,  26.2, 1008.3, 0.176, 0.127,   80,   8.3,   4.2
21-Dec-2022 18:00, 0.774,  22.4,  24.8, 1008.3, 0.149, 0.100,   86,   9.4,   4.6
21-Dec-2022 19:00, 0.694,  22.4,  23.4, 1008.5, 0.163, 0.114,   98,  10.2,   3.1
21-Dec-2022 20:00, 0.631,  22.3,  22.2, 1008.7, 0.162, 0.115,   78,   8.7,   5.3
21-Dec-2022 21:00, 0.601,  22.4,  21.2, 1009.3, 0.161, 0.116,   73,  10.0,   3.1
21-Dec-2022 22:00, 0.619,  22.3,  21.3, 1009.8, 0.174, 0.136,   81,   7.1,   3.1
21-Dec-2022 23:00, 0.662,  22.2,  22.2, 1009.8, 0.176, 0.142,   70,   8.1,   4.5
22-Dec-2022 00:00, 0.701,  22.2,  24.3, 1010.1, 0.150, 0.116,   68,   9.8,   5.1
22-Dec-2022 01:00, 0.793,  22.3,  26.9, 1010.5, 0.166, 0.135,   81,   8.8,   3.8
22-Dec-2022 02:00, 0.865,  22.3,  29.4, 1009.9, 0.171, 0.143,   75,   6.5,   2.6
22-Dec-2022 03:00, 0.892,  22.3,  31.4, 1009.5, 0.152, 0.118,   21,   7.0,   2.6
22-Dec-2022 04:00, 0.943,  22.4,  27.0, 1009.2, 0.165, 0.127,  206,   5.6,   1.9
22-Dec-2022 05:00, 0.985,  22.5,  24.8, 1009.2, 0.165, 0.125,  200,   7.2,   2.7
22-Dec-2022 06:00, 1.016,  22.6,  25.3, 1008.8, 0.136, 0.095,  186,   5.8,   2.1
22-Dec-2022 07:00, 1.098,  22.6,  25.5, 1008.6, 0.139, 0.095,  186,   4.1,   1.8
22-Dec-2022 08:00, 1.204,  22.7,  25.4, 1008.3, 0.154, 0.107,  181,   5.0,   1.8
22-Dec-2022 09:00, 1.291,  22.8,  25.5, 1008.1, 0.141, 0.091,  174,   4.4,   1.8
22-Dec-2022 10:00, 1.390,  22.8,  24.9, 1008.3, 0.153, 0.102,  171,   3.6,   1.8
22-Dec-2022 11:00, 1.448,  22.8,  24.2, 1008.7, 0.149, 0.100,  175,   2.9,   1.5
22-Dec-2022 12:00, 1.471,  22.8,  23.3, 1009.0, 0.146, 0.101,  199,   4.0,   1.4
22-Dec-2022 13:00, 1.465,  22.8,  23.0, 1009.3, 0.158, 0.116,  180,   3.0,   1.2
22-Dec-2022 14:00, 1.390,  22.8,  23.1, 1009.5, 0.146, 0.107,  168,   3.5,   1.9
22-Dec-2022 15:00, 1.295,  22.7,  25.1, 1009.4, 0.162, 0.125,  158,   3.3,   1.9
22-Dec-2022 16:00, 1.154,  22.7,  22.8, 1009.4, 0.164, 0.126,  190,   3.3,   1.5
22-Dec-2022 17:00, 0.977,  22.8,  22.7, 1009.2, 0.140, 0.102,  148,   3.9,   0.8
22-Dec-2022 18:00, 0.845,  22.8,  21.9, 1008.7, 0.154, 0.114,   66,   1.1,   0.0
22-Dec-2022 19:00, 0.715,  22.8,  24.4, 1008.5, 0.150, 0.104,   76,   3.2,   1.7
22-Dec-2022 20:00, 0.591,  22.8,  24.5, 1009.3, 0.127, 0.080,   86,   3.9,   1.0
22-Dec-2022 21:00, 0.544,  22.8,  23.3, 1009.3, 0.142, 0.103,   99,   2.1,   0.7
22-Dec-2022 22:00, 0.517,  22.8,  23.6, 1009.8, 0.138, 0.099,  107,   2.1,   0.6
22-Dec-2022 23:00, 0.522,  22.7,  24.2, 1010.7, 0.126, 0.093,  182,   2.4,   1.0
23-Dec-2022 00:00, 0.579,  22.7,  24.1, 1011.1, 0.125, 0.100,  218,   2.8,   1.9
23-Dec-2022 01:00, 0.663,  22.7,  24.2, 1011.1, 0.129, 0.108,  210,   4.1,   1.6
23-Dec-2022 02:00, 0.750,  22.8,  24.8, 1010.6, 0.130, 0.108,  189,   3.2,   1.2
23-Dec-2022 03:00, 0.808,  22.8,  25.5, 1010.3, 0.120, 0.093,  179,   2.8,   1.2
23-Dec-2022 04:00, 0.852,  22.9,  25.6, 1010.0, 0.119, 0.089,  187,   3.2,   1.7
23-Dec-2022 05:00, 0.897,  23.0,  25.4, 1009.6, 0.121, 0.089,  188,   4.4,   1.9
23-Dec-2022 06:00, 0.941,  23.0,  24.7, 1009.3, 0.110, 0.074,  203,   6.1,   3.0
23-Dec-2022 07:00, 1.005,  23.0,  24.6, 1009.2, 0.095, 0.056,  196,   7.1,   2.8
23-Dec-2022 08:00, 1.107,  23.1,  24.8, 1008.8, 0.105, 0.064,  193,   5.7,   2.5
23-Dec-2022 09:00, 1.196,  23.1,  23.7, 1008.5, 0.093, 0.048,  200,   4.9,   2.7
23-Dec-2022 10:00, 1.303,  23.0,  23.6, 1008.4, 0.101, 0.053,  193,   5.8,   2.1
23-Dec-2022 11:00, 1.384,  23.0,  23.0, 1008.6, 0.104, 0.056,  187,   5.6,   2.2
23-Dec-2022 12:00, 1.443,  23.0,  22.6, 1008.8, 0.113, 0.066,  189,   5.2,   1.9
23-Dec-2022 13:00, 1.449,  23.0,  22.6, 1009.1, 0.110, 0.066,  187,   4.5,   1.8
23-Dec-2022 14:00, 1.408,  23.0,  22.6, 1009.1, 0.099, 0.058,  182,   4.9,   1.9
23-Dec-2022 15:00, 1.343,  22.9,  22.5, 1009.0, 0.109, 0.068,  177,   3.7,   1.1
23-Dec-2022 16:00, 1.215,  23.0,  22.2, 1008.5, 0.105, 0.062,  175,   2.5,   1.1
23-Dec-2022 17:00, 1.057,  23.1,  21.8, 1008.3, 0.097, 0.049,  173,   2.4,   0.8
23-Dec-2022 18:00, 0.902,  23.1,  21.6, 1008.1, 0.101, 0.051,  157,   1.4,   0.3
23-Dec-2022 19:00, 0.755,  23.1,  21.4, 1007.7, 0.099, 0.048,  162,   1.6,   0.6
23-Dec-2022 20:00, 0.619,  23.1,  20.9, 1007.7, 0.089, 0.034,   74,   1.2,   0.4
23-Dec-2022 21:00, 0.527,  23.2,  19.9, 1007.8, 0.098, 0.043,   37,   1.3,   0.6
23-Dec-2022 22:00, 0.457,  23.1,  21.0, 1008.0, 0.086, 0.032,   63,   1.0,   0.2
23-Dec-2022 23:00, 0.463,  23.1,  22.7, 1008.2, 0.107, 0.054,  187,   1.6,   0.7
24-Dec-2022 00:00, 0.474,  23.1,  22.8, 1008.6, 0.086, 0.037,  244,   2.6,   1.7
24-Dec-2022 01:00, 0.545,  23.2,  24.0, 1008.5, 0.092, 0.045,  220,   3.2,   1.5
24-Dec-2022 02:00, 0.663,  23.2,  23.8, 1008.7, 0.126, 0.079,  218,   4.4,   2.4
24-Dec-2022 03:00, 0.707,  23.3,  24.3, 1008.5, 0.085, 0.040,  199,   5.0,   2.4
24-Dec-2022 04:00, 0.764,  23.3,  24.2, 1008.3, 0.081, 0.034,  209,   4.8,   2.6
24-Dec-2022 05:00, 0.837,  23.3,  23.6, 1008.1, 0.109, 0.059,  206,   6.2,   3.4
24-Dec-2022 06:00, 0.859,  23.3,  23.0, 1008.0, 0.083, 0.032,  205,   6.9,   4.1
24-Dec-2022 07:00, 0.908,  23.4,  22.7, 1007.7, 0.063, 0.010,  205,   7.5,   4.0
24-Dec-2022 08:00, 1.029,  23.4,  22.5, 1007.3, 0.091, 0.036,  203,   8.1,   4.3
24-Dec-2022 09:00, 1.099,  23.5,  22.3, 1007.0, 0.064, 0.004,  204,   7.8,   4.3
24-Dec-2022 10:00, 1.208,  23.3,  22.1, 1007.2, 0.074, 0.012,  207,   8.0,   4.1
24-Dec-2022 11:00, 1.304,  23.3,  22.2, 1007.2, 0.083, 0.022,  198,   7.5,   3.2
24-Dec-2022 12:00, 1.394,  23.3,  21.2, 1007.4, 0.106, 0.047,  206,   7.3,   4.1
24-Dec-2022 13:00, 1.400,  23.3,  21.2, 1007.4, 0.079, 0.021,  202,   8.5,   4.7
24-Dec-2022 14:00, 1.416,  23.3,  21.1, 1007.3, 0.099, 0.041,  201,   8.6,   3.1
24-Dec-2022 15:00, 1.373,  23.3,  21.4, 1007.1, 0.092, 0.033,  187,   6.9,   2.5
24-Dec-2022 16:00, 1.289,  23.3,  21.1, 1006.8, 0.089, 0.027,  161,   5.6,   1.6
24-Dec-2022 17:00, 1.150,  23.4,  20.9, 1006.4, 0.073, 0.009,  169,   4.0,   1.8
24-Dec-2022 18:00, 1.015,  23.4,  20.5, 1006.3, 0.087, 0.018,  158,   3.9,   1.8
24-Dec-2022 19:00, 0.852,  23.4,  20.2, 1006.2, 0.078, 0.009,  160,   3.5,   2.0
24-Dec-2022 20:00, 0.720,  23.4,  19.4, 1006.3, 0.081, 0.011,  157,   3.9,   1.6
24-Dec-2022 21:00, 0.611,  23.4,  19.1, 1007.0, 0.093, 0.024,  166,   2.5,   1.1
24-Dec-2022 22:00, 0.502,  23.4,  20.1, 1008.0, 0.074, 0.013,  157,   2.8,   1.8
24-Dec-2022 23:00, 0.450,  23.4,  21.4, 1008.6, 0.069, 0.017,   84,   3.9,   1.4
25-Dec-2022 00:00, 0.463,  23.3,  21.8, 1008.7, 0.085, 0.039,  200,   3.3,   1.4
25-Dec-2022 01:00, 0.478,  23.3,  21.9, 1008.7, 0.061, 0.016,  224,   4.6,   3.0
25-Dec-2022 02:00, 0.587,  23.3,  22.2, 1008.5, 0.108, 0.062,  225,   5.7,   3.7
25-Dec-2022 03:00, 0.661,  23.4,  22.5, 1008.4, 0.102, 0.055,  230,   5.6,   3.7
25-Dec-2022 04:00, 0.721,  23.4,  23.0, 1008.2, 0.088, 0.039,  223,   6.2,   3.6
25-Dec-2022 05:00, 0.802,  23.5,  23.2, 1007.9, 0.116, 0.065,  235,   6.3,   4.3
25-Dec-2022 06:00, 0.837,  23.5,  23.1, 1007.8, 0.104, 0.051,  220,   7.3,   4.4
25-Dec-2022 07:00, 0.888,  23.5,  23.3, 1007.5, 0.102, 0.048,  218,   6.8,   4.0
25-Dec-2022 08:00, 0.993,  23.6,  22.0, 1007.5, 0.126, 0.069,  216,   8.0,   5.5
25-Dec-2022 09:00, 1.085,  23.6,  21.9, 1007.4, 0.124, 0.067,  205,   8.5,   4.5
25-Dec-2022 10:00, 1.174,  23.6,  21.8, 1007.6, 0.124, 0.066,  203,   7.8,   4.1
25-Dec-2022 11:00, 1.275,  23.5,  21.7, 1008.0, 0.137, 0.082,  205,   7.0,   4.0
25-Dec-2022 12:00, 1.342,  23.5,  21.4, 1008.4, 0.135, 0.083,  205,   7.3,   4.1
25-Dec-2022 13:00, 1.410,  23.5,  21.4, 1008.9, 0.153, 0.105,  202,   7.9,   5.0
25-Dec-2022 14:00, 1.413,  23.5,  21.1, 1009.5, 0.139, 0.096,  201,   7.5,   3.9
25-Dec-2022 15:00, 1.402,  23.4,  20.9, 1009.5, 0.139, 0.101,  202,   7.6,   4.3
25-Dec-2022 16:00, 1.382,  23.4,  20.5, 1009.1, 0.156, 0.119,  202,   9.0,   4.6
25-Dec-2022 17:00, 1.294,  23.4,  20.6, 1008.4, 0.149, 0.107,  201,   8.8,   3.8
25-Dec-2022 18:00, 1.184,  23.4,  20.4, 1007.9, 0.153, 0.104,  170,   6.4,   1.3
25-Dec-2022 19:00, 1.021,  23.5,  20.0, 1008.1, 0.131, 0.077,  189,   3.7,   1.6
25-Dec-2022 20:00, 0.896,  23.5,  19.3, 1008.6, 0.142, 0.092,  149,   3.5,   1.0
25-Dec-2022 21:00, 0.763,  23.4,  19.2, 1009.0, 0.127, 0.081,  152,   3.4,   2.0
25-Dec-2022 22:00, 0.644,  23.4,  19.5, 1009.5, 0.112, 0.070,  151,   3.9,   0.8
25-Dec-2022 23:00, 0.576,  23.4,  20.7, 1010.1, 0.114, 0.077,  154,   3.1,   1.1
26-Dec-2022 00:00, 0.527,  23.4,  21.1, 1010.3, 0.097, 0.066,  225,   2.7,   1.5
26-Dec-2022 01:00, 0.530,  23.4,  20.8, 1010.5, 0.092, 0.063,  238,   3.7,   2.7
26-Dec-2022 02:00, 0.569,  23.5,  21.6, 1010.7, 0.094, 0.067,  228,   5.0,   3.5
26-Dec-2022 03:00, 0.592,  23.6,  21.6, 1010.7, 0.063, 0.038,  217,   6.7,   4.0
26-Dec-2022 04:00, 0.684,  23.6,  22.0, 1010.8, 0.084, 0.059,  212,   6.7,   3.1
26-Dec-2022 05:00, 0.736,  23.6,  21.6, 1011.0, 0.075, 0.051,  214,   6.9,   4.1
26-Dec-2022 06:00, 0.757,  23.6,  21.6, 1011.1, 0.047, 0.024,  213,   8.7,   4.6
26-Dec-2022 07:00, 0.805,  23.8,  21.4, 1011.1, 0.049, 0.028,  211,   8.0,   4.6
26-Dec-2022 08:00, 0.873,  23.9,  21.2, 1011.0, 0.061, 0.039,  214,   8.6,   5.4
26-Dec-2022 09:00, 0.943,  23.8,  21.0, 1011.3, 0.050, 0.028,  211,   9.3,   5.4
26-Dec-2022 10:00, 1.021,  23.9,  20.6, 1012.0, 0.045, 0.027,  207,   9.9,   5.2
26-Dec-2022 11:00, 1.102,  23.8,  20.2, 1012.7, 0.052, 0.040,  201,  10.8,   6.7
26-Dec-2022 12:00, 1.149,  23.7,  20.1, 1013.2, 0.035, 0.030,  202,  11.2,   5.7
26-Dec-2022 13:00, 1.206,  23.8,  20.1, 1013.8, 0.042, 0.043,  196,  10.6,   4.6
26-Dec-2022 14:00, 1.235,  23.7,  20.3, 1014.2, 0.042, 0.047,  195,  10.2,   3.6
26-Dec-2022 15:00, 1.241,  23.7,  20.3, 1014.6, 0.045, 0.055,  194,   8.3,   3.8
26-Dec-2022 16:00, 1.235,  23.6,  20.2, 1014.6, 0.051, 0.064,  195,   8.8,   4.0
26-Dec-2022 17:00, 1.196,  23.6,  20.3, 1014.8, 0.051, 0.064,  198,   9.5,   3.8
26-Dec-2022 18:00, 1.098,  23.5,  19.7, 1014.9, 0.027, 0.042,  159,   7.6,   3.0
26-Dec-2022 19:00, 1.014,  23.5,  18.5, 1015.3, 0.045, 0.061,  137,   5.8,   0.9
26-Dec-2022 20:00, 0.850,  23.5,  18.1, 1015.8, 0.003, 0.024,  116,   3.3,   1.2
26-Dec-2022 21:00, 0.764,  23.4,  18.1, 1016.7, 0.027, 0.053,  113,   4.0,   0.7
26-Dec-2022 22:00, 0.663,  23.5,  18.1, 1017.8, 0.018, 0.053,   58,   2.2,   1.0
26-Dec-2022 23:00, 0.563,  23.4,  18.8, 1018.8,-0.008, 0.038,  123,   2.9,   1.0
27-Dec-2022 00:00, 0.500,  23.4,  20.3, 1019.3,-0.025, 0.030,  174,   4.8,   2.2
27-Dec-2022 01:00, 0.489,  23.4,  20.8, 1019.3,-0.021, 0.039,  194,   5.2,   2.2
27-Dec-2022 02:00, 0.490,  23.4,  21.5, 1019.5,-0.034, 0.026,  202,   6.6,   3.4
27-Dec-2022 03:00, 0.501,  23.4,  21.7, 1019.2,-0.052, 0.010,  200,   7.9,   3.7
27-Dec-2022 04:00, 0.551,  23.4,  21.4, 1018.8,-0.051, 0.008,  207,   9.0,   4.7
27-Dec-2022 05:00, 0.622,  23.5,  21.2, 1018.4,-0.038, 0.016,  209,   9.3,   5.1
27-Dec-2022 06:00, 0.667,  23.5,  21.2, 1018.0,-0.044, 0.007,  209,   8.8,   4.8
27-Dec-2022 07:00, 0.705,  23.6,  21.4, 1017.5,-0.054,-0.007,  209,   9.5,   5.4
27-Dec-2022 08:00, 0.750,  23.6,  21.9, 1017.2,-0.051,-0.008,  202,  10.2,   5.3
27-Dec-2022 09:00, 0.801,  23.6,  21.5, 1016.7,-0.053,-0.015,  201,  10.5,   5.5
27-Dec-2022 10:00, 0.856,  23.6,  21.3, 1016.9,-0.066,-0.032,  198,  10.8,   4.8
27-Dec-2022 11:00, 0.913,  23.7,  21.3, 1017.0,-0.069,-0.033,  194,   9.4,   4.0
27-Dec-2022 12:00, 0.967,  23.6,  21.4, 1017.5,-0.065,-0.028,  193,   9.3,   4.0
27-Dec-2022 13:00, 1.003,  23.6,  21.5, 1017.8,-0.066,-0.024,  190,   9.0,   3.8
27-Dec-2022 14:00, 1.021,  23.6,  21.3, 1017.9,-0.077,-0.032,  171,   7.5,   2.8
27-Dec-2022 15:00, 1.029,  23.5,  20.7, 1017.9,-0.076,-0.030,  159,   5.0,   2.7
27-Dec-2022 16:00, 1.019,  23.5,  20.4, 1018.2,-0.078,-0.031,  152,   4.4,   2.3
27-Dec-2022 17:00, 0.991,  23.4,  20.3, 1018.6,-0.093,-0.043,  138,   3.1,   1.0
27-Dec-2022 18:00, 0.929,  23.4,  19.1, 1018.8,-0.115,-0.061,   97,   8.7,   3.5
27-Dec-2022 19:00, 0.870,  23.3,  17.7, 1019.1,-0.110,-0.055,   93,   8.5,   2.9
27-Dec-2022 20:00, 0.778,  23.2,  16.7, 1019.4,-0.117,-0.058,   90,   7.5,   3.0
27-Dec-2022 21:00, 0.687,  23.2,  16.0, 1019.7,-0.112,-0.051,   82,   8.2,   4.7
27-Dec-2022 22:00, 0.622,  23.1,  15.8, 1020.3,-0.102,-0.037,   84,  11.0,   4.5
27-Dec-2022 23:00, 0.537,  23.0,  16.6, 1020.6,-0.130,-0.060,   81,  10.0,   4.5
28-Dec-2022 00:00, 0.500,  23.0,  18.5, 1020.8,-0.128,-0.055,   78,   8.7,   4.3
28-Dec-2022 01:00, 0.492,  23.0,  20.2, 1020.8,-0.114,-0.039,   88,   7.9,   2.5
28-Dec-2022 02:00, 0.479,  23.0,  22.5, 1020.2,-0.129,-0.054,   85,   6.6,   3.0
28-Dec-2022 03:00, 0.517,  23.0,  24.2, 1019.5,-0.105,-0.037,  125,   7.6,   1.6
28-Dec-2022 04:00, 0.517,  23.1,  25.3, 1018.4,-0.128,-0.067,  179,   5.1,   2.9
28-Dec-2022 05:00, 0.599,  23.1,  23.4, 1017.5,-0.093,-0.042,  212,   7.7,   4.3
28-Dec-2022 06:00, 0.647,  23.2,  22.2, 1016.8,-0.094,-0.052,  203,   8.8,   5.0
28-Dec-2022 07:00, 0.674,  23.3,  22.5, 1016.2,-0.112,-0.077,  201,   8.6,   3.5
28-Dec-2022 08:00, 0.736,  23.4,  22.8, 1015.8,-0.093,-0.064,  198,   8.6,   3.7
28-Dec-2022 09:00, 0.747,  23.5,  22.8, 1015.5,-0.114,-0.090,  194,   7.4,   3.7
28-Dec-2022 10:00, 0.787,  23.4,  22.4, 1015.6,-0.116,-0.093,  191,   8.2,   3.3
28-Dec-2022 11:00, 0.842,  23.3,  22.1, 1015.8,-0.104,-0.080,  190,   7.1,   2.9
28-Dec-2022 12:00, 0.849,  23.3,  22.0, 1016.1,-0.130,-0.105,  187,   6.3,   2.5
28-Dec-2022 13:00, 0.896,  23.3,  22.1, 1016.0,-0.103,-0.075,  185,   6.1,   2.0
28-Dec-2022 14:00, 0.897,  23.3,  21.7, 1015.8,-0.113,-0.085,  163,   5.6,   1.8
28-Dec-2022 15:00, 0.896,  23.3,  21.4, 1015.2,-0.119,-0.094,  160,   3.4,   1.8
28-Dec-2022 16:00, 0.905,  23.3,  20.8, 1014.4,-0.096,-0.077,  162,   3.2,   1.4
28-Dec-2022 17:00, 0.905,  23.3,  19.6, 1014.0,-0.082,-0.071,  110,   2.6,   0.1
28-Dec-2022 18:00, 0.858,  23.2,  21.2, 1013.6,-0.111,-0.104,   89,   4.4,   2.1
28-Dec-2022 19:00, 0.827,  23.2,  21.1, 1013.3,-0.104,-0.101,   83,   7.0,   3.9
28-Dec-2022 20:00, 0.780,  23.1,  20.0, 1013.3,-0.101,-0.101,   84,   7.6,   3.4
28-Dec-2022 21:00, 0.703,  23.0,  19.2, 1013.3,-0.114,-0.114,   82,   7.5,   4.0
28-Dec-2022 22:00, 0.664,  22.9,  19.2, 1013.5,-0.092,-0.091,   80,   7.6,   4.5
28-Dec-2022 23:00, 0.636,  22.9,  20.8, 1013.7,-0.083,-0.080,   77,   8.7,   4.8
29-Dec-2022 00:00, 0.585,  22.8,  22.9, 1013.8,-0.116,-0.111,   72,  11.0,   6.1
29-Dec-2022 01:00, 0.626,  22.9,  25.2, 1013.5,-0.067,-0.063,   69,  10.6,   5.0
29-Dec-2022 02:00, 0.648,  22.9,  28.3, 1013.6,-0.045,-0.042,   41,  10.6,   2.9
29-Dec-2022 03:00, 0.642,  22.9,  29.6, 1012.8,-0.066,-0.063,   19,   6.9,   2.3
29-Dec-2022 04:00, 0.666,  23.0,  26.1, 1012.1,-0.057,-0.062,  238,   5.1,   4.1
29-Dec-2022 05:00, 0.698,  23.1,  26.7, 1011.5,-0.050,-0.062,  219,   5.7,   3.9
29-Dec-2022 06:00, 0.753,  23.1,  25.4, 1011.0,-0.042,-0.060,  176,   6.9,   2.6
29-Dec-2022 07:00, 0.787,  23.2,  24.4, 1010.8,-0.052,-0.075,  194,   6.9,   3.3
29-Dec-2022 08:00, 0.834,  23.3,  23.7, 1010.8,-0.046,-0.070,  201,   7.6,   3.5
29-Dec-2022 09:00, 0.860,  23.3,  23.4, 1010.7,-0.051,-0.075,  196,   7.9,   3.3
29-Dec-2022 10:00, 0.856,  23.4,  23.4, 1010.6,-0.073,-0.099,  195,   7.0,   2.9
29-Dec-2022 11:00, 0.889,  23.5,  23.3, 1010.9,-0.057,-0.083,  193,   6.2,   2.5
29-Dec-2022 12:00, 0.893,  23.4,  22.8, 1010.8,-0.067,-0.091,  195,   6.6,   2.4
29-Dec-2022 13:00, 0.906,  23.3,  22.6, 1011.1,-0.058,-0.082,  197,   5.4,   1.8
29-Dec-2022 14:00, 0.903,  23.2,  22.5, 1011.2,-0.048,-0.069,  205,   4.6,   2.7
29-Dec-2022 15:00, 0.887,  23.2,  22.4, 1010.7,-0.053,-0.074,  208,   4.2,   1.8
29-Dec-2022 16:00, 0.896,  23.2,  22.2, 1010.2,-0.025,-0.051,  190,   3.5,   1.1
29-Dec-2022 17:00, 0.869,  23.2,  22.5, 1009.9,-0.024,-0.054,  200,   2.9,   1.6
29-Dec-2022 18:00, 0.864,  23.2,  22.2, 1009.4,-0.010,-0.043,  164,   3.8,   1.7
29-Dec-2022 19:00, 0.833,  23.2,  21.2, 1009.0,-0.019,-0.057,  130,   3.7,   0.4
29-Dec-2022 20:00, 0.804,  23.1,  20.2, 1008.8,-0.015,-0.058,   95,   2.0,   0.4
29-Dec-2022 21:00, 0.783,  23.2,  19.2, 1009.0,-0.002,-0.046,   84,   1.6,   0.8
29-Dec-2022 22:00, 0.751,  23.1,  20.2, 1009.2, 0.002,-0.040,  120,   1.4,   0.0
29-Dec-2022 23:00, 0.761,  23.1,  21.5, 1009.6, 0.035,-0.005,  161,   1.7,   1.2
30-Dec-2022 00:00, 0.759,  23.1,  23.2, 1009.3, 0.033,-0.003,  201,   2.7,   1.1
30-Dec-2022 01:00, 0.778,  23.1,  23.1, 1009.0, 0.034,-0.005,  235,   3.5,   2.3
30-Dec-2022 02:00, 0.829,  23.1,  23.0, 1008.7, 0.071, 0.029,  238,   3.8,   3.0
30-Dec-2022 03:00, 0.837,  23.2,  24.1, 1008.7, 0.061, 0.016,  233,   4.5,   2.3
30-Dec-2022 04:00, 0.850,  23.3,  24.3, 1008.3, 0.049, 0.004,  230,   4.6,   3.4
30-Dec-2022 05:00, 0.917,  23.4,  23.6, 1007.8, 0.096, 0.047,  225,   5.4,   4.0
30-Dec-2022 06:00, 0.931,  23.4,  23.8, 1007.7, 0.074, 0.020,  227,   5.7,   4.0
30-Dec-2022 07:00, 0.977,  23.4,  23.4, 1007.5, 0.071, 0.016,  219,   6.7,   3.7
30-Dec-2022 08:00, 1.037,  23.4,  22.5, 1007.3, 0.091, 0.034,  216,   6.8,   4.1
30-Dec-2022 09:00, 1.046,  23.5,  22.1, 1007.0, 0.068, 0.009,  216,   7.4,   4.5
30-Dec-2022 10:00, 1.076,  23.5,  22.0, 1007.2, 0.085, 0.023,  209,   7.6,   3.5
30-Dec-2022 11:00, 1.079,  23.5,  21.6, 1007.4, 0.091, 0.031,  206,   6.9,   3.6
30-Dec-2022 12:00, 1.060,  23.5,  21.2, 1007.6, 0.086, 0.028,  212,   7.2,   3.7
30-Dec-2022 13:00, 1.062,  23.5,  21.4, 1007.8, 0.103, 0.047,  209,   6.7,   3.9
30-Dec-2022 14:00, 1.021,  23.4,  21.4, 1007.7, 0.091, 0.037,  203,   7.6,   4.9
30-Dec-2022 15:00, 0.998,  23.4,  21.2, 1007.5, 0.106, 0.051,  199,   8.7,   4.0
30-Dec-2022 16:00, 0.980,  23.3,  20.7, 1006.9, 0.118, 0.060,  190,   8.1,   3.8
30-Dec-2022 17:00, 0.912,  23.3,  20.7, 1006.5, 0.087, 0.023,  203,   8.8,   4.2
30-Dec-2022 18:00, 0.899,  23.4,  20.8, 1006.3, 0.111, 0.044,  179,   7.4,   2.1
30-Dec-2022 19:00, 0.863,  23.5,  20.4, 1006.5, 0.098, 0.029,  157,   5.7,   2.1
30-Dec-2022 20:00, 0.817,  23.4,  20.0, 1006.7, 0.073, 0.006,  156,   5.4,   2.6
30-Dec-2022 21:00, 0.819,  23.4,  19.4, 1007.3, 0.096, 0.031,  154,   4.5,   2.6
30-Dec-2022 22:00, 0.774,  23.4,  19.6, 1008.0, 0.064, 0.006,  170,   6.2,   3.3
30-Dec-2022 23:00, 0.766,  23.3,  19.7, 1008.7, 0.061, 0.010,  171,   6.3,   2.2
31-Dec-2022 00:00, 0.784,  23.3,  19.9, 1009.4, 0.069, 0.025,  192,   5.8,   2.3
31-Dec-2022 01:00, 0.801,  23.4,  20.4, 1009.5, 0.054, 0.016,  190,   6.4,   2.0
31-Dec-2022 02:00, 0.860,  23.5,  20.7, 1009.6, 0.073, 0.036,  210,   5.9,   3.7
31-Dec-2022 03:00, 0.891,  23.4,  21.3, 1009.5, 0.075, 0.039,  211,   7.2,   4.1
31-Dec-2022 04:00, 0.911,  23.5,  21.4, 1009.5, 0.062, 0.025,  209,   8.3,   4.2
31-Dec-2022 05:00, 0.961,  23.5,  21.6, 1009.3, 0.077, 0.040,  207,   8.7,   4.7
31-Dec-2022 06:00, 1.011,  23.5,  21.4, 1009.1, 0.094, 0.055,  202,   8.7,   5.3
31-Dec-2022 07:00, 1.028,  23.6,  21.4, 1009.0, 0.063, 0.022,  204,  11.1,   5.9
31-Dec-2022 08:00, 1.101,  23.7,  21.5, 1008.8, 0.087, 0.044,  200,  10.6,   5.4
31-Dec-2022 09:00, 1.130,  23.7,  21.2, 1008.8, 0.083, 0.039,  203,  11.1,   5.7
31-Dec-2022 10:00, 1.128,  23.8,  20.8, 1009.0, 0.066, 0.021,  200,  11.9,   6.3
31-Dec-2022 11:00, 1.111,  23.8,  20.7, 1009.6, 0.057, 0.016,  197,  11.2,   5.9
31-Dec-2022 12:00, 1.084,  23.8,  20.9, 1009.7, 0.061, 0.025,  188,  11.6,   4.6
31-Dec-2022 13:00, 1.048,  23.7,  20.9, 1009.9, 0.067, 0.032,  190,  10.4,   4.6
31-Dec-2022 14:00, 0.960,  23.6,  21.2, 1009.9, 0.023,-0.010,  184,   9.4,   3.9
31-Dec-2022 15:00, 0.927,  23.6,  20.8, 1009.9, 0.047, 0.014,  177,   9.9,   3.8
31-Dec-2022 16:00, 0.876,  23.6,  20.2, 1009.9, 0.051, 0.018,  171,   8.0,   3.5
31-Dec-2022 17:00, 0.805,  23.5,  19.7, 1010.1, 0.025,-0.008,  173,   9.2,   4.3
31-Dec-2022 18:00, 0.749,  23.5,  18.6, 1010.3, 0.016,-0.016,  171,   8.5,   3.3
31-Dec-2022 19:00, 0.698,  23.4,  18.1, 1010.8, 0.004,-0.024,  168,   7.7,   3.4
31-Dec-2022 20:00, 0.644,  23.4,  17.8, 1011.2,-0.029,-0.053,  161,   6.2,   2.9
31-Dec-2022 21:00, 0.639,  23.4,  17.6, 1011.9,-0.020,-0.039,  155,   5.7,   2.6
31-Dec-2022 22:00, 0.629,  23.3,  17.3, 1012.4,-0.027,-0.040,  153,   4.7,   2.2
31-Dec-2022 23:00, 0.634,  23.2,  18.3, 1013.1,-0.033,-0.041,  141,   5.0,   1.4
