UTC,height_m,water_temp_C,wind_m_sec,tide_station,wind_km_h,Dep,month_UTC,month_name,rain_month_avg_mm,wind_am_month_avg_kmh,wind_pm_month_avg_kmh
2020-01-01T00:00:00Z,2.29,-9999,-9999,Broome,-35996.4,DAMPIER_202009_DNE,1,January,50.6,19.4,28.2
2020-01-01T01:00:00Z,2.859,-9999,-9999,Broome,-35996.4,DAMPIER_202009_DNE,1,January,50.6,19.4,28.2
2020-01-01T02:00:00Z,4.027,-9999,-9999,Broome,-35996.4,DAMPIER_202009_DNE,1,January,50.6,19.4,28.2
2020-01-01T03:00:00Z,5.359,-9999,-9999,Broome,-35996.4,DAMPIER_202009_DNE,1,January,50.6,19.4,28.2
2020-01-01T04:00:00Z,6.611,-9999,-9999,Broome,-35996.4,DAMPIER_202009_DNE,1,January,50.6,19.4,28.2
2020-01-01T05:00:00Z,7.594,-9999,-9999,Broome,-35996.4,DAMPIER_202009_DNE,1,January,50.6,19.4,28.2
2020-01-01T06:00:00Z,8.129,-9999,-9999,Broome,-35996.4,DAMPIER_202009_DNE,1,January,50.6,19.4,28.2
2020-01-01T07:00:00Z,7.834,-9999,-9999,Broome,-35996.4,DAMPIER_202009_DNE,1,January,50.6,19.4,28.2
2020-01-01T08:00:00Z,6.909,-9999,-9999,Broome,-35996.4,DAMPIER_202009_DNE,1,January,50.6,19.4,28.2
2020-01-01T09:00:00Z,5.866,-9999,-9999,Broome,-35996.4,DAMPIER_202009_DNE,1,January,50.6,19.4,28.2
2020-01-01T10:00:00Z,4.762,-9999,-9999,Broome,-35996.4,DAMPIER_202009_DNE,1,January,50.6,19.4,28.2
2020-01-01T11:00:00Z,3.74,-9999,-9999,Broome,-35996.4,DAMPIER_202009_DNE,1,January,50.6,19.4,28.2
2020-01-01T12:00:00Z,3.193,-9999,-9999,Broome,-35996.4,DAMPIER_202009_DNE,1,January,50.6,19.4,28.2
2020-01-01T13:00:00Z,3.473,-9999,-9999,Broome,-35996.4,DAMPIER_202009_DNE,1,January,50.6,19.4,28.2
2020-01-01T14:00:00Z,4.409,-9999,-9999,Broome,-35996.4,DAMPIER_202009_DNE,1,January,50.6,19.4,28.2
2020-01-01T15:00:00Z,5.543,-9999,-9999,Broome,-35996.4,DAMPIER_202009_DNE,1,January,50.6,19.4,28.2
2020-01-01T16:00:00Z,6.639,-9999,-9999,Broome,-35996.4,DAMPIER_202009_DNE,1,January,50.6,19.4,28.2
2020-01-01T17:00:00Z,7.525,-9999,-9999,Broome,-35996.4,DAMPIER_202009_DNE,1,January,50.6,19.4,28.2
2020-01-01T18:00:00Z,7.929,-9999,-9999,Broome,-35996.4,DAMPIER_202009_DNE,1,January,50.6,19.4,28.2
2020-01-01T19:00:00Z,7.63,-9999,-9999,Broome,-35996.4,DAMPIER_202009_DNE,1,January,50.6,19.4,28.2
2020-01-01T20:00:00Z,6.802,-9999,-9999,Broome,-35996.4,DAMPIER_202009_DNE,1,January,50.6,19.4,28.2
2020-01-01T21:00:00Z,5.77,-9999,-9999,Broome,-35996.4,DAMPIER_202009_DNE,1,January,50.6,19.4,28.2
2020-01-01T22:00:00Z,4.715,-9999,-9999,Broome,-35996.4,DAMPIER_202009_DNE,1,January,50.6,19.4,28.2
2020-01-01T23:00:00Z,3.761,-9999,-9999,Broome,-35996.4,DAMPIER_202009_DNE,1,January,50.6,19.4,28.2
2020-01-02T00:00:00Z,3.11,-9999,-9999,Broome,-35996.4,DAMPIER_202009_DNE,1,January,50.6,19.4,28.2
2020-01-02T01:00:00Z,3.1,-9999,-9999,Broome,-35996.4,DAMPIER_202009_DNE,1,January,50.6,19.4,28.2
2020-01-02T02:00:00Z,3.798,-9999,-9999,Broome,-35996.4,DAMPIER_202009_DNE,1,January,50.6,19.4,28.2
2020-01-02T03:00:00Z,4.776,-9999,-9999,Broome,-35996.4,DAMPIER_202009_DNE,1,January,50.6,19.4,28.2
2020-01-02T04:00:00Z,5.829,-9999,-9999,Broome,-35996.4,DAMPIER_202009_DNE,1,January,50.6,19.4,28.2
2020-01-02T05:00:00Z,6.833,-9999,-9999,Broome,-35996.4,DAMPIER_202009_DNE,1,January,50.6,19.4,28.2
2020-01-02T06:00:00Z,7.523,-9999,-9999,Broome,-35996.4,DAMPIER_202009_DNE,1,January,50.6,19.4,28.2
2020-01-02T07:00:00Z,7.72,-9999,-9999,Broome,-35996.4,DAMPIER_202009_DNE,1,January,50.6,19.4,28.2
2020-01-02T08:00:00Z,7.243,-9999,-9999,Broome,-35996.4,DAMPIER_202009_DNE,1,January,50.6,19.4,28.2
2020-01-02T09:00:00Z,6.368,-9999,-9999,Broome,-35996.4,DAMPIER_202009_DNE,1,January,50.6,19.4,28.2
2020-01-02T10:00:00Z,5.419,-9999,-9999,Broome,-35996.4,DAMPIER_202009_DNE,1,January,50.6,19.4,28.2
2020-01-02T11:00:00Z,4.484,-9999,-9999,Broome,-35996.4,DAMPIER_202009_DNE,1,January,50.6,19.4,28.2
2020-01-02T12:00:00Z,3.835,-9999,-9999,Broome,-35996.4,DAMPIER_202009_DNE,1,January,50.6,19.4,28.2
2020-01-02T13:00:00Z,3.7,-9999,-9999,Broome,-35996.4,DAMPIER_202009_DNE,1,January,50.6,19.4,28.2
2020-01-02T14:00:00Z,4.129,-9999,-9999,Broome,-35996.4,DAMPIER_202009_DNE,1,January,50.6,19.4,28.2
2020-01-02T15:00:00Z,4.92,-9999,-9999,Broome,-35996.4,DAMPIER_202009_DNE,1,January,50.6,19.4,28.2
2020-01-02T16:00:00Z,5.843,-9999,-9999,Broome,-35996.4,DAMPIER_202009_DNE,1,January,50.6,19.4,28.2
2020-01-02T17:00:00Z,6.68,-9999,-9999,Broome,-35996.4,DAMPIER_202009_DNE,1,January,50.6,19.4,28.2
2020-01-02T18:00:00Z,7.253,-9999,-9999,Broome,-35996.4,DAMPIER_202009_DNE,1,January,50.6,19.4,28.2
2020-01-02T19:00:00Z,7.424,-9999,-9999,Broome,-35996.4,DAMPIER_202009_DNE,1,January,50.6,19.4,28.2
2020-01-02T20:00:00Z,7.026,-9999,-9999,Broome,-35996.4,DAMPIER_202009_DNE,1,January,50.6,19.4,28.2
2020-01-02T21:00:00Z,6.245,-9999,-9999,Broome,-35996.4,DAMPIER_202009_DNE,1,January,50.6,19.4,28.2
2020-01-02T22:00:00Z,5.334,-9999,-9999,Broome,-35996.4,DAMPIER_202009_DNE,1,January,50.6,19.4,28.2
2020-01-02T23:00:00Z,4.475,-9999,-9999,Broome,-35996.4,DAMPIER_202009_DNE,1,January,50.6,19.4,28.2
2020-01-03T00:00:00Z,3.831,-9999,-9999,Broome,-35996.4,DAMPIER_202009_DNE,1,January,50.6,19.4,28.2
2020-01-03T01:00:00Z,3.51,-9999,-9999,Broome,-35996.4,DAMPIER_202009_DNE,1,January,50.6,19.4,28.2
2020-01-03T02:00:00Z,3.743,-9999,-9999,Broome,-35996.4,DAMPIER_202009_DNE,1,January,50.6,19.4,28.2
2020-01-03T03:00:00Z,4.403,-9999,-9999,Broome,-35996.4,DAMPIER_202009_DNE,1,January,50.6,19.4,28.2
2020-01-03T04:00:00Z,5.255,-9999,-9999,Broome,-35996.4,DAMPIER_202009_DNE,1,January,50.6,19.4,28.2
2020-01-03T05:00:00Z,6.155,-9999,-9999,Broome,-35996.4,DAMPIER_202009_DNE,1,January,50.6,19.4,28.2
2020-01-03T06:00:00Z,6.95,-9999,-9999,Broome,-35996.4,DAMPIER_202009_DNE,1,January,50.6,19.4,28.2
2020-01-03T07:00:00Z,7.437,-9999,-9999,Broome,-35996.4,DAMPIER_202009_DNE,1,January,50.6,19.4,28.2
2020-01-03T08:00:00Z,7.339,-9999,-9999,Broome,-35996.4,DAMPIER_202009_DNE,1,January,50.6,19.4,28.2
2020-01-03T09:00:00Z,6.766,-9999,-9999,Broome,-35996.4,DAMPIER_202009_DNE,1,January,50.6,19.4,28.2
2020-01-03T10:00:00Z,6.036,-9999,-9999,Broome,-35996.4,DAMPIER_202009_DNE,1,January,50.6,19.4,28.2
2020-01-03T11:00:00Z,5.271,-9999,-9999,Broome,-35996.4,DAMPIER_202009_DNE,1,January,50.6,19.4,28.2
2020-01-03T12:00:00Z,4.593,-9999,-9999,Broome,-35996.4,DAMPIER_202009_DNE,1,January,50.6,19.4,28.2
2020-01-03T13:00:00Z,4.16,-9999,-9999,Broome,-35996.4,DAMPIER_202009_DNE,1,January,50.6,19.4,28.2
2020-01-03T14:00:00Z,4.155,-9999,-9999,Broome,-35996.4,DAMPIER_202009_DNE,1,January,50.6,19.4,28.2
2020-01-03T15:00:00Z,4.617,-9999,-9999,Broome,-35996.4,DAMPIER_202009_DNE,1,January,50.6,19.4,28.2
2020-01-03T16:00:00Z,5.283,-9999,-9999,Broome,-35996.4,DAMPIER_202009_DNE,1,January,50.6,19.4,28.2
2020-01-03T17:00:00Z,5.929,-9999,-9999,Broome,-35996.4,DAMPIER_202009_DNE,1,January,50.6,19.4,28.2
2020-01-03T18:00:00Z,6.488,-9999,-9999,Broome,-35996.4,DAMPIER_202009_DNE,1,January,50.6,19.4,28.2
2020-01-03T19:00:00Z,6.875,-9999,-9999,Broome,-35996.4,DAMPIER_202009_DNE,1,January,50.6,19.4,28.2
2020-01-03T20:00:00Z,6.88,-9999,-9999,Broome,-35996.4,DAMPIER_202009_DNE,1,January,50.6,19.4,28.2
2020-01-03T21:00:00Z,6.467,-9999,-9999,Broome,-35996.4,DAMPIER_202009_DNE,1,January,50.6,19.4,28.2
2020-01-03T22:00:00Z,5.848,-9999,-9999,Broome,-35996.4,DAMPIER_202009_DNE,1,January,50.6,19.4,28.2
2020-01-03T23:00:00Z,5.181,-9999,-9999,Broome,-35996.4,DAMPIER_202009_DNE,1,January,50.6,19.4,28.2
2020-01-04T00:00:00Z,4.577,-9999,-9999,Broome,-35996.4,DAMPIER_202009_DNE,1,January,50.6,19.4,28.2
2020-01-04T01:00:00Z,4.189,-9999,-9999,Broome,-35996.4,DAMPIER_202009_DNE,1,January,50.6,19.4,28.2
2020-01-04T02:00:00Z,4.115,-9999,-9999,Broome,-35996.4,DAMPIER_202009_DNE,1,January,50.6,19.4,28.2
2020-01-04T03:00:00Z,4.357,-9999,-9999,Broome,-35996.4,DAMPIER_202009_DNE,1,January,50.6,19.4,28.2
2020-01-04T04:00:00Z,4.881,-9999,-9999,Broome,-35996.4,DAMPIER_202009_DNE,1,January,50.6,19.4,28.2
2020-01-04T05:00:00Z,5.559,-9999,-9999,Broome,-35996.4,DAMPIER_202009_DNE,1,January,50.6,19.4,28.2
2020-01-04T06:00:00Z,6.196,-9999,-9999,Broome,-35996.4,DAMPIER_202009_DNE,1,January,50.6,19.4,28.2
2020-01-04T07:00:00Z,6.751,-9999,-9999,Broome,-35996.4,DAMPIER_202009_DNE,1,January,50.6,19.4,28.2
2020-01-04T08:00:00Z,7.118,-9999,-9999,Broome,-35996.4,DAMPIER_202009_DNE,1,January,50.6,19.4,28.2
2020-01-04T09:00:00Z,7.044,-9999,-9999,Broome,-35996.4,DAMPIER_202009_DNE,1,January,50.6,19.4,28.2
2020-01-04T10:00:00Z,6.526,-9999,-9999,Broome,-35996.4,DAMPIER_202009_DNE,1,January,50.6,19.4,28.2
2020-01-04T11:00:00Z,5.913,-9999,-9999,Broome,-35996.4,DAMPIER_202009_DNE,1,January,50.6,19.4,28.2
2020-01-04T12:00:00Z,5.395,-9999,-9999,Broome,-35996.4,DAMPIER_202009_DNE,1,January,50.6,19.4,28.2
2020-01-04T13:00:00Z,4.921,-9999,-9999,Broome,-35996.4,DAMPIER_202009_DNE,1,January,50.6,19.4,28.2
2020-01-04T14:00:00Z,4.537,-9999,-9999,Broome,-35996.4,DAMPIER_202009_DNE,1,January,50.6,19.4,28.2
2020-01-04T15:00:00Z,4.479,-9999,-9999,Broome,-35996.4,DAMPIER_202009_DNE,1,January,50.6,19.4,28.2
2020-01-04T16:00:00Z,4.721,-9999,-9999,Broome,-35996.4,DAMPIER_202009_DNE,1,January,50.6,19.4,28.2
2020-01-04T17:00:00Z,5.083,-9999,-9999,Broome,-35996.4,DAMPIER_202009_DNE,1,January,50.6,19.4,28.2
2020-01-04T18:00:00Z,5.472,-9999,-9999,Broome,-35996.4,DAMPIER_202009_DNE,1,January,50.6,19.4,28.2
2020-01-04T19:00:00Z,5.8,-9999,-9999,Broome,-35996.4,DAMPIER_202009_DNE,1,January,50.6,19.4,28.2
2020-01-04T20:00:00Z,6.13,-9999,-9999,Broome,-35996.4,DAMPIER_202009_DNE,1,January,50.6,19.4,28.2
2020-01-04T21:00:00Z,6.244,-9999,-9999,Broome,-35996.4,DAMPIER_202009_DNE,1,January,50.6,19.4,28.2
2020-01-04T22:00:00Z,6.123,-9999,-9999,Broome,-35996.4,DAMPIER_202009_DNE,1,January,50.6,19.4,28.2
2020-01-04T23:00:00Z,5.634,-9999,-9999,Broome,-35996.4,DAMPIER_202009_DNE,1,January,50.6,19.4,28.2
2020-01-05T00:00:00Z,-9999,-9999,-9999,Broome,-35996.4,DAMPIER_202009_DNE,1,January,50.6,19.4,28.2
2020-01-05T01:00:00Z,-9999,-9999,-9999,Broome,-35996.4,DAMPIER_202009_DNE,1,January,50.6,19.4,28.2
2020-01-05T02:00:00Z,-9999,-9999,-9999,Broome,-35996.4,DAMPIER_202009_DNE,1,January,50.6,19.4,28.2
2020-01-05T03:00:00Z,-9999,-9999,-9999,Broome,-35996.4,DAMPIER_202009_DNE,1,January,50.6,19.4,28.2
2020-01-05T04:00:00Z,-9999,-9999,-9999,Broome,-35996.4,DAMPIER_202009_DNE,1,January,50.6,19.4,28.2
2020-01-05T05:00:00Z,-9999,-9999,-9999,Broome,-35996.4,DAMPIER_202009_DNE,1,January,50.6,19.4,28.2
2020-01-05T06:00:00Z,-9999,-9999,-9999,Broome,-35996.4,DAMPIER_202009_DNE,1,January,50.6,19.4,28.2
2020-01-05T07:00:00Z,-9999,-9999,-9999,Broome,-35996.4,DAMPIER_202009_DNE,1,January,50.6,19.4,28.2
2020-01-05T08:00:00Z,-9999,-9999,-9999,Broome,-35996.4,DAMPIER_202009_DNE,1,January,50.6,19.4,28.2
2020-01-05T09:00:00Z,-9999,-9999,-9999,Broome,-35996.4,DAMPIER_202009_DNE,1,January,50.6,19.4,28.2
2020-01-05T10:00:00Z,-9999,-9999,-9999,Broome,-35996.4,DAMPIER_202009_DNE,1,January,50.6,19.4,28.2
2020-01-05T11:00:00Z,-9999,-9999,-9999,Broome,-35996.4,DAMPIER_202009_DNE,1,January,50.6,19.4,28.2
2020-01-05T12:00:00Z,-9999,-9999,-9999,Broome,-35996.4,DAMPIER_202009_DNE,1,January,50.6,19.4,28.2
2020-01-05T13:00:00Z,-9999,-9999,-9999,Broome,-35996.4,DAMPIER_202009_DNE,1,January,50.6,19.4,28.2
2020-01-05T14:00:00Z,-9999,-9999,-9999,Broome,-35996.4,DAMPIER_202009_DNE,1,January,50.6,19.4,28.2
2020-01-05T15:00:00Z,-9999,-9999,-9999,Broome,-35996.4,DAMPIER_202009_DNE,1,January,50.6,19.4,28.2
2020-01-05T16:00:00Z,-9999,-9999,-9999,Broome,-35996.4,DAMPIER_202009_DNE,1,January,50.6,19.4,28.2
2020-01-05T17:00:00Z,-9999,-9999,-9999,Broome,-35996.4,DAMPIER_202009_DNE,1,January,50.6,19.4,28.2
2020-01-05T18:00:00Z,-9999,-9999,-9999,Broome,-35996.4,DAMPIER_202009_DNE,1,January,50.6,19.4,28.2
2020-01-05T19:00:00Z,-9999,-9999,-9999,Broome,-35996.4,DAMPIER_202009_DNE,1,January,50.6,19.4,28.2
2020-01-05T20:00:00Z,-9999,-9999,-9999,Broome,-35996.4,DAMPIER_202009_DNE,1,January,50.6,19.4,28.2
2020-01-05T21:00:00Z,-9999,-9999,-9999,Broome,-35996.4,DAMPIER_202009_DNE,1,January,50.6,19.4,28.2
2020-01-05T22:00:00Z,-9999,-9999,-9999,Broome,-35996.4,DAMPIER_202009_DNE,1,January,50.6,19.4,28.2
2020-01-05T23:00:00Z,-9999,-9999,-9999,Broome,-35996.4,DAMPIER_202009_DNE,1,January,50.6,19.4,28.2
2020-01-06T00:00:00Z,-9999,-9999,-9999,Broome,-35996.4,DAMPIER_202009_DNE,1,January,50.6,19.4,28.2
2020-01-06T01:00:00Z,-9999,-9999,-9999,Broome,-35996.4,DAMPIER_202009_DNE,1,January,50.6,19.4,28.2
2020-01-06T02:00:00Z,-9999,-9999,-9999,Broome,-35996.4,DAMPIER_202009_DNE,1,January,50.6,19.4,28.2
2020-01-06T03:00:00Z,-9999,-9999,-9999,Broome,-35996.4,DAMPIER_202009_DNE,1,January,50.6,19.4,28.2
2020-01-06T04:00:00Z,-9999,-9999,-9999,Broome,-35996.4,DAMPIER_202009_DNE,1,January,50.6,19.4,28.2
2020-01-06T05:00:00Z,-9999,-9999,-9999,Broome,-35996.4,DAMPIER_202009_DNE,1,January,50.6,19.4,28.2
2020-01-06T06:00:00Z,-9999,-9999,-9999,Broome,-35996.4,DAMPIER_202009_DNE,1,January,50.6,19.4,28.2
2020-01-06T07:00:00Z,-9999,-9999,-9999,Broome,-35996.4,DAMPIER_202009_DNE,1,January,50.6,19.4,28.2
2020-01-06T08:00:00Z,-9999,-9999,-9999,Broome,-35996.4,DAMPIER_202009_DNE,1,January,50.6,19.4,28.2
2020-01-06T09:00:00Z,-9999,-9999,-9999,Broome,-35996.4,DAMPIER_202009_DNE,1,January,50.6,19.4,28.2
2020-01-06T10:00:00Z,-9999,-9999,-9999,Broome,-35996.4,DAMPIER_202009_DNE,1,January,50.6,19.4,28.2
2020-01-06T11:00:00Z,-9999,-9999,-9999,Broome,-35996.4,DAMPIER_202009_DNE,1,January,50.6,19.4,28.2
2020-01-06T12:00:00Z,-9999,-9999,-9999,Broome,-35996.4,DAMPIER_202009_DNE,1,January,50.6,19.4,28.2
2020-01-06T13:00:00Z,-9999,-9999,-9999,Broome,-35996.4,DAMPIER_202009_DNE,1,January,50.6,19.4,28.2
2020-01-06T14:00:00Z,-9999,-9999,-9999,Broome,-35996.4,DAMPIER_202009_DNE,1,January,50.6,19.4,28.2
2020-01-06T15:00:00Z,-9999,-9999,-9999,Broome,-35996.4,DAMPIER_202009_DNE,1,January,50.6,19.4,28.2
2020-01-06T16:00:00Z,-9999,-9999,-9999,Broome,-35996.4,DAMPIER_202009_DNE,1,January,50.6,19.4,28.2
2020-01-06T17:00:00Z,-9999,-9999,-9999,Broome,-35996.4,DAMPIER_202009_DNE,1,January,50.6,19.4,28.2
2020-01-06T18:00:00Z,-9999,-9999,-9999,Broome,-35996.4,DAMPIER_202009_DNE,1,January,50.6,19.4,28.2
2020-01-06T19:00:00Z,-9999,-9999,-9999,Broome,-35996.4,DAMPIER_202009_DNE,1,January,50.6,19.4,28.2
2020-01-06T20:00:00Z,-9999,-9999,-9999,Broome,-35996.4,DAMPIER_202009_DNE,1,January,50.6,19.4,28.2
2020-01-06T21:00:00Z,-9999,-9999,-9999,Broome,-35996.4,DAMPIER_202009_DNE,1,January,50.6,19.4,28.2
2020-01-06T22:00:00Z,5.93,-9999,-9999,Broome,-35996.4,DAMPIER_202009_DNE,1,January,50.6,19.4,28.2
2020-01-06T23:00:00Z,6.437,-9999,-9999,Broome,-35996.4,DAMPIER_202009_DNE,1,January,50.6,19.4,28.2
2020-01-07T00:00:00Z,6.635,-9999,-9999,Broome,-35996.4,DAMPIER_202009_DNE,1,January,50.6,19.4,28.2
2020-01-07T01:00:00Z,6.606,-9999,-9999,Broome,-35996.4,DAMPIER_202009_DNE,1,January,50.6,19.4,28.2
2020-01-07T02:00:00Z,6.228,-9999,-9999,Broome,-35996.4,DAMPIER_202009_DNE,1,January,50.6,19.4,28.2
2020-01-07T03:00:00Z,5.709,-9999,-9999,Broome,-35996.4,DAMPIER_202009_DNE,1,January,50.6,19.4,28.2
2020-01-07T04:00:00Z,5.199,-9999,-9999,Broome,-35996.4,DAMPIER_202009_DNE,1,January,50.6,19.4,28.2
2020-01-07T05:00:00Z,4.78,-9999,-9999,Broome,-35996.4,DAMPIER_202009_DNE,1,January,50.6,19.4,28.2
2020-01-07T06:00:00Z,4.569,-9999,-9999,Broome,-35996.4,DAMPIER_202009_DNE,1,January,50.6,19.4,28.2
2020-01-07T07:00:00Z,4.684,-9999,-9999,Broome,-35996.4,DAMPIER_202009_DNE,1,January,50.6,19.4,28.2
2020-01-07T08:00:00Z,5.154,-9999,-9999,Broome,-35996.4,DAMPIER_202009_DNE,1,January,50.6,19.4,28.2
2020-01-07T09:00:00Z,5.863,-9999,-9999,Broome,-35996.4,DAMPIER_202009_DNE,1,January,50.6,19.4,28.2
2020-01-07T10:00:00Z,6.576,-9999,-9999,Broome,-35996.4,DAMPIER_202009_DNE,1,January,50.6,19.4,28.2
2020-01-07T11:00:00Z,7.113,-9999,-9999,Broome,-35996.4,DAMPIER_202009_DNE,1,January,50.6,19.4,28.2
2020-01-07T12:00:00Z,7.434,-9999,-9999,Broome,-35996.4,DAMPIER_202009_DNE,1,January,50.6,19.4,28.2
2020-01-07T13:00:00Z,7.397,-9999,-9999,Broome,-35996.4,DAMPIER_202009_DNE,1,January,50.6,19.4,28.2
2020-01-07T14:00:00Z,6.964,-9999,-9999,Broome,-35996.4,DAMPIER_202009_DNE,1,January,50.6,19.4,28.2
2020-01-07T15:00:00Z,6.268,-9999,-9999,Broome,-35996.4,DAMPIER_202009_DNE,1,January,50.6,19.4,28.2
2020-01-07T16:00:00Z,5.468,-9999,-9999,Broome,-35996.4,DAMPIER_202009_DNE,1,January,50.6,19.4,28.2
2020-01-07T17:00:00Z,4.688,-9999,-9999,Broome,-35996.4,DAMPIER_202009_DNE,1,January,50.6,19.4,28.2
2020-01-07T18:00:00Z,4.029,-9999,-9999,Broome,-35996.4,DAMPIER_202009_DNE,1,January,50.6,19.4,28.2
2020-01-07T19:00:00Z,3.741,-9999,-9999,Broome,-35996.4,DAMPIER_202009_DNE,1,January,50.6,19.4,28.2
2020-01-07T20:00:00Z,3.903,-9999,-9999,Broome,-35996.4,DAMPIER_202009_DNE,1,January,50.6,19.4,28.2
2020-01-07T21:00:00Z,4.488,-9999,-9999,Broome,-35996.4,DAMPIER_202009_DNE,1,January,50.6,19.4,28.2
2020-01-07T22:00:00Z,5.38,-9999,-9999,Broome,-35996.4,DAMPIER_202009_DNE,1,January,50.6,19.4,28.2
2020-01-07T23:00:00Z,6.239,-9999,-9999,Broome,-35996.4,DAMPIER_202009_DNE,1,January,50.6,19.4,28.2
2020-01-08T00:00:00Z,6.843,-9999,-9999,Broome,-35996.4,DAMPIER_202009_DNE,1,January,50.6,19.4,28.2
2020-01-08T01:00:00Z,7.238,-9999,-9999,Broome,-35996.4,DAMPIER_202009_DNE,1,January,50.6,19.4,28.2
2020-01-08T02:00:00Z,7.128,-9999,-9999,Broome,-35996.4,DAMPIER_202009_DNE,1,January,50.6,19.4,28.2
2020-01-08T03:00:00Z,6.438,-9999,-9999,Broome,-35996.4,DAMPIER_202009_DNE,1,January,50.6,19.4,28.2
2020-01-08T04:00:00Z,5.653,-9999,-9999,Broome,-35996.4,DAMPIER_202009_DNE,1,January,50.6,19.4,28.2
2020-01-08T05:00:00Z,4.918,-9999,-9999,Broome,-35996.4,DAMPIER_202009_DNE,1,January,50.6,19.4,28.2
2020-01-08T06:00:00Z,4.319,-9999,-9999,Broome,-35996.4,DAMPIER_202009_DNE,1,January,50.6,19.4,28.2
2020-01-08T07:00:00Z,4.061,-9999,-9999,Broome,-35996.4,DAMPIER_202009_DNE,1,January,50.6,19.4,28.2
2020-01-08T08:00:00Z,4.228,-9999,-9999,Broome,-35996.4,DAMPIER_202009_DNE,1,January,50.6,19.4,28.2
2020-01-08T09:00:00Z,4.845,-9999,-9999,Broome,-35996.4,DAMPIER_202009_DNE,1,January,50.6,19.4,28.2
2020-01-08T10:00:00Z,5.801,-9999,-9999,Broome,-35996.4,DAMPIER_202009_DNE,1,January,50.6,19.4,28.2
2020-01-08T11:00:00Z,6.778,-9999,-9999,Broome,-35996.4,DAMPIER_202009_DNE,1,January,50.6,19.4,28.2
2020-01-08T12:00:00Z,7.506,-9999,-9999,Broome,-35996.4,DAMPIER_202009_DNE,1,January,50.6,19.4,28.2
2020-01-08T13:00:00Z,7.878,-9999,-9999,Broome,-35996.4,DAMPIER_202009_DNE,1,January,50.6,19.4,28.2
2020-01-08T14:00:00Z,7.781,-9999,-9999,Broome,-35996.4,DAMPIER_202009_DNE,1,January,50.6,19.4,28.2
2020-01-08T15:00:00Z,7.1,-9999,-9999,Broome,-35996.4,DAMPIER_202009_DNE,1,January,50.6,19.4,28.2
2020-01-08T16:00:00Z,6.075,-9999,-9999,Broome,-35996.4,DAMPIER_202009_DNE,1,January,50.6,19.4,28.2
2020-01-08T17:00:00Z,5.01,-9999,-9999,Broome,-35996.4,DAMPIER_202009_DNE,1,January,50.6,19.4,28.2
2020-01-08T18:00:00Z,3.992,-9999,-9999,Broome,-35996.4,DAMPIER_202009_DNE,1,January,50.6,19.4,28.2
2020-01-08T19:00:00Z,3.201,-9999,-9999,Broome,-35996.4,DAMPIER_202009_DNE,1,January,50.6,19.4,28.2
2020-01-08T20:00:00Z,2.934,-9999,-9999,Broome,-35996.4,DAMPIER_202009_DNE,1,January,50.6,19.4,28.2
2020-01-08T21:00:00Z,3.422,-9999,-9999,Broome,-35996.4,DAMPIER_202009_DNE,1,January,50.6,19.4,28.2
2020-01-08T22:00:00Z,4.379,-9999,-9999,Broome,-35996.4,DAMPIER_202009_DNE,1,January,50.6,19.4,28.2
2020-01-08T23:00:00Z,5.47,-9999,-9999,Broome,-35996.4,DAMPIER_202009_DNE,1,January,50.6,19.4,28.2
2020-01-09T00:00:00Z,6.536,-9999,-9999,Broome,-35996.4,DAMPIER_202009_DNE,1,January,50.6,19.4,28.2
2020-01-09T01:00:00Z,7.394,-9999,-9999,Broome,-35996.4,DAMPIER_202009_DNE,1,January,50.6,19.4,28.2
2020-01-09T02:00:00Z,7.724,-9999,-9999,Broome,-35996.4,DAMPIER_202009_DNE,1,January,50.6,19.4,28.2
2020-01-09T03:00:00Z,7.326,-9999,-9999,Broome,-35996.4,DAMPIER_202009_DNE,1,January,50.6,19.4,28.2
2020-01-09T04:00:00Z,6.437,-9999,-9999,Broome,-35996.4,DAMPIER_202009_DNE,1,January,50.6,19.4,28.2
2020-01-09T05:00:00Z,5.443,-9999,-9999,Broome,-35996.4,DAMPIER_202009_DNE,1,January,50.6,19.4,28.2
2020-01-09T06:00:00Z,4.492,-9999,-9999,Broome,-35996.4,DAMPIER_202009_DNE,1,January,50.6,19.4,28.2
2020-01-09T07:00:00Z,3.739,-9999,-9999,Broome,-35996.4,DAMPIER_202009_DNE,1,January,50.6,19.4,28.2
2020-01-09T08:00:00Z,3.45,-9999,-9999,Broome,-35996.4,DAMPIER_202009_DNE,1,January,50.6,19.4,28.2
2020-01-09T09:00:00Z,3.845,-9999,-9999,Broome,-35996.4,DAMPIER_202009_DNE,1,January,50.6,19.4,28.2
2020-01-09T10:00:00Z,4.833,-9999,-9999,Broome,-35996.4,DAMPIER_202009_DNE,1,January,50.6,19.4,28.2
2020-01-09T11:00:00Z,6.051,-9999,-9999,Broome,-35996.4,DAMPIER_202009_DNE,1,January,50.6,19.4,28.2
2020-01-09T12:00:00Z,7.215,-9999,-9999,Broome,-35996.4,DAMPIER_202009_DNE,1,January,50.6,19.4,28.2
2020-01-09T13:00:00Z,8.09,-9999,-9999,Broome,-35996.4,DAMPIER_202009_DNE,1,January,50.6,19.4,28.2
2020-01-09T14:00:00Z,8.442,-9999,-9999,Broome,-35996.4,DAMPIER_202009_DNE,1,January,50.6,19.4,28.2
2020-01-09T15:00:00Z,8.047,-9999,-9999,Broome,-35996.4,DAMPIER_202009_DNE,1,January,50.6,19.4,28.2
2020-01-09T16:00:00Z,7.003,-9999,-9999,Broome,-35996.4,DAMPIER_202009_DNE,1,January,50.6,19.4,28.2
2020-01-09T17:00:00Z,5.73,-9999,-9999,Broome,-35996.4,DAMPIER_202009_DNE,1,January,50.6,19.4,28.2
2020-01-09T18:00:00Z,4.388,-9999,-9999,Broome,-35996.4,DAMPIER_202009_DNE,1,January,50.6,19.4,28.2
2020-01-09T19:00:00Z,3.188,-9999,-9999,Broome,-35996.4,DAMPIER_202009_DNE,1,January,50.6,19.4,28.2
2020-01-09T20:00:00Z,2.379,-9999,-9999,Broome,-35996.4,DAMPIER_202009_DNE,1,January,50.6,19.4,28.2
2020-01-09T21:00:00Z,2.359,-9999,-9999,Broome,-35996.4,DAMPIER_202009_DNE,1,January,50.6,19.4,28.2
2020-01-09T22:00:00Z,3.231,-9999,-9999,Broome,-35996.4,DAMPIER_202009_DNE,1,January,50.6,19.4,28.2
2020-01-09T23:00:00Z,4.483,-9999,-9999,Broome,-35996.4,DAMPIER_202009_DNE,1,January,50.6,19.4,28.2
2020-01-10T00:00:00Z,5.826,-9999,-9999,Broome,-35996.4,DAMPIER_202009_DNE,1,January,50.6,19.4,28.2
2020-01-10T01:00:00Z,7.095,-9999,-9999,Broome,-35996.4,DAMPIER_202009_DNE,1,January,50.6,19.4,28.2
2020-01-10T02:00:00Z,8.032,-9999,-9999,Broome,-35996.4,DAMPIER_202009_DNE,1,January,50.6,19.4,28.2
2020-01-10T03:00:00Z,8.162,-9999,-9999,Broome,-35996.4,DAMPIER_202009_DNE,1,January,50.6,19.4,28.2
2020-01-10T04:00:00Z,7.363,-9999,-9999,Broome,-35996.4,DAMPIER_202009_DNE,1,January,50.6,19.4,28.2
2020-01-10T05:00:00Z,6.231,-9999,-9999,Broome,-35996.4,DAMPIER_202009_DNE,1,January,50.6,19.4,28.2
2020-01-10T06:00:00Z,5.071,-9999,-9999,Broome,-35996.4,DAMPIER_202009_DNE,1,January,50.6,19.4,28.2
2020-01-10T07:00:00Z,3.929,-9999,-9999,Broome,-35996.4,DAMPIER_202009_DNE,1,January,50.6,19.4,28.2
2020-01-10T08:00:00Z,3.06,-9999,-9999,Broome,-35996.4,DAMPIER_202009_DNE,1,January,50.6,19.4,28.2
2020-01-10T09:00:00Z,2.91,-9999,-9999,Broome,-35996.4,DAMPIER_202009_DNE,1,January,50.6,19.4,28.2
2020-01-10T10:00:00Z,3.721,-9999,-9999,Broome,-35996.4,DAMPIER_202009_DNE,1,January,50.6,19.4,28.2
2020-01-10T11:00:00Z,5.066,-9999,-9999,Broome,-35996.4,DAMPIER_202009_DNE,1,January,50.6,19.4,28.2
2020-01-10T12:00:00Z,6.533,-9999,-9999,Broome,-35996.4,DAMPIER_202009_DNE,1,January,50.6,19.4,28.2
2020-01-10T13:00:00Z,7.873,-9999,-9999,Broome,-35996.4,DAMPIER_202009_DNE,1,January,50.6,19.4,28.2
2020-01-10T14:00:00Z,8.782,-9999,-9999,Broome,-35996.4,DAMPIER_202009_DNE,1,January,50.6,19.4,28.2
2020-01-10T15:00:00Z,8.913,-9999,-9999,Broome,-35996.4,DAMPIER_202009_DNE,1,January,50.6,19.4,28.2
2020-01-10T16:00:00Z,8.085,-9999,-9999,Broome,-35996.4,DAMPIER_202009_DNE,1,January,50.6,19.4,28.2
2020-01-10T17:00:00Z,6.74,-9999,-9999,Broome,-35996.4,DAMPIER_202009_DNE,1,January,50.6,19.4,28.2
2020-01-10T18:00:00Z,5.246,-9999,-9999,Broome,-35996.4,DAMPIER_202009_DNE,1,January,50.6,19.4,28.2
2020-01-10T19:00:00Z,3.713,-9999,-9999,Broome,-35996.4,DAMPIER_202009_DNE,1,January,50.6,19.4,28.2
2020-01-10T20:00:00Z,2.405,-9999,-9999,Broome,-35996.4,DAMPIER_202009_DNE,1,January,50.6,19.4,28.2
2020-01-10T21:00:00Z,1.694,-9999,-9999,Broome,-35996.4,DAMPIER_202009_DNE,1,January,50.6,19.4,28.2
2020-01-10T22:00:00Z,2.111,-9999,-9999,Broome,-35996.4,DAMPIER_202009_DNE,1,January,50.6,19.4,28.2
2020-01-10T23:00:00Z,3.388,-9999,-9999,Broome,-35996.4,DAMPIER_202009_DNE,1,January,50.6,19.4,28.2
2020-01-11T00:00:00Z,4.891,-9999,-9999,Broome,-35996.4,DAMPIER_202009_DNE,1,January,50.6,19.4,28.2
2020-01-11T01:00:00Z,6.439,-9999,-9999,Broome,-35996.4,DAMPIER_202009_DNE,1,January,50.6,19.4,28.2
2020-01-11T02:00:00Z,7.805,-9999,-9999,Broome,-35996.4,DAMPIER_202009_DNE,1,January,50.6,19.4,28.2
2020-01-11T03:00:00Z,8.561,-9999,-9999,Broome,-35996.4,DAMPIER_202009_DNE,1,January,50.6,19.4,28.2
2020-01-11T04:00:00Z,8.255,-9999,-9999,Broome,-35996.4,DAMPIER_202009_DNE,1,January,50.6,19.4,28.2
2020-01-11T05:00:00Z,7.169,-9999,-9999,Broome,-35996.4,DAMPIER_202009_DNE,1,January,50.6,19.4,28.2
2020-01-11T06:00:00Z,5.869,-9999,-9999,Broome,-35996.4,DAMPIER_202009_DNE,1,January,50.6,19.4,28.2
2020-01-11T07:00:00Z,4.506,-9999,-9999,Broome,-35996.4,DAMPIER_202009_DNE,1,January,50.6,19.4,28.2
2020-01-11T08:00:00Z,3.242,-9999,-9999,Broome,-35996.4,DAMPIER_202009_DNE,1,January,50.6,19.4,28.2
2020-01-11T09:00:00Z,2.438,-9999,-9999,Broome,-35996.4,DAMPIER_202009_DNE,1,January,50.6,19.4,28.2
2020-01-11T10:00:00Z,2.636,-9999,-9999,Broome,-35996.4,DAMPIER_202009_DNE,1,January,50.6,19.4,28.2
2020-01-11T11:00:00Z,3.817,-9999,-9999,Broome,-35996.4,DAMPIER_202009_DNE,1,January,50.6,19.4,28.2
2020-01-11T12:00:00Z,5.418,-9999,-9999,Broome,-35996.4,DAMPIER_202009_DNE,1,January,50.6,19.4,28.2
2020-01-11T13:00:00Z,7.058,-9999,-9999,Broome,-35996.4,DAMPIER_202009_DNE,1,January,50.6,19.4,28.2
2020-01-11T14:00:00Z,8.467,-9999,-9999,Broome,-35996.4,DAMPIER_202009_DNE,1,January,50.6,19.4,28.2
2020-01-11T15:00:00Z,9.281,-9999,-9999,Broome,-35996.4,DAMPIER_202009_DNE,1,January,50.6,19.4,28.2
2020-01-11T16:00:00Z,8.904,-9999,-9999,Broome,-35996.4,DAMPIER_202009_DNE,1,January,50.6,19.4,28.2
2020-01-11T17:00:00Z,7.682,-9999,-9999,Broome,-35996.4,DAMPIER_202009_DNE,1,January,50.6,19.4,28.2
2020-01-11T18:00:00Z,6.238,-9999,-9999,Broome,-35996.4,DAMPIER_202009_DNE,1,January,50.6,19.4,28.2
2020-01-11T19:00:00Z,4.654,-9999,-9999,Broome,-35996.4,DAMPIER_202009_DNE,1,January,50.6,19.4,28.2
2020-01-11T20:00:00Z,3.069,-9999,-9999,Broome,-35996.4,DAMPIER_202009_DNE,1,January,50.6,19.4,28.2
2020-01-11T21:00:00Z,1.723,-9999,-9999,Broome,-35996.4,DAMPIER_202009_DNE,1,January,50.6,19.4,28.2
2020-01-11T22:00:00Z,1.257,-9999,-9999,Broome,-35996.4,DAMPIER_202009_DNE,1,January,50.6,19.4,28.2
2020-01-11T23:00:00Z,2.165,-9999,-9999,Broome,-35996.4,DAMPIER_202009_DNE,1,January,50.6,19.4,28.2
2020-01-12T00:00:00Z,3.759,-9999,-9999,Broome,-35996.4,DAMPIER_202009_DNE,1,January,50.6,19.4,28.2
2020-01-12T01:00:00Z,5.467,-9999,-9999,Broome,-35996.4,DAMPIER_202009_DNE,1,January,50.6,19.4,28.2
2020-01-12T02:00:00Z,7.162,-9999,-9999,Broome,-35996.4,DAMPIER_202009_DNE,1,January,50.6,19.4,28.2
2020-01-12T03:00:00Z,8.52,-9999,-9999,Broome,-35996.4,DAMPIER_202009_DNE,1,January,50.6,19.4,28.2
2020-01-12T04:00:00Z,8.896,-9999,-9999,Broome,-35996.4,DAMPIER_202009_DNE,1,January,50.6,19.4,28.2
2020-01-12T05:00:00Z,8.102,-9999,-9999,Broome,-35996.4,DAMPIER_202009_DNE,1,January,50.6,19.4,28.2
2020-01-12T06:00:00Z,6.811,-9999,-9999,Broome,-35996.4,DAMPIER_202009_DNE,1,January,50.6,19.4,28.2
2020-01-12T07:00:00Z,5.402,-9999,-9999,Broome,-35996.4,DAMPIER_202009_DNE,1,January,50.6,19.4,28.2
2020-01-12T08:00:00Z,3.935,-9999,-9999,Broome,-35996.4,DAMPIER_202009_DNE,1,January,50.6,19.4,28.2
2020-01-12T09:00:00Z,2.646,-9999,-9999,Broome,-35996.4,DAMPIER_202009_DNE,1,January,50.6,19.4,28.2
2020-01-12T10:00:00Z,2.005,-9999,-9999,Broome,-35996.4,DAMPIER_202009_DNE,1,January,50.6,19.4,28.2
2020-01-12T11:00:00Z,2.633,-9999,-9999,Broome,-35996.4,DAMPIER_202009_DNE,1,January,50.6,19.4,28.2
2020-01-12T12:00:00Z,4.23,-9999,-9999,Broome,-35996.4,DAMPIER_202009_DNE,1,January,50.6,19.4,28.2
2020-01-12T13:00:00Z,6.049,-9999,-9999,Broome,-35996.4,DAMPIER_202009_DNE,1,January,50.6,19.4,28.2
2020-01-12T14:00:00Z,7.816,-9999,-9999,Broome,-35996.4,DAMPIER_202009_DNE,1,January,50.6,19.4,28.2
2020-01-12T15:00:00Z,9.216,-9999,-9999,Broome,-35996.4,DAMPIER_202009_DNE,1,January,50.6,19.4,28.2
2020-01-12T16:00:00Z,9.642,-9999,-9999,Broome,-35996.4,DAMPIER_202009_DNE,1,January,50.6,19.4,28.2
2020-01-12T17:00:00Z,8.767,-9999,-9999,Broome,-35996.4,DAMPIER_202009_DNE,1,January,50.6,19.4,28.2
2020-01-12T18:00:00Z,7.291,-9999,-9999,Broome,-35996.4,DAMPIER_202009_DNE,1,January,50.6,19.4,28.2
2020-01-12T19:00:00Z,5.742,-9999,-9999,Broome,-35996.4,DAMPIER_202009_DNE,1,January,50.6,19.4,28.2
2020-01-12T20:00:00Z,4.089,-9999,-9999,Broome,-35996.4,DAMPIER_202009_DNE,1,January,50.6,19.4,28.2
2020-01-12T21:00:00Z,2.526,-9999,-9999,Broome,-35996.4,DAMPIER_202009_DNE,1,January,50.6,19.4,28.2
2020-01-12T22:00:00Z,1.364,-9999,-9999,Broome,-35996.4,DAMPIER_202009_DNE,1,January,50.6,19.4,28.2
2020-01-12T23:00:00Z,1.417,-9999,-9999,Broome,-35996.4,DAMPIER_202009_DNE,1,January,50.6,19.4,28.2
2020-01-13T00:00:00Z,2.756,-9999,-9999,Broome,-35996.4,DAMPIER_202009_DNE,1,January,50.6,19.4,28.2
2020-01-13T01:00:00Z,4.507,-9999,-9999,Broome,-35996.4,DAMPIER_202009_DNE,1,January,50.6,19.4,28.2
2020-01-13T02:00:00Z,6.364,-9999,-9999,Broome,-35996.4,DAMPIER_202009_DNE,1,January,50.6,19.4,28.2
2020-01-13T03:00:00Z,8.109,-9999,-9999,Broome,-35996.4,DAMPIER_202009_DNE,1,January,50.6,19.4,28.2
2020-01-13T04:00:00Z,9.214,-9999,-9999,Broome,-35996.4,DAMPIER_202009_DNE,1,January,50.6,19.4,28.2
2020-01-13T05:00:00Z,9.088,-9999,-9999,Broome,-35996.4,DAMPIER_202009_DNE,1,January,50.6,19.4,28.2
2020-01-13T06:00:00Z,7.935,-9999,-9999,Broome,-35996.4,DAMPIER_202009_DNE,1,January,50.6,19.4,28.2
2020-01-13T07:00:00Z,6.509,-9999,-9999,Broome,-35996.4,DAMPIER_202009_DNE,1,January,50.6,19.4,28.2
2020-01-13T08:00:00Z,4.994,-9999,-9999,Broome,-35996.4,DAMPIER_202009_DNE,1,January,50.6,19.4,28.2
2020-01-13T09:00:00Z,3.48,-9999,-9999,Broome,-35996.4,DAMPIER_202009_DNE,1,January,50.6,19.4,28.2
2020-01-13T10:00:00Z,2.279,-9999,-9999,Broome,-35996.4,DAMPIER_202009_DNE,1,January,50.6,19.4,28.2
2020-01-13T11:00:00Z,2.028,-9999,-9999,Broome,-35996.4,DAMPIER_202009_DNE,1,January,50.6,19.4,28.2
2020-01-13T12:00:00Z,3.149,-9999,-9999,Broome,-35996.4,DAMPIER_202009_DNE,1,January,50.6,19.4,28.2
2020-01-13T13:00:00Z,4.93,-9999,-9999,Broome,-35996.4,DAMPIER_202009_DNE,1,January,50.6,19.4,28.2
2020-01-13T14:00:00Z,6.829,-9999,-9999,Broome,-35996.4,DAMPIER_202009_DNE,1,January,50.6,19.4,28.2
2020-01-13T15:00:00Z,8.556,-9999,-9999,Broome,-35996.4,DAMPIER_202009_DNE,1,January,50.6,19.4,28.2
2020-01-13T16:00:00Z,9.577,-9999,-9999,Broome,-35996.4,DAMPIER_202009_DNE,1,January,50.6,19.4,28.2
2020-01-13T17:00:00Z,9.488,-9999,-9999,Broome,-35996.4,DAMPIER_202009_DNE,1,January,50.6,19.4,28.2
2020-01-13T18:00:00Z,8.344,-9999,-9999,Broome,-35996.4,DAMPIER_202009_DNE,1,January,50.6,19.4,28.2
2020-01-13T19:00:00Z,6.784,-9999,-9999,Broome,-35996.4,DAMPIER_202009_DNE,1,January,50.6,19.4,28.2
2020-01-13T20:00:00Z,5.154,-9999,-9999,Broome,-35996.4,DAMPIER_202009_DNE,1,January,50.6,19.4,28.2
2020-01-13T21:00:00Z,3.472,-9999,-9999,Broome,-35996.4,DAMPIER_202009_DNE,1,January,50.6,19.4,28.2
2020-01-13T22:00:00Z,2.011,-9999,-9999,Broome,-35996.4,DAMPIER_202009_DNE,1,January,50.6,19.4,28.2
2020-01-13T23:00:00Z,1.283,-9999,-9999,Broome,-35996.4,DAMPIER_202009_DNE,1,January,50.6,19.4,28.2
2020-01-14T00:00:00Z,1.883,-9999,-9999,Broome,-35996.4,DAMPIER_202009_DNE,1,January,50.6,19.4,28.2
2020-01-14T01:00:00Z,3.366,-9999,-9999,Broome,-35996.4,DAMPIER_202009_DNE,1,January,50.6,19.4,28.2
2020-01-14T02:00:00Z,5.094,-9999,-9999,Broome,-35996.4,DAMPIER_202009_DNE,1,January,50.6,19.4,28.2
2020-01-14T03:00:00Z,6.895,-9999,-9999,Broome,-35996.4,DAMPIER_202009_DNE,1,January,50.6,19.4,28.2
2020-01-14T04:00:00Z,8.48,-9999,-9999,Broome,-35996.4,DAMPIER_202009_DNE,1,January,50.6,19.4,28.2
2020-01-14T05:00:00Z,9.205,-9999,-9999,Broome,-35996.4,DAMPIER_202009_DNE,1,January,50.6,19.4,28.2
2020-01-14T06:00:00Z,8.641,-9999,-9999,Broome,-35996.4,DAMPIER_202009_DNE,1,January,50.6,19.4,28.2
2020-01-14T07:00:00Z,7.349,-9999,-9999,Broome,-35996.4,DAMPIER_202009_DNE,1,January,50.6,19.4,28.2
2020-01-14T08:00:00Z,5.894,-9999,-9999,Broome,-35996.4,DAMPIER_202009_DNE,1,January,50.6,19.4,28.2
2020-01-14T09:00:00Z,4.311,-9999,-9999,Broome,-35996.4,DAMPIER_202009_DNE,1,January,50.6,19.4,28.2
2020-01-14T10:00:00Z,2.834,-9999,-9999,Broome,-35996.4,DAMPIER_202009_DNE,1,January,50.6,19.4,28.2
2020-01-14T11:00:00Z,1.846,-9999,-9999,Broome,-35996.4,DAMPIER_202009_DNE,1,January,50.6,19.4,28.2
2020-01-14T12:00:00Z,2.07,-9999,-9999,Broome,-35996.4,DAMPIER_202009_DNE,1,January,50.6,19.4,28.2
2020-01-14T13:00:00Z,3.527,-9999,-9999,Broome,-35996.4,DAMPIER_202009_DNE,1,January,50.6,19.4,28.2
2020-01-14T14:00:00Z,5.396,-9999,-9999,Broome,-35996.4,DAMPIER_202009_DNE,1,January,50.6,19.4,28.2
2020-01-14T15:00:00Z,7.297,-9999,-9999,Broome,-35996.4,DAMPIER_202009_DNE,1,January,50.6,19.4,28.2
2020-01-14T16:00:00Z,8.838,-9999,-9999,Broome,-35996.4,DAMPIER_202009_DNE,1,January,50.6,19.4,28.2
2020-01-14T17:00:00Z,9.502,-9999,-9999,Broome,-35996.4,DAMPIER_202009_DNE,1,January,50.6,19.4,28.2
2020-01-14T18:00:00Z,8.998,-9999,-9999,Broome,-35996.4,DAMPIER_202009_DNE,1,January,50.6,19.4,28.2
2020-01-14T19:00:00Z,7.663,-9999,-9999,Broome,-35996.4,DAMPIER_202009_DNE,1,January,50.6,19.4,28.2
2020-01-14T20:00:00Z,6.124,-9999,-9999,Broome,-35996.4,DAMPIER_202009_DNE,1,January,50.6,19.4,28.2
2020-01-14T21:00:00Z,4.508,-9999,-9999,Broome,-35996.4,DAMPIER_202009_DNE,1,January,50.6,19.4,28.2
2020-01-14T22:00:00Z,2.973,-9999,-9999,Broome,-35996.4,DAMPIER_202009_DNE,1,January,50.6,19.4,28.2
2020-01-14T23:00:00Z,1.773,-9999,-9999,Broome,-35996.4,DAMPIER_202009_DNE,1,January,50.6,19.4,28.2
2020-01-15T00:00:00Z,1.484,-9999,-9999,Broome,-35996.4,DAMPIER_202009_DNE,1,January,50.6,19.4,28.2
2020-01-15T01:00:00Z,2.478,-9999,-9999,Broome,-35996.4,DAMPIER_202009_DNE,1,January,50.6,19.4,28.2
2020-01-15T02:00:00Z,4.078,-9999,-9999,Broome,-35996.4,DAMPIER_202009_DNE,1,January,50.6,19.4,28.2
2020-01-15T03:00:00Z,5.83,-9999,-9999,Broome,-35996.4,DAMPIER_202009_DNE,1,January,50.6,19.4,28.2
2020-01-15T04:00:00Z,7.549,-9999,-9999,Broome,-35996.4,DAMPIER_202009_DNE,1,January,50.6,19.4,28.2
2020-01-15T05:00:00Z,8.871,-9999,-9999,Broome,-35996.4,DAMPIER_202009_DNE,1,January,50.6,19.4,28.2
2020-01-15T06:00:00Z,9.156,-9999,-9999,Broome,-35996.4,DAMPIER_202009_DNE,1,January,50.6,19.4,28.2
2020-01-15T07:00:00Z,8.231,-9999,-9999,Broome,-35996.4,DAMPIER_202009_DNE,1,January,50.6,19.4,28.2
2020-01-15T08:00:00Z,6.854,-9999,-9999,Broome,-35996.4,DAMPIER_202009_DNE,1,January,50.6,19.4,28.2
2020-01-15T09:00:00Z,5.392,-9999,-9999,Broome,-35996.4,DAMPIER_202009_DNE,1,January,50.6,19.4,28.2
2020-01-15T10:00:00Z,3.862,-9999,-9999,Broome,-35996.4,DAMPIER_202009_DNE,1,January,50.6,19.4,28.2
2020-01-15T11:00:00Z,2.571,-9999,-9999,Broome,-35996.4,DAMPIER_202009_DNE,1,January,50.6,19.4,28.2
2020-01-15T12:00:00Z,2.003,-9999,-9999,Broome,-35996.4,DAMPIER_202009_DNE,1,January,50.6,19.4,28.2
2020-01-15T13:00:00Z,2.712,-9999,-9999,Broome,-35996.4,DAMPIER_202009_DNE,1,January,50.6,19.4,28.2
2020-01-15T14:00:00Z,4.227,-9999,-9999,Broome,-35996.4,DAMPIER_202009_DNE,1,January,50.6,19.4,28.2
2020-01-15T15:00:00Z,5.902,-9999,-9999,Broome,-35996.4,DAMPIER_202009_DNE,1,January,50.6,19.4,28.2
2020-01-15T16:00:00Z,7.556,-9999,-9999,Broome,-35996.4,DAMPIER_202009_DNE,1,January,50.6,19.4,28.2
2020-01-15T17:00:00Z,8.782,-9999,-9999,Broome,-35996.4,DAMPIER_202009_DNE,1,January,50.6,19.4,28.2
2020-01-15T18:00:00Z,9.073,-9999,-9999,Broome,-35996.4,DAMPIER_202009_DNE,1,January,50.6,19.4,28.2
2020-01-15T19:00:00Z,8.327,-9999,-9999,Broome,-35996.4,DAMPIER_202009_DNE,1,January,50.6,19.4,28.2
2020-01-15T20:00:00Z,6.966,-9999,-9999,Broome,-35996.4,DAMPIER_202009_DNE,1,January,50.6,19.4,28.2
2020-01-15T21:00:00Z,5.468,-9999,-9999,Broome,-35996.4,DAMPIER_202009_DNE,1,January,50.6,19.4,28.2
2020-01-15T22:00:00Z,3.961,-9999,-9999,Broome,-35996.4,DAMPIER_202009_DNE,1,January,50.6,19.4,28.2
2020-01-15T23:00:00Z,2.644,-9999,-9999,Broome,-35996.4,DAMPIER_202009_DNE,1,January,50.6,19.4,28.2
2020-01-16T00:00:00Z,1.847,-9999,-9999,Broome,-35996.4,DAMPIER_202009_DNE,1,January,50.6,19.4,28.2
2020-01-16T01:00:00Z,2.146,-9999,-9999,Broome,-35996.4,DAMPIER_202009_DNE,1,January,50.6,19.4,28.2
2020-01-16T02:00:00Z,3.369,-9999,-9999,Broome,-35996.4,DAMPIER_202009_DNE,1,January,50.6,19.4,28.2
2020-01-16T03:00:00Z,4.857,-9999,-9999,Broome,-35996.4,DAMPIER_202009_DNE,1,January,50.6,19.4,28.2
2020-01-16T04:00:00Z,6.41,-9999,-9999,Broome,-35996.4,DAMPIER_202009_DNE,1,January,50.6,19.4,28.2
2020-01-16T05:00:00Z,7.869,-9999,-9999,Broome,-35996.4,DAMPIER_202009_DNE,1,January,50.6,19.4,28.2
2020-01-16T06:00:00Z,8.825,-9999,-9999,Broome,-35996.4,DAMPIER_202009_DNE,1,January,50.6,19.4,28.2
2020-01-16T07:00:00Z,8.65,-9999,-9999,Broome,-35996.4,DAMPIER_202009_DNE,1,January,50.6,19.4,28.2
2020-01-16T08:00:00Z,7.555,-9999,-9999,Broome,-35996.4,DAMPIER_202009_DNE,1,January,50.6,19.4,28.2
2020-01-16T09:00:00Z,6.287,-9999,-9999,Broome,-35996.4,DAMPIER_202009_DNE,1,January,50.6,19.4,28.2
2020-01-16T10:00:00Z,4.923,-9999,-9999,Broome,-35996.4,DAMPIER_202009_DNE,1,January,50.6,19.4,28.2
2020-01-16T11:00:00Z,3.562,-9999,-9999,Broome,-35996.4,DAMPIER_202009_DNE,1,January,50.6,19.4,28.2
2020-01-16T12:00:00Z,2.527,-9999,-9999,Broome,-35996.4,DAMPIER_202009_DNE,1,January,50.6,19.4,28.2
2020-01-16T13:00:00Z,2.345,-9999,-9999,Broome,-35996.4,DAMPIER_202009_DNE,1,January,50.6,19.4,28.2
2020-01-16T14:00:00Z,3.279,-9999,-9999,Broome,-35996.4,DAMPIER_202009_DNE,1,January,50.6,19.4,28.2
2020-01-16T15:00:00Z,4.743,-9999,-9999,Broome,-35996.4,DAMPIER_202009_DNE,1,January,50.6,19.4,28.2
2020-01-16T16:00:00Z,6.273,-9999,-9999,Broome,-35996.4,DAMPIER_202009_DNE,1,January,50.6,19.4,28.2
2020-01-16T17:00:00Z,7.637,-9999,-9999,Broome,-35996.4,DAMPIER_202009_DNE,1,January,50.6,19.4,28.2
2020-01-16T18:00:00Z,8.538,-9999,-9999,Broome,-35996.4,DAMPIER_202009_DNE,1,January,50.6,19.4,28.2
2020-01-16T19:00:00Z,8.526,-9999,-9999,Broome,-35996.4,DAMPIER_202009_DNE,1,January,50.6,19.4,28.2
2020-01-16T20:00:00Z,7.588,-9999,-9999,Broome,-35996.4,DAMPIER_202009_DNE,1,January,50.6,19.4,28.2
2020-01-16T21:00:00Z,6.342,-9999,-9999,Broome,-35996.4,DAMPIER_202009_DNE,1,January,50.6,19.4,28.2
2020-01-16T22:00:00Z,5.049,-9999,-9999,Broome,-35996.4,DAMPIER_202009_DNE,1,January,50.6,19.4,28.2
2020-01-16T23:00:00Z,3.764,-9999,-9999,Broome,-35996.4,DAMPIER_202009_DNE,1,January,50.6,19.4,28.2
2020-01-17T00:00:00Z,2.715,-9999,-9999,Broome,-35996.4,DAMPIER_202009_DNE,1,January,50.6,19.4,28.2
2020-01-17T01:00:00Z,2.347,-9999,-9999,Broome,-35996.4,DAMPIER_202009_DNE,1,January,50.6,19.4,28.2
2020-01-17T02:00:00Z,2.968,-9999,-9999,Broome,-35996.4,DAMPIER_202009_DNE,1,January,50.6,19.4,28.2
2020-01-17T03:00:00Z,4.167,-9999,-9999,Broome,-35996.4,DAMPIER_202009_DNE,1,January,50.6,19.4,28.2
2020-01-17T04:00:00Z,5.514,-9999,-9999,Broome,-35996.4,DAMPIER_202009_DNE,1,January,50.6,19.4,28.2
2020-01-17T05:00:00Z,6.858,-9999,-9999,Broome,-35996.4,DAMPIER_202009_DNE,1,January,50.6,19.4,28.2
2020-01-17T06:00:00Z,8.009,-9999,-9999,Broome,-35996.4,DAMPIER_202009_DNE,1,January,50.6,19.4,28.2
2020-01-17T07:00:00Z,8.536,-9999,-9999,Broome,-35996.4,DAMPIER_202009_DNE,1,January,50.6,19.4,28.2
2020-01-17T08:00:00Z,8.099,-9999,-9999,Broome,-35996.4,DAMPIER_202009_DNE,1,January,50.6,19.4,28.2
2020-01-17T09:00:00Z,7.125,-9999,-9999,Broome,-35996.4,DAMPIER_202009_DNE,1,January,50.6,19.4,28.2
2020-01-17T10:00:00Z,5.983,-9999,-9999,Broome,-35996.4,DAMPIER_202009_DNE,1,January,50.6,19.4,28.2
2020-01-17T11:00:00Z,4.735,-9999,-9999,Broome,-35996.4,DAMPIER_202009_DNE,1,January,50.6,19.4,28.2
2020-01-17T12:00:00Z,3.617,-9999,-9999,Broome,-35996.4,DAMPIER_202009_DNE,1,January,50.6,19.4,28.2
2020-01-17T13:00:00Z,2.894,-9999,-9999,Broome,-35996.4,DAMPIER_202009_DNE,1,January,50.6,19.4,28.2
2020-01-17T14:00:00Z,2.945,-9999,-9999,Broome,-35996.4,DAMPIER_202009_DNE,1,January,50.6,19.4,28.2
2020-01-17T15:00:00Z,3.855,-9999,-9999,Broome,-35996.4,DAMPIER_202009_DNE,1,January,50.6,19.4,28.2
2020-01-17T16:00:00Z,5.102,-9999,-9999,Broome,-35996.4,DAMPIER_202009_DNE,1,January,50.6,19.4,28.2
2020-01-17T17:00:00Z,6.31,-9999,-9999,Broome,-35996.4,DAMPIER_202009_DNE,1,January,50.6,19.4,28.2
2020-01-17T18:00:00Z,7.33,-9999,-9999,Broome,-35996.4,DAMPIER_202009_DNE,1,January,50.6,19.4,28.2
2020-01-17T19:00:00Z,7.927,-9999,-9999,Broome,-35996.4,DAMPIER_202009_DNE,1,January,50.6,19.4,28.2
2020-01-17T20:00:00Z,7.714,-9999,-9999,Broome,-35996.4,DAMPIER_202009_DNE,1,January,50.6,19.4,28.2
2020-01-17T21:00:00Z,6.865,-9999,-9999,Broome,-35996.4,DAMPIER_202009_DNE,1,January,50.6,19.4,28.2
2020-01-17T22:00:00Z,5.854,-9999,-9999,Broome,-35996.4,DAMPIER_202009_DNE,1,January,50.6,19.4,28.2
2020-01-17T23:00:00Z,4.835,-9999,-9999,Broome,-35996.4,DAMPIER_202009_DNE,1,January,50.6,19.4,28.2
2020-01-18T00:00:00Z,3.905,-9999,-9999,Broome,-35996.4,DAMPIER_202009_DNE,1,January,50.6,19.4,28.2
2020-01-18T01:00:00Z,3.251,-9999,-9999,Broome,-35996.4,DAMPIER_202009_DNE,1,January,50.6,19.4,28.2
2020-01-18T02:00:00Z,3.114,-9999,-9999,Broome,-35996.4,DAMPIER_202009_DNE,1,January,50.6,19.4,28.2
2020-01-18T03:00:00Z,3.638,-9999,-9999,Broome,-35996.4,DAMPIER_202009_DNE,1,January,50.6,19.4,28.2
2020-01-18T04:00:00Z,4.678,-9999,-9999,Broome,-35996.4,DAMPIER_202009_DNE,1,January,50.6,19.4,28.2
2020-01-18T05:00:00Z,5.881,-9999,-9999,Broome,-35996.4,DAMPIER_202009_DNE,1,January,50.6,19.4,28.2
2020-01-18T06:00:00Z,6.925,-9999,-9999,Broome,-35996.4,DAMPIER_202009_DNE,1,January,50.6,19.4,28.2
2020-01-18T07:00:00Z,7.805,-9999,-9999,Broome,-35996.4,DAMPIER_202009_DNE,1,January,50.6,19.4,28.2
2020-01-18T08:00:00Z,8.076,-9999,-9999,Broome,-35996.4,DAMPIER_202009_DNE,1,January,50.6,19.4,28.2
2020-01-18T09:00:00Z,7.563,-9999,-9999,Broome,-35996.4,DAMPIER_202009_DNE,1,January,50.6,19.4,28.2
2020-01-18T10:00:00Z,6.744,-9999,-9999,Broome,-35996.4,DAMPIER_202009_DNE,1,January,50.6,19.4,28.2
2020-01-18T11:00:00Z,5.787,-9999,-9999,Broome,-35996.4,DAMPIER_202009_DNE,1,January,50.6,19.4,28.2
2020-01-18T12:00:00Z,4.715,-9999,-9999,Broome,-35996.4,DAMPIER_202009_DNE,1,January,50.6,19.4,28.2
2020-01-18T13:00:00Z,3.792,-9999,-9999,Broome,-35996.4,DAMPIER_202009_DNE,1,January,50.6,19.4,28.2
2020-01-18T14:00:00Z,3.332,-9999,-9999,Broome,-35996.4,DAMPIER_202009_DNE,1,January,50.6,19.4,28.2
2020-01-18T15:00:00Z,3.585,-9999,-9999,Broome,-35996.4,DAMPIER_202009_DNE,1,January,50.6,19.4,28.2
2020-01-18T16:00:00Z,4.353,-9999,-9999,Broome,-35996.4,DAMPIER_202009_DNE,1,January,50.6,19.4,28.2
2020-01-18T17:00:00Z,5.231,-9999,-9999,Broome,-35996.4,DAMPIER_202009_DNE,1,January,50.6,19.4,28.2
2020-01-18T18:00:00Z,6.062,-9999,-9999,Broome,-35996.4,DAMPIER_202009_DNE,1,January,50.6,19.4,28.2
2020-01-18T19:00:00Z,6.801,-9999,-9999,Broome,-35996.4,DAMPIER_202009_DNE,1,January,50.6,19.4,28.2
2020-01-18T20:00:00Z,7.267,-9999,-9999,Broome,-35996.4,DAMPIER_202009_DNE,1,January,50.6,19.4,28.2
2020-01-18T21:00:00Z,7.079,-9999,-9999,Broome,-35996.4,DAMPIER_202009_DNE,1,January,50.6,19.4,28.2
2020-01-18T22:00:00Z,6.466,-9999,-9999,Broome,-35996.4,DAMPIER_202009_DNE,1,January,50.6,19.4,28.2
2020-01-18T23:00:00Z,5.688,-9999,-9999,Broome,-35996.4,DAMPIER_202009_DNE,1,January,50.6,19.4,28.2
2020-01-19T00:00:00Z,4.886,-9999,-9999,Broome,-35996.4,DAMPIER_202009_DNE,1,January,50.6,19.4,28.2
2020-01-19T01:00:00Z,4.225,-9999,-9999,Broome,-35996.4,DAMPIER_202009_DNE,1,January,50.6,19.4,28.2
2020-01-19T02:00:00Z,3.78,-9999,-9999,Broome,-35996.4,DAMPIER_202009_DNE,1,January,50.6,19.4,28.2
2020-01-19T03:00:00Z,3.743,-9999,-9999,Broome,-35996.4,DAMPIER_202009_DNE,1,January,50.6,19.4,28.2
2020-01-19T04:00:00Z,4.169,-9999,-9999,Broome,-35996.4,DAMPIER_202009_DNE,1,January,50.6,19.4,28.2
2020-01-19T05:00:00Z,4.933,-9999,-9999,Broome,-35996.4,DAMPIER_202009_DNE,1,January,50.6,19.4,28.2
2020-01-19T06:00:00Z,5.871,-9999,-9999,Broome,-35996.4,DAMPIER_202009_DNE,1,January,50.6,19.4,28.2
2020-01-19T07:00:00Z,6.763,-9999,-9999,Broome,-35996.4,DAMPIER_202009_DNE,1,January,50.6,19.4,28.2
2020-01-19T08:00:00Z,7.419,-9999,-9999,Broome,-35996.4,DAMPIER_202009_DNE,1,January,50.6,19.4,28.2
2020-01-19T09:00:00Z,7.636,-9999,-9999,Broome,-35996.4,DAMPIER_202009_DNE,1,January,50.6,19.4,28.2
2020-01-19T10:00:00Z,7.304,-9999,-9999,Broome,-35996.4,DAMPIER_202009_DNE,1,January,50.6,19.4,28.2
2020-01-19T11:00:00Z,6.621,-9999,-9999,Broome,-35996.4,DAMPIER_202009_DNE,1,January,50.6,19.4,28.2
2020-01-19T12:00:00Z,5.803,-9999,-9999,Broome,-35996.4,DAMPIER_202009_DNE,1,January,50.6,19.4,28.2
2020-01-19T13:00:00Z,4.979,-9999,-9999,Broome,-35996.4,DAMPIER_202009_DNE,1,January,50.6,19.4,28.2
2020-01-19T14:00:00Z,4.325,-9999,-9999,Broome,-35996.4,DAMPIER_202009_DNE,1,January,50.6,19.4,28.2
2020-01-19T15:00:00Z,3.879,-9999,-9999,Broome,-35996.4,DAMPIER_202009_DNE,1,January,50.6,19.4,28.2
2020-01-19T16:00:00Z,3.735,-9999,-9999,Broome,-35996.4,DAMPIER_202009_DNE,1,January,50.6,19.4,28.2
2020-01-19T17:00:00Z,4.194,-9999,-9999,Broome,-35996.4,DAMPIER_202009_DNE,1,January,50.6,19.4,28.2
2020-01-19T18:00:00Z,4.995,-9999,-9999,Broome,-35996.4,DAMPIER_202009_DNE,1,January,50.6,19.4,28.2
2020-01-19T19:00:00Z,5.702,-9999,-9999,Broome,-35996.4,DAMPIER_202009_DNE,1,January,50.6,19.4,28.2
2020-01-19T20:00:00Z,6.279,-9999,-9999,Broome,-35996.4,DAMPIER_202009_DNE,1,January,50.6,19.4,28.2
2020-01-19T21:00:00Z,6.654,-9999,-9999,Broome,-35996.4,DAMPIER_202009_DNE,1,January,50.6,19.4,28.2
2020-01-19T22:00:00Z,6.61,-9999,-9999,Broome,-35996.4,DAMPIER_202009_DNE,1,January,50.6,19.4,28.2
2020-01-19T23:00:00Z,6.099,-9999,-9999,Broome,-35996.4,DAMPIER_202009_DNE,1,January,50.6,19.4,28.2
2020-01-20T00:00:00Z,5.657,-9999,-9999,Broome,-35996.4,DAMPIER_202009_DNE,1,January,50.6,19.4,28.2
2020-01-20T01:00:00Z,5.233,-9999,-9999,Broome,-35996.4,DAMPIER_202009_DNE,1,January,50.6,19.4,28.2
2020-01-20T02:00:00Z,4.743,-9999,-9999,Broome,-35996.4,DAMPIER_202009_DNE,1,January,50.6,19.4,28.2
2020-01-20T03:00:00Z,4.412,-9999,-9999,Broome,-35996.4,DAMPIER_202009_DNE,1,January,50.6,19.4,28.2
2020-01-20T04:00:00Z,4.232,-9999,-9999,Broome,-35996.4,DAMPIER_202009_DNE,1,January,50.6,19.4,28.2
2020-01-20T05:00:00Z,4.33,-9999,-9999,Broome,-35996.4,DAMPIER_202009_DNE,1,January,50.6,19.4,28.2
2020-01-20T06:00:00Z,4.877,-9999,-9999,Broome,-35996.4,DAMPIER_202009_DNE,1,January,50.6,19.4,28.2
2020-01-20T07:00:00Z,5.606,-9999,-9999,Broome,-35996.4,DAMPIER_202009_DNE,1,January,50.6,19.4,28.2
2020-01-20T08:00:00Z,6.352,-9999,-9999,Broome,-35996.4,DAMPIER_202009_DNE,1,January,50.6,19.4,28.2
2020-01-20T09:00:00Z,6.998,-9999,-9999,Broome,-35996.4,DAMPIER_202009_DNE,1,January,50.6,19.4,28.2
2020-01-20T10:00:00Z,7.349,-9999,-9999,Broome,-35996.4,DAMPIER_202009_DNE,1,January,50.6,19.4,28.2
2020-01-20T11:00:00Z,7.248,-9999,-9999,Broome,-35996.4,DAMPIER_202009_DNE,1,January,50.6,19.4,28.2
2020-01-20T12:00:00Z,6.784,-9999,-9999,Broome,-35996.4,DAMPIER_202009_DNE,1,January,50.6,19.4,28.2
2020-01-20T13:00:00Z,6.12,-9999,-9999,Broome,-35996.4,DAMPIER_202009_DNE,1,January,50.6,19.4,28.2
2020-01-20T14:00:00Z,5.371,-9999,-9999,Broome,-35996.4,DAMPIER_202009_DNE,1,January,50.6,19.4,28.2
2020-01-20T15:00:00Z,4.669,-9999,-9999,Broome,-35996.4,DAMPIER_202009_DNE,1,January,50.6,19.4,28.2
2020-01-20T16:00:00Z,4.144,-9999,-9999,Broome,-35996.4,DAMPIER_202009_DNE,1,January,50.6,19.4,28.2
2020-01-20T17:00:00Z,3.944,-9999,-9999,Broome,-35996.4,DAMPIER_202009_DNE,1,January,50.6,19.4,28.2
2020-01-20T18:00:00Z,4.048,-9999,-9999,Broome,-35996.4,DAMPIER_202009_DNE,1,January,50.6,19.4,28.2
2020-01-20T19:00:00Z,4.426,-9999,-9999,Broome,-35996.4,DAMPIER_202009_DNE,1,January,50.6,19.4,28.2
2020-01-20T20:00:00Z,4.98,-9999,-9999,Broome,-35996.4,DAMPIER_202009_DNE,1,January,50.6,19.4,28.2
2020-01-20T21:00:00Z,5.597,-9999,-9999,Broome,-35996.4,DAMPIER_202009_DNE,1,January,50.6,19.4,28.2
2020-01-20T22:00:00Z,6.213,-9999,-9999,Broome,-35996.4,DAMPIER_202009_DNE,1,January,50.6,19.4,28.2
2020-01-20T23:00:00Z,6.557,-9999,-9999,Broome,-35996.4,DAMPIER_202009_DNE,1,January,50.6,19.4,28.2
2020-01-21T00:00:00Z,6.535,-9999,-9999,Broome,-35996.4,DAMPIER_202009_DNE,1,January,50.6,19.4,28.2
2020-01-21T01:00:00Z,6.177,-9999,-9999,Broome,-35996.4,DAMPIER_202009_DNE,1,January,50.6,19.4,28.2
2020-01-21T02:00:00Z,5.672,-9999,-9999,Broome,-35996.4,DAMPIER_202009_DNE,1,January,50.6,19.4,28.2
2020-01-21T03:00:00Z,5.168,-9999,-9999,Broome,-35996.4,DAMPIER_202009_DNE,1,January,50.6,19.4,28.2
2020-01-21T04:00:00Z,4.676,-9999,-9999,Broome,-35996.4,DAMPIER_202009_DNE,1,January,50.6,19.4,28.2
2020-01-21T05:00:00Z,4.269,-9999,-9999,Broome,-35996.4,DAMPIER_202009_DNE,1,January,50.6,19.4,28.2
2020-01-21T06:00:00Z,4.181,-9999,-9999,Broome,-35996.4,DAMPIER_202009_DNE,1,January,50.6,19.4,28.2
2020-01-21T07:00:00Z,4.557,-9999,-9999,Broome,-35996.4,DAMPIER_202009_DNE,1,January,50.6,19.4,28.2
2020-01-21T08:00:00Z,5.203,-9999,-9999,Broome,-35996.4,DAMPIER_202009_DNE,1,January,50.6,19.4,28.2
2020-01-21T09:00:00Z,5.984,-9999,-9999,Broome,-35996.4,DAMPIER_202009_DNE,1,January,50.6,19.4,28.2
2020-01-21T10:00:00Z,6.697,-9999,-9999,Broome,-35996.4,DAMPIER_202009_DNE,1,January,50.6,19.4,28.2
2020-01-21T11:00:00Z,7.212,-9999,-9999,Broome,-35996.4,DAMPIER_202009_DNE,1,January,50.6,19.4,28.2
2020-01-21T12:00:00Z,7.395,-9999,-9999,Broome,-35996.4,DAMPIER_202009_DNE,1,January,50.6,19.4,28.2
2020-01-21T13:00:00Z,7.104,-9999,-9999,Broome,-35996.4,DAMPIER_202009_DNE,1,January,50.6,19.4,28.2
2020-01-21T14:00:00Z,6.5,-9999,-9999,Broome,-35996.4,DAMPIER_202009_DNE,1,January,50.6,19.4,28.2
2020-01-21T15:00:00Z,5.745,-9999,-9999,Broome,-35996.4,DAMPIER_202009_DNE,1,January,50.6,19.4,28.2
2020-01-21T16:00:00Z,4.91,-9999,-9999,Broome,-35996.4,DAMPIER_202009_DNE,1,January,50.6,19.4,28.2
2020-01-21T17:00:00Z,4.127,-9999,-9999,Broome,-35996.4,DAMPIER_202009_DNE,1,January,50.6,19.4,28.2
2020-01-21T18:00:00Z,3.568,-9999,-9999,Broome,-35996.4,DAMPIER_202009_DNE,1,January,50.6,19.4,28.2
2020-01-21T19:00:00Z,3.437,-9999,-9999,Broome,-35996.4,DAMPIER_202009_DNE,1,January,50.6,19.4,28.2
2020-01-21T20:00:00Z,3.798,-9999,-9999,Broome,-35996.4,DAMPIER_202009_DNE,1,January,50.6,19.4,28.2
2020-01-21T21:00:00Z,4.464,-9999,-9999,Broome,-35996.4,DAMPIER_202009_DNE,1,January,50.6,19.4,28.2
2020-01-21T22:00:00Z,5.273,-9999,-9999,Broome,-35996.4,DAMPIER_202009_DNE,1,January,50.6,19.4,28.2
2020-01-21T23:00:00Z,6.124,-9999,-9999,Broome,-35996.4,DAMPIER_202009_DNE,1,January,50.6,19.4,28.2
2020-01-22T00:00:00Z,6.793,-9999,-9999,Broome,-35996.4,DAMPIER_202009_DNE,1,January,50.6,19.4,28.2
2020-01-22T01:00:00Z,7.023,-9999,-9999,Broome,-35996.4,DAMPIER_202009_DNE,1,January,50.6,19.4,28.2
2020-01-22T02:00:00Z,6.75,-9999,-9999,Broome,-35996.4,DAMPIER_202009_DNE,1,January,50.6,19.4,28.2
2020-01-22T03:00:00Z,6.165,-9999,-9999,Broome,-35996.4,DAMPIER_202009_DNE,1,January,50.6,19.4,28.2
2020-01-22T04:00:00Z,5.458,-9999,-9999,Broome,-35996.4,DAMPIER_202009_DNE,1,January,50.6,19.4,28.2
2020-01-22T05:00:00Z,4.706,-9999,-9999,Broome,-35996.4,DAMPIER_202009_DNE,1,January,50.6,19.4,28.2
2020-01-22T06:00:00Z,4.099,-9999,-9999,Broome,-35996.4,DAMPIER_202009_DNE,1,January,50.6,19.4,28.2
2020-01-22T07:00:00Z,3.842,-9999,-9999,Broome,-35996.4,DAMPIER_202009_DNE,1,January,50.6,19.4,28.2
2020-01-22T08:00:00Z,4.073,-9999,-9999,Broome,-35996.4,DAMPIER_202009_DNE,1,January,50.6,19.4,28.2
2020-01-22T09:00:00Z,4.781,-9999,-9999,Broome,-35996.4,DAMPIER_202009_DNE,1,January,50.6,19.4,28.2
2020-01-22T10:00:00Z,5.716,-9999,-9999,Broome,-35996.4,DAMPIER_202009_DNE,1,January,50.6,19.4,28.2
2020-01-22T11:00:00Z,6.615,-9999,-9999,Broome,-35996.4,DAMPIER_202009_DNE,1,January,50.6,19.4,28.2
2020-01-22T12:00:00Z,7.357,-9999,-9999,Broome,-35996.4,DAMPIER_202009_DNE,1,January,50.6,19.4,28.2
2020-01-22T13:00:00Z,7.783,-9999,-9999,Broome,-35996.4,DAMPIER_202009_DNE,1,January,50.6,19.4,28.2
2020-01-22T14:00:00Z,7.601,-9999,-9999,Broome,-35996.4,DAMPIER_202009_DNE,1,January,50.6,19.4,28.2
2020-01-22T15:00:00Z,6.901,-9999,-9999,Broome,-35996.4,DAMPIER_202009_DNE,1,January,50.6,19.4,28.2
2020-01-22T16:00:00Z,5.958,-9999,-9999,Broome,-35996.4,DAMPIER_202009_DNE,1,January,50.6,19.4,28.2
2020-01-22T17:00:00Z,4.899,-9999,-9999,Broome,-35996.4,DAMPIER_202009_DNE,1,January,50.6,19.4,28.2
2020-01-22T18:00:00Z,3.856,-9999,-9999,Broome,-35996.4,DAMPIER_202009_DNE,1,January,50.6,19.4,28.2
2020-01-22T19:00:00Z,3.039,-9999,-9999,Broome,-35996.4,DAMPIER_202009_DNE,1,January,50.6,19.4,28.2
2020-01-22T20:00:00Z,2.745,-9999,-9999,Broome,-35996.4,DAMPIER_202009_DNE,1,January,50.6,19.4,28.2
2020-01-22T21:00:00Z,3.182,-9999,-9999,Broome,-35996.4,DAMPIER_202009_DNE,1,January,50.6,19.4,28.2
2020-01-22T22:00:00Z,4.13,-9999,-9999,Broome,-35996.4,DAMPIER_202009_DNE,1,January,50.6,19.4,28.2
2020-01-22T23:00:00Z,5.253,-9999,-9999,Broome,-35996.4,DAMPIER_202009_DNE,1,January,50.6,19.4,28.2
2020-01-23T00:00:00Z,6.345,-9999,-9999,Broome,-35996.4,DAMPIER_202009_DNE,1,January,50.6,19.4,28.2
2020-01-23T01:00:00Z,7.213,-9999,-9999,Broome,-35996.4,DAMPIER_202009_DNE,1,January,50.6,19.4,28.2
2020-01-23T02:00:00Z,7.589,-9999,-9999,Broome,-35996.4,DAMPIER_202009_DNE,1,January,50.6,19.4,28.2
2020-01-23T03:00:00Z,7.227,-9999,-9999,Broome,-35996.4,DAMPIER_202009_DNE,1,January,50.6,19.4,28.2
2020-01-23T04:00:00Z,6.381,-9999,-9999,Broome,-35996.4,DAMPIER_202009_DNE,1,January,50.6,19.4,28.2
2020-01-23T05:00:00Z,5.426,-9999,-9999,Broome,-35996.4,DAMPIER_202009_DNE,1,January,50.6,19.4,28.2
2020-01-23T06:00:00Z,4.487,-9999,-9999,Broome,-35996.4,DAMPIER_202009_DNE,1,January,50.6,19.4,28.2
2020-01-23T07:00:00Z,3.706,-9999,-9999,Broome,-35996.4,DAMPIER_202009_DNE,1,January,50.6,19.4,28.2
2020-01-23T08:00:00Z,3.314,-9999,-9999,Broome,-35996.4,DAMPIER_202009_DNE,1,January,50.6,19.4,28.2
2020-01-23T09:00:00Z,3.619,-9999,-9999,Broome,-35996.4,DAMPIER_202009_DNE,1,January,50.6,19.4,28.2
2020-01-23T10:00:00Z,4.583,-9999,-9999,Broome,-35996.4,DAMPIER_202009_DNE,1,January,50.6,19.4,28.2
2020-01-23T11:00:00Z,5.779,-9999,-9999,Broome,-35996.4,DAMPIER_202009_DNE,1,January,50.6,19.4,28.2
2020-01-23T12:00:00Z,6.927,-9999,-9999,Broome,-35996.4,DAMPIER_202009_DNE,1,January,50.6,19.4,28.2
2020-01-23T13:00:00Z,7.874,-9999,-9999,Broome,-35996.4,DAMPIER_202009_DNE,1,January,50.6,19.4,28.2
2020-01-23T14:00:00Z,8.352,-9999,-9999,Broome,-35996.4,DAMPIER_202009_DNE,1,January,50.6,19.4,28.2
2020-01-23T15:00:00Z,7.993,-9999,-9999,Broome,-35996.4,DAMPIER_202009_DNE,1,January,50.6,19.4,28.2
2020-01-23T16:00:00Z,7.003,-9999,-9999,Broome,-35996.4,DAMPIER_202009_DNE,1,January,50.6,19.4,28.2
2020-01-23T17:00:00Z,5.789,-9999,-9999,Broome,-35996.4,DAMPIER_202009_DNE,1,January,50.6,19.4,28.2
2020-01-23T18:00:00Z,4.505,-9999,-9999,Broome,-35996.4,DAMPIER_202009_DNE,1,January,50.6,19.4,28.2
2020-01-23T19:00:00Z,3.303,-9999,-9999,Broome,-35996.4,DAMPIER_202009_DNE,1,January,50.6,19.4,28.2
2020-01-23T20:00:00Z,2.388,-9999,-9999,Broome,-35996.4,DAMPIER_202009_DNE,1,January,50.6,19.4,28.2
2020-01-23T21:00:00Z,2.214,-9999,-9999,Broome,-35996.4,DAMPIER_202009_DNE,1,January,50.6,19.4,28.2
2020-01-23T22:00:00Z,3.014,-9999,-9999,Broome,-35996.4,DAMPIER_202009_DNE,1,January,50.6,19.4,28.2
2020-01-23T23:00:00Z,4.272,-9999,-9999,Broome,-35996.4,DAMPIER_202009_DNE,1,January,50.6,19.4,28.2
2020-01-24T00:00:00Z,5.621,-9999,-9999,Broome,-35996.4,DAMPIER_202009_DNE,1,January,50.6,19.4,28.2
2020-01-24T01:00:00Z,6.91,-9999,-9999,Broome,-35996.4,DAMPIER_202009_DNE,1,January,50.6,19.4,28.2
2020-01-24T02:00:00Z,7.889,-9999,-9999,Broome,-35996.4,DAMPIER_202009_DNE,1,January,50.6,19.4,28.2
2020-01-24T03:00:00Z,8.062,-9999,-9999,Broome,-35996.4,DAMPIER_202009_DNE,1,January,50.6,19.4,28.2
2020-01-24T04:00:00Z,7.357,-9999,-9999,Broome,-35996.4,DAMPIER_202009_DNE,1,January,50.6,19.4,28.2
2020-01-24T05:00:00Z,6.337,-9999,-9999,Broome,-35996.4,DAMPIER_202009_DNE,1,January,50.6,19.4,28.2
2020-01-24T06:00:00Z,5.218,-9999,-9999,Broome,-35996.4,DAMPIER_202009_DNE,1,January,50.6,19.4,28.2
2020-01-24T07:00:00Z,4.039,-9999,-9999,Broome,-35996.4,DAMPIER_202009_DNE,1,January,50.6,19.4,28.2
2020-01-24T08:00:00Z,3.036,-9999,-9999,Broome,-35996.4,DAMPIER_202009_DNE,1,January,50.6,19.4,28.2
2020-01-24T09:00:00Z,2.678,-9999,-9999,Broome,-35996.4,DAMPIER_202009_DNE,1,January,50.6,19.4,28.2
2020-01-24T10:00:00Z,3.348,-9999,-9999,Broome,-35996.4,DAMPIER_202009_DNE,1,January,50.6,19.4,28.2
2020-01-24T11:00:00Z,4.657,-9999,-9999,Broome,-35996.4,DAMPIER_202009_DNE,1,January,50.6,19.4,28.2
2020-01-24T12:00:00Z,6.092,-9999,-9999,Broome,-35996.4,DAMPIER_202009_DNE,1,January,50.6,19.4,28.2
2020-01-24T13:00:00Z,7.46,-9999,-9999,Broome,-35996.4,DAMPIER_202009_DNE,1,January,50.6,19.4,28.2
2020-01-24T14:00:00Z,8.522,-9999,-9999,Broome,-35996.4,DAMPIER_202009_DNE,1,January,50.6,19.4,28.2
2020-01-24T15:00:00Z,8.804,-9999,-9999,Broome,-35996.4,DAMPIER_202009_DNE,1,January,50.6,19.4,28.2
2020-01-24T16:00:00Z,8.083,-9999,-9999,Broome,-35996.4,DAMPIER_202009_DNE,1,January,50.6,19.4,28.2
2020-01-24T17:00:00Z,6.798,-9999,-9999,Broome,-35996.4,DAMPIER_202009_DNE,1,January,50.6,19.4,28.2
2020-01-24T18:00:00Z,5.384,-9999,-9999,Broome,-35996.4,DAMPIER_202009_DNE,1,January,50.6,19.4,28.2
2020-01-24T19:00:00Z,3.916,-9999,-9999,Broome,-35996.4,DAMPIER_202009_DNE,1,January,50.6,19.4,28.2
2020-01-24T20:00:00Z,2.601,-9999,-9999,Broome,-35996.4,DAMPIER_202009_DNE,1,January,50.6,19.4,28.2
2020-01-24T21:00:00Z,1.786,-9999,-9999,Broome,-35996.4,DAMPIER_202009_DNE,1,January,50.6,19.4,28.2
2020-01-24T22:00:00Z,2.036,-9999,-9999,Broome,-35996.4,DAMPIER_202009_DNE,1,January,50.6,19.4,28.2
2020-01-24T23:00:00Z,3.195,-9999,-9999,Broome,-35996.4,DAMPIER_202009_DNE,1,January,50.6,19.4,28.2
2020-01-25T00:00:00Z,4.634,-9999,-9999,Broome,-35996.4,DAMPIER_202009_DNE,1,January,50.6,19.4,28.2
2020-01-25T01:00:00Z,6.174,-9999,-9999,Broome,-35996.4,DAMPIER_202009_DNE,1,January,50.6,19.4,28.2
2020-01-25T02:00:00Z,7.609,-9999,-9999,Broome,-35996.4,DAMPIER_202009_DNE,1,January,50.6,19.4,28.2
2020-01-25T03:00:00Z,8.499,-9999,-9999,Broome,-35996.4,DAMPIER_202009_DNE,1,January,50.6,19.4,28.2
2020-01-25T04:00:00Z,8.307,-9999,-9999,Broome,-35996.4,DAMPIER_202009_DNE,1,January,50.6,19.4,28.2
2020-01-25T05:00:00Z,7.244,-9999,-9999,Broome,-35996.4,DAMPIER_202009_DNE,1,January,50.6,19.4,28.2
2020-01-25T06:00:00Z,5.989,-9999,-9999,Broome,-35996.4,DAMPIER_202009_DNE,1,January,50.6,19.4,28.2
2020-01-25T07:00:00Z,4.683,-9999,-9999,Broome,-35996.4,DAMPIER_202009_DNE,1,January,50.6,19.4,28.2
2020-01-25T08:00:00Z,3.429,-9999,-9999,Broome,-35996.4,DAMPIER_202009_DNE,1,January,50.6,19.4,28.2
2020-01-25T09:00:00Z,2.496,-9999,-9999,Broome,-35996.4,DAMPIER_202009_DNE,1,January,50.6,19.4,28.2
2020-01-25T10:00:00Z,2.437,-9999,-9999,Broome,-35996.4,DAMPIER_202009_DNE,1,January,50.6,19.4,28.2
2020-01-25T11:00:00Z,3.51,-9999,-9999,Broome,-35996.4,DAMPIER_202009_DNE,1,January,50.6,19.4,28.2
2020-01-25T12:00:00Z,5.068,-9999,-9999,Broome,-35996.4,DAMPIER_202009_DNE,1,January,50.6,19.4,28.2
2020-01-25T13:00:00Z,6.696,-9999,-9999,Broome,-35996.4,DAMPIER_202009_DNE,1,January,50.6,19.4,28.2
2020-01-25T14:00:00Z,8.187,-9999,-9999,Broome,-35996.4,DAMPIER_202009_DNE,1,January,50.6,19.4,28.2
2020-01-25T15:00:00Z,9.098,-9999,-9999,Broome,-35996.4,DAMPIER_202009_DNE,1,January,50.6,19.4,28.2
2020-01-25T16:00:00Z,8.931,-9999,-9999,Broome,-35996.4,DAMPIER_202009_DNE,1,January,50.6,19.4,28.2
2020-01-25T17:00:00Z,7.804,-9999,-9999,Broome,-35996.4,DAMPIER_202009_DNE,1,January,50.6,19.4,28.2
2020-01-25T18:00:00Z,6.372,-9999,-9999,Broome,-35996.4,DAMPIER_202009_DNE,1,January,50.6,19.4,28.2
2020-01-25T19:00:00Z,4.828,-9999,-9999,Broome,-35996.4,DAMPIER_202009_DNE,1,January,50.6,19.4,28.2
2020-01-25T20:00:00Z,3.267,-9999,-9999,Broome,-35996.4,DAMPIER_202009_DNE,1,January,50.6,19.4,28.2
2020-01-25T21:00:00Z,1.979,-9999,-9999,Broome,-35996.4,DAMPIER_202009_DNE,1,January,50.6,19.4,28.2
2020-01-25T22:00:00Z,1.456,-9999,-9999,Broome,-35996.4,DAMPIER_202009_DNE,1,January,50.6,19.4,28.2
2020-01-25T23:00:00Z,2.225,-9999,-9999,Broome,-35996.4,DAMPIER_202009_DNE,1,January,50.6,19.4,28.2
2020-01-26T00:00:00Z,3.729,-9999,-9999,Broome,-35996.4,DAMPIER_202009_DNE,1,January,50.6,19.4,28.2
2020-01-26T01:00:00Z,5.378,-9999,-9999,Broome,-35996.4,DAMPIER_202009_DNE,1,January,50.6,19.4,28.2
2020-01-26T02:00:00Z,7.034,-9999,-9999,Broome,-35996.4,DAMPIER_202009_DNE,1,January,50.6,19.4,28.2
2020-01-26T03:00:00Z,8.367,-9999,-9999,Broome,-35996.4,DAMPIER_202009_DNE,1,January,50.6,19.4,28.2
2020-01-26T04:00:00Z,8.761,-9999,-9999,Broome,-35996.4,DAMPIER_202009_DNE,1,January,50.6,19.4,28.2
2020-01-26T05:00:00Z,8.066,-9999,-9999,Broome,-35996.4,DAMPIER_202009_DNE,1,January,50.6,19.4,28.2
2020-01-26T06:00:00Z,6.839,-9999,-9999,Broome,-35996.4,DAMPIER_202009_DNE,1,January,50.6,19.4,28.2
2020-01-26T07:00:00Z,5.458,-9999,-9999,Broome,-35996.4,DAMPIER_202009_DNE,1,January,50.6,19.4,28.2
2020-01-26T08:00:00Z,4.086,-9999,-9999,Broome,-35996.4,DAMPIER_202009_DNE,1,January,50.6,19.4,28.2
2020-01-26T09:00:00Z,2.822,-9999,-9999,Broome,-35996.4,DAMPIER_202009_DNE,1,January,50.6,19.4,28.2
2020-01-26T10:00:00Z,2.119,-9999,-9999,Broome,-35996.4,DAMPIER_202009_DNE,1,January,50.6,19.4,28.2
2020-01-26T11:00:00Z,2.618,-9999,-9999,Broome,-35996.4,DAMPIER_202009_DNE,1,January,50.6,19.4,28.2
2020-01-26T12:00:00Z,4.029,-9999,-9999,Broome,-35996.4,DAMPIER_202009_DNE,1,January,50.6,19.4,28.2
2020-01-26T13:00:00Z,5.728,-9999,-9999,Broome,-35996.4,DAMPIER_202009_DNE,1,January,50.6,19.4,28.2
2020-01-26T14:00:00Z,7.376,-9999,-9999,Broome,-35996.4,DAMPIER_202009_DNE,1,January,50.6,19.4,28.2
2020-01-26T15:00:00Z,8.713,-9999,-9999,Broome,-35996.4,DAMPIER_202009_DNE,1,January,50.6,19.4,28.2
2020-01-26T16:00:00Z,9.214,-9999,-9999,Broome,-35996.4,DAMPIER_202009_DNE,1,January,50.6,19.4,28.2
2020-01-26T17:00:00Z,8.564,-9999,-9999,Broome,-35996.4,DAMPIER_202009_DNE,1,January,50.6,19.4,28.2
2020-01-26T18:00:00Z,7.225,-9999,-9999,Broome,-35996.4,DAMPIER_202009_DNE,1,January,50.6,19.4,28.2
2020-01-26T19:00:00Z,5.651,-9999,-9999,Broome,-35996.4,DAMPIER_202009_DNE,1,January,50.6,19.4,28.2
2020-01-26T20:00:00Z,4.032,-9999,-9999,Broome,-35996.4,DAMPIER_202009_DNE,1,January,50.6,19.4,28.2
2020-01-26T21:00:00Z,2.537,-9999,-9999,Broome,-35996.4,DAMPIER_202009_DNE,1,January,50.6,19.4,28.2
2020-01-26T22:00:00Z,1.499,-9999,-9999,Broome,-35996.4,DAMPIER_202009_DNE,1,January,50.6,19.4,28.2
2020-01-26T23:00:00Z,1.658,-9999,-9999,Broome,-35996.4,DAMPIER_202009_DNE,1,January,50.6,19.4,28.2
2020-01-27T00:00:00Z,2.926,-9999,-9999,Broome,-35996.4,DAMPIER_202009_DNE,1,January,50.6,19.4,28.2
2020-01-27T01:00:00Z,4.534,-9999,-9999,Broome,-35996.4,DAMPIER_202009_DNE,1,January,50.6,19.4,28.2
2020-01-27T02:00:00Z,6.24,-9999,-9999,Broome,-35996.4,DAMPIER_202009_DNE,1,January,50.6,19.4,28.2
2020-01-27T03:00:00Z,7.877,-9999,-9999,Broome,-35996.4,DAMPIER_202009_DNE,1,January,50.6,19.4,28.2
2020-01-27T04:00:00Z,8.953,-9999,-9999,Broome,-35996.4,DAMPIER_202009_DNE,1,January,50.6,19.4,28.2
2020-01-27T05:00:00Z,8.79,-9999,-9999,Broome,-35996.4,DAMPIER_202009_DNE,1,January,50.6,19.4,28.2
2020-01-27T06:00:00Z,7.62,-9999,-9999,Broome,-35996.4,DAMPIER_202009_DNE,1,January,50.6,19.4,28.2
2020-01-27T07:00:00Z,6.207,-9999,-9999,Broome,-35996.4,DAMPIER_202009_DNE,1,January,50.6,19.4,28.2
2020-01-27T08:00:00Z,4.716,-9999,-9999,Broome,-35996.4,DAMPIER_202009_DNE,1,January,50.6,19.4,28.2
2020-01-27T09:00:00Z,3.264,-9999,-9999,Broome,-35996.4,DAMPIER_202009_DNE,1,January,50.6,19.4,28.2
2020-01-27T10:00:00Z,2.161,-9999,-9999,Broome,-35996.4,DAMPIER_202009_DNE,1,January,50.6,19.4,28.2
2020-01-27T11:00:00Z,2.004,-9999,-9999,Broome,-35996.4,DAMPIER_202009_DNE,1,January,50.6,19.4,28.2
2020-01-27T12:00:00Z,3.101,-9999,-9999,Broome,-35996.4,DAMPIER_202009_DNE,1,January,50.6,19.4,28.2
2020-01-27T13:00:00Z,4.766,-9999,-9999,Broome,-35996.4,DAMPIER_202009_DNE,1,January,50.6,19.4,28.2
2020-01-27T14:00:00Z,6.538,-9999,-9999,Broome,-35996.4,DAMPIER_202009_DNE,1,January,50.6,19.4,28.2
2020-01-27T15:00:00Z,8.174,-9999,-9999,Broome,-35996.4,DAMPIER_202009_DNE,1,January,50.6,19.4,28.2
2020-01-27T16:00:00Z,9.232,-9999,-9999,Broome,-35996.4,DAMPIER_202009_DNE,1,January,50.6,19.4,28.2
2020-01-27T17:00:00Z,9.169,-9999,-9999,Broome,-35996.4,DAMPIER_202009_DNE,1,January,50.6,19.4,28.2
2020-01-27T18:00:00Z,8.018,-9999,-9999,Broome,-35996.4,DAMPIER_202009_DNE,1,January,50.6,19.4,28.2
2020-01-27T19:00:00Z,6.47,-9999,-9999,Broome,-35996.4,DAMPIER_202009_DNE,1,January,50.6,19.4,28.2
2020-01-27T20:00:00Z,4.863,-9999,-9999,Broome,-35996.4,DAMPIER_202009_DNE,1,January,50.6,19.4,28.2
2020-01-27T21:00:00Z,3.274,-9999,-9999,Broome,-35996.4,DAMPIER_202009_DNE,1,January,50.6,19.4,28.2
2020-01-27T22:00:00Z,1.932,-9999,-9999,Broome,-35996.4,DAMPIER_202009_DNE,1,January,50.6,19.4,28.2
2020-01-27T23:00:00Z,1.406,-9999,-9999,Broome,-35996.4,DAMPIER_202009_DNE,1,January,50.6,19.4,28.2
2020-01-28T00:00:00Z,2.255,-9999,-9999,Broome,-35996.4,DAMPIER_202009_DNE,1,January,50.6,19.4,28.2
2020-01-28T01:00:00Z,3.799,-9999,-9999,Broome,-35996.4,DAMPIER_202009_DNE,1,January,50.6,19.4,28.2
2020-01-28T02:00:00Z,5.56,-9999,-9999,Broome,-35996.4,DAMPIER_202009_DNE,1,January,50.6,19.4,28.2
2020-01-28T03:00:00Z,7.115,-9999,-9999,Broome,-35996.4,DAMPIER_202009_DNE,1,January,50.6,19.4,28.2
2020-01-28T04:00:00Z,8.584,-9999,-9999,Broome,-35996.4,DAMPIER_202009_DNE,1,January,50.6,19.4,28.2
2020-01-28T05:00:00Z,-9999,-9999,-9999,Broome,-35996.4,DAMPIER_202009_DNE,1,January,50.6,19.4,28.2
2020-01-28T06:00:00Z,-9999,-9999,-9999,Broome,-35996.4,DAMPIER_202009_DNE,1,January,50.6,19.4,28.2
2020-01-28T07:00:00Z,-9999,-9999,-9999,Broome,-35996.4,DAMPIER_202009_DNE,1,January,50.6,19.4,28.2
2020-01-28T08:00:00Z,-9999,-9999,-9999,Broome,-35996.4,DAMPIER_202009_DNE,1,January,50.6,19.4,28.2
2020-01-28T09:00:00Z,-9999,-9999,-9999,Broome,-35996.4,DAMPIER_202009_DNE,1,January,50.6,19.4,28.2
2020-01-28T10:00:00Z,-9999,-9999,-9999,Broome,-35996.4,DAMPIER_202009_DNE,1,January,50.6,19.4,28.2
2020-01-28T11:00:00Z,-9999,-9999,-9999,Broome,-35996.4,DAMPIER_202009_DNE,1,January,50.6,19.4,28.2
2020-01-28T12:00:00Z,-9999,-9999,-9999,Broome,-35996.4,DAMPIER_202009_DNE,1,January,50.6,19.4,28.2
2020-01-28T13:00:00Z,-9999,-9999,-9999,Broome,-35996.4,DAMPIER_202009_DNE,1,January,50.6,19.4,28.2
2020-01-28T14:00:00Z,-9999,-9999,-9999,Broome,-35996.4,DAMPIER_202009_DNE,1,January,50.6,19.4,28.2
2020-01-28T15:00:00Z,-9999,-9999,-9999,Broome,-35996.4,DAMPIER_202009_DNE,1,January,50.6,19.4,28.2
2020-01-28T16:00:00Z,-9999,-9999,-9999,Broome,-35996.4,DAMPIER_202009_DNE,1,January,50.6,19.4,28.2
2020-01-28T17:00:00Z,-9999,-9999,-9999,Broome,-35996.4,DAMPIER_202009_DNE,1,January,50.6,19.4,28.2
2020-01-28T18:00:00Z,-9999,-9999,-9999,Broome,-35996.4,DAMPIER_202009_DNE,1,January,50.6,19.4,28.2
2020-01-28T19:00:00Z,-9999,-9999,-9999,Broome,-35996.4,DAMPIER_202009_DNE,1,January,50.6,19.4,28.2
2020-01-28T20:00:00Z,-9999,-9999,-9999,Broome,-35996.4,DAMPIER_202009_DNE,1,January,50.6,19.4,28.2
2020-01-28T21:00:00Z,-9999,-9999,-9999,Broome,-35996.4,DAMPIER_202009_DNE,1,January,50.6,19.4,28.2
2020-01-28T22:00:00Z,-9999,-9999,-9999,Broome,-35996.4,DAMPIER_202009_DNE,1,January,50.6,19.4,28.2
2020-01-28T23:00:00Z,-9999,-9999,-9999,Broome,-35996.4,DAMPIER_202009_DNE,1,January,50.6,19.4,28.2
2020-01-29T00:00:00Z,-9999,-9999,-9999,Broome,-35996.4,DAMPIER_202009_DNE,1,January,50.6,19.4,28.2
2020-01-29T01:00:00Z,-9999,-9999,-9999,Broome,-35996.4,DAMPIER_202009_DNE,1,January,50.6,19.4,28.2
2020-01-29T02:00:00Z,-9999,-9999,-9999,Broome,-35996.4,DAMPIER_202009_DNE,1,January,50.6,19.4,28.2
2020-01-29T03:00:00Z,-9999,-9999,-9999,Broome,-35996.4,DAMPIER_202009_DNE,1,January,50.6,19.4,28.2
2020-01-29T04:00:00Z,-9999,-9999,-9999,Broome,-35996.4,DAMPIER_202009_DNE,1,January,50.6,19.4,28.2
2020-01-29T05:00:00Z,-9999,-9999,-9999,Broome,-35996.4,DAMPIER_202009_DNE,1,January,50.6,19.4,28.2
2020-01-29T06:00:00Z,-9999,-9999,-9999,Broome,-35996.4,DAMPIER_202009_DNE,1,January,50.6,19.4,28.2
2020-01-29T07:00:00Z,-9999,-9999,-9999,Broome,-35996.4,DAMPIER_202009_DNE,1,January,50.6,19.4,28.2
2020-01-29T08:00:00Z,-9999,-9999,-9999,Broome,-35996.4,DAMPIER_202009_DNE,1,January,50.6,19.4,28.2
2020-01-29T09:00:00Z,-9999,-9999,-9999,Broome,-35996.4,DAMPIER_202009_DNE,1,January,50.6,19.4,28.2
2020-01-29T10:00:00Z,-9999,-9999,-9999,Broome,-35996.4,DAMPIER_202009_DNE,1,January,50.6,19.4,28.2
2020-01-29T11:00:00Z,-9999,-9999,-9999,Broome,-35996.4,DAMPIER_202009_DNE,1,January,50.6,19.4,28.2
2020-01-29T12:00:00Z,-9999,-9999,-9999,Broome,-35996.4,DAMPIER_202009_DNE,1,January,50.6,19.4,28.2
2020-01-29T13:00:00Z,-9999,-9999,-9999,Broome,-35996.4,DAMPIER_202009_DNE,1,January,50.6,19.4,28.2
2020-01-29T14:00:00Z,-9999,-9999,-9999,Broome,-35996.4,DAMPIER_202009_DNE,1,January,50.6,19.4,28.2
2020-01-29T15:00:00Z,-9999,-9999,-9999,Broome,-35996.4,DAMPIER_202009_DNE,1,January,50.6,19.4,28.2
2020-01-29T16:00:00Z,7.983,-9999,-9999,Broome,-35996.4,DAMPIER_202009_DNE,1,January,50.6,19.4,28.2
2020-01-29T17:00:00Z,9.058,-9999,-9999,Broome,-35996.4,DAMPIER_202009_DNE,1,January,50.6,19.4,28.2
2020-01-29T18:00:00Z,8.653,-9999,-9999,Broome,-35996.4,DAMPIER_202009_DNE,1,January,50.6,19.4,28.2
2020-01-29T19:00:00Z,-9999,-9999,-9999,Broome,-35996.4,DAMPIER_202009_DNE,1,January,50.6,19.4,28.2
2020-01-29T20:00:00Z,-9999,-9999,-9999,Broome,-35996.4,DAMPIER_202009_DNE,1,January,50.6,19.4,28.2
2020-01-29T21:00:00Z,-9999,-9999,-9999,Broome,-35996.4,DAMPIER_202009_DNE,1,January,50.6,19.4,28.2
2020-01-29T22:00:00Z,-9999,-9999,-9999,Broome,-35996.4,DAMPIER_202009_DNE,1,January,50.6,19.4,28.2
2020-01-29T23:00:00Z,-9999,-9999,-9999,Broome,-35996.4,DAMPIER_202009_DNE,1,January,50.6,19.4,28.2
2020-01-30T00:00:00Z,-9999,-9999,-9999,Broome,-35996.4,DAMPIER_202009_DNE,1,January,50.6,19.4,28.2
2020-01-30T01:00:00Z,-9999,-9999,-9999,Broome,-35996.4,DAMPIER_202009_DNE,1,January,50.6,19.4,28.2
2020-01-30T02:00:00Z,-9999,-9999,-9999,Broome,-35996.4,DAMPIER_202009_DNE,1,January,50.6,19.4,28.2
2020-01-30T03:00:00Z,-9999,-9999,-9999,Broome,-35996.4,DAMPIER_202009_DNE,1,January,50.6,19.4,28.2
2020-01-30T04:00:00Z,-9999,-9999,-9999,Broome,-35996.4,DAMPIER_202009_DNE,1,January,50.6,19.4,28.2
2020-01-30T05:00:00Z,-9999,-9999,-9999,Broome,-35996.4,DAMPIER_202009_DNE,1,January,50.6,19.4,28.2
2020-01-30T06:00:00Z,-9999,-9999,-9999,Broome,-35996.4,DAMPIER_202009_DNE,1,January,50.6,19.4,28.2
2020-01-30T07:00:00Z,-9999,-9999,-9999,Broome,-35996.4,DAMPIER_202009_DNE,1,January,50.6,19.4,28.2
2020-01-30T08:00:00Z,-9999,-9999,-9999,Broome,-35996.4,DAMPIER_202009_DNE,1,January,50.6,19.4,28.2
2020-01-30T09:00:00Z,-9999,-9999,-9999,Broome,-35996.4,DAMPIER_202009_DNE,1,January,50.6,19.4,28.2
2020-01-30T10:00:00Z,-9999,-9999,-9999,Broome,-35996.4,DAMPIER_202009_DNE,1,January,50.6,19.4,28.2
2020-01-30T11:00:00Z,-9999,-9999,-9999,Broome,-35996.4,DAMPIER_202009_DNE,1,January,50.6,19.4,28.2
2020-01-30T12:00:00Z,-9999,-9999,-9999,Broome,-35996.4,DAMPIER_202009_DNE,1,January,50.6,19.4,28.2
2020-01-30T13:00:00Z,-9999,-9999,-9999,Broome,-35996.4,DAMPIER_202009_DNE,1,January,50.6,19.4,28.2
2020-01-30T14:00:00Z,-9999,-9999,-9999,Broome,-35996.4,DAMPIER_202009_DNE,1,January,50.6,19.4,28.2
2020-01-30T15:00:00Z,-9999,-9999,-9999,Broome,-35996.4,DAMPIER_202009_DNE,1,January,50.6,19.4,28.2
2020-01-30T16:00:00Z,-9999,-9999,-9999,Broome,-35996.4,DAMPIER_202009_DNE,1,January,50.6,19.4,28.2
2020-01-30T17:00:00Z,-9999,-9999,-9999,Broome,-35996.4,DAMPIER_202009_DNE,1,January,50.6,19.4,28.2
2020-01-30T18:00:00Z,-9999,-9999,-9999,Broome,-35996.4,DAMPIER_202009_DNE,1,January,50.6,19.4,28.2
2020-01-30T19:00:00Z,-9999,-9999,-9999,Broome,-35996.4,DAMPIER_202009_DNE,1,January,50.6,19.4,28.2
2020-01-30T20:00:00Z,-9999,-9999,-9999,Broome,-35996.4,DAMPIER_202009_DNE,1,January,50.6,19.4,28.2
2020-01-30T21:00:00Z,-9999,-9999,-9999,Broome,-35996.4,DAMPIER_202009_DNE,1,January,50.6,19.4,28.2
2020-01-30T22:00:00Z,4.211,-9999,-9999,Broome,-35996.4,DAMPIER_202009_DNE,1,January,50.6,19.4,28.2
2020-01-30T23:00:00Z,2.855,-9999,-9999,Broome,-35996.4,DAMPIER_202009_DNE,1,January,50.6,19.4,28.2
2020-01-31T00:00:00Z,2.392,-9999,-9999,Broome,-35996.4,DAMPIER_202009_DNE,1,January,50.6,19.4,28.2
2020-01-31T01:00:00Z,2.703,-9999,-9999,Broome,-35996.4,DAMPIER_202009_DNE,1,January,50.6,19.4,28.2
2020-01-31T02:00:00Z,3.892,-9999,-9999,Broome,-35996.4,DAMPIER_202009_DNE,1,January,50.6,19.4,28.2
2020-01-31T03:00:00Z,5.253,-9999,-9999,Broome,-35996.4,DAMPIER_202009_DNE,1,January,50.6,19.4,28.2
2020-01-31T04:00:00Z,6.619,-9999,-9999,Broome,-35996.4,DAMPIER_202009_DNE,1,January,50.6,19.4,28.2
2020-01-31T05:00:00Z,7.84,-9999,-9999,Broome,-35996.4,DAMPIER_202009_DNE,1,January,50.6,19.4,28.2
2020-01-31T06:00:00Z,8.507,-9999,-9999,Broome,-35996.4,DAMPIER_202009_DNE,1,January,50.6,19.4,28.2
2020-01-31T07:00:00Z,8.172,-9999,-9999,Broome,-35996.4,DAMPIER_202009_DNE,1,January,50.6,19.4,28.2
2020-01-31T08:00:00Z,7.147,-9999,-9999,Broome,-35996.4,DAMPIER_202009_DNE,1,January,50.6,19.4,28.2
2020-01-31T09:00:00Z,5.955,-9999,-9999,Broome,-35996.4,DAMPIER_202009_DNE,1,January,50.6,19.4,28.2
2020-01-31T10:00:00Z,4.711,-9999,-9999,Broome,-35996.4,DAMPIER_202009_DNE,1,January,50.6,19.4,28.2
2020-01-31T11:00:00Z,3.565,-9999,-9999,Broome,-35996.4,DAMPIER_202009_DNE,1,January,50.6,19.4,28.2
2020-01-31T12:00:00Z,2.805,-9999,-9999,Broome,-35996.4,DAMPIER_202009_DNE,1,January,50.6,19.4,28.2
2020-01-31T13:00:00Z,2.876,-9999,-9999,Broome,-35996.4,DAMPIER_202009_DNE,1,January,50.6,19.4,28.2
2020-01-31T14:00:00Z,3.843,-9999,-9999,Broome,-35996.4,DAMPIER_202009_DNE,1,January,50.6,19.4,28.2
2020-01-31T15:00:00Z,5.124,-9999,-9999,Broome,-35996.4,DAMPIER_202009_DNE,1,January,50.6,19.4,28.2
2020-01-31T16:00:00Z,6.371,-9999,-9999,Broome,-35996.4,DAMPIER_202009_DNE,1,January,50.6,19.4,28.2
2020-01-31T17:00:00Z,7.421,-9999,-9999,Broome,-35996.4,DAMPIER_202009_DNE,1,January,50.6,19.4,28.2
2020-01-31T18:00:00Z,8.061,-9999,-9999,Broome,-35996.4,DAMPIER_202009_DNE,1,January,50.6,19.4,28.2
2020-01-31T19:00:00Z,7.902,-9999,-9999,Broome,-35996.4,DAMPIER_202009_DNE,1,January,50.6,19.4,28.2
2020-01-31T20:00:00Z,7.034,-9999,-9999,Broome,-35996.4,DAMPIER_202009_DNE,1,January,50.6,19.4,28.2
2020-01-31T21:00:00Z,5.956,-9999,-9999,Broome,-35996.4,DAMPIER_202009_DNE,1,January,50.6,19.4,28.2
2020-01-31T22:00:00Z,4.807,-9999,-9999,Broome,-35996.4,DAMPIER_202009_DNE,1,January,50.6,19.4,28.2
2020-01-31T23:00:00Z,3.697,-9999,-9999,Broome,-35996.4,DAMPIER_202009_DNE,1,January,50.6,19.4,28.2
2020-02-01T00:00:00Z,2.894,-9999,-9999,Broome,-35996.4,DAMPIER_202009_DNE,2,February,73.6,18.8,26.4
2020-02-01T01:00:00Z,2.795,-9999,-9999,Broome,-35996.4,DAMPIER_202009_DNE,2,February,73.6,18.8,26.4
2020-02-01T02:00:00Z,3.565,-9999,-9999,Broome,-35996.4,DAMPIER_202009_DNE,2,February,73.6,18.8,26.4
2020-02-01T03:00:00Z,4.74,-9999,-9999,Broome,-35996.4,DAMPIER_202009_DNE,2,February,73.6,18.8,26.4
2020-02-01T04:00:00Z,5.954,-9999,-9999,Broome,-35996.4,DAMPIER_202009_DNE,2,February,73.6,18.8,26.4
2020-02-01T05:00:00Z,7.089,-9999,-9999,Broome,-35996.4,DAMPIER_202009_DNE,2,February,73.6,18.8,26.4
2020-02-01T06:00:00Z,7.95,-9999,-9999,Broome,-35996.4,DAMPIER_202009_DNE,2,February,73.6,18.8,26.4
2020-02-01T07:00:00Z,8.13,-9999,-9999,Broome,-35996.4,DAMPIER_202009_DNE,2,February,73.6,18.8,26.4
2020-02-01T08:00:00Z,7.498,-9999,-9999,Broome,-35996.4,DAMPIER_202009_DNE,2,February,73.6,18.8,26.4
2020-02-01T09:00:00Z,6.486,-9999,-9999,Broome,-35996.4,DAMPIER_202009_DNE,2,February,73.6,18.8,26.4
2020-02-01T10:00:00Z,5.378,-9999,-9999,Broome,-35996.4,DAMPIER_202009_DNE,2,February,73.6,18.8,26.4
2020-02-01T11:00:00Z,4.299,-9999,-9999,Broome,-35996.4,DAMPIER_202009_DNE,2,February,73.6,18.8,26.4
2020-02-01T12:00:00Z,3.454,-9999,-9999,Broome,-35996.4,DAMPIER_202009_DNE,2,February,73.6,18.8,26.4
2020-02-01T13:00:00Z,3.166,-9999,-9999,Broome,-35996.4,DAMPIER_202009_DNE,2,February,73.6,18.8,26.4
2020-02-01T14:00:00Z,3.708,-9999,-9999,Broome,-35996.4,DAMPIER_202009_DNE,2,February,73.6,18.8,26.4
2020-02-01T15:00:00Z,4.718,-9999,-9999,Broome,-35996.4,DAMPIER_202009_DNE,2,February,73.6,18.8,26.4
2020-02-01T16:00:00Z,5.731,-9999,-9999,Broome,-35996.4,DAMPIER_202009_DNE,2,February,73.6,18.8,26.4
2020-02-01T17:00:00Z,6.626,-9999,-9999,Broome,-35996.4,DAMPIER_202009_DNE,2,February,73.6,18.8,26.4
2020-02-01T18:00:00Z,7.323,-9999,-9999,Broome,-35996.4,DAMPIER_202009_DNE,2,February,73.6,18.8,26.4
2020-02-01T19:00:00Z,7.574,-9999,-9999,Broome,-35996.4,DAMPIER_202009_DNE,2,February,73.6,18.8,26.4
2020-02-01T20:00:00Z,7.106,-9999,-9999,Broome,-35996.4,DAMPIER_202009_DNE,2,February,73.6,18.8,26.4
2020-02-01T21:00:00Z,6.221,-9999,-9999,Broome,-35996.4,DAMPIER_202009_DNE,2,February,73.6,18.8,26.4
2020-02-01T22:00:00Z,5.29,-9999,-9999,Broome,-35996.4,DAMPIER_202009_DNE,2,February,73.6,18.8,26.4
2020-02-01T23:00:00Z,4.361,-9999,-9999,Broome,-35996.4,DAMPIER_202009_DNE,2,February,73.6,18.8,26.4
2020-02-02T00:00:00Z,3.568,-9999,-9999,Broome,-35996.4,DAMPIER_202009_DNE,2,February,73.6,18.8,26.4
2020-02-02T01:00:00Z,3.219,-9999,-9999,Broome,-35996.4,DAMPIER_202009_DNE,2,February,73.6,18.8,26.4
2020-02-02T02:00:00Z,3.606,-9999,-9999,Broome,-35996.4,DAMPIER_202009_DNE,2,February,73.6,18.8,26.4
2020-02-02T03:00:00Z,4.503,-9999,-9999,Broome,-35996.4,DAMPIER_202009_DNE,2,February,73.6,18.8,26.4
2020-02-02T04:00:00Z,5.481,-9999,-9999,Broome,-35996.4,DAMPIER_202009_DNE,2,February,73.6,18.8,26.4
2020-02-02T05:00:00Z,6.436,-9999,-9999,Broome,-35996.4,DAMPIER_202009_DNE,2,February,73.6,18.8,26.4
2020-02-02T06:00:00Z,7.279,-9999,-9999,Broome,-35996.4,DAMPIER_202009_DNE,2,February,73.6,18.8,26.4
2020-02-02T07:00:00Z,7.736,-9999,-9999,Broome,-35996.4,DAMPIER_202009_DNE,2,February,73.6,18.8,26.4
2020-02-02T08:00:00Z,7.535,-9999,-9999,Broome,-35996.4,DAMPIER_202009_DNE,2,February,73.6,18.8,26.4
2020-02-02T09:00:00Z,6.816,-9999,-9999,Broome,-35996.4,DAMPIER_202009_DNE,2,February,73.6,18.8,26.4
2020-02-02T10:00:00Z,5.929,-9999,-9999,Broome,-35996.4,DAMPIER_202009_DNE,2,February,73.6,18.8,26.4
2020-02-02T11:00:00Z,5.015,-9999,-9999,Broome,-35996.4,DAMPIER_202009_DNE,2,February,73.6,18.8,26.4
2020-02-02T12:00:00Z,4.216,-9999,-9999,Broome,-35996.4,DAMPIER_202009_DNE,2,February,73.6,18.8,26.4
2020-02-02T13:00:00Z,3.746,-9999,-9999,Broome,-35996.4,DAMPIER_202009_DNE,2,February,73.6,18.8,26.4
2020-02-02T14:00:00Z,3.836,-9999,-9999,Broome,-35996.4,DAMPIER_202009_DNE,2,February,73.6,18.8,26.4
2020-02-02T15:00:00Z,4.443,-9999,-9999,Broome,-35996.4,DAMPIER_202009_DNE,2,February,73.6,18.8,26.4
2020-02-02T16:00:00Z,5.184,-9999,-9999,Broome,-35996.4,DAMPIER_202009_DNE,2,February,73.6,18.8,26.4
2020-02-02T17:00:00Z,5.852,-9999,-9999,Broome,-35996.4,DAMPIER_202009_DNE,2,February,73.6,18.8,26.4
2020-02-02T18:00:00Z,6.428,-9999,-9999,Broome,-35996.4,DAMPIER_202009_DNE,2,February,73.6,18.8,26.4
2020-02-02T19:00:00Z,6.817,-9999,-9999,Broome,-35996.4,DAMPIER_202009_DNE,2,February,73.6,18.8,26.4
2020-02-02T20:00:00Z,6.798,-9999,-9999,Broome,-35996.4,DAMPIER_202009_DNE,2,February,73.6,18.8,26.4
2020-02-02T21:00:00Z,6.334,-9999,-9999,Broome,-35996.4,DAMPIER_202009_DNE,2,February,73.6,18.8,26.4
2020-02-02T22:00:00Z,5.698,-9999,-9999,Broome,-35996.4,DAMPIER_202009_DNE,2,February,73.6,18.8,26.4
2020-02-02T23:00:00Z,5.031,-9999,-9999,Broome,-35996.4,DAMPIER_202009_DNE,2,February,73.6,18.8,26.4
2020-02-03T00:00:00Z,4.384,-9999,-9999,Broome,-35996.4,DAMPIER_202009_DNE,2,February,73.6,18.8,26.4
2020-02-03T01:00:00Z,3.946,-9999,-9999,Broome,-35996.4,DAMPIER_202009_DNE,2,February,73.6,18.8,26.4
2020-02-03T02:00:00Z,3.913,-9999,-9999,Broome,-35996.4,DAMPIER_202009_DNE,2,February,73.6,18.8,26.4
2020-02-03T03:00:00Z,4.343,-9999,-9999,Broome,-35996.4,DAMPIER_202009_DNE,2,February,73.6,18.8,26.4
2020-02-03T04:00:00Z,5.046,-9999,-9999,Broome,-35996.4,DAMPIER_202009_DNE,2,February,73.6,18.8,26.4
2020-02-03T05:00:00Z,5.822,-9999,-9999,Broome,-35996.4,DAMPIER_202009_DNE,2,February,73.6,18.8,26.4
2020-02-03T06:00:00Z,6.522,-9999,-9999,Broome,-35996.4,DAMPIER_202009_DNE,2,February,73.6,18.8,26.4
2020-02-03T07:00:00Z,7.014,-9999,-9999,Broome,-35996.4,DAMPIER_202009_DNE,2,February,73.6,18.8,26.4
2020-02-03T08:00:00Z,7.223,-9999,-9999,Broome,-35996.4,DAMPIER_202009_DNE,2,February,73.6,18.8,26.4
2020-02-03T09:00:00Z,7.002,-9999,-9999,Broome,-35996.4,DAMPIER_202009_DNE,2,February,73.6,18.8,26.4
2020-02-03T10:00:00Z,6.402,-9999,-9999,Broome,-35996.4,DAMPIER_202009_DNE,2,February,73.6,18.8,26.4
2020-02-03T11:00:00Z,5.679,-9999,-9999,Broome,-35996.4,DAMPIER_202009_DNE,2,February,73.6,18.8,26.4
2020-02-03T12:00:00Z,5.031,-9999,-9999,Broome,-35996.4,DAMPIER_202009_DNE,2,February,73.6,18.8,26.4
2020-02-03T13:00:00Z,4.519,-9999,-9999,Broome,-35996.4,DAMPIER_202009_DNE,2,February,73.6,18.8,26.4
2020-02-03T14:00:00Z,4.245,-9999,-9999,Broome,-35996.4,DAMPIER_202009_DNE,2,February,73.6,18.8,26.4
2020-02-03T15:00:00Z,4.326,-9999,-9999,Broome,-35996.4,DAMPIER_202009_DNE,2,February,73.6,18.8,26.4
2020-02-03T16:00:00Z,4.711,-9999,-9999,Broome,-35996.4,DAMPIER_202009_DNE,2,February,73.6,18.8,26.4
2020-02-03T17:00:00Z,5.166,-9999,-9999,Broome,-35996.4,DAMPIER_202009_DNE,2,February,73.6,18.8,26.4
2020-02-03T18:00:00Z,5.595,-9999,-9999,Broome,-35996.4,DAMPIER_202009_DNE,2,February,73.6,18.8,26.4
2020-02-03T19:00:00Z,5.929,-9999,-9999,Broome,-35996.4,DAMPIER_202009_DNE,2,February,73.6,18.8,26.4
2020-02-03T20:00:00Z,6.145,-9999,-9999,Broome,-35996.4,DAMPIER_202009_DNE,2,February,73.6,18.8,26.4
2020-02-03T21:00:00Z,6.154,-9999,-9999,Broome,-35996.4,DAMPIER_202009_DNE,2,February,73.6,18.8,26.4
2020-02-03T22:00:00Z,5.873,-9999,-9999,Broome,-35996.4,DAMPIER_202009_DNE,2,February,73.6,18.8,26.4
2020-02-03T23:00:00Z,5.458,-9999,-9999,Broome,-35996.4,DAMPIER_202009_DNE,2,February,73.6,18.8,26.4
2020-02-04T00:00:00Z,5.07,-9999,-9999,Broome,-35996.4,DAMPIER_202009_DNE,2,February,73.6,18.8,26.4
2020-02-04T01:00:00Z,4.729,-9999,-9999,Broome,-35996.4,DAMPIER_202009_DNE,2,February,73.6,18.8,26.4
2020-02-04T02:00:00Z,4.477,-9999,-9999,Broome,-35996.4,DAMPIER_202009_DNE,2,February,73.6,18.8,26.4
2020-02-04T03:00:00Z,4.468,-9999,-9999,Broome,-35996.4,DAMPIER_202009_DNE,2,February,73.6,18.8,26.4
2020-02-04T04:00:00Z,4.745,-9999,-9999,Broome,-35996.4,DAMPIER_202009_DNE,2,February,73.6,18.8,26.4
2020-02-04T05:00:00Z,5.222,-9999,-9999,Broome,-35996.4,DAMPIER_202009_DNE,2,February,73.6,18.8,26.4
2020-02-04T06:00:00Z,5.79,-9999,-9999,Broome,-35996.4,DAMPIER_202009_DNE,2,February,73.6,18.8,26.4
2020-02-04T07:00:00Z,6.287,-9999,-9999,Broome,-35996.4,DAMPIER_202009_DNE,2,February,73.6,18.8,26.4
2020-02-04T08:00:00Z,6.602,-9999,-9999,Broome,-35996.4,DAMPIER_202009_DNE,2,February,73.6,18.8,26.4
2020-02-04T09:00:00Z,6.745,-9999,-9999,Broome,-35996.4,DAMPIER_202009_DNE,2,February,73.6,18.8,26.4
2020-02-04T10:00:00Z,6.622,-9999,-9999,Broome,-35996.4,DAMPIER_202009_DNE,2,February,73.6,18.8,26.4
2020-02-04T11:00:00Z,6.257,-9999,-9999,Broome,-35996.4,DAMPIER_202009_DNE,2,February,73.6,18.8,26.4
2020-02-04T12:00:00Z,5.822,-9999,-9999,Broome,-35996.4,DAMPIER_202009_DNE,2,February,73.6,18.8,26.4
2020-02-04T13:00:00Z,5.351,-9999,-9999,Broome,-35996.4,DAMPIER_202009_DNE,2,February,73.6,18.8,26.4
2020-02-04T14:00:00Z,4.895,-9999,-9999,Broome,-35996.4,DAMPIER_202009_DNE,2,February,73.6,18.8,26.4
2020-02-04T15:00:00Z,4.665,-9999,-9999,Broome,-35996.4,DAMPIER_202009_DNE,2,February,73.6,18.8,26.4
2020-02-04T16:00:00Z,4.613,-9999,-9999,Broome,-35996.4,DAMPIER_202009_DNE,2,February,73.6,18.8,26.4
2020-02-04T17:00:00Z,4.664,-9999,-9999,Broome,-35996.4,DAMPIER_202009_DNE,2,February,73.6,18.8,26.4
2020-02-04T18:00:00Z,4.788,-9999,-9999,Broome,-35996.4,DAMPIER_202009_DNE,2,February,73.6,18.8,26.4
2020-02-04T19:00:00Z,5.018,-9999,-9999,Broome,-35996.4,DAMPIER_202009_DNE,2,February,73.6,18.8,26.4
2020-02-04T20:00:00Z,5.379,-9999,-9999,Broome,-35996.4,DAMPIER_202009_DNE,2,February,73.6,18.8,26.4
2020-02-04T21:00:00Z,5.707,-9999,-9999,Broome,-35996.4,DAMPIER_202009_DNE,2,February,73.6,18.8,26.4
2020-02-04T22:00:00Z,5.879,-9999,-9999,Broome,-35996.4,DAMPIER_202009_DNE,2,February,73.6,18.8,26.4
2020-02-04T23:00:00Z,5.881,-9999,-9999,Broome,-35996.4,DAMPIER_202009_DNE,2,February,73.6,18.8,26.4
2020-02-05T00:00:00Z,5.767,-9999,-9999,Broome,-35996.4,DAMPIER_202009_DNE,2,February,73.6,18.8,26.4
2020-02-05T01:00:00Z,5.601,-9999,-9999,Broome,-35996.4,DAMPIER_202009_DNE,2,February,73.6,18.8,26.4
2020-02-05T02:00:00Z,5.331,-9999,-9999,Broome,-35996.4,DAMPIER_202009_DNE,2,February,73.6,18.8,26.4
2020-02-05T03:00:00Z,5.018,-9999,-9999,Broome,-35996.4,DAMPIER_202009_DNE,2,February,73.6,18.8,26.4
2020-02-05T04:00:00Z,4.839,-9999,-9999,Broome,-35996.4,DAMPIER_202009_DNE,2,February,73.6,18.8,26.4
2020-02-05T05:00:00Z,4.838,-9999,-9999,Broome,-35996.4,DAMPIER_202009_DNE,2,February,73.6,18.8,26.4
2020-02-05T06:00:00Z,5.025,-9999,-9999,Broome,-35996.4,DAMPIER_202009_DNE,2,February,73.6,18.8,26.4
2020-02-05T07:00:00Z,5.416,-9999,-9999,Broome,-35996.4,DAMPIER_202009_DNE,2,February,73.6,18.8,26.4
2020-02-05T08:00:00Z,5.858,-9999,-9999,Broome,-35996.4,DAMPIER_202009_DNE,2,February,73.6,18.8,26.4
2020-02-05T09:00:00Z,6.272,-9999,-9999,Broome,-35996.4,DAMPIER_202009_DNE,2,February,73.6,18.8,26.4
2020-02-05T10:00:00Z,6.502,-9999,-9999,Broome,-35996.4,DAMPIER_202009_DNE,2,February,73.6,18.8,26.4
2020-02-05T11:00:00Z,6.567,-9999,-9999,Broome,-35996.4,DAMPIER_202009_DNE,2,February,73.6,18.8,26.4
2020-02-05T12:00:00Z,6.479,-9999,-9999,Broome,-35996.4,DAMPIER_202009_DNE,2,February,73.6,18.8,26.4
2020-02-05T13:00:00Z,6.239,-9999,-9999,Broome,-35996.4,DAMPIER_202009_DNE,2,February,73.6,18.8,26.4
2020-02-05T14:00:00Z,5.81,-9999,-9999,Broome,-35996.4,DAMPIER_202009_DNE,2,February,73.6,18.8,26.4
2020-02-05T15:00:00Z,5.334,-9999,-9999,Broome,-35996.4,DAMPIER_202009_DNE,2,February,73.6,18.8,26.4
2020-02-05T16:00:00Z,4.857,-9999,-9999,Broome,-35996.4,DAMPIER_202009_DNE,2,February,73.6,18.8,26.4
2020-02-05T17:00:00Z,4.37,-9999,-9999,Broome,-35996.4,DAMPIER_202009_DNE,2,February,73.6,18.8,26.4
2020-02-05T18:00:00Z,4.08,-9999,-9999,Broome,-35996.4,DAMPIER_202009_DNE,2,February,73.6,18.8,26.4
2020-02-05T19:00:00Z,4.116,-9999,-9999,Broome,-35996.4,DAMPIER_202009_DNE,2,February,73.6,18.8,26.4
2020-02-05T20:00:00Z,4.434,-9999,-9999,Broome,-35996.4,DAMPIER_202009_DNE,2,February,73.6,18.8,26.4
2020-02-05T21:00:00Z,4.911,-9999,-9999,Broome,-35996.4,DAMPIER_202009_DNE,2,February,73.6,18.8,26.4
2020-02-05T22:00:00Z,5.442,-9999,-9999,Broome,-35996.4,DAMPIER_202009_DNE,2,February,73.6,18.8,26.4
2020-02-05T23:00:00Z,5.965,-9999,-9999,Broome,-35996.4,DAMPIER_202009_DNE,2,February,73.6,18.8,26.4
2020-02-06T00:00:00Z,6.319,-9999,-9999,Broome,-35996.4,DAMPIER_202009_DNE,2,February,73.6,18.8,26.4
2020-02-06T01:00:00Z,6.441,-9999,-9999,Broome,-35996.4,DAMPIER_202009_DNE,2,February,73.6,18.8,26.4
2020-02-06T02:00:00Z,6.276,-9999,-9999,Broome,-35996.4,DAMPIER_202009_DNE,2,February,73.6,18.8,26.4
2020-02-06T03:00:00Z,5.851,-9999,-9999,Broome,-35996.4,DAMPIER_202009_DNE,2,February,73.6,18.8,26.4
2020-02-06T04:00:00Z,5.418,-9999,-9999,Broome,-35996.4,DAMPIER_202009_DNE,2,February,73.6,18.8,26.4
2020-02-06T05:00:00Z,4.979,-9999,-9999,Broome,-35996.4,DAMPIER_202009_DNE,2,February,73.6,18.8,26.4
2020-02-06T06:00:00Z,4.675,-9999,-9999,Broome,-35996.4,DAMPIER_202009_DNE,2,February,73.6,18.8,26.4
2020-02-06T07:00:00Z,4.658,-9999,-9999,Broome,-35996.4,DAMPIER_202009_DNE,2,February,73.6,18.8,26.4
2020-02-06T08:00:00Z,5.017,-9999,-9999,Broome,-35996.4,DAMPIER_202009_DNE,2,February,73.6,18.8,26.4
2020-02-06T09:00:00Z,5.554,-9999,-9999,Broome,-35996.4,DAMPIER_202009_DNE,2,February,73.6,18.8,26.4
2020-02-06T10:00:00Z,6.129,-9999,-9999,Broome,-35996.4,DAMPIER_202009_DNE,2,February,73.6,18.8,26.4
2020-02-06T11:00:00Z,6.748,-9999,-9999,Broome,-35996.4,DAMPIER_202009_DNE,2,February,73.6,18.8,26.4
2020-02-06T12:00:00Z,7.154,-9999,-9999,Broome,-35996.4,DAMPIER_202009_DNE,2,February,73.6,18.8,26.4
2020-02-06T13:00:00Z,7.196,-9999,-9999,Broome,-35996.4,DAMPIER_202009_DNE,2,February,73.6,18.8,26.4
2020-02-06T14:00:00Z,6.975,-9999,-9999,Broome,-35996.4,DAMPIER_202009_DNE,2,February,73.6,18.8,26.4
2020-02-06T15:00:00Z,6.45,-9999,-9999,Broome,-35996.4,DAMPIER_202009_DNE,2,February,73.6,18.8,26.4
2020-02-06T16:00:00Z,5.686,-9999,-9999,Broome,-35996.4,DAMPIER_202009_DNE,2,February,73.6,18.8,26.4
2020-02-06T17:00:00Z,4.882,-9999,-9999,Broome,-35996.4,DAMPIER_202009_DNE,2,February,73.6,18.8,26.4
2020-02-06T18:00:00Z,4.156,-9999,-9999,Broome,-35996.4,DAMPIER_202009_DNE,2,February,73.6,18.8,26.4
2020-02-06T19:00:00Z,3.635,-9999,-9999,Broome,-35996.4,DAMPIER_202009_DNE,2,February,73.6,18.8,26.4
2020-02-06T20:00:00Z,3.513,-9999,-9999,Broome,-35996.4,DAMPIER_202009_DNE,2,February,73.6,18.8,26.4
2020-02-06T21:00:00Z,3.952,-9999,-9999,Broome,-35996.4,DAMPIER_202009_DNE,2,February,73.6,18.8,26.4
2020-02-06T22:00:00Z,4.752,-9999,-9999,Broome,-35996.4,DAMPIER_202009_DNE,2,February,73.6,18.8,26.4
2020-02-06T23:00:00Z,5.601,-9999,-9999,Broome,-35996.4,DAMPIER_202009_DNE,2,February,73.6,18.8,26.4
2020-02-07T00:00:00Z,6.408,-9999,-9999,Broome,-35996.4,DAMPIER_202009_DNE,2,February,73.6,18.8,26.4
2020-02-07T01:00:00Z,7.074,-9999,-9999,Broome,-35996.4,DAMPIER_202009_DNE,2,February,73.6,18.8,26.4
2020-02-07T02:00:00Z,7.3,-9999,-9999,Broome,-35996.4,DAMPIER_202009_DNE,2,February,73.6,18.8,26.4
2020-02-07T03:00:00Z,6.904,-9999,-9999,Broome,-35996.4,DAMPIER_202009_DNE,2,February,73.6,18.8,26.4
2020-02-07T04:00:00Z,6.138,-9999,-9999,Broome,-35996.4,DAMPIER_202009_DNE,2,February,73.6,18.8,26.4
2020-02-07T05:00:00Z,5.359,-9999,-9999,Broome,-35996.4,DAMPIER_202009_DNE,2,February,73.6,18.8,26.4
2020-02-07T06:00:00Z,4.669,-9999,-9999,Broome,-35996.4,DAMPIER_202009_DNE,2,February,73.6,18.8,26.4
2020-02-07T07:00:00Z,4.133,-9999,-9999,Broome,-35996.4,DAMPIER_202009_DNE,2,February,73.6,18.8,26.4
2020-02-07T08:00:00Z,4.003,-9999,-9999,Broome,-35996.4,DAMPIER_202009_DNE,2,February,73.6,18.8,26.4
2020-02-07T09:00:00Z,4.409,-9999,-9999,Broome,-35996.4,DAMPIER_202009_DNE,2,February,73.6,18.8,26.4
2020-02-07T10:00:00Z,5.251,-9999,-9999,Broome,-35996.4,DAMPIER_202009_DNE,2,February,73.6,18.8,26.4
2020-02-07T11:00:00Z,6.266,-9999,-9999,Broome,-35996.4,DAMPIER_202009_DNE,2,February,73.6,18.8,26.4
2020-02-07T12:00:00Z,7.17,-9999,-9999,Broome,-35996.4,DAMPIER_202009_DNE,2,February,73.6,18.8,26.4
2020-02-07T13:00:00Z,7.799,-9999,-9999,Broome,-35996.4,DAMPIER_202009_DNE,2,February,73.6,18.8,26.4
2020-02-07T14:00:00Z,8.002,-9999,-9999,Broome,-35996.4,DAMPIER_202009_DNE,2,February,73.6,18.8,26.4
2020-02-07T15:00:00Z,7.568,-9999,-9999,Broome,-35996.4,DAMPIER_202009_DNE,2,February,73.6,18.8,26.4
2020-02-07T16:00:00Z,6.642,-9999,-9999,Broome,-35996.4,DAMPIER_202009_DNE,2,February,73.6,18.8,26.4
2020-02-07T17:00:00Z,5.522,-9999,-9999,Broome,-35996.4,DAMPIER_202009_DNE,2,February,73.6,18.8,26.4
2020-02-07T18:00:00Z,4.376,-9999,-9999,Broome,-35996.4,DAMPIER_202009_DNE,2,February,73.6,18.8,26.4
2020-02-07T19:00:00Z,3.378,-9999,-9999,Broome,-35996.4,DAMPIER_202009_DNE,2,February,73.6,18.8,26.4
2020-02-07T20:00:00Z,2.762,-9999,-9999,Broome,-35996.4,DAMPIER_202009_DNE,2,February,73.6,18.8,26.4
2020-02-07T21:00:00Z,2.884,-9999,-9999,Broome,-35996.4,DAMPIER_202009_DNE,2,February,73.6,18.8,26.4
2020-02-07T22:00:00Z,3.7,-9999,-9999,Broome,-35996.4,DAMPIER_202009_DNE,2,February,73.6,18.8,26.4
2020-02-07T23:00:00Z,4.826,-9999,-9999,Broome,-35996.4,DAMPIER_202009_DNE,2,February,73.6,18.8,26.4
2020-02-08T00:00:00Z,6.04,-9999,-9999,Broome,-35996.4,DAMPIER_202009_DNE,2,February,73.6,18.8,26.4
2020-02-08T01:00:00Z,7.155,-9999,-9999,Broome,-35996.4,DAMPIER_202009_DNE,2,February,73.6,18.8,26.4
2020-02-08T02:00:00Z,7.904,-9999,-9999,Broome,-35996.4,DAMPIER_202009_DNE,2,February,73.6,18.8,26.4
2020-02-08T03:00:00Z,7.877,-9999,-9999,Broome,-35996.4,DAMPIER_202009_DNE,2,February,73.6,18.8,26.4
2020-02-08T04:00:00Z,7.124,-9999,-9999,Broome,-35996.4,DAMPIER_202009_DNE,2,February,73.6,18.8,26.4
2020-02-08T05:00:00Z,6.099,-9999,-9999,Broome,-35996.4,DAMPIER_202009_DNE,2,February,73.6,18.8,26.4
2020-02-08T06:00:00Z,5.031,-9999,-9999,Broome,-35996.4,DAMPIER_202009_DNE,2,February,73.6,18.8,26.4
2020-02-08T07:00:00Z,4.022,-9999,-9999,Broome,-35996.4,DAMPIER_202009_DNE,2,February,73.6,18.8,26.4
2020-02-08T08:00:00Z,3.308,-9999,-9999,Broome,-35996.4,DAMPIER_202009_DNE,2,February,73.6,18.8,26.4
2020-02-08T09:00:00Z,3.218,-9999,-9999,Broome,-35996.4,DAMPIER_202009_DNE,2,February,73.6,18.8,26.4
2020-02-08T10:00:00Z,3.972,-9999,-9999,Broome,-35996.4,DAMPIER_202009_DNE,2,February,73.6,18.8,26.4
2020-02-08T11:00:00Z,5.26,-9999,-9999,Broome,-35996.4,DAMPIER_202009_DNE,2,February,73.6,18.8,26.4
2020-02-08T12:00:00Z,6.676,-9999,-9999,Broome,-35996.4,DAMPIER_202009_DNE,2,February,73.6,18.8,26.4
2020-02-08T13:00:00Z,7.888,-9999,-9999,Broome,-35996.4,DAMPIER_202009_DNE,2,February,73.6,18.8,26.4
2020-02-08T14:00:00Z,8.597,-9999,-9999,Broome,-35996.4,DAMPIER_202009_DNE,2,February,73.6,18.8,26.4
2020-02-08T15:00:00Z,8.542,-9999,-9999,Broome,-35996.4,DAMPIER_202009_DNE,2,February,73.6,18.8,26.4
2020-02-08T16:00:00Z,7.711,-9999,-9999,Broome,-35996.4,DAMPIER_202009_DNE,2,February,73.6,18.8,26.4
2020-02-08T17:00:00Z,6.526,-9999,-9999,Broome,-35996.4,DAMPIER_202009_DNE,2,February,73.6,18.8,26.4
2020-02-08T18:00:00Z,5.162,-9999,-9999,Broome,-35996.4,DAMPIER_202009_DNE,2,February,73.6,18.8,26.4
2020-02-08T19:00:00Z,3.747,-9999,-9999,Broome,-35996.4,DAMPIER_202009_DNE,2,February,73.6,18.8,26.4
2020-02-08T20:00:00Z,2.544,-9999,-9999,Broome,-35996.4,DAMPIER_202009_DNE,2,February,73.6,18.8,26.4
2020-02-08T21:00:00Z,1.878,-9999,-9999,Broome,-35996.4,DAMPIER_202009_DNE,2,February,73.6,18.8,26.4
2020-02-08T22:00:00Z,2.245,-9999,-9999,Broome,-35996.4,DAMPIER_202009_DNE,2,February,73.6,18.8,26.4
2020-02-08T23:00:00Z,3.521,-9999,-9999,Broome,-35996.4,DAMPIER_202009_DNE,2,February,73.6,18.8,26.4
2020-02-09T00:00:00Z,5.13,-9999,-9999,Broome,-35996.4,DAMPIER_202009_DNE,2,February,73.6,18.8,26.4
2020-02-09T01:00:00Z,6.754,-9999,-9999,Broome,-35996.4,DAMPIER_202009_DNE,2,February,73.6,18.8,26.4
2020-02-09T02:00:00Z,8.094,-9999,-9999,Broome,-35996.4,DAMPIER_202009_DNE,2,February,73.6,18.8,26.4
2020-02-09T03:00:00Z,8.705,-9999,-9999,Broome,-35996.4,DAMPIER_202009_DNE,2,February,73.6,18.8,26.4
2020-02-09T04:00:00Z,8.201,-9999,-9999,Broome,-35996.4,DAMPIER_202009_DNE,2,February,73.6,18.8,26.4
2020-02-09T05:00:00Z,6.992,-9999,-9999,Broome,-35996.4,DAMPIER_202009_DNE,2,February,73.6,18.8,26.4
2020-02-09T06:00:00Z,5.67,-9999,-9999,Broome,-35996.4,DAMPIER_202009_DNE,2,February,73.6,18.8,26.4
2020-02-09T07:00:00Z,4.325,-9999,-9999,Broome,-35996.4,DAMPIER_202009_DNE,2,February,73.6,18.8,26.4
2020-02-09T08:00:00Z,3.114,-9999,-9999,Broome,-35996.4,DAMPIER_202009_DNE,2,February,73.6,18.8,26.4
2020-02-09T09:00:00Z,2.389,-9999,-9999,Broome,-35996.4,DAMPIER_202009_DNE,2,February,73.6,18.8,26.4
2020-02-09T10:00:00Z,2.679,-9999,-9999,Broome,-35996.4,DAMPIER_202009_DNE,2,February,73.6,18.8,26.4
2020-02-09T11:00:00Z,3.958,-9999,-9999,Broome,-35996.4,DAMPIER_202009_DNE,2,February,73.6,18.8,26.4
2020-02-09T12:00:00Z,5.597,-9999,-9999,Broome,-35996.4,DAMPIER_202009_DNE,2,February,73.6,18.8,26.4
2020-02-09T13:00:00Z,7.24,-9999,-9999,Broome,-35996.4,DAMPIER_202009_DNE,2,February,73.6,18.8,26.4
2020-02-09T14:00:00Z,8.63,-9999,-9999,Broome,-35996.4,DAMPIER_202009_DNE,2,February,73.6,18.8,26.4
2020-02-09T15:00:00Z,9.357,-9999,-9999,Broome,-35996.4,DAMPIER_202009_DNE,2,February,73.6,18.8,26.4
2020-02-09T16:00:00Z,8.993,-9999,-9999,Broome,-35996.4,DAMPIER_202009_DNE,2,February,73.6,18.8,26.4
2020-02-09T17:00:00Z,7.69,-9999,-9999,Broome,-35996.4,DAMPIER_202009_DNE,2,February,73.6,18.8,26.4
2020-02-09T18:00:00Z,6.114,-9999,-9999,Broome,-35996.4,DAMPIER_202009_DNE,2,February,73.6,18.8,26.4
2020-02-09T19:00:00Z,4.46,-9999,-9999,Broome,-35996.4,DAMPIER_202009_DNE,2,February,73.6,18.8,26.4
2020-02-09T20:00:00Z,2.87,-9999,-9999,Broome,-35996.4,DAMPIER_202009_DNE,2,February,73.6,18.8,26.4
2020-02-09T21:00:00Z,1.614,-9999,-9999,Broome,-35996.4,DAMPIER_202009_DNE,2,February,73.6,18.8,26.4
2020-02-09T22:00:00Z,1.334,-9999,-9999,Broome,-35996.4,DAMPIER_202009_DNE,2,February,73.6,18.8,26.4
2020-02-09T23:00:00Z,2.379,-9999,-9999,Broome,-35996.4,DAMPIER_202009_DNE,2,February,73.6,18.8,26.4
2020-02-10T00:00:00Z,4.011,-9999,-9999,Broome,-35996.4,DAMPIER_202009_DNE,2,February,73.6,18.8,26.4
2020-02-10T01:00:00Z,5.786,-9999,-9999,Broome,-35996.4,DAMPIER_202009_DNE,2,February,73.6,18.8,26.4
2020-02-10T02:00:00Z,7.534,-9999,-9999,Broome,-35996.4,DAMPIER_202009_DNE,2,February,73.6,18.8,26.4
2020-02-10T03:00:00Z,8.888,-9999,-9999,Broome,-35996.4,DAMPIER_202009_DNE,2,February,73.6,18.8,26.4
2020-02-10T04:00:00Z,9.136,-9999,-9999,Broome,-35996.4,DAMPIER_202009_DNE,2,February,73.6,18.8,26.4
2020-02-10T05:00:00Z,8.181,-9999,-9999,Broome,-35996.4,DAMPIER_202009_DNE,2,February,73.6,18.8,26.4
2020-02-10T06:00:00Z,6.75,-9999,-9999,Broome,-35996.4,DAMPIER_202009_DNE,2,February,73.6,18.8,26.4
2020-02-10T07:00:00Z,5.19,-9999,-9999,Broome,-35996.4,DAMPIER_202009_DNE,2,February,73.6,18.8,26.4
2020-02-10T08:00:00Z,3.584,-9999,-9999,Broome,-35996.4,DAMPIER_202009_DNE,2,February,73.6,18.8,26.4
2020-02-10T09:00:00Z,2.218,-9999,-9999,Broome,-35996.4,DAMPIER_202009_DNE,2,February,73.6,18.8,26.4
2020-02-10T10:00:00Z,1.624,-9999,-9999,Broome,-35996.4,DAMPIER_202009_DNE,2,February,73.6,18.8,26.4
2020-02-10T11:00:00Z,2.447,-9999,-9999,Broome,-35996.4,DAMPIER_202009_DNE,2,February,73.6,18.8,26.4
2020-02-10T12:00:00Z,4.169,-9999,-9999,Broome,-35996.4,DAMPIER_202009_DNE,2,February,73.6,18.8,26.4
2020-02-10T13:00:00Z,6.097,-9999,-9999,Broome,-35996.4,DAMPIER_202009_DNE,2,February,73.6,18.8,26.4
2020-02-10T14:00:00Z,7.996,-9999,-9999,Broome,-35996.4,DAMPIER_202009_DNE,2,February,73.6,18.8,26.4
2020-02-10T15:00:00Z,9.415,-9999,-9999,Broome,-35996.4,DAMPIER_202009_DNE,2,February,73.6,18.8,26.4
2020-02-10T16:00:00Z,9.77,-9999,-9999,Broome,-35996.4,DAMPIER_202009_DNE,2,February,73.6,18.8,26.4
2020-02-10T17:00:00Z,8.866,-9999,-9999,Broome,-35996.4,DAMPIER_202009_DNE,2,February,73.6,18.8,26.4
2020-02-10T18:00:00Z,7.288,-9999,-9999,Broome,-35996.4,DAMPIER_202009_DNE,2,February,73.6,18.8,26.4
2020-02-10T19:00:00Z,5.554,-9999,-9999,Broome,-35996.4,DAMPIER_202009_DNE,2,February,73.6,18.8,26.4
2020-02-10T20:00:00Z,3.715,-9999,-9999,Broome,-35996.4,DAMPIER_202009_DNE,2,February,73.6,18.8,26.4
2020-02-10T21:00:00Z,2.031,-9999,-9999,Broome,-35996.4,DAMPIER_202009_DNE,2,February,73.6,18.8,26.4
2020-02-10T22:00:00Z,0.923,-9999,-9999,Broome,-35996.4,DAMPIER_202009_DNE,2,February,73.6,18.8,26.4
2020-02-10T23:00:00Z,1.209,-9999,-9999,Broome,-35996.4,DAMPIER_202009_DNE,2,February,73.6,18.8,26.4
2020-02-11T00:00:00Z,2.748,-9999,-9999,Broome,-35996.4,DAMPIER_202009_DNE,2,February,73.6,18.8,26.4
2020-02-11T01:00:00Z,4.646,-9999,-9999,Broome,-35996.4,DAMPIER_202009_DNE,2,February,73.6,18.8,26.4
2020-02-11T02:00:00Z,6.659,-9999,-9999,Broome,-35996.4,DAMPIER_202009_DNE,2,February,73.6,18.8,26.4
2020-02-11T03:00:00Z,8.506,-9999,-9999,Broome,-35996.4,DAMPIER_202009_DNE,2,February,73.6,18.8,26.4
2020-02-11T04:00:00Z,9.537,-9999,-9999,Broome,-35996.4,DAMPIER_202009_DNE,2,February,73.6,18.8,26.4
2020-02-11T05:00:00Z,9.211,-9999,-9999,Broome,-35996.4,DAMPIER_202009_DNE,2,February,73.6,18.8,26.4
2020-02-11T06:00:00Z,7.838,-9999,-9999,Broome,-35996.4,DAMPIER_202009_DNE,2,February,73.6,18.8,26.4
2020-02-11T07:00:00Z,6.196,-9999,-9999,Broome,-35996.4,DAMPIER_202009_DNE,2,February,73.6,18.8,26.4
2020-02-11T08:00:00Z,4.476,-9999,-9999,Broome,-35996.4,DAMPIER_202009_DNE,2,February,73.6,18.8,26.4
2020-02-11T09:00:00Z,2.81,-9999,-9999,Broome,-35996.4,DAMPIER_202009_DNE,2,February,73.6,18.8,26.4
2020-02-11T10:00:00Z,1.502,-9999,-9999,Broome,-35996.4,DAMPIER_202009_DNE,2,February,73.6,18.8,26.4
2020-02-11T11:00:00Z,1.335,-9999,-9999,Broome,-35996.4,DAMPIER_202009_DNE,2,February,73.6,18.8,26.4
2020-02-11T12:00:00Z,2.713,-9999,-9999,Broome,-35996.4,DAMPIER_202009_DNE,2,February,73.6,18.8,26.4
2020-02-11T13:00:00Z,4.69,-9999,-9999,Broome,-35996.4,DAMPIER_202009_DNE,2,February,73.6,18.8,26.4
2020-02-11T14:00:00Z,6.777,-9999,-9999,Broome,-35996.4,DAMPIER_202009_DNE,2,February,73.6,18.8,26.4
2020-02-11T15:00:00Z,8.744,-9999,-9999,Broome,-35996.4,DAMPIER_202009_DNE,2,February,73.6,18.8,26.4
2020-02-11T16:00:00Z,9.877,-9999,-9999,Broome,-35996.4,DAMPIER_202009_DNE,2,February,73.6,18.8,26.4
2020-02-11T17:00:00Z,9.665,-9999,-9999,Broome,-35996.4,DAMPIER_202009_DNE,2,February,73.6,18.8,26.4
2020-02-11T18:00:00Z,8.379,-9999,-9999,Broome,-35996.4,DAMPIER_202009_DNE,2,February,73.6,18.8,26.4
2020-02-11T19:00:00Z,6.688,-9999,-9999,Broome,-35996.4,DAMPIER_202009_DNE,2,February,73.6,18.8,26.4
2020-02-11T20:00:00Z,4.844,-9999,-9999,Broome,-35996.4,DAMPIER_202009_DNE,2,February,73.6,18.8,26.4
2020-02-11T21:00:00Z,2.973,-9999,-9999,Broome,-35996.4,DAMPIER_202009_DNE,2,February,73.6,18.8,26.4
2020-02-11T22:00:00Z,1.39,-9999,-9999,Broome,-35996.4,DAMPIER_202009_DNE,2,February,73.6,18.8,26.4
2020-02-11T23:00:00Z,0.723,-9999,-9999,Broome,-35996.4,DAMPIER_202009_DNE,2,February,73.6,18.8,26.4
2020-02-12T00:00:00Z,1.663,-9999,-9999,Broome,-35996.4,DAMPIER_202009_DNE,2,February,73.6,18.8,26.4
2020-02-12T01:00:00Z,3.475,-9999,-9999,Broome,-35996.4,DAMPIER_202009_DNE,2,February,73.6,18.8,26.4
2020-02-12T02:00:00Z,5.483,-9999,-9999,Broome,-35996.4,DAMPIER_202009_DNE,2,February,73.6,18.8,26.4
2020-02-12T03:00:00Z,7.569,-9999,-9999,Broome,-35996.4,DAMPIER_202009_DNE,2,February,73.6,18.8,26.4
2020-02-12T04:00:00Z,9.276,-9999,-9999,Broome,-35996.4,DAMPIER_202009_DNE,2,February,73.6,18.8,26.4
2020-02-12T05:00:00Z,9.744,-9999,-9999,Broome,-35996.4,DAMPIER_202009_DNE,2,February,73.6,18.8,26.4
2020-02-12T06:00:00Z,8.813,-9999,-9999,Broome,-35996.4,DAMPIER_202009_DNE,2,February,73.6,18.8,26.4
2020-02-12T07:00:00Z,7.291,-9999,-9999,Broome,-35996.4,DAMPIER_202009_DNE,2,February,73.6,18.8,26.4
2020-02-12T08:00:00Z,5.602,-9999,-9999,Broome,-35996.4,DAMPIER_202009_DNE,2,February,73.6,18.8,26.4
2020-02-12T09:00:00Z,3.802,-9999,-9999,Broome,-35996.4,DAMPIER_202009_DNE,2,February,73.6,18.8,26.4
2020-02-12T10:00:00Z,2.164,-9999,-9999,Broome,-35996.4,DAMPIER_202009_DNE,2,February,73.6,18.8,26.4
2020-02-12T11:00:00Z,1.13,-9999,-9999,Broome,-35996.4,DAMPIER_202009_DNE,2,February,73.6,18.8,26.4
2020-02-12T12:00:00Z,1.573,-9999,-9999,Broome,-35996.4,DAMPIER_202009_DNE,2,February,73.6,18.8,26.4
2020-02-12T13:00:00Z,3.279,-9999,-9999,Broome,-35996.4,DAMPIER_202009_DNE,2,February,73.6,18.8,26.4
2020-02-12T14:00:00Z,5.339,-9999,-9999,Broome,-35996.4,DAMPIER_202009_DNE,2,February,73.6,18.8,26.4
2020-02-12T15:00:00Z,7.485,-9999,-9999,Broome,-35996.4,DAMPIER_202009_DNE,2,February,73.6,18.8,26.4
2020-02-12T16:00:00Z,9.25,-9999,-9999,Broome,-35996.4,DAMPIER_202009_DNE,2,February,73.6,18.8,26.4
2020-02-12T17:00:00Z,9.934,-9999,-9999,Broome,-35996.4,DAMPIER_202009_DNE,2,February,73.6,18.8,26.4
2020-02-12T18:00:00Z,9.265,-9999,-9999,Broome,-35996.4,DAMPIER_202009_DNE,2,February,73.6,18.8,26.4
2020-02-12T19:00:00Z,7.7,-9999,-9999,Broome,-35996.4,DAMPIER_202009_DNE,2,February,73.6,18.8,26.4
2020-02-12T20:00:00Z,5.937,-9999,-9999,Broome,-35996.4,DAMPIER_202009_DNE,2,February,73.6,18.8,26.4
2020-02-12T21:00:00Z,4.094,-9999,-9999,Broome,-35996.4,DAMPIER_202009_DNE,2,February,73.6,18.8,26.4
2020-02-12T22:00:00Z,2.341,-9999,-9999,Broome,-35996.4,DAMPIER_202009_DNE,2,February,73.6,18.8,26.4
2020-02-12T23:00:00Z,1.031,-9999,-9999,Broome,-35996.4,DAMPIER_202009_DNE,2,February,73.6,18.8,26.4
2020-02-13T00:00:00Z,1.02,-9999,-9999,Broome,-35996.4,DAMPIER_202009_DNE,2,February,73.6,18.8,26.4
2020-02-13T01:00:00Z,2.475,-9999,-9999,Broome,-35996.4,DAMPIER_202009_DNE,2,February,73.6,18.8,26.4
2020-02-13T02:00:00Z,4.427,-9999,-9999,Broome,-35996.4,DAMPIER_202009_DNE,2,February,73.6,18.8,26.4
2020-02-13T03:00:00Z,6.482,-9999,-9999,Broome,-35996.4,DAMPIER_202009_DNE,2,February,73.6,18.8,26.4
2020-02-13T04:00:00Z,8.45,-9999,-9999,Broome,-35996.4,DAMPIER_202009_DNE,2,February,73.6,18.8,26.4
2020-02-13T05:00:00Z,9.674,-9999,-9999,Broome,-35996.4,DAMPIER_202009_DNE,2,February,73.6,18.8,26.4
2020-02-13T06:00:00Z,9.553,-9999,-9999,Broome,-35996.4,DAMPIER_202009_DNE,2,February,73.6,18.8,26.4
2020-02-13T07:00:00Z,8.302,-9999,-9999,Broome,-35996.4,DAMPIER_202009_DNE,2,February,73.6,18.8,26.4
2020-02-13T08:00:00Z,6.67,-9999,-9999,Broome,-35996.4,DAMPIER_202009_DNE,2,February,73.6,18.8,26.4
2020-02-13T09:00:00Z,4.923,-9999,-9999,Broome,-35996.4,DAMPIER_202009_DNE,2,February,73.6,18.8,26.4
2020-02-13T10:00:00Z,3.173,-9999,-9999,Broome,-35996.4,DAMPIER_202009_DNE,2,February,73.6,18.8,26.4
2020-02-13T11:00:00Z,1.685,-9999,-9999,Broome,-35996.4,DAMPIER_202009_DNE,2,February,73.6,18.8,26.4
2020-02-13T12:00:00Z,1.123,-9999,-9999,Broome,-35996.4,DAMPIER_202009_DNE,2,February,73.6,18.8,26.4
2020-02-13T13:00:00Z,2.178,-9999,-9999,Broome,-35996.4,DAMPIER_202009_DNE,2,February,73.6,18.8,26.4
2020-02-13T14:00:00Z,4.078,-9999,-9999,Broome,-35996.4,DAMPIER_202009_DNE,2,February,73.6,18.8,26.4
2020-02-13T15:00:00Z,6.101,-9999,-9999,Broome,-35996.4,DAMPIER_202009_DNE,2,February,73.6,18.8,26.4
2020-02-13T16:00:00Z,8.018,-9999,-9999,Broome,-35996.4,DAMPIER_202009_DNE,2,February,73.6,18.8,26.4
2020-02-13T17:00:00Z,9.299,-9999,-9999,Broome,-35996.4,DAMPIER_202009_DNE,2,February,73.6,18.8,26.4
2020-02-13T18:00:00Z,9.428,-9999,-9999,Broome,-35996.4,DAMPIER_202009_DNE,2,February,73.6,18.8,26.4
2020-02-13T19:00:00Z,8.402,-9999,-9999,Broome,-35996.4,DAMPIER_202009_DNE,2,February,73.6,18.8,26.4
2020-02-13T20:00:00Z,6.854,-9999,-9999,Broome,-35996.4,DAMPIER_202009_DNE,2,February,73.6,18.8,26.4
2020-02-13T21:00:00Z,5.18,-9999,-9999,Broome,-35996.4,DAMPIER_202009_DNE,2,February,73.6,18.8,26.4
2020-02-13T22:00:00Z,3.441,-9999,-9999,Broome,-35996.4,DAMPIER_202009_DNE,2,February,73.6,18.8,26.4
2020-02-13T23:00:00Z,1.924,-9999,-9999,Broome,-35996.4,DAMPIER_202009_DNE,2,February,73.6,18.8,26.4
2020-02-14T00:00:00Z,1.164,-9999,-9999,Broome,-35996.4,DAMPIER_202009_DNE,2,February,73.6,18.8,26.4
2020-02-14T01:00:00Z,1.848,-9999,-9999,Broome,-35996.4,DAMPIER_202009_DNE,2,February,73.6,18.8,26.4
2020-02-14T02:00:00Z,3.512,-9999,-9999,Broome,-35996.4,DAMPIER_202009_DNE,2,February,73.6,18.8,26.4
2020-02-14T03:00:00Z,5.391,-9999,-9999,Broome,-35996.4,DAMPIER_202009_DNE,2,February,73.6,18.8,26.4
2020-02-14T04:00:00Z,7.312,-9999,-9999,Broome,-35996.4,DAMPIER_202009_DNE,2,February,73.6,18.8,26.4
2020-02-14T05:00:00Z,8.924,-9999,-9999,Broome,-35996.4,DAMPIER_202009_DNE,2,February,73.6,18.8,26.4
2020-02-14T06:00:00Z,9.59,-9999,-9999,Broome,-35996.4,DAMPIER_202009_DNE,2,February,73.6,18.8,26.4
2020-02-14T07:00:00Z,8.945,-9999,-9999,Broome,-35996.4,DAMPIER_202009_DNE,2,February,73.6,18.8,26.4
2020-02-14T08:00:00Z,7.542,-9999,-9999,Broome,-35996.4,DAMPIER_202009_DNE,2,February,73.6,18.8,26.4
2020-02-14T09:00:00Z,5.986,-9999,-9999,Broome,-35996.4,DAMPIER_202009_DNE,2,February,73.6,18.8,26.4
2020-02-14T10:00:00Z,4.31,-9999,-9999,Broome,-35996.4,DAMPIER_202009_DNE,2,February,73.6,18.8,26.4
2020-02-14T11:00:00Z,2.733,-9999,-9999,Broome,-35996.4,DAMPIER_202009_DNE,2,February,73.6,18.8,26.4
2020-02-14T12:00:00Z,1.598,-9999,-9999,Broome,-35996.4,DAMPIER_202009_DNE,2,February,73.6,18.8,26.4
2020-02-14T13:00:00Z,1.697,-9999,-9999,Broome,-35996.4,DAMPIER_202009_DNE,2,February,73.6,18.8,26.4
2020-02-14T14:00:00Z,3.107,-9999,-9999,Broome,-35996.4,DAMPIER_202009_DNE,2,February,73.6,18.8,26.4
2020-02-14T15:00:00Z,4.876,-9999,-9999,Broome,-35996.4,DAMPIER_202009_DNE,2,February,73.6,18.8,26.4
2020-02-14T16:00:00Z,6.614,-9999,-9999,Broome,-35996.4,DAMPIER_202009_DNE,2,February,73.6,18.8,26.4
2020-02-14T17:00:00Z,8.14,-9999,-9999,Broome,-35996.4,DAMPIER_202009_DNE,2,February,73.6,18.8,26.4
2020-02-14T18:00:00Z,8.983,-9999,-9999,Broome,-35996.4,DAMPIER_202009_DNE,2,February,73.6,18.8,26.4
2020-02-14T19:00:00Z,8.636,-9999,-9999,Broome,-35996.4,DAMPIER_202009_DNE,2,February,73.6,18.8,26.4
2020-02-14T20:00:00Z,7.427,-9999,-9999,Broome,-35996.4,DAMPIER_202009_DNE,2,February,73.6,18.8,26.4
2020-02-14T21:00:00Z,6.019,-9999,-9999,Broome,-35996.4,DAMPIER_202009_DNE,2,February,73.6,18.8,26.4
2020-02-14T22:00:00Z,4.548,-9999,-9999,Broome,-35996.4,DAMPIER_202009_DNE,2,February,73.6,18.8,26.4
2020-02-14T23:00:00Z,3.113,-9999,-9999,Broome,-35996.4,DAMPIER_202009_DNE,2,February,73.6,18.8,26.4
2020-02-15T00:00:00Z,2.026,-9999,-9999,Broome,-35996.4,DAMPIER_202009_DNE,2,February,73.6,18.8,26.4
2020-02-15T01:00:00Z,1.89,-9999,-9999,Broome,-35996.4,DAMPIER_202009_DNE,2,February,73.6,18.8,26.4
2020-02-15T02:00:00Z,2.955,-9999,-9999,Broome,-35996.4,DAMPIER_202009_DNE,2,February,73.6,18.8,26.4
2020-02-15T03:00:00Z,4.534,-9999,-9999,Broome,-35996.4,DAMPIER_202009_DNE,2,February,73.6,18.8,26.4
2020-02-15T04:00:00Z,6.191,-9999,-9999,Broome,-35996.4,DAMPIER_202009_DNE,2,February,73.6,18.8,26.4
2020-02-15T05:00:00Z,7.769,-9999,-9999,Broome,-35996.4,DAMPIER_202009_DNE,2,February,73.6,18.8,26.4
2020-02-15T06:00:00Z,8.934,-9999,-9999,Broome,-35996.4,DAMPIER_202009_DNE,2,February,73.6,18.8,26.4
2020-02-15T07:00:00Z,9.08,-9999,-9999,Broome,-35996.4,DAMPIER_202009_DNE,2,February,73.6,18.8,26.4
2020-02-15T08:00:00Z,8.115,-9999,-9999,Broome,-35996.4,DAMPIER_202009_DNE,2,February,73.6,18.8,26.4
2020-02-15T09:00:00Z,6.758,-9999,-9999,Broome,-35996.4,DAMPIER_202009_DNE,2,February,73.6,18.8,26.4
2020-02-15T10:00:00Z,5.325,-9999,-9999,Broome,-35996.4,DAMPIER_202009_DNE,2,February,73.6,18.8,26.4
2020-02-15T11:00:00Z,3.887,-9999,-9999,Broome,-35996.4,DAMPIER_202009_DNE,2,February,73.6,18.8,26.4
2020-02-15T12:00:00Z,2.656,-9999,-9999,Broome,-35996.4,DAMPIER_202009_DNE,2,February,73.6,18.8,26.4
2020-02-15T13:00:00Z,2.058,-9999,-9999,Broome,-35996.4,DAMPIER_202009_DNE,2,February,73.6,18.8,26.4
2020-02-15T14:00:00Z,2.668,-9999,-9999,Broome,-35996.4,DAMPIER_202009_DNE,2,February,73.6,18.8,26.4
2020-02-15T15:00:00Z,4.029,-9999,-9999,Broome,-35996.4,DAMPIER_202009_DNE,2,February,73.6,18.8,26.4
2020-02-15T16:00:00Z,5.478,-9999,-9999,Broome,-35996.4,DAMPIER_202009_DNE,2,February,73.6,18.8,26.4
2020-02-15T17:00:00Z,6.837,-9999,-9999,Broome,-35996.4,DAMPIER_202009_DNE,2,February,73.6,18.8,26.4
2020-02-15T18:00:00Z,7.893,-9999,-9999,Broome,-35996.4,DAMPIER_202009_DNE,2,February,73.6,18.8,26.4
2020-02-15T19:00:00Z,8.281,-9999,-9999,Broome,-35996.4,DAMPIER_202009_DNE,2,February,73.6,18.8,26.4
2020-02-15T20:00:00Z,7.673,-9999,-9999,Broome,-35996.4,DAMPIER_202009_DNE,2,February,73.6,18.8,26.4
2020-02-15T21:00:00Z,6.504,-9999,-9999,Broome,-35996.4,DAMPIER_202009_DNE,2,February,73.6,18.8,26.4
2020-02-15T22:00:00Z,5.295,-9999,-9999,Broome,-35996.4,DAMPIER_202009_DNE,2,February,73.6,18.8,26.4
2020-02-15T23:00:00Z,4.105,-9999,-9999,Broome,-35996.4,DAMPIER_202009_DNE,2,February,73.6,18.8,26.4
2020-02-16T00:00:00Z,3.103,-9999,-9999,Broome,-35996.4,DAMPIER_202009_DNE,2,February,73.6,18.8,26.4
2020-02-16T01:00:00Z,2.572,-9999,-9999,Broome,-35996.4,DAMPIER_202009_DNE,2,February,73.6,18.8,26.4
2020-02-16T02:00:00Z,2.967,-9999,-9999,Broome,-35996.4,DAMPIER_202009_DNE,2,February,73.6,18.8,26.4
2020-02-16T03:00:00Z,4.104,-9999,-9999,Broome,-35996.4,DAMPIER_202009_DNE,2,February,73.6,18.8,26.4
2020-02-16T04:00:00Z,5.414,-9999,-9999,Broome,-35996.4,DAMPIER_202009_DNE,2,February,73.6,18.8,26.4
2020-02-16T05:00:00Z,6.721,-9999,-9999,Broome,-35996.4,DAMPIER_202009_DNE,2,February,73.6,18.8,26.4
2020-02-16T06:00:00Z,7.847,-9999,-9999,Broome,-35996.4,DAMPIER_202009_DNE,2,February,73.6,18.8,26.4
2020-02-16T07:00:00Z,8.479,-9999,-9999,Broome,-35996.4,DAMPIER_202009_DNE,2,February,73.6,18.8,26.4
2020-02-16T08:00:00Z,8.199,-9999,-9999,Broome,-35996.4,DAMPIER_202009_DNE,2,February,73.6,18.8,26.4
2020-02-16T09:00:00Z,7.233,-9999,-9999,Broome,-35996.4,DAMPIER_202009_DNE,2,February,73.6,18.8,26.4
2020-02-16T10:00:00Z,6.126,-9999,-9999,Broome,-35996.4,DAMPIER_202009_DNE,2,February,73.6,18.8,26.4
2020-02-16T11:00:00Z,4.94,-9999,-9999,Broome,-35996.4,DAMPIER_202009_DNE,2,February,73.6,18.8,26.4
2020-02-16T12:00:00Z,3.819,-9999,-9999,Broome,-35996.4,DAMPIER_202009_DNE,2,February,73.6,18.8,26.4
2020-02-16T13:00:00Z,3.033,-9999,-9999,Broome,-35996.4,DAMPIER_202009_DNE,2,February,73.6,18.8,26.4
2020-02-16T14:00:00Z,2.953,-9999,-9999,Broome,-35996.4,DAMPIER_202009_DNE,2,February,73.6,18.8,26.4
2020-02-16T15:00:00Z,3.701,-9999,-9999,Broome,-35996.4,DAMPIER_202009_DNE,2,February,73.6,18.8,26.4
2020-02-16T16:00:00Z,4.749,-9999,-9999,Broome,-35996.4,DAMPIER_202009_DNE,2,February,73.6,18.8,26.4
2020-02-16T17:00:00Z,5.779,-9999,-9999,Broome,-35996.4,DAMPIER_202009_DNE,2,February,73.6,18.8,26.4
2020-02-16T18:00:00Z,6.672,-9999,-9999,Broome,-35996.4,DAMPIER_202009_DNE,2,February,73.6,18.8,26.4
2020-02-16T19:00:00Z,7.313,-9999,-9999,Broome,-35996.4,DAMPIER_202009_DNE,2,February,73.6,18.8,26.4
2020-02-16T20:00:00Z,7.386,-9999,-9999,Broome,-35996.4,DAMPIER_202009_DNE,2,February,73.6,18.8,26.4
2020-02-16T21:00:00Z,6.751,-9999,-9999,Broome,-35996.4,DAMPIER_202009_DNE,2,February,73.6,18.8,26.4
2020-02-16T22:00:00Z,5.89,-9999,-9999,Broome,-35996.4,DAMPIER_202009_DNE,2,February,73.6,18.8,26.4
2020-02-16T23:00:00Z,5.017,-9999,-9999,Broome,-35996.4,DAMPIER_202009_DNE,2,February,73.6,18.8,26.4
2020-02-17T00:00:00Z,4.2,-9999,-9999,Broome,-35996.4,DAMPIER_202009_DNE,2,February,73.6,18.8,26.4
2020-02-17T01:00:00Z,3.636,-9999,-9999,Broome,-35996.4,DAMPIER_202009_DNE,2,February,73.6,18.8,26.4
2020-02-17T02:00:00Z,3.514,-9999,-9999,Broome,-35996.4,DAMPIER_202009_DNE,2,February,73.6,18.8,26.4
2020-02-17T03:00:00Z,3.99,-9999,-9999,Broome,-35996.4,DAMPIER_202009_DNE,2,February,73.6,18.8,26.4
2020-02-17T04:00:00Z,4.844,-9999,-9999,Broome,-35996.4,DAMPIER_202009_DNE,2,February,73.6,18.8,26.4
2020-02-17T05:00:00Z,5.787,-9999,-9999,Broome,-35996.4,DAMPIER_202009_DNE,2,February,73.6,18.8,26.4
2020-02-17T06:00:00Z,6.726,-9999,-9999,Broome,-35996.4,DAMPIER_202009_DNE,2,February,73.6,18.8,26.4
2020-02-17T07:00:00Z,7.457,-9999,-9999,Broome,-35996.4,DAMPIER_202009_DNE,2,February,73.6,18.8,26.4
2020-02-17T08:00:00Z,7.698,-9999,-9999,Broome,-35996.4,DAMPIER_202009_DNE,2,February,73.6,18.8,26.4
2020-02-17T09:00:00Z,7.326,-9999,-9999,Broome,-35996.4,DAMPIER_202009_DNE,2,February,73.6,18.8,26.4
2020-02-17T10:00:00Z,6.601,-9999,-9999,Broome,-35996.4,DAMPIER_202009_DNE,2,February,73.6,18.8,26.4
2020-02-17T11:00:00Z,5.8,-9999,-9999,Broome,-35996.4,DAMPIER_202009_DNE,2,February,73.6,18.8,26.4
2020-02-17T12:00:00Z,5.004,-9999,-9999,Broome,-35996.4,DAMPIER_202009_DNE,2,February,73.6,18.8,26.4
2020-02-17T13:00:00Z,4.308,-9999,-9999,Broome,-35996.4,DAMPIER_202009_DNE,2,February,73.6,18.8,26.4
2020-02-17T14:00:00Z,3.891,-9999,-9999,Broome,-35996.4,DAMPIER_202009_DNE,2,February,73.6,18.8,26.4
2020-02-17T15:00:00Z,3.944,-9999,-9999,Broome,-35996.4,DAMPIER_202009_DNE,2,February,73.6,18.8,26.4
2020-02-17T16:00:00Z,4.377,-9999,-9999,Broome,-35996.4,DAMPIER_202009_DNE,2,February,73.6,18.8,26.4
2020-02-17T17:00:00Z,4.947,-9999,-9999,Broome,-35996.4,DAMPIER_202009_DNE,2,February,73.6,18.8,26.4
2020-02-17T18:00:00Z,5.548,-9999,-9999,Broome,-35996.4,DAMPIER_202009_DNE,2,February,73.6,18.8,26.4
2020-02-17T19:00:00Z,6.12,-9999,-9999,Broome,-35996.4,DAMPIER_202009_DNE,2,February,73.6,18.8,26.4
2020-02-17T20:00:00Z,6.491,-9999,-9999,Broome,-35996.4,DAMPIER_202009_DNE,2,February,73.6,18.8,26.4
2020-02-17T21:00:00Z,6.476,-9999,-9999,Broome,-35996.4,DAMPIER_202009_DNE,2,February,73.6,18.8,26.4
2020-02-17T22:00:00Z,6.137,-9999,-9999,Broome,-35996.4,DAMPIER_202009_DNE,2,February,73.6,18.8,26.4
2020-02-17T23:00:00Z,5.725,-9999,-9999,Broome,-35996.4,DAMPIER_202009_DNE,2,February,73.6,18.8,26.4
2020-02-18T00:00:00Z,5.224,-9999,-9999,Broome,-35996.4,DAMPIER_202009_DNE,2,February,73.6,18.8,26.4
2020-02-18T01:00:00Z,4.748,-9999,-9999,Broome,-35996.4,DAMPIER_202009_DNE,2,February,73.6,18.8,26.4
2020-02-18T02:00:00Z,4.529,-9999,-9999,Broome,-35996.4,DAMPIER_202009_DNE,2,February,73.6,18.8,26.4
2020-02-18T03:00:00Z,4.528,-9999,-9999,Broome,-35996.4,DAMPIER_202009_DNE,2,February,73.6,18.8,26.4
2020-02-18T04:00:00Z,4.673,-9999,-9999,Broome,-35996.4,DAMPIER_202009_DNE,2,February,73.6,18.8,26.4
2020-02-18T05:00:00Z,4.98,-9999,-9999,Broome,-35996.4,DAMPIER_202009_DNE,2,February,73.6,18.8,26.4
2020-02-18T06:00:00Z,5.524,-9999,-9999,Broome,-35996.4,DAMPIER_202009_DNE,2,February,73.6,18.8,26.4
2020-02-18T07:00:00Z,6.235,-9999,-9999,Broome,-35996.4,DAMPIER_202009_DNE,2,February,73.6,18.8,26.4
2020-02-18T08:00:00Z,6.792,-9999,-9999,Broome,-35996.4,DAMPIER_202009_DNE,2,February,73.6,18.8,26.4
2020-02-18T09:00:00Z,6.986,-9999,-9999,Broome,-35996.4,DAMPIER_202009_DNE,2,February,73.6,18.8,26.4
2020-02-18T10:00:00Z,6.812,-9999,-9999,Broome,-35996.4,DAMPIER_202009_DNE,2,February,73.6,18.8,26.4
2020-02-18T11:00:00Z,6.43,-9999,-9999,Broome,-35996.4,DAMPIER_202009_DNE,2,February,73.6,18.8,26.4
2020-02-18T12:00:00Z,5.946,-9999,-9999,Broome,-35996.4,DAMPIER_202009_DNE,2,February,73.6,18.8,26.4
2020-02-18T13:00:00Z,5.449,-9999,-9999,Broome,-35996.4,DAMPIER_202009_DNE,2,February,73.6,18.8,26.4
2020-02-18T14:00:00Z,4.914,-9999,-9999,Broome,-35996.4,DAMPIER_202009_DNE,2,February,73.6,18.8,26.4
2020-02-18T15:00:00Z,4.522,-9999,-9999,Broome,-35996.4,DAMPIER_202009_DNE,2,February,73.6,18.8,26.4
2020-02-18T16:00:00Z,4.424,-9999,-9999,Broome,-35996.4,DAMPIER_202009_DNE,2,February,73.6,18.8,26.4
2020-02-18T17:00:00Z,4.445,-9999,-9999,Broome,-35996.4,DAMPIER_202009_DNE,2,February,73.6,18.8,26.4
2020-02-18T18:00:00Z,4.661,-9999,-9999,Broome,-35996.4,DAMPIER_202009_DNE,2,February,73.6,18.8,26.4
2020-02-18T19:00:00Z,5.013,-9999,-9999,Broome,-35996.4,DAMPIER_202009_DNE,2,February,73.6,18.8,26.4
2020-02-18T20:00:00Z,5.391,-9999,-9999,Broome,-35996.4,DAMPIER_202009_DNE,2,February,73.6,18.8,26.4
2020-02-18T21:00:00Z,5.531,-9999,-9999,Broome,-35996.4,DAMPIER_202009_DNE,2,February,73.6,18.8,26.4
2020-02-18T22:00:00Z,5.799,-9999,-9999,Broome,-35996.4,DAMPIER_202009_DNE,2,February,73.6,18.8,26.4
2020-02-18T23:00:00Z,5.968,-9999,-9999,Broome,-35996.4,DAMPIER_202009_DNE,2,February,73.6,18.8,26.4
2020-02-19T00:00:00Z,5.807,-9999,-9999,Broome,-35996.4,DAMPIER_202009_DNE,2,February,73.6,18.8,26.4
2020-02-19T01:00:00Z,5.785,-9999,-9999,Broome,-35996.4,DAMPIER_202009_DNE,2,February,73.6,18.8,26.4
2020-02-19T02:00:00Z,5.636,-9999,-9999,Broome,-35996.4,DAMPIER_202009_DNE,2,February,73.6,18.8,26.4
2020-02-19T03:00:00Z,5.36,-9999,-9999,Broome,-35996.4,DAMPIER_202009_DNE,2,February,73.6,18.8,26.4
2020-02-19T04:00:00Z,5.116,-9999,-9999,Broome,-35996.4,DAMPIER_202009_DNE,2,February,73.6,18.8,26.4
2020-02-19T05:00:00Z,4.832,-9999,-9999,Broome,-35996.4,DAMPIER_202009_DNE,2,February,73.6,18.8,26.4
2020-02-19T06:00:00Z,4.85,-9999,-9999,Broome,-35996.4,DAMPIER_202009_DNE,2,February,73.6,18.8,26.4
2020-02-19T07:00:00Z,5.13,-9999,-9999,Broome,-35996.4,DAMPIER_202009_DNE,2,February,73.6,18.8,26.4
2020-02-19T08:00:00Z,5.55,-9999,-9999,Broome,-35996.4,DAMPIER_202009_DNE,2,February,73.6,18.8,26.4
2020-02-19T09:00:00Z,6.052,-9999,-9999,Broome,-35996.4,DAMPIER_202009_DNE,2,February,73.6,18.8,26.4
2020-02-19T10:00:00Z,6.367,-9999,-9999,Broome,-35996.4,DAMPIER_202009_DNE,2,February,73.6,18.8,26.4
2020-02-19T11:00:00Z,6.607,-9999,-9999,Broome,-35996.4,DAMPIER_202009_DNE,2,February,73.6,18.8,26.4
2020-02-19T12:00:00Z,6.745,-9999,-9999,Broome,-35996.4,DAMPIER_202009_DNE,2,February,73.6,18.8,26.4
2020-02-19T13:00:00Z,6.475,-9999,-9999,Broome,-35996.4,DAMPIER_202009_DNE,2,February,73.6,18.8,26.4
2020-02-19T14:00:00Z,6.03,-9999,-9999,Broome,-35996.4,DAMPIER_202009_DNE,2,February,73.6,18.8,26.4
2020-02-19T15:00:00Z,5.646,-9999,-9999,Broome,-35996.4,DAMPIER_202009_DNE,2,February,73.6,18.8,26.4
2020-02-19T16:00:00Z,5.111,-9999,-9999,Broome,-35996.4,DAMPIER_202009_DNE,2,February,73.6,18.8,26.4
2020-02-19T17:00:00Z,4.481,-9999,-9999,Broome,-35996.4,DAMPIER_202009_DNE,2,February,73.6,18.8,26.4
2020-02-19T18:00:00Z,4.004,-9999,-9999,Broome,-35996.4,DAMPIER_202009_DNE,2,February,73.6,18.8,26.4
2020-02-19T19:00:00Z,3.862,-9999,-9999,Broome,-35996.4,DAMPIER_202009_DNE,2,February,73.6,18.8,26.4
2020-02-19T20:00:00Z,4.156,-9999,-9999,Broome,-35996.4,DAMPIER_202009_DNE,2,February,73.6,18.8,26.4
2020-02-19T21:00:00Z,4.735,-9999,-9999,Broome,-35996.4,DAMPIER_202009_DNE,2,February,73.6,18.8,26.4
2020-02-19T22:00:00Z,5.352,-9999,-9999,Broome,-35996.4,DAMPIER_202009_DNE,2,February,73.6,18.8,26.4
2020-02-19T23:00:00Z,5.948,-9999,-9999,Broome,-35996.4,DAMPIER_202009_DNE,2,February,73.6,18.8,26.4
2020-02-20T00:00:00Z,6.444,-9999,-9999,Broome,-35996.4,DAMPIER_202009_DNE,2,February,73.6,18.8,26.4
2020-02-20T01:00:00Z,6.63,-9999,-9999,Broome,-35996.4,DAMPIER_202009_DNE,2,February,73.6,18.8,26.4
2020-02-20T02:00:00Z,6.453,-9999,-9999,Broome,-35996.4,DAMPIER_202009_DNE,2,February,73.6,18.8,26.4
2020-02-20T03:00:00Z,6.072,-9999,-9999,Broome,-35996.4,DAMPIER_202009_DNE,2,February,73.6,18.8,26.4
2020-02-20T04:00:00Z,5.592,-9999,-9999,Broome,-35996.4,DAMPIER_202009_DNE,2,February,73.6,18.8,26.4
2020-02-20T05:00:00Z,5.05,-9999,-9999,Broome,-35996.4,DAMPIER_202009_DNE,2,February,73.6,18.8,26.4
2020-02-20T06:00:00Z,4.604,-9999,-9999,Broome,-35996.4,DAMPIER_202009_DNE,2,February,73.6,18.8,26.4
2020-02-20T07:00:00Z,4.37,-9999,-9999,Broome,-35996.4,DAMPIER_202009_DNE,2,February,73.6,18.8,26.4
2020-02-20T08:00:00Z,4.531,-9999,-9999,Broome,-35996.4,DAMPIER_202009_DNE,2,February,73.6,18.8,26.4
2020-02-20T09:00:00Z,5.053,-9999,-9999,Broome,-35996.4,DAMPIER_202009_DNE,2,February,73.6,18.8,26.4
2020-02-20T10:00:00Z,5.739,-9999,-9999,Broome,-35996.4,DAMPIER_202009_DNE,2,February,73.6,18.8,26.4
2020-02-20T11:00:00Z,6.437,-9999,-9999,Broome,-35996.4,DAMPIER_202009_DNE,2,February,73.6,18.8,26.4
2020-02-20T12:00:00Z,6.985,-9999,-9999,Broome,-35996.4,DAMPIER_202009_DNE,2,February,73.6,18.8,26.4
2020-02-20T13:00:00Z,7.233,-9999,-9999,Broome,-35996.4,DAMPIER_202009_DNE,2,February,73.6,18.8,26.4
2020-02-20T14:00:00Z,7.132,-9999,-9999,Broome,-35996.4,DAMPIER_202009_DNE,2,February,73.6,18.8,26.4
2020-02-20T15:00:00Z,6.631,-9999,-9999,Broome,-35996.4,DAMPIER_202009_DNE,2,February,73.6,18.8,26.4
2020-02-20T16:00:00Z,5.852,-9999,-9999,Broome,-35996.4,DAMPIER_202009_DNE,2,February,73.6,18.8,26.4
2020-02-20T17:00:00Z,4.992,-9999,-9999,Broome,-35996.4,DAMPIER_202009_DNE,2,February,73.6,18.8,26.4
2020-02-20T18:00:00Z,4.151,-9999,-9999,Broome,-35996.4,DAMPIER_202009_DNE,2,February,73.6,18.8,26.4
2020-02-20T19:00:00Z,3.485,-9999,-9999,Broome,-35996.4,DAMPIER_202009_DNE,2,February,73.6,18.8,26.4
2020-02-20T20:00:00Z,3.26,-9999,-9999,Broome,-35996.4,DAMPIER_202009_DNE,2,February,73.6,18.8,26.4
2020-02-20T21:00:00Z,3.651,-9999,-9999,Broome,-35996.4,DAMPIER_202009_DNE,2,February,73.6,18.8,26.4
2020-02-20T22:00:00Z,4.423,-9999,-9999,Broome,-35996.4,DAMPIER_202009_DNE,2,February,73.6,18.8,26.4
2020-02-20T23:00:00Z,5.313,-9999,-9999,Broome,-35996.4,DAMPIER_202009_DNE,2,February,73.6,18.8,26.4
2020-02-21T00:00:00Z,6.21,-9999,-9999,Broome,-35996.4,DAMPIER_202009_DNE,2,February,73.6,18.8,26.4
2020-02-21T01:00:00Z,6.932,-9999,-9999,Broome,-35996.4,DAMPIER_202009_DNE,2,February,73.6,18.8,26.4
2020-02-21T02:00:00Z,7.309,-9999,-9999,Broome,-35996.4,DAMPIER_202009_DNE,2,February,73.6,18.8,26.4
2020-02-21T03:00:00Z,7.1,-9999,-9999,Broome,-35996.4,DAMPIER_202009_DNE,2,February,73.6,18.8,26.4
2020-02-21T04:00:00Z,6.433,-9999,-9999,Broome,-35996.4,DAMPIER_202009_DNE,2,February,73.6,18.8,26.4
2020-02-21T05:00:00Z,5.65,-9999,-9999,Broome,-35996.4,DAMPIER_202009_DNE,2,February,73.6,18.8,26.4
2020-02-21T06:00:00Z,4.784,-9999,-9999,Broome,-35996.4,DAMPIER_202009_DNE,2,February,73.6,18.8,26.4
2020-02-21T07:00:00Z,3.99,-9999,-9999,Broome,-35996.4,DAMPIER_202009_DNE,2,February,73.6,18.8,26.4
2020-02-21T08:00:00Z,3.57,-9999,-9999,Broome,-35996.4,DAMPIER_202009_DNE,2,February,73.6,18.8,26.4
2020-02-21T09:00:00Z,3.802,-9999,-9999,Broome,-35996.4,DAMPIER_202009_DNE,2,February,73.6,18.8,26.4
2020-02-21T10:00:00Z,4.602,-9999,-9999,Broome,-35996.4,DAMPIER_202009_DNE,2,February,73.6,18.8,26.4
2020-02-21T11:00:00Z,5.632,-9999,-9999,Broome,-35996.4,DAMPIER_202009_DNE,2,February,73.6,18.8,26.4
2020-02-21T12:00:00Z,6.721,-9999,-9999,Broome,-35996.4,DAMPIER_202009_DNE,2,February,73.6,18.8,26.4
2020-02-21T13:00:00Z,7.601,-9999,-9999,Broome,-35996.4,DAMPIER_202009_DNE,2,February,73.6,18.8,26.4
2020-02-21T14:00:00Z,7.996,-9999,-9999,Broome,-35996.4,DAMPIER_202009_DNE,2,February,73.6,18.8,26.4
2020-02-21T15:00:00Z,7.735,-9999,-9999,Broome,-35996.4,DAMPIER_202009_DNE,2,February,73.6,18.8,26.4
2020-02-21T16:00:00Z,6.906,-9999,-9999,Broome,-35996.4,DAMPIER_202009_DNE,2,February,73.6,18.8,26.4
2020-02-21T17:00:00Z,5.795,-9999,-9999,Broome,-35996.4,DAMPIER_202009_DNE,2,February,73.6,18.8,26.4
2020-02-21T18:00:00Z,4.595,-9999,-9999,Broome,-35996.4,DAMPIER_202009_DNE,2,February,73.6,18.8,26.4
2020-02-21T19:00:00Z,3.478,-9999,-9999,Broome,-35996.4,DAMPIER_202009_DNE,2,February,73.6,18.8,26.4
2020-02-21T20:00:00Z,2.665,-9999,-9999,Broome,-35996.4,DAMPIER_202009_DNE,2,February,73.6,18.8,26.4
2020-02-21T21:00:00Z,2.596,-9999,-9999,Broome,-35996.4,DAMPIER_202009_DNE,2,February,73.6,18.8,26.4
2020-02-21T22:00:00Z,3.373,-9999,-9999,Broome,-35996.4,DAMPIER_202009_DNE,2,February,73.6,18.8,26.4
2020-02-21T23:00:00Z,4.538,-9999,-9999,Broome,-35996.4,DAMPIER_202009_DNE,2,February,73.6,18.8,26.4
2020-02-22T00:00:00Z,5.773,-9999,-9999,Broome,-35996.4,DAMPIER_202009_DNE,2,February,73.6,18.8,26.4
2020-02-22T01:00:00Z,6.931,-9999,-9999,Broome,-35996.4,DAMPIER_202009_DNE,2,February,73.6,18.8,26.4
2020-02-22T02:00:00Z,7.82,-9999,-9999,Broome,-35996.4,DAMPIER_202009_DNE,2,February,73.6,18.8,26.4
2020-02-22T03:00:00Z,7.999,-9999,-9999,Broome,-35996.4,DAMPIER_202009_DNE,2,February,73.6,18.8,26.4
2020-02-22T04:00:00Z,7.331,-9999,-9999,Broome,-35996.4,DAMPIER_202009_DNE,2,February,73.6,18.8,26.4
2020-02-22T05:00:00Z,6.302,-9999,-9999,Broome,-35996.4,DAMPIER_202009_DNE,2,February,73.6,18.8,26.4
2020-02-22T06:00:00Z,5.168,-9999,-9999,Broome,-35996.4,DAMPIER_202009_DNE,2,February,73.6,18.8,26.4
2020-02-22T07:00:00Z,4.052,-9999,-9999,Broome,-35996.4,DAMPIER_202009_DNE,2,February,73.6,18.8,26.4
2020-02-22T08:00:00Z,3.202,-9999,-9999,Broome,-35996.4,DAMPIER_202009_DNE,2,February,73.6,18.8,26.4
2020-02-22T09:00:00Z,2.933,-9999,-9999,Broome,-35996.4,DAMPIER_202009_DNE,2,February,73.6,18.8,26.4
2020-02-22T10:00:00Z,3.542,-9999,-9999,Broome,-35996.4,DAMPIER_202009_DNE,2,February,73.6,18.8,26.4
2020-02-22T11:00:00Z,4.748,-9999,-9999,Broome,-35996.4,DAMPIER_202009_DNE,2,February,73.6,18.8,26.4
2020-02-22T12:00:00Z,6.08,-9999,-9999,Broome,-35996.4,DAMPIER_202009_DNE,2,February,73.6,18.8,26.4
2020-02-22T13:00:00Z,7.328,-9999,-9999,Broome,-35996.4,DAMPIER_202009_DNE,2,February,73.6,18.8,26.4
2020-02-22T14:00:00Z,8.288,-9999,-9999,Broome,-35996.4,DAMPIER_202009_DNE,2,February,73.6,18.8,26.4
2020-02-22T15:00:00Z,8.555,-9999,-9999,Broome,-35996.4,DAMPIER_202009_DNE,2,February,73.6,18.8,26.4
2020-02-22T16:00:00Z,7.916,-9999,-9999,Broome,-35996.4,DAMPIER_202009_DNE,2,February,73.6,18.8,26.4
2020-02-22T17:00:00Z,6.75,-9999,-9999,Broome,-35996.4,DAMPIER_202009_DNE,2,February,73.6,18.8,26.4
2020-02-22T18:00:00Z,5.394,-9999,-9999,Broome,-35996.4,DAMPIER_202009_DNE,2,February,73.6,18.8,26.4
2020-02-22T19:00:00Z,3.975,-9999,-9999,Broome,-35996.4,DAMPIER_202009_DNE,2,February,73.6,18.8,26.4
2020-02-22T20:00:00Z,2.745,-9999,-9999,Broome,-35996.4,DAMPIER_202009_DNE,2,February,73.6,18.8,26.4
2020-02-22T21:00:00Z,2.051,-9999,-9999,Broome,-35996.4,DAMPIER_202009_DNE,2,February,73.6,18.8,26.4
2020-02-22T22:00:00Z,2.399,-9999,-9999,Broome,-35996.4,DAMPIER_202009_DNE,2,February,73.6,18.8,26.4
2020-02-22T23:00:00Z,3.598,-9999,-9999,Broome,-35996.4,DAMPIER_202009_DNE,2,February,73.6,18.8,26.4
2020-02-23T00:00:00Z,5.052,-9999,-9999,Broome,-35996.4,DAMPIER_202009_DNE,2,February,73.6,18.8,26.4
2020-02-23T01:00:00Z,6.555,-9999,-9999,Broome,-35996.4,DAMPIER_202009_DNE,2,February,73.6,18.8,26.4
2020-02-23T02:00:00Z,7.86,-9999,-9999,Broome,-35996.4,DAMPIER_202009_DNE,2,February,73.6,18.8,26.4
2020-02-23T03:00:00Z,8.58,-9999,-9999,Broome,-35996.4,DAMPIER_202009_DNE,2,February,73.6,18.8,26.4
2020-02-23T04:00:00Z,8.303,-9999,-9999,Broome,-35996.4,DAMPIER_202009_DNE,2,February,73.6,18.8,26.4
2020-02-23T05:00:00Z,7.221,-9999,-9999,Broome,-35996.4,DAMPIER_202009_DNE,2,February,73.6,18.8,26.4
2020-02-23T06:00:00Z,5.922,-9999,-9999,Broome,-35996.4,DAMPIER_202009_DNE,2,February,73.6,18.8,26.4
2020-02-23T07:00:00Z,4.552,-9999,-9999,Broome,-35996.4,DAMPIER_202009_DNE,2,February,73.6,18.8,26.4
2020-02-23T08:00:00Z,3.28,-9999,-9999,Broome,-35996.4,DAMPIER_202009_DNE,2,February,73.6,18.8,26.4
2020-02-23T09:00:00Z,2.371,-9999,-9999,Broome,-35996.4,DAMPIER_202009_DNE,2,February,73.6,18.8,26.4
2020-02-23T10:00:00Z,2.421,-9999,-9999,Broome,-35996.4,DAMPIER_202009_DNE,2,February,73.6,18.8,26.4
2020-02-23T11:00:00Z,3.609,-9999,-9999,Broome,-35996.4,DAMPIER_202009_DNE,2,February,73.6,18.8,26.4
2020-02-23T12:00:00Z,5.22,-9999,-9999,Broome,-35996.4,DAMPIER_202009_DNE,2,February,73.6,18.8,26.4
2020-02-23T13:00:00Z,6.816,-9999,-9999,Broome,-35996.4,DAMPIER_202009_DNE,2,February,73.6,18.8,26.4
2020-02-23T14:00:00Z,8.205,-9999,-9999,Broome,-35996.4,DAMPIER_202009_DNE,2,February,73.6,18.8,26.4
2020-02-23T15:00:00Z,9.034,-9999,-9999,Broome,-35996.4,DAMPIER_202009_DNE,2,February,73.6,18.8,26.4
2020-02-23T16:00:00Z,8.821,-9999,-9999,Broome,-35996.4,DAMPIER_202009_DNE,2,February,73.6,18.8,26.4
2020-02-23T17:00:00Z,7.657,-9999,-9999,Broome,-35996.4,DAMPIER_202009_DNE,2,February,73.6,18.8,26.4
2020-02-23T18:00:00Z,6.193,-9999,-9999,Broome,-35996.4,DAMPIER_202009_DNE,2,February,73.6,18.8,26.4
2020-02-23T19:00:00Z,4.623,-9999,-9999,Broome,-35996.4,DAMPIER_202009_DNE,2,February,73.6,18.8,26.4
2020-02-23T20:00:00Z,3.081,-9999,-9999,Broome,-35996.4,DAMPIER_202009_DNE,2,February,73.6,18.8,26.4
2020-02-23T21:00:00Z,1.87,-9999,-9999,Broome,-35996.4,DAMPIER_202009_DNE,2,February,73.6,18.8,26.4
2020-02-23T22:00:00Z,1.587,-9999,-9999,Broome,-35996.4,DAMPIER_202009_DNE,2,February,73.6,18.8,26.4
2020-02-23T23:00:00Z,2.614,-9999,-9999,Broome,-35996.4,DAMPIER_202009_DNE,2,February,73.6,18.8,26.4
2020-02-24T00:00:00Z,4.227,-9999,-9999,Broome,-35996.4,DAMPIER_202009_DNE,2,February,73.6,18.8,26.4
2020-02-24T01:00:00Z,5.954,-9999,-9999,Broome,-35996.4,DAMPIER_202009_DNE,2,February,73.6,18.8,26.4
2020-02-24T02:00:00Z,7.593,-9999,-9999,Broome,-35996.4,DAMPIER_202009_DNE,2,February,73.6,18.8,26.4
2020-02-24T03:00:00Z,8.749,-9999,-9999,Broome,-35996.4,DAMPIER_202009_DNE,2,February,73.6,18.8,26.4
2020-02-24T04:00:00Z,8.928,-9999,-9999,Broome,-35996.4,DAMPIER_202009_DNE,2,February,73.6,18.8,26.4
2020-02-24T05:00:00Z,8.011,-9999,-9999,Broome,-35996.4,DAMPIER_202009_DNE,2,February,73.6,18.8,26.4
2020-02-24T06:00:00Z,6.608,-9999,-9999,Broome,-35996.4,DAMPIER_202009_DNE,2,February,73.6,18.8,26.4
2020-02-24T07:00:00Z,5.138,-9999,-9999,Broome,-35996.4,DAMPIER_202009_DNE,2,February,73.6,18.8,26.4
2020-02-24T08:00:00Z,3.674,-9999,-9999,Broome,-35996.4,DAMPIER_202009_DNE,2,February,73.6,18.8,26.4
2020-02-24T09:00:00Z,2.445,-9999,-9999,Broome,-35996.4,DAMPIER_202009_DNE,2,February,73.6,18.8,26.4
2020-02-24T10:00:00Z,1.942,-9999,-9999,Broome,-35996.4,DAMPIER_202009_DNE,2,February,73.6,18.8,26.4
2020-02-24T11:00:00Z,2.716,-9999,-9999,Broome,-35996.4,DAMPIER_202009_DNE,2,February,73.6,18.8,26.4
2020-02-24T12:00:00Z,4.279,-9999,-9999,Broome,-35996.4,DAMPIER_202009_DNE,2,February,73.6,18.8,26.4
2020-02-24T13:00:00Z,6.018,-9999,-9999,Broome,-35996.4,DAMPIER_202009_DNE,2,February,73.6,18.8,26.4
2020-02-24T14:00:00Z,7.728,-9999,-9999,Broome,-35996.4,DAMPIER_202009_DNE,2,February,73.6,18.8,26.4
2020-02-24T15:00:00Z,8.995,-9999,-9999,Broome,-35996.4,DAMPIER_202009_DNE,2,February,73.6,18.8,26.4
2020-02-24T16:00:00Z,9.306,-9999,-9999,Broome,-35996.4,DAMPIER_202009_DNE,2,February,73.6,18.8,26.4
2020-02-24T17:00:00Z,8.479,-9999,-9999,Broome,-35996.4,DAMPIER_202009_DNE,2,February,73.6,18.8,26.4
2020-02-24T18:00:00Z,7.032,-9999,-9999,Broome,-35996.4,DAMPIER_202009_DNE,2,February,73.6,18.8,26.4
2020-02-24T19:00:00Z,5.439,-9999,-9999,Broome,-35996.4,DAMPIER_202009_DNE,2,February,73.6,18.8,26.4
2020-02-24T20:00:00Z,3.76,-9999,-9999,Broome,-35996.4,DAMPIER_202009_DNE,2,February,73.6,18.8,26.4
2020-02-24T21:00:00Z,2.272,-9999,-9999,Broome,-35996.4,DAMPIER_202009_DNE,2,February,73.6,18.8,26.4
2020-02-24T22:00:00Z,1.43,-9999,-9999,Broome,-35996.4,DAMPIER_202009_DNE,2,February,73.6,18.8,26.4
2020-02-24T23:00:00Z,1.915,-9999,-9999,Broome,-35996.4,DAMPIER_202009_DNE,2,February,73.6,18.8,26.4
2020-02-25T00:00:00Z,3.432,-9999,-9999,Broome,-35996.4,DAMPIER_202009_DNE,2,February,73.6,18.8,26.4
2020-02-25T01:00:00Z,5.218,-9999,-9999,Broome,-35996.4,DAMPIER_202009_DNE,2,February,73.6,18.8,26.4
2020-02-25T02:00:00Z,7.021,-9999,-9999,Broome,-35996.4,DAMPIER_202009_DNE,2,February,73.6,18.8,26.4
2020-02-25T03:00:00Z,8.545,-9999,-9999,Broome,-35996.4,DAMPIER_202009_DNE,2,February,73.6,18.8,26.4
2020-02-25T04:00:00Z,9.273,-9999,-9999,Broome,-35996.4,DAMPIER_202009_DNE,2,February,73.6,18.8,26.4
2020-02-25T05:00:00Z,8.738,-9999,-9999,Broome,-35996.4,DAMPIER_202009_DNE,2,February,73.6,18.8,26.4
2020-02-25T06:00:00Z,7.379,-9999,-9999,Broome,-35996.4,DAMPIER_202009_DNE,2,February,73.6,18.8,26.4
2020-02-25T07:00:00Z,5.877,-9999,-9999,Broome,-35996.4,DAMPIER_202009_DNE,2,February,73.6,18.8,26.4
2020-02-25T08:00:00Z,4.281,-9999,-9999,Broome,-35996.4,DAMPIER_202009_DNE,2,February,73.6,18.8,26.4
2020-02-25T09:00:00Z,2.772,-9999,-9999,Broome,-35996.4,DAMPIER_202009_DNE,2,February,73.6,18.8,26.4
2020-02-25T10:00:00Z,1.743,-9999,-9999,Broome,-35996.4,DAMPIER_202009_DNE,2,February,73.6,18.8,26.4
2020-02-25T11:00:00Z,1.944,-9999,-9999,Broome,-35996.4,DAMPIER_202009_DNE,2,February,73.6,18.8,26.4
2020-02-25T12:00:00Z,3.363,-9999,-9999,Broome,-35996.4,DAMPIER_202009_DNE,2,February,73.6,18.8,26.4
2020-02-25T13:00:00Z,5.154,-9999,-9999,Broome,-35996.4,DAMPIER_202009_DNE,2,February,73.6,18.8,26.4
2020-02-25T14:00:00Z,7.005,-9999,-9999,Broome,-35996.4,DAMPIER_202009_DNE,2,February,73.6,18.8,26.4
2020-02-25T15:00:00Z,8.608,-9999,-9999,Broome,-35996.4,DAMPIER_202009_DNE,2,February,73.6,18.8,26.4
2020-02-25T16:00:00Z,9.406,-9999,-9999,Broome,-35996.4,DAMPIER_202009_DNE,2,February,73.6,18.8,26.4
2020-02-25T17:00:00Z,9.017,-9999,-9999,Broome,-35996.4,DAMPIER_202009_DNE,2,February,73.6,18.8,26.4
2020-02-25T18:00:00Z,7.718,-9999,-9999,Broome,-35996.4,DAMPIER_202009_DNE,2,February,73.6,18.8,26.4
2020-02-25T19:00:00Z,6.139,-9999,-9999,Broome,-35996.4,DAMPIER_202009_DNE,2,February,73.6,18.8,26.4
2020-02-25T20:00:00Z,4.433,-9999,-9999,Broome,-35996.4,DAMPIER_202009_DNE,2,February,73.6,18.8,26.4
2020-02-25T21:00:00Z,2.807,-9999,-9999,Broome,-35996.4,DAMPIER_202009_DNE,2,February,73.6,18.8,26.4
2020-02-25T22:00:00Z,1.599,-9999,-9999,Broome,-35996.4,DAMPIER_202009_DNE,2,February,73.6,18.8,26.4
2020-02-25T23:00:00Z,1.467,-9999,-9999,Broome,-35996.4,DAMPIER_202009_DNE,2,February,73.6,18.8,26.4
2020-02-26T00:00:00Z,2.675,-9999,-9999,Broome,-35996.4,DAMPIER_202009_DNE,2,February,73.6,18.8,26.4
2020-02-26T01:00:00Z,4.443,-9999,-9999,Broome,-35996.4,DAMPIER_202009_DNE,2,February,73.6,18.8,26.4
2020-02-26T02:00:00Z,6.332,-9999,-9999,Broome,-35996.4,DAMPIER_202009_DNE,2,February,73.6,18.8,26.4
2020-02-26T03:00:00Z,8.1,-9999,-9999,Broome,-35996.4,DAMPIER_202009_DNE,2,February,73.6,18.8,26.4
2020-02-26T04:00:00Z,9.239,-9999,-9999,Broome,-35996.4,DAMPIER_202009_DNE,2,February,73.6,18.8,26.4
2020-02-26T05:00:00Z,9.18,-9999,-9999,Broome,-35996.4,DAMPIER_202009_DNE,2,February,73.6,18.8,26.4
2020-02-26T06:00:00Z,8.055,-9999,-9999,Broome,-35996.4,DAMPIER_202009_DNE,2,February,73.6,18.8,26.4
2020-02-26T07:00:00Z,6.564,-9999,-9999,Broome,-35996.4,DAMPIER_202009_DNE,2,February,73.6,18.8,26.4
2020-02-26T08:00:00Z,4.946,-9999,-9999,Broome,-35996.4,DAMPIER_202009_DNE,2,February,73.6,18.8,26.4
2020-02-26T09:00:00Z,3.333,-9999,-9999,Broome,-35996.4,DAMPIER_202009_DNE,2,February,73.6,18.8,26.4
2020-02-26T10:00:00Z,2.017,-9999,-9999,Broome,-35996.4,DAMPIER_202009_DNE,2,February,73.6,18.8,26.4
2020-02-26T11:00:00Z,1.591,-9999,-9999,Broome,-35996.4,DAMPIER_202009_DNE,2,February,73.6,18.8,26.4
2020-02-26T12:00:00Z,2.572,-9999,-9999,Broome,-35996.4,DAMPIER_202009_DNE,2,February,73.6,18.8,26.4
2020-02-26T13:00:00Z,4.292,-9999,-9999,Broome,-35996.4,DAMPIER_202009_DNE,2,February,73.6,18.8,26.4
2020-02-26T14:00:00Z,6.165,-9999,-9999,Broome,-35996.4,DAMPIER_202009_DNE,2,February,73.6,18.8,26.4
2020-02-26T15:00:00Z,7.981,-9999,-9999,Broome,-35996.4,DAMPIER_202009_DNE,2,February,73.6,18.8,26.4
2020-02-26T16:00:00Z,9.207,-9999,-9999,Broome,-35996.4,DAMPIER_202009_DNE,2,February,73.6,18.8,26.4
2020-02-26T17:00:00Z,9.305,-9999,-9999,Broome,-35996.4,DAMPIER_202009_DNE,2,February,73.6,18.8,26.4
2020-02-26T18:00:00Z,8.307,-9999,-9999,Broome,-35996.4,DAMPIER_202009_DNE,2,February,73.6,18.8,26.4
2020-02-26T19:00:00Z,6.804,-9999,-9999,Broome,-35996.4,DAMPIER_202009_DNE,2,February,73.6,18.8,26.4
2020-02-26T20:00:00Z,5.123,-9999,-9999,Broome,-35996.4,DAMPIER_202009_DNE,2,February,73.6,18.8,26.4
2020-02-26T21:00:00Z,3.422,-9999,-9999,Broome,-35996.4,DAMPIER_202009_DNE,2,February,73.6,18.8,26.4
2020-02-26T22:00:00Z,1.985,-9999,-9999,Broome,-35996.4,DAMPIER_202009_DNE,2,February,73.6,18.8,26.4
2020-02-26T23:00:00Z,1.334,-9999,-9999,Broome,-35996.4,DAMPIER_202009_DNE,2,February,73.6,18.8,26.4
2020-02-27T00:00:00Z,2.095,-9999,-9999,Broome,-35996.4,DAMPIER_202009_DNE,2,February,73.6,18.8,26.4
2020-02-27T01:00:00Z,3.763,-9999,-9999,Broome,-35996.4,DAMPIER_202009_DNE,2,February,73.6,18.8,26.4
2020-02-27T02:00:00Z,5.603,-9999,-9999,Broome,-35996.4,DAMPIER_202009_DNE,2,February,73.6,18.8,26.4
2020-02-27T03:00:00Z,7.438,-9999,-9999,Broome,-35996.4,DAMPIER_202009_DNE,2,February,73.6,18.8,26.4
2020-02-27T04:00:00Z,8.907,-9999,-9999,Broome,-35996.4,DAMPIER_202009_DNE,2,February,73.6,18.8,26.4
2020-02-27T05:00:00Z,9.387,-9999,-9999,Broome,-35996.4,DAMPIER_202009_DNE,2,February,73.6,18.8,26.4
2020-02-27T06:00:00Z,8.604,-9999,-9999,Broome,-35996.4,DAMPIER_202009_DNE,2,February,73.6,18.8,26.4
2020-02-27T07:00:00Z,7.158,-9999,-9999,Broome,-35996.4,DAMPIER_202009_DNE,2,February,73.6,18.8,26.4
2020-02-27T08:00:00Z,5.595,-9999,-9999,Broome,-35996.4,DAMPIER_202009_DNE,2,February,73.6,18.8,26.4
2020-02-27T09:00:00Z,3.962,-9999,-9999,Broome,-35996.4,DAMPIER_202009_DNE,2,February,73.6,18.8,26.4
2020-02-27T10:00:00Z,2.491,-9999,-9999,Broome,-35996.4,DAMPIER_202009_DNE,2,February,73.6,18.8,26.4
2020-02-27T11:00:00Z,1.61,-9999,-9999,Broome,-35996.4,DAMPIER_202009_DNE,2,February,73.6,18.8,26.4
2020-02-27T12:00:00Z,2.032,-9999,-9999,Broome,-35996.4,DAMPIER_202009_DNE,2,February,73.6,18.8,26.4
2020-02-27T13:00:00Z,3.524,-9999,-9999,Broome,-35996.4,DAMPIER_202009_DNE,2,February,73.6,18.8,26.4
2020-02-27T14:00:00Z,5.321,-9999,-9999,Broome,-35996.4,DAMPIER_202009_DNE,2,February,73.6,18.8,26.4
2020-02-27T15:00:00Z,7.16,-9999,-9999,Broome,-35996.4,DAMPIER_202009_DNE,2,February,73.6,18.8,26.4
2020-02-27T16:00:00Z,8.628,-9999,-9999,Broome,-35996.4,DAMPIER_202009_DNE,2,February,73.6,18.8,26.4
2020-02-27T17:00:00Z,9.237,-9999,-9999,Broome,-35996.4,DAMPIER_202009_DNE,2,February,73.6,18.8,26.4
2020-02-27T18:00:00Z,8.696,-9999,-9999,Broome,-35996.4,DAMPIER_202009_DNE,2,February,73.6,18.8,26.4
2020-02-27T19:00:00Z,7.326,-9999,-9999,Broome,-35996.4,DAMPIER_202009_DNE,2,February,73.6,18.8,26.4
2020-02-27T20:00:00Z,5.7,-9999,-9999,Broome,-35996.4,DAMPIER_202009_DNE,2,February,73.6,18.8,26.4
2020-02-27T21:00:00Z,4.038,-9999,-9999,Broome,-35996.4,DAMPIER_202009_DNE,2,February,73.6,18.8,26.4
2020-02-27T22:00:00Z,2.543,-9999,-9999,Broome,-35996.4,DAMPIER_202009_DNE,2,February,73.6,18.8,26.4
2020-02-27T23:00:00Z,1.546,-9999,-9999,Broome,-35996.4,DAMPIER_202009_DNE,2,February,73.6,18.8,26.4
2020-02-28T00:00:00Z,1.775,-9999,-9999,Broome,-35996.4,DAMPIER_202009_DNE,2,February,73.6,18.8,26.4
2020-02-28T01:00:00Z,3.19,-9999,-9999,Broome,-35996.4,DAMPIER_202009_DNE,2,February,73.6,18.8,26.4
2020-02-28T02:00:00Z,4.944,-9999,-9999,Broome,-35996.4,DAMPIER_202009_DNE,2,February,73.6,18.8,26.4
2020-02-28T03:00:00Z,6.725,-9999,-9999,Broome,-35996.4,DAMPIER_202009_DNE,2,February,73.6,18.8,26.4
2020-02-28T04:00:00Z,8.287,-9999,-9999,Broome,-35996.4,DAMPIER_202009_DNE,2,February,73.6,18.8,26.4
2020-02-28T05:00:00Z,9.185,-9999,-9999,Broome,-35996.4,DAMPIER_202009_DNE,2,February,73.6,18.8,26.4
2020-02-28T06:00:00Z,8.913,-9999,-9999,Broome,-35996.4,DAMPIER_202009_DNE,2,February,73.6,18.8,26.4
2020-02-28T07:00:00Z,7.689,-9999,-9999,Broome,-35996.4,DAMPIER_202009_DNE,2,February,73.6,18.8,26.4
2020-02-28T08:00:00Z,6.213,-9999,-9999,Broome,-35996.4,DAMPIER_202009_DNE,2,February,73.6,18.8,26.4
2020-02-28T09:00:00Z,4.642,-9999,-9999,Broome,-35996.4,DAMPIER_202009_DNE,2,February,73.6,18.8,26.4
2020-02-28T10:00:00Z,3.16,-9999,-9999,Broome,-35996.4,DAMPIER_202009_DNE,2,February,73.6,18.8,26.4
2020-02-28T11:00:00Z,2.036,-9999,-9999,Broome,-35996.4,DAMPIER_202009_DNE,2,February,73.6,18.8,26.4
2020-02-28T12:00:00Z,1.896,-9999,-9999,Broome,-35996.4,DAMPIER_202009_DNE,2,February,73.6,18.8,26.4
2020-02-28T13:00:00Z,3.024,-9999,-9999,Broome,-35996.4,DAMPIER_202009_DNE,2,February,73.6,18.8,26.4
2020-02-28T14:00:00Z,4.618,-9999,-9999,Broome,-35996.4,DAMPIER_202009_DNE,2,February,73.6,18.8,26.4
2020-02-28T15:00:00Z,6.312,-9999,-9999,Broome,-35996.4,DAMPIER_202009_DNE,2,February,73.6,18.8,26.4
2020-02-28T16:00:00Z,7.817,-9999,-9999,Broome,-35996.4,DAMPIER_202009_DNE,2,February,73.6,18.8,26.4
2020-02-28T17:00:00Z,8.719,-9999,-9999,Broome,-35996.4,DAMPIER_202009_DNE,2,February,73.6,18.8,26.4
2020-02-28T18:00:00Z,8.643,-9999,-9999,Broome,-35996.4,DAMPIER_202009_DNE,2,February,73.6,18.8,26.4
2020-02-28T19:00:00Z,7.607,-9999,-9999,Broome,-35996.4,DAMPIER_202009_DNE,2,February,73.6,18.8,26.4
2020-02-28T20:00:00Z,6.204,-9999,-9999,Broome,-35996.4,DAMPIER_202009_DNE,2,February,73.6,18.8,26.4
2020-02-28T21:00:00Z,4.692,-9999,-9999,Broome,-35996.4,DAMPIER_202009_DNE,2,February,73.6,18.8,26.4
2020-02-28T22:00:00Z,3.195,-9999,-9999,Broome,-35996.4,DAMPIER_202009_DNE,2,February,73.6,18.8,26.4
2020-02-28T23:00:00Z,2.018,-9999,-9999,Broome,-35996.4,DAMPIER_202009_DNE,2,February,73.6,18.8,26.4
2020-02-29T00:00:00Z,1.761,-9999,-9999,Broome,-35996.4,DAMPIER_202009_DNE,2,February,73.6,18.8,26.4
2020-02-29T01:00:00Z,2.772,-9999,-9999,Broome,-35996.4,DAMPIER_202009_DNE,2,February,73.6,18.8,26.4
2020-02-29T02:00:00Z,4.407,-9999,-9999,Broome,-35996.4,DAMPIER_202009_DNE,2,February,73.6,18.8,26.4
2020-02-29T03:00:00Z,6.099,-9999,-9999,Broome,-35996.4,DAMPIER_202009_DNE,2,February,73.6,18.8,26.4
2020-02-29T04:00:00Z,7.551,-9999,-9999,Broome,-35996.4,DAMPIER_202009_DNE,2,February,73.6,18.8,26.4
2020-02-29T05:00:00Z,8.682,-9999,-9999,Broome,-35996.4,DAMPIER_202009_DNE,2,February,73.6,18.8,26.4
2020-02-29T06:00:00Z,8.879,-9999,-9999,Broome,-35996.4,DAMPIER_202009_DNE,2,February,73.6,18.8,26.4
2020-02-29T07:00:00Z,7.963,-9999,-9999,Broome,-35996.4,DAMPIER_202009_DNE,2,February,73.6,18.8,26.4
2020-02-29T08:00:00Z,6.659,-9999,-9999,Broome,-35996.4,DAMPIER_202009_DNE,2,February,73.6,18.8,26.4
2020-02-29T09:00:00Z,5.232,-9999,-9999,Broome,-35996.4,DAMPIER_202009_DNE,2,February,73.6,18.8,26.4
2020-02-29T10:00:00Z,3.738,-9999,-9999,Broome,-35996.4,DAMPIER_202009_DNE,2,February,73.6,18.8,26.4
2020-02-29T11:00:00Z,2.494,-9999,-9999,Broome,-35996.4,DAMPIER_202009_DNE,2,February,73.6,18.8,26.4
2020-02-29T12:00:00Z,1.941,-9999,-9999,Broome,-35996.4,DAMPIER_202009_DNE,2,February,73.6,18.8,26.4
2020-02-29T13:00:00Z,2.63,-9999,-9999,Broome,-35996.4,DAMPIER_202009_DNE,2,February,73.6,18.8,26.4
2020-02-29T14:00:00Z,4.144,-9999,-9999,Broome,-35996.4,DAMPIER_202009_DNE,2,February,73.6,18.8,26.4
2020-02-29T15:00:00Z,5.695,-9999,-9999,Broome,-35996.4,DAMPIER_202009_DNE,2,February,73.6,18.8,26.4
2020-02-29T16:00:00Z,6.972,-9999,-9999,Broome,-35996.4,DAMPIER_202009_DNE,2,February,73.6,18.8,26.4
2020-02-29T17:00:00Z,8.103,-9999,-9999,Broome,-35996.4,DAMPIER_202009_DNE,2,February,73.6,18.8,26.4
2020-02-29T18:00:00Z,8.426,-9999,-9999,Broome,-35996.4,DAMPIER_202009_DNE,2,February,73.6,18.8,26.4
2020-02-29T19:00:00Z,7.752,-9999,-9999,Broome,-35996.4,DAMPIER_202009_DNE,2,February,73.6,18.8,26.4
2020-02-29T20:00:00Z,6.592,-9999,-9999,Broome,-35996.4,DAMPIER_202009_DNE,2,February,73.6,18.8,26.4
2020-02-29T21:00:00Z,5.286,-9999,-9999,Broome,-35996.4,DAMPIER_202009_DNE,2,February,73.6,18.8,26.4
2020-02-29T22:00:00Z,3.993,-9999,-9999,Broome,-35996.4,DAMPIER_202009_DNE,2,February,73.6,18.8,26.4
2020-02-29T23:00:00Z,2.852,-9999,-9999,Broome,-35996.4,DAMPIER_202009_DNE,2,February,73.6,18.8,26.4
2020-03-01T00:00:00Z,2.305,-9999,-9999,Broome,-35996.4,DAMPIER_202009_DNE,3,March,46.1,18.9,24.4
2020-03-01T01:00:00Z,2.76,-9999,-9999,Broome,-35996.4,DAMPIER_202009_DNE,3,March,46.1,18.9,24.4
2020-03-01T02:00:00Z,4.052,-9999,-9999,Broome,-35996.4,DAMPIER_202009_DNE,3,March,46.1,18.9,24.4
2020-03-01T03:00:00Z,5.582,-9999,-9999,Broome,-35996.4,DAMPIER_202009_DNE,3,March,46.1,18.9,24.4
2020-03-01T04:00:00Z,6.967,-9999,-9999,Broome,-35996.4,DAMPIER_202009_DNE,3,March,46.1,18.9,24.4
2020-03-01T05:00:00Z,8.107,-9999,-9999,Broome,-35996.4,DAMPIER_202009_DNE,3,March,46.1,18.9,24.4
2020-03-01T06:00:00Z,8.628,-9999,-9999,Broome,-35996.4,DAMPIER_202009_DNE,3,March,46.1,18.9,24.4
2020-03-01T07:00:00Z,8.172,-9999,-9999,Broome,-35996.4,DAMPIER_202009_DNE,3,March,46.1,18.9,24.4
2020-03-01T08:00:00Z,7.105,-9999,-9999,Broome,-35996.4,DAMPIER_202009_DNE,3,March,46.1,18.9,24.4
2020-03-01T09:00:00Z,5.861,-9999,-9999,Broome,-35996.4,DAMPIER_202009_DNE,3,March,46.1,18.9,24.4
2020-03-01T10:00:00Z,4.542,-9999,-9999,Broome,-35996.4,DAMPIER_202009_DNE,3,March,46.1,18.9,24.4
2020-03-01T11:00:00Z,3.363,-9999,-9999,Broome,-35996.4,DAMPIER_202009_DNE,3,March,46.1,18.9,24.4
2020-03-01T12:00:00Z,2.622,-9999,-9999,Broome,-35996.4,DAMPIER_202009_DNE,3,March,46.1,18.9,24.4
2020-03-01T13:00:00Z,2.761,-9999,-9999,Broome,-35996.4,DAMPIER_202009_DNE,3,March,46.1,18.9,24.4
2020-03-01T14:00:00Z,3.755,-9999,-9999,Broome,-35996.4,DAMPIER_202009_DNE,3,March,46.1,18.9,24.4
2020-03-01T15:00:00Z,5.026,-9999,-9999,Broome,-35996.4,DAMPIER_202009_DNE,3,March,46.1,18.9,24.4
2020-03-01T16:00:00Z,6.263,-9999,-9999,Broome,-35996.4,DAMPIER_202009_DNE,3,March,46.1,18.9,24.4
2020-03-01T17:00:00Z,7.308,-9999,-9999,Broome,-35996.4,DAMPIER_202009_DNE,3,March,46.1,18.9,24.4
2020-03-01T18:00:00Z,7.983,-9999,-9999,Broome,-35996.4,DAMPIER_202009_DNE,3,March,46.1,18.9,24.4
2020-03-01T19:00:00Z,7.777,-9999,-9999,Broome,-35996.4,DAMPIER_202009_DNE,3,March,46.1,18.9,24.4
2020-03-01T20:00:00Z,6.749,-9999,-9999,Broome,-35996.4,DAMPIER_202009_DNE,3,March,46.1,18.9,24.4
2020-03-01T21:00:00Z,5.627,-9999,-9999,Broome,-35996.4,DAMPIER_202009_DNE,3,March,46.1,18.9,24.4
2020-03-01T22:00:00Z,4.564,-9999,-9999,Broome,-35996.4,DAMPIER_202009_DNE,3,March,46.1,18.9,24.4
2020-03-01T23:00:00Z,3.593,-9999,-9999,Broome,-35996.4,DAMPIER_202009_DNE,3,March,46.1,18.9,24.4
2020-03-02T00:00:00Z,2.923,-9999,-9999,Broome,-35996.4,DAMPIER_202009_DNE,3,March,46.1,18.9,24.4
2020-03-02T01:00:00Z,2.96,-9999,-9999,Broome,-35996.4,DAMPIER_202009_DNE,3,March,46.1,18.9,24.4
2020-03-02T02:00:00Z,3.865,-9999,-9999,Broome,-35996.4,DAMPIER_202009_DNE,3,March,46.1,18.9,24.4
2020-03-02T03:00:00Z,5.109,-9999,-9999,Broome,-35996.4,DAMPIER_202009_DNE,3,March,46.1,18.9,24.4
2020-03-02T04:00:00Z,6.328,-9999,-9999,Broome,-35996.4,DAMPIER_202009_DNE,3,March,46.1,18.9,24.4
2020-03-02T05:00:00Z,7.432,-9999,-9999,Broome,-35996.4,DAMPIER_202009_DNE,3,March,46.1,18.9,24.4
2020-03-02T06:00:00Z,8.143,-9999,-9999,Broome,-35996.4,DAMPIER_202009_DNE,3,March,46.1,18.9,24.4
2020-03-02T07:00:00Z,8.078,-9999,-9999,Broome,-35996.4,DAMPIER_202009_DNE,3,March,46.1,18.9,24.4
2020-03-02T08:00:00Z,7.311,-9999,-9999,Broome,-35996.4,DAMPIER_202009_DNE,3,March,46.1,18.9,24.4
2020-03-02T09:00:00Z,6.26,-9999,-9999,Broome,-35996.4,DAMPIER_202009_DNE,3,March,46.1,18.9,24.4
2020-03-02T10:00:00Z,5.155,-9999,-9999,Broome,-35996.4,DAMPIER_202009_DNE,3,March,46.1,18.9,24.4
2020-03-02T11:00:00Z,4.119,-9999,-9999,Broome,-35996.4,DAMPIER_202009_DNE,3,March,46.1,18.9,24.4
2020-03-02T12:00:00Z,3.359,-9999,-9999,Broome,-35996.4,DAMPIER_202009_DNE,3,March,46.1,18.9,24.4
2020-03-02T13:00:00Z,3.204,-9999,-9999,Broome,-35996.4,DAMPIER_202009_DNE,3,March,46.1,18.9,24.4
2020-03-02T14:00:00Z,3.794,-9999,-9999,Broome,-35996.4,DAMPIER_202009_DNE,3,March,46.1,18.9,24.4
2020-03-02T15:00:00Z,4.755,-9999,-9999,Broome,-35996.4,DAMPIER_202009_DNE,3,March,46.1,18.9,24.4
2020-03-02T16:00:00Z,5.685,-9999,-9999,Broome,-35996.4,DAMPIER_202009_DNE,3,March,46.1,18.9,24.4
2020-03-02T17:00:00Z,6.571,-9999,-9999,Broome,-35996.4,DAMPIER_202009_DNE,3,March,46.1,18.9,24.4
2020-03-02T18:00:00Z,7.131,-9999,-9999,Broome,-35996.4,DAMPIER_202009_DNE,3,March,46.1,18.9,24.4
2020-03-02T19:00:00Z,7.109,-9999,-9999,Broome,-35996.4,DAMPIER_202009_DNE,3,March,46.1,18.9,24.4
2020-03-02T20:00:00Z,6.742,-9999,-9999,Broome,-35996.4,DAMPIER_202009_DNE,3,March,46.1,18.9,24.4
2020-03-02T21:00:00Z,6.003,-9999,-9999,Broome,-35996.4,DAMPIER_202009_DNE,3,March,46.1,18.9,24.4
2020-03-02T22:00:00Z,5.136,-9999,-9999,Broome,-35996.4,DAMPIER_202009_DNE,3,March,46.1,18.9,24.4
2020-03-02T23:00:00Z,4.287,-9999,-9999,Broome,-35996.4,DAMPIER_202009_DNE,3,March,46.1,18.9,24.4
2020-03-03T00:00:00Z,3.546,-9999,-9999,Broome,-35996.4,DAMPIER_202009_DNE,3,March,46.1,18.9,24.4
2020-03-03T01:00:00Z,3.346,-9999,-9999,Broome,-35996.4,DAMPIER_202009_DNE,3,March,46.1,18.9,24.4
2020-03-03T02:00:00Z,3.889,-9999,-9999,Broome,-35996.4,DAMPIER_202009_DNE,3,March,46.1,18.9,24.4
2020-03-03T03:00:00Z,4.813,-9999,-9999,Broome,-35996.4,DAMPIER_202009_DNE,3,March,46.1,18.9,24.4
2020-03-03T04:00:00Z,5.778,-9999,-9999,Broome,-35996.4,DAMPIER_202009_DNE,3,March,46.1,18.9,24.4
2020-03-03T05:00:00Z,6.677,-9999,-9999,Broome,-35996.4,DAMPIER_202009_DNE,3,March,46.1,18.9,24.4
2020-03-03T06:00:00Z,7.341,-9999,-9999,Broome,-35996.4,DAMPIER_202009_DNE,3,March,46.1,18.9,24.4
2020-03-03T07:00:00Z,7.624,-9999,-9999,Broome,-35996.4,DAMPIER_202009_DNE,3,March,46.1,18.9,24.4
2020-03-03T08:00:00Z,7.324,-9999,-9999,Broome,-35996.4,DAMPIER_202009_DNE,3,March,46.1,18.9,24.4
2020-03-03T09:00:00Z,6.534,-9999,-9999,Broome,-35996.4,DAMPIER_202009_DNE,3,March,46.1,18.9,24.4
2020-03-03T10:00:00Z,5.601,-9999,-9999,Broome,-35996.4,DAMPIER_202009_DNE,3,March,46.1,18.9,24.4
2020-03-03T11:00:00Z,4.803,-9999,-9999,Broome,-35996.4,DAMPIER_202009_DNE,3,March,46.1,18.9,24.4
2020-03-03T12:00:00Z,4.208,-9999,-9999,Broome,-35996.4,DAMPIER_202009_DNE,3,March,46.1,18.9,24.4
2020-03-03T13:00:00Z,3.847,-9999,-9999,Broome,-35996.4,DAMPIER_202009_DNE,3,March,46.1,18.9,24.4
2020-03-03T14:00:00Z,3.971,-9999,-9999,Broome,-35996.4,DAMPIER_202009_DNE,3,March,46.1,18.9,24.4
2020-03-03T15:00:00Z,4.537,-9999,-9999,Broome,-35996.4,DAMPIER_202009_DNE,3,March,46.1,18.9,24.4
2020-03-03T16:00:00Z,5.164,-9999,-9999,Broome,-35996.4,DAMPIER_202009_DNE,3,March,46.1,18.9,24.4
2020-03-03T17:00:00Z,5.735,-9999,-9999,Broome,-35996.4,DAMPIER_202009_DNE,3,March,46.1,18.9,24.4
2020-03-03T18:00:00Z,6.236,-9999,-9999,Broome,-35996.4,DAMPIER_202009_DNE,3,March,46.1,18.9,24.4
2020-03-03T19:00:00Z,6.553,-9999,-9999,Broome,-35996.4,DAMPIER_202009_DNE,3,March,46.1,18.9,24.4
2020-03-03T20:00:00Z,6.509,-9999,-9999,Broome,-35996.4,DAMPIER_202009_DNE,3,March,46.1,18.9,24.4
2020-03-03T21:00:00Z,6.057,-9999,-9999,Broome,-35996.4,DAMPIER_202009_DNE,3,March,46.1,18.9,24.4
2020-03-03T22:00:00Z,5.455,-9999,-9999,Broome,-35996.4,DAMPIER_202009_DNE,3,March,46.1,18.9,24.4
2020-03-03T23:00:00Z,4.9,-9999,-9999,Broome,-35996.4,DAMPIER_202009_DNE,3,March,46.1,18.9,24.4
2020-03-04T00:00:00Z,4.462,-9999,-9999,Broome,-35996.4,DAMPIER_202009_DNE,3,March,46.1,18.9,24.4
2020-03-04T01:00:00Z,4.287,-9999,-9999,Broome,-35996.4,DAMPIER_202009_DNE,3,March,46.1,18.9,24.4
2020-03-04T02:00:00Z,4.424,-9999,-9999,Broome,-35996.4,DAMPIER_202009_DNE,3,March,46.1,18.9,24.4
2020-03-04T03:00:00Z,4.83,-9999,-9999,Broome,-35996.4,DAMPIER_202009_DNE,3,March,46.1,18.9,24.4
2020-03-04T04:00:00Z,5.406,-9999,-9999,Broome,-35996.4,DAMPIER_202009_DNE,3,March,46.1,18.9,24.4
2020-03-04T05:00:00Z,5.995,-9999,-9999,Broome,-35996.4,DAMPIER_202009_DNE,3,March,46.1,18.9,24.4
2020-03-04T06:00:00Z,6.493,-9999,-9999,Broome,-35996.4,DAMPIER_202009_DNE,3,March,46.1,18.9,24.4
2020-03-04T07:00:00Z,6.835,-9999,-9999,Broome,-35996.4,DAMPIER_202009_DNE,3,March,46.1,18.9,24.4
2020-03-04T08:00:00Z,6.869,-9999,-9999,Broome,-35996.4,DAMPIER_202009_DNE,3,March,46.1,18.9,24.4
2020-03-04T09:00:00Z,6.585,-9999,-9999,Broome,-35996.4,DAMPIER_202009_DNE,3,March,46.1,18.9,24.4
2020-03-04T10:00:00Z,6.086,-9999,-9999,Broome,-35996.4,DAMPIER_202009_DNE,3,March,46.1,18.9,24.4
2020-03-04T11:00:00Z,5.567,-9999,-9999,Broome,-35996.4,DAMPIER_202009_DNE,3,March,46.1,18.9,24.4
2020-03-04T12:00:00Z,5.103,-9999,-9999,Broome,-35996.4,DAMPIER_202009_DNE,3,March,46.1,18.9,24.4
2020-03-04T13:00:00Z,4.688,-9999,-9999,Broome,-35996.4,DAMPIER_202009_DNE,3,March,46.1,18.9,24.4
2020-03-04T14:00:00Z,4.535,-9999,-9999,Broome,-35996.4,DAMPIER_202009_DNE,3,March,46.1,18.9,24.4
2020-03-04T15:00:00Z,4.649,-9999,-9999,Broome,-35996.4,DAMPIER_202009_DNE,3,March,46.1,18.9,24.4
2020-03-04T16:00:00Z,4.807,-9999,-9999,Broome,-35996.4,DAMPIER_202009_DNE,3,March,46.1,18.9,24.4
2020-03-04T17:00:00Z,5.008,-9999,-9999,Broome,-35996.4,DAMPIER_202009_DNE,3,March,46.1,18.9,24.4
2020-03-04T18:00:00Z,5.292,-9999,-9999,Broome,-35996.4,DAMPIER_202009_DNE,3,March,46.1,18.9,24.4
2020-03-04T19:00:00Z,5.6,-9999,-9999,Broome,-35996.4,DAMPIER_202009_DNE,3,March,46.1,18.9,24.4
2020-03-04T20:00:00Z,5.804,-9999,-9999,Broome,-35996.4,DAMPIER_202009_DNE,3,March,46.1,18.9,24.4
2020-03-04T21:00:00Z,5.838,-9999,-9999,Broome,-35996.4,DAMPIER_202009_DNE,3,March,46.1,18.9,24.4
2020-03-04T22:00:00Z,5.715,-9999,-9999,Broome,-35996.4,DAMPIER_202009_DNE,3,March,46.1,18.9,24.4
2020-03-04T23:00:00Z,5.478,-9999,-9999,Broome,-35996.4,DAMPIER_202009_DNE,3,March,46.1,18.9,24.4
2020-03-05T00:00:00Z,5.282,-9999,-9999,Broome,-35996.4,DAMPIER_202009_DNE,3,March,46.1,18.9,24.4
2020-03-05T01:00:00Z,5.142,-9999,-9999,Broome,-35996.4,DAMPIER_202009_DNE,3,March,46.1,18.9,24.4
2020-03-05T02:00:00Z,5.052,-9999,-9999,Broome,-35996.4,DAMPIER_202009_DNE,3,March,46.1,18.9,24.4
2020-03-05T03:00:00Z,5.109,-9999,-9999,Broome,-35996.4,DAMPIER_202009_DNE,3,March,46.1,18.9,24.4
2020-03-05T04:00:00Z,5.237,-9999,-9999,Broome,-35996.4,DAMPIER_202009_DNE,3,March,46.1,18.9,24.4
2020-03-05T05:00:00Z,5.394,-9999,-9999,Broome,-35996.4,DAMPIER_202009_DNE,3,March,46.1,18.9,24.4
2020-03-05T06:00:00Z,5.645,-9999,-9999,Broome,-35996.4,DAMPIER_202009_DNE,3,March,46.1,18.9,24.4
2020-03-05T07:00:00Z,5.926,-9999,-9999,Broome,-35996.4,DAMPIER_202009_DNE,3,March,46.1,18.9,24.4
2020-03-05T08:00:00Z,6.171,-9999,-9999,Broome,-35996.4,DAMPIER_202009_DNE,3,March,46.1,18.9,24.4
2020-03-05T09:00:00Z,6.32,-9999,-9999,Broome,-35996.4,DAMPIER_202009_DNE,3,March,46.1,18.9,24.4
2020-03-05T10:00:00Z,6.319,-9999,-9999,Broome,-35996.4,DAMPIER_202009_DNE,3,March,46.1,18.9,24.4
2020-03-05T11:00:00Z,6.192,-9999,-9999,Broome,-35996.4,DAMPIER_202009_DNE,3,March,46.1,18.9,24.4
2020-03-05T12:00:00Z,5.967,-9999,-9999,Broome,-35996.4,DAMPIER_202009_DNE,3,March,46.1,18.9,24.4
2020-03-05T13:00:00Z,5.699,-9999,-9999,Broome,-35996.4,DAMPIER_202009_DNE,3,March,46.1,18.9,24.4
2020-03-05T14:00:00Z,5.412,-9999,-9999,Broome,-35996.4,DAMPIER_202009_DNE,3,March,46.1,18.9,24.4
2020-03-05T15:00:00Z,5.129,-9999,-9999,Broome,-35996.4,DAMPIER_202009_DNE,3,March,46.1,18.9,24.4
2020-03-05T16:00:00Z,4.852,-9999,-9999,Broome,-35996.4,DAMPIER_202009_DNE,3,March,46.1,18.9,24.4
2020-03-05T17:00:00Z,4.616,-9999,-9999,Broome,-35996.4,DAMPIER_202009_DNE,3,March,46.1,18.9,24.4
2020-03-05T18:00:00Z,4.544,-9999,-9999,Broome,-35996.4,DAMPIER_202009_DNE,3,March,46.1,18.9,24.4
2020-03-05T19:00:00Z,4.653,-9999,-9999,Broome,-35996.4,DAMPIER_202009_DNE,3,March,46.1,18.9,24.4
2020-03-05T20:00:00Z,4.847,-9999,-9999,Broome,-35996.4,DAMPIER_202009_DNE,3,March,46.1,18.9,24.4
2020-03-05T21:00:00Z,5.148,-9999,-9999,Broome,-35996.4,DAMPIER_202009_DNE,3,March,46.1,18.9,24.4
2020-03-05T22:00:00Z,5.519,-9999,-9999,Broome,-35996.4,DAMPIER_202009_DNE,3,March,46.1,18.9,24.4
2020-03-05T23:00:00Z,5.812,-9999,-9999,Broome,-35996.4,DAMPIER_202009_DNE,3,March,46.1,18.9,24.4
2020-03-06T00:00:00Z,5.994,-9999,-9999,Broome,-35996.4,DAMPIER_202009_DNE,3,March,46.1,18.9,24.4
2020-03-06T01:00:00Z,6.036,-9999,-9999,Broome,-35996.4,DAMPIER_202009_DNE,3,March,46.1,18.9,24.4
2020-03-06T02:00:00Z,5.91,-9999,-9999,Broome,-35996.4,DAMPIER_202009_DNE,3,March,46.1,18.9,24.4
2020-03-06T03:00:00Z,5.666,-9999,-9999,Broome,-35996.4,DAMPIER_202009_DNE,3,March,46.1,18.9,24.4
2020-03-06T04:00:00Z,5.347,-9999,-9999,Broome,-35996.4,DAMPIER_202009_DNE,3,March,46.1,18.9,24.4
2020-03-06T05:00:00Z,5.03,-9999,-9999,Broome,-35996.4,DAMPIER_202009_DNE,3,March,46.1,18.9,24.4
2020-03-06T06:00:00Z,4.854,-9999,-9999,Broome,-35996.4,DAMPIER_202009_DNE,3,March,46.1,18.9,24.4
2020-03-06T07:00:00Z,4.919,-9999,-9999,Broome,-35996.4,DAMPIER_202009_DNE,3,March,46.1,18.9,24.4
2020-03-06T08:00:00Z,5.201,-9999,-9999,Broome,-35996.4,DAMPIER_202009_DNE,3,March,46.1,18.9,24.4
2020-03-06T09:00:00Z,5.606,-9999,-9999,Broome,-35996.4,DAMPIER_202009_DNE,3,March,46.1,18.9,24.4
2020-03-06T10:00:00Z,6.072,-9999,-9999,Broome,-35996.4,DAMPIER_202009_DNE,3,March,46.1,18.9,24.4
2020-03-06T11:00:00Z,6.486,-9999,-9999,Broome,-35996.4,DAMPIER_202009_DNE,3,March,46.1,18.9,24.4
2020-03-06T12:00:00Z,6.709,-9999,-9999,Broome,-35996.4,DAMPIER_202009_DNE,3,March,46.1,18.9,24.4
2020-03-06T13:00:00Z,6.689,-9999,-9999,Broome,-35996.4,DAMPIER_202009_DNE,3,March,46.1,18.9,24.4
2020-03-06T14:00:00Z,6.395,-9999,-9999,Broome,-35996.4,DAMPIER_202009_DNE,3,March,46.1,18.9,24.4
2020-03-06T15:00:00Z,5.9,-9999,-9999,Broome,-35996.4,DAMPIER_202009_DNE,3,March,46.1,18.9,24.4
2020-03-06T16:00:00Z,5.263,-9999,-9999,Broome,-35996.4,DAMPIER_202009_DNE,3,March,46.1,18.9,24.4
2020-03-06T17:00:00Z,4.61,-9999,-9999,Broome,-35996.4,DAMPIER_202009_DNE,3,March,46.1,18.9,24.4
2020-03-06T18:00:00Z,4.082,-9999,-9999,Broome,-35996.4,DAMPIER_202009_DNE,3,March,46.1,18.9,24.4
2020-03-06T19:00:00Z,3.796,-9999,-9999,Broome,-35996.4,DAMPIER_202009_DNE,3,March,46.1,18.9,24.4
2020-03-06T20:00:00Z,3.831,-9999,-9999,Broome,-35996.4,DAMPIER_202009_DNE,3,March,46.1,18.9,24.4
2020-03-06T21:00:00Z,4.221,-9999,-9999,Broome,-35996.4,DAMPIER_202009_DNE,3,March,46.1,18.9,24.4
2020-03-06T22:00:00Z,4.892,-9999,-9999,Broome,-35996.4,DAMPIER_202009_DNE,3,March,46.1,18.9,24.4
2020-03-06T23:00:00Z,5.648,-9999,-9999,Broome,-35996.4,DAMPIER_202009_DNE,3,March,46.1,18.9,24.4
2020-03-07T00:00:00Z,6.336,-9999,-9999,Broome,-35996.4,DAMPIER_202009_DNE,3,March,46.1,18.9,24.4
2020-03-07T01:00:00Z,6.83,-9999,-9999,Broome,-35996.4,DAMPIER_202009_DNE,3,March,46.1,18.9,24.4
2020-03-07T02:00:00Z,6.937,-9999,-9999,Broome,-35996.4,DAMPIER_202009_DNE,3,March,46.1,18.9,24.4
2020-03-07T03:00:00Z,6.564,-9999,-9999,Broome,-35996.4,DAMPIER_202009_DNE,3,March,46.1,18.9,24.4
2020-03-07T04:00:00Z,5.913,-9999,-9999,Broome,-35996.4,DAMPIER_202009_DNE,3,March,46.1,18.9,24.4
2020-03-07T05:00:00Z,5.198,-9999,-9999,Broome,-35996.4,DAMPIER_202009_DNE,3,March,46.1,18.9,24.4
2020-03-07T06:00:00Z,4.539,-9999,-9999,Broome,-35996.4,DAMPIER_202009_DNE,3,March,46.1,18.9,24.4
2020-03-07T07:00:00Z,4.07,-9999,-9999,Broome,-35996.4,DAMPIER_202009_DNE,3,March,46.1,18.9,24.4
2020-03-07T08:00:00Z,4.026,-9999,-9999,Broome,-35996.4,DAMPIER_202009_DNE,3,March,46.1,18.9,24.4
2020-03-07T09:00:00Z,4.492,-9999,-9999,Broome,-35996.4,DAMPIER_202009_DNE,3,March,46.1,18.9,24.4
2020-03-07T10:00:00Z,5.307,-9999,-9999,Broome,-35996.4,DAMPIER_202009_DNE,3,March,46.1,18.9,24.4
2020-03-07T11:00:00Z,6.254,-9999,-9999,Broome,-35996.4,DAMPIER_202009_DNE,3,March,46.1,18.9,24.4
2020-03-07T12:00:00Z,7.065,-9999,-9999,Broome,-35996.4,DAMPIER_202009_DNE,3,March,46.1,18.9,24.4
2020-03-07T13:00:00Z,7.565,-9999,-9999,Broome,-35996.4,DAMPIER_202009_DNE,3,March,46.1,18.9,24.4
2020-03-07T14:00:00Z,7.628,-9999,-9999,Broome,-35996.4,DAMPIER_202009_DNE,3,March,46.1,18.9,24.4
2020-03-07T15:00:00Z,7.171,-9999,-9999,Broome,-35996.4,DAMPIER_202009_DNE,3,March,46.1,18.9,24.4
2020-03-07T16:00:00Z,6.241,-9999,-9999,Broome,-35996.4,DAMPIER_202009_DNE,3,March,46.1,18.9,24.4
2020-03-07T17:00:00Z,5.14,-9999,-9999,Broome,-35996.4,DAMPIER_202009_DNE,3,March,46.1,18.9,24.4
2020-03-07T18:00:00Z,4.085,-9999,-9999,Broome,-35996.4,DAMPIER_202009_DNE,3,March,46.1,18.9,24.4
2020-03-07T19:00:00Z,3.204,-9999,-9999,Broome,-35996.4,DAMPIER_202009_DNE,3,March,46.1,18.9,24.4
2020-03-07T20:00:00Z,2.735,-9999,-9999,Broome,-35996.4,DAMPIER_202009_DNE,3,March,46.1,18.9,24.4
2020-03-07T21:00:00Z,3.009,-9999,-9999,Broome,-35996.4,DAMPIER_202009_DNE,3,March,46.1,18.9,24.4
2020-03-07T22:00:00Z,3.929,-9999,-9999,Broome,-35996.4,DAMPIER_202009_DNE,3,March,46.1,18.9,24.4
2020-03-07T23:00:00Z,5.093,-9999,-9999,Broome,-35996.4,DAMPIER_202009_DNE,3,March,46.1,18.9,24.4
2020-03-08T00:00:00Z,6.289,-9999,-9999,Broome,-35996.4,DAMPIER_202009_DNE,3,March,46.1,18.9,24.4
2020-03-08T01:00:00Z,7.333,-9999,-9999,Broome,-35996.4,DAMPIER_202009_DNE,3,March,46.1,18.9,24.4
2020-03-08T02:00:00Z,7.911,-9999,-9999,Broome,-35996.4,DAMPIER_202009_DNE,3,March,46.1,18.9,24.4
2020-03-08T03:00:00Z,7.683,-9999,-9999,Broome,-35996.4,DAMPIER_202009_DNE,3,March,46.1,18.9,24.4
2020-03-08T04:00:00Z,6.852,-9999,-9999,Broome,-35996.4,DAMPIER_202009_DNE,3,March,46.1,18.9,24.4
2020-03-08T05:00:00Z,5.798,-9999,-9999,Broome,-35996.4,DAMPIER_202009_DNE,3,March,46.1,18.9,24.4
2020-03-08T06:00:00Z,4.672,-9999,-9999,Broome,-35996.4,DAMPIER_202009_DNE,3,March,46.1,18.9,24.4
2020-03-08T07:00:00Z,3.679,-9999,-9999,Broome,-35996.4,DAMPIER_202009_DNE,3,March,46.1,18.9,24.4
2020-03-08T08:00:00Z,3.058,-9999,-9999,Broome,-35996.4,DAMPIER_202009_DNE,3,March,46.1,18.9,24.4
2020-03-08T09:00:00Z,3.185,-9999,-9999,Broome,-35996.4,DAMPIER_202009_DNE,3,March,46.1,18.9,24.4
2020-03-08T10:00:00Z,4.139,-9999,-9999,Broome,-35996.4,DAMPIER_202009_DNE,3,March,46.1,18.9,24.4
2020-03-08T11:00:00Z,5.446,-9999,-9999,Broome,-35996.4,DAMPIER_202009_DNE,3,March,46.1,18.9,24.4
2020-03-08T12:00:00Z,6.776,-9999,-9999,Broome,-35996.4,DAMPIER_202009_DNE,3,March,46.1,18.9,24.4
2020-03-08T13:00:00Z,7.927,-9999,-9999,Broome,-35996.4,DAMPIER_202009_DNE,3,March,46.1,18.9,24.4
2020-03-08T14:00:00Z,8.583,-9999,-9999,Broome,-35996.4,DAMPIER_202009_DNE,3,March,46.1,18.9,24.4
2020-03-08T15:00:00Z,8.424,-9999,-9999,Broome,-35996.4,DAMPIER_202009_DNE,3,March,46.1,18.9,24.4
2020-03-08T16:00:00Z,7.454,-9999,-9999,Broome,-35996.4,DAMPIER_202009_DNE,3,March,46.1,18.9,24.4
2020-03-08T17:00:00Z,6.145,-9999,-9999,Broome,-35996.4,DAMPIER_202009_DNE,3,March,46.1,18.9,24.4
2020-03-08T18:00:00Z,4.745,-9999,-9999,Broome,-35996.4,DAMPIER_202009_DNE,3,March,46.1,18.9,24.4
2020-03-08T19:00:00Z,3.377,-9999,-9999,Broome,-35996.4,DAMPIER_202009_DNE,3,March,46.1,18.9,24.4
2020-03-08T20:00:00Z,2.271,-9999,-9999,Broome,-35996.4,DAMPIER_202009_DNE,3,March,46.1,18.9,24.4
2020-03-08T21:00:00Z,1.903,-9999,-9999,Broome,-35996.4,DAMPIER_202009_DNE,3,March,46.1,18.9,24.4
2020-03-08T22:00:00Z,2.684,-9999,-9999,Broome,-35996.4,DAMPIER_202009_DNE,3,March,46.1,18.9,24.4
2020-03-08T23:00:00Z,4.088,-9999,-9999,Broome,-35996.4,DAMPIER_202009_DNE,3,March,46.1,18.9,24.4
2020-03-09T00:00:00Z,5.656,-9999,-9999,Broome,-35996.4,DAMPIER_202009_DNE,3,March,46.1,18.9,24.4
2020-03-09T01:00:00Z,7.226,-9999,-9999,Broome,-35996.4,DAMPIER_202009_DNE,3,March,46.1,18.9,24.4
2020-03-09T02:00:00Z,8.467,-9999,-9999,Broome,-35996.4,DAMPIER_202009_DNE,3,March,46.1,18.9,24.4
2020-03-09T03:00:00Z,8.834,-9999,-9999,Broome,-35996.4,DAMPIER_202009_DNE,3,March,46.1,18.9,24.4
2020-03-09T04:00:00Z,8.074,-9999,-9999,Broome,-35996.4,DAMPIER_202009_DNE,3,March,46.1,18.9,24.4
2020-03-09T05:00:00Z,6.782,-9999,-9999,Broome,-35996.4,DAMPIER_202009_DNE,3,March,46.1,18.9,24.4
2020-03-09T06:00:00Z,5.373,-9999,-9999,Broome,-35996.4,DAMPIER_202009_DNE,3,March,46.1,18.9,24.4
2020-03-09T07:00:00Z,3.914,-9999,-9999,Broome,-35996.4,DAMPIER_202009_DNE,3,March,46.1,18.9,24.4
2020-03-09T08:00:00Z,2.651,-9999,-9999,Broome,-35996.4,DAMPIER_202009_DNE,3,March,46.1,18.9,24.4
2020-03-09T09:00:00Z,2.015,-9999,-9999,Broome,-35996.4,DAMPIER_202009_DNE,3,March,46.1,18.9,24.4
2020-03-09T10:00:00Z,2.612,-9999,-9999,Broome,-35996.4,DAMPIER_202009_DNE,3,March,46.1,18.9,24.4
2020-03-09T11:00:00Z,4.106,-9999,-9999,Broome,-35996.4,DAMPIER_202009_DNE,3,March,46.1,18.9,24.4
2020-03-09T12:00:00Z,5.816,-9999,-9999,Broome,-35996.4,DAMPIER_202009_DNE,3,March,46.1,18.9,24.4
2020-03-09T13:00:00Z,7.528,-9999,-9999,Broome,-35996.4,DAMPIER_202009_DNE,3,March,46.1,18.9,24.4
2020-03-09T14:00:00Z,8.902,-9999,-9999,Broome,-35996.4,DAMPIER_202009_DNE,3,March,46.1,18.9,24.4
2020-03-09T15:00:00Z,9.401,-9999,-9999,Broome,-35996.4,DAMPIER_202009_DNE,3,March,46.1,18.9,24.4
2020-03-09T16:00:00Z,8.743,-9999,-9999,Broome,-35996.4,DAMPIER_202009_DNE,3,March,46.1,18.9,24.4
2020-03-09T17:00:00Z,7.36,-9999,-9999,Broome,-35996.4,DAMPIER_202009_DNE,3,March,46.1,18.9,24.4
2020-03-09T18:00:00Z,5.777,-9999,-9999,Broome,-35996.4,DAMPIER_202009_DNE,3,March,46.1,18.9,24.4
2020-03-09T19:00:00Z,4.085,-9999,-9999,Broome,-35996.4,DAMPIER_202009_DNE,3,March,46.1,18.9,24.4
2020-03-09T20:00:00Z,2.488,-9999,-9999,Broome,-35996.4,DAMPIER_202009_DNE,3,March,46.1,18.9,24.4
2020-03-09T21:00:00Z,1.351,-9999,-9999,Broome,-35996.4,DAMPIER_202009_DNE,3,March,46.1,18.9,24.4
2020-03-09T22:00:00Z,1.423,-9999,-9999,Broome,-35996.4,DAMPIER_202009_DNE,3,March,46.1,18.9,24.4
2020-03-09T23:00:00Z,2.77,-9999,-9999,Broome,-35996.4,DAMPIER_202009_DNE,3,March,46.1,18.9,24.4
2020-03-10T00:00:00Z,4.583,-9999,-9999,Broome,-35996.4,DAMPIER_202009_DNE,3,March,46.1,18.9,24.4
2020-03-10T01:00:00Z,6.529,-9999,-9999,Broome,-35996.4,DAMPIER_202009_DNE,3,March,46.1,18.9,24.4
2020-03-10T02:00:00Z,8.367,-9999,-9999,Broome,-35996.4,DAMPIER_202009_DNE,3,March,46.1,18.9,24.4
2020-03-10T03:00:00Z,9.48,-9999,-9999,Broome,-35996.4,DAMPIER_202009_DNE,3,March,46.1,18.9,24.4
2020-03-10T04:00:00Z,9.266,-9999,-9999,Broome,-35996.4,DAMPIER_202009_DNE,3,March,46.1,18.9,24.4
2020-03-10T05:00:00Z,8,-9999,-9999,Broome,-35996.4,DAMPIER_202009_DNE,3,March,46.1,18.9,24.4
2020-03-10T06:00:00Z,6.421,-9999,-9999,Broome,-35996.4,DAMPIER_202009_DNE,3,March,46.1,18.9,24.4
2020-03-10T07:00:00Z,4.713,-9999,-9999,Broome,-35996.4,DAMPIER_202009_DNE,3,March,46.1,18.9,24.4
2020-03-10T08:00:00Z,3.01,-9999,-9999,Broome,-35996.4,DAMPIER_202009_DNE,3,March,46.1,18.9,24.4
2020-03-10T09:00:00Z,1.652,-9999,-9999,Broome,-35996.4,DAMPIER_202009_DNE,3,March,46.1,18.9,24.4
2020-03-10T10:00:00Z,1.319,-9999,-9999,Broome,-35996.4,DAMPIER_202009_DNE,3,March,46.1,18.9,24.4
2020-03-10T11:00:00Z,2.514,-9999,-9999,Broome,-35996.4,DAMPIER_202009_DNE,3,March,46.1,18.9,24.4
2020-03-10T12:00:00Z,4.431,-9999,-9999,Broome,-35996.4,DAMPIER_202009_DNE,3,March,46.1,18.9,24.4
2020-03-10T13:00:00Z,6.52,-9999,-9999,Broome,-35996.4,DAMPIER_202009_DNE,3,March,46.1,18.9,24.4
2020-03-10T14:00:00Z,8.521,-9999,-9999,Broome,-35996.4,DAMPIER_202009_DNE,3,March,46.1,18.9,24.4
2020-03-10T15:00:00Z,9.805,-9999,-9999,Broome,-35996.4,DAMPIER_202009_DNE,3,March,46.1,18.9,24.4
2020-03-10T16:00:00Z,9.83,-9999,-9999,Broome,-35996.4,DAMPIER_202009_DNE,3,March,46.1,18.9,24.4
2020-03-10T17:00:00Z,8.669,-9999,-9999,Broome,-35996.4,DAMPIER_202009_DNE,3,March,46.1,18.9,24.4
2020-03-10T18:00:00Z,6.987,-9999,-9999,Broome,-35996.4,DAMPIER_202009_DNE,3,March,46.1,18.9,24.4
2020-03-10T19:00:00Z,5.177,-9999,-9999,Broome,-35996.4,DAMPIER_202009_DNE,3,March,46.1,18.9,24.4
2020-03-10T20:00:00Z,3.316,-9999,-9999,Broome,-35996.4,DAMPIER_202009_DNE,3,March,46.1,18.9,24.4
2020-03-10T21:00:00Z,1.648,-9999,-9999,Broome,-35996.4,DAMPIER_202009_DNE,3,March,46.1,18.9,24.4
2020-03-10T22:00:00Z,0.765,-9999,-9999,Broome,-35996.4,DAMPIER_202009_DNE,3,March,46.1,18.9,24.4
2020-03-10T23:00:00Z,1.529,-9999,-9999,Broome,-35996.4,DAMPIER_202009_DNE,3,March,46.1,18.9,24.4
2020-03-11T00:00:00Z,3.367,-9999,-9999,Broome,-35996.4,DAMPIER_202009_DNE,3,March,46.1,18.9,24.4
2020-03-11T01:00:00Z,5.476,-9999,-9999,Broome,-35996.4,DAMPIER_202009_DNE,3,March,46.1,18.9,24.4
2020-03-11T02:00:00Z,7.702,-9999,-9999,Broome,-35996.4,DAMPIER_202009_DNE,3,March,46.1,18.9,24.4
2020-03-11T03:00:00Z,9.517,-9999,-9999,Broome,-35996.4,DAMPIER_202009_DNE,3,March,46.1,18.9,24.4
2020-03-11T04:00:00Z,10.083,-9999,-9999,Broome,-35996.4,DAMPIER_202009_DNE,3,March,46.1,18.9,24.4
2020-03-11T05:00:00Z,9.255,-9999,-9999,Broome,-35996.4,DAMPIER_202009_DNE,3,March,46.1,18.9,24.4
2020-03-11T06:00:00Z,7.655,-9999,-9999,Broome,-35996.4,DAMPIER_202009_DNE,3,March,46.1,18.9,24.4
2020-03-11T07:00:00Z,5.86,-9999,-9999,Broome,-35996.4,DAMPIER_202009_DNE,3,March,46.1,18.9,24.4
2020-03-11T08:00:00Z,3.948,-9999,-9999,Broome,-35996.4,DAMPIER_202009_DNE,3,March,46.1,18.9,24.4
2020-03-11T09:00:00Z,2.145,-9999,-9999,Broome,-35996.4,DAMPIER_202009_DNE,3,March,46.1,18.9,24.4
2020-03-11T10:00:00Z,0.869,-9999,-9999,Broome,-35996.4,DAMPIER_202009_DNE,3,March,46.1,18.9,24.4
2020-03-11T11:00:00Z,1.091,-9999,-9999,Broome,-35996.4,DAMPIER_202009_DNE,3,March,46.1,18.9,24.4
2020-03-11T12:00:00Z,2.812,-9999,-9999,Broome,-35996.4,DAMPIER_202009_DNE,3,March,46.1,18.9,24.4
2020-03-11T13:00:00Z,5.002,-9999,-9999,Broome,-35996.4,DAMPIER_202009_DNE,3,March,46.1,18.9,24.4
2020-03-11T14:00:00Z,7.324,-9999,-9999,Broome,-35996.4,DAMPIER_202009_DNE,3,March,46.1,18.9,24.4
2020-03-11T15:00:00Z,9.35,-9999,-9999,Broome,-35996.4,DAMPIER_202009_DNE,3,March,46.1,18.9,24.4
2020-03-11T16:00:00Z,10.255,-9999,-9999,Broome,-35996.4,DAMPIER_202009_DNE,3,March,46.1,18.9,24.4
2020-03-11T17:00:00Z,9.739,-9999,-9999,Broome,-35996.4,DAMPIER_202009_DNE,3,March,46.1,18.9,24.4
2020-03-11T18:00:00Z,8.201,-9999,-9999,Broome,-35996.4,DAMPIER_202009_DNE,3,March,46.1,18.9,24.4
2020-03-11T19:00:00Z,6.334,-9999,-9999,Broome,-35996.4,DAMPIER_202009_DNE,3,March,46.1,18.9,24.4
2020-03-11T20:00:00Z,4.366,-9999,-9999,Broome,-35996.4,DAMPIER_202009_DNE,3,March,46.1,18.9,24.4
2020-03-11T21:00:00Z,2.476,-9999,-9999,Broome,-35996.4,DAMPIER_202009_DNE,3,March,46.1,18.9,24.4
2020-03-11T22:00:00Z,0.943,-9999,-9999,Broome,-35996.4,DAMPIER_202009_DNE,3,March,46.1,18.9,24.4
2020-03-11T23:00:00Z,0.644,-9999,-9999,Broome,-35996.4,DAMPIER_202009_DNE,3,March,46.1,18.9,24.4
2020-03-12T00:00:00Z,2.075,-9999,-9999,Broome,-35996.4,DAMPIER_202009_DNE,3,March,46.1,18.9,24.4
2020-03-12T01:00:00Z,4.243,-9999,-9999,Broome,-35996.4,DAMPIER_202009_DNE,3,March,46.1,18.9,24.4
2020-03-12T02:00:00Z,6.557,-9999,-9999,Broome,-35996.4,DAMPIER_202009_DNE,3,March,46.1,18.9,24.4
2020-03-12T03:00:00Z,8.819,-9999,-9999,Broome,-35996.4,DAMPIER_202009_DNE,3,March,46.1,18.9,24.4
2020-03-12T04:00:00Z,10.252,-9999,-9999,Broome,-35996.4,DAMPIER_202009_DNE,3,March,46.1,18.9,24.4
2020-03-12T05:00:00Z,10.122,-9999,-9999,Broome,-35996.4,DAMPIER_202009_DNE,3,March,46.1,18.9,24.4
2020-03-12T06:00:00Z,8.757,-9999,-9999,Broome,-35996.4,DAMPIER_202009_DNE,3,March,46.1,18.9,24.4
2020-03-12T07:00:00Z,6.957,-9999,-9999,Broome,-35996.4,DAMPIER_202009_DNE,3,March,46.1,18.9,24.4
2020-03-12T08:00:00Z,5.02,-9999,-9999,Broome,-35996.4,DAMPIER_202009_DNE,3,March,46.1,18.9,24.4
2020-03-12T09:00:00Z,3.037,-9999,-9999,Broome,-35996.4,DAMPIER_202009_DNE,3,March,46.1,18.9,24.4
2020-03-12T10:00:00Z,1.282,-9999,-9999,Broome,-35996.4,DAMPIER_202009_DNE,3,March,46.1,18.9,24.4
2020-03-12T11:00:00Z,0.49,-9999,-9999,Broome,-35996.4,DAMPIER_202009_DNE,3,March,46.1,18.9,24.4
2020-03-12T12:00:00Z,1.476,-9999,-9999,Broome,-35996.4,DAMPIER_202009_DNE,3,March,46.1,18.9,24.4
2020-03-12T13:00:00Z,3.521,-9999,-9999,Broome,-35996.4,DAMPIER_202009_DNE,3,March,46.1,18.9,24.4
2020-03-12T14:00:00Z,5.827,-9999,-9999,Broome,-35996.4,DAMPIER_202009_DNE,3,March,46.1,18.9,24.4
2020-03-12T15:00:00Z,8.173,-9999,-9999,Broome,-35996.4,DAMPIER_202009_DNE,3,March,46.1,18.9,24.4
2020-03-12T16:00:00Z,9.865,-9999,-9999,Broome,-35996.4,DAMPIER_202009_DNE,3,March,46.1,18.9,24.4
2020-03-12T17:00:00Z,10.126,-9999,-9999,Broome,-35996.4,DAMPIER_202009_DNE,3,March,46.1,18.9,24.4
2020-03-12T18:00:00Z,9.017,-9999,-9999,Broome,-35996.4,DAMPIER_202009_DNE,3,March,46.1,18.9,24.4
2020-03-12T19:00:00Z,7.304,-9999,-9999,Broome,-35996.4,DAMPIER_202009_DNE,3,March,46.1,18.9,24.4
2020-03-12T20:00:00Z,5.437,-9999,-9999,Broome,-35996.4,DAMPIER_202009_DNE,3,March,46.1,18.9,24.4
2020-03-12T21:00:00Z,3.501,-9999,-9999,Broome,-35996.4,DAMPIER_202009_DNE,3,March,46.1,18.9,24.4
2020-03-12T22:00:00Z,1.745,-9999,-9999,Broome,-35996.4,DAMPIER_202009_DNE,3,March,46.1,18.9,24.4
2020-03-12T23:00:00Z,0.678,-9999,-9999,Broome,-35996.4,DAMPIER_202009_DNE,3,March,46.1,18.9,24.4
2020-03-13T00:00:00Z,1.248,-9999,-9999,Broome,-35996.4,DAMPIER_202009_DNE,3,March,46.1,18.9,24.4
2020-03-13T01:00:00Z,3.116,-9999,-9999,Broome,-35996.4,DAMPIER_202009_DNE,3,March,46.1,18.9,24.4
2020-03-13T02:00:00Z,5.331,-9999,-9999,Broome,-35996.4,DAMPIER_202009_DNE,3,March,46.1,18.9,24.4
2020-03-13T03:00:00Z,7.678,-9999,-9999,Broome,-35996.4,DAMPIER_202009_DNE,3,March,46.1,18.9,24.4
2020-03-13T04:00:00Z,9.658,-9999,-9999,Broome,-35996.4,DAMPIER_202009_DNE,3,March,46.1,18.9,24.4
2020-03-13T05:00:00Z,10.374,-9999,-9999,Broome,-35996.4,DAMPIER_202009_DNE,3,March,46.1,18.9,24.4
2020-03-13T06:00:00Z,9.61,-9999,-9999,Broome,-35996.4,DAMPIER_202009_DNE,3,March,46.1,18.9,24.4
2020-03-13T07:00:00Z,7.972,-9999,-9999,Broome,-35996.4,DAMPIER_202009_DNE,3,March,46.1,18.9,24.4
2020-03-13T08:00:00Z,6.119,-9999,-9999,Broome,-35996.4,DAMPIER_202009_DNE,3,March,46.1,18.9,24.4
2020-03-13T09:00:00Z,4.16,-9999,-9999,Broome,-35996.4,DAMPIER_202009_DNE,3,March,46.1,18.9,24.4
2020-03-13T10:00:00Z,2.287,-9999,-9999,Broome,-35996.4,DAMPIER_202009_DNE,3,March,46.1,18.9,24.4
2020-03-13T11:00:00Z,0.859,-9999,-9999,Broome,-35996.4,DAMPIER_202009_DNE,3,March,46.1,18.9,24.4
2020-03-13T12:00:00Z,0.84,-9999,-9999,Broome,-35996.4,DAMPIER_202009_DNE,3,March,46.1,18.9,24.4
2020-03-13T13:00:00Z,2.396,-9999,-9999,Broome,-35996.4,DAMPIER_202009_DNE,3,March,46.1,18.9,24.4
2020-03-13T14:00:00Z,4.493,-9999,-9999,Broome,-35996.4,DAMPIER_202009_DNE,3,March,46.1,18.9,24.4
2020-03-13T15:00:00Z,6.716,-9999,-9999,Broome,-35996.4,DAMPIER_202009_DNE,3,March,46.1,18.9,24.4
2020-03-13T16:00:00Z,8.765,-9999,-9999,Broome,-35996.4,DAMPIER_202009_DNE,3,March,46.1,18.9,24.4
2020-03-13T17:00:00Z,9.853,-9999,-9999,Broome,-35996.4,DAMPIER_202009_DNE,3,March,46.1,18.9,24.4
2020-03-13T18:00:00Z,9.486,-9999,-9999,Broome,-35996.4,DAMPIER_202009_DNE,3,March,46.1,18.9,24.4
2020-03-13T19:00:00Z,8.06,-9999,-9999,Broome,-35996.4,DAMPIER_202009_DNE,3,March,46.1,18.9,24.4
2020-03-13T20:00:00Z,6.33,-9999,-9999,Broome,-35996.4,DAMPIER_202009_DNE,3,March,46.1,18.9,24.4
2020-03-13T21:00:00Z,4.498,-9999,-9999,Broome,-35996.4,DAMPIER_202009_DNE,3,March,46.1,18.9,24.4
2020-03-13T22:00:00Z,2.752,-9999,-9999,Broome,-35996.4,DAMPIER_202009_DNE,3,March,46.1,18.9,24.4
2020-03-13T23:00:00Z,1.392,-9999,-9999,Broome,-35996.4,DAMPIER_202009_DNE,3,March,46.1,18.9,24.4
2020-03-14T00:00:00Z,1.169,-9999,-9999,Broome,-35996.4,DAMPIER_202009_DNE,3,March,46.1,18.9,24.4
2020-03-14T01:00:00Z,2.475,-9999,-9999,Broome,-35996.4,DAMPIER_202009_DNE,3,March,46.1,18.9,24.4
2020-03-14T02:00:00Z,4.418,-9999,-9999,Broome,-35996.4,DAMPIER_202009_DNE,3,March,46.1,18.9,24.4
2020-03-14T03:00:00Z,6.478,-9999,-9999,Broome,-35996.4,DAMPIER_202009_DNE,3,March,46.1,18.9,24.4
2020-03-14T04:00:00Z,8.468,-9999,-9999,Broome,-35996.4,DAMPIER_202009_DNE,3,March,46.1,18.9,24.4
2020-03-14T05:00:00Z,9.812,-9999,-9999,Broome,-35996.4,DAMPIER_202009_DNE,3,March,46.1,18.9,24.4
2020-03-14T06:00:00Z,9.843,-9999,-9999,Broome,-35996.4,DAMPIER_202009_DNE,3,March,46.1,18.9,24.4
2020-03-14T07:00:00Z,8.662,-9999,-9999,Broome,-35996.4,DAMPIER_202009_DNE,3,March,46.1,18.9,24.4
2020-03-14T08:00:00Z,7.072,-9999,-9999,Broome,-35996.4,DAMPIER_202009_DNE,3,March,46.1,18.9,24.4
2020-03-14T09:00:00Z,5.346,-9999,-9999,Broome,-35996.4,DAMPIER_202009_DNE,3,March,46.1,18.9,24.4
2020-03-14T10:00:00Z,3.524,-9999,-9999,Broome,-35996.4,DAMPIER_202009_DNE,3,March,46.1,18.9,24.4
2020-03-14T11:00:00Z,1.91,-9999,-9999,Broome,-35996.4,DAMPIER_202009_DNE,3,March,46.1,18.9,24.4
2020-03-14T12:00:00Z,1.072,-9999,-9999,Broome,-35996.4,DAMPIER_202009_DNE,3,March,46.1,18.9,24.4
2020-03-14T13:00:00Z,1.772,-9999,-9999,Broome,-35996.4,DAMPIER_202009_DNE,3,March,46.1,18.9,24.4
2020-03-14T14:00:00Z,3.487,-9999,-9999,Broome,-35996.4,DAMPIER_202009_DNE,3,March,46.1,18.9,24.4
2020-03-14T15:00:00Z,5.423,-9999,-9999,Broome,-35996.4,DAMPIER_202009_DNE,3,March,46.1,18.9,24.4
2020-03-14T16:00:00Z,7.338,-9999,-9999,Broome,-35996.4,DAMPIER_202009_DNE,3,March,46.1,18.9,24.4
2020-03-14T17:00:00Z,8.813,-9999,-9999,Broome,-35996.4,DAMPIER_202009_DNE,3,March,46.1,18.9,24.4
2020-03-14T18:00:00Z,9.24,-9999,-9999,Broome,-35996.4,DAMPIER_202009_DNE,3,March,46.1,18.9,24.4
2020-03-14T19:00:00Z,8.403,-9999,-9999,Broome,-35996.4,DAMPIER_202009_DNE,3,March,46.1,18.9,24.4
2020-03-14T20:00:00Z,6.958,-9999,-9999,Broome,-35996.4,DAMPIER_202009_DNE,3,March,46.1,18.9,24.4
2020-03-14T21:00:00Z,5.429,-9999,-9999,Broome,-35996.4,DAMPIER_202009_DNE,3,March,46.1,18.9,24.4
2020-03-14T22:00:00Z,3.867,-9999,-9999,Broome,-35996.4,DAMPIER_202009_DNE,3,March,46.1,18.9,24.4
2020-03-14T23:00:00Z,2.487,-9999,-9999,Broome,-35996.4,DAMPIER_202009_DNE,3,March,46.1,18.9,24.4
2020-03-15T00:00:00Z,1.704,-9999,-9999,Broome,-35996.4,DAMPIER_202009_DNE,3,March,46.1,18.9,24.4
2020-03-15T01:00:00Z,2.198,-9999,-9999,Broome,-35996.4,DAMPIER_202009_DNE,3,March,46.1,18.9,24.4
2020-03-15T02:00:00Z,3.712,-9999,-9999,Broome,-35996.4,DAMPIER_202009_DNE,3,March,46.1,18.9,24.4
2020-03-15T03:00:00Z,5.48,-9999,-9999,Broome,-35996.4,DAMPIER_202009_DNE,3,March,46.1,18.9,24.4
2020-03-15T04:00:00Z,7.257,-9999,-9999,Broome,-35996.4,DAMPIER_202009_DNE,3,March,46.1,18.9,24.4
2020-03-15T05:00:00Z,8.751,-9999,-9999,Broome,-35996.4,DAMPIER_202009_DNE,3,March,46.1,18.9,24.4
2020-03-15T06:00:00Z,9.44,-9999,-9999,Broome,-35996.4,DAMPIER_202009_DNE,3,March,46.1,18.9,24.4
2020-03-15T07:00:00Z,8.921,-9999,-9999,Broome,-35996.4,DAMPIER_202009_DNE,3,March,46.1,18.9,24.4
2020-03-15T08:00:00Z,7.629,-9999,-9999,Broome,-35996.4,DAMPIER_202009_DNE,3,March,46.1,18.9,24.4
2020-03-15T09:00:00Z,6.166,-9999,-9999,Broome,-35996.4,DAMPIER_202009_DNE,3,March,46.1,18.9,24.4
2020-03-15T10:00:00Z,4.599,-9999,-9999,Broome,-35996.4,DAMPIER_202009_DNE,3,March,46.1,18.9,24.4
2020-03-15T11:00:00Z,3.103,-9999,-9999,Broome,-35996.4,DAMPIER_202009_DNE,3,March,46.1,18.9,24.4
2020-03-15T12:00:00Z,1.97,-9999,-9999,Broome,-35996.4,DAMPIER_202009_DNE,3,March,46.1,18.9,24.4
2020-03-15T13:00:00Z,1.872,-9999,-9999,Broome,-35996.4,DAMPIER_202009_DNE,3,March,46.1,18.9,24.4
2020-03-15T14:00:00Z,2.992,-9999,-9999,Broome,-35996.4,DAMPIER_202009_DNE,3,March,46.1,18.9,24.4
2020-03-15T15:00:00Z,4.516,-9999,-9999,Broome,-35996.4,DAMPIER_202009_DNE,3,March,46.1,18.9,24.4
2020-03-15T16:00:00Z,6.035,-9999,-9999,Broome,-35996.4,DAMPIER_202009_DNE,3,March,46.1,18.9,24.4
2020-03-15T17:00:00Z,7.41,-9999,-9999,Broome,-35996.4,DAMPIER_202009_DNE,3,March,46.1,18.9,24.4
2020-03-15T18:00:00Z,8.321,-9999,-9999,Broome,-35996.4,DAMPIER_202009_DNE,3,March,46.1,18.9,24.4
2020-03-15T19:00:00Z,8.216,-9999,-9999,Broome,-35996.4,DAMPIER_202009_DNE,3,March,46.1,18.9,24.4
2020-03-15T20:00:00Z,7.198,-9999,-9999,Broome,-35996.4,DAMPIER_202009_DNE,3,March,46.1,18.9,24.4
2020-03-15T21:00:00Z,5.981,-9999,-9999,Broome,-35996.4,DAMPIER_202009_DNE,3,March,46.1,18.9,24.4
2020-03-15T22:00:00Z,4.74,-9999,-9999,Broome,-35996.4,DAMPIER_202009_DNE,3,March,46.1,18.9,24.4
2020-03-15T23:00:00Z,3.544,-9999,-9999,Broome,-35996.4,DAMPIER_202009_DNE,3,March,46.1,18.9,24.4
2020-03-16T00:00:00Z,2.688,-9999,-9999,Broome,-35996.4,DAMPIER_202009_DNE,3,March,46.1,18.9,24.4
2020-03-16T01:00:00Z,2.631,-9999,-9999,Broome,-35996.4,DAMPIER_202009_DNE,3,March,46.1,18.9,24.4
2020-03-16T02:00:00Z,3.543,-9999,-9999,Broome,-35996.4,DAMPIER_202009_DNE,3,March,46.1,18.9,24.4
2020-03-16T03:00:00Z,4.866,-9999,-9999,Broome,-35996.4,DAMPIER_202009_DNE,3,March,46.1,18.9,24.4
2020-03-16T04:00:00Z,6.236,-9999,-9999,Broome,-35996.4,DAMPIER_202009_DNE,3,March,46.1,18.9,24.4
2020-03-16T05:00:00Z,7.513,-9999,-9999,Broome,-35996.4,DAMPIER_202009_DNE,3,March,46.1,18.9,24.4
2020-03-16T06:00:00Z,8.401,-9999,-9999,Broome,-35996.4,DAMPIER_202009_DNE,3,March,46.1,18.9,24.4
2020-03-16T07:00:00Z,8.519,-9999,-9999,Broome,-35996.4,DAMPIER_202009_DNE,3,March,46.1,18.9,24.4
2020-03-16T08:00:00Z,7.777,-9999,-9999,Broome,-35996.4,DAMPIER_202009_DNE,3,March,46.1,18.9,24.4
2020-03-16T09:00:00Z,6.646,-9999,-9999,Broome,-35996.4,DAMPIER_202009_DNE,3,March,46.1,18.9,24.4
2020-03-16T10:00:00Z,5.435,-9999,-9999,Broome,-35996.4,DAMPIER_202009_DNE,3,March,46.1,18.9,24.4
2020-03-16T11:00:00Z,4.245,-9999,-9999,Broome,-35996.4,DAMPIER_202009_DNE,3,March,46.1,18.9,24.4
2020-03-16T12:00:00Z,3.24,-9999,-9999,Broome,-35996.4,DAMPIER_202009_DNE,3,March,46.1,18.9,24.4
2020-03-16T13:00:00Z,2.751,-9999,-9999,Broome,-35996.4,DAMPIER_202009_DNE,3,March,46.1,18.9,24.4
2020-03-16T14:00:00Z,3.137,-9999,-9999,Broome,-35996.4,DAMPIER_202009_DNE,3,March,46.1,18.9,24.4
2020-03-16T15:00:00Z,4.107,-9999,-9999,Broome,-35996.4,DAMPIER_202009_DNE,3,March,46.1,18.9,24.4
2020-03-16T16:00:00Z,5.194,-9999,-9999,Broome,-35996.4,DAMPIER_202009_DNE,3,March,46.1,18.9,24.4
2020-03-16T17:00:00Z,6.249,-9999,-9999,Broome,-35996.4,DAMPIER_202009_DNE,3,March,46.1,18.9,24.4
2020-03-16T18:00:00Z,7.126,-9999,-9999,Broome,-35996.4,DAMPIER_202009_DNE,3,March,46.1,18.9,24.4
2020-03-16T19:00:00Z,7.504,-9999,-9999,Broome,-35996.4,DAMPIER_202009_DNE,3,March,46.1,18.9,24.4
2020-03-16T20:00:00Z,7.142,-9999,-9999,Broome,-35996.4,DAMPIER_202009_DNE,3,March,46.1,18.9,24.4
2020-03-16T21:00:00Z,6.32,-9999,-9999,Broome,-35996.4,DAMPIER_202009_DNE,3,March,46.1,18.9,24.4
2020-03-16T22:00:00Z,5.414,-9999,-9999,Broome,-35996.4,DAMPIER_202009_DNE,3,March,46.1,18.9,24.4
2020-03-16T23:00:00Z,4.532,-9999,-9999,Broome,-35996.4,DAMPIER_202009_DNE,3,March,46.1,18.9,24.4
2020-03-17T00:00:00Z,3.84,-9999,-9999,Broome,-35996.4,DAMPIER_202009_DNE,3,March,46.1,18.9,24.4
2020-03-17T01:00:00Z,3.575,-9999,-9999,Broome,-35996.4,DAMPIER_202009_DNE,3,March,46.1,18.9,24.4
2020-03-17T02:00:00Z,3.897,-9999,-9999,Broome,-35996.4,DAMPIER_202009_DNE,3,March,46.1,18.9,24.4
2020-03-17T03:00:00Z,4.645,-9999,-9999,Broome,-35996.4,DAMPIER_202009_DNE,3,March,46.1,18.9,24.4
2020-03-17T04:00:00Z,5.551,-9999,-9999,Broome,-35996.4,DAMPIER_202009_DNE,3,March,46.1,18.9,24.4
2020-03-17T05:00:00Z,6.466,-9999,-9999,Broome,-35996.4,DAMPIER_202009_DNE,3,March,46.1,18.9,24.4
2020-03-17T06:00:00Z,7.202,-9999,-9999,Broome,-35996.4,DAMPIER_202009_DNE,3,March,46.1,18.9,24.4
2020-03-17T07:00:00Z,7.599,-9999,-9999,Broome,-35996.4,DAMPIER_202009_DNE,3,March,46.1,18.9,24.4
2020-03-17T08:00:00Z,7.478,-9999,-9999,Broome,-35996.4,DAMPIER_202009_DNE,3,March,46.1,18.9,24.4
2020-03-17T09:00:00Z,6.864,-9999,-9999,Broome,-35996.4,DAMPIER_202009_DNE,3,March,46.1,18.9,24.4
2020-03-17T10:00:00Z,6.039,-9999,-9999,Broome,-35996.4,DAMPIER_202009_DNE,3,March,46.1,18.9,24.4
2020-03-17T11:00:00Z,5.219,-9999,-9999,Broome,-35996.4,DAMPIER_202009_DNE,3,March,46.1,18.9,24.4
2020-03-17T12:00:00Z,4.519,-9999,-9999,Broome,-35996.4,DAMPIER_202009_DNE,3,March,46.1,18.9,24.4
2020-03-17T13:00:00Z,4.01,-9999,-9999,Broome,-35996.4,DAMPIER_202009_DNE,3,March,46.1,18.9,24.4
2020-03-17T14:00:00Z,3.895,-9999,-9999,Broome,-35996.4,DAMPIER_202009_DNE,3,March,46.1,18.9,24.4
2020-03-17T15:00:00Z,4.238,-9999,-9999,Broome,-35996.4,DAMPIER_202009_DNE,3,March,46.1,18.9,24.4
2020-03-17T16:00:00Z,4.825,-9999,-9999,Broome,-35996.4,DAMPIER_202009_DNE,3,March,46.1,18.9,24.4
2020-03-17T17:00:00Z,5.417,-9999,-9999,Broome,-35996.4,DAMPIER_202009_DNE,3,March,46.1,18.9,24.4
2020-03-17T18:00:00Z,5.951,-9999,-9999,Broome,-35996.4,DAMPIER_202009_DNE,3,March,46.1,18.9,24.4
2020-03-17T19:00:00Z,6.363,-9999,-9999,Broome,-35996.4,DAMPIER_202009_DNE,3,March,46.1,18.9,24.4
2020-03-17T20:00:00Z,6.496,-9999,-9999,Broome,-35996.4,DAMPIER_202009_DNE,3,March,46.1,18.9,24.4
2020-03-17T21:00:00Z,6.251,-9999,-9999,Broome,-35996.4,DAMPIER_202009_DNE,3,March,46.1,18.9,24.4
2020-03-17T22:00:00Z,5.77,-9999,-9999,Broome,-35996.4,DAMPIER_202009_DNE,3,March,46.1,18.9,24.4
2020-03-17T23:00:00Z,5.286,-9999,-9999,Broome,-35996.4,DAMPIER_202009_DNE,3,March,46.1,18.9,24.4
2020-03-18T00:00:00Z,4.92,-9999,-9999,Broome,-35996.4,DAMPIER_202009_DNE,3,March,46.1,18.9,24.4
2020-03-18T01:00:00Z,4.719,-9999,-9999,Broome,-35996.4,DAMPIER_202009_DNE,3,March,46.1,18.9,24.4
2020-03-18T02:00:00Z,4.705,-9999,-9999,Broome,-35996.4,DAMPIER_202009_DNE,3,March,46.1,18.9,24.4
2020-03-18T03:00:00Z,4.88,-9999,-9999,Broome,-35996.4,DAMPIER_202009_DNE,3,March,46.1,18.9,24.4
2020-03-18T04:00:00Z,5.222,-9999,-9999,Broome,-35996.4,DAMPIER_202009_DNE,3,March,46.1,18.9,24.4
2020-03-18T05:00:00Z,5.676,-9999,-9999,Broome,-35996.4,DAMPIER_202009_DNE,3,March,46.1,18.9,24.4
2020-03-18T06:00:00Z,6.125,-9999,-9999,Broome,-35996.4,DAMPIER_202009_DNE,3,March,46.1,18.9,24.4
2020-03-18T07:00:00Z,6.5,-9999,-9999,Broome,-35996.4,DAMPIER_202009_DNE,3,March,46.1,18.9,24.4
2020-03-18T08:00:00Z,6.708,-9999,-9999,Broome,-35996.4,DAMPIER_202009_DNE,3,March,46.1,18.9,24.4
2020-03-18T09:00:00Z,6.643,-9999,-9999,Broome,-35996.4,DAMPIER_202009_DNE,3,March,46.1,18.9,24.4
2020-03-18T10:00:00Z,6.333,-9999,-9999,Broome,-35996.4,DAMPIER_202009_DNE,3,March,46.1,18.9,24.4
2020-03-18T11:00:00Z,5.92,-9999,-9999,Broome,-35996.4,DAMPIER_202009_DNE,3,March,46.1,18.9,24.4
2020-03-18T12:00:00Z,5.531,-9999,-9999,Broome,-35996.4,DAMPIER_202009_DNE,3,March,46.1,18.9,24.4
2020-03-18T13:00:00Z,5.21,-9999,-9999,Broome,-35996.4,DAMPIER_202009_DNE,3,March,46.1,18.9,24.4
2020-03-18T14:00:00Z,4.966,-9999,-9999,Broome,-35996.4,DAMPIER_202009_DNE,3,March,46.1,18.9,24.4
2020-03-18T15:00:00Z,4.813,-9999,-9999,Broome,-35996.4,DAMPIER_202009_DNE,3,March,46.1,18.9,24.4
2020-03-18T16:00:00Z,4.781,-9999,-9999,Broome,-35996.4,DAMPIER_202009_DNE,3,March,46.1,18.9,24.4
2020-03-18T17:00:00Z,4.849,-9999,-9999,Broome,-35996.4,DAMPIER_202009_DNE,3,March,46.1,18.9,24.4
2020-03-18T18:00:00Z,5.024,-9999,-9999,Broome,-35996.4,DAMPIER_202009_DNE,3,March,46.1,18.9,24.4
2020-03-18T19:00:00Z,5.259,-9999,-9999,Broome,-35996.4,DAMPIER_202009_DNE,3,March,46.1,18.9,24.4
2020-03-18T20:00:00Z,5.516,-9999,-9999,Broome,-35996.4,DAMPIER_202009_DNE,3,March,46.1,18.9,24.4
2020-03-18T21:00:00Z,5.772,-9999,-9999,Broome,-35996.4,DAMPIER_202009_DNE,3,March,46.1,18.9,24.4
2020-03-18T22:00:00Z,5.89,-9999,-9999,Broome,-35996.4,DAMPIER_202009_DNE,3,March,46.1,18.9,24.4
2020-03-18T23:00:00Z,5.819,-9999,-9999,Broome,-35996.4,DAMPIER_202009_DNE,3,March,46.1,18.9,24.4
2020-03-19T00:00:00Z,5.729,-9999,-9999,Broome,-35996.4,DAMPIER_202009_DNE,3,March,46.1,18.9,24.4
2020-03-19T01:00:00Z,5.681,-9999,-9999,Broome,-35996.4,DAMPIER_202009_DNE,3,March,46.1,18.9,24.4
2020-03-19T02:00:00Z,5.62,-9999,-9999,Broome,-35996.4,DAMPIER_202009_DNE,3,March,46.1,18.9,24.4
2020-03-19T03:00:00Z,5.478,-9999,-9999,Broome,-35996.4,DAMPIER_202009_DNE,3,March,46.1,18.9,24.4
2020-03-19T04:00:00Z,5.275,-9999,-9999,Broome,-35996.4,DAMPIER_202009_DNE,3,March,46.1,18.9,24.4
2020-03-19T05:00:00Z,5.185,-9999,-9999,Broome,-35996.4,DAMPIER_202009_DNE,3,March,46.1,18.9,24.4
2020-03-19T06:00:00Z,5.216,-9999,-9999,Broome,-35996.4,DAMPIER_202009_DNE,3,March,46.1,18.9,24.4
2020-03-19T07:00:00Z,5.362,-9999,-9999,Broome,-35996.4,DAMPIER_202009_DNE,3,March,46.1,18.9,24.4
2020-03-19T08:00:00Z,5.608,-9999,-9999,Broome,-35996.4,DAMPIER_202009_DNE,3,March,46.1,18.9,24.4
2020-03-19T09:00:00Z,5.9,-9999,-9999,Broome,-35996.4,DAMPIER_202009_DNE,3,March,46.1,18.9,24.4
2020-03-19T10:00:00Z,6.21,-9999,-9999,Broome,-35996.4,DAMPIER_202009_DNE,3,March,46.1,18.9,24.4
2020-03-19T11:00:00Z,6.378,-9999,-9999,Broome,-35996.4,DAMPIER_202009_DNE,3,March,46.1,18.9,24.4
2020-03-19T12:00:00Z,6.36,-9999,-9999,Broome,-35996.4,DAMPIER_202009_DNE,3,March,46.1,18.9,24.4
2020-03-19T13:00:00Z,6.212,-9999,-9999,Broome,-35996.4,DAMPIER_202009_DNE,3,March,46.1,18.9,24.4
2020-03-19T14:00:00Z,5.976,-9999,-9999,Broome,-35996.4,DAMPIER_202009_DNE,3,March,46.1,18.9,24.4
2020-03-19T15:00:00Z,5.633,-9999,-9999,Broome,-35996.4,DAMPIER_202009_DNE,3,March,46.1,18.9,24.4
2020-03-19T16:00:00Z,5.147,-9999,-9999,Broome,-35996.4,DAMPIER_202009_DNE,3,March,46.1,18.9,24.4
2020-03-19T17:00:00Z,4.669,-9999,-9999,Broome,-35996.4,DAMPIER_202009_DNE,3,March,46.1,18.9,24.4
2020-03-19T18:00:00Z,4.395,-9999,-9999,Broome,-35996.4,DAMPIER_202009_DNE,3,March,46.1,18.9,24.4
2020-03-19T19:00:00Z,4.36,-9999,-9999,Broome,-35996.4,DAMPIER_202009_DNE,3,March,46.1,18.9,24.4
2020-03-19T20:00:00Z,4.533,-9999,-9999,Broome,-35996.4,DAMPIER_202009_DNE,3,March,46.1,18.9,24.4
2020-03-19T21:00:00Z,4.924,-9999,-9999,Broome,-35996.4,DAMPIER_202009_DNE,3,March,46.1,18.9,24.4
2020-03-19T22:00:00Z,5.46,-9999,-9999,Broome,-35996.4,DAMPIER_202009_DNE,3,March,46.1,18.9,24.4
2020-03-19T23:00:00Z,5.967,-9999,-9999,Broome,-35996.4,DAMPIER_202009_DNE,3,March,46.1,18.9,24.4
2020-03-20T00:00:00Z,6.346,-9999,-9999,Broome,-35996.4,DAMPIER_202009_DNE,3,March,46.1,18.9,24.4
2020-03-20T01:00:00Z,6.527,-9999,-9999,Broome,-35996.4,DAMPIER_202009_DNE,3,March,46.1,18.9,24.4
2020-03-20T02:00:00Z,6.472,-9999,-9999,Broome,-35996.4,DAMPIER_202009_DNE,3,March,46.1,18.9,24.4
2020-03-20T03:00:00Z,6.213,-9999,-9999,Broome,-35996.4,DAMPIER_202009_DNE,3,March,46.1,18.9,24.4
2020-03-20T04:00:00Z,5.778,-9999,-9999,Broome,-35996.4,DAMPIER_202009_DNE,3,March,46.1,18.9,24.4
2020-03-20T05:00:00Z,5.258,-9999,-9999,Broome,-35996.4,DAMPIER_202009_DNE,3,March,46.1,18.9,24.4
2020-03-20T06:00:00Z,4.818,-9999,-9999,Broome,-35996.4,DAMPIER_202009_DNE,3,March,46.1,18.9,24.4
2020-03-20T07:00:00Z,4.555,-9999,-9999,Broome,-35996.4,DAMPIER_202009_DNE,3,March,46.1,18.9,24.4
2020-03-20T08:00:00Z,4.59,-9999,-9999,Broome,-35996.4,DAMPIER_202009_DNE,3,March,46.1,18.9,24.4
2020-03-20T09:00:00Z,4.994,-9999,-9999,Broome,-35996.4,DAMPIER_202009_DNE,3,March,46.1,18.9,24.4
2020-03-20T10:00:00Z,5.676,-9999,-9999,Broome,-35996.4,DAMPIER_202009_DNE,3,March,46.1,18.9,24.4
2020-03-20T11:00:00Z,6.39,-9999,-9999,Broome,-35996.4,DAMPIER_202009_DNE,3,March,46.1,18.9,24.4
2020-03-20T12:00:00Z,6.868,-9999,-9999,Broome,-35996.4,DAMPIER_202009_DNE,3,March,46.1,18.9,24.4
2020-03-20T13:00:00Z,7.097,-9999,-9999,Broome,-35996.4,DAMPIER_202009_DNE,3,March,46.1,18.9,24.4
2020-03-20T14:00:00Z,7.027,-9999,-9999,Broome,-35996.4,DAMPIER_202009_DNE,3,March,46.1,18.9,24.4
2020-03-20T15:00:00Z,6.578,-9999,-9999,Broome,-35996.4,DAMPIER_202009_DNE,3,March,46.1,18.9,24.4
2020-03-20T16:00:00Z,5.853,-9999,-9999,Broome,-35996.4,DAMPIER_202009_DNE,3,March,46.1,18.9,24.4
2020-03-20T17:00:00Z,5.033,-9999,-9999,Broome,-35996.4,DAMPIER_202009_DNE,3,March,46.1,18.9,24.4
2020-03-20T18:00:00Z,4.284,-9999,-9999,Broome,-35996.4,DAMPIER_202009_DNE,3,March,46.1,18.9,24.4
2020-03-20T19:00:00Z,3.756,-9999,-9999,Broome,-35996.4,DAMPIER_202009_DNE,3,March,46.1,18.9,24.4
2020-03-20T20:00:00Z,3.609,-9999,-9999,Broome,-35996.4,DAMPIER_202009_DNE,3,March,46.1,18.9,24.4
2020-03-20T21:00:00Z,3.997,-9999,-9999,Broome,-35996.4,DAMPIER_202009_DNE,3,March,46.1,18.9,24.4
2020-03-20T22:00:00Z,4.785,-9999,-9999,Broome,-35996.4,DAMPIER_202009_DNE,3,March,46.1,18.9,24.4
2020-03-20T23:00:00Z,5.688,-9999,-9999,Broome,-35996.4,DAMPIER_202009_DNE,3,March,46.1,18.9,24.4
2020-03-21T00:00:00Z,6.519,-9999,-9999,Broome,-35996.4,DAMPIER_202009_DNE,3,March,46.1,18.9,24.4
2020-03-21T01:00:00Z,7.182,-9999,-9999,Broome,-35996.4,DAMPIER_202009_DNE,3,March,46.1,18.9,24.4
2020-03-21T02:00:00Z,7.446,-9999,-9999,Broome,-35996.4,DAMPIER_202009_DNE,3,March,46.1,18.9,24.4
2020-03-21T03:00:00Z,7.123,-9999,-9999,Broome,-35996.4,DAMPIER_202009_DNE,3,March,46.1,18.9,24.4
2020-03-21T04:00:00Z,6.403,-9999,-9999,Broome,-35996.4,DAMPIER_202009_DNE,3,March,46.1,18.9,24.4
2020-03-21T05:00:00Z,5.547,-9999,-9999,Broome,-35996.4,DAMPIER_202009_DNE,3,March,46.1,18.9,24.4
2020-03-21T06:00:00Z,4.692,-9999,-9999,Broome,-35996.4,DAMPIER_202009_DNE,3,March,46.1,18.9,24.4
2020-03-21T07:00:00Z,3.998,-9999,-9999,Broome,-35996.4,DAMPIER_202009_DNE,3,March,46.1,18.9,24.4
2020-03-21T08:00:00Z,3.706,-9999,-9999,Broome,-35996.4,DAMPIER_202009_DNE,3,March,46.1,18.9,24.4
2020-03-21T09:00:00Z,3.996,-9999,-9999,Broome,-35996.4,DAMPIER_202009_DNE,3,March,46.1,18.9,24.4
2020-03-21T10:00:00Z,4.787,-9999,-9999,Broome,-35996.4,DAMPIER_202009_DNE,3,March,46.1,18.9,24.4
2020-03-21T11:00:00Z,5.819,-9999,-9999,Broome,-35996.4,DAMPIER_202009_DNE,3,March,46.1,18.9,24.4
2020-03-21T12:00:00Z,6.833,-9999,-9999,Broome,-35996.4,DAMPIER_202009_DNE,3,March,46.1,18.9,24.4
2020-03-21T13:00:00Z,7.572,-9999,-9999,Broome,-35996.4,DAMPIER_202009_DNE,3,March,46.1,18.9,24.4
2020-03-21T14:00:00Z,7.877,-9999,-9999,Broome,-35996.4,DAMPIER_202009_DNE,3,March,46.1,18.9,24.4
2020-03-21T15:00:00Z,7.557,-9999,-9999,Broome,-35996.4,DAMPIER_202009_DNE,3,March,46.1,18.9,24.4
2020-03-21T16:00:00Z,6.726,-9999,-9999,Broome,-35996.4,DAMPIER_202009_DNE,3,March,46.1,18.9,24.4
2020-03-21T17:00:00Z,5.652,-9999,-9999,Broome,-35996.4,DAMPIER_202009_DNE,3,March,46.1,18.9,24.4
2020-03-21T18:00:00Z,4.521,-9999,-9999,Broome,-35996.4,DAMPIER_202009_DNE,3,March,46.1,18.9,24.4
2020-03-21T19:00:00Z,3.542,-9999,-9999,Broome,-35996.4,DAMPIER_202009_DNE,3,March,46.1,18.9,24.4
2020-03-21T20:00:00Z,2.936,-9999,-9999,Broome,-35996.4,DAMPIER_202009_DNE,3,March,46.1,18.9,24.4
2020-03-21T21:00:00Z,3.041,-9999,-9999,Broome,-35996.4,DAMPIER_202009_DNE,3,March,46.1,18.9,24.4
2020-03-21T22:00:00Z,3.881,-9999,-9999,Broome,-35996.4,DAMPIER_202009_DNE,3,March,46.1,18.9,24.4
2020-03-21T23:00:00Z,5.073,-9999,-9999,Broome,-35996.4,DAMPIER_202009_DNE,3,March,46.1,18.9,24.4
2020-03-22T00:00:00Z,6.331,-9999,-9999,Broome,-35996.4,DAMPIER_202009_DNE,3,March,46.1,18.9,24.4
2020-03-22T01:00:00Z,7.429,-9999,-9999,Broome,-35996.4,DAMPIER_202009_DNE,3,March,46.1,18.9,24.4
2020-03-22T02:00:00Z,8.091,-9999,-9999,Broome,-35996.4,DAMPIER_202009_DNE,3,March,46.1,18.9,24.4
2020-03-22T03:00:00Z,8.01,-9999,-9999,Broome,-35996.4,DAMPIER_202009_DNE,3,March,46.1,18.9,24.4
2020-03-22T04:00:00Z,7.23,-9999,-9999,Broome,-35996.4,DAMPIER_202009_DNE,3,March,46.1,18.9,24.4
2020-03-22T05:00:00Z,6.152,-9999,-9999,Broome,-35996.4,DAMPIER_202009_DNE,3,March,46.1,18.9,24.4
2020-03-22T06:00:00Z,5.013,-9999,-9999,Broome,-35996.4,DAMPIER_202009_DNE,3,March,46.1,18.9,24.4
2020-03-22T07:00:00Z,3.936,-9999,-9999,Broome,-35996.4,DAMPIER_202009_DNE,3,March,46.1,18.9,24.4
2020-03-22T08:00:00Z,3.139,-9999,-9999,Broome,-35996.4,DAMPIER_202009_DNE,3,March,46.1,18.9,24.4
2020-03-22T09:00:00Z,3.017,-9999,-9999,Broome,-35996.4,DAMPIER_202009_DNE,3,March,46.1,18.9,24.4
2020-03-22T10:00:00Z,3.773,-9999,-9999,Broome,-35996.4,DAMPIER_202009_DNE,3,March,46.1,18.9,24.4
2020-03-22T11:00:00Z,5.023,-9999,-9999,Broome,-35996.4,DAMPIER_202009_DNE,3,March,46.1,18.9,24.4
2020-03-22T12:00:00Z,6.36,-9999,-9999,Broome,-35996.4,DAMPIER_202009_DNE,3,March,46.1,18.9,24.4
2020-03-22T13:00:00Z,7.578,-9999,-9999,Broome,-35996.4,DAMPIER_202009_DNE,3,March,46.1,18.9,24.4
2020-03-22T14:00:00Z,8.389,-9999,-9999,Broome,-35996.4,DAMPIER_202009_DNE,3,March,46.1,18.9,24.4
2020-03-22T15:00:00Z,8.394,-9999,-9999,Broome,-35996.4,DAMPIER_202009_DNE,3,March,46.1,18.9,24.4
2020-03-22T16:00:00Z,7.57,-9999,-9999,Broome,-35996.4,DAMPIER_202009_DNE,3,March,46.1,18.9,24.4
2020-03-22T17:00:00Z,6.374,-9999,-9999,Broome,-35996.4,DAMPIER_202009_DNE,3,March,46.1,18.9,24.4
2020-03-22T18:00:00Z,5.07,-9999,-9999,Broome,-35996.4,DAMPIER_202009_DNE,3,March,46.1,18.9,24.4
2020-03-22T19:00:00Z,3.761,-9999,-9999,Broome,-35996.4,DAMPIER_202009_DNE,3,March,46.1,18.9,24.4
2020-03-22T20:00:00Z,2.678,-9999,-9999,Broome,-35996.4,DAMPIER_202009_DNE,3,March,46.1,18.9,24.4
2020-03-22T21:00:00Z,2.272,-9999,-9999,Broome,-35996.4,DAMPIER_202009_DNE,3,March,46.1,18.9,24.4
2020-03-22T22:00:00Z,2.944,-9999,-9999,Broome,-35996.4,DAMPIER_202009_DNE,3,March,46.1,18.9,24.4
2020-03-22T23:00:00Z,4.256,-9999,-9999,Broome,-35996.4,DAMPIER_202009_DNE,3,March,46.1,18.9,24.4
2020-03-23T00:00:00Z,5.726,-9999,-9999,Broome,-35996.4,DAMPIER_202009_DNE,3,March,46.1,18.9,24.4
2020-03-23T01:00:00Z,7.188,-9999,-9999,Broome,-35996.4,DAMPIER_202009_DNE,3,March,46.1,18.9,24.4
2020-03-23T02:00:00Z,8.347,-9999,-9999,Broome,-35996.4,DAMPIER_202009_DNE,3,March,46.1,18.9,24.4
2020-03-23T03:00:00Z,8.717,-9999,-9999,Broome,-35996.4,DAMPIER_202009_DNE,3,March,46.1,18.9,24.4
2020-03-23T04:00:00Z,8.05,-9999,-9999,Broome,-35996.4,DAMPIER_202009_DNE,3,March,46.1,18.9,24.4
2020-03-23T05:00:00Z,6.851,-9999,-9999,Broome,-35996.4,DAMPIER_202009_DNE,3,March,46.1,18.9,24.4
2020-03-23T06:00:00Z,5.525,-9999,-9999,Broome,-35996.4,DAMPIER_202009_DNE,3,March,46.1,18.9,24.4
2020-03-23T07:00:00Z,4.173,-9999,-9999,Broome,-35996.4,DAMPIER_202009_DNE,3,March,46.1,18.9,24.4
2020-03-23T08:00:00Z,2.919,-9999,-9999,Broome,-35996.4,DAMPIER_202009_DNE,3,March,46.1,18.9,24.4
2020-03-23T09:00:00Z,2.281,-9999,-9999,Broome,-35996.4,DAMPIER_202009_DNE,3,March,46.1,18.9,24.4
2020-03-23T10:00:00Z,2.793,-9999,-9999,Broome,-35996.4,DAMPIER_202009_DNE,3,March,46.1,18.9,24.4
2020-03-23T11:00:00Z,4.078,-9999,-9999,Broome,-35996.4,DAMPIER_202009_DNE,3,March,46.1,18.9,24.4
2020-03-23T12:00:00Z,5.603,-9999,-9999,Broome,-35996.4,DAMPIER_202009_DNE,3,March,46.1,18.9,24.4
2020-03-23T13:00:00Z,7.156,-9999,-9999,Broome,-35996.4,DAMPIER_202009_DNE,3,March,46.1,18.9,24.4
2020-03-23T14:00:00Z,8.48,-9999,-9999,Broome,-35996.4,DAMPIER_202009_DNE,3,March,46.1,18.9,24.4
2020-03-23T15:00:00Z,8.975,-9999,-9999,Broome,-35996.4,DAMPIER_202009_DNE,3,March,46.1,18.9,24.4
2020-03-23T16:00:00Z,8.369,-9999,-9999,Broome,-35996.4,DAMPIER_202009_DNE,3,March,46.1,18.9,24.4
2020-03-23T17:00:00Z,7.124,-9999,-9999,Broome,-35996.4,DAMPIER_202009_DNE,3,March,46.1,18.9,24.4
2020-03-23T18:00:00Z,5.665,-9999,-9999,Broome,-35996.4,DAMPIER_202009_DNE,3,March,46.1,18.9,24.4
2020-03-23T19:00:00Z,4.167,-9999,-9999,Broome,-35996.4,DAMPIER_202009_DNE,3,March,46.1,18.9,24.4
2020-03-23T20:00:00Z,2.737,-9999,-9999,Broome,-35996.4,DAMPIER_202009_DNE,3,March,46.1,18.9,24.4
2020-03-23T21:00:00Z,1.819,-9999,-9999,Broome,-35996.4,DAMPIER_202009_DNE,3,March,46.1,18.9,24.4
2020-03-23T22:00:00Z,2.1,-9999,-9999,Broome,-35996.4,DAMPIER_202009_DNE,3,March,46.1,18.9,24.4
2020-03-23T23:00:00Z,3.374,-9999,-9999,Broome,-35996.4,DAMPIER_202009_DNE,3,March,46.1,18.9,24.4
2020-03-24T00:00:00Z,4.986,-9999,-9999,Broome,-35996.4,DAMPIER_202009_DNE,3,March,46.1,18.9,24.4
2020-03-24T01:00:00Z,6.677,-9999,-9999,Broome,-35996.4,DAMPIER_202009_DNE,3,March,46.1,18.9,24.4
2020-03-24T02:00:00Z,8.233,-9999,-9999,Broome,-35996.4,DAMPIER_202009_DNE,3,March,46.1,18.9,24.4
2020-03-24T03:00:00Z,9.133,-9999,-9999,Broome,-35996.4,DAMPIER_202009_DNE,3,March,46.1,18.9,24.4
2020-03-24T04:00:00Z,8.853,-9999,-9999,Broome,-35996.4,DAMPIER_202009_DNE,3,March,46.1,18.9,24.4
2020-03-24T05:00:00Z,7.643,-9999,-9999,Broome,-35996.4,DAMPIER_202009_DNE,3,March,46.1,18.9,24.4
2020-03-24T06:00:00Z,6.187,-9999,-9999,Broome,-35996.4,DAMPIER_202009_DNE,3,March,46.1,18.9,24.4
2020-03-24T07:00:00Z,4.654,-9999,-9999,Broome,-35996.4,DAMPIER_202009_DNE,3,March,46.1,18.9,24.4
2020-03-24T08:00:00Z,3.189,-9999,-9999,Broome,-35996.4,DAMPIER_202009_DNE,3,March,46.1,18.9,24.4
2020-03-24T09:00:00Z,2.083,-9999,-9999,Broome,-35996.4,DAMPIER_202009_DNE,3,March,46.1,18.9,24.4
2020-03-24T10:00:00Z,1.962,-9999,-9999,Broome,-35996.4,DAMPIER_202009_DNE,3,March,46.1,18.9,24.4
2020-03-24T11:00:00Z,3.107,-9999,-9999,Broome,-35996.4,DAMPIER_202009_DNE,3,March,46.1,18.9,24.4
2020-03-24T12:00:00Z,4.762,-9999,-9999,Broome,-35996.4,DAMPIER_202009_DNE,3,March,46.1,18.9,24.4
2020-03-24T13:00:00Z,6.507,-9999,-9999,Broome,-35996.4,DAMPIER_202009_DNE,3,March,46.1,18.9,24.4
2020-03-24T14:00:00Z,8.154,-9999,-9999,Broome,-35996.4,DAMPIER_202009_DNE,3,March,46.1,18.9,24.4
2020-03-24T15:00:00Z,9.181,-9999,-9999,Broome,-35996.4,DAMPIER_202009_DNE,3,March,46.1,18.9,24.4
2020-03-24T16:00:00Z,9.052,-9999,-9999,Broome,-35996.4,DAMPIER_202009_DNE,3,March,46.1,18.9,24.4
2020-03-24T17:00:00Z,7.92,-9999,-9999,Broome,-35996.4,DAMPIER_202009_DNE,3,March,46.1,18.9,24.4
2020-03-24T18:00:00Z,6.44,-9999,-9999,Broome,-35996.4,DAMPIER_202009_DNE,3,March,46.1,18.9,24.4
2020-03-24T19:00:00Z,4.847,-9999,-9999,Broome,-35996.4,DAMPIER_202009_DNE,3,March,46.1,18.9,24.4
2020-03-24T20:00:00Z,3.262,-9999,-9999,Broome,-35996.4,DAMPIER_202009_DNE,3,March,46.1,18.9,24.4
2020-03-24T21:00:00Z,1.976,-9999,-9999,Broome,-35996.4,DAMPIER_202009_DNE,3,March,46.1,18.9,24.4
2020-03-24T22:00:00Z,1.569,-9999,-9999,Broome,-35996.4,DAMPIER_202009_DNE,3,March,46.1,18.9,24.4
2020-03-24T23:00:00Z,2.531,-9999,-9999,Broome,-35996.4,DAMPIER_202009_DNE,3,March,46.1,18.9,24.4
2020-03-25T00:00:00Z,4.211,-9999,-9999,Broome,-35996.4,DAMPIER_202009_DNE,3,March,46.1,18.9,24.4
2020-03-25T01:00:00Z,6.037,-9999,-9999,Broome,-35996.4,DAMPIER_202009_DNE,3,March,46.1,18.9,24.4
2020-03-25T02:00:00Z,7.849,-9999,-9999,Broome,-35996.4,DAMPIER_202009_DNE,3,March,46.1,18.9,24.4
2020-03-25T03:00:00Z,9.18,-9999,-9999,Broome,-35996.4,DAMPIER_202009_DNE,3,March,46.1,18.9,24.4
2020-03-25T04:00:00Z,9.39,-9999,-9999,Broome,-35996.4,DAMPIER_202009_DNE,3,March,46.1,18.9,24.4
2020-03-25T05:00:00Z,8.382,-9999,-9999,Broome,-35996.4,DAMPIER_202009_DNE,3,March,46.1,18.9,24.4
2020-03-25T06:00:00Z,6.867,-9999,-9999,Broome,-35996.4,DAMPIER_202009_DNE,3,March,46.1,18.9,24.4
2020-03-25T07:00:00Z,5.252,-9999,-9999,Broome,-35996.4,DAMPIER_202009_DNE,3,March,46.1,18.9,24.4
2020-03-25T08:00:00Z,3.6,-9999,-9999,Broome,-35996.4,DAMPIER_202009_DNE,3,March,46.1,18.9,24.4
2020-03-25T09:00:00Z,2.184,-9999,-9999,Broome,-35996.4,DAMPIER_202009_DNE,3,March,46.1,18.9,24.4
2020-03-25T10:00:00Z,1.504,-9999,-9999,Broome,-35996.4,DAMPIER_202009_DNE,3,March,46.1,18.9,24.4
2020-03-25T11:00:00Z,2.251,-9999,-9999,Broome,-35996.4,DAMPIER_202009_DNE,3,March,46.1,18.9,24.4
2020-03-25T12:00:00Z,3.902,-9999,-9999,Broome,-35996.4,DAMPIER_202009_DNE,3,March,46.1,18.9,24.4
2020-03-25T13:00:00Z,5.722,-9999,-9999,Broome,-35996.4,DAMPIER_202009_DNE,3,March,46.1,18.9,24.4
2020-03-25T14:00:00Z,7.553,-9999,-9999,Broome,-35996.4,DAMPIER_202009_DNE,3,March,46.1,18.9,24.4
2020-03-25T15:00:00Z,9.019,-9999,-9999,Broome,-35996.4,DAMPIER_202009_DNE,3,March,46.1,18.9,24.4
2020-03-25T16:00:00Z,9.465,-9999,-9999,Broome,-35996.4,DAMPIER_202009_DNE,3,March,46.1,18.9,24.4
2020-03-25T17:00:00Z,8.613,-9999,-9999,Broome,-35996.4,DAMPIER_202009_DNE,3,March,46.1,18.9,24.4
2020-03-25T18:00:00Z,7.122,-9999,-9999,Broome,-35996.4,DAMPIER_202009_DNE,3,March,46.1,18.9,24.4
2020-03-25T19:00:00Z,5.511,-9999,-9999,Broome,-35996.4,DAMPIER_202009_DNE,3,March,46.1,18.9,24.4
2020-03-25T20:00:00Z,3.806,-9999,-9999,Broome,-35996.4,DAMPIER_202009_DNE,3,March,46.1,18.9,24.4
2020-03-25T21:00:00Z,2.267,-9999,-9999,Broome,-35996.4,DAMPIER_202009_DNE,3,March,46.1,18.9,24.4
2020-03-25T22:00:00Z,1.377,-9999,-9999,Broome,-35996.4,DAMPIER_202009_DNE,3,March,46.1,18.9,24.4
2020-03-25T23:00:00Z,1.869,-9999,-9999,Broome,-35996.4,DAMPIER_202009_DNE,3,March,46.1,18.9,24.4
2020-03-26T00:00:00Z,3.474,-9999,-9999,Broome,-35996.4,DAMPIER_202009_DNE,3,March,46.1,18.9,24.4
2020-03-26T01:00:00Z,5.387,-9999,-9999,Broome,-35996.4,DAMPIER_202009_DNE,3,March,46.1,18.9,24.4
2020-03-26T02:00:00Z,7.377,-9999,-9999,Broome,-35996.4,DAMPIER_202009_DNE,3,March,46.1,18.9,24.4
2020-03-26T03:00:00Z,9.013,-9999,-9999,Broome,-35996.4,DAMPIER_202009_DNE,3,March,46.1,18.9,24.4
2020-03-26T04:00:00Z,9.642,-9999,-9999,Broome,-35996.4,DAMPIER_202009_DNE,3,March,46.1,18.9,24.4
2020-03-26T05:00:00Z,8.995,-9999,-9999,Broome,-35996.4,DAMPIER_202009_DNE,3,March,46.1,18.9,24.4
2020-03-26T06:00:00Z,7.545,-9999,-9999,Broome,-35996.4,DAMPIER_202009_DNE,3,March,46.1,18.9,24.4
2020-03-26T07:00:00Z,5.905,-9999,-9999,Broome,-35996.4,DAMPIER_202009_DNE,3,March,46.1,18.9,24.4
2020-03-26T08:00:00Z,4.199,-9999,-9999,Broome,-35996.4,DAMPIER_202009_DNE,3,March,46.1,18.9,24.4
2020-03-26T09:00:00Z,2.635,-9999,-9999,Broome,-35996.4,DAMPIER_202009_DNE,3,March,46.1,18.9,24.4
2020-03-26T10:00:00Z,1.529,-9999,-9999,Broome,-35996.4,DAMPIER_202009_DNE,3,March,46.1,18.9,24.4
2020-03-26T11:00:00Z,1.663,-9999,-9999,Broome,-35996.4,DAMPIER_202009_DNE,3,March,46.1,18.9,24.4
2020-03-26T12:00:00Z,3.115,-9999,-9999,Broome,-35996.4,DAMPIER_202009_DNE,3,March,46.1,18.9,24.4
2020-03-26T13:00:00Z,4.949,-9999,-9999,Broome,-35996.4,DAMPIER_202009_DNE,3,March,46.1,18.9,24.4
2020-03-26T14:00:00Z,6.858,-9999,-9999,Broome,-35996.4,DAMPIER_202009_DNE,3,March,46.1,18.9,24.4
2020-03-26T15:00:00Z,8.59,-9999,-9999,Broome,-35996.4,DAMPIER_202009_DNE,3,March,46.1,18.9,24.4
2020-03-26T16:00:00Z,9.518,-9999,-9999,Broome,-35996.4,DAMPIER_202009_DNE,3,March,46.1,18.9,24.4
2020-03-26T17:00:00Z,9.149,-9999,-9999,Broome,-35996.4,DAMPIER_202009_DNE,3,March,46.1,18.9,24.4
2020-03-26T18:00:00Z,7.772,-9999,-9999,Broome,-35996.4,DAMPIER_202009_DNE,3,March,46.1,18.9,24.4
2020-03-26T19:00:00Z,6.186,-9999,-9999,Broome,-35996.4,DAMPIER_202009_DNE,3,March,46.1,18.9,24.4
2020-03-26T20:00:00Z,4.512,-9999,-9999,Broome,-35996.4,DAMPIER_202009_DNE,3,March,46.1,18.9,24.4
2020-03-26T21:00:00Z,2.89,-9999,-9999,Broome,-35996.4,DAMPIER_202009_DNE,3,March,46.1,18.9,24.4
2020-03-26T22:00:00Z,1.669,-9999,-9999,Broome,-35996.4,DAMPIER_202009_DNE,3,March,46.1,18.9,24.4
2020-03-26T23:00:00Z,1.599,-9999,-9999,Broome,-35996.4,DAMPIER_202009_DNE,3,March,46.1,18.9,24.4
2020-03-27T00:00:00Z,2.949,-9999,-9999,Broome,-35996.4,DAMPIER_202009_DNE,3,March,46.1,18.9,24.4
2020-03-27T01:00:00Z,4.819,-9999,-9999,Broome,-35996.4,DAMPIER_202009_DNE,3,March,46.1,18.9,24.4
2020-03-27T02:00:00Z,6.761,-9999,-9999,Broome,-35996.4,DAMPIER_202009_DNE,3,March,46.1,18.9,24.4
2020-03-27T03:00:00Z,8.549,-9999,-9999,Broome,-35996.4,DAMPIER_202009_DNE,3,March,46.1,18.9,24.4
2020-03-27T04:00:00Z,9.639,-9999,-9999,Broome,-35996.4,DAMPIER_202009_DNE,3,March,46.1,18.9,24.4
2020-03-27T05:00:00Z,9.483,-9999,-9999,Broome,-35996.4,DAMPIER_202009_DNE,3,March,46.1,18.9,24.4
2020-03-27T06:00:00Z,8.208,-9999,-9999,Broome,-35996.4,DAMPIER_202009_DNE,3,March,46.1,18.9,24.4
2020-03-27T07:00:00Z,6.578,-9999,-9999,Broome,-35996.4,DAMPIER_202009_DNE,3,March,46.1,18.9,24.4
2020-03-27T08:00:00Z,4.893,-9999,-9999,Broome,-35996.4,DAMPIER_202009_DNE,3,March,46.1,18.9,24.4
2020-03-27T09:00:00Z,3.239,-9999,-9999,Broome,-35996.4,DAMPIER_202009_DNE,3,March,46.1,18.9,24.4
2020-03-27T10:00:00Z,1.895,-9999,-9999,Broome,-35996.4,DAMPIER_202009_DNE,3,March,46.1,18.9,24.4
2020-03-27T11:00:00Z,1.471,-9999,-9999,Broome,-35996.4,DAMPIER_202009_DNE,3,March,46.1,18.9,24.4
2020-03-27T12:00:00Z,2.507,-9999,-9999,Broome,-35996.4,DAMPIER_202009_DNE,3,March,46.1,18.9,24.4
2020-03-27T13:00:00Z,4.239,-9999,-9999,Broome,-35996.4,DAMPIER_202009_DNE,3,March,46.1,18.9,24.4
2020-03-27T14:00:00Z,6.072,-9999,-9999,Broome,-35996.4,DAMPIER_202009_DNE,3,March,46.1,18.9,24.4
2020-03-27T15:00:00Z,7.892,-9999,-9999,Broome,-35996.4,DAMPIER_202009_DNE,3,March,46.1,18.9,24.4
2020-03-27T16:00:00Z,9.198,-9999,-9999,Broome,-35996.4,DAMPIER_202009_DNE,3,March,46.1,18.9,24.4
2020-03-27T17:00:00Z,9.337,-9999,-9999,Broome,-35996.4,DAMPIER_202009_DNE,3,March,46.1,18.9,24.4
2020-03-27T18:00:00Z,8.28,-9999,-9999,Broome,-35996.4,DAMPIER_202009_DNE,3,March,46.1,18.9,24.4
2020-03-27T19:00:00Z,6.772,-9999,-9999,Broome,-35996.4,DAMPIER_202009_DNE,3,March,46.1,18.9,24.4
2020-03-27T20:00:00Z,5.186,-9999,-9999,Broome,-35996.4,DAMPIER_202009_DNE,3,March,46.1,18.9,24.4
2020-03-27T21:00:00Z,3.577,-9999,-9999,Broome,-35996.4,DAMPIER_202009_DNE,3,March,46.1,18.9,24.4
2020-03-27T22:00:00Z,2.203,-9999,-9999,Broome,-35996.4,DAMPIER_202009_DNE,3,March,46.1,18.9,24.4
2020-03-27T23:00:00Z,1.622,-9999,-9999,Broome,-35996.4,DAMPIER_202009_DNE,3,March,46.1,18.9,24.4
2020-03-28T00:00:00Z,2.488,-9999,-9999,Broome,-35996.4,DAMPIER_202009_DNE,3,March,46.1,18.9,24.4
2020-03-28T01:00:00Z,4.208,-9999,-9999,Broome,-35996.4,DAMPIER_202009_DNE,3,March,46.1,18.9,24.4
2020-03-28T02:00:00Z,6.069,-9999,-9999,Broome,-35996.4,DAMPIER_202009_DNE,3,March,46.1,18.9,24.4
2020-03-28T03:00:00Z,7.89,-9999,-9999,Broome,-35996.4,DAMPIER_202009_DNE,3,March,46.1,18.9,24.4
2020-03-28T04:00:00Z,9.274,-9999,-9999,Broome,-35996.4,DAMPIER_202009_DNE,3,March,46.1,18.9,24.4
2020-03-28T05:00:00Z,9.576,-9999,-9999,Broome,-35996.4,DAMPIER_202009_DNE,3,March,46.1,18.9,24.4
2020-03-28T06:00:00Z,8.654,-9999,-9999,Broome,-35996.4,DAMPIER_202009_DNE,3,March,46.1,18.9,24.4
2020-03-28T07:00:00Z,7.184,-9999,-9999,Broome,-35996.4,DAMPIER_202009_DNE,3,March,46.1,18.9,24.4
2020-03-28T08:00:00Z,5.571,-9999,-9999,Broome,-35996.4,DAMPIER_202009_DNE,3,March,46.1,18.9,24.4
2020-03-28T09:00:00Z,3.881,-9999,-9999,Broome,-35996.4,DAMPIER_202009_DNE,3,March,46.1,18.9,24.4
2020-03-28T10:00:00Z,2.419,-9999,-9999,Broome,-35996.4,DAMPIER_202009_DNE,3,March,46.1,18.9,24.4
2020-03-28T11:00:00Z,1.602,-9999,-9999,Broome,-35996.4,DAMPIER_202009_DNE,3,March,46.1,18.9,24.4
2020-03-28T12:00:00Z,2.11,-9999,-9999,Broome,-35996.4,DAMPIER_202009_DNE,3,March,46.1,18.9,24.4
2020-03-28T13:00:00Z,3.615,-9999,-9999,Broome,-35996.4,DAMPIER_202009_DNE,3,March,46.1,18.9,24.4
2020-03-28T14:00:00Z,5.334,-9999,-9999,Broome,-35996.4,DAMPIER_202009_DNE,3,March,46.1,18.9,24.4
2020-03-28T15:00:00Z,7.068,-9999,-9999,Broome,-35996.4,DAMPIER_202009_DNE,3,March,46.1,18.9,24.4
2020-03-28T16:00:00Z,8.526,-9999,-9999,Broome,-35996.4,DAMPIER_202009_DNE,3,March,46.1,18.9,24.4
2020-03-28T17:00:00Z,9.154,-9999,-9999,Broome,-35996.4,DAMPIER_202009_DNE,3,March,46.1,18.9,24.4
2020-03-28T18:00:00Z,8.567,-9999,-9999,Broome,-35996.4,DAMPIER_202009_DNE,3,March,46.1,18.9,24.4
2020-03-28T19:00:00Z,7.237,-9999,-9999,Broome,-35996.4,DAMPIER_202009_DNE,3,March,46.1,18.9,24.4
2020-03-28T20:00:00Z,5.765,-9999,-9999,Broome,-35996.4,DAMPIER_202009_DNE,3,March,46.1,18.9,24.4
2020-03-28T21:00:00Z,4.216,-9999,-9999,Broome,-35996.4,DAMPIER_202009_DNE,3,March,46.1,18.9,24.4
2020-03-28T22:00:00Z,2.81,-9999,-9999,Broome,-35996.4,DAMPIER_202009_DNE,3,March,46.1,18.9,24.4
2020-03-28T23:00:00Z,1.933,-9999,-9999,Broome,-35996.4,DAMPIER_202009_DNE,3,March,46.1,18.9,24.4
2020-03-29T00:00:00Z,2.272,-9999,-9999,Broome,-35996.4,DAMPIER_202009_DNE,3,March,46.1,18.9,24.4
2020-03-29T01:00:00Z,3.715,-9999,-9999,Broome,-35996.4,DAMPIER_202009_DNE,3,March,46.1,18.9,24.4
2020-03-29T02:00:00Z,5.445,-9999,-9999,Broome,-35996.4,DAMPIER_202009_DNE,3,March,46.1,18.9,24.4
2020-03-29T03:00:00Z,7.19,-9999,-9999,Broome,-35996.4,DAMPIER_202009_DNE,3,March,46.1,18.9,24.4
2020-03-29T04:00:00Z,8.673,-9999,-9999,Broome,-35996.4,DAMPIER_202009_DNE,3,March,46.1,18.9,24.4
2020-03-29T05:00:00Z,9.371,-9999,-9999,Broome,-35996.4,DAMPIER_202009_DNE,3,March,46.1,18.9,24.4
2020-03-29T06:00:00Z,8.904,-9999,-9999,Broome,-35996.4,DAMPIER_202009_DNE,3,March,46.1,18.9,24.4
2020-03-29T07:00:00Z,7.598,-9999,-9999,Broome,-35996.4,DAMPIER_202009_DNE,3,March,46.1,18.9,24.4
2020-03-29T08:00:00Z,6.109,-9999,-9999,Broome,-35996.4,DAMPIER_202009_DNE,3,March,46.1,18.9,24.4
2020-03-29T09:00:00Z,4.557,-9999,-9999,Broome,-35996.4,DAMPIER_202009_DNE,3,March,46.1,18.9,24.4
2020-03-29T10:00:00Z,3.099,-9999,-9999,Broome,-35996.4,DAMPIER_202009_DNE,3,March,46.1,18.9,24.4
2020-03-29T11:00:00Z,2.045,-9999,-9999,Broome,-35996.4,DAMPIER_202009_DNE,3,March,46.1,18.9,24.4
2020-03-29T12:00:00Z,2.016,-9999,-9999,Broome,-35996.4,DAMPIER_202009_DNE,3,March,46.1,18.9,24.4
2020-03-29T13:00:00Z,3.161,-9999,-9999,Broome,-35996.4,DAMPIER_202009_DNE,3,March,46.1,18.9,24.4
2020-03-29T14:00:00Z,4.692,-9999,-9999,Broome,-35996.4,DAMPIER_202009_DNE,3,March,46.1,18.9,24.4
2020-03-29T15:00:00Z,6.267,-9999,-9999,Broome,-35996.4,DAMPIER_202009_DNE,3,March,46.1,18.9,24.4
2020-03-29T16:00:00Z,7.732,-9999,-9999,Broome,-35996.4,DAMPIER_202009_DNE,3,March,46.1,18.9,24.4
2020-03-29T17:00:00Z,8.664,-9999,-9999,Broome,-35996.4,DAMPIER_202009_DNE,3,March,46.1,18.9,24.4
2020-03-29T18:00:00Z,8.579,-9999,-9999,Broome,-35996.4,DAMPIER_202009_DNE,3,March,46.1,18.9,24.4
2020-03-29T19:00:00Z,7.568,-9999,-9999,Broome,-35996.4,DAMPIER_202009_DNE,3,March,46.1,18.9,24.4
2020-03-29T20:00:00Z,6.261,-9999,-9999,Broome,-35996.4,DAMPIER_202009_DNE,3,March,46.1,18.9,24.4
2020-03-29T21:00:00Z,4.869,-9999,-9999,Broome,-35996.4,DAMPIER_202009_DNE,3,March,46.1,18.9,24.4
2020-03-29T22:00:00Z,3.521,-9999,-9999,Broome,-35996.4,DAMPIER_202009_DNE,3,March,46.1,18.9,24.4
2020-03-29T23:00:00Z,2.509,-9999,-9999,Broome,-35996.4,DAMPIER_202009_DNE,3,March,46.1,18.9,24.4
2020-03-30T00:00:00Z,2.366,-9999,-9999,Broome,-35996.4,DAMPIER_202009_DNE,3,March,46.1,18.9,24.4
2020-03-30T01:00:00Z,3.387,-9999,-9999,Broome,-35996.4,DAMPIER_202009_DNE,3,March,46.1,18.9,24.4
2020-03-30T02:00:00Z,4.915,-9999,-9999,Broome,-35996.4,DAMPIER_202009_DNE,3,March,46.1,18.9,24.4
2020-03-30T03:00:00Z,6.484,-9999,-9999,Broome,-35996.4,DAMPIER_202009_DNE,3,March,46.1,18.9,24.4
2020-03-30T04:00:00Z,7.922,-9999,-9999,Broome,-35996.4,DAMPIER_202009_DNE,3,March,46.1,18.9,24.4
2020-03-30T05:00:00Z,8.86,-9999,-9999,Broome,-35996.4,DAMPIER_202009_DNE,3,March,46.1,18.9,24.4
2020-03-30T06:00:00Z,8.839,-9999,-9999,Broome,-35996.4,DAMPIER_202009_DNE,3,March,46.1,18.9,24.4
2020-03-30T07:00:00Z,7.898,-9999,-9999,Broome,-35996.4,DAMPIER_202009_DNE,3,March,46.1,18.9,24.4
2020-03-30T08:00:00Z,6.622,-9999,-9999,Broome,-35996.4,DAMPIER_202009_DNE,3,March,46.1,18.9,24.4
2020-03-30T09:00:00Z,5.232,-9999,-9999,Broome,-35996.4,DAMPIER_202009_DNE,3,March,46.1,18.9,24.4
2020-03-30T10:00:00Z,3.848,-9999,-9999,Broome,-35996.4,DAMPIER_202009_DNE,3,March,46.1,18.9,24.4
2020-03-30T11:00:00Z,2.735,-9999,-9999,Broome,-35996.4,DAMPIER_202009_DNE,3,March,46.1,18.9,24.4
2020-03-30T12:00:00Z,2.292,-9999,-9999,Broome,-35996.4,DAMPIER_202009_DNE,3,March,46.1,18.9,24.4
2020-03-30T13:00:00Z,2.945,-9999,-9999,Broome,-35996.4,DAMPIER_202009_DNE,3,March,46.1,18.9,24.4
2020-03-30T14:00:00Z,4.217,-9999,-9999,Broome,-35996.4,DAMPIER_202009_DNE,3,March,46.1,18.9,24.4
2020-03-30T15:00:00Z,5.583,-9999,-9999,Broome,-35996.4,DAMPIER_202009_DNE,3,March,46.1,18.9,24.4
2020-03-30T16:00:00Z,6.91,-9999,-9999,Broome,-35996.4,DAMPIER_202009_DNE,3,March,46.1,18.9,24.4
2020-03-30T17:00:00Z,7.941,-9999,-9999,Broome,-35996.4,DAMPIER_202009_DNE,3,March,46.1,18.9,24.4
2020-03-30T18:00:00Z,8.286,-9999,-9999,Broome,-35996.4,DAMPIER_202009_DNE,3,March,46.1,18.9,24.4
2020-03-30T19:00:00Z,7.686,-9999,-9999,Broome,-35996.4,DAMPIER_202009_DNE,3,March,46.1,18.9,24.4
2020-03-30T20:00:00Z,6.583,-9999,-9999,Broome,-35996.4,DAMPIER_202009_DNE,3,March,46.1,18.9,24.4
2020-03-30T21:00:00Z,5.394,-9999,-9999,Broome,-35996.4,DAMPIER_202009_DNE,3,March,46.1,18.9,24.4
2020-03-30T22:00:00Z,4.201,-9999,-9999,Broome,-35996.4,DAMPIER_202009_DNE,3,March,46.1,18.9,24.4
2020-03-30T23:00:00Z,3.222,-9999,-9999,Broome,-35996.4,DAMPIER_202009_DNE,3,March,46.1,18.9,24.4
2020-03-31T00:00:00Z,2.82,-9999,-9999,Broome,-35996.4,DAMPIER_202009_DNE,3,March,46.1,18.9,24.4
2020-03-31T01:00:00Z,3.397,-9999,-9999,Broome,-35996.4,DAMPIER_202009_DNE,3,March,46.1,18.9,24.4
2020-03-31T02:00:00Z,4.631,-9999,-9999,Broome,-35996.4,DAMPIER_202009_DNE,3,March,46.1,18.9,24.4
2020-03-31T03:00:00Z,5.964,-9999,-9999,Broome,-35996.4,DAMPIER_202009_DNE,3,March,46.1,18.9,24.4
2020-03-31T04:00:00Z,7.209,-9999,-9999,Broome,-35996.4,DAMPIER_202009_DNE,3,March,46.1,18.9,24.4
2020-03-31T05:00:00Z,8.169,-9999,-9999,Broome,-35996.4,DAMPIER_202009_DNE,3,March,46.1,18.9,24.4
2020-03-31T06:00:00Z,8.518,-9999,-9999,Broome,-35996.4,DAMPIER_202009_DNE,3,March,46.1,18.9,24.4
2020-03-31T07:00:00Z,8.001,-9999,-9999,Broome,-35996.4,DAMPIER_202009_DNE,3,March,46.1,18.9,24.4
2020-03-31T08:00:00Z,6.933,-9999,-9999,Broome,-35996.4,DAMPIER_202009_DNE,3,March,46.1,18.9,24.4
2020-03-31T09:00:00Z,5.772,-9999,-9999,Broome,-35996.4,DAMPIER_202009_DNE,3,March,46.1,18.9,24.4
2020-03-31T10:00:00Z,4.608,-9999,-9999,Broome,-35996.4,DAMPIER_202009_DNE,3,March,46.1,18.9,24.4
2020-03-31T11:00:00Z,3.573,-9999,-9999,Broome,-35996.4,DAMPIER_202009_DNE,3,March,46.1,18.9,24.4
2020-03-31T12:00:00Z,2.957,-9999,-9999,Broome,-35996.4,DAMPIER_202009_DNE,3,March,46.1,18.9,24.4
2020-03-31T13:00:00Z,3.141,-9999,-9999,Broome,-35996.4,DAMPIER_202009_DNE,3,March,46.1,18.9,24.4
2020-03-31T14:00:00Z,4.015,-9999,-9999,Broome,-35996.4,DAMPIER_202009_DNE,3,March,46.1,18.9,24.4
2020-03-31T15:00:00Z,5.089,-9999,-9999,Broome,-35996.4,DAMPIER_202009_DNE,3,March,46.1,18.9,24.4
2020-03-31T16:00:00Z,6.158,-9999,-9999,Broome,-35996.4,DAMPIER_202009_DNE,3,March,46.1,18.9,24.4
2020-03-31T17:00:00Z,7.07,-9999,-9999,Broome,-35996.4,DAMPIER_202009_DNE,3,March,46.1,18.9,24.4
2020-03-31T18:00:00Z,7.598,-9999,-9999,Broome,-35996.4,DAMPIER_202009_DNE,3,March,46.1,18.9,24.4
2020-03-31T19:00:00Z,7.466,-9999,-9999,Broome,-35996.4,DAMPIER_202009_DNE,3,March,46.1,18.9,24.4
2020-03-31T20:00:00Z,6.715,-9999,-9999,Broome,-35996.4,DAMPIER_202009_DNE,3,March,46.1,18.9,24.4
2020-03-31T21:00:00Z,5.805,-9999,-9999,Broome,-35996.4,DAMPIER_202009_DNE,3,March,46.1,18.9,24.4
2020-03-31T22:00:00Z,4.886,-9999,-9999,Broome,-35996.4,DAMPIER_202009_DNE,3,March,46.1,18.9,24.4
2020-03-31T23:00:00Z,4.041,-9999,-9999,Broome,-35996.4,DAMPIER_202009_DNE,3,March,46.1,18.9,24.4
2020-04-01T00:00:00Z,3.542,-9999,-9999,Broome,-35996.4,DAMPIER_202009_DNE,4,April,18.1,17.3,22.0
2020-04-01T01:00:00Z,3.679,-9999,-9999,Broome,-35996.4,DAMPIER_202009_DNE,4,April,18.1,17.3,22.0
2020-04-01T02:00:00Z,4.456,-9999,-9999,Broome,-35996.4,DAMPIER_202009_DNE,4,April,18.1,17.3,22.0
2020-04-01T03:00:00Z,5.478,-9999,-9999,Broome,-35996.4,DAMPIER_202009_DNE,4,April,18.1,17.3,22.0
2020-04-01T04:00:00Z,6.488,-9999,-9999,Broome,-35996.4,DAMPIER_202009_DNE,4,April,18.1,17.3,22.0
2020-04-01T05:00:00Z,7.336,-9999,-9999,Broome,-35996.4,DAMPIER_202009_DNE,4,April,18.1,17.3,22.0
2020-04-01T06:00:00Z,7.847,-9999,-9999,Broome,-35996.4,DAMPIER_202009_DNE,4,April,18.1,17.3,22.0
2020-04-01T07:00:00Z,7.768,-9999,-9999,Broome,-35996.4,DAMPIER_202009_DNE,4,April,18.1,17.3,22.0
2020-04-01T08:00:00Z,7.108,-9999,-9999,Broome,-35996.4,DAMPIER_202009_DNE,4,April,18.1,17.3,22.0
2020-04-01T09:00:00Z,6.211,-9999,-9999,Broome,-35996.4,DAMPIER_202009_DNE,4,April,18.1,17.3,22.0
2020-04-01T10:00:00Z,5.271,-9999,-9999,Broome,-35996.4,DAMPIER_202009_DNE,4,April,18.1,17.3,22.0
2020-04-01T11:00:00Z,4.4,-9999,-9999,Broome,-35996.4,DAMPIER_202009_DNE,4,April,18.1,17.3,22.0
2020-04-01T12:00:00Z,3.769,-9999,-9999,Broome,-35996.4,DAMPIER_202009_DNE,4,April,18.1,17.3,22.0
2020-04-01T13:00:00Z,3.605,-9999,-9999,Broome,-35996.4,DAMPIER_202009_DNE,4,April,18.1,17.3,22.0
2020-04-01T14:00:00Z,4.032,-9999,-9999,Broome,-35996.4,DAMPIER_202009_DNE,4,April,18.1,17.3,22.0
2020-04-01T15:00:00Z,4.749,-9999,-9999,Broome,-35996.4,DAMPIER_202009_DNE,4,April,18.1,17.3,22.0
2020-04-01T16:00:00Z,5.474,-9999,-9999,Broome,-35996.4,DAMPIER_202009_DNE,4,April,18.1,17.3,22.0
2020-04-01T17:00:00Z,6.165,-9999,-9999,Broome,-35996.4,DAMPIER_202009_DNE,4,April,18.1,17.3,22.0
2020-04-01T18:00:00Z,6.709,-9999,-9999,Broome,-35996.4,DAMPIER_202009_DNE,4,April,18.1,17.3,22.0
2020-04-01T19:00:00Z,6.909,-9999,-9999,Broome,-35996.4,DAMPIER_202009_DNE,4,April,18.1,17.3,22.0
2020-04-01T20:00:00Z,6.608,-9999,-9999,Broome,-35996.4,DAMPIER_202009_DNE,4,April,18.1,17.3,22.0
2020-04-01T21:00:00Z,6.001,-9999,-9999,Broome,-35996.4,DAMPIER_202009_DNE,4,April,18.1,17.3,22.0
2020-04-01T22:00:00Z,5.348,-9999,-9999,Broome,-35996.4,DAMPIER_202009_DNE,4,April,18.1,17.3,22.0
2020-04-01T23:00:00Z,4.758,-9999,-9999,Broome,-35996.4,DAMPIER_202009_DNE,4,April,18.1,17.3,22.0
2020-04-02T00:00:00Z,4.361,-9999,-9999,Broome,-35996.4,DAMPIER_202009_DNE,4,April,18.1,17.3,22.0
2020-04-02T01:00:00Z,4.305,-9999,-9999,Broome,-35996.4,DAMPIER_202009_DNE,4,April,18.1,17.3,22.0
2020-04-02T02:00:00Z,4.644,-9999,-9999,Broome,-35996.4,DAMPIER_202009_DNE,4,April,18.1,17.3,22.0
2020-04-02T03:00:00Z,5.223,-9999,-9999,Broome,-35996.4,DAMPIER_202009_DNE,4,April,18.1,17.3,22.0
2020-04-02T04:00:00Z,5.873,-9999,-9999,Broome,-35996.4,DAMPIER_202009_DNE,4,April,18.1,17.3,22.0
2020-04-02T05:00:00Z,6.5,-9999,-9999,Broome,-35996.4,DAMPIER_202009_DNE,4,April,18.1,17.3,22.0
2020-04-02T06:00:00Z,6.93,-9999,-9999,Broome,-35996.4,DAMPIER_202009_DNE,4,April,18.1,17.3,22.0
2020-04-02T07:00:00Z,7.071,-9999,-9999,Broome,-35996.4,DAMPIER_202009_DNE,4,April,18.1,17.3,22.0
2020-04-02T08:00:00Z,6.878,-9999,-9999,Broome,-35996.4,DAMPIER_202009_DNE,4,April,18.1,17.3,22.0
2020-04-02T09:00:00Z,6.393,-9999,-9999,Broome,-35996.4,DAMPIER_202009_DNE,4,April,18.1,17.3,22.0
2020-04-02T10:00:00Z,5.806,-9999,-9999,Broome,-35996.4,DAMPIER_202009_DNE,4,April,18.1,17.3,22.0
2020-04-02T11:00:00Z,5.244,-9999,-9999,Broome,-35996.4,DAMPIER_202009_DNE,4,April,18.1,17.3,22.0
2020-04-02T12:00:00Z,4.783,-9999,-9999,Broome,-35996.4,DAMPIER_202009_DNE,4,April,18.1,17.3,22.0
2020-04-02T13:00:00Z,4.505,-9999,-9999,Broome,-35996.4,DAMPIER_202009_DNE,4,April,18.1,17.3,22.0
2020-04-02T14:00:00Z,4.508,-9999,-9999,Broome,-35996.4,DAMPIER_202009_DNE,4,April,18.1,17.3,22.0
2020-04-02T15:00:00Z,4.708,-9999,-9999,Broome,-35996.4,DAMPIER_202009_DNE,4,April,18.1,17.3,22.0
2020-04-02T16:00:00Z,5.007,-9999,-9999,Broome,-35996.4,DAMPIER_202009_DNE,4,April,18.1,17.3,22.0
2020-04-02T17:00:00Z,5.366,-9999,-9999,Broome,-35996.4,DAMPIER_202009_DNE,4,April,18.1,17.3,22.0
2020-04-02T18:00:00Z,5.694,-9999,-9999,Broome,-35996.4,DAMPIER_202009_DNE,4,April,18.1,17.3,22.0
2020-04-02T19:00:00Z,5.945,-9999,-9999,Broome,-35996.4,DAMPIER_202009_DNE,4,April,18.1,17.3,22.0
2020-04-02T20:00:00Z,6.075,-9999,-9999,Broome,-35996.4,DAMPIER_202009_DNE,4,April,18.1,17.3,22.0
2020-04-02T21:00:00Z,6.016,-9999,-9999,Broome,-35996.4,DAMPIER_202009_DNE,4,April,18.1,17.3,22.0
2020-04-02T22:00:00Z,5.774,-9999,-9999,Broome,-35996.4,DAMPIER_202009_DNE,4,April,18.1,17.3,22.0
2020-04-02T23:00:00Z,5.499,-9999,-9999,Broome,-35996.4,DAMPIER_202009_DNE,4,April,18.1,17.3,22.0
2020-04-03T00:00:00Z,5.289,-9999,-9999,Broome,-35996.4,DAMPIER_202009_DNE,4,April,18.1,17.3,22.0
2020-04-03T01:00:00Z,5.152,-9999,-9999,Broome,-35996.4,DAMPIER_202009_DNE,4,April,18.1,17.3,22.0
2020-04-03T02:00:00Z,5.137,-9999,-9999,Broome,-35996.4,DAMPIER_202009_DNE,4,April,18.1,17.3,22.0
2020-04-03T03:00:00Z,5.216,-9999,-9999,Broome,-35996.4,DAMPIER_202009_DNE,4,April,18.1,17.3,22.0
2020-04-03T04:00:00Z,5.349,-9999,-9999,Broome,-35996.4,DAMPIER_202009_DNE,4,April,18.1,17.3,22.0
2020-04-03T05:00:00Z,5.612,-9999,-9999,Broome,-35996.4,DAMPIER_202009_DNE,4,April,18.1,17.3,22.0
2020-04-03T06:00:00Z,5.921,-9999,-9999,Broome,-35996.4,DAMPIER_202009_DNE,4,April,18.1,17.3,22.0
2020-04-03T07:00:00Z,6.126,-9999,-9999,Broome,-35996.4,DAMPIER_202009_DNE,4,April,18.1,17.3,22.0
2020-04-03T08:00:00Z,6.274,-9999,-9999,Broome,-35996.4,DAMPIER_202009_DNE,4,April,18.1,17.3,22.0
2020-04-03T09:00:00Z,6.386,-9999,-9999,Broome,-35996.4,DAMPIER_202009_DNE,4,April,18.1,17.3,22.0
2020-04-03T10:00:00Z,6.305,-9999,-9999,Broome,-35996.4,DAMPIER_202009_DNE,4,April,18.1,17.3,22.0
2020-04-03T11:00:00Z,6.028,-9999,-9999,Broome,-35996.4,DAMPIER_202009_DNE,4,April,18.1,17.3,22.0
2020-04-03T12:00:00Z,5.742,-9999,-9999,Broome,-35996.4,DAMPIER_202009_DNE,4,April,18.1,17.3,22.0
2020-04-03T13:00:00Z,5.504,-9999,-9999,Broome,-35996.4,DAMPIER_202009_DNE,4,April,18.1,17.3,22.0
2020-04-03T14:00:00Z,5.262,-9999,-9999,Broome,-35996.4,DAMPIER_202009_DNE,4,April,18.1,17.3,22.0
2020-04-03T15:00:00Z,5.002,-9999,-9999,Broome,-35996.4,DAMPIER_202009_DNE,4,April,18.1,17.3,22.0
2020-04-03T16:00:00Z,4.797,-9999,-9999,Broome,-35996.4,DAMPIER_202009_DNE,4,April,18.1,17.3,22.0
2020-04-03T17:00:00Z,4.743,-9999,-9999,Broome,-35996.4,DAMPIER_202009_DNE,4,April,18.1,17.3,22.0
2020-04-03T18:00:00Z,4.817,-9999,-9999,Broome,-35996.4,DAMPIER_202009_DNE,4,April,18.1,17.3,22.0
2020-04-03T19:00:00Z,4.961,-9999,-9999,Broome,-35996.4,DAMPIER_202009_DNE,4,April,18.1,17.3,22.0
2020-04-03T20:00:00Z,5.215,-9999,-9999,Broome,-35996.4,DAMPIER_202009_DNE,4,April,18.1,17.3,22.0
2020-04-03T21:00:00Z,5.583,-9999,-9999,Broome,-35996.4,DAMPIER_202009_DNE,4,April,18.1,17.3,22.0
2020-04-03T22:00:00Z,5.879,-9999,-9999,Broome,-35996.4,DAMPIER_202009_DNE,4,April,18.1,17.3,22.0
2020-04-03T23:00:00Z,6.026,-9999,-9999,Broome,-35996.4,DAMPIER_202009_DNE,4,April,18.1,17.3,22.0
2020-04-04T00:00:00Z,6.107,-9999,-9999,Broome,-35996.4,DAMPIER_202009_DNE,4,April,18.1,17.3,22.0
2020-04-04T01:00:00Z,6.114,-9999,-9999,Broome,-35996.4,DAMPIER_202009_DNE,4,April,18.1,17.3,22.0
2020-04-04T02:00:00Z,5.954,-9999,-9999,Broome,-35996.4,DAMPIER_202009_DNE,4,April,18.1,17.3,22.0
2020-04-04T03:00:00Z,5.633,-9999,-9999,Broome,-35996.4,DAMPIER_202009_DNE,4,April,18.1,17.3,22.0
2020-04-04T04:00:00Z,5.287,-9999,-9999,Broome,-35996.4,DAMPIER_202009_DNE,4,April,18.1,17.3,22.0
2020-04-04T05:00:00Z,5.032,-9999,-9999,Broome,-35996.4,DAMPIER_202009_DNE,4,April,18.1,17.3,22.0
2020-04-04T06:00:00Z,4.918,-9999,-9999,Broome,-35996.4,DAMPIER_202009_DNE,4,April,18.1,17.3,22.0
2020-04-04T07:00:00Z,5.024,-9999,-9999,Broome,-35996.4,DAMPIER_202009_DNE,4,April,18.1,17.3,22.0
2020-04-04T08:00:00Z,5.345,-9999,-9999,Broome,-35996.4,DAMPIER_202009_DNE,4,April,18.1,17.3,22.0
2020-04-04T09:00:00Z,5.788,-9999,-9999,Broome,-35996.4,DAMPIER_202009_DNE,4,April,18.1,17.3,22.0
2020-04-04T10:00:00Z,6.246,-9999,-9999,Broome,-35996.4,DAMPIER_202009_DNE,4,April,18.1,17.3,22.0
2020-04-04T11:00:00Z,6.601,-9999,-9999,Broome,-35996.4,DAMPIER_202009_DNE,4,April,18.1,17.3,22.0
2020-04-04T12:00:00Z,6.743,-9999,-9999,Broome,-35996.4,DAMPIER_202009_DNE,4,April,18.1,17.3,22.0
2020-04-04T13:00:00Z,6.644,-9999,-9999,Broome,-35996.4,DAMPIER_202009_DNE,4,April,18.1,17.3,22.0
2020-04-04T14:00:00Z,6.309,-9999,-9999,Broome,-35996.4,DAMPIER_202009_DNE,4,April,18.1,17.3,22.0
2020-04-04T15:00:00Z,5.776,-9999,-9999,Broome,-35996.4,DAMPIER_202009_DNE,4,April,18.1,17.3,22.0
2020-04-04T16:00:00Z,5.12,-9999,-9999,Broome,-35996.4,DAMPIER_202009_DNE,4,April,18.1,17.3,22.0
2020-04-04T17:00:00Z,4.472,-9999,-9999,Broome,-35996.4,DAMPIER_202009_DNE,4,April,18.1,17.3,22.0
2020-04-04T18:00:00Z,4.019,-9999,-9999,Broome,-35996.4,DAMPIER_202009_DNE,4,April,18.1,17.3,22.0
2020-04-04T19:00:00Z,3.885,-9999,-9999,Broome,-35996.4,DAMPIER_202009_DNE,4,April,18.1,17.3,22.0
2020-04-04T20:00:00Z,4.148,-9999,-9999,Broome,-35996.4,DAMPIER_202009_DNE,4,April,18.1,17.3,22.0
2020-04-04T21:00:00Z,4.747,-9999,-9999,Broome,-35996.4,DAMPIER_202009_DNE,4,April,18.1,17.3,22.0
2020-04-04T22:00:00Z,5.464,-9999,-9999,Broome,-35996.4,DAMPIER_202009_DNE,4,April,18.1,17.3,22.0
2020-04-04T23:00:00Z,6.172,-9999,-9999,Broome,-35996.4,DAMPIER_202009_DNE,4,April,18.1,17.3,22.0
2020-04-05T00:00:00Z,6.758,-9999,-9999,Broome,-35996.4,DAMPIER_202009_DNE,4,April,18.1,17.3,22.0
2020-04-05T01:00:00Z,7.071,-9999,-9999,Broome,-35996.4,DAMPIER_202009_DNE,4,April,18.1,17.3,22.0
2020-04-05T02:00:00Z,6.894,-9999,-9999,Broome,-35996.4,DAMPIER_202009_DNE,4,April,18.1,17.3,22.0
2020-04-05T03:00:00Z,6.344,-9999,-9999,Broome,-35996.4,DAMPIER_202009_DNE,4,April,18.1,17.3,22.0
2020-04-05T04:00:00Z,5.653,-9999,-9999,Broome,-35996.4,DAMPIER_202009_DNE,4,April,18.1,17.3,22.0
2020-04-05T05:00:00Z,4.924,-9999,-9999,Broome,-35996.4,DAMPIER_202009_DNE,4,April,18.1,17.3,22.0
2020-04-05T06:00:00Z,4.291,-9999,-9999,Broome,-35996.4,DAMPIER_202009_DNE,4,April,18.1,17.3,22.0
2020-04-05T07:00:00Z,3.925,-9999,-9999,Broome,-35996.4,DAMPIER_202009_DNE,4,April,18.1,17.3,22.0
2020-04-05T08:00:00Z,4.101,-9999,-9999,Broome,-35996.4,DAMPIER_202009_DNE,4,April,18.1,17.3,22.0
2020-04-05T09:00:00Z,4.779,-9999,-9999,Broome,-35996.4,DAMPIER_202009_DNE,4,April,18.1,17.3,22.0
2020-04-05T10:00:00Z,5.643,-9999,-9999,Broome,-35996.4,DAMPIER_202009_DNE,4,April,18.1,17.3,22.0
2020-04-05T11:00:00Z,6.505,-9999,-9999,Broome,-35996.4,DAMPIER_202009_DNE,4,April,18.1,17.3,22.0
2020-04-05T12:00:00Z,7.211,-9999,-9999,Broome,-35996.4,DAMPIER_202009_DNE,4,April,18.1,17.3,22.0
2020-04-05T13:00:00Z,7.646,-9999,-9999,Broome,-35996.4,DAMPIER_202009_DNE,4,April,18.1,17.3,22.0
2020-04-05T14:00:00Z,7.561,-9999,-9999,Broome,-35996.4,DAMPIER_202009_DNE,4,April,18.1,17.3,22.0
2020-04-05T15:00:00Z,6.864,-9999,-9999,Broome,-35996.4,DAMPIER_202009_DNE,4,April,18.1,17.3,22.0
2020-04-05T16:00:00Z,5.882,-9999,-9999,Broome,-35996.4,DAMPIER_202009_DNE,4,April,18.1,17.3,22.0
2020-04-05T17:00:00Z,4.857,-9999,-9999,Broome,-35996.4,DAMPIER_202009_DNE,4,April,18.1,17.3,22.0
2020-04-05T18:00:00Z,3.874,-9999,-9999,Broome,-35996.4,DAMPIER_202009_DNE,4,April,18.1,17.3,22.0
2020-04-05T19:00:00Z,3.104,-9999,-9999,Broome,-35996.4,DAMPIER_202009_DNE,4,April,18.1,17.3,22.0
2020-04-05T20:00:00Z,2.917,-9999,-9999,Broome,-35996.4,DAMPIER_202009_DNE,4,April,18.1,17.3,22.0
2020-04-05T21:00:00Z,3.516,-9999,-9999,Broome,-35996.4,DAMPIER_202009_DNE,4,April,18.1,17.3,22.0
2020-04-05T22:00:00Z,4.579,-9999,-9999,Broome,-35996.4,DAMPIER_202009_DNE,4,April,18.1,17.3,22.0
2020-04-05T23:00:00Z,5.783,-9999,-9999,Broome,-35996.4,DAMPIER_202009_DNE,4,April,18.1,17.3,22.0
2020-04-06T00:00:00Z,6.951,-9999,-9999,Broome,-35996.4,DAMPIER_202009_DNE,4,April,18.1,17.3,22.0
2020-04-06T01:00:00Z,7.864,-9999,-9999,Broome,-35996.4,DAMPIER_202009_DNE,4,April,18.1,17.3,22.0
2020-04-06T02:00:00Z,8.163,-9999,-9999,Broome,-35996.4,DAMPIER_202009_DNE,4,April,18.1,17.3,22.0
2020-04-06T03:00:00Z,7.579,-9999,-9999,Broome,-35996.4,DAMPIER_202009_DNE,4,April,18.1,17.3,22.0
2020-04-06T04:00:00Z,6.539,-9999,-9999,Broome,-35996.4,DAMPIER_202009_DNE,4,April,18.1,17.3,22.0
2020-04-06T05:00:00Z,5.402,-9999,-9999,Broome,-35996.4,DAMPIER_202009_DNE,4,April,18.1,17.3,22.0
2020-04-06T06:00:00Z,4.222,-9999,-9999,Broome,-35996.4,DAMPIER_202009_DNE,4,April,18.1,17.3,22.0
2020-04-06T07:00:00Z,3.254,-9999,-9999,Broome,-35996.4,DAMPIER_202009_DNE,4,April,18.1,17.3,22.0
2020-04-06T08:00:00Z,2.794,-9999,-9999,Broome,-35996.4,DAMPIER_202009_DNE,4,April,18.1,17.3,22.0
2020-04-06T09:00:00Z,3.249,-9999,-9999,Broome,-35996.4,DAMPIER_202009_DNE,4,April,18.1,17.3,22.0
2020-04-06T10:00:00Z,4.468,-9999,-9999,Broome,-35996.4,DAMPIER_202009_DNE,4,April,18.1,17.3,22.0
2020-04-06T11:00:00Z,5.871,-9999,-9999,Broome,-35996.4,DAMPIER_202009_DNE,4,April,18.1,17.3,22.0
2020-04-06T12:00:00Z,7.209,-9999,-9999,Broome,-35996.4,DAMPIER_202009_DNE,4,April,18.1,17.3,22.0
2020-04-06T13:00:00Z,8.245,-9999,-9999,Broome,-35996.4,DAMPIER_202009_DNE,4,April,18.1,17.3,22.0
2020-04-06T14:00:00Z,8.658,-9999,-9999,Broome,-35996.4,DAMPIER_202009_DNE,4,April,18.1,17.3,22.0
2020-04-06T15:00:00Z,8.202,-9999,-9999,Broome,-35996.4,DAMPIER_202009_DNE,4,April,18.1,17.3,22.0
2020-04-06T16:00:00Z,7.077,-9999,-9999,Broome,-35996.4,DAMPIER_202009_DNE,4,April,18.1,17.3,22.0
2020-04-06T17:00:00Z,5.728,-9999,-9999,Broome,-35996.4,DAMPIER_202009_DNE,4,April,18.1,17.3,22.0
2020-04-06T18:00:00Z,4.313,-9999,-9999,Broome,-35996.4,DAMPIER_202009_DNE,4,April,18.1,17.3,22.0
2020-04-06T19:00:00Z,3.022,-9999,-9999,Broome,-35996.4,DAMPIER_202009_DNE,4,April,18.1,17.3,22.0
2020-04-06T20:00:00Z,2.161,-9999,-9999,Broome,-35996.4,DAMPIER_202009_DNE,4,April,18.1,17.3,22.0
2020-04-06T21:00:00Z,2.225,-9999,-9999,Broome,-35996.4,DAMPIER_202009_DNE,4,April,18.1,17.3,22.0
2020-04-06T22:00:00Z,3.315,-9999,-9999,Broome,-35996.4,DAMPIER_202009_DNE,4,April,18.1,17.3,22.0
2020-04-06T23:00:00Z,4.893,-9999,-9999,Broome,-35996.4,DAMPIER_202009_DNE,4,April,18.1,17.3,22.0
2020-04-07T00:00:00Z,6.546,-9999,-9999,Broome,-35996.4,DAMPIER_202009_DNE,4,April,18.1,17.3,22.0
2020-04-07T01:00:00Z,8.062,-9999,-9999,Broome,-35996.4,DAMPIER_202009_DNE,4,April,18.1,17.3,22.0
2020-04-07T02:00:00Z,9.066,-9999,-9999,Broome,-35996.4,DAMPIER_202009_DNE,4,April,18.1,17.3,22.0
2020-04-07T03:00:00Z,8.909,-9999,-9999,Broome,-35996.4,DAMPIER_202009_DNE,4,April,18.1,17.3,22.0
2020-04-07T04:00:00Z,7.735,-9999,-9999,Broome,-35996.4,DAMPIER_202009_DNE,4,April,18.1,17.3,22.0
2020-04-07T05:00:00Z,6.3,-9999,-9999,Broome,-35996.4,DAMPIER_202009_DNE,4,April,18.1,17.3,22.0
2020-04-07T06:00:00Z,4.839,-9999,-9999,Broome,-35996.4,DAMPIER_202009_DNE,4,April,18.1,17.3,22.0
2020-04-07T07:00:00Z,3.339,-9999,-9999,Broome,-35996.4,DAMPIER_202009_DNE,4,April,18.1,17.3,22.0
2020-04-07T08:00:00Z,2.066,-9999,-9999,Broome,-35996.4,DAMPIER_202009_DNE,4,April,18.1,17.3,22.0
2020-04-07T09:00:00Z,1.811,-9999,-9999,Broome,-35996.4,DAMPIER_202009_DNE,4,April,18.1,17.3,22.0
2020-04-07T10:00:00Z,2.828,-9999,-9999,Broome,-35996.4,DAMPIER_202009_DNE,4,April,18.1,17.3,22.0
2020-04-07T11:00:00Z,4.492,-9999,-9999,Broome,-35996.4,DAMPIER_202009_DNE,4,April,18.1,17.3,22.0
2020-04-07T12:00:00Z,6.306,-9999,-9999,Broome,-35996.4,DAMPIER_202009_DNE,4,April,18.1,17.3,22.0
2020-04-07T13:00:00Z,8.041,-9999,-9999,Broome,-35996.4,DAMPIER_202009_DNE,4,April,18.1,17.3,22.0
2020-04-07T14:00:00Z,9.249,-9999,-9999,Broome,-35996.4,DAMPIER_202009_DNE,4,April,18.1,17.3,22.0
2020-04-07T15:00:00Z,9.357,-9999,-9999,Broome,-35996.4,DAMPIER_202009_DNE,4,April,18.1,17.3,22.0
2020-04-07T16:00:00Z,8.331,-9999,-9999,Broome,-35996.4,DAMPIER_202009_DNE,4,April,18.1,17.3,22.0
2020-04-07T17:00:00Z,6.879,-9999,-9999,Broome,-35996.4,DAMPIER_202009_DNE,4,April,18.1,17.3,22.0
2020-04-07T18:00:00Z,5.241,-9999,-9999,Broome,-35996.4,DAMPIER_202009_DNE,4,April,18.1,17.3,22.0
2020-04-07T19:00:00Z,3.521,-9999,-9999,Broome,-35996.4,DAMPIER_202009_DNE,4,April,18.1,17.3,22.0
2020-04-07T20:00:00Z,2.038,-9999,-9999,Broome,-35996.4,DAMPIER_202009_DNE,4,April,18.1,17.3,22.0
2020-04-07T21:00:00Z,1.283,-9999,-9999,Broome,-35996.4,DAMPIER_202009_DNE,4,April,18.1,17.3,22.0
2020-04-07T22:00:00Z,1.966,-9999,-9999,Broome,-35996.4,DAMPIER_202009_DNE,4,April,18.1,17.3,22.0
2020-04-07T23:00:00Z,3.64,-9999,-9999,Broome,-35996.4,DAMPIER_202009_DNE,4,April,18.1,17.3,22.0
2020-04-08T00:00:00Z,5.586,-9999,-9999,Broome,-35996.4,DAMPIER_202009_DNE,4,April,18.1,17.3,22.0
2020-04-08T01:00:00Z,7.619,-9999,-9999,Broome,-35996.4,DAMPIER_202009_DNE,4,April,18.1,17.3,22.0
2020-04-08T02:00:00Z,9.271,-9999,-9999,Broome,-35996.4,DAMPIER_202009_DNE,4,April,18.1,17.3,22.0
2020-04-08T03:00:00Z,9.858,-9999,-9999,Broome,-35996.4,DAMPIER_202009_DNE,4,April,18.1,17.3,22.0
2020-04-08T04:00:00Z,9.116,-9999,-9999,Broome,-35996.4,DAMPIER_202009_DNE,4,April,18.1,17.3,22.0
2020-04-08T05:00:00Z,7.546,-9999,-9999,Broome,-35996.4,DAMPIER_202009_DNE,4,April,18.1,17.3,22.0
2020-04-08T06:00:00Z,5.803,-9999,-9999,Broome,-35996.4,DAMPIER_202009_DNE,4,April,18.1,17.3,22.0
2020-04-08T07:00:00Z,3.987,-9999,-9999,Broome,-35996.4,DAMPIER_202009_DNE,4,April,18.1,17.3,22.0
2020-04-08T08:00:00Z,2.282,-9999,-9999,Broome,-35996.4,DAMPIER_202009_DNE,4,April,18.1,17.3,22.0
2020-04-08T09:00:00Z,1.094,-9999,-9999,Broome,-35996.4,DAMPIER_202009_DNE,4,April,18.1,17.3,22.0
2020-04-08T10:00:00Z,1.336,-9999,-9999,Broome,-35996.4,DAMPIER_202009_DNE,4,April,18.1,17.3,22.0
2020-04-08T11:00:00Z,2.957,-9999,-9999,Broome,-35996.4,DAMPIER_202009_DNE,4,April,18.1,17.3,22.0
2020-04-08T12:00:00Z,4.973,-9999,-9999,Broome,-35996.4,DAMPIER_202009_DNE,4,April,18.1,17.3,22.0
2020-04-08T13:00:00Z,7.118,-9999,-9999,Broome,-35996.4,DAMPIER_202009_DNE,4,April,18.1,17.3,22.0
2020-04-08T14:00:00Z,9.034,-9999,-9999,Broome,-35996.4,DAMPIER_202009_DNE,4,April,18.1,17.3,22.0
2020-04-08T15:00:00Z,9.969,-9999,-9999,Broome,-35996.4,DAMPIER_202009_DNE,4,April,18.1,17.3,22.0
2020-04-08T16:00:00Z,9.528,-9999,-9999,Broome,-35996.4,DAMPIER_202009_DNE,4,April,18.1,17.3,22.0
2020-04-08T17:00:00Z,8.068,-9999,-9999,Broome,-35996.4,DAMPIER_202009_DNE,4,April,18.1,17.3,22.0
2020-04-08T18:00:00Z,6.319,-9999,-9999,Broome,-35996.4,DAMPIER_202009_DNE,4,April,18.1,17.3,22.0
2020-04-08T19:00:00Z,4.455,-9999,-9999,Broome,-35996.4,DAMPIER_202009_DNE,4,April,18.1,17.3,22.0
2020-04-08T20:00:00Z,2.641,-9999,-9999,Broome,-35996.4,DAMPIER_202009_DNE,4,April,18.1,17.3,22.0
2020-04-08T21:00:00Z,1.202,-9999,-9999,Broome,-35996.4,DAMPIER_202009_DNE,4,April,18.1,17.3,22.0
2020-04-08T22:00:00Z,0.954,-9999,-9999,Broome,-35996.4,DAMPIER_202009_DNE,4,April,18.1,17.3,22.0
2020-04-08T23:00:00Z,2.348,-9999,-9999,Broome,-35996.4,DAMPIER_202009_DNE,4,April,18.1,17.3,22.0
2020-04-09T00:00:00Z,4.427,-9999,-9999,Broome,-35996.4,DAMPIER_202009_DNE,4,April,18.1,17.3,22.0
2020-04-09T01:00:00Z,6.664,-9999,-9999,Broome,-35996.4,DAMPIER_202009_DNE,4,April,18.1,17.3,22.0
2020-04-09T02:00:00Z,8.868,-9999,-9999,Broome,-35996.4,DAMPIER_202009_DNE,4,April,18.1,17.3,22.0
2020-04-09T03:00:00Z,10.237,-9999,-9999,Broome,-35996.4,DAMPIER_202009_DNE,4,April,18.1,17.3,22.0
2020-04-09T04:00:00Z,10.118,-9999,-9999,Broome,-35996.4,DAMPIER_202009_DNE,4,April,18.1,17.3,22.0
2020-04-09T05:00:00Z,8.784,-9999,-9999,Broome,-35996.4,DAMPIER_202009_DNE,4,April,18.1,17.3,22.0
2020-04-09T06:00:00Z,6.969,-9999,-9999,Broome,-35996.4,DAMPIER_202009_DNE,4,April,18.1,17.3,22.0
2020-04-09T07:00:00Z,5.008,-9999,-9999,Broome,-35996.4,DAMPIER_202009_DNE,4,April,18.1,17.3,22.0
2020-04-09T08:00:00Z,3.016,-9999,-9999,Broome,-35996.4,DAMPIER_202009_DNE,4,April,18.1,17.3,22.0
2020-04-09T09:00:00Z,1.269,-9999,-9999,Broome,-35996.4,DAMPIER_202009_DNE,4,April,18.1,17.3,22.0
2020-04-09T10:00:00Z,0.469,-9999,-9999,Broome,-35996.4,DAMPIER_202009_DNE,4,April,18.1,17.3,22.0
2020-04-09T11:00:00Z,1.405,-9999,-9999,Broome,-35996.4,DAMPIER_202009_DNE,4,April,18.1,17.3,22.0
2020-04-09T12:00:00Z,3.407,-9999,-9999,Broome,-35996.4,DAMPIER_202009_DNE,4,April,18.1,17.3,22.0
2020-04-09T13:00:00Z,5.676,-9999,-9999,Broome,-35996.4,DAMPIER_202009_DNE,4,April,18.1,17.3,22.0
2020-04-09T14:00:00Z,7.965,-9999,-9999,Broome,-35996.4,DAMPIER_202009_DNE,4,April,18.1,17.3,22.0
2020-04-09T15:00:00Z,9.693,-9999,-9999,Broome,-35996.4,DAMPIER_202009_DNE,4,April,18.1,17.3,22.0
2020-04-09T16:00:00Z,10.105,-9999,-9999,Broome,-35996.4,DAMPIER_202009_DNE,4,April,18.1,17.3,22.0
2020-04-09T17:00:00Z,9.071,-9999,-9999,Broome,-35996.4,DAMPIER_202009_DNE,4,April,18.1,17.3,22.0
2020-04-09T18:00:00Z,7.355,-9999,-9999,Broome,-35996.4,DAMPIER_202009_DNE,4,April,18.1,17.3,22.0
2020-04-09T19:00:00Z,5.499,-9999,-9999,Broome,-35996.4,DAMPIER_202009_DNE,4,April,18.1,17.3,22.0
2020-04-09T20:00:00Z,3.56,-9999,-9999,Broome,-35996.4,DAMPIER_202009_DNE,4,April,18.1,17.3,22.0
2020-04-09T21:00:00Z,1.789,-9999,-9999,Broome,-35996.4,DAMPIER_202009_DNE,4,April,18.1,17.3,22.0
2020-04-09T22:00:00Z,0.655,-9999,-9999,Broome,-35996.4,DAMPIER_202009_DNE,4,April,18.1,17.3,22.0
2020-04-09T23:00:00Z,1.165,-9999,-9999,Broome,-35996.4,DAMPIER_202009_DNE,4,April,18.1,17.3,22.0
2020-04-10T00:00:00Z,3.057,-9999,-9999,Broome,-35996.4,DAMPIER_202009_DNE,4,April,18.1,17.3,22.0
2020-04-10T01:00:00Z,5.332,-9999,-9999,Broome,-35996.4,DAMPIER_202009_DNE,4,April,18.1,17.3,22.0
2020-04-10T02:00:00Z,7.734,-9999,-9999,Broome,-35996.4,DAMPIER_202009_DNE,4,April,18.1,17.3,22.0
2020-04-10T03:00:00Z,9.744,-9999,-9999,Broome,-35996.4,DAMPIER_202009_DNE,4,April,18.1,17.3,22.0
2020-04-10T04:00:00Z,10.493,-9999,-9999,Broome,-35996.4,DAMPIER_202009_DNE,4,April,18.1,17.3,22.0
2020-04-10T05:00:00Z,9.739,-9999,-9999,Broome,-35996.4,DAMPIER_202009_DNE,4,April,18.1,17.3,22.0
2020-04-10T06:00:00Z,8.047,-9999,-9999,Broome,-35996.4,DAMPIER_202009_DNE,4,April,18.1,17.3,22.0
2020-04-10T07:00:00Z,6.116,-9999,-9999,Broome,-35996.4,DAMPIER_202009_DNE,4,April,18.1,17.3,22.0
2020-04-10T08:00:00Z,4.085,-9999,-9999,Broome,-35996.4,DAMPIER_202009_DNE,4,April,18.1,17.3,22.0
2020-04-10T09:00:00Z,2.138,-9999,-9999,Broome,-35996.4,DAMPIER_202009_DNE,4,April,18.1,17.3,22.0
2020-04-10T10:00:00Z,0.601,-9999,-9999,Broome,-35996.4,DAMPIER_202009_DNE,4,April,18.1,17.3,22.0
2020-04-10T11:00:00Z,0.461,-9999,-9999,Broome,-35996.4,DAMPIER_202009_DNE,4,April,18.1,17.3,22.0
2020-04-10T12:00:00Z,2.024,-9999,-9999,Broome,-35996.4,DAMPIER_202009_DNE,4,April,18.1,17.3,22.0
2020-04-10T13:00:00Z,4.218,-9999,-9999,Broome,-35996.4,DAMPIER_202009_DNE,4,April,18.1,17.3,22.0
2020-04-10T14:00:00Z,6.529,-9999,-9999,Broome,-35996.4,DAMPIER_202009_DNE,4,April,18.1,17.3,22.0
2020-04-10T15:00:00Z,8.685,-9999,-9999,Broome,-35996.4,DAMPIER_202009_DNE,4,April,18.1,17.3,22.0
2020-04-10T16:00:00Z,9.93,-9999,-9999,Broome,-35996.4,DAMPIER_202009_DNE,4,April,18.1,17.3,22.0
2020-04-10T17:00:00Z,9.686,-9999,-9999,Broome,-35996.4,DAMPIER_202009_DNE,4,April,18.1,17.3,22.0
2020-04-10T18:00:00Z,8.251,-9999,-9999,Broome,-35996.4,DAMPIER_202009_DNE,4,April,18.1,17.3,22.0
2020-04-10T19:00:00Z,6.487,-9999,-9999,Broome,-35996.4,DAMPIER_202009_DNE,4,April,18.1,17.3,22.0
2020-04-10T20:00:00Z,4.63,-9999,-9999,Broome,-35996.4,DAMPIER_202009_DNE,4,April,18.1,17.3,22.0
2020-04-10T21:00:00Z,2.798,-9999,-9999,Broome,-35996.4,DAMPIER_202009_DNE,4,April,18.1,17.3,22.0
2020-04-10T22:00:00Z,1.274,-9999,-9999,Broome,-35996.4,DAMPIER_202009_DNE,4,April,18.1,17.3,22.0
2020-04-10T23:00:00Z,0.823,-9999,-9999,Broome,-35996.4,DAMPIER_202009_DNE,4,April,18.1,17.3,22.0
2020-04-11T00:00:00Z,2.119,-9999,-9999,Broome,-35996.4,DAMPIER_202009_DNE,4,April,18.1,17.3,22.0
2020-04-11T01:00:00Z,4.256,-9999,-9999,Broome,-35996.4,DAMPIER_202009_DNE,4,April,18.1,17.3,22.0
2020-04-11T02:00:00Z,6.564,-9999,-9999,Broome,-35996.4,DAMPIER_202009_DNE,4,April,18.1,17.3,22.0
2020-04-11T03:00:00Z,8.83,-9999,-9999,Broome,-35996.4,DAMPIER_202009_DNE,4,April,18.1,17.3,22.0
2020-04-11T04:00:00Z,10.257,-9999,-9999,Broome,-35996.4,DAMPIER_202009_DNE,4,April,18.1,17.3,22.0
2020-04-11T05:00:00Z,10.228,-9999,-9999,Broome,-35996.4,DAMPIER_202009_DNE,4,April,18.1,17.3,22.0
2020-04-11T06:00:00Z,8.956,-9999,-9999,Broome,-35996.4,DAMPIER_202009_DNE,4,April,18.1,17.3,22.0
2020-04-11T07:00:00Z,7.177,-9999,-9999,Broome,-35996.4,DAMPIER_202009_DNE,4,April,18.1,17.3,22.0
2020-04-11T08:00:00Z,5.297,-9999,-9999,Broome,-35996.4,DAMPIER_202009_DNE,4,April,18.1,17.3,22.0
2020-04-11T09:00:00Z,3.337,-9999,-9999,Broome,-35996.4,DAMPIER_202009_DNE,4,April,18.1,17.3,22.0
2020-04-11T10:00:00Z,1.57,-9999,-9999,Broome,-35996.4,DAMPIER_202009_DNE,4,April,18.1,17.3,22.0
2020-04-11T11:00:00Z,0.567,-9999,-9999,Broome,-35996.4,DAMPIER_202009_DNE,4,April,18.1,17.3,22.0
2020-04-11T12:00:00Z,1.259,-9999,-9999,Broome,-35996.4,DAMPIER_202009_DNE,4,April,18.1,17.3,22.0
2020-04-11T13:00:00Z,3.109,-9999,-9999,Broome,-35996.4,DAMPIER_202009_DNE,4,April,18.1,17.3,22.0
2020-04-11T14:00:00Z,5.201,-9999,-9999,Broome,-35996.4,DAMPIER_202009_DNE,4,April,18.1,17.3,22.0
2020-04-11T15:00:00Z,7.315,-9999,-9999,Broome,-35996.4,DAMPIER_202009_DNE,4,April,18.1,17.3,22.0
2020-04-11T16:00:00Z,9.101,-9999,-9999,Broome,-35996.4,DAMPIER_202009_DNE,4,April,18.1,17.3,22.0
2020-04-11T17:00:00Z,9.739,-9999,-9999,Broome,-35996.4,DAMPIER_202009_DNE,4,April,18.1,17.3,22.0
2020-04-11T18:00:00Z,8.917,-9999,-9999,Broome,-35996.4,DAMPIER_202009_DNE,4,April,18.1,17.3,22.0
2020-04-11T19:00:00Z,7.373,-9999,-9999,Broome,-35996.4,DAMPIER_202009_DNE,4,April,18.1,17.3,22.0
2020-04-11T20:00:00Z,5.718,-9999,-9999,Broome,-35996.4,DAMPIER_202009_DNE,4,April,18.1,17.3,22.0
2020-04-11T21:00:00Z,3.983,-9999,-9999,Broome,-35996.4,DAMPIER_202009_DNE,4,April,18.1,17.3,22.0
2020-04-11T22:00:00Z,2.38,-9999,-9999,Broome,-35996.4,DAMPIER_202009_DNE,4,April,18.1,17.3,22.0
2020-04-11T23:00:00Z,1.34,-9999,-9999,Broome,-35996.4,DAMPIER_202009_DNE,4,April,18.1,17.3,22.0
2020-04-12T00:00:00Z,1.701,-9999,-9999,Broome,-35996.4,DAMPIER_202009_DNE,4,April,18.1,17.3,22.0
2020-04-12T01:00:00Z,3.397,-9999,-9999,Broome,-35996.4,DAMPIER_202009_DNE,4,April,18.1,17.3,22.0
2020-04-12T02:00:00Z,5.491,-9999,-9999,Broome,-35996.4,DAMPIER_202009_DNE,4,April,18.1,17.3,22.0
2020-04-12T03:00:00Z,7.621,-9999,-9999,Broome,-35996.4,DAMPIER_202009_DNE,4,April,18.1,17.3,22.0
2020-04-12T04:00:00Z,9.367,-9999,-9999,Broome,-35996.4,DAMPIER_202009_DNE,4,April,18.1,17.3,22.0
2020-04-12T05:00:00Z,10.1,-9999,-9999,Broome,-35996.4,DAMPIER_202009_DNE,4,April,18.1,17.3,22.0
2020-04-12T06:00:00Z,9.511,-9999,-9999,Broome,-35996.4,DAMPIER_202009_DNE,4,April,18.1,17.3,22.0
2020-04-12T07:00:00Z,8.014,-9999,-9999,Broome,-35996.4,DAMPIER_202009_DNE,4,April,18.1,17.3,22.0
2020-04-12T08:00:00Z,6.296,-9999,-9999,Broome,-35996.4,DAMPIER_202009_DNE,4,April,18.1,17.3,22.0
2020-04-12T09:00:00Z,4.526,-9999,-9999,Broome,-35996.4,DAMPIER_202009_DNE,4,April,18.1,17.3,22.0
2020-04-12T10:00:00Z,2.82,-9999,-9999,Broome,-35996.4,DAMPIER_202009_DNE,4,April,18.1,17.3,22.0
2020-04-12T11:00:00Z,1.461,-9999,-9999,Broome,-35996.4,DAMPIER_202009_DNE,4,April,18.1,17.3,22.0
2020-04-12T12:00:00Z,1.214,-9999,-9999,Broome,-35996.4,DAMPIER_202009_DNE,4,April,18.1,17.3,22.0
2020-04-12T13:00:00Z,2.454,-9999,-9999,Broome,-35996.4,DAMPIER_202009_DNE,4,April,18.1,17.3,22.0
2020-04-12T14:00:00Z,4.25,-9999,-9999,Broome,-35996.4,DAMPIER_202009_DNE,4,April,18.1,17.3,22.0
2020-04-12T15:00:00Z,6.106,-9999,-9999,Broome,-35996.4,DAMPIER_202009_DNE,4,April,18.1,17.3,22.0
2020-04-12T16:00:00Z,7.843,-9999,-9999,Broome,-35996.4,DAMPIER_202009_DNE,4,April,18.1,17.3,22.0
2020-04-12T17:00:00Z,8.997,-9999,-9999,Broome,-35996.4,DAMPIER_202009_DNE,4,April,18.1,17.3,22.0
2020-04-12T18:00:00Z,9.023,-9999,-9999,Broome,-35996.4,DAMPIER_202009_DNE,4,April,18.1,17.3,22.0
2020-04-12T19:00:00Z,7.974,-9999,-9999,Broome,-35996.4,DAMPIER_202009_DNE,4,April,18.1,17.3,22.0
2020-04-12T20:00:00Z,6.517,-9999,-9999,Broome,-35996.4,DAMPIER_202009_DNE,4,April,18.1,17.3,22.0
2020-04-12T21:00:00Z,4.962,-9999,-9999,Broome,-35996.4,DAMPIER_202009_DNE,4,April,18.1,17.3,22.0
2020-04-12T22:00:00Z,3.463,-9999,-9999,Broome,-35996.4,DAMPIER_202009_DNE,4,April,18.1,17.3,22.0
2020-04-12T23:00:00Z,2.338,-9999,-9999,Broome,-35996.4,DAMPIER_202009_DNE,4,April,18.1,17.3,22.0
2020-04-13T00:00:00Z,2.004,-9999,-9999,Broome,-35996.4,DAMPIER_202009_DNE,4,April,18.1,17.3,22.0
2020-04-13T01:00:00Z,2.999,-9999,-9999,Broome,-35996.4,DAMPIER_202009_DNE,4,April,18.1,17.3,22.0
2020-04-13T02:00:00Z,4.695,-9999,-9999,Broome,-35996.4,DAMPIER_202009_DNE,4,April,18.1,17.3,22.0
2020-04-13T03:00:00Z,6.472,-9999,-9999,Broome,-35996.4,DAMPIER_202009_DNE,4,April,18.1,17.3,22.0
2020-04-13T04:00:00Z,8.055,-9999,-9999,Broome,-35996.4,DAMPIER_202009_DNE,4,April,18.1,17.3,22.0
2020-04-13T05:00:00Z,9.149,-9999,-9999,Broome,-35996.4,DAMPIER_202009_DNE,4,April,18.1,17.3,22.0
2020-04-13T06:00:00Z,9.335,-9999,-9999,Broome,-35996.4,DAMPIER_202009_DNE,4,April,18.1,17.3,22.0
2020-04-13T07:00:00Z,8.398,-9999,-9999,Broome,-35996.4,DAMPIER_202009_DNE,4,April,18.1,17.3,22.0
2020-04-13T08:00:00Z,6.993,-9999,-9999,Broome,-35996.4,DAMPIER_202009_DNE,4,April,18.1,17.3,22.0
2020-04-13T09:00:00Z,5.527,-9999,-9999,Broome,-35996.4,DAMPIER_202009_DNE,4,April,18.1,17.3,22.0
2020-04-13T10:00:00Z,4.03,-9999,-9999,Broome,-35996.4,DAMPIER_202009_DNE,4,April,18.1,17.3,22.0
2020-04-13T11:00:00Z,2.705,-9999,-9999,Broome,-35996.4,DAMPIER_202009_DNE,4,April,18.1,17.3,22.0
2020-04-13T12:00:00Z,1.964,-9999,-9999,Broome,-35996.4,DAMPIER_202009_DNE,4,April,18.1,17.3,22.0
2020-04-13T13:00:00Z,2.418,-9999,-9999,Broome,-35996.4,DAMPIER_202009_DNE,4,April,18.1,17.3,22.0
2020-04-13T14:00:00Z,3.722,-9999,-9999,Broome,-35996.4,DAMPIER_202009_DNE,4,April,18.1,17.3,22.0
2020-04-13T15:00:00Z,5.181,-9999,-9999,Broome,-35996.4,DAMPIER_202009_DNE,4,April,18.1,17.3,22.0
2020-04-13T16:00:00Z,6.604,-9999,-9999,Broome,-35996.4,DAMPIER_202009_DNE,4,April,18.1,17.3,22.0
2020-04-13T17:00:00Z,7.855,-9999,-9999,Broome,-35996.4,DAMPIER_202009_DNE,4,April,18.1,17.3,22.0
2020-04-13T18:00:00Z,8.498,-9999,-9999,Broome,-35996.4,DAMPIER_202009_DNE,4,April,18.1,17.3,22.0
2020-04-13T19:00:00Z,8.029,-9999,-9999,Broome,-35996.4,DAMPIER_202009_DNE,4,April,18.1,17.3,22.0
2020-04-13T20:00:00Z,6.866,-9999,-9999,Broome,-35996.4,DAMPIER_202009_DNE,4,April,18.1,17.3,22.0
2020-04-13T21:00:00Z,5.696,-9999,-9999,Broome,-35996.4,DAMPIER_202009_DNE,4,April,18.1,17.3,22.0
2020-04-13T22:00:00Z,4.525,-9999,-9999,Broome,-35996.4,DAMPIER_202009_DNE,4,April,18.1,17.3,22.0
2020-04-13T23:00:00Z,3.48,-9999,-9999,Broome,-35996.4,DAMPIER_202009_DNE,4,April,18.1,17.3,22.0
2020-04-14T00:00:00Z,2.912,-9999,-9999,Broome,-35996.4,DAMPIER_202009_DNE,4,April,18.1,17.3,22.0
2020-04-14T01:00:00Z,3.206,-9999,-9999,Broome,-35996.4,DAMPIER_202009_DNE,4,April,18.1,17.3,22.0
2020-04-14T02:00:00Z,4.285,-9999,-9999,Broome,-35996.4,DAMPIER_202009_DNE,4,April,18.1,17.3,22.0
2020-04-14T03:00:00Z,5.623,-9999,-9999,Broome,-35996.4,DAMPIER_202009_DNE,4,April,18.1,17.3,22.0
2020-04-14T04:00:00Z,6.957,-9999,-9999,Broome,-35996.4,DAMPIER_202009_DNE,4,April,18.1,17.3,22.0
2020-04-14T05:00:00Z,8.038,-9999,-9999,Broome,-35996.4,DAMPIER_202009_DNE,4,April,18.1,17.3,22.0
2020-04-14T06:00:00Z,8.568,-9999,-9999,Broome,-35996.4,DAMPIER_202009_DNE,4,April,18.1,17.3,22.0
2020-04-14T07:00:00Z,8.278,-9999,-9999,Broome,-35996.4,DAMPIER_202009_DNE,4,April,18.1,17.3,22.0
2020-04-14T08:00:00Z,7.304,-9999,-9999,Broome,-35996.4,DAMPIER_202009_DNE,4,April,18.1,17.3,22.0
2020-04-14T09:00:00Z,6.155,-9999,-9999,Broome,-35996.4,DAMPIER_202009_DNE,4,April,18.1,17.3,22.0
2020-04-14T10:00:00Z,5.01,-9999,-9999,Broome,-35996.4,DAMPIER_202009_DNE,4,April,18.1,17.3,22.0
2020-04-14T11:00:00Z,3.911,-9999,-9999,Broome,-35996.4,DAMPIER_202009_DNE,4,April,18.1,17.3,22.0
2020-04-14T12:00:00Z,3.089,-9999,-9999,Broome,-35996.4,DAMPIER_202009_DNE,4,April,18.1,17.3,22.0
2020-04-14T13:00:00Z,2.975,-9999,-9999,Broome,-35996.4,DAMPIER_202009_DNE,4,April,18.1,17.3,22.0
2020-04-14T14:00:00Z,3.657,-9999,-9999,Broome,-35996.4,DAMPIER_202009_DNE,4,April,18.1,17.3,22.0
2020-04-14T15:00:00Z,4.655,-9999,-9999,Broome,-35996.4,DAMPIER_202009_DNE,4,April,18.1,17.3,22.0
2020-04-14T16:00:00Z,5.684,-9999,-9999,Broome,-35996.4,DAMPIER_202009_DNE,4,April,18.1,17.3,22.0
2020-04-14T17:00:00Z,6.668,-9999,-9999,Broome,-35996.4,DAMPIER_202009_DNE,4,April,18.1,17.3,22.0
2020-04-14T18:00:00Z,7.381,-9999,-9999,Broome,-35996.4,DAMPIER_202009_DNE,4,April,18.1,17.3,22.0
2020-04-14T19:00:00Z,7.512,-9999,-9999,Broome,-35996.4,DAMPIER_202009_DNE,4,April,18.1,17.3,22.0
2020-04-14T20:00:00Z,6.947,-9999,-9999,Broome,-35996.4,DAMPIER_202009_DNE,4,April,18.1,17.3,22.0
2020-04-14T21:00:00Z,6.089,-9999,-9999,Broome,-35996.4,DAMPIER_202009_DNE,4,April,18.1,17.3,22.0
2020-04-14T22:00:00Z,5.213,-9999,-9999,Broome,-35996.4,DAMPIER_202009_DNE,4,April,18.1,17.3,22.0
2020-04-14T23:00:00Z,4.43,-9999,-9999,Broome,-35996.4,DAMPIER_202009_DNE,4,April,18.1,17.3,22.0
2020-04-15T00:00:00Z,3.893,-9999,-9999,Broome,-35996.4,DAMPIER_202009_DNE,4,April,18.1,17.3,22.0
2020-04-15T01:00:00Z,3.843,-9999,-9999,Broome,-35996.4,DAMPIER_202009_DNE,4,April,18.1,17.3,22.0
2020-04-15T02:00:00Z,4.382,29.9,1.7,Broome,6.12,DAMPIER_202009_DNE,4,April,18.1,17.3,22.0
2020-04-15T03:00:00Z,5.202,29.9,2.6,Broome,9.360000000000001,DAMPIER_202009_DNE,4,April,18.1,17.3,22.0
2020-04-15T04:00:00Z,6.046,30,4.9,Broome,17.64,DAMPIER_202009_DNE,4,April,18.1,17.3,22.0
2020-04-15T05:00:00Z,6.793,30,5.9,Broome,21.240000000000002,DAMPIER_202009_DNE,4,April,18.1,17.3,22.0
2020-04-15T06:00:00Z,7.344,30,6,Broome,21.6,DAMPIER_202009_DNE,4,April,18.1,17.3,22.0
2020-04-15T07:00:00Z,7.524,30,6.5,Broome,23.400000000000002,DAMPIER_202009_DNE,4,April,18.1,17.3,22.0
2020-04-15T08:00:00Z,7.179,30.1,6.2,Broome,22.32,DAMPIER_202009_DNE,4,April,18.1,17.3,22.0
2020-04-15T09:00:00Z,6.481,30.1,6.4,Broome,23.040000000000003,DAMPIER_202009_DNE,4,April,18.1,17.3,22.0
2020-04-15T10:00:00Z,5.696,30.2,5.8,Broome,20.88,DAMPIER_202009_DNE,4,April,18.1,17.3,22.0
2020-04-15T11:00:00Z,4.926,30.3,4.9,Broome,17.64,DAMPIER_202009_DNE,4,April,18.1,17.3,22.0
2020-04-15T12:00:00Z,4.282,30.3,4.3,Broome,15.48,DAMPIER_202009_DNE,4,April,18.1,17.3,22.0
2020-04-15T13:00:00Z,3.949,30.2,3.6,Broome,12.96,DAMPIER_202009_DNE,4,April,18.1,17.3,22.0
2020-04-15T14:00:00Z,4.047,30.1,2.2,Broome,7.920000000000001,DAMPIER_202009_DNE,4,April,18.1,17.3,22.0
2020-04-15T15:00:00Z,4.454,30.1,2,Broome,7.2,DAMPIER_202009_DNE,4,April,18.1,17.3,22.0
2020-04-15T16:00:00Z,5.023,-9999,2.9,Broome,10.44,DAMPIER_202009_DNE,4,April,18.1,17.3,22.0
2020-04-15T17:00:00Z,5.662,-9999,2,Broome,7.2,DAMPIER_202009_DNE,4,April,18.1,17.3,22.0
2020-04-15T18:00:00Z,6.211,-9999,2.5,Broome,9,DAMPIER_202009_DNE,4,April,18.1,17.3,22.0
2020-04-15T19:00:00Z,6.535,-9999,2.4,Broome,8.64,DAMPIER_202009_DNE,4,April,18.1,17.3,22.0
2020-04-15T20:00:00Z,6.552,-9999,3.4,Broome,12.24,DAMPIER_202009_DNE,4,April,18.1,17.3,22.0
2020-04-15T21:00:00Z,6.24,-9999,2.3,Broome,8.28,DAMPIER_202009_DNE,4,April,18.1,17.3,22.0
2020-04-15T22:00:00Z,5.714,-9999,1.7,Broome,6.12,DAMPIER_202009_DNE,4,April,18.1,17.3,22.0
2020-04-15T23:00:00Z,5.235,-9999,2.8,Broome,10.08,DAMPIER_202009_DNE,4,April,18.1,17.3,22.0
2020-04-16T00:00:00Z,4.907,-9999,4.2,Broome,15.120000000000001,DAMPIER_202009_DNE,4,April,18.1,17.3,22.0
2020-04-16T01:00:00Z,4.739,-9999,2.7,Broome,9.72,DAMPIER_202009_DNE,4,April,18.1,17.3,22.0
2020-04-16T02:00:00Z,4.788,-9999,2.3,Broome,8.28,DAMPIER_202009_DNE,4,April,18.1,17.3,22.0
2020-04-16T03:00:00Z,5.047,-9999,3.3,Broome,11.879999999999999,DAMPIER_202009_DNE,4,April,18.1,17.3,22.0
2020-04-16T04:00:00Z,5.434,-9999,5.2,Broome,18.720000000000002,DAMPIER_202009_DNE,4,April,18.1,17.3,22.0
2020-04-16T05:00:00Z,5.849,-9999,5.9,Broome,21.240000000000002,DAMPIER_202009_DNE,4,April,18.1,17.3,22.0
2020-04-16T06:00:00Z,6.247,-9999,5.9,Broome,21.240000000000002,DAMPIER_202009_DNE,4,April,18.1,17.3,22.0
2020-04-16T07:00:00Z,6.5,-9999,5.8,Broome,20.88,DAMPIER_202009_DNE,4,April,18.1,17.3,22.0
2020-04-16T08:00:00Z,6.561,-9999,6.1,Broome,21.96,DAMPIER_202009_DNE,4,April,18.1,17.3,22.0
2020-04-16T09:00:00Z,6.473,-9999,5.6,Broome,20.16,DAMPIER_202009_DNE,4,April,18.1,17.3,22.0
2020-04-16T10:00:00Z,6.18,-9999,6,Broome,21.6,DAMPIER_202009_DNE,4,April,18.1,17.3,22.0
2020-04-16T11:00:00Z,5.741,-9999,5.4,Broome,19.44,DAMPIER_202009_DNE,4,April,18.1,17.3,22.0
2020-04-16T12:00:00Z,5.355,-9999,4.5,Broome,16.2,DAMPIER_202009_DNE,4,April,18.1,17.3,22.0
2020-04-16T13:00:00Z,5.089,-9999,3.4,Broome,12.24,DAMPIER_202009_DNE,4,April,18.1,17.3,22.0
2020-04-16T14:00:00Z,4.863,-9999,1.4,Broome,5.04,DAMPIER_202009_DNE,4,April,18.1,17.3,22.0
2020-04-16T15:00:00Z,4.702,-9999,1.8,Broome,6.48,DAMPIER_202009_DNE,4,April,18.1,17.3,22.0
2020-04-16T16:00:00Z,4.744,-9999,0.8,Broome,2.8800000000000003,DAMPIER_202009_DNE,4,April,18.1,17.3,22.0
2020-04-16T17:00:00Z,4.969,-9999,0.8,Broome,2.8800000000000003,DAMPIER_202009_DNE,4,April,18.1,17.3,22.0
2020-04-16T18:00:00Z,5.244,-9999,2.8,Broome,10.08,DAMPIER_202009_DNE,4,April,18.1,17.3,22.0
2020-04-16T19:00:00Z,5.551,-9999,1.9,Broome,6.84,DAMPIER_202009_DNE,4,April,18.1,17.3,22.0
2020-04-16T20:00:00Z,5.864,-9999,3,Broome,10.8,DAMPIER_202009_DNE,4,April,18.1,17.3,22.0
2020-04-16T21:00:00Z,6.081,-9999,3.2,Broome,11.520000000000001,DAMPIER_202009_DNE,4,April,18.1,17.3,22.0
2020-04-16T22:00:00Z,6.112,-9999,3.2,Broome,11.520000000000001,DAMPIER_202009_DNE,4,April,18.1,17.3,22.0
2020-04-16T23:00:00Z,6.002,-9999,2.6,Broome,9.360000000000001,DAMPIER_202009_DNE,4,April,18.1,17.3,22.0
2020-04-17T00:00:00Z,5.824,-9999,2.9,Broome,10.44,DAMPIER_202009_DNE,4,April,18.1,17.3,22.0
2020-04-17T01:00:00Z,5.649,-9999,4.8,Broome,17.28,DAMPIER_202009_DNE,4,April,18.1,17.3,22.0
2020-04-17T02:00:00Z,5.531,-9999,5.3,Broome,19.08,DAMPIER_202009_DNE,4,April,18.1,17.3,22.0
2020-04-17T03:00:00Z,5.38,-9999,3.5,Broome,12.6,DAMPIER_202009_DNE,4,April,18.1,17.3,22.0
2020-04-17T04:00:00Z,5.253,-9999,3.8,Broome,13.68,DAMPIER_202009_DNE,4,April,18.1,17.3,22.0
2020-04-17T05:00:00Z,5.254,-9999,4.6,Broome,16.56,DAMPIER_202009_DNE,4,April,18.1,17.3,22.0
2020-04-17T06:00:00Z,5.404,-9999,6.7,Broome,24.12,DAMPIER_202009_DNE,4,April,18.1,17.3,22.0
2020-04-17T07:00:00Z,5.594,-9999,8.2,Broome,29.52,DAMPIER_202009_DNE,4,April,18.1,17.3,22.0
2020-04-17T08:00:00Z,5.778,-9999,8,Broome,28.8,DAMPIER_202009_DNE,4,April,18.1,17.3,22.0
2020-04-17T09:00:00Z,6.053,-9999,6.9,Broome,24.840000000000003,DAMPIER_202009_DNE,4,April,18.1,17.3,22.0
2020-04-17T10:00:00Z,6.317,-9999,5.1,Broome,18.36,DAMPIER_202009_DNE,4,April,18.1,17.3,22.0
2020-04-17T11:00:00Z,6.382,-9999,4.5,Broome,16.2,DAMPIER_202009_DNE,4,April,18.1,17.3,22.0
2020-04-17T12:00:00Z,6.27,-9999,3,Broome,10.8,DAMPIER_202009_DNE,4,April,18.1,17.3,22.0
2020-04-17T13:00:00Z,6.084,-9999,2.5,Broome,9,DAMPIER_202009_DNE,4,April,18.1,17.3,22.0
2020-04-17T14:00:00Z,5.813,-9999,3.2,Broome,11.520000000000001,DAMPIER_202009_DNE,4,April,18.1,17.3,22.0
2020-04-17T15:00:00Z,5.412,-9999,3.9,Broome,14.04,DAMPIER_202009_DNE,4,April,18.1,17.3,22.0
2020-04-17T16:00:00Z,4.98,-9999,4,Broome,14.4,DAMPIER_202009_DNE,4,April,18.1,17.3,22.0
2020-04-17T17:00:00Z,4.676,-9999,4.9,Broome,17.64,DAMPIER_202009_DNE,4,April,18.1,17.3,22.0
2020-04-17T18:00:00Z,4.575,-9999,3.9,Broome,14.04,DAMPIER_202009_DNE,4,April,18.1,17.3,22.0
2020-04-17T19:00:00Z,4.684,-9999,3.2,Broome,11.520000000000001,DAMPIER_202009_DNE,4,April,18.1,17.3,22.0
2020-04-17T20:00:00Z,4.993,-9999,4.4,Broome,15.840000000000002,DAMPIER_202009_DNE,4,April,18.1,17.3,22.0
2020-04-17T21:00:00Z,5.458,-9999,3.2,Broome,11.520000000000001,DAMPIER_202009_DNE,4,April,18.1,17.3,22.0
2020-04-17T22:00:00Z,5.964,-9999,3.2,Broome,11.520000000000001,DAMPIER_202009_DNE,4,April,18.1,17.3,22.0
2020-04-17T23:00:00Z,6.39,-9999,2.4,Broome,8.64,DAMPIER_202009_DNE,4,April,18.1,17.3,22.0
2020-04-18T00:00:00Z,6.615,-9999,2.1,Broome,7.5600000000000005,DAMPIER_202009_DNE,4,April,18.1,17.3,22.0
2020-04-18T01:00:00Z,6.559,-9999,1.3,Broome,4.680000000000001,DAMPIER_202009_DNE,4,April,18.1,17.3,22.0
2020-04-18T02:00:00Z,6.342,-9999,0.8,Broome,2.8800000000000003,DAMPIER_202009_DNE,4,April,18.1,17.3,22.0
2020-04-18T03:00:00Z,6.016,-9999,2.6,Broome,9.360000000000001,DAMPIER_202009_DNE,4,April,18.1,17.3,22.0
2020-04-18T04:00:00Z,5.541,-9999,4.1,Broome,14.76,DAMPIER_202009_DNE,4,April,18.1,17.3,22.0
2020-04-18T05:00:00Z,5.067,-9999,5.6,Broome,20.16,DAMPIER_202009_DNE,4,April,18.1,17.3,22.0
2020-04-18T06:00:00Z,4.739,-9999,6.4,Broome,23.040000000000003,DAMPIER_202009_DNE,4,April,18.1,17.3,22.0
2020-04-18T07:00:00Z,4.598,-9999,7.2,Broome,25.92,DAMPIER_202009_DNE,4,April,18.1,17.3,22.0
2020-04-18T08:00:00Z,4.806,-9999,7.1,Broome,25.56,DAMPIER_202009_DNE,4,April,18.1,17.3,22.0
2020-04-18T09:00:00Z,5.341,-9999,5.6,Broome,20.16,DAMPIER_202009_DNE,4,April,18.1,17.3,22.0
2020-04-18T10:00:00Z,5.951,-9999,4.5,Broome,16.2,DAMPIER_202009_DNE,4,April,18.1,17.3,22.0
2020-04-18T11:00:00Z,6.454,-9999,4.6,Broome,16.56,DAMPIER_202009_DNE,4,April,18.1,17.3,22.0
2020-04-18T12:00:00Z,6.805,-9999,4.8,Broome,17.28,DAMPIER_202009_DNE,4,April,18.1,17.3,22.0
2020-04-18T13:00:00Z,6.921,-9999,4.3,Broome,15.48,DAMPIER_202009_DNE,4,April,18.1,17.3,22.0
2020-04-18T14:00:00Z,6.68,-9999,3.6,Broome,12.96,DAMPIER_202009_DNE,4,April,18.1,17.3,22.0
2020-04-18T15:00:00Z,6.143,-9999,4,Broome,14.4,DAMPIER_202009_DNE,4,April,18.1,17.3,22.0
2020-04-18T16:00:00Z,5.449,-9999,3.5,Broome,12.6,DAMPIER_202009_DNE,4,April,18.1,17.3,22.0
2020-04-18T17:00:00Z,4.742,-9999,3.3,Broome,11.879999999999999,DAMPIER_202009_DNE,4,April,18.1,17.3,22.0
2020-04-18T18:00:00Z,4.193,-9999,3.7,Broome,13.32,DAMPIER_202009_DNE,4,April,18.1,17.3,22.0
2020-04-18T19:00:00Z,3.925,-9999,4.2,Broome,15.120000000000001,DAMPIER_202009_DNE,4,April,18.1,17.3,22.0
2020-04-18T20:00:00Z,4.051,-9999,3.1,Broome,11.16,DAMPIER_202009_DNE,4,April,18.1,17.3,22.0
2020-04-18T21:00:00Z,4.589,-9999,2.9,Broome,10.44,DAMPIER_202009_DNE,4,April,18.1,17.3,22.0
2020-04-18T22:00:00Z,5.403,-9999,3.1,Broome,11.16,DAMPIER_202009_DNE,4,April,18.1,17.3,22.0
2020-04-18T23:00:00Z,6.246,-9999,3,Broome,10.8,DAMPIER_202009_DNE,4,April,18.1,17.3,22.0
2020-04-19T00:00:00Z,6.896,-9999,3.8,Broome,13.68,DAMPIER_202009_DNE,4,April,18.1,17.3,22.0
2020-04-19T01:00:00Z,7.275,-9999,4.2,Broome,15.120000000000001,DAMPIER_202009_DNE,4,April,18.1,17.3,22.0
2020-04-19T02:00:00Z,7.26,-9999,4.9,Broome,17.64,DAMPIER_202009_DNE,4,April,18.1,17.3,22.0
2020-04-19T03:00:00Z,6.76,-9999,5,Broome,18,DAMPIER_202009_DNE,4,April,18.1,17.3,22.0
2020-04-19T04:00:00Z,5.961,-9999,5.6,Broome,20.16,DAMPIER_202009_DNE,4,April,18.1,17.3,22.0
2020-04-19T05:00:00Z,5.103,-9999,5.8,Broome,20.88,DAMPIER_202009_DNE,4,April,18.1,17.3,22.0
2020-04-19T06:00:00Z,4.339,-9999,5.5,Broome,19.8,DAMPIER_202009_DNE,4,April,18.1,17.3,22.0
2020-04-19T07:00:00Z,3.783,-9999,4.8,Broome,17.28,DAMPIER_202009_DNE,4,April,18.1,17.3,22.0
2020-04-19T08:00:00Z,3.669,-9999,5.6,Broome,20.16,DAMPIER_202009_DNE,4,April,18.1,17.3,22.0
2020-04-19T09:00:00Z,4.186,-9999,6.1,Broome,21.96,DAMPIER_202009_DNE,4,April,18.1,17.3,22.0
2020-04-19T10:00:00Z,5.105,-9999,5.6,Broome,20.16,DAMPIER_202009_DNE,4,April,18.1,17.3,22.0
2020-04-19T11:00:00Z,6.108,-9999,4,Broome,14.4,DAMPIER_202009_DNE,4,April,18.1,17.3,22.0
2020-04-19T12:00:00Z,6.969,-9999,4.5,Broome,16.2,DAMPIER_202009_DNE,4,April,18.1,17.3,22.0
2020-04-19T13:00:00Z,7.529,-9999,5.3,Broome,19.08,DAMPIER_202009_DNE,4,April,18.1,17.3,22.0
2020-04-19T14:00:00Z,7.583,-9999,3.6,Broome,12.96,DAMPIER_202009_DNE,4,April,18.1,17.3,22.0
2020-04-19T15:00:00Z,7.012,-9999,3.3,Broome,11.879999999999999,DAMPIER_202009_DNE,4,April,18.1,17.3,22.0
2020-04-19T16:00:00Z,6.077,-9999,2.9,Broome,10.44,DAMPIER_202009_DNE,4,April,18.1,17.3,22.0
2020-04-19T17:00:00Z,5.077,-9999,3,Broome,10.8,DAMPIER_202009_DNE,4,April,18.1,17.3,22.0
2020-04-19T18:00:00Z,4.157,-9999,3.7,Broome,13.32,DAMPIER_202009_DNE,4,April,18.1,17.3,22.0
2020-04-19T19:00:00Z,3.465,-9999,3.8,Broome,13.68,DAMPIER_202009_DNE,4,April,18.1,17.3,22.0
2020-04-19T20:00:00Z,3.245,-9999,3.7,Broome,13.32,DAMPIER_202009_DNE,4,April,18.1,17.3,22.0
2020-04-19T21:00:00Z,3.708,-9999,4.3,Broome,15.48,DAMPIER_202009_DNE,4,April,18.1,17.3,22.0
2020-04-19T22:00:00Z,4.671,-9999,4.7,Broome,16.92,DAMPIER_202009_DNE,4,April,18.1,17.3,22.0
2020-04-19T23:00:00Z,5.802,-9999,4.4,Broome,15.840000000000002,DAMPIER_202009_DNE,4,April,18.1,17.3,22.0
2020-04-20T00:00:00Z,6.896,30.5,3.3,Broome,11.879999999999999,DAMPIER_202009_DNE,4,April,18.1,17.3,22.0
2020-04-20T01:00:00Z,7.737,30.4,2.6,Broome,9.360000000000001,DAMPIER_202009_DNE,4,April,18.1,17.3,22.0
2020-04-20T02:00:00Z,8.055,30.4,3.9,Broome,14.04,DAMPIER_202009_DNE,4,April,18.1,17.3,22.0
2020-04-20T03:00:00Z,7.604,30.5,4.7,Broome,16.92,DAMPIER_202009_DNE,4,April,18.1,17.3,22.0
2020-04-20T04:00:00Z,6.639,30.5,3.6,Broome,12.96,DAMPIER_202009_DNE,4,April,18.1,17.3,22.0
2020-04-20T05:00:00Z,5.531,30.6,5.1,Broome,18.36,DAMPIER_202009_DNE,4,April,18.1,17.3,22.0
2020-04-20T06:00:00Z,4.397,30.7,5.5,Broome,19.8,DAMPIER_202009_DNE,4,April,18.1,17.3,22.0
2020-04-20T07:00:00Z,3.452,30.8,6.3,Broome,22.68,DAMPIER_202009_DNE,4,April,18.1,17.3,22.0
2020-04-20T08:00:00Z,2.96,30.8,6.7,Broome,24.12,DAMPIER_202009_DNE,4,April,18.1,17.3,22.0
2020-04-20T09:00:00Z,3.269,30.8,6.2,Broome,22.32,DAMPIER_202009_DNE,4,April,18.1,17.3,22.0
2020-04-20T10:00:00Z,4.307,30.7,4.9,Broome,17.64,DAMPIER_202009_DNE,4,April,18.1,17.3,22.0
2020-04-20T11:00:00Z,5.566,30.6,4.8,Broome,17.28,DAMPIER_202009_DNE,4,April,18.1,17.3,22.0
2020-04-20T12:00:00Z,6.777,30.7,4.9,Broome,17.64,DAMPIER_202009_DNE,4,April,18.1,17.3,22.0
2020-04-20T13:00:00Z,7.758,30.6,5.2,Broome,18.720000000000002,DAMPIER_202009_DNE,4,April,18.1,17.3,22.0
2020-04-20T14:00:00Z,8.211,30.5,5,Broome,18,DAMPIER_202009_DNE,4,April,18.1,17.3,22.0
2020-04-20T15:00:00Z,7.794,30.6,3.1,Broome,11.16,DAMPIER_202009_DNE,4,April,18.1,17.3,22.0
2020-04-20T16:00:00Z,6.823,30.5,2.4,Broome,8.64,DAMPIER_202009_DNE,4,April,18.1,17.3,22.0
2020-04-20T17:00:00Z,5.684,30.5,2.8,Broome,10.08,DAMPIER_202009_DNE,4,April,18.1,17.3,22.0
2020-04-20T18:00:00Z,4.457,30.5,4.1,Broome,14.76,DAMPIER_202009_DNE,4,April,18.1,17.3,22.0
2020-04-20T19:00:00Z,3.368,30.5,2.5,Broome,9,DAMPIER_202009_DNE,4,April,18.1,17.3,22.0
2020-04-20T20:00:00Z,2.713,30.6,2.9,Broome,10.44,DAMPIER_202009_DNE,4,April,18.1,17.3,22.0
2020-04-20T21:00:00Z,2.879,30.6,2.6,Broome,9.360000000000001,DAMPIER_202009_DNE,4,April,18.1,17.3,22.0
2020-04-20T22:00:00Z,3.881,30.5,3.9,Broome,14.04,DAMPIER_202009_DNE,4,April,18.1,17.3,22.0
2020-04-20T23:00:00Z,5.213,30.5,5,Broome,18,DAMPIER_202009_DNE,4,April,18.1,17.3,22.0
2020-04-21T00:00:00Z,6.582,30.5,5.2,Broome,18.720000000000002,DAMPIER_202009_DNE,4,April,18.1,17.3,22.0
2020-04-21T01:00:00Z,7.798,30.4,6.4,Broome,23.040000000000003,DAMPIER_202009_DNE,4,April,18.1,17.3,22.0
2020-04-21T02:00:00Z,8.544,30.5,3.9,Broome,14.04,DAMPIER_202009_DNE,4,April,18.1,17.3,22.0
2020-04-21T03:00:00Z,8.385,30.5,3.4,Broome,12.24,DAMPIER_202009_DNE,4,April,18.1,17.3,22.0
2020-04-21T04:00:00Z,7.386,30.6,4.4,Broome,15.840000000000002,DAMPIER_202009_DNE,4,April,18.1,17.3,22.0
2020-04-21T05:00:00Z,6.133,30.7,5.3,Broome,19.08,DAMPIER_202009_DNE,4,April,18.1,17.3,22.0
2020-04-21T06:00:00Z,4.811,30.8,7.7,Broome,27.720000000000002,DAMPIER_202009_DNE,4,April,18.1,17.3,22.0
2020-04-21T07:00:00Z,3.562,30.9,7.8,Broome,28.08,DAMPIER_202009_DNE,4,April,18.1,17.3,22.0
2020-04-21T08:00:00Z,2.644,31,7.1,Broome,25.56,DAMPIER_202009_DNE,4,April,18.1,17.3,22.0
2020-04-21T09:00:00Z,2.52,31,6,Broome,21.6,DAMPIER_202009_DNE,4,April,18.1,17.3,22.0
2020-04-21T10:00:00Z,3.403,30.8,5.4,Broome,19.44,DAMPIER_202009_DNE,4,April,18.1,17.3,22.0
2020-04-21T11:00:00Z,4.775,30.8,5.6,Broome,20.16,DAMPIER_202009_DNE,4,April,18.1,17.3,22.0
2020-04-21T12:00:00Z,6.251,30.7,5.8,Broome,20.88,DAMPIER_202009_DNE,4,April,18.1,17.3,22.0
2020-04-21T13:00:00Z,7.61,30.7,4.9,Broome,17.64,DAMPIER_202009_DNE,4,April,18.1,17.3,22.0
2020-04-21T14:00:00Z,8.509,30.6,4.3,Broome,15.48,DAMPIER_202009_DNE,4,April,18.1,17.3,22.0
2020-04-21T15:00:00Z,8.518,30.6,3.7,Broome,13.32,DAMPIER_202009_DNE,4,April,18.1,17.3,22.0
2020-04-21T16:00:00Z,7.624,30.6,4.6,Broome,16.56,DAMPIER_202009_DNE,4,April,18.1,17.3,22.0
2020-04-21T17:00:00Z,6.365,30.6,4.5,Broome,16.2,DAMPIER_202009_DNE,4,April,18.1,17.3,22.0
2020-04-21T18:00:00Z,5.003,30.7,4.8,Broome,17.28,DAMPIER_202009_DNE,4,April,18.1,17.3,22.0
2020-04-21T19:00:00Z,3.697,30.6,5.1,Broome,18.36,DAMPIER_202009_DNE,4,April,18.1,17.3,22.0
2020-04-21T20:00:00Z,2.665,30.6,5.9,Broome,21.240000000000002,DAMPIER_202009_DNE,4,April,18.1,17.3,22.0
2020-04-21T21:00:00Z,2.317,30.6,5,Broome,18,DAMPIER_202009_DNE,4,April,18.1,17.3,22.0
2020-04-21T22:00:00Z,3.083,30.7,4.3,Broome,15.48,DAMPIER_202009_DNE,4,April,18.1,17.3,22.0
2020-04-21T23:00:00Z,4.534,30.6,4.6,Broome,16.56,DAMPIER_202009_DNE,4,April,18.1,17.3,22.0
2020-04-22T00:00:00Z,6.129,30.6,4.8,Broome,17.28,DAMPIER_202009_DNE,4,April,18.1,17.3,22.0
2020-04-22T01:00:00Z,7.637,30.6,5.2,Broome,18.720000000000002,DAMPIER_202009_DNE,4,April,18.1,17.3,22.0
2020-04-22T02:00:00Z,8.779,30.6,4.7,Broome,16.92,DAMPIER_202009_DNE,4,April,18.1,17.3,22.0
2020-04-22T03:00:00Z,9.022,30.6,3.4,Broome,12.24,DAMPIER_202009_DNE,4,April,18.1,17.3,22.0
2020-04-22T04:00:00Z,8.157,30.6,4.4,Broome,15.840000000000002,DAMPIER_202009_DNE,4,April,18.1,17.3,22.0
2020-04-22T05:00:00Z,6.8,30.7,4.5,Broome,16.2,DAMPIER_202009_DNE,4,April,18.1,17.3,22.0
2020-04-22T06:00:00Z,5.36,30.8,4.6,Broome,16.56,DAMPIER_202009_DNE,4,April,18.1,17.3,22.0
2020-04-22T07:00:00Z,3.908,30.8,5.8,Broome,20.88,DAMPIER_202009_DNE,4,April,18.1,17.3,22.0
2020-04-22T08:00:00Z,2.642,31.1,5.4,Broome,19.44,DAMPIER_202009_DNE,4,April,18.1,17.3,22.0
2020-04-22T09:00:00Z,1.959,31.2,3.5,Broome,12.6,DAMPIER_202009_DNE,4,April,18.1,17.3,22.0
2020-04-22T10:00:00Z,2.484,31,3.9,Broome,14.04,DAMPIER_202009_DNE,4,April,18.1,17.3,22.0
2020-04-22T11:00:00Z,3.893,30.9,4,Broome,14.4,DAMPIER_202009_DNE,4,April,18.1,17.3,22.0
2020-04-22T12:00:00Z,5.517,30.8,3.8,Broome,13.68,DAMPIER_202009_DNE,4,April,18.1,17.3,22.0
2020-04-22T13:00:00Z,7.135,30.8,3.7,Broome,13.32,DAMPIER_202009_DNE,4,April,18.1,17.3,22.0
2020-04-22T14:00:00Z,8.441,30.7,2.6,Broome,9.360000000000001,DAMPIER_202009_DNE,4,April,18.1,17.3,22.0
2020-04-22T15:00:00Z,8.946,30.7,3,Broome,10.8,DAMPIER_202009_DNE,4,April,18.1,17.3,22.0
2020-04-22T16:00:00Z,8.348,30.7,2.6,Broome,9.360000000000001,DAMPIER_202009_DNE,4,April,18.1,17.3,22.0
2020-04-22T17:00:00Z,7.065,30.7,3.4,Broome,12.24,DAMPIER_202009_DNE,4,April,18.1,17.3,22.0
2020-04-22T18:00:00Z,5.629,30.7,4.1,Broome,14.76,DAMPIER_202009_DNE,4,April,18.1,17.3,22.0
2020-04-22T19:00:00Z,4.168,30.7,3.9,Broome,14.04,DAMPIER_202009_DNE,4,April,18.1,17.3,22.0
2020-04-22T20:00:00Z,2.869,30.8,4.2,Broome,15.120000000000001,DAMPIER_202009_DNE,4,April,18.1,17.3,22.0
2020-04-22T21:00:00Z,2.052,30.8,3.4,Broome,12.24,DAMPIER_202009_DNE,4,April,18.1,17.3,22.0
2020-04-22T22:00:00Z,2.373,30.9,3.5,Broome,12.6,DAMPIER_202009_DNE,4,April,18.1,17.3,22.0
2020-04-22T23:00:00Z,3.758,30.7,4.2,Broome,15.120000000000001,DAMPIER_202009_DNE,4,April,18.1,17.3,22.0
2020-04-23T00:00:00Z,5.433,30.7,2.4,Broome,8.64,DAMPIER_202009_DNE,4,April,18.1,17.3,22.0
2020-04-23T01:00:00Z,7.106,30.7,2.1,Broome,7.5600000000000005,DAMPIER_202009_DNE,4,April,18.1,17.3,22.0
2020-04-23T02:00:00Z,8.543,30.7,3,Broome,10.8,DAMPIER_202009_DNE,4,April,18.1,17.3,22.0
2020-04-23T03:00:00Z,9.288,30.7,0.9,Broome,3.24,DAMPIER_202009_DNE,4,April,18.1,17.3,22.0
2020-04-23T04:00:00Z,8.842,30.7,1.4,Broome,5.04,DAMPIER_202009_DNE,4,April,18.1,17.3,22.0
2020-04-23T05:00:00Z,7.475,30.9,1.8,Broome,6.48,DAMPIER_202009_DNE,4,April,18.1,17.3,22.0
2020-04-23T06:00:00Z,5.944,31.1,6.1,Broome,21.96,DAMPIER_202009_DNE,4,April,18.1,17.3,22.0
2020-04-23T07:00:00Z,4.388,31.2,5.6,Broome,20.16,DAMPIER_202009_DNE,4,April,18.1,17.3,22.0
2020-04-23T08:00:00Z,2.879,31.4,4.3,Broome,15.48,DAMPIER_202009_DNE,4,April,18.1,17.3,22.0
2020-04-23T09:00:00Z,1.813,31.5,4.5,Broome,16.2,DAMPIER_202009_DNE,4,April,18.1,17.3,22.0
2020-04-23T10:00:00Z,1.799,31.6,5.5,Broome,19.8,DAMPIER_202009_DNE,4,April,18.1,17.3,22.0
2020-04-23T11:00:00Z,3.028,31.1,4.8,Broome,17.28,DAMPIER_202009_DNE,4,April,18.1,17.3,22.0
2020-04-23T12:00:00Z,4.695,30.9,3.2,Broome,11.520000000000001,DAMPIER_202009_DNE,4,April,18.1,17.3,22.0
2020-04-23T13:00:00Z,6.437,30.9,3.3,Broome,11.879999999999999,DAMPIER_202009_DNE,4,April,18.1,17.3,22.0
2020-04-23T14:00:00Z,8.047,30.8,2.4,Broome,8.64,DAMPIER_202009_DNE,4,April,18.1,17.3,22.0
2020-04-23T15:00:00Z,9.044,30.8,2.7,Broome,9.72,DAMPIER_202009_DNE,4,April,18.1,17.3,22.0
2020-04-23T16:00:00Z,8.945,30.8,2.6,Broome,9.360000000000001,DAMPIER_202009_DNE,4,April,18.1,17.3,22.0
2020-04-23T17:00:00Z,7.825,30.8,2.7,Broome,9.72,DAMPIER_202009_DNE,4,April,18.1,17.3,22.0
2020-04-23T18:00:00Z,6.357,30.8,1.4,Broome,5.04,DAMPIER_202009_DNE,4,April,18.1,17.3,22.0
2020-04-23T19:00:00Z,4.82,30.8,1.5,Broome,5.4,DAMPIER_202009_DNE,4,April,18.1,17.3,22.0
2020-04-23T20:00:00Z,3.332,30.8,2.2,Broome,7.920000000000001,DAMPIER_202009_DNE,4,April,18.1,17.3,22.0
2020-04-23T21:00:00Z,2.142,30.9,1.1,Broome,3.9600000000000004,DAMPIER_202009_DNE,4,April,18.1,17.3,22.0
2020-04-23T22:00:00Z,1.855,31,2.2,Broome,7.920000000000001,DAMPIER_202009_DNE,4,April,18.1,17.3,22.0
2020-04-23T23:00:00Z,2.984,30.8,1.7,Broome,6.12,DAMPIER_202009_DNE,4,April,18.1,17.3,22.0
2020-04-24T00:00:00Z,4.794,30.8,0.9,Broome,3.24,DAMPIER_202009_DNE,4,April,18.1,17.3,22.0
2020-04-24T01:00:00Z,6.624,30.8,0.9,Broome,3.24,DAMPIER_202009_DNE,4,April,18.1,17.3,22.0
2020-04-24T02:00:00Z,8.306,30.7,0.8,Broome,2.8800000000000003,DAMPIER_202009_DNE,4,April,18.1,17.3,22.0
2020-04-24T03:00:00Z,9.378,30.8,2.4,Broome,8.64,DAMPIER_202009_DNE,4,April,18.1,17.3,22.0
2020-04-24T04:00:00Z,9.344,30.8,3.5,Broome,12.6,DAMPIER_202009_DNE,4,April,18.1,17.3,22.0
2020-04-24T05:00:00Z,8.235,30.9,5.9,Broome,21.240000000000002,DAMPIER_202009_DNE,4,April,18.1,17.3,22.0
2020-04-24T06:00:00Z,6.71,31,5.9,Broome,21.240000000000002,DAMPIER_202009_DNE,4,April,18.1,17.3,22.0
2020-04-24T07:00:00Z,5.076,31.1,7.3,Broome,26.28,DAMPIER_202009_DNE,4,April,18.1,17.3,22.0
2020-04-24T08:00:00Z,3.422,31.1,6.6,Broome,23.759999999999998,DAMPIER_202009_DNE,4,April,18.1,17.3,22.0
2020-04-24T09:00:00Z,2.036,31.4,6.4,Broome,23.040000000000003,DAMPIER_202009_DNE,4,April,18.1,17.3,22.0
2020-04-24T10:00:00Z,1.393,31.4,5.2,Broome,18.720000000000002,DAMPIER_202009_DNE,4,April,18.1,17.3,22.0
2020-04-24T11:00:00Z,2.16,31.3,4.7,Broome,16.92,DAMPIER_202009_DNE,4,April,18.1,17.3,22.0
2020-04-24T12:00:00Z,3.818,31,4.3,Broome,15.48,DAMPIER_202009_DNE,4,April,18.1,17.3,22.0
2020-04-24T13:00:00Z,5.653,30.9,4.5,Broome,16.2,DAMPIER_202009_DNE,4,April,18.1,17.3,22.0
2020-04-24T14:00:00Z,7.465,30.9,5.2,Broome,18.720000000000002,DAMPIER_202009_DNE,4,April,18.1,17.3,22.0
2020-04-24T15:00:00Z,8.854,30.8,6.1,Broome,21.96,DAMPIER_202009_DNE,4,April,18.1,17.3,22.0
2020-04-24T16:00:00Z,9.235,30.8,6,Broome,21.6,DAMPIER_202009_DNE,4,April,18.1,17.3,22.0
2020-04-24T17:00:00Z,8.422,30.8,5,Broome,18,DAMPIER_202009_DNE,4,April,18.1,17.3,22.0
2020-04-24T18:00:00Z,7.007,30.8,7.1,Broome,25.56,DAMPIER_202009_DNE,4,April,18.1,17.3,22.0
2020-04-24T19:00:00Z,5.476,30.8,5.4,Broome,19.44,DAMPIER_202009_DNE,4,April,18.1,17.3,22.0
2020-04-24T20:00:00Z,3.899,30.7,6.2,Broome,22.32,DAMPIER_202009_DNE,4,April,18.1,17.3,22.0
2020-04-24T21:00:00Z,2.492,30.8,5.9,Broome,21.240000000000002,DAMPIER_202009_DNE,4,April,18.1,17.3,22.0
2020-04-24T22:00:00Z,1.709,30.8,2.7,Broome,9.72,DAMPIER_202009_DNE,4,April,18.1,17.3,22.0
2020-04-24T23:00:00Z,2.329,30.8,2.7,Broome,9.72,DAMPIER_202009_DNE,4,April,18.1,17.3,22.0
2020-04-25T00:00:00Z,4.018,30.7,2.6,Broome,9.360000000000001,DAMPIER_202009_DNE,4,April,18.1,17.3,22.0
2020-04-25T01:00:00Z,5.865,30.7,3.8,Broome,13.68,DAMPIER_202009_DNE,4,April,18.1,17.3,22.0
2020-04-25T02:00:00Z,7.688,30.7,2.7,Broome,9.72,DAMPIER_202009_DNE,4,April,18.1,17.3,22.0
2020-04-25T03:00:00Z,9.163,30.8,5.1,Broome,18.36,DAMPIER_202009_DNE,4,April,18.1,17.3,22.0
2020-04-25T04:00:00Z,9.589,30.8,5.6,Broome,20.16,DAMPIER_202009_DNE,4,April,18.1,17.3,22.0
2020-04-25T05:00:00Z,8.777,30.8,5,Broome,18,DAMPIER_202009_DNE,4,April,18.1,17.3,22.0
2020-04-25T06:00:00Z,7.319,31,5.6,Broome,20.16,DAMPIER_202009_DNE,4,April,18.1,17.3,22.0
2020-04-25T07:00:00Z,5.7,31,6.5,Broome,23.400000000000002,DAMPIER_202009_DNE,4,April,18.1,17.3,22.0
2020-04-25T08:00:00Z,4.016,31.1,6.7,Broome,24.12,DAMPIER_202009_DNE,4,April,18.1,17.3,22.0
2020-04-25T09:00:00Z,2.489,31.4,5.8,Broome,20.88,DAMPIER_202009_DNE,4,April,18.1,17.3,22.0
2020-04-25T10:00:00Z,1.469,31.4,4.6,Broome,16.56,DAMPIER_202009_DNE,4,April,18.1,17.3,22.0
2020-04-25T11:00:00Z,1.665,31.3,4.1,Broome,14.76,DAMPIER_202009_DNE,4,April,18.1,17.3,22.0
2020-04-25T12:00:00Z,3.081,31,2.7,Broome,9.72,DAMPIER_202009_DNE,4,April,18.1,17.3,22.0
2020-04-25T13:00:00Z,4.875,30.9,1.8,Broome,6.48,DAMPIER_202009_DNE,4,April,18.1,17.3,22.0
2020-04-25T14:00:00Z,6.707,30.9,1.9,Broome,6.84,DAMPIER_202009_DNE,4,April,18.1,17.3,22.0
2020-04-25T15:00:00Z,8.339,30.9,3.4,Broome,12.24,DAMPIER_202009_DNE,4,April,18.1,17.3,22.0
2020-04-25T16:00:00Z,9.224,30.8,3.5,Broome,12.6,DAMPIER_202009_DNE,4,April,18.1,17.3,22.0
2020-04-25T17:00:00Z,8.838,30.9,3.5,Broome,12.6,DAMPIER_202009_DNE,4,April,18.1,17.3,22.0
2020-04-25T18:00:00Z,7.544,30.9,3.7,Broome,13.32,DAMPIER_202009_DNE,4,April,18.1,17.3,22.0
2020-04-25T19:00:00Z,6.065,30.9,4.4,Broome,15.840000000000002,DAMPIER_202009_DNE,4,April,18.1,17.3,22.0
2020-04-25T20:00:00Z,4.522,30.8,4.9,Broome,17.64,DAMPIER_202009_DNE,4,April,18.1,17.3,22.0
2020-04-25T21:00:00Z,3.059,30.9,3.5,Broome,12.6,DAMPIER_202009_DNE,4,April,18.1,17.3,22.0
2020-04-25T22:00:00Z,2.002,30.9,4.5,Broome,16.2,DAMPIER_202009_DNE,4,April,18.1,17.3,22.0
2020-04-25T23:00:00Z,2.045,30.9,3.9,Broome,14.04,DAMPIER_202009_DNE,4,April,18.1,17.3,22.0
2020-04-26T00:00:00Z,3.428,30.8,3.9,Broome,14.04,DAMPIER_202009_DNE,4,April,18.1,17.3,22.0
2020-04-26T01:00:00Z,5.234,30.8,3.1,Broome,11.16,DAMPIER_202009_DNE,4,April,18.1,17.3,22.0
2020-04-26T02:00:00Z,7.048,30.8,1.1,Broome,3.9600000000000004,DAMPIER_202009_DNE,4,April,18.1,17.3,22.0
2020-04-26T03:00:00Z,8.649,30.8,0.2,Broome,0.7200000000000001,DAMPIER_202009_DNE,4,April,18.1,17.3,22.0
2020-04-26T04:00:00Z,9.439,30.9,2.2,Broome,7.920000000000001,DAMPIER_202009_DNE,4,April,18.1,17.3,22.0
2020-04-26T05:00:00Z,9.079,30.9,1.9,Broome,6.84,DAMPIER_202009_DNE,4,April,18.1,17.3,22.0
2020-04-26T06:00:00Z,7.863,31.1,3.4,Broome,12.24,DAMPIER_202009_DNE,4,April,18.1,17.3,22.0
2020-04-26T07:00:00Z,6.366,31.2,3.3,Broome,11.879999999999999,DAMPIER_202009_DNE,4,April,18.1,17.3,22.0
2020-04-26T08:00:00Z,4.784,31.3,3.8,Broome,13.68,DAMPIER_202009_DNE,4,April,18.1,17.3,22.0
2020-04-26T09:00:00Z,3.244,31.4,5.2,Broome,18.720000000000002,DAMPIER_202009_DNE,4,April,18.1,17.3,22.0
2020-04-26T10:00:00Z,1.965,31.5,5.1,Broome,18.36,DAMPIER_202009_DNE,4,April,18.1,17.3,22.0
2020-04-26T11:00:00Z,1.59,31.5,3,Broome,10.8,DAMPIER_202009_DNE,4,April,18.1,17.3,22.0
2020-04-26T12:00:00Z,2.547,31.2,1.9,Broome,6.84,DAMPIER_202009_DNE,4,April,18.1,17.3,22.0
2020-04-26T13:00:00Z,4.162,31.1,1.6,Broome,5.760000000000001,DAMPIER_202009_DNE,4,April,18.1,17.3,22.0
2020-04-26T14:00:00Z,5.885,31,0.9,Broome,3.24,DAMPIER_202009_DNE,4,April,18.1,17.3,22.0
2020-04-26T15:00:00Z,7.55,31,2.4,Broome,8.64,DAMPIER_202009_DNE,4,April,18.1,17.3,22.0
2020-04-26T16:00:00Z,8.794,30.9,4.5,Broome,16.2,DAMPIER_202009_DNE,4,April,18.1,17.3,22.0
2020-04-26T17:00:00Z,8.996,30.9,4.1,Broome,14.76,DAMPIER_202009_DNE,4,April,18.1,17.3,22.0
2020-04-26T18:00:00Z,8.052,30.9,2.8,Broome,10.08,DAMPIER_202009_DNE,4,April,18.1,17.3,22.0
2020-04-26T19:00:00Z,6.665,30.9,2.7,Broome,9.72,DAMPIER_202009_DNE,4,April,18.1,17.3,22.0
2020-04-26T20:00:00Z,5.2,30.9,2.3,Broome,8.28,DAMPIER_202009_DNE,4,April,18.1,17.3,22.0
2020-04-26T21:00:00Z,3.729,30.9,2.6,Broome,9.360000000000001,DAMPIER_202009_DNE,4,April,18.1,17.3,22.0
2020-04-26T22:00:00Z,2.534,31,1.6,Broome,5.760000000000001,DAMPIER_202009_DNE,4,April,18.1,17.3,22.0
2020-04-26T23:00:00Z,2.129,31,1.7,Broome,6.12,DAMPIER_202009_DNE,4,April,18.1,17.3,22.0
2020-04-27T00:00:00Z,3.044,30.9,1.5,Broome,5.4,DAMPIER_202009_DNE,4,April,18.1,17.3,22.0
2020-04-27T01:00:00Z,4.665,30.9,1.1,Broome,3.9600000000000004,DAMPIER_202009_DNE,4,April,18.1,17.3,22.0
2020-04-27T02:00:00Z,6.36,30.9,0.6,Broome,2.16,DAMPIER_202009_DNE,4,April,18.1,17.3,22.0
2020-04-27T03:00:00Z,7.943,30.9,3,Broome,10.8,DAMPIER_202009_DNE,4,April,18.1,17.3,22.0
2020-04-27T04:00:00Z,9.065,30.9,4.5,Broome,16.2,DAMPIER_202009_DNE,4,April,18.1,17.3,22.0
2020-04-27T05:00:00Z,9.234,31,5.1,Broome,18.36,DAMPIER_202009_DNE,4,April,18.1,17.3,22.0
2020-04-27T06:00:00Z,8.373,31,7.5,Broome,27,DAMPIER_202009_DNE,4,April,18.1,17.3,22.0
2020-04-27T07:00:00Z,6.995,31.1,6.9,Broome,24.840000000000003,DAMPIER_202009_DNE,4,April,18.1,17.3,22.0
2020-04-27T08:00:00Z,5.506,31.2,6.6,Broome,23.759999999999998,DAMPIER_202009_DNE,4,April,18.1,17.3,22.0
2020-04-27T09:00:00Z,4.008,31.3,5.5,Broome,19.8,DAMPIER_202009_DNE,4,April,18.1,17.3,22.0
2020-04-27T10:00:00Z,2.677,31.5,3.8,Broome,13.68,DAMPIER_202009_DNE,4,April,18.1,17.3,22.0
2020-04-27T11:00:00Z,1.882,31.6,3.6,Broome,12.96,DAMPIER_202009_DNE,4,April,18.1,17.3,22.0
2020-04-27T12:00:00Z,2.247,31.4,2.7,Broome,9.72,DAMPIER_202009_DNE,4,April,18.1,17.3,22.0
2020-04-27T13:00:00Z,3.585,31.1,2.5,Broome,9,DAMPIER_202009_DNE,4,April,18.1,17.3,22.0
2020-04-27T14:00:00Z,5.146,31.1,2.4,Broome,8.64,DAMPIER_202009_DNE,4,April,18.1,17.3,22.0
2020-04-27T15:00:00Z,6.694,31.1,3.5,Broome,12.6,DAMPIER_202009_DNE,4,April,18.1,17.3,22.0
2020-04-27T16:00:00Z,8.021,31,3.8,Broome,13.68,DAMPIER_202009_DNE,4,April,18.1,17.3,22.0
2020-04-27T17:00:00Z,8.685,31,3.4,Broome,12.24,DAMPIER_202009_DNE,4,April,18.1,17.3,22.0
2020-04-27T18:00:00Z,8.268,31,2.7,Broome,9.72,DAMPIER_202009_DNE,4,April,18.1,17.3,22.0
2020-04-27T19:00:00Z,7.131,31,3.1,Broome,11.16,DAMPIER_202009_DNE,4,April,18.1,17.3,22.0
2020-04-27T20:00:00Z,5.843,31,7.5,Broome,27,DAMPIER_202009_DNE,4,April,18.1,17.3,22.0
2020-04-27T21:00:00Z,4.468,31,6.8,Broome,24.48,DAMPIER_202009_DNE,4,April,18.1,17.3,22.0
2020-04-27T22:00:00Z,3.218,31,4.6,Broome,16.56,DAMPIER_202009_DNE,4,April,18.1,17.3,22.0
2020-04-27T23:00:00Z,2.462,31,5.2,Broome,18.720000000000002,DAMPIER_202009_DNE,4,April,18.1,17.3,22.0
2020-04-28T00:00:00Z,2.774,31,2.1,Broome,7.5600000000000005,DAMPIER_202009_DNE,4,April,18.1,17.3,22.0
2020-04-28T01:00:00Z,4.058,31,1.8,Broome,6.48,DAMPIER_202009_DNE,4,April,18.1,17.3,22.0
2020-04-28T02:00:00Z,5.59,31,2.6,Broome,9.360000000000001,DAMPIER_202009_DNE,4,April,18.1,17.3,22.0
2020-04-28T03:00:00Z,7.115,30.9,2.6,Broome,9.360000000000001,DAMPIER_202009_DNE,4,April,18.1,17.3,22.0
2020-04-28T04:00:00Z,8.353,31,3.5,Broome,12.6,DAMPIER_202009_DNE,4,April,18.1,17.3,22.0
2020-04-28T05:00:00Z,8.89,31,4.4,Broome,15.840000000000002,DAMPIER_202009_DNE,4,April,18.1,17.3,22.0
2020-04-28T06:00:00Z,8.523,31,4.2,Broome,15.120000000000001,DAMPIER_202009_DNE,4,April,18.1,17.3,22.0
2020-04-28T07:00:00Z,7.462,31.2,6,Broome,21.6,DAMPIER_202009_DNE,4,April,18.1,17.3,22.0
2020-04-28T08:00:00Z,6.151,31.2,7.1,Broome,25.56,DAMPIER_202009_DNE,4,April,18.1,17.3,22.0
2020-04-28T09:00:00Z,4.761,31.2,6.7,Broome,24.12,DAMPIER_202009_DNE,4,April,18.1,17.3,22.0
2020-04-28T10:00:00Z,3.427,31.4,5.5,Broome,19.8,DAMPIER_202009_DNE,4,April,18.1,17.3,22.0
2020-04-28T11:00:00Z,2.455,31.5,4,Broome,14.4,DAMPIER_202009_DNE,4,April,18.1,17.3,22.0
2020-04-28T12:00:00Z,2.313,31.5,3.4,Broome,12.24,DAMPIER_202009_DNE,4,April,18.1,17.3,22.0
2020-04-28T13:00:00Z,3.22,31.2,3.9,Broome,14.04,DAMPIER_202009_DNE,4,April,18.1,17.3,22.0
2020-04-28T14:00:00Z,4.547,31.1,3.3,Broome,11.879999999999999,DAMPIER_202009_DNE,4,April,18.1,17.3,22.0
2020-04-28T15:00:00Z,5.892,31.1,1.3,Broome,4.680000000000001,DAMPIER_202009_DNE,4,April,18.1,17.3,22.0
2020-04-28T16:00:00Z,7.146,31,1.3,Broome,4.680000000000001,DAMPIER_202009_DNE,4,April,18.1,17.3,22.0
2020-04-28T17:00:00Z,8.047,31,2,Broome,7.2,DAMPIER_202009_DNE,4,April,18.1,17.3,22.0
2020-04-28T18:00:00Z,8.136,31,2.4,Broome,8.64,DAMPIER_202009_DNE,4,April,18.1,17.3,22.0
2020-04-28T19:00:00Z,7.372,31,3.3,Broome,11.879999999999999,DAMPIER_202009_DNE,4,April,18.1,17.3,22.0
2020-04-28T20:00:00Z,6.285,31,2.8,Broome,10.08,DAMPIER_202009_DNE,4,April,18.1,17.3,22.0
2020-04-28T21:00:00Z,5.104,30.9,1.7,Broome,6.12,DAMPIER_202009_DNE,4,April,18.1,17.3,22.0
2020-04-28T22:00:00Z,3.964,30.9,2.7,Broome,9.72,DAMPIER_202009_DNE,4,April,18.1,17.3,22.0
2020-04-28T23:00:00Z,3.144,30.9,3,Broome,10.8,DAMPIER_202009_DNE,4,April,18.1,17.3,22.0
2020-04-29T00:00:00Z,2.979,30.9,3.8,Broome,13.68,DAMPIER_202009_DNE,4,April,18.1,17.3,22.0
2020-04-29T01:00:00Z,3.747,30.9,3,Broome,10.8,DAMPIER_202009_DNE,4,April,18.1,17.3,22.0
2020-04-29T02:00:00Z,5.044,30.9,2.4,Broome,8.64,DAMPIER_202009_DNE,4,April,18.1,17.3,22.0
2020-04-29T03:00:00Z,6.372,30.9,2.1,Broome,7.5600000000000005,DAMPIER_202009_DNE,4,April,18.1,17.3,22.0
2020-04-29T04:00:00Z,7.509,30.9,2.9,Broome,10.44,DAMPIER_202009_DNE,4,April,18.1,17.3,22.0
2020-04-29T05:00:00Z,8.239,31,2.7,Broome,9.72,DAMPIER_202009_DNE,4,April,18.1,17.3,22.0
2020-04-29T06:00:00Z,8.348,31,3.2,Broome,11.520000000000001,DAMPIER_202009_DNE,4,April,18.1,17.3,22.0
2020-04-29T07:00:00Z,7.647,31.1,3.5,Broome,12.6,DAMPIER_202009_DNE,4,April,18.1,17.3,22.0
2020-04-29T08:00:00Z,6.54,31.2,2.8,Broome,10.08,DAMPIER_202009_DNE,4,April,18.1,17.3,22.0
2020-04-29T09:00:00Z,5.403,31.2,5.5,Broome,19.8,DAMPIER_202009_DNE,4,April,18.1,17.3,22.0
2020-04-29T10:00:00Z,4.265,31.3,4.3,Broome,15.48,DAMPIER_202009_DNE,4,April,18.1,17.3,22.0
2020-04-29T11:00:00Z,3.31,31.3,4.2,Broome,15.120000000000001,DAMPIER_202009_DNE,4,April,18.1,17.3,22.0
2020-04-29T12:00:00Z,2.813,31.3,5,Broome,18,DAMPIER_202009_DNE,4,April,18.1,17.3,22.0
2020-04-29T13:00:00Z,3.156,31.3,2.3,Broome,8.28,DAMPIER_202009_DNE,4,April,18.1,17.3,22.0
2020-04-29T14:00:00Z,4.115,31.1,1.8,Broome,6.48,DAMPIER_202009_DNE,4,April,18.1,17.3,22.0
2020-04-29T15:00:00Z,5.194,31.1,6,Broome,21.6,DAMPIER_202009_DNE,4,April,18.1,17.3,22.0
2020-04-29T16:00:00Z,6.242,31.1,6.5,Broome,23.400000000000002,DAMPIER_202009_DNE,4,April,18.1,17.3,22.0
2020-04-29T17:00:00Z,7.136,31,6.5,Broome,23.400000000000002,DAMPIER_202009_DNE,4,April,18.1,17.3,22.0
2020-04-29T18:00:00Z,7.535,31,8.8,Broome,31.680000000000003,DAMPIER_202009_DNE,4,April,18.1,17.3,22.0
2020-04-29T19:00:00Z,7.221,30.9,10.3,Broome,37.080000000000005,DAMPIER_202009_DNE,4,April,18.1,17.3,22.0
2020-04-29T20:00:00Z,6.43,30.9,9.1,Broome,32.76,DAMPIER_202009_DNE,4,April,18.1,17.3,22.0
2020-04-29T21:00:00Z,5.499,30.7,9.6,Broome,34.56,DAMPIER_202009_DNE,4,April,18.1,17.3,22.0
2020-04-29T22:00:00Z,4.577,30.5,10.9,Broome,39.24,DAMPIER_202009_DNE,4,April,18.1,17.3,22.0
2020-04-29T23:00:00Z,3.824,30.4,11.9,Broome,42.84,DAMPIER_202009_DNE,4,April,18.1,17.3,22.0
2020-04-30T00:00:00Z,3.427,30.3,11.8,Broome,42.480000000000004,DAMPIER_202009_DNE,4,April,18.1,17.3,22.0
2020-04-30T01:00:00Z,3.669,30.2,11.5,Broome,41.4,DAMPIER_202009_DNE,4,April,18.1,17.3,22.0
2020-04-30T02:00:00Z,4.533,30.5,10.3,Broome,37.080000000000005,DAMPIER_202009_DNE,4,April,18.1,17.3,22.0
2020-04-30T03:00:00Z,5.568,30.7,10.9,Broome,39.24,DAMPIER_202009_DNE,4,April,18.1,17.3,22.0
2020-04-30T04:00:00Z,6.529,30.6,8.5,Broome,30.6,DAMPIER_202009_DNE,4,April,18.1,17.3,22.0
2020-04-30T05:00:00Z,7.325,30.7,8.2,Broome,29.52,DAMPIER_202009_DNE,4,April,18.1,17.3,22.0
2020-04-30T06:00:00Z,7.744,30.4,7,Broome,25.2,DAMPIER_202009_DNE,4,April,18.1,17.3,22.0
2020-04-30T07:00:00Z,7.567,30.2,7.5,Broome,27,DAMPIER_202009_DNE,4,April,18.1,17.3,22.0
2020-04-30T08:00:00Z,6.888,30.3,7.7,Broome,27.720000000000002,DAMPIER_202009_DNE,4,April,18.1,17.3,22.0
2020-04-30T09:00:00Z,5.981,30.4,6.8,Broome,24.48,DAMPIER_202009_DNE,4,April,18.1,17.3,22.0
2020-04-30T10:00:00Z,5.04,30.1,4.6,Broome,16.56,DAMPIER_202009_DNE,4,April,18.1,17.3,22.0
2020-04-30T11:00:00Z,4.183,30,8.4,Broome,30.240000000000002,DAMPIER_202009_DNE,4,April,18.1,17.3,22.0
2020-04-30T12:00:00Z,3.56,29.8,9.4,Broome,33.84,DAMPIER_202009_DNE,4,April,18.1,17.3,22.0
2020-04-30T13:00:00Z,3.424,29.4,9.3,Broome,33.480000000000004,DAMPIER_202009_DNE,4,April,18.1,17.3,22.0
2020-04-30T14:00:00Z,3.861,29.8,6.1,Broome,21.96,DAMPIER_202009_DNE,4,April,18.1,17.3,22.0
2020-04-30T15:00:00Z,4.572,30.3,6.7,Broome,24.12,DAMPIER_202009_DNE,4,April,18.1,17.3,22.0
2020-04-30T16:00:00Z,5.303,30.3,8.1,Broome,29.16,DAMPIER_202009_DNE,4,April,18.1,17.3,22.0
2020-04-30T17:00:00Z,5.998,30.2,9.3,Broome,33.480000000000004,DAMPIER_202009_DNE,4,April,18.1,17.3,22.0
2020-04-30T18:00:00Z,6.56,30.2,10.2,Broome,36.72,DAMPIER_202009_DNE,4,April,18.1,17.3,22.0
2020-04-30T19:00:00Z,6.808,30.3,10.1,Broome,36.36,DAMPIER_202009_DNE,4,April,18.1,17.3,22.0
2020-04-30T20:00:00Z,6.565,29.9,11,Broome,39.6,DAMPIER_202009_DNE,4,April,18.1,17.3,22.0
2020-04-30T21:00:00Z,5.963,28.5,9.9,Broome,35.64,DAMPIER_202009_DNE,4,April,18.1,17.3,22.0
2020-04-30T22:00:00Z,5.321,27.7,8.8,Broome,31.680000000000003,DAMPIER_202009_DNE,4,April,18.1,17.3,22.0
2020-04-30T23:00:00Z,4.749,26.8,9.8,Broome,35.28,DAMPIER_202009_DNE,4,April,18.1,17.3,22.0
2020-05-01T00:00:00Z,4.298,27.5,9.3,Broome,33.480000000000004,DAMPIER_202009_DNE,5,May,30.4,19.2,22.7
2020-05-01T01:00:00Z,4.141,28,9.3,Broome,33.480000000000004,DAMPIER_202009_DNE,5,May,30.4,19.2,22.7
2020-05-01T02:00:00Z,4.482,28.6,7.9,Broome,28.44,DAMPIER_202009_DNE,5,May,30.4,19.2,22.7
2020-05-01T03:00:00Z,5.145,29.6,6.5,Broome,23.400000000000002,DAMPIER_202009_DNE,5,May,30.4,19.2,22.7
2020-05-01T04:00:00Z,5.825,29.5,3.9,Broome,14.04,DAMPIER_202009_DNE,5,May,30.4,19.2,22.7
2020-05-01T05:00:00Z,6.426,29.2,2.5,Broome,9,DAMPIER_202009_DNE,5,May,30.4,19.2,22.7
2020-05-01T06:00:00Z,6.888,28.9,2.9,Broome,10.44,DAMPIER_202009_DNE,5,May,30.4,19.2,22.7
2020-05-01T07:00:00Z,7.061,28.9,3.1,Broome,11.16,DAMPIER_202009_DNE,5,May,30.4,19.2,22.7
2020-05-01T08:00:00Z,6.872,29.6,5.4,Broome,19.44,DAMPIER_202009_DNE,5,May,30.4,19.2,22.7
2020-05-01T09:00:00Z,6.413,29.8,5.2,Broome,18.720000000000002,DAMPIER_202009_DNE,5,May,30.4,19.2,22.7
2020-05-01T10:00:00Z,5.823,29.8,5.9,Broome,21.240000000000002,DAMPIER_202009_DNE,5,May,30.4,19.2,22.7
2020-05-01T11:00:00Z,5.199,29.8,5.3,Broome,19.08,DAMPIER_202009_DNE,5,May,30.4,19.2,22.7
2020-05-01T12:00:00Z,4.648,29.7,7.8,Broome,28.08,DAMPIER_202009_DNE,5,May,30.4,19.2,22.7
2020-05-01T13:00:00Z,4.288,29.4,8,Broome,28.8,DAMPIER_202009_DNE,5,May,30.4,19.2,22.7
2020-05-01T14:00:00Z,4.214,29.2,10,Broome,36,DAMPIER_202009_DNE,5,May,30.4,19.2,22.7
2020-05-01T15:00:00Z,4.417,29.1,10.2,Broome,36.72,DAMPIER_202009_DNE,5,May,30.4,19.2,22.7
2020-05-01T16:00:00Z,4.778,29.3,8.9,Broome,32.04,DAMPIER_202009_DNE,5,May,30.4,19.2,22.7
2020-05-01T17:00:00Z,5.209,29.6,9.1,Broome,32.76,DAMPIER_202009_DNE,5,May,30.4,19.2,22.7
2020-05-01T18:00:00Z,5.64,29.6,9.5,Broome,34.2,DAMPIER_202009_DNE,5,May,30.4,19.2,22.7
2020-05-01T19:00:00Z,5.985,29.4,10.1,Broome,36.36,DAMPIER_202009_DNE,5,May,30.4,19.2,22.7
2020-05-01T20:00:00Z,6.189,29.5,11,Broome,39.6,DAMPIER_202009_DNE,5,May,30.4,19.2,22.7
2020-05-01T21:00:00Z,6.174,29.4,10.1,Broome,36.36,DAMPIER_202009_DNE,5,May,30.4,19.2,22.7
2020-05-01T22:00:00Z,5.934,28.1,10,Broome,36,DAMPIER_202009_DNE,5,May,30.4,19.2,22.7
2020-05-01T23:00:00Z,5.585,28.4,10.8,Broome,38.88,DAMPIER_202009_DNE,5,May,30.4,19.2,22.7
2020-05-02T00:00:00Z,5.264,27.8,11.2,Broome,40.32,DAMPIER_202009_DNE,5,May,30.4,19.2,22.7
2020-05-02T01:00:00Z,5.02,27.5,11,Broome,39.6,DAMPIER_202009_DNE,5,May,30.4,19.2,22.7
2020-05-02T02:00:00Z,4.899,27.1,8.9,Broome,32.04,DAMPIER_202009_DNE,5,May,30.4,19.2,22.7
2020-05-02T03:00:00Z,4.954,27.4,6.9,Broome,24.840000000000003,DAMPIER_202009_DNE,5,May,30.4,19.2,22.7
2020-05-02T04:00:00Z,5.177,27.1,3,Broome,10.8,DAMPIER_202009_DNE,5,May,30.4,19.2,22.7
2020-05-02T05:00:00Z,5.504,27.9,2.7,Broome,9.72,DAMPIER_202009_DNE,5,May,30.4,19.2,22.7
2020-05-02T06:00:00Z,5.896,28.4,2.4,Broome,8.64,DAMPIER_202009_DNE,5,May,30.4,19.2,22.7
2020-05-02T07:00:00Z,6.235,28.5,4.3,Broome,15.48,DAMPIER_202009_DNE,5,May,30.4,19.2,22.7
2020-05-02T08:00:00Z,6.426,28.7,5.7,Broome,20.52,DAMPIER_202009_DNE,5,May,30.4,19.2,22.7
2020-05-02T09:00:00Z,6.554,28.9,5.2,Broome,18.720000000000002,DAMPIER_202009_DNE,5,May,30.4,19.2,22.7
2020-05-02T10:00:00Z,6.508,29,4.2,Broome,15.120000000000001,DAMPIER_202009_DNE,5,May,30.4,19.2,22.7
2020-05-02T11:00:00Z,6.195,29.1,2.3,Broome,8.28,DAMPIER_202009_DNE,5,May,30.4,19.2,22.7
2020-05-02T12:00:00Z,5.778,29,1,Broome,3.6,DAMPIER_202009_DNE,5,May,30.4,19.2,22.7
2020-05-02T13:00:00Z,5.394,28.9,2.2,Broome,7.920000000000001,DAMPIER_202009_DNE,5,May,30.4,19.2,22.7
2020-05-02T14:00:00Z,4.999,28.7,3.7,Broome,13.32,DAMPIER_202009_DNE,5,May,30.4,19.2,22.7
2020-05-02T15:00:00Z,4.625,28.6,3.8,Broome,13.68,DAMPIER_202009_DNE,5,May,30.4,19.2,22.7
2020-05-02T16:00:00Z,4.456,28.5,4.8,Broome,17.28,DAMPIER_202009_DNE,5,May,30.4,19.2,22.7
2020-05-02T17:00:00Z,4.555,28.4,8.7,Broome,31.319999999999997,DAMPIER_202009_DNE,5,May,30.4,19.2,22.7
2020-05-02T18:00:00Z,4.799,28.9,7.9,Broome,28.44,DAMPIER_202009_DNE,5,May,30.4,19.2,22.7
2020-05-02T19:00:00Z,5.124,29.1,7.6,Broome,27.36,DAMPIER_202009_DNE,5,May,30.4,19.2,22.7
2020-05-02T20:00:00Z,5.527,29.1,8.4,Broome,30.240000000000002,DAMPIER_202009_DNE,5,May,30.4,19.2,22.7
2020-05-02T21:00:00Z,5.953,28.9,10.4,Broome,37.440000000000005,DAMPIER_202009_DNE,5,May,30.4,19.2,22.7
2020-05-02T22:00:00Z,6.269,28.9,11.2,Broome,40.32,DAMPIER_202009_DNE,5,May,30.4,19.2,22.7
2020-05-02T23:00:00Z,6.346,28.9,10.5,Broome,37.800000000000004,DAMPIER_202009_DNE,5,May,30.4,19.2,22.7
2020-05-03T00:00:00Z,6.205,28.8,9.9,Broome,35.64,DAMPIER_202009_DNE,5,May,30.4,19.2,22.7
2020-05-03T01:00:00Z,5.927,28.5,10.8,Broome,38.88,DAMPIER_202009_DNE,5,May,30.4,19.2,22.7
2020-05-03T02:00:00Z,5.594,27.7,8.6,Broome,30.96,DAMPIER_202009_DNE,5,May,30.4,19.2,22.7
2020-05-03T03:00:00Z,5.256,27.3,8.8,Broome,31.680000000000003,DAMPIER_202009_DNE,5,May,30.4,19.2,22.7
2020-05-03T04:00:00Z,4.905,27.5,6.5,Broome,23.400000000000002,DAMPIER_202009_DNE,5,May,30.4,19.2,22.7
2020-05-03T05:00:00Z,4.667,27.5,4.3,Broome,15.48,DAMPIER_202009_DNE,5,May,30.4,19.2,22.7
2020-05-03T06:00:00Z,4.737,27.7,2.7,Broome,9.72,DAMPIER_202009_DNE,5,May,30.4,19.2,22.7
2020-05-03T07:00:00Z,5.113,-9999,1.3,Broome,4.680000000000001,DAMPIER_202009_DNE,5,May,30.4,19.2,22.7
2020-05-03T08:00:00Z,5.604,-9999,3.5,Broome,12.6,DAMPIER_202009_DNE,5,May,30.4,19.2,22.7
2020-05-03T09:00:00Z,6.124,-9999,1.4,Broome,5.04,DAMPIER_202009_DNE,5,May,30.4,19.2,22.7
2020-05-03T10:00:00Z,6.554,-9999,6.3,Broome,22.68,DAMPIER_202009_DNE,5,May,30.4,19.2,22.7
2020-05-03T11:00:00Z,6.809,-9999,6,Broome,21.6,DAMPIER_202009_DNE,5,May,30.4,19.2,22.7
2020-05-03T12:00:00Z,6.771,-9999,6,Broome,21.6,DAMPIER_202009_DNE,5,May,30.4,19.2,22.7
2020-05-03T13:00:00Z,6.424,-9999,9.2,Broome,33.12,DAMPIER_202009_DNE,5,May,30.4,19.2,22.7
2020-05-03T14:00:00Z,5.889,-9999,9.2,Broome,33.12,DAMPIER_202009_DNE,5,May,30.4,19.2,22.7
2020-05-03T15:00:00Z,5.259,-9999,10.5,Broome,37.800000000000004,DAMPIER_202009_DNE,5,May,30.4,19.2,22.7
2020-05-03T16:00:00Z,4.635,-9999,9.8,Broome,35.28,DAMPIER_202009_DNE,5,May,30.4,19.2,22.7
2020-05-03T17:00:00Z,4.15,-9999,8,Broome,28.8,DAMPIER_202009_DNE,5,May,30.4,19.2,22.7
2020-05-03T18:00:00Z,3.91,-9999,8.8,Broome,31.680000000000003,DAMPIER_202009_DNE,5,May,30.4,19.2,22.7
2020-05-03T19:00:00Z,4.047,-9999,9.5,Broome,34.2,DAMPIER_202009_DNE,5,May,30.4,19.2,22.7
2020-05-03T20:00:00Z,4.566,-9999,9,Broome,32.4,DAMPIER_202009_DNE,5,May,30.4,19.2,22.7
2020-05-03T21:00:00Z,5.289,-9999,5.5,Broome,19.8,DAMPIER_202009_DNE,5,May,30.4,19.2,22.7
2020-05-03T22:00:00Z,6.079,-9999,5,Broome,18,DAMPIER_202009_DNE,5,May,30.4,19.2,22.7
2020-05-03T23:00:00Z,6.782,-9999,5.3,Broome,19.08,DAMPIER_202009_DNE,5,May,30.4,19.2,22.7
2020-05-04T00:00:00Z,7.178,-9999,5.1,Broome,18.36,DAMPIER_202009_DNE,5,May,30.4,19.2,22.7
2020-05-04T01:00:00Z,7.114,-9999,5.5,Broome,19.8,DAMPIER_202009_DNE,5,May,30.4,19.2,22.7
2020-05-04T02:00:00Z,6.633,-9999,7.2,Broome,25.92,DAMPIER_202009_DNE,5,May,30.4,19.2,22.7
2020-05-04T03:00:00Z,5.915,-9999,6.3,Broome,22.68,DAMPIER_202009_DNE,5,May,30.4,19.2,22.7
2020-05-04T04:00:00Z,5.11,-9999,5.8,Broome,20.88,DAMPIER_202009_DNE,5,May,30.4,19.2,22.7
2020-05-04T05:00:00Z,4.382,-9999,5.2,Broome,18.720000000000002,DAMPIER_202009_DNE,5,May,30.4,19.2,22.7
2020-05-04T06:00:00Z,3.877,-9999,3.9,Broome,14.04,DAMPIER_202009_DNE,5,May,30.4,19.2,22.7
2020-05-04T07:00:00Z,3.77,-9999,3.7,Broome,13.32,DAMPIER_202009_DNE,5,May,30.4,19.2,22.7
2020-05-04T08:00:00Z,4.235,-9999,2.5,Broome,9,DAMPIER_202009_DNE,5,May,30.4,19.2,22.7
2020-05-04T09:00:00Z,5.119,-9999,1.6,Broome,5.760000000000001,DAMPIER_202009_DNE,5,May,30.4,19.2,22.7
2020-05-04T10:00:00Z,6.086,-9999,2.2,Broome,7.920000000000001,DAMPIER_202009_DNE,5,May,30.4,19.2,22.7
2020-05-04T11:00:00Z,6.911,-9999,2.8,Broome,10.08,DAMPIER_202009_DNE,5,May,30.4,19.2,22.7
2020-05-04T12:00:00Z,7.472,-9999,3.2,Broome,11.520000000000001,DAMPIER_202009_DNE,5,May,30.4,19.2,22.7
2020-05-04T13:00:00Z,7.617,-9999,2.2,Broome,7.920000000000001,DAMPIER_202009_DNE,5,May,30.4,19.2,22.7
2020-05-04T14:00:00Z,7.185,-9999,3.1,Broome,11.16,DAMPIER_202009_DNE,5,May,30.4,19.2,22.7
2020-05-04T15:00:00Z,6.328,-9999,2.1,Broome,7.5600000000000005,DAMPIER_202009_DNE,5,May,30.4,19.2,22.7
2020-05-04T16:00:00Z,5.334,-9999,1.1,Broome,3.9600000000000004,DAMPIER_202009_DNE,5,May,30.4,19.2,22.7
2020-05-04T17:00:00Z,4.367,-9999,2.9,Broome,10.44,DAMPIER_202009_DNE,5,May,30.4,19.2,22.7
2020-05-04T18:00:00Z,3.566,-9999,2.7,Broome,9.72,DAMPIER_202009_DNE,5,May,30.4,19.2,22.7
2020-05-04T19:00:00Z,3.158,-9999,3.3,Broome,11.879999999999999,DAMPIER_202009_DNE,5,May,30.4,19.2,22.7
2020-05-04T20:00:00Z,3.425,-9999,4.8,Broome,17.28,DAMPIER_202009_DNE,5,May,30.4,19.2,22.7
2020-05-04T21:00:00Z,4.324,-9999,6.3,Broome,22.68,DAMPIER_202009_DNE,5,May,30.4,19.2,22.7
2020-05-04T22:00:00Z,5.509,-9999,4.8,Broome,17.28,DAMPIER_202009_DNE,5,May,30.4,19.2,22.7
2020-05-04T23:00:00Z,6.716,-9999,4.3,Broome,15.48,DAMPIER_202009_DNE,5,May,30.4,19.2,22.7
2020-05-05T00:00:00Z,7.703,-9999,5,Broome,18,DAMPIER_202009_DNE,5,May,30.4,19.2,22.7
2020-05-05T01:00:00Z,8.197,-9999,6.7,Broome,24.12,DAMPIER_202009_DNE,5,May,30.4,19.2,22.7
2020-05-05T02:00:00Z,7.952,-9999,5.7,Broome,20.52,DAMPIER_202009_DNE,5,May,30.4,19.2,22.7
2020-05-05T03:00:00Z,7.066,28.2,4.8,Broome,17.28,DAMPIER_202009_DNE,5,May,30.4,19.2,22.7
2020-05-05T04:00:00Z,5.884,28.2,3,Broome,10.8,DAMPIER_202009_DNE,5,May,30.4,19.2,22.7
2020-05-05T05:00:00Z,4.615,28.1,2.4,Broome,8.64,DAMPIER_202009_DNE,5,May,30.4,19.2,22.7
2020-05-05T06:00:00Z,3.525,28.1,4.8,Broome,17.28,DAMPIER_202009_DNE,5,May,30.4,19.2,22.7
2020-05-05T07:00:00Z,2.859,28.1,6.9,Broome,24.840000000000003,DAMPIER_202009_DNE,5,May,30.4,19.2,22.7
2020-05-05T08:00:00Z,2.846,28.1,6.5,Broome,23.400000000000002,DAMPIER_202009_DNE,5,May,30.4,19.2,22.7
2020-05-05T09:00:00Z,3.717,28,4.8,Broome,17.28,DAMPIER_202009_DNE,5,May,30.4,19.2,22.7
2020-05-05T10:00:00Z,5.015,28.3,4.1,Broome,14.76,DAMPIER_202009_DNE,5,May,30.4,19.2,22.7
2020-05-05T11:00:00Z,6.374,28.4,3.1,Broome,11.16,DAMPIER_202009_DNE,5,May,30.4,19.2,22.7
2020-05-05T12:00:00Z,7.578,28.4,2,Broome,7.2,DAMPIER_202009_DNE,5,May,30.4,19.2,22.7
2020-05-05T13:00:00Z,8.384,28.4,1.7,Broome,6.12,DAMPIER_202009_DNE,5,May,30.4,19.2,22.7
2020-05-05T14:00:00Z,8.41,28.4,1.8,Broome,6.48,DAMPIER_202009_DNE,5,May,30.4,19.2,22.7
2020-05-05T15:00:00Z,7.591,28.4,1,Broome,3.6,DAMPIER_202009_DNE,5,May,30.4,19.2,22.7
2020-05-05T16:00:00Z,6.379,28.3,2.8,Broome,10.08,DAMPIER_202009_DNE,5,May,30.4,19.2,22.7
2020-05-05T17:00:00Z,5.055,28.3,2.3,Broome,8.28,DAMPIER_202009_DNE,5,May,30.4,19.2,22.7
2020-05-05T18:00:00Z,3.76,28.1,1.7,Broome,6.12,DAMPIER_202009_DNE,5,May,30.4,19.2,22.7
2020-05-05T19:00:00Z,2.731,28,2.7,Broome,9.72,DAMPIER_202009_DNE,5,May,30.4,19.2,22.7
2020-05-05T20:00:00Z,2.359,27.7,3.1,Broome,11.16,DAMPIER_202009_DNE,5,May,30.4,19.2,22.7
2020-05-05T21:00:00Z,3.038,27.8,2.6,Broome,9.360000000000001,DAMPIER_202009_DNE,5,May,30.4,19.2,22.7
2020-05-05T22:00:00Z,4.418,28.1,2.6,Broome,9.360000000000001,DAMPIER_202009_DNE,5,May,30.4,19.2,22.7
2020-05-05T23:00:00Z,6.027,28.2,2.1,Broome,7.5600000000000005,DAMPIER_202009_DNE,5,May,30.4,19.2,22.7
2020-05-06T00:00:00Z,7.596,28.2,2.1,Broome,7.5600000000000005,DAMPIER_202009_DNE,5,May,30.4,19.2,22.7
2020-05-06T01:00:00Z,8.722,28.3,1.6,Broome,5.760000000000001,DAMPIER_202009_DNE,5,May,30.4,19.2,22.7
2020-05-06T02:00:00Z,9.05,28.3,0.6,Broome,2.16,DAMPIER_202009_DNE,5,May,30.4,19.2,22.7
2020-05-06T03:00:00Z,8.364,28.3,0.2,Broome,0.7200000000000001,DAMPIER_202009_DNE,5,May,30.4,19.2,22.7
2020-05-06T04:00:00Z,7.015,28.2,3.9,Broome,14.04,DAMPIER_202009_DNE,5,May,30.4,19.2,22.7
2020-05-06T05:00:00Z,5.499,28.3,4.6,Broome,16.56,DAMPIER_202009_DNE,5,May,30.4,19.2,22.7
2020-05-06T06:00:00Z,3.959,28.2,6.9,Broome,24.840000000000003,DAMPIER_202009_DNE,5,May,30.4,19.2,22.7
2020-05-06T07:00:00Z,2.593,28.2,6.6,Broome,23.759999999999998,DAMPIER_202009_DNE,5,May,30.4,19.2,22.7
2020-05-06T08:00:00Z,1.756,28.1,6.5,Broome,23.400000000000002,DAMPIER_202009_DNE,5,May,30.4,19.2,22.7
2020-05-06T09:00:00Z,2.122,28.1,7.2,Broome,25.92,DAMPIER_202009_DNE,5,May,30.4,19.2,22.7
2020-05-06T10:00:00Z,3.532,28.2,6.4,Broome,23.040000000000003,DAMPIER_202009_DNE,5,May,30.4,19.2,22.7
2020-05-06T11:00:00Z,5.239,-9999,4.9,Broome,17.64,DAMPIER_202009_DNE,5,May,30.4,19.2,22.7
2020-05-06T12:00:00Z,6.937,-9999,2.8,Broome,10.08,DAMPIER_202009_DNE,5,May,30.4,19.2,22.7
2020-05-06T13:00:00Z,8.38,-9999,2,Broome,7.2,DAMPIER_202009_DNE,5,May,30.4,19.2,22.7
2020-05-06T14:00:00Z,9.11,-9999,1.9,Broome,6.84,DAMPIER_202009_DNE,5,May,30.4,19.2,22.7
2020-05-06T15:00:00Z,8.708,-9999,1.3,Broome,4.680000000000001,DAMPIER_202009_DNE,5,May,30.4,19.2,22.7
2020-05-06T16:00:00Z,7.5,-9999,1.2,Broome,4.32,DAMPIER_202009_DNE,5,May,30.4,19.2,22.7
2020-05-06T17:00:00Z,6.071,-9999,1,Broome,3.6,DAMPIER_202009_DNE,5,May,30.4,19.2,22.7
2020-05-06T18:00:00Z,4.524,-9999,2.3,Broome,8.28,DAMPIER_202009_DNE,5,May,30.4,19.2,22.7
2020-05-06T19:00:00Z,3.06,-9999,3.5,Broome,12.6,DAMPIER_202009_DNE,5,May,30.4,19.2,22.7
2020-05-06T20:00:00Z,1.97,-9999,2.8,Broome,10.08,DAMPIER_202009_DNE,5,May,30.4,19.2,22.7
2020-05-06T21:00:00Z,1.891,-9999,2.7,Broome,9.72,DAMPIER_202009_DNE,5,May,30.4,19.2,22.7
2020-05-06T22:00:00Z,3.111,-9999,2.9,Broome,10.44,DAMPIER_202009_DNE,5,May,30.4,19.2,22.7
2020-05-06T23:00:00Z,4.932,-9999,1.8,Broome,6.48,DAMPIER_202009_DNE,5,May,30.4,19.2,22.7
2020-05-07T00:00:00Z,6.875,-9999,1.9,Broome,6.84,DAMPIER_202009_DNE,5,May,30.4,19.2,22.7
2020-05-07T01:00:00Z,8.6,-9999,2.7,Broome,9.72,DAMPIER_202009_DNE,5,May,30.4,19.2,22.7
2020-05-07T02:00:00Z,9.662,-9999,2.6,Broome,9.360000000000001,DAMPIER_202009_DNE,5,May,30.4,19.2,22.7
2020-05-07T03:00:00Z,9.539,-9999,0.9,Broome,3.24,DAMPIER_202009_DNE,5,May,30.4,19.2,22.7
2020-05-07T04:00:00Z,8.301,-9999,2.9,Broome,10.44,DAMPIER_202009_DNE,5,May,30.4,19.2,22.7
2020-05-07T05:00:00Z,6.651,-9999,5,Broome,18,DAMPIER_202009_DNE,5,May,30.4,19.2,22.7
2020-05-07T06:00:00Z,4.909,-9999,5.1,Broome,18.36,DAMPIER_202009_DNE,5,May,30.4,19.2,22.7
2020-05-07T07:00:00Z,3.176,-9999,5.6,Broome,20.16,DAMPIER_202009_DNE,5,May,30.4,19.2,22.7
2020-05-07T08:00:00Z,1.668,-9999,4,Broome,14.4,DAMPIER_202009_DNE,5,May,30.4,19.2,22.7
2020-05-07T09:00:00Z,1.038,-9999,3.9,Broome,14.04,DAMPIER_202009_DNE,5,May,30.4,19.2,22.7
2020-05-07T10:00:00Z,1.941,-9999,3.4,Broome,12.24,DAMPIER_202009_DNE,5,May,30.4,19.2,22.7
2020-05-07T11:00:00Z,3.754,-9999,2.2,Broome,7.920000000000001,DAMPIER_202009_DNE,5,May,30.4,19.2,22.7
2020-05-07T12:00:00Z,5.744,-9999,1.9,Broome,6.84,DAMPIER_202009_DNE,5,May,30.4,19.2,22.7
2020-05-07T13:00:00Z,7.704,-9999,1.5,Broome,5.4,DAMPIER_202009_DNE,5,May,30.4,19.2,22.7
2020-05-07T14:00:00Z,9.182,-9999,1.9,Broome,6.84,DAMPIER_202009_DNE,5,May,30.4,19.2,22.7
2020-05-07T15:00:00Z,9.56,-9999,1.3,Broome,4.680000000000001,DAMPIER_202009_DNE,5,May,30.4,19.2,22.7
2020-05-07T16:00:00Z,8.694,-9999,1,Broome,3.6,DAMPIER_202009_DNE,5,May,30.4,19.2,22.7
2020-05-07T17:00:00Z,7.199,-9999,1.2,Broome,4.32,DAMPIER_202009_DNE,5,May,30.4,19.2,22.7
2020-05-07T18:00:00Z,5.564,-9999,1.6,Broome,5.760000000000001,DAMPIER_202009_DNE,5,May,30.4,19.2,22.7
2020-05-07T19:00:00Z,3.879,-9999,2,Broome,7.2,DAMPIER_202009_DNE,5,May,30.4,19.2,22.7
2020-05-07T20:00:00Z,2.37,-9999,2.1,Broome,7.5600000000000005,DAMPIER_202009_DNE,5,May,30.4,19.2,22.7
2020-05-07T21:00:00Z,1.443,-9999,2.7,Broome,9.72,DAMPIER_202009_DNE,5,May,30.4,19.2,22.7
2020-05-07T22:00:00Z,1.939,-9999,1.2,Broome,4.32,DAMPIER_202009_DNE,5,May,30.4,19.2,22.7
2020-05-07T23:00:00Z,3.702,-9999,1,Broome,3.6,DAMPIER_202009_DNE,5,May,30.4,19.2,22.7
2020-05-08T00:00:00Z,5.829,-9999,1.7,Broome,6.12,DAMPIER_202009_DNE,5,May,30.4,19.2,22.7
2020-05-08T01:00:00Z,7.892,-9999,2,Broome,7.2,DAMPIER_202009_DNE,5,May,30.4,19.2,22.7
2020-05-08T02:00:00Z,9.558,-9999,1.2,Broome,4.32,DAMPIER_202009_DNE,5,May,30.4,19.2,22.7
2020-05-08T03:00:00Z,10.187,-9999,1.1,Broome,3.9600000000000004,DAMPIER_202009_DNE,5,May,30.4,19.2,22.7
2020-05-08T04:00:00Z,9.45,-9999,2.6,Broome,9.360000000000001,DAMPIER_202009_DNE,5,May,30.4,19.2,22.7
2020-05-08T05:00:00Z,7.846,-9999,4.4,Broome,15.840000000000002,DAMPIER_202009_DNE,5,May,30.4,19.2,22.7
2020-05-08T06:00:00Z,6.048,-9999,5.2,Broome,18.720000000000002,DAMPIER_202009_DNE,5,May,30.4,19.2,22.7
2020-05-08T07:00:00Z,4.163,-9999,5.8,Broome,20.88,DAMPIER_202009_DNE,5,May,30.4,19.2,22.7
2020-05-08T08:00:00Z,2.38,-9999,5.2,Broome,18.720000000000002,DAMPIER_202009_DNE,5,May,30.4,19.2,22.7
2020-05-08T09:00:00Z,1.024,-9999,5.1,Broome,18.36,DAMPIER_202009_DNE,5,May,30.4,19.2,22.7
2020-05-08T10:00:00Z,0.908,-9999,2.4,Broome,8.64,DAMPIER_202009_DNE,5,May,30.4,19.2,22.7
2020-05-08T11:00:00Z,2.325,-9999,2.9,Broome,10.44,DAMPIER_202009_DNE,5,May,30.4,19.2,22.7
2020-05-08T12:00:00Z,4.325,-9999,2.7,Broome,9.72,DAMPIER_202009_DNE,5,May,30.4,19.2,22.7
2020-05-08T13:00:00Z,6.44,-9999,1.6,Broome,5.760000000000001,DAMPIER_202009_DNE,5,May,30.4,19.2,22.7
2020-05-08T14:00:00Z,8.417,-9999,2.4,Broome,8.64,DAMPIER_202009_DNE,5,May,30.4,19.2,22.7
2020-05-08T15:00:00Z,9.611,-9999,1.9,Broome,6.84,DAMPIER_202009_DNE,5,May,30.4,19.2,22.7
2020-05-08T16:00:00Z,9.434,-9999,1.6,Broome,5.760000000000001,DAMPIER_202009_DNE,5,May,30.4,19.2,22.7
2020-05-08T17:00:00Z,8.164,-9999,2.2,Broome,7.920000000000001,DAMPIER_202009_DNE,5,May,30.4,19.2,22.7
2020-05-08T18:00:00Z,6.581,-9999,1.9,Broome,6.84,DAMPIER_202009_DNE,5,May,30.4,19.2,22.7
2020-05-08T19:00:00Z,4.873,-9999,2.2,Broome,7.920000000000001,DAMPIER_202009_DNE,5,May,30.4,19.2,22.7
2020-05-08T20:00:00Z,3.168,-9999,3,Broome,10.8,DAMPIER_202009_DNE,5,May,30.4,19.2,22.7
2020-05-08T21:00:00Z,1.785,-9999,1.5,Broome,5.4,DAMPIER_202009_DNE,5,May,30.4,19.2,22.7
2020-05-08T22:00:00Z,1.36,-9999,3.6,Broome,12.96,DAMPIER_202009_DNE,5,May,30.4,19.2,22.7
2020-05-08T23:00:00Z,2.495,-9999,6.4,Broome,23.040000000000003,DAMPIER_202009_DNE,5,May,30.4,19.2,22.7
2020-05-09T00:00:00Z,4.489,-9999,7.6,Broome,27.36,DAMPIER_202009_DNE,5,May,30.4,19.2,22.7
2020-05-09T01:00:00Z,6.584,-9999,7.6,Broome,27.36,DAMPIER_202009_DNE,5,May,30.4,19.2,22.7
2020-05-09T02:00:00Z,8.625,-9999,4.9,Broome,17.64,DAMPIER_202009_DNE,5,May,30.4,19.2,22.7
2020-05-09T03:00:00Z,10.008,-9999,5.5,Broome,19.8,DAMPIER_202009_DNE,5,May,30.4,19.2,22.7
2020-05-09T04:00:00Z,10.097,-9999,4.5,Broome,16.2,DAMPIER_202009_DNE,5,May,30.4,19.2,22.7
2020-05-09T05:00:00Z,8.897,-9999,2.7,Broome,9.72,DAMPIER_202009_DNE,5,May,30.4,19.2,22.7
2020-05-09T06:00:00Z,7.13,-9999,2.6,Broome,9.360000000000001,DAMPIER_202009_DNE,5,May,30.4,19.2,22.7
2020-05-09T07:00:00Z,5.237,-9999,4.2,Broome,15.120000000000001,DAMPIER_202009_DNE,5,May,30.4,19.2,22.7
2020-05-09T08:00:00Z,3.411,-9999,4.5,Broome,16.2,DAMPIER_202009_DNE,5,May,30.4,19.2,22.7
2020-05-09T09:00:00Z,1.757,-9999,6.6,Broome,23.759999999999998,DAMPIER_202009_DNE,5,May,30.4,19.2,22.7
2020-05-09T10:00:00Z,0.691,-9999,4.3,Broome,15.48,DAMPIER_202009_DNE,5,May,30.4,19.2,22.7
2020-05-09T11:00:00Z,1.231,-9999,3.6,Broome,12.96,DAMPIER_202009_DNE,5,May,30.4,19.2,22.7
2020-05-09T12:00:00Z,2.993,-9999,2.9,Broome,10.44,DAMPIER_202009_DNE,5,May,30.4,19.2,22.7
2020-05-09T13:00:00Z,5.046,-9999,2.6,Broome,9.360000000000001,DAMPIER_202009_DNE,5,May,30.4,19.2,22.7
2020-05-09T14:00:00Z,7.127,-9999,1.6,Broome,5.760000000000001,DAMPIER_202009_DNE,5,May,30.4,19.2,22.7
2020-05-09T15:00:00Z,8.906,-9999,1.7,Broome,6.12,DAMPIER_202009_DNE,5,May,30.4,19.2,22.7
2020-05-09T16:00:00Z,9.656,-9999,1.4,Broome,5.04,DAMPIER_202009_DNE,5,May,30.4,19.2,22.7
2020-05-09T17:00:00Z,8.961,-9999,1.9,Broome,6.84,DAMPIER_202009_DNE,5,May,30.4,19.2,22.7
2020-05-09T18:00:00Z,7.481,-9999,3.1,Broome,11.16,DAMPIER_202009_DNE,5,May,30.4,19.2,22.7
2020-05-09T19:00:00Z,5.862,-9999,3.5,Broome,12.6,DAMPIER_202009_DNE,5,May,30.4,19.2,22.7
2020-05-09T20:00:00Z,4.151,-9999,5.4,Broome,19.44,DAMPIER_202009_DNE,5,May,30.4,19.2,22.7
2020-05-09T21:00:00Z,2.557,-9999,6.2,Broome,22.32,DAMPIER_202009_DNE,5,May,30.4,19.2,22.7
2020-05-09T22:00:00Z,1.458,-9999,6.4,Broome,23.040000000000003,DAMPIER_202009_DNE,5,May,30.4,19.2,22.7
2020-05-09T23:00:00Z,1.669,-9999,5.3,Broome,19.08,DAMPIER_202009_DNE,5,May,30.4,19.2,22.7
2020-05-10T00:00:00Z,3.295,-9999,3.8,Broome,13.68,DAMPIER_202009_DNE,5,May,30.4,19.2,22.7
2020-05-10T01:00:00Z,5.305,-9999,5.4,Broome,19.44,DAMPIER_202009_DNE,5,May,30.4,19.2,22.7
2020-05-10T02:00:00Z,7.381,-9999,8.1,Broome,29.16,DAMPIER_202009_DNE,5,May,30.4,19.2,22.7
2020-05-10T03:00:00Z,9.21,-9999,6.3,Broome,22.68,DAMPIER_202009_DNE,5,May,30.4,19.2,22.7
2020-05-10T04:00:00Z,10.053,-9999,8,Broome,28.8,DAMPIER_202009_DNE,5,May,30.4,19.2,22.7
2020-05-10T05:00:00Z,9.552,-9999,8.4,Broome,30.240000000000002,DAMPIER_202009_DNE,5,May,30.4,19.2,22.7
2020-05-10T06:00:00Z,8.074,-9999,7.6,Broome,27.36,DAMPIER_202009_DNE,5,May,30.4,19.2,22.7
2020-05-10T07:00:00Z,6.336,-9999,6.6,Broome,23.759999999999998,DAMPIER_202009_DNE,5,May,30.4,19.2,22.7
2020-05-10T08:00:00Z,4.514,-9999,5.6,Broome,20.16,DAMPIER_202009_DNE,5,May,30.4,19.2,22.7
2020-05-10T09:00:00Z,2.749,-9999,5.8,Broome,20.88,DAMPIER_202009_DNE,5,May,30.4,19.2,22.7
2020-05-10T10:00:00Z,1.319,-9999,3,Broome,10.8,DAMPIER_202009_DNE,5,May,30.4,19.2,22.7
2020-05-10T11:00:00Z,0.903,-9999,1,Broome,3.6,DAMPIER_202009_DNE,5,May,30.4,19.2,22.7
2020-05-10T12:00:00Z,2.019,-9999,1.5,Broome,5.4,DAMPIER_202009_DNE,5,May,30.4,19.2,22.7
2020-05-10T13:00:00Z,3.865,-9999,1.4,Broome,5.04,DAMPIER_202009_DNE,5,May,30.4,19.2,22.7
2020-05-10T14:00:00Z,5.821,-9999,4.4,Broome,15.840000000000002,DAMPIER_202009_DNE,5,May,30.4,19.2,22.7
2020-05-10T15:00:00Z,7.705,-9999,1.8,Broome,6.48,DAMPIER_202009_DNE,5,May,30.4,19.2,22.7
2020-05-10T16:00:00Z,9.053,-9999,8.8,Broome,31.680000000000003,DAMPIER_202009_DNE,5,May,30.4,19.2,22.7
2020-05-10T17:00:00Z,9.212,-9999,8.6,Broome,30.96,DAMPIER_202009_DNE,5,May,30.4,19.2,22.7
2020-05-10T18:00:00Z,8.137,-9999,8.9,Broome,32.04,DAMPIER_202009_DNE,5,May,30.4,19.2,22.7
2020-05-10T19:00:00Z,6.652,-9999,8.5,Broome,30.6,DAMPIER_202009_DNE,5,May,30.4,19.2,22.7
2020-05-10T20:00:00Z,5.116,-9999,7.2,Broome,25.92,DAMPIER_202009_DNE,5,May,30.4,19.2,22.7
2020-05-10T21:00:00Z,3.565,-9999,8.2,Broome,29.52,DAMPIER_202009_DNE,5,May,30.4,19.2,22.7
2020-05-10T22:00:00Z,2.234,-9999,6.5,Broome,23.400000000000002,DAMPIER_202009_DNE,5,May,30.4,19.2,22.7
2020-05-10T23:00:00Z,1.661,-9999,6.9,Broome,24.840000000000003,DAMPIER_202009_DNE,5,May,30.4,19.2,22.7
2020-05-11T00:00:00Z,2.541,-9999,6.3,Broome,22.68,DAMPIER_202009_DNE,5,May,30.4,19.2,22.7
2020-05-11T01:00:00Z,4.31,-9999,6.5,Broome,23.400000000000002,DAMPIER_202009_DNE,5,May,30.4,19.2,22.7
2020-05-11T02:00:00Z,6.252,27.4,6.4,Broome,23.040000000000003,DAMPIER_202009_DNE,5,May,30.4,19.2,22.7
2020-05-11T03:00:00Z,8.081,27.4,5.8,Broome,20.88,DAMPIER_202009_DNE,5,May,30.4,19.2,22.7
2020-05-11T04:00:00Z,9.347,27.5,5.1,Broome,18.36,DAMPIER_202009_DNE,5,May,30.4,19.2,22.7
2020-05-11T05:00:00Z,9.643,27.5,2.6,Broome,9.360000000000001,DAMPIER_202009_DNE,5,May,30.4,19.2,22.7
2020-05-11T06:00:00Z,8.752,27.6,1.4,Broome,5.04,DAMPIER_202009_DNE,5,May,30.4,19.2,22.7
2020-05-11T07:00:00Z,7.195,27.6,3.6,Broome,12.96,DAMPIER_202009_DNE,5,May,30.4,19.2,22.7
2020-05-11T08:00:00Z,5.6,27.6,6,Broome,21.6,DAMPIER_202009_DNE,5,May,30.4,19.2,22.7
2020-05-11T09:00:00Z,3.98,27.5,5.4,Broome,19.44,DAMPIER_202009_DNE,5,May,30.4,19.2,22.7
2020-05-11T10:00:00Z,2.473,27.5,3.1,Broome,11.16,DAMPIER_202009_DNE,5,May,30.4,19.2,22.7
2020-05-11T11:00:00Z,1.488,27.4,3.1,Broome,11.16,DAMPIER_202009_DNE,5,May,30.4,19.2,22.7
2020-05-11T12:00:00Z,1.773,27.4,0.8,Broome,2.8800000000000003,DAMPIER_202009_DNE,5,May,30.4,19.2,22.7
2020-05-11T13:00:00Z,3.16,27.4,0.8,Broome,2.8800000000000003,DAMPIER_202009_DNE,5,May,30.4,19.2,22.7
2020-05-11T14:00:00Z,4.784,27.5,3.2,Broome,11.520000000000001,DAMPIER_202009_DNE,5,May,30.4,19.2,22.7
2020-05-11T15:00:00Z,6.424,27.4,7.4,Broome,26.64,DAMPIER_202009_DNE,5,May,30.4,19.2,22.7
2020-05-11T16:00:00Z,7.905,27.4,5.7,Broome,20.52,DAMPIER_202009_DNE,5,May,30.4,19.2,22.7
2020-05-11T17:00:00Z,8.75,27.4,5.8,Broome,20.88,DAMPIER_202009_DNE,5,May,30.4,19.2,22.7
2020-05-11T18:00:00Z,8.431,27.4,5.2,Broome,18.720000000000002,DAMPIER_202009_DNE,5,May,30.4,19.2,22.7
2020-05-11T19:00:00Z,7.283,27.4,5.3,Broome,19.08,DAMPIER_202009_DNE,5,May,30.4,19.2,22.7
2020-05-11T20:00:00Z,5.982,27.3,5.1,Broome,18.36,DAMPIER_202009_DNE,5,May,30.4,19.2,22.7
2020-05-11T21:00:00Z,4.603,27.2,6,Broome,21.6,DAMPIER_202009_DNE,5,May,30.4,19.2,22.7
2020-05-11T22:00:00Z,3.296,27.2,5.1,Broome,18.36,DAMPIER_202009_DNE,5,May,30.4,19.2,22.7
2020-05-11T23:00:00Z,2.39,27,6.6,Broome,23.759999999999998,DAMPIER_202009_DNE,5,May,30.4,19.2,22.7
2020-05-12T00:00:00Z,2.469,26.7,4.9,Broome,17.64,DAMPIER_202009_DNE,5,May,30.4,19.2,22.7
2020-05-12T01:00:00Z,3.647,27.1,3.1,Broome,11.16,DAMPIER_202009_DNE,5,May,30.4,19.2,22.7
2020-05-12T02:00:00Z,5.245,27.2,3.3,Broome,11.879999999999999,DAMPIER_202009_DNE,5,May,30.4,19.2,22.7
2020-05-12T03:00:00Z,6.86,27.2,3.3,Broome,11.879999999999999,DAMPIER_202009_DNE,5,May,30.4,19.2,22.7
2020-05-12T04:00:00Z,8.237,27.2,2.7,Broome,9.72,DAMPIER_202009_DNE,5,May,30.4,19.2,22.7
2020-05-12T05:00:00Z,9.012,27.3,3,Broome,10.8,DAMPIER_202009_DNE,5,May,30.4,19.2,22.7
2020-05-12T06:00:00Z,8.816,27.3,1.6,Broome,5.760000000000001,DAMPIER_202009_DNE,5,May,30.4,19.2,22.7
2020-05-12T07:00:00Z,7.72,27.4,3.7,Broome,13.32,DAMPIER_202009_DNE,5,May,30.4,19.2,22.7
2020-05-12T08:00:00Z,6.359,27.5,2.5,Broome,9,DAMPIER_202009_DNE,5,May,30.4,19.2,22.7
2020-05-12T09:00:00Z,4.96,27.4,4.1,Broome,14.76,DAMPIER_202009_DNE,5,May,30.4,19.2,22.7
2020-05-12T10:00:00Z,3.642,27.4,4.2,Broome,15.120000000000001,DAMPIER_202009_DNE,5,May,30.4,19.2,22.7
2020-05-12T11:00:00Z,2.584,27.4,3.7,Broome,13.32,DAMPIER_202009_DNE,5,May,30.4,19.2,22.7
2020-05-12T12:00:00Z,2.182,27.3,3.8,Broome,13.68,DAMPIER_202009_DNE,5,May,30.4,19.2,22.7
2020-05-12T13:00:00Z,2.837,27.3,4.4,Broome,15.840000000000002,DAMPIER_202009_DNE,5,May,30.4,19.2,22.7
2020-05-12T14:00:00Z,4.107,27.3,5.9,Broome,21.240000000000002,DAMPIER_202009_DNE,5,May,30.4,19.2,22.7
2020-05-12T15:00:00Z,5.463,27.3,7.1,Broome,25.56,DAMPIER_202009_DNE,5,May,30.4,19.2,22.7
2020-05-12T16:00:00Z,6.772,27.3,5.2,Broome,18.720000000000002,DAMPIER_202009_DNE,5,May,30.4,19.2,22.7
2020-05-12T17:00:00Z,7.869,27.2,4.7,Broome,16.92,DAMPIER_202009_DNE,5,May,30.4,19.2,22.7
2020-05-12T18:00:00Z,8.215,27.2,6.4,Broome,23.040000000000003,DAMPIER_202009_DNE,5,May,30.4,19.2,22.7
2020-05-12T19:00:00Z,7.569,27.2,6,Broome,21.6,DAMPIER_202009_DNE,5,May,30.4,19.2,22.7
2020-05-12T20:00:00Z,6.541,27.2,5,Broome,18,DAMPIER_202009_DNE,5,May,30.4,19.2,22.7
2020-05-12T21:00:00Z,5.417,27.1,6.2,Broome,22.32,DAMPIER_202009_DNE,5,May,30.4,19.2,22.7
2020-05-12T22:00:00Z,4.258,27.1,5.8,Broome,20.88,DAMPIER_202009_DNE,5,May,30.4,19.2,22.7
2020-05-12T23:00:00Z,3.318,26.8,7.7,Broome,27.720000000000002,DAMPIER_202009_DNE,5,May,30.4,19.2,22.7
2020-05-13T00:00:00Z,2.939,26.6,6.3,Broome,22.68,DAMPIER_202009_DNE,5,May,30.4,19.2,22.7
2020-05-13T01:00:00Z,3.457,26.7,4.7,Broome,16.92,DAMPIER_202009_DNE,5,May,30.4,19.2,22.7
2020-05-13T02:00:00Z,4.627,26.9,7.4,Broome,26.64,DAMPIER_202009_DNE,5,May,30.4,19.2,22.7
2020-05-13T03:00:00Z,5.911,27,7.1,Broome,25.56,DAMPIER_202009_DNE,5,May,30.4,19.2,22.7
2020-05-13T04:00:00Z,7.09,27,6.5,Broome,23.400000000000002,DAMPIER_202009_DNE,5,May,30.4,19.2,22.7
2020-05-13T05:00:00Z,7.975,27,3.7,Broome,13.32,DAMPIER_202009_DNE,5,May,30.4,19.2,22.7
2020-05-13T06:00:00Z,8.285,-9999,4.4,Broome,15.840000000000002,DAMPIER_202009_DNE,5,May,30.4,19.2,22.7
2020-05-13T07:00:00Z,7.826,-9999,2.9,Broome,10.44,DAMPIER_202009_DNE,5,May,30.4,19.2,22.7
2020-05-13T08:00:00Z,6.861,-9999,4.5,Broome,16.2,DAMPIER_202009_DNE,5,May,30.4,19.2,22.7
2020-05-13T09:00:00Z,5.782,-9999,5.7,Broome,20.52,DAMPIER_202009_DNE,5,May,30.4,19.2,22.7
2020-05-13T10:00:00Z,4.681,-9999,5.1,Broome,18.36,DAMPIER_202009_DNE,5,May,30.4,19.2,22.7
2020-05-13T11:00:00Z,3.714,-9999,5.7,Broome,20.52,DAMPIER_202009_DNE,5,May,30.4,19.2,22.7
2020-05-13T12:00:00Z,3.089,-9999,7.4,Broome,26.64,DAMPIER_202009_DNE,5,May,30.4,19.2,22.7
2020-05-13T13:00:00Z,3.11,-9999,7.5,Broome,27,DAMPIER_202009_DNE,5,May,30.4,19.2,22.7
2020-05-13T14:00:00Z,3.792,-9999,7.9,Broome,28.44,DAMPIER_202009_DNE,5,May,30.4,19.2,22.7
2020-05-13T15:00:00Z,4.749,-9999,8.3,Broome,29.880000000000003,DAMPIER_202009_DNE,5,May,30.4,19.2,22.7
2020-05-13T16:00:00Z,5.769,-9999,8,Broome,28.8,DAMPIER_202009_DNE,5,May,30.4,19.2,22.7
2020-05-13T17:00:00Z,6.742,-9999,7.6,Broome,27.36,DAMPIER_202009_DNE,5,May,30.4,19.2,22.7
2020-05-13T18:00:00Z,7.413,-9999,7.1,Broome,25.56,DAMPIER_202009_DNE,5,May,30.4,19.2,22.7
2020-05-13T19:00:00Z,7.45,-9999,7.7,Broome,27.720000000000002,DAMPIER_202009_DNE,5,May,30.4,19.2,22.7
2020-05-13T20:00:00Z,6.871,-9999,8.3,Broome,29.880000000000003,DAMPIER_202009_DNE,5,May,30.4,19.2,22.7
2020-05-13T21:00:00Z,6.007,-9999,7.9,Broome,28.44,DAMPIER_202009_DNE,5,May,30.4,19.2,22.7
2020-05-13T22:00:00Z,5.066,-9999,7.6,Broome,27.36,DAMPIER_202009_DNE,5,May,30.4,19.2,22.7
2020-05-13T23:00:00Z,4.243,-9999,8.1,Broome,29.16,DAMPIER_202009_DNE,5,May,30.4,19.2,22.7
2020-05-14T00:00:00Z,3.737,-9999,8.2,Broome,29.52,DAMPIER_202009_DNE,5,May,30.4,19.2,22.7
2020-05-14T01:00:00Z,3.725,-9999,7.2,Broome,25.92,DAMPIER_202009_DNE,5,May,30.4,19.2,22.7
2020-05-14T02:00:00Z,4.324,-9999,8.3,Broome,29.880000000000003,DAMPIER_202009_DNE,5,May,30.4,19.2,22.7
2020-05-14T03:00:00Z,5.245,-9999,9.6,Broome,34.56,DAMPIER_202009_DNE,5,May,30.4,19.2,22.7
2020-05-14T04:00:00Z,6.142,-9999,7.2,Broome,25.92,DAMPIER_202009_DNE,5,May,30.4,19.2,22.7
2020-05-14T05:00:00Z,6.92,-9999,5.4,Broome,19.44,DAMPIER_202009_DNE,5,May,30.4,19.2,22.7
2020-05-14T06:00:00Z,7.427,-9999,4.6,Broome,16.56,DAMPIER_202009_DNE,5,May,30.4,19.2,22.7
2020-05-14T07:00:00Z,7.477,-9999,2.3,Broome,8.28,DAMPIER_202009_DNE,5,May,30.4,19.2,22.7
2020-05-14T08:00:00Z,7.048,-9999,1,Broome,3.6,DAMPIER_202009_DNE,5,May,30.4,19.2,22.7
2020-05-14T09:00:00Z,6.27,-9999,3.1,Broome,11.16,DAMPIER_202009_DNE,5,May,30.4,19.2,22.7
2020-05-14T10:00:00Z,5.421,-9999,4.3,Broome,15.48,DAMPIER_202009_DNE,5,May,30.4,19.2,22.7
2020-05-14T11:00:00Z,4.679,-9999,4.3,Broome,15.48,DAMPIER_202009_DNE,5,May,30.4,19.2,22.7
2020-05-14T12:00:00Z,4.089,-9999,5.6,Broome,20.16,DAMPIER_202009_DNE,5,May,30.4,19.2,22.7
2020-05-14T13:00:00Z,3.767,-9999,8,Broome,28.8,DAMPIER_202009_DNE,5,May,30.4,19.2,22.7
2020-05-14T14:00:00Z,3.884,-9999,9.4,Broome,33.84,DAMPIER_202009_DNE,5,May,30.4,19.2,22.7
2020-05-14T15:00:00Z,4.391,-9999,9.6,Broome,34.56,DAMPIER_202009_DNE,5,May,30.4,19.2,22.7
2020-05-14T16:00:00Z,5.066,-9999,10.3,Broome,37.080000000000005,DAMPIER_202009_DNE,5,May,30.4,19.2,22.7
2020-05-14T17:00:00Z,5.767,-9999,10.2,Broome,36.72,DAMPIER_202009_DNE,5,May,30.4,19.2,22.7
2020-05-14T18:00:00Z,6.37,-9999,9.3,Broome,33.480000000000004,DAMPIER_202009_DNE,5,May,30.4,19.2,22.7
2020-05-14T19:00:00Z,6.758,-9999,9.8,Broome,35.28,DAMPIER_202009_DNE,5,May,30.4,19.2,22.7
2020-05-14T20:00:00Z,6.757,-9999,9.2,Broome,33.12,DAMPIER_202009_DNE,5,May,30.4,19.2,22.7
2020-05-14T21:00:00Z,6.349,-9999,9,Broome,32.4,DAMPIER_202009_DNE,5,May,30.4,19.2,22.7
2020-05-14T22:00:00Z,5.742,-9999,8.6,Broome,30.96,DAMPIER_202009_DNE,5,May,30.4,19.2,22.7
2020-05-14T23:00:00Z,5.121,-9999,8.8,Broome,31.680000000000003,DAMPIER_202009_DNE,5,May,30.4,19.2,22.7
2020-05-15T00:00:00Z,4.665,-9999,9.5,Broome,34.2,DAMPIER_202009_DNE,5,May,30.4,19.2,22.7
2020-05-15T01:00:00Z,4.426,-9999,8,Broome,28.8,DAMPIER_202009_DNE,5,May,30.4,19.2,22.7
2020-05-15T02:00:00Z,4.491,-9999,9.1,Broome,32.76,DAMPIER_202009_DNE,5,May,30.4,19.2,22.7
2020-05-15T03:00:00Z,4.904,25.5,7.5,Broome,27,DAMPIER_202009_DNE,5,May,30.4,19.2,22.7
2020-05-15T04:00:00Z,5.45,26.1,6.4,Broome,23.040000000000003,DAMPIER_202009_DNE,5,May,30.4,19.2,22.7
2020-05-15T05:00:00Z,5.954,26.1,4.8,Broome,17.28,DAMPIER_202009_DNE,5,May,30.4,19.2,22.7
2020-05-15T06:00:00Z,6.379,25.9,2.3,Broome,8.28,DAMPIER_202009_DNE,5,May,30.4,19.2,22.7
2020-05-15T07:00:00Z,6.678,25.6,1.9,Broome,6.84,DAMPIER_202009_DNE,5,May,30.4,19.2,22.7
2020-05-15T08:00:00Z,6.711,25.8,3.2,Broome,11.520000000000001,DAMPIER_202009_DNE,5,May,30.4,19.2,22.7
2020-05-15T09:00:00Z,6.486,26.1,2.7,Broome,9.72,DAMPIER_202009_DNE,5,May,30.4,19.2,22.7
2020-05-15T10:00:00Z,6.067,26.3,3.6,Broome,12.96,DAMPIER_202009_DNE,5,May,30.4,19.2,22.7
2020-05-15T11:00:00Z,5.516,26.4,7,Broome,25.2,DAMPIER_202009_DNE,5,May,30.4,19.2,22.7
2020-05-15T12:00:00Z,5.01,26.4,6.9,Broome,24.840000000000003,DAMPIER_202009_DNE,5,May,30.4,19.2,22.7
2020-05-15T13:00:00Z,4.648,26.3,7.8,Broome,28.08,DAMPIER_202009_DNE,5,May,30.4,19.2,22.7
2020-05-15T14:00:00Z,4.426,26.2,8.9,Broome,32.04,DAMPIER_202009_DNE,5,May,30.4,19.2,22.7
2020-05-15T15:00:00Z,4.421,26,10,Broome,36,DAMPIER_202009_DNE,5,May,30.4,19.2,22.7
2020-05-15T16:00:00Z,4.698,26,9.3,Broome,33.480000000000004,DAMPIER_202009_DNE,5,May,30.4,19.2,22.7
2020-05-15T17:00:00Z,5.128,25.9,10.3,Broome,37.080000000000005,DAMPIER_202009_DNE,5,May,30.4,19.2,22.7
2020-05-15T18:00:00Z,5.566,25.9,8.3,Broome,29.880000000000003,DAMPIER_202009_DNE,5,May,30.4,19.2,22.7
2020-05-15T19:00:00Z,5.949,25.9,7.4,Broome,26.64,DAMPIER_202009_DNE,5,May,30.4,19.2,22.7
2020-05-15T20:00:00Z,6.253,26,8.7,Broome,31.319999999999997,DAMPIER_202009_DNE,5,May,30.4,19.2,22.7
2020-05-15T21:00:00Z,6.366,26,7.4,Broome,26.64,DAMPIER_202009_DNE,5,May,30.4,19.2,22.7
2020-05-15T22:00:00Z,6.194,25.8,6.7,Broome,24.12,DAMPIER_202009_DNE,5,May,30.4,19.2,22.7
2020-05-15T23:00:00Z,5.884,25.3,7.9,Broome,28.44,DAMPIER_202009_DNE,5,May,30.4,19.2,22.7
2020-05-16T00:00:00Z,5.572,24.6,7.5,Broome,27,DAMPIER_202009_DNE,5,May,30.4,19.2,22.7
2020-05-16T01:00:00Z,5.315,24.6,6.4,Broome,23.040000000000003,DAMPIER_202009_DNE,5,May,30.4,19.2,22.7
2020-05-16T02:00:00Z,5.105,24.7,8.1,Broome,29.16,DAMPIER_202009_DNE,5,May,30.4,19.2,22.7
2020-05-16T03:00:00Z,4.993,24.4,7.1,Broome,25.56,DAMPIER_202009_DNE,5,May,30.4,19.2,22.7
2020-05-16T04:00:00Z,5.045,25,5.8,Broome,20.88,DAMPIER_202009_DNE,5,May,30.4,19.2,22.7
2020-05-16T05:00:00Z,5.21,25.2,4.7,Broome,16.92,DAMPIER_202009_DNE,5,May,30.4,19.2,22.7
2020-05-16T06:00:00Z,5.441,25.4,3.8,Broome,13.68,DAMPIER_202009_DNE,5,May,30.4,19.2,22.7
2020-05-16T07:00:00Z,5.763,25.5,3.9,Broome,14.04,DAMPIER_202009_DNE,5,May,30.4,19.2,22.7
2020-05-16T08:00:00Z,6.09,25.6,3.6,Broome,12.96,DAMPIER_202009_DNE,5,May,30.4,19.2,22.7
2020-05-16T09:00:00Z,6.302,25.7,2.7,Broome,9.72,DAMPIER_202009_DNE,5,May,30.4,19.2,22.7
2020-05-16T10:00:00Z,6.392,25.8,3.4,Broome,12.24,DAMPIER_202009_DNE,5,May,30.4,19.2,22.7
2020-05-16T11:00:00Z,6.303,25.9,4.2,Broome,15.120000000000001,DAMPIER_202009_DNE,5,May,30.4,19.2,22.7
2020-05-16T12:00:00Z,5.991,26.1,5,Broome,18,DAMPIER_202009_DNE,5,May,30.4,19.2,22.7
2020-05-16T13:00:00Z,5.59,26.1,7.3,Broome,26.28,DAMPIER_202009_DNE,5,May,30.4,19.2,22.7
2020-05-16T14:00:00Z,5.174,26.1,8.4,Broome,30.240000000000002,DAMPIER_202009_DNE,5,May,30.4,19.2,22.7
2020-05-16T15:00:00Z,4.82,26,9.8,Broome,35.28,DAMPIER_202009_DNE,5,May,30.4,19.2,22.7
2020-05-16T16:00:00Z,4.591,25.7,10.5,Broome,37.800000000000004,DAMPIER_202009_DNE,5,May,30.4,19.2,22.7
2020-05-16T17:00:00Z,4.547,25.5,9.7,Broome,34.92,DAMPIER_202009_DNE,5,May,30.4,19.2,22.7
2020-05-16T18:00:00Z,4.778,25.5,8.2,Broome,29.52,DAMPIER_202009_DNE,5,May,30.4,19.2,22.7
2020-05-16T19:00:00Z,5.18,25.5,8.4,Broome,30.240000000000002,DAMPIER_202009_DNE,5,May,30.4,19.2,22.7
2020-05-16T20:00:00Z,5.619,25.5,7,Broome,25.2,DAMPIER_202009_DNE,5,May,30.4,19.2,22.7
2020-05-16T21:00:00Z,6.056,25.6,7.1,Broome,25.56,DAMPIER_202009_DNE,5,May,30.4,19.2,22.7
2020-05-16T22:00:00Z,6.407,25.6,8.7,Broome,31.319999999999997,DAMPIER_202009_DNE,5,May,30.4,19.2,22.7
2020-05-16T23:00:00Z,6.54,25.7,8.1,Broome,29.16,DAMPIER_202009_DNE,5,May,30.4,19.2,22.7
2020-05-17T00:00:00Z,6.441,25.7,5.3,Broome,19.08,DAMPIER_202009_DNE,5,May,30.4,19.2,22.7
2020-05-17T01:00:00Z,6.167,25.6,8.2,Broome,29.52,DAMPIER_202009_DNE,5,May,30.4,19.2,22.7
2020-05-17T02:00:00Z,5.786,25.2,6.3,Broome,22.68,DAMPIER_202009_DNE,5,May,30.4,19.2,22.7
2020-05-17T03:00:00Z,5.417,25.1,6.1,Broome,21.96,DAMPIER_202009_DNE,5,May,30.4,19.2,22.7
2020-05-17T04:00:00Z,5.073,25,6.4,Broome,23.040000000000003,DAMPIER_202009_DNE,5,May,30.4,19.2,22.7
2020-05-17T05:00:00Z,4.738,24.7,4.8,Broome,17.28,DAMPIER_202009_DNE,5,May,30.4,19.2,22.7
2020-05-17T06:00:00Z,4.634,24.9,3.4,Broome,12.24,DAMPIER_202009_DNE,5,May,30.4,19.2,22.7
2020-05-17T07:00:00Z,4.858,25.3,4.9,Broome,17.64,DAMPIER_202009_DNE,5,May,30.4,19.2,22.7
2020-05-17T08:00:00Z,5.299,25.6,3.3,Broome,11.879999999999999,DAMPIER_202009_DNE,5,May,30.4,19.2,22.7
2020-05-17T09:00:00Z,5.813,25.7,3.8,Broome,13.68,DAMPIER_202009_DNE,5,May,30.4,19.2,22.7
2020-05-17T10:00:00Z,6.276,25.6,3.1,Broome,11.16,DAMPIER_202009_DNE,5,May,30.4,19.2,22.7
2020-05-17T11:00:00Z,6.591,25.7,3.4,Broome,12.24,DAMPIER_202009_DNE,5,May,30.4,19.2,22.7
2020-05-17T12:00:00Z,6.679,25.8,5.5,Broome,19.8,DAMPIER_202009_DNE,5,May,30.4,19.2,22.7
2020-05-17T13:00:00Z,6.512,25.8,3,Broome,10.8,DAMPIER_202009_DNE,5,May,30.4,19.2,22.7
2020-05-17T14:00:00Z,6.064,25.6,0.8,Broome,2.8800000000000003,DAMPIER_202009_DNE,5,May,30.4,19.2,22.7
2020-05-17T15:00:00Z,5.463,25.8,1,Broome,3.6,DAMPIER_202009_DNE,5,May,30.4,19.2,22.7
2020-05-17T16:00:00Z,4.912,25.6,1.1,Broome,3.9600000000000004,DAMPIER_202009_DNE,5,May,30.4,19.2,22.7
2020-05-17T17:00:00Z,4.477,25.2,4.5,Broome,16.2,DAMPIER_202009_DNE,5,May,30.4,19.2,22.7
2020-05-17T18:00:00Z,4.24,25.5,3.9,Broome,14.04,DAMPIER_202009_DNE,5,May,30.4,19.2,22.7
2020-05-17T19:00:00Z,4.364,25.4,4.6,Broome,16.56,DAMPIER_202009_DNE,5,May,30.4,19.2,22.7
2020-05-17T20:00:00Z,4.871,25.5,4.3,Broome,15.48,DAMPIER_202009_DNE,5,May,30.4,19.2,22.7
2020-05-17T21:00:00Z,5.562,25.4,4.4,Broome,15.840000000000002,DAMPIER_202009_DNE,5,May,30.4,19.2,22.7
2020-05-17T22:00:00Z,6.221,-9999,4.8,Broome,17.28,DAMPIER_202009_DNE,5,May,30.4,19.2,22.7
2020-05-17T23:00:00Z,6.796,-9999,5.3,Broome,19.08,DAMPIER_202009_DNE,5,May,30.4,19.2,22.7
2020-05-18T00:00:00Z,7.118,-9999,4.7,Broome,16.92,DAMPIER_202009_DNE,5,May,30.4,19.2,22.7
2020-05-18T01:00:00Z,7.052,-9999,4.3,Broome,15.48,DAMPIER_202009_DNE,5,May,30.4,19.2,22.7
2020-05-18T02:00:00Z,6.649,-9999,6.2,Broome,22.32,DAMPIER_202009_DNE,5,May,30.4,19.2,22.7
2020-05-18T03:00:00Z,5.994,-9999,6,Broome,21.6,DAMPIER_202009_DNE,5,May,30.4,19.2,22.7
2020-05-18T04:00:00Z,5.284,-9999,5.1,Broome,18.36,DAMPIER_202009_DNE,5,May,30.4,19.2,22.7
2020-05-18T05:00:00Z,4.64,-9999,3.1,Broome,11.16,DAMPIER_202009_DNE,5,May,30.4,19.2,22.7
2020-05-18T06:00:00Z,4.157,-9999,2.1,Broome,7.5600000000000005,DAMPIER_202009_DNE,5,May,30.4,19.2,22.7
2020-05-18T07:00:00Z,4.048,-9999,3.5,Broome,12.6,DAMPIER_202009_DNE,5,May,30.4,19.2,22.7
2020-05-18T08:00:00Z,4.413,-9999,2.7,Broome,9.72,DAMPIER_202009_DNE,5,May,30.4,19.2,22.7
2020-05-18T09:00:00Z,5.094,-9999,3.5,Broome,12.6,DAMPIER_202009_DNE,5,May,30.4,19.2,22.7
2020-05-18T10:00:00Z,5.882,-9999,4.4,Broome,15.840000000000002,DAMPIER_202009_DNE,5,May,30.4,19.2,22.7
2020-05-18T11:00:00Z,6.601,-9999,4,Broome,14.4,DAMPIER_202009_DNE,5,May,30.4,19.2,22.7
2020-05-18T12:00:00Z,7.105,-9999,2.8,Broome,10.08,DAMPIER_202009_DNE,5,May,30.4,19.2,22.7
2020-05-18T13:00:00Z,7.24,-9999,4.1,Broome,14.76,DAMPIER_202009_DNE,5,May,30.4,19.2,22.7
2020-05-18T14:00:00Z,6.928,-9999,2.8,Broome,10.08,DAMPIER_202009_DNE,5,May,30.4,19.2,22.7
2020-05-18T15:00:00Z,6.24,-9999,2.6,Broome,9.360000000000001,DAMPIER_202009_DNE,5,May,30.4,19.2,22.7
2020-05-18T16:00:00Z,5.407,-9999,2.3,Broome,8.28,DAMPIER_202009_DNE,5,May,30.4,19.2,22.7
2020-05-18T17:00:00Z,4.614,-9999,4.5,Broome,16.2,DAMPIER_202009_DNE,5,May,30.4,19.2,22.7
2020-05-18T18:00:00Z,4.011,-9999,4.3,Broome,15.48,DAMPIER_202009_DNE,5,May,30.4,19.2,22.7
2020-05-18T19:00:00Z,3.8,-9999,3.6,Broome,12.96,DAMPIER_202009_DNE,5,May,30.4,19.2,22.7
2020-05-18T20:00:00Z,4.095,-9999,5.9,Broome,21.240000000000002,DAMPIER_202009_DNE,5,May,30.4,19.2,22.7
2020-05-18T21:00:00Z,4.816,-9999,5.2,Broome,18.720000000000002,DAMPIER_202009_DNE,5,May,30.4,19.2,22.7
2020-05-18T22:00:00Z,5.742,-9999,7,Broome,25.2,DAMPIER_202009_DNE,5,May,30.4,19.2,22.7
2020-05-18T23:00:00Z,6.688,-9999,5.3,Broome,19.08,DAMPIER_202009_DNE,5,May,30.4,19.2,22.7
2020-05-19T00:00:00Z,7.422,-9999,5.7,Broome,20.52,DAMPIER_202009_DNE,5,May,30.4,19.2,22.7
2020-05-19T01:00:00Z,7.699,-9999,7.3,Broome,26.28,DAMPIER_202009_DNE,5,May,30.4,19.2,22.7
2020-05-19T02:00:00Z,7.484,-9999,9,Broome,32.4,DAMPIER_202009_DNE,5,May,30.4,19.2,22.7
2020-05-19T03:00:00Z,6.828,-9999,7.3,Broome,26.28,DAMPIER_202009_DNE,5,May,30.4,19.2,22.7
2020-05-19T04:00:00Z,5.883,-9999,5.9,Broome,21.240000000000002,DAMPIER_202009_DNE,5,May,30.4,19.2,22.7
2020-05-19T05:00:00Z,4.884,-9999,7.8,Broome,28.08,DAMPIER_202009_DNE,5,May,30.4,19.2,22.7
2020-05-19T06:00:00Z,4.015,-9999,4.8,Broome,17.28,DAMPIER_202009_DNE,5,May,30.4,19.2,22.7
2020-05-19T07:00:00Z,3.499,-9999,2.9,Broome,10.44,DAMPIER_202009_DNE,5,May,30.4,19.2,22.7
2020-05-19T08:00:00Z,3.569,-9999,2.6,Broome,9.360000000000001,DAMPIER_202009_DNE,5,May,30.4,19.2,22.7
2020-05-19T09:00:00Z,4.166,-9999,5.6,Broome,20.16,DAMPIER_202009_DNE,5,May,30.4,19.2,22.7
2020-05-19T10:00:00Z,5.085,-9999,5.4,Broome,19.44,DAMPIER_202009_DNE,5,May,30.4,19.2,22.7
2020-05-19T11:00:00Z,6.146,-9999,5.4,Broome,19.44,DAMPIER_202009_DNE,5,May,30.4,19.2,22.7
2020-05-19T12:00:00Z,7.068,-9999,4.1,Broome,14.76,DAMPIER_202009_DNE,5,May,30.4,19.2,22.7
2020-05-19T13:00:00Z,7.665,-9999,5.1,Broome,18.36,DAMPIER_202009_DNE,5,May,30.4,19.2,22.7
2020-05-19T14:00:00Z,7.646,-9999,3.9,Broome,14.04,DAMPIER_202009_DNE,5,May,30.4,19.2,22.7
2020-05-19T15:00:00Z,7.034,-9999,4.1,Broome,14.76,DAMPIER_202009_DNE,5,May,30.4,19.2,22.7
2020-05-19T16:00:00Z,6.072,-9999,4.4,Broome,15.840000000000002,DAMPIER_202009_DNE,5,May,30.4,19.2,22.7
2020-05-19T17:00:00Z,4.997,-9999,5.7,Broome,20.52,DAMPIER_202009_DNE,5,May,30.4,19.2,22.7
2020-05-19T18:00:00Z,4.028,-9999,6.2,Broome,22.32,DAMPIER_202009_DNE,5,May,30.4,19.2,22.7
2020-05-19T19:00:00Z,3.414,-9999,6.5,Broome,23.400000000000002,DAMPIER_202009_DNE,5,May,30.4,19.2,22.7
2020-05-19T20:00:00Z,3.349,-9999,5.9,Broome,21.240000000000002,DAMPIER_202009_DNE,5,May,30.4,19.2,22.7
2020-05-19T21:00:00Z,3.992,-9999,4.6,Broome,16.56,DAMPIER_202009_DNE,5,May,30.4,19.2,22.7
2020-05-19T22:00:00Z,5.024,-9999,5.5,Broome,19.8,DAMPIER_202009_DNE,5,May,30.4,19.2,22.7
2020-05-19T23:00:00Z,6.208,-9999,5.2,Broome,18.720000000000002,DAMPIER_202009_DNE,5,May,30.4,19.2,22.7
2020-05-20T00:00:00Z,7.368,-9999,5.1,Broome,18.36,DAMPIER_202009_DNE,5,May,30.4,19.2,22.7
2020-05-20T01:00:00Z,8.088,-9999,5.6,Broome,20.16,DAMPIER_202009_DNE,5,May,30.4,19.2,22.7
2020-05-20T02:00:00Z,8.167,-9999,7.8,Broome,28.08,DAMPIER_202009_DNE,5,May,30.4,19.2,22.7
2020-05-20T03:00:00Z,7.641,-9999,7.5,Broome,27,DAMPIER_202009_DNE,5,May,30.4,19.2,22.7
2020-05-20T04:00:00Z,6.609,-9999,6.4,Broome,23.040000000000003,DAMPIER_202009_DNE,5,May,30.4,19.2,22.7
2020-05-20T05:00:00Z,5.296,25.4,7.1,Broome,25.56,DAMPIER_202009_DNE,5,May,30.4,19.2,22.7
2020-05-20T06:00:00Z,4.032,25.1,7.6,Broome,27.36,DAMPIER_202009_DNE,5,May,30.4,19.2,22.7
2020-05-20T07:00:00Z,3.06,25,8.3,Broome,29.880000000000003,DAMPIER_202009_DNE,5,May,30.4,19.2,22.7
2020-05-20T08:00:00Z,2.638,24.8,8.8,Broome,31.680000000000003,DAMPIER_202009_DNE,5,May,30.4,19.2,22.7
2020-05-20T09:00:00Z,3.107,24.9,7.8,Broome,28.08,DAMPIER_202009_DNE,5,May,30.4,19.2,22.7
2020-05-20T10:00:00Z,4.22,25.2,7.4,Broome,26.64,DAMPIER_202009_DNE,5,May,30.4,19.2,22.7
2020-05-20T11:00:00Z,5.475,25.3,7.5,Broome,27,DAMPIER_202009_DNE,5,May,30.4,19.2,22.7
2020-05-20T12:00:00Z,6.692,25.3,7.6,Broome,27.36,DAMPIER_202009_DNE,5,May,30.4,19.2,22.7
2020-05-20T13:00:00Z,7.659,25.4,7.7,Broome,27.720000000000002,DAMPIER_202009_DNE,5,May,30.4,19.2,22.7
2020-05-20T14:00:00Z,8.029,25.4,7.4,Broome,26.64,DAMPIER_202009_DNE,5,May,30.4,19.2,22.7
2020-05-20T15:00:00Z,7.626,25.4,7.8,Broome,28.08,DAMPIER_202009_DNE,5,May,30.4,19.2,22.7
2020-05-20T16:00:00Z,6.671,25.3,8.2,Broome,29.52,DAMPIER_202009_DNE,5,May,30.4,19.2,22.7
2020-05-20T17:00:00Z,5.513,25.2,8.7,Broome,31.319999999999997,DAMPIER_202009_DNE,5,May,30.4,19.2,22.7
2020-05-20T18:00:00Z,4.334,24.8,8.6,Broome,30.96,DAMPIER_202009_DNE,5,May,30.4,19.2,22.7
2020-05-20T19:00:00Z,3.333,24.6,7.5,Broome,27,DAMPIER_202009_DNE,5,May,30.4,19.2,22.7
2020-05-20T20:00:00Z,2.809,24.3,7.9,Broome,28.44,DAMPIER_202009_DNE,5,May,30.4,19.2,22.7
2020-05-20T21:00:00Z,3.115,24.3,9.2,Broome,33.12,DAMPIER_202009_DNE,5,May,30.4,19.2,22.7
2020-05-20T22:00:00Z,4.199,25,8.5,Broome,30.6,DAMPIER_202009_DNE,5,May,30.4,19.2,22.7
2020-05-20T23:00:00Z,5.561,25.2,10.1,Broome,36.36,DAMPIER_202009_DNE,5,May,30.4,19.2,22.7
2020-05-21T00:00:00Z,6.925,25,7.3,Broome,26.28,DAMPIER_202009_DNE,5,May,30.4,19.2,22.7
2020-05-21T01:00:00Z,8.065,25.1,8.8,Broome,31.680000000000003,DAMPIER_202009_DNE,5,May,30.4,19.2,22.7
2020-05-21T02:00:00Z,8.537,25.1,8.6,Broome,30.96,DAMPIER_202009_DNE,5,May,30.4,19.2,22.7
2020-05-21T03:00:00Z,8.167,25.2,8,Broome,28.8,DAMPIER_202009_DNE,5,May,30.4,19.2,22.7
2020-05-21T04:00:00Z,7.177,25,7.5,Broome,27,DAMPIER_202009_DNE,5,May,30.4,19.2,22.7
2020-05-21T05:00:00Z,5.893,25,6.7,Broome,24.12,DAMPIER_202009_DNE,5,May,30.4,19.2,22.7
2020-05-21T06:00:00Z,4.491,24.6,8.5,Broome,30.6,DAMPIER_202009_DNE,5,May,30.4,19.2,22.7
2020-05-21T07:00:00Z,3.227,24.5,5.9,Broome,21.240000000000002,DAMPIER_202009_DNE,5,May,30.4,19.2,22.7
2020-05-21T08:00:00Z,2.395,24.1,10.5,Broome,37.800000000000004,DAMPIER_202009_DNE,5,May,30.4,19.2,22.7
2020-05-21T09:00:00Z,2.37,24.2,4.7,Broome,16.92,DAMPIER_202009_DNE,5,May,30.4,19.2,22.7
2020-05-21T10:00:00Z,3.325,24.5,5,Broome,18,DAMPIER_202009_DNE,5,May,30.4,19.2,22.7
2020-05-21T11:00:00Z,4.69,24.8,5.6,Broome,20.16,DAMPIER_202009_DNE,5,May,30.4,19.2,22.7
2020-05-21T12:00:00Z,6.05,24.8,10.1,Broome,36.36,DAMPIER_202009_DNE,5,May,30.4,19.2,22.7
2020-05-21T13:00:00Z,7.334,24.9,9.9,Broome,35.64,DAMPIER_202009_DNE,5,May,30.4,19.2,22.7
2020-05-21T14:00:00Z,8.278,24.9,4.9,Broome,17.64,DAMPIER_202009_DNE,5,May,30.4,19.2,22.7
2020-05-21T15:00:00Z,8.234,24.9,8.3,Broome,29.880000000000003,DAMPIER_202009_DNE,5,May,30.4,19.2,22.7
2020-05-21T16:00:00Z,7.319,25,7.4,Broome,26.64,DAMPIER_202009_DNE,5,May,30.4,19.2,22.7
2020-05-21T17:00:00Z,6.261,24.8,7.1,Broome,25.56,DAMPIER_202009_DNE,5,May,30.4,19.2,22.7
2020-05-21T18:00:00Z,4.857,24.8,8.2,Broome,29.52,DAMPIER_202009_DNE,5,May,30.4,19.2,22.7
2020-05-21T19:00:00Z,3.577,24.5,6.4,Broome,23.040000000000003,DAMPIER_202009_DNE,5,May,30.4,19.2,22.7
2020-05-21T20:00:00Z,2.686,24.1,7.2,Broome,25.92,DAMPIER_202009_DNE,5,May,30.4,19.2,22.7
2020-05-21T21:00:00Z,2.475,24.1,8,Broome,28.8,DAMPIER_202009_DNE,5,May,30.4,19.2,22.7
2020-05-21T22:00:00Z,3.385,24.3,7.9,Broome,28.44,DAMPIER_202009_DNE,5,May,30.4,19.2,22.7
2020-05-21T23:00:00Z,4.879,24.7,7.4,Broome,26.64,DAMPIER_202009_DNE,5,May,30.4,19.2,22.7
2020-05-22T00:00:00Z,6.377,24.6,7.8,Broome,28.08,DAMPIER_202009_DNE,5,May,30.4,19.2,22.7
2020-05-22T01:00:00Z,7.749,24.8,7.8,Broome,28.08,DAMPIER_202009_DNE,5,May,30.4,19.2,22.7
2020-05-22T02:00:00Z,8.702,24.7,7.7,Broome,27.720000000000002,DAMPIER_202009_DNE,5,May,30.4,19.2,22.7
2020-05-22T03:00:00Z,8.761,24.8,7.3,Broome,26.28,DAMPIER_202009_DNE,5,May,30.4,19.2,22.7
2020-05-22T04:00:00Z,7.879,24.9,6.9,Broome,24.840000000000003,DAMPIER_202009_DNE,5,May,30.4,19.2,22.7
2020-05-22T05:00:00Z,6.542,24.8,6.5,Broome,23.400000000000002,DAMPIER_202009_DNE,5,May,30.4,19.2,22.7
2020-05-22T06:00:00Z,5.079,24.6,5.9,Broome,21.240000000000002,DAMPIER_202009_DNE,5,May,30.4,19.2,22.7
2020-05-22T07:00:00Z,3.612,24.6,6.4,Broome,23.040000000000003,DAMPIER_202009_DNE,5,May,30.4,19.2,22.7
2020-05-22T08:00:00Z,2.411,24.5,8,Broome,28.8,DAMPIER_202009_DNE,5,May,30.4,19.2,22.7
2020-05-22T09:00:00Z,1.88,24.4,7.2,Broome,25.92,DAMPIER_202009_DNE,5,May,30.4,19.2,22.7
2020-05-22T10:00:00Z,2.469,24.5,8.4,Broome,30.240000000000002,DAMPIER_202009_DNE,5,May,30.4,19.2,22.7
2020-05-22T11:00:00Z,3.83,24.7,7.6,Broome,27.36,DAMPIER_202009_DNE,5,May,30.4,19.2,22.7
2020-05-22T12:00:00Z,5.339,24.8,9.6,Broome,34.56,DAMPIER_202009_DNE,5,May,30.4,19.2,22.7
2020-05-22T13:00:00Z,6.793,24.7,10,Broome,36,DAMPIER_202009_DNE,5,May,30.4,19.2,22.7
2020-05-22T14:00:00Z,8.002,24.6,9.6,Broome,34.56,DAMPIER_202009_DNE,5,May,30.4,19.2,22.7
2020-05-22T15:00:00Z,8.511,24.6,9.1,Broome,32.76,DAMPIER_202009_DNE,5,May,30.4,19.2,22.7
2020-05-22T16:00:00Z,7.983,24.7,10.2,Broome,36.72,DAMPIER_202009_DNE,5,May,30.4,19.2,22.7
2020-05-22T17:00:00Z,6.818,24.6,10.6,Broome,38.16,DAMPIER_202009_DNE,5,May,30.4,19.2,22.7
2020-05-22T18:00:00Z,5.472,24.4,11.4,Broome,41.04,DAMPIER_202009_DNE,5,May,30.4,19.2,22.7
2020-05-22T19:00:00Z,4.071,24.1,11.5,Broome,41.4,DAMPIER_202009_DNE,5,May,30.4,19.2,22.7
2020-05-22T20:00:00Z,2.846,23.6,11.7,Broome,42.12,DAMPIER_202009_DNE,5,May,30.4,19.2,22.7
2020-05-22T21:00:00Z,2.156,23.2,11.7,Broome,42.12,DAMPIER_202009_DNE,5,May,30.4,19.2,22.7
2020-05-22T22:00:00Z,2.549,23.5,11.5,Broome,41.4,DAMPIER_202009_DNE,5,May,30.4,19.2,22.7
2020-05-22T23:00:00Z,3.923,24.2,11.2,Broome,40.32,DAMPIER_202009_DNE,5,May,30.4,19.2,22.7
2020-05-23T00:00:00Z,5.555,24,10.7,Broome,38.519999999999996,DAMPIER_202009_DNE,5,May,30.4,19.2,22.7
2020-05-23T01:00:00Z,7.142,24.3,11.4,Broome,41.04,DAMPIER_202009_DNE,5,May,30.4,19.2,22.7
2020-05-23T02:00:00Z,8.441,24.2,12.4,Broome,44.64,DAMPIER_202009_DNE,5,May,30.4,19.2,22.7
2020-05-23T03:00:00Z,9.003,24.4,13.9,Broome,50.04,DAMPIER_202009_DNE,5,May,30.4,19.2,22.7
2020-05-23T04:00:00Z,8.542,24.4,11.6,Broome,41.76,DAMPIER_202009_DNE,5,May,30.4,19.2,22.7
2020-05-23T05:00:00Z,7.325,24.4,10.2,Broome,36.72,DAMPIER_202009_DNE,5,May,30.4,19.2,22.7
2020-05-23T06:00:00Z,5.84,24.2,9.6,Broome,34.56,DAMPIER_202009_DNE,5,May,30.4,19.2,22.7
2020-05-23T07:00:00Z,4.262,23.9,8.5,Broome,30.6,DAMPIER_202009_DNE,5,May,30.4,19.2,22.7
2020-05-23T08:00:00Z,2.803,23.7,8.5,Broome,30.6,DAMPIER_202009_DNE,5,May,30.4,19.2,22.7
2020-05-23T09:00:00Z,1.787,23.6,7.7,Broome,27.720000000000002,DAMPIER_202009_DNE,5,May,30.4,19.2,22.7
2020-05-23T10:00:00Z,1.804,23.4,7.5,Broome,27,DAMPIER_202009_DNE,5,May,30.4,19.2,22.7
2020-05-23T11:00:00Z,2.983,23.9,7.5,Broome,27,DAMPIER_202009_DNE,5,May,30.4,19.2,22.7
2020-05-23T12:00:00Z,4.553,24.2,8.5,Broome,30.6,DAMPIER_202009_DNE,5,May,30.4,19.2,22.7
2020-05-23T13:00:00Z,6.147,24.1,9.2,Broome,33.12,DAMPIER_202009_DNE,5,May,30.4,19.2,22.7
2020-05-23T14:00:00Z,7.634,24.2,9.1,Broome,32.76,DAMPIER_202009_DNE,5,May,30.4,19.2,22.7
2020-05-23T15:00:00Z,8.633,24.1,10.6,Broome,38.16,DAMPIER_202009_DNE,5,May,30.4,19.2,22.7
2020-05-23T16:00:00Z,8.547,24.1,9.6,Broome,34.56,DAMPIER_202009_DNE,5,May,30.4,19.2,22.7
2020-05-23T17:00:00Z,7.525,24.1,9.9,Broome,35.64,DAMPIER_202009_DNE,5,May,30.4,19.2,22.7
2020-05-23T18:00:00Z,6.211,24,6.5,Broome,23.400000000000002,DAMPIER_202009_DNE,5,May,30.4,19.2,22.7
2020-05-23T19:00:00Z,4.756,-9999,9.3,Broome,33.480000000000004,DAMPIER_202009_DNE,5,May,30.4,19.2,22.7
2020-05-23T20:00:00Z,3.344,-9999,9.9,Broome,35.64,DAMPIER_202009_DNE,5,May,30.4,19.2,22.7
2020-05-23T21:00:00Z,2.293,-9999,9.3,Broome,33.480000000000004,DAMPIER_202009_DNE,5,May,30.4,19.2,22.7
2020-05-23T22:00:00Z,2.102,-9999,7.5,Broome,27,DAMPIER_202009_DNE,5,May,30.4,19.2,22.7
2020-05-23T23:00:00Z,3.166,-9999,7.4,Broome,26.64,DAMPIER_202009_DNE,5,May,30.4,19.2,22.7
2020-05-24T00:00:00Z,4.813,-9999,9,Broome,32.4,DAMPIER_202009_DNE,5,May,30.4,19.2,22.7
2020-05-24T01:00:00Z,6.479,-9999,10.4,Broome,37.440000000000005,DAMPIER_202009_DNE,5,May,30.4,19.2,22.7
2020-05-24T02:00:00Z,8.121,-9999,9,Broome,32.4,DAMPIER_202009_DNE,5,May,30.4,19.2,22.7
2020-05-24T03:00:00Z,9.228,-9999,8.4,Broome,30.240000000000002,DAMPIER_202009_DNE,5,May,30.4,19.2,22.7
2020-05-24T04:00:00Z,9.153,-9999,7.3,Broome,26.28,DAMPIER_202009_DNE,5,May,30.4,19.2,22.7
2020-05-24T05:00:00Z,8.082,-9999,5.3,Broome,19.08,DAMPIER_202009_DNE,5,May,30.4,19.2,22.7
2020-05-24T06:00:00Z,6.561,-9999,4.4,Broome,15.840000000000002,DAMPIER_202009_DNE,5,May,30.4,19.2,22.7
2020-05-24T07:00:00Z,4.9,-9999,3.9,Broome,14.04,DAMPIER_202009_DNE,5,May,30.4,19.2,22.7
2020-05-24T08:00:00Z,3.334,-9999,3.1,Broome,11.16,DAMPIER_202009_DNE,5,May,30.4,19.2,22.7
2020-05-24T09:00:00Z,2.052,-9999,2.9,Broome,10.44,DAMPIER_202009_DNE,5,May,30.4,19.2,22.7
2020-05-24T10:00:00Z,1.594,-9999,4.9,Broome,17.64,DAMPIER_202009_DNE,5,May,30.4,19.2,22.7
2020-05-24T11:00:00Z,2.357,-9999,4.4,Broome,15.840000000000002,DAMPIER_202009_DNE,5,May,30.4,19.2,22.7
2020-05-24T12:00:00Z,3.864,-9999,3.3,Broome,11.879999999999999,DAMPIER_202009_DNE,5,May,30.4,19.2,22.7
2020-05-24T13:00:00Z,5.454,-9999,2,Broome,7.2,DAMPIER_202009_DNE,5,May,30.4,19.2,22.7
2020-05-24T14:00:00Z,7.029,-9999,0.9,Broome,3.24,DAMPIER_202009_DNE,5,May,30.4,19.2,22.7
2020-05-24T15:00:00Z,8.353,-9999,2.8,Broome,10.08,DAMPIER_202009_DNE,5,May,30.4,19.2,22.7
2020-05-24T16:00:00Z,8.87,-9999,3.7,Broome,13.32,DAMPIER_202009_DNE,5,May,30.4,19.2,22.7
2020-05-24T17:00:00Z,8.215,-9999,2.7,Broome,9.72,DAMPIER_202009_DNE,5,May,30.4,19.2,22.7
2020-05-24T18:00:00Z,6.971,-9999,4.3,Broome,15.48,DAMPIER_202009_DNE,5,May,30.4,19.2,22.7
2020-05-24T19:00:00Z,5.628,-9999,3.5,Broome,12.6,DAMPIER_202009_DNE,5,May,30.4,19.2,22.7
2020-05-24T20:00:00Z,4.196,-9999,4.8,Broome,17.28,DAMPIER_202009_DNE,5,May,30.4,19.2,22.7
2020-05-24T21:00:00Z,2.896,-9999,4.9,Broome,17.64,DAMPIER_202009_DNE,5,May,30.4,19.2,22.7
2020-05-24T22:00:00Z,2.197,-9999,2.3,Broome,8.28,DAMPIER_202009_DNE,5,May,30.4,19.2,22.7
2020-05-24T23:00:00Z,2.771,-9999,2.8,Broome,10.08,DAMPIER_202009_DNE,5,May,30.4,19.2,22.7
2020-05-25T00:00:00Z,4.328,23.5,4.2,Broome,15.120000000000001,DAMPIER_202009_DNE,5,May,30.4,19.2,22.7
2020-05-25T01:00:00Z,6.023,23.6,4.3,Broome,15.48,DAMPIER_202009_DNE,5,May,30.4,19.2,22.7
2020-05-25T02:00:00Z,7.686,23.6,6,Broome,21.6,DAMPIER_202009_DNE,5,May,30.4,19.2,22.7
2020-05-25T03:00:00Z,8.978,23.6,8.2,Broome,29.52,DAMPIER_202009_DNE,5,May,30.4,19.2,22.7
2020-05-25T04:00:00Z,9.432,23.6,6.7,Broome,24.12,DAMPIER_202009_DNE,5,May,30.4,19.2,22.7
2020-05-25T05:00:00Z,8.801,23.7,7.4,Broome,26.64,DAMPIER_202009_DNE,5,May,30.4,19.2,22.7
2020-05-25T06:00:00Z,7.435,23.7,7.5,Broome,27,DAMPIER_202009_DNE,5,May,30.4,19.2,22.7
2020-05-25T07:00:00Z,5.9,23.6,7.1,Broome,25.56,DAMPIER_202009_DNE,5,May,30.4,19.2,22.7
2020-05-25T08:00:00Z,4.318,23.7,6,Broome,21.6,DAMPIER_202009_DNE,5,May,30.4,19.2,22.7
2020-05-25T09:00:00Z,2.857,23.5,7.4,Broome,26.64,DAMPIER_202009_DNE,5,May,30.4,19.2,22.7
2020-05-25T10:00:00Z,1.877,23.4,7.7,Broome,27.720000000000002,DAMPIER_202009_DNE,5,May,30.4,19.2,22.7
2020-05-25T11:00:00Z,1.996,23.4,7.7,Broome,27.720000000000002,DAMPIER_202009_DNE,5,May,30.4,19.2,22.7
2020-05-25T12:00:00Z,3.178,23.6,6.7,Broome,24.12,DAMPIER_202009_DNE,5,May,30.4,19.2,22.7
2020-05-25T13:00:00Z,4.709,23.6,6.9,Broome,24.840000000000003,DAMPIER_202009_DNE,5,May,30.4,19.2,22.7
2020-05-25T14:00:00Z,6.348,23.6,6.4,Broome,23.040000000000003,DAMPIER_202009_DNE,5,May,30.4,19.2,22.7
2020-05-25T15:00:00Z,7.858,23.7,5.6,Broome,20.16,DAMPIER_202009_DNE,5,May,30.4,19.2,22.7
2020-05-25T16:00:00Z,8.816,23.6,7.5,Broome,27,DAMPIER_202009_DNE,5,May,30.4,19.2,22.7
2020-05-25T17:00:00Z,8.768,23.6,5.4,Broome,19.44,DAMPIER_202009_DNE,5,May,30.4,19.2,22.7
2020-05-25T18:00:00Z,7.742,23.6,4,Broome,14.4,DAMPIER_202009_DNE,5,May,30.4,19.2,22.7
2020-05-25T19:00:00Z,6.419,23.7,5.5,Broome,19.8,DAMPIER_202009_DNE,5,May,30.4,19.2,22.7
2020-05-25T20:00:00Z,4.99,23.7,4.9,Broome,17.64,DAMPIER_202009_DNE,5,May,30.4,19.2,22.7
2020-05-25T21:00:00Z,3.566,23.6,3.4,Broome,12.24,DAMPIER_202009_DNE,5,May,30.4,19.2,22.7
2020-05-25T22:00:00Z,2.568,23.6,2.2,Broome,7.920000000000001,DAMPIER_202009_DNE,5,May,30.4,19.2,22.7
2020-05-25T23:00:00Z,2.496,23.5,0.8,Broome,2.8800000000000003,DAMPIER_202009_DNE,5,May,30.4,19.2,22.7
2020-05-26T00:00:00Z,3.564,23.6,2.3,Broome,8.28,DAMPIER_202009_DNE,5,May,30.4,19.2,22.7
2020-05-26T01:00:00Z,5.221,23.6,1.1,Broome,3.9600000000000004,DAMPIER_202009_DNE,5,May,30.4,19.2,22.7
2020-05-26T02:00:00Z,6.931,23.6,0.9,Broome,3.24,DAMPIER_202009_DNE,5,May,30.4,19.2,22.7
2020-05-26T03:00:00Z,8.336,23.6,2.6,Broome,9.360000000000001,DAMPIER_202009_DNE,5,May,30.4,19.2,22.7
2020-05-26T04:00:00Z,9.102,23.6,3.9,Broome,14.04,DAMPIER_202009_DNE,5,May,30.4,19.2,22.7
2020-05-26T05:00:00Z,8.919,23.6,3.9,Broome,14.04,DAMPIER_202009_DNE,5,May,30.4,19.2,22.7
2020-05-26T06:00:00Z,7.908,23.7,4.3,Broome,15.48,DAMPIER_202009_DNE,5,May,30.4,19.2,22.7
2020-05-26T07:00:00Z,6.526,23.8,3.2,Broome,11.520000000000001,DAMPIER_202009_DNE,5,May,30.4,19.2,22.7
2020-05-26T08:00:00Z,5.031,23.9,3,Broome,10.8,DAMPIER_202009_DNE,5,May,30.4,19.2,22.7
2020-05-26T09:00:00Z,3.589,23.9,5.7,Broome,20.52,DAMPIER_202009_DNE,5,May,30.4,19.2,22.7
2020-05-26T10:00:00Z,2.409,23.8,8.1,Broome,29.16,DAMPIER_202009_DNE,5,May,30.4,19.2,22.7
2020-05-26T11:00:00Z,1.915,23.8,7.1,Broome,25.56,DAMPIER_202009_DNE,5,May,30.4,19.2,22.7
2020-05-26T12:00:00Z,2.526,23.7,8.3,Broome,29.880000000000003,DAMPIER_202009_DNE,5,May,30.4,19.2,22.7
2020-05-26T13:00:00Z,3.824,23.7,6.9,Broome,24.840000000000003,DAMPIER_202009_DNE,5,May,30.4,19.2,22.7
2020-05-26T14:00:00Z,5.298,23.7,7.2,Broome,25.92,DAMPIER_202009_DNE,5,May,30.4,19.2,22.7
2020-05-26T15:00:00Z,6.783,23.7,6.3,Broome,22.68,DAMPIER_202009_DNE,5,May,30.4,19.2,22.7
2020-05-26T16:00:00Z,7.994,23.6,6.6,Broome,23.759999999999998,DAMPIER_202009_DNE,5,May,30.4,19.2,22.7
2020-05-26T17:00:00Z,8.464,23.6,6.3,Broome,22.68,DAMPIER_202009_DNE,5,May,30.4,19.2,22.7
2020-05-26T18:00:00Z,7.919,23.6,7.4,Broome,26.64,DAMPIER_202009_DNE,5,May,30.4,19.2,22.7
2020-05-26T19:00:00Z,6.796,23.6,7.8,Broome,28.08,DAMPIER_202009_DNE,5,May,30.4,19.2,22.7
2020-05-26T20:00:00Z,5.528,23.5,7.5,Broome,27,DAMPIER_202009_DNE,5,May,30.4,19.2,22.7
2020-05-26T21:00:00Z,4.208,23.5,7.3,Broome,26.28,DAMPIER_202009_DNE,5,May,30.4,19.2,22.7
2020-05-26T22:00:00Z,3.08,23.5,6.6,Broome,23.759999999999998,DAMPIER_202009_DNE,5,May,30.4,19.2,22.7
2020-05-26T23:00:00Z,2.502,23.6,6.3,Broome,22.68,DAMPIER_202009_DNE,5,May,30.4,19.2,22.7
2020-05-27T00:00:00Z,2.962,23.5,3.2,Broome,11.520000000000001,DAMPIER_202009_DNE,5,May,30.4,19.2,22.7
2020-05-27T01:00:00Z,4.303,23.5,4,Broome,14.4,DAMPIER_202009_DNE,5,May,30.4,19.2,22.7
2020-05-27T02:00:00Z,5.869,23.5,3.3,Broome,11.879999999999999,DAMPIER_202009_DNE,5,May,30.4,19.2,22.7
2020-05-27T03:00:00Z,7.321,23.5,4.6,Broome,16.56,DAMPIER_202009_DNE,5,May,30.4,19.2,22.7
2020-05-27T04:00:00Z,8.418,23.5,4.7,Broome,16.92,DAMPIER_202009_DNE,5,May,30.4,19.2,22.7
2020-05-27T05:00:00Z,8.807,23.6,5,Broome,18,DAMPIER_202009_DNE,5,May,30.4,19.2,22.7
2020-05-27T06:00:00Z,8.255,23.7,3.1,Broome,11.16,DAMPIER_202009_DNE,5,May,30.4,19.2,22.7
2020-05-27T07:00:00Z,7.064,23.8,2.4,Broome,8.64,DAMPIER_202009_DNE,5,May,30.4,19.2,22.7
2020-05-27T08:00:00Z,5.729,23.8,1.1,Broome,3.9600000000000004,DAMPIER_202009_DNE,5,May,30.4,19.2,22.7
2020-05-27T09:00:00Z,4.346,23.8,2.4,Broome,8.64,DAMPIER_202009_DNE,5,May,30.4,19.2,22.7
2020-05-27T10:00:00Z,3.116,23.8,6.2,Broome,22.32,DAMPIER_202009_DNE,5,May,30.4,19.2,22.7
2020-05-27T11:00:00Z,2.304,23.7,8,Broome,28.8,DAMPIER_202009_DNE,5,May,30.4,19.2,22.7
2020-05-27T12:00:00Z,2.331,23.7,8.3,Broome,29.880000000000003,DAMPIER_202009_DNE,5,May,30.4,19.2,22.7
2020-05-27T13:00:00Z,3.262,23.6,8.5,Broome,30.6,DAMPIER_202009_DNE,5,May,30.4,19.2,22.7
2020-05-27T14:00:00Z,4.533,23.6,9.6,Broome,34.56,DAMPIER_202009_DNE,5,May,30.4,19.2,22.7
2020-05-27T15:00:00Z,5.869,23.6,8.1,Broome,29.16,DAMPIER_202009_DNE,5,May,30.4,19.2,22.7
2020-05-27T16:00:00Z,7.136,23.5,8.8,Broome,31.680000000000003,DAMPIER_202009_DNE,5,May,30.4,19.2,22.7
2020-05-27T17:00:00Z,7.976,23.5,7,Broome,25.2,DAMPIER_202009_DNE,5,May,30.4,19.2,22.7
2020-05-27T18:00:00Z,7.953,23.5,7.2,Broome,25.92,DAMPIER_202009_DNE,5,May,30.4,19.2,22.7
2020-05-27T19:00:00Z,7.188,23.5,6.3,Broome,22.68,DAMPIER_202009_DNE,5,May,30.4,19.2,22.7
2020-05-27T20:00:00Z,6.124,23.4,8.2,Broome,29.52,DAMPIER_202009_DNE,5,May,30.4,19.2,22.7
2020-05-27T21:00:00Z,4.962,23.5,8.7,Broome,31.319999999999997,DAMPIER_202009_DNE,5,May,30.4,19.2,22.7
2020-05-27T22:00:00Z,3.862,23.5,7.4,Broome,26.64,DAMPIER_202009_DNE,5,May,30.4,19.2,22.7
2020-05-27T23:00:00Z,3.074,23.5,7.8,Broome,28.08,DAMPIER_202009_DNE,5,May,30.4,19.2,22.7
2020-05-28T00:00:00Z,2.95,23.4,8.2,Broome,29.52,DAMPIER_202009_DNE,5,May,30.4,19.2,22.7
2020-05-28T01:00:00Z,3.762,23.4,7.6,Broome,27.36,DAMPIER_202009_DNE,5,May,30.4,19.2,22.7
2020-05-28T02:00:00Z,5.073,23.4,7.7,Broome,27.720000000000002,DAMPIER_202009_DNE,5,May,30.4,19.2,22.7
2020-05-28T03:00:00Z,6.424,23.4,6.4,Broome,23.040000000000003,DAMPIER_202009_DNE,5,May,30.4,19.2,22.7
2020-05-28T04:00:00Z,7.629,23.4,5.1,Broome,18.36,DAMPIER_202009_DNE,5,May,30.4,19.2,22.7
2020-05-28T05:00:00Z,8.36,23.4,3.7,Broome,13.32,DAMPIER_202009_DNE,5,May,30.4,19.2,22.7
2020-05-28T06:00:00Z,8.302,23.5,3.2,Broome,11.520000000000001,DAMPIER_202009_DNE,5,May,30.4,19.2,22.7
2020-05-28T07:00:00Z,7.515,23.7,6.5,Broome,23.400000000000002,DAMPIER_202009_DNE,5,May,30.4,19.2,22.7
2020-05-28T08:00:00Z,6.389,23.7,5.4,Broome,19.44,DAMPIER_202009_DNE,5,May,30.4,19.2,22.7
2020-05-28T09:00:00Z,5.193,23.7,7.7,Broome,27.720000000000002,DAMPIER_202009_DNE,5,May,30.4,19.2,22.7
2020-05-28T10:00:00Z,4.027,23.7,6.9,Broome,24.840000000000003,DAMPIER_202009_DNE,5,May,30.4,19.2,22.7
2020-05-28T11:00:00Z,3.104,23.7,6.1,Broome,21.96,DAMPIER_202009_DNE,5,May,30.4,19.2,22.7
2020-05-28T12:00:00Z,2.687,23.7,6.4,Broome,23.040000000000003,DAMPIER_202009_DNE,5,May,30.4,19.2,22.7
2020-05-28T13:00:00Z,3.055,23.7,6,Broome,21.6,DAMPIER_202009_DNE,5,May,30.4,19.2,22.7
2020-05-28T14:00:00Z,3.996,23.5,6.4,Broome,23.040000000000003,DAMPIER_202009_DNE,5,May,30.4,19.2,22.7
2020-05-28T15:00:00Z,5.12,23.5,8,Broome,28.8,DAMPIER_202009_DNE,5,May,30.4,19.2,22.7
2020-05-28T16:00:00Z,6.268,23.5,6.1,Broome,21.96,DAMPIER_202009_DNE,5,May,30.4,19.2,22.7
2020-05-28T17:00:00Z,7.26,23.5,6.5,Broome,23.400000000000002,DAMPIER_202009_DNE,5,May,30.4,19.2,22.7
2020-05-28T18:00:00Z,7.751,23.4,6.4,Broome,23.040000000000003,DAMPIER_202009_DNE,5,May,30.4,19.2,22.7
2020-05-28T19:00:00Z,7.482,23.4,6.8,Broome,24.48,DAMPIER_202009_DNE,5,May,30.4,19.2,22.7
2020-05-28T20:00:00Z,6.678,23.4,7.2,Broome,25.92,DAMPIER_202009_DNE,5,May,30.4,19.2,22.7
2020-05-28T21:00:00Z,5.721,23.4,8.1,Broome,29.16,DAMPIER_202009_DNE,5,May,30.4,19.2,22.7
2020-05-28T22:00:00Z,4.74,23.4,7.5,Broome,27,DAMPIER_202009_DNE,5,May,30.4,19.2,22.7
2020-05-28T23:00:00Z,3.889,23.5,6.3,Broome,22.68,DAMPIER_202009_DNE,5,May,30.4,19.2,22.7
2020-05-29T00:00:00Z,3.445,23.5,6.6,Broome,23.759999999999998,DAMPIER_202009_DNE,5,May,30.4,19.2,22.7
2020-05-29T01:00:00Z,3.694,23.5,5.8,Broome,20.88,DAMPIER_202009_DNE,5,May,30.4,19.2,22.7
2020-05-29T02:00:00Z,4.548,23.4,4.9,Broome,17.64,DAMPIER_202009_DNE,5,May,30.4,19.2,22.7
2020-05-29T03:00:00Z,5.61,23.4,4.8,Broome,17.28,DAMPIER_202009_DNE,5,May,30.4,19.2,22.7
2020-05-29T04:00:00Z,6.662,23.5,3.7,Broome,13.32,DAMPIER_202009_DNE,5,May,30.4,19.2,22.7
2020-05-29T05:00:00Z,7.498,23.5,2.9,Broome,10.44,DAMPIER_202009_DNE,5,May,30.4,19.2,22.7
2020-05-29T06:00:00Z,7.86,23.5,2.8,Broome,10.08,DAMPIER_202009_DNE,5,May,30.4,19.2,22.7
2020-05-29T07:00:00Z,7.637,23.5,3,Broome,10.8,DAMPIER_202009_DNE,5,May,30.4,19.2,22.7
2020-05-29T08:00:00Z,6.96,23.6,2.7,Broome,9.72,DAMPIER_202009_DNE,5,May,30.4,19.2,22.7
2020-05-29T09:00:00Z,6.015,23.7,1.4,Broome,5.04,DAMPIER_202009_DNE,5,May,30.4,19.2,22.7
2020-05-29T10:00:00Z,5.004,23.8,2.2,Broome,7.920000000000001,DAMPIER_202009_DNE,5,May,30.4,19.2,22.7
2020-05-29T11:00:00Z,4.119,23.8,1.4,Broome,5.04,DAMPIER_202009_DNE,5,May,30.4,19.2,22.7
2020-05-29T12:00:00Z,3.492,23.7,0.8,Broome,2.8800000000000003,DAMPIER_202009_DNE,5,May,30.4,19.2,22.7
2020-05-29T13:00:00Z,3.301,23.7,2.1,Broome,7.5600000000000005,DAMPIER_202009_DNE,5,May,30.4,19.2,22.7
2020-05-29T14:00:00Z,3.699,23.7,1.9,Broome,6.84,DAMPIER_202009_DNE,5,May,30.4,19.2,22.7
2020-05-29T15:00:00Z,4.503,23.5,2,Broome,7.2,DAMPIER_202009_DNE,5,May,30.4,19.2,22.7
2020-05-29T16:00:00Z,5.425,23.5,0.2,Broome,0.7200000000000001,DAMPIER_202009_DNE,5,May,30.4,19.2,22.7
2020-05-29T17:00:00Z,6.32,23.5,3.6,Broome,12.96,DAMPIER_202009_DNE,5,May,30.4,19.2,22.7
2020-05-29T18:00:00Z,7.028,23.5,1.3,Broome,4.680000000000001,DAMPIER_202009_DNE,5,May,30.4,19.2,22.7
2020-05-29T19:00:00Z,7.331,23.5,2.7,Broome,9.72,DAMPIER_202009_DNE,5,May,30.4,19.2,22.7
2020-05-29T20:00:00Z,7.071,23.5,4.1,Broome,14.76,DAMPIER_202009_DNE,5,May,30.4,19.2,22.7
2020-05-29T21:00:00Z,6.406,23.5,3.2,Broome,11.520000000000001,DAMPIER_202009_DNE,5,May,30.4,19.2,22.7
2020-05-29T22:00:00Z,5.581,23.6,1.4,Broome,5.04,DAMPIER_202009_DNE,5,May,30.4,19.2,22.7
2020-05-29T23:00:00Z,4.796,23.6,1.9,Broome,6.84,DAMPIER_202009_DNE,5,May,30.4,19.2,22.7
2020-05-30T00:00:00Z,4.237,23.6,3.9,Broome,14.04,DAMPIER_202009_DNE,5,May,30.4,19.2,22.7
2020-05-30T01:00:00Z,4.004,23.6,4.6,Broome,16.56,DAMPIER_202009_DNE,5,May,30.4,19.2,22.7
2020-05-30T02:00:00Z,4.255,23.6,3.6,Broome,12.96,DAMPIER_202009_DNE,5,May,30.4,19.2,22.7
2020-05-30T03:00:00Z,4.881,23.6,2.4,Broome,8.64,DAMPIER_202009_DNE,5,May,30.4,19.2,22.7
2020-05-30T04:00:00Z,5.65,23.6,3.7,Broome,13.32,DAMPIER_202009_DNE,5,May,30.4,19.2,22.7
2020-05-30T05:00:00Z,6.427,23.6,3.4,Broome,12.24,DAMPIER_202009_DNE,5,May,30.4,19.2,22.7
2020-05-30T06:00:00Z,7.024,23.6,4,Broome,14.4,DAMPIER_202009_DNE,5,May,30.4,19.2,22.7
2020-05-30T07:00:00Z,7.26,23.6,4.7,Broome,16.92,DAMPIER_202009_DNE,5,May,30.4,19.2,22.7
2020-05-30T08:00:00Z,7.128,23.6,4.6,Broome,16.56,DAMPIER_202009_DNE,5,May,30.4,19.2,22.7
2020-05-30T09:00:00Z,6.628,23.7,4.2,Broome,15.120000000000001,DAMPIER_202009_DNE,5,May,30.4,19.2,22.7
2020-05-30T10:00:00Z,5.88,23.9,3.3,Broome,11.879999999999999,DAMPIER_202009_DNE,5,May,30.4,19.2,22.7
2020-05-30T11:00:00Z,5.102,24,3.7,Broome,13.32,DAMPIER_202009_DNE,5,May,30.4,19.2,22.7
2020-05-30T12:00:00Z,4.438,24,2.5,Broome,9,DAMPIER_202009_DNE,5,May,30.4,19.2,22.7
2020-05-30T13:00:00Z,4.003,24,2.4,Broome,8.64,DAMPIER_202009_DNE,5,May,30.4,19.2,22.7
2020-05-30T14:00:00Z,3.88,23.9,2.5,Broome,9,DAMPIER_202009_DNE,5,May,30.4,19.2,22.7
2020-05-30T15:00:00Z,4.113,23.8,1.1,Broome,3.9600000000000004,DAMPIER_202009_DNE,5,May,30.4,19.2,22.7
2020-05-30T16:00:00Z,4.655,23.7,1.3,Broome,4.680000000000001,DAMPIER_202009_DNE,5,May,30.4,19.2,22.7
2020-05-30T17:00:00Z,5.351,23.6,1.3,Broome,4.680000000000001,DAMPIER_202009_DNE,5,May,30.4,19.2,22.7
2020-05-30T18:00:00Z,6.034,23.7,0.9,Broome,3.24,DAMPIER_202009_DNE,5,May,30.4,19.2,22.7
2020-05-30T19:00:00Z,6.615,23.6,1.4,Broome,5.04,DAMPIER_202009_DNE,5,May,30.4,19.2,22.7
2020-05-30T20:00:00Z,6.93,23.6,1.4,Broome,5.04,DAMPIER_202009_DNE,5,May,30.4,19.2,22.7
2020-05-30T21:00:00Z,6.83,23.6,0.7,Broome,2.52,DAMPIER_202009_DNE,5,May,30.4,19.2,22.7
2020-05-30T22:00:00Z,6.402,23.6,2.3,Broome,8.28,DAMPIER_202009_DNE,5,May,30.4,19.2,22.7
2020-05-30T23:00:00Z,5.823,23.6,2.6,Broome,9.360000000000001,DAMPIER_202009_DNE,5,May,30.4,19.2,22.7
2020-05-31T00:00:00Z,5.238,23.7,2.8,Broome,10.08,DAMPIER_202009_DNE,5,May,30.4,19.2,22.7
2020-05-31T01:00:00Z,4.707,23.8,2.5,Broome,9,DAMPIER_202009_DNE,5,May,30.4,19.2,22.7
2020-05-31T02:00:00Z,4.392,23.8,1.1,Broome,3.9600000000000004,DAMPIER_202009_DNE,5,May,30.4,19.2,22.7
2020-05-31T03:00:00Z,4.417,23.8,2.3,Broome,8.28,DAMPIER_202009_DNE,5,May,30.4,19.2,22.7
2020-05-31T04:00:00Z,4.724,23.8,3.3,Broome,11.879999999999999,DAMPIER_202009_DNE,5,May,30.4,19.2,22.7
2020-05-31T05:00:00Z,5.237,23.7,2.9,Broome,10.44,DAMPIER_202009_DNE,5,May,30.4,19.2,22.7
2020-05-31T06:00:00Z,5.793,23.7,2.3,Broome,8.28,DAMPIER_202009_DNE,5,May,30.4,19.2,22.7
2020-05-31T07:00:00Z,6.33,23.7,3.9,Broome,14.04,DAMPIER_202009_DNE,5,May,30.4,19.2,22.7
2020-05-31T08:00:00Z,6.667,23.7,3.6,Broome,12.96,DAMPIER_202009_DNE,5,May,30.4,19.2,22.7
2020-05-31T09:00:00Z,6.754,23.7,4.1,Broome,14.76,DAMPIER_202009_DNE,5,May,30.4,19.2,22.7
2020-05-31T10:00:00Z,6.584,23.7,5.7,Broome,20.52,DAMPIER_202009_DNE,5,May,30.4,19.2,22.7
2020-05-31T11:00:00Z,6.094,23.9,5.7,Broome,20.52,DAMPIER_202009_DNE,5,May,30.4,19.2,22.7
2020-05-31T12:00:00Z,5.454,24.1,4.5,Broome,16.2,DAMPIER_202009_DNE,5,May,30.4,19.2,22.7
2020-05-31T13:00:00Z,4.854,24.2,5.5,Broome,19.8,DAMPIER_202009_DNE,5,May,30.4,19.2,22.7
2020-05-31T14:00:00Z,4.389,24.4,5.5,Broome,19.8,DAMPIER_202009_DNE,5,May,30.4,19.2,22.7
2020-05-31T15:00:00Z,4.102,24.5,6,Broome,21.6,DAMPIER_202009_DNE,5,May,30.4,19.2,22.7
2020-05-31T16:00:00Z,4.074,24.5,6.3,Broome,22.68,DAMPIER_202009_DNE,5,May,30.4,19.2,22.7
2020-05-31T17:00:00Z,4.399,24,7.2,Broome,25.92,DAMPIER_202009_DNE,5,May,30.4,19.2,22.7
2020-05-31T18:00:00Z,4.936,23.7,7.3,Broome,26.28,DAMPIER_202009_DNE,5,May,30.4,19.2,22.7
2020-05-31T19:00:00Z,5.55,23.7,8.5,Broome,30.6,DAMPIER_202009_DNE,5,May,30.4,19.2,22.7
2020-05-31T20:00:00Z,6.16,23.8,9.6,Broome,34.56,DAMPIER_202009_DNE,5,May,30.4,19.2,22.7
2020-05-31T21:00:00Z,6.601,23.7,9.2,Broome,33.12,DAMPIER_202009_DNE,5,May,30.4,19.2,22.7
2020-05-31T22:00:00Z,6.766,23.7,8.9,Broome,32.04,DAMPIER_202009_DNE,5,May,30.4,19.2,22.7
2020-05-31T23:00:00Z,6.603,23.6,10.2,Broome,36.72,DAMPIER_202009_DNE,5,May,30.4,19.2,22.7
2020-06-01T00:00:00Z,6.177,23.6,9.7,Broome,34.92,DAMPIER_202009_DNE,6,June,35.5,21.4,23.0
2020-06-01T01:00:00Z,5.621,24,9.6,Broome,34.56,DAMPIER_202009_DNE,6,June,35.5,21.4,23.0
2020-06-01T02:00:00Z,5.03,24.1,8.1,Broome,29.16,DAMPIER_202009_DNE,6,June,35.5,21.4,23.0
2020-06-01T03:00:00Z,4.53,24.2,7.4,Broome,26.64,DAMPIER_202009_DNE,6,June,35.5,21.4,23.0
2020-06-01T04:00:00Z,4.191,24.2,7.5,Broome,27,DAMPIER_202009_DNE,6,June,35.5,21.4,23.0
2020-06-01T05:00:00Z,4.169,24.1,5.7,Broome,20.52,DAMPIER_202009_DNE,6,June,35.5,21.4,23.0
2020-06-01T06:00:00Z,4.523,24,5.6,Broome,20.16,DAMPIER_202009_DNE,6,June,35.5,21.4,23.0
2020-06-01T07:00:00Z,5.124,23.8,4.9,Broome,17.64,DAMPIER_202009_DNE,6,June,35.5,21.4,23.0
2020-06-01T08:00:00Z,5.802,23.8,4.3,Broome,15.48,DAMPIER_202009_DNE,6,June,35.5,21.4,23.0
2020-06-01T09:00:00Z,6.366,23.8,3.9,Broome,14.04,DAMPIER_202009_DNE,6,June,35.5,21.4,23.0
2020-06-01T10:00:00Z,6.749,23.8,3.7,Broome,13.32,DAMPIER_202009_DNE,6,June,35.5,21.4,23.0
2020-06-01T11:00:00Z,6.89,23.8,4.4,Broome,15.840000000000002,DAMPIER_202009_DNE,6,June,35.5,21.4,23.0
2020-06-01T12:00:00Z,6.588,23.7,4.2,Broome,15.120000000000001,DAMPIER_202009_DNE,6,June,35.5,21.4,23.0
2020-06-01T13:00:00Z,5.963,23.9,5.9,Broome,21.240000000000002,DAMPIER_202009_DNE,6,June,35.5,21.4,23.0
2020-06-01T14:00:00Z,5.249,24,7.7,Broome,27.720000000000002,DAMPIER_202009_DNE,6,June,35.5,21.4,23.0
2020-06-01T15:00:00Z,4.569,24.1,7.4,Broome,26.64,DAMPIER_202009_DNE,6,June,35.5,21.4,23.0
2020-06-01T16:00:00Z,4.046,24.2,6.1,Broome,21.96,DAMPIER_202009_DNE,6,June,35.5,21.4,23.0
2020-06-01T17:00:00Z,3.779,24.3,8.5,Broome,30.6,DAMPIER_202009_DNE,6,June,35.5,21.4,23.0
2020-06-01T18:00:00Z,3.923,24.3,7,Broome,25.2,DAMPIER_202009_DNE,6,June,35.5,21.4,23.0
2020-06-01T19:00:00Z,4.498,23.9,7.3,Broome,26.28,DAMPIER_202009_DNE,6,June,35.5,21.4,23.0
2020-06-01T20:00:00Z,5.272,23.8,7.2,Broome,25.92,DAMPIER_202009_DNE,6,June,35.5,21.4,23.0
2020-06-01T21:00:00Z,6.101,23.8,7.2,Broome,25.92,DAMPIER_202009_DNE,6,June,35.5,21.4,23.0
2020-06-01T22:00:00Z,6.847,23.7,6.5,Broome,23.400000000000002,DAMPIER_202009_DNE,6,June,35.5,21.4,23.0
2020-06-01T23:00:00Z,7.314,23.6,5.2,Broome,18.720000000000002,DAMPIER_202009_DNE,6,June,35.5,21.4,23.0
2020-06-02T00:00:00Z,7.319,23.6,5.6,Broome,20.16,DAMPIER_202009_DNE,6,June,35.5,21.4,23.0
2020-06-02T01:00:00Z,6.82,23.7,6.6,Broome,23.759999999999998,DAMPIER_202009_DNE,6,June,35.5,21.4,23.0
2020-06-02T02:00:00Z,6.054,23.7,7.9,Broome,28.44,DAMPIER_202009_DNE,6,June,35.5,21.4,23.0
2020-06-02T03:00:00Z,5.205,23.8,7.9,Broome,28.44,DAMPIER_202009_DNE,6,June,35.5,21.4,23.0
2020-06-02T04:00:00Z,4.368,23.9,6.8,Broome,24.48,DAMPIER_202009_DNE,6,June,35.5,21.4,23.0
2020-06-02T05:00:00Z,3.727,23.9,5.9,Broome,21.240000000000002,DAMPIER_202009_DNE,6,June,35.5,21.4,23.0
2020-06-02T06:00:00Z,3.474,24,6.7,Broome,24.12,DAMPIER_202009_DNE,6,June,35.5,21.4,23.0
2020-06-02T07:00:00Z,3.793,23.8,5.7,Broome,20.52,DAMPIER_202009_DNE,6,June,35.5,21.4,23.0
2020-06-02T08:00:00Z,4.628,23.8,3,Broome,10.8,DAMPIER_202009_DNE,6,June,35.5,21.4,23.0
2020-06-02T09:00:00Z,5.558,23.8,2.9,Broome,10.44,DAMPIER_202009_DNE,6,June,35.5,21.4,23.0
2020-06-02T10:00:00Z,6.421,23.8,2.9,Broome,10.44,DAMPIER_202009_DNE,6,June,35.5,21.4,23.0
2020-06-02T11:00:00Z,7.136,23.8,1.7,Broome,6.12,DAMPIER_202009_DNE,6,June,35.5,21.4,23.0
2020-06-02T12:00:00Z,7.396,23.8,1.5,Broome,5.4,DAMPIER_202009_DNE,6,June,35.5,21.4,23.0
2020-06-02T13:00:00Z,7.105,23.8,1,Broome,3.6,DAMPIER_202009_DNE,6,June,35.5,21.4,23.0
2020-06-02T14:00:00Z,6.407,23.8,2.5,Broome,9,DAMPIER_202009_DNE,6,June,35.5,21.4,23.0
2020-06-02T15:00:00Z,5.5,23.8,2.2,Broome,7.920000000000001,DAMPIER_202009_DNE,6,June,35.5,21.4,23.0
2020-06-02T16:00:00Z,4.566,23.8,2.3,Broome,8.28,DAMPIER_202009_DNE,6,June,35.5,21.4,23.0
2020-06-02T17:00:00Z,3.8,23.8,3.2,Broome,11.520000000000001,DAMPIER_202009_DNE,6,June,35.5,21.4,23.0
2020-06-02T18:00:00Z,3.369,23.9,3.4,Broome,12.24,DAMPIER_202009_DNE,6,June,35.5,21.4,23.0
2020-06-02T19:00:00Z,3.469,23.9,3.5,Broome,12.6,DAMPIER_202009_DNE,6,June,35.5,21.4,23.0
2020-06-02T20:00:00Z,4.162,23.8,4.1,Broome,14.76,DAMPIER_202009_DNE,6,June,35.5,21.4,23.0
2020-06-02T21:00:00Z,5.214,23.8,5.3,Broome,19.08,DAMPIER_202009_DNE,6,June,35.5,21.4,23.0
2020-06-02T22:00:00Z,6.353,23.8,5.9,Broome,21.240000000000002,DAMPIER_202009_DNE,6,June,35.5,21.4,23.0
2020-06-02T23:00:00Z,7.372,23.8,9.1,Broome,32.76,DAMPIER_202009_DNE,6,June,35.5,21.4,23.0
2020-06-03T00:00:00Z,8.022,23.8,8.7,Broome,31.319999999999997,DAMPIER_202009_DNE,6,June,35.5,21.4,23.0
2020-06-03T01:00:00Z,8.007,23.8,6.4,Broome,23.040000000000003,DAMPIER_202009_DNE,6,June,35.5,21.4,23.0
2020-06-03T02:00:00Z,7.311,23.7,6.7,Broome,24.12,DAMPIER_202009_DNE,6,June,35.5,21.4,23.0
2020-06-03T03:00:00Z,6.259,23.7,6.3,Broome,22.68,DAMPIER_202009_DNE,6,June,35.5,21.4,23.0
2020-06-03T04:00:00Z,5.059,23.7,6.6,Broome,23.759999999999998,DAMPIER_202009_DNE,6,June,35.5,21.4,23.0
2020-06-03T05:00:00Z,3.858,23.7,5.7,Broome,20.52,DAMPIER_202009_DNE,6,June,35.5,21.4,23.0
2020-06-03T06:00:00Z,2.932,23.7,4.8,Broome,17.28,DAMPIER_202009_DNE,6,June,35.5,21.4,23.0
2020-06-03T07:00:00Z,2.616,23.7,5.9,Broome,21.240000000000002,DAMPIER_202009_DNE,6,June,35.5,21.4,23.0
2020-06-03T08:00:00Z,3.174,23.7,5.9,Broome,21.240000000000002,DAMPIER_202009_DNE,6,June,35.5,21.4,23.0
2020-06-03T09:00:00Z,4.289,23.8,5.3,Broome,19.08,DAMPIER_202009_DNE,6,June,35.5,21.4,23.0
2020-06-03T10:00:00Z,5.511,23.8,4.9,Broome,17.64,DAMPIER_202009_DNE,6,June,35.5,21.4,23.0
2020-06-03T11:00:00Z,6.686,23.8,5,Broome,18,DAMPIER_202009_DNE,6,June,35.5,21.4,23.0
2020-06-03T12:00:00Z,7.608,23.8,5.5,Broome,19.8,DAMPIER_202009_DNE,6,June,35.5,21.4,23.0
2020-06-03T13:00:00Z,7.956,23.8,4.8,Broome,17.28,DAMPIER_202009_DNE,6,June,35.5,21.4,23.0
2020-06-03T14:00:00Z,7.491,23.8,5,Broome,18,DAMPIER_202009_DNE,6,June,35.5,21.4,23.0
2020-06-03T15:00:00Z,6.542,23.7,8.5,Broome,30.6,DAMPIER_202009_DNE,6,June,35.5,21.4,23.0
2020-06-03T16:00:00Z,5.431,23.7,7.2,Broome,25.92,DAMPIER_202009_DNE,6,June,35.5,21.4,23.0
2020-06-03T17:00:00Z,4.268,23.7,6.4,Broome,23.040000000000003,DAMPIER_202009_DNE,6,June,35.5,21.4,23.0
2020-06-03T18:00:00Z,3.274,23.6,7,Broome,25.2,DAMPIER_202009_DNE,6,June,35.5,21.4,23.0
2020-06-03T19:00:00Z,2.751,23.4,8.7,Broome,31.319999999999997,DAMPIER_202009_DNE,6,June,35.5,21.4,23.0
2020-06-03T20:00:00Z,3.064,23.4,8.1,Broome,29.16,DAMPIER_202009_DNE,6,June,35.5,21.4,23.0
2020-06-03T21:00:00Z,4.093,23.6,7.7,Broome,27.720000000000002,DAMPIER_202009_DNE,6,June,35.5,21.4,23.0
2020-06-03T22:00:00Z,5.396,23.6,7.5,Broome,27,DAMPIER_202009_DNE,6,June,35.5,21.4,23.0
2020-06-03T23:00:00Z,6.814,23.5,7.3,Broome,26.28,DAMPIER_202009_DNE,6,June,35.5,21.4,23.0
2020-06-04T00:00:00Z,8.051,23.6,6.8,Broome,24.48,DAMPIER_202009_DNE,6,June,35.5,21.4,23.0
2020-06-04T01:00:00Z,8.653,23.6,9.1,Broome,32.76,DAMPIER_202009_DNE,6,June,35.5,21.4,23.0
2020-06-04T02:00:00Z,8.386,23.6,8.5,Broome,30.6,DAMPIER_202009_DNE,6,June,35.5,21.4,23.0
2020-06-04T03:00:00Z,7.439,23.6,8.1,Broome,29.16,DAMPIER_202009_DNE,6,June,35.5,21.4,23.0
2020-06-04T04:00:00Z,6.149,23.6,7.3,Broome,26.28,DAMPIER_202009_DNE,6,June,35.5,21.4,23.0
2020-06-04T05:00:00Z,4.699,23.5,6.7,Broome,24.12,DAMPIER_202009_DNE,6,June,35.5,21.4,23.0
2020-06-04T06:00:00Z,3.285,23.4,4.7,Broome,16.92,DAMPIER_202009_DNE,6,June,35.5,21.4,23.0
2020-06-04T07:00:00Z,2.189,23.5,4.7,Broome,16.92,DAMPIER_202009_DNE,6,June,35.5,21.4,23.0
2020-06-04T08:00:00Z,1.917,23.4,4.3,Broome,15.48,DAMPIER_202009_DNE,6,June,35.5,21.4,23.0
2020-06-04T09:00:00Z,2.772,23.5,4,Broome,14.4,DAMPIER_202009_DNE,6,June,35.5,21.4,23.0
2020-06-04T10:00:00Z,4.187,23.6,5.6,Broome,20.16,DAMPIER_202009_DNE,6,June,35.5,21.4,23.0
2020-06-04T11:00:00Z,5.698,23.7,6.1,Broome,21.96,DAMPIER_202009_DNE,6,June,35.5,21.4,23.0
2020-06-04T12:00:00Z,7.131,23.7,6.4,Broome,23.040000000000003,DAMPIER_202009_DNE,6,June,35.5,21.4,23.0
2020-06-04T13:00:00Z,8.199,23.6,6.3,Broome,22.68,DAMPIER_202009_DNE,6,June,35.5,21.4,23.0
2020-06-04T14:00:00Z,8.438,23.6,6.7,Broome,24.12,DAMPIER_202009_DNE,6,June,35.5,21.4,23.0
2020-06-04T15:00:00Z,7.724,23.6,7.9,Broome,28.44,DAMPIER_202009_DNE,6,June,35.5,21.4,23.0
2020-06-04T16:00:00Z,6.562,23.5,8.8,Broome,31.680000000000003,DAMPIER_202009_DNE,6,June,35.5,21.4,23.0
2020-06-04T17:00:00Z,5.267,23.4,9,Broome,32.4,DAMPIER_202009_DNE,6,June,35.5,21.4,23.0
2020-06-04T18:00:00Z,3.919,23.1,8.6,Broome,30.96,DAMPIER_202009_DNE,6,June,35.5,21.4,23.0
2020-06-04T19:00:00Z,2.788,22.9,8.8,Broome,31.680000000000003,DAMPIER_202009_DNE,6,June,35.5,21.4,23.0
2020-06-04T20:00:00Z,2.272,22.8,7.7,Broome,27.720000000000002,DAMPIER_202009_DNE,6,June,35.5,21.4,23.0
2020-06-04T21:00:00Z,2.823,22.9,7.9,Broome,28.44,DAMPIER_202009_DNE,6,June,35.5,21.4,23.0
2020-06-04T22:00:00Z,4.18,23.2,8.7,Broome,31.319999999999997,DAMPIER_202009_DNE,6,June,35.5,21.4,23.0
2020-06-04T23:00:00Z,5.794,23.4,8.5,Broome,30.6,DAMPIER_202009_DNE,6,June,35.5,21.4,23.0
2020-06-05T00:00:00Z,7.422,23.4,6.8,Broome,24.48,DAMPIER_202009_DNE,6,June,35.5,21.4,23.0
2020-06-05T01:00:00Z,8.703,23.4,5.6,Broome,20.16,DAMPIER_202009_DNE,6,June,35.5,21.4,23.0
2020-06-05T02:00:00Z,9.187,23.5,9.3,Broome,33.480000000000004,DAMPIER_202009_DNE,6,June,35.5,21.4,23.0
2020-06-05T03:00:00Z,8.633,23.5,7.8,Broome,28.08,DAMPIER_202009_DNE,6,June,35.5,21.4,23.0
2020-06-05T04:00:00Z,7.367,23.3,7.3,Broome,26.28,DAMPIER_202009_DNE,6,June,35.5,21.4,23.0
2020-06-05T05:00:00Z,5.829,23.3,4.6,Broome,16.56,DAMPIER_202009_DNE,6,June,35.5,21.4,23.0
2020-06-05T06:00:00Z,4.122,23.2,3.2,Broome,11.520000000000001,DAMPIER_202009_DNE,6,June,35.5,21.4,23.0
2020-06-05T07:00:00Z,2.537,23.1,2.9,Broome,10.44,DAMPIER_202009_DNE,6,June,35.5,21.4,23.0
2020-06-05T08:00:00Z,1.487,23.2,1.9,Broome,6.84,DAMPIER_202009_DNE,6,June,35.5,21.4,23.0
2020-06-05T09:00:00Z,1.567,23.1,1.3,Broome,4.680000000000001,DAMPIER_202009_DNE,6,June,35.5,21.4,23.0
2020-06-05T10:00:00Z,2.768,23.3,3.9,Broome,14.04,DAMPIER_202009_DNE,6,June,35.5,21.4,23.0
2020-06-05T11:00:00Z,4.42,-9999,3,Broome,10.8,DAMPIER_202009_DNE,6,June,35.5,21.4,23.0
2020-06-05T12:00:00Z,6.106,-9999,4.8,Broome,17.28,DAMPIER_202009_DNE,6,June,35.5,21.4,23.0
2020-06-05T13:00:00Z,7.659,-9999,5.4,Broome,19.44,DAMPIER_202009_DNE,6,June,35.5,21.4,23.0
2020-06-05T14:00:00Z,8.665,-9999,7.7,Broome,27.720000000000002,DAMPIER_202009_DNE,6,June,35.5,21.4,23.0
2020-06-05T15:00:00Z,8.602,-9999,8.1,Broome,29.16,DAMPIER_202009_DNE,6,June,35.5,21.4,23.0
2020-06-05T16:00:00Z,7.629,-9999,8.1,Broome,29.16,DAMPIER_202009_DNE,6,June,35.5,21.4,23.0
2020-06-05T17:00:00Z,6.326,-9999,9.2,Broome,33.12,DAMPIER_202009_DNE,6,June,35.5,21.4,23.0
2020-06-05T18:00:00Z,4.879,-9999,9.4,Broome,33.84,DAMPIER_202009_DNE,6,June,35.5,21.4,23.0
2020-06-05T19:00:00Z,3.429,-9999,8.6,Broome,30.96,DAMPIER_202009_DNE,6,June,35.5,21.4,23.0
2020-06-05T20:00:00Z,2.284,-9999,6.3,Broome,22.68,DAMPIER_202009_DNE,6,June,35.5,21.4,23.0
2020-06-05T21:00:00Z,1.963,-9999,4.9,Broome,17.64,DAMPIER_202009_DNE,6,June,35.5,21.4,23.0
2020-06-05T22:00:00Z,2.901,-9999,6.3,Broome,22.68,DAMPIER_202009_DNE,6,June,35.5,21.4,23.0
2020-06-05T23:00:00Z,4.568,-9999,5.6,Broome,20.16,DAMPIER_202009_DNE,6,June,35.5,21.4,23.0
2020-06-06T00:00:00Z,6.417,-9999,4.7,Broome,16.92,DAMPIER_202009_DNE,6,June,35.5,21.4,23.0
2020-06-06T01:00:00Z,8.12,-9999,4.5,Broome,16.2,DAMPIER_202009_DNE,6,June,35.5,21.4,23.0
2020-06-06T02:00:00Z,9.289,-9999,3.9,Broome,14.04,DAMPIER_202009_DNE,6,June,35.5,21.4,23.0
2020-06-06T03:00:00Z,9.434,-9999,6.3,Broome,22.68,DAMPIER_202009_DNE,6,June,35.5,21.4,23.0
2020-06-06T04:00:00Z,8.476,-9999,5.1,Broome,18.36,DAMPIER_202009_DNE,6,June,35.5,21.4,23.0
2020-06-06T05:00:00Z,6.948,-9999,3.9,Broome,14.04,DAMPIER_202009_DNE,6,June,35.5,21.4,23.0
2020-06-06T06:00:00Z,5.226,-9999,3.3,Broome,11.879999999999999,DAMPIER_202009_DNE,6,June,35.5,21.4,23.0
2020-06-06T07:00:00Z,3.478,-9999,1.8,Broome,6.48,DAMPIER_202009_DNE,6,June,35.5,21.4,23.0
2020-06-06T08:00:00Z,1.98,-9999,0.9,Broome,3.24,DAMPIER_202009_DNE,6,June,35.5,21.4,23.0
2020-06-06T09:00:00Z,1.102,-9999,2.9,Broome,10.44,DAMPIER_202009_DNE,6,June,35.5,21.4,23.0
2020-06-06T10:00:00Z,1.581,-9999,3.6,Broome,12.96,DAMPIER_202009_DNE,6,June,35.5,21.4,23.0
2020-06-06T11:00:00Z,3.113,-9999,5.5,Broome,19.8,DAMPIER_202009_DNE,6,June,35.5,21.4,23.0
2020-06-06T12:00:00Z,4.844,-9999,5.8,Broome,20.88,DAMPIER_202009_DNE,6,June,35.5,21.4,23.0
2020-06-06T13:00:00Z,6.612,-9999,4.4,Broome,15.840000000000002,DAMPIER_202009_DNE,6,June,35.5,21.4,23.0
2020-06-06T14:00:00Z,8.171,-9999,6,Broome,21.6,DAMPIER_202009_DNE,6,June,35.5,21.4,23.0
2020-06-06T15:00:00Z,8.96,-9999,7,Broome,25.2,DAMPIER_202009_DNE,6,June,35.5,21.4,23.0
2020-06-06T16:00:00Z,8.526,-9999,5.4,Broome,19.44,DAMPIER_202009_DNE,6,June,35.5,21.4,23.0
2020-06-06T17:00:00Z,7.317,-9999,6.3,Broome,22.68,DAMPIER_202009_DNE,6,June,35.5,21.4,23.0
2020-06-06T18:00:00Z,5.909,-9999,5.8,Broome,20.88,DAMPIER_202009_DNE,6,June,35.5,21.4,23.0
2020-06-06T19:00:00Z,4.384,-9999,6.3,Broome,22.68,DAMPIER_202009_DNE,6,June,35.5,21.4,23.0
2020-06-06T20:00:00Z,2.947,-9999,5.6,Broome,20.16,DAMPIER_202009_DNE,6,June,35.5,21.4,23.0
2020-06-06T21:00:00Z,1.955,-9999,4.6,Broome,16.56,DAMPIER_202009_DNE,6,June,35.5,21.4,23.0
2020-06-06T22:00:00Z,2.027,-9999,5.7,Broome,20.52,DAMPIER_202009_DNE,6,June,35.5,21.4,23.0
2020-06-06T23:00:00Z,3.352,-9999,5.2,Broome,18.720000000000002,DAMPIER_202009_DNE,6,June,35.5,21.4,23.0
2020-06-07T00:00:00Z,5.172,-9999,4.9,Broome,17.64,DAMPIER_202009_DNE,6,June,35.5,21.4,23.0
2020-06-07T01:00:00Z,7.033,-9999,4,Broome,14.4,DAMPIER_202009_DNE,6,June,35.5,21.4,23.0
2020-06-07T02:00:00Z,8.701,-9999,5.8,Broome,20.88,DAMPIER_202009_DNE,6,June,35.5,21.4,23.0
2020-06-07T03:00:00Z,9.628,-9999,6,Broome,21.6,DAMPIER_202009_DNE,6,June,35.5,21.4,23.0
2020-06-07T04:00:00Z,9.312,-9999,3.9,Broome,14.04,DAMPIER_202009_DNE,6,June,35.5,21.4,23.0
2020-06-07T05:00:00Z,7.998,-9999,3.5,Broome,12.6,DAMPIER_202009_DNE,6,June,35.5,21.4,23.0
2020-06-07T06:00:00Z,6.379,-9999,2,Broome,7.2,DAMPIER_202009_DNE,6,June,35.5,21.4,23.0
2020-06-07T07:00:00Z,4.648,-9999,3.5,Broome,12.6,DAMPIER_202009_DNE,6,June,35.5,21.4,23.0
2020-06-07T08:00:00Z,2.938,-9999,3,Broome,10.8,DAMPIER_202009_DNE,6,June,35.5,21.4,23.0
2020-06-07T09:00:00Z,1.542,-9999,1.3,Broome,4.680000000000001,DAMPIER_202009_DNE,6,June,35.5,21.4,23.0
2020-06-07T10:00:00Z,1.042,-9999,0.6,Broome,2.16,DAMPIER_202009_DNE,6,June,35.5,21.4,23.0
2020-06-07T11:00:00Z,1.959,-9999,2.3,Broome,8.28,DAMPIER_202009_DNE,6,June,35.5,21.4,23.0
2020-06-07T12:00:00Z,3.611,-9999,2.6,Broome,9.360000000000001,DAMPIER_202009_DNE,6,June,35.5,21.4,23.0
2020-06-07T13:00:00Z,5.395,-9999,3.3,Broome,11.879999999999999,DAMPIER_202009_DNE,6,June,35.5,21.4,23.0
2020-06-07T14:00:00Z,7.184,-9999,3.1,Broome,11.16,DAMPIER_202009_DNE,6,June,35.5,21.4,23.0
2020-06-07T15:00:00Z,8.598,-9999,3,Broome,10.8,DAMPIER_202009_DNE,6,June,35.5,21.4,23.0
2020-06-07T16:00:00Z,8.997,-9999,1.3,Broome,4.680000000000001,DAMPIER_202009_DNE,6,June,35.5,21.4,23.0
2020-06-07T17:00:00Z,8.195,-9999,2.1,Broome,7.5600000000000005,DAMPIER_202009_DNE,6,June,35.5,21.4,23.0
2020-06-07T18:00:00Z,6.848,-9999,2.8,Broome,10.08,DAMPIER_202009_DNE,6,June,35.5,21.4,23.0
2020-06-07T19:00:00Z,5.388,-9999,1.9,Broome,6.84,DAMPIER_202009_DNE,6,June,35.5,21.4,23.0
2020-06-07T20:00:00Z,3.886,-9999,1.7,Broome,6.12,DAMPIER_202009_DNE,6,June,35.5,21.4,23.0
2020-06-07T21:00:00Z,2.579,-9999,2.1,Broome,7.5600000000000005,DAMPIER_202009_DNE,6,June,35.5,21.4,23.0
2020-06-07T22:00:00Z,1.876,-9999,1.5,Broome,5.4,DAMPIER_202009_DNE,6,June,35.5,21.4,23.0
2020-06-07T23:00:00Z,2.448,-9999,2.9,Broome,10.44,DAMPIER_202009_DNE,6,June,35.5,21.4,23.0
2020-06-08T00:00:00Z,4.063,-9999,2.1,Broome,7.5600000000000005,DAMPIER_202009_DNE,6,June,35.5,21.4,23.0
2020-06-08T01:00:00Z,5.916,-9999,2,Broome,7.2,DAMPIER_202009_DNE,6,June,35.5,21.4,23.0
2020-06-08T02:00:00Z,7.664,-9999,2.5,Broome,9,DAMPIER_202009_DNE,6,June,35.5,21.4,23.0
2020-06-08T03:00:00Z,9.053,-9999,2.1,Broome,7.5600000000000005,DAMPIER_202009_DNE,6,June,35.5,21.4,23.0
2020-06-08T04:00:00Z,9.527,-9999,1.8,Broome,6.48,DAMPIER_202009_DNE,6,June,35.5,21.4,23.0
2020-06-08T05:00:00Z,8.782,-9999,2,Broome,7.2,DAMPIER_202009_DNE,6,June,35.5,21.4,23.0
2020-06-08T06:00:00Z,7.337,-9999,3.6,Broome,12.96,DAMPIER_202009_DNE,6,June,35.5,21.4,23.0
2020-06-08T07:00:00Z,5.757,-9999,4,Broome,14.4,DAMPIER_202009_DNE,6,June,35.5,21.4,23.0
2020-06-08T08:00:00Z,4.088,-9999,4.4,Broome,15.840000000000002,DAMPIER_202009_DNE,6,June,35.5,21.4,23.0
2020-06-08T09:00:00Z,2.503,-9999,4.3,Broome,15.48,DAMPIER_202009_DNE,6,June,35.5,21.4,23.0
2020-06-08T10:00:00Z,1.378,-9999,3.7,Broome,13.32,DAMPIER_202009_DNE,6,June,35.5,21.4,23.0
2020-06-08T11:00:00Z,1.36,-9999,3,Broome,10.8,DAMPIER_202009_DNE,6,June,35.5,21.4,23.0
2020-06-08T12:00:00Z,2.564,-9999,0,Broome,0,DAMPIER_202009_DNE,6,June,35.5,21.4,23.0
2020-06-08T13:00:00Z,4.222,-9999,1,Broome,3.6,DAMPIER_202009_DNE,6,June,35.5,21.4,23.0
2020-06-08T14:00:00Z,5.968,-9999,0.2,Broome,0.7200000000000001,DAMPIER_202009_DNE,6,June,35.5,21.4,23.0
2020-06-08T15:00:00Z,7.634,-9999,1.8,Broome,6.48,DAMPIER_202009_DNE,6,June,35.5,21.4,23.0
2020-06-08T16:00:00Z,8.756,-9999,1.3,Broome,4.680000000000001,DAMPIER_202009_DNE,6,June,35.5,21.4,23.0
2020-06-08T17:00:00Z,8.702,-9999,2.1,Broome,7.5600000000000005,DAMPIER_202009_DNE,6,June,35.5,21.4,23.0
2020-06-08T18:00:00Z,7.634,-9999,3.6,Broome,12.96,DAMPIER_202009_DNE,6,June,35.5,21.4,23.0
2020-06-08T19:00:00Z,6.269,-9999,3.2,Broome,11.520000000000001,DAMPIER_202009_DNE,6,June,35.5,21.4,23.0
2020-06-08T20:00:00Z,4.814,-9999,3.7,Broome,13.32,DAMPIER_202009_DNE,6,June,35.5,21.4,23.0
2020-06-08T21:00:00Z,3.393,-9999,2.1,Broome,7.5600000000000005,DAMPIER_202009_DNE,6,June,35.5,21.4,23.0
2020-06-08T22:00:00Z,2.301,-9999,2.8,Broome,10.08,DAMPIER_202009_DNE,6,June,35.5,21.4,23.0
2020-06-08T23:00:00Z,2.101,-9999,3,Broome,10.8,DAMPIER_202009_DNE,6,June,35.5,21.4,23.0
2020-06-09T00:00:00Z,3.156,-9999,4.1,Broome,14.76,DAMPIER_202009_DNE,6,June,35.5,21.4,23.0
2020-06-09T01:00:00Z,4.802,-9999,4.3,Broome,15.48,DAMPIER_202009_DNE,6,June,35.5,21.4,23.0
2020-06-09T02:00:00Z,6.499,-9999,2.8,Broome,10.08,DAMPIER_202009_DNE,6,June,35.5,21.4,23.0
2020-06-09T03:00:00Z,8.056,-9999,4.2,Broome,15.120000000000001,DAMPIER_202009_DNE,6,June,35.5,21.4,23.0
2020-06-09T04:00:00Z,9.105,-9999,1.7,Broome,6.12,DAMPIER_202009_DNE,6,June,35.5,21.4,23.0
2020-06-09T05:00:00Z,9.101,-9999,2.1,Broome,7.5600000000000005,DAMPIER_202009_DNE,6,June,35.5,21.4,23.0
2020-06-09T06:00:00Z,8.068,-9999,3.5,Broome,12.6,DAMPIER_202009_DNE,6,June,35.5,21.4,23.0
2020-06-09T07:00:00Z,6.613,-9999,3.5,Broome,12.6,DAMPIER_202009_DNE,6,June,35.5,21.4,23.0
2020-06-09T08:00:00Z,5.082,-9999,3.6,Broome,12.96,DAMPIER_202009_DNE,6,June,35.5,21.4,23.0
2020-06-09T09:00:00Z,3.558,-9999,3.1,Broome,11.16,DAMPIER_202009_DNE,6,June,35.5,21.4,23.0
2020-06-09T10:00:00Z,2.238,-9999,2.8,Broome,10.08,DAMPIER_202009_DNE,6,June,35.5,21.4,23.0
2020-06-09T11:00:00Z,1.578,-9999,2.2,Broome,7.920000000000001,DAMPIER_202009_DNE,6,June,35.5,21.4,23.0
2020-06-09T12:00:00Z,2.098,-9999,2.3,Broome,8.28,DAMPIER_202009_DNE,6,June,35.5,21.4,23.0
2020-06-09T13:00:00Z,3.481,-9999,2.2,Broome,7.920000000000001,DAMPIER_202009_DNE,6,June,35.5,21.4,23.0
2020-06-09T14:00:00Z,5.041,-9999,2.4,Broome,8.64,DAMPIER_202009_DNE,6,June,35.5,21.4,23.0
2020-06-09T15:00:00Z,6.61,-9999,1.6,Broome,5.760000000000001,DAMPIER_202009_DNE,6,June,35.5,21.4,23.0
2020-06-09T16:00:00Z,7.983,-9999,1.1,Broome,3.9600000000000004,DAMPIER_202009_DNE,6,June,35.5,21.4,23.0
2020-06-09T17:00:00Z,8.627,-9999,0.4,Broome,1.4400000000000002,DAMPIER_202009_DNE,6,June,35.5,21.4,23.0
2020-06-09T18:00:00Z,8.119,-9999,0.7,Broome,2.52,DAMPIER_202009_DNE,6,June,35.5,21.4,23.0
2020-06-09T19:00:00Z,6.994,-9999,3.7,Broome,13.32,DAMPIER_202009_DNE,6,June,35.5,21.4,23.0
2020-06-09T20:00:00Z,5.748,-9999,2.8,Broome,10.08,DAMPIER_202009_DNE,6,June,35.5,21.4,23.0
2020-06-09T21:00:00Z,4.409,-9999,3.5,Broome,12.6,DAMPIER_202009_DNE,6,June,35.5,21.4,23.0
2020-06-09T22:00:00Z,3.176,-9999,6,Broome,21.6,DAMPIER_202009_DNE,6,June,35.5,21.4,23.0
2020-06-09T23:00:00Z,2.432,-9999,5.9,Broome,21.240000000000002,DAMPIER_202009_DNE,6,June,35.5,21.4,23.0
2020-06-10T00:00:00Z,2.709,-9999,7.8,Broome,28.08,DAMPIER_202009_DNE,6,June,35.5,21.4,23.0
2020-06-10T01:00:00Z,3.915,-9999,6.9,Broome,24.840000000000003,DAMPIER_202009_DNE,6,June,35.5,21.4,23.0
2020-06-10T02:00:00Z,5.435,-9999,7.4,Broome,26.64,DAMPIER_202009_DNE,6,June,35.5,21.4,23.0
2020-06-10T03:00:00Z,6.952,-9999,7.2,Broome,25.92,DAMPIER_202009_DNE,6,June,35.5,21.4,23.0
2020-06-10T04:00:00Z,8.218,-9999,6.1,Broome,21.96,DAMPIER_202009_DNE,6,June,35.5,21.4,23.0
2020-06-10T05:00:00Z,8.843,-9999,5.1,Broome,18.36,DAMPIER_202009_DNE,6,June,35.5,21.4,23.0
2020-06-10T06:00:00Z,8.452,-9999,3.7,Broome,13.32,DAMPIER_202009_DNE,6,June,35.5,21.4,23.0
2020-06-10T07:00:00Z,7.316,-9999,1.9,Broome,6.84,DAMPIER_202009_DNE,6,June,35.5,21.4,23.0
2020-06-10T08:00:00Z,5.999,-9999,1.2,Broome,4.32,DAMPIER_202009_DNE,6,June,35.5,21.4,23.0
2020-06-10T09:00:00Z,4.636,-9999,2.3,Broome,8.28,DAMPIER_202009_DNE,6,June,35.5,21.4,23.0
2020-06-10T10:00:00Z,3.311,-9999,2.9,Broome,10.44,DAMPIER_202009_DNE,6,June,35.5,21.4,23.0
2020-06-10T11:00:00Z,2.344,-9999,3,Broome,10.8,DAMPIER_202009_DNE,6,June,35.5,21.4,23.0
2020-06-10T12:00:00Z,2.182,-9999,2.3,Broome,8.28,DAMPIER_202009_DNE,6,June,35.5,21.4,23.0
2020-06-10T13:00:00Z,3.043,-9999,1.8,Broome,6.48,DAMPIER_202009_DNE,6,June,35.5,21.4,23.0
2020-06-10T14:00:00Z,4.352,-9999,2,Broome,7.2,DAMPIER_202009_DNE,6,June,35.5,21.4,23.0
2020-06-10T15:00:00Z,5.704,-9999,2,Broome,7.2,DAMPIER_202009_DNE,6,June,35.5,21.4,23.0
2020-06-10T16:00:00Z,6.985,-9999,3.7,Broome,13.32,DAMPIER_202009_DNE,6,June,35.5,21.4,23.0
2020-06-10T17:00:00Z,8.023,-9999,4.9,Broome,17.64,DAMPIER_202009_DNE,6,June,35.5,21.4,23.0
2020-06-10T18:00:00Z,8.274,-9999,4.4,Broome,15.840000000000002,DAMPIER_202009_DNE,6,June,35.5,21.4,23.0
2020-06-10T19:00:00Z,7.529,-9999,5.1,Broome,18.36,DAMPIER_202009_DNE,6,June,35.5,21.4,23.0
2020-06-10T20:00:00Z,6.417,-9999,4.6,Broome,16.56,DAMPIER_202009_DNE,6,June,35.5,21.4,23.0
2020-06-10T21:00:00Z,5.264,-9999,4.9,Broome,17.64,DAMPIER_202009_DNE,6,June,35.5,21.4,23.0
2020-06-10T22:00:00Z,4.099,-9999,4.6,Broome,16.56,DAMPIER_202009_DNE,6,June,35.5,21.4,23.0
2020-06-10T23:00:00Z,3.163,-9999,4.1,Broome,14.76,DAMPIER_202009_DNE,6,June,35.5,21.4,23.0
2020-06-11T00:00:00Z,2.886,-9999,3.4,Broome,12.24,DAMPIER_202009_DNE,6,June,35.5,21.4,23.0
2020-06-11T01:00:00Z,3.531,-9999,3.2,Broome,11.520000000000001,DAMPIER_202009_DNE,6,June,35.5,21.4,23.0
2020-06-11T02:00:00Z,4.754,-9999,1.5,Broome,5.4,DAMPIER_202009_DNE,6,June,35.5,21.4,23.0
2020-06-11T03:00:00Z,6.031,-9999,0.8,Broome,2.8800000000000003,DAMPIER_202009_DNE,6,June,35.5,21.4,23.0
2020-06-11T04:00:00Z,7.174,-9999,-9999,Broome,-35996.4,DAMPIER_202009_DNE,6,June,35.5,21.4,23.0
2020-06-11T05:00:00Z,8.052,-9999,-9999,Broome,-35996.4,DAMPIER_202009_DNE,6,June,35.5,21.4,23.0
2020-06-11T06:00:00Z,8.302,-9999,-9999,Broome,-35996.4,DAMPIER_202009_DNE,6,June,35.5,21.4,23.0
2020-06-11T07:00:00Z,7.736,-9999,-9999,Broome,-35996.4,DAMPIER_202009_DNE,6,June,35.5,21.4,23.0
2020-06-11T08:00:00Z,6.695,-9999,-9999,Broome,-35996.4,DAMPIER_202009_DNE,6,June,35.5,21.4,23.0
2020-06-11T09:00:00Z,5.538,-9999,-9999,Broome,-35996.4,DAMPIER_202009_DNE,6,June,35.5,21.4,23.0
2020-06-11T10:00:00Z,4.391,-9999,-9999,Broome,-35996.4,DAMPIER_202009_DNE,6,June,35.5,21.4,23.0
2020-06-11T11:00:00Z,3.397,-9999,-9999,Broome,-35996.4,DAMPIER_202009_DNE,6,June,35.5,21.4,23.0
2020-06-11T12:00:00Z,2.808,-9999,-9999,Broome,-35996.4,DAMPIER_202009_DNE,6,June,35.5,21.4,23.0
2020-06-11T13:00:00Z,3.007,-9999,-9999,Broome,-35996.4,DAMPIER_202009_DNE,6,June,35.5,21.4,23.0
2020-06-11T14:00:00Z,3.866,-9999,-9999,Broome,-35996.4,DAMPIER_202009_DNE,6,June,35.5,21.4,23.0
2020-06-11T15:00:00Z,4.984,-9999,-9999,Broome,-35996.4,DAMPIER_202009_DNE,6,June,35.5,21.4,23.0
2020-06-11T16:00:00Z,6.142,-9999,-9999,Broome,-35996.4,DAMPIER_202009_DNE,6,June,35.5,21.4,23.0
2020-06-11T17:00:00Z,7.168,-9999,-9999,Broome,-35996.4,DAMPIER_202009_DNE,6,June,35.5,21.4,23.0
2020-06-11T18:00:00Z,7.817,-9999,-9999,Broome,-35996.4,DAMPIER_202009_DNE,6,June,35.5,21.4,23.0
2020-06-11T19:00:00Z,7.718,-9999,-9999,Broome,-35996.4,DAMPIER_202009_DNE,6,June,35.5,21.4,23.0
2020-06-11T20:00:00Z,6.965,-9999,-9999,Broome,-35996.4,DAMPIER_202009_DNE,6,June,35.5,21.4,23.0
2020-06-11T21:00:00Z,5.976,-9999,-9999,Broome,-35996.4,DAMPIER_202009_DNE,6,June,35.5,21.4,23.0
2020-06-11T22:00:00Z,4.989,-9999,-9999,Broome,-35996.4,DAMPIER_202009_DNE,6,June,35.5,21.4,23.0
2020-06-11T23:00:00Z,4.151,-9999,-9999,Broome,-35996.4,DAMPIER_202009_DNE,6,June,35.5,21.4,23.0
2020-06-12T00:00:00Z,3.595,-9999,-9999,Broome,-35996.4,DAMPIER_202009_DNE,6,June,35.5,21.4,23.0
2020-06-12T01:00:00Z,3.633,-9999,-9999,Broome,-35996.4,DAMPIER_202009_DNE,6,June,35.5,21.4,23.0
2020-06-12T02:00:00Z,4.345,-9999,-9999,Broome,-35996.4,DAMPIER_202009_DNE,6,June,35.5,21.4,23.0
2020-06-12T03:00:00Z,5.316,23,3.1,Broome,11.16,DAMPIER_202009_DNE,6,June,35.5,21.4,23.0
2020-06-12T04:00:00Z,6.286,23,2.3,Broome,8.28,DAMPIER_202009_DNE,6,June,35.5,21.4,23.0
2020-06-12T05:00:00Z,7.137,23,2.8,Broome,10.08,DAMPIER_202009_DNE,6,June,35.5,21.4,23.0
2020-06-12T06:00:00Z,7.682,23,2.8,Broome,10.08,DAMPIER_202009_DNE,6,June,35.5,21.4,23.0
2020-06-12T07:00:00Z,7.634,23,3.1,Broome,11.16,DAMPIER_202009_DNE,6,June,35.5,21.4,23.0
2020-06-12T08:00:00Z,7.018,23.1,2.6,Broome,9.360000000000001,DAMPIER_202009_DNE,6,June,35.5,21.4,23.0
2020-06-12T09:00:00Z,6.116,23.3,1.9,Broome,6.84,DAMPIER_202009_DNE,6,June,35.5,21.4,23.0
2020-06-12T10:00:00Z,5.12,23.3,3.1,Broome,11.16,DAMPIER_202009_DNE,6,June,35.5,21.4,23.0
2020-06-12T11:00:00Z,4.22,23.3,4.6,Broome,16.56,DAMPIER_202009_DNE,6,June,35.5,21.4,23.0
2020-06-12T12:00:00Z,3.518,23.4,4.3,Broome,15.48,DAMPIER_202009_DNE,6,June,35.5,21.4,23.0
2020-06-12T13:00:00Z,3.283,23.5,4,Broome,14.4,DAMPIER_202009_DNE,6,June,35.5,21.4,23.0
2020-06-12T14:00:00Z,3.675,23.5,1.7,Broome,6.12,DAMPIER_202009_DNE,6,June,35.5,21.4,23.0
2020-06-12T15:00:00Z,4.474,23.1,0.8,Broome,2.8800000000000003,DAMPIER_202009_DNE,6,June,35.5,21.4,23.0
2020-06-12T16:00:00Z,5.403,23.1,1.2,Broome,4.32,DAMPIER_202009_DNE,6,June,35.5,21.4,23.0
2020-06-12T17:00:00Z,6.327,23.1,1.3,Broome,4.680000000000001,DAMPIER_202009_DNE,6,June,35.5,21.4,23.0
2020-06-12T18:00:00Z,7.073,23.1,0.8,Broome,2.8800000000000003,DAMPIER_202009_DNE,6,June,35.5,21.4,23.0
2020-06-12T19:00:00Z,7.417,23,2.4,Broome,8.64,DAMPIER_202009_DNE,6,June,35.5,21.4,23.0
2020-06-12T20:00:00Z,7.172,23,2,Broome,7.2,DAMPIER_202009_DNE,6,June,35.5,21.4,23.0
2020-06-12T21:00:00Z,6.479,23,1.6,Broome,5.760000000000001,DAMPIER_202009_DNE,6,June,35.5,21.4,23.0
2020-06-12T22:00:00Z,5.668,23,1.6,Broome,5.760000000000001,DAMPIER_202009_DNE,6,June,35.5,21.4,23.0
2020-06-12T23:00:00Z,4.907,23,2.4,Broome,8.64,DAMPIER_202009_DNE,6,June,35.5,21.4,23.0
2020-06-13T00:00:00Z,4.344,23,1.9,Broome,6.84,DAMPIER_202009_DNE,6,June,35.5,21.4,23.0
2020-06-13T01:00:00Z,4.035,23,2.1,Broome,7.5600000000000005,DAMPIER_202009_DNE,6,June,35.5,21.4,23.0
2020-06-13T02:00:00Z,4.208,23.1,1,Broome,3.6,DAMPIER_202009_DNE,6,June,35.5,21.4,23.0
2020-06-13T03:00:00Z,4.781,23.1,1.2,Broome,4.32,DAMPIER_202009_DNE,6,June,35.5,21.4,23.0
2020-06-13T04:00:00Z,5.434,23.1,3.6,Broome,12.96,DAMPIER_202009_DNE,6,June,35.5,21.4,23.0
2020-06-13T05:00:00Z,6.126,23.1,3.7,Broome,13.32,DAMPIER_202009_DNE,6,June,35.5,21.4,23.0
2020-06-13T06:00:00Z,6.743,23.1,4,Broome,14.4,DAMPIER_202009_DNE,6,June,35.5,21.4,23.0
2020-06-13T07:00:00Z,7.098,23.1,4.2,Broome,15.120000000000001,DAMPIER_202009_DNE,6,June,35.5,21.4,23.0
2020-06-13T08:00:00Z,7.059,23.1,4.5,Broome,16.2,DAMPIER_202009_DNE,6,June,35.5,21.4,23.0
2020-06-13T09:00:00Z,6.555,23.2,4.6,Broome,16.56,DAMPIER_202009_DNE,6,June,35.5,21.4,23.0
2020-06-13T10:00:00Z,5.812,23.3,4.4,Broome,15.840000000000002,DAMPIER_202009_DNE,6,June,35.5,21.4,23.0
2020-06-13T11:00:00Z,5.035,23.3,4.4,Broome,15.840000000000002,DAMPIER_202009_DNE,6,June,35.5,21.4,23.0
2020-06-13T12:00:00Z,4.33,23.4,3.7,Broome,13.32,DAMPIER_202009_DNE,6,June,35.5,21.4,23.0
2020-06-13T13:00:00Z,3.871,23.4,3.1,Broome,11.16,DAMPIER_202009_DNE,6,June,35.5,21.4,23.0
2020-06-13T14:00:00Z,3.814,23.5,2.9,Broome,10.44,DAMPIER_202009_DNE,6,June,35.5,21.4,23.0
2020-06-13T15:00:00Z,4.168,23.3,1.8,Broome,6.48,DAMPIER_202009_DNE,6,June,35.5,21.4,23.0
2020-06-13T16:00:00Z,4.775,23.2,2.6,Broome,9.360000000000001,DAMPIER_202009_DNE,6,June,35.5,21.4,23.0
2020-06-13T17:00:00Z,5.509,23.1,1.7,Broome,6.12,DAMPIER_202009_DNE,6,June,35.5,21.4,23.0
2020-06-13T18:00:00Z,6.224,23.2,3.1,Broome,11.16,DAMPIER_202009_DNE,6,June,35.5,21.4,23.0
2020-06-13T19:00:00Z,6.743,23.2,2.3,Broome,8.28,DAMPIER_202009_DNE,6,June,35.5,21.4,23.0
2020-06-13T20:00:00Z,6.969,23.1,4,Broome,14.4,DAMPIER_202009_DNE,6,June,35.5,21.4,23.0
2020-06-13T21:00:00Z,6.766,23.1,4.2,Broome,15.120000000000001,DAMPIER_202009_DNE,6,June,35.5,21.4,23.0
2020-06-13T22:00:00Z,6.212,23.1,4.3,Broome,15.48,DAMPIER_202009_DNE,6,June,35.5,21.4,23.0
2020-06-13T23:00:00Z,5.598,23.1,3.7,Broome,13.32,DAMPIER_202009_DNE,6,June,35.5,21.4,23.0
2020-06-14T00:00:00Z,5.054,23,5,Broome,18,DAMPIER_202009_DNE,6,June,35.5,21.4,23.0
2020-06-14T01:00:00Z,4.591,23,3.2,Broome,11.520000000000001,DAMPIER_202009_DNE,6,June,35.5,21.4,23.0
2020-06-14T02:00:00Z,4.371,23.1,2,Broome,7.2,DAMPIER_202009_DNE,6,June,35.5,21.4,23.0
2020-06-14T03:00:00Z,4.493,23.2,2.6,Broome,9.360000000000001,DAMPIER_202009_DNE,6,June,35.5,21.4,23.0
2020-06-14T04:00:00Z,4.86,23.1,2.7,Broome,9.72,DAMPIER_202009_DNE,6,June,35.5,21.4,23.0
2020-06-14T05:00:00Z,5.339,23.1,1.4,Broome,5.04,DAMPIER_202009_DNE,6,June,35.5,21.4,23.0
2020-06-14T06:00:00Z,5.782,23.1,2.5,Broome,9,DAMPIER_202009_DNE,6,June,35.5,21.4,23.0
2020-06-14T07:00:00Z,6.248,23.1,3.2,Broome,11.520000000000001,DAMPIER_202009_DNE,6,June,35.5,21.4,23.0
2020-06-14T08:00:00Z,6.566,23.1,3.3,Broome,11.879999999999999,DAMPIER_202009_DNE,6,June,35.5,21.4,23.0
2020-06-14T09:00:00Z,6.583,23.2,3,Broome,10.8,DAMPIER_202009_DNE,6,June,35.5,21.4,23.0
2020-06-14T10:00:00Z,6.28,23.2,5,Broome,18,DAMPIER_202009_DNE,6,June,35.5,21.4,23.0
2020-06-14T11:00:00Z,5.726,23.2,4.5,Broome,16.2,DAMPIER_202009_DNE,6,June,35.5,21.4,23.0
2020-06-14T12:00:00Z,5.115,23.4,3.1,Broome,11.16,DAMPIER_202009_DNE,6,June,35.5,21.4,23.0
2020-06-14T13:00:00Z,4.637,23.6,2.4,Broome,8.64,DAMPIER_202009_DNE,6,June,35.5,21.4,23.0
2020-06-14T14:00:00Z,4.326,23.6,2.3,Broome,8.28,DAMPIER_202009_DNE,6,June,35.5,21.4,23.0
2020-06-14T15:00:00Z,4.239,23.6,2.7,Broome,9.72,DAMPIER_202009_DNE,6,June,35.5,21.4,23.0
2020-06-14T16:00:00Z,4.457,23.4,6,Broome,21.6,DAMPIER_202009_DNE,6,June,35.5,21.4,23.0
2020-06-14T17:00:00Z,4.882,23.3,5.7,Broome,20.52,DAMPIER_202009_DNE,6,June,35.5,21.4,23.0
2020-06-14T18:00:00Z,5.364,23.2,6.2,Broome,22.32,DAMPIER_202009_DNE,6,June,35.5,21.4,23.0
2020-06-14T19:00:00Z,5.892,23.2,5.9,Broome,21.240000000000002,DAMPIER_202009_DNE,6,June,35.5,21.4,23.0
2020-06-14T20:00:00Z,6.38,23.2,7.4,Broome,26.64,DAMPIER_202009_DNE,6,June,35.5,21.4,23.0
2020-06-14T21:00:00Z,6.648,23.1,7.6,Broome,27.36,DAMPIER_202009_DNE,6,June,35.5,21.4,23.0
2020-06-14T22:00:00Z,6.607,23.1,7.4,Broome,26.64,DAMPIER_202009_DNE,6,June,35.5,21.4,23.0
2020-06-14T23:00:00Z,6.276,23.1,5.4,Broome,19.44,DAMPIER_202009_DNE,6,June,35.5,21.4,23.0
2020-06-15T00:00:00Z,5.809,23.1,4.9,Broome,17.64,DAMPIER_202009_DNE,6,June,35.5,21.4,23.0
2020-06-15T01:00:00Z,5.315,23.1,5.9,Broome,21.240000000000002,DAMPIER_202009_DNE,6,June,35.5,21.4,23.0
2020-06-15T02:00:00Z,4.894,23.1,4.9,Broome,17.64,DAMPIER_202009_DNE,6,June,35.5,21.4,23.0
2020-06-15T03:00:00Z,4.634,23.3,3.3,Broome,11.879999999999999,DAMPIER_202009_DNE,6,June,35.5,21.4,23.0
2020-06-15T04:00:00Z,4.571,23.4,0.8,Broome,2.8800000000000003,DAMPIER_202009_DNE,6,June,35.5,21.4,23.0
2020-06-15T05:00:00Z,4.643,23.4,1.7,Broome,6.12,DAMPIER_202009_DNE,6,June,35.5,21.4,23.0
2020-06-15T06:00:00Z,4.966,23.2,2.5,Broome,9,DAMPIER_202009_DNE,6,June,35.5,21.4,23.0
2020-06-15T07:00:00Z,5.464,23.2,2.4,Broome,8.64,DAMPIER_202009_DNE,6,June,35.5,21.4,23.0
2020-06-15T08:00:00Z,5.938,23.2,2.2,Broome,7.920000000000001,DAMPIER_202009_DNE,6,June,35.5,21.4,23.0
2020-06-15T09:00:00Z,6.301,23.3,5.1,Broome,18.36,DAMPIER_202009_DNE,6,June,35.5,21.4,23.0
2020-06-15T10:00:00Z,6.451,23.3,4.4,Broome,15.840000000000002,DAMPIER_202009_DNE,6,June,35.5,21.4,23.0
2020-06-15T11:00:00Z,6.334,23.2,3.7,Broome,13.32,DAMPIER_202009_DNE,6,June,35.5,21.4,23.0
2020-06-15T12:00:00Z,5.942,23.2,4.4,Broome,15.840000000000002,DAMPIER_202009_DNE,6,June,35.5,21.4,23.0
2020-06-15T13:00:00Z,5.429,23.3,4.3,Broome,15.48,DAMPIER_202009_DNE,6,June,35.5,21.4,23.0
2020-06-15T14:00:00Z,4.964,23.3,3.3,Broome,11.879999999999999,DAMPIER_202009_DNE,6,June,35.5,21.4,23.0
2020-06-15T15:00:00Z,4.598,23.4,2.1,Broome,7.5600000000000005,DAMPIER_202009_DNE,6,June,35.5,21.4,23.0
2020-06-15T16:00:00Z,4.406,23.5,2.4,Broome,8.64,DAMPIER_202009_DNE,6,June,35.5,21.4,23.0
2020-06-15T17:00:00Z,4.474,23.5,1.5,Broome,5.4,DAMPIER_202009_DNE,6,June,35.5,21.4,23.0
2020-06-15T18:00:00Z,4.76,23.4,2.2,Broome,7.920000000000001,DAMPIER_202009_DNE,6,June,35.5,21.4,23.0
2020-06-15T19:00:00Z,5.227,23.3,3.2,Broome,11.520000000000001,DAMPIER_202009_DNE,6,June,35.5,21.4,23.0
2020-06-15T20:00:00Z,5.799,23.2,4.2,Broome,15.120000000000001,DAMPIER_202009_DNE,6,June,35.5,21.4,23.0
2020-06-15T21:00:00Z,6.31,23.2,5.6,Broome,20.16,DAMPIER_202009_DNE,6,June,35.5,21.4,23.0
2020-06-15T22:00:00Z,6.672,23.3,4.9,Broome,17.64,DAMPIER_202009_DNE,6,June,35.5,21.4,23.0
2020-06-15T23:00:00Z,6.821,23.2,5.3,Broome,19.08,DAMPIER_202009_DNE,6,June,35.5,21.4,23.0
2020-06-16T00:00:00Z,6.612,23.2,5.6,Broome,20.16,DAMPIER_202009_DNE,6,June,35.5,21.4,23.0
2020-06-16T01:00:00Z,6.167,23.2,6,Broome,21.6,DAMPIER_202009_DNE,6,June,35.5,21.4,23.0
2020-06-16T02:00:00Z,5.645,23.2,7,Broome,25.2,DAMPIER_202009_DNE,6,June,35.5,21.4,23.0
2020-06-16T03:00:00Z,5.074,23.2,5.6,Broome,20.16,DAMPIER_202009_DNE,6,June,35.5,21.4,23.0
2020-06-16T04:00:00Z,4.579,-9999,3.7,Broome,13.32,DAMPIER_202009_DNE,6,June,35.5,21.4,23.0
2020-06-16T05:00:00Z,4.309,-9999,1.9,Broome,6.84,DAMPIER_202009_DNE,6,June,35.5,21.4,23.0
2020-06-16T06:00:00Z,4.254,-9999,2.6,Broome,9.360000000000001,DAMPIER_202009_DNE,6,June,35.5,21.4,23.0
2020-06-16T07:00:00Z,4.491,-9999,2.8,Broome,10.08,DAMPIER_202009_DNE,6,June,35.5,21.4,23.0
2020-06-16T08:00:00Z,5.04,-9999,3.1,Broome,11.16,DAMPIER_202009_DNE,6,June,35.5,21.4,23.0
2020-06-16T09:00:00Z,5.683,-9999,1.6,Broome,5.760000000000001,DAMPIER_202009_DNE,6,June,35.5,21.4,23.0
2020-06-16T10:00:00Z,6.19,-9999,1.6,Broome,5.760000000000001,DAMPIER_202009_DNE,6,June,35.5,21.4,23.0
2020-06-16T11:00:00Z,6.521,-9999,3.3,Broome,11.879999999999999,DAMPIER_202009_DNE,6,June,35.5,21.4,23.0
2020-06-16T12:00:00Z,6.594,-9999,2.8,Broome,10.08,DAMPIER_202009_DNE,6,June,35.5,21.4,23.0
2020-06-16T13:00:00Z,6.267,-9999,2.2,Broome,7.920000000000001,DAMPIER_202009_DNE,6,June,35.5,21.4,23.0
2020-06-16T14:00:00Z,5.718,-9999,1.8,Broome,6.48,DAMPIER_202009_DNE,6,June,35.5,21.4,23.0
2020-06-16T15:00:00Z,5.15,-9999,0.1,Broome,0.36000000000000004,DAMPIER_202009_DNE,6,June,35.5,21.4,23.0
2020-06-16T16:00:00Z,4.647,-9999,2.5,Broome,9,DAMPIER_202009_DNE,6,June,35.5,21.4,23.0
2020-06-16T17:00:00Z,4.306,-9999,3.6,Broome,12.96,DAMPIER_202009_DNE,6,June,35.5,21.4,23.0
2020-06-16T18:00:00Z,4.226,-9999,4.9,Broome,17.64,DAMPIER_202009_DNE,6,June,35.5,21.4,23.0
2020-06-16T19:00:00Z,4.494,-9999,5.3,Broome,19.08,DAMPIER_202009_DNE,6,June,35.5,21.4,23.0
2020-06-16T20:00:00Z,5.082,-9999,5.6,Broome,20.16,DAMPIER_202009_DNE,6,June,35.5,21.4,23.0
2020-06-16T21:00:00Z,5.812,-9999,6.4,Broome,23.040000000000003,DAMPIER_202009_DNE,6,June,35.5,21.4,23.0
2020-06-16T22:00:00Z,6.46,-9999,7.8,Broome,28.08,DAMPIER_202009_DNE,6,June,35.5,21.4,23.0
2020-06-16T23:00:00Z,6.945,-9999,9.2,Broome,33.12,DAMPIER_202009_DNE,6,June,35.5,21.4,23.0
2020-06-17T00:00:00Z,7.147,-9999,8.4,Broome,30.240000000000002,DAMPIER_202009_DNE,6,June,35.5,21.4,23.0
2020-06-17T01:00:00Z,6.92,-9999,7.2,Broome,25.92,DAMPIER_202009_DNE,6,June,35.5,21.4,23.0
2020-06-17T02:00:00Z,6.401,-9999,6.3,Broome,22.68,DAMPIER_202009_DNE,6,June,35.5,21.4,23.0
2020-06-17T03:00:00Z,5.702,-9999,6.4,Broome,23.040000000000003,DAMPIER_202009_DNE,6,June,35.5,21.4,23.0
2020-06-17T04:00:00Z,4.937,-9999,6.6,Broome,23.759999999999998,DAMPIER_202009_DNE,6,June,35.5,21.4,23.0
2020-06-17T05:00:00Z,4.237,-9999,6.2,Broome,22.32,DAMPIER_202009_DNE,6,June,35.5,21.4,23.0
2020-06-17T06:00:00Z,3.761,-9999,6,Broome,21.6,DAMPIER_202009_DNE,6,June,35.5,21.4,23.0
2020-06-17T07:00:00Z,3.713,-9999,4.6,Broome,16.56,DAMPIER_202009_DNE,6,June,35.5,21.4,23.0
2020-06-17T08:00:00Z,4.179,-9999,3.5,Broome,12.6,DAMPIER_202009_DNE,6,June,35.5,21.4,23.0
2020-06-17T09:00:00Z,4.947,-9999,3.7,Broome,13.32,DAMPIER_202009_DNE,6,June,35.5,21.4,23.0
2020-06-17T10:00:00Z,5.759,-9999,4.6,Broome,16.56,DAMPIER_202009_DNE,6,June,35.5,21.4,23.0
2020-06-17T11:00:00Z,6.503,-9999,2.1,Broome,7.5600000000000005,DAMPIER_202009_DNE,6,June,35.5,21.4,23.0
2020-06-17T12:00:00Z,6.96,-9999,2.7,Broome,9.72,DAMPIER_202009_DNE,6,June,35.5,21.4,23.0
2020-06-17T13:00:00Z,6.997,-9999,3.9,Broome,14.04,DAMPIER_202009_DNE,6,June,35.5,21.4,23.0
2020-06-17T14:00:00Z,6.616,-9999,3.2,Broome,11.520000000000001,DAMPIER_202009_DNE,6,June,35.5,21.4,23.0
2020-06-17T15:00:00Z,5.928,-9999,3.2,Broome,11.520000000000001,DAMPIER_202009_DNE,6,June,35.5,21.4,23.0
2020-06-17T16:00:00Z,5.141,-9999,4.4,Broome,15.840000000000002,DAMPIER_202009_DNE,6,June,35.5,21.4,23.0
2020-06-17T17:00:00Z,4.458,-9999,5.3,Broome,19.08,DAMPIER_202009_DNE,6,June,35.5,21.4,23.0
2020-06-17T18:00:00Z,4.028,-9999,4.1,Broome,14.76,DAMPIER_202009_DNE,6,June,35.5,21.4,23.0
2020-06-17T19:00:00Z,3.968,-9999,5.2,Broome,18.720000000000002,DAMPIER_202009_DNE,6,June,35.5,21.4,23.0
2020-06-17T20:00:00Z,4.356,-9999,5.9,Broome,21.240000000000002,DAMPIER_202009_DNE,6,June,35.5,21.4,23.0
2020-06-17T21:00:00Z,5.104,-9999,4.6,Broome,16.56,DAMPIER_202009_DNE,6,June,35.5,21.4,23.0
2020-06-17T22:00:00Z,6.008,-9999,4.6,Broome,16.56,DAMPIER_202009_DNE,6,June,35.5,21.4,23.0
2020-06-17T23:00:00Z,6.878,-9999,5,Broome,18,DAMPIER_202009_DNE,6,June,35.5,21.4,23.0
2020-06-18T00:00:00Z,7.487,-9999,5,Broome,18,DAMPIER_202009_DNE,6,June,35.5,21.4,23.0
2020-06-18T01:00:00Z,7.606,-9999,5.8,Broome,20.88,DAMPIER_202009_DNE,6,June,35.5,21.4,23.0
2020-06-18T02:00:00Z,7.257,-9999,5.5,Broome,19.8,DAMPIER_202009_DNE,6,June,35.5,21.4,23.0
2020-06-18T03:00:00Z,6.53,-9999,4.4,Broome,15.840000000000002,DAMPIER_202009_DNE,6,June,35.5,21.4,23.0
2020-06-18T04:00:00Z,5.537,-9999,4,Broome,14.4,DAMPIER_202009_DNE,6,June,35.5,21.4,23.0
2020-06-18T05:00:00Z,4.499,-9999,3.4,Broome,12.24,DAMPIER_202009_DNE,6,June,35.5,21.4,23.0
2020-06-18T06:00:00Z,3.624,-9999,3,Broome,10.8,DAMPIER_202009_DNE,6,June,35.5,21.4,23.0
2020-06-18T07:00:00Z,3.168,-9999,2,Broome,7.2,DAMPIER_202009_DNE,6,June,35.5,21.4,23.0
2020-06-18T08:00:00Z,3.343,-9999,1.4,Broome,5.04,DAMPIER_202009_DNE,6,June,35.5,21.4,23.0
2020-06-18T09:00:00Z,4.041,-9999,1.8,Broome,6.48,DAMPIER_202009_DNE,6,June,35.5,21.4,23.0
2020-06-18T10:00:00Z,5.01,-9999,1.5,Broome,5.4,DAMPIER_202009_DNE,6,June,35.5,21.4,23.0
2020-06-18T11:00:00Z,6.086,-9999,1.8,Broome,6.48,DAMPIER_202009_DNE,6,June,35.5,21.4,23.0
2020-06-18T12:00:00Z,6.975,-9999,0.6,Broome,2.16,DAMPIER_202009_DNE,6,June,35.5,21.4,23.0
2020-06-18T13:00:00Z,7.432,-9999,0.3,Broome,1.08,DAMPIER_202009_DNE,6,June,35.5,21.4,23.0
2020-06-18T14:00:00Z,7.338,-9999,1.3,Broome,4.680000000000001,DAMPIER_202009_DNE,6,June,35.5,21.4,23.0
2020-06-18T15:00:00Z,6.727,-9999,3.1,Broome,11.16,DAMPIER_202009_DNE,6,June,35.5,21.4,23.0
2020-06-18T16:00:00Z,5.833,-9999,2.1,Broome,7.5600000000000005,DAMPIER_202009_DNE,6,June,35.5,21.4,23.0
2020-06-18T17:00:00Z,4.882,-9999,3.4,Broome,12.24,DAMPIER_202009_DNE,6,June,35.5,21.4,23.0
2020-06-18T18:00:00Z,4.065,-9999,3.4,Broome,12.24,DAMPIER_202009_DNE,6,June,35.5,21.4,23.0
2020-06-18T19:00:00Z,3.597,-9999,4.1,Broome,14.76,DAMPIER_202009_DNE,6,June,35.5,21.4,23.0
2020-06-18T20:00:00Z,3.673,-9999,4.5,Broome,16.2,DAMPIER_202009_DNE,6,June,35.5,21.4,23.0
2020-06-18T21:00:00Z,4.322,-9999,6,Broome,21.6,DAMPIER_202009_DNE,6,June,35.5,21.4,23.0
2020-06-18T22:00:00Z,5.304,-9999,3.1,Broome,11.16,DAMPIER_202009_DNE,6,June,35.5,21.4,23.0
2020-06-18T23:00:00Z,6.376,-9999,3.9,Broome,14.04,DAMPIER_202009_DNE,6,June,35.5,21.4,23.0
2020-06-19T00:00:00Z,7.364,-9999,5,Broome,18,DAMPIER_202009_DNE,6,June,35.5,21.4,23.0
2020-06-19T01:00:00Z,7.942,-9999,3.7,Broome,13.32,DAMPIER_202009_DNE,6,June,35.5,21.4,23.0
2020-06-19T02:00:00Z,7.926,-9999,1.4,Broome,5.04,DAMPIER_202009_DNE,6,June,35.5,21.4,23.0
2020-06-19T03:00:00Z,7.331,-9999,1.9,Broome,6.84,DAMPIER_202009_DNE,6,June,35.5,21.4,23.0
2020-06-19T04:00:00Z,6.294,-9999,4.4,Broome,15.840000000000002,DAMPIER_202009_DNE,6,June,35.5,21.4,23.0
2020-06-19T05:00:00Z,5.055,-9999,4,Broome,14.4,DAMPIER_202009_DNE,6,June,35.5,21.4,23.0
2020-06-19T06:00:00Z,3.843,-9999,2.9,Broome,10.44,DAMPIER_202009_DNE,6,June,35.5,21.4,23.0
2020-06-19T07:00:00Z,2.94,-9999,2.8,Broome,10.08,DAMPIER_202009_DNE,6,June,35.5,21.4,23.0
2020-06-19T08:00:00Z,2.655,-9999,1.3,Broome,4.680000000000001,DAMPIER_202009_DNE,6,June,35.5,21.4,23.0
2020-06-19T09:00:00Z,3.126,-9999,1.7,Broome,6.12,DAMPIER_202009_DNE,6,June,35.5,21.4,23.0
2020-06-19T10:00:00Z,4.123,-9999,2,Broome,7.2,DAMPIER_202009_DNE,6,June,35.5,21.4,23.0
2020-06-19T11:00:00Z,5.335,-9999,0.4,Broome,1.4400000000000002,DAMPIER_202009_DNE,6,June,35.5,21.4,23.0
2020-06-19T12:00:00Z,6.541,-9999,2.5,Broome,9,DAMPIER_202009_DNE,6,June,35.5,21.4,23.0
2020-06-19T13:00:00Z,7.494,-9999,2.9,Broome,10.44,DAMPIER_202009_DNE,6,June,35.5,21.4,23.0
2020-06-19T14:00:00Z,7.856,-9999,3.9,Broome,14.04,DAMPIER_202009_DNE,6,June,35.5,21.4,23.0
2020-06-19T15:00:00Z,7.456,-9999,5.7,Broome,20.52,DAMPIER_202009_DNE,6,June,35.5,21.4,23.0
2020-06-19T16:00:00Z,6.574,-9999,7.3,Broome,26.28,DAMPIER_202009_DNE,6,June,35.5,21.4,23.0
2020-06-19T17:00:00Z,5.524,-9999,6.5,Broome,23.400000000000002,DAMPIER_202009_DNE,6,June,35.5,21.4,23.0
2020-06-19T18:00:00Z,4.431,-9999,4.4,Broome,15.840000000000002,DAMPIER_202009_DNE,6,June,35.5,21.4,23.0
2020-06-19T19:00:00Z,3.544,-9999,4.3,Broome,15.48,DAMPIER_202009_DNE,6,June,35.5,21.4,23.0
2020-06-19T20:00:00Z,3.15,-9999,5.3,Broome,19.08,DAMPIER_202009_DNE,6,June,35.5,21.4,23.0
2020-06-19T21:00:00Z,3.479,-9999,4.3,Broome,15.48,DAMPIER_202009_DNE,6,June,35.5,21.4,23.0
2020-06-19T22:00:00Z,4.429,-9999,6.3,Broome,22.68,DAMPIER_202009_DNE,6,June,35.5,21.4,23.0
2020-06-19T23:00:00Z,5.651,-9999,4.5,Broome,16.2,DAMPIER_202009_DNE,6,June,35.5,21.4,23.0
2020-06-20T00:00:00Z,6.951,-9999,4.4,Broome,15.840000000000002,DAMPIER_202009_DNE,6,June,35.5,21.4,23.0
2020-06-20T01:00:00Z,7.978,-9999,4.5,Broome,16.2,DAMPIER_202009_DNE,6,June,35.5,21.4,23.0
2020-06-20T02:00:00Z,8.388,-9999,2.9,Broome,10.44,DAMPIER_202009_DNE,6,June,35.5,21.4,23.0
2020-06-20T03:00:00Z,8.045,-9999,7.3,Broome,26.28,DAMPIER_202009_DNE,6,June,35.5,21.4,23.0
2020-06-20T04:00:00Z,7.087,-9999,6.1,Broome,21.96,DAMPIER_202009_DNE,6,June,35.5,21.4,23.0
2020-06-20T05:00:00Z,5.802,-9999,4.8,Broome,17.28,DAMPIER_202009_DNE,6,June,35.5,21.4,23.0
2020-06-20T06:00:00Z,4.426,-9999,4.1,Broome,14.76,DAMPIER_202009_DNE,6,June,35.5,21.4,23.0
2020-06-20T07:00:00Z,3.22,-9999,2.3,Broome,8.28,DAMPIER_202009_DNE,6,June,35.5,21.4,23.0
2020-06-20T08:00:00Z,2.407,-9999,1.7,Broome,6.12,DAMPIER_202009_DNE,6,June,35.5,21.4,23.0
2020-06-20T09:00:00Z,2.348,-9999,2.1,Broome,7.5600000000000005,DAMPIER_202009_DNE,6,June,35.5,21.4,23.0
2020-06-20T10:00:00Z,3.194,-9999,0.9,Broome,3.24,DAMPIER_202009_DNE,6,June,35.5,21.4,23.0
2020-06-20T11:00:00Z,4.477,-9999,4.3,Broome,15.48,DAMPIER_202009_DNE,6,June,35.5,21.4,23.0
2020-06-20T12:00:00Z,5.853,-9999,3.8,Broome,13.68,DAMPIER_202009_DNE,6,June,35.5,21.4,23.0
2020-06-20T13:00:00Z,7.16,-9999,4.3,Broome,15.48,DAMPIER_202009_DNE,6,June,35.5,21.4,23.0
2020-06-20T14:00:00Z,8.06,-9999,3.8,Broome,13.68,DAMPIER_202009_DNE,6,June,35.5,21.4,23.0
2020-06-20T15:00:00Z,8.128,-9999,5.8,Broome,20.88,DAMPIER_202009_DNE,6,June,35.5,21.4,23.0
2020-06-20T16:00:00Z,7.395,-9999,4.9,Broome,17.64,DAMPIER_202009_DNE,6,June,35.5,21.4,23.0
2020-06-20T17:00:00Z,6.313,-9999,6.8,Broome,24.48,DAMPIER_202009_DNE,6,June,35.5,21.4,23.0
2020-06-20T18:00:00Z,5.072,-9999,8.3,Broome,29.880000000000003,DAMPIER_202009_DNE,6,June,35.5,21.4,23.0
2020-06-20T19:00:00Z,3.87,-9999,8.3,Broome,29.880000000000003,DAMPIER_202009_DNE,6,June,35.5,21.4,23.0
2020-06-20T20:00:00Z,2.987,-9999,9.5,Broome,34.2,DAMPIER_202009_DNE,6,June,35.5,21.4,23.0
2020-06-20T21:00:00Z,2.773,-9999,8.1,Broome,29.16,DAMPIER_202009_DNE,6,June,35.5,21.4,23.0
2020-06-20T22:00:00Z,3.518,-9999,8.1,Broome,29.16,DAMPIER_202009_DNE,6,June,35.5,21.4,23.0
2020-06-20T23:00:00Z,4.862,-9999,7.6,Broome,27.36,DAMPIER_202009_DNE,6,June,35.5,21.4,23.0
2020-06-21T00:00:00Z,6.316,-9999,7.3,Broome,26.28,DAMPIER_202009_DNE,6,June,35.5,21.4,23.0
2020-06-21T01:00:00Z,7.62,-9999,5.3,Broome,19.08,DAMPIER_202009_DNE,6,June,35.5,21.4,23.0
2020-06-21T02:00:00Z,8.536,-9999,7.6,Broome,27.36,DAMPIER_202009_DNE,6,June,35.5,21.4,23.0
2020-06-21T03:00:00Z,8.685,-9999,5.9,Broome,21.240000000000002,DAMPIER_202009_DNE,6,June,35.5,21.4,23.0
2020-06-21T04:00:00Z,7.905,-9999,4.1,Broome,14.76,DAMPIER_202009_DNE,6,June,35.5,21.4,23.0
2020-06-21T05:00:00Z,6.612,-9999,4.6,Broome,16.56,DAMPIER_202009_DNE,6,June,35.5,21.4,23.0
2020-06-21T06:00:00Z,5.193,-9999,2.3,Broome,8.28,DAMPIER_202009_DNE,6,June,35.5,21.4,23.0
2020-06-21T07:00:00Z,3.778,-9999,2.7,Broome,9.72,DAMPIER_202009_DNE,6,June,35.5,21.4,23.0
2020-06-21T08:00:00Z,2.567,-9999,2.7,Broome,9.72,DAMPIER_202009_DNE,6,June,35.5,21.4,23.0
2020-06-21T09:00:00Z,1.907,-9999,2.8,Broome,10.08,DAMPIER_202009_DNE,6,June,35.5,21.4,23.0
2020-06-21T10:00:00Z,2.351,-9999,2.6,Broome,9.360000000000001,DAMPIER_202009_DNE,6,June,35.5,21.4,23.0
2020-06-21T11:00:00Z,3.606,-9999,2.2,Broome,7.920000000000001,DAMPIER_202009_DNE,6,June,35.5,21.4,23.0
2020-06-21T12:00:00Z,5.05,-9999,1.1,Broome,3.9600000000000004,DAMPIER_202009_DNE,6,June,35.5,21.4,23.0
2020-06-21T13:00:00Z,6.503,-9999,1.9,Broome,6.84,DAMPIER_202009_DNE,6,June,35.5,21.4,23.0
2020-06-21T14:00:00Z,7.761,-9999,2,Broome,7.2,DAMPIER_202009_DNE,6,June,35.5,21.4,23.0
2020-06-21T15:00:00Z,8.429,-9999,1.7,Broome,6.12,DAMPIER_202009_DNE,6,June,35.5,21.4,23.0
2020-06-21T16:00:00Z,8.099,-9999,2.6,Broome,9.360000000000001,DAMPIER_202009_DNE,6,June,35.5,21.4,23.0
2020-06-21T17:00:00Z,7.055,-9999,3,Broome,10.8,DAMPIER_202009_DNE,6,June,35.5,21.4,23.0
2020-06-21T18:00:00Z,5.808,-9999,4.4,Broome,15.840000000000002,DAMPIER_202009_DNE,6,June,35.5,21.4,23.0
2020-06-21T19:00:00Z,4.497,-9999,4.2,Broome,15.120000000000001,DAMPIER_202009_DNE,6,June,35.5,21.4,23.0
2020-06-21T20:00:00Z,3.303,-9999,6.6,Broome,23.759999999999998,DAMPIER_202009_DNE,6,June,35.5,21.4,23.0
2020-06-21T21:00:00Z,2.552,-9999,7.8,Broome,28.08,DAMPIER_202009_DNE,6,June,35.5,21.4,23.0
2020-06-21T22:00:00Z,2.755,-9999,5.1,Broome,18.36,DAMPIER_202009_DNE,6,June,35.5,21.4,23.0
2020-06-21T23:00:00Z,3.969,-9999,6.3,Broome,22.68,DAMPIER_202009_DNE,6,June,35.5,21.4,23.0
2020-06-22T00:00:00Z,5.541,23.3,4.5,Broome,16.2,DAMPIER_202009_DNE,6,June,35.5,21.4,23.0
2020-06-22T01:00:00Z,7.047,23.3,5.2,Broome,18.720000000000002,DAMPIER_202009_DNE,6,June,35.5,21.4,23.0
2020-06-22T02:00:00Z,8.324,23.3,6.1,Broome,21.96,DAMPIER_202009_DNE,6,June,35.5,21.4,23.0
2020-06-22T03:00:00Z,9.009,23.3,5.3,Broome,19.08,DAMPIER_202009_DNE,6,June,35.5,21.4,23.0
2020-06-22T04:00:00Z,8.646,23.4,7.2,Broome,25.92,DAMPIER_202009_DNE,6,June,35.5,21.4,23.0
2020-06-22T05:00:00Z,7.489,23.3,5.7,Broome,20.52,DAMPIER_202009_DNE,6,June,35.5,21.4,23.0
2020-06-22T06:00:00Z,6.059,23.4,3.3,Broome,11.879999999999999,DAMPIER_202009_DNE,6,June,35.5,21.4,23.0
2020-06-22T07:00:00Z,4.514,23.4,3.7,Broome,13.32,DAMPIER_202009_DNE,6,June,35.5,21.4,23.0
2020-06-22T08:00:00Z,3.071,23.4,3.3,Broome,11.879999999999999,DAMPIER_202009_DNE,6,June,35.5,21.4,23.0
2020-06-22T09:00:00Z,1.967,23.4,3.5,Broome,12.6,DAMPIER_202009_DNE,6,June,35.5,21.4,23.0
2020-06-22T10:00:00Z,1.738,23.4,5.5,Broome,19.8,DAMPIER_202009_DNE,6,June,35.5,21.4,23.0
2020-06-22T11:00:00Z,2.697,23.4,3.6,Broome,12.96,DAMPIER_202009_DNE,6,June,35.5,21.4,23.0
2020-06-22T12:00:00Z,4.14,23.4,4.7,Broome,16.92,DAMPIER_202009_DNE,6,June,35.5,21.4,23.0
2020-06-22T13:00:00Z,5.671,23.4,3.2,Broome,11.520000000000001,DAMPIER_202009_DNE,6,June,35.5,21.4,23.0
2020-06-22T14:00:00Z,7.183,23.4,2.6,Broome,9.360000000000001,DAMPIER_202009_DNE,6,June,35.5,21.4,23.0
2020-06-22T15:00:00Z,8.346,23.4,1.7,Broome,6.12,DAMPIER_202009_DNE,6,June,35.5,21.4,23.0
2020-06-22T16:00:00Z,8.587,23.4,0.8,Broome,2.8800000000000003,DAMPIER_202009_DNE,6,June,35.5,21.4,23.0
2020-06-22T17:00:00Z,7.79,23.4,5.1,Broome,18.36,DAMPIER_202009_DNE,6,June,35.5,21.4,23.0
2020-06-22T18:00:00Z,6.565,23.4,1.1,Broome,3.9600000000000004,DAMPIER_202009_DNE,6,June,35.5,21.4,23.0
2020-06-22T19:00:00Z,5.216,23.4,4,Broome,14.4,DAMPIER_202009_DNE,6,June,35.5,21.4,23.0
2020-06-22T20:00:00Z,3.838,23.3,4,Broome,14.4,DAMPIER_202009_DNE,6,June,35.5,21.4,23.0
2020-06-22T21:00:00Z,2.74,23.3,4.4,Broome,15.840000000000002,DAMPIER_202009_DNE,6,June,35.5,21.4,23.0
2020-06-22T22:00:00Z,2.346,23.2,5.2,Broome,18.720000000000002,DAMPIER_202009_DNE,6,June,35.5,21.4,23.0
2020-06-22T23:00:00Z,3.122,23.2,6,Broome,21.6,DAMPIER_202009_DNE,6,June,35.5,21.4,23.0
2020-06-23T00:00:00Z,4.665,23.3,5.3,Broome,19.08,DAMPIER_202009_DNE,6,June,35.5,21.4,23.0
2020-06-23T01:00:00Z,6.283,23.3,7.6,Broome,27.36,DAMPIER_202009_DNE,6,June,35.5,21.4,23.0
2020-06-23T02:00:00Z,7.775,23.3,6.6,Broome,23.759999999999998,DAMPIER_202009_DNE,6,June,35.5,21.4,23.0
2020-06-23T03:00:00Z,8.879,23.3,6.4,Broome,23.040000000000003,DAMPIER_202009_DNE,6,June,35.5,21.4,23.0
2020-06-23T04:00:00Z,9.097,23.3,4.8,Broome,17.28,DAMPIER_202009_DNE,6,June,35.5,21.4,23.0
2020-06-23T05:00:00Z,8.24,23.4,4.5,Broome,16.2,DAMPIER_202009_DNE,6,June,35.5,21.4,23.0
2020-06-23T06:00:00Z,6.854,23.5,2.7,Broome,9.72,DAMPIER_202009_DNE,6,June,35.5,21.4,23.0
2020-06-23T07:00:00Z,5.346,23.5,3.2,Broome,11.520000000000001,DAMPIER_202009_DNE,6,June,35.5,21.4,23.0
2020-06-23T08:00:00Z,3.839,23.5,2.5,Broome,9,DAMPIER_202009_DNE,6,June,35.5,21.4,23.0
2020-06-23T09:00:00Z,2.492,23.4,2.9,Broome,10.44,DAMPIER_202009_DNE,6,June,35.5,21.4,23.0
2020-06-23T10:00:00Z,1.661,23.4,4.3,Broome,15.48,DAMPIER_202009_DNE,6,June,35.5,21.4,23.0
2020-06-23T11:00:00Z,1.989,23.4,4.1,Broome,14.76,DAMPIER_202009_DNE,6,June,35.5,21.4,23.0
2020-06-23T12:00:00Z,3.26,23.4,4.2,Broome,15.120000000000001,DAMPIER_202009_DNE,6,June,35.5,21.4,23.0
2020-06-23T13:00:00Z,4.79,23.4,6.7,Broome,24.12,DAMPIER_202009_DNE,6,June,35.5,21.4,23.0
2020-06-23T14:00:00Z,6.357,23.4,4.1,Broome,14.76,DAMPIER_202009_DNE,6,June,35.5,21.4,23.0
2020-06-23T15:00:00Z,7.785,23.3,8.6,Broome,30.96,DAMPIER_202009_DNE,6,June,35.5,21.4,23.0
2020-06-23T16:00:00Z,8.598,23.3,8.5,Broome,30.6,DAMPIER_202009_DNE,6,June,35.5,21.4,23.0
2020-06-23T17:00:00Z,8.305,23.3,7.5,Broome,27,DAMPIER_202009_DNE,6,June,35.5,21.4,23.0
2020-06-23T18:00:00Z,7.237,23.3,7.2,Broome,25.92,DAMPIER_202009_DNE,6,June,35.5,21.4,23.0
2020-06-23T19:00:00Z,5.954,23.2,6.9,Broome,24.840000000000003,DAMPIER_202009_DNE,6,June,35.5,21.4,23.0
2020-06-23T20:00:00Z,4.576,23.1,7.1,Broome,25.56,DAMPIER_202009_DNE,6,June,35.5,21.4,23.0
2020-06-23T21:00:00Z,3.298,23.1,5.7,Broome,20.52,DAMPIER_202009_DNE,6,June,35.5,21.4,23.0
2020-06-23T22:00:00Z,2.411,23,5,Broome,18,DAMPIER_202009_DNE,6,June,35.5,21.4,23.0
2020-06-23T23:00:00Z,2.457,22.6,5.6,Broome,20.16,DAMPIER_202009_DNE,6,June,35.5,21.4,23.0
2020-06-24T00:00:00Z,3.646,23,6.6,Broome,23.759999999999998,DAMPIER_202009_DNE,6,June,35.5,21.4,23.0
2020-06-24T01:00:00Z,5.267,23,6.9,Broome,24.840000000000003,DAMPIER_202009_DNE,6,June,35.5,21.4,23.0
2020-06-24T02:00:00Z,6.899,23,6,Broome,21.6,DAMPIER_202009_DNE,6,June,35.5,21.4,23.0
2020-06-24T03:00:00Z,8.321,23.1,6.7,Broome,24.12,DAMPIER_202009_DNE,6,June,35.5,21.4,23.0
2020-06-24T04:00:00Z,9.1,23.1,5.9,Broome,21.240000000000002,DAMPIER_202009_DNE,6,June,35.5,21.4,23.0
2020-06-24T05:00:00Z,8.854,23.2,5.6,Broome,20.16,DAMPIER_202009_DNE,6,June,35.5,21.4,23.0
2020-06-24T06:00:00Z,7.715,23.2,5.1,Broome,18.36,DAMPIER_202009_DNE,6,June,35.5,21.4,23.0
2020-06-24T07:00:00Z,6.251,23.2,4.7,Broome,16.92,DAMPIER_202009_DNE,6,June,35.5,21.4,23.0
2020-06-24T08:00:00Z,4.735,23.2,4.6,Broome,16.56,DAMPIER_202009_DNE,6,June,35.5,21.4,23.0
2020-06-24T09:00:00Z,3.29,23.2,5.3,Broome,19.08,DAMPIER_202009_DNE,6,June,35.5,21.4,23.0
2020-06-24T10:00:00Z,2.139,23.1,4.3,Broome,15.48,DAMPIER_202009_DNE,6,June,35.5,21.4,23.0
2020-06-24T11:00:00Z,1.752,23,4.6,Broome,16.56,DAMPIER_202009_DNE,6,June,35.5,21.4,23.0
2020-06-24T12:00:00Z,2.509,23.1,6.8,Broome,24.48,DAMPIER_202009_DNE,6,June,35.5,21.4,23.0
2020-06-24T13:00:00Z,3.894,23.1,8.5,Broome,30.6,DAMPIER_202009_DNE,6,June,35.5,21.4,23.0
2020-06-24T14:00:00Z,5.382,23.1,8.2,Broome,29.52,DAMPIER_202009_DNE,6,June,35.5,21.4,23.0
2020-06-24T15:00:00Z,6.868,23.1,8.2,Broome,29.52,DAMPIER_202009_DNE,6,June,35.5,21.4,23.0
2020-06-24T16:00:00Z,8.112,23.1,8.4,Broome,30.240000000000002,DAMPIER_202009_DNE,6,June,35.5,21.4,23.0
2020-06-24T17:00:00Z,8.56,23.1,7.6,Broome,27.36,DAMPIER_202009_DNE,6,June,35.5,21.4,23.0
2020-06-24T18:00:00Z,7.894,23,7.1,Broome,25.56,DAMPIER_202009_DNE,6,June,35.5,21.4,23.0
2020-06-24T19:00:00Z,6.717,22.9,6.3,Broome,22.68,DAMPIER_202009_DNE,6,June,35.5,21.4,23.0
2020-06-24T20:00:00Z,5.434,22.9,6.9,Broome,24.840000000000003,DAMPIER_202009_DNE,6,June,35.5,21.4,23.0
2020-06-24T21:00:00Z,4.082,22.7,6.7,Broome,24.12,DAMPIER_202009_DNE,6,June,35.5,21.4,23.0
2020-06-24T22:00:00Z,2.881,22.7,6.4,Broome,23.040000000000003,DAMPIER_202009_DNE,6,June,35.5,21.4,23.0
2020-06-24T23:00:00Z,2.286,22.3,5.4,Broome,19.44,DAMPIER_202009_DNE,6,June,35.5,21.4,23.0
2020-06-25T00:00:00Z,2.852,22.4,4.5,Broome,16.2,DAMPIER_202009_DNE,6,June,35.5,21.4,23.0
2020-06-25T01:00:00Z,4.278,22.7,4.2,Broome,15.120000000000001,DAMPIER_202009_DNE,6,June,35.5,21.4,23.0
2020-06-25T02:00:00Z,5.871,22.8,4.4,Broome,15.840000000000002,DAMPIER_202009_DNE,6,June,35.5,21.4,23.0
2020-06-25T03:00:00Z,7.403,22.8,5.8,Broome,20.88,DAMPIER_202009_DNE,6,June,35.5,21.4,23.0
2020-06-25T04:00:00Z,8.606,22.8,4.2,Broome,15.120000000000001,DAMPIER_202009_DNE,6,June,35.5,21.4,23.0
2020-06-25T05:00:00Z,8.979,22.9,3.3,Broome,11.879999999999999,DAMPIER_202009_DNE,6,June,35.5,21.4,23.0
2020-06-25T06:00:00Z,8.329,23,2.8,Broome,10.08,DAMPIER_202009_DNE,6,June,35.5,21.4,23.0
2020-06-25T07:00:00Z,7.064,23.1,2.7,Broome,9.72,DAMPIER_202009_DNE,6,June,35.5,21.4,23.0
2020-06-25T08:00:00Z,5.678,23.1,2.4,Broome,8.64,DAMPIER_202009_DNE,6,June,35.5,21.4,23.0
2020-06-25T09:00:00Z,4.233,22.9,2.4,Broome,8.64,DAMPIER_202009_DNE,6,June,35.5,21.4,23.0
2020-06-25T10:00:00Z,2.897,22.9,3,Broome,10.8,DAMPIER_202009_DNE,6,June,35.5,21.4,23.0
2020-06-25T11:00:00Z,2.038,22.9,3.7,Broome,13.32,DAMPIER_202009_DNE,6,June,35.5,21.4,23.0
2020-06-25T12:00:00Z,2.119,22.8,3.6,Broome,12.96,DAMPIER_202009_DNE,6,June,35.5,21.4,23.0
2020-06-25T13:00:00Z,3.177,22.9,4.1,Broome,14.76,DAMPIER_202009_DNE,6,June,35.5,21.4,23.0
2020-06-25T14:00:00Z,4.578,22.9,6.6,Broome,23.759999999999998,DAMPIER_202009_DNE,6,June,35.5,21.4,23.0
2020-06-25T15:00:00Z,6.028,22.9,5.6,Broome,20.16,DAMPIER_202009_DNE,6,June,35.5,21.4,23.0
2020-06-25T16:00:00Z,7.373,22.9,5.8,Broome,20.88,DAMPIER_202009_DNE,6,June,35.5,21.4,23.0
2020-06-25T17:00:00Z,8.286,22.9,6.6,Broome,23.759999999999998,DAMPIER_202009_DNE,6,June,35.5,21.4,23.0
2020-06-25T18:00:00Z,8.25,22.9,3.8,Broome,13.68,DAMPIER_202009_DNE,6,June,35.5,21.4,23.0
2020-06-25T19:00:00Z,7.361,22.8,4.2,Broome,15.120000000000001,DAMPIER_202009_DNE,6,June,35.5,21.4,23.0
2020-06-25T20:00:00Z,6.218,22.8,4.7,Broome,16.92,DAMPIER_202009_DNE,6,June,35.5,21.4,23.0
2020-06-25T21:00:00Z,4.956,22.7,4.9,Broome,17.64,DAMPIER_202009_DNE,6,June,35.5,21.4,23.0
2020-06-25T22:00:00Z,3.721,22.7,4.9,Broome,17.64,DAMPIER_202009_DNE,6,June,35.5,21.4,23.0
2020-06-25T23:00:00Z,2.817,22.5,5.4,Broome,19.44,DAMPIER_202009_DNE,6,June,35.5,21.4,23.0
2020-06-26T00:00:00Z,2.666,22.4,5.1,Broome,18.36,DAMPIER_202009_DNE,6,June,35.5,21.4,23.0
2020-06-26T01:00:00Z,3.504,22.4,6.4,Broome,23.040000000000003,DAMPIER_202009_DNE,6,June,35.5,21.4,23.0
2020-06-26T02:00:00Z,4.909,22.6,5.1,Broome,18.36,DAMPIER_202009_DNE,6,June,35.5,21.4,23.0
2020-06-26T03:00:00Z,6.413,22.6,3.8,Broome,13.68,DAMPIER_202009_DNE,6,June,35.5,21.4,23.0
2020-06-26T04:00:00Z,7.737,-9999,3.3,Broome,11.879999999999999,DAMPIER_202009_DNE,6,June,35.5,21.4,23.0
2020-06-26T05:00:00Z,8.565,-9999,2.9,Broome,10.44,DAMPIER_202009_DNE,6,June,35.5,21.4,23.0
2020-06-26T06:00:00Z,8.554,-9999,2.9,Broome,10.44,DAMPIER_202009_DNE,6,June,35.5,21.4,23.0
2020-06-26T07:00:00Z,7.717,-9999,3.1,Broome,11.16,DAMPIER_202009_DNE,6,June,35.5,21.4,23.0
2020-06-26T08:00:00Z,6.495,-9999,3.9,Broome,14.04,DAMPIER_202009_DNE,6,June,35.5,21.4,23.0
2020-06-26T09:00:00Z,5.181,-9999,3.5,Broome,12.6,DAMPIER_202009_DNE,6,June,35.5,21.4,23.0
2020-06-26T10:00:00Z,3.91,-9999,4.9,Broome,17.64,DAMPIER_202009_DNE,6,June,35.5,21.4,23.0
2020-06-26T11:00:00Z,2.867,-9999,4.6,Broome,16.56,DAMPIER_202009_DNE,6,June,35.5,21.4,23.0
2020-06-26T12:00:00Z,2.324,-9999,3.9,Broome,14.04,DAMPIER_202009_DNE,6,June,35.5,21.4,23.0
2020-06-26T13:00:00Z,2.731,-9999,3.6,Broome,12.96,DAMPIER_202009_DNE,6,June,35.5,21.4,23.0
2020-06-26T14:00:00Z,3.844,-9999,4.3,Broome,15.48,DAMPIER_202009_DNE,6,June,35.5,21.4,23.0
2020-06-26T15:00:00Z,5.144,-9999,5.3,Broome,19.08,DAMPIER_202009_DNE,6,June,35.5,21.4,23.0
2020-06-26T16:00:00Z,6.469,-9999,4,Broome,14.4,DAMPIER_202009_DNE,6,June,35.5,21.4,23.0
2020-06-26T17:00:00Z,7.622,-9999,4.8,Broome,17.28,DAMPIER_202009_DNE,6,June,35.5,21.4,23.0
2020-06-26T18:00:00Z,8.199,-9999,5.3,Broome,19.08,DAMPIER_202009_DNE,6,June,35.5,21.4,23.0
2020-06-26T19:00:00Z,7.855,-9999,5.4,Broome,19.44,DAMPIER_202009_DNE,6,June,35.5,21.4,23.0
2020-06-26T20:00:00Z,6.901,-9999,5.5,Broome,19.8,DAMPIER_202009_DNE,6,June,35.5,21.4,23.0
2020-06-26T21:00:00Z,5.781,-9999,5.1,Broome,18.36,DAMPIER_202009_DNE,6,June,35.5,21.4,23.0
2020-06-26T22:00:00Z,4.607,-9999,4.8,Broome,17.28,DAMPIER_202009_DNE,6,June,35.5,21.4,23.0
2020-06-26T23:00:00Z,3.565,-9999,4.5,Broome,16.2,DAMPIER_202009_DNE,6,June,35.5,21.4,23.0
2020-06-27T00:00:00Z,2.984,-9999,4.6,Broome,16.56,DAMPIER_202009_DNE,6,June,35.5,21.4,23.0
2020-06-27T01:00:00Z,3.161,-9999,5.9,Broome,21.240000000000002,DAMPIER_202009_DNE,6,June,35.5,21.4,23.0
2020-06-27T02:00:00Z,4.117,-9999,4.9,Broome,17.64,DAMPIER_202009_DNE,6,June,35.5,21.4,23.0
2020-06-27T03:00:00Z,5.402,-9999,4.1,Broome,14.76,DAMPIER_202009_DNE,6,June,35.5,21.4,23.0
2020-06-27T04:00:00Z,6.632,-9999,1.7,Broome,6.12,DAMPIER_202009_DNE,6,June,35.5,21.4,23.0
2020-06-27T05:00:00Z,7.63,-9999,2.3,Broome,8.28,DAMPIER_202009_DNE,6,June,35.5,21.4,23.0
2020-06-27T06:00:00Z,8.166,-9999,2.2,Broome,7.920000000000001,DAMPIER_202009_DNE,6,June,35.5,21.4,23.0
2020-06-27T07:00:00Z,7.961,-9999,3.6,Broome,12.96,DAMPIER_202009_DNE,6,June,35.5,21.4,23.0
2020-06-27T08:00:00Z,7.154,-9999,3.4,Broome,12.24,DAMPIER_202009_DNE,6,June,35.5,21.4,23.0
2020-06-27T09:00:00Z,6.074,-9999,3.7,Broome,13.32,DAMPIER_202009_DNE,6,June,35.5,21.4,23.0
2020-06-27T10:00:00Z,4.938,-9999,5.3,Broome,19.08,DAMPIER_202009_DNE,6,June,35.5,21.4,23.0
2020-06-27T11:00:00Z,3.866,-9999,5.8,Broome,20.88,DAMPIER_202009_DNE,6,June,35.5,21.4,23.0
2020-06-27T12:00:00Z,3.027,-9999,4.1,Broome,14.76,DAMPIER_202009_DNE,6,June,35.5,21.4,23.0
2020-06-27T13:00:00Z,2.776,-9999,4,Broome,14.4,DAMPIER_202009_DNE,6,June,35.5,21.4,23.0
2020-06-27T14:00:00Z,3.333,-9999,3.2,Broome,11.520000000000001,DAMPIER_202009_DNE,6,June,35.5,21.4,23.0
2020-06-27T15:00:00Z,4.367,-9999,2.9,Broome,10.44,DAMPIER_202009_DNE,6,June,35.5,21.4,23.0
2020-06-27T16:00:00Z,5.535,-9999,3.9,Broome,14.04,DAMPIER_202009_DNE,6,June,35.5,21.4,23.0
2020-06-27T17:00:00Z,6.676,-9999,3.4,Broome,12.24,DAMPIER_202009_DNE,6,June,35.5,21.4,23.0
2020-06-27T18:00:00Z,7.571,-9999,2.4,Broome,8.64,DAMPIER_202009_DNE,6,June,35.5,21.4,23.0
2020-06-27T19:00:00Z,7.87,-9999,2.9,Broome,10.44,DAMPIER_202009_DNE,6,June,35.5,21.4,23.0
2020-06-27T20:00:00Z,7.428,-9999,3.4,Broome,12.24,DAMPIER_202009_DNE,6,June,35.5,21.4,23.0
2020-06-27T21:00:00Z,6.577,-9999,3.5,Broome,12.6,DAMPIER_202009_DNE,6,June,35.5,21.4,23.0
2020-06-27T22:00:00Z,5.57,-9999,4.4,Broome,15.840000000000002,DAMPIER_202009_DNE,6,June,35.5,21.4,23.0
2020-06-27T23:00:00Z,4.585,-9999,4.1,Broome,14.76,DAMPIER_202009_DNE,6,June,35.5,21.4,23.0
2020-06-28T00:00:00Z,3.791,-9999,4,Broome,14.4,DAMPIER_202009_DNE,6,June,35.5,21.4,23.0
2020-06-28T01:00:00Z,3.355,-9999,3.6,Broome,12.96,DAMPIER_202009_DNE,6,June,35.5,21.4,23.0
2020-06-28T02:00:00Z,3.573,-9999,3.2,Broome,11.520000000000001,DAMPIER_202009_DNE,6,June,35.5,21.4,23.0
2020-06-28T03:00:00Z,4.443,-9999,3.2,Broome,11.520000000000001,DAMPIER_202009_DNE,6,June,35.5,21.4,23.0
2020-06-28T04:00:00Z,5.495,-9999,2.1,Broome,7.5600000000000005,DAMPIER_202009_DNE,6,June,35.5,21.4,23.0
2020-06-28T05:00:00Z,6.477,-9999,0.2,Broome,0.7200000000000001,DAMPIER_202009_DNE,6,June,35.5,21.4,23.0
2020-06-28T06:00:00Z,7.264,-9999,1.5,Broome,5.4,DAMPIER_202009_DNE,6,June,35.5,21.4,23.0
2020-06-28T07:00:00Z,7.654,-9999,3.6,Broome,12.96,DAMPIER_202009_DNE,6,June,35.5,21.4,23.0
2020-06-28T08:00:00Z,7.482,-9999,5.3,Broome,19.08,DAMPIER_202009_DNE,6,June,35.5,21.4,23.0
2020-06-28T09:00:00Z,6.788,-9999,5.2,Broome,18.720000000000002,DAMPIER_202009_DNE,6,June,35.5,21.4,23.0
2020-06-28T10:00:00Z,5.812,-9999,5.1,Broome,18.36,DAMPIER_202009_DNE,6,June,35.5,21.4,23.0
2020-06-28T11:00:00Z,4.821,-9999,5.3,Broome,19.08,DAMPIER_202009_DNE,6,June,35.5,21.4,23.0
2020-06-28T12:00:00Z,3.927,-9999,4.3,Broome,15.48,DAMPIER_202009_DNE,6,June,35.5,21.4,23.0
2020-06-28T13:00:00Z,3.31,-9999,3.2,Broome,11.520000000000001,DAMPIER_202009_DNE,6,June,35.5,21.4,23.0
2020-06-28T14:00:00Z,3.228,-9999,3.5,Broome,12.6,DAMPIER_202009_DNE,6,June,35.5,21.4,23.0
2020-06-28T15:00:00Z,3.76,-9999,1.9,Broome,6.84,DAMPIER_202009_DNE,6,June,35.5,21.4,23.0
2020-06-28T16:00:00Z,4.663,-9999,3.1,Broome,11.16,DAMPIER_202009_DNE,6,June,35.5,21.4,23.0
2020-06-28T17:00:00Z,5.673,-9999,3.5,Broome,12.6,DAMPIER_202009_DNE,6,June,35.5,21.4,23.0
2020-06-28T18:00:00Z,6.621,-9999,2.6,Broome,9.360000000000001,DAMPIER_202009_DNE,6,June,35.5,21.4,23.0
2020-06-28T19:00:00Z,7.34,-9999,4.4,Broome,15.840000000000002,DAMPIER_202009_DNE,6,June,35.5,21.4,23.0
2020-06-28T20:00:00Z,7.585,-9999,3.4,Broome,12.24,DAMPIER_202009_DNE,6,June,35.5,21.4,23.0
2020-06-28T21:00:00Z,7.225,-9999,3.2,Broome,11.520000000000001,DAMPIER_202009_DNE,6,June,35.5,21.4,23.0
2020-06-28T22:00:00Z,6.463,-9999,3.1,Broome,11.16,DAMPIER_202009_DNE,6,June,35.5,21.4,23.0
2020-06-28T23:00:00Z,5.576,-9999,3,Broome,10.8,DAMPIER_202009_DNE,6,June,35.5,21.4,23.0
2020-06-29T00:00:00Z,4.741,-9999,3.4,Broome,12.24,DAMPIER_202009_DNE,6,June,35.5,21.4,23.0
2020-06-29T01:00:00Z,4.035,-9999,3.7,Broome,13.32,DAMPIER_202009_DNE,6,June,35.5,21.4,23.0
2020-06-29T02:00:00Z,3.66,-9999,3.7,Broome,13.32,DAMPIER_202009_DNE,6,June,35.5,21.4,23.0
2020-06-29T03:00:00Z,3.884,22.4,2.8,Broome,10.08,DAMPIER_202009_DNE,6,June,35.5,21.4,23.0
2020-06-29T04:00:00Z,4.549,22.5,1.8,Broome,6.48,DAMPIER_202009_DNE,6,June,35.5,21.4,23.0
2020-06-29T05:00:00Z,5.305,22.5,1.5,Broome,5.4,DAMPIER_202009_DNE,6,June,35.5,21.4,23.0
2020-06-29T06:00:00Z,6.076,22.6,1.3,Broome,4.680000000000001,DAMPIER_202009_DNE,6,June,35.5,21.4,23.0
2020-06-29T07:00:00Z,6.772,22.6,1.2,Broome,4.32,DAMPIER_202009_DNE,6,June,35.5,21.4,23.0
2020-06-29T08:00:00Z,7.215,22.6,2.8,Broome,10.08,DAMPIER_202009_DNE,6,June,35.5,21.4,23.0
2020-06-29T09:00:00Z,7.162,22.6,3.5,Broome,12.6,DAMPIER_202009_DNE,6,June,35.5,21.4,23.0
2020-06-29T10:00:00Z,6.586,22.6,5.1,Broome,18.36,DAMPIER_202009_DNE,6,June,35.5,21.4,23.0
2020-06-29T11:00:00Z,5.818,22.7,5.4,Broome,19.44,DAMPIER_202009_DNE,6,June,35.5,21.4,23.0
2020-06-29T12:00:00Z,4.994,22.7,4.1,Broome,14.76,DAMPIER_202009_DNE,6,June,35.5,21.4,23.0
2020-06-29T13:00:00Z,4.246,22.8,4,Broome,14.4,DAMPIER_202009_DNE,6,June,35.5,21.4,23.0
2020-06-29T14:00:00Z,3.722,22.8,4.7,Broome,16.92,DAMPIER_202009_DNE,6,June,35.5,21.4,23.0
2020-06-29T15:00:00Z,3.611,22.9,3.6,Broome,12.96,DAMPIER_202009_DNE,6,June,35.5,21.4,23.0
2020-06-29T16:00:00Z,4.015,22.7,3.1,Broome,11.16,DAMPIER_202009_DNE,6,June,35.5,21.4,23.0
2020-06-29T17:00:00Z,4.769,22.7,3.5,Broome,12.6,DAMPIER_202009_DNE,6,June,35.5,21.4,23.0
2020-06-29T18:00:00Z,5.635,22.6,3.5,Broome,12.6,DAMPIER_202009_DNE,6,June,35.5,21.4,23.0
2020-06-29T19:00:00Z,6.491,22.6,2.4,Broome,8.64,DAMPIER_202009_DNE,6,June,35.5,21.4,23.0
2020-06-29T20:00:00Z,7.18,22.6,2.3,Broome,8.28,DAMPIER_202009_DNE,6,June,35.5,21.4,23.0
2020-06-29T21:00:00Z,7.457,22.5,2.2,Broome,7.920000000000001,DAMPIER_202009_DNE,6,June,35.5,21.4,23.0
2020-06-29T22:00:00Z,7.183,22.5,3.2,Broome,11.520000000000001,DAMPIER_202009_DNE,6,June,35.5,21.4,23.0
2020-06-29T23:00:00Z,6.55,22.5,3,Broome,10.8,DAMPIER_202009_DNE,6,June,35.5,21.4,23.0
2020-06-30T00:00:00Z,5.83,22.5,4.1,Broome,14.76,DAMPIER_202009_DNE,6,June,35.5,21.4,23.0
2020-06-30T01:00:00Z,5.042,22.5,4.8,Broome,17.28,DAMPIER_202009_DNE,6,June,35.5,21.4,23.0
2020-06-30T02:00:00Z,4.322,22.6,4.8,Broome,17.28,DAMPIER_202009_DNE,6,June,35.5,21.4,23.0
2020-06-30T03:00:00Z,3.855,22.6,3.8,Broome,13.68,DAMPIER_202009_DNE,6,June,35.5,21.4,23.0
2020-06-30T04:00:00Z,3.77,22.7,2.8,Broome,10.08,DAMPIER_202009_DNE,6,June,35.5,21.4,23.0
2020-06-30T05:00:00Z,4.145,22.6,1.7,Broome,6.12,DAMPIER_202009_DNE,6,June,35.5,21.4,23.0
2020-06-30T06:00:00Z,4.833,22.6,3.1,Broome,11.16,DAMPIER_202009_DNE,6,June,35.5,21.4,23.0
2020-06-30T07:00:00Z,5.644,22.6,2,Broome,7.2,DAMPIER_202009_DNE,6,June,35.5,21.4,23.0
2020-06-30T08:00:00Z,6.372,22.6,2.2,Broome,7.920000000000001,DAMPIER_202009_DNE,6,June,35.5,21.4,23.0
2020-06-30T09:00:00Z,6.863,22.7,5,Broome,18,DAMPIER_202009_DNE,6,June,35.5,21.4,23.0
2020-06-30T10:00:00Z,7.012,22.6,4.3,Broome,15.48,DAMPIER_202009_DNE,6,June,35.5,21.4,23.0
2020-06-30T11:00:00Z,6.679,22.6,3.5,Broome,12.6,DAMPIER_202009_DNE,6,June,35.5,21.4,23.0
2020-06-30T12:00:00Z,6.024,22.6,5.6,Broome,20.16,DAMPIER_202009_DNE,6,June,35.5,21.4,23.0
2020-06-30T13:00:00Z,5.286,22.6,0.7,Broome,2.52,DAMPIER_202009_DNE,6,June,35.5,21.4,23.0
2020-06-30T14:00:00Z,4.588,22.6,1.7,Broome,6.12,DAMPIER_202009_DNE,6,June,35.5,21.4,23.0
2020-06-30T15:00:00Z,4.022,22.7,1.8,Broome,6.48,DAMPIER_202009_DNE,6,June,35.5,21.4,23.0
2020-06-30T16:00:00Z,3.783,22.8,2.4,Broome,8.64,DAMPIER_202009_DNE,6,June,35.5,21.4,23.0
2020-06-30T17:00:00Z,4.035,22.8,3.7,Broome,13.32,DAMPIER_202009_DNE,6,June,35.5,21.4,23.0
2020-06-30T18:00:00Z,4.657,22.7,2.7,Broome,9.72,DAMPIER_202009_DNE,6,June,35.5,21.4,23.0
2020-06-30T19:00:00Z,5.461,22.6,2.6,Broome,9.360000000000001,DAMPIER_202009_DNE,6,June,35.5,21.4,23.0
2020-06-30T20:00:00Z,6.316,22.6,2.5,Broome,9,DAMPIER_202009_DNE,6,June,35.5,21.4,23.0
2020-06-30T21:00:00Z,7.048,22.6,2.7,Broome,9.72,DAMPIER_202009_DNE,6,June,35.5,21.4,23.0
2020-06-30T22:00:00Z,7.442,22.6,3.4,Broome,12.24,DAMPIER_202009_DNE,6,June,35.5,21.4,23.0
2020-06-30T23:00:00Z,7.358,22.5,3.8,Broome,13.68,DAMPIER_202009_DNE,6,June,35.5,21.4,23.0
2020-07-01T00:00:00Z,6.889,22.5,3.7,Broome,13.32,DAMPIER_202009_DNE,7,July,13.4,20.0,23.0
2020-07-01T01:00:00Z,6.16,22.6,4.2,Broome,15.120000000000001,DAMPIER_202009_DNE,7,July,13.4,20.0,23.0
2020-07-01T02:00:00Z,5.301,22.6,3.6,Broome,12.96,DAMPIER_202009_DNE,7,July,13.4,20.0,23.0
2020-07-01T03:00:00Z,4.526,22.6,5.2,Broome,18.720000000000002,DAMPIER_202009_DNE,7,July,13.4,20.0,23.0
2020-07-01T04:00:00Z,3.85,22.7,3.9,Broome,14.04,DAMPIER_202009_DNE,7,July,13.4,20.0,23.0
2020-07-01T05:00:00Z,3.524,22.8,1.3,Broome,4.680000000000001,DAMPIER_202009_DNE,7,July,13.4,20.0,23.0
2020-07-01T06:00:00Z,3.699,22.8,0.4,Broome,1.4400000000000002,DAMPIER_202009_DNE,7,July,13.4,20.0,23.0
2020-07-01T07:00:00Z,4.343,22.7,0.7,Broome,2.52,DAMPIER_202009_DNE,7,July,13.4,20.0,23.0
2020-07-01T08:00:00Z,5.229,22.7,1.6,Broome,5.760000000000001,DAMPIER_202009_DNE,7,July,13.4,20.0,23.0
2020-07-01T09:00:00Z,6.062,22.7,1.3,Broome,4.680000000000001,DAMPIER_202009_DNE,7,July,13.4,20.0,23.0
2020-07-01T10:00:00Z,6.721,22.7,4.6,Broome,16.56,DAMPIER_202009_DNE,7,July,13.4,20.0,23.0
2020-07-01T11:00:00Z,7.062,22.7,3.9,Broome,14.04,DAMPIER_202009_DNE,7,July,13.4,20.0,23.0
2020-07-01T12:00:00Z,6.893,22.7,4.5,Broome,16.2,DAMPIER_202009_DNE,7,July,13.4,20.0,23.0
2020-07-01T13:00:00Z,6.336,22.6,4.1,Broome,14.76,DAMPIER_202009_DNE,7,July,13.4,20.0,23.0
2020-07-01T14:00:00Z,5.613,22.7,3.5,Broome,12.6,DAMPIER_202009_DNE,7,July,13.4,20.0,23.0
2020-07-01T15:00:00Z,4.836,22.6,2.9,Broome,10.44,DAMPIER_202009_DNE,7,July,13.4,20.0,23.0
2020-07-01T16:00:00Z,4.184,22.8,1.3,Broome,4.680000000000001,DAMPIER_202009_DNE,7,July,13.4,20.0,23.0
2020-07-01T17:00:00Z,3.802,22.8,2.4,Broome,8.64,DAMPIER_202009_DNE,7,July,13.4,20.0,23.0
2020-07-01T18:00:00Z,3.819,22.9,1.4,Broome,5.04,DAMPIER_202009_DNE,7,July,13.4,20.0,23.0
2020-07-01T19:00:00Z,4.342,22.8,2.5,Broome,9,DAMPIER_202009_DNE,7,July,13.4,20.0,23.0
2020-07-01T20:00:00Z,5.215,22.7,3.8,Broome,13.68,DAMPIER_202009_DNE,7,July,13.4,20.0,23.0
2020-07-01T21:00:00Z,6.166,22.7,4.1,Broome,14.76,DAMPIER_202009_DNE,7,July,13.4,20.0,23.0
2020-07-01T22:00:00Z,6.993,22.7,5.3,Broome,19.08,DAMPIER_202009_DNE,7,July,13.4,20.0,23.0
2020-07-01T23:00:00Z,7.563,-9999,4.2,Broome,15.120000000000001,DAMPIER_202009_DNE,7,July,13.4,20.0,23.0
2020-07-02T00:00:00Z,7.693,-9999,3.8,Broome,13.68,DAMPIER_202009_DNE,7,July,13.4,20.0,23.0
2020-07-02T01:00:00Z,7.233,-9999,4.1,Broome,14.76,DAMPIER_202009_DNE,7,July,13.4,20.0,23.0
2020-07-02T02:00:00Z,6.403,-9999,2.1,Broome,7.5600000000000005,DAMPIER_202009_DNE,7,July,13.4,20.0,23.0
2020-07-02T03:00:00Z,5.489,-9999,1,Broome,3.6,DAMPIER_202009_DNE,7,July,13.4,20.0,23.0
2020-07-02T04:00:00Z,4.469,-9999,3.8,Broome,13.68,DAMPIER_202009_DNE,7,July,13.4,20.0,23.0
2020-07-02T05:00:00Z,3.527,-9999,4.1,Broome,14.76,DAMPIER_202009_DNE,7,July,13.4,20.0,23.0
2020-07-02T06:00:00Z,2.948,-9999,4.5,Broome,16.2,DAMPIER_202009_DNE,7,July,13.4,20.0,23.0
2020-07-02T07:00:00Z,3.056,-9999,2.9,Broome,10.44,DAMPIER_202009_DNE,7,July,13.4,20.0,23.0
2020-07-02T08:00:00Z,3.82,-9999,3.4,Broome,12.24,DAMPIER_202009_DNE,7,July,13.4,20.0,23.0
2020-07-02T09:00:00Z,4.791,-9999,4.9,Broome,17.64,DAMPIER_202009_DNE,7,July,13.4,20.0,23.0
2020-07-02T10:00:00Z,5.794,-9999,4,Broome,14.4,DAMPIER_202009_DNE,7,July,13.4,20.0,23.0
2020-07-02T11:00:00Z,6.716,-9999,4.7,Broome,16.92,DAMPIER_202009_DNE,7,July,13.4,20.0,23.0
2020-07-02T12:00:00Z,7.276,-9999,5.1,Broome,18.36,DAMPIER_202009_DNE,7,July,13.4,20.0,23.0
2020-07-02T13:00:00Z,7.233,-9999,6.2,Broome,22.32,DAMPIER_202009_DNE,7,July,13.4,20.0,23.0
2020-07-02T14:00:00Z,6.674,-9999,7,Broome,25.2,DAMPIER_202009_DNE,7,July,13.4,20.0,23.0
2020-07-02T15:00:00Z,5.865,-9999,5,Broome,18,DAMPIER_202009_DNE,7,July,13.4,20.0,23.0
2020-07-02T16:00:00Z,4.959,-9999,3,Broome,10.8,DAMPIER_202009_DNE,7,July,13.4,20.0,23.0
2020-07-02T17:00:00Z,4.134,-9999,5.8,Broome,20.88,DAMPIER_202009_DNE,7,July,13.4,20.0,23.0
2020-07-02T18:00:00Z,3.556,-9999,4.5,Broome,16.2,DAMPIER_202009_DNE,7,July,13.4,20.0,23.0
2020-07-02T19:00:00Z,3.445,-9999,6.2,Broome,22.32,DAMPIER_202009_DNE,7,July,13.4,20.0,23.0
2020-07-02T20:00:00Z,3.957,-9999,7.3,Broome,26.28,DAMPIER_202009_DNE,7,July,13.4,20.0,23.0
2020-07-02T21:00:00Z,4.897,-9999,6.8,Broome,24.48,DAMPIER_202009_DNE,7,July,13.4,20.0,23.0
2020-07-02T22:00:00Z,5.965,-9999,10,Broome,36,DAMPIER_202009_DNE,7,July,13.4,20.0,23.0
2020-07-02T23:00:00Z,6.991,-9999,9.7,Broome,34.92,DAMPIER_202009_DNE,7,July,13.4,20.0,23.0
2020-07-03T00:00:00Z,7.779,-9999,9.5,Broome,34.2,DAMPIER_202009_DNE,7,July,13.4,20.0,23.0
2020-07-03T01:00:00Z,7.993,-9999,7.8,Broome,28.08,DAMPIER_202009_DNE,7,July,13.4,20.0,23.0
2020-07-03T02:00:00Z,7.525,-9999,7.6,Broome,27.36,DAMPIER_202009_DNE,7,July,13.4,20.0,23.0
2020-07-03T03:00:00Z,6.647,-9999,5.9,Broome,21.240000000000002,DAMPIER_202009_DNE,7,July,13.4,20.0,23.0
2020-07-03T04:00:00Z,5.518,22.7,5.3,Broome,19.08,DAMPIER_202009_DNE,7,July,13.4,20.0,23.0
2020-07-03T05:00:00Z,4.246,22.8,5,Broome,18,DAMPIER_202009_DNE,7,July,13.4,20.0,23.0
2020-07-03T06:00:00Z,3.099,22.8,4.3,Broome,15.48,DAMPIER_202009_DNE,7,July,13.4,20.0,23.0
2020-07-03T07:00:00Z,2.38,22.8,4.9,Broome,17.64,DAMPIER_202009_DNE,7,July,13.4,20.0,23.0
2020-07-03T08:00:00Z,2.529,23,4,Broome,14.4,DAMPIER_202009_DNE,7,July,13.4,20.0,23.0
2020-07-03T09:00:00Z,3.432,22.7,4.2,Broome,15.120000000000001,DAMPIER_202009_DNE,7,July,13.4,20.0,23.0
2020-07-03T10:00:00Z,4.625,22.7,3.8,Broome,13.68,DAMPIER_202009_DNE,7,July,13.4,20.0,23.0
2020-07-03T11:00:00Z,5.867,22.8,3.9,Broome,14.04,DAMPIER_202009_DNE,7,July,13.4,20.0,23.0
2020-07-03T12:00:00Z,6.974,22.7,3.9,Broome,14.04,DAMPIER_202009_DNE,7,July,13.4,20.0,23.0
2020-07-03T13:00:00Z,7.703,22.8,5.1,Broome,18.36,DAMPIER_202009_DNE,7,July,13.4,20.0,23.0
2020-07-03T14:00:00Z,7.665,22.7,6.2,Broome,22.32,DAMPIER_202009_DNE,7,July,13.4,20.0,23.0
2020-07-03T15:00:00Z,6.956,22.7,5,Broome,18,DAMPIER_202009_DNE,7,July,13.4,20.0,23.0
2020-07-03T16:00:00Z,6,22.7,5.7,Broome,20.52,DAMPIER_202009_DNE,7,July,13.4,20.0,23.0
2020-07-03T17:00:00Z,4.936,22.7,6,Broome,21.6,DAMPIER_202009_DNE,7,July,13.4,20.0,23.0
2020-07-03T18:00:00Z,3.919,22.7,6.1,Broome,21.96,DAMPIER_202009_DNE,7,July,13.4,20.0,23.0
2020-07-03T19:00:00Z,3.191,22.7,6.3,Broome,22.68,DAMPIER_202009_DNE,7,July,13.4,20.0,23.0
2020-07-03T20:00:00Z,3.066,22.8,4.6,Broome,16.56,DAMPIER_202009_DNE,7,July,13.4,20.0,23.0
2020-07-03T21:00:00Z,3.711,22.7,4.9,Broome,17.64,DAMPIER_202009_DNE,7,July,13.4,20.0,23.0
2020-07-03T22:00:00Z,4.862,22.7,4.2,Broome,15.120000000000001,DAMPIER_202009_DNE,7,July,13.4,20.0,23.0
2020-07-03T23:00:00Z,6.209,22.6,6,Broome,21.6,DAMPIER_202009_DNE,7,July,13.4,20.0,23.0
2020-07-04T00:00:00Z,7.495,22.6,5.7,Broome,20.52,DAMPIER_202009_DNE,7,July,13.4,20.0,23.0
2020-07-04T01:00:00Z,8.377,22.7,4.3,Broome,15.48,DAMPIER_202009_DNE,7,July,13.4,20.0,23.0
2020-07-04T02:00:00Z,8.536,22.7,7.9,Broome,28.44,DAMPIER_202009_DNE,7,July,13.4,20.0,23.0
2020-07-04T03:00:00Z,7.889,22.7,7.9,Broome,28.44,DAMPIER_202009_DNE,7,July,13.4,20.0,23.0
2020-07-04T04:00:00Z,6.723,22.8,7.4,Broome,26.64,DAMPIER_202009_DNE,7,July,13.4,20.0,23.0
2020-07-04T05:00:00Z,5.312,22.8,6.4,Broome,23.040000000000003,DAMPIER_202009_DNE,7,July,13.4,20.0,23.0
2020-07-04T06:00:00Z,3.864,22.8,6.2,Broome,22.32,DAMPIER_202009_DNE,7,July,13.4,20.0,23.0
2020-07-04T07:00:00Z,2.634,22.9,4.7,Broome,16.92,DAMPIER_202009_DNE,7,July,13.4,20.0,23.0
2020-07-04T08:00:00Z,1.94,23,3.9,Broome,14.04,DAMPIER_202009_DNE,7,July,13.4,20.0,23.0
2020-07-04T09:00:00Z,2.23,23,4.5,Broome,16.2,DAMPIER_202009_DNE,7,July,13.4,20.0,23.0
2020-07-04T10:00:00Z,3.355,22.9,5.5,Broome,19.8,DAMPIER_202009_DNE,7,July,13.4,20.0,23.0
2020-07-04T11:00:00Z,4.769,22.9,1.5,Broome,5.4,DAMPIER_202009_DNE,7,July,13.4,20.0,23.0
2020-07-04T12:00:00Z,6.19,-9999,3.8,Broome,13.68,DAMPIER_202009_DNE,7,July,13.4,20.0,23.0
2020-07-04T13:00:00Z,7.439,-9999,4.4,Broome,15.840000000000002,DAMPIER_202009_DNE,7,July,13.4,20.0,23.0
2020-07-04T14:00:00Z,8.19,-9999,6.9,Broome,24.840000000000003,DAMPIER_202009_DNE,7,July,13.4,20.0,23.0
2020-07-04T15:00:00Z,7.986,-9999,5.7,Broome,20.52,DAMPIER_202009_DNE,7,July,13.4,20.0,23.0
2020-07-04T16:00:00Z,7.057,-9999,6.2,Broome,22.32,DAMPIER_202009_DNE,7,July,13.4,20.0,23.0
2020-07-04T17:00:00Z,5.908,-9999,6.7,Broome,24.12,DAMPIER_202009_DNE,7,July,13.4,20.0,23.0
2020-07-04T18:00:00Z,4.675,-9999,7.1,Broome,25.56,DAMPIER_202009_DNE,7,July,13.4,20.0,23.0
2020-07-04T19:00:00Z,3.522,-9999,7.9,Broome,28.44,DAMPIER_202009_DNE,7,July,13.4,20.0,23.0
2020-07-04T20:00:00Z,2.697,-9999,9.4,Broome,33.84,DAMPIER_202009_DNE,7,July,13.4,20.0,23.0
2020-07-04T21:00:00Z,2.649,-9999,8.6,Broome,30.96,DAMPIER_202009_DNE,7,July,13.4,20.0,23.0
2020-07-04T22:00:00Z,3.588,-9999,9.8,Broome,35.28,DAMPIER_202009_DNE,7,July,13.4,20.0,23.0
2020-07-04T23:00:00Z,5.026,-9999,8.6,Broome,30.96,DAMPIER_202009_DNE,7,July,13.4,20.0,23.0
2020-07-05T00:00:00Z,6.562,-9999,9.8,Broome,35.28,DAMPIER_202009_DNE,7,July,13.4,20.0,23.0
2020-07-05T01:00:00Z,7.935,-9999,10.5,Broome,37.800000000000004,DAMPIER_202009_DNE,7,July,13.4,20.0,23.0
2020-07-05T02:00:00Z,8.811,-9999,10.4,Broome,37.440000000000005,DAMPIER_202009_DNE,7,July,13.4,20.0,23.0
2020-07-05T03:00:00Z,8.779,-9999,7.9,Broome,28.44,DAMPIER_202009_DNE,7,July,13.4,20.0,23.0
2020-07-05T04:00:00Z,7.853,-9999,5.9,Broome,21.240000000000002,DAMPIER_202009_DNE,7,July,13.4,20.0,23.0
2020-07-05T05:00:00Z,6.469,-9999,4.6,Broome,16.56,DAMPIER_202009_DNE,7,July,13.4,20.0,23.0
2020-07-05T06:00:00Z,4.914,-9999,4.8,Broome,17.28,DAMPIER_202009_DNE,7,July,13.4,20.0,23.0
2020-07-05T07:00:00Z,3.398,-9999,4.4,Broome,15.840000000000002,DAMPIER_202009_DNE,7,July,13.4,20.0,23.0
2020-07-05T08:00:00Z,2.15,-9999,4.7,Broome,16.92,DAMPIER_202009_DNE,7,July,13.4,20.0,23.0
2020-07-05T09:00:00Z,1.614,-9999,5,Broome,18,DAMPIER_202009_DNE,7,July,13.4,20.0,23.0
2020-07-05T10:00:00Z,2.249,-9999,4.5,Broome,16.2,DAMPIER_202009_DNE,7,July,13.4,20.0,23.0
2020-07-05T11:00:00Z,3.63,-9999,3.7,Broome,13.32,DAMPIER_202009_DNE,7,July,13.4,20.0,23.0
2020-07-05T12:00:00Z,5.157,-9999,4.6,Broome,16.56,DAMPIER_202009_DNE,7,July,13.4,20.0,23.0
2020-07-05T13:00:00Z,6.668,-9999,5.9,Broome,21.240000000000002,DAMPIER_202009_DNE,7,July,13.4,20.0,23.0
2020-07-05T14:00:00Z,7.932,-9999,6.4,Broome,23.040000000000003,DAMPIER_202009_DNE,7,July,13.4,20.0,23.0
2020-07-05T15:00:00Z,8.496,-9999,7.9,Broome,28.44,DAMPIER_202009_DNE,7,July,13.4,20.0,23.0
2020-07-05T16:00:00Z,8.016,-9999,8,Broome,28.8,DAMPIER_202009_DNE,7,July,13.4,20.0,23.0
2020-07-05T17:00:00Z,6.929,-9999,5.6,Broome,20.16,DAMPIER_202009_DNE,7,July,13.4,20.0,23.0
2020-07-05T18:00:00Z,5.661,-9999,6.3,Broome,22.68,DAMPIER_202009_DNE,7,July,13.4,20.0,23.0
2020-07-05T19:00:00Z,4.319,-9999,5,Broome,18,DAMPIER_202009_DNE,7,July,13.4,20.0,23.0
2020-07-05T20:00:00Z,3.139,-9999,5.1,Broome,18.36,DAMPIER_202009_DNE,7,July,13.4,20.0,23.0
2020-07-05T21:00:00Z,2.414,-9999,5.5,Broome,19.8,DAMPIER_202009_DNE,7,July,13.4,20.0,23.0
2020-07-05T22:00:00Z,2.657,-9999,5.9,Broome,21.240000000000002,DAMPIER_202009_DNE,7,July,13.4,20.0,23.0
2020-07-05T23:00:00Z,3.912,-9999,9,Broome,32.4,DAMPIER_202009_DNE,7,July,13.4,20.0,23.0
2020-07-06T00:00:00Z,5.524,-9999,7.9,Broome,28.44,DAMPIER_202009_DNE,7,July,13.4,20.0,23.0
2020-07-06T01:00:00Z,7.122,-9999,6.4,Broome,23.040000000000003,DAMPIER_202009_DNE,7,July,13.4,20.0,23.0
2020-07-06T02:00:00Z,8.481,-9999,8.1,Broome,29.16,DAMPIER_202009_DNE,7,July,13.4,20.0,23.0
2020-07-06T03:00:00Z,9.196,-9999,6.7,Broome,24.12,DAMPIER_202009_DNE,7,July,13.4,20.0,23.0
2020-07-06T04:00:00Z,8.844,-9999,5.5,Broome,19.8,DAMPIER_202009_DNE,7,July,13.4,20.0,23.0
2020-07-06T05:00:00Z,7.622,22.6,5,Broome,18,DAMPIER_202009_DNE,7,July,13.4,20.0,23.0
2020-07-06T06:00:00Z,6.112,22.6,3.7,Broome,13.32,DAMPIER_202009_DNE,7,July,13.4,20.0,23.0
2020-07-06T07:00:00Z,4.516,22.6,4.5,Broome,16.2,DAMPIER_202009_DNE,7,July,13.4,20.0,23.0
2020-07-06T08:00:00Z,3.021,22.6,2.8,Broome,10.08,DAMPIER_202009_DNE,7,July,13.4,20.0,23.0
2020-07-06T09:00:00Z,1.856,22.5,1.6,Broome,5.760000000000001,DAMPIER_202009_DNE,7,July,13.4,20.0,23.0
2020-07-06T10:00:00Z,1.579,22.4,2.1,Broome,7.5600000000000005,DAMPIER_202009_DNE,7,July,13.4,20.0,23.0
2020-07-06T11:00:00Z,2.579,22.5,2.4,Broome,8.64,DAMPIER_202009_DNE,7,July,13.4,20.0,23.0
2020-07-06T12:00:00Z,4.112,22.6,3.8,Broome,13.68,DAMPIER_202009_DNE,7,July,13.4,20.0,23.0
2020-07-06T13:00:00Z,5.706,22.6,4.8,Broome,17.28,DAMPIER_202009_DNE,7,July,13.4,20.0,23.0
2020-07-06T14:00:00Z,7.253,22.6,6.4,Broome,23.040000000000003,DAMPIER_202009_DNE,7,July,13.4,20.0,23.0
2020-07-06T15:00:00Z,8.433,22.6,7.3,Broome,26.28,DAMPIER_202009_DNE,7,July,13.4,20.0,23.0
2020-07-06T16:00:00Z,8.69,22.6,8.9,Broome,32.04,DAMPIER_202009_DNE,7,July,13.4,20.0,23.0
2020-07-06T17:00:00Z,7.887,22.5,7.9,Broome,28.44,DAMPIER_202009_DNE,7,July,13.4,20.0,23.0
2020-07-06T18:00:00Z,6.652,22.5,7.3,Broome,26.28,DAMPIER_202009_DNE,7,July,13.4,20.0,23.0
2020-07-06T19:00:00Z,5.311,22.4,8,Broome,28.8,DAMPIER_202009_DNE,7,July,13.4,20.0,23.0
2020-07-06T20:00:00Z,3.912,22.3,6.2,Broome,22.32,DAMPIER_202009_DNE,7,July,13.4,20.0,23.0
2020-07-06T21:00:00Z,2.732,22.2,6.6,Broome,23.759999999999998,DAMPIER_202009_DNE,7,July,13.4,20.0,23.0
2020-07-06T22:00:00Z,2.185,22,7.1,Broome,25.56,DAMPIER_202009_DNE,7,July,13.4,20.0,23.0
2020-07-06T23:00:00Z,2.821,22,7.8,Broome,28.08,DAMPIER_202009_DNE,7,July,13.4,20.0,23.0
2020-07-07T00:00:00Z,4.323,22.3,6.6,Broome,23.759999999999998,DAMPIER_202009_DNE,7,July,13.4,20.0,23.0
2020-07-07T01:00:00Z,6.011,22.3,6.9,Broome,24.840000000000003,DAMPIER_202009_DNE,7,July,13.4,20.0,23.0
2020-07-07T02:00:00Z,7.655,22.3,8.4,Broome,30.240000000000002,DAMPIER_202009_DNE,7,July,13.4,20.0,23.0
2020-07-07T03:00:00Z,8.918,22.4,6.7,Broome,24.12,DAMPIER_202009_DNE,7,July,13.4,20.0,23.0
2020-07-07T04:00:00Z,9.303,22.4,4.4,Broome,15.840000000000002,DAMPIER_202009_DNE,7,July,13.4,20.0,23.0
2020-07-07T05:00:00Z,8.545,22.5,3.7,Broome,13.32,DAMPIER_202009_DNE,7,July,13.4,20.0,23.0
2020-07-07T06:00:00Z,7.131,22.5,4.1,Broome,14.76,DAMPIER_202009_DNE,7,July,13.4,20.0,23.0
2020-07-07T07:00:00Z,5.55,22.5,3.8,Broome,13.68,DAMPIER_202009_DNE,7,July,13.4,20.0,23.0
2020-07-07T08:00:00Z,3.974,22.5,3.7,Broome,13.32,DAMPIER_202009_DNE,7,July,13.4,20.0,23.0
2020-07-07T09:00:00Z,2.54,22.4,3.1,Broome,11.16,DAMPIER_202009_DNE,7,July,13.4,20.0,23.0
2020-07-07T10:00:00Z,1.609,22.4,4.1,Broome,14.76,DAMPIER_202009_DNE,7,July,13.4,20.0,23.0
2020-07-07T11:00:00Z,1.825,22.3,3.1,Broome,11.16,DAMPIER_202009_DNE,7,July,13.4,20.0,23.0
2020-07-07T12:00:00Z,3.083,22.4,5.4,Broome,19.44,DAMPIER_202009_DNE,7,July,13.4,20.0,23.0
2020-07-07T13:00:00Z,4.673,22.5,3.9,Broome,14.04,DAMPIER_202009_DNE,7,July,13.4,20.0,23.0
2020-07-07T14:00:00Z,6.296,22.4,3.8,Broome,13.68,DAMPIER_202009_DNE,7,July,13.4,20.0,23.0
2020-07-07T15:00:00Z,7.794,22.4,2.3,Broome,8.28,DAMPIER_202009_DNE,7,July,13.4,20.0,23.0
2020-07-07T16:00:00Z,8.732,22.4,6.3,Broome,22.68,DAMPIER_202009_DNE,7,July,13.4,20.0,23.0
2020-07-07T17:00:00Z,8.539,22.4,5.6,Broome,20.16,DAMPIER_202009_DNE,7,July,13.4,20.0,23.0
2020-07-07T18:00:00Z,7.469,22.4,5.5,Broome,19.8,DAMPIER_202009_DNE,7,July,13.4,20.0,23.0
2020-07-07T19:00:00Z,6.175,22.4,3.9,Broome,14.04,DAMPIER_202009_DNE,7,July,13.4,20.0,23.0
2020-07-07T20:00:00Z,4.784,22.3,5.5,Broome,19.8,DAMPIER_202009_DNE,7,July,13.4,20.0,23.0
2020-07-07T21:00:00Z,3.429,22.3,4.8,Broome,17.28,DAMPIER_202009_DNE,7,July,13.4,20.0,23.0
2020-07-07T22:00:00Z,2.41,22.2,5.2,Broome,18.720000000000002,DAMPIER_202009_DNE,7,July,13.4,20.0,23.0
2020-07-07T23:00:00Z,2.293,21.9,4.2,Broome,15.120000000000001,DAMPIER_202009_DNE,7,July,13.4,20.0,23.0
2020-07-08T00:00:00Z,3.34,22.1,5.6,Broome,20.16,DAMPIER_202009_DNE,7,July,13.4,20.0,23.0
2020-07-08T01:00:00Z,4.927,22.2,5.7,Broome,20.52,DAMPIER_202009_DNE,7,July,13.4,20.0,23.0
2020-07-08T02:00:00Z,6.602,22.2,6.1,Broome,21.96,DAMPIER_202009_DNE,7,July,13.4,20.0,23.0
2020-07-08T03:00:00Z,8.141,22.2,4.5,Broome,16.2,DAMPIER_202009_DNE,7,July,13.4,20.0,23.0
2020-07-08T04:00:00Z,9.096,22.3,5.2,Broome,18.720000000000002,DAMPIER_202009_DNE,7,July,13.4,20.0,23.0
2020-07-08T05:00:00Z,9.01,22.3,3,Broome,10.8,DAMPIER_202009_DNE,7,July,13.4,20.0,23.0
2020-07-08T06:00:00Z,7.942,22.4,3.7,Broome,13.32,DAMPIER_202009_DNE,7,July,13.4,20.0,23.0
2020-07-08T07:00:00Z,6.527,22.4,0.1,Broome,0.36000000000000004,DAMPIER_202009_DNE,7,July,13.4,20.0,23.0
2020-07-08T08:00:00Z,5.026,22.3,2.1,Broome,7.5600000000000005,DAMPIER_202009_DNE,7,July,13.4,20.0,23.0
2020-07-08T09:00:00Z,3.502,22.3,3.6,Broome,12.96,DAMPIER_202009_DNE,7,July,13.4,20.0,23.0
2020-07-08T10:00:00Z,2.253,22.2,4.7,Broome,16.92,DAMPIER_202009_DNE,7,July,13.4,20.0,23.0
2020-07-08T11:00:00Z,1.679,22.1,3.7,Broome,13.32,DAMPIER_202009_DNE,7,July,13.4,20.0,23.0
2020-07-08T12:00:00Z,2.306,22.1,2.9,Broome,10.44,DAMPIER_202009_DNE,7,July,13.4,20.0,23.0
2020-07-08T13:00:00Z,3.73,22.3,3.5,Broome,12.6,DAMPIER_202009_DNE,7,July,13.4,20.0,23.0
2020-07-08T14:00:00Z,5.318,22.3,1.8,Broome,6.48,DAMPIER_202009_DNE,7,July,13.4,20.0,23.0
2020-07-08T15:00:00Z,6.922,22.3,2.3,Broome,8.28,DAMPIER_202009_DNE,7,July,13.4,20.0,23.0
2020-07-08T16:00:00Z,8.253,22.3,3,Broome,10.8,DAMPIER_202009_DNE,7,July,13.4,20.0,23.0
2020-07-08T17:00:00Z,8.763,22.3,3.5,Broome,12.6,DAMPIER_202009_DNE,7,July,13.4,20.0,23.0
2020-07-08T18:00:00Z,8.152,22.3,3,Broome,10.8,DAMPIER_202009_DNE,7,July,13.4,20.0,23.0
2020-07-08T19:00:00Z,6.97,22.3,3,Broome,10.8,DAMPIER_202009_DNE,7,July,13.4,20.0,23.0
2020-07-08T20:00:00Z,5.626,-9999,4.2,Broome,15.120000000000001,DAMPIER_202009_DNE,7,July,13.4,20.0,23.0
2020-07-08T21:00:00Z,4.208,-9999,3.6,Broome,12.96,DAMPIER_202009_DNE,7,July,13.4,20.0,23.0
2020-07-08T22:00:00Z,2.96,-9999,4.7,Broome,16.92,DAMPIER_202009_DNE,7,July,13.4,20.0,23.0
2020-07-08T23:00:00Z,2.262,-9999,4.5,Broome,16.2,DAMPIER_202009_DNE,7,July,13.4,20.0,23.0
2020-07-09T00:00:00Z,2.681,-9999,4.6,Broome,16.56,DAMPIER_202009_DNE,7,July,13.4,20.0,23.0
2020-07-09T01:00:00Z,4.029,-9999,3.9,Broome,14.04,DAMPIER_202009_DNE,7,July,13.4,20.0,23.0
2020-07-09T02:00:00Z,5.636,-9999,4,Broome,14.4,DAMPIER_202009_DNE,7,July,13.4,20.0,23.0
2020-07-09T03:00:00Z,7.215,-9999,2.4,Broome,8.64,DAMPIER_202009_DNE,7,July,13.4,20.0,23.0
2020-07-09T04:00:00Z,8.456,-9999,1.7,Broome,6.12,DAMPIER_202009_DNE,7,July,13.4,20.0,23.0
2020-07-09T05:00:00Z,8.955,-9999,1.6,Broome,5.760000000000001,DAMPIER_202009_DNE,7,July,13.4,20.0,23.0
2020-07-09T06:00:00Z,8.403,-9999,2.3,Broome,8.28,DAMPIER_202009_DNE,7,July,13.4,20.0,23.0
2020-07-09T07:00:00Z,7.156,-9999,3.3,Broome,11.879999999999999,DAMPIER_202009_DNE,7,July,13.4,20.0,23.0
2020-07-09T08:00:00Z,5.783,-9999,4.5,Broome,16.2,DAMPIER_202009_DNE,7,July,13.4,20.0,23.0
2020-07-09T09:00:00Z,4.356,-9999,4.3,Broome,15.48,DAMPIER_202009_DNE,7,July,13.4,20.0,23.0
2020-07-09T10:00:00Z,3.011,-9999,3.7,Broome,13.32,DAMPIER_202009_DNE,7,July,13.4,20.0,23.0
2020-07-09T11:00:00Z,2.077,-9999,1,Broome,3.6,DAMPIER_202009_DNE,7,July,13.4,20.0,23.0
2020-07-09T12:00:00Z,2.067,-9999,0.9,Broome,3.24,DAMPIER_202009_DNE,7,July,13.4,20.0,23.0
2020-07-09T13:00:00Z,3.1,-9999,0.3,Broome,1.08,DAMPIER_202009_DNE,7,July,13.4,20.0,23.0
2020-07-09T14:00:00Z,4.554,-9999,1.3,Broome,4.680000000000001,DAMPIER_202009_DNE,7,July,13.4,20.0,23.0
2020-07-09T15:00:00Z,6.057,-9999,2,Broome,7.2,DAMPIER_202009_DNE,7,July,13.4,20.0,23.0
2020-07-09T16:00:00Z,7.481,-9999,0.6,Broome,2.16,DAMPIER_202009_DNE,7,July,13.4,20.0,23.0
2020-07-09T17:00:00Z,8.463,-9999,0.4,Broome,1.4400000000000002,DAMPIER_202009_DNE,7,July,13.4,20.0,23.0
2020-07-09T18:00:00Z,8.425,-9999,0.9,Broome,3.24,DAMPIER_202009_DNE,7,July,13.4,20.0,23.0
2020-07-09T19:00:00Z,7.523,-9999,0.4,Broome,1.4400000000000002,DAMPIER_202009_DNE,7,July,13.4,20.0,23.0
2020-07-09T20:00:00Z,6.33,-9999,4.3,Broome,15.48,DAMPIER_202009_DNE,7,July,13.4,20.0,23.0
2020-07-09T21:00:00Z,5.021,-9999,3.4,Broome,12.24,DAMPIER_202009_DNE,7,July,13.4,20.0,23.0
2020-07-09T22:00:00Z,3.742,-9999,3.4,Broome,12.24,DAMPIER_202009_DNE,7,July,13.4,20.0,23.0
2020-07-09T23:00:00Z,2.781,-9999,4.5,Broome,16.2,DAMPIER_202009_DNE,7,July,13.4,20.0,23.0
2020-07-10T00:00:00Z,2.606,-9999,4.4,Broome,15.840000000000002,DAMPIER_202009_DNE,7,July,13.4,20.0,23.0
2020-07-10T01:00:00Z,3.434,-9999,5.2,Broome,18.720000000000002,DAMPIER_202009_DNE,7,July,13.4,20.0,23.0
2020-07-10T02:00:00Z,4.801,-9999,4.2,Broome,15.120000000000001,DAMPIER_202009_DNE,7,July,13.4,20.0,23.0
2020-07-10T03:00:00Z,6.25,-9999,5.2,Broome,18.720000000000002,DAMPIER_202009_DNE,7,July,13.4,20.0,23.0
2020-07-10T04:00:00Z,7.543,-9999,2.9,Broome,10.44,DAMPIER_202009_DNE,7,July,13.4,20.0,23.0
2020-07-10T05:00:00Z,8.389,-9999,3.4,Broome,12.24,DAMPIER_202009_DNE,7,July,13.4,20.0,23.0
2020-07-10T06:00:00Z,8.416,-9999,4.5,Broome,16.2,DAMPIER_202009_DNE,7,July,13.4,20.0,23.0
2020-07-10T07:00:00Z,7.627,-9999,5,Broome,18,DAMPIER_202009_DNE,7,July,13.4,20.0,23.0
2020-07-10T08:00:00Z,6.459,-9999,5.1,Broome,18.36,DAMPIER_202009_DNE,7,July,13.4,20.0,23.0
2020-07-10T09:00:00Z,5.128,-9999,5.6,Broome,20.16,DAMPIER_202009_DNE,7,July,13.4,20.0,23.0
2020-07-10T10:00:00Z,3.824,-9999,5.7,Broome,20.52,DAMPIER_202009_DNE,7,July,13.4,20.0,23.0
2020-07-10T11:00:00Z,2.789,-9999,5.6,Broome,20.16,DAMPIER_202009_DNE,7,July,13.4,20.0,23.0
2020-07-10T12:00:00Z,2.285,-9999,1.7,Broome,6.12,DAMPIER_202009_DNE,7,July,13.4,20.0,23.0
2020-07-10T13:00:00Z,2.752,-9999,1.8,Broome,6.48,DAMPIER_202009_DNE,7,July,13.4,20.0,23.0
2020-07-10T14:00:00Z,3.934,-9999,1.3,Broome,4.680000000000001,DAMPIER_202009_DNE,7,July,13.4,20.0,23.0
2020-07-10T15:00:00Z,5.289,-9999,3.5,Broome,12.6,DAMPIER_202009_DNE,7,July,13.4,20.0,23.0
2020-07-10T16:00:00Z,6.648,-9999,4,Broome,14.4,DAMPIER_202009_DNE,7,July,13.4,20.0,23.0
2020-07-10T17:00:00Z,7.792,-9999,3.5,Broome,12.6,DAMPIER_202009_DNE,7,July,13.4,20.0,23.0
2020-07-10T18:00:00Z,8.301,-9999,4.5,Broome,16.2,DAMPIER_202009_DNE,7,July,13.4,20.0,23.0
2020-07-10T19:00:00Z,7.881,-9999,5.6,Broome,20.16,DAMPIER_202009_DNE,7,July,13.4,20.0,23.0
2020-07-10T20:00:00Z,6.875,-9999,4.2,Broome,15.120000000000001,DAMPIER_202009_DNE,7,July,13.4,20.0,23.0
2020-07-10T21:00:00Z,5.691,-9999,6.5,Broome,23.400000000000002,DAMPIER_202009_DNE,7,July,13.4,20.0,23.0
2020-07-10T22:00:00Z,4.457,-9999,6.9,Broome,24.840000000000003,DAMPIER_202009_DNE,7,July,13.4,20.0,23.0
2020-07-10T23:00:00Z,3.389,-9999,7.9,Broome,28.44,DAMPIER_202009_DNE,7,July,13.4,20.0,23.0
2020-07-11T00:00:00Z,2.802,-9999,6.1,Broome,21.96,DAMPIER_202009_DNE,7,July,13.4,20.0,23.0
2020-07-11T01:00:00Z,3.059,-9999,7.5,Broome,27,DAMPIER_202009_DNE,7,July,13.4,20.0,23.0
2020-07-11T02:00:00Z,4.111,-9999,6.7,Broome,24.12,DAMPIER_202009_DNE,7,July,13.4,20.0,23.0
2020-07-11T03:00:00Z,5.367,-9999,6.6,Broome,23.759999999999998,DAMPIER_202009_DNE,7,July,13.4,20.0,23.0
2020-07-11T04:00:00Z,6.571,-9999,6.7,Broome,24.12,DAMPIER_202009_DNE,7,July,13.4,20.0,23.0
2020-07-11T05:00:00Z,7.565,-9999,6.4,Broome,23.040000000000003,DAMPIER_202009_DNE,7,July,13.4,20.0,23.0
2020-07-11T06:00:00Z,8.047,-9999,5.6,Broome,20.16,DAMPIER_202009_DNE,7,July,13.4,20.0,23.0
2020-07-11T07:00:00Z,7.773,-9999,6.3,Broome,22.68,DAMPIER_202009_DNE,7,July,13.4,20.0,23.0
2020-07-11T08:00:00Z,6.879,-9999,5.7,Broome,20.52,DAMPIER_202009_DNE,7,July,13.4,20.0,23.0
2020-07-11T09:00:00Z,5.739,-9999,5.8,Broome,20.88,DAMPIER_202009_DNE,7,July,13.4,20.0,23.0
2020-07-11T10:00:00Z,4.578,-9999,5.7,Broome,20.52,DAMPIER_202009_DNE,7,July,13.4,20.0,23.0
2020-07-11T11:00:00Z,3.546,-9999,5.6,Broome,20.16,DAMPIER_202009_DNE,7,July,13.4,20.0,23.0
2020-07-11T12:00:00Z,2.813,-9999,6.7,Broome,24.12,DAMPIER_202009_DNE,7,July,13.4,20.0,23.0
2020-07-11T13:00:00Z,2.754,-9999,7,Broome,25.2,DAMPIER_202009_DNE,7,July,13.4,20.0,23.0
2020-07-11T14:00:00Z,3.512,-9999,7.7,Broome,27.720000000000002,DAMPIER_202009_DNE,7,July,13.4,20.0,23.0
2020-07-11T15:00:00Z,4.648,-9999,8.6,Broome,30.96,DAMPIER_202009_DNE,7,July,13.4,20.0,23.0
2020-07-11T16:00:00Z,5.826,-9999,8.7,Broome,31.319999999999997,DAMPIER_202009_DNE,7,July,13.4,20.0,23.0
2020-07-11T17:00:00Z,6.911,-9999,9.9,Broome,35.64,DAMPIER_202009_DNE,7,July,13.4,20.0,23.0
2020-07-11T18:00:00Z,7.631,-9999,11.5,Broome,41.4,DAMPIER_202009_DNE,7,July,13.4,20.0,23.0
2020-07-11T19:00:00Z,7.675,-9999,11.9,Broome,42.84,DAMPIER_202009_DNE,7,July,13.4,20.0,23.0
2020-07-11T20:00:00Z,7.069,-9999,11.1,Broome,39.96,DAMPIER_202009_DNE,7,July,13.4,20.0,23.0
2020-07-11T21:00:00Z,6.145,-9999,9.9,Broome,35.64,DAMPIER_202009_DNE,7,July,13.4,20.0,23.0
2020-07-11T22:00:00Z,5.108,-9999,10.9,Broome,39.24,DAMPIER_202009_DNE,7,July,13.4,20.0,23.0
2020-07-11T23:00:00Z,4.113,-9999,9.4,Broome,33.84,DAMPIER_202009_DNE,7,July,13.4,20.0,23.0
2020-07-12T00:00:00Z,3.397,-9999,9.6,Broome,34.56,DAMPIER_202009_DNE,7,July,13.4,20.0,23.0
2020-07-12T01:00:00Z,3.195,-9999,11.3,Broome,40.68000000000001,DAMPIER_202009_DNE,7,July,13.4,20.0,23.0
2020-07-12T02:00:00Z,3.702,-9999,10.7,Broome,38.519999999999996,DAMPIER_202009_DNE,7,July,13.4,20.0,23.0
2020-07-12T03:00:00Z,4.67,-9999,9.8,Broome,35.28,DAMPIER_202009_DNE,7,July,13.4,20.0,23.0
2020-07-12T04:00:00Z,5.727,-9999,7.7,Broome,27.720000000000002,DAMPIER_202009_DNE,7,July,13.4,20.0,23.0
2020-07-12T05:00:00Z,6.686,-9999,6,Broome,21.6,DAMPIER_202009_DNE,7,July,13.4,20.0,23.0
2020-07-12T06:00:00Z,7.371,-9999,5.7,Broome,20.52,DAMPIER_202009_DNE,7,July,13.4,20.0,23.0
2020-07-12T07:00:00Z,7.54,-9999,3.6,Broome,12.96,DAMPIER_202009_DNE,7,July,13.4,20.0,23.0
2020-07-12T08:00:00Z,7.086,-9999,3.3,Broome,11.879999999999999,DAMPIER_202009_DNE,7,July,13.4,20.0,23.0
2020-07-12T09:00:00Z,6.219,-9999,4.3,Broome,15.48,DAMPIER_202009_DNE,7,July,13.4,20.0,23.0
2020-07-12T10:00:00Z,5.236,-9999,5.6,Broome,20.16,DAMPIER_202009_DNE,7,July,13.4,20.0,23.0
2020-07-12T11:00:00Z,4.33,-9999,5.9,Broome,21.240000000000002,DAMPIER_202009_DNE,7,July,13.4,20.0,23.0
2020-07-12T12:00:00Z,3.572,-9999,4.2,Broome,15.120000000000001,DAMPIER_202009_DNE,7,July,13.4,20.0,23.0
2020-07-12T13:00:00Z,3.164,-9999,6.3,Broome,22.68,DAMPIER_202009_DNE,7,July,13.4,20.0,23.0
2020-07-12T14:00:00Z,3.409,-9999,7.3,Broome,26.28,DAMPIER_202009_DNE,7,July,13.4,20.0,23.0
2020-07-12T15:00:00Z,4.231,-9999,5.5,Broome,19.8,DAMPIER_202009_DNE,7,July,13.4,20.0,23.0
2020-07-12T16:00:00Z,5.244,-9999,5.1,Broome,18.36,DAMPIER_202009_DNE,7,July,13.4,20.0,23.0
2020-07-12T17:00:00Z,6.24,-9999,6.2,Broome,22.32,DAMPIER_202009_DNE,7,July,13.4,20.0,23.0
2020-07-12T18:00:00Z,7.069,-9999,6.4,Broome,23.040000000000003,DAMPIER_202009_DNE,7,July,13.4,20.0,23.0
2020-07-12T19:00:00Z,7.5,-9999,7.1,Broome,25.56,DAMPIER_202009_DNE,7,July,13.4,20.0,23.0
2020-07-12T20:00:00Z,7.311,-9999,5.6,Broome,20.16,DAMPIER_202009_DNE,7,July,13.4,20.0,23.0
2020-07-12T21:00:00Z,6.65,-9999,5,Broome,18,DAMPIER_202009_DNE,7,July,13.4,20.0,23.0
2020-07-12T22:00:00Z,5.787,-9999,5.6,Broome,20.16,DAMPIER_202009_DNE,7,July,13.4,20.0,23.0
2020-07-12T23:00:00Z,4.904,-9999,5,Broome,18,DAMPIER_202009_DNE,7,July,13.4,20.0,23.0
2020-07-13T00:00:00Z,4.186,-9999,6,Broome,21.6,DAMPIER_202009_DNE,7,July,13.4,20.0,23.0
2020-07-13T01:00:00Z,3.731,-9999,8.4,Broome,30.240000000000002,DAMPIER_202009_DNE,7,July,13.4,20.0,23.0
2020-07-13T02:00:00Z,3.808,-9999,6.4,Broome,23.040000000000003,DAMPIER_202009_DNE,7,July,13.4,20.0,23.0
2020-07-13T03:00:00Z,4.428,21.4,7.7,Broome,27.720000000000002,DAMPIER_202009_DNE,7,July,13.4,20.0,23.0
2020-07-13T04:00:00Z,5.197,21.6,5.9,Broome,21.240000000000002,DAMPIER_202009_DNE,7,July,13.4,20.0,23.0
2020-07-13T05:00:00Z,5.965,21.7,4.1,Broome,14.76,DAMPIER_202009_DNE,7,July,13.4,20.0,23.0
2020-07-13T06:00:00Z,6.602,21.7,3.1,Broome,11.16,DAMPIER_202009_DNE,7,July,13.4,20.0,23.0
2020-07-13T07:00:00Z,6.996,21.8,1.4,Broome,5.04,DAMPIER_202009_DNE,7,July,13.4,20.0,23.0
2020-07-13T08:00:00Z,6.993,21.8,1.4,Broome,5.04,DAMPIER_202009_DNE,7,July,13.4,20.0,23.0
2020-07-13T09:00:00Z,6.506,21.9,2,Broome,7.2,DAMPIER_202009_DNE,7,July,13.4,20.0,23.0
2020-07-13T10:00:00Z,5.746,21.9,2.4,Broome,8.64,DAMPIER_202009_DNE,7,July,13.4,20.0,23.0
2020-07-13T11:00:00Z,4.966,21.9,2.9,Broome,10.44,DAMPIER_202009_DNE,7,July,13.4,20.0,23.0
2020-07-13T12:00:00Z,4.306,21.9,2.8,Broome,10.08,DAMPIER_202009_DNE,7,July,13.4,20.0,23.0
2020-07-13T13:00:00Z,3.862,21.9,4,Broome,14.4,DAMPIER_202009_DNE,7,July,13.4,20.0,23.0
2020-07-13T14:00:00Z,3.776,21.9,2.8,Broome,10.08,DAMPIER_202009_DNE,7,July,13.4,20.0,23.0
2020-07-13T15:00:00Z,4.154,21.8,0.7,Broome,2.52,DAMPIER_202009_DNE,7,July,13.4,20.0,23.0
2020-07-13T16:00:00Z,4.868,21.7,0.1,Broome,0.36000000000000004,DAMPIER_202009_DNE,7,July,13.4,20.0,23.0
2020-07-13T17:00:00Z,5.695,21.8,2.9,Broome,10.44,DAMPIER_202009_DNE,7,July,13.4,20.0,23.0
2020-07-13T18:00:00Z,6.435,21.8,3,Broome,10.8,DAMPIER_202009_DNE,7,July,13.4,20.0,23.0
2020-07-13T19:00:00Z,6.971,21.8,2.2,Broome,7.920000000000001,DAMPIER_202009_DNE,7,July,13.4,20.0,23.0
2020-07-13T20:00:00Z,7.167,21.8,5,Broome,18,DAMPIER_202009_DNE,7,July,13.4,20.0,23.0
2020-07-13T21:00:00Z,6.912,21.8,6.6,Broome,23.759999999999998,DAMPIER_202009_DNE,7,July,13.4,20.0,23.0
2020-07-13T22:00:00Z,6.337,21.7,6.3,Broome,22.68,DAMPIER_202009_DNE,7,July,13.4,20.0,23.0
2020-07-13T23:00:00Z,5.626,21.7,6.7,Broome,24.12,DAMPIER_202009_DNE,7,July,13.4,20.0,23.0
2020-07-14T00:00:00Z,4.993,21.6,5.6,Broome,20.16,DAMPIER_202009_DNE,7,July,13.4,20.0,23.0
2020-07-14T01:00:00Z,4.469,21.5,8,Broome,28.8,DAMPIER_202009_DNE,7,July,13.4,20.0,23.0
2020-07-14T02:00:00Z,4.183,-9999,5.7,Broome,20.52,DAMPIER_202009_DNE,7,July,13.4,20.0,23.0
2020-07-14T03:00:00Z,4.317,-9999,4.2,Broome,15.120000000000001,DAMPIER_202009_DNE,7,July,13.4,20.0,23.0
2020-07-14T04:00:00Z,4.779,-9999,3.2,Broome,11.520000000000001,DAMPIER_202009_DNE,7,July,13.4,20.0,23.0
2020-07-14T05:00:00Z,5.284,-9999,1.6,Broome,5.760000000000001,DAMPIER_202009_DNE,7,July,13.4,20.0,23.0
2020-07-14T06:00:00Z,5.78,-9999,1.9,Broome,6.84,DAMPIER_202009_DNE,7,July,13.4,20.0,23.0
2020-07-14T07:00:00Z,6.281,-9999,0.2,Broome,0.7200000000000001,DAMPIER_202009_DNE,7,July,13.4,20.0,23.0
2020-07-14T08:00:00Z,6.611,-9999,2.3,Broome,8.28,DAMPIER_202009_DNE,7,July,13.4,20.0,23.0
2020-07-14T09:00:00Z,6.582,-9999,3.8,Broome,13.68,DAMPIER_202009_DNE,7,July,13.4,20.0,23.0
2020-07-14T10:00:00Z,6.24,-9999,4.4,Broome,15.840000000000002,DAMPIER_202009_DNE,7,July,13.4,20.0,23.0
2020-07-14T11:00:00Z,5.695,-9999,4.6,Broome,16.56,DAMPIER_202009_DNE,7,July,13.4,20.0,23.0
2020-07-14T12:00:00Z,5.081,-9999,2.6,Broome,9.360000000000001,DAMPIER_202009_DNE,7,July,13.4,20.0,23.0
2020-07-14T13:00:00Z,4.558,-9999,4.9,Broome,17.64,DAMPIER_202009_DNE,7,July,13.4,20.0,23.0
2020-07-14T14:00:00Z,4.259,-9999,5.4,Broome,19.44,DAMPIER_202009_DNE,7,July,13.4,20.0,23.0
2020-07-14T15:00:00Z,4.245,-9999,5.3,Broome,19.08,DAMPIER_202009_DNE,7,July,13.4,20.0,23.0
2020-07-14T16:00:00Z,4.552,-9999,7.2,Broome,25.92,DAMPIER_202009_DNE,7,July,13.4,20.0,23.0
2020-07-14T17:00:00Z,5.093,-9999,6.3,Broome,22.68,DAMPIER_202009_DNE,7,July,13.4,20.0,23.0
2020-07-14T18:00:00Z,5.723,-9999,6.7,Broome,24.12,DAMPIER_202009_DNE,7,July,13.4,20.0,23.0
2020-07-14T19:00:00Z,6.331,-9999,7.1,Broome,25.56,DAMPIER_202009_DNE,7,July,13.4,20.0,23.0
2020-07-14T20:00:00Z,6.742,-9999,7.5,Broome,27,DAMPIER_202009_DNE,7,July,13.4,20.0,23.0
2020-07-14T21:00:00Z,6.842,-9999,8.5,Broome,30.6,DAMPIER_202009_DNE,7,July,13.4,20.0,23.0
2020-07-14T22:00:00Z,6.633,-9999,8,Broome,28.8,DAMPIER_202009_DNE,7,July,13.4,20.0,23.0
2020-07-14T23:00:00Z,6.221,-9999,7.5,Broome,27,DAMPIER_202009_DNE,7,July,13.4,20.0,23.0
2020-07-15T00:00:00Z,5.703,-9999,6.3,Broome,22.68,DAMPIER_202009_DNE,7,July,13.4,20.0,23.0
2020-07-15T01:00:00Z,5.168,-9999,4.3,Broome,15.48,DAMPIER_202009_DNE,7,July,13.4,20.0,23.0
2020-07-15T02:00:00Z,4.757,-9999,8.1,Broome,29.16,DAMPIER_202009_DNE,7,July,13.4,20.0,23.0
2020-07-15T03:00:00Z,4.549,-9999,6.3,Broome,22.68,DAMPIER_202009_DNE,7,July,13.4,20.0,23.0
2020-07-15T04:00:00Z,4.513,21.1,5,Broome,18,DAMPIER_202009_DNE,7,July,13.4,20.0,23.0
2020-07-15T05:00:00Z,4.652,21.3,4.5,Broome,16.2,DAMPIER_202009_DNE,7,July,13.4,20.0,23.0
2020-07-15T06:00:00Z,4.958,21.5,3.9,Broome,14.04,DAMPIER_202009_DNE,7,July,13.4,20.0,23.0
2020-07-15T07:00:00Z,5.388,21.6,5.5,Broome,19.8,DAMPIER_202009_DNE,7,July,13.4,20.0,23.0
2020-07-15T08:00:00Z,5.852,21.6,5,Broome,18,DAMPIER_202009_DNE,7,July,13.4,20.0,23.0
2020-07-15T09:00:00Z,6.184,21.6,4.6,Broome,16.56,DAMPIER_202009_DNE,7,July,13.4,20.0,23.0
2020-07-15T10:00:00Z,6.312,21.7,4.4,Broome,15.840000000000002,DAMPIER_202009_DNE,7,July,13.4,20.0,23.0
2020-07-15T11:00:00Z,6.21,21.6,2.7,Broome,9.72,DAMPIER_202009_DNE,7,July,13.4,20.0,23.0
2020-07-15T12:00:00Z,5.854,21.7,4.3,Broome,15.48,DAMPIER_202009_DNE,7,July,13.4,20.0,23.0
2020-07-15T13:00:00Z,5.352,21.7,7,Broome,25.2,DAMPIER_202009_DNE,7,July,13.4,20.0,23.0
2020-07-15T14:00:00Z,4.891,21.7,7.4,Broome,26.64,DAMPIER_202009_DNE,7,July,13.4,20.0,23.0
2020-07-15T15:00:00Z,4.586,21.6,7.8,Broome,28.08,DAMPIER_202009_DNE,7,July,13.4,20.0,23.0
2020-07-15T16:00:00Z,4.479,21.6,7.9,Broome,28.44,DAMPIER_202009_DNE,7,July,13.4,20.0,23.0
2020-07-15T17:00:00Z,4.609,21.6,6.7,Broome,24.12,DAMPIER_202009_DNE,7,July,13.4,20.0,23.0
2020-07-15T18:00:00Z,4.964,21.5,4.9,Broome,17.64,DAMPIER_202009_DNE,7,July,13.4,20.0,23.0
2020-07-15T19:00:00Z,5.485,21.6,6.7,Broome,24.12,DAMPIER_202009_DNE,7,July,13.4,20.0,23.0
2020-07-15T20:00:00Z,6.05,21.6,6.9,Broome,24.840000000000003,DAMPIER_202009_DNE,7,July,13.4,20.0,23.0
2020-07-15T21:00:00Z,6.462,21.6,7.4,Broome,26.64,DAMPIER_202009_DNE,7,July,13.4,20.0,23.0
2020-07-15T22:00:00Z,6.63,21.4,9.1,Broome,32.76,DAMPIER_202009_DNE,7,July,13.4,20.0,23.0
2020-07-15T23:00:00Z,6.583,21.5,9.1,Broome,32.76,DAMPIER_202009_DNE,7,July,13.4,20.0,23.0
2020-07-16T00:00:00Z,6.336,21.4,8.5,Broome,30.6,DAMPIER_202009_DNE,7,July,13.4,20.0,23.0
2020-07-16T01:00:00Z,5.865,21.4,5.4,Broome,19.44,DAMPIER_202009_DNE,7,July,13.4,20.0,23.0
2020-07-16T02:00:00Z,5.36,21,7.5,Broome,27,DAMPIER_202009_DNE,7,July,13.4,20.0,23.0
2020-07-16T03:00:00Z,4.958,20.8,5.5,Broome,19.8,DAMPIER_202009_DNE,7,July,13.4,20.0,23.0
2020-07-16T04:00:00Z,4.588,20.9,5.7,Broome,20.52,DAMPIER_202009_DNE,7,July,13.4,20.0,23.0
2020-07-16T05:00:00Z,4.283,20.9,3.6,Broome,12.96,DAMPIER_202009_DNE,7,July,13.4,20.0,23.0
2020-07-16T06:00:00Z,4.256,21.1,4,Broome,14.4,DAMPIER_202009_DNE,7,July,13.4,20.0,23.0
2020-07-16T07:00:00Z,4.565,21.3,3.9,Broome,14.04,DAMPIER_202009_DNE,7,July,13.4,20.0,23.0
2020-07-16T08:00:00Z,5.048,21.6,4.2,Broome,15.120000000000001,DAMPIER_202009_DNE,7,July,13.4,20.0,23.0
2020-07-16T09:00:00Z,5.543,21.4,3.6,Broome,12.96,DAMPIER_202009_DNE,7,July,13.4,20.0,23.0
2020-07-16T10:00:00Z,6.003,21.4,3.9,Broome,14.04,DAMPIER_202009_DNE,7,July,13.4,20.0,23.0
2020-07-16T11:00:00Z,6.333,21.5,5.3,Broome,19.08,DAMPIER_202009_DNE,7,July,13.4,20.0,23.0
2020-07-16T12:00:00Z,6.366,21.5,4.4,Broome,15.840000000000002,DAMPIER_202009_DNE,7,July,13.4,20.0,23.0
2020-07-16T13:00:00Z,6.107,21.5,3.4,Broome,12.24,DAMPIER_202009_DNE,7,July,13.4,20.0,23.0
2020-07-16T14:00:00Z,5.643,21.5,0.7,Broome,2.52,DAMPIER_202009_DNE,7,July,13.4,20.0,23.0
2020-07-16T15:00:00Z,5.166,21.5,1.9,Broome,6.84,DAMPIER_202009_DNE,7,July,13.4,20.0,23.0
2020-07-16T16:00:00Z,4.784,21.5,2.4,Broome,8.64,DAMPIER_202009_DNE,7,July,13.4,20.0,23.0
2020-07-16T17:00:00Z,4.564,21.5,1.9,Broome,6.84,DAMPIER_202009_DNE,7,July,13.4,20.0,23.0
2020-07-16T18:00:00Z,4.57,21.4,1.2,Broome,4.32,DAMPIER_202009_DNE,7,July,13.4,20.0,23.0
2020-07-16T19:00:00Z,4.86,21.2,4,Broome,14.4,DAMPIER_202009_DNE,7,July,13.4,20.0,23.0
2020-07-16T20:00:00Z,5.363,21.4,2.2,Broome,7.920000000000001,DAMPIER_202009_DNE,7,July,13.4,20.0,23.0
2020-07-16T21:00:00Z,5.93,21.4,3.3,Broome,11.879999999999999,DAMPIER_202009_DNE,7,July,13.4,20.0,23.0
2020-07-16T22:00:00Z,6.423,21.3,3.2,Broome,11.520000000000001,DAMPIER_202009_DNE,7,July,13.4,20.0,23.0
2020-07-16T23:00:00Z,6.773,21.3,3.7,Broome,13.32,DAMPIER_202009_DNE,7,July,13.4,20.0,23.0
2020-07-17T00:00:00Z,6.931,21.3,4.7,Broome,16.92,DAMPIER_202009_DNE,7,July,13.4,20.0,23.0
2020-07-17T01:00:00Z,6.746,21.4,4.8,Broome,17.28,DAMPIER_202009_DNE,7,July,13.4,20.0,23.0
2020-07-17T02:00:00Z,6.251,21.4,2.4,Broome,8.64,DAMPIER_202009_DNE,7,July,13.4,20.0,23.0
2020-07-17T03:00:00Z,5.615,21.4,1.5,Broome,5.4,DAMPIER_202009_DNE,7,July,13.4,20.0,23.0
2020-07-17T04:00:00Z,4.929,21.4,0.6,Broome,2.16,DAMPIER_202009_DNE,7,July,13.4,20.0,23.0
2020-07-17T05:00:00Z,4.233,21.4,3,Broome,10.8,DAMPIER_202009_DNE,7,July,13.4,20.0,23.0
2020-07-17T06:00:00Z,3.782,21.3,3.1,Broome,11.16,DAMPIER_202009_DNE,7,July,13.4,20.0,23.0
2020-07-17T07:00:00Z,3.762,21.4,3.9,Broome,14.04,DAMPIER_202009_DNE,7,July,13.4,20.0,23.0
2020-07-17T08:00:00Z,4.11,21.2,3.8,Broome,13.68,DAMPIER_202009_DNE,7,July,13.4,20.0,23.0
2020-07-17T09:00:00Z,4.732,21.4,3.2,Broome,11.520000000000001,DAMPIER_202009_DNE,7,July,13.4,20.0,23.0
2020-07-17T10:00:00Z,5.45,21.5,3,Broome,10.8,DAMPIER_202009_DNE,7,July,13.4,20.0,23.0
2020-07-17T11:00:00Z,6.108,21.5,3.2,Broome,11.520000000000001,DAMPIER_202009_DNE,7,July,13.4,20.0,23.0
2020-07-17T12:00:00Z,6.606,21.5,2.8,Broome,10.08,DAMPIER_202009_DNE,7,July,13.4,20.0,23.0
2020-07-17T13:00:00Z,6.761,21.5,3.1,Broome,11.16,DAMPIER_202009_DNE,7,July,13.4,20.0,23.0
2020-07-17T14:00:00Z,6.451,21.5,2.2,Broome,7.920000000000001,DAMPIER_202009_DNE,7,July,13.4,20.0,23.0
2020-07-17T15:00:00Z,5.863,21.5,1.8,Broome,6.48,DAMPIER_202009_DNE,7,July,13.4,20.0,23.0
2020-07-17T16:00:00Z,5.226,21.5,0.5,Broome,1.8,DAMPIER_202009_DNE,7,July,13.4,20.0,23.0
2020-07-17T17:00:00Z,4.653,21.6,1.8,Broome,6.48,DAMPIER_202009_DNE,7,July,13.4,20.0,23.0
2020-07-17T18:00:00Z,4.262,21.5,1.9,Broome,6.84,DAMPIER_202009_DNE,7,July,13.4,20.0,23.0
2020-07-17T19:00:00Z,4.196,21.3,1.8,Broome,6.48,DAMPIER_202009_DNE,7,July,13.4,20.0,23.0
2020-07-17T20:00:00Z,4.522,21.3,1.8,Broome,6.48,DAMPIER_202009_DNE,7,July,13.4,20.0,23.0
2020-07-17T21:00:00Z,5.146,21.4,1.8,Broome,6.48,DAMPIER_202009_DNE,7,July,13.4,20.0,23.0
2020-07-17T22:00:00Z,5.901,21.4,3.2,Broome,11.520000000000001,DAMPIER_202009_DNE,7,July,13.4,20.0,23.0
2020-07-17T23:00:00Z,6.624,21.4,2.9,Broome,10.44,DAMPIER_202009_DNE,7,July,13.4,20.0,23.0
2020-07-18T00:00:00Z,7.174,21.4,1.5,Broome,5.4,DAMPIER_202009_DNE,7,July,13.4,20.0,23.0
2020-07-18T01:00:00Z,7.366,21.4,1.4,Broome,5.04,DAMPIER_202009_DNE,7,July,13.4,20.0,23.0
2020-07-18T02:00:00Z,7.101,21.5,1.1,Broome,3.9600000000000004,DAMPIER_202009_DNE,7,July,13.4,20.0,23.0
2020-07-18T03:00:00Z,6.494,21.5,0.5,Broome,1.8,DAMPIER_202009_DNE,7,July,13.4,20.0,23.0
2020-07-18T04:00:00Z,5.622,21.6,1.3,Broome,4.680000000000001,DAMPIER_202009_DNE,7,July,13.4,20.0,23.0
2020-07-18T05:00:00Z,4.613,21.7,3.7,Broome,13.32,DAMPIER_202009_DNE,7,July,13.4,20.0,23.0
2020-07-18T06:00:00Z,3.806,21.8,4.2,Broome,15.120000000000001,DAMPIER_202009_DNE,7,July,13.4,20.0,23.0
2020-07-18T07:00:00Z,3.29,21.8,5.8,Broome,20.88,DAMPIER_202009_DNE,7,July,13.4,20.0,23.0
2020-07-18T08:00:00Z,3.241,21.7,4.6,Broome,16.56,DAMPIER_202009_DNE,7,July,13.4,20.0,23.0
2020-07-18T09:00:00Z,3.763,21.5,4.5,Broome,16.2,DAMPIER_202009_DNE,7,July,13.4,20.0,23.0
2020-07-18T10:00:00Z,4.628,21.6,4.2,Broome,15.120000000000001,DAMPIER_202009_DNE,7,July,13.4,20.0,23.0
2020-07-18T11:00:00Z,5.618,21.7,3.3,Broome,11.879999999999999,DAMPIER_202009_DNE,7,July,13.4,20.0,23.0
2020-07-18T12:00:00Z,6.553,21.7,3.2,Broome,11.520000000000001,DAMPIER_202009_DNE,7,July,13.4,20.0,23.0
2020-07-18T13:00:00Z,7.158,21.7,0.4,Broome,1.4400000000000002,DAMPIER_202009_DNE,7,July,13.4,20.0,23.0
2020-07-18T14:00:00Z,7.233,21.7,0.8,Broome,2.8800000000000003,DAMPIER_202009_DNE,7,July,13.4,20.0,23.0
2020-07-18T15:00:00Z,6.791,21.7,1.8,Broome,6.48,DAMPIER_202009_DNE,7,July,13.4,20.0,23.0
2020-07-18T16:00:00Z,6.037,21.7,2.6,Broome,9.360000000000001,DAMPIER_202009_DNE,7,July,13.4,20.0,23.0
2020-07-18T17:00:00Z,5.159,21.7,2.6,Broome,9.360000000000001,DAMPIER_202009_DNE,7,July,13.4,20.0,23.0
2020-07-18T18:00:00Z,4.313,21.7,2.4,Broome,8.64,DAMPIER_202009_DNE,7,July,13.4,20.0,23.0
2020-07-18T19:00:00Z,3.756,21.6,4.3,Broome,15.48,DAMPIER_202009_DNE,7,July,13.4,20.0,23.0
2020-07-18T20:00:00Z,3.719,21.6,6.6,Broome,23.759999999999998,DAMPIER_202009_DNE,7,July,13.4,20.0,23.0
2020-07-18T21:00:00Z,4.241,21.6,6.4,Broome,23.040000000000003,DAMPIER_202009_DNE,7,July,13.4,20.0,23.0
2020-07-18T22:00:00Z,5.129,21.6,4.6,Broome,16.56,DAMPIER_202009_DNE,7,July,13.4,20.0,23.0
2020-07-18T23:00:00Z,6.138,21.6,5.2,Broome,18.720000000000002,DAMPIER_202009_DNE,7,July,13.4,20.0,23.0
2020-07-19T00:00:00Z,7.07,21.6,4.2,Broome,15.120000000000001,DAMPIER_202009_DNE,7,July,13.4,20.0,23.0
2020-07-19T01:00:00Z,7.665,21.6,3.2,Broome,11.520000000000001,DAMPIER_202009_DNE,7,July,13.4,20.0,23.0
2020-07-19T02:00:00Z,7.76,21.7,1.5,Broome,5.4,DAMPIER_202009_DNE,7,July,13.4,20.0,23.0
2020-07-19T03:00:00Z,7.356,21.7,3.4,Broome,12.24,DAMPIER_202009_DNE,7,July,13.4,20.0,23.0
2020-07-19T04:00:00Z,6.477,21.7,2.3,Broome,8.28,DAMPIER_202009_DNE,7,July,13.4,20.0,23.0
2020-07-19T05:00:00Z,5.315,21.8,4.1,Broome,14.76,DAMPIER_202009_DNE,7,July,13.4,20.0,23.0
2020-07-19T06:00:00Z,4.117,21.9,4.1,Broome,14.76,DAMPIER_202009_DNE,7,July,13.4,20.0,23.0
2020-07-19T07:00:00Z,3.107,22,4.7,Broome,16.92,DAMPIER_202009_DNE,7,July,13.4,20.0,23.0
2020-07-19T08:00:00Z,2.549,22.1,4.9,Broome,17.64,DAMPIER_202009_DNE,7,July,13.4,20.0,23.0
2020-07-19T09:00:00Z,2.75,21.9,4.4,Broome,15.840000000000002,DAMPIER_202009_DNE,7,July,13.4,20.0,23.0
2020-07-19T10:00:00Z,3.646,21.9,3,Broome,10.8,DAMPIER_202009_DNE,7,July,13.4,20.0,23.0
2020-07-19T11:00:00Z,4.826,-9999,2.1,Broome,7.5600000000000005,DAMPIER_202009_DNE,7,July,13.4,20.0,23.0
2020-07-19T12:00:00Z,6.026,-9999,0.7,Broome,2.52,DAMPIER_202009_DNE,7,July,13.4,20.0,23.0
2020-07-19T13:00:00Z,7.094,-9999,1.6,Broome,5.760000000000001,DAMPIER_202009_DNE,7,July,13.4,20.0,23.0
2020-07-19T14:00:00Z,7.686,-9999,4.9,Broome,17.64,DAMPIER_202009_DNE,7,July,13.4,20.0,23.0
2020-07-19T15:00:00Z,7.479,-9999,6,Broome,21.6,DAMPIER_202009_DNE,7,July,13.4,20.0,23.0
2020-07-19T16:00:00Z,6.742,-9999,7.8,Broome,28.08,DAMPIER_202009_DNE,7,July,13.4,20.0,23.0
2020-07-19T17:00:00Z,5.791,-9999,8.3,Broome,29.880000000000003,DAMPIER_202009_DNE,7,July,13.4,20.0,23.0
2020-07-19T18:00:00Z,4.724,-9999,8.1,Broome,29.16,DAMPIER_202009_DNE,7,July,13.4,20.0,23.0
2020-07-19T19:00:00Z,3.732,-9999,7,Broome,25.2,DAMPIER_202009_DNE,7,July,13.4,20.0,23.0
2020-07-19T20:00:00Z,3.133,-9999,5.9,Broome,21.240000000000002,DAMPIER_202009_DNE,7,July,13.4,20.0,23.0
2020-07-19T21:00:00Z,3.211,-9999,6,Broome,21.6,DAMPIER_202009_DNE,7,July,13.4,20.0,23.0
2020-07-19T22:00:00Z,4.011,-9999,5.8,Broome,20.88,DAMPIER_202009_DNE,7,July,13.4,20.0,23.0
2020-07-19T23:00:00Z,5.208,21.6,5.3,Broome,19.08,DAMPIER_202009_DNE,7,July,13.4,20.0,23.0
2020-07-20T00:00:00Z,6.507,21.6,4.4,Broome,15.840000000000002,DAMPIER_202009_DNE,7,July,13.4,20.0,23.0
2020-07-20T01:00:00Z,7.645,21.6,4.2,Broome,15.120000000000001,DAMPIER_202009_DNE,7,July,13.4,20.0,23.0
2020-07-20T02:00:00Z,8.345,21.7,3.7,Broome,13.32,DAMPIER_202009_DNE,7,July,13.4,20.0,23.0
2020-07-20T03:00:00Z,8.251,21.7,1.6,Broome,5.760000000000001,DAMPIER_202009_DNE,7,July,13.4,20.0,23.0
2020-07-20T04:00:00Z,7.399,21.7,0.6,Broome,2.16,DAMPIER_202009_DNE,7,July,13.4,20.0,23.0
2020-07-20T05:00:00Z,6.137,21.8,2.2,Broome,7.920000000000001,DAMPIER_202009_DNE,7,July,13.4,20.0,23.0
2020-07-20T06:00:00Z,4.762,21.8,3.5,Broome,12.6,DAMPIER_202009_DNE,7,July,13.4,20.0,23.0
2020-07-20T07:00:00Z,3.448,21.9,3.4,Broome,12.24,DAMPIER_202009_DNE,7,July,13.4,20.0,23.0
2020-07-20T08:00:00Z,2.441,22,3.5,Broome,12.6,DAMPIER_202009_DNE,7,July,13.4,20.0,23.0
2020-07-20T09:00:00Z,2.066,22.2,4.7,Broome,16.92,DAMPIER_202009_DNE,7,July,13.4,20.0,23.0
2020-07-20T10:00:00Z,2.642,22,5.3,Broome,19.08,DAMPIER_202009_DNE,7,July,13.4,20.0,23.0
2020-07-20T11:00:00Z,3.826,21.9,4.2,Broome,15.120000000000001,DAMPIER_202009_DNE,7,July,13.4,20.0,23.0
2020-07-20T12:00:00Z,5.187,-9999,3.9,Broome,14.04,DAMPIER_202009_DNE,7,July,13.4,20.0,23.0
2020-07-20T13:00:00Z,6.582,-9999,1.9,Broome,6.84,DAMPIER_202009_DNE,7,July,13.4,20.0,23.0
2020-07-20T14:00:00Z,7.753,-9999,1.7,Broome,6.12,DAMPIER_202009_DNE,7,July,13.4,20.0,23.0
2020-07-20T15:00:00Z,8.251,-9999,2.2,Broome,7.920000000000001,DAMPIER_202009_DNE,7,July,13.4,20.0,23.0
2020-07-20T16:00:00Z,7.751,-9999,0.3,Broome,1.08,DAMPIER_202009_DNE,7,July,13.4,20.0,23.0
2020-07-20T17:00:00Z,6.691,-9999,0.7,Broome,2.52,DAMPIER_202009_DNE,7,July,13.4,20.0,23.0
2020-07-20T18:00:00Z,5.501,-9999,0.7,Broome,2.52,DAMPIER_202009_DNE,7,July,13.4,20.0,23.0
2020-07-20T19:00:00Z,4.262,-9999,1.1,Broome,3.9600000000000004,DAMPIER_202009_DNE,7,July,13.4,20.0,23.0
2020-07-20T20:00:00Z,3.188,-9999,2.7,Broome,9.72,DAMPIER_202009_DNE,7,July,13.4,20.0,23.0
2020-07-20T21:00:00Z,2.631,-9999,3.6,Broome,12.96,DAMPIER_202009_DNE,7,July,13.4,20.0,23.0
2020-07-20T22:00:00Z,3.014,-9999,4,Broome,14.4,DAMPIER_202009_DNE,7,July,13.4,20.0,23.0
2020-07-20T23:00:00Z,4.242,-9999,3.6,Broome,12.96,DAMPIER_202009_DNE,7,July,13.4,20.0,23.0
2020-07-21T00:00:00Z,5.777,21.7,4.3,Broome,15.48,DAMPIER_202009_DNE,7,July,13.4,20.0,23.0
2020-07-21T01:00:00Z,7.238,21.7,5.3,Broome,19.08,DAMPIER_202009_DNE,7,July,13.4,20.0,23.0
2020-07-21T02:00:00Z,8.387,21.7,4.5,Broome,16.2,DAMPIER_202009_DNE,7,July,13.4,20.0,23.0
2020-07-21T03:00:00Z,8.85,21.8,3.9,Broome,14.04,DAMPIER_202009_DNE,7,July,13.4,20.0,23.0
2020-07-21T04:00:00Z,8.337,21.8,3.6,Broome,12.96,DAMPIER_202009_DNE,7,July,13.4,20.0,23.0
2020-07-21T05:00:00Z,7.131,21.9,2.5,Broome,9,DAMPIER_202009_DNE,7,July,13.4,20.0,23.0
2020-07-21T06:00:00Z,5.693,21.9,1.9,Broome,6.84,DAMPIER_202009_DNE,7,July,13.4,20.0,23.0
2020-07-21T07:00:00Z,4.154,22,2.8,Broome,10.08,DAMPIER_202009_DNE,7,July,13.4,20.0,23.0
2020-07-21T08:00:00Z,2.77,22.1,3.2,Broome,11.520000000000001,DAMPIER_202009_DNE,7,July,13.4,20.0,23.0
2020-07-21T09:00:00Z,1.802,22.2,4.1,Broome,14.76,DAMPIER_202009_DNE,7,July,13.4,20.0,23.0
2020-07-21T10:00:00Z,1.783,22.3,5.1,Broome,18.36,DAMPIER_202009_DNE,7,July,13.4,20.0,23.0
2020-07-21T11:00:00Z,2.849,22.1,6.2,Broome,22.32,DAMPIER_202009_DNE,7,July,13.4,20.0,23.0
2020-07-21T12:00:00Z,4.287,22,5.5,Broome,19.8,DAMPIER_202009_DNE,7,July,13.4,20.0,23.0
2020-07-21T13:00:00Z,5.833,21.9,1.4,Broome,5.04,DAMPIER_202009_DNE,7,July,13.4,20.0,23.0
2020-07-21T14:00:00Z,7.331,21.9,2,Broome,7.2,DAMPIER_202009_DNE,7,July,13.4,20.0,23.0
2020-07-21T15:00:00Z,8.386,21.9,1,Broome,3.6,DAMPIER_202009_DNE,7,July,13.4,20.0,23.0
2020-07-21T16:00:00Z,8.452,21.9,1.3,Broome,4.680000000000001,DAMPIER_202009_DNE,7,July,13.4,20.0,23.0
2020-07-21T17:00:00Z,7.586,21.9,4.1,Broome,14.76,DAMPIER_202009_DNE,7,July,13.4,20.0,23.0
2020-07-21T18:00:00Z,6.357,21.9,3.5,Broome,12.6,DAMPIER_202009_DNE,7,July,13.4,20.0,23.0
2020-07-21T19:00:00Z,4.977,21.9,4.5,Broome,16.2,DAMPIER_202009_DNE,7,July,13.4,20.0,23.0
2020-07-21T20:00:00Z,3.605,21.9,4.6,Broome,16.56,DAMPIER_202009_DNE,7,July,13.4,20.0,23.0
2020-07-21T21:00:00Z,2.538,21.9,3.9,Broome,14.04,DAMPIER_202009_DNE,7,July,13.4,20.0,23.0
2020-07-21T22:00:00Z,2.208,21.9,4.1,Broome,14.76,DAMPIER_202009_DNE,7,July,13.4,20.0,23.0
2020-07-21T23:00:00Z,3.055,21.8,7.7,Broome,27.720000000000002,DAMPIER_202009_DNE,7,July,13.4,20.0,23.0
2020-07-22T00:00:00Z,4.626,21.8,6.4,Broome,23.040000000000003,DAMPIER_202009_DNE,7,July,13.4,20.0,23.0
2020-07-22T01:00:00Z,6.282,21.8,6.9,Broome,24.840000000000003,DAMPIER_202009_DNE,7,July,13.4,20.0,23.0
2020-07-22T02:00:00Z,7.848,21.8,7.6,Broome,27.36,DAMPIER_202009_DNE,7,July,13.4,20.0,23.0
2020-07-22T03:00:00Z,8.962,21.8,6.8,Broome,24.48,DAMPIER_202009_DNE,7,July,13.4,20.0,23.0
2020-07-22T04:00:00Z,9.072,21.8,6.4,Broome,23.040000000000003,DAMPIER_202009_DNE,7,July,13.4,20.0,23.0
2020-07-22T05:00:00Z,8.125,21.9,5.6,Broome,20.16,DAMPIER_202009_DNE,7,July,13.4,20.0,23.0
2020-07-22T06:00:00Z,6.699,21.9,4.5,Broome,16.2,DAMPIER_202009_DNE,7,July,13.4,20.0,23.0
2020-07-22T07:00:00Z,5.161,-9999,3.5,Broome,12.6,DAMPIER_202009_DNE,7,July,13.4,20.0,23.0
2020-07-22T08:00:00Z,3.625,-9999,2.2,Broome,7.920000000000001,DAMPIER_202009_DNE,7,July,13.4,20.0,23.0
2020-07-22T09:00:00Z,2.223,-9999,4.7,Broome,16.92,DAMPIER_202009_DNE,7,July,13.4,20.0,23.0
2020-07-22T10:00:00Z,1.423,-9999,4,Broome,14.4,DAMPIER_202009_DNE,7,July,13.4,20.0,23.0
2020-07-22T11:00:00Z,1.893,-9999,1.7,Broome,6.12,DAMPIER_202009_DNE,7,July,13.4,20.0,23.0
2020-07-22T12:00:00Z,3.266,-9999,2.3,Broome,8.28,DAMPIER_202009_DNE,7,July,13.4,20.0,23.0
2020-07-22T13:00:00Z,4.887,-9999,2.3,Broome,8.28,DAMPIER_202009_DNE,7,July,13.4,20.0,23.0
2020-07-22T14:00:00Z,6.565,-9999,3.8,Broome,13.68,DAMPIER_202009_DNE,7,July,13.4,20.0,23.0
2020-07-22T15:00:00Z,8.052,-9999,3.5,Broome,12.6,DAMPIER_202009_DNE,7,July,13.4,20.0,23.0
2020-07-22T16:00:00Z,8.824,-9999,5.5,Broome,19.8,DAMPIER_202009_DNE,7,July,13.4,20.0,23.0
2020-07-22T17:00:00Z,8.411,-9999,7.7,Broome,27.720000000000002,DAMPIER_202009_DNE,7,July,13.4,20.0,23.0
2020-07-22T18:00:00Z,7.225,-9999,7.6,Broome,27.36,DAMPIER_202009_DNE,7,July,13.4,20.0,23.0
2020-07-22T19:00:00Z,5.853,-9999,6.8,Broome,24.48,DAMPIER_202009_DNE,7,July,13.4,20.0,23.0
2020-07-22T20:00:00Z,4.355,-9999,6.1,Broome,21.96,DAMPIER_202009_DNE,7,July,13.4,20.0,23.0
2020-07-22T21:00:00Z,2.945,-9999,5.6,Broome,20.16,DAMPIER_202009_DNE,7,July,13.4,20.0,23.0
2020-07-22T22:00:00Z,1.99,-9999,3.5,Broome,12.6,DAMPIER_202009_DNE,7,July,13.4,20.0,23.0
2020-07-22T23:00:00Z,2.134,-9999,4.7,Broome,16.92,DAMPIER_202009_DNE,7,July,13.4,20.0,23.0
2020-07-23T00:00:00Z,3.482,21.7,4.1,Broome,14.76,DAMPIER_202009_DNE,7,July,13.4,20.0,23.0
2020-07-23T01:00:00Z,5.214,21.7,3.7,Broome,13.32,DAMPIER_202009_DNE,7,July,13.4,20.0,23.0
2020-07-23T02:00:00Z,6.976,21.7,7.1,Broome,25.56,DAMPIER_202009_DNE,7,July,13.4,20.0,23.0
2020-07-23T03:00:00Z,8.505,21.7,5.2,Broome,18.720000000000002,DAMPIER_202009_DNE,7,July,13.4,20.0,23.0
2020-07-23T04:00:00Z,9.282,21.8,5.7,Broome,20.52,DAMPIER_202009_DNE,7,July,13.4,20.0,23.0
2020-07-23T05:00:00Z,8.903,21.8,3,Broome,10.8,DAMPIER_202009_DNE,7,July,13.4,20.0,23.0
2020-07-23T06:00:00Z,7.679,21.9,2,Broome,7.2,DAMPIER_202009_DNE,7,July,13.4,20.0,23.0
2020-07-23T07:00:00Z,6.19,21.9,1.6,Broome,5.760000000000001,DAMPIER_202009_DNE,7,July,13.4,20.0,23.0
2020-07-23T08:00:00Z,4.576,22,2.6,Broome,9.360000000000001,DAMPIER_202009_DNE,7,July,13.4,20.0,23.0
2020-07-23T09:00:00Z,2.998,22,2.5,Broome,9,DAMPIER_202009_DNE,7,July,13.4,20.0,23.0
2020-07-23T10:00:00Z,1.76,22,6.2,Broome,22.32,DAMPIER_202009_DNE,7,July,13.4,20.0,23.0
2020-07-23T11:00:00Z,1.445,22,5.8,Broome,20.88,DAMPIER_202009_DNE,7,July,13.4,20.0,23.0
2020-07-23T12:00:00Z,2.358,22,7,Broome,25.2,DAMPIER_202009_DNE,7,July,13.4,20.0,23.0
2020-07-23T13:00:00Z,3.897,21.9,7.2,Broome,25.92,DAMPIER_202009_DNE,7,July,13.4,20.0,23.0
2020-07-23T14:00:00Z,5.572,21.9,7.9,Broome,28.44,DAMPIER_202009_DNE,7,July,13.4,20.0,23.0
2020-07-23T15:00:00Z,7.253,21.9,7.7,Broome,27.720000000000002,DAMPIER_202009_DNE,7,July,13.4,20.0,23.0
2020-07-23T16:00:00Z,8.578,21.8,6.2,Broome,22.32,DAMPIER_202009_DNE,7,July,13.4,20.0,23.0
2020-07-23T17:00:00Z,8.905,21.8,6.7,Broome,24.12,DAMPIER_202009_DNE,7,July,13.4,20.0,23.0
2020-07-23T18:00:00Z,8.08,21.8,7.9,Broome,28.44,DAMPIER_202009_DNE,7,July,13.4,20.0,23.0
2020-07-23T19:00:00Z,6.772,21.7,7.3,Broome,26.28,DAMPIER_202009_DNE,7,July,13.4,20.0,23.0
2020-07-23T20:00:00Z,5.304,21.7,8.1,Broome,29.16,DAMPIER_202009_DNE,7,July,13.4,20.0,23.0
2020-07-23T21:00:00Z,3.749,21.5,9.1,Broome,32.76,DAMPIER_202009_DNE,7,July,13.4,20.0,23.0
2020-07-23T22:00:00Z,2.414,21.4,9,Broome,32.4,DAMPIER_202009_DNE,7,July,13.4,20.0,23.0
2020-07-23T23:00:00Z,1.78,21.1,8.9,Broome,32.04,DAMPIER_202009_DNE,7,July,13.4,20.0,23.0
2020-07-24T00:00:00Z,2.469,21.4,9,Broome,32.4,DAMPIER_202009_DNE,7,July,13.4,20.0,23.0
2020-07-24T01:00:00Z,4.05,21.6,4.3,Broome,15.48,DAMPIER_202009_DNE,7,July,13.4,20.0,23.0
2020-07-24T02:00:00Z,5.818,21.6,1.6,Broome,5.760000000000001,DAMPIER_202009_DNE,7,July,13.4,20.0,23.0
2020-07-24T03:00:00Z,7.548,21.6,5,Broome,18,DAMPIER_202009_DNE,7,July,13.4,20.0,23.0
2020-07-24T04:00:00Z,8.872,21.6,3.1,Broome,11.16,DAMPIER_202009_DNE,7,July,13.4,20.0,23.0
2020-07-24T05:00:00Z,9.236,21.7,4.1,Broome,14.76,DAMPIER_202009_DNE,7,July,13.4,20.0,23.0
2020-07-24T06:00:00Z,8.466,21.8,4,Broome,14.4,DAMPIER_202009_DNE,7,July,13.4,20.0,23.0
2020-07-24T07:00:00Z,7.071,21.9,4,Broome,14.4,DAMPIER_202009_DNE,7,July,13.4,20.0,23.0
2020-07-24T08:00:00Z,5.519,21.9,3.9,Broome,14.04,DAMPIER_202009_DNE,7,July,13.4,20.0,23.0
2020-07-24T09:00:00Z,3.917,21.9,5.5,Broome,19.8,DAMPIER_202009_DNE,7,July,13.4,20.0,23.0
2020-07-24T10:00:00Z,2.486,21.9,6.7,Broome,24.12,DAMPIER_202009_DNE,7,July,13.4,20.0,23.0
2020-07-24T11:00:00Z,1.529,21.9,6.2,Broome,22.32,DAMPIER_202009_DNE,7,July,13.4,20.0,23.0
2020-07-24T12:00:00Z,1.657,21.8,5.9,Broome,21.240000000000002,DAMPIER_202009_DNE,7,July,13.4,20.0,23.0
2020-07-24T13:00:00Z,2.91,21.8,7.7,Broome,27.720000000000002,DAMPIER_202009_DNE,7,July,13.4,20.0,23.0
2020-07-24T14:00:00Z,4.55,21.8,7.3,Broome,26.28,DAMPIER_202009_DNE,7,July,13.4,20.0,23.0
2020-07-24T15:00:00Z,6.277,21.7,6.5,Broome,23.400000000000002,DAMPIER_202009_DNE,7,July,13.4,20.0,23.0
2020-07-24T16:00:00Z,7.878,21.7,7,Broome,25.2,DAMPIER_202009_DNE,7,July,13.4,20.0,23.0
2020-07-24T17:00:00Z,8.84,21.7,8.1,Broome,29.16,DAMPIER_202009_DNE,7,July,13.4,20.0,23.0
2020-07-24T18:00:00Z,8.649,21.7,6.6,Broome,23.759999999999998,DAMPIER_202009_DNE,7,July,13.4,20.0,23.0
2020-07-24T19:00:00Z,7.562,21.6,7.8,Broome,28.08,DAMPIER_202009_DNE,7,July,13.4,20.0,23.0
2020-07-24T20:00:00Z,6.189,21.6,9.1,Broome,32.76,DAMPIER_202009_DNE,7,July,13.4,20.0,23.0
2020-07-24T21:00:00Z,4.685,21.5,4.9,Broome,17.64,DAMPIER_202009_DNE,7,July,13.4,20.0,23.0
2020-07-24T22:00:00Z,3.202,21.4,5.8,Broome,20.88,DAMPIER_202009_DNE,7,July,13.4,20.0,23.0
2020-07-24T23:00:00Z,2.061,21.3,5.7,Broome,20.52,DAMPIER_202009_DNE,7,July,13.4,20.0,23.0
2020-07-25T00:00:00Z,1.846,21,5.7,Broome,20.52,DAMPIER_202009_DNE,7,July,13.4,20.0,23.0
2020-07-25T01:00:00Z,2.887,21.2,4.3,Broome,15.48,DAMPIER_202009_DNE,7,July,13.4,20.0,23.0
2020-07-25T02:00:00Z,4.555,21.4,7,Broome,25.2,DAMPIER_202009_DNE,7,July,13.4,20.0,23.0
2020-07-25T03:00:00Z,6.297,21.5,7.7,Broome,27.720000000000002,DAMPIER_202009_DNE,7,July,13.4,20.0,23.0
2020-07-25T04:00:00Z,7.902,21.5,5.7,Broome,20.52,DAMPIER_202009_DNE,7,July,13.4,20.0,23.0
2020-07-25T05:00:00Z,8.947,21.6,2.4,Broome,8.64,DAMPIER_202009_DNE,7,July,13.4,20.0,23.0
2020-07-25T06:00:00Z,8.924,21.6,0.9,Broome,3.24,DAMPIER_202009_DNE,7,July,13.4,20.0,23.0
2020-07-25T07:00:00Z,7.861,21.7,1.8,Broome,6.48,DAMPIER_202009_DNE,7,July,13.4,20.0,23.0
2020-07-25T08:00:00Z,6.433,21.8,3.3,Broome,11.879999999999999,DAMPIER_202009_DNE,7,July,13.4,20.0,23.0
2020-07-25T09:00:00Z,4.931,21.7,3,Broome,10.8,DAMPIER_202009_DNE,7,July,13.4,20.0,23.0
2020-07-25T10:00:00Z,3.403,21.7,3.7,Broome,13.32,DAMPIER_202009_DNE,7,July,13.4,20.0,23.0
2020-07-25T11:00:00Z,2.156,21.7,5.1,Broome,18.36,DAMPIER_202009_DNE,7,July,13.4,20.0,23.0
2020-07-25T12:00:00Z,1.615,21.7,4.5,Broome,16.2,DAMPIER_202009_DNE,7,July,13.4,20.0,23.0
2020-07-25T13:00:00Z,2.288,21.6,6.5,Broome,23.400000000000002,DAMPIER_202009_DNE,7,July,13.4,20.0,23.0
2020-07-25T14:00:00Z,3.723,21.6,7.5,Broome,27,DAMPIER_202009_DNE,7,July,13.4,20.0,23.0
2020-07-25T15:00:00Z,5.303,21.6,7.3,Broome,26.28,DAMPIER_202009_DNE,7,July,13.4,20.0,23.0
2020-07-25T16:00:00Z,6.901,21.6,8,Broome,28.8,DAMPIER_202009_DNE,7,July,13.4,20.0,23.0
2020-07-25T17:00:00Z,8.248,21.6,8.4,Broome,30.240000000000002,DAMPIER_202009_DNE,7,July,13.4,20.0,23.0
2020-07-25T18:00:00Z,8.785,21.6,8.3,Broome,29.880000000000003,DAMPIER_202009_DNE,7,July,13.4,20.0,23.0
2020-07-25T19:00:00Z,8.195,21.5,9.4,Broome,33.84,DAMPIER_202009_DNE,7,July,13.4,20.0,23.0
2020-07-25T20:00:00Z,7.018,21.5,8.4,Broome,30.240000000000002,DAMPIER_202009_DNE,7,July,13.4,20.0,23.0
2020-07-25T21:00:00Z,5.682,21.4,7.2,Broome,25.92,DAMPIER_202009_DNE,7,July,13.4,20.0,23.0
2020-07-25T22:00:00Z,4.221,21.3,8.4,Broome,30.240000000000002,DAMPIER_202009_DNE,7,July,13.4,20.0,23.0
2020-07-25T23:00:00Z,2.874,21.1,8.7,Broome,31.319999999999997,DAMPIER_202009_DNE,7,July,13.4,20.0,23.0
2020-07-26T00:00:00Z,2.038,20.9,9.2,Broome,33.12,DAMPIER_202009_DNE,7,July,13.4,20.0,23.0
2020-07-26T01:00:00Z,2.28,20.9,7.8,Broome,28.08,DAMPIER_202009_DNE,7,July,13.4,20.0,23.0
2020-07-26T02:00:00Z,3.545,21.2,7,Broome,25.2,DAMPIER_202009_DNE,7,July,13.4,20.0,23.0
2020-07-26T03:00:00Z,5.091,21.3,7,Broome,25.2,DAMPIER_202009_DNE,7,July,13.4,20.0,23.0
2020-07-26T04:00:00Z,6.633,21.4,7.3,Broome,26.28,DAMPIER_202009_DNE,7,July,13.4,20.0,23.0
2020-07-26T05:00:00Z,7.978,21.4,5.5,Broome,19.8,DAMPIER_202009_DNE,7,July,13.4,20.0,23.0
2020-07-26T06:00:00Z,8.653,21.4,5.2,Broome,18.720000000000002,DAMPIER_202009_DNE,7,July,13.4,20.0,23.0
2020-07-26T07:00:00Z,8.298,21.5,3.8,Broome,13.68,DAMPIER_202009_DNE,7,July,13.4,20.0,23.0
2020-07-26T08:00:00Z,7.201,21.6,3.4,Broome,12.24,DAMPIER_202009_DNE,7,July,13.4,20.0,23.0
2020-07-26T09:00:00Z,5.865,21.6,5.1,Broome,18.36,DAMPIER_202009_DNE,7,July,13.4,20.0,23.0
2020-07-26T10:00:00Z,4.464,21.6,5.2,Broome,18.720000000000002,DAMPIER_202009_DNE,7,July,13.4,20.0,23.0
2020-07-26T11:00:00Z,3.171,21.6,4.9,Broome,17.64,DAMPIER_202009_DNE,7,July,13.4,20.0,23.0
2020-07-26T12:00:00Z,2.232,21.5,4,Broome,14.4,DAMPIER_202009_DNE,7,July,13.4,20.0,23.0
2020-07-26T13:00:00Z,2.127,21.5,6.8,Broome,24.48,DAMPIER_202009_DNE,7,July,13.4,20.0,23.0
2020-07-26T14:00:00Z,3.051,21.4,7.4,Broome,26.64,DAMPIER_202009_DNE,7,July,13.4,20.0,23.0
2020-07-26T15:00:00Z,4.43,21.4,6.9,Broome,24.840000000000003,DAMPIER_202009_DNE,7,July,13.4,20.0,23.0
2020-07-26T16:00:00Z,5.912,21.4,6.9,Broome,24.840000000000003,DAMPIER_202009_DNE,7,July,13.4,20.0,23.0
2020-07-26T17:00:00Z,7.333,21.4,7.7,Broome,27.720000000000002,DAMPIER_202009_DNE,7,July,13.4,20.0,23.0
2020-07-26T18:00:00Z,8.336,21.4,6.2,Broome,22.32,DAMPIER_202009_DNE,7,July,13.4,20.0,23.0
2020-07-26T19:00:00Z,8.478,21.4,7.3,Broome,26.28,DAMPIER_202009_DNE,7,July,13.4,20.0,23.0
2020-07-26T20:00:00Z,7.709,21.4,7.3,Broome,26.28,DAMPIER_202009_DNE,7,July,13.4,20.0,23.0
2020-07-26T21:00:00Z,6.517,21.3,7.6,Broome,27.36,DAMPIER_202009_DNE,7,July,13.4,20.0,23.0
2020-07-26T22:00:00Z,5.208,21.3,9.1,Broome,32.76,DAMPIER_202009_DNE,7,July,13.4,20.0,23.0
2020-07-26T23:00:00Z,3.914,21.1,8.7,Broome,31.319999999999997,DAMPIER_202009_DNE,7,July,13.4,20.0,23.0
2020-07-27T00:00:00Z,2.85,20.9,7.6,Broome,27.36,DAMPIER_202009_DNE,7,July,13.4,20.0,23.0
2020-07-27T01:00:00Z,2.371,20.8,4.5,Broome,16.2,DAMPIER_202009_DNE,7,July,13.4,20.0,23.0
2020-07-27T02:00:00Z,2.923,20.8,8.3,Broome,29.880000000000003,DAMPIER_202009_DNE,7,July,13.4,20.0,23.0
2020-07-27T03:00:00Z,4.193,21.1,7.6,Broome,27.36,DAMPIER_202009_DNE,7,July,13.4,20.0,23.0
2020-07-27T04:00:00Z,5.573,21.2,6.8,Broome,24.48,DAMPIER_202009_DNE,7,July,13.4,20.0,23.0
2020-07-27T05:00:00Z,6.843,21.2,4.2,Broome,15.120000000000001,DAMPIER_202009_DNE,7,July,13.4,20.0,23.0
2020-07-27T06:00:00Z,7.83,21.2,2.6,Broome,9.360000000000001,DAMPIER_202009_DNE,7,July,13.4,20.0,23.0
2020-07-27T07:00:00Z,8.174,21.3,1,Broome,3.6,DAMPIER_202009_DNE,7,July,13.4,20.0,23.0
2020-07-27T08:00:00Z,7.615,21.3,1.8,Broome,6.48,DAMPIER_202009_DNE,7,July,13.4,20.0,23.0
2020-07-27T09:00:00Z,6.573,21.4,1.3,Broome,4.680000000000001,DAMPIER_202009_DNE,7,July,13.4,20.0,23.0
2020-07-27T10:00:00Z,5.419,21.4,3.3,Broome,11.879999999999999,DAMPIER_202009_DNE,7,July,13.4,20.0,23.0
2020-07-27T11:00:00Z,4.259,21.4,5.5,Broome,19.8,DAMPIER_202009_DNE,7,July,13.4,20.0,23.0
2020-07-27T12:00:00Z,3.25,21.4,4.8,Broome,17.28,DAMPIER_202009_DNE,7,July,13.4,20.0,23.0
2020-07-27T13:00:00Z,2.69,21.4,5.3,Broome,19.08,DAMPIER_202009_DNE,7,July,13.4,20.0,23.0
2020-07-27T14:00:00Z,2.905,21.3,3.8,Broome,13.68,DAMPIER_202009_DNE,7,July,13.4,20.0,23.0
2020-07-27T15:00:00Z,3.862,21.3,3.7,Broome,13.32,DAMPIER_202009_DNE,7,July,13.4,20.0,23.0
2020-07-27T16:00:00Z,5.11,21.3,6.5,Broome,23.400000000000002,DAMPIER_202009_DNE,7,July,13.4,20.0,23.0
2020-07-27T17:00:00Z,6.386,21.3,6.5,Broome,23.400000000000002,DAMPIER_202009_DNE,7,July,13.4,20.0,23.0
2020-07-27T18:00:00Z,7.51,21.3,6.6,Broome,23.759999999999998,DAMPIER_202009_DNE,7,July,13.4,20.0,23.0
2020-07-27T19:00:00Z,8.169,21.2,6.4,Broome,23.040000000000003,DAMPIER_202009_DNE,7,July,13.4,20.0,23.0
2020-07-27T20:00:00Z,8.006,21.2,6.6,Broome,23.759999999999998,DAMPIER_202009_DNE,7,July,13.4,20.0,23.0
2020-07-27T21:00:00Z,7.175,21.2,6.6,Broome,23.759999999999998,DAMPIER_202009_DNE,7,July,13.4,20.0,23.0
2020-07-27T22:00:00Z,6.091,21.2,6.7,Broome,24.12,DAMPIER_202009_DNE,7,July,13.4,20.0,23.0
2020-07-27T23:00:00Z,4.949,21.1,5.4,Broome,19.44,DAMPIER_202009_DNE,7,July,13.4,20.0,23.0
2020-07-28T00:00:00Z,3.955,21,3.6,Broome,12.96,DAMPIER_202009_DNE,7,July,13.4,20.0,23.0
2020-07-28T01:00:00Z,3.163,21,5.7,Broome,20.52,DAMPIER_202009_DNE,7,July,13.4,20.0,23.0
2020-07-28T02:00:00Z,2.946,20.8,4.6,Broome,16.56,DAMPIER_202009_DNE,7,July,13.4,20.0,23.0
2020-07-28T03:00:00Z,3.572,20.8,5.5,Broome,19.8,DAMPIER_202009_DNE,7,July,13.4,20.0,23.0
2020-07-28T04:00:00Z,4.587,21,5.7,Broome,20.52,DAMPIER_202009_DNE,7,July,13.4,20.0,23.0
2020-07-28T05:00:00Z,5.633,21.1,3.5,Broome,12.6,DAMPIER_202009_DNE,7,July,13.4,20.0,23.0
2020-07-28T06:00:00Z,6.615,21.1,2.9,Broome,10.44,DAMPIER_202009_DNE,7,July,13.4,20.0,23.0
2020-07-28T07:00:00Z,7.343,21.2,2.4,Broome,8.64,DAMPIER_202009_DNE,7,July,13.4,20.0,23.0
2020-07-28T08:00:00Z,7.507,21.2,2.3,Broome,8.28,DAMPIER_202009_DNE,7,July,13.4,20.0,23.0
2020-07-28T09:00:00Z,6.996,21.2,3.6,Broome,12.96,DAMPIER_202009_DNE,7,July,13.4,20.0,23.0
2020-07-28T10:00:00Z,6.139,21.3,2.9,Broome,10.44,DAMPIER_202009_DNE,7,July,13.4,20.0,23.0
2020-07-28T11:00:00Z,5.212,21.4,6.1,Broome,21.96,DAMPIER_202009_DNE,7,July,13.4,20.0,23.0
2020-07-28T12:00:00Z,4.286,21.3,2.3,Broome,8.28,DAMPIER_202009_DNE,7,July,13.4,20.0,23.0
2020-07-28T13:00:00Z,3.57,21.3,1.1,Broome,3.9600000000000004,DAMPIER_202009_DNE,7,July,13.4,20.0,23.0
2020-07-28T14:00:00Z,3.266,21.3,1.2,Broome,4.32,DAMPIER_202009_DNE,7,July,13.4,20.0,23.0
2020-07-28T15:00:00Z,3.604,21.3,2.5,Broome,9,DAMPIER_202009_DNE,7,July,13.4,20.0,23.0
2020-07-28T16:00:00Z,4.488,21.3,2.6,Broome,9.360000000000001,DAMPIER_202009_DNE,7,July,13.4,20.0,23.0
2020-07-28T17:00:00Z,5.535,21.3,3.6,Broome,12.96,DAMPIER_202009_DNE,7,July,13.4,20.0,23.0
2020-07-28T18:00:00Z,6.518,21.2,2.7,Broome,9.72,DAMPIER_202009_DNE,7,July,13.4,20.0,23.0
2020-07-28T19:00:00Z,7.341,21.2,2.5,Broome,9,DAMPIER_202009_DNE,7,July,13.4,20.0,23.0
2020-07-28T20:00:00Z,7.77,21.2,4.8,Broome,17.28,DAMPIER_202009_DNE,7,July,13.4,20.0,23.0
2020-07-28T21:00:00Z,7.539,21.2,4.1,Broome,14.76,DAMPIER_202009_DNE,7,July,13.4,20.0,23.0
2020-07-28T22:00:00Z,6.807,21.1,3.8,Broome,13.68,DAMPIER_202009_DNE,7,July,13.4,20.0,23.0
2020-07-28T23:00:00Z,5.957,21.1,5.3,Broome,19.08,DAMPIER_202009_DNE,7,July,13.4,20.0,23.0
2020-07-29T00:00:00Z,5.077,21.1,7.6,Broome,27.36,DAMPIER_202009_DNE,7,July,13.4,20.0,23.0
2020-07-29T01:00:00Z,4.223,21,7.5,Broome,27,DAMPIER_202009_DNE,7,July,13.4,20.0,23.0
2020-07-29T02:00:00Z,3.62,20.9,7.7,Broome,27.720000000000002,DAMPIER_202009_DNE,7,July,13.4,20.0,23.0
2020-07-29T03:00:00Z,3.515,20.9,6.8,Broome,24.48,DAMPIER_202009_DNE,7,July,13.4,20.0,23.0
2020-07-29T04:00:00Z,3.939,20.9,5.5,Broome,19.8,DAMPIER_202009_DNE,7,July,13.4,20.0,23.0
2020-07-29T05:00:00Z,4.646,21,3.7,Broome,13.32,DAMPIER_202009_DNE,7,July,13.4,20.0,23.0
2020-07-29T06:00:00Z,5.404,21.1,2.8,Broome,10.08,DAMPIER_202009_DNE,7,July,13.4,20.0,23.0
2020-07-29T07:00:00Z,6.18,21.1,2.9,Broome,10.44,DAMPIER_202009_DNE,7,July,13.4,20.0,23.0
2020-07-29T08:00:00Z,6.768,21.1,3.5,Broome,12.6,DAMPIER_202009_DNE,7,July,13.4,20.0,23.0
2020-07-29T09:00:00Z,6.919,21.2,1.7,Broome,6.12,DAMPIER_202009_DNE,7,July,13.4,20.0,23.0
2020-07-29T10:00:00Z,6.612,21.2,2.9,Broome,10.44,DAMPIER_202009_DNE,7,July,13.4,20.0,23.0
2020-07-29T11:00:00Z,6.002,21.2,2.7,Broome,9.72,DAMPIER_202009_DNE,7,July,13.4,20.0,23.0
2020-07-29T12:00:00Z,5.257,21.2,0.9,Broome,3.24,DAMPIER_202009_DNE,7,July,13.4,20.0,23.0
2020-07-29T13:00:00Z,4.58,21.2,0.5,Broome,1.8,DAMPIER_202009_DNE,7,July,13.4,20.0,23.0
2020-07-29T14:00:00Z,4.093,21.3,2.9,Broome,10.44,DAMPIER_202009_DNE,7,July,13.4,20.0,23.0
2020-07-29T15:00:00Z,3.927,21.3,1.8,Broome,6.48,DAMPIER_202009_DNE,7,July,13.4,20.0,23.0
2020-07-29T16:00:00Z,4.185,21.2,2.2,Broome,7.920000000000001,DAMPIER_202009_DNE,7,July,13.4,20.0,23.0
2020-07-29T17:00:00Z,4.776,21.2,0.5,Broome,1.8,DAMPIER_202009_DNE,7,July,13.4,20.0,23.0
2020-07-29T18:00:00Z,5.513,21.2,2.6,Broome,9.360000000000001,DAMPIER_202009_DNE,7,July,13.4,20.0,23.0
2020-07-29T19:00:00Z,6.278,21.2,3.3,Broome,11.879999999999999,DAMPIER_202009_DNE,7,July,13.4,20.0,23.0
2020-07-29T20:00:00Z,6.924,21.2,2.3,Broome,8.28,DAMPIER_202009_DNE,7,July,13.4,20.0,23.0
2020-07-29T21:00:00Z,7.283,21.2,3.5,Broome,12.6,DAMPIER_202009_DNE,7,July,13.4,20.0,23.0
2020-07-29T22:00:00Z,7.225,21.1,3.8,Broome,13.68,DAMPIER_202009_DNE,7,July,13.4,20.0,23.0
2020-07-29T23:00:00Z,6.778,21.1,4,Broome,14.4,DAMPIER_202009_DNE,7,July,13.4,20.0,23.0
2020-07-30T00:00:00Z,6.113,21.1,5,Broome,18,DAMPIER_202009_DNE,7,July,13.4,20.0,23.0
2020-07-30T01:00:00Z,5.341,21.1,7,Broome,25.2,DAMPIER_202009_DNE,7,July,13.4,20.0,23.0
2020-07-30T02:00:00Z,4.635,21.1,5.3,Broome,19.08,DAMPIER_202009_DNE,7,July,13.4,20.0,23.0
2020-07-30T03:00:00Z,4.11,21.1,5.8,Broome,20.88,DAMPIER_202009_DNE,7,July,13.4,20.0,23.0
2020-07-30T04:00:00Z,3.854,21.1,5.8,Broome,20.88,DAMPIER_202009_DNE,7,July,13.4,20.0,23.0
2020-07-30T05:00:00Z,3.945,21.1,2.9,Broome,10.44,DAMPIER_202009_DNE,7,July,13.4,20.0,23.0
2020-07-30T06:00:00Z,4.336,21.1,3.5,Broome,12.6,DAMPIER_202009_DNE,7,July,13.4,20.0,23.0
2020-07-30T07:00:00Z,4.923,21.1,3.3,Broome,11.879999999999999,DAMPIER_202009_DNE,7,July,13.4,20.0,23.0
2020-07-30T08:00:00Z,5.637,21.2,4.7,Broome,16.92,DAMPIER_202009_DNE,7,July,13.4,20.0,23.0
2020-07-30T09:00:00Z,6.234,21.2,6.9,Broome,24.840000000000003,DAMPIER_202009_DNE,7,July,13.4,20.0,23.0
2020-07-30T10:00:00Z,6.532,21.2,6,Broome,21.6,DAMPIER_202009_DNE,7,July,13.4,20.0,23.0
2020-07-30T11:00:00Z,6.503,21.2,5.4,Broome,19.44,DAMPIER_202009_DNE,7,July,13.4,20.0,23.0
2020-07-30T12:00:00Z,6.178,21.2,3.3,Broome,11.879999999999999,DAMPIER_202009_DNE,7,July,13.4,20.0,23.0
2020-07-30T13:00:00Z,5.679,21.2,3.4,Broome,12.24,DAMPIER_202009_DNE,7,July,13.4,20.0,23.0
2020-07-30T14:00:00Z,5.127,21.2,3,Broome,10.8,DAMPIER_202009_DNE,7,July,13.4,20.0,23.0
2020-07-30T15:00:00Z,4.657,21.1,3,Broome,10.8,DAMPIER_202009_DNE,7,July,13.4,20.0,23.0
2020-07-30T16:00:00Z,4.367,21.1,2.3,Broome,8.28,DAMPIER_202009_DNE,7,July,13.4,20.0,23.0
2020-07-30T17:00:00Z,4.318,21.1,2.6,Broome,9.360000000000001,DAMPIER_202009_DNE,7,July,13.4,20.0,23.0
2020-07-30T18:00:00Z,4.586,21.1,3,Broome,10.8,DAMPIER_202009_DNE,7,July,13.4,20.0,23.0
2020-07-30T19:00:00Z,5.164,21.1,2.2,Broome,7.920000000000001,DAMPIER_202009_DNE,7,July,13.4,20.0,23.0
2020-07-30T20:00:00Z,5.893,21.1,2.3,Broome,8.28,DAMPIER_202009_DNE,7,July,13.4,20.0,23.0
2020-07-30T21:00:00Z,6.562,21.2,2.3,Broome,8.28,DAMPIER_202009_DNE,7,July,13.4,20.0,23.0
2020-07-30T22:00:00Z,6.986,21.1,3.1,Broome,11.16,DAMPIER_202009_DNE,7,July,13.4,20.0,23.0
2020-07-30T23:00:00Z,7.131,21.2,4.1,Broome,14.76,DAMPIER_202009_DNE,7,July,13.4,20.0,23.0
2020-07-31T00:00:00Z,7.005,21.2,3.9,Broome,14.04,DAMPIER_202009_DNE,7,July,13.4,20.0,23.0
2020-07-31T01:00:00Z,6.505,21.1,4.2,Broome,15.120000000000001,DAMPIER_202009_DNE,7,July,13.4,20.0,23.0
2020-07-31T02:00:00Z,5.784,21.1,5.6,Broome,20.16,DAMPIER_202009_DNE,7,July,13.4,20.0,23.0
2020-07-31T03:00:00Z,5.067,21.1,6.4,Broome,23.040000000000003,DAMPIER_202009_DNE,7,July,13.4,20.0,23.0
2020-07-31T04:00:00Z,4.381,21.1,4.5,Broome,16.2,DAMPIER_202009_DNE,7,July,13.4,20.0,23.0
2020-07-31T05:00:00Z,3.8,21.2,4,Broome,14.4,DAMPIER_202009_DNE,7,July,13.4,20.0,23.0
2020-07-31T06:00:00Z,3.533,21.3,4.5,Broome,16.2,DAMPIER_202009_DNE,7,July,13.4,20.0,23.0
2020-07-31T07:00:00Z,3.766,21.3,3.5,Broome,12.6,DAMPIER_202009_DNE,7,July,13.4,20.0,23.0
2020-07-31T08:00:00Z,4.445,21.2,6.4,Broome,23.040000000000003,DAMPIER_202009_DNE,7,July,13.4,20.0,23.0
2020-07-31T09:00:00Z,5.175,21.2,5.5,Broome,19.8,DAMPIER_202009_DNE,7,July,13.4,20.0,23.0
2020-07-31T10:00:00Z,5.832,21.2,4,Broome,14.4,DAMPIER_202009_DNE,7,July,13.4,20.0,23.0
2020-07-31T11:00:00Z,6.396,21.2,4.7,Broome,16.92,DAMPIER_202009_DNE,7,July,13.4,20.0,23.0
2020-07-31T12:00:00Z,6.712,21.2,5.5,Broome,19.8,DAMPIER_202009_DNE,7,July,13.4,20.0,23.0
2020-07-31T13:00:00Z,6.636,21.2,4.7,Broome,16.92,DAMPIER_202009_DNE,7,July,13.4,20.0,23.0
2020-07-31T14:00:00Z,6.23,21.3,2.6,Broome,9.360000000000001,DAMPIER_202009_DNE,7,July,13.4,20.0,23.0
2020-07-31T15:00:00Z,5.634,21.2,1.7,Broome,6.12,DAMPIER_202009_DNE,7,July,13.4,20.0,23.0
2020-07-31T16:00:00Z,5.007,21.2,2.5,Broome,9,DAMPIER_202009_DNE,7,July,13.4,20.0,23.0
2020-07-31T17:00:00Z,4.472,21.2,1.4,Broome,5.04,DAMPIER_202009_DNE,7,July,13.4,20.0,23.0
2020-07-31T18:00:00Z,4.129,21.1,1.3,Broome,4.680000000000001,DAMPIER_202009_DNE,7,July,13.4,20.0,23.0
2020-07-31T19:00:00Z,4.154,21.1,1.4,Broome,5.04,DAMPIER_202009_DNE,7,July,13.4,20.0,23.0
2020-07-31T20:00:00Z,4.646,21.2,1.2,Broome,4.32,DAMPIER_202009_DNE,7,July,13.4,20.0,23.0
2020-07-31T21:00:00Z,5.428,21.2,1.8,Broome,6.48,DAMPIER_202009_DNE,7,July,13.4,20.0,23.0
2020-07-31T22:00:00Z,6.227,21.2,3,Broome,10.8,DAMPIER_202009_DNE,7,July,13.4,20.0,23.0
2020-07-31T23:00:00Z,6.932,21.2,3.9,Broome,14.04,DAMPIER_202009_DNE,7,July,13.4,20.0,23.0
2020-08-01T00:00:00Z,7.428,21.2,2.1,Broome,7.5600000000000005,DAMPIER_202009_DNE,8,August,5.0,19.9,24.0
2020-08-01T01:00:00Z,7.483,21.2,2.3,Broome,8.28,DAMPIER_202009_DNE,8,August,5.0,19.9,24.0
2020-08-01T02:00:00Z,7.066,21.2,1,Broome,3.6,DAMPIER_202009_DNE,8,August,5.0,19.9,24.0
2020-08-01T03:00:00Z,6.359,21.2,0.3,Broome,1.08,DAMPIER_202009_DNE,8,August,5.0,19.9,24.0
2020-08-01T04:00:00Z,5.375,21.2,4.4,Broome,15.840000000000002,DAMPIER_202009_DNE,8,August,5.0,19.9,24.0
2020-08-01T05:00:00Z,4.34,21.3,3.8,Broome,13.68,DAMPIER_202009_DNE,8,August,5.0,19.9,24.0
2020-08-01T06:00:00Z,3.486,21.4,4.8,Broome,17.28,DAMPIER_202009_DNE,8,August,5.0,19.9,24.0
2020-08-01T07:00:00Z,3.027,21.5,5.7,Broome,20.52,DAMPIER_202009_DNE,8,August,5.0,19.9,24.0
2020-08-01T08:00:00Z,3.229,21.4,5.8,Broome,20.88,DAMPIER_202009_DNE,8,August,5.0,19.9,24.0
2020-08-01T09:00:00Z,3.943,21.3,4.9,Broome,17.64,DAMPIER_202009_DNE,8,August,5.0,19.9,24.0
2020-08-01T10:00:00Z,4.83,21.4,2,Broome,7.2,DAMPIER_202009_DNE,8,August,5.0,19.9,24.0
2020-08-01T11:00:00Z,5.81,21.5,0.8,Broome,2.8800000000000003,DAMPIER_202009_DNE,8,August,5.0,19.9,24.0
2020-08-01T12:00:00Z,6.694,21.4,0.5,Broome,1.8,DAMPIER_202009_DNE,8,August,5.0,19.9,24.0
2020-08-01T13:00:00Z,7.227,21.4,1.1,Broome,3.9600000000000004,DAMPIER_202009_DNE,8,August,5.0,19.9,24.0
2020-08-01T14:00:00Z,7.227,21.4,1.4,Broome,5.04,DAMPIER_202009_DNE,8,August,5.0,19.9,24.0
2020-08-01T15:00:00Z,6.743,21.4,1.1,Broome,3.9600000000000004,DAMPIER_202009_DNE,8,August,5.0,19.9,24.0
2020-08-01T16:00:00Z,5.953,21.4,0.9,Broome,3.24,DAMPIER_202009_DNE,8,August,5.0,19.9,24.0
2020-08-01T17:00:00Z,5.039,21.4,0.6,Broome,2.16,DAMPIER_202009_DNE,8,August,5.0,19.9,24.0
2020-08-01T18:00:00Z,4.195,21.4,0.7,Broome,2.52,DAMPIER_202009_DNE,8,August,5.0,19.9,24.0
2020-08-01T19:00:00Z,3.663,21.3,0.2,Broome,0.7200000000000001,DAMPIER_202009_DNE,8,August,5.0,19.9,24.0
2020-08-01T20:00:00Z,3.631,21.3,2.7,Broome,9.72,DAMPIER_202009_DNE,8,August,5.0,19.9,24.0
2020-08-01T21:00:00Z,4.188,21.3,1.6,Broome,5.760000000000001,DAMPIER_202009_DNE,8,August,5.0,19.9,24.0
2020-08-01T22:00:00Z,5.151,21.3,3.2,Broome,11.520000000000001,DAMPIER_202009_DNE,8,August,5.0,19.9,24.0
2020-08-01T23:00:00Z,6.254,21.3,2.5,Broome,9,DAMPIER_202009_DNE,8,August,5.0,19.9,24.0
2020-08-02T00:00:00Z,7.288,21.3,2,Broome,7.2,DAMPIER_202009_DNE,8,August,5.0,19.9,24.0
2020-08-02T01:00:00Z,7.95,21.4,1.5,Broome,5.4,DAMPIER_202009_DNE,8,August,5.0,19.9,24.0
2020-08-02T02:00:00Z,8.025,21.4,0.7,Broome,2.52,DAMPIER_202009_DNE,8,August,5.0,19.9,24.0
2020-08-02T03:00:00Z,7.483,21.4,0.4,Broome,1.4400000000000002,DAMPIER_202009_DNE,8,August,5.0,19.9,24.0
2020-08-02T04:00:00Z,6.493,21.4,2.3,Broome,8.28,DAMPIER_202009_DNE,8,August,5.0,19.9,24.0
2020-08-02T05:00:00Z,5.29,21.5,3.7,Broome,13.32,DAMPIER_202009_DNE,8,August,5.0,19.9,24.0
2020-08-02T06:00:00Z,4.076,21.6,4.1,Broome,14.76,DAMPIER_202009_DNE,8,August,5.0,19.9,24.0
2020-08-02T07:00:00Z,3.039,-9999,4.8,Broome,17.28,DAMPIER_202009_DNE,8,August,5.0,19.9,24.0
2020-08-02T08:00:00Z,2.524,-9999,4.5,Broome,16.2,DAMPIER_202009_DNE,8,August,5.0,19.9,24.0
2020-08-02T09:00:00Z,2.805,-9999,4.4,Broome,15.840000000000002,DAMPIER_202009_DNE,8,August,5.0,19.9,24.0
2020-08-02T10:00:00Z,3.688,-9999,3.6,Broome,12.96,DAMPIER_202009_DNE,8,August,5.0,19.9,24.0
2020-08-02T11:00:00Z,4.85,-9999,3.9,Broome,14.04,DAMPIER_202009_DNE,8,August,5.0,19.9,24.0
2020-08-02T12:00:00Z,6.119,-9999,4.1,Broome,14.76,DAMPIER_202009_DNE,8,August,5.0,19.9,24.0
2020-08-02T13:00:00Z,7.234,-9999,4.2,Broome,15.120000000000001,DAMPIER_202009_DNE,8,August,5.0,19.9,24.0
2020-08-02T14:00:00Z,7.86,-9999,3.7,Broome,13.32,DAMPIER_202009_DNE,8,August,5.0,19.9,24.0
2020-08-02T15:00:00Z,7.733,-9999,3,Broome,10.8,DAMPIER_202009_DNE,8,August,5.0,19.9,24.0
2020-08-02T16:00:00Z,6.997,-9999,1.6,Broome,5.760000000000001,DAMPIER_202009_DNE,8,August,5.0,19.9,24.0
2020-08-02T17:00:00Z,5.974,-9999,1.5,Broome,5.4,DAMPIER_202009_DNE,8,August,5.0,19.9,24.0
2020-08-02T18:00:00Z,4.831,-9999,2.2,Broome,7.920000000000001,DAMPIER_202009_DNE,8,August,5.0,19.9,24.0
2020-08-02T19:00:00Z,3.788,-9999,1.7,Broome,6.12,DAMPIER_202009_DNE,8,August,5.0,19.9,24.0
2020-08-02T20:00:00Z,3.089,-9999,1.5,Broome,5.4,DAMPIER_202009_DNE,8,August,5.0,19.9,24.0
2020-08-02T21:00:00Z,3.066,-9999,1.8,Broome,6.48,DAMPIER_202009_DNE,8,August,5.0,19.9,24.0
2020-08-02T22:00:00Z,3.891,-9999,0.3,Broome,1.08,DAMPIER_202009_DNE,8,August,5.0,19.9,24.0
2020-08-02T23:00:00Z,5.192,-9999,1,Broome,3.6,DAMPIER_202009_DNE,8,August,5.0,19.9,24.0
2020-08-03T00:00:00Z,6.601,-9999,1.4,Broome,5.04,DAMPIER_202009_DNE,8,August,5.0,19.9,24.0
2020-08-03T01:00:00Z,7.797,-9999,1.9,Broome,6.84,DAMPIER_202009_DNE,8,August,5.0,19.9,24.0
2020-08-03T02:00:00Z,8.521,-9999,1.2,Broome,4.32,DAMPIER_202009_DNE,8,August,5.0,19.9,24.0
2020-08-03T03:00:00Z,8.459,-9999,0.9,Broome,3.24,DAMPIER_202009_DNE,8,August,5.0,19.9,24.0
2020-08-03T04:00:00Z,7.621,-9999,3.8,Broome,13.68,DAMPIER_202009_DNE,8,August,5.0,19.9,24.0
2020-08-03T05:00:00Z,6.385,-9999,4,Broome,14.4,DAMPIER_202009_DNE,8,August,5.0,19.9,24.0
2020-08-03T06:00:00Z,4.989,-9999,4.6,Broome,16.56,DAMPIER_202009_DNE,8,August,5.0,19.9,24.0
2020-08-03T07:00:00Z,3.602,-9999,5.7,Broome,20.52,DAMPIER_202009_DNE,8,August,5.0,19.9,24.0
2020-08-03T08:00:00Z,2.492,-9999,5,Broome,18,DAMPIER_202009_DNE,8,August,5.0,19.9,24.0
2020-08-03T09:00:00Z,2.005,-9999,4.6,Broome,16.56,DAMPIER_202009_DNE,8,August,5.0,19.9,24.0
2020-08-03T10:00:00Z,2.535,-9999,3.6,Broome,12.96,DAMPIER_202009_DNE,8,August,5.0,19.9,24.0
2020-08-03T11:00:00Z,3.772,-9999,3,Broome,10.8,DAMPIER_202009_DNE,8,August,5.0,19.9,24.0
2020-08-03T12:00:00Z,5.221,-9999,2.3,Broome,8.28,DAMPIER_202009_DNE,8,August,5.0,19.9,24.0
2020-08-03T13:00:00Z,6.709,-9999,2,Broome,7.2,DAMPIER_202009_DNE,8,August,5.0,19.9,24.0
2020-08-03T14:00:00Z,7.94,-9999,2.1,Broome,7.5600000000000005,DAMPIER_202009_DNE,8,August,5.0,19.9,24.0
2020-08-03T15:00:00Z,8.428,-9999,2.3,Broome,8.28,DAMPIER_202009_DNE,8,August,5.0,19.9,24.0
2020-08-03T16:00:00Z,7.918,-9999,2.4,Broome,8.64,DAMPIER_202009_DNE,8,August,5.0,19.9,24.0
2020-08-03T17:00:00Z,6.87,-9999,2.6,Broome,9.360000000000001,DAMPIER_202009_DNE,8,August,5.0,19.9,24.0
2020-08-03T18:00:00Z,5.632,-9999,2.5,Broome,9,DAMPIER_202009_DNE,8,August,5.0,19.9,24.0
2020-08-03T19:00:00Z,4.323,-9999,2.2,Broome,7.920000000000001,DAMPIER_202009_DNE,8,August,5.0,19.9,24.0
2020-08-03T20:00:00Z,3.173,-9999,2.1,Broome,7.5600000000000005,DAMPIER_202009_DNE,8,August,5.0,19.9,24.0
2020-08-03T21:00:00Z,2.486,-9999,2.6,Broome,9.360000000000001,DAMPIER_202009_DNE,8,August,5.0,19.9,24.0
2020-08-03T22:00:00Z,2.758,-9999,2.9,Broome,10.44,DAMPIER_202009_DNE,8,August,5.0,19.9,24.0
2020-08-03T23:00:00Z,3.971,-9999,2.4,Broome,8.64,DAMPIER_202009_DNE,8,August,5.0,19.9,24.0
2020-08-04T00:00:00Z,5.548,-9999,2.5,Broome,9,DAMPIER_202009_DNE,8,August,5.0,19.9,24.0
2020-08-04T01:00:00Z,7.1,-9999,1.8,Broome,6.48,DAMPIER_202009_DNE,8,August,5.0,19.9,24.0
2020-08-04T02:00:00Z,8.401,-9999,1.3,Broome,4.680000000000001,DAMPIER_202009_DNE,8,August,5.0,19.9,24.0
2020-08-04T03:00:00Z,9.04,-9999,4.6,Broome,16.56,DAMPIER_202009_DNE,8,August,5.0,19.9,24.0
2020-08-04T04:00:00Z,8.607,-9999,4.8,Broome,17.28,DAMPIER_202009_DNE,8,August,5.0,19.9,24.0
2020-08-04T05:00:00Z,7.405,-9999,5.4,Broome,19.44,DAMPIER_202009_DNE,8,August,5.0,19.9,24.0
2020-08-04T06:00:00Z,5.944,-9999,4.9,Broome,17.64,DAMPIER_202009_DNE,8,August,5.0,19.9,24.0
2020-08-04T07:00:00Z,4.396,-9999,4.9,Broome,17.64,DAMPIER_202009_DNE,8,August,5.0,19.9,24.0
2020-08-04T08:00:00Z,2.955,-9999,3.6,Broome,12.96,DAMPIER_202009_DNE,8,August,5.0,19.9,24.0
2020-08-04T09:00:00Z,1.881,-9999,3,Broome,10.8,DAMPIER_202009_DNE,8,August,5.0,19.9,24.0
2020-08-04T10:00:00Z,1.71,-9999,3.1,Broome,11.16,DAMPIER_202009_DNE,8,August,5.0,19.9,24.0
2020-08-04T11:00:00Z,2.697,-9999,2.6,Broome,9.360000000000001,DAMPIER_202009_DNE,8,August,5.0,19.9,24.0
2020-08-04T12:00:00Z,4.193,-9999,3.1,Broome,11.16,DAMPIER_202009_DNE,8,August,5.0,19.9,24.0
2020-08-04T13:00:00Z,5.813,-9999,2.1,Broome,7.5600000000000005,DAMPIER_202009_DNE,8,August,5.0,19.9,24.0
2020-08-04T14:00:00Z,7.401,-9999,2.6,Broome,9.360000000000001,DAMPIER_202009_DNE,8,August,5.0,19.9,24.0
2020-08-04T15:00:00Z,8.581,-9999,1.5,Broome,5.4,DAMPIER_202009_DNE,8,August,5.0,19.9,24.0
2020-08-04T16:00:00Z,8.713,-9999,2.2,Broome,7.920000000000001,DAMPIER_202009_DNE,8,August,5.0,19.9,24.0
2020-08-04T17:00:00Z,7.801,-9999,3.9,Broome,14.04,DAMPIER_202009_DNE,8,August,5.0,19.9,24.0
2020-08-04T18:00:00Z,6.527,-9999,4.3,Broome,15.48,DAMPIER_202009_DNE,8,August,5.0,19.9,24.0
2020-08-04T19:00:00Z,5.126,-9999,3.9,Broome,14.04,DAMPIER_202009_DNE,8,August,5.0,19.9,24.0
2020-08-04T20:00:00Z,3.706,-9999,5.4,Broome,19.44,DAMPIER_202009_DNE,8,August,5.0,19.9,24.0
2020-08-04T21:00:00Z,2.534,-9999,6,Broome,21.6,DAMPIER_202009_DNE,8,August,5.0,19.9,24.0
2020-08-04T22:00:00Z,2.074,-9999,5.4,Broome,19.44,DAMPIER_202009_DNE,8,August,5.0,19.9,24.0
2020-08-04T23:00:00Z,2.82,22,4.7,Broome,16.92,DAMPIER_202009_DNE,8,August,5.0,19.9,24.0
2020-08-05T00:00:00Z,4.381,21.9,4.8,Broome,17.28,DAMPIER_202009_DNE,8,August,5.0,19.9,24.0
2020-08-05T01:00:00Z,6.096,21.9,4.2,Broome,15.120000000000001,DAMPIER_202009_DNE,8,August,5.0,19.9,24.0
2020-08-05T02:00:00Z,7.741,21.9,5.9,Broome,21.240000000000002,DAMPIER_202009_DNE,8,August,5.0,19.9,24.0
2020-08-05T03:00:00Z,8.938,21.9,5.4,Broome,19.44,DAMPIER_202009_DNE,8,August,5.0,19.9,24.0
2020-08-05T04:00:00Z,9.126,21.9,5.4,Broome,19.44,DAMPIER_202009_DNE,8,August,5.0,19.9,24.0
2020-08-05T05:00:00Z,8.24,22,5.6,Broome,20.16,DAMPIER_202009_DNE,8,August,5.0,19.9,24.0
2020-08-05T06:00:00Z,6.836,22.1,5.2,Broome,18.720000000000002,DAMPIER_202009_DNE,8,August,5.0,19.9,24.0
2020-08-05T07:00:00Z,5.277,22.1,4.7,Broome,16.92,DAMPIER_202009_DNE,8,August,5.0,19.9,24.0
2020-08-05T08:00:00Z,3.693,22.3,4.7,Broome,16.92,DAMPIER_202009_DNE,8,August,5.0,19.9,24.0
2020-08-05T09:00:00Z,2.27,22.5,4.2,Broome,15.120000000000001,DAMPIER_202009_DNE,8,August,5.0,19.9,24.0
2020-08-05T10:00:00Z,1.416,22.5,5,Broome,18,DAMPIER_202009_DNE,8,August,5.0,19.9,24.0
2020-08-05T11:00:00Z,1.831,22.6,6.3,Broome,22.68,DAMPIER_202009_DNE,8,August,5.0,19.9,24.0
2020-08-05T12:00:00Z,3.25,22.2,5.6,Broome,20.16,DAMPIER_202009_DNE,8,August,5.0,19.9,24.0
2020-08-05T13:00:00Z,4.908,22.1,4.8,Broome,17.28,DAMPIER_202009_DNE,8,August,5.0,19.9,24.0
2020-08-05T14:00:00Z,6.621,22.1,5.5,Broome,19.8,DAMPIER_202009_DNE,8,August,5.0,19.9,24.0
2020-08-05T15:00:00Z,8.153,22,3.9,Broome,14.04,DAMPIER_202009_DNE,8,August,5.0,19.9,24.0
2020-08-05T16:00:00Z,8.939,22,6.6,Broome,23.759999999999998,DAMPIER_202009_DNE,8,August,5.0,19.9,24.0
2020-08-05T17:00:00Z,8.491,22,8.4,Broome,30.240000000000002,DAMPIER_202009_DNE,8,August,5.0,19.9,24.0
2020-08-05T18:00:00Z,7.277,22,8.6,Broome,30.96,DAMPIER_202009_DNE,8,August,5.0,19.9,24.0
2020-08-05T19:00:00Z,5.884,22,7.9,Broome,28.44,DAMPIER_202009_DNE,8,August,5.0,19.9,24.0
2020-08-05T20:00:00Z,4.363,21.9,6.7,Broome,24.12,DAMPIER_202009_DNE,8,August,5.0,19.9,24.0
2020-08-05T21:00:00Z,2.938,21.9,4.3,Broome,15.48,DAMPIER_202009_DNE,8,August,5.0,19.9,24.0
2020-08-05T22:00:00Z,1.927,22,7.7,Broome,27.720000000000002,DAMPIER_202009_DNE,8,August,5.0,19.9,24.0
2020-08-05T23:00:00Z,1.935,21.8,11.5,Broome,41.4,DAMPIER_202009_DNE,8,August,5.0,19.9,24.0
2020-08-06T00:00:00Z,3.132,21.9,11.8,Broome,42.480000000000004,DAMPIER_202009_DNE,8,August,5.0,19.9,24.0
2020-08-06T01:00:00Z,4.795,21.8,11.9,Broome,42.84,DAMPIER_202009_DNE,8,August,5.0,19.9,24.0
2020-08-06T02:00:00Z,6.561,21.9,9.3,Broome,33.480000000000004,DAMPIER_202009_DNE,8,August,5.0,19.9,24.0
2020-08-06T03:00:00Z,8.205,21.9,7,Broome,25.2,DAMPIER_202009_DNE,8,August,5.0,19.9,24.0
2020-08-06T04:00:00Z,9.146,21.9,5.5,Broome,19.8,DAMPIER_202009_DNE,8,August,5.0,19.9,24.0
2020-08-06T05:00:00Z,8.821,21.9,3.7,Broome,13.32,DAMPIER_202009_DNE,8,August,5.0,19.9,24.0
2020-08-06T06:00:00Z,7.544,22,1.2,Broome,4.32,DAMPIER_202009_DNE,8,August,5.0,19.9,24.0
2020-08-06T07:00:00Z,6.027,22,3.2,Broome,11.520000000000001,DAMPIER_202009_DNE,8,August,5.0,19.9,24.0
2020-08-06T08:00:00Z,4.424,22.1,3.6,Broome,12.96,DAMPIER_202009_DNE,8,August,5.0,19.9,24.0
2020-08-06T09:00:00Z,2.863,22.2,4.6,Broome,16.56,DAMPIER_202009_DNE,8,August,5.0,19.9,24.0
2020-08-06T10:00:00Z,1.647,22.2,4.4,Broome,15.840000000000002,DAMPIER_202009_DNE,8,August,5.0,19.9,24.0
2020-08-06T11:00:00Z,1.349,22.2,5.3,Broome,19.08,DAMPIER_202009_DNE,8,August,5.0,19.9,24.0
2020-08-06T12:00:00Z,2.372,22.2,7,Broome,25.2,DAMPIER_202009_DNE,8,August,5.0,19.9,24.0
2020-08-06T13:00:00Z,4.041,22,9,Broome,32.4,DAMPIER_202009_DNE,8,August,5.0,19.9,24.0
2020-08-06T14:00:00Z,5.767,22,10.2,Broome,36.72,DAMPIER_202009_DNE,8,August,5.0,19.9,24.0
2020-08-06T15:00:00Z,7.405,21.9,9.8,Broome,35.28,DAMPIER_202009_DNE,8,August,5.0,19.9,24.0
2020-08-06T16:00:00Z,8.618,21.9,9.1,Broome,32.76,DAMPIER_202009_DNE,8,August,5.0,19.9,24.0
2020-08-06T17:00:00Z,8.795,21.9,9,Broome,32.4,DAMPIER_202009_DNE,8,August,5.0,19.9,24.0
2020-08-06T18:00:00Z,7.855,21.9,9,Broome,32.4,DAMPIER_202009_DNE,8,August,5.0,19.9,24.0
2020-08-06T19:00:00Z,6.511,21.8,5.9,Broome,21.240000000000002,DAMPIER_202009_DNE,8,August,5.0,19.9,24.0
2020-08-06T20:00:00Z,5.059,21.8,4.6,Broome,16.56,DAMPIER_202009_DNE,8,August,5.0,19.9,24.0
2020-08-06T21:00:00Z,3.558,21.7,4,Broome,14.4,DAMPIER_202009_DNE,8,August,5.0,19.9,24.0
2020-08-06T22:00:00Z,2.276,21.6,4,Broome,14.4,DAMPIER_202009_DNE,8,August,5.0,19.9,24.0
2020-08-06T23:00:00Z,1.715,21.4,5.6,Broome,20.16,DAMPIER_202009_DNE,8,August,5.0,19.9,24.0
2020-08-07T00:00:00Z,2.457,21.4,5.3,Broome,19.08,DAMPIER_202009_DNE,8,August,5.0,19.9,24.0
2020-08-07T01:00:00Z,4.01,21.6,7.6,Broome,27.36,DAMPIER_202009_DNE,8,August,5.0,19.9,24.0
2020-08-07T02:00:00Z,5.73,21.7,10,Broome,36,DAMPIER_202009_DNE,8,August,5.0,19.9,24.0
2020-08-07T03:00:00Z,7.428,21.7,10.3,Broome,37.080000000000005,DAMPIER_202009_DNE,8,August,5.0,19.9,24.0
2020-08-07T04:00:00Z,8.721,21.7,7,Broome,25.2,DAMPIER_202009_DNE,8,August,5.0,19.9,24.0
2020-08-07T05:00:00Z,9.018,21.8,4.7,Broome,16.92,DAMPIER_202009_DNE,8,August,5.0,19.9,24.0
2020-08-07T06:00:00Z,8.152,21.9,3.4,Broome,12.24,DAMPIER_202009_DNE,8,August,5.0,19.9,24.0
2020-08-07T07:00:00Z,6.73,21.9,1.6,Broome,5.760000000000001,DAMPIER_202009_DNE,8,August,5.0,19.9,24.0
2020-08-07T08:00:00Z,5.224,21.9,2.3,Broome,8.28,DAMPIER_202009_DNE,8,August,5.0,19.9,24.0
2020-08-07T09:00:00Z,3.622,21.9,3.2,Broome,11.520000000000001,DAMPIER_202009_DNE,8,August,5.0,19.9,24.0
2020-08-07T10:00:00Z,2.259,21.9,3.2,Broome,11.520000000000001,DAMPIER_202009_DNE,8,August,5.0,19.9,24.0
2020-08-07T11:00:00Z,1.512,21.9,1.5,Broome,5.4,DAMPIER_202009_DNE,8,August,5.0,19.9,24.0
2020-08-07T12:00:00Z,1.935,21.9,5.4,Broome,19.44,DAMPIER_202009_DNE,8,August,5.0,19.9,24.0
2020-08-07T13:00:00Z,3.384,21.9,7.8,Broome,28.08,DAMPIER_202009_DNE,8,August,5.0,19.9,24.0
2020-08-07T14:00:00Z,5.083,21.9,7.6,Broome,27.36,DAMPIER_202009_DNE,8,August,5.0,19.9,24.0
2020-08-07T15:00:00Z,6.75,21.8,8.4,Broome,30.240000000000002,DAMPIER_202009_DNE,8,August,5.0,19.9,24.0
2020-08-07T16:00:00Z,8.164,21.8,9,Broome,32.4,DAMPIER_202009_DNE,8,August,5.0,19.9,24.0
2020-08-07T17:00:00Z,8.82,21.8,8.8,Broome,31.680000000000003,DAMPIER_202009_DNE,8,August,5.0,19.9,24.0
2020-08-07T18:00:00Z,8.336,21.8,9.6,Broome,34.56,DAMPIER_202009_DNE,8,August,5.0,19.9,24.0
2020-08-07T19:00:00Z,7.13,21.7,10.2,Broome,36.72,DAMPIER_202009_DNE,8,August,5.0,19.9,24.0
2020-08-07T20:00:00Z,5.744,21.6,10.4,Broome,37.440000000000005,DAMPIER_202009_DNE,8,August,5.0,19.9,24.0
2020-08-07T21:00:00Z,4.26,21.5,7.8,Broome,28.08,DAMPIER_202009_DNE,8,August,5.0,19.9,24.0
2020-08-07T22:00:00Z,2.873,21.3,7.2,Broome,25.92,DAMPIER_202009_DNE,8,August,5.0,19.9,24.0
2020-08-07T23:00:00Z,1.913,21.1,6.3,Broome,22.68,DAMPIER_202009_DNE,8,August,5.0,19.9,24.0
2020-08-08T00:00:00Z,2.036,20.8,5.8,Broome,20.88,DAMPIER_202009_DNE,8,August,5.0,19.9,24.0
2020-08-08T01:00:00Z,3.292,21.4,10.1,Broome,36.36,DAMPIER_202009_DNE,8,August,5.0,19.9,24.0
2020-08-08T02:00:00Z,4.906,21.5,8.4,Broome,30.240000000000002,DAMPIER_202009_DNE,8,August,5.0,19.9,24.0
2020-08-08T03:00:00Z,6.559,21.5,6.9,Broome,24.840000000000003,DAMPIER_202009_DNE,8,August,5.0,19.9,24.0
2020-08-08T04:00:00Z,8.03,21.6,6,Broome,21.6,DAMPIER_202009_DNE,8,August,5.0,19.9,24.0
2020-08-08T05:00:00Z,8.811,21.6,3,Broome,10.8,DAMPIER_202009_DNE,8,August,5.0,19.9,24.0
2020-08-08T06:00:00Z,8.495,21.7,3.3,Broome,11.879999999999999,DAMPIER_202009_DNE,8,August,5.0,19.9,24.0
2020-08-08T07:00:00Z,7.303,21.8,2.7,Broome,9.72,DAMPIER_202009_DNE,8,August,5.0,19.9,24.0
2020-08-08T08:00:00Z,5.872,21.8,2.7,Broome,9.72,DAMPIER_202009_DNE,8,August,5.0,19.9,24.0
2020-08-08T09:00:00Z,4.403,21.8,3.3,Broome,11.879999999999999,DAMPIER_202009_DNE,8,August,5.0,19.9,24.0
2020-08-08T10:00:00Z,2.998,21.8,2.3,Broome,8.28,DAMPIER_202009_DNE,8,August,5.0,19.9,24.0
2020-08-08T11:00:00Z,1.988,21.8,2.5,Broome,9,DAMPIER_202009_DNE,8,August,5.0,19.9,24.0
2020-08-08T12:00:00Z,1.871,21.7,3.8,Broome,13.68,DAMPIER_202009_DNE,8,August,5.0,19.9,24.0
2020-08-08T13:00:00Z,2.893,21.7,1.4,Broome,5.04,DAMPIER_202009_DNE,8,August,5.0,19.9,24.0
2020-08-08T14:00:00Z,4.457,21.7,1.6,Broome,5.760000000000001,DAMPIER_202009_DNE,8,August,5.0,19.9,24.0
2020-08-08T15:00:00Z,6.065,21.7,3,Broome,10.8,DAMPIER_202009_DNE,8,August,5.0,19.9,24.0
2020-08-08T16:00:00Z,7.549,21.7,3.5,Broome,12.6,DAMPIER_202009_DNE,8,August,5.0,19.9,24.0
2020-08-08T17:00:00Z,8.575,21.7,5.5,Broome,19.8,DAMPIER_202009_DNE,8,August,5.0,19.9,24.0
2020-08-08T18:00:00Z,8.614,21.7,5,Broome,18,DAMPIER_202009_DNE,8,August,5.0,19.9,24.0
2020-08-08T19:00:00Z,7.696,21.7,6,Broome,21.6,DAMPIER_202009_DNE,8,August,5.0,19.9,24.0
2020-08-08T20:00:00Z,6.431,21.6,7.7,Broome,27.720000000000002,DAMPIER_202009_DNE,8,August,5.0,19.9,24.0
2020-08-08T21:00:00Z,5.042,21.6,9.3,Broome,33.480000000000004,DAMPIER_202009_DNE,8,August,5.0,19.9,24.0
2020-08-08T22:00:00Z,3.636,21.5,9.2,Broome,33.12,DAMPIER_202009_DNE,8,August,5.0,19.9,24.0
2020-08-08T23:00:00Z,2.521,21.2,7.5,Broome,27,DAMPIER_202009_DNE,8,August,5.0,19.9,24.0
2020-08-09T00:00:00Z,2.141,21.1,6.9,Broome,24.840000000000003,DAMPIER_202009_DNE,8,August,5.0,19.9,24.0
2020-08-09T01:00:00Z,2.866,21.2,7.7,Broome,27.720000000000002,DAMPIER_202009_DNE,8,August,5.0,19.9,24.0
2020-08-09T02:00:00Z,4.303,21.4,5.8,Broome,20.88,DAMPIER_202009_DNE,8,August,5.0,19.9,24.0
2020-08-09T03:00:00Z,5.874,21.5,4.8,Broome,17.28,DAMPIER_202009_DNE,8,August,5.0,19.9,24.0
2020-08-09T04:00:00Z,7.294,21.5,2.4,Broome,8.64,DAMPIER_202009_DNE,8,August,5.0,19.9,24.0
2020-08-09T05:00:00Z,8.328,21.6,4.4,Broome,15.840000000000002,DAMPIER_202009_DNE,8,August,5.0,19.9,24.0
2020-08-09T06:00:00Z,8.521,21.6,3.9,Broome,14.04,DAMPIER_202009_DNE,8,August,5.0,19.9,24.0
2020-08-09T07:00:00Z,7.746,21.7,4.4,Broome,15.840000000000002,DAMPIER_202009_DNE,8,August,5.0,19.9,24.0
2020-08-09T08:00:00Z,6.519,21.8,3.9,Broome,14.04,DAMPIER_202009_DNE,8,August,5.0,19.9,24.0
2020-08-09T09:00:00Z,5.168,21.7,5.5,Broome,19.8,DAMPIER_202009_DNE,8,August,5.0,19.9,24.0
2020-08-09T10:00:00Z,3.797,21.8,4.8,Broome,17.28,DAMPIER_202009_DNE,8,August,5.0,19.9,24.0
2020-08-09T11:00:00Z,2.682,21.8,5.9,Broome,21.240000000000002,DAMPIER_202009_DNE,8,August,5.0,19.9,24.0
2020-08-09T12:00:00Z,2.172,21.8,5.1,Broome,18.36,DAMPIER_202009_DNE,8,August,5.0,19.9,24.0
2020-08-09T13:00:00Z,2.693,21.8,5,Broome,18,DAMPIER_202009_DNE,8,August,5.0,19.9,24.0
2020-08-09T14:00:00Z,3.991,21.7,4.3,Broome,15.48,DAMPIER_202009_DNE,8,August,5.0,19.9,24.0
2020-08-09T15:00:00Z,5.463,21.7,3.4,Broome,12.24,DAMPIER_202009_DNE,8,August,5.0,19.9,24.0
2020-08-09T16:00:00Z,6.899,21.7,3.1,Broome,11.16,DAMPIER_202009_DNE,8,August,5.0,19.9,24.0
2020-08-09T17:00:00Z,8.07,21.7,1.8,Broome,6.48,DAMPIER_202009_DNE,8,August,5.0,19.9,24.0
2020-08-09T18:00:00Z,8.543,21.7,1.4,Broome,5.04,DAMPIER_202009_DNE,8,August,5.0,19.9,24.0
2020-08-09T19:00:00Z,8.034,21.7,0.6,Broome,2.16,DAMPIER_202009_DNE,8,August,5.0,19.9,24.0
2020-08-09T20:00:00Z,6.95,21.7,1.2,Broome,4.32,DAMPIER_202009_DNE,8,August,5.0,19.9,24.0
2020-08-09T21:00:00Z,5.695,21.7,1.3,Broome,4.680000000000001,DAMPIER_202009_DNE,8,August,5.0,19.9,24.0
2020-08-09T22:00:00Z,4.389,21.6,1.4,Broome,5.04,DAMPIER_202009_DNE,8,August,5.0,19.9,24.0
2020-08-09T23:00:00Z,3.259,21.6,1.3,Broome,4.680000000000001,DAMPIER_202009_DNE,8,August,5.0,19.9,24.0
2020-08-10T00:00:00Z,2.603,21.6,1,Broome,3.6,DAMPIER_202009_DNE,8,August,5.0,19.9,24.0
2020-08-10T01:00:00Z,2.853,21.6,2.3,Broome,8.28,DAMPIER_202009_DNE,8,August,5.0,19.9,24.0
2020-08-10T02:00:00Z,3.954,21.6,1.1,Broome,3.9600000000000004,DAMPIER_202009_DNE,8,August,5.0,19.9,24.0
2020-08-10T03:00:00Z,5.263,21.6,1.4,Broome,5.04,DAMPIER_202009_DNE,8,August,5.0,19.9,24.0
2020-08-10T04:00:00Z,6.527,21.7,4.4,Broome,15.840000000000002,DAMPIER_202009_DNE,8,August,5.0,19.9,24.0
2020-08-10T05:00:00Z,7.583,21.7,5.4,Broome,19.44,DAMPIER_202009_DNE,8,August,5.0,19.9,24.0
2020-08-10T06:00:00Z,8.095,21.7,5.2,Broome,18.720000000000002,DAMPIER_202009_DNE,8,August,5.0,19.9,24.0
2020-08-10T07:00:00Z,7.771,21.7,5.5,Broome,19.8,DAMPIER_202009_DNE,8,August,5.0,19.9,24.0
2020-08-10T08:00:00Z,6.848,21.7,5.4,Broome,19.44,DAMPIER_202009_DNE,8,August,5.0,19.9,24.0
2020-08-10T09:00:00Z,5.685,21.8,4.6,Broome,16.56,DAMPIER_202009_DNE,8,August,5.0,19.9,24.0
2020-08-10T10:00:00Z,4.454,21.9,3.8,Broome,13.68,DAMPIER_202009_DNE,8,August,5.0,19.9,24.0
2020-08-10T11:00:00Z,3.41,21.9,2.5,Broome,9,DAMPIER_202009_DNE,8,August,5.0,19.9,24.0
2020-08-10T12:00:00Z,2.766,22,3.2,Broome,11.520000000000001,DAMPIER_202009_DNE,8,August,5.0,19.9,24.0
2020-08-10T13:00:00Z,2.855,22.1,3.5,Broome,12.6,DAMPIER_202009_DNE,8,August,5.0,19.9,24.0
2020-08-10T14:00:00Z,3.75,21.9,3.7,Broome,13.32,DAMPIER_202009_DNE,8,August,5.0,19.9,24.0
2020-08-10T15:00:00Z,4.991,21.9,3.6,Broome,12.96,DAMPIER_202009_DNE,8,August,5.0,19.9,24.0
2020-08-10T16:00:00Z,6.26,21.8,3.2,Broome,11.520000000000001,DAMPIER_202009_DNE,8,August,5.0,19.9,24.0
2020-08-10T17:00:00Z,7.378,21.8,3.1,Broome,11.16,DAMPIER_202009_DNE,8,August,5.0,19.9,24.0
2020-08-10T18:00:00Z,8.089,21.8,3.1,Broome,11.16,DAMPIER_202009_DNE,8,August,5.0,19.9,24.0
2020-08-10T19:00:00Z,8.025,21.8,2.7,Broome,9.72,DAMPIER_202009_DNE,8,August,5.0,19.9,24.0
2020-08-10T20:00:00Z,7.229,21.8,2,Broome,7.2,DAMPIER_202009_DNE,8,August,5.0,19.9,24.0
2020-08-10T21:00:00Z,6.165,21.8,1.1,Broome,3.9600000000000004,DAMPIER_202009_DNE,8,August,5.0,19.9,24.0
2020-08-10T22:00:00Z,5.036,21.8,2.6,Broome,9.360000000000001,DAMPIER_202009_DNE,8,August,5.0,19.9,24.0
2020-08-10T23:00:00Z,3.97,21.9,3.8,Broome,13.68,DAMPIER_202009_DNE,8,August,5.0,19.9,24.0
2020-08-11T00:00:00Z,3.216,22,2,Broome,7.2,DAMPIER_202009_DNE,8,August,5.0,19.9,24.0
2020-08-11T01:00:00Z,3.058,22,1.9,Broome,6.84,DAMPIER_202009_DNE,8,August,5.0,19.9,24.0
2020-08-11T02:00:00Z,3.683,21.9,2.2,Broome,7.920000000000001,DAMPIER_202009_DNE,8,August,5.0,19.9,24.0
2020-08-11T03:00:00Z,4.693,21.9,4.4,Broome,15.840000000000002,DAMPIER_202009_DNE,8,August,5.0,19.9,24.0
2020-08-11T04:00:00Z,5.739,21.9,4.4,Broome,15.840000000000002,DAMPIER_202009_DNE,8,August,5.0,19.9,24.0
2020-08-11T05:00:00Z,6.697,21.9,5.5,Broome,19.8,DAMPIER_202009_DNE,8,August,5.0,19.9,24.0
2020-08-11T06:00:00Z,7.361,21.9,6,Broome,21.6,DAMPIER_202009_DNE,8,August,5.0,19.9,24.0
2020-08-11T07:00:00Z,7.444,21.9,5.4,Broome,19.44,DAMPIER_202009_DNE,8,August,5.0,19.9,24.0
2020-08-11T08:00:00Z,6.904,21.9,5.4,Broome,19.44,DAMPIER_202009_DNE,8,August,5.0,19.9,24.0
2020-08-11T09:00:00Z,5.995,22.1,5.8,Broome,20.88,DAMPIER_202009_DNE,8,August,5.0,19.9,24.0
2020-08-11T10:00:00Z,5.004,22.2,5.1,Broome,18.36,DAMPIER_202009_DNE,8,August,5.0,19.9,24.0
2020-08-11T11:00:00Z,4.082,22.2,4.7,Broome,16.92,DAMPIER_202009_DNE,8,August,5.0,19.9,24.0
2020-08-11T12:00:00Z,3.397,22.4,3.5,Broome,12.6,DAMPIER_202009_DNE,8,August,5.0,19.9,24.0
2020-08-11T13:00:00Z,3.193,22.5,3.7,Broome,13.32,DAMPIER_202009_DNE,8,August,5.0,19.9,24.0
2020-08-11T14:00:00Z,3.675,22.2,2.5,Broome,9,DAMPIER_202009_DNE,8,August,5.0,19.9,24.0
2020-08-11T15:00:00Z,4.634,22,1,Broome,3.6,DAMPIER_202009_DNE,8,August,5.0,19.9,24.0
2020-08-11T16:00:00Z,5.706,21.9,2.6,Broome,9.360000000000001,DAMPIER_202009_DNE,8,August,5.0,19.9,24.0
2020-08-11T17:00:00Z,6.704,21.9,3.2,Broome,11.520000000000001,DAMPIER_202009_DNE,8,August,5.0,19.9,24.0
2020-08-11T18:00:00Z,7.437,21.9,4.2,Broome,15.120000000000001,DAMPIER_202009_DNE,8,August,5.0,19.9,24.0
2020-08-11T19:00:00Z,7.655,21.9,1.9,Broome,6.84,DAMPIER_202009_DNE,8,August,5.0,19.9,24.0
2020-08-11T20:00:00Z,7.251,21.9,1.9,Broome,6.84,DAMPIER_202009_DNE,8,August,5.0,19.9,24.0
2020-08-11T21:00:00Z,6.468,21.9,1.7,Broome,6.12,DAMPIER_202009_DNE,8,August,5.0,19.9,24.0
2020-08-11T22:00:00Z,5.575,21.9,2,Broome,7.2,DAMPIER_202009_DNE,8,August,5.0,19.9,24.0
2020-08-11T23:00:00Z,4.68,21.9,3.5,Broome,12.6,DAMPIER_202009_DNE,8,August,5.0,19.9,24.0
2020-08-12T00:00:00Z,3.942,22,2,Broome,7.2,DAMPIER_202009_DNE,8,August,5.0,19.9,24.0
2020-08-12T01:00:00Z,3.552,22.1,1.5,Broome,5.4,DAMPIER_202009_DNE,8,August,5.0,19.9,24.0
2020-08-12T02:00:00Z,3.759,22.2,0.7,Broome,2.52,DAMPIER_202009_DNE,8,August,5.0,19.9,24.0
2020-08-12T03:00:00Z,4.38,22,3.2,Broome,11.520000000000001,DAMPIER_202009_DNE,8,August,5.0,19.9,24.0
2020-08-12T04:00:00Z,5.135,22,5.3,Broome,19.08,DAMPIER_202009_DNE,8,August,5.0,19.9,24.0
2020-08-12T05:00:00Z,5.865,22,5.2,Broome,18.720000000000002,DAMPIER_202009_DNE,8,August,5.0,19.9,24.0
2020-08-12T06:00:00Z,6.454,22,5.1,Broome,18.36,DAMPIER_202009_DNE,8,August,5.0,19.9,24.0
2020-08-12T07:00:00Z,6.809,22,4.8,Broome,17.28,DAMPIER_202009_DNE,8,August,5.0,19.9,24.0
2020-08-12T08:00:00Z,6.699,22,5.1,Broome,18.36,DAMPIER_202009_DNE,8,August,5.0,19.9,24.0
2020-08-12T09:00:00Z,6.162,22.2,5.4,Broome,19.44,DAMPIER_202009_DNE,8,August,5.0,19.9,24.0
2020-08-12T10:00:00Z,5.446,22.3,4.5,Broome,16.2,DAMPIER_202009_DNE,8,August,5.0,19.9,24.0
2020-08-12T11:00:00Z,4.703,22.4,2.4,Broome,8.64,DAMPIER_202009_DNE,8,August,5.0,19.9,24.0
2020-08-12T12:00:00Z,4.097,22.4,2.8,Broome,10.08,DAMPIER_202009_DNE,8,August,5.0,19.9,24.0
2020-08-12T13:00:00Z,3.809,22.5,3.8,Broome,13.68,DAMPIER_202009_DNE,8,August,5.0,19.9,24.0
2020-08-12T14:00:00Z,3.926,22.4,3.2,Broome,11.520000000000001,DAMPIER_202009_DNE,8,August,5.0,19.9,24.0
2020-08-12T15:00:00Z,4.438,22.1,1.5,Broome,5.4,DAMPIER_202009_DNE,8,August,5.0,19.9,24.0
2020-08-12T16:00:00Z,5.211,22,1.7,Broome,6.12,DAMPIER_202009_DNE,8,August,5.0,19.9,24.0
2020-08-12T17:00:00Z,6.024,22,3.5,Broome,12.6,DAMPIER_202009_DNE,8,August,5.0,19.9,24.0
2020-08-12T18:00:00Z,6.697,22,3.8,Broome,13.68,DAMPIER_202009_DNE,8,August,5.0,19.9,24.0
2020-08-12T19:00:00Z,7.087,22,4.1,Broome,14.76,DAMPIER_202009_DNE,8,August,5.0,19.9,24.0
2020-08-12T20:00:00Z,7.084,21.9,4.9,Broome,17.64,DAMPIER_202009_DNE,8,August,5.0,19.9,24.0
2020-08-12T21:00:00Z,6.691,21.9,5.8,Broome,20.88,DAMPIER_202009_DNE,8,August,5.0,19.9,24.0
2020-08-12T22:00:00Z,6.015,21.9,5.1,Broome,18.36,DAMPIER_202009_DNE,8,August,5.0,19.9,24.0
2020-08-12T23:00:00Z,5.288,22,4.9,Broome,17.64,DAMPIER_202009_DNE,8,August,5.0,19.9,24.0
2020-08-13T00:00:00Z,4.686,21.9,3.9,Broome,14.04,DAMPIER_202009_DNE,8,August,5.0,19.9,24.0
2020-08-13T01:00:00Z,4.243,22,2.4,Broome,8.64,DAMPIER_202009_DNE,8,August,5.0,19.9,24.0
2020-08-13T02:00:00Z,4.094,22.2,1.2,Broome,4.32,DAMPIER_202009_DNE,8,August,5.0,19.9,24.0
2020-08-13T03:00:00Z,4.263,22.3,1.6,Broome,5.760000000000001,DAMPIER_202009_DNE,8,August,5.0,19.9,24.0
2020-08-13T04:00:00Z,4.681,22.1,4.6,Broome,16.56,DAMPIER_202009_DNE,8,August,5.0,19.9,24.0
2020-08-13T05:00:00Z,5.158,22,4.4,Broome,15.840000000000002,DAMPIER_202009_DNE,8,August,5.0,19.9,24.0
2020-08-13T06:00:00Z,5.6,22.1,5.7,Broome,20.52,DAMPIER_202009_DNE,8,August,5.0,19.9,24.0
2020-08-13T07:00:00Z,6.016,22.1,5.8,Broome,20.88,DAMPIER_202009_DNE,8,August,5.0,19.9,24.0
2020-08-13T08:00:00Z,6.258,22.1,6.4,Broome,23.040000000000003,DAMPIER_202009_DNE,8,August,5.0,19.9,24.0
2020-08-13T09:00:00Z,6.135,22.1,5.2,Broome,18.720000000000002,DAMPIER_202009_DNE,8,August,5.0,19.9,24.0
2020-08-13T10:00:00Z,5.721,22.1,4.1,Broome,14.76,DAMPIER_202009_DNE,8,August,5.0,19.9,24.0
2020-08-13T11:00:00Z,5.225,22.1,2.7,Broome,9.72,DAMPIER_202009_DNE,8,August,5.0,19.9,24.0
2020-08-13T12:00:00Z,4.786,22.2,2.3,Broome,8.28,DAMPIER_202009_DNE,8,August,5.0,19.9,24.0
2020-08-13T13:00:00Z,4.478,22.3,3.6,Broome,12.96,DAMPIER_202009_DNE,8,August,5.0,19.9,24.0
2020-08-13T14:00:00Z,4.382,22.4,3.2,Broome,11.520000000000001,DAMPIER_202009_DNE,8,August,5.0,19.9,24.0
2020-08-13T15:00:00Z,4.543,22.3,6.7,Broome,24.12,DAMPIER_202009_DNE,8,August,5.0,19.9,24.0
2020-08-13T16:00:00Z,4.907,22.2,6.2,Broome,22.32,DAMPIER_202009_DNE,8,August,5.0,19.9,24.0
2020-08-13T17:00:00Z,5.377,22.1,6.3,Broome,22.68,DAMPIER_202009_DNE,8,August,5.0,19.9,24.0
2020-08-13T18:00:00Z,5.862,22.1,8.9,Broome,32.04,DAMPIER_202009_DNE,8,August,5.0,19.9,24.0
2020-08-13T19:00:00Z,6.28,22.1,9,Broome,32.4,DAMPIER_202009_DNE,8,August,5.0,19.9,24.0
2020-08-13T20:00:00Z,6.531,22.1,6.7,Broome,24.12,DAMPIER_202009_DNE,8,August,5.0,19.9,24.0
2020-08-13T21:00:00Z,6.494,22,4,Broome,14.4,DAMPIER_202009_DNE,8,August,5.0,19.9,24.0
2020-08-13T22:00:00Z,6.2,22,2.9,Broome,10.44,DAMPIER_202009_DNE,8,August,5.0,19.9,24.0
2020-08-13T23:00:00Z,5.8,22,3.3,Broome,11.879999999999999,DAMPIER_202009_DNE,8,August,5.0,19.9,24.0
2020-08-14T00:00:00Z,5.352,21.9,5.5,Broome,19.8,DAMPIER_202009_DNE,8,August,5.0,19.9,24.0
2020-08-14T01:00:00Z,4.926,21.9,4.1,Broome,14.76,DAMPIER_202009_DNE,8,August,5.0,19.9,24.0
2020-08-14T02:00:00Z,4.635,21.9,2,Broome,7.2,DAMPIER_202009_DNE,8,August,5.0,19.9,24.0
2020-08-14T03:00:00Z,4.543,21.9,2.4,Broome,8.64,DAMPIER_202009_DNE,8,August,5.0,19.9,24.0
2020-08-14T04:00:00Z,4.546,22.1,1.9,Broome,6.84,DAMPIER_202009_DNE,8,August,5.0,19.9,24.0
2020-08-14T05:00:00Z,4.588,22.1,3.9,Broome,14.04,DAMPIER_202009_DNE,8,August,5.0,19.9,24.0
2020-08-14T06:00:00Z,4.838,22.1,4.7,Broome,16.92,DAMPIER_202009_DNE,8,August,5.0,19.9,24.0
2020-08-14T07:00:00Z,5.165,22.1,5,Broome,18,DAMPIER_202009_DNE,8,August,5.0,19.9,24.0
2020-08-14T08:00:00Z,5.446,22.1,4.6,Broome,16.56,DAMPIER_202009_DNE,8,August,5.0,19.9,24.0
2020-08-14T09:00:00Z,5.695,22.1,5.1,Broome,18.36,DAMPIER_202009_DNE,8,August,5.0,19.9,24.0
2020-08-14T10:00:00Z,5.845,22.1,4.1,Broome,14.76,DAMPIER_202009_DNE,8,August,5.0,19.9,24.0
2020-08-14T11:00:00Z,5.77,22.1,4.9,Broome,17.64,DAMPIER_202009_DNE,8,August,5.0,19.9,24.0
2020-08-14T12:00:00Z,5.53,22.2,7.3,Broome,26.28,DAMPIER_202009_DNE,8,August,5.0,19.9,24.0
2020-08-14T13:00:00Z,5.295,22.3,6.3,Broome,22.68,DAMPIER_202009_DNE,8,August,5.0,19.9,24.0
2020-08-14T14:00:00Z,5.1,22.3,6.8,Broome,24.48,DAMPIER_202009_DNE,8,August,5.0,19.9,24.0
2020-08-14T15:00:00Z,4.925,22.4,6.4,Broome,23.040000000000003,DAMPIER_202009_DNE,8,August,5.0,19.9,24.0
2020-08-14T16:00:00Z,4.849,22.4,3.7,Broome,13.32,DAMPIER_202009_DNE,8,August,5.0,19.9,24.0
2020-08-14T17:00:00Z,4.952,22.4,3,Broome,10.8,DAMPIER_202009_DNE,8,August,5.0,19.9,24.0
2020-08-14T18:00:00Z,5.185,22.3,1.5,Broome,5.4,DAMPIER_202009_DNE,8,August,5.0,19.9,24.0
2020-08-14T19:00:00Z,5.494,22.2,0.8,Broome,2.8800000000000003,DAMPIER_202009_DNE,8,August,5.0,19.9,24.0
2020-08-14T20:00:00Z,5.836,22.1,3.2,Broome,11.520000000000001,DAMPIER_202009_DNE,8,August,5.0,19.9,24.0
2020-08-14T21:00:00Z,6.138,22.1,2.3,Broome,8.28,DAMPIER_202009_DNE,8,August,5.0,19.9,24.0
2020-08-14T22:00:00Z,6.325,22.1,3.1,Broome,11.16,DAMPIER_202009_DNE,8,August,5.0,19.9,24.0
2020-08-14T23:00:00Z,6.339,22.1,2.3,Broome,8.28,DAMPIER_202009_DNE,8,August,5.0,19.9,24.0
2020-08-15T00:00:00Z,6.191,22.1,2.6,Broome,9.360000000000001,DAMPIER_202009_DNE,8,August,5.0,19.9,24.0
2020-08-15T01:00:00Z,5.89,22.1,2.6,Broome,9.360000000000001,DAMPIER_202009_DNE,8,August,5.0,19.9,24.0
2020-08-15T02:00:00Z,5.515,22.1,0.8,Broome,2.8800000000000003,DAMPIER_202009_DNE,8,August,5.0,19.9,24.0
2020-08-15T03:00:00Z,5.106,22.2,1.6,Broome,5.760000000000001,DAMPIER_202009_DNE,8,August,5.0,19.9,24.0
2020-08-15T04:00:00Z,4.693,22.3,2.5,Broome,9,DAMPIER_202009_DNE,8,August,5.0,19.9,24.0
2020-08-15T05:00:00Z,4.332,22.5,1.9,Broome,6.84,DAMPIER_202009_DNE,8,August,5.0,19.9,24.0
2020-08-15T06:00:00Z,4.179,22.5,4,Broome,14.4,DAMPIER_202009_DNE,8,August,5.0,19.9,24.0
2020-08-15T07:00:00Z,4.317,22.4,5.5,Broome,19.8,DAMPIER_202009_DNE,8,August,5.0,19.9,24.0
2020-08-15T08:00:00Z,4.638,22.3,5.8,Broome,20.88,DAMPIER_202009_DNE,8,August,5.0,19.9,24.0
2020-08-15T09:00:00Z,5.06,22.2,4.8,Broome,17.28,DAMPIER_202009_DNE,8,August,5.0,19.9,24.0
2020-08-15T10:00:00Z,5.555,22.2,4.8,Broome,17.28,DAMPIER_202009_DNE,8,August,5.0,19.9,24.0
2020-08-15T11:00:00Z,6,22.2,5.2,Broome,18.720000000000002,DAMPIER_202009_DNE,8,August,5.0,19.9,24.0
2020-08-15T12:00:00Z,6.205,22.3,5.3,Broome,19.08,DAMPIER_202009_DNE,8,August,5.0,19.9,24.0
2020-08-15T13:00:00Z,6.142,22.2,5,Broome,18,DAMPIER_202009_DNE,8,August,5.0,19.9,24.0
2020-08-15T14:00:00Z,5.901,22.2,3.4,Broome,12.24,DAMPIER_202009_DNE,8,August,5.0,19.9,24.0
2020-08-15T15:00:00Z,5.535,22.2,2.8,Broome,10.08,DAMPIER_202009_DNE,8,August,5.0,19.9,24.0
2020-08-15T16:00:00Z,5.149,22.2,2.6,Broome,9.360000000000001,DAMPIER_202009_DNE,8,August,5.0,19.9,24.0
2020-08-15T17:00:00Z,4.83,22.3,1.9,Broome,6.84,DAMPIER_202009_DNE,8,August,5.0,19.9,24.0
2020-08-15T18:00:00Z,4.662,22.3,2.2,Broome,7.920000000000001,DAMPIER_202009_DNE,8,August,5.0,19.9,24.0
2020-08-15T19:00:00Z,4.734,22.3,1.7,Broome,6.12,DAMPIER_202009_DNE,8,August,5.0,19.9,24.0
2020-08-15T20:00:00Z,5.06,22.4,0.6,Broome,2.16,DAMPIER_202009_DNE,8,August,5.0,19.9,24.0
2020-08-15T21:00:00Z,5.561,22.3,1,Broome,3.6,DAMPIER_202009_DNE,8,August,5.0,19.9,24.0
2020-08-15T22:00:00Z,6.08,22.2,1.3,Broome,4.680000000000001,DAMPIER_202009_DNE,8,August,5.0,19.9,24.0
2020-08-15T23:00:00Z,6.52,22.2,2.1,Broome,7.5600000000000005,DAMPIER_202009_DNE,8,August,5.0,19.9,24.0
2020-08-16T00:00:00Z,6.77,22.3,1.8,Broome,6.48,DAMPIER_202009_DNE,8,August,5.0,19.9,24.0
2020-08-16T01:00:00Z,6.745,22.3,3.3,Broome,11.879999999999999,DAMPIER_202009_DNE,8,August,5.0,19.9,24.0
2020-08-16T02:00:00Z,6.462,22.3,4.6,Broome,16.56,DAMPIER_202009_DNE,8,August,5.0,19.9,24.0
2020-08-16T03:00:00Z,5.933,22.3,5.2,Broome,18.720000000000002,DAMPIER_202009_DNE,8,August,5.0,19.9,24.0
2020-08-16T04:00:00Z,5.229,22.5,5.4,Broome,19.44,DAMPIER_202009_DNE,8,August,5.0,19.9,24.0
2020-08-16T05:00:00Z,4.475,22.8,5.6,Broome,20.16,DAMPIER_202009_DNE,8,August,5.0,19.9,24.0
2020-08-16T06:00:00Z,3.857,22.9,5.6,Broome,20.16,DAMPIER_202009_DNE,8,August,5.0,19.9,24.0
2020-08-16T07:00:00Z,3.541,22.9,5.5,Broome,19.8,DAMPIER_202009_DNE,8,August,5.0,19.9,24.0
2020-08-16T08:00:00Z,3.637,23,5.2,Broome,18.720000000000002,DAMPIER_202009_DNE,8,August,5.0,19.9,24.0
2020-08-16T09:00:00Z,4.126,22.9,3.6,Broome,12.96,DAMPIER_202009_DNE,8,August,5.0,19.9,24.0
2020-08-16T10:00:00Z,4.874,22.7,3,Broome,10.8,DAMPIER_202009_DNE,8,August,5.0,19.9,24.0
2020-08-16T11:00:00Z,5.686,22.6,3.4,Broome,12.24,DAMPIER_202009_DNE,8,August,5.0,19.9,24.0
2020-08-16T12:00:00Z,6.365,22.8,3.6,Broome,12.96,DAMPIER_202009_DNE,8,August,5.0,19.9,24.0
2020-08-16T13:00:00Z,6.808,22.7,3.6,Broome,12.96,DAMPIER_202009_DNE,8,August,5.0,19.9,24.0
2020-08-16T14:00:00Z,6.86,22.7,3.3,Broome,11.879999999999999,DAMPIER_202009_DNE,8,August,5.0,19.9,24.0
2020-08-16T15:00:00Z,6.415,22.6,3,Broome,10.8,DAMPIER_202009_DNE,8,August,5.0,19.9,24.0
2020-08-16T16:00:00Z,5.717,22.7,3.2,Broome,11.520000000000001,DAMPIER_202009_DNE,8,August,5.0,19.9,24.0
2020-08-16T17:00:00Z,5.026,22.7,2,Broome,7.2,DAMPIER_202009_DNE,8,August,5.0,19.9,24.0
2020-08-16T18:00:00Z,4.43,22.8,3,Broome,10.8,DAMPIER_202009_DNE,8,August,5.0,19.9,24.0
2020-08-16T19:00:00Z,4.051,22.7,4,Broome,14.4,DAMPIER_202009_DNE,8,August,5.0,19.9,24.0
2020-08-16T20:00:00Z,4.046,22.7,5.3,Broome,19.08,DAMPIER_202009_DNE,8,August,5.0,19.9,24.0
2020-08-16T21:00:00Z,4.497,22.9,4.8,Broome,17.28,DAMPIER_202009_DNE,8,August,5.0,19.9,24.0
2020-08-16T22:00:00Z,5.295,22.7,3.7,Broome,13.32,DAMPIER_202009_DNE,8,August,5.0,19.9,24.0
2020-08-16T23:00:00Z,6.197,22.6,2.7,Broome,9.72,DAMPIER_202009_DNE,8,August,5.0,19.9,24.0
2020-08-17T00:00:00Z,6.968,22.7,2.6,Broome,9.360000000000001,DAMPIER_202009_DNE,8,August,5.0,19.9,24.0
2020-08-17T01:00:00Z,7.422,22.6,1.5,Broome,5.4,DAMPIER_202009_DNE,8,August,5.0,19.9,24.0
2020-08-17T02:00:00Z,7.461,22.5,1.1,Broome,3.9600000000000004,DAMPIER_202009_DNE,8,August,5.0,19.9,24.0
2020-08-17T03:00:00Z,7.002,22.6,4,Broome,14.4,DAMPIER_202009_DNE,8,August,5.0,19.9,24.0
2020-08-17T04:00:00Z,6.128,22.8,4.9,Broome,17.64,DAMPIER_202009_DNE,8,August,5.0,19.9,24.0
2020-08-17T05:00:00Z,5.033,22.9,5.1,Broome,18.36,DAMPIER_202009_DNE,8,August,5.0,19.9,24.0
2020-08-17T06:00:00Z,3.963,23.1,5.8,Broome,20.88,DAMPIER_202009_DNE,8,August,5.0,19.9,24.0
2020-08-17T07:00:00Z,3.135,23.2,5.8,Broome,20.88,DAMPIER_202009_DNE,8,August,5.0,19.9,24.0
2020-08-17T08:00:00Z,2.755,23.3,5.3,Broome,19.08,DAMPIER_202009_DNE,8,August,5.0,19.9,24.0
2020-08-17T09:00:00Z,3.059,23.2,4.7,Broome,16.92,DAMPIER_202009_DNE,8,August,5.0,19.9,24.0
2020-08-17T10:00:00Z,3.921,22.9,4.2,Broome,15.120000000000001,DAMPIER_202009_DNE,8,August,5.0,19.9,24.0
2020-08-17T11:00:00Z,5.029,22.9,3.9,Broome,14.04,DAMPIER_202009_DNE,8,August,5.0,19.9,24.0
2020-08-17T12:00:00Z,6.159,22.8,2.9,Broome,10.44,DAMPIER_202009_DNE,8,August,5.0,19.9,24.0
2020-08-17T13:00:00Z,7.099,22.9,3.5,Broome,12.6,DAMPIER_202009_DNE,8,August,5.0,19.9,24.0
2020-08-17T14:00:00Z,7.608,22.8,4.2,Broome,15.120000000000001,DAMPIER_202009_DNE,8,August,5.0,19.9,24.0
2020-08-17T15:00:00Z,7.396,22.8,4,Broome,14.4,DAMPIER_202009_DNE,8,August,5.0,19.9,24.0
2020-08-17T16:00:00Z,6.634,22.8,4.1,Broome,14.76,DAMPIER_202009_DNE,8,August,5.0,19.9,24.0
2020-08-17T17:00:00Z,5.666,22.8,4.7,Broome,16.92,DAMPIER_202009_DNE,8,August,5.0,19.9,24.0
2020-08-17T18:00:00Z,4.624,22.8,4.6,Broome,16.56,DAMPIER_202009_DNE,8,August,5.0,19.9,24.0
2020-08-17T19:00:00Z,3.734,22.9,5.1,Broome,18.36,DAMPIER_202009_DNE,8,August,5.0,19.9,24.0
2020-08-17T20:00:00Z,3.238,23,4.7,Broome,16.92,DAMPIER_202009_DNE,8,August,5.0,19.9,24.0
2020-08-17T21:00:00Z,3.396,23.1,5,Broome,18,DAMPIER_202009_DNE,8,August,5.0,19.9,24.0
2020-08-17T22:00:00Z,4.251,22.9,5.3,Broome,19.08,DAMPIER_202009_DNE,8,August,5.0,19.9,24.0
2020-08-17T23:00:00Z,5.441,22.9,5.5,Broome,19.8,DAMPIER_202009_DNE,8,August,5.0,19.9,24.0
2020-08-18T00:00:00Z,6.64,22.8,5.7,Broome,20.52,DAMPIER_202009_DNE,8,August,5.0,19.9,24.0
2020-08-18T01:00:00Z,7.644,22.8,5.9,Broome,21.240000000000002,DAMPIER_202009_DNE,8,August,5.0,19.9,24.0
2020-08-18T02:00:00Z,8.198,22.7,3.9,Broome,14.04,DAMPIER_202009_DNE,8,August,5.0,19.9,24.0
2020-08-18T03:00:00Z,8.023,22.9,2.5,Broome,9,DAMPIER_202009_DNE,8,August,5.0,19.9,24.0
2020-08-18T04:00:00Z,7.131,23,2.9,Broome,10.44,DAMPIER_202009_DNE,8,August,5.0,19.9,24.0
2020-08-18T05:00:00Z,5.89,23.2,3.8,Broome,13.68,DAMPIER_202009_DNE,8,August,5.0,19.9,24.0
2020-08-18T06:00:00Z,4.574,23.2,4.6,Broome,16.56,DAMPIER_202009_DNE,8,August,5.0,19.9,24.0
2020-08-18T07:00:00Z,3.343,23.6,5.6,Broome,20.16,DAMPIER_202009_DNE,8,August,5.0,19.9,24.0
2020-08-18T08:00:00Z,2.384,23.4,5.7,Broome,20.52,DAMPIER_202009_DNE,8,August,5.0,19.9,24.0
2020-08-18T09:00:00Z,2.086,23.6,4.9,Broome,17.64,DAMPIER_202009_DNE,8,August,5.0,19.9,24.0
2020-08-18T10:00:00Z,2.783,23.4,4,Broome,14.4,DAMPIER_202009_DNE,8,August,5.0,19.9,24.0
2020-08-18T11:00:00Z,4.063,23.1,2.5,Broome,9,DAMPIER_202009_DNE,8,August,5.0,19.9,24.0
2020-08-18T12:00:00Z,5.464,23.1,3,Broome,10.8,DAMPIER_202009_DNE,8,August,5.0,19.9,24.0
2020-08-18T13:00:00Z,6.852,23.1,2.4,Broome,8.64,DAMPIER_202009_DNE,8,August,5.0,19.9,24.0
2020-08-18T14:00:00Z,7.98,23,3.1,Broome,11.16,DAMPIER_202009_DNE,8,August,5.0,19.9,24.0
2020-08-18T15:00:00Z,8.325,22.9,3.8,Broome,13.68,DAMPIER_202009_DNE,8,August,5.0,19.9,24.0
2020-08-18T16:00:00Z,7.658,23,4.1,Broome,14.76,DAMPIER_202009_DNE,8,August,5.0,19.9,24.0
2020-08-18T17:00:00Z,6.528,23,4.7,Broome,16.92,DAMPIER_202009_DNE,8,August,5.0,19.9,24.0
2020-08-18T18:00:00Z,5.253,22.9,4.1,Broome,14.76,DAMPIER_202009_DNE,8,August,5.0,19.9,24.0
2020-08-18T19:00:00Z,3.935,23.1,3.8,Broome,13.68,DAMPIER_202009_DNE,8,August,5.0,19.9,24.0
2020-08-18T20:00:00Z,2.849,23.1,5.5,Broome,19.8,DAMPIER_202009_DNE,8,August,5.0,19.9,24.0
2020-08-18T21:00:00Z,2.368,23.2,4.8,Broome,17.28,DAMPIER_202009_DNE,8,August,5.0,19.9,24.0
2020-08-18T22:00:00Z,2.928,23.3,4.4,Broome,15.840000000000002,DAMPIER_202009_DNE,8,August,5.0,19.9,24.0
2020-08-18T23:00:00Z,4.271,23,6.5,Broome,23.400000000000002,DAMPIER_202009_DNE,8,August,5.0,19.9,24.0
2020-08-19T00:00:00Z,5.801,22.9,5.3,Broome,19.08,DAMPIER_202009_DNE,8,August,5.0,19.9,24.0
2020-08-19T01:00:00Z,7.29,22.8,6.9,Broome,24.840000000000003,DAMPIER_202009_DNE,8,August,5.0,19.9,24.0
2020-08-19T02:00:00Z,8.469,22.9,4.7,Broome,16.92,DAMPIER_202009_DNE,8,August,5.0,19.9,24.0
2020-08-19T03:00:00Z,8.871,22.9,4.1,Broome,14.76,DAMPIER_202009_DNE,8,August,5.0,19.9,24.0
2020-08-19T04:00:00Z,8.207,23,2.5,Broome,9,DAMPIER_202009_DNE,8,August,5.0,19.9,24.0
2020-08-19T05:00:00Z,6.89,23.3,2.7,Broome,9.72,DAMPIER_202009_DNE,8,August,5.0,19.9,24.0
2020-08-19T06:00:00Z,5.373,23.3,3.6,Broome,12.96,DAMPIER_202009_DNE,8,August,5.0,19.9,24.0
2020-08-19T07:00:00Z,3.832,23.6,4.2,Broome,15.120000000000001,DAMPIER_202009_DNE,8,August,5.0,19.9,24.0
2020-08-19T08:00:00Z,2.456,23.8,5.3,Broome,19.08,DAMPIER_202009_DNE,8,August,5.0,19.9,24.0
2020-08-19T09:00:00Z,1.538,23.9,7,Broome,25.2,DAMPIER_202009_DNE,8,August,5.0,19.9,24.0
2020-08-19T10:00:00Z,1.676,23.9,6.1,Broome,21.96,DAMPIER_202009_DNE,8,August,5.0,19.9,24.0
2020-08-19T11:00:00Z,2.922,23.5,5.4,Broome,19.44,DAMPIER_202009_DNE,8,August,5.0,19.9,24.0
2020-08-19T12:00:00Z,4.554,23.3,4.7,Broome,16.92,DAMPIER_202009_DNE,8,August,5.0,19.9,24.0
2020-08-19T13:00:00Z,6.261,23.4,3.1,Broome,11.16,DAMPIER_202009_DNE,8,August,5.0,19.9,24.0
2020-08-19T14:00:00Z,7.839,23.1,3.2,Broome,11.520000000000001,DAMPIER_202009_DNE,8,August,5.0,19.9,24.0
2020-08-19T15:00:00Z,8.797,23.1,2.6,Broome,9.360000000000001,DAMPIER_202009_DNE,8,August,5.0,19.9,24.0
2020-08-19T16:00:00Z,8.583,23.1,4.2,Broome,15.120000000000001,DAMPIER_202009_DNE,8,August,5.0,19.9,24.0
2020-08-19T17:00:00Z,7.477,23.1,3.1,Broome,11.16,DAMPIER_202009_DNE,8,August,5.0,19.9,24.0
2020-08-19T18:00:00Z,6.088,23.1,3.6,Broome,12.96,DAMPIER_202009_DNE,8,August,5.0,19.9,24.0
2020-08-19T19:00:00Z,4.572,23.2,5.4,Broome,19.44,DAMPIER_202009_DNE,8,August,5.0,19.9,24.0
2020-08-19T20:00:00Z,3.116,23.2,4.2,Broome,15.120000000000001,DAMPIER_202009_DNE,8,August,5.0,19.9,24.0
2020-08-19T21:00:00Z,2.009,23.3,5.2,Broome,18.720000000000002,DAMPIER_202009_DNE,8,August,5.0,19.9,24.0
2020-08-19T22:00:00Z,1.816,23.2,6.1,Broome,21.96,DAMPIER_202009_DNE,8,August,5.0,19.9,24.0
2020-08-19T23:00:00Z,2.921,23.2,5.1,Broome,18.36,DAMPIER_202009_DNE,8,August,5.0,19.9,24.0
2020-08-20T00:00:00Z,4.656,23.1,4.5,Broome,16.2,DAMPIER_202009_DNE,8,August,5.0,19.9,24.0
2020-08-20T01:00:00Z,6.471,23.1,4.1,Broome,14.76,DAMPIER_202009_DNE,8,August,5.0,19.9,24.0
2020-08-20T02:00:00Z,8.177,22.9,3.1,Broome,11.16,DAMPIER_202009_DNE,8,August,5.0,19.9,24.0
2020-08-20T03:00:00Z,9.279,23,3.4,Broome,12.24,DAMPIER_202009_DNE,8,August,5.0,19.9,24.0
2020-08-20T04:00:00Z,9.217,23,2,Broome,7.2,DAMPIER_202009_DNE,8,August,5.0,19.9,24.0
2020-08-20T05:00:00Z,8.068,23.2,1.5,Broome,5.4,DAMPIER_202009_DNE,8,August,5.0,19.9,24.0
2020-08-20T06:00:00Z,6.492,23.3,1.7,Broome,6.12,DAMPIER_202009_DNE,8,August,5.0,19.9,24.0
2020-08-20T07:00:00Z,4.815,23.4,2.8,Broome,10.08,DAMPIER_202009_DNE,8,August,5.0,19.9,24.0
2020-08-20T08:00:00Z,3.151,23.8,6.5,Broome,23.400000000000002,DAMPIER_202009_DNE,8,August,5.0,19.9,24.0
2020-08-20T09:00:00Z,1.72,23.8,6.7,Broome,24.12,DAMPIER_202009_DNE,8,August,5.0,19.9,24.0
2020-08-20T10:00:00Z,1.03,23.9,5.9,Broome,21.240000000000002,DAMPIER_202009_DNE,8,August,5.0,19.9,24.0
2020-08-20T11:00:00Z,1.76,23.9,6.5,Broome,23.400000000000002,DAMPIER_202009_DNE,8,August,5.0,19.9,24.0
2020-08-20T12:00:00Z,3.419,23.4,6.7,Broome,24.12,DAMPIER_202009_DNE,8,August,5.0,19.9,24.0
2020-08-20T13:00:00Z,5.289,23.3,5.9,Broome,21.240000000000002,DAMPIER_202009_DNE,8,August,5.0,19.9,24.0
2020-08-20T14:00:00Z,7.197,23.2,6,Broome,21.6,DAMPIER_202009_DNE,8,August,5.0,19.9,24.0
2020-08-20T15:00:00Z,8.765,23.1,7.2,Broome,25.92,DAMPIER_202009_DNE,8,August,5.0,19.9,24.0
2020-08-20T16:00:00Z,9.305,23.1,5.8,Broome,20.88,DAMPIER_202009_DNE,8,August,5.0,19.9,24.0
2020-08-20T17:00:00Z,8.551,23.1,5.1,Broome,18.36,DAMPIER_202009_DNE,8,August,5.0,19.9,24.0
2020-08-20T18:00:00Z,7.147,23.1,5,Broome,18,DAMPIER_202009_DNE,8,August,5.0,19.9,24.0
2020-08-20T19:00:00Z,5.573,23.2,4.6,Broome,16.56,DAMPIER_202009_DNE,8,August,5.0,19.9,24.0
2020-08-20T20:00:00Z,3.88,-9999,2.3,Broome,8.28,DAMPIER_202009_DNE,8,August,5.0,19.9,24.0
2020-08-20T21:00:00Z,2.341,-9999,2.5,Broome,9,DAMPIER_202009_DNE,8,August,5.0,19.9,24.0
2020-08-20T22:00:00Z,1.352,-9999,2.1,Broome,7.5600000000000005,DAMPIER_202009_DNE,8,August,5.0,19.9,24.0
2020-08-20T23:00:00Z,1.707,-9999,3.2,Broome,11.520000000000001,DAMPIER_202009_DNE,8,August,5.0,19.9,24.0
2020-08-21T00:00:00Z,3.335,-9999,2.5,Broome,9,DAMPIER_202009_DNE,8,August,5.0,19.9,24.0
2020-08-21T01:00:00Z,5.303,-9999,4.5,Broome,16.2,DAMPIER_202009_DNE,8,August,5.0,19.9,24.0
2020-08-21T02:00:00Z,7.304,-9999,3,Broome,10.8,DAMPIER_202009_DNE,8,August,5.0,19.9,24.0
2020-08-21T03:00:00Z,8.987,-9999,3.1,Broome,11.16,DAMPIER_202009_DNE,8,August,5.0,19.9,24.0
2020-08-21T04:00:00Z,9.669,-9999,3,Broome,10.8,DAMPIER_202009_DNE,8,August,5.0,19.9,24.0
2020-08-21T05:00:00Z,9.028,-9999,3.7,Broome,13.32,DAMPIER_202009_DNE,8,August,5.0,19.9,24.0
2020-08-21T06:00:00Z,7.531,-9999,3.5,Broome,12.6,DAMPIER_202009_DNE,8,August,5.0,19.9,24.0
2020-08-21T07:00:00Z,5.858,-9999,3.9,Broome,14.04,DAMPIER_202009_DNE,8,August,5.0,19.9,24.0
2020-08-21T08:00:00Z,4.11,-9999,4.2,Broome,15.120000000000001,DAMPIER_202009_DNE,8,August,5.0,19.9,24.0
2020-08-21T09:00:00Z,2.453,-9999,6.6,Broome,23.759999999999998,DAMPIER_202009_DNE,8,August,5.0,19.9,24.0
2020-08-21T10:00:00Z,1.185,-9999,6.4,Broome,23.040000000000003,DAMPIER_202009_DNE,8,August,5.0,19.9,24.0
2020-08-21T11:00:00Z,1.011,-9999,4.9,Broome,17.64,DAMPIER_202009_DNE,8,August,5.0,19.9,24.0
2020-08-21T12:00:00Z,2.28,-9999,5.2,Broome,18.720000000000002,DAMPIER_202009_DNE,8,August,5.0,19.9,24.0
2020-08-21T13:00:00Z,4.182,-9999,3.4,Broome,12.24,DAMPIER_202009_DNE,8,August,5.0,19.9,24.0
2020-08-21T14:00:00Z,6.23,-9999,2.2,Broome,7.920000000000001,DAMPIER_202009_DNE,8,August,5.0,19.9,24.0
2020-08-21T15:00:00Z,8.205,-9999,2.6,Broome,9.360000000000001,DAMPIER_202009_DNE,8,August,5.0,19.9,24.0
2020-08-21T16:00:00Z,9.476,-9999,1.5,Broome,5.4,DAMPIER_202009_DNE,8,August,5.0,19.9,24.0
2020-08-21T17:00:00Z,9.385,-9999,2.5,Broome,9,DAMPIER_202009_DNE,8,August,5.0,19.9,24.0
2020-08-21T18:00:00Z,8.15,-9999,2.3,Broome,8.28,DAMPIER_202009_DNE,8,August,5.0,19.9,24.0
2020-08-21T19:00:00Z,6.575,-9999,2,Broome,7.2,DAMPIER_202009_DNE,8,August,5.0,19.9,24.0
2020-08-21T20:00:00Z,4.866,-9999,3.5,Broome,12.6,DAMPIER_202009_DNE,8,August,5.0,19.9,24.0
2020-08-21T21:00:00Z,3.116,-9999,2.5,Broome,9,DAMPIER_202009_DNE,8,August,5.0,19.9,24.0
2020-08-21T22:00:00Z,1.621,-9999,5.5,Broome,19.8,DAMPIER_202009_DNE,8,August,5.0,19.9,24.0
2020-08-21T23:00:00Z,0.991,-9999,4.5,Broome,16.2,DAMPIER_202009_DNE,8,August,5.0,19.9,24.0
2020-08-22T00:00:00Z,1.99,-9999,3.9,Broome,14.04,DAMPIER_202009_DNE,8,August,5.0,19.9,24.0
2020-08-22T01:00:00Z,3.929,-9999,1.6,Broome,5.760000000000001,DAMPIER_202009_DNE,8,August,5.0,19.9,24.0
2020-08-22T02:00:00Z,5.98,-9999,2.8,Broome,10.08,DAMPIER_202009_DNE,8,August,5.0,19.9,24.0
2020-08-22T03:00:00Z,8.005,-9999,4.2,Broome,15.120000000000001,DAMPIER_202009_DNE,8,August,5.0,19.9,24.0
2020-08-22T04:00:00Z,9.457,-9999,3,Broome,10.8,DAMPIER_202009_DNE,8,August,5.0,19.9,24.0
2020-08-22T05:00:00Z,9.63,-9999,1.6,Broome,5.760000000000001,DAMPIER_202009_DNE,8,August,5.0,19.9,24.0
2020-08-22T06:00:00Z,8.521,-9999,1.6,Broome,5.760000000000001,DAMPIER_202009_DNE,8,August,5.0,19.9,24.0
2020-08-22T07:00:00Z,6.892,-9999,4.3,Broome,15.48,DAMPIER_202009_DNE,8,August,5.0,19.9,24.0
2020-08-22T08:00:00Z,5.171,-9999,6.7,Broome,24.12,DAMPIER_202009_DNE,8,August,5.0,19.9,24.0
2020-08-22T09:00:00Z,3.387,-9999,6,Broome,21.6,DAMPIER_202009_DNE,8,August,5.0,19.9,24.0
2020-08-22T10:00:00Z,1.811,-9999,6.1,Broome,21.96,DAMPIER_202009_DNE,8,August,5.0,19.9,24.0
2020-08-22T11:00:00Z,0.905,-9999,5.7,Broome,20.52,DAMPIER_202009_DNE,8,August,5.0,19.9,24.0
2020-08-22T12:00:00Z,1.446,-9999,5.1,Broome,18.36,DAMPIER_202009_DNE,8,August,5.0,19.9,24.0
2020-08-22T13:00:00Z,3.178,-9999,4.9,Broome,17.64,DAMPIER_202009_DNE,8,August,5.0,19.9,24.0
2020-08-22T14:00:00Z,5.195,-9999,4,Broome,14.4,DAMPIER_202009_DNE,8,August,5.0,19.9,24.0
2020-08-22T15:00:00Z,7.251,-9999,3.1,Broome,11.16,DAMPIER_202009_DNE,8,August,5.0,19.9,24.0
2020-08-22T16:00:00Z,8.992,-9999,2.5,Broome,9,DAMPIER_202009_DNE,8,August,5.0,19.9,24.0
2020-08-22T17:00:00Z,9.708,-9999,1.8,Broome,6.48,DAMPIER_202009_DNE,8,August,5.0,19.9,24.0
2020-08-22T18:00:00Z,9.029,-9999,3.2,Broome,11.520000000000001,DAMPIER_202009_DNE,8,August,5.0,19.9,24.0
2020-08-22T19:00:00Z,7.567,-9999,2.9,Broome,10.44,DAMPIER_202009_DNE,8,August,5.0,19.9,24.0
2020-08-22T20:00:00Z,5.931,-9999,4.8,Broome,17.28,DAMPIER_202009_DNE,8,August,5.0,19.9,24.0
2020-08-22T21:00:00Z,4.156,-9999,2.7,Broome,9.72,DAMPIER_202009_DNE,8,August,5.0,19.9,24.0
2020-08-22T22:00:00Z,2.47,-9999,2.3,Broome,8.28,DAMPIER_202009_DNE,8,August,5.0,19.9,24.0
2020-08-22T23:00:00Z,1.227,-9999,2.8,Broome,10.08,DAMPIER_202009_DNE,8,August,5.0,19.9,24.0
2020-08-23T00:00:00Z,1.275,-9999,2.2,Broome,7.920000000000001,DAMPIER_202009_DNE,8,August,5.0,19.9,24.0
2020-08-23T01:00:00Z,2.762,-9999,3.6,Broome,12.96,DAMPIER_202009_DNE,8,August,5.0,19.9,24.0
2020-08-23T02:00:00Z,4.729,-9999,4.4,Broome,15.840000000000002,DAMPIER_202009_DNE,8,August,5.0,19.9,24.0
2020-08-23T03:00:00Z,6.776,-9999,2.2,Broome,7.920000000000001,DAMPIER_202009_DNE,8,August,5.0,19.9,24.0
2020-08-23T04:00:00Z,8.577,-9999,2.7,Broome,9.72,DAMPIER_202009_DNE,8,August,5.0,19.9,24.0
2020-08-23T05:00:00Z,9.519,-9999,2.3,Broome,8.28,DAMPIER_202009_DNE,8,August,5.0,19.9,24.0
2020-08-23T06:00:00Z,9.148,-9999,6.6,Broome,23.759999999999998,DAMPIER_202009_DNE,8,August,5.0,19.9,24.0
2020-08-23T07:00:00Z,7.812,-9999,4.5,Broome,16.2,DAMPIER_202009_DNE,8,August,5.0,19.9,24.0
2020-08-23T08:00:00Z,6.232,-9999,4.8,Broome,17.28,DAMPIER_202009_DNE,8,August,5.0,19.9,24.0
2020-08-23T09:00:00Z,4.539,-9999,5.8,Broome,20.88,DAMPIER_202009_DNE,8,August,5.0,19.9,24.0
2020-08-23T10:00:00Z,2.863,-9999,4.9,Broome,17.64,DAMPIER_202009_DNE,8,August,5.0,19.9,24.0
2020-08-23T11:00:00Z,1.521,-9999,4.8,Broome,17.28,DAMPIER_202009_DNE,8,August,5.0,19.9,24.0
2020-08-23T12:00:00Z,1.178,-9999,3.8,Broome,13.68,DAMPIER_202009_DNE,8,August,5.0,19.9,24.0
2020-08-23T13:00:00Z,2.342,-9999,4.6,Broome,16.56,DAMPIER_202009_DNE,8,August,5.0,19.9,24.0
2020-08-23T14:00:00Z,4.221,-9999,3.3,Broome,11.879999999999999,DAMPIER_202009_DNE,8,August,5.0,19.9,24.0
2020-08-23T15:00:00Z,6.192,-9999,3.1,Broome,11.16,DAMPIER_202009_DNE,8,August,5.0,19.9,24.0
2020-08-23T16:00:00Z,8.091,-9999,3.7,Broome,13.32,DAMPIER_202009_DNE,8,August,5.0,19.9,24.0
2020-08-23T17:00:00Z,9.403,-9999,3.6,Broome,12.96,DAMPIER_202009_DNE,8,August,5.0,19.9,24.0
2020-08-23T18:00:00Z,9.471,-9999,3.7,Broome,13.32,DAMPIER_202009_DNE,8,August,5.0,19.9,24.0
2020-08-23T19:00:00Z,8.378,-9999,4.5,Broome,16.2,DAMPIER_202009_DNE,8,August,5.0,19.9,24.0
2020-08-23T20:00:00Z,6.877,-9999,5.2,Broome,18.720000000000002,DAMPIER_202009_DNE,8,August,5.0,19.9,24.0
2020-08-23T21:00:00Z,5.253,-9999,0.8,Broome,2.8800000000000003,DAMPIER_202009_DNE,8,August,5.0,19.9,24.0
2020-08-23T22:00:00Z,3.565,-9999,0.9,Broome,3.24,DAMPIER_202009_DNE,8,August,5.0,19.9,24.0
2020-08-23T23:00:00Z,2.093,-9999,2.5,Broome,9,DAMPIER_202009_DNE,8,August,5.0,19.9,24.0
2020-08-24T00:00:00Z,1.351,23.6,3.3,Broome,11.879999999999999,DAMPIER_202009_DNE,8,August,5.0,19.9,24.0
2020-08-24T01:00:00Z,2.039,23.6,4.9,Broome,17.64,DAMPIER_202009_DNE,8,August,5.0,19.9,24.0
2020-08-24T02:00:00Z,3.72,23.4,6,Broome,21.6,DAMPIER_202009_DNE,8,August,5.0,19.9,24.0
2020-08-24T03:00:00Z,5.58,23.4,6.4,Broome,23.040000000000003,DAMPIER_202009_DNE,8,August,5.0,19.9,24.0
2020-08-24T04:00:00Z,7.368,23.4,7,Broome,25.2,DAMPIER_202009_DNE,8,August,5.0,19.9,24.0
2020-08-24T05:00:00Z,8.75,23.5,7.6,Broome,27.36,DAMPIER_202009_DNE,8,August,5.0,19.9,24.0
2020-08-24T06:00:00Z,9.147,23.5,8.4,Broome,30.240000000000002,DAMPIER_202009_DNE,8,August,5.0,19.9,24.0
2020-08-24T07:00:00Z,8.305,23.5,7.9,Broome,28.44,DAMPIER_202009_DNE,8,August,5.0,19.9,24.0
2020-08-24T08:00:00Z,6.903,23.6,6.4,Broome,23.040000000000003,DAMPIER_202009_DNE,8,August,5.0,19.9,24.0
2020-08-24T09:00:00Z,5.441,23.7,6.6,Broome,23.759999999999998,DAMPIER_202009_DNE,8,August,5.0,19.9,24.0
2020-08-24T10:00:00Z,3.926,23.7,5.6,Broome,20.16,DAMPIER_202009_DNE,8,August,5.0,19.9,24.0
2020-08-24T11:00:00Z,2.577,23.9,4,Broome,14.4,DAMPIER_202009_DNE,8,August,5.0,19.9,24.0
2020-08-24T12:00:00Z,1.751,24.2,2.6,Broome,9.360000000000001,DAMPIER_202009_DNE,8,August,5.0,19.9,24.0
2020-08-24T13:00:00Z,2.121,23.9,1.8,Broome,6.48,DAMPIER_202009_DNE,8,August,5.0,19.9,24.0
2020-08-24T14:00:00Z,3.548,23.7,2.5,Broome,9,DAMPIER_202009_DNE,8,August,5.0,19.9,24.0
2020-08-24T15:00:00Z,5.235,23.7,0.8,Broome,2.8800000000000003,DAMPIER_202009_DNE,8,August,5.0,19.9,24.0
2020-08-24T16:00:00Z,6.95,23.7,2.2,Broome,7.920000000000001,DAMPIER_202009_DNE,8,August,5.0,19.9,24.0
2020-08-24T17:00:00Z,8.466,23.6,3.4,Broome,12.24,DAMPIER_202009_DNE,8,August,5.0,19.9,24.0
2020-08-24T18:00:00Z,9.225,23.6,1.3,Broome,4.680000000000001,DAMPIER_202009_DNE,8,August,5.0,19.9,24.0
2020-08-24T19:00:00Z,8.769,23.6,0.2,Broome,0.7200000000000001,DAMPIER_202009_DNE,8,August,5.0,19.9,24.0
2020-08-24T20:00:00Z,7.538,23.6,2.2,Broome,7.920000000000001,DAMPIER_202009_DNE,8,August,5.0,19.9,24.0
2020-08-24T21:00:00Z,6.154,23.6,1.1,Broome,3.9600000000000004,DAMPIER_202009_DNE,8,August,5.0,19.9,24.0
2020-08-24T22:00:00Z,4.642,23.6,1.7,Broome,6.12,DAMPIER_202009_DNE,8,August,5.0,19.9,24.0
2020-08-24T23:00:00Z,3.176,23.7,2.2,Broome,7.920000000000001,DAMPIER_202009_DNE,8,August,5.0,19.9,24.0
2020-08-25T00:00:00Z,2.101,23.8,2.6,Broome,9.360000000000001,DAMPIER_202009_DNE,8,August,5.0,19.9,24.0
2020-08-25T01:00:00Z,1.957,23.9,2,Broome,7.2,DAMPIER_202009_DNE,8,August,5.0,19.9,24.0
2020-08-25T02:00:00Z,2.977,23.7,1.8,Broome,6.48,DAMPIER_202009_DNE,8,August,5.0,19.9,24.0
2020-08-25T03:00:00Z,4.463,23.6,3.1,Broome,11.16,DAMPIER_202009_DNE,8,August,5.0,19.9,24.0
2020-08-25T04:00:00Z,5.969,23.7,3.7,Broome,13.32,DAMPIER_202009_DNE,8,August,5.0,19.9,24.0
2020-08-25T05:00:00Z,7.379,23.7,3.2,Broome,11.520000000000001,DAMPIER_202009_DNE,8,August,5.0,19.9,24.0
2020-08-25T06:00:00Z,8.311,23.7,3.6,Broome,12.96,DAMPIER_202009_DNE,8,August,5.0,19.9,24.0
2020-08-25T07:00:00Z,8.25,23.7,6.3,Broome,22.68,DAMPIER_202009_DNE,8,August,5.0,19.9,24.0
2020-08-25T08:00:00Z,7.277,23.8,5.2,Broome,18.720000000000002,DAMPIER_202009_DNE,8,August,5.0,19.9,24.0
2020-08-25T09:00:00Z,6.055,23.9,6.4,Broome,23.040000000000003,DAMPIER_202009_DNE,8,August,5.0,19.9,24.0
2020-08-25T10:00:00Z,4.803,24,3.8,Broome,13.68,DAMPIER_202009_DNE,8,August,5.0,19.9,24.0
2020-08-25T11:00:00Z,3.603,24.1,1.6,Broome,5.760000000000001,DAMPIER_202009_DNE,8,August,5.0,19.9,24.0
2020-08-25T12:00:00Z,2.694,24.2,1.3,Broome,4.680000000000001,DAMPIER_202009_DNE,8,August,5.0,19.9,24.0
2020-08-25T13:00:00Z,2.467,24.4,1.5,Broome,5.4,DAMPIER_202009_DNE,8,August,5.0,19.9,24.0
2020-08-25T14:00:00Z,3.236,24,1.8,Broome,6.48,DAMPIER_202009_DNE,8,August,5.0,19.9,24.0
2020-08-25T15:00:00Z,4.55,23.8,1.1,Broome,3.9600000000000004,DAMPIER_202009_DNE,8,August,5.0,19.9,24.0
2020-08-25T16:00:00Z,5.963,23.8,0,Broome,0,DAMPIER_202009_DNE,8,August,5.0,19.9,24.0
2020-08-25T17:00:00Z,7.313,23.8,1.1,Broome,3.9600000000000004,DAMPIER_202009_DNE,8,August,5.0,19.9,24.0
2020-08-25T18:00:00Z,8.315,23.7,3.5,Broome,12.6,DAMPIER_202009_DNE,8,August,5.0,19.9,24.0
2020-08-25T19:00:00Z,8.555,23.7,3.9,Broome,14.04,DAMPIER_202009_DNE,8,August,5.0,19.9,24.0
2020-08-25T20:00:00Z,7.886,23.7,4,Broome,14.4,DAMPIER_202009_DNE,8,August,5.0,19.9,24.0
2020-08-25T21:00:00Z,6.773,23.7,4.3,Broome,15.48,DAMPIER_202009_DNE,8,August,5.0,19.9,24.0
2020-08-25T22:00:00Z,5.553,23.7,3.7,Broome,13.32,DAMPIER_202009_DNE,8,August,5.0,19.9,24.0
2020-08-25T23:00:00Z,4.306,23.7,2.4,Broome,8.64,DAMPIER_202009_DNE,8,August,5.0,19.9,24.0
2020-08-26T00:00:00Z,3.225,23.9,2.4,Broome,8.64,DAMPIER_202009_DNE,8,August,5.0,19.9,24.0
2020-08-26T01:00:00Z,2.6,24,1.5,Broome,5.4,DAMPIER_202009_DNE,8,August,5.0,19.9,24.0
2020-08-26T02:00:00Z,2.856,24,1.1,Broome,3.9600000000000004,DAMPIER_202009_DNE,8,August,5.0,19.9,24.0
2020-08-26T03:00:00Z,3.873,23.8,0.1,Broome,0.36000000000000004,DAMPIER_202009_DNE,8,August,5.0,19.9,24.0
2020-08-26T04:00:00Z,4.994,23.8,4.6,Broome,16.56,DAMPIER_202009_DNE,8,August,5.0,19.9,24.0
2020-08-26T05:00:00Z,6.082,23.8,4.8,Broome,17.28,DAMPIER_202009_DNE,8,August,5.0,19.9,24.0
2020-08-26T06:00:00Z,7.042,23.8,5.3,Broome,19.08,DAMPIER_202009_DNE,8,August,5.0,19.9,24.0
2020-08-26T07:00:00Z,7.568,23.8,4.2,Broome,15.120000000000001,DAMPIER_202009_DNE,8,August,5.0,19.9,24.0
2020-08-26T08:00:00Z,7.286,23.8,3.5,Broome,12.6,DAMPIER_202009_DNE,8,August,5.0,19.9,24.0
2020-08-26T09:00:00Z,6.473,23.9,5.8,Broome,20.88,DAMPIER_202009_DNE,8,August,5.0,19.9,24.0
2020-08-26T10:00:00Z,5.515,24,4.8,Broome,17.28,DAMPIER_202009_DNE,8,August,5.0,19.9,24.0
2020-08-26T11:00:00Z,4.547,24.1,1.8,Broome,6.48,DAMPIER_202009_DNE,8,August,5.0,19.9,24.0
2020-08-26T12:00:00Z,3.737,24.2,1.7,Broome,6.12,DAMPIER_202009_DNE,8,August,5.0,19.9,24.0
2020-08-26T13:00:00Z,3.312,24.3,1,Broome,3.6,DAMPIER_202009_DNE,8,August,5.0,19.9,24.0
2020-08-26T14:00:00Z,3.496,24.3,3.2,Broome,11.520000000000001,DAMPIER_202009_DNE,8,August,5.0,19.9,24.0
2020-08-26T15:00:00Z,4.253,-9999,0.2,Broome,0.7200000000000001,DAMPIER_202009_DNE,8,August,5.0,19.9,24.0
2020-08-26T16:00:00Z,5.261,-9999,1.2,Broome,4.32,DAMPIER_202009_DNE,8,August,5.0,19.9,24.0
2020-08-26T17:00:00Z,6.285,-9999,0.7,Broome,2.52,DAMPIER_202009_DNE,8,August,5.0,19.9,24.0
2020-08-26T18:00:00Z,7.174,-9999,1.1,Broome,3.9600000000000004,DAMPIER_202009_DNE,8,August,5.0,19.9,24.0
2020-08-26T19:00:00Z,7.743,-9999,1.9,Broome,6.84,DAMPIER_202009_DNE,8,August,5.0,19.9,24.0
2020-08-26T20:00:00Z,7.729,-9999,2.1,Broome,7.5600000000000005,DAMPIER_202009_DNE,8,August,5.0,19.9,24.0
2020-08-26T21:00:00Z,7.111,-9999,2.2,Broome,7.920000000000001,DAMPIER_202009_DNE,8,August,5.0,19.9,24.0
2020-08-26T22:00:00Z,6.249,-9999,2.1,Broome,7.5600000000000005,DAMPIER_202009_DNE,8,August,5.0,19.9,24.0
2020-08-26T23:00:00Z,5.348,-9999,1.2,Broome,4.32,DAMPIER_202009_DNE,8,August,5.0,19.9,24.0
2020-08-27T00:00:00Z,4.485,-9999,2.2,Broome,7.920000000000001,DAMPIER_202009_DNE,8,August,5.0,19.9,24.0
2020-08-27T01:00:00Z,3.794,-9999,2.6,Broome,9.360000000000001,DAMPIER_202009_DNE,8,August,5.0,19.9,24.0
2020-08-27T02:00:00Z,3.497,-9999,3.1,Broome,11.16,DAMPIER_202009_DNE,8,August,5.0,19.9,24.0
2020-08-27T03:00:00Z,3.803,-9999,3.1,Broome,11.16,DAMPIER_202009_DNE,8,August,5.0,19.9,24.0
2020-08-27T04:00:00Z,4.452,-9999,6.4,Broome,23.040000000000003,DAMPIER_202009_DNE,8,August,5.0,19.9,24.0
2020-08-27T05:00:00Z,5.151,-9999,4.4,Broome,15.840000000000002,DAMPIER_202009_DNE,8,August,5.0,19.9,24.0
2020-08-27T06:00:00Z,5.88,-9999,5.5,Broome,19.8,DAMPIER_202009_DNE,8,August,5.0,19.9,24.0
2020-08-27T07:00:00Z,6.511,-9999,5.8,Broome,20.88,DAMPIER_202009_DNE,8,August,5.0,19.9,24.0
2020-08-27T08:00:00Z,6.778,-9999,6.5,Broome,23.400000000000002,DAMPIER_202009_DNE,8,August,5.0,19.9,24.0
2020-08-27T09:00:00Z,6.566,-9999,4.8,Broome,17.28,DAMPIER_202009_DNE,8,August,5.0,19.9,24.0
2020-08-27T10:00:00Z,6.009,-9999,3,Broome,10.8,DAMPIER_202009_DNE,8,August,5.0,19.9,24.0
2020-08-27T11:00:00Z,5.38,-9999,4.3,Broome,15.48,DAMPIER_202009_DNE,8,August,5.0,19.9,24.0
2020-08-27T12:00:00Z,4.8,-9999,3.7,Broome,13.32,DAMPIER_202009_DNE,8,August,5.0,19.9,24.0
2020-08-27T13:00:00Z,4.388,-9999,4.8,Broome,17.28,DAMPIER_202009_DNE,8,August,5.0,19.9,24.0
2020-08-27T14:00:00Z,4.215,-9999,3.4,Broome,12.24,DAMPIER_202009_DNE,8,August,5.0,19.9,24.0
2020-08-27T15:00:00Z,4.368,-9999,3,Broome,10.8,DAMPIER_202009_DNE,8,August,5.0,19.9,24.0
2020-08-27T16:00:00Z,4.824,-9999,3.5,Broome,12.6,DAMPIER_202009_DNE,8,August,5.0,19.9,24.0
2020-08-27T17:00:00Z,5.434,-9999,3.1,Broome,11.16,DAMPIER_202009_DNE,8,August,5.0,19.9,24.0
2020-08-27T18:00:00Z,6.09,-9999,2.3,Broome,8.28,DAMPIER_202009_DNE,8,August,5.0,19.9,24.0
2020-08-27T19:00:00Z,6.645,-9999,1,Broome,3.6,DAMPIER_202009_DNE,8,August,5.0,19.9,24.0
2020-08-27T20:00:00Z,6.983,-9999,1.3,Broome,4.680000000000001,DAMPIER_202009_DNE,8,August,5.0,19.9,24.0
2020-08-27T21:00:00Z,6.973,-9999,1.6,Broome,5.760000000000001,DAMPIER_202009_DNE,8,August,5.0,19.9,24.0
2020-08-27T22:00:00Z,6.614,-9999,1.3,Broome,4.680000000000001,DAMPIER_202009_DNE,8,August,5.0,19.9,24.0
2020-08-27T23:00:00Z,6.112,-9999,1.5,Broome,5.4,DAMPIER_202009_DNE,8,August,5.0,19.9,24.0
2020-08-28T00:00:00Z,5.548,-9999,2.7,Broome,9.72,DAMPIER_202009_DNE,8,August,5.0,19.9,24.0
2020-08-28T01:00:00Z,4.998,-9999,2.8,Broome,10.08,DAMPIER_202009_DNE,8,August,5.0,19.9,24.0
2020-08-28T02:00:00Z,4.544,-9999,2.7,Broome,9.72,DAMPIER_202009_DNE,8,August,5.0,19.9,24.0
2020-08-28T03:00:00Z,4.265,-9999,2.2,Broome,7.920000000000001,DAMPIER_202009_DNE,8,August,5.0,19.9,24.0
2020-08-28T04:00:00Z,4.226,24.2,7.7,Broome,27.720000000000002,DAMPIER_202009_DNE,8,August,5.0,19.9,24.0
2020-08-28T05:00:00Z,4.406,24.2,5.9,Broome,21.240000000000002,DAMPIER_202009_DNE,8,August,5.0,19.9,24.0
2020-08-28T06:00:00Z,4.808,24.1,5.7,Broome,20.52,DAMPIER_202009_DNE,8,August,5.0,19.9,24.0
2020-08-28T07:00:00Z,5.298,24.1,6,Broome,21.6,DAMPIER_202009_DNE,8,August,5.0,19.9,24.0
2020-08-28T08:00:00Z,5.754,24.1,6.9,Broome,24.840000000000003,DAMPIER_202009_DNE,8,August,5.0,19.9,24.0
2020-08-28T09:00:00Z,6.072,24.1,5,Broome,18,DAMPIER_202009_DNE,8,August,5.0,19.9,24.0
2020-08-28T10:00:00Z,6.163,24.1,5.1,Broome,18.36,DAMPIER_202009_DNE,8,August,5.0,19.9,24.0
2020-08-28T11:00:00Z,5.994,24.1,3.9,Broome,14.04,DAMPIER_202009_DNE,8,August,5.0,19.9,24.0
2020-08-28T12:00:00Z,5.691,24.1,3.4,Broome,12.24,DAMPIER_202009_DNE,8,August,5.0,19.9,24.0
2020-08-28T13:00:00Z,5.405,24.1,4.7,Broome,16.92,DAMPIER_202009_DNE,8,August,5.0,19.9,24.0
2020-08-28T14:00:00Z,5.169,24.1,3.8,Broome,13.68,DAMPIER_202009_DNE,8,August,5.0,19.9,24.0
2020-08-28T15:00:00Z,4.963,24.2,3.5,Broome,12.6,DAMPIER_202009_DNE,8,August,5.0,19.9,24.0
2020-08-28T16:00:00Z,4.829,24.3,5,Broome,18,DAMPIER_202009_DNE,8,August,5.0,19.9,24.0
2020-08-28T17:00:00Z,4.866,24.4,3,Broome,10.8,DAMPIER_202009_DNE,8,August,5.0,19.9,24.0
2020-08-28T18:00:00Z,5.13,24.2,2.1,Broome,7.5600000000000005,DAMPIER_202009_DNE,8,August,5.0,19.9,24.0
2020-08-28T19:00:00Z,5.544,24.2,1.4,Broome,5.04,DAMPIER_202009_DNE,8,August,5.0,19.9,24.0
2020-08-28T20:00:00Z,5.947,24.2,3.4,Broome,12.24,DAMPIER_202009_DNE,8,August,5.0,19.9,24.0
2020-08-28T21:00:00Z,6.265,24.2,1.4,Broome,5.04,DAMPIER_202009_DNE,8,August,5.0,19.9,24.0
2020-08-28T22:00:00Z,6.482,24.2,1.6,Broome,5.760000000000001,DAMPIER_202009_DNE,8,August,5.0,19.9,24.0
2020-08-28T23:00:00Z,6.538,24.1,1.9,Broome,6.84,DAMPIER_202009_DNE,8,August,5.0,19.9,24.0
2020-08-29T00:00:00Z,6.404,24.1,3.4,Broome,12.24,DAMPIER_202009_DNE,8,August,5.0,19.9,24.0
2020-08-29T01:00:00Z,6.125,24.2,3.3,Broome,11.879999999999999,DAMPIER_202009_DNE,8,August,5.0,19.9,24.0
2020-08-29T02:00:00Z,5.746,24.2,3.9,Broome,14.04,DAMPIER_202009_DNE,8,August,5.0,19.9,24.0
2020-08-29T03:00:00Z,5.253,24.2,3.7,Broome,13.32,DAMPIER_202009_DNE,8,August,5.0,19.9,24.0
2020-08-29T04:00:00Z,4.664,24.4,2.2,Broome,7.920000000000001,DAMPIER_202009_DNE,8,August,5.0,19.9,24.0
2020-08-29T05:00:00Z,4.158,24.5,4.1,Broome,14.76,DAMPIER_202009_DNE,8,August,5.0,19.9,24.0
2020-08-29T06:00:00Z,3.946,24.7,2.6,Broome,9.360000000000001,DAMPIER_202009_DNE,8,August,5.0,19.9,24.0
2020-08-29T07:00:00Z,4.165,24.5,6.1,Broome,21.96,DAMPIER_202009_DNE,8,August,5.0,19.9,24.0
2020-08-29T08:00:00Z,4.609,24.3,6.7,Broome,24.12,DAMPIER_202009_DNE,8,August,5.0,19.9,24.0
2020-08-29T09:00:00Z,5.157,24.3,4.5,Broome,16.2,DAMPIER_202009_DNE,8,August,5.0,19.9,24.0
2020-08-29T10:00:00Z,5.692,24.2,2.3,Broome,8.28,DAMPIER_202009_DNE,8,August,5.0,19.9,24.0
2020-08-29T11:00:00Z,6.142,24.3,2.4,Broome,8.64,DAMPIER_202009_DNE,8,August,5.0,19.9,24.0
2020-08-29T12:00:00Z,6.435,24.3,0.5,Broome,1.8,DAMPIER_202009_DNE,8,August,5.0,19.9,24.0
2020-08-29T13:00:00Z,6.48,24.3,0.4,Broome,1.4400000000000002,DAMPIER_202009_DNE,8,August,5.0,19.9,24.0
2020-08-29T14:00:00Z,6.253,24.3,0.2,Broome,0.7200000000000001,DAMPIER_202009_DNE,8,August,5.0,19.9,24.0
2020-08-29T15:00:00Z,5.817,24.3,0.2,Broome,0.7200000000000001,DAMPIER_202009_DNE,8,August,5.0,19.9,24.0
2020-08-29T16:00:00Z,5.322,24.3,0,Broome,0,DAMPIER_202009_DNE,8,August,5.0,19.9,24.0
2020-08-29T17:00:00Z,4.872,24.3,1.3,Broome,4.680000000000001,DAMPIER_202009_DNE,8,August,5.0,19.9,24.0
2020-08-29T18:00:00Z,4.521,24.3,3.5,Broome,12.6,DAMPIER_202009_DNE,8,August,5.0,19.9,24.0
2020-08-29T19:00:00Z,4.468,24.4,2.3,Broome,8.28,DAMPIER_202009_DNE,8,August,5.0,19.9,24.0
2020-08-29T20:00:00Z,4.792,24.4,3.1,Broome,11.16,DAMPIER_202009_DNE,8,August,5.0,19.9,24.0
2020-08-29T21:00:00Z,5.335,24.4,2.6,Broome,9.360000000000001,DAMPIER_202009_DNE,8,August,5.0,19.9,24.0
2020-08-29T22:00:00Z,5.95,24.2,4.1,Broome,14.76,DAMPIER_202009_DNE,8,August,5.0,19.9,24.0
2020-08-29T23:00:00Z,6.52,24.3,5.7,Broome,20.52,DAMPIER_202009_DNE,8,August,5.0,19.9,24.0
2020-08-30T00:00:00Z,6.942,24.3,6,Broome,21.6,DAMPIER_202009_DNE,8,August,5.0,19.9,24.0
2020-08-30T01:00:00Z,7.104,24.3,6.9,Broome,24.840000000000003,DAMPIER_202009_DNE,8,August,5.0,19.9,24.0
2020-08-30T02:00:00Z,6.884,24.3,4.9,Broome,17.64,DAMPIER_202009_DNE,8,August,5.0,19.9,24.0
2020-08-30T03:00:00Z,6.317,24.4,6.7,Broome,24.12,DAMPIER_202009_DNE,8,August,5.0,19.9,24.0
2020-08-30T04:00:00Z,5.524,24.5,7.8,Broome,28.08,DAMPIER_202009_DNE,8,August,5.0,19.9,24.0
2020-08-30T05:00:00Z,4.616,24.5,7.7,Broome,27.720000000000002,DAMPIER_202009_DNE,8,August,5.0,19.9,24.0
2020-08-30T06:00:00Z,3.841,24.6,7.1,Broome,25.56,DAMPIER_202009_DNE,8,August,5.0,19.9,24.0
2020-08-30T07:00:00Z,3.389,24.7,6,Broome,21.6,DAMPIER_202009_DNE,8,August,5.0,19.9,24.0
2020-08-30T08:00:00Z,3.441,24.7,5.2,Broome,18.720000000000002,DAMPIER_202009_DNE,8,August,5.0,19.9,24.0
2020-08-30T09:00:00Z,4.013,24.7,8.1,Broome,29.16,DAMPIER_202009_DNE,8,August,5.0,19.9,24.0
2020-08-30T10:00:00Z,4.852,24.5,5.9,Broome,21.240000000000002,DAMPIER_202009_DNE,8,August,5.0,19.9,24.0
2020-08-30T11:00:00Z,5.747,24.4,4.5,Broome,16.2,DAMPIER_202009_DNE,8,August,5.0,19.9,24.0
2020-08-30T12:00:00Z,6.561,24.6,4.3,Broome,15.48,DAMPIER_202009_DNE,8,August,5.0,19.9,24.0
2020-08-30T13:00:00Z,7.127,24.5,4.4,Broome,15.840000000000002,DAMPIER_202009_DNE,8,August,5.0,19.9,24.0
2020-08-30T14:00:00Z,7.244,24.5,3.9,Broome,14.04,DAMPIER_202009_DNE,8,August,5.0,19.9,24.0
2020-08-30T15:00:00Z,6.863,24.5,3.8,Broome,13.68,DAMPIER_202009_DNE,8,August,5.0,19.9,24.0
2020-08-30T16:00:00Z,6.15,24.5,3,Broome,10.8,DAMPIER_202009_DNE,8,August,5.0,19.9,24.0
2020-08-30T17:00:00Z,5.273,24.5,1.6,Broome,5.760000000000001,DAMPIER_202009_DNE,8,August,5.0,19.9,24.0
2020-08-30T18:00:00Z,4.42,24.5,1.1,Broome,3.9600000000000004,DAMPIER_202009_DNE,8,August,5.0,19.9,24.0
2020-08-30T19:00:00Z,3.814,24.5,2.4,Broome,8.64,DAMPIER_202009_DNE,8,August,5.0,19.9,24.0
2020-08-30T20:00:00Z,3.643,24.6,3.4,Broome,12.24,DAMPIER_202009_DNE,8,August,5.0,19.9,24.0
2020-08-30T21:00:00Z,4.055,24.5,2.7,Broome,9.72,DAMPIER_202009_DNE,8,August,5.0,19.9,24.0
2020-08-30T22:00:00Z,4.945,24.5,3.3,Broome,11.879999999999999,DAMPIER_202009_DNE,8,August,5.0,19.9,24.0
2020-08-30T23:00:00Z,6.01,24.4,2.8,Broome,10.08,DAMPIER_202009_DNE,8,August,5.0,19.9,24.0
2020-08-31T00:00:00Z,6.977,24.4,1.6,Broome,5.760000000000001,DAMPIER_202009_DNE,8,August,5.0,19.9,24.0
2020-08-31T01:00:00Z,7.648,24.4,1.8,Broome,6.48,DAMPIER_202009_DNE,8,August,5.0,19.9,24.0
2020-08-31T02:00:00Z,7.833,24.4,3.2,Broome,11.520000000000001,DAMPIER_202009_DNE,8,August,5.0,19.9,24.0
2020-08-31T03:00:00Z,7.41,24.5,3.5,Broome,12.6,DAMPIER_202009_DNE,8,August,5.0,19.9,24.0
2020-08-31T04:00:00Z,6.491,24.6,6.2,Broome,22.32,DAMPIER_202009_DNE,8,August,5.0,19.9,24.0
2020-08-31T05:00:00Z,5.328,24.6,7.5,Broome,27,DAMPIER_202009_DNE,8,August,5.0,19.9,24.0
2020-08-31T06:00:00Z,4.137,24.8,5.9,Broome,21.240000000000002,DAMPIER_202009_DNE,8,August,5.0,19.9,24.0
2020-08-31T07:00:00Z,3.144,24.9,4.5,Broome,16.2,DAMPIER_202009_DNE,8,August,5.0,19.9,24.0
2020-08-31T08:00:00Z,2.647,25,5.4,Broome,19.44,DAMPIER_202009_DNE,8,August,5.0,19.9,24.0
2020-08-31T09:00:00Z,2.928,25,5.8,Broome,20.88,DAMPIER_202009_DNE,8,August,5.0,19.9,24.0
2020-08-31T10:00:00Z,3.817,24.8,5.7,Broome,20.52,DAMPIER_202009_DNE,8,August,5.0,19.9,24.0
2020-08-31T11:00:00Z,4.994,24.7,4.6,Broome,16.56,DAMPIER_202009_DNE,8,August,5.0,19.9,24.0
2020-08-31T12:00:00Z,6.198,24.7,5.3,Broome,19.08,DAMPIER_202009_DNE,8,August,5.0,19.9,24.0
2020-08-31T13:00:00Z,7.279,24.6,4.8,Broome,17.28,DAMPIER_202009_DNE,8,August,5.0,19.9,24.0
2020-08-31T14:00:00Z,7.947,24.6,4.1,Broome,14.76,DAMPIER_202009_DNE,8,August,5.0,19.9,24.0
2020-08-31T15:00:00Z,7.831,24.6,3.4,Broome,12.24,DAMPIER_202009_DNE,8,August,5.0,19.9,24.0
2020-08-31T16:00:00Z,7.033,24.6,2.1,Broome,7.5600000000000005,DAMPIER_202009_DNE,8,August,5.0,19.9,24.0
2020-08-31T17:00:00Z,5.984,24.5,1.6,Broome,5.760000000000001,DAMPIER_202009_DNE,8,August,5.0,19.9,24.0
2020-08-31T18:00:00Z,4.837,24.5,1.6,Broome,5.760000000000001,DAMPIER_202009_DNE,8,August,5.0,19.9,24.0
2020-08-31T19:00:00Z,3.754,24.6,2.4,Broome,8.64,DAMPIER_202009_DNE,8,August,5.0,19.9,24.0
2020-08-31T20:00:00Z,3.011,24.6,2.3,Broome,8.28,DAMPIER_202009_DNE,8,August,5.0,19.9,24.0
2020-08-31T21:00:00Z,2.975,24.6,1.9,Broome,6.84,DAMPIER_202009_DNE,8,August,5.0,19.9,24.0
2020-08-31T22:00:00Z,3.799,24.5,1,Broome,3.6,DAMPIER_202009_DNE,8,August,5.0,19.9,24.0
2020-08-31T23:00:00Z,5.052,24.5,1.3,Broome,4.680000000000001,DAMPIER_202009_DNE,8,August,5.0,19.9,24.0
2020-09-01T00:00:00Z,6.403,24.5,1.1,Broome,3.9600000000000004,DAMPIER_202009_DNE,9,September,1.4,19.2,26.3
2020-09-01T01:00:00Z,7.643,24.5,1.3,Broome,4.680000000000001,DAMPIER_202009_DNE,9,September,1.4,19.2,26.3
2020-09-01T02:00:00Z,8.415,24.5,1,Broome,3.6,DAMPIER_202009_DNE,9,September,1.4,19.2,26.3
2020-09-01T03:00:00Z,8.399,24.5,3.1,Broome,11.16,DAMPIER_202009_DNE,9,September,1.4,19.2,26.3
2020-09-01T04:00:00Z,7.573,24.6,4.7,Broome,16.92,DAMPIER_202009_DNE,9,September,1.4,19.2,26.3
2020-09-01T05:00:00Z,6.338,24.8,5,Broome,18,DAMPIER_202009_DNE,9,September,1.4,19.2,26.3
2020-09-01T06:00:00Z,4.935,24.8,4.9,Broome,17.64,DAMPIER_202009_DNE,9,September,1.4,19.2,26.3
2020-09-01T07:00:00Z,3.562,24.9,5.2,Broome,18.720000000000002,DAMPIER_202009_DNE,9,September,1.4,19.2,26.3
2020-09-01T08:00:00Z,2.46,25.2,5,Broome,18,DAMPIER_202009_DNE,9,September,1.4,19.2,26.3
2020-09-01T09:00:00Z,2.031,25.2,4.3,Broome,15.48,DAMPIER_202009_DNE,9,September,1.4,19.2,26.3
2020-09-01T10:00:00Z,2.663,-9999,3.1,Broome,11.16,DAMPIER_202009_DNE,9,September,1.4,19.2,26.3
2020-09-01T11:00:00Z,3.999,-9999,2.1,Broome,7.5600000000000005,DAMPIER_202009_DNE,9,September,1.4,19.2,26.3
2020-09-01T12:00:00Z,5.52,-9999,2.2,Broome,7.920000000000001,DAMPIER_202009_DNE,9,September,1.4,19.2,26.3
2020-09-01T13:00:00Z,7.013,-9999,3.1,Broome,11.16,DAMPIER_202009_DNE,9,September,1.4,19.2,26.3
2020-09-01T14:00:00Z,8.186,-9999,2.1,Broome,7.5600000000000005,DAMPIER_202009_DNE,9,September,1.4,19.2,26.3
2020-09-01T15:00:00Z,8.574,-9999,3.1,Broome,11.16,DAMPIER_202009_DNE,9,September,1.4,19.2,26.3
2020-09-01T16:00:00Z,7.967,-9999,3.1,Broome,11.16,DAMPIER_202009_DNE,9,September,1.4,19.2,26.3
2020-09-01T17:00:00Z,6.812,-9999,2.5,Broome,9,DAMPIER_202009_DNE,9,September,1.4,19.2,26.3
2020-09-01T18:00:00Z,5.5,-9999,2.1,Broome,7.5600000000000005,DAMPIER_202009_DNE,9,September,1.4,19.2,26.3
2020-09-01T19:00:00Z,4.137,-9999,1.7,Broome,6.12,DAMPIER_202009_DNE,9,September,1.4,19.2,26.3
2020-09-01T20:00:00Z,2.949,-9999,0.6,Broome,2.16,DAMPIER_202009_DNE,9,September,1.4,19.2,26.3
2020-09-01T21:00:00Z,2.278,-9999,0.6,Broome,2.16,DAMPIER_202009_DNE,9,September,1.4,19.2,26.3
2020-09-01T22:00:00Z,2.666,-9999,1.1,Broome,3.9600000000000004,DAMPIER_202009_DNE,9,September,1.4,19.2,26.3
2020-09-01T23:00:00Z,3.982,-9999,0.9,Broome,3.24,DAMPIER_202009_DNE,9,September,1.4,19.2,26.3
2020-09-02T00:00:00Z,5.558,-9999,1.8,Broome,6.48,DAMPIER_202009_DNE,9,September,1.4,19.2,26.3
2020-09-02T01:00:00Z,7.14,-9999,0.5,Broome,1.8,DAMPIER_202009_DNE,9,September,1.4,19.2,26.3
2020-09-02T02:00:00Z,8.439,-9999,0,Broome,0,DAMPIER_202009_DNE,9,September,1.4,19.2,26.3
2020-09-02T03:00:00Z,8.946,-9999,3.5,Broome,12.6,DAMPIER_202009_DNE,9,September,1.4,19.2,26.3
2020-09-02T04:00:00Z,8.409,-9999,4.4,Broome,15.840000000000002,DAMPIER_202009_DNE,9,September,1.4,19.2,26.3
2020-09-02T05:00:00Z,7.186,-9999,5.3,Broome,19.08,DAMPIER_202009_DNE,9,September,1.4,19.2,26.3
2020-09-02T06:00:00Z,5.721,-9999,5.2,Broome,18.720000000000002,DAMPIER_202009_DNE,9,September,1.4,19.2,26.3
2020-09-02T07:00:00Z,4.179,-9999,6.3,Broome,22.68,DAMPIER_202009_DNE,9,September,1.4,19.2,26.3
2020-09-02T08:00:00Z,2.757,-9999,5.8,Broome,20.88,DAMPIER_202009_DNE,9,September,1.4,19.2,26.3
2020-09-02T09:00:00Z,1.75,-9999,4.9,Broome,17.64,DAMPIER_202009_DNE,9,September,1.4,19.2,26.3
2020-09-02T10:00:00Z,1.783,-9999,5.1,Broome,18.36,DAMPIER_202009_DNE,9,September,1.4,19.2,26.3
2020-09-02T11:00:00Z,2.994,-9999,4.9,Broome,17.64,DAMPIER_202009_DNE,9,September,1.4,19.2,26.3
2020-09-02T12:00:00Z,4.647,-9999,4.8,Broome,17.28,DAMPIER_202009_DNE,9,September,1.4,19.2,26.3
2020-09-02T13:00:00Z,6.373,-9999,4,Broome,14.4,DAMPIER_202009_DNE,9,September,1.4,19.2,26.3
2020-09-02T14:00:00Z,7.947,-9999,0,Broome,0,DAMPIER_202009_DNE,9,September,1.4,19.2,26.3
2020-09-02T15:00:00Z,8.901,-9999,0.1,Broome,0.36000000000000004,DAMPIER_202009_DNE,9,September,1.4,19.2,26.3
2020-09-02T16:00:00Z,8.742,-9999,1.6,Broome,5.760000000000001,DAMPIER_202009_DNE,9,September,1.4,19.2,26.3
2020-09-02T17:00:00Z,7.638,-9999,0.1,Broome,0.36000000000000004,DAMPIER_202009_DNE,9,September,1.4,19.2,26.3
2020-09-02T18:00:00Z,6.234,-9999,0.7,Broome,2.52,DAMPIER_202009_DNE,9,September,1.4,19.2,26.3
2020-09-02T19:00:00Z,4.732,-9999,1,Broome,3.6,DAMPIER_202009_DNE,9,September,1.4,19.2,26.3
2020-09-02T20:00:00Z,3.272,-9999,3.2,Broome,11.520000000000001,DAMPIER_202009_DNE,9,September,1.4,19.2,26.3
2020-09-02T21:00:00Z,2.118,-9999,3.3,Broome,11.879999999999999,DAMPIER_202009_DNE,9,September,1.4,19.2,26.3
2020-09-02T22:00:00Z,1.844,-9999,3.2,Broome,11.520000000000001,DAMPIER_202009_DNE,9,September,1.4,19.2,26.3
2020-09-02T23:00:00Z,2.882,-9999,2.6,Broome,9.360000000000001,DAMPIER_202009_DNE,9,September,1.4,19.2,26.3
2020-09-03T00:00:00Z,4.559,-9999,2.3,Broome,8.28,DAMPIER_202009_DNE,9,September,1.4,19.2,26.3
2020-09-03T01:00:00Z,6.332,-9999,0.5,Broome,1.8,DAMPIER_202009_DNE,9,September,1.4,19.2,26.3
2020-09-03T02:00:00Z,7.993,-9999,0.4,Broome,1.4400000000000002,DAMPIER_202009_DNE,9,September,1.4,19.2,26.3
2020-09-03T03:00:00Z,9.102,-9999,1.6,Broome,5.760000000000001,DAMPIER_202009_DNE,9,September,1.4,19.2,26.3
2020-09-03T04:00:00Z,9.075,-9999,2.3,Broome,8.28,DAMPIER_202009_DNE,9,September,1.4,19.2,26.3
2020-09-03T05:00:00Z,7.943,-9999,3.7,Broome,13.32,DAMPIER_202009_DNE,9,September,1.4,19.2,26.3
2020-09-03T06:00:00Z,6.44,-9999,2.6,Broome,9.360000000000001,DAMPIER_202009_DNE,9,September,1.4,19.2,26.3
2020-09-03T07:00:00Z,4.842,-9999,4.8,Broome,17.28,DAMPIER_202009_DNE,9,September,1.4,19.2,26.3
2020-09-03T08:00:00Z,3.252,-9999,6.1,Broome,21.96,DAMPIER_202009_DNE,9,September,1.4,19.2,26.3
2020-09-03T09:00:00Z,1.953,-9999,4.9,Broome,17.64,DAMPIER_202009_DNE,9,September,1.4,19.2,26.3
2020-09-03T10:00:00Z,1.378,-9999,4.5,Broome,16.2,DAMPIER_202009_DNE,9,September,1.4,19.2,26.3
2020-09-03T11:00:00Z,2.177,-9999,5.3,Broome,19.08,DAMPIER_202009_DNE,9,September,1.4,19.2,26.3
2020-09-03T12:00:00Z,3.83,-9999,4.5,Broome,16.2,DAMPIER_202009_DNE,9,September,1.4,19.2,26.3
2020-09-03T13:00:00Z,5.647,-9999,3.6,Broome,12.96,DAMPIER_202009_DNE,9,September,1.4,19.2,26.3
2020-09-03T14:00:00Z,7.468,-9999,3.9,Broome,14.04,DAMPIER_202009_DNE,9,September,1.4,19.2,26.3
2020-09-03T15:00:00Z,8.883,-9999,4.1,Broome,14.76,DAMPIER_202009_DNE,9,September,1.4,19.2,26.3
2020-09-03T16:00:00Z,9.241,-9999,4.1,Broome,14.76,DAMPIER_202009_DNE,9,September,1.4,19.2,26.3
2020-09-03T17:00:00Z,8.395,-9999,1.6,Broome,5.760000000000001,DAMPIER_202009_DNE,9,September,1.4,19.2,26.3
2020-09-03T18:00:00Z,6.988,-9999,1.9,Broome,6.84,DAMPIER_202009_DNE,9,September,1.4,19.2,26.3
2020-09-03T19:00:00Z,5.447,-9999,3.6,Broome,12.96,DAMPIER_202009_DNE,9,September,1.4,19.2,26.3
2020-09-03T20:00:00Z,3.822,-9999,5.5,Broome,19.8,DAMPIER_202009_DNE,9,September,1.4,19.2,26.3
2020-09-03T21:00:00Z,2.373,-9999,3.7,Broome,13.32,DAMPIER_202009_DNE,9,September,1.4,19.2,26.3
2020-09-03T22:00:00Z,1.529,-9999,3,Broome,10.8,DAMPIER_202009_DNE,9,September,1.4,19.2,26.3
2020-09-03T23:00:00Z,2.025,25.2,1.3,Broome,4.680000000000001,DAMPIER_202009_DNE,9,September,1.4,19.2,26.3
2020-09-04T00:00:00Z,3.626,25.1,3.3,Broome,11.879999999999999,DAMPIER_202009_DNE,9,September,1.4,19.2,26.3
2020-09-04T01:00:00Z,5.476,25,3.9,Broome,14.04,DAMPIER_202009_DNE,9,September,1.4,19.2,26.3
2020-09-04T02:00:00Z,7.314,25,2.9,Broome,10.44,DAMPIER_202009_DNE,9,September,1.4,19.2,26.3
2020-09-04T03:00:00Z,8.822,25,0.9,Broome,3.24,DAMPIER_202009_DNE,9,September,1.4,19.2,26.3
2020-09-04T04:00:00Z,9.361,25.1,2.5,Broome,9,DAMPIER_202009_DNE,9,September,1.4,19.2,26.3
2020-09-04T05:00:00Z,8.648,25.1,2.7,Broome,9.72,DAMPIER_202009_DNE,9,September,1.4,19.2,26.3
2020-09-04T06:00:00Z,7.195,25.3,4.5,Broome,16.2,DAMPIER_202009_DNE,9,September,1.4,19.2,26.3
2020-09-04T07:00:00Z,5.576,25.4,4.4,Broome,15.840000000000002,DAMPIER_202009_DNE,9,September,1.4,19.2,26.3
2020-09-04T08:00:00Z,3.91,25.5,4.4,Broome,15.840000000000002,DAMPIER_202009_DNE,9,September,1.4,19.2,26.3
2020-09-04T09:00:00Z,2.41,25.8,5.7,Broome,20.52,DAMPIER_202009_DNE,9,September,1.4,19.2,26.3
2020-09-04T10:00:00Z,1.387,25.9,5,Broome,18,DAMPIER_202009_DNE,9,September,1.4,19.2,26.3
2020-09-04T11:00:00Z,1.587,26,4,Broome,14.4,DAMPIER_202009_DNE,9,September,1.4,19.2,26.3
2020-09-04T12:00:00Z,3.052,25.5,3.8,Broome,13.68,DAMPIER_202009_DNE,9,September,1.4,19.2,26.3
2020-09-04T13:00:00Z,4.889,25.4,3.8,Broome,13.68,DAMPIER_202009_DNE,9,September,1.4,19.2,26.3
2020-09-04T14:00:00Z,6.777,25.4,0.8,Broome,2.8800000000000003,DAMPIER_202009_DNE,9,September,1.4,19.2,26.3
2020-09-04T15:00:00Z,8.485,25.2,2.7,Broome,9.72,DAMPIER_202009_DNE,9,September,1.4,19.2,26.3
2020-09-04T16:00:00Z,9.4,25.2,1.3,Broome,4.680000000000001,DAMPIER_202009_DNE,9,September,1.4,19.2,26.3
2020-09-04T17:00:00Z,8.997,25.2,2.2,Broome,7.920000000000001,DAMPIER_202009_DNE,9,September,1.4,19.2,26.3
2020-09-04T18:00:00Z,7.692,25.2,3.9,Broome,14.04,DAMPIER_202009_DNE,9,September,1.4,19.2,26.3
2020-09-04T19:00:00Z,6.167,25.3,1.9,Broome,6.84,DAMPIER_202009_DNE,9,September,1.4,19.2,26.3
2020-09-04T20:00:00Z,4.512,25.2,2.2,Broome,7.920000000000001,DAMPIER_202009_DNE,9,September,1.4,19.2,26.3
2020-09-04T21:00:00Z,2.911,25.3,4.3,Broome,15.48,DAMPIER_202009_DNE,9,September,1.4,19.2,26.3
2020-09-04T22:00:00Z,1.699,25.3,4.4,Broome,15.840000000000002,DAMPIER_202009_DNE,9,September,1.4,19.2,26.3
2020-09-04T23:00:00Z,1.536,25.3,5.1,Broome,18.36,DAMPIER_202009_DNE,9,September,1.4,19.2,26.3
2020-09-05T00:00:00Z,2.768,25.3,5.6,Broome,20.16,DAMPIER_202009_DNE,9,September,1.4,19.2,26.3
2020-09-05T01:00:00Z,4.582,25.2,4.9,Broome,17.64,DAMPIER_202009_DNE,9,September,1.4,19.2,26.3
2020-09-05T02:00:00Z,6.471,25.2,4,Broome,14.4,DAMPIER_202009_DNE,9,September,1.4,19.2,26.3
2020-09-05T03:00:00Z,8.208,25.1,5.7,Broome,20.52,DAMPIER_202009_DNE,9,September,1.4,19.2,26.3
2020-09-05T04:00:00Z,9.261,25.2,4.9,Broome,17.64,DAMPIER_202009_DNE,9,September,1.4,19.2,26.3
2020-09-05T05:00:00Z,9.105,25.2,2.6,Broome,9.360000000000001,DAMPIER_202009_DNE,9,September,1.4,19.2,26.3
2020-09-05T06:00:00Z,7.861,25.4,1.3,Broome,4.680000000000001,DAMPIER_202009_DNE,9,September,1.4,19.2,26.3
2020-09-05T07:00:00Z,6.254,25.5,2.5,Broome,9,DAMPIER_202009_DNE,9,September,1.4,19.2,26.3
2020-09-05T08:00:00Z,4.621,25.6,4.1,Broome,14.76,DAMPIER_202009_DNE,9,September,1.4,19.2,26.3
2020-09-05T09:00:00Z,3.089,25.8,5.3,Broome,19.08,DAMPIER_202009_DNE,9,September,1.4,19.2,26.3
2020-09-05T10:00:00Z,1.804,25.8,6.3,Broome,22.68,DAMPIER_202009_DNE,9,September,1.4,19.2,26.3
2020-09-05T11:00:00Z,1.389,26,4.2,Broome,15.120000000000001,DAMPIER_202009_DNE,9,September,1.4,19.2,26.3
2020-09-05T12:00:00Z,2.431,25.7,3.5,Broome,12.6,DAMPIER_202009_DNE,9,September,1.4,19.2,26.3
2020-09-05T13:00:00Z,4.206,25.5,2.5,Broome,9,DAMPIER_202009_DNE,9,September,1.4,19.2,26.3
2020-09-05T14:00:00Z,6.085,25.4,2.8,Broome,10.08,DAMPIER_202009_DNE,9,September,1.4,19.2,26.3
2020-09-05T15:00:00Z,7.873,25.4,2.7,Broome,9.72,DAMPIER_202009_DNE,9,September,1.4,19.2,26.3
2020-09-05T16:00:00Z,9.157,25.3,2.9,Broome,10.44,DAMPIER_202009_DNE,9,September,1.4,19.2,26.3
2020-09-05T17:00:00Z,9.31,25.3,3.9,Broome,14.04,DAMPIER_202009_DNE,9,September,1.4,19.2,26.3
2020-09-05T18:00:00Z,8.271,25.3,3.2,Broome,11.520000000000001,DAMPIER_202009_DNE,9,September,1.4,19.2,26.3
2020-09-05T19:00:00Z,6.778,25.3,3.5,Broome,12.6,DAMPIER_202009_DNE,9,September,1.4,19.2,26.3
2020-09-05T20:00:00Z,5.178,25.4,3.1,Broome,11.16,DAMPIER_202009_DNE,9,September,1.4,19.2,26.3
2020-09-05T21:00:00Z,3.551,25.3,0.7,Broome,2.52,DAMPIER_202009_DNE,9,September,1.4,19.2,26.3
2020-09-05T22:00:00Z,2.161,25.4,1.2,Broome,4.32,DAMPIER_202009_DNE,9,September,1.4,19.2,26.3
2020-09-05T23:00:00Z,1.515,25.5,2.1,Broome,7.5600000000000005,DAMPIER_202009_DNE,9,September,1.4,19.2,26.3
2020-09-06T00:00:00Z,2.256,25.4,2.6,Broome,9.360000000000001,DAMPIER_202009_DNE,9,September,1.4,19.2,26.3
2020-09-06T01:00:00Z,3.908,25.3,3.5,Broome,12.6,DAMPIER_202009_DNE,9,September,1.4,19.2,26.3
2020-09-06T02:00:00Z,5.726,25.3,4.2,Broome,15.120000000000001,DAMPIER_202009_DNE,9,September,1.4,19.2,26.3
2020-09-06T03:00:00Z,7.486,25.3,4.2,Broome,15.120000000000001,DAMPIER_202009_DNE,9,September,1.4,19.2,26.3
2020-09-06T04:00:00Z,8.836,25.4,5,Broome,18,DAMPIER_202009_DNE,9,September,1.4,19.2,26.3
2020-09-06T05:00:00Z,9.203,25.4,5.7,Broome,20.52,DAMPIER_202009_DNE,9,September,1.4,19.2,26.3
2020-09-06T06:00:00Z,8.345,25.4,6.7,Broome,24.12,DAMPIER_202009_DNE,9,September,1.4,19.2,26.3
2020-09-06T07:00:00Z,6.911,25.5,8.2,Broome,29.52,DAMPIER_202009_DNE,9,September,1.4,19.2,26.3
2020-09-06T08:00:00Z,5.397,25.7,8.1,Broome,29.16,DAMPIER_202009_DNE,9,September,1.4,19.2,26.3
2020-09-06T09:00:00Z,3.839,25.8,5.9,Broome,21.240000000000002,DAMPIER_202009_DNE,9,September,1.4,19.2,26.3
2020-09-06T10:00:00Z,2.435,26,3.5,Broome,12.6,DAMPIER_202009_DNE,9,September,1.4,19.2,26.3
2020-09-06T11:00:00Z,1.627,26.2,1.4,Broome,5.04,DAMPIER_202009_DNE,9,September,1.4,19.2,26.3
2020-09-06T12:00:00Z,2.116,25.8,1.4,Broome,5.04,DAMPIER_202009_DNE,9,September,1.4,19.2,26.3
2020-09-06T13:00:00Z,3.645,25.6,2.7,Broome,9.72,DAMPIER_202009_DNE,9,September,1.4,19.2,26.3
2020-09-06T14:00:00Z,5.413,25.6,2.7,Broome,9.72,DAMPIER_202009_DNE,9,September,1.4,19.2,26.3
2020-09-06T15:00:00Z,7.183,25.5,2.9,Broome,10.44,DAMPIER_202009_DNE,9,September,1.4,19.2,26.3
2020-09-06T16:00:00Z,8.667,25.5,2,Broome,7.2,DAMPIER_202009_DNE,9,September,1.4,19.2,26.3
2020-09-06T17:00:00Z,9.28,25.5,2.9,Broome,10.44,DAMPIER_202009_DNE,9,September,1.4,19.2,26.3
2020-09-06T18:00:00Z,8.656,25.5,4.3,Broome,15.48,DAMPIER_202009_DNE,9,September,1.4,19.2,26.3
2020-09-06T19:00:00Z,7.291,25.5,4.8,Broome,17.28,DAMPIER_202009_DNE,9,September,1.4,19.2,26.3
2020-09-06T20:00:00Z,5.79,25.5,3.8,Broome,13.68,DAMPIER_202009_DNE,9,September,1.4,19.2,26.3
2020-09-06T21:00:00Z,4.217,25.5,3.1,Broome,11.16,DAMPIER_202009_DNE,9,September,1.4,19.2,26.3
2020-09-06T22:00:00Z,2.762,25.6,2.1,Broome,7.5600000000000005,DAMPIER_202009_DNE,9,September,1.4,19.2,26.3
2020-09-06T23:00:00Z,1.775,25.6,2.4,Broome,8.64,DAMPIER_202009_DNE,9,September,1.4,19.2,26.3
2020-09-07T00:00:00Z,1.954,25.7,3.4,Broome,12.24,DAMPIER_202009_DNE,9,September,1.4,19.2,26.3
2020-09-07T01:00:00Z,3.311,25.5,3.2,Broome,11.520000000000001,DAMPIER_202009_DNE,9,September,1.4,19.2,26.3
2020-09-07T02:00:00Z,4.981,25.5,3.2,Broome,11.520000000000001,DAMPIER_202009_DNE,9,September,1.4,19.2,26.3
2020-09-07T03:00:00Z,6.649,25.6,3.5,Broome,12.6,DAMPIER_202009_DNE,9,September,1.4,19.2,26.3
2020-09-07T04:00:00Z,8.092,25.5,4,Broome,14.4,DAMPIER_202009_DNE,9,September,1.4,19.2,26.3
2020-09-07T05:00:00Z,8.852,25.6,4.5,Broome,16.2,DAMPIER_202009_DNE,9,September,1.4,19.2,26.3
2020-09-07T06:00:00Z,8.446,25.6,4.7,Broome,16.92,DAMPIER_202009_DNE,9,September,1.4,19.2,26.3
2020-09-07T07:00:00Z,7.206,25.7,5,Broome,18,DAMPIER_202009_DNE,9,September,1.4,19.2,26.3
2020-09-07T08:00:00Z,5.79,25.9,5.4,Broome,19.44,DAMPIER_202009_DNE,9,September,1.4,19.2,26.3
2020-09-07T09:00:00Z,4.337,25.9,6.2,Broome,22.32,DAMPIER_202009_DNE,9,September,1.4,19.2,26.3
2020-09-07T10:00:00Z,2.98,26.1,4.6,Broome,16.56,DAMPIER_202009_DNE,9,September,1.4,19.2,26.3
2020-09-07T11:00:00Z,2.041,26.5,4.7,Broome,16.92,DAMPIER_202009_DNE,9,September,1.4,19.2,26.3
2020-09-07T12:00:00Z,2.097,26.3,3.3,Broome,11.879999999999999,DAMPIER_202009_DNE,9,September,1.4,19.2,26.3
2020-09-07T13:00:00Z,3.33,25.8,3.6,Broome,12.96,DAMPIER_202009_DNE,9,September,1.4,19.2,26.3
2020-09-07T14:00:00Z,4.963,25.7,5.2,Broome,18.720000000000002,DAMPIER_202009_DNE,9,September,1.4,19.2,26.3
2020-09-07T15:00:00Z,6.579,25.8,4,Broome,14.4,DAMPIER_202009_DNE,9,September,1.4,19.2,26.3
2020-09-07T16:00:00Z,8.022,25.7,3.7,Broome,13.32,DAMPIER_202009_DNE,9,September,1.4,19.2,26.3
2020-09-07T17:00:00Z,8.915,25.7,4.3,Broome,15.48,DAMPIER_202009_DNE,9,September,1.4,19.2,26.3
2020-09-07T18:00:00Z,8.728,25.6,5.3,Broome,19.08,DAMPIER_202009_DNE,9,September,1.4,19.2,26.3
2020-09-07T19:00:00Z,7.627,25.6,6.4,Broome,23.040000000000003,DAMPIER_202009_DNE,9,September,1.4,19.2,26.3
2020-09-07T20:00:00Z,6.275,25.6,7.2,Broome,25.92,DAMPIER_202009_DNE,9,September,1.4,19.2,26.3
2020-09-07T21:00:00Z,4.826,25.6,3.9,Broome,14.04,DAMPIER_202009_DNE,9,September,1.4,19.2,26.3
2020-09-07T22:00:00Z,3.424,25.6,4.4,Broome,15.840000000000002,DAMPIER_202009_DNE,9,September,1.4,19.2,26.3
2020-09-07T23:00:00Z,2.335,25.8,4.3,Broome,15.48,DAMPIER_202009_DNE,9,September,1.4,19.2,26.3
2020-09-08T00:00:00Z,2.063,25.8,2,Broome,7.2,DAMPIER_202009_DNE,9,September,1.4,19.2,26.3
2020-09-08T01:00:00Z,3.001,25.6,1.2,Broome,4.32,DAMPIER_202009_DNE,9,September,1.4,19.2,26.3
2020-09-08T02:00:00Z,4.482,25.6,0.3,Broome,1.08,DAMPIER_202009_DNE,9,September,1.4,19.2,26.3
2020-09-08T03:00:00Z,5.964,25.7,3.3,Broome,11.879999999999999,DAMPIER_202009_DNE,9,September,1.4,19.2,26.3
2020-09-08T04:00:00Z,7.315,25.6,5.1,Broome,18.36,DAMPIER_202009_DNE,9,September,1.4,19.2,26.3
2020-09-08T05:00:00Z,8.299,25.7,6.9,Broome,24.840000000000003,DAMPIER_202009_DNE,9,September,1.4,19.2,26.3
2020-09-08T06:00:00Z,8.407,25.7,7.7,Broome,27.720000000000002,DAMPIER_202009_DNE,9,September,1.4,19.2,26.3
2020-09-08T07:00:00Z,7.552,25.7,5.4,Broome,19.44,DAMPIER_202009_DNE,9,September,1.4,19.2,26.3
2020-09-08T08:00:00Z,6.34,25.8,5.2,Broome,18.720000000000002,DAMPIER_202009_DNE,9,September,1.4,19.2,26.3
2020-09-08T09:00:00Z,5.039,25.9,5.5,Broome,19.8,DAMPIER_202009_DNE,9,September,1.4,19.2,26.3
2020-09-08T10:00:00Z,3.721,26.1,3.5,Broome,12.6,DAMPIER_202009_DNE,9,September,1.4,19.2,26.3
2020-09-08T11:00:00Z,2.713,26.3,2.8,Broome,10.08,DAMPIER_202009_DNE,9,September,1.4,19.2,26.3
2020-09-08T12:00:00Z,2.4,26.4,1.9,Broome,6.84,DAMPIER_202009_DNE,9,September,1.4,19.2,26.3
2020-09-08T13:00:00Z,3.148,26,1.3,Broome,4.680000000000001,DAMPIER_202009_DNE,9,September,1.4,19.2,26.3
2020-09-08T14:00:00Z,4.537,25.8,1.2,Broome,4.32,DAMPIER_202009_DNE,9,September,1.4,19.2,26.3
2020-09-08T15:00:00Z,6.025,25.8,3.6,Broome,12.96,DAMPIER_202009_DNE,9,September,1.4,19.2,26.3
2020-09-08T16:00:00Z,7.4,25.8,2.6,Broome,9.360000000000001,DAMPIER_202009_DNE,9,September,1.4,19.2,26.3
2020-09-08T17:00:00Z,8.388,25.8,3.8,Broome,13.68,DAMPIER_202009_DNE,9,September,1.4,19.2,26.3
2020-09-08T18:00:00Z,8.616,25.8,3.7,Broome,13.32,DAMPIER_202009_DNE,9,September,1.4,19.2,26.3
2020-09-08T19:00:00Z,7.921,25.8,3.3,Broome,11.879999999999999,DAMPIER_202009_DNE,9,September,1.4,19.2,26.3
2020-09-08T20:00:00Z,6.733,25.8,4.5,Broome,16.2,DAMPIER_202009_DNE,9,September,1.4,19.2,26.3
2020-09-08T21:00:00Z,5.432,25.8,1.9,Broome,6.84,DAMPIER_202009_DNE,9,September,1.4,19.2,26.3
2020-09-08T22:00:00Z,4.146,25.8,2.7,Broome,9.72,DAMPIER_202009_DNE,9,September,1.4,19.2,26.3
2020-09-08T23:00:00Z,3.078,25.8,4.8,Broome,17.28,DAMPIER_202009_DNE,9,September,1.4,19.2,26.3
2020-09-09T00:00:00Z,2.539,25.8,2.7,Broome,9.72,DAMPIER_202009_DNE,9,September,1.4,19.2,26.3
2020-09-09T01:00:00Z,2.981,25.8,0.1,Broome,0.36000000000000004,DAMPIER_202009_DNE,9,September,1.4,19.2,26.3
2020-09-09T02:00:00Z,4.134,25.8,3,Broome,10.8,DAMPIER_202009_DNE,9,September,1.4,19.2,26.3
2020-09-09T03:00:00Z,5.419,25.8,4.1,Broome,14.76,DAMPIER_202009_DNE,9,September,1.4,19.2,26.3
2020-09-09T04:00:00Z,6.61,25.8,3.9,Broome,14.04,DAMPIER_202009_DNE,9,September,1.4,19.2,26.3
2020-09-09T05:00:00Z,7.586,25.8,5.9,Broome,21.240000000000002,DAMPIER_202009_DNE,9,September,1.4,19.2,26.3
2020-09-09T06:00:00Z,8.04,25.9,8.5,Broome,30.6,DAMPIER_202009_DNE,9,September,1.4,19.2,26.3
2020-09-09T07:00:00Z,7.632,25.9,8.7,Broome,31.319999999999997,DAMPIER_202009_DNE,9,September,1.4,19.2,26.3
2020-09-09T08:00:00Z,6.658,25.9,8.5,Broome,30.6,DAMPIER_202009_DNE,9,September,1.4,19.2,26.3
2020-09-09T09:00:00Z,5.568,26.1,6.7,Broome,24.12,DAMPIER_202009_DNE,9,September,1.4,19.2,26.3
2020-09-09T10:00:00Z,4.428,26.1,4.6,Broome,16.56,DAMPIER_202009_DNE,9,September,1.4,19.2,26.3
2020-09-09T11:00:00Z,3.46,26.3,2.8,Broome,10.08,DAMPIER_202009_DNE,9,September,1.4,19.2,26.3
2020-09-09T12:00:00Z,2.979,26.4,2.7,Broome,9.72,DAMPIER_202009_DNE,9,September,1.4,19.2,26.3
2020-09-09T13:00:00Z,3.293,26.2,2,Broome,7.2,DAMPIER_202009_DNE,9,September,1.4,19.2,26.3
2020-09-09T14:00:00Z,4.309,26,3.1,Broome,11.16,DAMPIER_202009_DNE,9,September,1.4,19.2,26.3
2020-09-09T15:00:00Z,5.552,26,2.7,Broome,9.72,DAMPIER_202009_DNE,9,September,1.4,19.2,26.3
2020-09-09T16:00:00Z,6.752,26,3.1,Broome,11.16,DAMPIER_202009_DNE,9,September,1.4,19.2,26.3
2020-09-09T17:00:00Z,7.729,25.9,4.5,Broome,16.2,DAMPIER_202009_DNE,9,September,1.4,19.2,26.3
2020-09-09T18:00:00Z,8.199,25.9,4.2,Broome,15.120000000000001,DAMPIER_202009_DNE,9,September,1.4,19.2,26.3
2020-09-09T19:00:00Z,7.893,25.9,4.1,Broome,14.76,DAMPIER_202009_DNE,9,September,1.4,19.2,26.3
2020-09-09T20:00:00Z,7.001,25.9,4.9,Broome,17.64,DAMPIER_202009_DNE,9,September,1.4,19.2,26.3
2020-09-09T21:00:00Z,5.921,25.9,4.3,Broome,15.48,DAMPIER_202009_DNE,9,September,1.4,19.2,26.3
2020-09-09T22:00:00Z,4.812,25.9,2.6,Broome,9.360000000000001,DAMPIER_202009_DNE,9,September,1.4,19.2,26.3
2020-09-09T23:00:00Z,3.845,26,6,Broome,21.6,DAMPIER_202009_DNE,9,September,1.4,19.2,26.3
2020-09-10T00:00:00Z,3.231,26.1,4.5,Broome,16.2,DAMPIER_202009_DNE,9,September,1.4,19.2,26.3
2020-09-10T01:00:00Z,3.283,26.1,1,Broome,3.6,DAMPIER_202009_DNE,9,September,1.4,19.2,26.3
2020-09-10T02:00:00Z,4.033,26,1.4,Broome,5.04,DAMPIER_202009_DNE,9,September,1.4,19.2,26.3
2020-09-10T03:00:00Z,4.997,26,1.1,Broome,3.9600000000000004,DAMPIER_202009_DNE,9,September,1.4,19.2,26.3
2020-09-10T04:00:00Z,5.923,26,3.5,Broome,12.6,DAMPIER_202009_DNE,9,September,1.4,19.2,26.3
2020-09-10T05:00:00Z,6.744,26,6.5,Broome,23.400000000000002,DAMPIER_202009_DNE,9,September,1.4,19.2,26.3
2020-09-10T06:00:00Z,7.308,26,8,Broome,28.8,DAMPIER_202009_DNE,9,September,1.4,19.2,26.3
2020-09-10T07:00:00Z,7.325,26,6.6,Broome,23.759999999999998,DAMPIER_202009_DNE,9,September,1.4,19.2,26.3
2020-09-10T08:00:00Z,6.748,26.1,7.5,Broome,27,DAMPIER_202009_DNE,9,September,1.4,19.2,26.3
2020-09-10T09:00:00Z,5.898,26.1,6.4,Broome,23.040000000000003,DAMPIER_202009_DNE,9,September,1.4,19.2,26.3
2020-09-10T10:00:00Z,4.974,26.3,3.9,Broome,14.04,DAMPIER_202009_DNE,9,September,1.4,19.2,26.3
2020-09-10T11:00:00Z,4.185,26.3,5.2,Broome,18.720000000000002,DAMPIER_202009_DNE,9,September,1.4,19.2,26.3
2020-09-10T12:00:00Z,3.705,26.4,2.6,Broome,9.360000000000001,DAMPIER_202009_DNE,9,September,1.4,19.2,26.3
2020-09-10T13:00:00Z,3.704,26.4,1.8,Broome,6.48,DAMPIER_202009_DNE,9,September,1.4,19.2,26.3
2020-09-10T14:00:00Z,4.292,26.3,2.2,Broome,7.920000000000001,DAMPIER_202009_DNE,9,September,1.4,19.2,26.3
2020-09-10T15:00:00Z,5.229,26.1,3.1,Broome,11.16,DAMPIER_202009_DNE,9,September,1.4,19.2,26.3
2020-09-10T16:00:00Z,6.18,26.1,3.2,Broome,11.520000000000001,DAMPIER_202009_DNE,9,September,1.4,19.2,26.3
2020-09-10T17:00:00Z,6.974,26.1,2,Broome,7.2,DAMPIER_202009_DNE,9,September,1.4,19.2,26.3
2020-09-10T18:00:00Z,7.496,26.1,3.7,Broome,13.32,DAMPIER_202009_DNE,9,September,1.4,19.2,26.3
2020-09-10T19:00:00Z,7.538,26.1,2,Broome,7.2,DAMPIER_202009_DNE,9,September,1.4,19.2,26.3
2020-09-10T20:00:00Z,7.034,26.1,4.7,Broome,16.92,DAMPIER_202009_DNE,9,September,1.4,19.2,26.3
2020-09-10T21:00:00Z,6.227,26.1,2.8,Broome,10.08,DAMPIER_202009_DNE,9,September,1.4,19.2,26.3
2020-09-10T22:00:00Z,5.372,26.1,3.3,Broome,11.879999999999999,DAMPIER_202009_DNE,9,September,1.4,19.2,26.3
2020-09-10T23:00:00Z,4.573,26.1,2.6,Broome,9.360000000000001,DAMPIER_202009_DNE,9,September,1.4,19.2,26.3
2020-09-11T00:00:00Z,3.991,26.1,2.8,Broome,10.08,DAMPIER_202009_DNE,9,September,1.4,19.2,26.3
2020-09-11T01:00:00Z,3.831,26.2,2.7,Broome,9.72,DAMPIER_202009_DNE,9,September,1.4,19.2,26.3
2020-09-11T02:00:00Z,4.152,26.3,3.3,Broome,11.879999999999999,DAMPIER_202009_DNE,9,September,1.4,19.2,26.3
2020-09-11T03:00:00Z,4.773,26.1,3.2,Broome,11.520000000000001,DAMPIER_202009_DNE,9,September,1.4,19.2,26.3
2020-09-11T04:00:00Z,5.426,26.1,5.7,Broome,20.52,DAMPIER_202009_DNE,9,September,1.4,19.2,26.3
2020-09-11T05:00:00Z,5.979,26.2,7.3,Broome,26.28,DAMPIER_202009_DNE,9,September,1.4,19.2,26.3
2020-09-11T06:00:00Z,6.408,26.2,8,Broome,28.8,DAMPIER_202009_DNE,9,September,1.4,19.2,26.3
2020-09-11T07:00:00Z,6.618,26.2,9.7,Broome,34.92,DAMPIER_202009_DNE,9,September,1.4,19.2,26.3
2020-09-11T08:00:00Z,6.48,26.2,8.4,Broome,30.240000000000002,DAMPIER_202009_DNE,9,September,1.4,19.2,26.3
2020-09-11T09:00:00Z,6.016,26.2,8.6,Broome,30.96,DAMPIER_202009_DNE,9,September,1.4,19.2,26.3
2020-09-11T10:00:00Z,5.407,26.3,6.5,Broome,23.400000000000002,DAMPIER_202009_DNE,9,September,1.4,19.2,26.3
2020-09-11T11:00:00Z,4.858,26.3,7.1,Broome,25.56,DAMPIER_202009_DNE,9,September,1.4,19.2,26.3
2020-09-11T12:00:00Z,4.492,26.3,6.1,Broome,21.96,DAMPIER_202009_DNE,9,September,1.4,19.2,26.3
2020-09-11T13:00:00Z,4.379,26.3,2.3,Broome,8.28,DAMPIER_202009_DNE,9,September,1.4,19.2,26.3
2020-09-11T14:00:00Z,4.619,26.3,3.3,Broome,11.879999999999999,DAMPIER_202009_DNE,9,September,1.4,19.2,26.3
2020-09-11T15:00:00Z,5.125,26.3,5.3,Broome,19.08,DAMPIER_202009_DNE,9,September,1.4,19.2,26.3
2020-09-11T16:00:00Z,5.717,26.2,5.2,Broome,18.720000000000002,DAMPIER_202009_DNE,9,September,1.4,19.2,26.3
2020-09-11T17:00:00Z,6.284,26.2,4.2,Broome,15.120000000000001,DAMPIER_202009_DNE,9,September,1.4,19.2,26.3
2020-09-11T18:00:00Z,6.695,26.3,3.6,Broome,12.96,DAMPIER_202009_DNE,9,September,1.4,19.2,26.3
2020-09-11T19:00:00Z,6.851,26.3,3.2,Broome,11.520000000000001,DAMPIER_202009_DNE,9,September,1.4,19.2,26.3
2020-09-11T20:00:00Z,6.736,26.3,2.2,Broome,7.920000000000001,DAMPIER_202009_DNE,9,September,1.4,19.2,26.3
2020-09-11T21:00:00Z,6.362,26.3,3.7,Broome,13.32,DAMPIER_202009_DNE,9,September,1.4,19.2,26.3
2020-09-11T22:00:00Z,5.813,26.2,1.3,Broome,4.680000000000001,DAMPIER_202009_DNE,9,September,1.4,19.2,26.3
2020-09-11T23:00:00Z,5.27,26.2,3.2,Broome,11.520000000000001,DAMPIER_202009_DNE,9,September,1.4,19.2,26.3
2020-09-12T00:00:00Z,4.874,26.2,1.1,Broome,3.9600000000000004,DAMPIER_202009_DNE,9,September,1.4,19.2,26.3
2020-09-12T01:00:00Z,4.681,26.2,2.1,Broome,7.5600000000000005,DAMPIER_202009_DNE,9,September,1.4,19.2,26.3
2020-09-12T02:00:00Z,4.683,26.3,3.6,Broome,12.96,DAMPIER_202009_DNE,9,September,1.4,19.2,26.3
2020-09-12T03:00:00Z,4.821,26.4,5,Broome,18,DAMPIER_202009_DNE,9,September,1.4,19.2,26.3
2020-09-12T04:00:00Z,5.044,26.4,5,Broome,18,DAMPIER_202009_DNE,9,September,1.4,19.2,26.3
2020-09-12T05:00:00Z,5.295,26.4,5.4,Broome,19.44,DAMPIER_202009_DNE,9,September,1.4,19.2,26.3
2020-09-12T06:00:00Z,5.519,26.4,5.3,Broome,19.08,DAMPIER_202009_DNE,9,September,1.4,19.2,26.3
2020-09-12T07:00:00Z,5.703,26.4,6.6,Broome,23.759999999999998,DAMPIER_202009_DNE,9,September,1.4,19.2,26.3
2020-09-12T08:00:00Z,5.861,26.4,7.9,Broome,28.44,DAMPIER_202009_DNE,9,September,1.4,19.2,26.3
2020-09-12T09:00:00Z,5.898,26.4,7.3,Broome,26.28,DAMPIER_202009_DNE,9,September,1.4,19.2,26.3
2020-09-12T10:00:00Z,5.733,26.4,5.6,Broome,20.16,DAMPIER_202009_DNE,9,September,1.4,19.2,26.3
2020-09-12T11:00:00Z,5.481,26.5,3.9,Broome,14.04,DAMPIER_202009_DNE,9,September,1.4,19.2,26.3
2020-09-12T12:00:00Z,5.296,26.6,3.4,Broome,12.24,DAMPIER_202009_DNE,9,September,1.4,19.2,26.3
2020-09-12T13:00:00Z,5.198,26.6,2.8,Broome,10.08,DAMPIER_202009_DNE,9,September,1.4,19.2,26.3
2020-09-12T14:00:00Z,5.163,26.5,2,Broome,7.2,DAMPIER_202009_DNE,9,September,1.4,19.2,26.3
2020-09-12T15:00:00Z,5.211,26.5,0.7,Broome,2.52,DAMPIER_202009_DNE,9,September,1.4,19.2,26.3
2020-09-12T16:00:00Z,5.348,26.6,1.5,Broome,5.4,DAMPIER_202009_DNE,9,September,1.4,19.2,26.3
2020-09-12T17:00:00Z,5.576,26.6,3.5,Broome,12.6,DAMPIER_202009_DNE,9,September,1.4,19.2,26.3
2020-09-12T18:00:00Z,5.823,26.6,2.2,Broome,7.920000000000001,DAMPIER_202009_DNE,9,September,1.4,19.2,26.3
2020-09-12T19:00:00Z,6.022,26.6,3.8,Broome,13.68,DAMPIER_202009_DNE,9,September,1.4,19.2,26.3
2020-09-12T20:00:00Z,6.148,26.6,3.5,Broome,12.6,DAMPIER_202009_DNE,9,September,1.4,19.2,26.3
2020-09-12T21:00:00Z,6.165,26.6,4.3,Broome,15.48,DAMPIER_202009_DNE,9,September,1.4,19.2,26.3
2020-09-12T22:00:00Z,6.066,26.6,2,Broome,7.2,DAMPIER_202009_DNE,9,September,1.4,19.2,26.3
2020-09-12T23:00:00Z,5.899,26.6,3.7,Broome,13.32,DAMPIER_202009_DNE,9,September,1.4,19.2,26.3
2020-09-13T00:00:00Z,5.737,26.6,4.8,Broome,17.28,DAMPIER_202009_DNE,9,September,1.4,19.2,26.3
2020-09-13T01:00:00Z,5.587,26.6,2,Broome,7.2,DAMPIER_202009_DNE,9,September,1.4,19.2,26.3
2020-09-13T02:00:00Z,5.374,26.7,0.9,Broome,3.24,DAMPIER_202009_DNE,9,September,1.4,19.2,26.3
2020-09-13T03:00:00Z,5.115,26.7,3,Broome,10.8,DAMPIER_202009_DNE,9,September,1.4,19.2,26.3
2020-09-13T04:00:00Z,4.863,26.8,4.9,Broome,17.64,DAMPIER_202009_DNE,9,September,1.4,19.2,26.3
2020-09-13T05:00:00Z,4.682,26.8,5.3,Broome,19.08,DAMPIER_202009_DNE,9,September,1.4,19.2,26.3
2020-09-13T06:00:00Z,4.676,26.7,7.1,Broome,25.56,DAMPIER_202009_DNE,9,September,1.4,19.2,26.3
2020-09-13T07:00:00Z,4.81,26.8,7.5,Broome,27,DAMPIER_202009_DNE,9,September,1.4,19.2,26.3
2020-09-13T08:00:00Z,5.064,26.9,4.6,Broome,16.56,DAMPIER_202009_DNE,9,September,1.4,19.2,26.3
2020-09-13T09:00:00Z,5.379,26.8,3.4,Broome,12.24,DAMPIER_202009_DNE,9,September,1.4,19.2,26.3
2020-09-13T10:00:00Z,5.642,26.7,3,Broome,10.8,DAMPIER_202009_DNE,9,September,1.4,19.2,26.3
2020-09-13T11:00:00Z,5.858,26.7,3.1,Broome,11.16,DAMPIER_202009_DNE,9,September,1.4,19.2,26.3
2020-09-13T12:00:00Z,6.035,26.7,3.6,Broome,12.96,DAMPIER_202009_DNE,9,September,1.4,19.2,26.3
2020-09-13T13:00:00Z,6.059,26.6,3.7,Broome,13.32,DAMPIER_202009_DNE,9,September,1.4,19.2,26.3
2020-09-13T14:00:00Z,5.936,26.6,2.9,Broome,10.44,DAMPIER_202009_DNE,9,September,1.4,19.2,26.3
2020-09-13T15:00:00Z,5.704,26.8,3.3,Broome,11.879999999999999,DAMPIER_202009_DNE,9,September,1.4,19.2,26.3
2020-09-13T16:00:00Z,5.37,26.9,4.1,Broome,14.76,DAMPIER_202009_DNE,9,September,1.4,19.2,26.3
2020-09-13T17:00:00Z,5.073,26.9,4.1,Broome,14.76,DAMPIER_202009_DNE,9,September,1.4,19.2,26.3
2020-09-13T18:00:00Z,4.964,26.9,4.9,Broome,17.64,DAMPIER_202009_DNE,9,September,1.4,19.2,26.3
2020-09-13T19:00:00Z,5.072,26.9,2.6,Broome,9.360000000000001,DAMPIER_202009_DNE,9,September,1.4,19.2,26.3
2020-09-13T20:00:00Z,5.349,26.9,4.2,Broome,15.120000000000001,DAMPIER_202009_DNE,9,September,1.4,19.2,26.3
2020-09-13T21:00:00Z,5.727,26.9,1.4,Broome,5.04,DAMPIER_202009_DNE,9,September,1.4,19.2,26.3
2020-09-13T22:00:00Z,6.106,26.8,0.1,Broome,0.36000000000000004,DAMPIER_202009_DNE,9,September,1.4,19.2,26.3
2020-09-13T23:00:00Z,6.401,26.8,3.9,Broome,14.04,DAMPIER_202009_DNE,9,September,1.4,19.2,26.3
2020-09-14T00:00:00Z,6.588,26.8,1.1,Broome,3.9600000000000004,DAMPIER_202009_DNE,9,September,1.4,19.2,26.3
2020-09-14T01:00:00Z,6.562,26.8,3.4,Broome,12.24,DAMPIER_202009_DNE,9,September,1.4,19.2,26.3
2020-09-14T02:00:00Z,6.291,26.9,2.6,Broome,9.360000000000001,DAMPIER_202009_DNE,9,September,1.4,19.2,26.3
2020-09-14T03:00:00Z,5.824,27.1,2.8,Broome,10.08,DAMPIER_202009_DNE,9,September,1.4,19.2,26.3
2020-09-14T04:00:00Z,5.197,27.2,3.8,Broome,13.68,DAMPIER_202009_DNE,9,September,1.4,19.2,26.3
2020-09-14T05:00:00Z,4.605,27.4,6,Broome,21.6,DAMPIER_202009_DNE,9,September,1.4,19.2,26.3
2020-09-14T06:00:00Z,4.184,27.3,7.1,Broome,25.56,DAMPIER_202009_DNE,9,September,1.4,19.2,26.3
2020-09-14T07:00:00Z,4.013,27.1,7.2,Broome,25.92,DAMPIER_202009_DNE,9,September,1.4,19.2,26.3
2020-09-14T08:00:00Z,4.182,27.1,5.8,Broome,20.88,DAMPIER_202009_DNE,9,September,1.4,19.2,26.3
2020-09-14T09:00:00Z,4.643,27.1,4.7,Broome,16.92,DAMPIER_202009_DNE,9,September,1.4,19.2,26.3
2020-09-14T10:00:00Z,5.253,26.8,4,Broome,14.4,DAMPIER_202009_DNE,9,September,1.4,19.2,26.3
2020-09-14T11:00:00Z,5.929,26.9,1.1,Broome,3.9600000000000004,DAMPIER_202009_DNE,9,September,1.4,19.2,26.3
2020-09-14T12:00:00Z,6.54,26.9,2.3,Broome,8.28,DAMPIER_202009_DNE,9,September,1.4,19.2,26.3
2020-09-14T13:00:00Z,6.92,26.9,1.9,Broome,6.84,DAMPIER_202009_DNE,9,September,1.4,19.2,26.3
2020-09-14T14:00:00Z,6.91,26.8,2.9,Broome,10.44,DAMPIER_202009_DNE,9,September,1.4,19.2,26.3
2020-09-14T15:00:00Z,6.494,-9999,4.3,Broome,15.48,DAMPIER_202009_DNE,9,September,1.4,19.2,26.3
2020-09-14T16:00:00Z,5.82,-9999,3.2,Broome,11.520000000000001,DAMPIER_202009_DNE,9,September,1.4,19.2,26.3
2020-09-14T17:00:00Z,5.087,-9999,1.9,Broome,6.84,DAMPIER_202009_DNE,9,September,1.4,19.2,26.3
2020-09-14T18:00:00Z,4.493,-9999,1.9,Broome,6.84,DAMPIER_202009_DNE,9,September,1.4,19.2,26.3
2020-09-14T19:00:00Z,4.183,-9999,2,Broome,7.2,DAMPIER_202009_DNE,9,September,1.4,19.2,26.3
2020-09-14T20:00:00Z,4.272,-9999,5.8,Broome,20.88,DAMPIER_202009_DNE,9,September,1.4,19.2,26.3
2020-09-14T21:00:00Z,4.758,-9999,4.1,Broome,14.76,DAMPIER_202009_DNE,9,September,1.4,19.2,26.3
2020-09-14T22:00:00Z,5.528,-9999,4.6,Broome,16.56,DAMPIER_202009_DNE,9,September,1.4,19.2,26.3
2020-09-14T23:00:00Z,6.386,-9999,4.3,Broome,15.48,DAMPIER_202009_DNE,9,September,1.4,19.2,26.3
2020-09-15T00:00:00Z,7.083,-9999,3.8,Broome,13.68,DAMPIER_202009_DNE,9,September,1.4,19.2,26.3
2020-09-15T01:00:00Z,7.47,-9999,2,Broome,7.2,DAMPIER_202009_DNE,9,September,1.4,19.2,26.3
2020-09-15T02:00:00Z,7.437,-9999,2.7,Broome,9.72,DAMPIER_202009_DNE,9,September,1.4,19.2,26.3
2020-09-15T03:00:00Z,6.898,-9999,4.3,Broome,15.48,DAMPIER_202009_DNE,9,September,1.4,19.2,26.3
2020-09-15T04:00:00Z,5.986,-9999,6.7,Broome,24.12,DAMPIER_202009_DNE,9,September,1.4,19.2,26.3
2020-09-15T05:00:00Z,4.95,-9999,6.9,Broome,24.840000000000003,DAMPIER_202009_DNE,9,September,1.4,19.2,26.3
2020-09-15T06:00:00Z,4.01,-9999,7,Broome,25.2,DAMPIER_202009_DNE,9,September,1.4,19.2,26.3
2020-09-15T07:00:00Z,3.303,-9999,7,Broome,25.2,DAMPIER_202009_DNE,9,September,1.4,19.2,26.3
2020-09-15T08:00:00Z,3.059,-9999,6.8,Broome,24.48,DAMPIER_202009_DNE,9,September,1.4,19.2,26.3
2020-09-15T09:00:00Z,3.496,-9999,4.9,Broome,17.64,DAMPIER_202009_DNE,9,September,1.4,19.2,26.3
2020-09-15T10:00:00Z,4.416,-9999,3.8,Broome,13.68,DAMPIER_202009_DNE,9,September,1.4,19.2,26.3
2020-09-15T11:00:00Z,5.543,-9999,5.1,Broome,18.36,DAMPIER_202009_DNE,9,September,1.4,19.2,26.3
2020-09-15T12:00:00Z,6.649,-9999,6,Broome,21.6,DAMPIER_202009_DNE,9,September,1.4,19.2,26.3
2020-09-15T13:00:00Z,7.512,-9999,5.5,Broome,19.8,DAMPIER_202009_DNE,9,September,1.4,19.2,26.3
2020-09-15T14:00:00Z,7.857,-9999,5.2,Broome,18.720000000000002,DAMPIER_202009_DNE,9,September,1.4,19.2,26.3
2020-09-15T15:00:00Z,7.46,-9999,5.6,Broome,20.16,DAMPIER_202009_DNE,9,September,1.4,19.2,26.3
2020-09-15T16:00:00Z,6.54,-9999,4.1,Broome,14.76,DAMPIER_202009_DNE,9,September,1.4,19.2,26.3
2020-09-15T17:00:00Z,5.467,-9999,4.4,Broome,15.840000000000002,DAMPIER_202009_DNE,9,September,1.4,19.2,26.3
2020-09-15T18:00:00Z,4.403,-9999,2.9,Broome,10.44,DAMPIER_202009_DNE,9,September,1.4,19.2,26.3
2020-09-15T19:00:00Z,3.526,-9999,3.3,Broome,11.879999999999999,DAMPIER_202009_DNE,9,September,1.4,19.2,26.3
2020-09-15T20:00:00Z,3.113,-9999,2.7,Broome,9.72,DAMPIER_202009_DNE,9,September,1.4,19.2,26.3
2020-09-15T21:00:00Z,3.484,-9999,1.6,Broome,5.760000000000001,DAMPIER_202009_DNE,9,September,1.4,19.2,26.3
2020-09-15T22:00:00Z,4.534,-9999,1.7,Broome,6.12,DAMPIER_202009_DNE,9,September,1.4,19.2,26.3
2020-09-15T23:00:00Z,5.803,-9999,2.7,Broome,9.72,DAMPIER_202009_DNE,9,September,1.4,19.2,26.3
2020-09-16T00:00:00Z,7.012,-9999,1.6,Broome,5.760000000000001,DAMPIER_202009_DNE,9,September,1.4,19.2,26.3
2020-09-16T01:00:00Z,7.977,-9999,0.7,Broome,2.52,DAMPIER_202009_DNE,9,September,1.4,19.2,26.3
2020-09-16T02:00:00Z,8.413,-9999,2.5,Broome,9,DAMPIER_202009_DNE,9,September,1.4,19.2,26.3
2020-09-16T03:00:00Z,8.044,-9999,4.7,Broome,16.92,DAMPIER_202009_DNE,9,September,1.4,19.2,26.3
2020-09-16T04:00:00Z,7.015,-9999,6.7,Broome,24.12,DAMPIER_202009_DNE,9,September,1.4,19.2,26.3
2020-09-16T05:00:00Z,5.749,27.4,8.1,Broome,29.16,DAMPIER_202009_DNE,9,September,1.4,19.2,26.3
2020-09-16T06:00:00Z,4.43,27.5,7.7,Broome,27.720000000000002,DAMPIER_202009_DNE,9,September,1.4,19.2,26.3
2020-09-16T07:00:00Z,3.208,27.7,8.4,Broome,30.240000000000002,DAMPIER_202009_DNE,9,September,1.4,19.2,26.3
2020-09-16T08:00:00Z,2.349,27.8,6.7,Broome,24.12,DAMPIER_202009_DNE,9,September,1.4,19.2,26.3
2020-09-16T09:00:00Z,2.348,27.8,5.6,Broome,20.16,DAMPIER_202009_DNE,9,September,1.4,19.2,26.3
2020-09-16T10:00:00Z,3.307,27.6,4.1,Broome,14.76,DAMPIER_202009_DNE,9,September,1.4,19.2,26.3
2020-09-16T11:00:00Z,4.71,27.5,3.9,Broome,14.04,DAMPIER_202009_DNE,9,September,1.4,19.2,26.3
2020-09-16T12:00:00Z,6.218,27.5,3.1,Broome,11.16,DAMPIER_202009_DNE,9,September,1.4,19.2,26.3
2020-09-16T13:00:00Z,7.621,27.5,3.8,Broome,13.68,DAMPIER_202009_DNE,9,September,1.4,19.2,26.3
2020-09-16T14:00:00Z,8.569,27.4,3,Broome,10.8,DAMPIER_202009_DNE,9,September,1.4,19.2,26.3
2020-09-16T15:00:00Z,8.569,27.4,3.7,Broome,13.32,DAMPIER_202009_DNE,9,September,1.4,19.2,26.3
2020-09-16T16:00:00Z,7.63,27.4,2.4,Broome,8.64,DAMPIER_202009_DNE,9,September,1.4,19.2,26.3
2020-09-16T17:00:00Z,6.334,27.4,4,Broome,14.4,DAMPIER_202009_DNE,9,September,1.4,19.2,26.3
2020-09-16T18:00:00Z,4.945,27.4,3.7,Broome,13.32,DAMPIER_202009_DNE,9,September,1.4,19.2,26.3
2020-09-16T19:00:00Z,3.585,27.5,3.9,Broome,14.04,DAMPIER_202009_DNE,9,September,1.4,19.2,26.3
2020-09-16T20:00:00Z,2.53,27.4,4.7,Broome,16.92,DAMPIER_202009_DNE,9,September,1.4,19.2,26.3
2020-09-16T21:00:00Z,2.272,27.5,5.8,Broome,20.88,DAMPIER_202009_DNE,9,September,1.4,19.2,26.3
2020-09-16T22:00:00Z,3.186,27.5,4.6,Broome,16.56,DAMPIER_202009_DNE,9,September,1.4,19.2,26.3
2020-09-16T23:00:00Z,4.742,27.4,6.5,Broome,23.400000000000002,DAMPIER_202009_DNE,9,September,1.4,19.2,26.3
2020-09-17T00:00:00Z,6.41,27.4,6.6,Broome,23.759999999999998,DAMPIER_202009_DNE,9,September,1.4,19.2,26.3
2020-09-17T01:00:00Z,7.968,27.4,6.4,Broome,23.040000000000003,DAMPIER_202009_DNE,9,September,1.4,19.2,26.3
2020-09-17T02:00:00Z,9.044,27.4,7.2,Broome,25.92,DAMPIER_202009_DNE,9,September,1.4,19.2,26.3
2020-09-17T03:00:00Z,9.155,27.4,7.8,Broome,28.08,DAMPIER_202009_DNE,9,September,1.4,19.2,26.3
2020-09-17T04:00:00Z,8.222,27.5,8.8,Broome,31.680000000000003,DAMPIER_202009_DNE,9,September,1.4,19.2,26.3
2020-09-17T05:00:00Z,6.813,27.6,7.5,Broome,27,DAMPIER_202009_DNE,9,September,1.4,19.2,26.3
2020-09-17T06:00:00Z,5.273,27.7,8.7,Broome,31.319999999999997,DAMPIER_202009_DNE,9,September,1.4,19.2,26.3
2020-09-17T07:00:00Z,3.691,27.8,8.2,Broome,29.52,DAMPIER_202009_DNE,9,September,1.4,19.2,26.3
2020-09-17T08:00:00Z,2.308,27.9,7.8,Broome,28.08,DAMPIER_202009_DNE,9,September,1.4,19.2,26.3
2020-09-17T09:00:00Z,1.547,28.1,7.2,Broome,25.92,DAMPIER_202009_DNE,9,September,1.4,19.2,26.3
2020-09-17T10:00:00Z,2.045,28,6.1,Broome,21.96,DAMPIER_202009_DNE,9,September,1.4,19.2,26.3
2020-09-17T11:00:00Z,3.536,27.8,4.5,Broome,16.2,DAMPIER_202009_DNE,9,September,1.4,19.2,26.3
2020-09-17T12:00:00Z,5.33,27.7,4.3,Broome,15.48,DAMPIER_202009_DNE,9,September,1.4,19.2,26.3
2020-09-17T13:00:00Z,7.207,27.6,4.4,Broome,15.840000000000002,DAMPIER_202009_DNE,9,September,1.4,19.2,26.3
2020-09-17T14:00:00Z,8.811,27.5,5.1,Broome,18.36,DAMPIER_202009_DNE,9,September,1.4,19.2,26.3
2020-09-17T15:00:00Z,9.486,27.5,6.7,Broome,24.12,DAMPIER_202009_DNE,9,September,1.4,19.2,26.3
2020-09-17T16:00:00Z,8.872,27.5,6.7,Broome,24.12,DAMPIER_202009_DNE,9,September,1.4,19.2,26.3
2020-09-17T17:00:00Z,7.459,27.5,4.1,Broome,14.76,DAMPIER_202009_DNE,9,September,1.4,19.2,26.3
2020-09-17T18:00:00Z,5.847,27.6,5.1,Broome,18.36,DAMPIER_202009_DNE,9,September,1.4,19.2,26.3
2020-09-17T19:00:00Z,4.124,27.5,6.2,Broome,22.32,DAMPIER_202009_DNE,9,September,1.4,19.2,26.3
2020-09-17T20:00:00Z,2.547,27.6,2.6,Broome,9.360000000000001,DAMPIER_202009_DNE,9,September,1.4,19.2,26.3
2020-09-17T21:00:00Z,1.455,27.5,2.7,Broome,9.72,DAMPIER_202009_DNE,9,September,1.4,19.2,26.3
2020-09-17T22:00:00Z,1.639,27.6,2.2,Broome,7.920000000000001,DAMPIER_202009_DNE,9,September,1.4,19.2,26.3
2020-09-17T23:00:00Z,3.138,27.6,4.7,Broome,16.92,DAMPIER_202009_DNE,9,September,1.4,19.2,26.3
2020-09-18T00:00:00Z,5.033,27.5,7.4,Broome,26.64,DAMPIER_202009_DNE,9,September,1.4,19.2,26.3
2020-09-18T01:00:00Z,7.046,27.4,7.2,Broome,25.92,DAMPIER_202009_DNE,9,September,1.4,19.2,26.3
2020-09-18T02:00:00Z,8.863,27.4,4.9,Broome,17.64,DAMPIER_202009_DNE,9,September,1.4,19.2,26.3
2020-09-18T03:00:00Z,9.766,27.4,3.6,Broome,12.96,DAMPIER_202009_DNE,9,September,1.4,19.2,26.3
2020-09-18T04:00:00Z,9.343,27.5,1.1,Broome,3.9600000000000004,DAMPIER_202009_DNE,9,September,1.4,19.2,26.3
2020-09-18T05:00:00Z,8.006,27.6,4.9,Broome,17.64,DAMPIER_202009_DNE,9,September,1.4,19.2,26.3
2020-09-18T06:00:00Z,6.34,27.7,6,Broome,21.6,DAMPIER_202009_DNE,9,September,1.4,19.2,26.3
2020-09-18T07:00:00Z,4.52,27.7,6.7,Broome,24.12,DAMPIER_202009_DNE,9,September,1.4,19.2,26.3
2020-09-18T08:00:00Z,2.742,27.9,6.4,Broome,23.040000000000003,DAMPIER_202009_DNE,9,September,1.4,19.2,26.3
2020-09-18T09:00:00Z,1.3,28,6,Broome,21.6,DAMPIER_202009_DNE,9,September,1.4,19.2,26.3
2020-09-18T10:00:00Z,0.967,28.1,5.5,Broome,19.8,DAMPIER_202009_DNE,9,September,1.4,19.2,26.3
2020-09-18T11:00:00Z,2.215,27.9,5.8,Broome,20.88,DAMPIER_202009_DNE,9,September,1.4,19.2,26.3
2020-09-18T12:00:00Z,4.171,27.7,5.9,Broome,21.240000000000002,DAMPIER_202009_DNE,9,September,1.4,19.2,26.3
2020-09-18T13:00:00Z,6.305,27.7,6,Broome,21.6,DAMPIER_202009_DNE,9,September,1.4,19.2,26.3
2020-09-18T14:00:00Z,8.394,27.6,4.4,Broome,15.840000000000002,DAMPIER_202009_DNE,9,September,1.4,19.2,26.3
2020-09-18T15:00:00Z,9.776,27.5,3.5,Broome,12.6,DAMPIER_202009_DNE,9,September,1.4,19.2,26.3
2020-09-18T16:00:00Z,9.818,27.5,3.5,Broome,12.6,DAMPIER_202009_DNE,9,September,1.4,19.2,26.3
2020-09-18T17:00:00Z,8.606,27.6,3.4,Broome,12.24,DAMPIER_202009_DNE,9,September,1.4,19.2,26.3
2020-09-18T18:00:00Z,6.912,27.6,3.3,Broome,11.879999999999999,DAMPIER_202009_DNE,9,September,1.4,19.2,26.3
2020-09-18T19:00:00Z,5.072,27.6,3.3,Broome,11.879999999999999,DAMPIER_202009_DNE,9,September,1.4,19.2,26.3
2020-09-18T20:00:00Z,3.17,27.6,2.7,Broome,9.72,DAMPIER_202009_DNE,9,September,1.4,19.2,26.3
2020-09-18T21:00:00Z,1.519,27.6,2.6,Broome,9.360000000000001,DAMPIER_202009_DNE,9,September,1.4,19.2,26.3
2020-09-18T22:00:00Z,0.743,27.5,3.8,Broome,13.68,DAMPIER_202009_DNE,9,September,1.4,19.2,26.3
2020-09-18T23:00:00Z,1.655,27.6,2.8,Broome,10.08,DAMPIER_202009_DNE,9,September,1.4,19.2,26.3
2020-09-19T00:00:00Z,3.621,27.5,3.6,Broome,12.96,DAMPIER_202009_DNE,9,September,1.4,19.2,26.3
2020-09-19T01:00:00Z,5.82,27.5,1.7,Broome,6.12,DAMPIER_202009_DNE,9,September,1.4,19.2,26.3
2020-09-19T02:00:00Z,8.051,27.5,1.9,Broome,6.84,DAMPIER_202009_DNE,9,September,1.4,19.2,26.3
2020-09-19T03:00:00Z,9.69,27.5,2.1,Broome,7.5600000000000005,DAMPIER_202009_DNE,9,September,1.4,19.2,26.3
2020-09-19T04:00:00Z,10.006,27.5,4.6,Broome,16.56,DAMPIER_202009_DNE,9,September,1.4,19.2,26.3
2020-09-19T05:00:00Z,8.984,27.6,6.1,Broome,21.96,DAMPIER_202009_DNE,9,September,1.4,19.2,26.3
2020-09-19T06:00:00Z,7.317,27.7,5.9,Broome,21.240000000000002,DAMPIER_202009_DNE,9,September,1.4,19.2,26.3
2020-09-19T07:00:00Z,5.493,27.8,5.2,Broome,18.720000000000002,DAMPIER_202009_DNE,9,September,1.4,19.2,26.3
2020-09-19T08:00:00Z,3.597,27.9,5.5,Broome,19.8,DAMPIER_202009_DNE,9,September,1.4,19.2,26.3
2020-09-19T09:00:00Z,1.859,28.1,6.3,Broome,22.68,DAMPIER_202009_DNE,9,September,1.4,19.2,26.3
2020-09-19T10:00:00Z,0.713,28.3,5.5,Broome,19.8,DAMPIER_202009_DNE,9,September,1.4,19.2,26.3
2020-09-19T11:00:00Z,1.146,28.1,5.4,Broome,19.44,DAMPIER_202009_DNE,9,September,1.4,19.2,26.3
2020-09-19T12:00:00Z,2.95,27.9,4.6,Broome,16.56,DAMPIER_202009_DNE,9,September,1.4,19.2,26.3
2020-09-19T13:00:00Z,5.144,27.7,5.1,Broome,18.36,DAMPIER_202009_DNE,9,September,1.4,19.2,26.3
2020-09-19T14:00:00Z,7.459,27.6,3.9,Broome,14.04,DAMPIER_202009_DNE,9,September,1.4,19.2,26.3
2020-09-19T15:00:00Z,9.467,27.6,3.4,Broome,12.24,DAMPIER_202009_DNE,9,September,1.4,19.2,26.3
2020-09-19T16:00:00Z,10.279,27.6,3.9,Broome,14.04,DAMPIER_202009_DNE,9,September,1.4,19.2,26.3
2020-09-19T17:00:00Z,9.592,27.6,2.7,Broome,9.72,DAMPIER_202009_DNE,9,September,1.4,19.2,26.3
2020-09-19T18:00:00Z,7.994,27.6,3.4,Broome,12.24,DAMPIER_202009_DNE,9,September,1.4,19.2,26.3
2020-09-19T19:00:00Z,6.159,27.6,3.3,Broome,11.879999999999999,DAMPIER_202009_DNE,9,September,1.4,19.2,26.3
2020-09-19T20:00:00Z,4.184,27.6,2.8,Broome,10.08,DAMPIER_202009_DNE,9,September,1.4,19.2,26.3
2020-09-19T21:00:00Z,2.265,27.6,3.8,Broome,13.68,DAMPIER_202009_DNE,9,September,1.4,19.2,26.3
2020-09-19T22:00:00Z,0.78,27.6,3.2,Broome,11.520000000000001,DAMPIER_202009_DNE,9,September,1.4,19.2,26.3
2020-09-19T23:00:00Z,0.667,27.6,4.3,Broome,15.48,DAMPIER_202009_DNE,9,September,1.4,19.2,26.3
2020-09-20T00:00:00Z,2.197,27.6,3,Broome,10.8,DAMPIER_202009_DNE,9,September,1.4,19.2,26.3
2020-09-20T01:00:00Z,4.361,27.6,3.5,Broome,12.6,DAMPIER_202009_DNE,9,September,1.4,19.2,26.3
2020-09-20T02:00:00Z,6.682,27.6,3.5,Broome,12.6,DAMPIER_202009_DNE,9,September,1.4,19.2,26.3
2020-09-20T03:00:00Z,8.871,27.6,5.2,Broome,18.720000000000002,DAMPIER_202009_DNE,9,September,1.4,19.2,26.3
2020-09-20T04:00:00Z,10.069,27.6,6.5,Broome,23.400000000000002,DAMPIER_202009_DNE,9,September,1.4,19.2,26.3
2020-09-20T05:00:00Z,9.74,27.6,6.4,Broome,23.040000000000003,DAMPIER_202009_DNE,9,September,1.4,19.2,26.3
2020-09-20T06:00:00Z,8.312,27.7,7.2,Broome,25.92,DAMPIER_202009_DNE,9,September,1.4,19.2,26.3
2020-09-20T07:00:00Z,6.546,27.8,8,Broome,28.8,DAMPIER_202009_DNE,9,September,1.4,19.2,26.3
2020-09-20T08:00:00Z,4.663,27.9,6.3,Broome,22.68,DAMPIER_202009_DNE,9,September,1.4,19.2,26.3
2020-09-20T09:00:00Z,2.813,28.1,6.4,Broome,23.040000000000003,DAMPIER_202009_DNE,9,September,1.4,19.2,26.3
2020-09-20T10:00:00Z,1.253,28.4,5.7,Broome,20.52,DAMPIER_202009_DNE,9,September,1.4,19.2,26.3
2020-09-20T11:00:00Z,0.75,28.3,5,Broome,18,DAMPIER_202009_DNE,9,September,1.4,19.2,26.3
2020-09-20T12:00:00Z,1.963,28,5.3,Broome,19.08,DAMPIER_202009_DNE,9,September,1.4,19.2,26.3
2020-09-20T13:00:00Z,4.052,27.8,5.4,Broome,19.44,DAMPIER_202009_DNE,9,September,1.4,19.2,26.3
2020-09-20T14:00:00Z,6.331,27.8,6,Broome,21.6,DAMPIER_202009_DNE,9,September,1.4,19.2,26.3
2020-09-20T15:00:00Z,8.59,27.7,5.3,Broome,19.08,DAMPIER_202009_DNE,9,September,1.4,19.2,26.3
2020-09-20T16:00:00Z,10.089,27.7,5.2,Broome,18.720000000000002,DAMPIER_202009_DNE,9,September,1.4,19.2,26.3
2020-09-20T17:00:00Z,10.152,27.7,5.9,Broome,21.240000000000002,DAMPIER_202009_DNE,9,September,1.4,19.2,26.3
2020-09-20T18:00:00Z,8.933,27.7,6.2,Broome,22.32,DAMPIER_202009_DNE,9,September,1.4,19.2,26.3
2020-09-20T19:00:00Z,7.174,27.7,8.4,Broome,30.240000000000002,DAMPIER_202009_DNE,9,September,1.4,19.2,26.3
2020-09-20T20:00:00Z,5.295,27.6,8.2,Broome,29.52,DAMPIER_202009_DNE,9,September,1.4,19.2,26.3
2020-09-20T21:00:00Z,3.34,27.6,9,Broome,32.4,DAMPIER_202009_DNE,9,September,1.4,19.2,26.3
2020-09-20T22:00:00Z,1.558,27.6,10.1,Broome,36.36,DAMPIER_202009_DNE,9,September,1.4,19.2,26.3
2020-09-20T23:00:00Z,0.518,27.5,5.5,Broome,19.8,DAMPIER_202009_DNE,9,September,1.4,19.2,26.3
2020-09-21T00:00:00Z,1.154,27.6,5.9,Broome,21.240000000000002,DAMPIER_202009_DNE,9,September,1.4,19.2,26.3
2020-09-21T01:00:00Z,3.023,27.6,4.5,Broome,16.2,DAMPIER_202009_DNE,9,September,1.4,19.2,26.3
2020-09-21T02:00:00Z,5.199,27.5,3.9,Broome,14.04,DAMPIER_202009_DNE,9,September,1.4,19.2,26.3
2020-09-21T03:00:00Z,7.423,27.6,3,Broome,10.8,DAMPIER_202009_DNE,9,September,1.4,19.2,26.3
2020-09-21T04:00:00Z,9.191,27.6,3.6,Broome,12.96,DAMPIER_202009_DNE,9,September,1.4,19.2,26.3
2020-09-21T05:00:00Z,9.711,27.7,3.4,Broome,12.24,DAMPIER_202009_DNE,9,September,1.4,19.2,26.3
2020-09-21T06:00:00Z,8.833,27.8,2.9,Broome,10.44,DAMPIER_202009_DNE,9,September,1.4,19.2,26.3
2020-09-21T07:00:00Z,7.263,27.9,3.8,Broome,13.68,DAMPIER_202009_DNE,9,September,1.4,19.2,26.3
2020-09-21T08:00:00Z,5.584,27.9,5.4,Broome,19.44,DAMPIER_202009_DNE,9,September,1.4,19.2,26.3
2020-09-21T09:00:00Z,3.805,28,5.4,Broome,19.44,DAMPIER_202009_DNE,9,September,1.4,19.2,26.3
2020-09-21T10:00:00Z,2.159,28.1,5.5,Broome,19.8,DAMPIER_202009_DNE,9,September,1.4,19.2,26.3
2020-09-21T11:00:00Z,1.096,28.1,5,Broome,18,DAMPIER_202009_DNE,9,September,1.4,19.2,26.3
2020-09-21T12:00:00Z,1.433,28.1,4.4,Broome,15.840000000000002,DAMPIER_202009_DNE,9,September,1.4,19.2,26.3
2020-09-21T13:00:00Z,3.129,27.8,6.9,Broome,24.840000000000003,DAMPIER_202009_DNE,9,September,1.4,19.2,26.3
2020-09-21T14:00:00Z,5.228,27.8,8,Broome,28.8,DAMPIER_202009_DNE,9,September,1.4,19.2,26.3
2020-09-21T15:00:00Z,7.362,27.7,9.4,Broome,33.84,DAMPIER_202009_DNE,9,September,1.4,19.2,26.3
2020-09-21T16:00:00Z,9.17,27.6,8.8,Broome,31.680000000000003,DAMPIER_202009_DNE,9,September,1.4,19.2,26.3
2020-09-21T17:00:00Z,9.98,27.6,7.2,Broome,25.92,DAMPIER_202009_DNE,9,September,1.4,19.2,26.3
2020-09-21T18:00:00Z,9.431,27.6,6.6,Broome,23.759999999999998,DAMPIER_202009_DNE,9,September,1.4,19.2,26.3
2020-09-21T19:00:00Z,7.957,27.5,6.5,Broome,23.400000000000002,DAMPIER_202009_DNE,9,September,1.4,19.2,26.3
2020-09-21T20:00:00Z,6.244,27.5,7.1,Broome,25.56,DAMPIER_202009_DNE,9,September,1.4,19.2,26.3
2020-09-21T21:00:00Z,4.413,27.4,4.7,Broome,16.92,DAMPIER_202009_DNE,9,September,1.4,19.2,26.3
2020-09-21T22:00:00Z,2.618,27.3,6.9,Broome,24.840000000000003,DAMPIER_202009_DNE,9,September,1.4,19.2,26.3
2020-09-21T23:00:00Z,1.182,27.1,5.2,Broome,18.720000000000002,DAMPIER_202009_DNE,9,September,1.4,19.2,26.3
2020-09-22T00:00:00Z,0.906,26.8,6.2,Broome,22.32,DAMPIER_202009_DNE,9,September,1.4,19.2,26.3
2020-09-22T01:00:00Z,2.199,27.3,6.2,Broome,22.32,DAMPIER_202009_DNE,9,September,1.4,19.2,26.3
2020-09-22T02:00:00Z,4.121,27.3,4.4,Broome,15.840000000000002,DAMPIER_202009_DNE,9,September,1.4,19.2,26.3
2020-09-22T03:00:00Z,6.097,27.3,3.7,Broome,13.32,DAMPIER_202009_DNE,9,September,1.4,19.2,26.3
2020-09-22T04:00:00Z,7.963,27.4,4.5,Broome,16.2,DAMPIER_202009_DNE,9,September,1.4,19.2,26.3
2020-09-22T05:00:00Z,9.122,27.5,2.7,Broome,9.72,DAMPIER_202009_DNE,9,September,1.4,19.2,26.3
2020-09-22T06:00:00Z,9.017,27.5,3.4,Broome,12.24,DAMPIER_202009_DNE,9,September,1.4,19.2,26.3
2020-09-22T07:00:00Z,7.847,27.7,4.7,Broome,16.92,DAMPIER_202009_DNE,9,September,1.4,19.2,26.3
2020-09-22T08:00:00Z,6.356,27.7,4.9,Broome,17.64,DAMPIER_202009_DNE,9,September,1.4,19.2,26.3
2020-09-22T09:00:00Z,4.806,27.7,9,Broome,32.4,DAMPIER_202009_DNE,9,September,1.4,19.2,26.3
2020-09-22T10:00:00Z,3.243,27.8,7.2,Broome,25.92,DAMPIER_202009_DNE,9,September,1.4,19.2,26.3
2020-09-22T11:00:00Z,1.995,27.8,7.8,Broome,28.08,DAMPIER_202009_DNE,9,September,1.4,19.2,26.3
2020-09-22T12:00:00Z,1.605,27.7,6,Broome,21.6,DAMPIER_202009_DNE,9,September,1.4,19.2,26.3
2020-09-22T13:00:00Z,2.63,27.6,6.2,Broome,22.32,DAMPIER_202009_DNE,9,September,1.4,19.2,26.3
2020-09-22T14:00:00Z,4.402,27.6,2.6,Broome,9.360000000000001,DAMPIER_202009_DNE,9,September,1.4,19.2,26.3
2020-09-22T15:00:00Z,6.286,27.5,3.8,Broome,13.68,DAMPIER_202009_DNE,9,September,1.4,19.2,26.3
2020-09-22T16:00:00Z,8.059,27.5,2.4,Broome,8.64,DAMPIER_202009_DNE,9,September,1.4,19.2,26.3
2020-09-22T17:00:00Z,9.288,27.4,3.6,Broome,12.96,DAMPIER_202009_DNE,9,September,1.4,19.2,26.3
2020-09-22T18:00:00Z,9.445,27.5,3.4,Broome,12.24,DAMPIER_202009_DNE,9,September,1.4,19.2,26.3
2020-09-22T19:00:00Z,8.448,27.5,3.1,Broome,11.16,DAMPIER_202009_DNE,9,September,1.4,19.2,26.3
2020-09-22T20:00:00Z,6.961,27.4,3.2,Broome,11.520000000000001,DAMPIER_202009_DNE,9,September,1.4,19.2,26.3
2020-09-22T21:00:00Z,5.387,27.4,4.7,Broome,16.92,DAMPIER_202009_DNE,9,September,1.4,19.2,26.3
2020-09-22T22:00:00Z,3.778,27.4,6.9,Broome,24.840000000000003,DAMPIER_202009_DNE,9,September,1.4,19.2,26.3
2020-09-22T23:00:00Z,2.37,27.3,6.7,Broome,24.12,DAMPIER_202009_DNE,9,September,1.4,19.2,26.3
2020-09-23T00:00:00Z,1.573,27.2,5.6,Broome,20.16,DAMPIER_202009_DNE,9,September,1.4,19.2,26.3
2020-09-23T01:00:00Z,2.051,27.2,8,Broome,28.8,DAMPIER_202009_DNE,9,September,1.4,19.2,26.3
2020-09-23T02:00:00Z,3.493,27.3,5,Broome,18,DAMPIER_202009_DNE,9,September,1.4,19.2,26.3
2020-09-23T03:00:00Z,5.117,27.3,4.5,Broome,16.2,DAMPIER_202009_DNE,9,September,1.4,19.2,26.3
2020-09-23T04:00:00Z,6.673,27.4,2.4,Broome,8.64,DAMPIER_202009_DNE,9,September,1.4,19.2,26.3
2020-09-23T05:00:00Z,7.953,27.4,0,Broome,0,DAMPIER_202009_DNE,9,September,1.4,19.2,26.3
2020-09-23T06:00:00Z,8.505,27.4,3.6,Broome,12.96,DAMPIER_202009_DNE,9,September,1.4,19.2,26.3
2020-09-23T07:00:00Z,7.976,27.5,5.2,Broome,18.720000000000002,DAMPIER_202009_DNE,9,September,1.4,19.2,26.3
2020-09-23T08:00:00Z,6.844,27.6,5.6,Broome,20.16,DAMPIER_202009_DNE,9,September,1.4,19.2,26.3
2020-09-23T09:00:00Z,5.596,27.7,6.3,Broome,22.68,DAMPIER_202009_DNE,9,September,1.4,19.2,26.3
2020-09-23T10:00:00Z,4.303,27.7,5.8,Broome,20.88,DAMPIER_202009_DNE,9,September,1.4,19.2,26.3
2020-09-23T11:00:00Z,3.181,27.7,4.1,Broome,14.76,DAMPIER_202009_DNE,9,September,1.4,19.2,26.3
2020-09-23T12:00:00Z,2.508,27.8,2.5,Broome,9,DAMPIER_202009_DNE,9,September,1.4,19.2,26.3
2020-09-23T13:00:00Z,2.809,27.8,5,Broome,18,DAMPIER_202009_DNE,9,September,1.4,19.2,26.3
2020-09-23T14:00:00Z,4.025,27.6,3.8,Broome,13.68,DAMPIER_202009_DNE,9,September,1.4,19.2,26.3
2020-09-23T15:00:00Z,5.506,27.5,3.1,Broome,11.16,DAMPIER_202009_DNE,9,September,1.4,19.2,26.3
2020-09-23T16:00:00Z,6.934,27.5,2.2,Broome,7.920000000000001,DAMPIER_202009_DNE,9,September,1.4,19.2,26.3
2020-09-23T17:00:00Z,8.114,27.4,1.7,Broome,6.12,DAMPIER_202009_DNE,9,September,1.4,19.2,26.3
2020-09-23T18:00:00Z,8.757,27.4,0.5,Broome,1.8,DAMPIER_202009_DNE,9,September,1.4,19.2,26.3
2020-09-23T19:00:00Z,8.44,27.4,1.9,Broome,6.84,DAMPIER_202009_DNE,9,September,1.4,19.2,26.3
2020-09-23T20:00:00Z,7.382,27.4,4.6,Broome,16.56,DAMPIER_202009_DNE,9,September,1.4,19.2,26.3
2020-09-23T21:00:00Z,6.18,27.4,4.1,Broome,14.76,DAMPIER_202009_DNE,9,September,1.4,19.2,26.3
2020-09-23T22:00:00Z,4.909,27.3,4.4,Broome,15.840000000000002,DAMPIER_202009_DNE,9,September,1.4,19.2,26.3
2020-09-23T23:00:00Z,3.683,27.4,2.7,Broome,9.72,DAMPIER_202009_DNE,9,September,1.4,19.2,26.3
2020-09-24T00:00:00Z,2.749,27.3,3,Broome,10.8,DAMPIER_202009_DNE,9,September,1.4,19.2,26.3
2020-09-24T01:00:00Z,2.58,27.3,4.7,Broome,16.92,DAMPIER_202009_DNE,9,September,1.4,19.2,26.3
2020-09-24T02:00:00Z,3.366,27.3,2.9,Broome,10.44,DAMPIER_202009_DNE,9,September,1.4,19.2,26.3
2020-09-24T03:00:00Z,4.544,27.3,4.2,Broome,15.120000000000001,DAMPIER_202009_DNE,9,September,1.4,19.2,26.3
2020-09-24T04:00:00Z,5.686,27.4,3.1,Broome,11.16,DAMPIER_202009_DNE,9,September,1.4,19.2,26.3
2020-09-24T05:00:00Z,6.735,27.4,3.4,Broome,12.24,DAMPIER_202009_DNE,9,September,1.4,19.2,26.3
2020-09-24T06:00:00Z,7.482,27.4,5,Broome,18,DAMPIER_202009_DNE,9,September,1.4,19.2,26.3
2020-09-24T07:00:00Z,7.562,27.4,5.5,Broome,19.8,DAMPIER_202009_DNE,9,September,1.4,19.2,26.3
2020-09-24T08:00:00Z,6.946,27.5,6.5,Broome,23.400000000000002,DAMPIER_202009_DNE,9,September,1.4,19.2,26.3
2020-09-24T09:00:00Z,6.063,27.6,5.7,Broome,20.52,DAMPIER_202009_DNE,9,September,1.4,19.2,26.3
2020-09-24T10:00:00Z,5.109,27.7,5.1,Broome,18.36,DAMPIER_202009_DNE,9,September,1.4,19.2,26.3
2020-09-24T11:00:00Z,4.22,27.7,4.3,Broome,15.48,DAMPIER_202009_DNE,9,September,1.4,19.2,26.3
2020-09-24T12:00:00Z,3.596,27.7,3.3,Broome,11.879999999999999,DAMPIER_202009_DNE,9,September,1.4,19.2,26.3
2020-09-24T13:00:00Z,3.487,27.7,3.8,Broome,13.68,DAMPIER_202009_DNE,9,September,1.4,19.2,26.3
2020-09-24T14:00:00Z,4.057,27.6,3.5,Broome,12.6,DAMPIER_202009_DNE,9,September,1.4,19.2,26.3
2020-09-24T15:00:00Z,5.022,27.5,5,Broome,18,DAMPIER_202009_DNE,9,September,1.4,19.2,26.3
2020-09-24T16:00:00Z,6.031,27.5,5.6,Broome,20.16,DAMPIER_202009_DNE,9,September,1.4,19.2,26.3
2020-09-24T17:00:00Z,6.937,27.5,4.9,Broome,17.64,DAMPIER_202009_DNE,9,September,1.4,19.2,26.3
2020-09-24T18:00:00Z,7.601,27.4,4.9,Broome,17.64,DAMPIER_202009_DNE,9,September,1.4,19.2,26.3
2020-09-24T19:00:00Z,7.792,27.4,4.9,Broome,17.64,DAMPIER_202009_DNE,9,September,1.4,19.2,26.3
2020-09-24T20:00:00Z,7.355,27.4,7.5,Broome,27,DAMPIER_202009_DNE,9,September,1.4,19.2,26.3
2020-09-24T21:00:00Z,6.508,27.4,6.2,Broome,22.32,DAMPIER_202009_DNE,9,September,1.4,19.2,26.3
2020-09-24T22:00:00Z,5.604,27.3,4.6,Broome,16.56,DAMPIER_202009_DNE,9,September,1.4,19.2,26.3
2020-09-24T23:00:00Z,4.751,27.2,2.3,Broome,8.28,DAMPIER_202009_DNE,9,September,1.4,19.2,26.3
2020-09-25T00:00:00Z,4.052,27.2,2,Broome,7.2,DAMPIER_202009_DNE,9,September,1.4,19.2,26.3
2020-09-25T01:00:00Z,3.676,27.2,1.1,Broome,3.9600000000000004,DAMPIER_202009_DNE,9,September,1.4,19.2,26.3
2020-09-25T02:00:00Z,3.798,27.2,0.5,Broome,1.8,DAMPIER_202009_DNE,9,September,1.4,19.2,26.3
2020-09-25T03:00:00Z,4.321,27.3,0.8,Broome,2.8800000000000003,DAMPIER_202009_DNE,9,September,1.4,19.2,26.3
2020-09-25T04:00:00Z,5.013,27.4,5.6,Broome,20.16,DAMPIER_202009_DNE,9,September,1.4,19.2,26.3
2020-09-25T05:00:00Z,5.669,27.4,6.5,Broome,23.400000000000002,DAMPIER_202009_DNE,9,September,1.4,19.2,26.3
2020-09-25T06:00:00Z,6.275,27.4,8,Broome,28.8,DAMPIER_202009_DNE,9,September,1.4,19.2,26.3
2020-09-25T07:00:00Z,6.67,27.4,7.4,Broome,26.64,DAMPIER_202009_DNE,9,September,1.4,19.2,26.3
2020-09-25T08:00:00Z,6.634,27.5,6.7,Broome,24.12,DAMPIER_202009_DNE,9,September,1.4,19.2,26.3
2020-09-25T09:00:00Z,6.203,27.5,6,Broome,21.6,DAMPIER_202009_DNE,9,September,1.4,19.2,26.3
2020-09-25T10:00:00Z,5.656,27.5,3.9,Broome,14.04,DAMPIER_202009_DNE,9,September,1.4,19.2,26.3
2020-09-25T11:00:00Z,5.111,27.5,4.6,Broome,16.56,DAMPIER_202009_DNE,9,September,1.4,19.2,26.3
2020-09-25T12:00:00Z,4.669,27.5,5.9,Broome,21.240000000000002,DAMPIER_202009_DNE,9,September,1.4,19.2,26.3
2020-09-25T13:00:00Z,4.486,27.5,3.5,Broome,12.6,DAMPIER_202009_DNE,9,September,1.4,19.2,26.3
2020-09-25T14:00:00Z,4.609,27.5,1,Broome,3.6,DAMPIER_202009_DNE,9,September,1.4,19.2,26.3
2020-09-25T15:00:00Z,4.97,27.5,1.6,Broome,5.760000000000001,DAMPIER_202009_DNE,9,September,1.4,19.2,26.3
2020-09-25T16:00:00Z,5.455,27.5,2.2,Broome,7.920000000000001,DAMPIER_202009_DNE,9,September,1.4,19.2,26.3
2020-09-25T17:00:00Z,5.975,27.4,2,Broome,7.2,DAMPIER_202009_DNE,9,September,1.4,19.2,26.3
2020-09-25T18:00:00Z,6.396,27.4,1.6,Broome,5.760000000000001,DAMPIER_202009_DNE,9,September,1.4,19.2,26.3
2020-09-25T19:00:00Z,6.644,27.4,3.3,Broome,11.879999999999999,DAMPIER_202009_DNE,9,September,1.4,19.2,26.3
2020-09-25T20:00:00Z,6.717,27.4,4.1,Broome,14.76,DAMPIER_202009_DNE,9,September,1.4,19.2,26.3
2020-09-25T21:00:00Z,6.504,27.4,4.6,Broome,16.56,DAMPIER_202009_DNE,9,September,1.4,19.2,26.3
2020-09-25T22:00:00Z,6.086,27.3,3.3,Broome,11.879999999999999,DAMPIER_202009_DNE,9,September,1.4,19.2,26.3
2020-09-25T23:00:00Z,5.662,27.3,3.7,Broome,13.32,DAMPIER_202009_DNE,9,September,1.4,19.2,26.3
2020-09-26T00:00:00Z,5.257,27.3,2.6,Broome,9.360000000000001,DAMPIER_202009_DNE,9,September,1.4,19.2,26.3
2020-09-26T01:00:00Z,4.896,27.3,1.8,Broome,6.48,DAMPIER_202009_DNE,9,September,1.4,19.2,26.3
2020-09-26T02:00:00Z,4.678,27.3,1.5,Broome,5.4,DAMPIER_202009_DNE,9,September,1.4,19.2,26.3
2020-09-26T03:00:00Z,4.606,27.3,4.5,Broome,16.2,DAMPIER_202009_DNE,9,September,1.4,19.2,26.3
2020-09-26T04:00:00Z,4.666,27.4,6.9,Broome,24.840000000000003,DAMPIER_202009_DNE,9,September,1.4,19.2,26.3
2020-09-26T05:00:00Z,4.83,27.4,7,Broome,25.2,DAMPIER_202009_DNE,9,September,1.4,19.2,26.3
2020-09-26T06:00:00Z,5.109,27.4,8.2,Broome,29.52,DAMPIER_202009_DNE,9,September,1.4,19.2,26.3
2020-09-26T07:00:00Z,5.491,27.4,9.1,Broome,32.76,DAMPIER_202009_DNE,9,September,1.4,19.2,26.3
2020-09-26T08:00:00Z,5.823,27.4,7.3,Broome,26.28,DAMPIER_202009_DNE,9,September,1.4,19.2,26.3
2020-09-26T09:00:00Z,5.993,27.4,8.2,Broome,29.52,DAMPIER_202009_DNE,9,September,1.4,19.2,26.3
2020-09-26T10:00:00Z,5.964,27.4,7.8,Broome,28.08,DAMPIER_202009_DNE,9,September,1.4,19.2,26.3
2020-09-26T11:00:00Z,5.798,27.4,6.5,Broome,23.400000000000002,DAMPIER_202009_DNE,9,September,1.4,19.2,26.3
2020-09-26T12:00:00Z,5.611,27.5,5.9,Broome,21.240000000000002,DAMPIER_202009_DNE,9,September,1.4,19.2,26.3
2020-09-26T13:00:00Z,5.501,27.4,4.7,Broome,16.92,DAMPIER_202009_DNE,9,September,1.4,19.2,26.3
2020-09-26T14:00:00Z,5.432,27.5,4.8,Broome,17.28,DAMPIER_202009_DNE,9,September,1.4,19.2,26.3
2020-09-26T15:00:00Z,5.312,27.4,4.1,Broome,14.76,DAMPIER_202009_DNE,9,September,1.4,19.2,26.3
2020-09-26T16:00:00Z,5.207,27.4,3.4,Broome,12.24,DAMPIER_202009_DNE,9,September,1.4,19.2,26.3
2020-09-26T17:00:00Z,5.196,27.4,3.2,Broome,11.520000000000001,DAMPIER_202009_DNE,9,September,1.4,19.2,26.3
2020-09-26T18:00:00Z,5.301,27.4,3.9,Broome,14.04,DAMPIER_202009_DNE,9,September,1.4,19.2,26.3
2020-09-26T19:00:00Z,5.497,27.4,5,Broome,18,DAMPIER_202009_DNE,9,September,1.4,19.2,26.3
2020-09-26T20:00:00Z,5.718,27.5,5.4,Broome,19.44,DAMPIER_202009_DNE,9,September,1.4,19.2,26.3
2020-09-26T21:00:00Z,5.993,27.5,5.3,Broome,19.08,DAMPIER_202009_DNE,9,September,1.4,19.2,26.3
2020-09-26T22:00:00Z,6.231,27.4,1.8,Broome,6.48,DAMPIER_202009_DNE,9,September,1.4,19.2,26.3
2020-09-26T23:00:00Z,6.291,27.4,1.6,Broome,5.760000000000001,DAMPIER_202009_DNE,9,September,1.4,19.2,26.3
2020-09-27T00:00:00Z,6.19,27.4,1.2,Broome,4.32,DAMPIER_202009_DNE,9,September,1.4,19.2,26.3
2020-09-27T01:00:00Z,5.996,27.5,1.3,Broome,4.680000000000001,DAMPIER_202009_DNE,9,September,1.4,19.2,26.3
2020-09-27T02:00:00Z,5.734,27.5,2.3,Broome,8.28,DAMPIER_202009_DNE,9,September,1.4,19.2,26.3
2020-09-27T03:00:00Z,5.338,27.5,4,Broome,14.4,DAMPIER_202009_DNE,9,September,1.4,19.2,26.3
2020-09-27T04:00:00Z,4.85,27.6,5.2,Broome,18.720000000000002,DAMPIER_202009_DNE,9,September,1.4,19.2,26.3
2020-09-27T05:00:00Z,4.406,27.6,6.6,Broome,23.759999999999998,DAMPIER_202009_DNE,9,September,1.4,19.2,26.3
2020-09-27T06:00:00Z,4.225,27.6,6,Broome,21.6,DAMPIER_202009_DNE,9,September,1.4,19.2,26.3
2020-09-27T07:00:00Z,4.339,27.5,7.1,Broome,25.56,DAMPIER_202009_DNE,9,September,1.4,19.2,26.3
2020-09-27T08:00:00Z,4.676,27.6,6.8,Broome,24.48,DAMPIER_202009_DNE,9,September,1.4,19.2,26.3
2020-09-27T09:00:00Z,5.183,27.6,6.9,Broome,24.840000000000003,DAMPIER_202009_DNE,9,September,1.4,19.2,26.3
2020-09-27T10:00:00Z,5.741,27.5,6.5,Broome,23.400000000000002,DAMPIER_202009_DNE,9,September,1.4,19.2,26.3
2020-09-27T11:00:00Z,6.196,27.5,6,Broome,21.6,DAMPIER_202009_DNE,9,September,1.4,19.2,26.3
2020-09-27T12:00:00Z,6.431,27.5,4.8,Broome,17.28,DAMPIER_202009_DNE,9,September,1.4,19.2,26.3
2020-09-27T13:00:00Z,6.461,27.6,3.7,Broome,13.32,DAMPIER_202009_DNE,9,September,1.4,19.2,26.3
2020-09-27T14:00:00Z,6.292,27.6,3.3,Broome,11.879999999999999,DAMPIER_202009_DNE,9,September,1.4,19.2,26.3
2020-09-27T15:00:00Z,5.909,27.6,4.1,Broome,14.76,DAMPIER_202009_DNE,9,September,1.4,19.2,26.3
2020-09-27T16:00:00Z,5.401,27.6,4.8,Broome,17.28,DAMPIER_202009_DNE,9,September,1.4,19.2,26.3
2020-09-27T17:00:00Z,4.928,27.5,4.5,Broome,16.2,DAMPIER_202009_DNE,9,September,1.4,19.2,26.3
2020-09-27T18:00:00Z,4.611,27.5,4.6,Broome,16.56,DAMPIER_202009_DNE,9,September,1.4,19.2,26.3
2020-09-27T19:00:00Z,4.49,-9999,5.4,Broome,19.44,DAMPIER_202009_DNE,9,September,1.4,19.2,26.3
2020-09-27T20:00:00Z,4.66,-9999,4.7,Broome,16.92,DAMPIER_202009_DNE,9,September,1.4,19.2,26.3
2020-09-27T21:00:00Z,5.179,-9999,6.4,Broome,23.040000000000003,DAMPIER_202009_DNE,9,September,1.4,19.2,26.3
2020-09-27T22:00:00Z,5.834,-9999,7.6,Broome,27.36,DAMPIER_202009_DNE,9,September,1.4,19.2,26.3
2020-09-27T23:00:00Z,6.383,-9999,5.4,Broome,19.44,DAMPIER_202009_DNE,9,September,1.4,19.2,26.3
2020-09-28T00:00:00Z,6.811,-9999,2.6,Broome,9.360000000000001,DAMPIER_202009_DNE,9,September,1.4,19.2,26.3
2020-09-28T01:00:00Z,7.035,-9999,3.1,Broome,11.16,DAMPIER_202009_DNE,9,September,1.4,19.2,26.3
2020-09-28T02:00:00Z,6.8,-9999,4.1,Broome,14.76,DAMPIER_202009_DNE,9,September,1.4,19.2,26.3
2020-09-28T03:00:00Z,6.204,-9999,3.8,Broome,13.68,DAMPIER_202009_DNE,9,September,1.4,19.2,26.3
2020-09-28T04:00:00Z,5.462,-9999,3.4,Broome,12.24,DAMPIER_202009_DNE,9,September,1.4,19.2,26.3
2020-09-28T05:00:00Z,4.646,-9999,5.1,Broome,18.36,DAMPIER_202009_DNE,9,September,1.4,19.2,26.3
2020-09-28T06:00:00Z,3.964,-9999,5.8,Broome,20.88,DAMPIER_202009_DNE,9,September,1.4,19.2,26.3
2020-09-28T07:00:00Z,3.568,-9999,6.7,Broome,24.12,DAMPIER_202009_DNE,9,September,1.4,19.2,26.3
2020-09-28T08:00:00Z,3.64,-9999,5.6,Broome,20.16,DAMPIER_202009_DNE,9,September,1.4,19.2,26.3
2020-09-28T09:00:00Z,4.23,-9999,5,Broome,18,DAMPIER_202009_DNE,9,September,1.4,19.2,26.3
2020-09-28T10:00:00Z,5.083,-9999,5.2,Broome,18.720000000000002,DAMPIER_202009_DNE,9,September,1.4,19.2,26.3
2020-09-28T11:00:00Z,5.985,-9999,5.9,Broome,21.240000000000002,DAMPIER_202009_DNE,9,September,1.4,19.2,26.3
2020-09-28T12:00:00Z,6.771,-9999,4.1,Broome,14.76,DAMPIER_202009_DNE,9,September,1.4,19.2,26.3
2020-09-28T13:00:00Z,7.292,-9999,3.5,Broome,12.6,DAMPIER_202009_DNE,9,September,1.4,19.2,26.3
2020-09-28T14:00:00Z,7.35,-9999,4.2,Broome,15.120000000000001,DAMPIER_202009_DNE,9,September,1.4,19.2,26.3
2020-09-28T15:00:00Z,6.816,-9999,4.8,Broome,17.28,DAMPIER_202009_DNE,9,September,1.4,19.2,26.3
2020-09-28T16:00:00Z,6.006,-9999,4.7,Broome,16.92,DAMPIER_202009_DNE,9,September,1.4,19.2,26.3
2020-09-28T17:00:00Z,5.129,-9999,4.3,Broome,15.48,DAMPIER_202009_DNE,9,September,1.4,19.2,26.3
2020-09-28T18:00:00Z,4.302,-9999,5.4,Broome,19.44,DAMPIER_202009_DNE,9,September,1.4,19.2,26.3
2020-09-28T19:00:00Z,3.703,-9999,4.4,Broome,15.840000000000002,DAMPIER_202009_DNE,9,September,1.4,19.2,26.3
2020-09-28T20:00:00Z,3.563,-9999,4.3,Broome,15.48,DAMPIER_202009_DNE,9,September,1.4,19.2,26.3
2020-09-28T21:00:00Z,4.059,-9999,5.2,Broome,18.720000000000002,DAMPIER_202009_DNE,9,September,1.4,19.2,26.3
2020-09-28T22:00:00Z,4.994,-9999,4.1,Broome,14.76,DAMPIER_202009_DNE,9,September,1.4,19.2,26.3
2020-09-28T23:00:00Z,6.027,-9999,3.4,Broome,12.24,DAMPIER_202009_DNE,9,September,1.4,19.2,26.3
2020-09-29T00:00:00Z,6.951,-9999,2.8,Broome,10.08,DAMPIER_202009_DNE,9,September,1.4,19.2,26.3
2020-09-29T01:00:00Z,7.605,-9999,1.2,Broome,4.32,DAMPIER_202009_DNE,9,September,1.4,19.2,26.3
2020-09-29T02:00:00Z,7.782,-9999,3,Broome,10.8,DAMPIER_202009_DNE,9,September,1.4,19.2,26.3
2020-09-29T03:00:00Z,7.252,-9999,3.8,Broome,13.68,DAMPIER_202009_DNE,9,September,1.4,19.2,26.3
2020-09-29T04:00:00Z,6.242,-9999,5.1,Broome,18.36,DAMPIER_202009_DNE,9,September,1.4,19.2,26.3
2020-09-29T05:00:00Z,5.123,-9999,5.2,Broome,18.720000000000002,DAMPIER_202009_DNE,9,September,1.4,19.2,26.3
2020-09-29T06:00:00Z,4.06,-9999,5.9,Broome,21.240000000000002,DAMPIER_202009_DNE,9,September,1.4,19.2,26.3
2020-09-29T07:00:00Z,3.188,-9999,6.1,Broome,21.96,DAMPIER_202009_DNE,9,September,1.4,19.2,26.3
2020-09-29T08:00:00Z,2.803,-9999,6.2,Broome,22.32,DAMPIER_202009_DNE,9,September,1.4,19.2,26.3
2020-09-29T09:00:00Z,3.217,-9999,6.1,Broome,21.96,DAMPIER_202009_DNE,9,September,1.4,19.2,26.3
2020-09-29T10:00:00Z,4.235,-9999,5.3,Broome,19.08,DAMPIER_202009_DNE,9,September,1.4,19.2,26.3
2020-09-29T11:00:00Z,5.469,-9999,4.5,Broome,16.2,DAMPIER_202009_DNE,9,September,1.4,19.2,26.3
2020-09-29T12:00:00Z,6.657,-9999,5.2,Broome,18.720000000000002,DAMPIER_202009_DNE,9,September,1.4,19.2,26.3
2020-09-29T13:00:00Z,7.638,-9999,5,Broome,18,DAMPIER_202009_DNE,9,September,1.4,19.2,26.3
2020-09-29T14:00:00Z,8.162,-9999,4.6,Broome,16.56,DAMPIER_202009_DNE,9,September,1.4,19.2,26.3
2020-09-29T15:00:00Z,7.858,-9999,3.5,Broome,12.6,DAMPIER_202009_DNE,9,September,1.4,19.2,26.3
2020-09-29T16:00:00Z,6.88,-9999,2.9,Broome,10.44,DAMPIER_202009_DNE,9,September,1.4,19.2,26.3
2020-09-29T17:00:00Z,5.694,-9999,3.4,Broome,12.24,DAMPIER_202009_DNE,9,September,1.4,19.2,26.3
2020-09-29T18:00:00Z,4.484,-9999,1.2,Broome,4.32,DAMPIER_202009_DNE,9,September,1.4,19.2,26.3
2020-09-29T19:00:00Z,3.414,-9999,1,Broome,3.6,DAMPIER_202009_DNE,9,September,1.4,19.2,26.3
2020-09-29T20:00:00Z,2.743,-9999,4.6,Broome,16.56,DAMPIER_202009_DNE,9,September,1.4,19.2,26.3
2020-09-29T21:00:00Z,2.912,-9999,6.1,Broome,21.96,DAMPIER_202009_DNE,9,September,1.4,19.2,26.3
2020-09-29T22:00:00Z,3.941,-9999,4.1,Broome,14.76,DAMPIER_202009_DNE,9,September,1.4,19.2,26.3
2020-09-29T23:00:00Z,5.292,-9999,4.8,Broome,17.28,DAMPIER_202009_DNE,9,September,1.4,19.2,26.3
2020-09-30T00:00:00Z,6.623,-9999,2.9,Broome,10.44,DAMPIER_202009_DNE,9,September,1.4,19.2,26.3
2020-09-30T01:00:00Z,7.765,-9999,3.2,Broome,11.520000000000001,DAMPIER_202009_DNE,9,September,1.4,19.2,26.3
2020-09-30T02:00:00Z,8.427,-9999,3.8,Broome,13.68,DAMPIER_202009_DNE,9,September,1.4,19.2,26.3
2020-09-30T03:00:00Z,8.207,-9999,4,Broome,14.4,DAMPIER_202009_DNE,9,September,1.4,19.2,26.3
2020-09-30T04:00:00Z,7.181,-9999,5.7,Broome,20.52,DAMPIER_202009_DNE,9,September,1.4,19.2,26.3
2020-09-30T05:00:00Z,5.871,-9999,6.2,Broome,22.32,DAMPIER_202009_DNE,9,September,1.4,19.2,26.3
2020-09-30T06:00:00Z,4.509,-9999,6.6,Broome,23.759999999999998,DAMPIER_202009_DNE,9,September,1.4,19.2,26.3
2020-09-30T07:00:00Z,3.264,-9999,6.9,Broome,24.840000000000003,DAMPIER_202009_DNE,9,September,1.4,19.2,26.3
2020-09-30T08:00:00Z,2.364,-9999,7.4,Broome,26.64,DAMPIER_202009_DNE,9,September,1.4,19.2,26.3
2020-09-30T09:00:00Z,2.302,-9999,7.3,Broome,26.28,DAMPIER_202009_DNE,9,September,1.4,19.2,26.3
2020-09-30T10:00:00Z,3.278,-9999,7.7,Broome,27.720000000000002,DAMPIER_202009_DNE,9,September,1.4,19.2,26.3
2020-09-30T11:00:00Z,4.714,-9999,6.3,Broome,22.68,DAMPIER_202009_DNE,9,September,1.4,19.2,26.3
2020-09-30T12:00:00Z,6.215,-9999,6,Broome,21.6,DAMPIER_202009_DNE,9,September,1.4,19.2,26.3
2020-09-30T13:00:00Z,7.596,-9999,3,Broome,10.8,DAMPIER_202009_DNE,9,September,1.4,19.2,26.3
2020-09-30T14:00:00Z,8.559,-9999,4,Broome,14.4,DAMPIER_202009_DNE,9,September,1.4,19.2,26.3
2020-09-30T15:00:00Z,8.621,-9999,2.4,Broome,8.64,DAMPIER_202009_DNE,9,September,1.4,19.2,26.3
2020-09-30T16:00:00Z,7.696,-9999,3.4,Broome,12.24,DAMPIER_202009_DNE,9,September,1.4,19.2,26.3
2020-09-30T17:00:00Z,6.382,-9999,2.9,Broome,10.44,DAMPIER_202009_DNE,9,September,1.4,19.2,26.3
2020-09-30T18:00:00Z,4.996,-9999,0.4,Broome,1.4400000000000002,DAMPIER_202009_DNE,9,September,1.4,19.2,26.3
2020-09-30T19:00:00Z,3.608,-9999,6.4,Broome,23.040000000000003,DAMPIER_202009_DNE,9,September,1.4,19.2,26.3
2020-09-30T20:00:00Z,2.48,-9999,8.1,Broome,29.16,DAMPIER_202009_DNE,9,September,1.4,19.2,26.3
2020-09-30T21:00:00Z,2.079,-9999,7.3,Broome,26.28,DAMPIER_202009_DNE,9,September,1.4,19.2,26.3
2020-09-30T22:00:00Z,2.86,-9999,7,Broome,25.2,DAMPIER_202009_DNE,9,September,1.4,19.2,26.3
2020-09-30T23:00:00Z,4.346,-9999,9,Broome,32.4,DAMPIER_202009_DNE,9,September,1.4,19.2,26.3
2020-10-01T00:00:00Z,5.959,-9999,7.1,Broome,25.56,DAMPIER_202009_DNE,10,October,0.4,19.7,28.4
2020-10-01T01:00:00Z,7.497,-9999,3.3,Broome,11.879999999999999,DAMPIER_202009_DNE,10,October,0.4,19.7,28.4
2020-10-01T02:00:00Z,8.648,-9999,0.7,Broome,2.52,DAMPIER_202009_DNE,10,October,0.4,19.7,28.4
2020-10-01T03:00:00Z,8.896,-9999,3,Broome,10.8,DAMPIER_202009_DNE,10,October,0.4,19.7,28.4
2020-10-01T04:00:00Z,8.065,-9999,4.8,Broome,17.28,DAMPIER_202009_DNE,10,October,0.4,19.7,28.4
2020-10-01T05:00:00Z,6.695,-9999,7.3,Broome,26.28,DAMPIER_202009_DNE,10,October,0.4,19.7,28.4
2020-10-01T06:00:00Z,5.211,-9999,7.9,Broome,28.44,DAMPIER_202009_DNE,10,October,0.4,19.7,28.4
2020-10-01T07:00:00Z,3.729,-9999,7.8,Broome,28.08,DAMPIER_202009_DNE,10,October,0.4,19.7,28.4
2020-10-01T08:00:00Z,2.449,-9999,8.4,Broome,30.240000000000002,DAMPIER_202009_DNE,10,October,0.4,19.7,28.4
2020-10-01T09:00:00Z,1.777,-9999,7.7,Broome,27.720000000000002,DAMPIER_202009_DNE,10,October,0.4,19.7,28.4
2020-10-01T10:00:00Z,2.325,-9999,7.6,Broome,27.36,DAMPIER_202009_DNE,10,October,0.4,19.7,28.4
2020-10-01T11:00:00Z,3.811,-9999,7,Broome,25.2,DAMPIER_202009_DNE,10,October,0.4,19.7,28.4
2020-10-01T12:00:00Z,5.51,-9999,3.9,Broome,14.04,DAMPIER_202009_DNE,10,October,0.4,19.7,28.4
2020-10-01T13:00:00Z,7.221,-9999,2.6,Broome,9.360000000000001,DAMPIER_202009_DNE,10,October,0.4,19.7,28.4
2020-10-01T14:00:00Z,8.646,-9999,1.5,Broome,5.4,DAMPIER_202009_DNE,10,October,0.4,19.7,28.4
2020-10-01T15:00:00Z,9.214,-9999,3.5,Broome,12.6,DAMPIER_202009_DNE,10,October,0.4,19.7,28.4
2020-10-01T16:00:00Z,8.555,-9999,3,Broome,10.8,DAMPIER_202009_DNE,10,October,0.4,19.7,28.4
2020-10-01T17:00:00Z,7.172,-9999,4.5,Broome,16.2,DAMPIER_202009_DNE,10,October,0.4,19.7,28.4
2020-10-01T18:00:00Z,5.66,-9999,5.2,Broome,18.720000000000002,DAMPIER_202009_DNE,10,October,0.4,19.7,28.4
2020-10-01T19:00:00Z,4.098,-9999,5.6,Broome,20.16,DAMPIER_202009_DNE,10,October,0.4,19.7,28.4
2020-10-01T20:00:00Z,2.663,-9999,4.1,Broome,14.76,DAMPIER_202009_DNE,10,October,0.4,19.7,28.4
2020-10-01T21:00:00Z,1.711,-9999,3.3,Broome,11.879999999999999,DAMPIER_202009_DNE,10,October,0.4,19.7,28.4
2020-10-01T22:00:00Z,1.966,-9999,4.6,Broome,16.56,DAMPIER_202009_DNE,10,October,0.4,19.7,28.4
2020-10-01T23:00:00Z,3.372,-9999,6.4,Broome,23.040000000000003,DAMPIER_202009_DNE,10,October,0.4,19.7,28.4
2020-10-02T00:00:00Z,5.115,-9999,7.3,Broome,26.28,DAMPIER_202009_DNE,10,October,0.4,19.7,28.4
2020-10-02T01:00:00Z,6.907,-9999,6.6,Broome,23.759999999999998,DAMPIER_202009_DNE,10,October,0.4,19.7,28.4
2020-10-02T02:00:00Z,8.489,-9999,7.6,Broome,27.36,DAMPIER_202009_DNE,10,October,0.4,19.7,28.4
2020-10-02T03:00:00Z,9.316,-9999,8.2,Broome,29.52,DAMPIER_202009_DNE,10,October,0.4,19.7,28.4
2020-10-02T04:00:00Z,8.873,-9999,7.7,Broome,27.720000000000002,DAMPIER_202009_DNE,10,October,0.4,19.7,28.4
2020-10-02T05:00:00Z,7.51,-9999,7.2,Broome,25.92,DAMPIER_202009_DNE,10,October,0.4,19.7,28.4
2020-10-02T06:00:00Z,5.96,-9999,6.1,Broome,21.96,DAMPIER_202009_DNE,10,October,0.4,19.7,28.4
2020-10-02T07:00:00Z,4.368,-9999,7.7,Broome,27.720000000000002,DAMPIER_202009_DNE,10,October,0.4,19.7,28.4
2020-10-02T08:00:00Z,2.866,-9999,8,Broome,28.8,DAMPIER_202009_DNE,10,October,0.4,19.7,28.4
2020-10-02T09:00:00Z,1.769,-9999,7.8,Broome,28.08,DAMPIER_202009_DNE,10,October,0.4,19.7,28.4
2020-10-02T10:00:00Z,1.752,-9999,5.6,Broome,20.16,DAMPIER_202009_DNE,10,October,0.4,19.7,28.4
2020-10-02T11:00:00Z,3.047,-9999,6.4,Broome,23.040000000000003,DAMPIER_202009_DNE,10,October,0.4,19.7,28.4
2020-10-02T12:00:00Z,4.85,-9999,6.5,Broome,23.400000000000002,DAMPIER_202009_DNE,10,October,0.4,19.7,28.4
2020-10-02T13:00:00Z,6.708,-9999,5.7,Broome,20.52,DAMPIER_202009_DNE,10,October,0.4,19.7,28.4
2020-10-02T14:00:00Z,8.411,-9999,5.8,Broome,20.88,DAMPIER_202009_DNE,10,October,0.4,19.7,28.4
2020-10-02T15:00:00Z,9.431,-9999,5.6,Broome,20.16,DAMPIER_202009_DNE,10,October,0.4,19.7,28.4
2020-10-02T16:00:00Z,9.191,-9999,4.3,Broome,15.48,DAMPIER_202009_DNE,10,October,0.4,19.7,28.4
2020-10-02T17:00:00Z,7.914,-9999,4.3,Broome,15.48,DAMPIER_202009_DNE,10,October,0.4,19.7,28.4
2020-10-02T18:00:00Z,6.367,-9999,3.6,Broome,12.96,DAMPIER_202009_DNE,10,October,0.4,19.7,28.4
2020-10-02T19:00:00Z,4.727,-9999,2.9,Broome,10.44,DAMPIER_202009_DNE,10,October,0.4,19.7,28.4
2020-10-02T20:00:00Z,3.102,-9999,3.2,Broome,11.520000000000001,DAMPIER_202009_DNE,10,October,0.4,19.7,28.4
2020-10-02T21:00:00Z,1.803,-9999,3.4,Broome,12.24,DAMPIER_202009_DNE,10,October,0.4,19.7,28.4
2020-10-02T22:00:00Z,1.451,-9999,3.4,Broome,12.24,DAMPIER_202009_DNE,10,October,0.4,19.7,28.4
2020-10-02T23:00:00Z,2.524,-9999,4.9,Broome,17.64,DAMPIER_202009_DNE,10,October,0.4,19.7,28.4
2020-10-03T00:00:00Z,4.278,-9999,3.3,Broome,11.879999999999999,DAMPIER_202009_DNE,10,October,0.4,19.7,28.4
2020-10-03T01:00:00Z,6.147,-9999,4.5,Broome,16.2,DAMPIER_202009_DNE,10,October,0.4,19.7,28.4
2020-10-03T02:00:00Z,7.944,-9999,5,Broome,18,DAMPIER_202009_DNE,10,October,0.4,19.7,28.4
2020-10-03T03:00:00Z,9.191,-9999,5.3,Broome,19.08,DAMPIER_202009_DNE,10,October,0.4,19.7,28.4
2020-10-03T04:00:00Z,9.283,-9999,6,Broome,21.6,DAMPIER_202009_DNE,10,October,0.4,19.7,28.4
2020-10-03T05:00:00Z,8.188,-9999,5.9,Broome,21.240000000000002,DAMPIER_202009_DNE,10,October,0.4,19.7,28.4
2020-10-03T06:00:00Z,6.628,-9999,6,Broome,21.6,DAMPIER_202009_DNE,10,October,0.4,19.7,28.4
2020-10-03T07:00:00Z,5.009,-9999,6,Broome,21.6,DAMPIER_202009_DNE,10,October,0.4,19.7,28.4
2020-10-03T08:00:00Z,3.396,-9999,5.6,Broome,20.16,DAMPIER_202009_DNE,10,October,0.4,19.7,28.4
2020-10-03T09:00:00Z,2.037,-9999,5.6,Broome,20.16,DAMPIER_202009_DNE,10,October,0.4,19.7,28.4
2020-10-03T10:00:00Z,1.456,-9999,5.2,Broome,18.720000000000002,DAMPIER_202009_DNE,10,October,0.4,19.7,28.4
2020-10-03T11:00:00Z,2.348,-9999,5.4,Broome,19.44,DAMPIER_202009_DNE,10,October,0.4,19.7,28.4
2020-10-03T12:00:00Z,4.151,-9999,5.2,Broome,18.720000000000002,DAMPIER_202009_DNE,10,October,0.4,19.7,28.4
2020-10-03T13:00:00Z,6.09,-9999,5.5,Broome,19.8,DAMPIER_202009_DNE,10,October,0.4,19.7,28.4
2020-10-03T14:00:00Z,7.961,-9999,6.9,Broome,24.840000000000003,DAMPIER_202009_DNE,10,October,0.4,19.7,28.4
2020-10-03T15:00:00Z,9.343,-9999,6.5,Broome,23.400000000000002,DAMPIER_202009_DNE,10,October,0.4,19.7,28.4
2020-10-03T16:00:00Z,9.615,-9999,7.2,Broome,25.92,DAMPIER_202009_DNE,10,October,0.4,19.7,28.4
2020-10-03T17:00:00Z,8.652,-9999,9.1,Broome,32.76,DAMPIER_202009_DNE,10,October,0.4,19.7,28.4
2020-10-03T18:00:00Z,7.108,-9999,11.8,Broome,42.480000000000004,DAMPIER_202009_DNE,10,October,0.4,19.7,28.4
2020-10-03T19:00:00Z,5.416,-9999,10.1,Broome,36.36,DAMPIER_202009_DNE,10,October,0.4,19.7,28.4
2020-10-03T20:00:00Z,3.656,-9999,9.1,Broome,32.76,DAMPIER_202009_DNE,10,October,0.4,19.7,28.4
2020-10-03T21:00:00Z,2.066,-9999,13.1,Broome,47.16,DAMPIER_202009_DNE,10,October,0.4,19.7,28.4
2020-10-03T22:00:00Z,1.095,-9999,12.7,Broome,45.72,DAMPIER_202009_DNE,10,October,0.4,19.7,28.4
2020-10-03T23:00:00Z,1.581,-9999,6.9,Broome,24.840000000000003,DAMPIER_202009_DNE,10,October,0.4,19.7,28.4
2020-10-04T00:00:00Z,3.238,-9999,8.9,Broome,32.04,DAMPIER_202009_DNE,10,October,0.4,19.7,28.4
2020-10-04T01:00:00Z,5.126,-9999,4.8,Broome,17.28,DAMPIER_202009_DNE,10,October,0.4,19.7,28.4
2020-10-04T02:00:00Z,7.04,-9999,5.2,Broome,18.720000000000002,DAMPIER_202009_DNE,10,October,0.4,19.7,28.4
2020-10-04T03:00:00Z,8.633,-9999,2.9,Broome,10.44,DAMPIER_202009_DNE,10,October,0.4,19.7,28.4
2020-10-04T04:00:00Z,9.289,-9999,2.7,Broome,9.72,DAMPIER_202009_DNE,10,October,0.4,19.7,28.4
2020-10-04T05:00:00Z,8.665,-9999,5.8,Broome,20.88,DAMPIER_202009_DNE,10,October,0.4,19.7,28.4
2020-10-04T06:00:00Z,7.227,-9999,4.1,Broome,14.76,DAMPIER_202009_DNE,10,October,0.4,19.7,28.4
2020-10-04T07:00:00Z,5.641,-9999,3.6,Broome,12.96,DAMPIER_202009_DNE,10,October,0.4,19.7,28.4
2020-10-04T08:00:00Z,3.968,-9999,3.5,Broome,12.6,DAMPIER_202009_DNE,10,October,0.4,19.7,28.4
2020-10-04T09:00:00Z,2.431,-9999,4.9,Broome,17.64,DAMPIER_202009_DNE,10,October,0.4,19.7,28.4
2020-10-04T10:00:00Z,1.429,-9999,6.8,Broome,24.48,DAMPIER_202009_DNE,10,October,0.4,19.7,28.4
2020-10-04T11:00:00Z,1.755,-9999,5.8,Broome,20.88,DAMPIER_202009_DNE,10,October,0.4,19.7,28.4
2020-10-04T12:00:00Z,3.374,-9999,7.2,Broome,25.92,DAMPIER_202009_DNE,10,October,0.4,19.7,28.4
2020-10-04T13:00:00Z,5.328,-9999,11.6,Broome,41.76,DAMPIER_202009_DNE,10,October,0.4,19.7,28.4
2020-10-04T14:00:00Z,7.248,-9999,11.4,Broome,41.04,DAMPIER_202009_DNE,10,October,0.4,19.7,28.4
2020-10-04T15:00:00Z,8.813,-9999,12,Broome,43.2,DAMPIER_202009_DNE,10,October,0.4,19.7,28.4
2020-10-04T16:00:00Z,9.463,-9999,13.1,Broome,47.16,DAMPIER_202009_DNE,10,October,0.4,19.7,28.4
2020-10-04T17:00:00Z,8.885,-9999,12.4,Broome,44.64,DAMPIER_202009_DNE,10,October,0.4,19.7,28.4
2020-10-04T18:00:00Z,7.473,-9999,11.8,Broome,42.480000000000004,DAMPIER_202009_DNE,10,October,0.4,19.7,28.4
2020-10-04T19:00:00Z,5.843,-9999,12.8,Broome,46.080000000000005,DAMPIER_202009_DNE,10,October,0.4,19.7,28.4
2020-10-04T20:00:00Z,4.137,-9999,10.4,Broome,37.440000000000005,DAMPIER_202009_DNE,10,October,0.4,19.7,28.4
2020-10-04T21:00:00Z,2.542,-9999,9,Broome,32.4,DAMPIER_202009_DNE,10,October,0.4,19.7,28.4
2020-10-04T22:00:00Z,1.355,-9999,9.2,Broome,33.12,DAMPIER_202009_DNE,10,October,0.4,19.7,28.4
2020-10-04T23:00:00Z,1.296,-9999,13.1,Broome,47.16,DAMPIER_202009_DNE,10,October,0.4,19.7,28.4
2020-10-05T00:00:00Z,2.616,-9999,11,Broome,39.6,DAMPIER_202009_DNE,10,October,0.4,19.7,28.4
2020-10-05T01:00:00Z,4.442,-9999,9.2,Broome,33.12,DAMPIER_202009_DNE,10,October,0.4,19.7,28.4
2020-10-05T02:00:00Z,6.308,-9999,7.6,Broome,27.36,DAMPIER_202009_DNE,10,October,0.4,19.7,28.4
2020-10-05T03:00:00Z,8.034,-9999,5.8,Broome,20.88,DAMPIER_202009_DNE,10,October,0.4,19.7,28.4
2020-10-05T04:00:00Z,9.121,-9999,5.5,Broome,19.8,DAMPIER_202009_DNE,10,October,0.4,19.7,28.4
2020-10-05T05:00:00Z,8.946,-9999,6.3,Broome,22.68,DAMPIER_202009_DNE,10,October,0.4,19.7,28.4
2020-10-05T06:00:00Z,7.693,-9999,5.9,Broome,21.240000000000002,DAMPIER_202009_DNE,10,October,0.4,19.7,28.4
2020-10-05T07:00:00Z,6.183,-9999,6,Broome,21.6,DAMPIER_202009_DNE,10,October,0.4,19.7,28.4
2020-10-05T08:00:00Z,4.605,-9999,6.2,Broome,22.32,DAMPIER_202009_DNE,10,October,0.4,19.7,28.4
2020-10-05T09:00:00Z,3.075,-9999,7.1,Broome,25.56,DAMPIER_202009_DNE,10,October,0.4,19.7,28.4
2020-10-05T10:00:00Z,1.881,-9999,8.5,Broome,30.6,DAMPIER_202009_DNE,10,October,0.4,19.7,28.4
2020-10-05T11:00:00Z,1.68,-9999,9.6,Broome,34.56,DAMPIER_202009_DNE,10,October,0.4,19.7,28.4
2020-10-05T12:00:00Z,2.894,-9999,9.5,Broome,34.2,DAMPIER_202009_DNE,10,October,0.4,19.7,28.4
2020-10-05T13:00:00Z,4.703,-9999,10.4,Broome,37.440000000000005,DAMPIER_202009_DNE,10,October,0.4,19.7,28.4
2020-10-05T14:00:00Z,6.522,-9999,12.3,Broome,44.28,DAMPIER_202009_DNE,10,October,0.4,19.7,28.4
2020-10-05T15:00:00Z,8.153,-9999,13.4,Broome,48.24,DAMPIER_202009_DNE,10,October,0.4,19.7,28.4
2020-10-05T16:00:00Z,9.152,-9999,13.7,Broome,49.32,DAMPIER_202009_DNE,10,October,0.4,19.7,28.4
2020-10-05T17:00:00Z,9.062,-9999,14.7,Broome,52.92,DAMPIER_202009_DNE,10,October,0.4,19.7,28.4
2020-10-05T18:00:00Z,7.932,-9999,13.8,Broome,49.68000000000001,DAMPIER_202009_DNE,10,October,0.4,19.7,28.4
2020-10-05T19:00:00Z,6.411,-9999,10.5,Broome,37.800000000000004,DAMPIER_202009_DNE,10,October,0.4,19.7,28.4
2020-10-05T20:00:00Z,4.792,-9999,13.9,Broome,50.04,DAMPIER_202009_DNE,10,October,0.4,19.7,28.4
2020-10-05T21:00:00Z,3.164,-9999,9.1,Broome,32.76,DAMPIER_202009_DNE,10,October,0.4,19.7,28.4
2020-10-05T22:00:00Z,1.769,-9999,7.6,Broome,27.36,DAMPIER_202009_DNE,10,October,0.4,19.7,28.4
2020-10-05T23:00:00Z,1.18,-9999,8.9,Broome,32.04,DAMPIER_202009_DNE,10,October,0.4,19.7,28.4
2020-10-06T00:00:00Z,2.029,-9999,12.3,Broome,44.28,DAMPIER_202009_DNE,10,October,0.4,19.7,28.4
2020-10-06T01:00:00Z,3.709,-9999,10.7,Broome,38.519999999999996,DAMPIER_202009_DNE,10,October,0.4,19.7,28.4
2020-10-06T02:00:00Z,5.506,-9999,9.6,Broome,34.56,DAMPIER_202009_DNE,10,October,0.4,19.7,28.4
2020-10-06T03:00:00Z,7.231,-9999,4.7,Broome,16.92,DAMPIER_202009_DNE,10,October,0.4,19.7,28.4
2020-10-06T04:00:00Z,8.548,-9999,5.8,Broome,20.88,DAMPIER_202009_DNE,10,October,0.4,19.7,28.4
2020-10-06T05:00:00Z,8.922,-9999,6.7,Broome,24.12,DAMPIER_202009_DNE,10,October,0.4,19.7,28.4
2020-10-06T06:00:00Z,8.076,-9999,5.3,Broome,19.08,DAMPIER_202009_DNE,10,October,0.4,19.7,28.4
2020-10-06T07:00:00Z,6.665,-9999,5.3,Broome,19.08,DAMPIER_202009_DNE,10,October,0.4,19.7,28.4
2020-10-06T08:00:00Z,5.188,-9999,5.1,Broome,18.36,DAMPIER_202009_DNE,10,October,0.4,19.7,28.4
2020-10-06T09:00:00Z,3.692,-9999,7.2,Broome,25.92,DAMPIER_202009_DNE,10,October,0.4,19.7,28.4
2020-10-06T10:00:00Z,2.398,-9999,6.5,Broome,23.400000000000002,DAMPIER_202009_DNE,10,October,0.4,19.7,28.4
2020-10-06T11:00:00Z,1.783,-9999,8.8,Broome,31.680000000000003,DAMPIER_202009_DNE,10,October,0.4,19.7,28.4
2020-10-06T12:00:00Z,2.492,-9999,7,Broome,25.2,DAMPIER_202009_DNE,10,October,0.4,19.7,28.4
2020-10-06T13:00:00Z,4.133,-9999,8,Broome,28.8,DAMPIER_202009_DNE,10,October,0.4,19.7,28.4
2020-10-06T14:00:00Z,5.898,-9999,8,Broome,28.8,DAMPIER_202009_DNE,10,October,0.4,19.7,28.4
2020-10-06T15:00:00Z,7.545,-9999,7.4,Broome,26.64,DAMPIER_202009_DNE,10,October,0.4,19.7,28.4
2020-10-06T16:00:00Z,8.75,-9999,7.1,Broome,25.56,DAMPIER_202009_DNE,10,October,0.4,19.7,28.4
2020-10-06T17:00:00Z,9.037,-9999,9.4,Broome,33.84,DAMPIER_202009_DNE,10,October,0.4,19.7,28.4
2020-10-06T18:00:00Z,8.264,-9999,11.7,Broome,42.12,DAMPIER_202009_DNE,10,October,0.4,19.7,28.4
2020-10-06T19:00:00Z,6.91,-9999,11.3,Broome,40.68000000000001,DAMPIER_202009_DNE,10,October,0.4,19.7,28.4
2020-10-06T20:00:00Z,5.405,-9999,10.8,Broome,38.88,DAMPIER_202009_DNE,10,October,0.4,19.7,28.4
2020-10-06T21:00:00Z,3.866,-9999,9.7,Broome,34.92,DAMPIER_202009_DNE,10,October,0.4,19.7,28.4
2020-10-06T22:00:00Z,2.497,-9999,10.6,Broome,38.16,DAMPIER_202009_DNE,10,October,0.4,19.7,28.4
2020-10-06T23:00:00Z,1.646,-9999,10.5,Broome,37.800000000000004,DAMPIER_202009_DNE,10,October,0.4,19.7,28.4
2020-10-07T00:00:00Z,1.957,-9999,9.1,Broome,32.76,DAMPIER_202009_DNE,10,October,0.4,19.7,28.4
2020-10-07T01:00:00Z,3.313,-9999,10.6,Broome,38.16,DAMPIER_202009_DNE,10,October,0.4,19.7,28.4
2020-10-07T02:00:00Z,4.941,-9999,8,Broome,28.8,DAMPIER_202009_DNE,10,October,0.4,19.7,28.4
2020-10-07T03:00:00Z,6.55,-9999,6,Broome,21.6,DAMPIER_202009_DNE,10,October,0.4,19.7,28.4
2020-10-07T04:00:00Z,7.905,25.8,2.3,Broome,8.28,DAMPIER_202009_DNE,10,October,0.4,19.7,28.4
2020-10-07T05:00:00Z,8.595,25.8,2.8,Broome,10.08,DAMPIER_202009_DNE,10,October,0.4,19.7,28.4
2020-10-07T06:00:00Z,8.207,25.8,4.9,Broome,17.64,DAMPIER_202009_DNE,10,October,0.4,19.7,28.4
2020-10-07T07:00:00Z,7.052,26,4.5,Broome,16.2,DAMPIER_202009_DNE,10,October,0.4,19.7,28.4
2020-10-07T08:00:00Z,5.743,25.9,6.5,Broome,23.400000000000002,DAMPIER_202009_DNE,10,October,0.4,19.7,28.4
2020-10-07T09:00:00Z,4.405,26,7.5,Broome,27,DAMPIER_202009_DNE,10,October,0.4,19.7,28.4
2020-10-07T10:00:00Z,3.159,25.8,6.2,Broome,22.32,DAMPIER_202009_DNE,10,October,0.4,19.7,28.4
2020-10-07T11:00:00Z,2.343,25.8,6.2,Broome,22.32,DAMPIER_202009_DNE,10,October,0.4,19.7,28.4
2020-10-07T12:00:00Z,2.557,25.7,5.9,Broome,21.240000000000002,DAMPIER_202009_DNE,10,October,0.4,19.7,28.4
2020-10-07T13:00:00Z,3.852,25.6,5.4,Broome,19.44,DAMPIER_202009_DNE,10,October,0.4,19.7,28.4
2020-10-07T14:00:00Z,5.464,25.7,3.7,Broome,13.32,DAMPIER_202009_DNE,10,October,0.4,19.7,28.4
2020-10-07T15:00:00Z,6.998,25.7,3.5,Broome,12.6,DAMPIER_202009_DNE,10,October,0.4,19.7,28.4
2020-10-07T16:00:00Z,8.22,25.6,3.7,Broome,13.32,DAMPIER_202009_DNE,10,October,0.4,19.7,28.4
2020-10-07T17:00:00Z,8.797,25.6,2.8,Broome,10.08,DAMPIER_202009_DNE,10,October,0.4,19.7,28.4
2020-10-07T18:00:00Z,8.451,25.7,3.9,Broome,14.04,DAMPIER_202009_DNE,10,October,0.4,19.7,28.4
2020-10-07T19:00:00Z,7.327,25.7,4.1,Broome,14.76,DAMPIER_202009_DNE,10,October,0.4,19.7,28.4
2020-10-07T20:00:00Z,5.963,25.6,4.6,Broome,16.56,DAMPIER_202009_DNE,10,October,0.4,19.7,28.4
2020-10-07T21:00:00Z,4.571,25.6,4.7,Broome,16.92,DAMPIER_202009_DNE,10,October,0.4,19.7,28.4
2020-10-07T22:00:00Z,3.29,25.4,3.7,Broome,13.32,DAMPIER_202009_DNE,10,October,0.4,19.7,28.4
2020-10-07T23:00:00Z,2.369,25.3,4.3,Broome,15.48,DAMPIER_202009_DNE,10,October,0.4,19.7,28.4
2020-10-08T00:00:00Z,2.277,25.1,2.7,Broome,9.72,DAMPIER_202009_DNE,10,October,0.4,19.7,28.4
2020-10-08T01:00:00Z,3.227,25.3,1.9,Broome,6.84,DAMPIER_202009_DNE,10,October,0.4,19.7,28.4
2020-10-08T02:00:00Z,4.583,25.5,2.1,Broome,7.5600000000000005,DAMPIER_202009_DNE,10,October,0.4,19.7,28.4
2020-10-08T03:00:00Z,5.925,25.5,3.9,Broome,14.04,DAMPIER_202009_DNE,10,October,0.4,19.7,28.4
2020-10-08T04:00:00Z,7.132,25.5,4.6,Broome,16.56,DAMPIER_202009_DNE,10,October,0.4,19.7,28.4
2020-10-08T05:00:00Z,7.956,25.5,6,Broome,21.6,DAMPIER_202009_DNE,10,October,0.4,19.7,28.4
2020-10-08T06:00:00Z,7.978,25.5,6.9,Broome,24.840000000000003,DAMPIER_202009_DNE,10,October,0.4,19.7,28.4
2020-10-08T07:00:00Z,7.177,25.6,7,Broome,25.2,DAMPIER_202009_DNE,10,October,0.4,19.7,28.4
2020-10-08T08:00:00Z,6.073,25.8,6.6,Broome,23.759999999999998,DAMPIER_202009_DNE,10,October,0.4,19.7,28.4
2020-10-08T09:00:00Z,4.939,25.9,6.7,Broome,24.12,DAMPIER_202009_DNE,10,October,0.4,19.7,28.4
2020-10-08T10:00:00Z,3.848,25.9,4.5,Broome,16.2,DAMPIER_202009_DNE,10,October,0.4,19.7,28.4
2020-10-08T11:00:00Z,3.052,25.9,5.8,Broome,20.88,DAMPIER_202009_DNE,10,October,0.4,19.7,28.4
2020-10-08T12:00:00Z,2.932,25.9,6.3,Broome,22.68,DAMPIER_202009_DNE,10,October,0.4,19.7,28.4
2020-10-08T13:00:00Z,3.726,25.6,6.8,Broome,24.48,DAMPIER_202009_DNE,10,October,0.4,19.7,28.4
2020-10-08T14:00:00Z,5.029,25.7,5,Broome,18,DAMPIER_202009_DNE,10,October,0.4,19.7,28.4
2020-10-08T15:00:00Z,6.365,25.7,3.1,Broome,11.16,DAMPIER_202009_DNE,10,October,0.4,19.7,28.4
2020-10-08T16:00:00Z,7.514,25.6,3.1,Broome,11.16,DAMPIER_202009_DNE,10,October,0.4,19.7,28.4
2020-10-08T17:00:00Z,8.25,25.4,2.6,Broome,9.360000000000001,DAMPIER_202009_DNE,10,October,0.4,19.7,28.4
2020-10-08T18:00:00Z,8.253,25.5,3.8,Broome,13.68,DAMPIER_202009_DNE,10,October,0.4,19.7,28.4
2020-10-08T19:00:00Z,7.494,25.6,2.7,Broome,9.72,DAMPIER_202009_DNE,10,October,0.4,19.7,28.4
2020-10-08T20:00:00Z,6.394,25.6,5.3,Broome,19.08,DAMPIER_202009_DNE,10,October,0.4,19.7,28.4
2020-10-08T21:00:00Z,5.226,25.6,6.2,Broome,22.32,DAMPIER_202009_DNE,10,October,0.4,19.7,28.4
2020-10-08T22:00:00Z,4.082,25.5,4.4,Broome,15.840000000000002,DAMPIER_202009_DNE,10,October,0.4,19.7,28.4
2020-10-08T23:00:00Z,3.148,25.5,3.4,Broome,12.24,DAMPIER_202009_DNE,10,October,0.4,19.7,28.4
2020-10-09T00:00:00Z,2.782,25.4,3.8,Broome,13.68,DAMPIER_202009_DNE,10,October,0.4,19.7,28.4
2020-10-09T01:00:00Z,3.312,25.4,3.9,Broome,14.04,DAMPIER_202009_DNE,10,October,0.4,19.7,28.4
2020-10-09T02:00:00Z,4.355,25.5,4.2,Broome,15.120000000000001,DAMPIER_202009_DNE,10,October,0.4,19.7,28.4
2020-10-09T03:00:00Z,5.418,25.5,5.6,Broome,20.16,DAMPIER_202009_DNE,10,October,0.4,19.7,28.4
2020-10-09T04:00:00Z,6.423,25.6,7.1,Broome,25.56,DAMPIER_202009_DNE,10,October,0.4,19.7,28.4
2020-10-09T05:00:00Z,7.221,25.5,7.4,Broome,26.64,DAMPIER_202009_DNE,10,October,0.4,19.7,28.4
2020-10-09T06:00:00Z,7.522,25.4,7.8,Broome,28.08,DAMPIER_202009_DNE,10,October,0.4,19.7,28.4
2020-10-09T07:00:00Z,7.138,25.5,8,Broome,28.8,DAMPIER_202009_DNE,10,October,0.4,19.7,28.4
2020-10-09T08:00:00Z,6.309,25.6,7.4,Broome,26.64,DAMPIER_202009_DNE,10,October,0.4,19.7,28.4
2020-10-09T09:00:00Z,5.405,25.7,6.5,Broome,23.400000000000002,DAMPIER_202009_DNE,10,October,0.4,19.7,28.4
2020-10-09T10:00:00Z,4.52,25.8,6.6,Broome,23.759999999999998,DAMPIER_202009_DNE,10,October,0.4,19.7,28.4
2020-10-09T11:00:00Z,3.821,25.8,5.2,Broome,18.720000000000002,DAMPIER_202009_DNE,10,October,0.4,19.7,28.4
2020-10-09T12:00:00Z,3.559,25.7,3,Broome,10.8,DAMPIER_202009_DNE,10,October,0.4,19.7,28.4
2020-10-09T13:00:00Z,3.94,25.6,3,Broome,10.8,DAMPIER_202009_DNE,10,October,0.4,19.7,28.4
2020-10-09T14:00:00Z,4.816,25.7,1.9,Broome,6.84,DAMPIER_202009_DNE,10,October,0.4,19.7,28.4
2020-10-09T15:00:00Z,5.832,25.6,1.7,Broome,6.12,DAMPIER_202009_DNE,10,October,0.4,19.7,28.4
2020-10-09T16:00:00Z,6.788,25.6,2.8,Broome,10.08,DAMPIER_202009_DNE,10,October,0.4,19.7,28.4
2020-10-09T17:00:00Z,7.488,25.5,3.8,Broome,13.68,DAMPIER_202009_DNE,10,October,0.4,19.7,28.4
2020-10-09T18:00:00Z,7.744,25.4,2,Broome,7.2,DAMPIER_202009_DNE,10,October,0.4,19.7,28.4
2020-10-09T19:00:00Z,7.392,25.4,5,Broome,18,DAMPIER_202009_DNE,10,October,0.4,19.7,28.4
2020-10-09T20:00:00Z,6.608,25.5,5.7,Broome,20.52,DAMPIER_202009_DNE,10,October,0.4,19.7,28.4
2020-10-09T21:00:00Z,5.699,25.5,7,Broome,25.2,DAMPIER_202009_DNE,10,October,0.4,19.7,28.4
2020-10-09T22:00:00Z,4.797,25.5,3.4,Broome,12.24,DAMPIER_202009_DNE,10,October,0.4,19.7,28.4
2020-10-09T23:00:00Z,4.044,25.5,3.8,Broome,13.68,DAMPIER_202009_DNE,10,October,0.4,19.7,28.4
2020-10-10T00:00:00Z,3.591,25.5,2.6,Broome,9.360000000000001,DAMPIER_202009_DNE,10,October,0.4,19.7,28.4
2020-10-10T01:00:00Z,3.691,25.5,2.5,Broome,9,DAMPIER_202009_DNE,10,October,0.4,19.7,28.4
2020-10-10T02:00:00Z,4.29,25.6,3.5,Broome,12.6,DAMPIER_202009_DNE,10,October,0.4,19.7,28.4
2020-10-10T03:00:00Z,5.024,25.6,5.2,Broome,18.720000000000002,DAMPIER_202009_DNE,10,October,0.4,19.7,28.4
2020-10-10T04:00:00Z,5.747,25.6,5.7,Broome,20.52,DAMPIER_202009_DNE,10,October,0.4,19.7,28.4
2020-10-10T05:00:00Z,6.386,25.7,6.9,Broome,24.840000000000003,DAMPIER_202009_DNE,10,October,0.4,19.7,28.4
2020-10-10T06:00:00Z,6.771,25.6,7.6,Broome,27.36,DAMPIER_202009_DNE,10,October,0.4,19.7,28.4
2020-10-10T07:00:00Z,6.746,25.6,7.1,Broome,25.56,DAMPIER_202009_DNE,10,October,0.4,19.7,28.4
2020-10-10T08:00:00Z,6.321,25.6,7.3,Broome,26.28,DAMPIER_202009_DNE,10,October,0.4,19.7,28.4
2020-10-10T09:00:00Z,5.728,25.7,7.5,Broome,27,DAMPIER_202009_DNE,10,October,0.4,19.7,28.4
2020-10-10T10:00:00Z,5.102,25.9,5.9,Broome,21.240000000000002,DAMPIER_202009_DNE,10,October,0.4,19.7,28.4
2020-10-10T11:00:00Z,4.617,25.8,5.7,Broome,20.52,DAMPIER_202009_DNE,10,October,0.4,19.7,28.4
2020-10-10T12:00:00Z,4.384,25.7,3.6,Broome,12.96,DAMPIER_202009_DNE,10,October,0.4,19.7,28.4
2020-10-10T13:00:00Z,4.452,25.9,2.4,Broome,8.64,DAMPIER_202009_DNE,10,October,0.4,19.7,28.4
2020-10-10T14:00:00Z,4.85,25.8,3.2,Broome,11.520000000000001,DAMPIER_202009_DNE,10,October,0.4,19.7,28.4
2020-10-10T15:00:00Z,5.459,25.7,3.5,Broome,12.6,DAMPIER_202009_DNE,10,October,0.4,19.7,28.4
2020-10-10T16:00:00Z,6.126,25.6,4.3,Broome,15.48,DAMPIER_202009_DNE,10,October,0.4,19.7,28.4
2020-10-10T17:00:00Z,6.674,25.8,5.2,Broome,18.720000000000002,DAMPIER_202009_DNE,10,October,0.4,19.7,28.4
2020-10-10T18:00:00Z,6.981,25.6,4.6,Broome,16.56,DAMPIER_202009_DNE,10,October,0.4,19.7,28.4
2020-10-10T19:00:00Z,6.945,25.5,3,Broome,10.8,DAMPIER_202009_DNE,10,October,0.4,19.7,28.4
2020-10-10T20:00:00Z,6.558,25.5,5.1,Broome,18.36,DAMPIER_202009_DNE,10,October,0.4,19.7,28.4
2020-10-10T21:00:00Z,5.992,25.6,2.8,Broome,10.08,DAMPIER_202009_DNE,10,October,0.4,19.7,28.4
2020-10-10T22:00:00Z,5.402,25.6,3.4,Broome,12.24,DAMPIER_202009_DNE,10,October,0.4,19.7,28.4
2020-10-10T23:00:00Z,4.873,25.6,4.2,Broome,15.120000000000001,DAMPIER_202009_DNE,10,October,0.4,19.7,28.4
2020-10-11T00:00:00Z,4.532,25.6,3.6,Broome,12.96,DAMPIER_202009_DNE,10,October,0.4,19.7,28.4
2020-10-11T01:00:00Z,4.458,25.7,3.1,Broome,11.16,DAMPIER_202009_DNE,10,October,0.4,19.7,28.4
2020-10-11T02:00:00Z,4.59,25.8,2.4,Broome,8.64,DAMPIER_202009_DNE,10,October,0.4,19.7,28.4
2020-10-11T03:00:00Z,4.832,25.7,3.5,Broome,12.6,DAMPIER_202009_DNE,10,October,0.4,19.7,28.4
2020-10-11T04:00:00Z,5.168,25.7,4.9,Broome,17.64,DAMPIER_202009_DNE,10,October,0.4,19.7,28.4
2020-10-11T05:00:00Z,5.519,25.7,6.5,Broome,23.400000000000002,DAMPIER_202009_DNE,10,October,0.4,19.7,28.4
2020-10-11T06:00:00Z,5.813,25.8,7.3,Broome,26.28,DAMPIER_202009_DNE,10,October,0.4,19.7,28.4
2020-10-11T07:00:00Z,6.042,25.8,7.8,Broome,28.08,DAMPIER_202009_DNE,10,October,0.4,19.7,28.4
2020-10-11T08:00:00Z,6.086,25.8,6.7,Broome,24.12,DAMPIER_202009_DNE,10,October,0.4,19.7,28.4
2020-10-11T09:00:00Z,5.899,25.8,4.3,Broome,15.48,DAMPIER_202009_DNE,10,October,0.4,19.7,28.4
2020-10-11T10:00:00Z,5.611,25.8,3.4,Broome,12.24,DAMPIER_202009_DNE,10,October,0.4,19.7,28.4
2020-10-11T11:00:00Z,5.369,25.9,3.6,Broome,12.96,DAMPIER_202009_DNE,10,October,0.4,19.7,28.4
2020-10-11T12:00:00Z,5.205,25.9,2.5,Broome,9,DAMPIER_202009_DNE,10,October,0.4,19.7,28.4
2020-10-11T13:00:00Z,5.142,26,2.1,Broome,7.5600000000000005,DAMPIER_202009_DNE,10,October,0.4,19.7,28.4
2020-10-11T14:00:00Z,5.183,26,2.7,Broome,9.72,DAMPIER_202009_DNE,10,October,0.4,19.7,28.4
2020-10-11T15:00:00Z,5.326,26.1,3.1,Broome,11.16,DAMPIER_202009_DNE,10,October,0.4,19.7,28.4
2020-10-11T16:00:00Z,5.528,26,2.8,Broome,10.08,DAMPIER_202009_DNE,10,October,0.4,19.7,28.4
2020-10-11T17:00:00Z,5.76,26,4,Broome,14.4,DAMPIER_202009_DNE,10,October,0.4,19.7,28.4
2020-10-11T18:00:00Z,5.999,26,4.4,Broome,15.840000000000002,DAMPIER_202009_DNE,10,October,0.4,19.7,28.4
2020-10-11T19:00:00Z,6.146,26,4,Broome,14.4,DAMPIER_202009_DNE,10,October,0.4,19.7,28.4
2020-10-11T20:00:00Z,6.156,26,3.7,Broome,13.32,DAMPIER_202009_DNE,10,October,0.4,19.7,28.4
2020-10-11T21:00:00Z,6.112,26.1,3.4,Broome,12.24,DAMPIER_202009_DNE,10,October,0.4,19.7,28.4
2020-10-11T22:00:00Z,5.976,26,2.1,Broome,7.5600000000000005,DAMPIER_202009_DNE,10,October,0.4,19.7,28.4
2020-10-11T23:00:00Z,5.72,26,0.8,Broome,2.8800000000000003,DAMPIER_202009_DNE,10,October,0.4,19.7,28.4
2020-10-12T00:00:00Z,5.494,26,0.9,Broome,3.24,DAMPIER_202009_DNE,10,October,0.4,19.7,28.4
2020-10-12T01:00:00Z,5.369,26.1,1.7,Broome,6.12,DAMPIER_202009_DNE,10,October,0.4,19.7,28.4
2020-10-12T02:00:00Z,5.223,26.1,4.6,Broome,16.56,DAMPIER_202009_DNE,10,October,0.4,19.7,28.4
2020-10-12T03:00:00Z,5.013,26.1,5.5,Broome,19.8,DAMPIER_202009_DNE,10,October,0.4,19.7,28.4
2020-10-12T04:00:00Z,4.865,26.2,6.7,Broome,24.12,DAMPIER_202009_DNE,10,October,0.4,19.7,28.4
2020-10-12T05:00:00Z,4.81,26.2,8.3,Broome,29.880000000000003,DAMPIER_202009_DNE,10,October,0.4,19.7,28.4
2020-10-12T06:00:00Z,4.875,26.2,8.7,Broome,31.319999999999997,DAMPIER_202009_DNE,10,October,0.4,19.7,28.4
2020-10-12T07:00:00Z,5.094,26.4,7.4,Broome,26.64,DAMPIER_202009_DNE,10,October,0.4,19.7,28.4
2020-10-12T08:00:00Z,5.406,26.3,7.6,Broome,27.36,DAMPIER_202009_DNE,10,October,0.4,19.7,28.4
2020-10-12T09:00:00Z,5.737,26,5.7,Broome,20.52,DAMPIER_202009_DNE,10,October,0.4,19.7,28.4
2020-10-12T10:00:00Z,5.966,25.9,3.5,Broome,12.6,DAMPIER_202009_DNE,10,October,0.4,19.7,28.4
2020-10-12T11:00:00Z,6.086,26.1,2.7,Broome,9.72,DAMPIER_202009_DNE,10,October,0.4,19.7,28.4
2020-10-12T12:00:00Z,6.108,25.9,2.6,Broome,9.360000000000001,DAMPIER_202009_DNE,10,October,0.4,19.7,28.4
2020-10-12T13:00:00Z,6.004,26,1.6,Broome,5.760000000000001,DAMPIER_202009_DNE,10,October,0.4,19.7,28.4
2020-10-12T14:00:00Z,5.81,26.3,1.9,Broome,6.84,DAMPIER_202009_DNE,10,October,0.4,19.7,28.4
2020-10-12T15:00:00Z,5.558,26.3,0.7,Broome,2.52,DAMPIER_202009_DNE,10,October,0.4,19.7,28.4
2020-10-12T16:00:00Z,5.264,26.3,0.9,Broome,3.24,DAMPIER_202009_DNE,10,October,0.4,19.7,28.4
2020-10-12T17:00:00Z,5.05,26.4,2.3,Broome,8.28,DAMPIER_202009_DNE,10,October,0.4,19.7,28.4
2020-10-12T18:00:00Z,5.024,26.4,0.7,Broome,2.52,DAMPIER_202009_DNE,10,October,0.4,19.7,28.4
2020-10-12T19:00:00Z,5.172,26.4,1.4,Broome,5.04,DAMPIER_202009_DNE,10,October,0.4,19.7,28.4
2020-10-12T20:00:00Z,5.451,26.5,3.9,Broome,14.04,DAMPIER_202009_DNE,10,October,0.4,19.7,28.4
2020-10-12T21:00:00Z,5.794,26.5,1.3,Broome,4.680000000000001,DAMPIER_202009_DNE,10,October,0.4,19.7,28.4
2020-10-12T22:00:00Z,6.147,26.4,0.4,Broome,1.4400000000000002,DAMPIER_202009_DNE,10,October,0.4,19.7,28.4
2020-10-12T23:00:00Z,6.434,26.3,1.9,Broome,6.84,DAMPIER_202009_DNE,10,October,0.4,19.7,28.4
2020-10-13T00:00:00Z,6.544,26.3,2.8,Broome,10.08,DAMPIER_202009_DNE,10,October,0.4,19.7,28.4
2020-10-13T01:00:00Z,6.411,26.4,3.6,Broome,12.96,DAMPIER_202009_DNE,10,October,0.4,19.7,28.4
2020-10-13T02:00:00Z,6.064,26.5,4,Broome,14.4,DAMPIER_202009_DNE,10,October,0.4,19.7,28.4
2020-10-13T03:00:00Z,5.563,26.5,4.3,Broome,15.48,DAMPIER_202009_DNE,10,October,0.4,19.7,28.4
2020-10-13T04:00:00Z,4.983,26.6,4.9,Broome,17.64,DAMPIER_202009_DNE,10,October,0.4,19.7,28.4
2020-10-13T05:00:00Z,4.461,26.6,6,Broome,21.6,DAMPIER_202009_DNE,10,October,0.4,19.7,28.4
2020-10-13T06:00:00Z,4.156,26.6,7.9,Broome,28.44,DAMPIER_202009_DNE,10,October,0.4,19.7,28.4
2020-10-13T07:00:00Z,4.176,26.6,8.8,Broome,31.680000000000003,DAMPIER_202009_DNE,10,October,0.4,19.7,28.4
2020-10-13T08:00:00Z,4.526,26.9,8.8,Broome,31.680000000000003,DAMPIER_202009_DNE,10,October,0.4,19.7,28.4
2020-10-13T09:00:00Z,5.106,26.4,5.7,Broome,20.52,DAMPIER_202009_DNE,10,October,0.4,19.7,28.4
2020-10-13T10:00:00Z,5.765,26.2,3.2,Broome,11.520000000000001,DAMPIER_202009_DNE,10,October,0.4,19.7,28.4
2020-10-13T11:00:00Z,6.405,26.2,2.9,Broome,10.44,DAMPIER_202009_DNE,10,October,0.4,19.7,28.4
2020-10-13T12:00:00Z,6.88,26.3,3,Broome,10.8,DAMPIER_202009_DNE,10,October,0.4,19.7,28.4
2020-10-13T13:00:00Z,7.031,26.2,3.1,Broome,11.16,DAMPIER_202009_DNE,10,October,0.4,19.7,28.4
2020-10-13T14:00:00Z,6.797,26.3,2.4,Broome,8.64,DAMPIER_202009_DNE,10,October,0.4,19.7,28.4
2020-10-13T15:00:00Z,6.227,26.4,2.9,Broome,10.44,DAMPIER_202009_DNE,10,October,0.4,19.7,28.4
2020-10-13T16:00:00Z,5.49,26.7,2.3,Broome,8.28,DAMPIER_202009_DNE,10,October,0.4,19.7,28.4
2020-10-13T17:00:00Z,4.781,26.8,1.8,Broome,6.48,DAMPIER_202009_DNE,10,October,0.4,19.7,28.4
2020-10-13T18:00:00Z,4.256,26.9,2,Broome,7.2,DAMPIER_202009_DNE,10,October,0.4,19.7,28.4
2020-10-13T19:00:00Z,4.069,26.9,3.1,Broome,11.16,DAMPIER_202009_DNE,10,October,0.4,19.7,28.4
2020-10-13T20:00:00Z,4.33,26.8,1.6,Broome,5.760000000000001,DAMPIER_202009_DNE,10,October,0.4,19.7,28.4
2020-10-13T21:00:00Z,4.992,26.8,1.2,Broome,4.32,DAMPIER_202009_DNE,10,October,0.4,19.7,28.4
2020-10-13T22:00:00Z,5.836,26.5,1.9,Broome,6.84,DAMPIER_202009_DNE,10,October,0.4,19.7,28.4
2020-10-13T23:00:00Z,6.622,26.6,2.1,Broome,7.5600000000000005,DAMPIER_202009_DNE,10,October,0.4,19.7,28.4
2020-10-14T00:00:00Z,7.222,26.6,1.9,Broome,6.84,DAMPIER_202009_DNE,10,October,0.4,19.7,28.4
2020-10-14T01:00:00Z,7.512,26.6,3.5,Broome,12.6,DAMPIER_202009_DNE,10,October,0.4,19.7,28.4
2020-10-14T02:00:00Z,7.29,26.7,3.5,Broome,12.6,DAMPIER_202009_DNE,10,October,0.4,19.7,28.4
2020-10-14T03:00:00Z,6.562,26.8,4.6,Broome,16.56,DAMPIER_202009_DNE,10,October,0.4,19.7,28.4
2020-10-14T04:00:00Z,5.587,27,5.1,Broome,18.36,DAMPIER_202009_DNE,10,October,0.4,19.7,28.4
2020-10-14T05:00:00Z,4.569,27.1,7.7,Broome,27.720000000000002,DAMPIER_202009_DNE,10,October,0.4,19.7,28.4
2020-10-14T06:00:00Z,3.709,27.2,8.3,Broome,29.880000000000003,DAMPIER_202009_DNE,10,October,0.4,19.7,28.4
2020-10-14T07:00:00Z,3.224,27.3,8.5,Broome,30.6,DAMPIER_202009_DNE,10,October,0.4,19.7,28.4
2020-10-14T08:00:00Z,3.372,27.4,7.8,Broome,28.08,DAMPIER_202009_DNE,10,October,0.4,19.7,28.4
2020-10-14T09:00:00Z,4.132,27,6.8,Broome,24.48,DAMPIER_202009_DNE,10,October,0.4,19.7,28.4
2020-10-14T10:00:00Z,5.181,27,4.1,Broome,14.76,DAMPIER_202009_DNE,10,October,0.4,19.7,28.4
2020-10-14T11:00:00Z,6.323,27,3.4,Broome,12.24,DAMPIER_202009_DNE,10,October,0.4,19.7,28.4
2020-10-14T12:00:00Z,7.313,26.8,2.8,Broome,10.08,DAMPIER_202009_DNE,10,October,0.4,19.7,28.4
2020-10-14T13:00:00Z,7.937,26.7,4.5,Broome,16.2,DAMPIER_202009_DNE,10,October,0.4,19.7,28.4
2020-10-14T14:00:00Z,7.964,26.8,3.5,Broome,12.6,DAMPIER_202009_DNE,10,October,0.4,19.7,28.4
2020-10-14T15:00:00Z,7.268,26.9,4.5,Broome,16.2,DAMPIER_202009_DNE,10,October,0.4,19.7,28.4
2020-10-14T16:00:00Z,6.172,27,3.8,Broome,13.68,DAMPIER_202009_DNE,10,October,0.4,19.7,28.4
2020-10-14T17:00:00Z,4.996,27.1,4.4,Broome,15.840000000000002,DAMPIER_202009_DNE,10,October,0.4,19.7,28.4
2020-10-14T18:00:00Z,3.909,27.2,4.3,Broome,15.48,DAMPIER_202009_DNE,10,October,0.4,19.7,28.4
2020-10-14T19:00:00Z,3.127,27.2,3.4,Broome,12.24,DAMPIER_202009_DNE,10,October,0.4,19.7,28.4
2020-10-14T20:00:00Z,2.987,27.3,3.3,Broome,11.879999999999999,DAMPIER_202009_DNE,10,October,0.4,19.7,28.4
2020-10-14T21:00:00Z,3.721,27.1,2.5,Broome,9,DAMPIER_202009_DNE,10,October,0.4,19.7,28.4
2020-10-14T22:00:00Z,4.928,26.9,3.8,Broome,13.68,DAMPIER_202009_DNE,10,October,0.4,19.7,28.4
2020-10-14T23:00:00Z,6.205,26.9,1.5,Broome,5.4,DAMPIER_202009_DNE,10,October,0.4,19.7,28.4
2020-10-15T00:00:00Z,7.395,26.9,1.3,Broome,4.680000000000001,DAMPIER_202009_DNE,10,October,0.4,19.7,28.4
2020-10-15T01:00:00Z,8.251,26.8,0.9,Broome,3.24,DAMPIER_202009_DNE,10,October,0.4,19.7,28.4
2020-10-15T02:00:00Z,8.39,26.8,0.5,Broome,1.8,DAMPIER_202009_DNE,10,October,0.4,19.7,28.4
2020-10-15T03:00:00Z,7.696,26.9,4.1,Broome,14.76,DAMPIER_202009_DNE,10,October,0.4,19.7,28.4
2020-10-15T04:00:00Z,6.546,27,5.7,Broome,20.52,DAMPIER_202009_DNE,10,October,0.4,19.7,28.4
2020-10-15T05:00:00Z,5.226,27.1,7.6,Broome,27.36,DAMPIER_202009_DNE,10,October,0.4,19.7,28.4
2020-10-15T06:00:00Z,3.92,27.3,8,Broome,28.8,DAMPIER_202009_DNE,10,October,0.4,19.7,28.4
2020-10-15T07:00:00Z,2.847,27.5,8,Broome,28.8,DAMPIER_202009_DNE,10,October,0.4,19.7,28.4
2020-10-15T08:00:00Z,2.366,27.7,8.5,Broome,30.6,DAMPIER_202009_DNE,10,October,0.4,19.7,28.4
2020-10-15T09:00:00Z,2.894,27.5,5.6,Broome,20.16,DAMPIER_202009_DNE,10,October,0.4,19.7,28.4
2020-10-15T10:00:00Z,4.138,27.2,4,Broome,14.4,DAMPIER_202009_DNE,10,October,0.4,19.7,28.4
2020-10-15T11:00:00Z,5.626,27.2,3.1,Broome,11.16,DAMPIER_202009_DNE,10,October,0.4,19.7,28.4
2020-10-15T12:00:00Z,7.166,27.2,3.4,Broome,12.24,DAMPIER_202009_DNE,10,October,0.4,19.7,28.4
2020-10-15T13:00:00Z,8.446,27.1,3.6,Broome,12.96,DAMPIER_202009_DNE,10,October,0.4,19.7,28.4
2020-10-15T14:00:00Z,8.981,27,3.7,Broome,13.32,DAMPIER_202009_DNE,10,October,0.4,19.7,28.4
2020-10-15T15:00:00Z,8.468,27.1,3.8,Broome,13.68,DAMPIER_202009_DNE,10,October,0.4,19.7,28.4
2020-10-15T16:00:00Z,7.239,27.1,3.6,Broome,12.96,DAMPIER_202009_DNE,10,October,0.4,19.7,28.4
2020-10-15T17:00:00Z,5.794,27.1,2.5,Broome,9,DAMPIER_202009_DNE,10,October,0.4,19.7,28.4
2020-10-15T18:00:00Z,4.297,27.1,4.7,Broome,16.92,DAMPIER_202009_DNE,10,October,0.4,19.7,28.4
2020-10-15T19:00:00Z,2.931,27.3,4.5,Broome,16.2,DAMPIER_202009_DNE,10,October,0.4,19.7,28.4
2020-10-15T20:00:00Z,2.011,27.5,1.8,Broome,6.48,DAMPIER_202009_DNE,10,October,0.4,19.7,28.4
2020-10-15T21:00:00Z,2.195,27.6,1,Broome,3.6,DAMPIER_202009_DNE,10,October,0.4,19.7,28.4
2020-10-15T22:00:00Z,3.51,27.2,1.3,Broome,4.680000000000001,DAMPIER_202009_DNE,10,October,0.4,19.7,28.4
2020-10-15T23:00:00Z,5.168,27.1,2.7,Broome,9.72,DAMPIER_202009_DNE,10,October,0.4,19.7,28.4
2020-10-16T00:00:00Z,6.866,27.1,3.4,Broome,12.24,DAMPIER_202009_DNE,10,October,0.4,19.7,28.4
2020-10-16T01:00:00Z,8.396,27.1,4.9,Broome,17.64,DAMPIER_202009_DNE,10,October,0.4,19.7,28.4
2020-10-16T02:00:00Z,9.236,27.1,6,Broome,21.6,DAMPIER_202009_DNE,10,October,0.4,19.7,28.4
2020-10-16T03:00:00Z,8.909,27.1,7.2,Broome,25.92,DAMPIER_202009_DNE,10,October,0.4,19.7,28.4
2020-10-16T04:00:00Z,7.696,27.1,7.8,Broome,28.08,DAMPIER_202009_DNE,10,October,0.4,19.7,28.4
2020-10-16T05:00:00Z,6.208,27.3,8.4,Broome,30.240000000000002,DAMPIER_202009_DNE,10,October,0.4,19.7,28.4
2020-10-16T06:00:00Z,4.613,27.4,9.1,Broome,32.76,DAMPIER_202009_DNE,10,October,0.4,19.7,28.4
2020-10-16T07:00:00Z,3.09,27.6,9.3,Broome,33.480000000000004,DAMPIER_202009_DNE,10,October,0.4,19.7,28.4
2020-10-16T08:00:00Z,1.91,27.9,9.2,Broome,33.12,DAMPIER_202009_DNE,10,October,0.4,19.7,28.4
2020-10-16T09:00:00Z,1.685,28,8.8,Broome,31.680000000000003,DAMPIER_202009_DNE,10,October,0.4,19.7,28.4
2020-10-16T10:00:00Z,2.791,27.5,7.5,Broome,27,DAMPIER_202009_DNE,10,October,0.4,19.7,28.4
2020-10-16T11:00:00Z,4.56,27.4,7.8,Broome,28.08,DAMPIER_202009_DNE,10,October,0.4,19.7,28.4
2020-10-16T12:00:00Z,6.502,27.4,6.2,Broome,22.32,DAMPIER_202009_DNE,10,October,0.4,19.7,28.4
2020-10-16T13:00:00Z,8.369,27.3,4,Broome,14.4,DAMPIER_202009_DNE,10,October,0.4,19.7,28.4
2020-10-16T14:00:00Z,9.615,27.3,4.3,Broome,15.48,DAMPIER_202009_DNE,10,October,0.4,19.7,28.4
2020-10-16T15:00:00Z,9.64,27.3,3.1,Broome,11.16,DAMPIER_202009_DNE,10,October,0.4,19.7,28.4
2020-10-16T16:00:00Z,8.468,27.3,3.7,Broome,13.32,DAMPIER_202009_DNE,10,October,0.4,19.7,28.4
2020-10-16T17:00:00Z,6.843,27.3,2.3,Broome,8.28,DAMPIER_202009_DNE,10,October,0.4,19.7,28.4
2020-10-16T18:00:00Z,5.107,27.3,2.9,Broome,10.44,DAMPIER_202009_DNE,10,October,0.4,19.7,28.4
2020-10-16T19:00:00Z,3.334,27.3,2.2,Broome,7.920000000000001,DAMPIER_202009_DNE,10,October,0.4,19.7,28.4
2020-10-16T20:00:00Z,1.797,27.4,2.6,Broome,9.360000000000001,DAMPIER_202009_DNE,10,October,0.4,19.7,28.4
2020-10-16T21:00:00Z,1.064,27.5,2.9,Broome,10.44,DAMPIER_202009_DNE,10,October,0.4,19.7,28.4
2020-10-16T22:00:00Z,1.895,27.5,3.2,Broome,11.520000000000001,DAMPIER_202009_DNE,10,October,0.4,19.7,28.4
2020-10-16T23:00:00Z,3.707,27.3,4,Broome,14.4,DAMPIER_202009_DNE,10,October,0.4,19.7,28.4
2020-10-17T00:00:00Z,5.749,27.3,5.1,Broome,18.36,DAMPIER_202009_DNE,10,October,0.4,19.7,28.4
2020-10-17T01:00:00Z,7.826,27.3,5.2,Broome,18.720000000000002,DAMPIER_202009_DNE,10,October,0.4,19.7,28.4
2020-10-17T02:00:00Z,9.412,27.3,5.7,Broome,20.52,DAMPIER_202009_DNE,10,October,0.4,19.7,28.4
2020-10-17T03:00:00Z,9.794,27.3,5,Broome,18,DAMPIER_202009_DNE,10,October,0.4,19.7,28.4
2020-10-17T04:00:00Z,8.869,27.4,6.3,Broome,22.68,DAMPIER_202009_DNE,10,October,0.4,19.7,28.4
2020-10-17T05:00:00Z,7.283,27.5,7.2,Broome,25.92,DAMPIER_202009_DNE,10,October,0.4,19.7,28.4
2020-10-17T06:00:00Z,5.565,27.7,7.5,Broome,27,DAMPIER_202009_DNE,10,October,0.4,19.7,28.4
2020-10-17T07:00:00Z,3.79,27.8,7.3,Broome,26.28,DAMPIER_202009_DNE,10,October,0.4,19.7,28.4
2020-10-17T08:00:00Z,2.174,28,6.9,Broome,24.840000000000003,DAMPIER_202009_DNE,10,October,0.4,19.7,28.4
2020-10-17T09:00:00Z,1.158,28.2,6.2,Broome,22.32,DAMPIER_202009_DNE,10,October,0.4,19.7,28.4
2020-10-17T10:00:00Z,1.572,28.1,6.2,Broome,22.32,DAMPIER_202009_DNE,10,October,0.4,19.7,28.4
2020-10-17T11:00:00Z,3.287,27.7,6.7,Broome,24.12,DAMPIER_202009_DNE,10,October,0.4,19.7,28.4
2020-10-17T12:00:00Z,5.401,27.6,6.5,Broome,23.400000000000002,DAMPIER_202009_DNE,10,October,0.4,19.7,28.4
2020-10-17T13:00:00Z,7.628,27.5,7,Broome,25.2,DAMPIER_202009_DNE,10,October,0.4,19.7,28.4
2020-10-17T14:00:00Z,9.543,27.5,6.5,Broome,23.400000000000002,DAMPIER_202009_DNE,10,October,0.4,19.7,28.4
2020-10-17T15:00:00Z,10.31,27.4,6.4,Broome,23.040000000000003,DAMPIER_202009_DNE,10,October,0.4,19.7,28.4
2020-10-17T16:00:00Z,9.62,27.4,5.6,Broome,20.16,DAMPIER_202009_DNE,10,October,0.4,19.7,28.4
2020-10-17T17:00:00Z,8.029,27.4,5.8,Broome,20.88,DAMPIER_202009_DNE,10,October,0.4,19.7,28.4
2020-10-17T18:00:00Z,6.181,27.5,5.6,Broome,20.16,DAMPIER_202009_DNE,10,October,0.4,19.7,28.4
2020-10-17T19:00:00Z,4.209,27.4,5.2,Broome,18.720000000000002,DAMPIER_202009_DNE,10,October,0.4,19.7,28.4
2020-10-17T20:00:00Z,2.304,27.5,4.6,Broome,16.56,DAMPIER_202009_DNE,10,October,0.4,19.7,28.4
2020-10-17T21:00:00Z,0.812,27.5,4.9,Broome,17.64,DAMPIER_202009_DNE,10,October,0.4,19.7,28.4
2020-10-17T22:00:00Z,0.665,27.4,4.1,Broome,14.76,DAMPIER_202009_DNE,10,October,0.4,19.7,28.4
2020-10-17T23:00:00Z,2.152,27.5,4,Broome,14.4,DAMPIER_202009_DNE,10,October,0.4,19.7,28.4
2020-10-18T00:00:00Z,4.291,27.4,3.6,Broome,12.96,DAMPIER_202009_DNE,10,October,0.4,19.7,28.4
2020-10-18T01:00:00Z,6.584,27.4,4.4,Broome,15.840000000000002,DAMPIER_202009_DNE,10,October,0.4,19.7,28.4
2020-10-18T02:00:00Z,8.745,27.4,4.6,Broome,16.56,DAMPIER_202009_DNE,10,October,0.4,19.7,28.4
2020-10-18T03:00:00Z,9.998,27.4,5,Broome,18,DAMPIER_202009_DNE,10,October,0.4,19.7,28.4
2020-10-18T04:00:00Z,9.757,27.4,5.6,Broome,20.16,DAMPIER_202009_DNE,10,October,0.4,19.7,28.4
2020-10-18T05:00:00Z,8.359,27.6,6.4,Broome,23.040000000000003,DAMPIER_202009_DNE,10,October,0.4,19.7,28.4
2020-10-18T06:00:00Z,6.616,27.7,6.4,Broome,23.040000000000003,DAMPIER_202009_DNE,10,October,0.4,19.7,28.4
2020-10-18T07:00:00Z,4.782,27.8,6.6,Broome,23.759999999999998,DAMPIER_202009_DNE,10,October,0.4,19.7,28.4
2020-10-18T08:00:00Z,2.954,28.1,7.3,Broome,26.28,DAMPIER_202009_DNE,10,October,0.4,19.7,28.4
2020-10-18T09:00:00Z,1.414,28.3,7.9,Broome,28.44,DAMPIER_202009_DNE,10,October,0.4,19.7,28.4
2020-10-18T10:00:00Z,0.844,28.3,6.9,Broome,24.840000000000003,DAMPIER_202009_DNE,10,October,0.4,19.7,28.4
2020-10-18T11:00:00Z,2.007,28,7,Broome,25.2,DAMPIER_202009_DNE,10,October,0.4,19.7,28.4
2020-10-18T12:00:00Z,4.14,27.7,5.1,Broome,18.36,DAMPIER_202009_DNE,10,October,0.4,19.7,28.4
2020-10-18T13:00:00Z,6.49,27.7,6.1,Broome,21.96,DAMPIER_202009_DNE,10,October,0.4,19.7,28.4
2020-10-18T14:00:00Z,8.814,27.6,5.2,Broome,18.720000000000002,DAMPIER_202009_DNE,10,October,0.4,19.7,28.4
2020-10-18T15:00:00Z,10.331,27.6,5.2,Broome,18.720000000000002,DAMPIER_202009_DNE,10,October,0.4,19.7,28.4
2020-10-18T16:00:00Z,10.369,27.5,5.5,Broome,19.8,DAMPIER_202009_DNE,10,October,0.4,19.7,28.4
2020-10-18T17:00:00Z,9.114,27.5,5.4,Broome,19.44,DAMPIER_202009_DNE,10,October,0.4,19.7,28.4
2020-10-18T18:00:00Z,7.307,27.6,6.4,Broome,23.040000000000003,DAMPIER_202009_DNE,10,October,0.4,19.7,28.4
2020-10-18T19:00:00Z,5.313,27.6,7,Broome,25.2,DAMPIER_202009_DNE,10,October,0.4,19.7,28.4
2020-10-18T20:00:00Z,3.314,27.6,5.9,Broome,21.240000000000002,DAMPIER_202009_DNE,10,October,0.4,19.7,28.4
2020-10-18T21:00:00Z,1.417,27.5,7.3,Broome,26.28,DAMPIER_202009_DNE,10,October,0.4,19.7,28.4
2020-10-18T22:00:00Z,-9999,27.6,7.2,Broome,25.92,DAMPIER_202009_DNE,10,October,0.4,19.7,28.4
2020-10-18T23:00:00Z,-9999,-9999,-9999,Broome,-35996.4,DAMPIER_202009_DNE,10,October,0.4,19.7,28.4
2020-10-19T00:00:00Z,-9999,-9999,-9999,Broome,-35996.4,DAMPIER_202009_DNE,10,October,0.4,19.7,28.4
2020-10-19T01:00:00Z,-9999,-9999,-9999,Broome,-35996.4,DAMPIER_202009_DNE,10,October,0.4,19.7,28.4
2020-10-19T02:00:00Z,-9999,-9999,-9999,Broome,-35996.4,DAMPIER_202009_DNE,10,October,0.4,19.7,28.4
2020-10-19T03:00:00Z,-9999,-9999,-9999,Broome,-35996.4,DAMPIER_202009_DNE,10,October,0.4,19.7,28.4
2020-10-19T04:00:00Z,-9999,-9999,-9999,Broome,-35996.4,DAMPIER_202009_DNE,10,October,0.4,19.7,28.4
2020-10-19T05:00:00Z,-9999,-9999,-9999,Broome,-35996.4,DAMPIER_202009_DNE,10,October,0.4,19.7,28.4
2020-10-19T06:00:00Z,-9999,-9999,-9999,Broome,-35996.4,DAMPIER_202009_DNE,10,October,0.4,19.7,28.4
2020-10-19T07:00:00Z,-9999,-9999,-9999,Broome,-35996.4,DAMPIER_202009_DNE,10,October,0.4,19.7,28.4
2020-10-19T08:00:00Z,-9999,-9999,-9999,Broome,-35996.4,DAMPIER_202009_DNE,10,October,0.4,19.7,28.4
2020-10-19T09:00:00Z,-9999,-9999,-9999,Broome,-35996.4,DAMPIER_202009_DNE,10,October,0.4,19.7,28.4
2020-10-19T10:00:00Z,-9999,-9999,-9999,Broome,-35996.4,DAMPIER_202009_DNE,10,October,0.4,19.7,28.4
2020-10-19T11:00:00Z,-9999,-9999,-9999,Broome,-35996.4,DAMPIER_202009_DNE,10,October,0.4,19.7,28.4
2020-10-19T12:00:00Z,-9999,-9999,-9999,Broome,-35996.4,DAMPIER_202009_DNE,10,October,0.4,19.7,28.4
2020-10-19T13:00:00Z,-9999,-9999,-9999,Broome,-35996.4,DAMPIER_202009_DNE,10,October,0.4,19.7,28.4
2020-10-19T14:00:00Z,-9999,-9999,-9999,Broome,-35996.4,DAMPIER_202009_DNE,10,October,0.4,19.7,28.4
2020-10-19T15:00:00Z,-9999,-9999,-9999,Broome,-35996.4,DAMPIER_202009_DNE,10,October,0.4,19.7,28.4
2020-10-19T16:00:00Z,-9999,-9999,-9999,Broome,-35996.4,DAMPIER_202009_DNE,10,October,0.4,19.7,28.4
2020-10-19T17:00:00Z,-9999,-9999,-9999,Broome,-35996.4,DAMPIER_202009_DNE,10,October,0.4,19.7,28.4
2020-10-19T18:00:00Z,-9999,-9999,-9999,Broome,-35996.4,DAMPIER_202009_DNE,10,October,0.4,19.7,28.4
2020-10-19T19:00:00Z,-9999,-9999,-9999,Broome,-35996.4,DAMPIER_202009_DNE,10,October,0.4,19.7,28.4
2020-10-19T20:00:00Z,-9999,-9999,-9999,Broome,-35996.4,DAMPIER_202009_DNE,10,October,0.4,19.7,28.4
2020-10-19T21:00:00Z,-9999,-9999,-9999,Broome,-35996.4,DAMPIER_202009_DNE,10,October,0.4,19.7,28.4
2020-10-19T22:00:00Z,-9999,-9999,-9999,Broome,-35996.4,DAMPIER_202009_DNE,10,October,0.4,19.7,28.4
2020-10-19T23:00:00Z,-9999,27.5,6.8,Broome,24.48,DAMPIER_202009_DNE,10,October,0.4,19.7,28.4
2020-10-20T00:00:00Z,1.731,27.6,5.7,Broome,20.52,DAMPIER_202009_DNE,10,October,0.4,19.7,28.4
2020-10-20T01:00:00Z,3.91,27.6,4.8,Broome,17.28,DAMPIER_202009_DNE,10,October,0.4,19.7,28.4
2020-10-20T02:00:00Z,5.958,27.6,4.5,Broome,16.2,DAMPIER_202009_DNE,10,October,0.4,19.7,28.4
2020-10-20T03:00:00Z,8.141,27.6,6.2,Broome,22.32,DAMPIER_202009_DNE,10,October,0.4,19.7,28.4
2020-10-20T04:00:00Z,9.497,27.6,7.1,Broome,25.56,DAMPIER_202009_DNE,10,October,0.4,19.7,28.4
2020-10-20T05:00:00Z,9.461,27.6,7.1,Broome,25.56,DAMPIER_202009_DNE,10,October,0.4,19.7,28.4
2020-10-20T06:00:00Z,8.221,27.7,7.2,Broome,25.92,DAMPIER_202009_DNE,10,October,0.4,19.7,28.4
2020-10-20T07:00:00Z,6.637,27.8,6.7,Broome,24.12,DAMPIER_202009_DNE,10,October,0.4,19.7,28.4
2020-10-20T08:00:00Z,4.977,27.9,6.1,Broome,21.96,DAMPIER_202009_DNE,10,October,0.4,19.7,28.4
2020-10-20T09:00:00Z,3.306,28,6.3,Broome,22.68,DAMPIER_202009_DNE,10,October,0.4,19.7,28.4
2020-10-20T10:00:00Z,1.871,28.2,5.4,Broome,19.44,DAMPIER_202009_DNE,10,October,0.4,19.7,28.4
2020-10-20T11:00:00Z,1.307,28.3,5.4,Broome,19.44,DAMPIER_202009_DNE,10,October,0.4,19.7,28.4
2020-10-20T12:00:00Z,2.32,28,6.5,Broome,23.400000000000002,DAMPIER_202009_DNE,10,October,0.4,19.7,28.4
2020-10-20T13:00:00Z,4.249,27.9,6.5,Broome,23.400000000000002,DAMPIER_202009_DNE,10,October,0.4,19.7,28.4
2020-10-20T14:00:00Z,6.352,27.8,6.1,Broome,21.96,DAMPIER_202009_DNE,10,October,0.4,19.7,28.4
2020-10-20T15:00:00Z,8.395,27.7,6.3,Broome,22.68,DAMPIER_202009_DNE,10,October,0.4,19.7,28.4
2020-10-20T16:00:00Z,9.8,27.7,5.8,Broome,20.88,DAMPIER_202009_DNE,10,October,0.4,19.7,28.4
2020-10-20T17:00:00Z,9.97,27.7,5.9,Broome,21.240000000000002,DAMPIER_202009_DNE,10,October,0.4,19.7,28.4
2020-10-20T18:00:00Z,8.89,27.7,5.4,Broome,19.44,DAMPIER_202009_DNE,10,October,0.4,19.7,28.4
2020-10-20T19:00:00Z,7.275,27.7,6.2,Broome,22.32,DAMPIER_202009_DNE,10,October,0.4,19.7,28.4
2020-10-20T20:00:00Z,5.568,27.6,6.2,Broome,22.32,DAMPIER_202009_DNE,10,October,0.4,19.7,28.4
2020-10-20T21:00:00Z,3.767,27.6,5.8,Broome,20.88,DAMPIER_202009_DNE,10,October,0.4,19.7,28.4
2020-10-20T22:00:00Z,2.112,27.6,4.9,Broome,17.64,DAMPIER_202009_DNE,10,October,0.4,19.7,28.4
2020-10-20T23:00:00Z,1.06,27.6,5,Broome,18,DAMPIER_202009_DNE,10,October,0.4,19.7,28.4
2020-10-21T00:00:00Z,1.448,27.6,5.6,Broome,20.16,DAMPIER_202009_DNE,10,October,0.4,19.7,28.4
2020-10-21T01:00:00Z,3.029,27.6,5.7,Broome,20.52,DAMPIER_202009_DNE,10,October,0.4,19.7,28.4
2020-10-21T02:00:00Z,4.858,27.7,5.3,Broome,19.08,DAMPIER_202009_DNE,10,October,0.4,19.7,28.4
2020-10-21T03:00:00Z,6.729,27.7,6.1,Broome,21.96,DAMPIER_202009_DNE,10,October,0.4,19.7,28.4
2020-10-21T04:00:00Z,8.391,27.7,6.6,Broome,23.759999999999998,DAMPIER_202009_DNE,10,October,0.4,19.7,28.4
2020-10-21T05:00:00Z,9.182,27.7,6.9,Broome,24.840000000000003,DAMPIER_202009_DNE,10,October,0.4,19.7,28.4
2020-10-21T06:00:00Z,8.638,27.7,7.1,Broome,25.56,DAMPIER_202009_DNE,10,October,0.4,19.7,28.4
2020-10-21T07:00:00Z,7.322,27.8,7,Broome,25.2,DAMPIER_202009_DNE,10,October,0.4,19.7,28.4
2020-10-21T08:00:00Z,5.892,27.9,6.7,Broome,24.12,DAMPIER_202009_DNE,10,October,0.4,19.7,28.4
2020-10-21T09:00:00Z,4.37,28,6.3,Broome,22.68,DAMPIER_202009_DNE,10,October,0.4,19.7,28.4
2020-10-21T10:00:00Z,2.94,28.1,4.9,Broome,17.64,DAMPIER_202009_DNE,10,October,0.4,19.7,28.4
2020-10-21T11:00:00Z,2.017,28.3,4.8,Broome,17.28,DAMPIER_202009_DNE,10,October,0.4,19.7,28.4
2020-10-21T12:00:00Z,2.198,28.2,5.3,Broome,19.08,DAMPIER_202009_DNE,10,October,0.4,19.7,28.4
2020-10-21T13:00:00Z,3.566,27.9,4.8,Broome,17.28,DAMPIER_202009_DNE,10,October,0.4,19.7,28.4
2020-10-21T14:00:00Z,5.358,27.8,4.9,Broome,17.64,DAMPIER_202009_DNE,10,October,0.4,19.7,28.4
2020-10-21T15:00:00Z,7.142,27.8,4.8,Broome,17.28,DAMPIER_202009_DNE,10,October,0.4,19.7,28.4
2020-10-21T16:00:00Z,8.638,27.8,4.5,Broome,16.2,DAMPIER_202009_DNE,10,October,0.4,19.7,28.4
2020-10-21T17:00:00Z,9.416,27.8,5.5,Broome,19.8,DAMPIER_202009_DNE,10,October,0.4,19.7,28.4
2020-10-21T18:00:00Z,9.052,27.8,5.5,Broome,19.8,DAMPIER_202009_DNE,10,October,0.4,19.7,28.4
2020-10-21T19:00:00Z,7.804,27.8,4.2,Broome,15.120000000000001,DAMPIER_202009_DNE,10,October,0.4,19.7,28.4
2020-10-21T20:00:00Z,6.353,27.7,4.4,Broome,15.840000000000002,DAMPIER_202009_DNE,10,October,0.4,19.7,28.4
2020-10-21T21:00:00Z,4.841,27.7,4.7,Broome,16.92,DAMPIER_202009_DNE,10,October,0.4,19.7,28.4
2020-10-21T22:00:00Z,3.36,27.7,4.8,Broome,17.28,DAMPIER_202009_DNE,10,October,0.4,19.7,28.4
2020-10-21T23:00:00Z,2.157,27.8,6,Broome,21.6,DAMPIER_202009_DNE,10,October,0.4,19.7,28.4
2020-10-22T00:00:00Z,1.792,27.8,6,Broome,21.6,DAMPIER_202009_DNE,10,October,0.4,19.7,28.4
2020-10-22T01:00:00Z,2.669,27.7,5.6,Broome,20.16,DAMPIER_202009_DNE,10,October,0.4,19.7,28.4
2020-10-22T02:00:00Z,4.122,27.7,5.8,Broome,20.88,DAMPIER_202009_DNE,10,October,0.4,19.7,28.4
2020-10-22T03:00:00Z,5.627,27.7,6,Broome,21.6,DAMPIER_202009_DNE,10,October,0.4,19.7,28.4
2020-10-22T04:00:00Z,7.056,27.8,6.8,Broome,24.48,DAMPIER_202009_DNE,10,October,0.4,19.7,28.4
2020-10-22T05:00:00Z,8.136,27.8,7,Broome,25.2,DAMPIER_202009_DNE,10,October,0.4,19.7,28.4
2020-10-22T06:00:00Z,8.349,27.8,6.3,Broome,22.68,DAMPIER_202009_DNE,10,October,0.4,19.7,28.4
2020-10-22T07:00:00Z,7.567,27.8,6.4,Broome,23.040000000000003,DAMPIER_202009_DNE,10,October,0.4,19.7,28.4
2020-10-22T08:00:00Z,6.413,27.9,6.5,Broome,23.400000000000002,DAMPIER_202009_DNE,10,October,0.4,19.7,28.4
2020-10-22T09:00:00Z,5.207,28,5.8,Broome,20.88,DAMPIER_202009_DNE,10,October,0.4,19.7,28.4
2020-10-22T10:00:00Z,4.009,28.1,6,Broome,21.6,DAMPIER_202009_DNE,10,October,0.4,19.7,28.4
2020-10-22T11:00:00Z,3.072,28.1,4.2,Broome,15.120000000000001,DAMPIER_202009_DNE,10,October,0.4,19.7,28.4
2020-10-22T12:00:00Z,2.743,28.1,5.3,Broome,19.08,DAMPIER_202009_DNE,10,October,0.4,19.7,28.4
2020-10-22T13:00:00Z,3.408,28.1,5.8,Broome,20.88,DAMPIER_202009_DNE,10,October,0.4,19.7,28.4
2020-10-22T14:00:00Z,4.749,27.9,5.1,Broome,18.36,DAMPIER_202009_DNE,10,October,0.4,19.7,28.4
2020-10-22T15:00:00Z,6.168,28,5.1,Broome,18.36,DAMPIER_202009_DNE,10,October,0.4,19.7,28.4
2020-10-22T16:00:00Z,7.43,27.9,4.9,Broome,17.64,DAMPIER_202009_DNE,10,October,0.4,19.7,28.4
2020-10-22T17:00:00Z,8.373,27.9,4.6,Broome,16.56,DAMPIER_202009_DNE,10,October,0.4,19.7,28.4
2020-10-22T18:00:00Z,8.617,27.9,4.1,Broome,14.76,DAMPIER_202009_DNE,10,October,0.4,19.7,28.4
2020-10-22T19:00:00Z,7.955,27.9,4.9,Broome,17.64,DAMPIER_202009_DNE,10,October,0.4,19.7,28.4
2020-10-22T20:00:00Z,6.85,27.9,5.5,Broome,19.8,DAMPIER_202009_DNE,10,October,0.4,19.7,28.4
2020-10-22T21:00:00Z,5.694,27.8,6,Broome,21.6,DAMPIER_202009_DNE,10,October,0.4,19.7,28.4
2020-10-22T22:00:00Z,4.497,27.8,5.6,Broome,20.16,DAMPIER_202009_DNE,10,October,0.4,19.7,28.4
2020-10-22T23:00:00Z,3.422,27.8,4.9,Broome,17.64,DAMPIER_202009_DNE,10,October,0.4,19.7,28.4
2020-10-23T00:00:00Z,2.8,27.9,5.6,Broome,20.16,DAMPIER_202009_DNE,10,October,0.4,19.7,28.4
2020-10-23T01:00:00Z,3.005,27.9,5.7,Broome,20.52,DAMPIER_202009_DNE,10,October,0.4,19.7,28.4
2020-10-23T02:00:00Z,3.878,27.8,5.1,Broome,18.36,DAMPIER_202009_DNE,10,October,0.4,19.7,28.4
2020-10-23T03:00:00Z,4.937,27.8,6.5,Broome,23.400000000000002,DAMPIER_202009_DNE,10,October,0.4,19.7,28.4
2020-10-23T04:00:00Z,6.012,27.9,6.7,Broome,24.12,DAMPIER_202009_DNE,10,October,0.4,19.7,28.4
2020-10-23T05:00:00Z,6.97,27.9,7.1,Broome,25.56,DAMPIER_202009_DNE,10,October,0.4,19.7,28.4
2020-10-23T06:00:00Z,7.573,27.9,7.6,Broome,27.36,DAMPIER_202009_DNE,10,October,0.4,19.7,28.4
2020-10-23T07:00:00Z,7.45,27.9,6.9,Broome,24.840000000000003,DAMPIER_202009_DNE,10,October,0.4,19.7,28.4
2020-10-23T08:00:00Z,6.715,27.9,6.6,Broome,23.759999999999998,DAMPIER_202009_DNE,10,October,0.4,19.7,28.4
2020-10-23T09:00:00Z,5.845,28,7.5,Broome,27,DAMPIER_202009_DNE,10,October,0.4,19.7,28.4
2020-10-23T10:00:00Z,4.944,28.1,5.6,Broome,20.16,DAMPIER_202009_DNE,10,October,0.4,19.7,28.4
2020-10-23T11:00:00Z,4.174,28,5.1,Broome,18.36,DAMPIER_202009_DNE,10,October,0.4,19.7,28.4
2020-10-23T12:00:00Z,3.711,28,4.7,Broome,16.92,DAMPIER_202009_DNE,10,October,0.4,19.7,28.4
2020-10-23T13:00:00Z,3.786,28,4.8,Broome,17.28,DAMPIER_202009_DNE,10,October,0.4,19.7,28.4
2020-10-23T14:00:00Z,4.497,28,5.1,Broome,18.36,DAMPIER_202009_DNE,10,October,0.4,19.7,28.4
2020-10-23T15:00:00Z,5.479,28,5.8,Broome,20.88,DAMPIER_202009_DNE,10,October,0.4,19.7,28.4
2020-10-23T16:00:00Z,6.393,28,7,Broome,25.2,DAMPIER_202009_DNE,10,October,0.4,19.7,28.4
2020-10-23T17:00:00Z,7.13,28,5.1,Broome,18.36,DAMPIER_202009_DNE,10,October,0.4,19.7,28.4
2020-10-23T18:00:00Z,7.619,27.9,4.9,Broome,17.64,DAMPIER_202009_DNE,10,October,0.4,19.7,28.4
2020-10-23T19:00:00Z,7.571,27.9,5.4,Broome,19.44,DAMPIER_202009_DNE,10,October,0.4,19.7,28.4
2020-10-23T20:00:00Z,6.93,27.9,4.5,Broome,16.2,DAMPIER_202009_DNE,10,October,0.4,19.7,28.4
2020-10-23T21:00:00Z,6.126,27.9,5.2,Broome,18.720000000000002,DAMPIER_202009_DNE,10,October,0.4,19.7,28.4
2020-10-23T22:00:00Z,5.314,27.9,4.1,Broome,14.76,DAMPIER_202009_DNE,10,October,0.4,19.7,28.4
2020-10-23T23:00:00Z,4.552,27.8,5.5,Broome,19.8,DAMPIER_202009_DNE,10,October,0.4,19.7,28.4
2020-10-24T00:00:00Z,4.028,27.8,4.6,Broome,16.56,DAMPIER_202009_DNE,10,October,0.4,19.7,28.4
2020-10-24T01:00:00Z,3.841,27.8,5,Broome,18,DAMPIER_202009_DNE,10,October,0.4,19.7,28.4
2020-10-24T02:00:00Z,4.051,27.9,5.2,Broome,18.720000000000002,DAMPIER_202009_DNE,10,October,0.4,19.7,28.4
2020-10-24T03:00:00Z,4.568,27.9,5.4,Broome,19.44,DAMPIER_202009_DNE,10,October,0.4,19.7,28.4
2020-10-24T04:00:00Z,5.206,27.9,5.7,Broome,20.52,DAMPIER_202009_DNE,10,October,0.4,19.7,28.4
2020-10-24T05:00:00Z,5.858,27.9,5.5,Broome,19.8,DAMPIER_202009_DNE,10,October,0.4,19.7,28.4
2020-10-24T06:00:00Z,6.437,27.9,6.4,Broome,23.040000000000003,DAMPIER_202009_DNE,10,October,0.4,19.7,28.4
2020-10-24T07:00:00Z,6.754,28,6.9,Broome,24.840000000000003,DAMPIER_202009_DNE,10,October,0.4,19.7,28.4
2020-10-24T08:00:00Z,6.625,28,7.2,Broome,25.92,DAMPIER_202009_DNE,10,October,0.4,19.7,28.4
2020-10-24T09:00:00Z,6.182,28,6.5,Broome,23.400000000000002,DAMPIER_202009_DNE,10,October,0.4,19.7,28.4
2020-10-24T10:00:00Z,5.64,28,4.6,Broome,16.56,DAMPIER_202009_DNE,10,October,0.4,19.7,28.4
2020-10-24T11:00:00Z,5.15,28.1,4.9,Broome,17.64,DAMPIER_202009_DNE,10,October,0.4,19.7,28.4
2020-10-24T12:00:00Z,4.783,28,4.4,Broome,15.840000000000002,DAMPIER_202009_DNE,10,October,0.4,19.7,28.4
2020-10-24T13:00:00Z,4.627,28,5,Broome,18,DAMPIER_202009_DNE,10,October,0.4,19.7,28.4
2020-10-24T14:00:00Z,4.777,28,5.8,Broome,20.88,DAMPIER_202009_DNE,10,October,0.4,19.7,28.4
2020-10-24T15:00:00Z,5.154,28,4.5,Broome,16.2,DAMPIER_202009_DNE,10,October,0.4,19.7,28.4
2020-10-24T16:00:00Z,5.632,28,6,Broome,21.6,DAMPIER_202009_DNE,10,October,0.4,19.7,28.4
2020-10-24T17:00:00Z,6.097,28,4.8,Broome,17.28,DAMPIER_202009_DNE,10,October,0.4,19.7,28.4
2020-10-24T18:00:00Z,6.442,28,5.5,Broome,19.8,DAMPIER_202009_DNE,10,October,0.4,19.7,28.4
2020-10-24T19:00:00Z,6.616,27.9,6.2,Broome,22.32,DAMPIER_202009_DNE,10,October,0.4,19.7,28.4
2020-10-24T20:00:00Z,6.57,27.9,4.9,Broome,17.64,DAMPIER_202009_DNE,10,October,0.4,19.7,28.4
2020-10-24T21:00:00Z,6.305,27.9,4.7,Broome,16.92,DAMPIER_202009_DNE,10,October,0.4,19.7,28.4
2020-10-24T22:00:00Z,5.911,27.9,4.5,Broome,16.2,DAMPIER_202009_DNE,10,October,0.4,19.7,28.4
2020-10-24T23:00:00Z,5.516,27.9,5.9,Broome,21.240000000000002,DAMPIER_202009_DNE,10,October,0.4,19.7,28.4
2020-10-25T00:00:00Z,5.191,27.8,5.8,Broome,20.88,DAMPIER_202009_DNE,10,October,0.4,19.7,28.4
2020-10-25T01:00:00Z,4.92,27.9,5.6,Broome,20.16,DAMPIER_202009_DNE,10,October,0.4,19.7,28.4
2020-10-25T02:00:00Z,4.712,28,5.4,Broome,19.44,DAMPIER_202009_DNE,10,October,0.4,19.7,28.4
2020-10-25T03:00:00Z,4.667,28,5.2,Broome,18.720000000000002,DAMPIER_202009_DNE,10,October,0.4,19.7,28.4
2020-10-25T04:00:00Z,4.797,28,5.2,Broome,18.720000000000002,DAMPIER_202009_DNE,10,October,0.4,19.7,28.4
2020-10-25T05:00:00Z,5.027,28,6.7,Broome,24.12,DAMPIER_202009_DNE,10,October,0.4,19.7,28.4
2020-10-25T06:00:00Z,5.312,28,7.4,Broome,26.64,DAMPIER_202009_DNE,10,October,0.4,19.7,28.4
2020-10-25T07:00:00Z,5.682,28,7.1,Broome,25.56,DAMPIER_202009_DNE,10,October,0.4,19.7,28.4
2020-10-25T08:00:00Z,6.011,28,7.6,Broome,27.36,DAMPIER_202009_DNE,10,October,0.4,19.7,28.4
2020-10-25T09:00:00Z,6.145,28,6,Broome,21.6,DAMPIER_202009_DNE,10,October,0.4,19.7,28.4
2020-10-25T10:00:00Z,6.094,28,5.5,Broome,19.8,DAMPIER_202009_DNE,10,October,0.4,19.7,28.4
2020-10-25T11:00:00Z,5.989,28,6,Broome,21.6,DAMPIER_202009_DNE,10,October,0.4,19.7,28.4
2020-10-25T12:00:00Z,5.82,28,5.9,Broome,21.240000000000002,DAMPIER_202009_DNE,10,October,0.4,19.7,28.4
2020-10-25T13:00:00Z,5.594,28,5.4,Broome,19.44,DAMPIER_202009_DNE,10,October,0.4,19.7,28.4
2020-10-25T14:00:00Z,5.397,28,4.6,Broome,16.56,DAMPIER_202009_DNE,10,October,0.4,19.7,28.4
2020-10-25T15:00:00Z,5.253,28,5.5,Broome,19.8,DAMPIER_202009_DNE,10,October,0.4,19.7,28.4
2020-10-25T16:00:00Z,5.143,28,4.8,Broome,17.28,DAMPIER_202009_DNE,10,October,0.4,19.7,28.4
2020-10-25T17:00:00Z,5.15,28,5.5,Broome,19.8,DAMPIER_202009_DNE,10,October,0.4,19.7,28.4
2020-10-25T18:00:00Z,5.346,27.9,4.4,Broome,15.840000000000002,DAMPIER_202009_DNE,10,October,0.4,19.7,28.4
2020-10-25T19:00:00Z,5.625,28,5.7,Broome,20.52,DAMPIER_202009_DNE,10,October,0.4,19.7,28.4
2020-10-25T20:00:00Z,5.84,28,5.5,Broome,19.8,DAMPIER_202009_DNE,10,October,0.4,19.7,28.4
2020-10-25T21:00:00Z,6.023,27.9,5.1,Broome,18.36,DAMPIER_202009_DNE,10,October,0.4,19.7,28.4
2020-10-25T22:00:00Z,6.187,27.9,4.3,Broome,15.48,DAMPIER_202009_DNE,10,October,0.4,19.7,28.4
2020-10-25T23:00:00Z,6.21,27.9,5.1,Broome,18.36,DAMPIER_202009_DNE,10,October,0.4,19.7,28.4
2020-10-26T00:00:00Z,6.103,28,5.5,Broome,19.8,DAMPIER_202009_DNE,10,October,0.4,19.7,28.4
2020-10-26T01:00:00Z,5.901,28,4.8,Broome,17.28,DAMPIER_202009_DNE,10,October,0.4,19.7,28.4
2020-10-26T02:00:00Z,5.573,28,4.8,Broome,17.28,DAMPIER_202009_DNE,10,October,0.4,19.7,28.4
2020-10-26T03:00:00Z,5.181,28,5.8,Broome,20.88,DAMPIER_202009_DNE,10,October,0.4,19.7,28.4
2020-10-26T04:00:00Z,4.788,28,5.5,Broome,19.8,DAMPIER_202009_DNE,10,October,0.4,19.7,28.4
2020-10-26T05:00:00Z,4.448,28,5.9,Broome,21.240000000000002,DAMPIER_202009_DNE,10,October,0.4,19.7,28.4
2020-10-26T06:00:00Z,4.395,28.1,6.4,Broome,23.040000000000003,DAMPIER_202009_DNE,10,October,0.4,19.7,28.4
2020-10-26T07:00:00Z,4.714,28.1,6.4,Broome,23.040000000000003,DAMPIER_202009_DNE,10,October,0.4,19.7,28.4
2020-10-26T08:00:00Z,5.192,28.2,6.6,Broome,23.759999999999998,DAMPIER_202009_DNE,10,October,0.4,19.7,28.4
2020-10-26T09:00:00Z,5.675,28.1,6.4,Broome,23.040000000000003,DAMPIER_202009_DNE,10,October,0.4,19.7,28.4
2020-10-26T10:00:00Z,6.132,28.1,6,Broome,21.6,DAMPIER_202009_DNE,10,October,0.4,19.7,28.4
2020-10-26T11:00:00Z,6.513,28.1,5,Broome,18,DAMPIER_202009_DNE,10,October,0.4,19.7,28.4
2020-10-26T12:00:00Z,6.667,28.1,5.8,Broome,20.88,DAMPIER_202009_DNE,10,October,0.4,19.7,28.4
2020-10-26T13:00:00Z,6.539,28.1,6.1,Broome,21.96,DAMPIER_202009_DNE,10,October,0.4,19.7,28.4
2020-10-26T14:00:00Z,6.241,28.1,5.9,Broome,21.240000000000002,DAMPIER_202009_DNE,10,October,0.4,19.7,28.4
2020-10-26T15:00:00Z,5.798,28.1,5.3,Broome,19.08,DAMPIER_202009_DNE,10,October,0.4,19.7,28.4
2020-10-26T16:00:00Z,5.227,28.1,5.4,Broome,19.44,DAMPIER_202009_DNE,10,October,0.4,19.7,28.4
2020-10-26T17:00:00Z,4.741,28.1,4.4,Broome,15.840000000000002,DAMPIER_202009_DNE,10,October,0.4,19.7,28.4
2020-10-26T18:00:00Z,4.481,28.1,4.8,Broome,17.28,DAMPIER_202009_DNE,10,October,0.4,19.7,28.4
2020-10-26T19:00:00Z,4.507,28,4.9,Broome,17.64,DAMPIER_202009_DNE,10,October,0.4,19.7,28.4
2020-10-26T20:00:00Z,4.846,28.1,5.5,Broome,19.8,DAMPIER_202009_DNE,10,October,0.4,19.7,28.4
2020-10-26T21:00:00Z,5.38,28.1,5.3,Broome,19.08,DAMPIER_202009_DNE,10,October,0.4,19.7,28.4
2020-10-26T22:00:00Z,5.956,28.1,5.8,Broome,20.88,DAMPIER_202009_DNE,10,October,0.4,19.7,28.4
2020-10-26T23:00:00Z,6.466,28.1,6,Broome,21.6,DAMPIER_202009_DNE,10,October,0.4,19.7,28.4
2020-10-27T00:00:00Z,6.802,28.1,3.7,Broome,13.32,DAMPIER_202009_DNE,10,October,0.4,19.7,28.4
2020-10-27T01:00:00Z,6.841,28.1,1.9,Broome,6.84,DAMPIER_202009_DNE,10,October,0.4,19.7,28.4
2020-10-27T02:00:00Z,6.49,28.1,2.4,Broome,8.64,DAMPIER_202009_DNE,10,October,0.4,19.7,28.4
2020-10-27T03:00:00Z,5.856,28.2,5.1,Broome,18.36,DAMPIER_202009_DNE,10,October,0.4,19.7,28.4
2020-10-27T04:00:00Z,5.115,28.2,5.4,Broome,19.44,DAMPIER_202009_DNE,10,October,0.4,19.7,28.4
2020-10-27T05:00:00Z,4.411,28.1,6.1,Broome,21.96,DAMPIER_202009_DNE,10,October,0.4,19.7,28.4
2020-10-27T06:00:00Z,3.899,28.1,7.2,Broome,25.92,DAMPIER_202009_DNE,10,October,0.4,19.7,28.4
2020-10-27T07:00:00Z,3.809,28.1,8.2,Broome,29.52,DAMPIER_202009_DNE,10,October,0.4,19.7,28.4
2020-10-27T08:00:00Z,4.231,28.2,8.1,Broome,29.16,DAMPIER_202009_DNE,10,October,0.4,19.7,28.4
2020-10-27T09:00:00Z,4.974,28.3,8.2,Broome,29.52,DAMPIER_202009_DNE,10,October,0.4,19.7,28.4
2020-10-27T10:00:00Z,5.79,28.3,6.7,Broome,24.12,DAMPIER_202009_DNE,10,October,0.4,19.7,28.4
2020-10-27T11:00:00Z,6.575,28.3,5.3,Broome,19.08,DAMPIER_202009_DNE,10,October,0.4,19.7,28.4
2020-10-27T12:00:00Z,7.182,28.3,6.4,Broome,23.040000000000003,DAMPIER_202009_DNE,10,October,0.4,19.7,28.4
2020-10-27T13:00:00Z,7.416,28.3,5.2,Broome,18.720000000000002,DAMPIER_202009_DNE,10,October,0.4,19.7,28.4
2020-10-27T14:00:00Z,7.181,28.2,5.9,Broome,21.240000000000002,DAMPIER_202009_DNE,10,October,0.4,19.7,28.4
2020-10-27T15:00:00Z,6.529,28.3,6,Broome,21.6,DAMPIER_202009_DNE,10,October,0.4,19.7,28.4
2020-10-27T16:00:00Z,5.687,28.2,5.8,Broome,20.88,DAMPIER_202009_DNE,10,October,0.4,19.7,28.4
2020-10-27T17:00:00Z,4.831,28.2,4.6,Broome,16.56,DAMPIER_202009_DNE,10,October,0.4,19.7,28.4
2020-10-27T18:00:00Z,4.093,28.1,4.1,Broome,14.76,DAMPIER_202009_DNE,10,October,0.4,19.7,28.4
2020-10-27T19:00:00Z,3.643,28,4.2,Broome,15.120000000000001,DAMPIER_202009_DNE,10,October,0.4,19.7,28.4
2020-10-27T20:00:00Z,3.745,28,1.5,Broome,5.4,DAMPIER_202009_DNE,10,October,0.4,19.7,28.4
2020-10-27T21:00:00Z,4.433,28.1,2.1,Broome,7.5600000000000005,DAMPIER_202009_DNE,10,October,0.4,19.7,28.4
2020-10-27T22:00:00Z,5.385,28.2,1.7,Broome,6.12,DAMPIER_202009_DNE,10,October,0.4,19.7,28.4
2020-10-27T23:00:00Z,6.314,28.1,2.7,Broome,9.72,DAMPIER_202009_DNE,10,October,0.4,19.7,28.4
2020-10-28T00:00:00Z,7.099,28.1,3.2,Broome,11.520000000000001,DAMPIER_202009_DNE,10,October,0.4,19.7,28.4
2020-10-28T01:00:00Z,7.576,28.1,1.9,Broome,6.84,DAMPIER_202009_DNE,10,October,0.4,19.7,28.4
2020-10-28T02:00:00Z,7.433,28.1,3.4,Broome,12.24,DAMPIER_202009_DNE,10,October,0.4,19.7,28.4
2020-10-28T03:00:00Z,6.717,28.3,3.9,Broome,14.04,DAMPIER_202009_DNE,10,October,0.4,19.7,28.4
2020-10-28T04:00:00Z,5.765,28.5,5.4,Broome,19.44,DAMPIER_202009_DNE,10,October,0.4,19.7,28.4
2020-10-28T05:00:00Z,4.733,28.6,4.9,Broome,17.64,DAMPIER_202009_DNE,10,October,0.4,19.7,28.4
2020-10-28T06:00:00Z,3.817,28.6,6.2,Broome,22.32,DAMPIER_202009_DNE,10,October,0.4,19.7,28.4
2020-10-28T07:00:00Z,3.265,28.7,6.6,Broome,23.759999999999998,DAMPIER_202009_DNE,10,October,0.4,19.7,28.4
2020-10-28T08:00:00Z,3.33,28.5,7,Broome,25.2,DAMPIER_202009_DNE,10,October,0.4,19.7,28.4
2020-10-28T09:00:00Z,4.075,28.4,7.2,Broome,25.92,DAMPIER_202009_DNE,10,October,0.4,19.7,28.4
2020-10-28T10:00:00Z,5.144,28.4,7.5,Broome,27,DAMPIER_202009_DNE,10,October,0.4,19.7,28.4
2020-10-28T11:00:00Z,6.287,28.4,6.9,Broome,24.840000000000003,DAMPIER_202009_DNE,10,October,0.4,19.7,28.4
2020-10-28T12:00:00Z,7.322,28.4,6.1,Broome,21.96,DAMPIER_202009_DNE,10,October,0.4,19.7,28.4
2020-10-28T13:00:00Z,8.017,28.4,5,Broome,18,DAMPIER_202009_DNE,10,October,0.4,19.7,28.4
2020-10-28T14:00:00Z,8.088,28.3,4.5,Broome,16.2,DAMPIER_202009_DNE,10,October,0.4,19.7,28.4
2020-10-28T15:00:00Z,7.395,28.3,4.6,Broome,16.56,DAMPIER_202009_DNE,10,October,0.4,19.7,28.4
2020-10-28T16:00:00Z,6.331,28.3,4.4,Broome,15.840000000000002,DAMPIER_202009_DNE,10,October,0.4,19.7,28.4
2020-10-28T17:00:00Z,5.182,28.3,4.5,Broome,16.2,DAMPIER_202009_DNE,10,October,0.4,19.7,28.4
2020-10-28T18:00:00Z,4.09,28.2,3.5,Broome,12.6,DAMPIER_202009_DNE,10,October,0.4,19.7,28.4
2020-10-28T19:00:00Z,3.22,28.2,3.6,Broome,12.96,DAMPIER_202009_DNE,10,October,0.4,19.7,28.4
2020-10-28T20:00:00Z,2.876,28.2,6.4,Broome,23.040000000000003,DAMPIER_202009_DNE,10,October,0.4,19.7,28.4
2020-10-28T21:00:00Z,3.421,28.3,4.8,Broome,17.28,DAMPIER_202009_DNE,10,October,0.4,19.7,28.4
2020-10-28T22:00:00Z,4.538,28.2,4.5,Broome,16.2,DAMPIER_202009_DNE,10,October,0.4,19.7,28.4
2020-10-28T23:00:00Z,5.76,28.2,4.1,Broome,14.76,DAMPIER_202009_DNE,10,October,0.4,19.7,28.4
2020-10-29T00:00:00Z,6.925,28.2,1.7,Broome,6.12,DAMPIER_202009_DNE,10,October,0.4,19.7,28.4
2020-10-29T01:00:00Z,7.864,28.2,3.4,Broome,12.24,DAMPIER_202009_DNE,10,October,0.4,19.7,28.4
2020-10-29T02:00:00Z,8.172,28.2,4.6,Broome,16.56,DAMPIER_202009_DNE,10,October,0.4,19.7,28.4
2020-10-29T03:00:00Z,7.595,28.3,5.6,Broome,20.16,DAMPIER_202009_DNE,10,October,0.4,19.7,28.4
2020-10-29T04:00:00Z,6.54,28.4,6.5,Broome,23.400000000000002,DAMPIER_202009_DNE,10,October,0.4,19.7,28.4
2020-10-29T05:00:00Z,5.36,28.5,7.3,Broome,26.28,DAMPIER_202009_DNE,10,October,0.4,19.7,28.4
2020-10-29T06:00:00Z,4.158,28.6,8.3,Broome,29.880000000000003,DAMPIER_202009_DNE,10,October,0.4,19.7,28.4
2020-10-29T07:00:00Z,3.179,28.7,8.3,Broome,29.880000000000003,DAMPIER_202009_DNE,10,October,0.4,19.7,28.4
2020-10-29T08:00:00Z,2.725,28.8,9.9,Broome,35.64,DAMPIER_202009_DNE,10,October,0.4,19.7,28.4
2020-10-29T09:00:00Z,3.158,28.7,7.8,Broome,28.08,DAMPIER_202009_DNE,10,October,0.4,19.7,28.4
2020-10-29T10:00:00Z,4.292,28.5,5.9,Broome,21.240000000000002,DAMPIER_202009_DNE,10,October,0.4,19.7,28.4
2020-10-29T11:00:00Z,5.671,28.5,7.4,Broome,26.64,DAMPIER_202009_DNE,10,October,0.4,19.7,28.4
2020-10-29T12:00:00Z,7.058,28.5,5.3,Broome,19.08,DAMPIER_202009_DNE,10,October,0.4,19.7,28.4
2020-10-29T13:00:00Z,8.209,28.4,3.8,Broome,13.68,DAMPIER_202009_DNE,10,October,0.4,19.7,28.4
2020-10-29T14:00:00Z,8.737,28.4,2.8,Broome,10.08,DAMPIER_202009_DNE,10,October,0.4,19.7,28.4
2020-10-29T15:00:00Z,8.256,28.4,2.9,Broome,10.44,DAMPIER_202009_DNE,10,October,0.4,19.7,28.4
2020-10-29T16:00:00Z,7.103,28.4,4.9,Broome,17.64,DAMPIER_202009_DNE,10,October,0.4,19.7,28.4
2020-10-29T17:00:00Z,5.81,28.4,4.6,Broome,16.56,DAMPIER_202009_DNE,10,October,0.4,19.7,28.4
2020-10-29T18:00:00Z,4.464,28.3,4.8,Broome,17.28,DAMPIER_202009_DNE,10,October,0.4,19.7,28.4
2020-10-29T19:00:00Z,3.226,28.4,3.9,Broome,14.04,DAMPIER_202009_DNE,10,October,0.4,19.7,28.4
2020-10-29T20:00:00Z,2.364,28.4,3.4,Broome,12.24,DAMPIER_202009_DNE,10,October,0.4,19.7,28.4
2020-10-29T21:00:00Z,2.461,28.4,1.1,Broome,3.9600000000000004,DAMPIER_202009_DNE,10,October,0.4,19.7,28.4
2020-10-29T22:00:00Z,3.584,28.4,2.7,Broome,9.72,DAMPIER_202009_DNE,10,October,0.4,19.7,28.4
2020-10-29T23:00:00Z,5.052,28.4,1,Broome,3.6,DAMPIER_202009_DNE,10,October,0.4,19.7,28.4
2020-10-30T00:00:00Z,6.505,28.4,2.4,Broome,8.64,DAMPIER_202009_DNE,10,October,0.4,19.7,28.4
2020-10-30T01:00:00Z,7.814,28.3,5.2,Broome,18.720000000000002,DAMPIER_202009_DNE,10,October,0.4,19.7,28.4
2020-10-30T02:00:00Z,8.637,28.4,4,Broome,14.4,DAMPIER_202009_DNE,10,October,0.4,19.7,28.4
2020-10-30T03:00:00Z,8.415,28.4,4.1,Broome,14.76,DAMPIER_202009_DNE,10,October,0.4,19.7,28.4
2020-10-30T04:00:00Z,7.36,28.5,5,Broome,18,DAMPIER_202009_DNE,10,October,0.4,19.7,28.4
2020-10-30T05:00:00Z,6.071,28.6,6.2,Broome,22.32,DAMPIER_202009_DNE,10,October,0.4,19.7,28.4
2020-10-30T06:00:00Z,4.702,28.6,5.7,Broome,20.52,DAMPIER_202009_DNE,10,October,0.4,19.7,28.4
2020-10-30T07:00:00Z,3.412,28.7,7,Broome,25.2,DAMPIER_202009_DNE,10,October,0.4,19.7,28.4
2020-10-30T08:00:00Z,2.477,28.9,6.3,Broome,22.68,DAMPIER_202009_DNE,10,October,0.4,19.7,28.4
2020-10-30T09:00:00Z,2.387,28.9,6.2,Broome,22.32,DAMPIER_202009_DNE,10,October,0.4,19.7,28.4
2020-10-30T10:00:00Z,3.414,28.7,6.6,Broome,23.759999999999998,DAMPIER_202009_DNE,10,October,0.4,19.7,28.4
2020-10-30T11:00:00Z,4.989,28.6,4.5,Broome,16.2,DAMPIER_202009_DNE,10,October,0.4,19.7,28.4
2020-10-30T12:00:00Z,6.617,28.6,6.2,Broome,22.32,DAMPIER_202009_DNE,10,October,0.4,19.7,28.4
2020-10-30T13:00:00Z,8.051,28.5,1.6,Broome,5.760000000000001,DAMPIER_202009_DNE,10,October,0.4,19.7,28.4
2020-10-30T14:00:00Z,9.006,28.4,1.6,Broome,5.760000000000001,DAMPIER_202009_DNE,10,October,0.4,19.7,28.4
2020-10-30T15:00:00Z,8.968,28.5,3.7,Broome,13.32,DAMPIER_202009_DNE,10,October,0.4,19.7,28.4
2020-10-30T16:00:00Z,7.897,28.5,4.1,Broome,14.76,DAMPIER_202009_DNE,10,October,0.4,19.7,28.4
2020-10-30T17:00:00Z,6.488,28.5,9.6,Broome,34.56,DAMPIER_202009_DNE,10,October,0.4,19.7,28.4
2020-10-30T18:00:00Z,4.969,28.4,6.2,Broome,22.32,DAMPIER_202009_DNE,10,October,0.4,19.7,28.4
2020-10-30T19:00:00Z,3.378,28.5,5.2,Broome,18.720000000000002,DAMPIER_202009_DNE,10,October,0.4,19.7,28.4
2020-10-30T20:00:00Z,2.062,28.5,5.7,Broome,20.52,DAMPIER_202009_DNE,10,October,0.4,19.7,28.4
2020-10-30T21:00:00Z,1.717,28.4,6,Broome,21.6,DAMPIER_202009_DNE,10,October,0.4,19.7,28.4
2020-10-30T22:00:00Z,2.693,28.5,7.6,Broome,27.36,DAMPIER_202009_DNE,10,October,0.4,19.7,28.4
2020-10-30T23:00:00Z,4.216,28.4,6.2,Broome,22.32,DAMPIER_202009_DNE,10,October,0.4,19.7,28.4
2020-10-31T00:00:00Z,5.816,28.4,5.5,Broome,19.8,DAMPIER_202009_DNE,10,October,0.4,19.7,28.4
2020-10-31T01:00:00Z,7.42,28.4,4,Broome,14.4,DAMPIER_202009_DNE,10,October,0.4,19.7,28.4
2020-10-31T02:00:00Z,8.624,28.4,1.5,Broome,5.4,DAMPIER_202009_DNE,10,October,0.4,19.7,28.4
2020-10-31T03:00:00Z,8.87,28.4,1.9,Broome,6.84,DAMPIER_202009_DNE,10,October,0.4,19.7,28.4
2020-10-31T04:00:00Z,8.051,28.5,1.5,Broome,5.4,DAMPIER_202009_DNE,10,October,0.4,19.7,28.4
2020-10-31T05:00:00Z,6.694,28.6,4.4,Broome,15.840000000000002,DAMPIER_202009_DNE,10,October,0.4,19.7,28.4
2020-10-31T06:00:00Z,5.243,28.7,6,Broome,21.6,DAMPIER_202009_DNE,10,October,0.4,19.7,28.4
2020-10-31T07:00:00Z,3.805,28.8,9.3,Broome,33.480000000000004,DAMPIER_202009_DNE,10,October,0.4,19.7,28.4
2020-10-31T08:00:00Z,2.625,29,9.6,Broome,34.56,DAMPIER_202009_DNE,10,October,0.4,19.7,28.4
2020-10-31T09:00:00Z,2.109,29.1,9.1,Broome,32.76,DAMPIER_202009_DNE,10,October,0.4,19.7,28.4
2020-10-31T10:00:00Z,2.722,28.8,6.5,Broome,23.400000000000002,DAMPIER_202009_DNE,10,October,0.4,19.7,28.4
2020-10-31T11:00:00Z,4.212,28.7,4.6,Broome,16.56,DAMPIER_202009_DNE,10,October,0.4,19.7,28.4
2020-10-31T12:00:00Z,5.957,28.6,4.4,Broome,15.840000000000002,DAMPIER_202009_DNE,10,October,0.4,19.7,28.4
2020-10-31T13:00:00Z,7.639,28.5,2.7,Broome,9.72,DAMPIER_202009_DNE,10,October,0.4,19.7,28.4
2020-10-31T14:00:00Z,8.948,28.5,2.1,Broome,7.5600000000000005,DAMPIER_202009_DNE,10,October,0.4,19.7,28.4
2020-10-31T15:00:00Z,9.362,28.5,2.5,Broome,9,DAMPIER_202009_DNE,10,October,0.4,19.7,28.4
2020-10-31T16:00:00Z,8.552,28.5,2.6,Broome,9.360000000000001,DAMPIER_202009_DNE,10,October,0.4,19.7,28.4
2020-10-31T17:00:00Z,7.112,28.5,2.3,Broome,8.28,DAMPIER_202009_DNE,10,October,0.4,19.7,28.4
2020-10-31T18:00:00Z,5.58,28.5,2.4,Broome,8.64,DAMPIER_202009_DNE,10,October,0.4,19.7,28.4
2020-10-31T19:00:00Z,3.97,28.5,2.4,Broome,8.64,DAMPIER_202009_DNE,10,October,0.4,19.7,28.4
2020-10-31T20:00:00Z,2.5,28.6,1.7,Broome,6.12,DAMPIER_202009_DNE,10,October,0.4,19.7,28.4
2020-10-31T21:00:00Z,1.556,28.5,2.6,Broome,9.360000000000001,DAMPIER_202009_DNE,10,October,0.4,19.7,28.4
2020-10-31T22:00:00Z,1.831,28.6,2.8,Broome,10.08,DAMPIER_202009_DNE,10,October,0.4,19.7,28.4
2020-10-31T23:00:00Z,3.244,28.5,2,Broome,7.2,DAMPIER_202009_DNE,10,October,0.4,19.7,28.4
2020-11-01T00:00:00Z,4.982,28.5,1.8,Broome,6.48,DAMPIER_202009_DNE,11,November,1.2,20.3,29.7
2020-11-01T01:00:00Z,6.775,28.5,3.1,Broome,11.16,DAMPIER_202009_DNE,11,November,1.2,20.3,29.7
2020-11-01T02:00:00Z,8.337,28.5,3.3,Broome,11.879999999999999,DAMPIER_202009_DNE,11,November,1.2,20.3,29.7
2020-11-01T03:00:00Z,9.132,28.5,5.8,Broome,20.88,DAMPIER_202009_DNE,11,November,1.2,20.3,29.7
2020-11-01T04:00:00Z,8.692,28.5,5.6,Broome,20.16,DAMPIER_202009_DNE,11,November,1.2,20.3,29.7
2020-11-01T05:00:00Z,7.368,28.7,6.8,Broome,24.48,DAMPIER_202009_DNE,11,November,1.2,20.3,29.7
2020-11-01T06:00:00Z,5.881,28.8,7.8,Broome,28.08,DAMPIER_202009_DNE,11,November,1.2,20.3,29.7
2020-11-01T07:00:00Z,4.357,28.9,7.1,Broome,25.56,DAMPIER_202009_DNE,11,November,1.2,20.3,29.7
2020-11-01T08:00:00Z,2.95,29.1,6.2,Broome,22.32,DAMPIER_202009_DNE,11,November,1.2,20.3,29.7
2020-11-01T09:00:00Z,1.968,29.4,5.9,Broome,21.240000000000002,DAMPIER_202009_DNE,11,November,1.2,20.3,29.7
2020-11-01T10:00:00Z,2.056,29.1,5.2,Broome,18.720000000000002,DAMPIER_202009_DNE,11,November,1.2,20.3,29.7
2020-11-01T11:00:00Z,3.425,28.9,4.6,Broome,16.56,DAMPIER_202009_DNE,11,November,1.2,20.3,29.7
2020-11-01T12:00:00Z,5.261,28.8,6.1,Broome,21.96,DAMPIER_202009_DNE,11,November,1.2,20.3,29.7
2020-11-01T13:00:00Z,7.122,28.7,4.5,Broome,16.2,DAMPIER_202009_DNE,11,November,1.2,20.3,29.7
2020-11-01T14:00:00Z,8.706,28.7,5.4,Broome,19.44,DAMPIER_202009_DNE,11,November,1.2,20.3,29.7
2020-11-01T15:00:00Z,9.498,28.6,3.5,Broome,12.6,DAMPIER_202009_DNE,11,November,1.2,20.3,29.7
2020-11-01T16:00:00Z,9.082,28.6,1.9,Broome,6.84,DAMPIER_202009_DNE,11,November,1.2,20.3,29.7
2020-11-01T17:00:00Z,7.741,28.6,1.7,Broome,6.12,DAMPIER_202009_DNE,11,November,1.2,20.3,29.7
2020-11-01T18:00:00Z,6.171,28.6,1.5,Broome,5.4,DAMPIER_202009_DNE,11,November,1.2,20.3,29.7
2020-11-01T19:00:00Z,4.522,28.6,2.3,Broome,8.28,DAMPIER_202009_DNE,11,November,1.2,20.3,29.7
2020-11-01T20:00:00Z,2.914,28.8,2.2,Broome,7.920000000000001,DAMPIER_202009_DNE,11,November,1.2,20.3,29.7
2020-11-01T21:00:00Z,1.671,28.8,5.9,Broome,21.240000000000002,DAMPIER_202009_DNE,11,November,1.2,20.3,29.7
2020-11-01T22:00:00Z,1.429,28.7,5.2,Broome,18.720000000000002,DAMPIER_202009_DNE,11,November,1.2,20.3,29.7
2020-11-01T23:00:00Z,2.551,28.7,5.9,Broome,21.240000000000002,DAMPIER_202009_DNE,11,November,1.2,20.3,29.7
2020-11-02T00:00:00Z,4.248,28.6,3.7,Broome,13.32,DAMPIER_202009_DNE,11,November,1.2,20.3,29.7
2020-11-02T01:00:00Z,6.049,28.6,2.7,Broome,9.72,DAMPIER_202009_DNE,11,November,1.2,20.3,29.7
2020-11-02T02:00:00Z,7.762,28.6,3.3,Broome,11.879999999999999,DAMPIER_202009_DNE,11,November,1.2,20.3,29.7
2020-11-02T03:00:00Z,8.954,28.6,3.7,Broome,13.32,DAMPIER_202009_DNE,11,November,1.2,20.3,29.7
2020-11-02T04:00:00Z,9.032,28.6,4.4,Broome,15.840000000000002,DAMPIER_202009_DNE,11,November,1.2,20.3,29.7
2020-11-02T05:00:00Z,7.938,28.8,7.4,Broome,26.64,DAMPIER_202009_DNE,11,November,1.2,20.3,29.7
2020-11-02T06:00:00Z,6.462,28.9,8.7,Broome,31.319999999999997,DAMPIER_202009_DNE,11,November,1.2,20.3,29.7
2020-11-02T07:00:00Z,4.945,29.1,7.3,Broome,26.28,DAMPIER_202009_DNE,11,November,1.2,20.3,29.7
2020-11-02T08:00:00Z,3.46,29.2,7.6,Broome,27.36,DAMPIER_202009_DNE,11,November,1.2,20.3,29.7
2020-11-02T09:00:00Z,2.252,29.6,7,Broome,25.2,DAMPIER_202009_DNE,11,November,1.2,20.3,29.7
2020-11-02T10:00:00Z,1.829,29.6,5.5,Broome,19.8,DAMPIER_202009_DNE,11,November,1.2,20.3,29.7
2020-11-02T11:00:00Z,2.808,29.1,5.9,Broome,21.240000000000002,DAMPIER_202009_DNE,11,November,1.2,20.3,29.7
2020-11-02T12:00:00Z,4.59,28.9,5.3,Broome,19.08,DAMPIER_202009_DNE,11,November,1.2,20.3,29.7
2020-11-02T13:00:00Z,6.457,28.9,5.7,Broome,20.52,DAMPIER_202009_DNE,11,November,1.2,20.3,29.7
2020-11-02T14:00:00Z,8.19,28.8,5.8,Broome,20.88,DAMPIER_202009_DNE,11,November,1.2,20.3,29.7
2020-11-02T15:00:00Z,9.346,28.7,6,Broome,21.6,DAMPIER_202009_DNE,11,November,1.2,20.3,29.7
2020-11-02T16:00:00Z,9.416,28.7,5.8,Broome,20.88,DAMPIER_202009_DNE,11,November,1.2,20.3,29.7
2020-11-02T17:00:00Z,8.36,28.8,5,Broome,18,DAMPIER_202009_DNE,11,November,1.2,20.3,29.7
2020-11-02T18:00:00Z,6.803,28.7,5.8,Broome,20.88,DAMPIER_202009_DNE,11,November,1.2,20.3,29.7
2020-11-02T19:00:00Z,5.166,28.8,6.5,Broome,23.400000000000002,DAMPIER_202009_DNE,11,November,1.2,20.3,29.7
2020-11-02T20:00:00Z,3.505,28.7,6.4,Broome,23.040000000000003,DAMPIER_202009_DNE,11,November,1.2,20.3,29.7
2020-11-02T21:00:00Z,2.071,28.9,6.9,Broome,24.840000000000003,DAMPIER_202009_DNE,11,November,1.2,20.3,29.7
2020-11-02T22:00:00Z,1.337,28.8,7.3,Broome,26.28,DAMPIER_202009_DNE,11,November,1.2,20.3,29.7
2020-11-02T23:00:00Z,1.941,28.9,4.5,Broome,16.2,DAMPIER_202009_DNE,11,November,1.2,20.3,29.7
2020-11-03T00:00:00Z,3.498,28.7,4.7,Broome,16.92,DAMPIER_202009_DNE,11,November,1.2,20.3,29.7
2020-11-03T01:00:00Z,5.257,28.6,3.1,Broome,11.16,DAMPIER_202009_DNE,11,November,1.2,20.3,29.7
2020-11-03T02:00:00Z,6.996,28.6,2.4,Broome,8.64,DAMPIER_202009_DNE,11,November,1.2,20.3,29.7
2020-11-03T03:00:00Z,8.472,28.7,4.2,Broome,15.120000000000001,DAMPIER_202009_DNE,11,November,1.2,20.3,29.7
2020-11-03T04:00:00Z,9.107,28.7,5.3,Broome,19.08,DAMPIER_202009_DNE,11,November,1.2,20.3,29.7
2020-11-03T05:00:00Z,8.441,28.7,5.9,Broome,21.240000000000002,DAMPIER_202009_DNE,11,November,1.2,20.3,29.7
2020-11-03T06:00:00Z,7.076,28.9,7.1,Broome,25.56,DAMPIER_202009_DNE,11,November,1.2,20.3,29.7
2020-11-03T07:00:00Z,5.632,29,7.5,Broome,27,DAMPIER_202009_DNE,11,November,1.2,20.3,29.7
2020-11-03T08:00:00Z,4.134,29.1,8.8,Broome,31.680000000000003,DAMPIER_202009_DNE,11,November,1.2,20.3,29.7
2020-11-03T09:00:00Z,2.775,29.6,5,Broome,18,DAMPIER_202009_DNE,11,November,1.2,20.3,29.7
2020-11-03T10:00:00Z,1.964,29.7,4.3,Broome,15.48,DAMPIER_202009_DNE,11,November,1.2,20.3,29.7
2020-11-03T11:00:00Z,2.415,29.3,5.4,Broome,19.44,DAMPIER_202009_DNE,11,November,1.2,20.3,29.7
2020-11-03T12:00:00Z,3.945,29,4,Broome,14.4,DAMPIER_202009_DNE,11,November,1.2,20.3,29.7
2020-11-03T13:00:00Z,5.748,28.9,5.4,Broome,19.44,DAMPIER_202009_DNE,11,November,1.2,20.3,29.7
2020-11-03T14:00:00Z,7.525,28.9,4.6,Broome,16.56,DAMPIER_202009_DNE,11,November,1.2,20.3,29.7
2020-11-03T15:00:00Z,8.947,28.8,6.6,Broome,23.759999999999998,DAMPIER_202009_DNE,11,November,1.2,20.3,29.7
2020-11-03T16:00:00Z,9.499,28.8,6.9,Broome,24.840000000000003,DAMPIER_202009_DNE,11,November,1.2,20.3,29.7
2020-11-03T17:00:00Z,8.847,28.8,7.1,Broome,25.56,DAMPIER_202009_DNE,11,November,1.2,20.3,29.7
2020-11-03T18:00:00Z,7.427,28.8,7,Broome,25.2,DAMPIER_202009_DNE,11,November,1.2,20.3,29.7
2020-11-03T19:00:00Z,5.837,28.8,6.8,Broome,24.48,DAMPIER_202009_DNE,11,November,1.2,20.3,29.7
2020-11-03T20:00:00Z,4.193,28.8,6.4,Broome,23.040000000000003,DAMPIER_202009_DNE,11,November,1.2,20.3,29.7
2020-11-03T21:00:00Z,2.702,29,5.9,Broome,21.240000000000002,DAMPIER_202009_DNE,11,November,1.2,20.3,29.7
2020-11-03T22:00:00Z,1.658,28.9,5.5,Broome,19.8,DAMPIER_202009_DNE,11,November,1.2,20.3,29.7
2020-11-03T23:00:00Z,1.725,28.9,5.5,Broome,19.8,DAMPIER_202009_DNE,11,November,1.2,20.3,29.7
2020-11-04T00:00:00Z,2.989,28.8,4.6,Broome,16.56,DAMPIER_202009_DNE,11,November,1.2,20.3,29.7
2020-11-04T01:00:00Z,4.623,28.7,3.5,Broome,12.6,DAMPIER_202009_DNE,11,November,1.2,20.3,29.7
2020-11-04T02:00:00Z,6.273,28.8,3.3,Broome,11.879999999999999,DAMPIER_202009_DNE,11,November,1.2,20.3,29.7
2020-11-04T03:00:00Z,7.796,28.8,6.1,Broome,21.96,DAMPIER_202009_DNE,11,November,1.2,20.3,29.7
2020-11-04T04:00:00Z,8.808,28.8,7.8,Broome,28.08,DAMPIER_202009_DNE,11,November,1.2,20.3,29.7
2020-11-04T05:00:00Z,8.687,28.8,8.4,Broome,30.240000000000002,DAMPIER_202009_DNE,11,November,1.2,20.3,29.7
2020-11-04T06:00:00Z,7.577,28.9,9.6,Broome,34.56,DAMPIER_202009_DNE,11,November,1.2,20.3,29.7
2020-11-04T07:00:00Z,6.235,29,8,Broome,28.8,DAMPIER_202009_DNE,11,November,1.2,20.3,29.7
2020-11-04T08:00:00Z,4.836,29.2,7.8,Broome,28.08,DAMPIER_202009_DNE,11,November,1.2,20.3,29.7
2020-11-04T09:00:00Z,3.473,29.3,9.4,Broome,33.84,DAMPIER_202009_DNE,11,November,1.2,20.3,29.7
2020-11-04T10:00:00Z,2.406,29.4,8.2,Broome,29.52,DAMPIER_202009_DNE,11,November,1.2,20.3,29.7
2020-11-04T11:00:00Z,2.293,29.4,8.5,Broome,30.6,DAMPIER_202009_DNE,11,November,1.2,20.3,29.7
2020-11-04T12:00:00Z,3.462,29.1,9.6,Broome,34.56,DAMPIER_202009_DNE,11,November,1.2,20.3,29.7
2020-11-04T13:00:00Z,5.141,29,9.5,Broome,34.2,DAMPIER_202009_DNE,11,November,1.2,20.3,29.7
2020-11-04T14:00:00Z,6.853,29,9.6,Broome,34.56,DAMPIER_202009_DNE,11,November,1.2,20.3,29.7
2020-11-04T15:00:00Z,8.364,28.9,10.2,Broome,36.72,DAMPIER_202009_DNE,11,November,1.2,20.3,29.7
2020-11-04T16:00:00Z,9.249,28.9,8.9,Broome,32.04,DAMPIER_202009_DNE,11,November,1.2,20.3,29.7
2020-11-04T17:00:00Z,9.075,28.9,8.4,Broome,30.240000000000002,DAMPIER_202009_DNE,11,November,1.2,20.3,29.7
2020-11-04T18:00:00Z,7.911,28.8,6.6,Broome,23.759999999999998,DAMPIER_202009_DNE,11,November,1.2,20.3,29.7
2020-11-04T19:00:00Z,6.429,28.8,6.4,Broome,23.040000000000003,DAMPIER_202009_DNE,11,November,1.2,20.3,29.7
2020-11-04T20:00:00Z,4.884,28.8,6,Broome,21.6,DAMPIER_202009_DNE,11,November,1.2,20.3,29.7
2020-11-04T21:00:00Z,3.392,28.8,7.1,Broome,25.56,DAMPIER_202009_DNE,11,November,1.2,20.3,29.7
2020-11-04T22:00:00Z,2.184,28.8,5.1,Broome,18.36,DAMPIER_202009_DNE,11,November,1.2,20.3,29.7
2020-11-04T23:00:00Z,1.761,28.9,3.9,Broome,14.04,DAMPIER_202009_DNE,11,November,1.2,20.3,29.7
2020-11-05T00:00:00Z,2.608,28.9,1.6,Broome,5.760000000000001,DAMPIER_202009_DNE,11,November,1.2,20.3,29.7
2020-11-05T01:00:00Z,4.093,28.8,3.2,Broome,11.520000000000001,DAMPIER_202009_DNE,11,November,1.2,20.3,29.7
2020-11-05T02:00:00Z,5.621,28.8,3.8,Broome,13.68,DAMPIER_202009_DNE,11,November,1.2,20.3,29.7
2020-11-05T03:00:00Z,7.087,28.8,5.1,Broome,18.36,DAMPIER_202009_DNE,11,November,1.2,20.3,29.7
2020-11-05T04:00:00Z,8.271,28.9,7.7,Broome,27.720000000000002,DAMPIER_202009_DNE,11,November,1.2,20.3,29.7
2020-11-05T05:00:00Z,8.626,28.9,7.5,Broome,27,DAMPIER_202009_DNE,11,November,1.2,20.3,29.7
2020-11-05T06:00:00Z,7.865,28.9,6.6,Broome,23.759999999999998,DAMPIER_202009_DNE,11,November,1.2,20.3,29.7
2020-11-05T07:00:00Z,6.653,29.1,8.3,Broome,29.880000000000003,DAMPIER_202009_DNE,11,November,1.2,20.3,29.7
2020-11-05T08:00:00Z,5.406,29.2,9.2,Broome,33.12,DAMPIER_202009_DNE,11,November,1.2,20.3,29.7
2020-11-05T09:00:00Z,4.146,29.3,8.7,Broome,31.319999999999997,DAMPIER_202009_DNE,11,November,1.2,20.3,29.7
2020-11-05T10:00:00Z,3.03,29.5,4,Broome,14.4,DAMPIER_202009_DNE,11,November,1.2,20.3,29.7
2020-11-05T11:00:00Z,2.545,29.5,4.9,Broome,17.64,DAMPIER_202009_DNE,11,November,1.2,20.3,29.7
2020-11-05T12:00:00Z,3.187,29.3,6.6,Broome,23.759999999999998,DAMPIER_202009_DNE,11,November,1.2,20.3,29.7
2020-11-05T13:00:00Z,4.602,29.2,5.8,Broome,20.88,DAMPIER_202009_DNE,11,November,1.2,20.3,29.7
2020-11-05T14:00:00Z,6.178,29.1,5.6,Broome,20.16,DAMPIER_202009_DNE,11,November,1.2,20.3,29.7
2020-11-05T15:00:00Z,7.631,29.1,5.9,Broome,21.240000000000002,DAMPIER_202009_DNE,11,November,1.2,20.3,29.7
2020-11-05T16:00:00Z,8.689,29,6.3,Broome,22.68,DAMPIER_202009_DNE,11,November,1.2,20.3,29.7
2020-11-05T17:00:00Z,8.962,29,5.8,Broome,20.88,DAMPIER_202009_DNE,11,November,1.2,20.3,29.7
2020-11-05T18:00:00Z,8.226,29,5.6,Broome,20.16,DAMPIER_202009_DNE,11,November,1.2,20.3,29.7
2020-11-05T19:00:00Z,6.932,29,5.8,Broome,20.88,DAMPIER_202009_DNE,11,November,1.2,20.3,29.7
2020-11-05T20:00:00Z,5.559,29,6.3,Broome,22.68,DAMPIER_202009_DNE,11,November,1.2,20.3,29.7
2020-11-05T21:00:00Z,4.191,29,5.1,Broome,18.36,DAMPIER_202009_DNE,11,November,1.2,20.3,29.7
2020-11-05T22:00:00Z,2.988,29.1,4.5,Broome,16.2,DAMPIER_202009_DNE,11,November,1.2,20.3,29.7
2020-11-05T23:00:00Z,2.247,29.1,3.5,Broome,12.6,DAMPIER_202009_DNE,11,November,1.2,20.3,29.7
2020-11-06T00:00:00Z,2.534,29.1,3.9,Broome,14.04,DAMPIER_202009_DNE,11,November,1.2,20.3,29.7
2020-11-06T01:00:00Z,3.719,29,4.2,Broome,15.120000000000001,DAMPIER_202009_DNE,11,November,1.2,20.3,29.7
2020-11-06T02:00:00Z,5.066,29,4.2,Broome,15.120000000000001,DAMPIER_202009_DNE,11,November,1.2,20.3,29.7
2020-11-06T03:00:00Z,6.368,29.1,3.4,Broome,12.24,DAMPIER_202009_DNE,11,November,1.2,20.3,29.7
2020-11-06T04:00:00Z,7.562,29,5,Broome,18,DAMPIER_202009_DNE,11,November,1.2,20.3,29.7
2020-11-06T05:00:00Z,8.265,29,7.7,Broome,27.720000000000002,DAMPIER_202009_DNE,11,November,1.2,20.3,29.7
2020-11-06T06:00:00Z,7.994,29,8.5,Broome,30.6,DAMPIER_202009_DNE,11,November,1.2,20.3,29.7
2020-11-06T07:00:00Z,7.047,29.1,9.2,Broome,33.12,DAMPIER_202009_DNE,11,November,1.2,20.3,29.7
2020-11-06T08:00:00Z,5.954,29.2,9.7,Broome,34.92,DAMPIER_202009_DNE,11,November,1.2,20.3,29.7
2020-11-06T09:00:00Z,4.81,29.3,9,Broome,32.4,DAMPIER_202009_DNE,11,November,1.2,20.3,29.7
2020-11-06T10:00:00Z,3.738,29.3,4.9,Broome,17.64,DAMPIER_202009_DNE,11,November,1.2,20.3,29.7
2020-11-06T11:00:00Z,3.074,29.3,2.8,Broome,10.08,DAMPIER_202009_DNE,11,November,1.2,20.3,29.7
2020-11-06T12:00:00Z,3.22,29.4,3.3,Broome,11.879999999999999,DAMPIER_202009_DNE,11,November,1.2,20.3,29.7
2020-11-06T13:00:00Z,4.215,29.3,3.2,Broome,11.520000000000001,DAMPIER_202009_DNE,11,November,1.2,20.3,29.7
2020-11-06T14:00:00Z,5.561,29.3,1.9,Broome,6.84,DAMPIER_202009_DNE,11,November,1.2,20.3,29.7
2020-11-06T15:00:00Z,6.865,29.3,3.3,Broome,11.879999999999999,DAMPIER_202009_DNE,11,November,1.2,20.3,29.7
2020-11-06T16:00:00Z,7.925,29.1,1.8,Broome,6.48,DAMPIER_202009_DNE,11,November,1.2,20.3,29.7
2020-11-06T17:00:00Z,8.49,29.1,2.7,Broome,9.72,DAMPIER_202009_DNE,11,November,1.2,20.3,29.7
2020-11-06T18:00:00Z,8.232,29.1,2.9,Broome,10.44,DAMPIER_202009_DNE,11,November,1.2,20.3,29.7
2020-11-06T19:00:00Z,7.262,29.1,2.8,Broome,10.08,DAMPIER_202009_DNE,11,November,1.2,20.3,29.7
2020-11-06T20:00:00Z,6.076,29.1,4.8,Broome,17.28,DAMPIER_202009_DNE,11,November,1.2,20.3,29.7
2020-11-06T21:00:00Z,4.866,29.1,4.7,Broome,16.92,DAMPIER_202009_DNE,11,November,1.2,20.3,29.7
2020-11-06T22:00:00Z,3.737,29.2,5.4,Broome,19.44,DAMPIER_202009_DNE,11,November,1.2,20.3,29.7
2020-11-06T23:00:00Z,2.926,29.3,3.4,Broome,12.24,DAMPIER_202009_DNE,11,November,1.2,20.3,29.7
2020-11-07T00:00:00Z,2.781,29.3,1.5,Broome,5.4,DAMPIER_202009_DNE,11,November,1.2,20.3,29.7
2020-11-07T01:00:00Z,3.487,29.2,6.3,Broome,22.68,DAMPIER_202009_DNE,11,November,1.2,20.3,29.7
2020-11-07T02:00:00Z,4.572,29.1,7.8,Broome,28.08,DAMPIER_202009_DNE,11,November,1.2,20.3,29.7
2020-11-07T03:00:00Z,5.666,29.1,8.1,Broome,29.16,DAMPIER_202009_DNE,11,November,1.2,20.3,29.7
2020-11-07T04:00:00Z,6.703,29.2,9.2,Broome,33.12,DAMPIER_202009_DNE,11,November,1.2,20.3,29.7
2020-11-07T05:00:00Z,7.493,29.1,11.1,Broome,39.96,DAMPIER_202009_DNE,11,November,1.2,20.3,29.7
2020-11-07T06:00:00Z,7.688,29.2,9.7,Broome,34.92,DAMPIER_202009_DNE,11,November,1.2,20.3,29.7
2020-11-07T07:00:00Z,7.155,29.2,9.1,Broome,32.76,DAMPIER_202009_DNE,11,November,1.2,20.3,29.7
2020-11-07T08:00:00Z,6.287,29.2,8.9,Broome,32.04,DAMPIER_202009_DNE,11,November,1.2,20.3,29.7
2020-11-07T09:00:00Z,5.384,29.3,7.6,Broome,27.36,DAMPIER_202009_DNE,11,November,1.2,20.3,29.7
2020-11-07T10:00:00Z,4.488,29.4,4.6,Broome,16.56,DAMPIER_202009_DNE,11,November,1.2,20.3,29.7
2020-11-07T11:00:00Z,3.813,29.4,4.6,Broome,16.56,DAMPIER_202009_DNE,11,November,1.2,20.3,29.7
2020-11-07T12:00:00Z,3.629,29.4,4.1,Broome,14.76,DAMPIER_202009_DNE,11,November,1.2,20.3,29.7
2020-11-07T13:00:00Z,4.106,29.4,3.2,Broome,11.520000000000001,DAMPIER_202009_DNE,11,November,1.2,20.3,29.7
2020-11-07T14:00:00Z,5.054,29.3,3.9,Broome,14.04,DAMPIER_202009_DNE,11,November,1.2,20.3,29.7
2020-11-07T15:00:00Z,6.127,29.3,3.6,Broome,12.96,DAMPIER_202009_DNE,11,November,1.2,20.3,29.7
2020-11-07T16:00:00Z,7.102,29.3,4,Broome,14.4,DAMPIER_202009_DNE,11,November,1.2,20.3,29.7
2020-11-07T17:00:00Z,7.789,29.2,3.6,Broome,12.96,DAMPIER_202009_DNE,11,November,1.2,20.3,29.7
2020-11-07T18:00:00Z,7.945,29.2,3.6,Broome,12.96,DAMPIER_202009_DNE,11,November,1.2,20.3,29.7
2020-11-07T19:00:00Z,7.4,29.2,3.3,Broome,11.879999999999999,DAMPIER_202009_DNE,11,November,1.2,20.3,29.7
2020-11-07T20:00:00Z,6.494,29.2,4,Broome,14.4,DAMPIER_202009_DNE,11,November,1.2,20.3,29.7
2020-11-07T21:00:00Z,5.533,29.1,4.5,Broome,16.2,DAMPIER_202009_DNE,11,November,1.2,20.3,29.7
2020-11-07T22:00:00Z,4.598,29.1,4.4,Broome,15.840000000000002,DAMPIER_202009_DNE,11,November,1.2,20.3,29.7
2020-11-07T23:00:00Z,3.844,29.1,5,Broome,18,DAMPIER_202009_DNE,11,November,1.2,20.3,29.7
2020-11-08T00:00:00Z,3.504,29.1,0.8,Broome,2.8800000000000003,DAMPIER_202009_DNE,11,November,1.2,20.3,29.7
2020-11-08T01:00:00Z,3.714,29.2,1.9,Broome,6.84,DAMPIER_202009_DNE,11,November,1.2,20.3,29.7
2020-11-08T02:00:00Z,4.333,29.2,3.6,Broome,12.96,DAMPIER_202009_DNE,11,November,1.2,20.3,29.7
2020-11-08T03:00:00Z,5.12,29.2,5.4,Broome,19.44,DAMPIER_202009_DNE,11,November,1.2,20.3,29.7
2020-11-08T04:00:00Z,5.926,29.2,6.7,Broome,24.12,DAMPIER_202009_DNE,11,November,1.2,20.3,29.7
2020-11-08T05:00:00Z,6.608,29.3,8.8,Broome,31.680000000000003,DAMPIER_202009_DNE,11,November,1.2,20.3,29.7
2020-11-08T06:00:00Z,7.038,29.3,8.6,Broome,30.96,DAMPIER_202009_DNE,11,November,1.2,20.3,29.7
2020-11-08T07:00:00Z,7.047,29.3,9.2,Broome,33.12,DAMPIER_202009_DNE,11,November,1.2,20.3,29.7
2020-11-08T08:00:00Z,6.565,29.3,8.2,Broome,29.52,DAMPIER_202009_DNE,11,November,1.2,20.3,29.7
2020-11-08T09:00:00Z,5.861,29.4,7.4,Broome,26.64,DAMPIER_202009_DNE,11,November,1.2,20.3,29.7
2020-11-08T10:00:00Z,5.18,29.4,6.4,Broome,23.040000000000003,DAMPIER_202009_DNE,11,November,1.2,20.3,29.7
2020-11-08T11:00:00Z,4.645,29.4,6.2,Broome,22.32,DAMPIER_202009_DNE,11,November,1.2,20.3,29.7
2020-11-08T12:00:00Z,4.33,29.4,5.5,Broome,19.8,DAMPIER_202009_DNE,11,November,1.2,20.3,29.7
2020-11-08T13:00:00Z,4.378,29.4,4.8,Broome,17.28,DAMPIER_202009_DNE,11,November,1.2,20.3,29.7
2020-11-08T14:00:00Z,4.871,29.4,3.7,Broome,13.32,DAMPIER_202009_DNE,11,November,1.2,20.3,29.7
2020-11-08T15:00:00Z,5.577,29.4,3.5,Broome,12.6,DAMPIER_202009_DNE,11,November,1.2,20.3,29.7
2020-11-08T16:00:00Z,6.245,29.4,3.1,Broome,11.16,DAMPIER_202009_DNE,11,November,1.2,20.3,29.7
2020-11-08T17:00:00Z,6.789,29.3,2.4,Broome,8.64,DAMPIER_202009_DNE,11,November,1.2,20.3,29.7
2020-11-08T18:00:00Z,7.14,29.3,3.7,Broome,13.32,DAMPIER_202009_DNE,11,November,1.2,20.3,29.7
2020-11-08T19:00:00Z,7.126,29.2,2.9,Broome,10.44,DAMPIER_202009_DNE,11,November,1.2,20.3,29.7
2020-11-08T20:00:00Z,6.696,29.2,4.2,Broome,15.120000000000001,DAMPIER_202009_DNE,11,November,1.2,20.3,29.7
2020-11-08T21:00:00Z,6.055,29.3,3.3,Broome,11.879999999999999,DAMPIER_202009_DNE,11,November,1.2,20.3,29.7
2020-11-08T22:00:00Z,5.379,29.3,1.9,Broome,6.84,DAMPIER_202009_DNE,11,November,1.2,20.3,29.7
2020-11-08T23:00:00Z,4.769,29.2,1.5,Broome,5.4,DAMPIER_202009_DNE,11,November,1.2,20.3,29.7
2020-11-09T00:00:00Z,4.339,29.2,2.1,Broome,7.5600000000000005,DAMPIER_202009_DNE,11,November,1.2,20.3,29.7
2020-11-09T01:00:00Z,4.19,29.2,2.8,Broome,10.08,DAMPIER_202009_DNE,11,November,1.2,20.3,29.7
2020-11-09T02:00:00Z,4.322,29.3,3.4,Broome,12.24,DAMPIER_202009_DNE,11,November,1.2,20.3,29.7
2020-11-09T03:00:00Z,4.688,29.3,4.1,Broome,14.76,DAMPIER_202009_DNE,11,November,1.2,20.3,29.7
2020-11-09T04:00:00Z,5.166,29.3,6.1,Broome,21.96,DAMPIER_202009_DNE,11,November,1.2,20.3,29.7
2020-11-09T05:00:00Z,5.625,29.4,7.7,Broome,27.720000000000002,DAMPIER_202009_DNE,11,November,1.2,20.3,29.7
2020-11-09T06:00:00Z,6.06,29.3,7.9,Broome,28.44,DAMPIER_202009_DNE,11,November,1.2,20.3,29.7
2020-11-09T07:00:00Z,6.416,29.4,7.4,Broome,26.64,DAMPIER_202009_DNE,11,November,1.2,20.3,29.7
2020-11-09T08:00:00Z,6.484,29.3,6.8,Broome,24.48,DAMPIER_202009_DNE,11,November,1.2,20.3,29.7
2020-11-09T09:00:00Z,6.215,29.4,6.9,Broome,24.840000000000003,DAMPIER_202009_DNE,11,November,1.2,20.3,29.7
2020-11-09T10:00:00Z,5.817,29.4,6.5,Broome,23.400000000000002,DAMPIER_202009_DNE,11,November,1.2,20.3,29.7
2020-11-09T11:00:00Z,5.446,29.4,6.2,Broome,22.32,DAMPIER_202009_DNE,11,November,1.2,20.3,29.7
2020-11-09T12:00:00Z,5.148,29.4,5.2,Broome,18.720000000000002,DAMPIER_202009_DNE,11,November,1.2,20.3,29.7
2020-11-09T13:00:00Z,4.941,29.4,5.1,Broome,18.36,DAMPIER_202009_DNE,11,November,1.2,20.3,29.7
2020-11-09T14:00:00Z,4.937,29.4,6,Broome,21.6,DAMPIER_202009_DNE,11,November,1.2,20.3,29.7
2020-11-09T15:00:00Z,5.171,29.4,6.4,Broome,23.040000000000003,DAMPIER_202009_DNE,11,November,1.2,20.3,29.7
2020-11-09T16:00:00Z,5.508,29.4,5.5,Broome,19.8,DAMPIER_202009_DNE,11,November,1.2,20.3,29.7
2020-11-09T17:00:00Z,5.874,29.4,6,Broome,21.6,DAMPIER_202009_DNE,11,November,1.2,20.3,29.7
2020-11-09T18:00:00Z,6.199,29.4,6.6,Broome,23.759999999999998,DAMPIER_202009_DNE,11,November,1.2,20.3,29.7
2020-11-09T19:00:00Z,6.411,29.4,6.9,Broome,24.840000000000003,DAMPIER_202009_DNE,11,November,1.2,20.3,29.7
2020-11-09T20:00:00Z,6.45,29.3,7,Broome,25.2,DAMPIER_202009_DNE,11,November,1.2,20.3,29.7
2020-11-09T21:00:00Z,6.292,29.2,7.1,Broome,25.56,DAMPIER_202009_DNE,11,November,1.2,20.3,29.7
2020-11-09T22:00:00Z,6.008,29.2,7.9,Broome,28.44,DAMPIER_202009_DNE,11,November,1.2,20.3,29.7
2020-11-09T23:00:00Z,5.662,29.3,6.7,Broome,24.12,DAMPIER_202009_DNE,11,November,1.2,20.3,29.7
2020-11-10T00:00:00Z,5.322,29.3,5.1,Broome,18.36,DAMPIER_202009_DNE,11,November,1.2,20.3,29.7
2020-11-10T01:00:00Z,5.03,29.3,6.1,Broome,21.96,DAMPIER_202009_DNE,11,November,1.2,20.3,29.7
2020-11-10T02:00:00Z,4.759,29.3,5.7,Broome,20.52,DAMPIER_202009_DNE,11,November,1.2,20.3,29.7
2020-11-10T03:00:00Z,4.629,29.4,5.8,Broome,20.88,DAMPIER_202009_DNE,11,November,1.2,20.3,29.7
2020-11-10T04:00:00Z,4.7,29.4,7.3,Broome,26.28,DAMPIER_202009_DNE,11,November,1.2,20.3,29.7
2020-11-10T05:00:00Z,4.878,29.4,8,Broome,28.8,DAMPIER_202009_DNE,11,November,1.2,20.3,29.7
2020-11-10T06:00:00Z,5.131,29.5,8.3,Broome,29.880000000000003,DAMPIER_202009_DNE,11,November,1.2,20.3,29.7
2020-11-10T07:00:00Z,5.486,29.5,8.2,Broome,29.52,DAMPIER_202009_DNE,11,November,1.2,20.3,29.7
2020-11-10T08:00:00Z,5.918,29.5,8.1,Broome,29.16,DAMPIER_202009_DNE,11,November,1.2,20.3,29.7
2020-11-10T09:00:00Z,6.243,29.4,7.1,Broome,25.56,DAMPIER_202009_DNE,11,November,1.2,20.3,29.7
2020-11-10T10:00:00Z,6.318,29.5,7.1,Broome,25.56,DAMPIER_202009_DNE,11,November,1.2,20.3,29.7
2020-11-10T11:00:00Z,6.258,29.5,7.7,Broome,27.720000000000002,DAMPIER_202009_DNE,11,November,1.2,20.3,29.7
2020-11-10T12:00:00Z,6.129,29.5,5.8,Broome,20.88,DAMPIER_202009_DNE,11,November,1.2,20.3,29.7
2020-11-10T13:00:00Z,5.871,29.5,5.4,Broome,19.44,DAMPIER_202009_DNE,11,November,1.2,20.3,29.7
2020-11-10T14:00:00Z,5.52,29.5,3.6,Broome,12.96,DAMPIER_202009_DNE,11,November,1.2,20.3,29.7
2020-11-10T15:00:00Z,5.187,29.5,3.9,Broome,14.04,DAMPIER_202009_DNE,11,November,1.2,20.3,29.7
2020-11-10T16:00:00Z,4.95,29.5,4.8,Broome,17.28,DAMPIER_202009_DNE,11,November,1.2,20.3,29.7
2020-11-10T17:00:00Z,4.887,29.5,3.5,Broome,12.6,DAMPIER_202009_DNE,11,November,1.2,20.3,29.7
2020-11-10T18:00:00Z,5.056,29.4,2.9,Broome,10.44,DAMPIER_202009_DNE,11,November,1.2,20.3,29.7
2020-11-10T19:00:00Z,5.386,29.4,4.1,Broome,14.76,DAMPIER_202009_DNE,11,November,1.2,20.3,29.7
2020-11-10T20:00:00Z,5.79,29.5,4.6,Broome,16.56,DAMPIER_202009_DNE,11,November,1.2,20.3,29.7
2020-11-10T21:00:00Z,6.194,29.5,5.3,Broome,19.08,DAMPIER_202009_DNE,11,November,1.2,20.3,29.7
2020-11-10T22:00:00Z,6.471,29.4,3.4,Broome,12.24,DAMPIER_202009_DNE,11,November,1.2,20.3,29.7
2020-11-10T23:00:00Z,6.553,29.4,2.5,Broome,9,DAMPIER_202009_DNE,11,November,1.2,20.3,29.7
2020-11-11T00:00:00Z,6.41,29.4,3.7,Broome,13.32,DAMPIER_202009_DNE,11,November,1.2,20.3,29.7
2020-11-11T01:00:00Z,6.033,29.5,3.4,Broome,12.24,DAMPIER_202009_DNE,11,November,1.2,20.3,29.7
2020-11-11T02:00:00Z,5.541,29.5,5.1,Broome,18.36,DAMPIER_202009_DNE,11,November,1.2,20.3,29.7
2020-11-11T03:00:00Z,5.065,29.5,5.9,Broome,21.240000000000002,DAMPIER_202009_DNE,11,November,1.2,20.3,29.7
2020-11-11T04:00:00Z,4.624,29.5,7.1,Broome,25.56,DAMPIER_202009_DNE,11,November,1.2,20.3,29.7
2020-11-11T05:00:00Z,4.309,29.5,7.1,Broome,25.56,DAMPIER_202009_DNE,11,November,1.2,20.3,29.7
2020-11-11T06:00:00Z,4.279,29.5,8.5,Broome,30.6,DAMPIER_202009_DNE,11,November,1.2,20.3,29.7
2020-11-11T07:00:00Z,4.602,29.7,9.9,Broome,35.64,DAMPIER_202009_DNE,11,November,1.2,20.3,29.7
2020-11-11T08:00:00Z,5.178,29.6,8.6,Broome,30.96,DAMPIER_202009_DNE,11,November,1.2,20.3,29.7
2020-11-11T09:00:00Z,5.861,29.6,7.2,Broome,25.92,DAMPIER_202009_DNE,11,November,1.2,20.3,29.7
2020-11-11T10:00:00Z,6.513,29.6,6.5,Broome,23.400000000000002,DAMPIER_202009_DNE,11,November,1.2,20.3,29.7
2020-11-11T11:00:00Z,7.01,29.6,5.4,Broome,19.44,DAMPIER_202009_DNE,11,November,1.2,20.3,29.7
2020-11-11T12:00:00Z,7.177,29.6,4.9,Broome,17.64,DAMPIER_202009_DNE,11,November,1.2,20.3,29.7
2020-11-11T13:00:00Z,6.896,29.6,4.5,Broome,16.2,DAMPIER_202009_DNE,11,November,1.2,20.3,29.7
2020-11-11T14:00:00Z,6.335,29.6,3.8,Broome,13.68,DAMPIER_202009_DNE,11,November,1.2,20.3,29.7
2020-11-11T15:00:00Z,5.639,29.6,3.8,Broome,13.68,DAMPIER_202009_DNE,11,November,1.2,20.3,29.7
2020-11-11T16:00:00Z,4.941,29.6,3.4,Broome,12.24,DAMPIER_202009_DNE,11,November,1.2,20.3,29.7
2020-11-11T17:00:00Z,4.372,29.5,3.2,Broome,11.520000000000001,DAMPIER_202009_DNE,11,November,1.2,20.3,29.7
2020-11-11T18:00:00Z,4.055,29.6,4,Broome,14.4,DAMPIER_202009_DNE,11,November,1.2,20.3,29.7
2020-11-11T19:00:00Z,4.179,29.6,3.4,Broome,12.24,DAMPIER_202009_DNE,11,November,1.2,20.3,29.7
2020-11-11T20:00:00Z,4.727,29.7,3.7,Broome,13.32,DAMPIER_202009_DNE,11,November,1.2,20.3,29.7
2020-11-11T21:00:00Z,5.487,29.7,5.2,Broome,18.720000000000002,DAMPIER_202009_DNE,11,November,1.2,20.3,29.7
2020-11-11T22:00:00Z,6.278,29.6,3.8,Broome,13.68,DAMPIER_202009_DNE,11,November,1.2,20.3,29.7
2020-11-11T23:00:00Z,6.951,29.6,2.2,Broome,7.920000000000001,DAMPIER_202009_DNE,11,November,1.2,20.3,29.7
2020-11-12T00:00:00Z,7.369,29.6,2.8,Broome,10.08,DAMPIER_202009_DNE,11,November,1.2,20.3,29.7
2020-11-12T01:00:00Z,7.296,29.6,2.4,Broome,8.64,DAMPIER_202009_DNE,11,November,1.2,20.3,29.7
2020-11-12T02:00:00Z,6.687,29.6,4.6,Broome,16.56,DAMPIER_202009_DNE,11,November,1.2,20.3,29.7
2020-11-12T03:00:00Z,5.829,29.8,5,Broome,18,DAMPIER_202009_DNE,11,November,1.2,20.3,29.7
2020-11-12T04:00:00Z,4.955,29.9,6.6,Broome,23.759999999999998,DAMPIER_202009_DNE,11,November,1.2,20.3,29.7
2020-11-12T05:00:00Z,4.159,30,7.5,Broome,27,DAMPIER_202009_DNE,11,November,1.2,20.3,29.7
2020-11-12T06:00:00Z,3.588,30.1,8.2,Broome,29.52,DAMPIER_202009_DNE,11,November,1.2,20.3,29.7
2020-11-12T07:00:00Z,3.522,29.9,8.7,Broome,31.319999999999997,DAMPIER_202009_DNE,11,November,1.2,20.3,29.7
2020-11-12T08:00:00Z,4.108,29.9,9.2,Broome,33.12,DAMPIER_202009_DNE,11,November,1.2,20.3,29.7
2020-11-12T09:00:00Z,5.094,29.9,9.1,Broome,32.76,DAMPIER_202009_DNE,11,November,1.2,20.3,29.7
2020-11-12T10:00:00Z,6.154,30,7.2,Broome,25.92,DAMPIER_202009_DNE,11,November,1.2,20.3,29.7
2020-11-12T11:00:00Z,7.161,29.9,6.6,Broome,23.759999999999998,DAMPIER_202009_DNE,11,November,1.2,20.3,29.7
2020-11-12T12:00:00Z,7.913,29.9,7.4,Broome,26.64,DAMPIER_202009_DNE,11,November,1.2,20.3,29.7
2020-11-12T13:00:00Z,8.107,29.8,5.8,Broome,20.88,DAMPIER_202009_DNE,11,November,1.2,20.3,29.7
2020-11-12T14:00:00Z,7.608,29.8,6.4,Broome,23.040000000000003,DAMPIER_202009_DNE,11,November,1.2,20.3,29.7
2020-11-12T15:00:00Z,6.628,29.8,6.1,Broome,21.96,DAMPIER_202009_DNE,11,November,1.2,20.3,29.7
2020-11-12T16:00:00Z,5.489,29.8,5.7,Broome,20.52,DAMPIER_202009_DNE,11,November,1.2,20.3,29.7
2020-11-12T17:00:00Z,4.368,29.7,5.3,Broome,19.08,DAMPIER_202009_DNE,11,November,1.2,20.3,29.7
2020-11-12T18:00:00Z,3.447,29.6,5.2,Broome,18.720000000000002,DAMPIER_202009_DNE,11,November,1.2,20.3,29.7
2020-11-12T19:00:00Z,2.973,29.7,5.1,Broome,18.36,DAMPIER_202009_DNE,11,November,1.2,20.3,29.7
2020-11-12T20:00:00Z,3.293,29.7,5.6,Broome,20.16,DAMPIER_202009_DNE,11,November,1.2,20.3,29.7
2020-11-12T21:00:00Z,4.325,29.7,6.3,Broome,22.68,DAMPIER_202009_DNE,11,November,1.2,20.3,29.7
2020-11-12T22:00:00Z,5.573,29.7,6.5,Broome,23.400000000000002,DAMPIER_202009_DNE,11,November,1.2,20.3,29.7
2020-11-12T23:00:00Z,6.749,29.7,6.1,Broome,21.96,DAMPIER_202009_DNE,11,November,1.2,20.3,29.7
2020-11-13T00:00:00Z,7.735,29.6,6,Broome,21.6,DAMPIER_202009_DNE,11,November,1.2,20.3,29.7
2020-11-13T01:00:00Z,8.274,29.7,5.3,Broome,19.08,DAMPIER_202009_DNE,11,November,1.2,20.3,29.7
2020-11-13T02:00:00Z,7.937,29.8,6.4,Broome,23.040000000000003,DAMPIER_202009_DNE,11,November,1.2,20.3,29.7
2020-11-13T03:00:00Z,6.947,29.8,6.6,Broome,23.759999999999998,DAMPIER_202009_DNE,11,November,1.2,20.3,29.7
2020-11-13T04:00:00Z,5.79,29.9,7.1,Broome,25.56,DAMPIER_202009_DNE,11,November,1.2,20.3,29.7
2020-11-13T05:00:00Z,4.567,29.9,7.3,Broome,26.28,DAMPIER_202009_DNE,11,November,1.2,20.3,29.7
2020-11-13T06:00:00Z,3.462,30,7.3,Broome,26.28,DAMPIER_202009_DNE,11,November,1.2,20.3,29.7
2020-11-13T07:00:00Z,2.77,30.2,9.3,Broome,33.480000000000004,DAMPIER_202009_DNE,11,November,1.2,20.3,29.7
2020-11-13T08:00:00Z,2.921,29.9,8.1,Broome,29.16,DAMPIER_202009_DNE,11,November,1.2,20.3,29.7
2020-11-13T09:00:00Z,3.946,30,7.6,Broome,27.36,DAMPIER_202009_DNE,11,November,1.2,20.3,29.7
2020-11-13T10:00:00Z,5.295,30,6.4,Broome,23.040000000000003,DAMPIER_202009_DNE,11,November,1.2,20.3,29.7
2020-11-13T11:00:00Z,6.734,29.9,6,Broome,21.6,DAMPIER_202009_DNE,11,November,1.2,20.3,29.7
2020-11-13T12:00:00Z,8.07,29.9,5.8,Broome,20.88,DAMPIER_202009_DNE,11,November,1.2,20.3,29.7
2020-11-13T13:00:00Z,8.936,29.8,5.9,Broome,21.240000000000002,DAMPIER_202009_DNE,11,November,1.2,20.3,29.7
2020-11-13T14:00:00Z,8.847,29.8,4.6,Broome,16.56,DAMPIER_202009_DNE,11,November,1.2,20.3,29.7
2020-11-13T15:00:00Z,7.826,29.8,5.1,Broome,18.36,DAMPIER_202009_DNE,11,November,1.2,20.3,29.7
2020-11-13T16:00:00Z,6.472,29.8,5.2,Broome,18.720000000000002,DAMPIER_202009_DNE,11,November,1.2,20.3,29.7
2020-11-13T17:00:00Z,5.005,29.7,5.7,Broome,20.52,DAMPIER_202009_DNE,11,November,1.2,20.3,29.7
2020-11-13T18:00:00Z,3.546,29.7,7.1,Broome,25.56,DAMPIER_202009_DNE,11,November,1.2,20.3,29.7
2020-11-13T19:00:00Z,2.37,29.6,9.2,Broome,33.12,DAMPIER_202009_DNE,11,November,1.2,20.3,29.7
2020-11-13T20:00:00Z,1.992,29.6,7.9,Broome,28.44,DAMPIER_202009_DNE,11,November,1.2,20.3,29.7
2020-11-13T21:00:00Z,2.812,29.8,8,Broome,28.8,DAMPIER_202009_DNE,11,November,1.2,20.3,29.7
2020-11-13T22:00:00Z,4.269,29.7,6,Broome,21.6,DAMPIER_202009_DNE,11,November,1.2,20.3,29.7
2020-11-13T23:00:00Z,5.866,29.7,5.5,Broome,19.8,DAMPIER_202009_DNE,11,November,1.2,20.3,29.7
2020-11-14T00:00:00Z,7.429,29.7,6.8,Broome,24.48,DAMPIER_202009_DNE,11,November,1.2,20.3,29.7
2020-11-14T01:00:00Z,8.63,29.7,5.7,Broome,20.52,DAMPIER_202009_DNE,11,November,1.2,20.3,29.7
2020-11-14T02:00:00Z,8.911,29.8,7,Broome,25.2,DAMPIER_202009_DNE,11,November,1.2,20.3,29.7
2020-11-14T03:00:00Z,8.116,29.8,7.4,Broome,26.64,DAMPIER_202009_DNE,11,November,1.2,20.3,29.7
2020-11-14T04:00:00Z,6.83,29.9,7.9,Broome,28.44,DAMPIER_202009_DNE,11,November,1.2,20.3,29.7
2020-11-14T05:00:00Z,5.422,30,7.8,Broome,28.08,DAMPIER_202009_DNE,11,November,1.2,20.3,29.7
2020-11-14T06:00:00Z,3.96,30,8.6,Broome,30.96,DAMPIER_202009_DNE,11,November,1.2,20.3,29.7
2020-11-14T07:00:00Z,2.705,30.2,8.5,Broome,30.6,DAMPIER_202009_DNE,11,November,1.2,20.3,29.7
2020-11-14T08:00:00Z,2.056,30.3,7.9,Broome,28.44,DAMPIER_202009_DNE,11,November,1.2,20.3,29.7
2020-11-14T09:00:00Z,2.592,30.1,6.5,Broome,23.400000000000002,DAMPIER_202009_DNE,11,November,1.2,20.3,29.7
2020-11-14T10:00:00Z,4.044,30,6.6,Broome,23.759999999999998,DAMPIER_202009_DNE,11,November,1.2,20.3,29.7
2020-11-14T11:00:00Z,5.792,30,6.4,Broome,23.040000000000003,DAMPIER_202009_DNE,11,November,1.2,20.3,29.7
2020-11-14T12:00:00Z,7.596,29.9,6.8,Broome,24.48,DAMPIER_202009_DNE,11,November,1.2,20.3,29.7
2020-11-14T13:00:00Z,9.096,29.9,7,Broome,25.2,DAMPIER_202009_DNE,11,November,1.2,20.3,29.7
2020-11-14T14:00:00Z,9.694,29.8,6.6,Broome,23.759999999999998,DAMPIER_202009_DNE,11,November,1.2,20.3,29.7
2020-11-14T15:00:00Z,9.067,29.8,5.8,Broome,20.88,DAMPIER_202009_DNE,11,November,1.2,20.3,29.7
2020-11-14T16:00:00Z,7.653,29.8,5.5,Broome,19.8,DAMPIER_202009_DNE,11,November,1.2,20.3,29.7
2020-11-14T17:00:00Z,6.028,29.7,6,Broome,21.6,DAMPIER_202009_DNE,11,November,1.2,20.3,29.7
2020-11-14T18:00:00Z,4.289,29.7,5.1,Broome,18.36,DAMPIER_202009_DNE,11,November,1.2,20.3,29.7
2020-11-14T19:00:00Z,2.612,29.7,5.4,Broome,19.44,DAMPIER_202009_DNE,11,November,1.2,20.3,29.7
2020-11-14T20:00:00Z,1.357,29.5,6.4,Broome,23.040000000000003,DAMPIER_202009_DNE,11,November,1.2,20.3,29.7
2020-11-14T21:00:00Z,1.309,29.6,7.6,Broome,27.36,DAMPIER_202009_DNE,11,November,1.2,20.3,29.7
2020-11-14T22:00:00Z,2.659,29.7,7.9,Broome,28.44,DAMPIER_202009_DNE,11,November,1.2,20.3,29.7
2020-11-14T23:00:00Z,4.489,29.7,7.6,Broome,27.36,DAMPIER_202009_DNE,11,November,1.2,20.3,29.7
2020-11-15T00:00:00Z,6.403,29.7,7,Broome,25.2,DAMPIER_202009_DNE,11,November,1.2,20.3,29.7
2020-11-15T01:00:00Z,8.229,29.7,6.7,Broome,24.12,DAMPIER_202009_DNE,11,November,1.2,20.3,29.7
2020-11-15T02:00:00Z,9.347,29.7,6.5,Broome,23.400000000000002,DAMPIER_202009_DNE,11,November,1.2,20.3,29.7
2020-11-15T03:00:00Z,9.169,29.8,6.6,Broome,23.759999999999998,DAMPIER_202009_DNE,11,November,1.2,20.3,29.7
2020-11-15T04:00:00Z,7.961,29.9,6.8,Broome,24.48,DAMPIER_202009_DNE,11,November,1.2,20.3,29.7
2020-11-15T05:00:00Z,6.448,29.9,6.2,Broome,22.32,DAMPIER_202009_DNE,11,November,1.2,20.3,29.7
2020-11-15T06:00:00Z,4.832,30.1,7.6,Broome,27.36,DAMPIER_202009_DNE,11,November,1.2,20.3,29.7
2020-11-15T07:00:00Z,3.272,30.1,8.1,Broome,29.16,DAMPIER_202009_DNE,11,November,1.2,20.3,29.7
2020-11-15T08:00:00Z,2.022,30.2,8.6,Broome,30.96,DAMPIER_202009_DNE,11,November,1.2,20.3,29.7
2020-11-15T09:00:00Z,1.632,30.3,8.1,Broome,29.16,DAMPIER_202009_DNE,11,November,1.2,20.3,29.7
2020-11-15T10:00:00Z,2.67,30.1,7.2,Broome,25.92,DAMPIER_202009_DNE,11,November,1.2,20.3,29.7
2020-11-15T11:00:00Z,4.521,29.9,5.6,Broome,20.16,DAMPIER_202009_DNE,11,November,1.2,20.3,29.7
2020-11-15T12:00:00Z,6.571,29.9,3.8,Broome,13.68,DAMPIER_202009_DNE,11,November,1.2,20.3,29.7
2020-11-15T13:00:00Z,8.578,29.9,3.1,Broome,11.16,DAMPIER_202009_DNE,11,November,1.2,20.3,29.7
2020-11-15T14:00:00Z,9.946,29.8,3.6,Broome,12.96,DAMPIER_202009_DNE,11,November,1.2,20.3,29.7
2020-11-15T15:00:00Z,10.028,29.8,4.5,Broome,16.2,DAMPIER_202009_DNE,11,November,1.2,20.3,29.7
2020-11-15T16:00:00Z,8.864,29.8,5.1,Broome,18.36,DAMPIER_202009_DNE,11,November,1.2,20.3,29.7
2020-11-15T17:00:00Z,7.172,29.8,5.9,Broome,21.240000000000002,DAMPIER_202009_DNE,11,November,1.2,20.3,29.7
2020-11-15T18:00:00Z,5.347,29.8,4.6,Broome,16.56,DAMPIER_202009_DNE,11,November,1.2,20.3,29.7
2020-11-15T19:00:00Z,3.442,29.8,4.4,Broome,15.840000000000002,DAMPIER_202009_DNE,11,November,1.2,20.3,29.7
2020-11-15T20:00:00Z,1.706,29.7,5.5,Broome,19.8,DAMPIER_202009_DNE,11,November,1.2,20.3,29.7
2020-11-15T21:00:00Z,0.651,29.6,5.7,Broome,20.52,DAMPIER_202009_DNE,11,November,1.2,20.3,29.7
2020-11-15T22:00:00Z,1.211,29.8,2.9,Broome,10.44,DAMPIER_202009_DNE,11,November,1.2,20.3,29.7
2020-11-15T23:00:00Z,2.99,29.8,5.5,Broome,19.8,DAMPIER_202009_DNE,11,November,1.2,20.3,29.7
2020-11-16T00:00:00Z,5.029,29.7,4,Broome,14.4,DAMPIER_202009_DNE,11,November,1.2,20.3,29.7
2020-11-16T01:00:00Z,7.113,29.7,3.9,Broome,14.04,DAMPIER_202009_DNE,11,November,1.2,20.3,29.7
2020-11-16T02:00:00Z,8.922,29.7,4.5,Broome,16.2,DAMPIER_202009_DNE,11,November,1.2,20.3,29.7
2020-11-16T03:00:00Z,9.667,29.8,4.9,Broome,17.64,DAMPIER_202009_DNE,11,November,1.2,20.3,29.7
2020-11-16T04:00:00Z,8.973,29.8,7.3,Broome,26.28,DAMPIER_202009_DNE,11,November,1.2,20.3,29.7
2020-11-16T05:00:00Z,7.52,29.9,6.8,Broome,24.48,DAMPIER_202009_DNE,11,November,1.2,20.3,29.7
2020-11-16T06:00:00Z,5.928,30,6.5,Broome,23.400000000000002,DAMPIER_202009_DNE,11,November,1.2,20.3,29.7
2020-11-16T07:00:00Z,4.256,30,7,Broome,25.2,DAMPIER_202009_DNE,11,November,1.2,20.3,29.7
2020-11-16T08:00:00Z,2.69,30.2,6.5,Broome,23.400000000000002,DAMPIER_202009_DNE,11,November,1.2,20.3,29.7
2020-11-16T09:00:00Z,1.592,30.2,6.1,Broome,21.96,DAMPIER_202009_DNE,11,November,1.2,20.3,29.7
2020-11-16T10:00:00Z,1.729,30.1,5.6,Broome,20.16,DAMPIER_202009_DNE,11,November,1.2,20.3,29.7
2020-11-16T11:00:00Z,3.295,30,4.7,Broome,16.92,DAMPIER_202009_DNE,11,November,1.2,20.3,29.7
2020-11-16T12:00:00Z,5.374,29.9,4.1,Broome,14.76,DAMPIER_202009_DNE,11,November,1.2,20.3,29.7
2020-11-16T13:00:00Z,7.552,29.8,3.8,Broome,13.68,DAMPIER_202009_DNE,11,November,1.2,20.3,29.7
2020-11-16T14:00:00Z,9.473,29.8,3.9,Broome,14.04,DAMPIER_202009_DNE,11,November,1.2,20.3,29.7
2020-11-16T15:00:00Z,10.343,29.8,6.6,Broome,23.759999999999998,DAMPIER_202009_DNE,11,November,1.2,20.3,29.7
2020-11-16T16:00:00Z,9.784,29.8,2.8,Broome,10.08,DAMPIER_202009_DNE,11,November,1.2,20.3,29.7
2020-11-16T17:00:00Z,8.283,29.8,4.6,Broome,16.56,DAMPIER_202009_DNE,11,November,1.2,20.3,29.7
2020-11-16T18:00:00Z,6.505,29.8,4.5,Broome,16.2,DAMPIER_202009_DNE,11,November,1.2,20.3,29.7
2020-11-16T19:00:00Z,4.579,29.8,7.1,Broome,25.56,DAMPIER_202009_DNE,11,November,1.2,20.3,29.7
2020-11-16T20:00:00Z,2.685,29.7,5.9,Broome,21.240000000000002,DAMPIER_202009_DNE,11,November,1.2,20.3,29.7
2020-11-16T21:00:00Z,1.109,29.7,4,Broome,14.4,DAMPIER_202009_DNE,11,November,1.2,20.3,29.7
2020-11-16T22:00:00Z,0.616,29.6,1.7,Broome,6.12,DAMPIER_202009_DNE,11,November,1.2,20.3,29.7
2020-11-16T23:00:00Z,1.762,29.8,4.3,Broome,15.48,DAMPIER_202009_DNE,11,November,1.2,20.3,29.7
2020-11-17T00:00:00Z,3.689,29.7,3.5,Broome,12.6,DAMPIER_202009_DNE,11,November,1.2,20.3,29.7
2020-11-17T01:00:00Z,5.765,29.7,2.5,Broome,9,DAMPIER_202009_DNE,11,November,1.2,20.3,29.7
2020-11-17T02:00:00Z,7.849,29.7,2.7,Broome,9.72,DAMPIER_202009_DNE,11,November,1.2,20.3,29.7
2020-11-17T03:00:00Z,9.365,29.8,1.8,Broome,6.48,DAMPIER_202009_DNE,11,November,1.2,20.3,29.7
2020-11-17T04:00:00Z,9.535,29.8,5.1,Broome,18.36,DAMPIER_202009_DNE,11,November,1.2,20.3,29.7
2020-11-17T05:00:00Z,8.467,29.9,7.3,Broome,26.28,DAMPIER_202009_DNE,11,November,1.2,20.3,29.7
2020-11-17T06:00:00Z,6.914,30,9.6,Broome,34.56,DAMPIER_202009_DNE,11,November,1.2,20.3,29.7
2020-11-17T07:00:00Z,5.265,30.1,8.5,Broome,30.6,DAMPIER_202009_DNE,11,November,1.2,20.3,29.7
2020-11-17T08:00:00Z,3.597,30.2,8.7,Broome,31.319999999999997,DAMPIER_202009_DNE,11,November,1.2,20.3,29.7
2020-11-17T09:00:00Z,2.159,30.4,8.4,Broome,30.240000000000002,DAMPIER_202009_DNE,11,November,1.2,20.3,29.7
2020-11-17T10:00:00Z,1.476,30.5,6.5,Broome,23.400000000000002,DAMPIER_202009_DNE,11,November,1.2,20.3,29.7
2020-11-17T11:00:00Z,2.31,30.3,4.6,Broome,16.56,DAMPIER_202009_DNE,11,November,1.2,20.3,29.7
2020-11-17T12:00:00Z,4.184,30.1,3.6,Broome,12.96,DAMPIER_202009_DNE,11,November,1.2,20.3,29.7
2020-11-17T13:00:00Z,6.288,30,2.5,Broome,9,DAMPIER_202009_DNE,11,November,1.2,20.3,29.7
2020-11-17T14:00:00Z,8.368,29.9,1.7,Broome,6.12,DAMPIER_202009_DNE,11,November,1.2,20.3,29.7
2020-11-17T15:00:00Z,9.87,29.9,3.1,Broome,11.16,DAMPIER_202009_DNE,11,November,1.2,20.3,29.7
2020-11-17T16:00:00Z,10.171,29.9,2,Broome,7.2,DAMPIER_202009_DNE,11,November,1.2,20.3,29.7
2020-11-17T17:00:00Z,9.189,30,0.1,Broome,0.36000000000000004,DAMPIER_202009_DNE,11,November,1.2,20.3,29.7
2020-11-17T18:00:00Z,7.543,29.9,0.8,Broome,2.8800000000000003,DAMPIER_202009_DNE,11,November,1.2,20.3,29.7
2020-11-17T19:00:00Z,5.747,29.9,3.1,Broome,11.16,DAMPIER_202009_DNE,11,November,1.2,20.3,29.7
2020-11-17T20:00:00Z,3.853,29.9,2.6,Broome,9.360000000000001,DAMPIER_202009_DNE,11,November,1.2,20.3,29.7
2020-11-17T21:00:00Z,2.089,29.9,0.9,Broome,3.24,DAMPIER_202009_DNE,11,November,1.2,20.3,29.7
2020-11-17T22:00:00Z,0.86,29.9,1.7,Broome,6.12,DAMPIER_202009_DNE,11,November,1.2,20.3,29.7
2020-11-17T23:00:00Z,1.083,30,0.4,Broome,1.4400000000000002,DAMPIER_202009_DNE,11,November,1.2,20.3,29.7
2020-11-18T00:00:00Z,2.644,29.9,1.4,Broome,5.04,DAMPIER_202009_DNE,11,November,1.2,20.3,29.7
2020-11-18T01:00:00Z,4.539,29.9,2.4,Broome,8.64,DAMPIER_202009_DNE,11,November,1.2,20.3,29.7
2020-11-18T02:00:00Z,6.538,29.9,4.2,Broome,15.120000000000001,DAMPIER_202009_DNE,11,November,1.2,20.3,29.7
2020-11-18T03:00:00Z,8.38,29.9,6.4,Broome,23.040000000000003,DAMPIER_202009_DNE,11,November,1.2,20.3,29.7
2020-11-18T04:00:00Z,9.38,29.9,7.2,Broome,25.92,DAMPIER_202009_DNE,11,November,1.2,20.3,29.7
2020-11-18T05:00:00Z,9.008,29.9,8.3,Broome,29.880000000000003,DAMPIER_202009_DNE,11,November,1.2,20.3,29.7
2020-11-18T06:00:00Z,7.717,30,9.6,Broome,34.56,DAMPIER_202009_DNE,11,November,1.2,20.3,29.7
2020-11-18T07:00:00Z,6.219,30.2,9.1,Broome,32.76,DAMPIER_202009_DNE,11,November,1.2,20.3,29.7
2020-11-18T08:00:00Z,4.615,30.2,6.1,Broome,21.96,DAMPIER_202009_DNE,11,November,1.2,20.3,29.7
2020-11-18T09:00:00Z,3.09,30.4,5.2,Broome,18.720000000000002,DAMPIER_202009_DNE,11,November,1.2,20.3,29.7
2020-11-18T10:00:00Z,1.952,30.6,4.1,Broome,14.76,DAMPIER_202009_DNE,11,November,1.2,20.3,29.7
2020-11-18T11:00:00Z,1.87,30.6,3.1,Broome,11.16,DAMPIER_202009_DNE,11,November,1.2,20.3,29.7
2020-11-18T12:00:00Z,3.197,30.2,4.2,Broome,15.120000000000001,DAMPIER_202009_DNE,11,November,1.2,20.3,29.7
2020-11-18T13:00:00Z,5.123,30.1,0.6,Broome,2.16,DAMPIER_202009_DNE,11,November,1.2,20.3,29.7
2020-11-18T14:00:00Z,7.105,30.1,5.8,Broome,20.88,DAMPIER_202009_DNE,11,November,1.2,20.3,29.7
2020-11-18T15:00:00Z,8.832,30,2.8,Broome,10.08,DAMPIER_202009_DNE,11,November,1.2,20.3,29.7
2020-11-18T16:00:00Z,9.791,30,2.6,Broome,9.360000000000001,DAMPIER_202009_DNE,11,November,1.2,20.3,29.7
2020-11-18T17:00:00Z,9.544,30,1.9,Broome,6.84,DAMPIER_202009_DNE,11,November,1.2,20.3,29.7
2020-11-18T18:00:00Z,8.263,30,2.2,Broome,7.920000000000001,DAMPIER_202009_DNE,11,November,1.2,20.3,29.7
2020-11-18T19:00:00Z,6.695,30,2.4,Broome,8.64,DAMPIER_202009_DNE,11,November,1.2,20.3,29.7
2020-11-18T20:00:00Z,5.041,30,3.2,Broome,11.520000000000001,DAMPIER_202009_DNE,11,November,1.2,20.3,29.7
2020-11-18T21:00:00Z,3.367,30,1.8,Broome,6.48,DAMPIER_202009_DNE,11,November,1.2,20.3,29.7
2020-11-18T22:00:00Z,1.942,30.1,1.1,Broome,3.9600000000000004,DAMPIER_202009_DNE,11,November,1.2,20.3,29.7
2020-11-18T23:00:00Z,1.266,30.1,1,Broome,3.6,DAMPIER_202009_DNE,11,November,1.2,20.3,29.7
2020-11-19T00:00:00Z,1.966,30,2.9,Broome,10.44,DAMPIER_202009_DNE,11,November,1.2,20.3,29.7
2020-11-19T01:00:00Z,3.545,29.9,1.8,Broome,6.48,DAMPIER_202009_DNE,11,November,1.2,20.3,29.7
2020-11-19T02:00:00Z,5.292,29.9,2.6,Broome,9.360000000000001,DAMPIER_202009_DNE,11,November,1.2,20.3,29.7
2020-11-19T03:00:00Z,7.044,29.9,4.1,Broome,14.76,DAMPIER_202009_DNE,11,November,1.2,20.3,29.7
2020-11-19T04:00:00Z,8.499,30,4.7,Broome,16.92,DAMPIER_202009_DNE,11,November,1.2,20.3,29.7
2020-11-19T05:00:00Z,8.987,30,5.2,Broome,18.720000000000002,DAMPIER_202009_DNE,11,November,1.2,20.3,29.7
2020-11-19T06:00:00Z,8.27,30.1,7.9,Broome,28.44,DAMPIER_202009_DNE,11,November,1.2,20.3,29.7
2020-11-19T07:00:00Z,6.995,30.3,7.7,Broome,27.720000000000002,DAMPIER_202009_DNE,11,November,1.2,20.3,29.7
2020-11-19T08:00:00Z,5.633,30.3,8,Broome,28.8,DAMPIER_202009_DNE,11,November,1.2,20.3,29.7
2020-11-19T09:00:00Z,4.237,30.4,4.8,Broome,17.28,DAMPIER_202009_DNE,11,November,1.2,20.3,29.7
2020-11-19T10:00:00Z,2.978,30.5,4.2,Broome,15.120000000000001,DAMPIER_202009_DNE,11,November,1.2,20.3,29.7
2020-11-19T11:00:00Z,2.265,30.7,3,Broome,10.8,DAMPIER_202009_DNE,11,November,1.2,20.3,29.7
2020-11-19T12:00:00Z,2.739,30.4,1.4,Broome,5.04,DAMPIER_202009_DNE,11,November,1.2,20.3,29.7
2020-11-19T13:00:00Z,4.208,30.2,3.5,Broome,12.6,DAMPIER_202009_DNE,11,November,1.2,20.3,29.7
2020-11-19T14:00:00Z,5.935,30.2,3.2,Broome,11.520000000000001,DAMPIER_202009_DNE,11,November,1.2,20.3,29.7
2020-11-19T15:00:00Z,7.591,30.2,3.9,Broome,14.04,DAMPIER_202009_DNE,11,November,1.2,20.3,29.7
2020-11-19T16:00:00Z,8.859,30.1,3.4,Broome,12.24,DAMPIER_202009_DNE,11,November,1.2,20.3,29.7
2020-11-19T17:00:00Z,9.321,30.1,4.1,Broome,14.76,DAMPIER_202009_DNE,11,November,1.2,20.3,29.7
2020-11-19T18:00:00Z,8.711,30.1,3.4,Broome,12.24,DAMPIER_202009_DNE,11,November,1.2,20.3,29.7
2020-11-19T19:00:00Z,7.422,30.1,4.4,Broome,15.840000000000002,DAMPIER_202009_DNE,11,November,1.2,20.3,29.7
2020-11-19T20:00:00Z,5.985,30.1,4.6,Broome,16.56,DAMPIER_202009_DNE,11,November,1.2,20.3,29.7
2020-11-19T21:00:00Z,4.488,30.1,3.6,Broome,12.96,DAMPIER_202009_DNE,11,November,1.2,20.3,29.7
2020-11-19T22:00:00Z,3.124,30.2,1.3,Broome,4.680000000000001,DAMPIER_202009_DNE,11,November,1.2,20.3,29.7
2020-11-19T23:00:00Z,2.152,30.3,2.4,Broome,8.64,DAMPIER_202009_DNE,11,November,1.2,20.3,29.7
2020-11-20T00:00:00Z,2.124,30.3,4.4,Broome,15.840000000000002,DAMPIER_202009_DNE,11,November,1.2,20.3,29.7
2020-11-20T01:00:00Z,3.145,30.1,1.3,Broome,4.680000000000001,DAMPIER_202009_DNE,11,November,1.2,20.3,29.7
2020-11-20T02:00:00Z,4.482,30.1,1.7,Broome,6.12,DAMPIER_202009_DNE,11,November,1.2,20.3,29.7
2020-11-20T03:00:00Z,5.877,30.1,1.6,Broome,5.760000000000001,DAMPIER_202009_DNE,11,November,1.2,20.3,29.7
2020-11-20T04:00:00Z,7.285,30.1,3.9,Broome,14.04,DAMPIER_202009_DNE,11,November,1.2,20.3,29.7
2020-11-20T05:00:00Z,8.294,30.1,2.2,Broome,7.920000000000001,DAMPIER_202009_DNE,11,November,1.2,20.3,29.7
2020-11-20T06:00:00Z,8.296,30.1,3.1,Broome,11.16,DAMPIER_202009_DNE,11,November,1.2,20.3,29.7
2020-11-20T07:00:00Z,7.443,30.2,6.8,Broome,24.48,DAMPIER_202009_DNE,11,November,1.2,20.3,29.7
2020-11-20T08:00:00Z,6.358,30.4,6.9,Broome,24.840000000000003,DAMPIER_202009_DNE,11,November,1.2,20.3,29.7
2020-11-20T09:00:00Z,5.178,30.4,5.4,Broome,19.44,DAMPIER_202009_DNE,11,November,1.2,20.3,29.7
2020-11-20T10:00:00Z,4.032,30.4,4.7,Broome,16.92,DAMPIER_202009_DNE,11,November,1.2,20.3,29.7
2020-11-20T11:00:00Z,3.183,30.5,1.5,Broome,5.4,DAMPIER_202009_DNE,11,November,1.2,20.3,29.7
2020-11-20T12:00:00Z,3.002,30.6,4,Broome,14.4,DAMPIER_202009_DNE,11,November,1.2,20.3,29.7
2020-11-20T13:00:00Z,3.776,30.4,2.5,Broome,9,DAMPIER_202009_DNE,11,November,1.2,20.3,29.7
2020-11-20T14:00:00Z,5.038,30.3,5.2,Broome,18.720000000000002,DAMPIER_202009_DNE,11,November,1.2,20.3,29.7
2020-11-20T15:00:00Z,6.345,30.2,5.8,Broome,20.88,DAMPIER_202009_DNE,11,November,1.2,20.3,29.7
2020-11-20T16:00:00Z,7.597,-9999,2.7,Broome,9.72,DAMPIER_202009_DNE,11,November,1.2,20.3,29.7
2020-11-20T17:00:00Z,8.478,-9999,0.9,Broome,3.24,DAMPIER_202009_DNE,11,November,1.2,20.3,29.7
2020-11-20T18:00:00Z,8.508,-9999,10,Broome,36,DAMPIER_202009_DNE,11,November,1.2,20.3,29.7
2020-11-20T19:00:00Z,7.702,-9999,6.3,Broome,22.68,DAMPIER_202009_DNE,11,November,1.2,20.3,29.7
2020-11-20T20:00:00Z,6.577,-9999,8.2,Broome,29.52,DAMPIER_202009_DNE,11,November,1.2,20.3,29.7
2020-11-20T21:00:00Z,5.396,-9999,3.5,Broome,12.6,DAMPIER_202009_DNE,11,November,1.2,20.3,29.7
2020-11-20T22:00:00Z,4.236,-9999,4.8,Broome,17.28,DAMPIER_202009_DNE,11,November,1.2,20.3,29.7
2020-11-20T23:00:00Z,3.236,-9999,4,Broome,14.4,DAMPIER_202009_DNE,11,November,1.2,20.3,29.7
2020-11-21T00:00:00Z,2.764,-9999,3,Broome,10.8,DAMPIER_202009_DNE,11,November,1.2,20.3,29.7
2020-11-21T01:00:00Z,3.16,-9999,1.6,Broome,5.760000000000001,DAMPIER_202009_DNE,11,November,1.2,20.3,29.7
2020-11-21T02:00:00Z,4.088,-9999,3.7,Broome,13.32,DAMPIER_202009_DNE,11,November,1.2,20.3,29.7
2020-11-21T03:00:00Z,5.129,-9999,3.7,Broome,13.32,DAMPIER_202009_DNE,11,November,1.2,20.3,29.7
2020-11-21T04:00:00Z,6.228,-9999,2.9,Broome,10.44,DAMPIER_202009_DNE,11,November,1.2,20.3,29.7
2020-11-21T05:00:00Z,7.234,-9999,5.1,Broome,18.36,DAMPIER_202009_DNE,11,November,1.2,20.3,29.7
2020-11-21T06:00:00Z,7.796,-9999,6.9,Broome,24.840000000000003,DAMPIER_202009_DNE,11,November,1.2,20.3,29.7
2020-11-21T07:00:00Z,7.605,-9999,5.5,Broome,19.8,DAMPIER_202009_DNE,11,November,1.2,20.3,29.7
2020-11-21T08:00:00Z,6.844,-9999,5.7,Broome,20.52,DAMPIER_202009_DNE,11,November,1.2,20.3,29.7
2020-11-21T09:00:00Z,5.92,-9999,6.3,Broome,22.68,DAMPIER_202009_DNE,11,November,1.2,20.3,29.7
2020-11-21T10:00:00Z,4.977,-9999,5.5,Broome,19.8,DAMPIER_202009_DNE,11,November,1.2,20.3,29.7
2020-11-21T11:00:00Z,4.159,-9999,3.5,Broome,12.6,DAMPIER_202009_DNE,11,November,1.2,20.3,29.7
2020-11-21T12:00:00Z,3.696,-9999,4.3,Broome,15.48,DAMPIER_202009_DNE,11,November,1.2,20.3,29.7
2020-11-21T13:00:00Z,3.869,-9999,2.7,Broome,9.72,DAMPIER_202009_DNE,11,November,1.2,20.3,29.7
2020-11-21T14:00:00Z,4.647,-9999,3.1,Broome,11.16,DAMPIER_202009_DNE,11,November,1.2,20.3,29.7
2020-11-21T15:00:00Z,5.609,-9999,2.1,Broome,7.5600000000000005,DAMPIER_202009_DNE,11,November,1.2,20.3,29.7
2020-11-21T16:00:00Z,6.515,-9999,1.6,Broome,5.760000000000001,DAMPIER_202009_DNE,11,November,1.2,20.3,29.7
2020-11-21T17:00:00Z,7.272,-9999,0.5,Broome,1.8,DAMPIER_202009_DNE,11,November,1.2,20.3,29.7
2020-11-21T18:00:00Z,7.731,-9999,2.1,Broome,7.5600000000000005,DAMPIER_202009_DNE,11,November,1.2,20.3,29.7
2020-11-21T19:00:00Z,7.623,-9999,3.5,Broome,12.6,DAMPIER_202009_DNE,11,November,1.2,20.3,29.7
2020-11-21T20:00:00Z,6.941,-9999,8,Broome,28.8,DAMPIER_202009_DNE,11,November,1.2,20.3,29.7
2020-11-21T21:00:00Z,6.084,-9999,7,Broome,25.2,DAMPIER_202009_DNE,11,November,1.2,20.3,29.7
2020-11-21T22:00:00Z,5.197,-9999,6,Broome,21.6,DAMPIER_202009_DNE,11,November,1.2,20.3,29.7
2020-11-21T23:00:00Z,4.355,-9999,6,Broome,21.6,DAMPIER_202009_DNE,11,November,1.2,20.3,29.7
2020-11-22T00:00:00Z,3.746,-9999,7.2,Broome,25.92,DAMPIER_202009_DNE,11,November,1.2,20.3,29.7
2020-11-22T01:00:00Z,3.566,-9999,5.6,Broome,20.16,DAMPIER_202009_DNE,11,November,1.2,20.3,29.7
2020-11-22T02:00:00Z,3.916,-9999,6,Broome,21.6,DAMPIER_202009_DNE,11,November,1.2,20.3,29.7
2020-11-22T03:00:00Z,4.609,-9999,6.5,Broome,23.400000000000002,DAMPIER_202009_DNE,11,November,1.2,20.3,29.7
2020-11-22T04:00:00Z,5.42,-9999,4.6,Broome,16.56,DAMPIER_202009_DNE,11,November,1.2,20.3,29.7
2020-11-22T05:00:00Z,6.183,-9999,3.7,Broome,13.32,DAMPIER_202009_DNE,11,November,1.2,20.3,29.7
2020-11-22T06:00:00Z,6.814,-9999,4.3,Broome,15.48,DAMPIER_202009_DNE,11,November,1.2,20.3,29.7
2020-11-22T07:00:00Z,7.204,-9999,5.9,Broome,21.240000000000002,DAMPIER_202009_DNE,11,November,1.2,20.3,29.7
2020-11-22T08:00:00Z,7.069,-9999,6.9,Broome,24.840000000000003,DAMPIER_202009_DNE,11,November,1.2,20.3,29.7
2020-11-22T09:00:00Z,6.465,-9999,3,Broome,10.8,DAMPIER_202009_DNE,11,November,1.2,20.3,29.7
2020-11-22T10:00:00Z,5.763,-9999,4.3,Broome,15.48,DAMPIER_202009_DNE,11,November,1.2,20.3,29.7
2020-11-22T11:00:00Z,5.141,-9999,4.6,Broome,16.56,DAMPIER_202009_DNE,11,November,1.2,20.3,29.7
2020-11-22T12:00:00Z,4.646,-9999,4.8,Broome,17.28,DAMPIER_202009_DNE,11,November,1.2,20.3,29.7
2020-11-22T13:00:00Z,4.411,-9999,6.6,Broome,23.759999999999998,DAMPIER_202009_DNE,11,November,1.2,20.3,29.7
2020-11-22T14:00:00Z,4.585,-9999,4.2,Broome,15.120000000000001,DAMPIER_202009_DNE,11,November,1.2,20.3,29.7
2020-11-22T15:00:00Z,5.106,-9999,4.1,Broome,14.76,DAMPIER_202009_DNE,11,November,1.2,20.3,29.7
2020-11-22T16:00:00Z,5.726,-9999,3.8,Broome,13.68,DAMPIER_202009_DNE,11,November,1.2,20.3,29.7
2020-11-22T17:00:00Z,6.275,-9999,3.3,Broome,11.879999999999999,DAMPIER_202009_DNE,11,November,1.2,20.3,29.7
2020-11-22T18:00:00Z,6.75,-9999,3.4,Broome,12.24,DAMPIER_202009_DNE,11,November,1.2,20.3,29.7
2020-11-22T19:00:00Z,6.997,-9999,4,Broome,14.4,DAMPIER_202009_DNE,11,November,1.2,20.3,29.7
2020-11-22T20:00:00Z,6.913,-9999,10.5,Broome,37.800000000000004,DAMPIER_202009_DNE,11,November,1.2,20.3,29.7
2020-11-22T21:00:00Z,6.458,-9999,8.5,Broome,30.6,DAMPIER_202009_DNE,11,November,1.2,20.3,29.7
2020-11-22T22:00:00Z,5.741,-9999,2.8,Broome,10.08,DAMPIER_202009_DNE,11,November,1.2,20.3,29.7
2020-11-22T23:00:00Z,5.19,30,2.1,Broome,7.5600000000000005,DAMPIER_202009_DNE,11,November,1.2,20.3,29.7
2020-11-23T00:00:00Z,4.793,30.2,2.6,Broome,9.360000000000001,DAMPIER_202009_DNE,11,November,1.2,20.3,29.7
2020-11-23T01:00:00Z,4.513,30.3,6.3,Broome,22.68,DAMPIER_202009_DNE,11,November,1.2,20.3,29.7
2020-11-23T02:00:00Z,4.429,30.2,5.9,Broome,21.240000000000002,DAMPIER_202009_DNE,11,November,1.2,20.3,29.7
2020-11-23T03:00:00Z,4.495,30.1,4.3,Broome,15.48,DAMPIER_202009_DNE,11,November,1.2,20.3,29.7
2020-11-23T04:00:00Z,4.797,30.3,4.6,Broome,16.56,DAMPIER_202009_DNE,11,November,1.2,20.3,29.7
2020-11-23T05:00:00Z,5.339,30.3,4.5,Broome,16.2,DAMPIER_202009_DNE,11,November,1.2,20.3,29.7
2020-11-23T06:00:00Z,5.89,30.3,2.1,Broome,7.5600000000000005,DAMPIER_202009_DNE,11,November,1.2,20.3,29.7
2020-11-23T07:00:00Z,6.325,30.3,1.6,Broome,5.760000000000001,DAMPIER_202009_DNE,11,November,1.2,20.3,29.7
2020-11-23T08:00:00Z,6.672,30.3,4.7,Broome,16.92,DAMPIER_202009_DNE,11,November,1.2,20.3,29.7
2020-11-23T09:00:00Z,6.737,30.3,5.2,Broome,18.720000000000002,DAMPIER_202009_DNE,11,November,1.2,20.3,29.7
2020-11-23T10:00:00Z,6.471,30.3,4.8,Broome,17.28,DAMPIER_202009_DNE,11,November,1.2,20.3,29.7
2020-11-23T11:00:00Z,6.041,30.4,3,Broome,10.8,DAMPIER_202009_DNE,11,November,1.2,20.3,29.7
2020-11-23T12:00:00Z,5.57,30.4,4.3,Broome,15.48,DAMPIER_202009_DNE,11,November,1.2,20.3,29.7
2020-11-23T13:00:00Z,5.205,30.4,2.4,Broome,8.64,DAMPIER_202009_DNE,11,November,1.2,20.3,29.7
2020-11-23T14:00:00Z,5.054,30.4,2,Broome,7.2,DAMPIER_202009_DNE,11,November,1.2,20.3,29.7
2020-11-23T15:00:00Z,5.034,30.3,2.3,Broome,8.28,DAMPIER_202009_DNE,11,November,1.2,20.3,29.7
2020-11-23T16:00:00Z,5.159,30.3,2.8,Broome,10.08,DAMPIER_202009_DNE,11,November,1.2,20.3,29.7
2020-11-23T17:00:00Z,5.426,30.3,3.5,Broome,12.6,DAMPIER_202009_DNE,11,November,1.2,20.3,29.7
2020-11-23T18:00:00Z,5.724,30.3,3.6,Broome,12.96,DAMPIER_202009_DNE,11,November,1.2,20.3,29.7
2020-11-23T19:00:00Z,6.02,30.3,4.9,Broome,17.64,DAMPIER_202009_DNE,11,November,1.2,20.3,29.7
2020-11-23T20:00:00Z,6.307,30.3,5.2,Broome,18.720000000000002,DAMPIER_202009_DNE,11,November,1.2,20.3,29.7
2020-11-23T21:00:00Z,6.475,30.3,6.4,Broome,23.040000000000003,DAMPIER_202009_DNE,11,November,1.2,20.3,29.7
2020-11-23T22:00:00Z,6.395,30.2,5.6,Broome,20.16,DAMPIER_202009_DNE,11,November,1.2,20.3,29.7
2020-11-23T23:00:00Z,6.1,30.2,4.9,Broome,17.64,DAMPIER_202009_DNE,11,November,1.2,20.3,29.7
2020-11-24T00:00:00Z,5.745,30.2,5.3,Broome,19.08,DAMPIER_202009_DNE,11,November,1.2,20.3,29.7
2020-11-24T01:00:00Z,5.371,30.3,4.3,Broome,15.48,DAMPIER_202009_DNE,11,November,1.2,20.3,29.7
2020-11-24T02:00:00Z,4.975,30.3,4.8,Broome,17.28,DAMPIER_202009_DNE,11,November,1.2,20.3,29.7
2020-11-24T03:00:00Z,4.698,30.4,5.4,Broome,19.44,DAMPIER_202009_DNE,11,November,1.2,20.3,29.7
2020-11-24T04:00:00Z,4.617,30.4,5.9,Broome,21.240000000000002,DAMPIER_202009_DNE,11,November,1.2,20.3,29.7
2020-11-24T05:00:00Z,4.713,30.4,6.2,Broome,22.32,DAMPIER_202009_DNE,11,November,1.2,20.3,29.7
2020-11-24T06:00:00Z,5.058,30.5,7,Broome,25.2,DAMPIER_202009_DNE,11,November,1.2,20.3,29.7
2020-11-24T07:00:00Z,5.594,30.5,7.4,Broome,26.64,DAMPIER_202009_DNE,11,November,1.2,20.3,29.7
2020-11-24T08:00:00Z,6.072,-9999,5.6,Broome,20.16,DAMPIER_202009_DNE,11,November,1.2,20.3,29.7
2020-11-24T09:00:00Z,6.431,-9999,6.2,Broome,22.32,DAMPIER_202009_DNE,11,November,1.2,20.3,29.7
2020-11-24T10:00:00Z,6.647,-9999,6.1,Broome,21.96,DAMPIER_202009_DNE,11,November,1.2,20.3,29.7
2020-11-24T11:00:00Z,6.656,-9999,2.9,Broome,10.44,DAMPIER_202009_DNE,11,November,1.2,20.3,29.7
2020-11-24T12:00:00Z,6.48,-9999,2.9,Broome,10.44,DAMPIER_202009_DNE,11,November,1.2,20.3,29.7
2020-11-24T13:00:00Z,6.136,-9999,5.3,Broome,19.08,DAMPIER_202009_DNE,11,November,1.2,20.3,29.7
2020-11-24T14:00:00Z,5.733,-9999,5.4,Broome,19.44,DAMPIER_202009_DNE,11,November,1.2,20.3,29.7
2020-11-24T15:00:00Z,5.329,-9999,5.2,Broome,18.720000000000002,DAMPIER_202009_DNE,11,November,1.2,20.3,29.7
2020-11-24T16:00:00Z,4.934,-9999,5.2,Broome,18.720000000000002,DAMPIER_202009_DNE,11,November,1.2,20.3,29.7
2020-11-24T17:00:00Z,4.654,-9999,4,Broome,14.4,DAMPIER_202009_DNE,11,November,1.2,20.3,29.7
2020-11-24T18:00:00Z,4.687,-9999,4.5,Broome,16.2,DAMPIER_202009_DNE,11,November,1.2,20.3,29.7
2020-11-24T19:00:00Z,5.088,-9999,5.5,Broome,19.8,DAMPIER_202009_DNE,11,November,1.2,20.3,29.7
2020-11-24T20:00:00Z,5.579,-9999,7.1,Broome,25.56,DAMPIER_202009_DNE,11,November,1.2,20.3,29.7
2020-11-24T21:00:00Z,5.99,-9999,7.1,Broome,25.56,DAMPIER_202009_DNE,11,November,1.2,20.3,29.7
2020-11-24T22:00:00Z,6.351,-9999,6.5,Broome,23.400000000000002,DAMPIER_202009_DNE,11,November,1.2,20.3,29.7
2020-11-24T23:00:00Z,6.6,-9999,5.6,Broome,20.16,DAMPIER_202009_DNE,11,November,1.2,20.3,29.7
2020-11-25T00:00:00Z,6.52,-9999,4.7,Broome,16.92,DAMPIER_202009_DNE,11,November,1.2,20.3,29.7
2020-11-25T01:00:00Z,6.128,-9999,2.5,Broome,9,DAMPIER_202009_DNE,11,November,1.2,20.3,29.7
2020-11-25T02:00:00Z,5.681,-9999,4.3,Broome,15.48,DAMPIER_202009_DNE,11,November,1.2,20.3,29.7
2020-11-25T03:00:00Z,5.255,-9999,5,Broome,18,DAMPIER_202009_DNE,11,November,1.2,20.3,29.7
2020-11-25T04:00:00Z,4.83,-9999,5.7,Broome,20.52,DAMPIER_202009_DNE,11,November,1.2,20.3,29.7
2020-11-25T05:00:00Z,4.459,-9999,5.6,Broome,20.16,DAMPIER_202009_DNE,11,November,1.2,20.3,29.7
2020-11-25T06:00:00Z,4.34,-9999,6.3,Broome,22.68,DAMPIER_202009_DNE,11,November,1.2,20.3,29.7
2020-11-25T07:00:00Z,4.611,-9999,6.5,Broome,23.400000000000002,DAMPIER_202009_DNE,11,November,1.2,20.3,29.7
2020-11-25T08:00:00Z,5.213,-9999,7,Broome,25.2,DAMPIER_202009_DNE,11,November,1.2,20.3,29.7
2020-11-25T09:00:00Z,5.969,-9999,7.4,Broome,26.64,DAMPIER_202009_DNE,11,November,1.2,20.3,29.7
2020-11-25T10:00:00Z,6.629,-9999,5,Broome,18,DAMPIER_202009_DNE,11,November,1.2,20.3,29.7
2020-11-25T11:00:00Z,7.042,-9999,4,Broome,14.4,DAMPIER_202009_DNE,11,November,1.2,20.3,29.7
2020-11-25T12:00:00Z,7.179,-9999,4.9,Broome,17.64,DAMPIER_202009_DNE,11,November,1.2,20.3,29.7
2020-11-25T13:00:00Z,6.989,-9999,5.5,Broome,19.8,DAMPIER_202009_DNE,11,November,1.2,20.3,29.7
2020-11-25T14:00:00Z,6.459,-9999,4.8,Broome,17.28,DAMPIER_202009_DNE,11,November,1.2,20.3,29.7
2020-11-25T15:00:00Z,5.76,-9999,4.6,Broome,16.56,DAMPIER_202009_DNE,11,November,1.2,20.3,29.7
2020-11-25T16:00:00Z,5.089,-9999,3.8,Broome,13.68,DAMPIER_202009_DNE,11,November,1.2,20.3,29.7
2020-11-25T17:00:00Z,4.547,-9999,5.5,Broome,19.8,DAMPIER_202009_DNE,11,November,1.2,20.3,29.7
2020-11-25T18:00:00Z,4.176,-9999,5.8,Broome,20.88,DAMPIER_202009_DNE,11,November,1.2,20.3,29.7
2020-11-25T19:00:00Z,4.161,-9999,5,Broome,18,DAMPIER_202009_DNE,11,November,1.2,20.3,29.7
2020-11-25T20:00:00Z,4.595,-9999,6.1,Broome,21.96,DAMPIER_202009_DNE,11,November,1.2,20.3,29.7
2020-11-25T21:00:00Z,5.259,-9999,6.5,Broome,23.400000000000002,DAMPIER_202009_DNE,11,November,1.2,20.3,29.7
2020-11-25T22:00:00Z,5.964,-9999,9.2,Broome,33.12,DAMPIER_202009_DNE,11,November,1.2,20.3,29.7
2020-11-25T23:00:00Z,6.544,-9999,5.3,Broome,19.08,DAMPIER_202009_DNE,11,November,1.2,20.3,29.7
2020-11-26T00:00:00Z,6.926,-9999,4.1,Broome,14.76,DAMPIER_202009_DNE,11,November,1.2,20.3,29.7
2020-11-26T01:00:00Z,6.977,-9999,4.5,Broome,16.2,DAMPIER_202009_DNE,11,November,1.2,20.3,29.7
2020-11-26T02:00:00Z,6.578,30.3,3.1,Broome,11.16,DAMPIER_202009_DNE,11,November,1.2,20.3,29.7
2020-11-26T03:00:00Z,5.883,30.4,4.4,Broome,15.840000000000002,DAMPIER_202009_DNE,11,November,1.2,20.3,29.7
2020-11-26T04:00:00Z,5.138,30.4,4.5,Broome,16.2,DAMPIER_202009_DNE,11,November,1.2,20.3,29.7
2020-11-26T05:00:00Z,4.47,30.4,3.1,Broome,11.16,DAMPIER_202009_DNE,11,November,1.2,20.3,29.7
2020-11-26T06:00:00Z,4.016,30.5,4.1,Broome,14.76,DAMPIER_202009_DNE,11,November,1.2,20.3,29.7
2020-11-26T07:00:00Z,3.939,30.4,5.6,Broome,20.16,DAMPIER_202009_DNE,11,November,1.2,20.3,29.7
2020-11-26T08:00:00Z,4.4,30.4,7,Broome,25.2,DAMPIER_202009_DNE,11,November,1.2,20.3,29.7
2020-11-26T09:00:00Z,5.245,30.4,6.3,Broome,22.68,DAMPIER_202009_DNE,11,November,1.2,20.3,29.7
2020-11-26T10:00:00Z,6.165,30.4,4.4,Broome,15.840000000000002,DAMPIER_202009_DNE,11,November,1.2,20.3,29.7
2020-11-26T11:00:00Z,6.989,30.4,5.1,Broome,18.36,DAMPIER_202009_DNE,11,November,1.2,20.3,29.7
2020-11-26T12:00:00Z,7.598,30.5,3.4,Broome,12.24,DAMPIER_202009_DNE,11,November,1.2,20.3,29.7
2020-11-26T13:00:00Z,7.772,30.5,3.7,Broome,13.32,DAMPIER_202009_DNE,11,November,1.2,20.3,29.7
2020-11-26T14:00:00Z,7.349,30.5,4.6,Broome,16.56,DAMPIER_202009_DNE,11,November,1.2,20.3,29.7
2020-11-26T15:00:00Z,6.53,30.4,5.5,Broome,19.8,DAMPIER_202009_DNE,11,November,1.2,20.3,29.7
2020-11-26T16:00:00Z,5.586,30.3,4.9,Broome,17.64,DAMPIER_202009_DNE,11,November,1.2,20.3,29.7
2020-11-26T17:00:00Z,4.667,30.3,4.3,Broome,15.48,DAMPIER_202009_DNE,11,November,1.2,20.3,29.7
2020-11-26T18:00:00Z,3.857,30.3,2.7,Broome,9.72,DAMPIER_202009_DNE,11,November,1.2,20.3,29.7
2020-11-26T19:00:00Z,3.407,30.3,2.1,Broome,7.5600000000000005,DAMPIER_202009_DNE,11,November,1.2,20.3,29.7
2020-11-26T20:00:00Z,3.625,30.3,2.4,Broome,8.64,DAMPIER_202009_DNE,11,November,1.2,20.3,29.7
2020-11-26T21:00:00Z,4.388,30.3,1.3,Broome,4.680000000000001,DAMPIER_202009_DNE,11,November,1.2,20.3,29.7
2020-11-26T22:00:00Z,5.328,30.3,1.6,Broome,5.760000000000001,DAMPIER_202009_DNE,11,November,1.2,20.3,29.7
2020-11-26T23:00:00Z,6.295,30.3,4.5,Broome,16.2,DAMPIER_202009_DNE,11,November,1.2,20.3,29.7
2020-11-27T00:00:00Z,7.139,30.3,5.8,Broome,20.88,DAMPIER_202009_DNE,11,November,1.2,20.3,29.7
2020-11-27T01:00:00Z,7.625,30.4,6.4,Broome,23.040000000000003,DAMPIER_202009_DNE,11,November,1.2,20.3,29.7
2020-11-27T02:00:00Z,7.442,30.4,3.8,Broome,13.68,DAMPIER_202009_DNE,11,November,1.2,20.3,29.7
2020-11-27T03:00:00Z,6.653,30.4,2,Broome,7.2,DAMPIER_202009_DNE,11,November,1.2,20.3,29.7
2020-11-27T04:00:00Z,5.704,30.5,2.1,Broome,7.5600000000000005,DAMPIER_202009_DNE,11,November,1.2,20.3,29.7
2020-11-27T05:00:00Z,4.795,30.6,5,Broome,18,DAMPIER_202009_DNE,11,November,1.2,20.3,29.7
2020-11-27T06:00:00Z,3.994,30.5,6.6,Broome,23.759999999999998,DAMPIER_202009_DNE,11,November,1.2,20.3,29.7
2020-11-27T07:00:00Z,3.537,30.5,7.2,Broome,25.92,DAMPIER_202009_DNE,11,November,1.2,20.3,29.7
2020-11-27T08:00:00Z,3.699,30.5,5.1,Broome,18.36,DAMPIER_202009_DNE,11,November,1.2,20.3,29.7
2020-11-27T09:00:00Z,4.461,30.5,5.1,Broome,18.36,DAMPIER_202009_DNE,11,November,1.2,20.3,29.7
2020-11-27T10:00:00Z,5.505,30.5,5.2,Broome,18.720000000000002,DAMPIER_202009_DNE,11,November,1.2,20.3,29.7
2020-11-27T11:00:00Z,6.612,30.4,5.7,Broome,20.52,DAMPIER_202009_DNE,11,November,1.2,20.3,29.7
2020-11-27T12:00:00Z,7.615,30.4,4.1,Broome,14.76,DAMPIER_202009_DNE,11,November,1.2,20.3,29.7
2020-11-27T13:00:00Z,8.219,30.5,3.2,Broome,11.520000000000001,DAMPIER_202009_DNE,11,November,1.2,20.3,29.7
2020-11-27T14:00:00Z,8.113,30.4,3.8,Broome,13.68,DAMPIER_202009_DNE,11,November,1.2,20.3,29.7
2020-11-27T15:00:00Z,7.35,30.4,2.6,Broome,9.360000000000001,DAMPIER_202009_DNE,11,November,1.2,20.3,29.7
2020-11-27T16:00:00Z,6.285,30.4,1.6,Broome,5.760000000000001,DAMPIER_202009_DNE,11,November,1.2,20.3,29.7
2020-11-27T17:00:00Z,5.129,30.4,3.3,Broome,11.879999999999999,DAMPIER_202009_DNE,11,November,1.2,20.3,29.7
2020-11-27T18:00:00Z,3.983,30.3,4.6,Broome,16.56,DAMPIER_202009_DNE,11,November,1.2,20.3,29.7
2020-11-27T19:00:00Z,3.073,30.3,5.4,Broome,19.44,DAMPIER_202009_DNE,11,November,1.2,20.3,29.7
2020-11-27T20:00:00Z,2.812,30.3,4,Broome,14.4,DAMPIER_202009_DNE,11,November,1.2,20.3,29.7
2020-11-27T21:00:00Z,3.416,30.4,2.5,Broome,9,DAMPIER_202009_DNE,11,November,1.2,20.3,29.7
2020-11-27T22:00:00Z,4.52,30.4,3.4,Broome,12.24,DAMPIER_202009_DNE,11,November,1.2,20.3,29.7
2020-11-27T23:00:00Z,5.76,30.3,7.4,Broome,26.64,DAMPIER_202009_DNE,11,November,1.2,20.3,29.7
2020-11-28T00:00:00Z,6.94,30.4,7.9,Broome,28.44,DAMPIER_202009_DNE,11,November,1.2,20.3,29.7
2020-11-28T01:00:00Z,7.836,30.4,5.2,Broome,18.720000000000002,DAMPIER_202009_DNE,11,November,1.2,20.3,29.7
2020-11-28T02:00:00Z,8.087,30.4,7,Broome,25.2,DAMPIER_202009_DNE,11,November,1.2,20.3,29.7
2020-11-28T03:00:00Z,7.49,30.4,6.1,Broome,21.96,DAMPIER_202009_DNE,11,November,1.2,20.3,29.7
2020-11-28T04:00:00Z,6.468,30.5,6.3,Broome,22.68,DAMPIER_202009_DNE,11,November,1.2,20.3,29.7
2020-11-28T05:00:00Z,5.341,30.7,6.7,Broome,24.12,DAMPIER_202009_DNE,11,November,1.2,20.3,29.7
2020-11-28T06:00:00Z,4.24,30.7,6.5,Broome,23.400000000000002,DAMPIER_202009_DNE,11,November,1.2,20.3,29.7
2020-11-28T07:00:00Z,3.416,30.8,7.8,Broome,28.08,DAMPIER_202009_DNE,11,November,1.2,20.3,29.7
2020-11-28T08:00:00Z,3.112,30.7,5.6,Broome,20.16,DAMPIER_202009_DNE,11,November,1.2,20.3,29.7
2020-11-28T09:00:00Z,3.635,30.6,8.6,Broome,30.96,DAMPIER_202009_DNE,11,November,1.2,20.3,29.7
2020-11-28T10:00:00Z,4.75,30.6,6.6,Broome,23.759999999999998,DAMPIER_202009_DNE,11,November,1.2,20.3,29.7
2020-11-28T11:00:00Z,6.061,30.6,8,Broome,28.8,DAMPIER_202009_DNE,11,November,1.2,20.3,29.7
2020-11-28T12:00:00Z,7.299,30.5,4.3,Broome,15.48,DAMPIER_202009_DNE,11,November,1.2,20.3,29.7
2020-11-28T13:00:00Z,8.303,30.5,3,Broome,10.8,DAMPIER_202009_DNE,11,November,1.2,20.3,29.7
2020-11-28T14:00:00Z,8.716,30.5,4.3,Broome,15.48,DAMPIER_202009_DNE,11,November,1.2,20.3,29.7
2020-11-28T15:00:00Z,8.142,30.5,3.8,Broome,13.68,DAMPIER_202009_DNE,11,November,1.2,20.3,29.7
2020-11-28T16:00:00Z,6.955,30.5,3,Broome,10.8,DAMPIER_202009_DNE,11,November,1.2,20.3,29.7
2020-11-28T17:00:00Z,5.672,30.4,3.8,Broome,13.68,DAMPIER_202009_DNE,11,November,1.2,20.3,29.7
2020-11-28T18:00:00Z,4.37,30.4,3.2,Broome,11.520000000000001,DAMPIER_202009_DNE,11,November,1.2,20.3,29.7
2020-11-28T19:00:00Z,3.231,30.3,3.7,Broome,13.32,DAMPIER_202009_DNE,11,November,1.2,20.3,29.7
2020-11-28T20:00:00Z,2.502,30.4,5.4,Broome,19.44,DAMPIER_202009_DNE,11,November,1.2,20.3,29.7
2020-11-28T21:00:00Z,2.619,30.3,4.9,Broome,17.64,DAMPIER_202009_DNE,11,November,1.2,20.3,29.7
2020-11-28T22:00:00Z,3.64,30.4,5.7,Broome,20.52,DAMPIER_202009_DNE,11,November,1.2,20.3,29.7
2020-11-28T23:00:00Z,5.001,30.4,5.6,Broome,20.16,DAMPIER_202009_DNE,11,November,1.2,20.3,29.7
2020-11-29T00:00:00Z,6.378,30.4,6.5,Broome,23.400000000000002,DAMPIER_202009_DNE,11,November,1.2,20.3,29.7
2020-11-29T01:00:00Z,7.628,30.4,4.7,Broome,16.92,DAMPIER_202009_DNE,11,November,1.2,20.3,29.7
2020-11-29T02:00:00Z,8.429,30.5,5.4,Broome,19.44,DAMPIER_202009_DNE,11,November,1.2,20.3,29.7
2020-11-29T03:00:00Z,8.224,30.5,4.9,Broome,17.64,DAMPIER_202009_DNE,11,November,1.2,20.3,29.7
2020-11-29T04:00:00Z,7.201,30.6,6.3,Broome,22.68,DAMPIER_202009_DNE,11,November,1.2,20.3,29.7
2020-11-29T05:00:00Z,6.025,30.6,7.6,Broome,27.36,DAMPIER_202009_DNE,11,November,1.2,20.3,29.7
2020-11-29T06:00:00Z,4.797,30.7,7.5,Broome,27,DAMPIER_202009_DNE,11,November,1.2,20.3,29.7
2020-11-29T07:00:00Z,3.64,30.7,5.4,Broome,19.44,DAMPIER_202009_DNE,11,November,1.2,20.3,29.7
2020-11-29T08:00:00Z,2.875,30.8,5.8,Broome,20.88,DAMPIER_202009_DNE,11,November,1.2,20.3,29.7
2020-11-29T09:00:00Z,2.946,30.8,4.9,Broome,17.64,DAMPIER_202009_DNE,11,November,1.2,20.3,29.7
2020-11-29T10:00:00Z,3.954,30.7,6,Broome,21.6,DAMPIER_202009_DNE,11,November,1.2,20.3,29.7
2020-11-29T11:00:00Z,5.388,30.7,5.7,Broome,20.52,DAMPIER_202009_DNE,11,November,1.2,20.3,29.7
2020-11-29T12:00:00Z,6.875,30.6,7.1,Broome,25.56,DAMPIER_202009_DNE,11,November,1.2,20.3,29.7
2020-11-29T13:00:00Z,8.199,30.6,6,Broome,21.6,DAMPIER_202009_DNE,11,November,1.2,20.3,29.7
2020-11-29T14:00:00Z,9.002,30.5,6.6,Broome,23.759999999999998,DAMPIER_202009_DNE,11,November,1.2,20.3,29.7
2020-11-29T15:00:00Z,8.837,30.5,4.9,Broome,17.64,DAMPIER_202009_DNE,11,November,1.2,20.3,29.7
2020-11-29T16:00:00Z,7.747,30.5,5,Broome,18,DAMPIER_202009_DNE,11,November,1.2,20.3,29.7
2020-11-29T17:00:00Z,6.353,30.5,6.5,Broome,23.400000000000002,DAMPIER_202009_DNE,11,November,1.2,20.3,29.7
2020-11-29T18:00:00Z,4.903,30.5,6.3,Broome,22.68,DAMPIER_202009_DNE,11,November,1.2,20.3,29.7
2020-11-29T19:00:00Z,3.515,30.4,6.7,Broome,24.12,DAMPIER_202009_DNE,11,November,1.2,20.3,29.7
2020-11-29T20:00:00Z,2.4,30.4,6.3,Broome,22.68,DAMPIER_202009_DNE,11,November,1.2,20.3,29.7
2020-11-29T21:00:00Z,2.054,30.3,6.6,Broome,23.759999999999998,DAMPIER_202009_DNE,11,November,1.2,20.3,29.7
2020-11-29T22:00:00Z,2.848,30.4,5.1,Broome,18.36,DAMPIER_202009_DNE,11,November,1.2,20.3,29.7
2020-11-29T23:00:00Z,4.231,30.5,4.3,Broome,15.48,DAMPIER_202009_DNE,11,November,1.2,20.3,29.7
2020-11-30T00:00:00Z,5.714,30.4,4.1,Broome,14.76,DAMPIER_202009_DNE,11,November,1.2,20.3,29.7
2020-11-30T01:00:00Z,7.137,30.4,5,Broome,18,DAMPIER_202009_DNE,11,November,1.2,20.3,29.7
2020-11-30T02:00:00Z,8.283,30.5,1.8,Broome,6.48,DAMPIER_202009_DNE,11,November,1.2,20.3,29.7
2020-11-30T03:00:00Z,8.638,30.5,3,Broome,10.8,DAMPIER_202009_DNE,11,November,1.2,20.3,29.7
2020-11-30T04:00:00Z,7.861,30.6,3.4,Broome,12.24,DAMPIER_202009_DNE,11,November,1.2,20.3,29.7
2020-11-30T05:00:00Z,6.608,30.8,1,Broome,3.6,DAMPIER_202009_DNE,11,November,1.2,20.3,29.7
2020-11-30T06:00:00Z,5.322,30.9,3.4,Broome,12.24,DAMPIER_202009_DNE,11,November,1.2,20.3,29.7
2020-11-30T07:00:00Z,4.048,30.9,5.5,Broome,19.8,DAMPIER_202009_DNE,11,November,1.2,20.3,29.7
2020-11-30T08:00:00Z,2.997,30.9,6.1,Broome,21.96,DAMPIER_202009_DNE,11,November,1.2,20.3,29.7
2020-11-30T09:00:00Z,2.55,31,7.1,Broome,25.56,DAMPIER_202009_DNE,11,November,1.2,20.3,29.7
2020-11-30T10:00:00Z,3.201,30.8,7.8,Broome,28.08,DAMPIER_202009_DNE,11,November,1.2,20.3,29.7
2020-11-30T11:00:00Z,4.646,30.7,8.5,Broome,30.6,DAMPIER_202009_DNE,11,November,1.2,20.3,29.7
2020-11-30T12:00:00Z,6.279,30.7,7.6,Broome,27.36,DAMPIER_202009_DNE,11,November,1.2,20.3,29.7
2020-11-30T13:00:00Z,7.807,30.6,6.7,Broome,24.12,DAMPIER_202009_DNE,11,November,1.2,20.3,29.7
2020-11-30T14:00:00Z,8.931,30.6,5.8,Broome,20.88,DAMPIER_202009_DNE,11,November,1.2,20.3,29.7
2020-11-30T15:00:00Z,9.223,30.6,4.3,Broome,15.48,DAMPIER_202009_DNE,11,November,1.2,20.3,29.7
2020-11-30T16:00:00Z,8.427,30.6,4,Broome,14.4,DAMPIER_202009_DNE,11,November,1.2,20.3,29.7
2020-11-30T17:00:00Z,7.041,30.6,3.9,Broome,14.04,DAMPIER_202009_DNE,11,November,1.2,20.3,29.7
2020-11-30T18:00:00Z,5.551,30.5,3.4,Broome,12.24,DAMPIER_202009_DNE,11,November,1.2,20.3,29.7
2020-11-30T19:00:00Z,4.031,30.5,3.3,Broome,11.879999999999999,DAMPIER_202009_DNE,11,November,1.2,20.3,29.7
2020-11-30T20:00:00Z,2.67,30.5,3,Broome,10.8,DAMPIER_202009_DNE,11,November,1.2,20.3,29.7
2020-11-30T21:00:00Z,1.831,30.5,5.3,Broome,19.08,DAMPIER_202009_DNE,11,November,1.2,20.3,29.7
2020-11-30T22:00:00Z,2.109,30.6,6.2,Broome,22.32,DAMPIER_202009_DNE,11,November,1.2,20.3,29.7
2020-11-30T23:00:00Z,3.359,30.6,5.7,Broome,20.52,DAMPIER_202009_DNE,11,November,1.2,20.3,29.7
2020-12-01T00:00:00Z,4.898,30.6,3,Broome,10.8,DAMPIER_202009_DNE,12,December,13.6,20.1,29.4
2020-12-01T01:00:00Z,6.504,30.5,2.8,Broome,10.08,DAMPIER_202009_DNE,12,December,13.6,20.1,29.4
2020-12-01T02:00:00Z,7.944,30.6,1.6,Broome,5.760000000000001,DAMPIER_202009_DNE,12,December,13.6,20.1,29.4
2020-12-01T03:00:00Z,8.769,30.6,3,Broome,10.8,DAMPIER_202009_DNE,12,December,13.6,20.1,29.4
2020-12-01T04:00:00Z,8.482,30.7,5.5,Broome,19.8,DAMPIER_202009_DNE,12,December,13.6,20.1,29.4
2020-12-01T05:00:00Z,7.337,30.8,6,Broome,21.6,DAMPIER_202009_DNE,12,December,13.6,20.1,29.4
2020-12-01T06:00:00Z,6.01,30.9,7.5,Broome,27,DAMPIER_202009_DNE,12,December,13.6,20.1,29.4
2020-12-01T07:00:00Z,4.644,31,7.7,Broome,27.720000000000002,DAMPIER_202009_DNE,12,December,13.6,20.1,29.4
2020-12-01T08:00:00Z,3.393,31.1,8.3,Broome,29.880000000000003,DAMPIER_202009_DNE,12,December,13.6,20.1,29.4
2020-12-01T09:00:00Z,2.568,31.2,6.8,Broome,24.48,DAMPIER_202009_DNE,12,December,13.6,20.1,29.4
2020-12-01T10:00:00Z,2.663,31,3.8,Broome,13.68,DAMPIER_202009_DNE,12,December,13.6,20.1,29.4
2020-12-01T11:00:00Z,3.845,30.8,3.7,Broome,13.32,DAMPIER_202009_DNE,12,December,13.6,20.1,29.4
2020-12-01T12:00:00Z,5.475,30.8,4.9,Broome,17.64,DAMPIER_202009_DNE,12,December,13.6,20.1,29.4
2020-12-01T13:00:00Z,7.155,30.8,3,Broome,10.8,DAMPIER_202009_DNE,12,December,13.6,20.1,29.4
2020-12-01T14:00:00Z,8.573,30.7,6.2,Broome,22.32,DAMPIER_202009_DNE,12,December,13.6,20.1,29.4
2020-12-01T15:00:00Z,9.24,30.6,5.4,Broome,19.44,DAMPIER_202009_DNE,12,December,13.6,20.1,29.4
2020-12-01T16:00:00Z,8.914,30.7,3.9,Broome,14.04,DAMPIER_202009_DNE,12,December,13.6,20.1,29.4
2020-12-01T17:00:00Z,7.693,30.7,1.3,Broome,4.680000000000001,DAMPIER_202009_DNE,12,December,13.6,20.1,29.4
2020-12-01T18:00:00Z,6.195,30.6,1.9,Broome,6.84,DAMPIER_202009_DNE,12,December,13.6,20.1,29.4
2020-12-01T19:00:00Z,4.67,30.6,1.3,Broome,4.680000000000001,DAMPIER_202009_DNE,12,December,13.6,20.1,29.4
2020-12-01T20:00:00Z,3.202,30.6,2.7,Broome,9.72,DAMPIER_202009_DNE,12,December,13.6,20.1,29.4
2020-12-01T21:00:00Z,2.038,30.7,3,Broome,10.8,DAMPIER_202009_DNE,12,December,13.6,20.1,29.4
2020-12-01T22:00:00Z,1.734,30.7,0.9,Broome,3.24,DAMPIER_202009_DNE,12,December,13.6,20.1,29.4
2020-12-01T23:00:00Z,2.683,30.7,1.6,Broome,5.760000000000001,DAMPIER_202009_DNE,12,December,13.6,20.1,29.4
2020-12-02T00:00:00Z,4.204,30.6,0,Broome,0,DAMPIER_202009_DNE,12,December,13.6,20.1,29.4
2020-12-02T01:00:00Z,5.783,30.6,0,Broome,0,DAMPIER_202009_DNE,12,December,13.6,20.1,29.4
2020-12-02T02:00:00Z,7.299,30.6,2.3,Broome,8.28,DAMPIER_202009_DNE,12,December,13.6,20.1,29.4
2020-12-02T03:00:00Z,8.487,30.7,2.4,Broome,8.64,DAMPIER_202009_DNE,12,December,13.6,20.1,29.4
2020-12-02T04:00:00Z,8.764,30.7,4.6,Broome,16.56,DAMPIER_202009_DNE,12,December,13.6,20.1,29.4
2020-12-02T05:00:00Z,7.963,30.9,5.4,Broome,19.44,DAMPIER_202009_DNE,12,December,13.6,20.1,29.4
2020-12-02T06:00:00Z,6.717,31.1,7.5,Broome,27,DAMPIER_202009_DNE,12,December,13.6,20.1,29.4
2020-12-02T07:00:00Z,5.368,-9999,7.6,Broome,27.36,DAMPIER_202009_DNE,12,December,13.6,20.1,29.4
2020-12-02T08:00:00Z,4.019,-9999,8.7,Broome,31.319999999999997,DAMPIER_202009_DNE,12,December,13.6,20.1,29.4
2020-12-02T09:00:00Z,2.893,-9999,3.6,Broome,12.96,DAMPIER_202009_DNE,12,December,13.6,20.1,29.4
2020-12-02T10:00:00Z,2.408,-9999,3.4,Broome,12.24,DAMPIER_202009_DNE,12,December,13.6,20.1,29.4
2020-12-02T11:00:00Z,3.15,-9999,8,Broome,28.8,DAMPIER_202009_DNE,12,December,13.6,20.1,29.4
2020-12-02T12:00:00Z,4.678,-9999,6.1,Broome,21.96,DAMPIER_202009_DNE,12,December,13.6,20.1,29.4
2020-12-02T13:00:00Z,6.403,-9999,3.7,Broome,13.32,DAMPIER_202009_DNE,12,December,13.6,20.1,29.4
2020-12-02T14:00:00Z,7.981,-9999,6.4,Broome,23.040000000000003,DAMPIER_202009_DNE,12,December,13.6,20.1,29.4
2020-12-02T15:00:00Z,9.061,-9999,4.1,Broome,14.76,DAMPIER_202009_DNE,12,December,13.6,20.1,29.4
2020-12-02T16:00:00Z,9.251,-9999,2.7,Broome,9.72,DAMPIER_202009_DNE,12,December,13.6,20.1,29.4
2020-12-02T17:00:00Z,8.38,-9999,0.9,Broome,3.24,DAMPIER_202009_DNE,12,December,13.6,20.1,29.4
2020-12-02T18:00:00Z,6.949,-9999,1,Broome,3.6,DAMPIER_202009_DNE,12,December,13.6,20.1,29.4
2020-12-02T19:00:00Z,5.416,-9999,3,Broome,10.8,DAMPIER_202009_DNE,12,December,13.6,20.1,29.4
2020-12-02T20:00:00Z,3.891,-9999,2.5,Broome,9,DAMPIER_202009_DNE,12,December,13.6,20.1,29.4
2020-12-02T21:00:00Z,2.544,-9999,3.5,Broome,12.6,DAMPIER_202009_DNE,12,December,13.6,20.1,29.4
2020-12-02T22:00:00Z,1.765,-9999,4,Broome,14.4,DAMPIER_202009_DNE,12,December,13.6,20.1,29.4
2020-12-02T23:00:00Z,2.138,-9999,2.3,Broome,8.28,DAMPIER_202009_DNE,12,December,13.6,20.1,29.4
2020-12-03T00:00:00Z,3.407,-9999,2.8,Broome,10.08,DAMPIER_202009_DNE,12,December,13.6,20.1,29.4
2020-12-03T01:00:00Z,4.945,-9999,4.1,Broome,14.76,DAMPIER_202009_DNE,12,December,13.6,20.1,29.4
2020-12-03T02:00:00Z,6.575,30.8,2.2,Broome,7.920000000000001,DAMPIER_202009_DNE,12,December,13.6,20.1,29.4
2020-12-03T03:00:00Z,8.03,30.8,4.6,Broome,16.56,DAMPIER_202009_DNE,12,December,13.6,20.1,29.4
2020-12-03T04:00:00Z,8.804,30.8,2.5,Broome,9,DAMPIER_202009_DNE,12,December,13.6,20.1,29.4
2020-12-03T05:00:00Z,8.449,30.9,3.7,Broome,13.32,DAMPIER_202009_DNE,12,December,13.6,20.1,29.4
2020-12-03T06:00:00Z,7.267,31.1,9.8,Broome,35.28,DAMPIER_202009_DNE,12,December,13.6,20.1,29.4
2020-12-03T07:00:00Z,5.951,31.1,7.6,Broome,27.36,DAMPIER_202009_DNE,12,December,13.6,20.1,29.4
2020-12-03T08:00:00Z,4.591,31.1,4.7,Broome,16.92,DAMPIER_202009_DNE,12,December,13.6,20.1,29.4
2020-12-03T09:00:00Z,3.328,31.1,3.3,Broome,11.879999999999999,DAMPIER_202009_DNE,12,December,13.6,20.1,29.4
2020-12-03T10:00:00Z,2.543,31.3,4.1,Broome,14.76,DAMPIER_202009_DNE,12,December,13.6,20.1,29.4
2020-12-03T11:00:00Z,2.786,31.2,1.5,Broome,5.4,DAMPIER_202009_DNE,12,December,13.6,20.1,29.4
2020-12-03T12:00:00Z,4.083,30.9,2.1,Broome,7.5600000000000005,DAMPIER_202009_DNE,12,December,13.6,20.1,29.4
2020-12-03T13:00:00Z,5.723,30.9,2.2,Broome,7.920000000000001,DAMPIER_202009_DNE,12,December,13.6,20.1,29.4
2020-12-03T14:00:00Z,7.323,30.9,2,Broome,7.2,DAMPIER_202009_DNE,12,December,13.6,20.1,29.4
2020-12-03T15:00:00Z,8.603,30.8,1.1,Broome,3.9600000000000004,DAMPIER_202009_DNE,12,December,13.6,20.1,29.4
2020-12-03T16:00:00Z,9.194,30.8,1.8,Broome,6.48,DAMPIER_202009_DNE,12,December,13.6,20.1,29.4
2020-12-03T17:00:00Z,8.798,30.8,1.3,Broome,4.680000000000001,DAMPIER_202009_DNE,12,December,13.6,20.1,29.4
2020-12-03T18:00:00Z,7.588,30.8,2.2,Broome,7.920000000000001,DAMPIER_202009_DNE,12,December,13.6,20.1,29.4
2020-12-03T19:00:00Z,6.182,30.8,2.5,Broome,9,DAMPIER_202009_DNE,12,December,13.6,20.1,29.4
2020-12-03T20:00:00Z,4.719,30.8,2,Broome,7.2,DAMPIER_202009_DNE,12,December,13.6,20.1,29.4
2020-12-03T21:00:00Z,3.31,30.8,7.7,Broome,27.720000000000002,DAMPIER_202009_DNE,12,December,13.6,20.1,29.4
2020-12-03T22:00:00Z,2.221,30.9,5.5,Broome,19.8,DAMPIER_202009_DNE,12,December,13.6,20.1,29.4
2020-12-03T23:00:00Z,1.969,30.8,3.8,Broome,13.68,DAMPIER_202009_DNE,12,December,13.6,20.1,29.4
2020-12-04T00:00:00Z,2.87,30.8,2.2,Broome,7.920000000000001,DAMPIER_202009_DNE,12,December,13.6,20.1,29.4
2020-12-04T01:00:00Z,4.288,30.8,1.1,Broome,3.9600000000000004,DAMPIER_202009_DNE,12,December,13.6,20.1,29.4
2020-12-04T02:00:00Z,5.784,30.8,0.6,Broome,2.16,DAMPIER_202009_DNE,12,December,13.6,20.1,29.4
2020-12-04T03:00:00Z,7.268,30.8,0,Broome,0,DAMPIER_202009_DNE,12,December,13.6,20.1,29.4
2020-12-04T04:00:00Z,8.39,30.8,3.9,Broome,14.04,DAMPIER_202009_DNE,12,December,13.6,20.1,29.4
2020-12-04T05:00:00Z,8.606,30.9,5.2,Broome,18.720000000000002,DAMPIER_202009_DNE,12,December,13.6,20.1,29.4
2020-12-04T06:00:00Z,7.812,30.9,6.9,Broome,24.840000000000003,DAMPIER_202009_DNE,12,December,13.6,20.1,29.4
2020-12-04T07:00:00Z,6.629,31.1,6.8,Broome,24.48,DAMPIER_202009_DNE,12,December,13.6,20.1,29.4
2020-12-04T08:00:00Z,5.389,31.2,6.8,Broome,24.48,DAMPIER_202009_DNE,12,December,13.6,20.1,29.4
2020-12-04T09:00:00Z,4.153,31.3,7.6,Broome,27.36,DAMPIER_202009_DNE,12,December,13.6,20.1,29.4
2020-12-04T10:00:00Z,3.118,31.4,7.1,Broome,25.56,DAMPIER_202009_DNE,12,December,13.6,20.1,29.4
2020-12-04T11:00:00Z,2.764,31.5,6.1,Broome,21.96,DAMPIER_202009_DNE,12,December,13.6,20.1,29.4
2020-12-04T12:00:00Z,3.524,31.1,5.4,Broome,19.44,DAMPIER_202009_DNE,12,December,13.6,20.1,29.4
2020-12-04T13:00:00Z,4.969,31,3.2,Broome,11.520000000000001,DAMPIER_202009_DNE,12,December,13.6,20.1,29.4
2020-12-04T14:00:00Z,6.519,31,2.3,Broome,8.28,DAMPIER_202009_DNE,12,December,13.6,20.1,29.4
2020-12-04T15:00:00Z,7.902,30.9,7.9,Broome,28.44,DAMPIER_202009_DNE,12,December,13.6,20.1,29.4
2020-12-04T16:00:00Z,8.814,30.9,6.4,Broome,23.040000000000003,DAMPIER_202009_DNE,12,December,13.6,20.1,29.4
2020-12-04T17:00:00Z,8.936,30.9,7.2,Broome,25.92,DAMPIER_202009_DNE,12,December,13.6,20.1,29.4
2020-12-04T18:00:00Z,8.152,30.9,5.9,Broome,21.240000000000002,DAMPIER_202009_DNE,12,December,13.6,20.1,29.4
2020-12-04T19:00:00Z,6.85,30.9,4.3,Broome,15.48,DAMPIER_202009_DNE,12,December,13.6,20.1,29.4
2020-12-04T20:00:00Z,5.46,30.8,6.6,Broome,23.759999999999998,DAMPIER_202009_DNE,12,December,13.6,20.1,29.4
2020-12-04T21:00:00Z,4.121,30.9,6.1,Broome,21.96,DAMPIER_202009_DNE,12,December,13.6,20.1,29.4
2020-12-04T22:00:00Z,2.998,30.9,5.4,Broome,19.44,DAMPIER_202009_DNE,12,December,13.6,20.1,29.4
2020-12-04T23:00:00Z,2.361,30.9,0.9,Broome,3.24,DAMPIER_202009_DNE,12,December,13.6,20.1,29.4
2020-12-05T00:00:00Z,2.676,30.9,1.1,Broome,3.9600000000000004,DAMPIER_202009_DNE,12,December,13.6,20.1,29.4
2020-12-05T01:00:00Z,3.771,30.8,2.4,Broome,8.64,DAMPIER_202009_DNE,12,December,13.6,20.1,29.4
2020-12-05T02:00:00Z,5.106,30.9,2.6,Broome,9.360000000000001,DAMPIER_202009_DNE,12,December,13.6,20.1,29.4
2020-12-05T03:00:00Z,6.503,30.9,3.8,Broome,13.68,DAMPIER_202009_DNE,12,December,13.6,20.1,29.4
2020-12-05T04:00:00Z,7.734,30.9,5,Broome,18,DAMPIER_202009_DNE,12,December,13.6,20.1,29.4
2020-12-05T05:00:00Z,8.409,30.9,6.2,Broome,22.32,DAMPIER_202009_DNE,12,December,13.6,20.1,29.4
2020-12-05T06:00:00Z,8.124,30.9,8.1,Broome,29.16,DAMPIER_202009_DNE,12,December,13.6,20.1,29.4
2020-12-05T07:00:00Z,7.152,31,8,Broome,28.8,DAMPIER_202009_DNE,12,December,13.6,20.1,29.4
2020-12-05T08:00:00Z,6.043,31.2,6.8,Broome,24.48,DAMPIER_202009_DNE,12,December,13.6,20.1,29.4
2020-12-05T09:00:00Z,4.879,31.3,5.8,Broome,20.88,DAMPIER_202009_DNE,12,December,13.6,20.1,29.4
2020-12-05T10:00:00Z,3.822,31.4,4.6,Broome,16.56,DAMPIER_202009_DNE,12,December,13.6,20.1,29.4
2020-12-05T11:00:00Z,3.158,31.5,4.1,Broome,14.76,DAMPIER_202009_DNE,12,December,13.6,20.1,29.4
2020-12-05T12:00:00Z,3.336,31.3,5.6,Broome,20.16,DAMPIER_202009_DNE,12,December,13.6,20.1,29.4
2020-12-05T13:00:00Z,4.368,31.1,2.3,Broome,8.28,DAMPIER_202009_DNE,12,December,13.6,20.1,29.4
2020-12-05T14:00:00Z,5.713,31.1,5.2,Broome,18.720000000000002,DAMPIER_202009_DNE,12,December,13.6,20.1,29.4
2020-12-05T15:00:00Z,7.052,31.1,7.4,Broome,26.64,DAMPIER_202009_DNE,12,December,13.6,20.1,29.4
2020-12-05T16:00:00Z,8.138,31,2.8,Broome,10.08,DAMPIER_202009_DNE,12,December,13.6,20.1,29.4
2020-12-05T17:00:00Z,8.641,31,6.7,Broome,24.12,DAMPIER_202009_DNE,12,December,13.6,20.1,29.4
2020-12-05T18:00:00Z,8.342,31,5.2,Broome,18.720000000000002,DAMPIER_202009_DNE,12,December,13.6,20.1,29.4
2020-12-05T19:00:00Z,7.359,31,3.3,Broome,11.879999999999999,DAMPIER_202009_DNE,12,December,13.6,20.1,29.4
2020-12-05T20:00:00Z,6.161,30.9,2.8,Broome,10.08,DAMPIER_202009_DNE,12,December,13.6,20.1,29.4
2020-12-05T21:00:00Z,4.96,30.9,5.2,Broome,18.720000000000002,DAMPIER_202009_DNE,12,December,13.6,20.1,29.4
2020-12-05T22:00:00Z,3.849,30.9,6.1,Broome,21.96,DAMPIER_202009_DNE,12,December,13.6,20.1,29.4
2020-12-05T23:00:00Z,3.02,31,3.4,Broome,12.24,DAMPIER_202009_DNE,12,December,13.6,20.1,29.4
2020-12-06T00:00:00Z,2.832,31,4.7,Broome,16.92,DAMPIER_202009_DNE,12,December,13.6,20.1,29.4
2020-12-06T01:00:00Z,3.458,31,4.8,Broome,17.28,DAMPIER_202009_DNE,12,December,13.6,20.1,29.4
2020-12-06T02:00:00Z,4.507,30.9,5.1,Broome,18.36,DAMPIER_202009_DNE,12,December,13.6,20.1,29.4
2020-12-06T03:00:00Z,5.686,31,4.7,Broome,16.92,DAMPIER_202009_DNE,12,December,13.6,20.1,29.4
2020-12-06T04:00:00Z,6.865,31,4.3,Broome,15.48,DAMPIER_202009_DNE,12,December,13.6,20.1,29.4
2020-12-06T05:00:00Z,7.802,31,3.3,Broome,11.879999999999999,DAMPIER_202009_DNE,12,December,13.6,20.1,29.4
2020-12-06T06:00:00Z,8.144,31,7.9,Broome,28.44,DAMPIER_202009_DNE,12,December,13.6,20.1,29.4
2020-12-06T07:00:00Z,7.601,31.1,6.9,Broome,24.840000000000003,DAMPIER_202009_DNE,12,December,13.6,20.1,29.4
2020-12-06T08:00:00Z,6.633,31.1,8.3,Broome,29.880000000000003,DAMPIER_202009_DNE,12,December,13.6,20.1,29.4
2020-12-06T09:00:00Z,5.628,31.2,4.3,Broome,15.48,DAMPIER_202009_DNE,12,December,13.6,20.1,29.4
2020-12-06T10:00:00Z,4.627,31.2,6.7,Broome,24.12,DAMPIER_202009_DNE,12,December,13.6,20.1,29.4
2020-12-06T11:00:00Z,3.834,31.3,4.5,Broome,16.2,DAMPIER_202009_DNE,12,December,13.6,20.1,29.4
2020-12-06T12:00:00Z,3.53,31.4,5,Broome,18,DAMPIER_202009_DNE,12,December,13.6,20.1,29.4
2020-12-06T13:00:00Z,4.006,31.4,4.6,Broome,16.56,DAMPIER_202009_DNE,12,December,13.6,20.1,29.4
2020-12-06T14:00:00Z,5.031,31.1,6.8,Broome,24.48,DAMPIER_202009_DNE,12,December,13.6,20.1,29.4
2020-12-06T15:00:00Z,6.174,31.1,5.4,Broome,19.44,DAMPIER_202009_DNE,12,December,13.6,20.1,29.4
2020-12-06T16:00:00Z,7.268,31.1,5.7,Broome,20.52,DAMPIER_202009_DNE,12,December,13.6,20.1,29.4
2020-12-06T17:00:00Z,8.047,31,7.9,Broome,28.44,DAMPIER_202009_DNE,12,December,13.6,20.1,29.4
2020-12-06T18:00:00Z,8.228,31,8.4,Broome,30.240000000000002,DAMPIER_202009_DNE,12,December,13.6,20.1,29.4
2020-12-06T19:00:00Z,7.686,31,8.7,Broome,31.319999999999997,DAMPIER_202009_DNE,12,December,13.6,20.1,29.4
2020-12-06T20:00:00Z,6.712,31,7.7,Broome,27.720000000000002,DAMPIER_202009_DNE,12,December,13.6,20.1,29.4
2020-12-06T21:00:00Z,5.716,30.9,8.5,Broome,30.6,DAMPIER_202009_DNE,12,December,13.6,20.1,29.4
2020-12-06T22:00:00Z,4.729,30.9,9.3,Broome,33.480000000000004,DAMPIER_202009_DNE,12,December,13.6,20.1,29.4
2020-12-06T23:00:00Z,3.87,30.9,8.5,Broome,30.6,DAMPIER_202009_DNE,12,December,13.6,20.1,29.4
2020-12-07T00:00:00Z,3.4,30.9,7.5,Broome,27,DAMPIER_202009_DNE,12,December,13.6,20.1,29.4
2020-12-07T01:00:00Z,3.558,30.8,6.9,Broome,24.840000000000003,DAMPIER_202009_DNE,12,December,13.6,20.1,29.4
2020-12-07T02:00:00Z,4.225,30.9,7,Broome,25.2,DAMPIER_202009_DNE,12,December,13.6,20.1,29.4
2020-12-07T03:00:00Z,5.046,30.9,6.3,Broome,22.68,DAMPIER_202009_DNE,12,December,13.6,20.1,29.4
2020-12-07T04:00:00Z,5.943,30.9,6.6,Broome,23.759999999999998,DAMPIER_202009_DNE,12,December,13.6,20.1,29.4
2020-12-07T05:00:00Z,6.868,30.9,5.4,Broome,19.44,DAMPIER_202009_DNE,12,December,13.6,20.1,29.4
2020-12-07T06:00:00Z,7.584,31,6.1,Broome,21.96,DAMPIER_202009_DNE,12,December,13.6,20.1,29.4
2020-12-07T07:00:00Z,7.646,31,2.9,Broome,10.44,DAMPIER_202009_DNE,12,December,13.6,20.1,29.4
2020-12-07T08:00:00Z,7.054,31,1.1,Broome,3.9600000000000004,DAMPIER_202009_DNE,12,December,13.6,20.1,29.4
2020-12-07T09:00:00Z,6.273,31,3.9,Broome,14.04,DAMPIER_202009_DNE,12,December,13.6,20.1,29.4
2020-12-07T10:00:00Z,5.423,31,1.5,Broome,5.4,DAMPIER_202009_DNE,12,December,13.6,20.1,29.4
2020-12-07T11:00:00Z,4.653,31,6.8,Broome,24.48,DAMPIER_202009_DNE,12,December,13.6,20.1,29.4
2020-12-07T12:00:00Z,4.145,31,5.3,Broome,19.08,DAMPIER_202009_DNE,12,December,13.6,20.1,29.4
2020-12-07T13:00:00Z,4.123,30.9,9.2,Broome,33.12,DAMPIER_202009_DNE,12,December,13.6,20.1,29.4
2020-12-07T14:00:00Z,4.645,30.9,9.9,Broome,35.64,DAMPIER_202009_DNE,12,December,13.6,20.1,29.4
2020-12-07T15:00:00Z,5.406,30.9,8.8,Broome,31.680000000000003,DAMPIER_202009_DNE,12,December,13.6,20.1,29.4
2020-12-07T16:00:00Z,6.187,30.9,7.7,Broome,27.720000000000002,DAMPIER_202009_DNE,12,December,13.6,20.1,29.4
2020-12-07T17:00:00Z,6.936,30.8,8.3,Broome,29.880000000000003,DAMPIER_202009_DNE,12,December,13.6,20.1,29.4
2020-12-07T18:00:00Z,7.486,30.8,10.2,Broome,36.72,DAMPIER_202009_DNE,12,December,13.6,20.1,29.4
2020-12-07T19:00:00Z,7.556,30.8,9.9,Broome,35.64,DAMPIER_202009_DNE,12,December,13.6,20.1,29.4
2020-12-07T20:00:00Z,7.053,30.8,11.2,Broome,40.32,DAMPIER_202009_DNE,12,December,13.6,20.1,29.4
2020-12-07T21:00:00Z,6.269,30.7,12.6,Broome,45.36,DAMPIER_202009_DNE,12,December,13.6,20.1,29.4
2020-12-07T22:00:00Z,5.484,30.5,11.7,Broome,42.12,DAMPIER_202009_DNE,12,December,13.6,20.1,29.4
2020-12-07T23:00:00Z,4.722,30.3,12,Broome,43.2,DAMPIER_202009_DNE,12,December,13.6,20.1,29.4
2020-12-08T00:00:00Z,4.101,30.2,12.3,Broome,44.28,DAMPIER_202009_DNE,12,December,13.6,20.1,29.4
2020-12-08T01:00:00Z,3.871,30.1,10,Broome,36,DAMPIER_202009_DNE,12,December,13.6,20.1,29.4
2020-12-08T02:00:00Z,4.084,29.6,11,Broome,39.6,DAMPIER_202009_DNE,12,December,13.6,20.1,29.4
2020-12-08T03:00:00Z,4.543,30.3,9.2,Broome,33.12,DAMPIER_202009_DNE,12,December,13.6,20.1,29.4
2020-12-08T04:00:00Z,5.125,30.4,11.3,Broome,40.68000000000001,DAMPIER_202009_DNE,12,December,13.6,20.1,29.4
2020-12-08T05:00:00Z,5.843,30.4,11.4,Broome,41.04,DAMPIER_202009_DNE,12,December,13.6,20.1,29.4
2020-12-08T06:00:00Z,6.608,29.9,11.2,Broome,40.32,DAMPIER_202009_DNE,12,December,13.6,20.1,29.4
2020-12-08T07:00:00Z,7.176,30.4,10.9,Broome,39.24,DAMPIER_202009_DNE,12,December,13.6,20.1,29.4
2020-12-08T08:00:00Z,7.28,30.6,10.9,Broome,39.24,DAMPIER_202009_DNE,12,December,13.6,20.1,29.4
2020-12-08T09:00:00Z,6.891,30.5,10.4,Broome,37.440000000000005,DAMPIER_202009_DNE,12,December,13.6,20.1,29.4
2020-12-08T10:00:00Z,6.302,30.5,13.1,Broome,47.16,DAMPIER_202009_DNE,12,December,13.6,20.1,29.4
2020-12-08T11:00:00Z,5.642,30.4,11.8,Broome,42.480000000000004,DAMPIER_202009_DNE,12,December,13.6,20.1,29.4
2020-12-08T12:00:00Z,4.998,29.9,11.8,Broome,42.480000000000004,DAMPIER_202009_DNE,12,December,13.6,20.1,29.4
2020-12-08T13:00:00Z,4.593,29.8,12.1,Broome,43.56,DAMPIER_202009_DNE,12,December,13.6,20.1,29.4
2020-12-08T14:00:00Z,4.564,29.2,11.7,Broome,42.12,DAMPIER_202009_DNE,12,December,13.6,20.1,29.4
2020-12-08T15:00:00Z,4.853,29.5,13.2,Broome,47.519999999999996,DAMPIER_202009_DNE,12,December,13.6,20.1,29.4
2020-12-08T16:00:00Z,5.344,29.1,14,Broome,50.4,DAMPIER_202009_DNE,12,December,13.6,20.1,29.4
2020-12-08T17:00:00Z,5.972,29.3,15.1,Broome,54.36,DAMPIER_202009_DNE,12,December,13.6,20.1,29.4
2020-12-08T18:00:00Z,6.549,29.3,8,Broome,28.8,DAMPIER_202009_DNE,12,December,13.6,20.1,29.4
2020-12-08T19:00:00Z,7.036,29.4,9.5,Broome,34.2,DAMPIER_202009_DNE,12,December,13.6,20.1,29.4
2020-12-08T20:00:00Z,7.262,30,10,Broome,36,DAMPIER_202009_DNE,12,December,13.6,20.1,29.4
2020-12-08T21:00:00Z,7.113,29.8,11.3,Broome,40.68000000000001,DAMPIER_202009_DNE,12,December,13.6,20.1,29.4
2020-12-08T22:00:00Z,6.619,29.9,7.7,Broome,27.720000000000002,DAMPIER_202009_DNE,12,December,13.6,20.1,29.4
2020-12-08T23:00:00Z,6.017,29.5,9.7,Broome,34.92,DAMPIER_202009_DNE,12,December,13.6,20.1,29.4
2020-12-09T00:00:00Z,5.473,29.5,10.4,Broome,37.440000000000005,DAMPIER_202009_DNE,12,December,13.6,20.1,29.4
2020-12-09T01:00:00Z,4.994,29.4,13.3,Broome,47.88,DAMPIER_202009_DNE,12,December,13.6,20.1,29.4
2020-12-09T02:00:00Z,4.664,29.4,12.2,Broome,43.92,DAMPIER_202009_DNE,12,December,13.6,20.1,29.4
2020-12-09T03:00:00Z,4.572,29.4,12.7,Broome,45.72,DAMPIER_202009_DNE,12,December,13.6,20.1,29.4
2020-12-09T04:00:00Z,4.82,29.5,12.8,Broome,46.080000000000005,DAMPIER_202009_DNE,12,December,13.6,20.1,29.4
2020-12-09T05:00:00Z,5.346,30.1,10.5,Broome,37.800000000000004,DAMPIER_202009_DNE,12,December,13.6,20.1,29.4
2020-12-09T06:00:00Z,5.966,30.1,10.8,Broome,38.88,DAMPIER_202009_DNE,12,December,13.6,20.1,29.4
2020-12-09T07:00:00Z,6.609,30.2,10.1,Broome,36.36,DAMPIER_202009_DNE,12,December,13.6,20.1,29.4
2020-12-09T08:00:00Z,7.128,30,9.2,Broome,33.12,DAMPIER_202009_DNE,12,December,13.6,20.1,29.4
2020-12-09T09:00:00Z,7.295,30.1,8.5,Broome,30.6,DAMPIER_202009_DNE,12,December,13.6,20.1,29.4
2020-12-09T10:00:00Z,7.049,30.2,9,Broome,32.4,DAMPIER_202009_DNE,12,December,13.6,20.1,29.4
2020-12-09T11:00:00Z,6.62,30.2,7.5,Broome,27,DAMPIER_202009_DNE,12,December,13.6,20.1,29.4
2020-12-09T12:00:00Z,6.128,30.2,7.6,Broome,27.36,DAMPIER_202009_DNE,12,December,13.6,20.1,29.4
2020-12-09T13:00:00Z,5.58,30.2,5.8,Broome,20.88,DAMPIER_202009_DNE,12,December,13.6,20.1,29.4
2020-12-09T14:00:00Z,5.069,30.2,5.6,Broome,20.16,DAMPIER_202009_DNE,12,December,13.6,20.1,29.4
2020-12-09T15:00:00Z,4.732,30,7,Broome,25.2,DAMPIER_202009_DNE,12,December,13.6,20.1,29.4
2020-12-09T16:00:00Z,4.701,30,3.6,Broome,12.96,DAMPIER_202009_DNE,12,December,13.6,20.1,29.4
2020-12-09T17:00:00Z,5.004,29.9,7.1,Broome,25.56,DAMPIER_202009_DNE,12,December,13.6,20.1,29.4
2020-12-09T18:00:00Z,5.526,30.1,7.8,Broome,28.08,DAMPIER_202009_DNE,12,December,13.6,20.1,29.4
2020-12-09T19:00:00Z,6.084,30.3,6.6,Broome,23.759999999999998,DAMPIER_202009_DNE,12,December,13.6,20.1,29.4
2020-12-09T20:00:00Z,6.536,30.1,5.4,Broome,19.44,DAMPIER_202009_DNE,12,December,13.6,20.1,29.4
2020-12-09T21:00:00Z,6.871,30.1,5.9,Broome,21.240000000000002,DAMPIER_202009_DNE,12,December,13.6,20.1,29.4
2020-12-09T22:00:00Z,7.028,30.1,9.2,Broome,33.12,DAMPIER_202009_DNE,12,December,13.6,20.1,29.4
2020-12-09T23:00:00Z,6.718,30.2,9.7,Broome,34.92,DAMPIER_202009_DNE,12,December,13.6,20.1,29.4
2020-12-10T00:00:00Z,6.151,30.2,9.2,Broome,33.12,DAMPIER_202009_DNE,12,December,13.6,20.1,29.4
2020-12-10T01:00:00Z,5.596,30.1,7.7,Broome,27.720000000000002,DAMPIER_202009_DNE,12,December,13.6,20.1,29.4
2020-12-10T02:00:00Z,5.12,30,5.7,Broome,20.52,DAMPIER_202009_DNE,12,December,13.6,20.1,29.4
2020-12-10T03:00:00Z,4.701,30,3.5,Broome,12.6,DAMPIER_202009_DNE,12,December,13.6,20.1,29.4
2020-12-10T04:00:00Z,4.344,29.9,5.1,Broome,18.36,DAMPIER_202009_DNE,12,December,13.6,20.1,29.4
2020-12-10T05:00:00Z,4.337,29.8,4.6,Broome,16.56,DAMPIER_202009_DNE,12,December,13.6,20.1,29.4
2020-12-10T06:00:00Z,4.806,29.9,2.6,Broome,9.360000000000001,DAMPIER_202009_DNE,12,December,13.6,20.1,29.4
2020-12-10T07:00:00Z,5.475,30,2.4,Broome,8.64,DAMPIER_202009_DNE,12,December,13.6,20.1,29.4
2020-12-10T08:00:00Z,6.22,30,2.3,Broome,8.28,DAMPIER_202009_DNE,12,December,13.6,20.1,29.4
2020-12-10T09:00:00Z,6.988,30,4.3,Broome,15.48,DAMPIER_202009_DNE,12,December,13.6,20.1,29.4
2020-12-10T10:00:00Z,7.46,29.9,4,Broome,14.4,DAMPIER_202009_DNE,12,December,13.6,20.1,29.4
2020-12-10T11:00:00Z,7.442,30,3.9,Broome,14.04,DAMPIER_202009_DNE,12,December,13.6,20.1,29.4
2020-12-10T12:00:00Z,7.031,30,6,Broome,21.6,DAMPIER_202009_DNE,12,December,13.6,20.1,29.4
2020-12-10T13:00:00Z,6.437,30,4.1,Broome,14.76,DAMPIER_202009_DNE,12,December,13.6,20.1,29.4
2020-12-10T14:00:00Z,5.735,29.9,4.9,Broome,17.64,DAMPIER_202009_DNE,12,December,13.6,20.1,29.4
2020-12-10T15:00:00Z,5.053,29.9,4.5,Broome,16.2,DAMPIER_202009_DNE,12,December,13.6,20.1,29.4
2020-12-10T16:00:00Z,4.533,29.8,3,Broome,10.8,DAMPIER_202009_DNE,12,December,13.6,20.1,29.4
2020-12-10T17:00:00Z,4.268,29.7,0.6,Broome,2.16,DAMPIER_202009_DNE,12,December,13.6,20.1,29.4
2020-12-10T18:00:00Z,4.356,29.7,2.9,Broome,10.44,DAMPIER_202009_DNE,12,December,13.6,20.1,29.4
2020-12-10T19:00:00Z,4.787,29.8,2.4,Broome,8.64,DAMPIER_202009_DNE,12,December,13.6,20.1,29.4
2020-12-10T20:00:00Z,5.455,29.8,4.5,Broome,16.2,DAMPIER_202009_DNE,12,December,13.6,20.1,29.4
2020-12-10T21:00:00Z,6.236,29.9,4.8,Broome,17.28,DAMPIER_202009_DNE,12,December,13.6,20.1,29.4
2020-12-10T22:00:00Z,6.962,29.8,3.1,Broome,11.16,DAMPIER_202009_DNE,12,December,13.6,20.1,29.4
2020-12-10T23:00:00Z,7.335,29.7,4.4,Broome,15.840000000000002,DAMPIER_202009_DNE,12,December,13.6,20.1,29.4
2020-12-11T00:00:00Z,7.245,29.9,7.6,Broome,27.36,DAMPIER_202009_DNE,12,December,13.6,20.1,29.4
2020-12-11T01:00:00Z,6.796,29.9,10.4,Broome,37.440000000000005,DAMPIER_202009_DNE,12,December,13.6,20.1,29.4
2020-12-11T02:00:00Z,6.093,29.8,6.9,Broome,24.840000000000003,DAMPIER_202009_DNE,12,December,13.6,20.1,29.4
2020-12-11T03:00:00Z,5.32,29.8,6.1,Broome,21.96,DAMPIER_202009_DNE,12,December,13.6,20.1,29.4
2020-12-11T04:00:00Z,4.669,29.7,8.5,Broome,30.6,DAMPIER_202009_DNE,12,December,13.6,20.1,29.4
2020-12-11T05:00:00Z,4.246,29.6,10.9,Broome,39.24,DAMPIER_202009_DNE,12,December,13.6,20.1,29.4
2020-12-11T06:00:00Z,4.184,29.3,10.6,Broome,38.16,DAMPIER_202009_DNE,12,December,13.6,20.1,29.4
2020-12-11T07:00:00Z,4.574,29.6,9.1,Broome,32.76,DAMPIER_202009_DNE,12,December,13.6,20.1,29.4
2020-12-11T08:00:00Z,5.412,29.8,10.9,Broome,39.24,DAMPIER_202009_DNE,12,December,13.6,20.1,29.4
2020-12-11T09:00:00Z,6.405,29.8,9.9,Broome,35.64,DAMPIER_202009_DNE,12,December,13.6,20.1,29.4
2020-12-11T10:00:00Z,7.213,29.7,9.8,Broome,35.28,DAMPIER_202009_DNE,12,December,13.6,20.1,29.4
2020-12-11T11:00:00Z,7.758,29.7,11.5,Broome,41.4,DAMPIER_202009_DNE,12,December,13.6,20.1,29.4
2020-12-11T12:00:00Z,8.019,29.9,12.3,Broome,44.28,DAMPIER_202009_DNE,12,December,13.6,20.1,29.4
2020-12-11T13:00:00Z,7.813,29.9,11.6,Broome,41.76,DAMPIER_202009_DNE,12,December,13.6,20.1,29.4
2020-12-11T14:00:00Z,7.1,29.8,9.1,Broome,32.76,DAMPIER_202009_DNE,12,December,13.6,20.1,29.4
2020-12-11T15:00:00Z,6.066,29.7,7.3,Broome,26.28,DAMPIER_202009_DNE,12,December,13.6,20.1,29.4
2020-12-11T16:00:00Z,4.983,29.6,4.3,Broome,15.48,DAMPIER_202009_DNE,12,December,13.6,20.1,29.4
2020-12-11T17:00:00Z,3.92,29.6,5.3,Broome,19.08,DAMPIER_202009_DNE,12,December,13.6,20.1,29.4
2020-12-11T18:00:00Z,3.282,29.4,6.3,Broome,22.68,DAMPIER_202009_DNE,12,December,13.6,20.1,29.4
2020-12-11T19:00:00Z,3.404,29.4,5.9,Broome,21.240000000000002,DAMPIER_202009_DNE,12,December,13.6,20.1,29.4
2020-12-11T20:00:00Z,4.179,29.5,6.3,Broome,22.68,DAMPIER_202009_DNE,12,December,13.6,20.1,29.4
2020-12-11T21:00:00Z,5.201,29.5,5.6,Broome,20.16,DAMPIER_202009_DNE,12,December,13.6,20.1,29.4
2020-12-11T22:00:00Z,6.219,29.5,4.5,Broome,16.2,DAMPIER_202009_DNE,12,December,13.6,20.1,29.4
2020-12-11T23:00:00Z,7.104,29.5,4.8,Broome,17.28,DAMPIER_202009_DNE,12,December,13.6,20.1,29.4
2020-12-12T00:00:00Z,7.711,29.6,5.2,Broome,18.720000000000002,DAMPIER_202009_DNE,12,December,13.6,20.1,29.4
2020-12-12T01:00:00Z,7.695,29.7,4.7,Broome,16.92,DAMPIER_202009_DNE,12,December,13.6,20.1,29.4
2020-12-12T02:00:00Z,7.023,29.7,4.4,Broome,15.840000000000002,DAMPIER_202009_DNE,12,December,13.6,20.1,29.4
2020-12-12T03:00:00Z,6.118,29.6,4.8,Broome,17.28,DAMPIER_202009_DNE,12,December,13.6,20.1,29.4
2020-12-12T04:00:00Z,5.158,29.4,5.8,Broome,20.88,DAMPIER_202009_DNE,12,December,13.6,20.1,29.4
2020-12-12T05:00:00Z,4.259,29.4,5.2,Broome,18.720000000000002,DAMPIER_202009_DNE,12,December,13.6,20.1,29.4
2020-12-12T06:00:00Z,3.543,29.4,5.9,Broome,21.240000000000002,DAMPIER_202009_DNE,12,December,13.6,20.1,29.4
2020-12-12T07:00:00Z,3.336,29.4,5.9,Broome,21.240000000000002,DAMPIER_202009_DNE,12,December,13.6,20.1,29.4
2020-12-12T08:00:00Z,3.967,29.5,5.4,Broome,19.44,DAMPIER_202009_DNE,12,December,13.6,20.1,29.4
2020-12-12T09:00:00Z,5.161,29.7,5.3,Broome,19.08,DAMPIER_202009_DNE,12,December,13.6,20.1,29.4
2020-12-12T10:00:00Z,6.449,29.7,3.8,Broome,13.68,DAMPIER_202009_DNE,12,December,13.6,20.1,29.4
2020-12-12T11:00:00Z,7.617,29.6,2.9,Broome,10.44,DAMPIER_202009_DNE,12,December,13.6,20.1,29.4
2020-12-12T12:00:00Z,8.443,-9999,2.6,Broome,9.360000000000001,DAMPIER_202009_DNE,12,December,13.6,20.1,29.4
2020-12-12T13:00:00Z,8.648,-9999,2.7,Broome,9.72,DAMPIER_202009_DNE,12,December,13.6,20.1,29.4
2020-12-12T14:00:00Z,8.004,-9999,2.8,Broome,10.08,DAMPIER_202009_DNE,12,December,13.6,20.1,29.4
2020-12-12T15:00:00Z,6.888,-9999,2.8,Broome,10.08,DAMPIER_202009_DNE,12,December,13.6,20.1,29.4
2020-12-12T16:00:00Z,5.655,-9999,2.2,Broome,7.920000000000001,DAMPIER_202009_DNE,12,December,13.6,20.1,29.4
2020-12-12T17:00:00Z,4.37,-9999,2.3,Broome,8.28,DAMPIER_202009_DNE,12,December,13.6,20.1,29.4
2020-12-12T18:00:00Z,3.231,-9999,2.8,Broome,10.08,DAMPIER_202009_DNE,12,December,13.6,20.1,29.4
2020-12-12T19:00:00Z,2.511,-9999,3.4,Broome,12.24,DAMPIER_202009_DNE,12,December,13.6,20.1,29.4
2020-12-12T20:00:00Z,2.695,-9999,3.8,Broome,13.68,DAMPIER_202009_DNE,12,December,13.6,20.1,29.4
2020-12-12T21:00:00Z,3.725,-9999,2.3,Broome,8.28,DAMPIER_202009_DNE,12,December,13.6,20.1,29.4
2020-12-12T22:00:00Z,5.016,-9999,2,Broome,7.2,DAMPIER_202009_DNE,12,December,13.6,20.1,29.4
2020-12-12T23:00:00Z,6.323,-9999,2.6,Broome,9.360000000000001,DAMPIER_202009_DNE,12,December,13.6,20.1,29.4
2020-12-13T00:00:00Z,7.513,-9999,2.7,Broome,9.72,DAMPIER_202009_DNE,12,December,13.6,20.1,29.4
2020-12-13T01:00:00Z,8.279,-9999,2.6,Broome,9.360000000000001,DAMPIER_202009_DNE,12,December,13.6,20.1,29.4
2020-12-13T02:00:00Z,8.121,-9999,3.1,Broome,11.16,DAMPIER_202009_DNE,12,December,13.6,20.1,29.4
2020-12-13T03:00:00Z,7.22,-9999,3.2,Broome,11.520000000000001,DAMPIER_202009_DNE,12,December,13.6,20.1,29.4
2020-12-13T04:00:00Z,6.127,-9999,3.4,Broome,12.24,DAMPIER_202009_DNE,12,December,13.6,20.1,29.4
2020-12-13T05:00:00Z,4.964,-9999,3.7,Broome,13.32,DAMPIER_202009_DNE,12,December,13.6,20.1,29.4
2020-12-13T06:00:00Z,3.852,-9999,4,Broome,14.4,DAMPIER_202009_DNE,12,December,13.6,20.1,29.4
2020-12-13T07:00:00Z,3.041,-9999,4.9,Broome,17.64,DAMPIER_202009_DNE,12,December,13.6,20.1,29.4
2020-12-13T08:00:00Z,2.986,-9999,5.2,Broome,18.720000000000002,DAMPIER_202009_DNE,12,December,13.6,20.1,29.4
2020-12-13T09:00:00Z,3.901,-9999,5.1,Broome,18.36,DAMPIER_202009_DNE,12,December,13.6,20.1,29.4
2020-12-13T10:00:00Z,5.304,-9999,4.5,Broome,16.2,DAMPIER_202009_DNE,12,December,13.6,20.1,29.4
2020-12-13T11:00:00Z,6.808,-9999,4.1,Broome,14.76,DAMPIER_202009_DNE,12,December,13.6,20.1,29.4
2020-12-13T12:00:00Z,8.181,-9999,4.2,Broome,15.120000000000001,DAMPIER_202009_DNE,12,December,13.6,20.1,29.4
2020-12-13T13:00:00Z,9.087,-9999,4.5,Broome,16.2,DAMPIER_202009_DNE,12,December,13.6,20.1,29.4
2020-12-13T14:00:00Z,9.122,-9999,5,Broome,18,DAMPIER_202009_DNE,12,December,13.6,20.1,29.4
2020-12-13T15:00:00Z,8.189,-9999,4.9,Broome,17.64,DAMPIER_202009_DNE,12,December,13.6,20.1,29.4
2020-12-13T16:00:00Z,6.836,-9999,5,Broome,18,DAMPIER_202009_DNE,12,December,13.6,20.1,29.4
2020-12-13T17:00:00Z,5.343,-9999,4.9,Broome,17.64,DAMPIER_202009_DNE,12,December,13.6,20.1,29.4
2020-12-13T18:00:00Z,3.801,-9999,3.6,Broome,12.96,DAMPIER_202009_DNE,12,December,13.6,20.1,29.4
2020-12-13T19:00:00Z,2.472,-9999,4.4,Broome,15.840000000000002,DAMPIER_202009_DNE,12,December,13.6,20.1,29.4
2020-12-13T20:00:00Z,1.757,-9999,3.3,Broome,11.879999999999999,DAMPIER_202009_DNE,12,December,13.6,20.1,29.4
2020-12-13T21:00:00Z,2.242,-9999,3.8,Broome,13.68,DAMPIER_202009_DNE,12,December,13.6,20.1,29.4
2020-12-13T22:00:00Z,3.616,29.7,4.4,Broome,15.840000000000002,DAMPIER_202009_DNE,12,December,13.6,20.1,29.4
2020-12-13T23:00:00Z,5.177,29.8,2.4,Broome,8.64,DAMPIER_202009_DNE,12,December,13.6,20.1,29.4
2020-12-14T00:00:00Z,6.737,29.7,3.1,Broome,11.16,DAMPIER_202009_DNE,12,December,13.6,20.1,29.4
2020-12-14T01:00:00Z,8.105,29.8,2.9,Broome,10.44,DAMPIER_202009_DNE,12,December,13.6,20.1,29.4
2020-12-14T02:00:00Z,8.775,29.8,3.4,Broome,12.24,DAMPIER_202009_DNE,12,December,13.6,20.1,29.4
2020-12-14T03:00:00Z,8.302,29.9,4.6,Broome,16.56,DAMPIER_202009_DNE,12,December,13.6,20.1,29.4
2020-12-14T04:00:00Z,7.124,30,5,Broome,18,DAMPIER_202009_DNE,12,December,13.6,20.1,29.4
2020-12-14T05:00:00Z,5.834,30.1,6.3,Broome,22.68,DAMPIER_202009_DNE,12,December,13.6,20.1,29.4
2020-12-14T06:00:00Z,4.488,30.1,7.1,Broome,25.56,DAMPIER_202009_DNE,12,December,13.6,20.1,29.4
2020-12-14T07:00:00Z,3.267,30.1,7,Broome,25.2,DAMPIER_202009_DNE,12,December,13.6,20.1,29.4
2020-12-14T08:00:00Z,2.507,30.3,8,Broome,28.8,DAMPIER_202009_DNE,12,December,13.6,20.1,29.4
2020-12-14T09:00:00Z,2.751,30.1,8.9,Broome,32.04,DAMPIER_202009_DNE,12,December,13.6,20.1,29.4
2020-12-14T10:00:00Z,4.027,30.1,8.2,Broome,29.52,DAMPIER_202009_DNE,12,December,13.6,20.1,29.4
2020-12-14T11:00:00Z,5.674,30.1,6.6,Broome,23.759999999999998,DAMPIER_202009_DNE,12,December,13.6,20.1,29.4
2020-12-14T12:00:00Z,7.34,30.1,7.8,Broome,28.08,DAMPIER_202009_DNE,12,December,13.6,20.1,29.4
2020-12-14T13:00:00Z,8.793,30,7,Broome,25.2,DAMPIER_202009_DNE,12,December,13.6,20.1,29.4
2020-12-14T14:00:00Z,9.596,30,6.1,Broome,21.96,DAMPIER_202009_DNE,12,December,13.6,20.1,29.4
2020-12-14T15:00:00Z,9.262,30,5.9,Broome,21.240000000000002,DAMPIER_202009_DNE,12,December,13.6,20.1,29.4
2020-12-14T16:00:00Z,7.997,29.9,5.6,Broome,20.16,DAMPIER_202009_DNE,12,December,13.6,20.1,29.4
2020-12-14T17:00:00Z,6.475,29.9,5.3,Broome,19.08,DAMPIER_202009_DNE,12,December,13.6,20.1,29.4
2020-12-14T18:00:00Z,4.833,29.9,5.1,Broome,18.36,DAMPIER_202009_DNE,12,December,13.6,20.1,29.4
2020-12-14T19:00:00Z,3.181,29.8,5.8,Broome,20.88,DAMPIER_202009_DNE,12,December,13.6,20.1,29.4
2020-12-14T20:00:00Z,1.823,29.8,5.5,Broome,19.8,DAMPIER_202009_DNE,12,December,13.6,20.1,29.4
2020-12-14T21:00:00Z,1.363,29.8,6,Broome,21.6,DAMPIER_202009_DNE,12,December,13.6,20.1,29.4
2020-12-14T22:00:00Z,2.269,29.9,5.9,Broome,21.240000000000002,DAMPIER_202009_DNE,12,December,13.6,20.1,29.4
2020-12-14T23:00:00Z,3.862,29.9,5.6,Broome,20.16,DAMPIER_202009_DNE,12,December,13.6,20.1,29.4
2020-12-15T00:00:00Z,5.563,29.9,5.5,Broome,19.8,DAMPIER_202009_DNE,12,December,13.6,20.1,29.4
2020-12-15T01:00:00Z,7.266,29.9,5.7,Broome,20.52,DAMPIER_202009_DNE,12,December,13.6,20.1,29.4
2020-12-15T02:00:00Z,8.652,29.9,6.1,Broome,21.96,DAMPIER_202009_DNE,12,December,13.6,20.1,29.4
2020-12-15T03:00:00Z,9.041,30,6.4,Broome,23.040000000000003,DAMPIER_202009_DNE,12,December,13.6,20.1,29.4
2020-12-15T04:00:00Z,8.236,30,6.8,Broome,24.48,DAMPIER_202009_DNE,12,December,13.6,20.1,29.4
2020-12-15T05:00:00Z,6.948,30.1,7,Broome,25.2,DAMPIER_202009_DNE,12,December,13.6,20.1,29.4
2020-12-15T06:00:00Z,5.555,30.2,7.5,Broome,27,DAMPIER_202009_DNE,12,December,13.6,20.1,29.4
2020-12-15T07:00:00Z,4.086,30.3,7.4,Broome,26.64,DAMPIER_202009_DNE,12,December,13.6,20.1,29.4
2020-12-15T08:00:00Z,2.827,30.4,7.3,Broome,26.28,DAMPIER_202009_DNE,12,December,13.6,20.1,29.4
2020-12-15T09:00:00Z,2.206,30.5,7.2,Broome,25.92,DAMPIER_202009_DNE,12,December,13.6,20.1,29.4
2020-12-15T10:00:00Z,2.81,30.3,6.5,Broome,23.400000000000002,DAMPIER_202009_DNE,12,December,13.6,20.1,29.4
2020-12-15T11:00:00Z,4.368,30.2,6.4,Broome,23.040000000000003,DAMPIER_202009_DNE,12,December,13.6,20.1,29.4
2020-12-15T12:00:00Z,6.165,30.1,7.1,Broome,25.56,DAMPIER_202009_DNE,12,December,13.6,20.1,29.4
2020-12-15T13:00:00Z,7.923,30.1,5.4,Broome,19.44,DAMPIER_202009_DNE,12,December,13.6,20.1,29.4
2020-12-15T14:00:00Z,9.34,30.1,4.9,Broome,17.64,DAMPIER_202009_DNE,12,December,13.6,20.1,29.4
2020-12-15T15:00:00Z,9.866,30.1,4.6,Broome,16.56,DAMPIER_202009_DNE,12,December,13.6,20.1,29.4
2020-12-15T16:00:00Z,9.162,30,5.5,Broome,19.8,DAMPIER_202009_DNE,12,December,13.6,20.1,29.4
2020-12-15T17:00:00Z,7.702,30,5.4,Broome,19.44,DAMPIER_202009_DNE,12,December,13.6,20.1,29.4
2020-12-15T18:00:00Z,6.073,30,4.9,Broome,17.64,DAMPIER_202009_DNE,12,December,13.6,20.1,29.4
2020-12-15T19:00:00Z,4.323,29.9,5.6,Broome,20.16,DAMPIER_202009_DNE,12,December,13.6,20.1,29.4
2020-12-15T20:00:00Z,2.641,29.9,6.3,Broome,22.68,DAMPIER_202009_DNE,12,December,13.6,20.1,29.4
2020-12-15T21:00:00Z,1.427,29.9,5.9,Broome,21.240000000000002,DAMPIER_202009_DNE,12,December,13.6,20.1,29.4
2020-12-15T22:00:00Z,1.403,29.8,6.1,Broome,21.96,DAMPIER_202009_DNE,12,December,13.6,20.1,29.4
2020-12-15T23:00:00Z,2.607,29.9,6.5,Broome,23.400000000000002,DAMPIER_202009_DNE,12,December,13.6,20.1,29.4
2020-12-16T00:00:00Z,4.259,29.9,5.9,Broome,21.240000000000002,DAMPIER_202009_DNE,12,December,13.6,20.1,29.4
2020-12-16T01:00:00Z,6.053,29.9,6.2,Broome,22.32,DAMPIER_202009_DNE,12,December,13.6,20.1,29.4
2020-12-16T02:00:00Z,7.813,30,6.7,Broome,24.12,DAMPIER_202009_DNE,12,December,13.6,20.1,29.4
2020-12-16T03:00:00Z,9.031,30,6.7,Broome,24.12,DAMPIER_202009_DNE,12,December,13.6,20.1,29.4
2020-12-16T04:00:00Z,9.01,30,6.6,Broome,23.759999999999998,DAMPIER_202009_DNE,12,December,13.6,20.1,29.4
2020-12-16T05:00:00Z,7.941,30.2,7,Broome,25.2,DAMPIER_202009_DNE,12,December,13.6,20.1,29.4
2020-12-16T06:00:00Z,6.565,30.2,7.5,Broome,27,DAMPIER_202009_DNE,12,December,13.6,20.1,29.4
2020-12-16T07:00:00Z,5.075,30.4,6.5,Broome,23.400000000000002,DAMPIER_202009_DNE,12,December,13.6,20.1,29.4
2020-12-16T08:00:00Z,3.601,30.5,6,Broome,21.6,DAMPIER_202009_DNE,12,December,13.6,20.1,29.4
2020-12-16T09:00:00Z,2.44,30.6,6.2,Broome,22.32,DAMPIER_202009_DNE,12,December,13.6,20.1,29.4
2020-12-16T10:00:00Z,2.088,30.6,6,Broome,21.6,DAMPIER_202009_DNE,12,December,13.6,20.1,29.4
2020-12-16T11:00:00Z,3.054,30.3,4.5,Broome,16.2,DAMPIER_202009_DNE,12,December,13.6,20.1,29.4
2020-12-16T12:00:00Z,4.796,30.2,5.8,Broome,20.88,DAMPIER_202009_DNE,12,December,13.6,20.1,29.4
2020-12-16T13:00:00Z,6.676,30.2,5.4,Broome,19.44,DAMPIER_202009_DNE,12,December,13.6,20.1,29.4
2020-12-16T14:00:00Z,8.434,30.1,6.3,Broome,22.68,DAMPIER_202009_DNE,12,December,13.6,20.1,29.4
2020-12-16T15:00:00Z,9.652,30,6.6,Broome,23.759999999999998,DAMPIER_202009_DNE,12,December,13.6,20.1,29.4
2020-12-16T16:00:00Z,9.764,30,7.4,Broome,26.64,DAMPIER_202009_DNE,12,December,13.6,20.1,29.4
2020-12-16T17:00:00Z,8.733,30.1,6.7,Broome,24.12,DAMPIER_202009_DNE,12,December,13.6,20.1,29.4
2020-12-16T18:00:00Z,7.194,30.1,6,Broome,21.6,DAMPIER_202009_DNE,12,December,13.6,20.1,29.4
2020-12-16T19:00:00Z,5.54,30,6.8,Broome,24.48,DAMPIER_202009_DNE,12,December,13.6,20.1,29.4
2020-12-16T20:00:00Z,3.809,30,6.6,Broome,23.759999999999998,DAMPIER_202009_DNE,12,December,13.6,20.1,29.4
2020-12-16T21:00:00Z,2.252,30,6.3,Broome,22.68,DAMPIER_202009_DNE,12,December,13.6,20.1,29.4
2020-12-16T22:00:00Z,1.322,30,7.4,Broome,26.64,DAMPIER_202009_DNE,12,December,13.6,20.1,29.4
2020-12-16T23:00:00Z,1.695,30.2,6.8,Broome,24.48,DAMPIER_202009_DNE,12,December,13.6,20.1,29.4
2020-12-17T00:00:00Z,3.118,30,6.2,Broome,22.32,DAMPIER_202009_DNE,12,December,13.6,20.1,29.4
2020-12-17T01:00:00Z,4.849,30,6.2,Broome,22.32,DAMPIER_202009_DNE,12,December,13.6,20.1,29.4
2020-12-17T02:00:00Z,6.664,30,6.7,Broome,24.12,DAMPIER_202009_DNE,12,December,13.6,20.1,29.4
2020-12-17T03:00:00Z,8.299,30,7,Broome,25.2,DAMPIER_202009_DNE,12,December,13.6,20.1,29.4
2020-12-17T04:00:00Z,9.145,30.1,5.9,Broome,21.240000000000002,DAMPIER_202009_DNE,12,December,13.6,20.1,29.4
2020-12-17T05:00:00Z,8.718,30.1,7.2,Broome,25.92,DAMPIER_202009_DNE,12,December,13.6,20.1,29.4
2020-12-17T06:00:00Z,7.476,30.3,5.7,Broome,20.52,DAMPIER_202009_DNE,12,December,13.6,20.1,29.4
2020-12-17T07:00:00Z,6.058,30.3,5.5,Broome,19.8,DAMPIER_202009_DNE,12,December,13.6,20.1,29.4
2020-12-17T08:00:00Z,4.592,30.4,6.4,Broome,23.040000000000003,DAMPIER_202009_DNE,12,December,13.6,20.1,29.4
2020-12-17T09:00:00Z,3.227,30.5,5.3,Broome,19.08,DAMPIER_202009_DNE,12,December,13.6,20.1,29.4
2020-12-17T10:00:00Z,2.251,30.6,3.8,Broome,13.68,DAMPIER_202009_DNE,12,December,13.6,20.1,29.4
2020-12-17T11:00:00Z,2.314,30.5,3.7,Broome,13.32,DAMPIER_202009_DNE,12,December,13.6,20.1,29.4
2020-12-17T12:00:00Z,3.632,30.3,4.7,Broome,16.92,DAMPIER_202009_DNE,12,December,13.6,20.1,29.4
2020-12-17T13:00:00Z,5.427,30.2,5.3,Broome,19.08,DAMPIER_202009_DNE,12,December,13.6,20.1,29.4
2020-12-17T14:00:00Z,7.244,30.2,7,Broome,25.2,DAMPIER_202009_DNE,12,December,13.6,20.1,29.4
2020-12-17T15:00:00Z,8.819,30.1,5.5,Broome,19.8,DAMPIER_202009_DNE,12,December,13.6,20.1,29.4
2020-12-17T16:00:00Z,9.656,30.1,5.5,Broome,19.8,DAMPIER_202009_DNE,12,December,13.6,20.1,29.4
2020-12-17T17:00:00Z,9.332,30.1,6,Broome,21.6,DAMPIER_202009_DNE,12,December,13.6,20.1,29.4
2020-12-17T18:00:00Z,8.083,30.1,6.9,Broome,24.840000000000003,DAMPIER_202009_DNE,12,December,13.6,20.1,29.4
2020-12-17T19:00:00Z,6.522,30.1,6,Broome,21.6,DAMPIER_202009_DNE,12,December,13.6,20.1,29.4
2020-12-17T20:00:00Z,4.886,30,6.6,Broome,23.759999999999998,DAMPIER_202009_DNE,12,December,13.6,20.1,29.4
2020-12-17T21:00:00Z,3.335,30,5.9,Broome,21.240000000000002,DAMPIER_202009_DNE,12,December,13.6,20.1,29.4
2020-12-17T22:00:00Z,2.045,30.1,6.1,Broome,21.96,DAMPIER_202009_DNE,12,December,13.6,20.1,29.4
2020-12-17T23:00:00Z,1.58,30.1,8.8,Broome,31.680000000000003,DAMPIER_202009_DNE,12,December,13.6,20.1,29.4
2020-12-18T00:00:00Z,2.405,30.1,6.5,Broome,23.400000000000002,DAMPIER_202009_DNE,12,December,13.6,20.1,29.4
2020-12-18T01:00:00Z,3.88,30.1,4.3,Broome,15.48,DAMPIER_202009_DNE,12,December,13.6,20.1,29.4
2020-12-18T02:00:00Z,5.511,30.1,4.9,Broome,17.64,DAMPIER_202009_DNE,12,December,13.6,20.1,29.4
2020-12-18T03:00:00Z,7.146,30.1,2.2,Broome,7.920000000000001,DAMPIER_202009_DNE,12,December,13.6,20.1,29.4
2020-12-18T04:00:00Z,8.494,30.1,5,Broome,18,DAMPIER_202009_DNE,12,December,13.6,20.1,29.4
2020-12-18T05:00:00Z,8.988,30.1,6.5,Broome,23.400000000000002,DAMPIER_202009_DNE,12,December,13.6,20.1,29.4
2020-12-18T06:00:00Z,8.256,30.2,6,Broome,21.6,DAMPIER_202009_DNE,12,December,13.6,20.1,29.4
2020-12-18T07:00:00Z,6.946,30.4,6.7,Broome,24.12,DAMPIER_202009_DNE,12,December,13.6,20.1,29.4
2020-12-18T08:00:00Z,5.629,30.5,7.8,Broome,28.08,DAMPIER_202009_DNE,12,December,13.6,20.1,29.4
2020-12-18T09:00:00Z,4.287,30.6,7.2,Broome,25.92,DAMPIER_202009_DNE,12,December,13.6,20.1,29.4
2020-12-18T10:00:00Z,3.077,30.7,7.3,Broome,26.28,DAMPIER_202009_DNE,12,December,13.6,20.1,29.4
2020-12-18T11:00:00Z,2.443,30.7,5.1,Broome,18.36,DAMPIER_202009_DNE,12,December,13.6,20.1,29.4
2020-12-18T12:00:00Z,2.95,30.5,4,Broome,14.4,DAMPIER_202009_DNE,12,December,13.6,20.1,29.4
2020-12-18T13:00:00Z,4.367,30.3,4.5,Broome,16.2,DAMPIER_202009_DNE,12,December,13.6,20.1,29.4
2020-12-18T14:00:00Z,6.022,30.3,3.7,Broome,13.32,DAMPIER_202009_DNE,12,December,13.6,20.1,29.4
2020-12-18T15:00:00Z,7.609,30.2,5.2,Broome,18.720000000000002,DAMPIER_202009_DNE,12,December,13.6,20.1,29.4
2020-12-18T16:00:00Z,8.851,30.1,5.7,Broome,20.52,DAMPIER_202009_DNE,12,December,13.6,20.1,29.4
2020-12-18T17:00:00Z,9.323,30.1,6.6,Broome,23.759999999999998,DAMPIER_202009_DNE,12,December,13.6,20.1,29.4
2020-12-18T18:00:00Z,8.652,30.1,4.8,Broome,17.28,DAMPIER_202009_DNE,12,December,13.6,20.1,29.4
2020-12-18T19:00:00Z,7.312,30.2,0.5,Broome,1.8,DAMPIER_202009_DNE,12,December,13.6,20.1,29.4
2020-12-18T20:00:00Z,5.915,30.1,5.1,Broome,18.36,DAMPIER_202009_DNE,12,December,13.6,20.1,29.4
2020-12-18T21:00:00Z,4.448,30.1,5.8,Broome,20.88,DAMPIER_202009_DNE,12,December,13.6,20.1,29.4
2020-12-18T22:00:00Z,3.062,30.2,6.6,Broome,23.759999999999998,DAMPIER_202009_DNE,12,December,13.6,20.1,29.4
2020-12-18T23:00:00Z,2.051,30.3,7.2,Broome,25.92,DAMPIER_202009_DNE,12,December,13.6,20.1,29.4
2020-12-19T00:00:00Z,2.066,30.3,8.1,Broome,29.16,DAMPIER_202009_DNE,12,December,13.6,20.1,29.4
2020-12-19T01:00:00Z,3.177,30.2,6.4,Broome,23.040000000000003,DAMPIER_202009_DNE,12,December,13.6,20.1,29.4
2020-12-19T02:00:00Z,4.651,30.2,5.6,Broome,20.16,DAMPIER_202009_DNE,12,December,13.6,20.1,29.4
2020-12-19T03:00:00Z,6.2,30.2,4.9,Broome,17.64,DAMPIER_202009_DNE,12,December,13.6,20.1,29.4
2020-12-19T04:00:00Z,7.61,30.2,6.2,Broome,22.32,DAMPIER_202009_DNE,12,December,13.6,20.1,29.4
2020-12-19T05:00:00Z,8.582,30.2,7.9,Broome,28.44,DAMPIER_202009_DNE,12,December,13.6,20.1,29.4
2020-12-19T06:00:00Z,8.619,30.3,9.3,Broome,33.480000000000004,DAMPIER_202009_DNE,12,December,13.6,20.1,29.4
2020-12-19T07:00:00Z,7.716,30.3,9.6,Broome,34.56,DAMPIER_202009_DNE,12,December,13.6,20.1,29.4
2020-12-19T08:00:00Z,6.549,30.4,8.4,Broome,30.240000000000002,DAMPIER_202009_DNE,12,December,13.6,20.1,29.4
2020-12-19T09:00:00Z,5.298,30.5,8,Broome,28.8,DAMPIER_202009_DNE,12,December,13.6,20.1,29.4
2020-12-19T10:00:00Z,4.076,30.6,6.7,Broome,24.12,DAMPIER_202009_DNE,12,December,13.6,20.1,29.4
2020-12-19T11:00:00Z,3.118,30.6,4.5,Broome,16.2,DAMPIER_202009_DNE,12,December,13.6,20.1,29.4
2020-12-19T12:00:00Z,2.854,30.7,6.7,Broome,24.12,DAMPIER_202009_DNE,12,December,13.6,20.1,29.4
2020-12-19T13:00:00Z,3.71,30.4,5.1,Broome,18.36,DAMPIER_202009_DNE,12,December,13.6,20.1,29.4
2020-12-19T14:00:00Z,5.167,30.4,4.6,Broome,16.56,DAMPIER_202009_DNE,12,December,13.6,20.1,29.4
2020-12-19T15:00:00Z,6.601,30.4,1.4,Broome,5.04,DAMPIER_202009_DNE,12,December,13.6,20.1,29.4
2020-12-19T16:00:00Z,7.842,30.3,2,Broome,7.2,DAMPIER_202009_DNE,12,December,13.6,20.1,29.4
2020-12-19T17:00:00Z,8.671,30.3,1.4,Broome,5.04,DAMPIER_202009_DNE,12,December,13.6,20.1,29.4
2020-12-19T18:00:00Z,8.691,30.3,0.2,Broome,0.7200000000000001,DAMPIER_202009_DNE,12,December,13.6,20.1,29.4
2020-12-19T19:00:00Z,7.815,30.3,0.8,Broome,2.8800000000000003,DAMPIER_202009_DNE,12,December,13.6,20.1,29.4
2020-12-19T20:00:00Z,6.61,30.3,2.8,Broome,10.08,DAMPIER_202009_DNE,12,December,13.6,20.1,29.4
2020-12-19T21:00:00Z,5.413,30.3,3.6,Broome,12.96,DAMPIER_202009_DNE,12,December,13.6,20.1,29.4
2020-12-19T22:00:00Z,4.17,30.3,2.5,Broome,9,DAMPIER_202009_DNE,12,December,13.6,20.1,29.4
2020-12-19T23:00:00Z,3.063,30.4,2.7,Broome,9.72,DAMPIER_202009_DNE,12,December,13.6,20.1,29.4
2020-12-20T00:00:00Z,2.531,30.5,3.8,Broome,13.68,DAMPIER_202009_DNE,12,December,13.6,20.1,29.4
2020-12-20T01:00:00Z,3.025,30.4,5,Broome,18,DAMPIER_202009_DNE,12,December,13.6,20.1,29.4
2020-12-20T02:00:00Z,4.143,30.3,5.3,Broome,19.08,DAMPIER_202009_DNE,12,December,13.6,20.1,29.4
2020-12-20T03:00:00Z,5.374,30.4,7.4,Broome,26.64,DAMPIER_202009_DNE,12,December,13.6,20.1,29.4
2020-12-20T04:00:00Z,6.653,30.4,7.2,Broome,25.92,DAMPIER_202009_DNE,12,December,13.6,20.1,29.4
2020-12-20T05:00:00Z,7.813,30.4,6.6,Broome,23.759999999999998,DAMPIER_202009_DNE,12,December,13.6,20.1,29.4
2020-12-20T06:00:00Z,8.405,30.3,7.8,Broome,28.08,DAMPIER_202009_DNE,12,December,13.6,20.1,29.4
2020-12-20T07:00:00Z,8.063,30.4,9.3,Broome,33.480000000000004,DAMPIER_202009_DNE,12,December,13.6,20.1,29.4
2020-12-20T08:00:00Z,7.123,30.4,9.9,Broome,35.64,DAMPIER_202009_DNE,12,December,13.6,20.1,29.4
2020-12-20T09:00:00Z,6.084,30.4,10.7,Broome,38.519999999999996,DAMPIER_202009_DNE,12,December,13.6,20.1,29.4
2020-12-20T10:00:00Z,5.013,30.5,9.5,Broome,34.2,DAMPIER_202009_DNE,12,December,13.6,20.1,29.4
2020-12-20T11:00:00Z,3.985,30.5,7.6,Broome,27.36,DAMPIER_202009_DNE,12,December,13.6,20.1,29.4
2020-12-20T12:00:00Z,3.337,30.5,4.3,Broome,15.48,DAMPIER_202009_DNE,12,December,13.6,20.1,29.4
2020-12-20T13:00:00Z,3.563,30.6,3.8,Broome,13.68,DAMPIER_202009_DNE,12,December,13.6,20.1,29.4
2020-12-20T14:00:00Z,4.539,30.4,5.5,Broome,19.8,DAMPIER_202009_DNE,12,December,13.6,20.1,29.4
2020-12-20T15:00:00Z,5.696,30.4,6.3,Broome,22.68,DAMPIER_202009_DNE,12,December,13.6,20.1,29.4
2020-12-20T16:00:00Z,6.794,30.4,6.1,Broome,21.96,DAMPIER_202009_DNE,12,December,13.6,20.1,29.4
2020-12-20T17:00:00Z,7.76,30.3,8.2,Broome,29.52,DAMPIER_202009_DNE,12,December,13.6,20.1,29.4
2020-12-20T18:00:00Z,8.068,30.3,4.6,Broome,16.56,DAMPIER_202009_DNE,12,December,13.6,20.1,29.4
2020-12-20T19:00:00Z,7.865,30.3,5,Broome,18,DAMPIER_202009_DNE,12,December,13.6,20.1,29.4
2020-12-20T20:00:00Z,7.373,30.3,4.3,Broome,15.48,DAMPIER_202009_DNE,12,December,13.6,20.1,29.4
2020-12-20T21:00:00Z,6.092,30.3,4.2,Broome,15.120000000000001,DAMPIER_202009_DNE,12,December,13.6,20.1,29.4
2020-12-20T22:00:00Z,4.766,30.3,4.8,Broome,17.28,DAMPIER_202009_DNE,12,December,13.6,20.1,29.4
2020-12-20T23:00:00Z,3.947,30.3,5.6,Broome,20.16,DAMPIER_202009_DNE,12,December,13.6,20.1,29.4
2020-12-21T00:00:00Z,3.397,30.3,4.5,Broome,16.2,DAMPIER_202009_DNE,12,December,13.6,20.1,29.4
2020-12-21T01:00:00Z,3.169,30.3,3.1,Broome,11.16,DAMPIER_202009_DNE,12,December,13.6,20.1,29.4
2020-12-21T02:00:00Z,3.668,30.4,6.8,Broome,24.48,DAMPIER_202009_DNE,12,December,13.6,20.1,29.4
2020-12-21T03:00:00Z,4.711,30.3,3.2,Broome,11.520000000000001,DAMPIER_202009_DNE,12,December,13.6,20.1,29.4
2020-12-21T04:00:00Z,5.772,30.4,2,Broome,7.2,DAMPIER_202009_DNE,12,December,13.6,20.1,29.4
2020-12-21T05:00:00Z,6.744,30.4,1.5,Broome,5.4,DAMPIER_202009_DNE,12,December,13.6,20.1,29.4
2020-12-21T06:00:00Z,7.599,30.4,4.4,Broome,15.840000000000002,DAMPIER_202009_DNE,12,December,13.6,20.1,29.4
2020-12-21T07:00:00Z,7.943,30.4,6.1,Broome,21.96,DAMPIER_202009_DNE,12,December,13.6,20.1,29.4
2020-12-21T08:00:00Z,7.545,30.4,6.4,Broome,23.040000000000003,DAMPIER_202009_DNE,12,December,13.6,20.1,29.4
2020-12-21T09:00:00Z,6.698,30.5,7.5,Broome,27,DAMPIER_202009_DNE,12,December,13.6,20.1,29.4
2020-12-21T10:00:00Z,5.704,30.5,3,Broome,10.8,DAMPIER_202009_DNE,12,December,13.6,20.1,29.4
2020-12-21T11:00:00Z,4.782,30.6,2.1,Broome,7.5600000000000005,DAMPIER_202009_DNE,12,December,13.6,20.1,29.4
2020-12-21T12:00:00Z,4.089,30.7,2.9,Broome,10.44,DAMPIER_202009_DNE,12,December,13.6,20.1,29.4
2020-12-21T13:00:00Z,3.831,30.7,4.2,Broome,15.120000000000001,DAMPIER_202009_DNE,12,December,13.6,20.1,29.4
2020-12-21T14:00:00Z,4.229,30.6,6,Broome,21.6,DAMPIER_202009_DNE,12,December,13.6,20.1,29.4
2020-12-21T15:00:00Z,5.053,30.4,7.5,Broome,27,DAMPIER_202009_DNE,12,December,13.6,20.1,29.4
2020-12-21T16:00:00Z,5.908,30.4,7.2,Broome,25.92,DAMPIER_202009_DNE,12,December,13.6,20.1,29.4
2020-12-21T17:00:00Z,6.648,30.4,4.1,Broome,14.76,DAMPIER_202009_DNE,12,December,13.6,20.1,29.4
2020-12-21T18:00:00Z,7.245,30.4,3.6,Broome,12.96,DAMPIER_202009_DNE,12,December,13.6,20.1,29.4
2020-12-21T19:00:00Z,7.509,30.4,7,Broome,25.2,DAMPIER_202009_DNE,12,December,13.6,20.1,29.4
2020-12-21T20:00:00Z,7.196,30.4,8.5,Broome,30.6,DAMPIER_202009_DNE,12,December,13.6,20.1,29.4
2020-12-21T21:00:00Z,6.444,-9999,8.9,Broome,32.04,DAMPIER_202009_DNE,12,December,13.6,20.1,29.4
2020-12-21T22:00:00Z,5.643,-9999,7.5,Broome,27,DAMPIER_202009_DNE,12,December,13.6,20.1,29.4
2020-12-21T23:00:00Z,4.848,-9999,7.2,Broome,25.92,DAMPIER_202009_DNE,12,December,13.6,20.1,29.4
2020-12-22T00:00:00Z,4.099,-9999,6.4,Broome,23.040000000000003,DAMPIER_202009_DNE,12,December,13.6,20.1,29.4
2020-12-22T01:00:00Z,3.63,-9999,5.9,Broome,21.240000000000002,DAMPIER_202009_DNE,12,December,13.6,20.1,29.4
2020-12-22T02:00:00Z,3.734,-9999,3.1,Broome,11.16,DAMPIER_202009_DNE,12,December,13.6,20.1,29.4
2020-12-22T03:00:00Z,4.371,-9999,0.5,Broome,1.8,DAMPIER_202009_DNE,12,December,13.6,20.1,29.4
2020-12-22T04:00:00Z,5.163,-9999,2.7,Broome,9.72,DAMPIER_202009_DNE,12,December,13.6,20.1,29.4
2020-12-22T05:00:00Z,6.012,-9999,4.4,Broome,15.840000000000002,DAMPIER_202009_DNE,12,December,13.6,20.1,29.4
2020-12-22T06:00:00Z,6.805,-9999,5.7,Broome,20.52,DAMPIER_202009_DNE,12,December,13.6,20.1,29.4
2020-12-22T07:00:00Z,7.379,-9999,7.2,Broome,25.92,DAMPIER_202009_DNE,12,December,13.6,20.1,29.4
2020-12-22T08:00:00Z,7.494,-9999,8,Broome,28.8,DAMPIER_202009_DNE,12,December,13.6,20.1,29.4
2020-12-22T09:00:00Z,7.067,-9999,6.7,Broome,24.12,DAMPIER_202009_DNE,12,December,13.6,20.1,29.4
2020-12-22T10:00:00Z,6.387,-9999,6.2,Broome,22.32,DAMPIER_202009_DNE,12,December,13.6,20.1,29.4
2020-12-22T11:00:00Z,5.621,-9999,5.6,Broome,20.16,DAMPIER_202009_DNE,12,December,13.6,20.1,29.4
2020-12-22T12:00:00Z,4.925,-9999,4.2,Broome,15.120000000000001,DAMPIER_202009_DNE,12,December,13.6,20.1,29.4
2020-12-22T13:00:00Z,4.464,-9999,5.5,Broome,19.8,DAMPIER_202009_DNE,12,December,13.6,20.1,29.4
2020-12-22T14:00:00Z,4.363,-9999,3.4,Broome,12.24,DAMPIER_202009_DNE,12,December,13.6,20.1,29.4
2020-12-22T15:00:00Z,4.699,-9999,4.1,Broome,14.76,DAMPIER_202009_DNE,12,December,13.6,20.1,29.4
2020-12-22T16:00:00Z,5.262,-9999,2.2,Broome,7.920000000000001,DAMPIER_202009_DNE,12,December,13.6,20.1,29.4
2020-12-22T17:00:00Z,5.844,-9999,5.4,Broome,19.44,DAMPIER_202009_DNE,12,December,13.6,20.1,29.4
2020-12-22T18:00:00Z,6.367,-9999,5,Broome,18,DAMPIER_202009_DNE,12,December,13.6,20.1,29.4
2020-12-22T19:00:00Z,6.741,-9999,4.8,Broome,17.28,DAMPIER_202009_DNE,12,December,13.6,20.1,29.4
2020-12-22T20:00:00Z,6.839,-9999,7.5,Broome,27,DAMPIER_202009_DNE,12,December,13.6,20.1,29.4
2020-12-22T21:00:00Z,6.61,-9999,7.3,Broome,26.28,DAMPIER_202009_DNE,12,December,13.6,20.1,29.4
2020-12-22T22:00:00Z,6.138,-9999,10.3,Broome,37.080000000000005,DAMPIER_202009_DNE,12,December,13.6,20.1,29.4
2020-12-22T23:00:00Z,5.532,-9999,8.7,Broome,31.319999999999997,DAMPIER_202009_DNE,12,December,13.6,20.1,29.4
2020-12-23T00:00:00Z,4.921,-9999,8.5,Broome,30.6,DAMPIER_202009_DNE,12,December,13.6,20.1,29.4
2020-12-23T01:00:00Z,4.476,-9999,7.3,Broome,26.28,DAMPIER_202009_DNE,12,December,13.6,20.1,29.4
2020-12-23T02:00:00Z,4.291,-9999,6,Broome,21.6,DAMPIER_202009_DNE,12,December,13.6,20.1,29.4
2020-12-23T03:00:00Z,4.367,-9999,5.6,Broome,20.16,DAMPIER_202009_DNE,12,December,13.6,20.1,29.4
2020-12-23T04:00:00Z,4.718,-9999,4,Broome,14.4,DAMPIER_202009_DNE,12,December,13.6,20.1,29.4
2020-12-23T05:00:00Z,5.317,30.4,2.7,Broome,9.72,DAMPIER_202009_DNE,12,December,13.6,20.1,29.4
2020-12-23T06:00:00Z,5.954,30.5,2.6,Broome,9.360000000000001,DAMPIER_202009_DNE,12,December,13.6,20.1,29.4
2020-12-23T07:00:00Z,6.5,30.4,3.9,Broome,14.04,DAMPIER_202009_DNE,12,December,13.6,20.1,29.4
2020-12-23T08:00:00Z,6.967,30.4,2.8,Broome,10.08,DAMPIER_202009_DNE,12,December,13.6,20.1,29.4
2020-12-23T09:00:00Z,7.163,30.5,7.4,Broome,26.64,DAMPIER_202009_DNE,12,December,13.6,20.1,29.4
2020-12-23T10:00:00Z,6.883,30.5,7,Broome,25.2,DAMPIER_202009_DNE,12,December,13.6,20.1,29.4
2020-12-23T11:00:00Z,6.363,30.6,5.5,Broome,19.8,DAMPIER_202009_DNE,12,December,13.6,20.1,29.4
2020-12-23T12:00:00Z,5.816,30.6,4.2,Broome,15.120000000000001,DAMPIER_202009_DNE,12,December,13.6,20.1,29.4
2020-12-23T13:00:00Z,5.279,30.6,2.3,Broome,8.28,DAMPIER_202009_DNE,12,December,13.6,20.1,29.4
2020-12-23T14:00:00Z,4.856,30.6,0.6,Broome,2.16,DAMPIER_202009_DNE,12,December,13.6,20.1,29.4
2020-12-23T15:00:00Z,4.643,30.7,3.2,Broome,11.520000000000001,DAMPIER_202009_DNE,12,December,13.6,20.1,29.4
2020-12-23T16:00:00Z,4.731,30.6,4.3,Broome,15.48,DAMPIER_202009_DNE,12,December,13.6,20.1,29.4
2020-12-23T17:00:00Z,5.07,30.5,6.2,Broome,22.32,DAMPIER_202009_DNE,12,December,13.6,20.1,29.4
2020-12-23T18:00:00Z,5.507,30.5,4.5,Broome,16.2,DAMPIER_202009_DNE,12,December,13.6,20.1,29.4
2020-12-23T19:00:00Z,5.922,30.4,4.6,Broome,16.56,DAMPIER_202009_DNE,12,December,13.6,20.1,29.4
2020-12-23T20:00:00Z,6.26,30.4,4.6,Broome,16.56,DAMPIER_202009_DNE,12,December,13.6,20.1,29.4
2020-12-23T21:00:00Z,6.485,30.4,6.4,Broome,23.040000000000003,DAMPIER_202009_DNE,12,December,13.6,20.1,29.4
2020-12-23T22:00:00Z,6.469,30.4,7.5,Broome,27,DAMPIER_202009_DNE,12,December,13.6,20.1,29.4
2020-12-23T23:00:00Z,6.146,30.4,7,Broome,25.2,DAMPIER_202009_DNE,12,December,13.6,20.1,29.4
2020-12-24T00:00:00Z,5.648,30.3,6,Broome,21.6,DAMPIER_202009_DNE,12,December,13.6,20.1,29.4
2020-12-24T01:00:00Z,5.185,30.3,5.1,Broome,18.36,DAMPIER_202009_DNE,12,December,13.6,20.1,29.4
2020-12-24T02:00:00Z,4.87,30.4,3.2,Broome,11.520000000000001,DAMPIER_202009_DNE,12,December,13.6,20.1,29.4
2020-12-24T03:00:00Z,4.679,30.5,1.4,Broome,5.04,DAMPIER_202009_DNE,12,December,13.6,20.1,29.4
2020-12-24T04:00:00Z,4.614,30.6,0.1,Broome,0.36000000000000004,DAMPIER_202009_DNE,12,December,13.6,20.1,29.4
2020-12-24T05:00:00Z,4.846,30.5,0.2,Broome,0.7200000000000001,DAMPIER_202009_DNE,12,December,13.6,20.1,29.4
2020-12-24T06:00:00Z,5.327,30.4,0.8,Broome,2.8800000000000003,DAMPIER_202009_DNE,12,December,13.6,20.1,29.4
2020-12-24T07:00:00Z,5.861,30.4,2.4,Broome,8.64,DAMPIER_202009_DNE,12,December,13.6,20.1,29.4
2020-12-24T08:00:00Z,6.379,30.4,4.3,Broome,15.48,DAMPIER_202009_DNE,12,December,13.6,20.1,29.4
2020-12-24T09:00:00Z,6.813,30.5,3.7,Broome,13.32,DAMPIER_202009_DNE,12,December,13.6,20.1,29.4
2020-12-24T10:00:00Z,7.026,30.5,5,Broome,18,DAMPIER_202009_DNE,12,December,13.6,20.1,29.4
2020-12-24T11:00:00Z,6.881,30.5,5.1,Broome,18.36,DAMPIER_202009_DNE,12,December,13.6,20.1,29.4
2020-12-24T12:00:00Z,6.474,30.5,2.4,Broome,8.64,DAMPIER_202009_DNE,12,December,13.6,20.1,29.4
2020-12-24T13:00:00Z,6.012,30.6,3.1,Broome,11.16,DAMPIER_202009_DNE,12,December,13.6,20.1,29.4
2020-12-24T14:00:00Z,5.549,30.7,3.7,Broome,13.32,DAMPIER_202009_DNE,12,December,13.6,20.1,29.4
2020-12-24T15:00:00Z,5.109,30.8,2.8,Broome,10.08,DAMPIER_202009_DNE,12,December,13.6,20.1,29.4
2020-12-24T16:00:00Z,4.758,30.8,2,Broome,7.2,DAMPIER_202009_DNE,12,December,13.6,20.1,29.4
2020-12-24T17:00:00Z,4.625,30.6,0.9,Broome,3.24,DAMPIER_202009_DNE,12,December,13.6,20.1,29.4
2020-12-24T18:00:00Z,4.782,30.6,1.6,Broome,5.760000000000001,DAMPIER_202009_DNE,12,December,13.6,20.1,29.4
2020-12-24T19:00:00Z,5.134,30.5,2.3,Broome,8.28,DAMPIER_202009_DNE,12,December,13.6,20.1,29.4
2020-12-24T20:00:00Z,5.552,30.5,3.3,Broome,11.879999999999999,DAMPIER_202009_DNE,12,December,13.6,20.1,29.4
2020-12-24T21:00:00Z,5.987,30.5,4.4,Broome,15.840000000000002,DAMPIER_202009_DNE,12,December,13.6,20.1,29.4
2020-12-24T22:00:00Z,6.354,30.4,3.4,Broome,12.24,DAMPIER_202009_DNE,12,December,13.6,20.1,29.4
2020-12-24T23:00:00Z,6.526,30.5,4.7,Broome,16.92,DAMPIER_202009_DNE,12,December,13.6,20.1,29.4
2020-12-25T00:00:00Z,6.415,30.4,4.8,Broome,17.28,DAMPIER_202009_DNE,12,December,13.6,20.1,29.4
2020-12-25T01:00:00Z,6.073,30.5,2.9,Broome,10.44,DAMPIER_202009_DNE,12,December,13.6,20.1,29.4
2020-12-25T02:00:00Z,5.64,30.5,1.9,Broome,6.84,DAMPIER_202009_DNE,12,December,13.6,20.1,29.4
2020-12-25T03:00:00Z,5.186,30.6,1.5,Broome,5.4,DAMPIER_202009_DNE,12,December,13.6,20.1,29.4
2020-12-25T04:00:00Z,4.8,30.8,2.8,Broome,10.08,DAMPIER_202009_DNE,12,December,13.6,20.1,29.4
2020-12-25T05:00:00Z,4.645,30.9,5.4,Broome,19.44,DAMPIER_202009_DNE,12,December,13.6,20.1,29.4
2020-12-25T06:00:00Z,4.786,30.6,7.5,Broome,27,DAMPIER_202009_DNE,12,December,13.6,20.1,29.4
2020-12-25T07:00:00Z,5.162,30.5,7.5,Broome,27,DAMPIER_202009_DNE,12,December,13.6,20.1,29.4
2020-12-25T08:00:00Z,5.752,30.5,6.2,Broome,22.32,DAMPIER_202009_DNE,12,December,13.6,20.1,29.4
2020-12-25T09:00:00Z,6.395,30.5,6.1,Broome,21.96,DAMPIER_202009_DNE,12,December,13.6,20.1,29.4
2020-12-25T10:00:00Z,6.896,30.5,5.8,Broome,20.88,DAMPIER_202009_DNE,12,December,13.6,20.1,29.4
2020-12-25T11:00:00Z,7.2,30.5,3.9,Broome,14.04,DAMPIER_202009_DNE,12,December,13.6,20.1,29.4
2020-12-25T12:00:00Z,7.173,30.6,2.9,Broome,10.44,DAMPIER_202009_DNE,12,December,13.6,20.1,29.4
2020-12-25T13:00:00Z,6.785,30.6,3.7,Broome,13.32,DAMPIER_202009_DNE,12,December,13.6,20.1,29.4
2020-12-25T14:00:00Z,6.246,30.6,2.9,Broome,10.44,DAMPIER_202009_DNE,12,December,13.6,20.1,29.4
2020-12-25T15:00:00Z,5.634,30.6,2.1,Broome,7.5600000000000005,DAMPIER_202009_DNE,12,December,13.6,20.1,29.4
2020-12-25T16:00:00Z,5.004,30.6,2.4,Broome,8.64,DAMPIER_202009_DNE,12,December,13.6,20.1,29.4
2020-12-25T17:00:00Z,4.496,30.6,2.5,Broome,9,DAMPIER_202009_DNE,12,December,13.6,20.1,29.4
2020-12-25T18:00:00Z,4.243,30.6,2.5,Broome,9,DAMPIER_202009_DNE,12,December,13.6,20.1,29.4
2020-12-25T19:00:00Z,4.323,30.6,1.9,Broome,6.84,DAMPIER_202009_DNE,12,December,13.6,20.1,29.4
2020-12-25T20:00:00Z,4.704,30.6,1.7,Broome,6.12,DAMPIER_202009_DNE,12,December,13.6,20.1,29.4
2020-12-25T21:00:00Z,5.28,30.5,1.9,Broome,6.84,DAMPIER_202009_DNE,12,December,13.6,20.1,29.4
2020-12-25T22:00:00Z,5.958,30.5,2,Broome,7.2,DAMPIER_202009_DNE,12,December,13.6,20.1,29.4
2020-12-25T23:00:00Z,6.54,30.5,3,Broome,10.8,DAMPIER_202009_DNE,12,December,13.6,20.1,29.4
2020-12-26T00:00:00Z,6.836,30.5,2.2,Broome,7.920000000000001,DAMPIER_202009_DNE,12,December,13.6,20.1,29.4
2020-12-26T01:00:00Z,6.774,30.5,2.3,Broome,8.28,DAMPIER_202009_DNE,12,December,13.6,20.1,29.4
2020-12-26T02:00:00Z,6.368,30.5,3.1,Broome,11.16,DAMPIER_202009_DNE,12,December,13.6,20.1,29.4
2020-12-26T03:00:00Z,5.801,30.6,3.6,Broome,12.96,DAMPIER_202009_DNE,12,December,13.6,20.1,29.4
2020-12-26T04:00:00Z,5.201,30.6,3.5,Broome,12.6,DAMPIER_202009_DNE,12,December,13.6,20.1,29.4
2020-12-26T05:00:00Z,4.718,30.8,5.2,Broome,18.720000000000002,DAMPIER_202009_DNE,12,December,13.6,20.1,29.4
2020-12-26T06:00:00Z,4.483,31,6.7,Broome,24.12,DAMPIER_202009_DNE,12,December,13.6,20.1,29.4
2020-12-26T07:00:00Z,4.564,30.7,7.3,Broome,26.28,DAMPIER_202009_DNE,12,December,13.6,20.1,29.4
2020-12-26T08:00:00Z,5.001,30.7,7.3,Broome,26.28,DAMPIER_202009_DNE,12,December,13.6,20.1,29.4
2020-12-26T09:00:00Z,5.703,30.6,6.5,Broome,23.400000000000002,DAMPIER_202009_DNE,12,December,13.6,20.1,29.4
2020-12-26T10:00:00Z,6.479,30.7,5.8,Broome,20.88,DAMPIER_202009_DNE,12,December,13.6,20.1,29.4
2020-12-26T11:00:00Z,7.124,30.7,4.5,Broome,16.2,DAMPIER_202009_DNE,12,December,13.6,20.1,29.4
2020-12-26T12:00:00Z,7.498,30.6,5.3,Broome,19.08,DAMPIER_202009_DNE,12,December,13.6,20.1,29.4
2020-12-26T13:00:00Z,7.497,30.8,3.9,Broome,14.04,DAMPIER_202009_DNE,12,December,13.6,20.1,29.4
2020-12-26T14:00:00Z,7.103,30.8,4,Broome,14.4,DAMPIER_202009_DNE,12,December,13.6,20.1,29.4
2020-12-26T15:00:00Z,6.425,30.8,4,Broome,14.4,DAMPIER_202009_DNE,12,December,13.6,20.1,29.4
2020-12-26T16:00:00Z,5.625,30.7,4.6,Broome,16.56,DAMPIER_202009_DNE,12,December,13.6,20.1,29.4
2020-12-26T17:00:00Z,4.781,30.7,4.4,Broome,15.840000000000002,DAMPIER_202009_DNE,12,December,13.6,20.1,29.4
2020-12-26T18:00:00Z,4.04,30.7,4.5,Broome,16.2,DAMPIER_202009_DNE,12,December,13.6,20.1,29.4
2020-12-26T19:00:00Z,3.671,30.8,4.5,Broome,16.2,DAMPIER_202009_DNE,12,December,13.6,20.1,29.4
2020-12-26T20:00:00Z,3.868,30.7,4.6,Broome,16.56,DAMPIER_202009_DNE,12,December,13.6,20.1,29.4
2020-12-26T21:00:00Z,4.494,30.7,3.3,Broome,11.879999999999999,DAMPIER_202009_DNE,12,December,13.6,20.1,29.4
2020-12-26T22:00:00Z,5.309,30.6,4,Broome,14.4,DAMPIER_202009_DNE,12,December,13.6,20.1,29.4
2020-12-26T23:00:00Z,6.189,30.6,3.4,Broome,12.24,DAMPIER_202009_DNE,12,December,13.6,20.1,29.4
2020-12-27T00:00:00Z,6.907,30.6,3.4,Broome,12.24,DAMPIER_202009_DNE,12,December,13.6,20.1,29.4
2020-12-27T01:00:00Z,7.287,30.6,2.2,Broome,7.920000000000001,DAMPIER_202009_DNE,12,December,13.6,20.1,29.4
2020-12-27T02:00:00Z,7.16,30.7,3.4,Broome,12.24,DAMPIER_202009_DNE,12,December,13.6,20.1,29.4
2020-12-27T03:00:00Z,6.548,30.7,3.2,Broome,11.520000000000001,DAMPIER_202009_DNE,12,December,13.6,20.1,29.4
2020-12-27T04:00:00Z,5.763,30.8,4.9,Broome,17.64,DAMPIER_202009_DNE,12,December,13.6,20.1,29.4
2020-12-27T05:00:00Z,5.016,31.1,5.1,Broome,18.36,DAMPIER_202009_DNE,12,December,13.6,20.1,29.4
2020-12-27T06:00:00Z,4.383,31.2,5.4,Broome,19.44,DAMPIER_202009_DNE,12,December,13.6,20.1,29.4
2020-12-27T07:00:00Z,4.035,31,5.9,Broome,21.240000000000002,DAMPIER_202009_DNE,12,December,13.6,20.1,29.4
2020-12-27T08:00:00Z,4.204,30.9,6,Broome,21.6,DAMPIER_202009_DNE,12,December,13.6,20.1,29.4
2020-12-27T09:00:00Z,4.872,30.8,6.2,Broome,22.32,DAMPIER_202009_DNE,12,December,13.6,20.1,29.4
2020-12-27T10:00:00Z,5.8,30.9,6.8,Broome,24.48,DAMPIER_202009_DNE,12,December,13.6,20.1,29.4
2020-12-27T11:00:00Z,6.745,30.9,5.5,Broome,19.8,DAMPIER_202009_DNE,12,December,13.6,20.1,29.4
2020-12-27T12:00:00Z,7.526,30.8,5.4,Broome,19.44,DAMPIER_202009_DNE,12,December,13.6,20.1,29.4
2020-12-27T13:00:00Z,7.964,30.9,5.1,Broome,18.36,DAMPIER_202009_DNE,12,December,13.6,20.1,29.4
2020-12-27T14:00:00Z,7.837,31,4.2,Broome,15.120000000000001,DAMPIER_202009_DNE,12,December,13.6,20.1,29.4
2020-12-27T15:00:00Z,7.162,30.9,4.8,Broome,17.28,DAMPIER_202009_DNE,12,December,13.6,20.1,29.4
2020-12-27T16:00:00Z,6.209,30.8,3.9,Broome,14.04,DAMPIER_202009_DNE,12,December,13.6,20.1,29.4
2020-12-27T17:00:00Z,5.159,30.8,4.4,Broome,15.840000000000002,DAMPIER_202009_DNE,12,December,13.6,20.1,29.4
2020-12-27T18:00:00Z,4.168,30.7,5.7,Broome,20.52,DAMPIER_202009_DNE,12,December,13.6,20.1,29.4
2020-12-27T19:00:00Z,3.401,30.8,4.5,Broome,16.2,DAMPIER_202009_DNE,12,December,13.6,20.1,29.4
2020-12-27T20:00:00Z,3.126,30.8,3.4,Broome,12.24,DAMPIER_202009_DNE,12,December,13.6,20.1,29.4
2020-12-27T21:00:00Z,3.549,30.9,4.2,Broome,15.120000000000001,DAMPIER_202009_DNE,12,December,13.6,20.1,29.4
2020-12-27T22:00:00Z,4.485,30.8,4.1,Broome,14.76,DAMPIER_202009_DNE,12,December,13.6,20.1,29.4
2020-12-27T23:00:00Z,5.575,30.8,3.6,Broome,12.96,DAMPIER_202009_DNE,12,December,13.6,20.1,29.4
2020-12-28T00:00:00Z,6.592,30.8,2.2,Broome,7.920000000000001,DAMPIER_202009_DNE,12,December,13.6,20.1,29.4
2020-12-28T01:00:00Z,7.42,30.8,2.8,Broome,10.08,DAMPIER_202009_DNE,12,December,13.6,20.1,29.4
2020-12-28T02:00:00Z,7.753,30.8,2.8,Broome,10.08,DAMPIER_202009_DNE,12,December,13.6,20.1,29.4
2020-12-28T03:00:00Z,7.337,30.8,2.5,Broome,9,DAMPIER_202009_DNE,12,December,13.6,20.1,29.4
2020-12-28T04:00:00Z,6.485,30.9,4.8,Broome,17.28,DAMPIER_202009_DNE,12,December,13.6,20.1,29.4
2020-12-28T05:00:00Z,5.561,31.1,5.9,Broome,21.240000000000002,DAMPIER_202009_DNE,12,December,13.6,20.1,29.4
2020-12-28T06:00:00Z,4.657,31.3,6.3,Broome,22.68,DAMPIER_202009_DNE,12,December,13.6,20.1,29.4
2020-12-28T07:00:00Z,3.912,31.3,7.3,Broome,26.28,DAMPIER_202009_DNE,12,December,13.6,20.1,29.4
2020-12-28T08:00:00Z,3.626,31.2,7.7,Broome,27.720000000000002,DAMPIER_202009_DNE,12,December,13.6,20.1,29.4
2020-12-28T09:00:00Z,4.062,31.2,7,Broome,25.2,DAMPIER_202009_DNE,12,December,13.6,20.1,29.4
2020-12-28T10:00:00Z,5.066,31,6.5,Broome,23.400000000000002,DAMPIER_202009_DNE,12,December,13.6,20.1,29.4
2020-12-28T11:00:00Z,6.215,31,5.7,Broome,20.52,DAMPIER_202009_DNE,12,December,13.6,20.1,29.4
2020-12-28T12:00:00Z,7.279,31,4.8,Broome,17.28,DAMPIER_202009_DNE,12,December,13.6,20.1,29.4
2020-12-28T13:00:00Z,8.116,31,5.1,Broome,18.36,DAMPIER_202009_DNE,12,December,13.6,20.1,29.4
2020-12-28T14:00:00Z,8.436,31,3.9,Broome,14.04,DAMPIER_202009_DNE,12,December,13.6,20.1,29.4
2020-12-28T15:00:00Z,7.975,31,2.4,Broome,8.64,DAMPIER_202009_DNE,12,December,13.6,20.1,29.4
2020-12-28T16:00:00Z,6.936,30.9,11.8,Broome,42.480000000000004,DAMPIER_202009_DNE,12,December,13.6,20.1,29.4
2020-12-28T17:00:00Z,5.729,30.9,4.5,Broome,16.2,DAMPIER_202009_DNE,12,December,13.6,20.1,29.4
2020-12-28T18:00:00Z,4.549,30.8,3.6,Broome,12.96,DAMPIER_202009_DNE,12,December,13.6,20.1,29.4
2020-12-28T19:00:00Z,3.463,30.9,2.4,Broome,8.64,DAMPIER_202009_DNE,12,December,13.6,20.1,29.4
2020-12-28T20:00:00Z,2.725,30.9,3.5,Broome,12.6,DAMPIER_202009_DNE,12,December,13.6,20.1,29.4
2020-12-28T21:00:00Z,2.773,30.9,1.9,Broome,6.84,DAMPIER_202009_DNE,12,December,13.6,20.1,29.4
2020-12-28T22:00:00Z,3.641,30.9,3,Broome,10.8,DAMPIER_202009_DNE,12,December,13.6,20.1,29.4
2020-12-28T23:00:00Z,4.825,30.9,2.9,Broome,10.44,DAMPIER_202009_DNE,12,December,13.6,20.1,29.4
2020-12-29T00:00:00Z,6.058,30.9,4.5,Broome,16.2,DAMPIER_202009_DNE,12,December,13.6,20.1,29.4
2020-12-29T01:00:00Z,7.212,30.8,3.9,Broome,14.04,DAMPIER_202009_DNE,12,December,13.6,20.1,29.4
2020-12-29T02:00:00Z,8.001,30.9,2,Broome,7.2,DAMPIER_202009_DNE,12,December,13.6,20.1,29.4
2020-12-29T03:00:00Z,7.986,30.9,0.8,Broome,2.8800000000000003,DAMPIER_202009_DNE,12,December,13.6,20.1,29.4
2020-12-29T04:00:00Z,7.213,30.9,3.3,Broome,11.879999999999999,DAMPIER_202009_DNE,12,December,13.6,20.1,29.4
2020-12-29T05:00:00Z,6.222,30.9,3.4,Broome,12.24,DAMPIER_202009_DNE,12,December,13.6,20.1,29.4
2020-12-29T06:00:00Z,5.179,30.9,4,Broome,14.4,DAMPIER_202009_DNE,12,December,13.6,20.1,29.4
2020-12-29T07:00:00Z,4.145,30.9,3.6,Broome,12.96,DAMPIER_202009_DNE,12,December,13.6,20.1,29.4
2020-12-29T08:00:00Z,3.385,31,2.6,Broome,9.360000000000001,DAMPIER_202009_DNE,12,December,13.6,20.1,29.4
2020-12-29T09:00:00Z,3.288,31.1,2.1,Broome,7.5600000000000005,DAMPIER_202009_DNE,12,December,13.6,20.1,29.4
2020-12-29T10:00:00Z,4.108,31,0.9,Broome,3.24,DAMPIER_202009_DNE,12,December,13.6,20.1,29.4
2020-12-29T11:00:00Z,5.393,31,0,Broome,0,DAMPIER_202009_DNE,12,December,13.6,20.1,29.4
2020-12-29T12:00:00Z,6.715,30.9,1.9,Broome,6.84,DAMPIER_202009_DNE,12,December,13.6,20.1,29.4
2020-12-29T13:00:00Z,7.895,30.9,2.6,Broome,9.360000000000001,DAMPIER_202009_DNE,12,December,13.6,20.1,29.4
2020-12-29T14:00:00Z,8.667,30.9,1.8,Broome,6.48,DAMPIER_202009_DNE,12,December,13.6,20.1,29.4
2020-12-29T15:00:00Z,8.672,30.9,2.1,Broome,7.5600000000000005,DAMPIER_202009_DNE,12,December,13.6,20.1,29.4
2020-12-29T16:00:00Z,7.807,30.9,2.4,Broome,8.64,DAMPIER_202009_DNE,12,December,13.6,20.1,29.4
2020-12-29T17:00:00Z,6.582,30.9,3.2,Broome,11.520000000000001,DAMPIER_202009_DNE,12,December,13.6,20.1,29.4
2020-12-29T18:00:00Z,5.251,30.9,4,Broome,14.4,DAMPIER_202009_DNE,12,December,13.6,20.1,29.4
2020-12-29T19:00:00Z,3.901,30.9,3.8,Broome,13.68,DAMPIER_202009_DNE,12,December,13.6,20.1,29.4
2020-12-29T20:00:00Z,2.749,30.9,4.2,Broome,15.120000000000001,DAMPIER_202009_DNE,12,December,13.6,20.1,29.4
2020-12-29T21:00:00Z,2.204,30.9,4.1,Broome,14.76,DAMPIER_202009_DNE,12,December,13.6,20.1,29.4
2020-12-29T22:00:00Z,2.754,31,4.7,Broome,16.92,DAMPIER_202009_DNE,12,December,13.6,20.1,29.4
2020-12-29T23:00:00Z,3.99,30.9,2.7,Broome,9.72,DAMPIER_202009_DNE,12,December,13.6,20.1,29.4
2020-12-30T00:00:00Z,5.345,30.9,2.8,Broome,10.08,DAMPIER_202009_DNE,12,December,13.6,20.1,29.4
2020-12-30T01:00:00Z,6.733,30.9,4.5,Broome,16.2,DAMPIER_202009_DNE,12,December,13.6,20.1,29.4
2020-12-30T02:00:00Z,7.935,30.9,4.5,Broome,16.2,DAMPIER_202009_DNE,12,December,13.6,20.1,29.4
2020-12-30T03:00:00Z,8.475,30.9,3,Broome,10.8,DAMPIER_202009_DNE,12,December,13.6,20.1,29.4
2020-12-30T04:00:00Z,8.002,31,3.6,Broome,12.96,DAMPIER_202009_DNE,12,December,13.6,20.1,29.4
2020-12-30T05:00:00Z,6.958,31.2,5.9,Broome,21.240000000000002,DAMPIER_202009_DNE,12,December,13.6,20.1,29.4
2020-12-30T06:00:00Z,5.79,31.4,6.1,Broome,21.96,DAMPIER_202009_DNE,12,December,13.6,20.1,29.4
2020-12-30T07:00:00Z,4.575,31.5,6.8,Broome,24.48,DAMPIER_202009_DNE,12,December,13.6,20.1,29.4
2020-12-30T08:00:00Z,3.53,31.6,4.8,Broome,17.28,DAMPIER_202009_DNE,12,December,13.6,20.1,29.4
2020-12-30T09:00:00Z,2.963,31.6,5,Broome,18,DAMPIER_202009_DNE,12,December,13.6,20.1,29.4
2020-12-30T10:00:00Z,3.332,31.4,5.7,Broome,20.52,DAMPIER_202009_DNE,12,December,13.6,20.1,29.4
2020-12-30T11:00:00Z,4.541,31.2,4.8,Broome,17.28,DAMPIER_202009_DNE,12,December,13.6,20.1,29.4
2020-12-30T12:00:00Z,5.969,31.2,5.2,Broome,18.720000000000002,DAMPIER_202009_DNE,12,December,13.6,20.1,29.4
2020-12-30T13:00:00Z,7.392,31.2,4.6,Broome,16.56,DAMPIER_202009_DNE,12,December,13.6,20.1,29.4
2020-12-30T14:00:00Z,8.583,31.1,3.5,Broome,12.6,DAMPIER_202009_DNE,12,December,13.6,20.1,29.4
2020-12-30T15:00:00Z,9.087,31,3.2,Broome,11.520000000000001,DAMPIER_202009_DNE,12,December,13.6,20.1,29.4
2020-12-30T16:00:00Z,8.625,31.1,3.2,Broome,11.520000000000001,DAMPIER_202009_DNE,12,December,13.6,20.1,29.4
2020-12-30T17:00:00Z,7.433,31.1,3.8,Broome,13.68,DAMPIER_202009_DNE,12,December,13.6,20.1,29.4
2020-12-30T18:00:00Z,6.013,31.1,4.9,Broome,17.64,DAMPIER_202009_DNE,12,December,13.6,20.1,29.4
2020-12-30T19:00:00Z,4.536,31,4.5,Broome,16.2,DAMPIER_202009_DNE,12,December,13.6,20.1,29.4
2020-12-30T20:00:00Z,3.167,31.1,3.2,Broome,11.520000000000001,DAMPIER_202009_DNE,12,December,13.6,20.1,29.4
2020-12-30T21:00:00Z,2.155,31.2,2.3,Broome,8.28,DAMPIER_202009_DNE,12,December,13.6,20.1,29.4
2020-12-30T22:00:00Z,2.065,31.3,3.1,Broome,11.16,DAMPIER_202009_DNE,12,December,13.6,20.1,29.4
2020-12-30T23:00:00Z,3.093,-9999,3.5,Broome,12.6,DAMPIER_202009_DNE,12,December,13.6,20.1,29.4
2020-12-31T00:00:00Z,4.521,-9999,3.9,Broome,14.04,DAMPIER_202009_DNE,12,December,13.6,20.1,29.4
2020-12-31T01:00:00Z,6.011,-9999,3.2,Broome,11.520000000000001,DAMPIER_202009_DNE,12,December,13.6,20.1,29.4
2020-12-31T02:00:00Z,7.443,-9999,3.5,Broome,12.6,DAMPIER_202009_DNE,12,December,13.6,20.1,29.4
2020-12-31T03:00:00Z,8.486,-9999,5.1,Broome,18.36,DAMPIER_202009_DNE,12,December,13.6,20.1,29.4
2020-12-31T04:00:00Z,8.553,-9999,5.7,Broome,20.52,DAMPIER_202009_DNE,12,December,13.6,20.1,29.4
2020-12-31T05:00:00Z,7.663,-9999,4.2,Broome,15.120000000000001,DAMPIER_202009_DNE,12,December,13.6,20.1,29.4
2020-12-31T06:00:00Z,6.461,-9999,5.6,Broome,20.16,DAMPIER_202009_DNE,12,December,13.6,20.1,29.4
2020-12-31T07:00:00Z,5.199,-9999,6.2,Broome,22.32,DAMPIER_202009_DNE,12,December,13.6,20.1,29.4
2020-12-31T08:00:00Z,3.964,-9999,9.6,Broome,34.56,DAMPIER_202009_DNE,12,December,13.6,20.1,29.4
2020-12-31T09:00:00Z,2.943,-9999,9,Broome,32.4,DAMPIER_202009_DNE,12,December,13.6,20.1,29.4
2020-12-31T10:00:00Z,2.649,-9999,2.5,Broome,9,DAMPIER_202009_DNE,12,December,13.6,20.1,29.4
2020-12-31T11:00:00Z,3.56,-9999,4,Broome,14.4,DAMPIER_202009_DNE,12,December,13.6,20.1,29.4
2020-12-31T12:00:00Z,5.081,-9999,3.4,Broome,12.24,DAMPIER_202009_DNE,12,December,13.6,20.1,29.4
2020-12-31T13:00:00Z,6.675,-9999,3.7,Broome,13.32,DAMPIER_202009_DNE,12,December,13.6,20.1,29.4
2020-12-31T14:00:00Z,8.153,-9999,4.1,Broome,14.76,DAMPIER_202009_DNE,12,December,13.6,20.1,29.4
2020-12-31T15:00:00Z,9.112,-9999,4.3,Broome,15.48,DAMPIER_202009_DNE,12,December,13.6,20.1,29.4
2020-12-31T16:00:00Z,9.146,-9999,6.5,Broome,23.400000000000002,DAMPIER_202009_DNE,12,December,13.6,20.1,29.4
2020-12-31T17:00:00Z,8.201,-9999,5.7,Broome,20.52,DAMPIER_202009_DNE,12,December,13.6,20.1,29.4
2020-12-31T18:00:00Z,6.806,-9999,5.8,Broome,20.88,DAMPIER_202009_DNE,12,December,13.6,20.1,29.4
2020-12-31T19:00:00Z,5.319,-9999,6.1,Broome,21.96,DAMPIER_202009_DNE,12,December,13.6,20.1,29.4
2020-12-31T20:00:00Z,3.817,-9999,6.7,Broome,24.12,DAMPIER_202009_DNE,12,December,13.6,20.1,29.4
2020-12-31T21:00:00Z,2.526,-9999,7.5,Broome,27,DAMPIER_202009_DNE,12,December,13.6,20.1,29.4
2020-12-31T22:00:00Z,1.819,-9999,5.6,Broome,20.16,DAMPIER_202009_DNE,12,December,13.6,20.1,29.4
2020-12-31T23:00:00Z,2.273,-9999,4.3,Broome,15.48,DAMPIER_202009_DNE,12,December,13.6,20.1,29.4
