dep,CGMP_201807_CG_7_day,CGMP_201807_CG_7_night,CGMP_201807_CG_7_twilight,CGMP_201812_CG_12_day,CGMP_201812_CG_12_night,CGMP_201812_CG_12_twilight,CGMP_201812_CG_1_day,CGMP_201812_CG_1_night,CGMP_201812_CG_1_twilight,CGMP_201812_CG_2_day,CGMP_201812_CG_2_night,CGMP_201812_CG_2_twilight,CGMP_201904_CG_5_day,CGMP_201904_CG_5_night,CGMP_201904_CG_5_twilight,CGMP_201904_CG_6_day,CGMP_201904_CG_6_night,CGMP_201904_CG_6_twilight,DAMPIER_202009_DNE_10_day,DAMPIER_202009_DNE_10_night,DAMPIER_202009_DNE_10_twilight,DAMPIER_202009_DNE_9_day,DAMPIER_202009_DNE_9_night,DAMPIER_202009_DNE_9_twilight,GEOGRAPHE_202201_GEO_1_day,GEOGRAPHE_202201_GEO_1_night,GEOGRAPHE_202201_GEO_1_twilight,GEOGRAPHE_202201_GEO_2_day,GEOGRAPHE_202201_GEO_2_night,GEOGRAPHE_202201_GEO_2_twilight,GEOGRAPHE_202201_GEO_3_day,GEOGRAPHE_202201_GEO_3_night,GEOGRAPHE_202201_GEO_3_twilight,JURIEN_202201_JNE_1_day,JURIEN_202201_JNE_1_night,JURIEN_202201_JNE_1_twilight,JURIEN_202201_JNE_2_day,JURIEN_202201_JNE_2_night,JURIEN_202201_JNE_2_twilight,MURAT_202002_MRE_2_day,MURAT_202002_MRE_2_night,MURAT_202002_MRE_2_twilight,MURAT_202002_MRE_3_day,MURAT_202002_MRE_3_night,MURAT_202002_MRE_3_twilight,MURAT_202002_MRE_4_day,MURAT_202002_MRE_4_night,MURAT_202002_MRE_4_twilight,NINGALOO_201909_NGN_10_day,NINGALOO_201909_NGN_10_night,NINGALOO_201909_NGN_10_twilight,NINGALOO_201909_NGN_11_day,NINGALOO_201909_NGN_11_night,NINGALOO_201909_NGN_11_twilight,SIMP_201808_WP_8_day,SIMP_201808_WP_8_night,SIMP_201808_WP_8_twilight,SIMP_201812_WP_12_day,SIMP_201812_WP_12_night,SIMP_201812_WP_12_twilight,SIMP_201906_WP_6_day,SIMP_201906_WP_6_night,SIMP_201906_WP_6_twilight,SIMP_201906_WP_7_day,SIMP_201906_WP_7_night,SIMP_201906_WP_7_twilight,SWC_202201_SWS_2_day,SWC_202201_SWS_2_night,SWC_202201_SWS_2_twilight,SWC_202201_SWS_3_day,SWC_202201_SWS_3_night,SWC_202201_SWS_3_twilight,TWOROCKS_202105_TRW_5_day,TWOROCKS_202105_TRW_5_night,TWOROCKS_202105_TRW_5_twilight,TWOROCKS_202105_TRW_6_day,TWOROCKS_202105_TRW_6_night,TWOROCKS_202105_TRW_6_twilight,TWOROCKS_202105_TRW_7_day,TWOROCKS_202105_TRW_7_night,TWOROCKS_202105_TRW_7_twilight
CGMP_201807_CG_7_day,0,0.012388153710382415,0.005651408853976256,0.007808636024124112,0.008844657584277093,0.0077636418076228,0.004791541166490208,0.007874152576032878,0.006992138956013642,0.005974236347257582,0.010647006394311044,0.008803500417282376,0.0059068270387600845,0.010880507980642705,0.008201021891333357,0.011967463021112675,0.015078018971016526,0.012313645510013311,0.019095744764611858,0.018876689274761247,0.019498161699785934,0.02608723898475245,0.02044419386337116,0.022081183698515666,0.020523198164100153,0.0249235571454331,0.02103314872738621,0.02229890762357198,0.03319185953404754,0.028841780324345746,0.02449052176929339,0.04137999731739273,0.03383499654808693,0.05927686375913028,0.05928779036343377,0.06056085903026296,0.058205657962565556,0.058711098201770603,0.06020087600467666,0.02121597445100966,0.02239979019264119,0.028403724541055105,0.02242499935842411,0.02312472073142738,0.03200345637135455,0.020267559905674547,0.01951169888894113,0.028674631540815253,0.04502336763821628,0.05120579680262756,0.059993833372313364,0.03969565743847961,0.04885854679568349,0.05377051597795583,0.015590896167974636,0.015379880080096437,0.012121732346601055,0.028958605088561004,0.027770069116283633,0.020760487609458853,0.012264223427259581,0.012640557095405004,0.010839706302036976,0.01193216470585248,0.011896538085107421,0.008699581413672797,0.057838056795137156,0.05677000208769234,0.056483157112789076,0.055994762234654466,0.054955434480599336,0.0566693797271722,0.020150004066533365,0.017708394324725606,0.01807346644832867,0.02068803407905067,0.016896731471335903,0.017849078916583952,0.028784157940971306,0.023394715138303032,0.022272022848653695
CGMP_201807_CG_7_night,0.012388153710382415,0,0.008118244377516622,0.012330178262424055,0.013004902142300927,0.012802418060626092,0.014442839117191526,0.017795649343365492,0.015028815870811993,0.016742955785047534,0.019619985554410645,0.017235628354080566,0.015343928465290996,0.010594268912627674,0.014476631521778804,0.01034343883216443,0.008095232924617416,0.008660140546372196,0.020648030210264817,0.018359484105709922,0.019231098866570394,0.02766391637431256,0.021404558235559677,0.024588064282453415,0.021431823424698276,0.02790945193403331,0.023992344369630957,0.026094248997069587,0.03663631931892114,0.03271001650825537,0.027756134599363255,0.04453688247736508,0.03728053452826541,0.050982993769912,0.0509412741678248,0.05212482200046682,0.050129370729192275,0.050639924476559184,0.05205029050335206,0.015662374971730585,0.016583593233200536,0.02281959038183227,0.016990854492166245,0.017252175414414327,0.026298606625032025,0.016480027331681794,0.01498962508507169,0.023913679987949105,0.036987328500074926,0.04315199762462418,0.05325007521723917,0.033302344795872636,0.04130095498443879,0.04823657908880901,0.019735323467477153,0.019889134605200476,0.015264543197723641,0.0375622486967859,0.036321371105628046,0.021127161816052842,0.02104245809924927,0.021487261291070273,0.018018561243934476,0.018245675139251388,0.01792525170074516,0.012720251805699006,0.049488658299447943,0.04827611396646793,0.04792204089412683,0.04760971335498953,0.04641159258829345,0.04812712620318962,0.015920073933927584,0.016707395953135397,0.018288856845334357,0.018054309863920984,0.01777793352300677,0.018333913137878223,0.022602484432653145,0.01769516421957587,0.016744599144669865
CGMP_201807_CG_7_twilight,0.005651408853976256,0.008118244377516622,0,0.008233522640423572,0.007686520517131073,0.006645883911176842,0.007205915317427386,0.010221569967396094,0.007389491680244188,0.00945656258017959,0.012406383728820747,0.009984012950089738,0.008578688535300423,0.007980706326816245,0.007290030510973364,0.010881586972120508,0.011414940476955885,0.009439788594785661,0.01857759101962132,0.017048444713136664,0.01760198187710803,0.02621321539660988,0.019594878478612982,0.022309744882789372,0.020847094669187705,0.024903187371204113,0.0210665135398346,0.023035093168306976,0.033539060406081705,0.029389818980420073,0.02488251472872279,0.041812022215027556,0.03409136384159464,0.05768348957807003,0.05764678679652148,0.05887810495299315,0.056787671535212414,0.05731402534951593,0.05877311271747336,0.020373844767221507,0.02128495408896827,0.02710171917632764,0.021526447113359586,0.021974127735567957,0.030661479647859917,0.01976650779788423,0.0186369409351899,0.027883432756274022,0.043343054254006995,0.04927199038328899,0.057661248970693864,0.03813072364740933,0.047018145398029045,0.05224005004358781,0.017164665714205784,0.016836923631153154,0.013058525289180315,0.03220417606512594,0.030968138030414226,0.019074471431983587,0.015646190208637573,0.015869549375119942,0.01279837275649086,0.014687916045871193,0.014182781029649701,0.009428669896573084,0.056210078390389814,0.05505076506044318,0.05473184793066834,0.05435173129857699,0.053187955586997085,0.05492846374186656,0.019317734418166744,0.0168955534469347,0.018234500108577932,0.020801340496157946,0.017495656538077223,0.01834029160576873,0.027866020442507435,0.022526852639684108,0.021390245789940313
CGMP_201812_CG_1_day,0.004791541166490208,0.014442839117191526,0.007205915317427386,0.0064204313419681785,0.005722147844815731,0.0051019768883051875,0,0.005921216137443903,0.005201496165811805,0.0037650121878310227,0.009226553199018191,0.007468454568324607,0.004784911065773352,0.009494871077933776,0.0057699236360166705,0.012572157671811036,0.015767828999134464,0.012722116616628793,0.01609688632621361,0.015809724097660557,0.016067095436386583,0.024011786897182526,0.018419513168140323,0.019461983916441578,0.022203925943043306,0.025453246239598628,0.022264969695759588,0.023295096097840952,0.03317999839589832,0.028889921442237954,0.02568061259137441,0.04148653575266923,0.033812168227825956,0.059912138517859155,0.05993657124055716,0.06124205940589821,0.05893544321716738,0.05947330381594625,0.06093233542342691,0.021394596419025736,0.022371018277585166,0.028549736358944446,0.02275636919664437,0.02318652816285113,0.03245482832526112,0.021219275810257232,0.020001466259566676,0.029214664573551194,0.04552213494198066,0.05172359743833336,0.060554640016505686,0.04010930411418377,0.04922375260123072,0.05400893955822473,0.016730394480083403,0.016277735114612113,0.01334366359191962,0.028584570165041814,0.027236381935861007,0.02139526885063444,0.013355129126189837,0.012964988635518978,0.012249486809175179,0.013427073360741665,0.013196424123202426,0.010092025165237462,0.05855176624681876,0.05755750126463573,0.05731995078014524,0.056721850206153064,0.05577984850213679,0.05748707949238626,0.021816825696885058,0.01799629512200913,0.018259693716427286,0.02247534381803415,0.017155002117980045,0.018296289484120903,0.029647109436210198,0.024710517517324275,0.023606132878509253
CGMP_201812_CG_1_night,0.007874152576032878,0.017795649343365492,0.010221569967396094,0.011947292663301343,0.007747605827041215,0.00819311629403931,0.005921216137443903,0,0.003656590461599665,0.007016825653343855,0.006604385203474728,0.006616903643644413,0.008292051136462874,0.01061783941154293,0.0070067255659494706,0.017778869894061654,0.01989411300623692,0.017282481057027572,0.018722731072966958,0.018646285522892186,0.017456154454147495,0.02714101046545255,0.02186484961848232,0.022264664693107922,0.022514612829128984,0.022772338190383587,0.02123160123081885,0.022421026728588884,0.02853635425721749,0.025168376638091905,0.024565433278152166,0.035750096967357,0.02922526110910959,0.06516189293731497,0.06518706221391568,0.06647125470320939,0.064096293771849,0.06462043084166973,0.06609191755857044,0.025986705365137284,0.02732493160922235,0.032235442260541564,0.02710330011634645,0.028058150509689635,0.035267887353973765,0.024204149711067928,0.02326395211675837,0.03145657026589841,0.05084173336551502,0.057120835390869394,0.06584107145953293,0.04560885249684484,0.054789516298601224,0.058976976819121146,0.019370448116137425,0.018145931643164876,0.015224696124614289,0.023979437984096946,0.022769495920847642,0.019685111512302494,0.013831004654406386,0.012579860236035316,0.012549932694331696,0.016234464900668894,0.016100179601725596,0.012154024260403492,0.06372386227480001,0.06272977452515444,0.06248149804586052,0.06189539766933005,0.06093892593501749,0.06264694184030034,0.02359685123212415,0.019213962511655587,0.019359566747631632,0.024121202890877377,0.018236557954318566,0.019283536965122305,0.03404602576111464,0.02858375373821464,0.027259856579857147
CGMP_201812_CG_1_twilight,0.006992138956013642,0.015028815870811993,0.007389491680244188,0.01035406545278374,0.006342057213837513,0.00643873847444835,0.005201496165811805,0.003656590461599665,0,0.006589093591436674,0.007862267366921145,0.005440298248126304,0.007994485233095691,0.009025385248295189,0.004923382693029163,0.015858394486729415,0.017485512489981443,0.01514416998000413,0.018769736125821,0.017863355149103335,0.01756026774811594,0.027219633282748703,0.02113843930946316,0.022575287107080535,0.02166035737732969,0.022279849344372694,0.020684053789656008,0.022041946520464373,0.029013799015966096,0.025238653245566765,0.024119318590020387,0.03701475143903801,0.02968026876323017,0.06337706718917266,0.06336468427977962,0.06463776688699184,0.06242524093145435,0.0629567277043733,0.06441953967309573,0.0242969119840953,0.025496521516484186,0.030970388674989045,0.025456391424836387,0.026226632378451457,0.03430448848302362,0.023169046984600677,0.02214563188100878,0.030812102388930455,0.04900186270730306,0.05509394137179958,0.06374309531475046,0.04378518102520063,0.05284849032796403,0.057123703508756216,0.018460169561492604,0.01728809411992413,0.014419692809932792,0.02646354369701402,0.0251871434867276,0.018395020277066288,0.01400499064778642,0.01290978320183141,0.011784570093287735,0.016187077850592035,0.015572201279967076,0.0113931236005116,0.06195013510544183,0.060899166165747386,0.06062973084374181,0.060121900924061306,0.059098804364220006,0.06082546870217153,0.022864125675280553,0.01845348777770738,0.018838032964734287,0.023462473095921456,0.01789455916204274,0.019045125858648412,0.03251372715838183,0.027088422531046544,0.025786144810420294
CGMP_201812_CG_12_day,0.007808636024124112,0.012330178262424055,0.008233522640423572,0,0.005810267301525236,0.005208822864892327,0.0064204313419681785,0.011947292663301343,0.01035406545278374,0.008510148615572864,0.013958805433588975,0.012247696763619116,0.008546535319539592,0.009953311294883168,0.01009598676396924,0.00813165022380799,0.012072596176729707,0.008783683084536191,0.013806540748793377,0.01274553474943699,0.014400261588638854,0.021406170371276952,0.01515736650588165,0.016859219487519592,0.02321160644586701,0.02946463375253882,0.025326381034539738,0.02630966088915258,0.038486988882859265,0.03407359968247127,0.02866189358181808,0.046804910539492615,0.039079039026666616,0.05461446448979005,0.05462298295318092,0.05602665360078289,0.053441245304264695,0.05374303256484435,0.05538697417066614,0.01795023007124884,0.018355895510020252,0.025319417509242863,0.019731224104170452,0.019309652979352745,0.02966848036169159,0.01895227269708198,0.01720894226342688,0.02735602604821386,0.040266891854750915,0.04632723818599562,0.05569886153399268,0.03466718034644127,0.04396902379721595,0.0494889964994502,0.019048502189382525,0.0187825914039882,0.015338191376907043,0.03430650931643292,0.03282430248231262,0.023955561640120145,0.017550128760716488,0.017598121277188582,0.01652682007777641,0.015273724073182567,0.015104802023923588,0.011795933827504934,0.053463390661799996,0.052623922587160664,0.05248013083947237,0.05166121866681428,0.05100798568461262,0.0525997056366096,0.019334722562983856,0.017064317174077533,0.018326983926217538,0.020422007034788813,0.017571587554078606,0.018674209850121717,0.02554155787532236,0.021221907683216502,0.020178188278977868
CGMP_201812_CG_12_night,0.008844657584277093,0.013004902142300927,0.007686520517131073,0.005810267301525236,0,0.0023662224019066983,0.005722147844815731,0.007747605827041215,0.006342057213837513,0.00835751857055202,0.012279133835678534,0.010281399772706968,0.00912045393666472,0.006246767893794601,0.007367305170616237,0.011154931884033025,0.014032396365772276,0.011180704443257953,0.015009574477050331,0.013160760765603768,0.013070458228672898,0.02326080236251603,0.0172834070790072,0.01828099426054674,0.021506200327589698,0.024924086370580915,0.022644399371833917,0.023525889397326628,0.03327767822945541,0.028911756129167566,0.025823572822913525,0.04158075856218444,0.033812020046918814,0.05836057046818178,0.05841840999376885,0.05977370749811899,0.05718543005785749,0.05751710203016485,0.059181690547991925,0.020096901239722537,0.02106419871538106,0.026188993428761364,0.021428666878022286,0.021940286121645624,0.029883614264847324,0.01939133980306936,0.01778937516998171,0.026827677386897206,0.044006474650480513,0.050281799351448477,0.058992549294755676,0.038542186952252165,0.04786141502461872,0.05229952056549365,0.020071218257120573,0.019117512084384503,0.01585664438920005,0.030403203782465717,0.029045911306172522,0.019685965749828366,0.01610955056730341,0.015178864975025484,0.014557390118926778,0.016720230548521158,0.016526626171875444,0.012264201737791657,0.057165232550540575,0.05622807761767871,0.056032487937043345,0.05534841888576476,0.05449624872809148,0.056191378908631795,0.01903629801020363,0.015124613684215856,0.01629642867168242,0.020212557892801953,0.01582694084586543,0.0169882547149664,0.027913100312238353,0.02278721813042322,0.021560858761416012
CGMP_201812_CG_12_twilight,0.0077636418076228,0.012802418060626092,0.006645883911176842,0.005208822864892327,0.0023662224019066983,0,0.0051019768883051875,0.00819311629403931,0.00643873847444835,0.007264116753409397,0.011758573090076685,0.009660167389441697,0.007674822103251339,0.006927427978559682,0.006994575666190125,0.010919355245254949,0.01362453997503822,0.010758072533926067,0.015834197574848902,0.014047894866185023,0.014590349112498863,0.023565205286444284,0.017429197797785383,0.018793522287839783,0.021822996049702177,0.02537873418358762,0.022696828407472225,0.023663211642139283,0.03408763191431736,0.029744305523932625,0.025919415437360857,0.04239083777802571,0.034626898547612056,0.058352908562675915,0.05841171658410736,0.059785044734275386,0.05721946054720275,0.05751171316633792,0.059192692424071366,0.020526119874620576,0.02132135012376882,0.027365510186513828,0.02204524254677848,0.022212563630893203,0.031082516721606276,0.020263900167131945,0.0187686829412781,0.02797247236447236,0.044014585288613926,0.05020090327178313,0.05885399763400541,0.03837402095905913,0.04768643809056207,0.05223077626260703,0.019121677557728325,0.018358129876288095,0.015115172934735736,0.031404275999333355,0.030044231325176425,0.02005927404704578,0.015735388693072706,0.015352378830511977,0.014242715393962673,0.01619614915213331,0.015635638121254868,0.011667766519738058,0.05721363075227687,0.056293361456123236,0.05610524525687696,0.05540273695141163,0.05458994953729694,0.05626459422046759,0.019657395892948647,0.015757866090624403,0.01679649361478315,0.020854793377941196,0.016210039962786336,0.01756665652331828,0.02822445503251629,0.023149394333495648,0.02190361239241128
CGMP_201812_CG_2_day,0.005974236347257582,0.016742955785047534,0.00945656258017959,0.008510148615572864,0.00835751857055202,0.007264116753409397,0.0037650121878310227,0.007016825653343855,0.006589093591436674,0,0.0062111235709123025,0.005690882039171777,0.004280507031829234,0.011661334682712974,0.006576424926251334,0.014172722168422016,0.017783176737998226,0.014524546523940658,0.017697755912058567,0.018332482949572435,0.018472458619837633,0.02327897505681346,0.01913116130238009,0.019062754190328796,0.024538040150900636,0.0266931196830509,0.023897247152060163,0.024819607676382974,0.03372591821574626,0.029609181711855826,0.027005624390524424,0.04197840608669909,0.034395651625267254,0.06194828059399518,0.062017187828485885,0.06332427774001284,0.060617640038840126,0.06091827409582923,0.0626705201404151,0.02423711842964007,0.02514222637116823,0.031813207578548275,0.025711818304276945,0.025995542243071802,0.03572715253590262,0.02413222970989848,0.023029396370658463,0.0323050870521582,0.047595836948051654,0.05390243333700641,0.06283626393714822,0.04192402733744543,0.051098075074829975,0.056652136570299286,0.015435215334612243,0.014936175383778016,0.012321129574476982,0.028160804885302745,0.026790113921708197,0.023168362570513308,0.01235843644501299,0.01196977014309462,0.01135657970555298,0.01200988051573299,0.012000069695104244,0.010430683630966654,0.060479101486179784,0.05954139857391317,0.05931884095203245,0.05865884209820068,0.05778314441497749,0.05946759281830874,0.024284388609207425,0.020235773709877385,0.02036315196138348,0.024878780254589245,0.019141205363959933,0.020321546059798544,0.03180290028402521,0.026989999662505114,0.025956939134310783
CGMP_201812_CG_2_night,0.010647006394311044,0.019619985554410645,0.012406383728820747,0.013958805433588975,0.012279133835678534,0.011758573090076685,0.009226553199018191,0.006604385203474728,0.007862267366921145,0.0062111235709123025,0,0.0039037372473458825,0.009584005559387475,0.014942654907847927,0.009472367330456994,0.019531653060767252,0.021667525653431604,0.01894665127708243,0.020455221635076754,0.02117530911539873,0.020691688456205004,0.025027256038967653,0.021320863833318313,0.021638658999443564,0.028960870224793326,0.027692275038423364,0.0270579714959909,0.028118884063746612,0.032401755636660354,0.029559820794384378,0.029697631814887816,0.03926685518909607,0.03330495962623155,0.06624451900772488,0.06627867458669721,0.06755825268001085,0.06503840482653496,0.06548843239743732,0.06704966485865667,0.029866555828834122,0.030651695886601084,0.0372115066580525,0.03131236551749348,0.03143748773352094,0.04102137647462417,0.029543581958989283,0.028290597715558842,0.037546811295293726,0.051872215199745296,0.058060888589846725,0.06738425293056001,0.046680158833349375,0.05561041551609486,0.061719907969938564,0.01651876793358116,0.015130795421969559,0.013316307309847506,0.026174759357637307,0.024829320457948143,0.025091331288196916,0.014222680793934106,0.012771170078515744,0.011933860100895692,0.014532420933973857,0.013728347159620341,0.013394144511977487,0.06479173019844178,0.06380894248766372,0.06357122756941917,0.0629639582547167,0.06209406547431166,0.06372819201260999,0.02970844329939233,0.02534345997517989,0.02550992888875291,0.03025210553483316,0.024193050898122646,0.025417988013647842,0.037356910667032686,0.032544360701807926,0.03159737632422695
CGMP_201812_CG_2_twilight,0.008803500417282376,0.017235628354080566,0.009984012950089738,0.012247696763619116,0.010281399772706968,0.009660167389441697,0.007468454568324607,0.006616903643644413,0.005440298248126304,0.005690882039171777,0.0039037372473458825,0,0.008615627969404415,0.01265252562175418,0.007114958696944846,0.017353240223958146,0.019157929786651276,0.016623096260081602,0.01945642885505535,0.020195985814636674,0.019914941897167155,0.024567022295457718,0.020281731708911743,0.02104498121021502,0.026597473658892055,0.025860946701831755,0.024917409779371087,0.02604049997087891,0.03201513831494581,0.028292554647699267,0.027777675685974217,0.039772658693423196,0.03273965294997391,0.06454761564159063,0.06457781420241979,0.06585086184713378,0.06339116808214804,0.06384009816687967,0.06539421014890272,0.027837633833240564,0.028710331356243034,0.03521323265578416,0.029276022881383486,0.029509118867573757,0.03898842462930662,0.027395576507896646,0.02624207958900444,0.03556408142745624,0.05017584784491834,0.056344938724161776,0.06530959458546344,0.04478320270861423,0.053632009352087305,0.05957534165253477,0.016835352862789824,0.015475168413530102,0.01350947698390557,0.027941485771216187,0.026562138695332596,0.02241663829486885,0.014288815659542195,0.013053549111884711,0.012041813514154218,0.015027164624316611,0.014123854030018866,0.011632457946784427,0.06307330672034074,0.06208567797268552,0.06183054652099656,0.061245317563551935,0.060288630021147524,0.062000985005862416,0.0275308764679689,0.023127840642646204,0.023348122894223954,0.028047056857841722,0.022082220224858246,0.023315331989944132,0.03524263202857732,0.03041683239353146,0.029440601300753044
CGMP_201904_CG_5_day,0.0059068270387600845,0.015343928465290996,0.008578688535300423,0.008546535319539592,0.00912045393666472,0.007674822103251339,0.004784911065773352,0.008292051136462874,0.007994485233095691,0.004280507031829234,0.009584005559387475,0.008615627969404415,0,0.010200036021132739,0.005931411100512602,0.0109299016512374,0.015272751269830747,0.011754570245414559,0.017956840726983305,0.018053971824650152,0.018783678634762147,0.024144931367492004,0.019557248020723696,0.019138190542471126,0.023890665140349647,0.026797792653808935,0.023697215466816048,0.02449177448502737,0.03472644199701725,0.030334685803281993,0.026717745722863475,0.042998865180365164,0.035384594020786184,0.06048766738329642,0.060603030567637856,0.06191840006176662,0.05886884551503625,0.059147828368728964,0.06099922076890813,0.02257191899412707,0.023433086871262478,0.03095859913827689,0.024162131919443608,0.024620160522799642,0.03478320864669481,0.022161122836208826,0.02131695761475877,0.030828918858866208,0.045940780304534,0.05260639742689125,0.06190102350076653,0.04014626735469797,0.04950853034516661,0.05542111324689685,0.01656513828954694,0.01599097566601,0.013115562476216541,0.029847558735025682,0.028614004413669177,0.023216691283902028,0.013137002197315352,0.013548014013869843,0.012016836979738316,0.012736892754949193,0.01292149750081893,0.010663838798291263,0.05866853940248098,0.05805025438690992,0.05794823159276077,0.056911306782816695,0.05638924501287612,0.057952663237301916,0.022132220096259456,0.018481780757549988,0.01860343507147665,0.02281365235069627,0.017423086140218102,0.018638397430590484,0.029200739107263386,0.02435789776944776,0.023312656552095107
CGMP_201904_CG_5_night,0.010880507980642705,0.010594268912627674,0.007980706326816245,0.009953311294883168,0.006246767893794601,0.006927427978559682,0.009494871077933776,0.01061783941154293,0.009025385248295189,0.011661334682712974,0.014942654907847927,0.01265252562175418,0.010200036021132739,0,0.006442883413920132,0.012113554373318118,0.01093517141564653,0.010528008027494108,0.017461945983856732,0.015761074058329563,0.015327931897938823,0.025787991938656427,0.020464882295281858,0.02055635409246616,0.020382910426879647,0.023321360277669095,0.021431211215546815,0.022616009616034063,0.03177285330042256,0.02768815834794681,0.02464152604699905,0.03994797527045964,0.03230491233034932,0.05840500734182961,0.05848484071828265,0.05975908756393054,0.05699741211664444,0.05746864013568602,0.059065048342722554,0.01955747540315432,0.020438988317551483,0.026561481896737616,0.02101315312103944,0.021533011549940105,0.0298561700673202,0.01924635381850355,0.017701052848778494,0.025988995728928346,0.043967038613834976,0.05048819531400298,0.05921542313374596,0.03836811804847091,0.04760753719074916,0.052400163343332744,0.022693871306884716,0.021727073714975783,0.018238038411146004,0.031969067982036546,0.03110994728361089,0.018549366592865893,0.017483223483015786,0.016978470232295186,0.01587452387765279,0.018725159197549458,0.018911737885303773,0.014061520920800628,0.05655110859152218,0.05583365382356485,0.05571063555899043,0.05475488601963262,0.054155289233481146,0.05574015716464101,0.017438035839443717,0.01419585359292022,0.01545870580776643,0.019253785938754805,0.01472957031270169,0.015823923813339042,0.027410224359562665,0.022072132999392088,0.020651749726116782
CGMP_201904_CG_5_twilight,0.008201021891333357,0.014476631521778804,0.007290030510973364,0.01009598676396924,0.007367305170616237,0.006994575666190125,0.0057699236360166705,0.0070067255659494706,0.004923382693029163,0.006576424926251334,0.009472367330456994,0.007114958696944846,0.005931411100512602,0.006442883413920132,0,0.01310349204013725,0.014375183023427909,0.011990732978706247,0.01688652969380282,0.016799438646626887,0.016561930259921195,0.024911051259122605,0.019333359341965124,0.019888135262706854,0.022997328738208127,0.024722261548924793,0.023088755586277494,0.024006660321424927,0.03217569218727955,0.028179261719910906,0.026170760983527417,0.04046682413298477,0.03273552463261052,0.061863090608756444,0.0619427842197974,0.06323385314934803,0.06042126529948015,0.06087783381058846,0.06251951427412802,0.023362539749385073,0.024258803276534877,0.030900380028152243,0.024726462237236565,0.025323301876459325,0.0344023667451594,0.022790429930555613,0.02166892160942734,0.03034691533704887,0.04732595796322265,0.05383150425131877,0.06266204328598647,0.041603269662039546,0.050773102404954196,0.05599980189002489,0.019993328511838635,0.018807015378635227,0.015849343022219884,0.02965290910328788,0.028651411400345914,0.020035281473623802,0.015342051336906004,0.014763235931150979,0.013429974496614094,0.01646531489326331,0.01644970836909437,0.012251978639984501,0.060066303171770245,0.05934316152530267,0.05921527187786083,0.058276476368160114,0.057661351697051326,0.05924968936369747,0.02201275137946519,0.0180867577368801,0.01898453496955732,0.023227027319387545,0.018088315841515226,0.01933810099432828,0.031118201607907136,0.025849232498320173,0.02446802373541295
CGMP_201904_CG_6_day,0.011967463021112675,0.01034343883216443,0.010881586972120508,0.00813165022380799,0.011154931884033025,0.010919355245254949,0.012572157671811036,0.017778869894061654,0.015858394486729415,0.014172722168422016,0.019531653060767252,0.017353240223958146,0.0109299016512374,0.012113554373318118,0.01310349204013725,0,0.0074644386771121765,0.004717821987715198,0.01516452712939623,0.013033242837710544,0.015352891387408375,0.022313995883784292,0.016016544083186472,0.017200573023032822,0.02449826616176889,0.033655386927075294,0.028967341040082296,0.029718338334715558,0.04274112562251205,0.038352212205403094,0.03208569439345356,0.051042117603689006,0.0432655525162947,0.05059394792904185,0.05071867576893832,0.05211034364306281,0.04895756661017893,0.049224912076831814,0.05107395306822764,0.014832905694629835,0.01513130413140569,0.022950800668043128,0.01679263175051311,0.016595422273641296,0.027447168683865358,0.015619807373185472,0.01428022267594406,0.025305672093618246,0.035952254480148965,0.042668812152371345,0.05204602684210394,0.03004690372207925,0.039414230271694585,0.045755656895979685,0.02281261706068094,0.02322355113994716,0.018567594855653503,0.03927698153635357,0.037964606603593125,0.026919885359515217,0.021611394865410666,0.022456330590929607,0.02068032099535788,0.018355297305453953,0.01850985819204456,0.014213934056889999,0.04907115684785265,0.0485392687083622,0.04850949491442524,0.04734132509980423,0.046966192480716415,0.04849351892834512,0.015808744991226066,0.01639418829290689,0.018105123850693666,0.017846835919270696,0.017661878267102422,0.01866373742703832,0.02045303653164367,0.016077768552787294,0.015278070044329147
CGMP_201904_CG_6_night,0.015078018971016526,0.008095232924617416,0.011414940476955885,0.012072596176729707,0.014032396365772276,0.01362453997503822,0.015767828999134464,0.01989411300623692,0.017485512489981443,0.017783176737998226,0.021667525653431604,0.019157929786651276,0.015272751269830747,0.01093517141564653,0.014375183023427909,0.0074644386771121765,0,0.004332238644550669,0.016163952073100445,0.01321414522367998,0.015326717485767397,0.023426458229622273,0.017252408061139916,0.019563000649301696,0.024822475131849188,0.03283618323838078,0.02856978447797649,0.02969300539060209,0.041819624892423905,0.03760076764961281,0.03167160472590624,0.05008616421351142,0.042295722169691234,0.04794471174567603,0.04801496996830539,0.04935368699583299,0.04659818204743956,0.04707578544447652,0.048644544292343966,0.013858318123914843,0.013929469208846107,0.02133587875808506,0.015771478705284975,0.015286181192436106,0.025952420918936712,0.01707157210135593,0.014729243790694138,0.024247190822483593,0.03341172227909906,0.03984084765163842,0.04970588916278456,0.028557576126538548,0.03685488656193066,0.043924268176037506,0.02428037554779633,0.024688040898479185,0.020259152230549807,0.041386892351308,0.04039466921795023,0.02493732777843828,0.024409208948199503,0.025205328833700004,0.022110409313455665,0.02072783869838945,0.02044214649633553,0.01569454589409302,0.0463919048019895,0.045680029183950026,0.04560117041922853,0.04460832309723349,0.044048797008085165,0.04563556670956441,0.016186980529466245,0.017030358965611458,0.018919852741464495,0.019302926121616038,0.018617999510646834,0.019383449529004726,0.02013253451168957,0.01657222926181479,0.015495291325016569
CGMP_201904_CG_6_twilight,0.012313645510013311,0.008660140546372196,0.009439788594785661,0.008783683084536191,0.011180704443257953,0.010758072533926067,0.012722116616628793,0.017282481057027572,0.01514416998000413,0.014524546523940658,0.01894665127708243,0.016623096260081602,0.011754570245414559,0.010528008027494108,0.011990732978706247,0.004717821987715198,0.004332238644550669,0,0.014917050312096945,0.012269773107656451,0.014124353267038975,0.021653745634008473,0.015759464406794783,0.018008019874024853,0.024827325411245535,0.032972875749566435,0.02843573854752933,0.02946009878541447,0.0420676470050157,0.03769790740031681,0.03155062189953266,0.05035802131315691,0.042564612272297964,0.050273791786396196,0.05033313492827911,0.05169391353083974,0.04893042254459181,0.04942451277240931,0.0509541920871889,0.016009987563501592,0.01626898988837369,0.023401003363123334,0.017874837747467436,0.01759257455421444,0.02785049702492609,0.018230713171126078,0.016201385524577186,0.025772271720874793,0.03576600020305239,0.04208494576499198,0.052085991851801745,0.03088798551386734,0.038973017627013364,0.04620162001999174,0.02166339529323721,0.022029445315433528,0.017863057862065327,0.03961770852265536,0.038440432648083986,0.024812839131729516,0.021919053672001008,0.022696084682570943,0.01974809455240033,0.017839477379127302,0.017639206695805838,0.013248683801885708,0.048778711874889795,0.04808147929316733,0.04801728443143978,0.04699518846790853,0.04646735173922803,0.04804353806402653,0.017911529425679043,0.01751602715783353,0.019271000495252485,0.020701200832059116,0.018730652753524053,0.01963466305758377,0.02251920335719339,0.018564476107182787,0.01756936273415896
DAMPIER_202009_DNE_10_day,0.019095744764611858,0.020648030210264817,0.01857759101962132,0.013806540748793377,0.015009574477050331,0.015834197574848902,0.01609688632621361,0.018722731072966958,0.018769736125821,0.017697755912058567,0.020455221635076754,0.01945642885505535,0.017956840726983305,0.017461945983856732,0.01688652969380282,0.01516452712939623,0.016163952073100445,0.014917050312096945,0,0.005085290809580147,0.00859226509807111,0.012836610377154384,0.005951721489642503,0.0067088108922128305,0.03252333571153261,0.03777692155866831,0.03522905737969406,0.03575686671252862,0.04579235400237216,0.04162249895946015,0.038155431730698394,0.054110352768839305,0.046400304641611934,0.05035138477300274,0.05026539222782047,0.051585207374181055,0.049648455969146466,0.05016614441013527,0.05132392220864507,0.02028262609812445,0.019727824037823416,0.026918627697605897,0.022196532427459177,0.020546878250132503,0.03172546316448581,0.02319133710218847,0.020005447787337042,0.03057454781398475,0.0373468810814641,0.04266437440693873,0.055187597822303085,0.03294538069592446,0.04162402267036421,0.04873741249466808,0.027345600167431518,0.02654523490604282,0.023176449395280272,0.04040347675443983,0.038406328353072464,0.031411679572133686,0.025628679358196575,0.02479616239523265,0.02484131118163559,0.024330283209356898,0.024189867145498048,0.02034487569705222,0.04924791302183256,0.04938527096697793,0.04951324110115199,0.047658210826647895,0.04845151145172531,0.04933183391228371,0.02430400238824324,0.023161401677591353,0.024984582934029557,0.026581249054507993,0.02424535689417775,0.025531557608784408,0.02710878574925048,0.02403949241846071,0.023160879260032095
DAMPIER_202009_DNE_10_night,0.018876689274761247,0.018359484105709922,0.017048444713136664,0.01274553474943699,0.013160760765603768,0.014047894866185023,0.015809724097660557,0.018646285522892186,0.017863355149103335,0.018332482949572435,0.02117530911539873,0.020195985814636674,0.018053971824650152,0.015761074058329563,0.016799438646626887,0.013033242837710544,0.01321414522367998,0.012269773107656451,0.005085290809580147,0,0.006508981641112298,0.017103576862429463,0.008800801690266355,0.011137401679645434,0.030386859548858686,0.03592292222981349,0.03345311644506461,0.033840894859854316,0.04388974530939016,0.03987239447213706,0.03624295041889697,0.052184320365531854,0.04443733894429107,0.049850604388350726,0.04974703687089539,0.05105631169964716,0.048895523683273434,0.04932100590776206,0.05059341516098199,0.01620745682077172,0.015716161731166994,0.0231661208446387,0.018099666067660763,0.016494126749453032,0.028503360821156655,0.019785344051277437,0.016695158089518797,0.027964759207583224,0.03492072397693205,0.04080593828599443,0.05115080843789556,0.029775775098757378,0.03861938592250355,0.04471045945859707,0.027866395108322256,0.026981355072382363,0.02366444175479488,0.03995140425853962,0.037932901051140694,0.028948961225517586,0.02628914390635102,0.025446174303055395,0.025182143028515198,0.024949658297953287,0.02405041568262895,0.02081502157092069,0.04852101331922695,0.04763382694196785,0.047591844632995886,0.04676116311579865,0.046228628107231065,0.04769781281016309,0.021573893565886033,0.021300278788237915,0.023317324837252466,0.024634693298723233,0.022828540406533,0.023984152632496786,0.02319428743283756,0.020436329602844302,0.01958654490209626
DAMPIER_202009_DNE_10_twilight,0.019498161699785934,0.019231098866570394,0.01760198187710803,0.014400261588638854,0.013070458228672898,0.014590349112498863,0.016067095436386583,0.017456154454147495,0.01756026774811594,0.018472458619837633,0.020691688456205004,0.019914941897167155,0.018783678634762147,0.015327931897938823,0.016561930259921195,0.015352891387408375,0.015326717485767397,0.014124353267038975,0.00859226509807111,0.006508981641112298,0,0.020537852599980328,0.01347576808165337,0.01408206264906958,0.02827812991690451,0.033515406535916885,0.03118494578414209,0.03153215638150266,0.04082008432060311,0.03719005609687461,0.03393908266054916,0.049049374053369905,0.041496105126053354,0.05303424525869953,0.05296949459787806,0.054285923188593814,0.05215598210375044,0.052632067046595524,0.053974293626398565,0.01903606105706838,0.019155302337001592,0.025077971347309675,0.020709407570258083,0.019992838191309526,0.029177934591031733,0.02154603467384081,0.018998012437350716,0.02672341451873125,0.03839668732784887,0.04464251257671268,0.053527612955178445,0.03297962444998043,0.04182543138569786,0.04708811442444264,0.02913504947101772,0.02835055233011545,0.024977304500649333,0.036940768925506205,0.03486382947320692,0.02618777186189761,0.025680510988524852,0.02466817205369723,0.025179584968521063,0.02549447124261387,0.02534516662497363,0.021269347254821446,0.051758193859998164,0.050816126300640634,0.0506590281791247,0.04995630206273525,0.04915423149061992,0.050847983187729706,0.022249210820284342,0.02036747627464154,0.021967004131457638,0.024942912449119836,0.02316388687825324,0.02344684127514524,0.02592214576222039,0.02348757288578294,0.022590573318514367
DAMPIER_202009_DNE_9_day,0.02608723898475245,0.02766391637431256,0.02621321539660988,0.021406170371276952,0.02326080236251603,0.023565205286444284,0.024011786897182526,0.02714101046545255,0.027219633282748703,0.02327897505681346,0.025027256038967653,0.024567022295457718,0.024144931367492004,0.025787991938656427,0.024911051259122605,0.022313995883784292,0.023426458229622273,0.021653745634008473,0.012836610377154384,0.017103576862429463,0.020537852599980328,0,0.008423657745167214,0.008226007557828775,0.03998864809199067,0.0454700087616001,0.04252168477800656,0.04312758595918673,0.05415424640557963,0.04972631092254528,0.04544830733169174,0.062446992396422055,0.05480255500682998,0.05264643998039278,0.0528082375597895,0.05348460639819499,0.05214323605514151,0.05254892291511271,0.05370974684762415,0.029423572369334648,0.028528233494930895,0.03497919514091994,0.03141660884279907,0.029598971003009452,0.039667866788900295,0.0317936243978128,0.02859171806405535,0.03809322240645282,0.042516042485157515,0.04721049647887147,0.06112631524834548,0.038457967759409045,0.04557898507071517,0.05542326017342532,0.030099229593432898,0.029745379281178392,0.027149907657257326,0.047460528580300095,0.045520986784018135,0.04017377895715461,0.03095703298134269,0.030520546901790374,0.029873990483899614,0.02759948650553817,0.02728533504351019,0.02596705183226303,0.05230844664950383,0.05386613623146924,0.05431111216834923,0.05108302600399158,0.053351322730694664,0.05397484464298375,0.031903918892901735,0.030237287000467718,0.03154090969734873,0.03313334445226545,0.030876872986408996,0.032143123218855964,0.03479134657756927,0.03152293249611366,0.030661520398972558
DAMPIER_202009_DNE_9_night,0.02044419386337116,0.021404558235559677,0.019594878478612982,0.01515736650588165,0.0172834070790072,0.017429197797785383,0.018419513168140323,0.02186484961848232,0.02113843930946316,0.01913116130238009,0.021320863833318313,0.020281731708911743,0.019557248020723696,0.020464882295281858,0.019333359341965124,0.016016544083186472,0.017252408061139916,0.015759464406794783,0.005951721489642503,0.008800801690266355,0.01347576808165337,0.008423657745167214,0,0.006238927414098894,0.0352883594793605,0.040610463596673724,0.037981659849030604,0.03852451447533198,0.04878337969508254,0.04457760248482973,0.04090918504446728,0.05710085397905322,0.04938378941570205,0.050080783969240573,0.050030573986184344,0.05105498540518478,0.04937984488572142,0.049794910202956115,0.05097104145007209,0.023013634010650246,0.022162788940679315,0.02887923429149428,0.025011700922993877,0.023141617044182484,0.03396314775393667,0.025626372981464654,0.02233411147525484,0.03349922916676458,0.03785743579796006,0.04265048133935174,0.055405547284403424,0.033586889718007946,0.04148087042631746,0.04970981329713103,0.027506222088837212,0.026763484183507873,0.023585578420051594,0.04379687586700568,0.041802657380007234,0.03515409061969058,0.028103381641523404,0.027477749218135374,0.02641525102009515,0.024909124208409256,0.024332503786749546,0.021433082849496903,0.04882021526302326,0.04942707936717377,0.0495799407071234,0.047430402652905795,0.048599847213690574,0.049427666673726785,0.026673463475858715,0.02551422813243462,0.027351434878277636,0.02850336338785011,0.02634237458014803,0.027880466051631896,0.028925410480828327,0.02551833810408384,0.02462027836014798
DAMPIER_202009_DNE_9_twilight,0.022081183698515666,0.024588064282453415,0.022309744882789372,0.016859219487519592,0.01828099426054674,0.018793522287839783,0.019461983916441578,0.022264664693107922,0.022575287107080535,0.019062754190328796,0.021638658999443564,0.02104498121021502,0.019138190542471126,0.02055635409246616,0.019888135262706854,0.017200573023032822,0.019563000649301696,0.018008019874024853,0.0067088108922128305,0.011137401679645434,0.01408206264906958,0.008226007557828775,0.006238927414098894,0,0.03528368961911046,0.04040895122067555,0.03774002794587938,0.03833074430901548,0.04888398180968464,0.04445706767549442,0.040687943498837614,0.05718234997247416,0.04952642281685776,0.05310502383497727,0.053144791773693474,0.0542063683284674,0.051923954350160034,0.05210155470695243,0.053771017722290614,0.02467663721728488,0.024042859245339165,0.03129788158167134,0.026530343455027482,0.025275262385160976,0.03589478652085429,0.026031302497180206,0.0231628845844499,0.033703690591930076,0.04125335016270291,0.04663958071288074,0.05986609744699063,0.036474968109906886,0.045517163455517644,0.05365538451294824,0.028434909283232265,0.027842704149136328,0.024867312299143518,0.042500531432887435,0.040529835397192515,0.03500549462416449,0.026976254152531354,0.026266548090135566,0.026453850049073708,0.025306603350594318,0.025609097875993202,0.023188965370029655,0.05180916275537491,0.05301604260228453,0.05331420240952094,0.05049266306477926,0.05230846661451244,0.05292047312338646,0.026041006537339463,0.02451494695893934,0.025836525965809317,0.02775071833539401,0.025886073200174883,0.026845027884758968,0.03052339802251719,0.026894429072786028,0.0258455528032153
GEOGRAPHE_202201_GEO_1_day,0.020523198164100153,0.021431823424698276,0.020847094669187705,0.02321160644586701,0.021506200327589698,0.021822996049702177,0.022203925943043306,0.022514612829128984,0.02166035737732969,0.024538040150900636,0.028960870224793326,0.026597473658892055,0.023890665140349647,0.020382910426879647,0.022997328738208127,0.02449826616176889,0.024822475131849188,0.024827325411245535,0.03252333571153261,0.030386859548858686,0.02827812991690451,0.03998864809199067,0.0352883594793605,0.03528368961911046,0,0.009872605530808497,0.006071284256806865,0.006102382785462387,0.01883019543970164,0.01468838352333063,0.008110567419463435,0.027047169691814255,0.01925299756322241,0.06308117835883129,0.06258546305026749,0.06324422912705224,0.06269456215041247,0.06305019607380637,0.0633837266126776,0.026599330006891974,0.0278966053129772,0.029564523298497746,0.025955785313346445,0.02803254842720079,0.02929422544650357,0.020844149173631255,0.021649586171206325,0.022250729799818476,0.0508936430827846,0.057061518822295,0.06594962328938267,0.04711641818758223,0.05592095136607071,0.059265789816540036,0.025625178932238195,0.02667950571574558,0.02186903001180089,0.025286689956473207,0.023814098249928965,0.014225659014631587,0.020646073848525057,0.021635018892445724,0.021666237701349525,0.02273813485322853,0.024431919518598383,0.019106307552906352,0.06207720632891933,0.06008910888812517,0.058292083014184266,0.060180496614315446,0.05811679792335641,0.05903083675247112,0.015613077088633812,0.012569957458429334,0.011082672484176985,0.012677233582376268,0.01245333904740173,0.010756342261255018,0.033045899654089744,0.026611243859701688,0.02523500451111951
GEOGRAPHE_202201_GEO_1_night,0.0249235571454331,0.02790945193403331,0.024903187371204113,0.02946463375253882,0.024924086370580915,0.02537873418358762,0.025453246239598628,0.022772338190383587,0.022279849344372694,0.0266931196830509,0.027692275038423364,0.025860946701831755,0.026797792653808935,0.023321360277669095,0.024722261548924793,0.033655386927075294,0.03283618323838078,0.032972875749566435,0.03777692155866831,0.03592292222981349,0.033515406535916885,0.0454700087616001,0.040610463596673724,0.04040895122067555,0.009872605530808497,0,0.004794618405673956,0.004180792954601137,0.009095605143722669,0.0049757630968805255,0.004285233329638839,0.017388807696705113,0.009633638740394648,0.07291377509353376,0.07231113412201097,0.07267696486345189,0.07252221566631198,0.07284747798681919,0.07283714468772633,0.03630082147491846,0.037735378698881154,0.03925188704904163,0.03571837544587245,0.037847406264393035,0.03887839878965019,0.030421708119028685,0.031335067401555124,0.03204963684599029,0.06076081049017079,0.06686184541450575,0.0753970501306082,0.056984167686515264,0.06579111038054285,0.0690547615111454,0.027209859291908344,0.026381812163311532,0.024521894027469127,0.02168233309360683,0.02026987419958581,0.013780151852309418,0.0210578115920486,0.020423010940169857,0.020580414649301954,0.02702309296538761,0.027880619430572278,0.02420657211491915,0.07191338973940539,0.0698916511075245,0.06787011225726897,0.07001361335341966,0.06791434637319523,0.06875049067630662,0.025188825379430315,0.019440237733231266,0.017685854786475896,0.02155233952415976,0.01812331075791576,0.016807806494630508,0.04286719868139452,0.03633244218779613,0.03497032908763257
GEOGRAPHE_202201_GEO_1_twilight,0.02103314872738621,0.023992344369630957,0.0210665135398346,0.025326381034539738,0.022644399371833917,0.022696828407472225,0.022264969695759588,0.02123160123081885,0.020684053789656008,0.023897247152060163,0.0270579714959909,0.024917409779371087,0.023697215466816048,0.021431211215546815,0.023088755586277494,0.028967341040082296,0.02856978447797649,0.02843573854752933,0.03522905737969406,0.03345311644506461,0.03118494578414209,0.04252168477800656,0.037981659849030604,0.03774002794587938,0.006071284256806865,0.004794618405673956,0,0.0033750017998623702,0.013787870764431928,0.009390723697118856,0.0047664559500837905,0.022102951460867933,0.014377796606565301,0.06887930084601612,0.06837069059611614,0.06896324236089776,0.06850278363437695,0.06888673470097112,0.06910980023778218,0.03181228290175706,0.03342623941320485,0.035264763781319854,0.03132826566788439,0.03357318284817365,0.034951309690306596,0.02586647981835176,0.02690697231610185,0.028081606969753762,0.05663295439451083,0.06278348338926933,0.0713708128449944,0.05274980707095353,0.06162127318419123,0.06501236519873306,0.023726664712321936,0.023988138512491944,0.021318826954604797,0.022135876969162784,0.020529870563891866,0.012442591778787189,0.018739245662784787,0.019327336294137538,0.018830980474374873,0.022882560993650825,0.024154529464811503,0.020324873988771624,0.06786929519297492,0.06592028441335497,0.06406521292101644,0.06597272605426448,0.06395136608690861,0.06486269122231082,0.020684185750663272,0.015387986990070004,0.01382969085703693,0.017029895606544353,0.014213577922561785,0.012720832206013387,0.03852588000467258,0.031897400855709926,0.0305555508368311
GEOGRAPHE_202201_GEO_2_day,0.02229890762357198,0.026094248997069587,0.023035093168306976,0.02630966088915258,0.023525889397326628,0.023663211642139283,0.023295096097840952,0.022421026728588884,0.022041946520464373,0.024819607676382974,0.028118884063746612,0.02604049997087891,0.02449177448502737,0.022616009616034063,0.024006660321424927,0.029718338334715558,0.02969300539060209,0.02946009878541447,0.03575686671252862,0.033840894859854316,0.03153215638150266,0.04312758595918673,0.03852451447533198,0.03833074430901548,0.006102382785462387,0.004180792954601137,0.0033750017998623702,0,0.013059516588563976,0.00877092887677932,0.0026613643742064274,0.021340315529601507,0.013551655283123108,0.06908525370908435,0.06859302136738228,0.06922276276371797,0.06870186659322328,0.06908271979876755,0.06937810185807113,0.03231865476838116,0.033755426720630866,0.0354756730421203,0.03173077042756234,0.03388566821186977,0.0352073483489472,0.026453884710900565,0.027352507510867537,0.02827663729933062,0.056870297757895434,0.06300247106091458,0.07172199997158384,0.05304787782970278,0.06187627141008482,0.06522344432859847,0.025117243040696405,0.02534218059784085,0.022944223457938822,0.02179765771915772,0.02059000798192306,0.013155809640339206,0.01914255962294005,0.020037004659373078,0.020183127344030875,0.023549873910406097,0.02498668345357665,0.02161291436562746,0.06807957784601042,0.066115284296955,0.064361690120948,0.06618325184749634,0.06414643520072166,0.06513067055060301,0.021220805371916604,0.015878962901452548,0.014008998104746847,0.01764324029654608,0.014890252428610733,0.01327997715904514,0.038882853924334604,0.032346686998380524,0.030983848345923666
GEOGRAPHE_202201_GEO_2_night,0.03319185953404754,0.03663631931892114,0.033539060406081705,0.038486988882859265,0.03327767822945541,0.03408763191431736,0.03317999839589832,0.02853635425721749,0.029013799015966096,0.03372591821574626,0.032401755636660354,0.03201513831494581,0.03472644199701725,0.03177285330042256,0.03217569218727955,0.04274112562251205,0.041819624892423905,0.0420676470050157,0.04579235400237216,0.04388974530939016,0.04082008432060311,0.05415424640557963,0.04878337969508254,0.04888398180968464,0.01883019543970164,0.009095605143722669,0.013787870764431928,0.013059516588563976,0,0.004435044806084389,0.010733402145022402,0.008319399005211737,0.0016402701789892701,0.08162552790397273,0.08095399478952744,0.08080656372896887,0.08122803147008165,0.08147922458915813,0.08100135621031328,0.04537317727892195,0.04672534407457953,0.047867017887290336,0.044764711502794784,0.04683146092577478,0.047412785623171916,0.039512048588494386,0.04040590493783864,0.040649033411962056,0.06960499028566795,0.07564045909545468,0.08407275034755378,0.06591464852979122,0.07465087507770755,0.07775278659078247,0.03426601147964472,0.03319700090893539,0.03172619699369797,0.01966053692887558,0.018877523000445835,0.021181077787596772,0.028017207414197144,0.027163923429903345,0.02787609716223895,0.03437077490825264,0.035064087160971175,0.03265737531961627,0.0806397600132033,0.07852760851928704,0.0762563770439655,0.07872416583840874,0.07654467203163916,0.07725937243546162,0.034278914347968654,0.028531420794752127,0.026773305902563632,0.03064107213532882,0.027070743574769785,0.02573514008325046,0.051874745212077286,0.045395324668571685,0.044026308998598045
GEOGRAPHE_202201_GEO_2_twilight,0.028841780324345746,0.03271001650825537,0.029389818980420073,0.03407359968247127,0.028911756129167566,0.029744305523932625,0.028889921442237954,0.025168376638091905,0.025238653245566765,0.029609181711855826,0.029559820794384378,0.028292554647699267,0.030334685803281993,0.02768815834794681,0.028179261719910906,0.038352212205403094,0.03760076764961281,0.03769790740031681,0.04162249895946015,0.03987239447213706,0.03719005609687461,0.04972631092254528,0.04457760248482973,0.04445706767549442,0.01468838352333063,0.0049757630968805255,0.009390723697118856,0.00877092887677932,0.004435044806084389,0,0.007040038177401222,0.012744297673544253,0.005119061678392155,0.07772862750012594,0.07712756482350913,0.07753393184189836,0.07733725276397835,0.07766320335543905,0.0777030651791081,0.041056801300138446,0.042522947359284635,0.044065913574098385,0.040488522118480835,0.042645911440204194,0.043703011856622724,0.035165719054967244,0.036092814023338984,0.03686501278787896,0.06557456863970294,0.07167841395232318,0.08021251811879579,0.06179586243285065,0.07060535030754363,0.07386958081268793,0.030598881771268276,0.029634703596887753,0.027799452549043147,0.018993995323796708,0.01801001934917139,0.01744706357484128,0.024217641236017388,0.023420935161891254,0.024025505220434316,0.030538247828202834,0.031305231714438705,0.0283018539756215,0.076729605136305,0.07470623758016484,0.07275203599066804,0.07482794926885714,0.07272978103300033,0.07359731175472499,0.02993709552543722,0.02415988972726887,0.022419568108563732,0.02627248175464447,0.022642006146695922,0.02134715634904046,0.047648811353921225,0.04109069484273661,0.03972879623612233
GEOGRAPHE_202201_GEO_3_day,0.02449052176929339,0.027756134599363255,0.02488251472872279,0.02866189358181808,0.025823572822913525,0.025919415437360857,0.02568061259137441,0.024565433278152166,0.024119318590020387,0.027005624390524424,0.029697631814887816,0.027777675685974217,0.026717745722863475,0.02464152604699905,0.026170760983527417,0.03208569439345356,0.03167160472590624,0.03155062189953266,0.038155431730698394,0.03624295041889697,0.03393908266054916,0.04544830733169174,0.04090918504446728,0.040687943498837614,0.008110567419463435,0.004285233329638839,0.0047664559500837905,0.0026613643742064274,0.010733402145022402,0.007040038177401222,0,0.018986893497950054,0.011193040352694777,0.07102717827677119,0.07042926769583137,0.07084419685375078,0.07063339913431463,0.07095899228191707,0.07102164426479525,0.03464714672130145,0.035999323789545436,0.03735922723998683,0.034033070547541705,0.0361048600871444,0.0370123927059416,0.028807388713537566,0.02968050892949934,0.03016118167850153,0.05892528924999223,0.06499008313175567,0.07354506538136868,0.05520325254304731,0.0639688008635676,0.06716776089665355,0.026445301301673944,0.026707879633517596,0.024058282858747237,0.022094762437643873,0.02106432006013963,0.014345469531925475,0.02098630814177754,0.0217427254632173,0.021684449356836766,0.02534664538049655,0.026535365791774408,0.02322111764244664,0.07002949760307851,0.06800112840246354,0.06610031363414114,0.06812644641664667,0.06602628564704578,0.06693585453918842,0.023571034088375888,0.018156517901704756,0.01629840688467935,0.019978272049201624,0.016984901586939927,0.015354594139735334,0.04114547864356914,0.03466617923426949,0.03329591112599118
GEOGRAPHE_202201_GEO_3_night,0.04137999731739273,0.04453688247736508,0.041812022215027556,0.046804910539492615,0.04158075856218444,0.04239083777802571,0.04148653575266923,0.035750096967357,0.03701475143903801,0.04197840608669909,0.03926685518909607,0.039772658693423196,0.042998865180365164,0.03994797527045964,0.04046682413298477,0.051042117603689006,0.05008616421351142,0.05035802131315691,0.054110352768839305,0.052184320365531854,0.049049374053369905,0.062446992396422055,0.05710085397905322,0.05718234997247416,0.027047169691814255,0.017388807696705113,0.022102951460867933,0.021340315529601507,0.008319399005211737,0.012744297673544253,0.018986893497950054,0,0.00780502243510751,0.08949671377897553,0.08874757654100994,0.08821374406497298,0.08910242074589349,0.08926782148953136,0.08840028822445493,0.053629218073807945,0.0549188587633832,0.055577183558728,0.052999944785944754,0.05502500596881057,0.055067410418163265,0.04779009850149958,0.04866314939842338,0.048353163949924505,0.07762667396470645,0.08362721483941968,0.09186364658599197,0.07403086374724667,0.08269114221229616,0.0855685634721634,0.04155697729097045,0.04036534183894917,0.03973717292194411,0.022472363403424435,0.022048262417686093,0.029192228245456833,0.03554500934948359,0.03462367544772929,0.03569480081914632,0.04186479927531842,0.042477816535665396,0.040975237791754576,0.08852977887796865,0.08630932232856471,0.08385397239347255,0.08660805641201123,0.08430307159430951,0.08491046087599965,0.04255435799185854,0.036827537394295146,0.035065026317607606,0.0389371097882339,0.03538556334875377,0.034036714097608924,0.06008250007274991,0.053644507000380995,0.05227185096912753
GEOGRAPHE_202201_GEO_3_twilight,0.03383499654808693,0.03728053452826541,0.03409136384159464,0.039079039026666616,0.033812020046918814,0.034626898547612056,0.033812168227825956,0.02922526110910959,0.02968026876323017,0.034395651625267254,0.03330495962623155,0.03273965294997391,0.035384594020786184,0.03230491233034932,0.03273552463261052,0.0432655525162947,0.042295722169691234,0.042564612272297964,0.046400304641611934,0.04443733894429107,0.041496105126053354,0.05480255500682998,0.04938378941570205,0.04952642281685776,0.01925299756322241,0.009633638740394648,0.014377796606565301,0.013551655283123108,0.0016402701789892701,0.005119061678392155,0.011193040352694777,0.00780502243510751,0,0.08198937413597973,0.081320405728038,0.08120762028884482,0.08159153623323413,0.08184618746245403,0.08140503452061872,0.04583013343822395,0.04713609157304246,0.04823929700988902,0.045203516813583026,0.04724236670464713,0.047797593412729746,0.03999268588354878,0.040864263951360856,0.04102211632289509,0.06997122967764074,0.07600166627026096,0.08443825141593106,0.06630485872851222,0.07502129289736191,0.07811723146392681,0.034778454289360126,0.03370434687019141,0.03246889346797577,0.019672191800125777,0.019078882786218974,0.021740033913418357,0.028539111904122498,0.02767797847055177,0.02843879958995561,0.034895834898796614,0.035574576931370616,0.03324423243031251,0.08100255359818717,0.07889377240491305,0.07665420299287148,0.0790882618624784,0.0769111158275326,0.07764464259658688,0.0347554216085067,0.029045544120456082,0.027284734557073302,0.031151844590717865,0.027695340648545654,0.026322629403668224,0.05229065283658454,0.04584544343236054,0.0444727833460998
JURIEN_202201_JNE_1_day,0.05927686375913028,0.050982993769912,0.05768348957807003,0.05461446448979005,0.05836057046818178,0.058352908562675915,0.059912138517859155,0.06516189293731497,0.06337706718917266,0.06194828059399518,0.06624451900772488,0.06454761564159063,0.06048766738329642,0.05840500734182961,0.061863090608756444,0.05059394792904185,0.04794471174567603,0.050273791786396196,0.05035138477300274,0.049850604388350726,0.05303424525869953,0.05264643998039278,0.050080783969240573,0.05310502383497727,0.06308117835883129,0.07291377509353376,0.06887930084601612,0.06908525370908435,0.08162552790397273,0.07772862750012594,0.07102717827677119,0.08949671377897553,0.08198937413597973,0,0.0011624102868259354,0.0040008016547722685,0.0024721505300950514,0.0035600188101654892,0.005284272633427791,0.04099159806505788,0.03915223092736298,0.040133736327856925,0.0407893253089366,0.03861073938937243,0.04066312202045918,0.047115329116027685,0.04580371951844313,0.04548946310272651,0.016418505957102612,0.01426034772029057,0.02799441856075544,0.02387452140530157,0.01995428833711772,0.03101975413997949,0.06351976922582858,0.06466837379271247,0.06066608009040815,0.08220433184144352,0.08043260859348282,0.06590021118120233,0.06676766094682235,0.06755250112554956,0.06604760532409505,0.06250974552999945,0.06201542968634686,0.058990742115358985,0.004580731687667545,0.006096306119676968,0.007178994696245335,0.005639582270261746,0.007530564314937058,0.006788537512178831,0.052832299108330476,0.05886069090160626,0.059770157693065415,0.055821429126595025,0.060014038316569825,0.060201565109152526,0.03506889218646428,0.04200960700311727,0.04312226017016687
JURIEN_202201_JNE_1_night,0.05928779036343377,0.0509412741678248,0.05764678679652148,0.05462298295318092,0.05841840999376885,0.05841171658410736,0.05993657124055716,0.06518706221391568,0.06336468427977962,0.062017187828485885,0.06627867458669721,0.06457781420241979,0.060603030567637856,0.05848484071828265,0.0619427842197974,0.05071867576893832,0.04801496996830539,0.05033313492827911,0.05026539222782047,0.04974703687089539,0.05296949459787806,0.0528082375597895,0.050030573986184344,0.053144791773693474,0.06258546305026749,0.07231113412201097,0.06837069059611614,0.06859302136738228,0.08095399478952744,0.07712756482350913,0.07042926769583137,0.08874757654100994,0.081320405728038,0.0011624102868259354,0,0.0033574746791166826,0.002718316243631264,0.0032368741099652537,0.004546663111110485,0.041012282560545524,0.03916490127191246,0.039782467490201416,0.04078789782653056,0.03859949351067536,0.04015381414603227,0.047167037392364365,0.04581876408536102,0.04514140487442287,0.016360280457669792,0.014292884109684134,0.027815725003021517,0.023901067633452254,0.020088076298884306,0.0308665767461521,0.063444902035446,0.06459443539843598,0.06059383413129613,0.08206083105374741,0.08029870494295532,0.06580508349845691,0.06672516106767222,0.06748099119714424,0.06596797888071719,0.06256827612747398,0.062016267159240336,0.058963644418554416,0.00498037160486518,0.006086216992370259,0.006548091698736702,0.0059156949668687535,0.007295962235103101,0.006328046828102214,0.05288585573652986,0.05891308583566302,0.0598175213318559,0.055860319099042516,0.06006012539731311,0.0602418146653033,0.035145102778516346,0.04208402908877316,0.04320071127956633
JURIEN_202201_JNE_1_twilight,0.06056085903026296,0.05212482200046682,0.05887810495299315,0.05602665360078289,0.05977370749811899,0.059785044734275386,0.06124205940589821,0.06647125470320939,0.06463776688699184,0.06332427774001284,0.06755825268001085,0.06585086184713378,0.06191840006176662,0.05975908756393054,0.06323385314934803,0.05211034364306281,0.04935368699583299,0.05169391353083974,0.051585207374181055,0.05105631169964716,0.054285923188593814,0.05348460639819499,0.05105498540518478,0.0542063683284674,0.06324422912705224,0.07267696486345189,0.06896324236089776,0.06922276276371797,0.08080656372896887,0.07753393184189836,0.07084419685375078,0.08821374406497298,0.08120762028884482,0.0040008016547722685,0.0033574746791166826,0,0.005514280077048631,0.005418142560959442,0.003347121057680903,0.04199240851372037,0.04022414898575066,0.040619118999463036,0.04169669370473443,0.03959171371570708,0.04069598462639815,0.04809446538982378,0.046768794787936885,0.04594941815713567,0.017609399831158473,0.016112204237824113,0.0296213687911307,0.025177681429575594,0.02217876871589571,0.03262858009733003,0.06441950670243389,0.06559236613964031,0.06161476785963266,0.08276674371464421,0.08102716012834664,0.06666547394685163,0.06767455712402212,0.06843448884202849,0.06690492149167002,0.06359458639976247,0.06307406941945612,0.05999737094956079,0.007121254557239104,0.00843142510415235,0.007223154632710433,0.007858433731863129,0.009467004086633193,0.0075822325405951645,0.05380175195434469,0.05983149850843871,0.06071781914709134,0.05673308252267983,0.06095599297890314,0.06111986929534681,0.036133248739675855,0.04305712119722559,0.044189659666350835
JURIEN_202201_JNE_2_day,0.058205657962565556,0.050129370729192275,0.056787671535212414,0.053441245304264695,0.05718543005785749,0.05721946054720275,0.05893544321716738,0.064096293771849,0.06242524093145435,0.060617640038840126,0.06503840482653496,0.06339116808214804,0.05886884551503625,0.05699741211664444,0.06042126529948015,0.04895756661017893,0.04659818204743956,0.04893042254459181,0.049648455969146466,0.048895523683273434,0.05215598210375044,0.05214323605514151,0.04937984488572142,0.051923954350160034,0.06269456215041247,0.07252221566631198,0.06850278363437695,0.06870186659322328,0.08122803147008165,0.07733725276397835,0.07063339913431463,0.08910242074589349,0.08159153623323413,0.0024721505300950514,0.002718316243631264,0.005514280077048631,0,0.0016932037318333518,0.0044951910263349515,0.039979234481364555,0.03810177779910658,0.03954921411803948,0.03982365773304882,0.03774736162537742,0.040231711642262705,0.045965583417610034,0.04475344747299383,0.04473079108474104,0.015086664196713458,0.013545216068912852,0.027074523015345634,0.022081661915055718,0.01899857452561368,0.030037688299487567,0.06289290119203364,0.06400200301723183,0.05997289344281893,0.08180163961103236,0.08001442252406901,0.06536115589006276,0.06612991186420755,0.06691525850602027,0.06540327424764322,0.06151597186057961,0.06142314295367932,0.058362072320251854,0.004627247861820424,0.005846783781595097,0.007108815525572945,0.005518923262438576,0.0072163991065677295,0.0065933058872060385,0.05139773008696832,0.0574669640357195,0.058367150214913295,0.054398091837481836,0.058635585699698456,0.05889726194174171,0.033539103214947255,0.04049550325049383,0.041591669176577854
JURIEN_202201_JNE_2_night,0.058711098201770603,0.050639924476559184,0.05731402534951593,0.05374303256484435,0.05751710203016485,0.05751171316633792,0.05947330381594625,0.06462043084166973,0.0629567277043733,0.06091827409582923,0.06548843239743732,0.06384009816687967,0.059147828368728964,0.05746864013568602,0.06087783381058846,0.049224912076831814,0.04707578544447652,0.04942451277240931,0.05016614441013527,0.04932100590776206,0.052632067046595524,0.05254892291511271,0.049794910202956115,0.05210155470695243,0.06305019607380637,0.07284747798681919,0.06888673470097112,0.06908271979876755,0.08147922458915813,0.07766320335543905,0.07095899228191707,0.08926782148953136,0.08184618746245403,0.0035600188101654892,0.0032368741099652537,0.005418142560959442,0.0016932037318333518,0,0.003947755819146396,0.04045654515839598,0.0386012886816895,0.039767913431908844,0.04029494396892526,0.038276803916600335,0.0403337331066225,0.04634054369699679,0.045165499487685806,0.044871900695828144,0.015291403451164188,0.013661440828324434,0.026859628516710365,0.02220166553670015,0.019173695365689893,0.02989821939776556,0.06345603336327815,0.06455769844653117,0.06049316687033248,0.08238089386865542,0.08058886475832894,0.06590618434484607,0.066659769550195,0.06744123642874149,0.06592820006637275,0.06207677667192576,0.062020964762208926,0.058937507606031406,0.005757378482692202,0.006423305903891541,0.007579063750008906,0.0063573732249466285,0.007590221712488818,0.006918677221911319,0.05151082402145888,0.057649014653700904,0.05854003899153024,0.054512905539154846,0.05891472620679436,0.05919312432380826,0.033736972048189526,0.04070541746586025,0.0417994128024981
JURIEN_202201_JNE_2_twilight,0.06020087600467666,0.05205029050335206,0.05877311271747336,0.05538697417066614,0.059181690547991925,0.059192692424071366,0.06093233542342691,0.06609191755857044,0.06441953967309573,0.0626705201404151,0.06704966485865667,0.06539421014890272,0.06099922076890813,0.059065048342722554,0.06251951427412802,0.05107395306822764,0.048644544292343966,0.0509541920871889,0.05132392220864507,0.05059341516098199,0.053974293626398565,0.05370974684762415,0.05097104145007209,0.053771017722290614,0.0633837266126776,0.07283714468772633,0.06910980023778218,0.06937810185807113,0.08100135621031328,0.0777030651791081,0.07102164426479525,0.08840028822445493,0.08140503452061872,0.005284272633427791,0.004546663111110485,0.003347121057680903,0.0044951910263349515,0.003947755819146396,0,0.04148817555365354,0.0397577985227237,0.04031540657793505,0.041295371751787074,0.03928828283845501,0.04034166055331663,0.04739989778876129,0.04627563013589371,0.04539613584547345,0.016244095507538688,0.01502532597612893,0.028228978615602855,0.023151774382037766,0.020818622058785614,0.031160168925701483,0.0644786497388886,0.0656261066059988,0.06159857466151446,0.08290495259131446,0.0811591385989569,0.06671310940441877,0.06759023669676315,0.06842114677246967,0.0669244895647375,0.06319848911919507,0.06312137485986387,0.06003155865751348,0.007677189237314208,0.008477977530983997,0.00723222476799993,0.008109806646974568,0.009424214537716294,0.0072964406805803945,0.052840249503417897,0.05887954632120818,0.05977218381916815,0.05576098032488381,0.06000325210700263,0.06022990644572551,0.03507805459914412,0.04198136651673522,0.04312268024865108
MURAT_202002_MRE_2_day,0.02121597445100966,0.015662374971730585,0.020373844767221507,0.01795023007124884,0.020096901239722537,0.020526119874620576,0.021394596419025736,0.025986705365137284,0.0242969119840953,0.02423711842964007,0.029866555828834122,0.027837633833240564,0.02257191899412707,0.01955747540315432,0.023362539749385073,0.014832905694629835,0.013858318123914843,0.016009987563501592,0.02028262609812445,0.01620745682077172,0.01903606105706838,0.029423572369334648,0.023013634010650246,0.02467663721728488,0.026599330006891974,0.03630082147491846,0.03181228290175706,0.03231865476838116,0.04537317727892195,0.041056801300138446,0.03464714672130145,0.053629218073807945,0.04583013343822395,0.04099159806505788,0.041012282560545524,0.04199240851372037,0.039979234481364555,0.04045654515839598,0.04148817555365354,0,0.0028078102371982675,0.012959553108684714,0.0028634529204489257,0.0030674350402799893,0.01707024561920782,0.008618332459200498,0.006571736257628537,0.015134548316285567,0.027329217766788212,0.03396971164986269,0.04339579425841484,0.022603486787713782,0.03161132068119939,0.03696259701387374,0.029710454995749813,0.030424396682232128,0.025536563047593348,0.04354473097527309,0.0415763945202568,0.02869436468763849,0.028261311228481703,0.028806377898499366,0.027936953374787958,0.025903936406090844,0.02611633046270093,0.021837587965855068,0.03861996461083888,0.03771106140451622,0.037492574628706477,0.0368417006173712,0.03598744115957735,0.03750588472639835,0.013705305335341483,0.019139454613525172,0.020829581856186705,0.01764323310835925,0.02091543708983317,0.02144551665526281,0.00904175109994808,0.006182282329861291,0.0060216681138886095
MURAT_202002_MRE_2_night,0.02239979019264119,0.016583593233200536,0.02128495408896827,0.018355895510020252,0.02106419871538106,0.02132135012376882,0.022371018277585166,0.02732493160922235,0.025496521516484186,0.02514222637116823,0.030651695886601084,0.028710331356243034,0.023433086871262478,0.020438988317551483,0.024258803276534877,0.01513130413140569,0.013929469208846107,0.01626898988837369,0.019727824037823416,0.015716161731166994,0.019155302337001592,0.028528233494930895,0.022162788940679315,0.024042859245339165,0.0278966053129772,0.037735378698881154,0.03342623941320485,0.033755426720630866,0.04672534407457953,0.042522947359284635,0.035999323789545436,0.0549188587633832,0.04713609157304246,0.03915223092736298,0.03916490127191246,0.04022414898575066,0.03810177779910658,0.0386012886816895,0.0397577985227237,0.0028078102371982675,0,0.011922426699749505,0.004253514066370464,0.0016860566041033648,0.016621027685407925,0.01081905868655925,0.007961850999979907,0.016154316239111267,0.02534345482370792,0.03181791685071618,0.04180960891109629,0.020407719193151576,0.029513866409652263,0.035531393750551116,0.030765508321809028,0.03139332489308298,0.026487456206508088,0.04557003422824679,0.04359859428311652,0.03003365455322803,0.030056048577654364,0.03052649038096851,0.029490945475033694,0.02730720907036114,0.02738565663996456,0.023249893546155788,0.036874611912437606,0.03604987486658132,0.03589047540474002,0.03507506963454888,0.0343330724096404,0.03589091108748215,0.01565693484027103,0.02130581392754412,0.02267326964159384,0.019543286669204938,0.023006246707407696,0.023457607292213432,0.008922867347277371,0.007374224689051359,0.007279131567143312
MURAT_202002_MRE_2_twilight,0.028403724541055105,0.02281959038183227,0.02710171917632764,0.025319417509242863,0.026188993428761364,0.027365510186513828,0.028549736358944446,0.032235442260541564,0.030970388674989045,0.031813207578548275,0.0372115066580525,0.03521323265578416,0.03095859913827689,0.026561481896737616,0.030900380028152243,0.022950800668043128,0.02133587875808506,0.023401003363123334,0.026918627697605897,0.0231661208446387,0.025077971347309675,0.03497919514091994,0.02887923429149428,0.03129788158167134,0.029564523298497746,0.03925188704904163,0.035264763781319854,0.0354756730421203,0.047867017887290336,0.044065913574098385,0.03735922723998683,0.055577183558728,0.04823929700988902,0.040133736327856925,0.039782467490201416,0.040619118999463036,0.03954921411803948,0.039767913431908844,0.04031540657793505,0.012959553108684714,0.011922426699749505,0,0.01299433897250293,0.01170956250709736,0.00587140821128125,0.015743222687418096,0.013996572879962916,0.010205792141976698,0.028364796557543356,0.03366504749256637,0.039088967451604145,0.02535450771423166,0.03227492819353356,0.03261426359240263,0.03742052125185589,0.038068010351427733,0.032909266467097964,0.04833830600872205,0.04657019795386346,0.03101264395102471,0.03511566202741574,0.03535565241944182,0.03480703339258618,0.03367974986071219,0.033945560305749516,0.029030391822639744,0.03824274773192684,0.03650355241022794,0.0355340920636282,0.0362888805021777,0.03436260367421284,0.035509252259623834,0.019639984541505593,0.025257751479766322,0.02632458518566781,0.023195714824671095,0.027464492420435888,0.027201700086371374,0.016055236382679455,0.014508118536667974,0.014409552542603565
MURAT_202002_MRE_3_day,0.02242499935842411,0.016990854492166245,0.021526447113359586,0.019731224104170452,0.021428666878022286,0.02204524254677848,0.02275636919664437,0.02710330011634645,0.025456391424836387,0.025711818304276945,0.03131236551749348,0.029276022881383486,0.024162131919443608,0.02101315312103944,0.024726462237236565,0.01679263175051311,0.015771478705284975,0.017874837747467436,0.022196532427459177,0.018099666067660763,0.020709407570258083,0.03141660884279907,0.025011700922993877,0.026530343455027482,0.025955785313346445,0.03571837544587245,0.03132826566788439,0.03173077042756234,0.044764711502794784,0.040488522118480835,0.034033070547541705,0.052999944785944754,0.045203516813583026,0.0407893253089366,0.04078789782653056,0.04169669370473443,0.03982365773304882,0.04029494396892526,0.041295371751787074,0.0028634529204489257,0.004253514066370464,0.01299433897250293,0,0.003962228344742564,0.01572375149731228,0.007235198578852537,0.006394395091583751,0.014203963902201347,0.027195703053149622,0.03372322204906931,0.043200482769306235,0.02322359284694493,0.03185442253842693,0.037024650081767044,0.03050570612288096,0.03125104107099116,0.02635676936546828,0.043522024478931144,0.041561301009865284,0.0282528086265099,0.028786978717931545,0.029368228330214526,0.028550608829379983,0.026728303168602606,0.026972734897928355,0.02264301092408679,0.0384701983229953,0.03736013876774755,0.03699384578123332,0.03665979443414303,0.03559820418263933,0.03708294093549872,0.01348575562077752,0.01916475455582418,0.02049999563800676,0.01737482519971315,0.02093994707227015,0.021292177064803512,0.008642248176221943,0.005904676388784573,0.006426769167312981
MURAT_202002_MRE_3_night,0.02312472073142738,0.017252175414414327,0.021974127735567957,0.019309652979352745,0.021940286121645624,0.022212563630893203,0.02318652816285113,0.028058150509689635,0.026226632378451457,0.025995542243071802,0.03143748773352094,0.029509118867573757,0.024620160522799642,0.021533011549940105,0.025323301876459325,0.016595422273641296,0.015286181192436106,0.01759257455421444,0.020546878250132503,0.016494126749453032,0.019992838191309526,0.029598971003009452,0.023141617044182484,0.025275262385160976,0.02803254842720079,0.037847406264393035,0.03357318284817365,0.03388566821186977,0.04683146092577478,0.042645911440204194,0.0361048600871444,0.05502500596881057,0.04724236670464713,0.03861073938937243,0.03859949351067536,0.03959171371570708,0.03774736162537742,0.038276803916600335,0.03928828283845501,0.0030674350402799893,0.0016860566041033648,0.01170956250709736,0.003962228344742564,0,0.01592629800774316,0.010825901590594546,0.008329530981194903,0.015689602672243067,0.02493501766280381,0.031284293375057524,0.041196835023765845,0.020421974576431714,0.02927486965561872,0.03510312542378455,0.031240168032454343,0.031840742208494935,0.026964567593702245,0.045855887880177894,0.04388839483745379,0.030159338076640826,0.030478176784183214,0.030947673812371596,0.029916156110900968,0.027870272014702564,0.027909413513654557,0.023774275952409333,0.03633688840307728,0.03531729007984064,0.035070770633370656,0.03452017062811286,0.03356219464214953,0.03515501284131356,0.01636061133597937,0.022031434533429543,0.023379758502104296,0.020202645355061562,0.023694926699524582,0.024113631665264243,0.008398177702371348,0.0074293390168525455,0.007473477482350741
MURAT_202002_MRE_3_twilight,0.03200345637135455,0.026298606625032025,0.030661479647859917,0.02966848036169159,0.029883614264847324,0.031082516721606276,0.03245482832526112,0.035267887353973765,0.03430448848302362,0.03572715253590262,0.04102137647462417,0.03898842462930662,0.03478320864669481,0.0298561700673202,0.0344023667451594,0.027447168683865358,0.025952420918936712,0.02785049702492609,0.03172546316448581,0.028503360821156655,0.029177934591031733,0.039667866788900295,0.03396314775393667,0.03589478652085429,0.02929422544650357,0.03887839878965019,0.034951309690306596,0.0352073483489472,0.047412785623171916,0.043703011856622724,0.0370123927059416,0.055067410418163265,0.047797593412729746,0.04066312202045918,0.04015381414603227,0.04069598462639815,0.040231711642262705,0.0403337331066225,0.04034166055331663,0.01707024561920782,0.016621027685407925,0.00587140821128125,0.01572375149731228,0.01592629800774316,0,0.017413222828396174,0.017545815946100024,0.009140554813109856,0.02991600931823417,0.03509292250193393,0.040066453746784116,0.028635608853112934,0.03455031726977974,0.03396689109865915,0.04056055617813545,0.04129088295398062,0.03613830003143284,0.048356291200535806,0.04658896800155154,0.0320754412938022,0.03743286740329722,0.037959859889971234,0.03764344196271781,0.03683173593174617,0.03765620343802253,0.03229823818190719,0.03940837562331386,0.03686006667873419,0.034953159869115416,0.03737787853344683,0.03461063526904847,0.03507316983966522,0.021141106256022914,0.026189736085893117,0.027116106596068397,0.024123043045847163,0.02863950080956353,0.028059695959887544,0.016796901696429972,0.016474199068255986,0.017044906399631955
MURAT_202002_MRE_4_day,0.020267559905674547,0.016480027331681794,0.01976650779788423,0.01895227269708198,0.01939133980306936,0.020263900167131945,0.021219275810257232,0.024204149711067928,0.023169046984600677,0.02413222970989848,0.029543581958989283,0.027395576507896646,0.022161122836208826,0.01924635381850355,0.022790429930555613,0.015619807373185472,0.01707157210135593,0.018230713171126078,0.02319133710218847,0.019785344051277437,0.02154603467384081,0.0317936243978128,0.025626372981464654,0.026031302497180206,0.020844149173631255,0.030421708119028685,0.02586647981835176,0.026453884710900565,0.039512048588494386,0.035165719054967244,0.028807388713537566,0.04779009850149958,0.03999268588354878,0.047115329116027685,0.047167037392364365,0.04809446538982378,0.045965583417610034,0.04634054369699679,0.04739989778876129,0.008618332459200498,0.01081905868655925,0.015743222687418096,0.007235198578852537,0.010825901590594546,0.017413222828396174,0,0.004557448122327292,0.015213326824445,0.0335669230314781,0.04047858654761474,0.050085733938969444,0.02953043639500991,0.03845636424269142,0.04332312201095002,0.02812340203763812,0.02892264832516934,0.023962729757917363,0.037800897853539274,0.03583306894599094,0.02477376103508126,0.025164709552768085,0.025673131129909817,0.02533079388769288,0.02371157466211395,0.024405579561821177,0.01974267803131478,0.04493640148852467,0.04402594800865786,0.04339688738258308,0.04316122105257466,0.04231831631898766,0.04355221154746204,0.007852394894083358,0.01266474775057414,0.014189858417485159,0.010766970833576275,0.014925149341624274,0.014896394769202426,0.013840901490938355,0.008196593093362133,0.008140245906114488
MURAT_202002_MRE_4_night,0.01951169888894113,0.01498962508507169,0.0186369409351899,0.01720894226342688,0.01778937516998171,0.0187686829412781,0.020001466259566676,0.02326395211675837,0.02214563188100878,0.023029396370658463,0.028290597715558842,0.02624207958900444,0.02131695761475877,0.017701052848778494,0.02166892160942734,0.01428022267594406,0.014729243790694138,0.016201385524577186,0.020005447787337042,0.016695158089518797,0.018998012437350716,0.02859171806405535,0.02233411147525484,0.0231628845844499,0.021649586171206325,0.031335067401555124,0.02690697231610185,0.027352507510867537,0.04040590493783864,0.036092814023338984,0.02968050892949934,0.04866314939842338,0.040864263951360856,0.04580371951844313,0.04581876408536102,0.046768794787936885,0.04475344747299383,0.045165499487685806,0.04627563013589371,0.006571736257628537,0.007961850999979907,0.013996572879962916,0.006394395091583751,0.008329530981194903,0.017545815946100024,0.004557448122327292,0,0.014349012175144504,0.03237803043105643,0.03896411745016294,0.049104961049409125,0.027780196155453286,0.0369362277691976,0.041960052839577315,0.028153981194691896,0.028868311710348028,0.023835461361977155,0.03909231576952744,0.03712387647370949,0.025197059627188885,0.02576768988093843,0.026074781307193914,0.025606278562682848,0.02399611988388102,0.024391268538661245,0.01978976105505619,0.04345561398203935,0.042771428664611984,0.04260635062749567,0.04171723841664202,0.04121724135086204,0.04251964600983471,0.008822030182269446,0.014425786175688408,0.015761817453193664,0.012561095822990757,0.016673711340846775,0.016636568767456745,0.01418732997127352,0.008707943624863289,0.007389586290352779
MURAT_202002_MRE_4_twilight,0.028674631540815253,0.023913679987949105,0.027883432756274022,0.02735602604821386,0.026827677386897206,0.02797247236447236,0.029214664573551194,0.03145657026589841,0.030812102388930455,0.0323050870521582,0.037546811295293726,0.03556408142745624,0.030828918858866208,0.025988995728928346,0.03034691533704887,0.025305672093618246,0.024247190822483593,0.025772271720874793,0.03057454781398475,0.027964759207583224,0.02672341451873125,0.03809322240645282,0.03349922916676458,0.033703690591930076,0.022250729799818476,0.03204963684599029,0.028081606969753762,0.02827663729933062,0.040649033411962056,0.03686501278787896,0.03016118167850153,0.048353163949924505,0.04102211632289509,0.04548946310272651,0.04514140487442287,0.04594941815713567,0.04473079108474104,0.044871900695828144,0.04539613584547345,0.015134548316285567,0.016154316239111267,0.010205792141976698,0.014203963902201347,0.015689602672243067,0.009140554813109856,0.015213326824445,0.014349012175144504,0,0.034388105401626706,0.039539658616327175,0.04550282253614089,0.03185064442706037,0.0383594884164324,0.038947522459277926,0.03698319151328697,0.037890330877648294,0.03268593801252896,0.042373945182882664,0.04005102634960478,0.024918850588524912,0.033429409818824744,0.03398485468793908,0.03383920427179081,0.033169127768626204,0.03450401363000319,0.028847910474817575,0.04367936292405522,0.041558791661823316,0.04024459977991653,0.04169032699829561,0.03938172215434764,0.040102319699954675,0.01575898765000657,0.018816730389446017,0.019203013730678193,0.018064271529260604,0.02209273293504493,0.021058044562460274,0.020405861162333894,0.015830890817802704,0.0152963501852579
NINGALOO_201909_NGN_10_day,0.04502336763821628,0.036987328500074926,0.043343054254006995,0.040266891854750915,0.044006474650480513,0.044014585288613926,0.04552213494198066,0.05084173336551502,0.04900186270730306,0.047595836948051654,0.051872215199745296,0.05017584784491834,0.045940780304534,0.043967038613834976,0.04732595796322265,0.035952254480148965,0.03341172227909906,0.03576600020305239,0.0373468810814641,0.03492072397693205,0.03839668732784887,0.042516042485157515,0.03785743579796006,0.04125335016270291,0.0508936430827846,0.06076081049017079,0.05663295439451083,0.056870297757895434,0.06960499028566795,0.06557456863970294,0.05892528924999223,0.07762667396470645,0.06997122967764074,0.016418505957102612,0.016360280457669792,0.017609399831158473,0.015086664196713458,0.015291403451164188,0.016244095507538688,0.027329217766788212,0.02534345482370792,0.028364796557543356,0.027195703053149622,0.02493501766280381,0.02991600931823417,0.0335669230314781,0.03237803043105643,0.034388105401626706,0,0.007468560893607018,0.022140204940932127,0.008083980671496767,0.009053283359078278,0.019279586813200016,0.05039362337822756,0.05107713598658481,0.04689205814355799,0.06943389730371675,0.06751916767372622,0.05243590160733875,0.05315085914022868,0.05386175622465964,0.052321003714152006,0.04897153719905304,0.04862601296143225,0.04526014560184876,0.015011947526124872,0.014979154538432835,0.015616838457906549,0.013615443541108323,0.014567272738753603,0.015045290368115182,0.03933198070380432,0.045409078360663255,0.046346401730583194,0.042580856432233666,0.0466967080911842,0.046959734642662766,0.021760492295671813,0.02859243592931325,0.029600103412460037
NINGALOO_201909_NGN_10_night,0.05120579680262756,0.04315199762462418,0.04927199038328899,0.04632723818599562,0.050281799351448477,0.05020090327178313,0.05172359743833336,0.057120835390869394,0.05509394137179958,0.05390243333700641,0.058060888589846725,0.056344938724161776,0.05260639742689125,0.05048819531400298,0.05383150425131877,0.042668812152371345,0.03984084765163842,0.04208494576499198,0.04266437440693873,0.04080593828599443,0.04464251257671268,0.04721049647887147,0.04265048133935174,0.04663958071288074,0.057061518822295,0.06686184541450575,0.06278348338926933,0.06300247106091458,0.07564045909545468,0.07167841395232318,0.06499008313175567,0.08362721483941968,0.07600166627026096,0.01426034772029057,0.014292884109684134,0.016112204237824113,0.013545216068912852,0.013661440828324434,0.01502532597612893,0.03396971164986269,0.03181791685071618,0.03366504749256637,0.03372322204906931,0.031284293375057524,0.03509292250193393,0.04047858654761474,0.03896411745016294,0.039539658616327175,0.007468560893607018,0,0.018052551584711828,0.01377942027987735,0.007163865774884594,0.01844670061157381,0.056020363197266644,0.0570515164048455,0.05299728145081069,0.07564229900865416,0.07372683462131108,0.05854670663880405,0.05957947341807254,0.06010910791443065,0.05842375413961241,0.05515028501722166,0.05418057371583471,0.0513340832773756,0.012253784331817239,0.011737111165024506,0.013594183564387019,0.011325110566808835,0.012002867128064273,0.012841621988787216,0.046429073822626725,0.05242253461629018,0.05338724722102462,0.04976003915643233,0.053754595319717234,0.0539482693569886,0.02872352668776631,0.035814375605722565,0.036812196932278725
NINGALOO_201909_NGN_10_twilight,0.059993833372313364,0.05325007521723917,0.057661248970693864,0.05569886153399268,0.058992549294755676,0.05885399763400541,0.060554640016505686,0.06584107145953293,0.06374309531475046,0.06283626393714822,0.06738425293056001,0.06530959458546344,0.06190102350076653,0.05921542313374596,0.06266204328598647,0.05204602684210394,0.04970588916278456,0.052085991851801745,0.055187597822303085,0.05115080843789556,0.053527612955178445,0.06112631524834548,0.055405547284403424,0.05986609744699063,0.06594962328938267,0.0753970501306082,0.0713708128449944,0.07172199997158384,0.08407275034755378,0.08021251811879579,0.07354506538136868,0.09186364658599197,0.08443825141593106,0.02799441856075544,0.027815725003021517,0.0296213687911307,0.027074523015345634,0.026859628516710365,0.028228978615602855,0.04339579425841484,0.04180960891109629,0.039088967451604145,0.043200482769306235,0.041196835023765845,0.040066453746784116,0.050085733938969444,0.049104961049409125,0.04550282253614089,0.022140204940932127,0.018052551584711828,0,0.02470260391214124,0.018283465873490456,0.008894717903061577,0.06813787949878249,0.06873416543912489,0.06409270884233392,0.08433215785357372,0.08241497346555074,0.06700832645863951,0.0687693805558504,0.06914851555149915,0.06743158929567374,0.06590123002789666,0.06533726459028083,0.06121713111406478,0.02650773926449202,0.024320712182293435,0.025924449342464958,0.025082780737876155,0.023612400463695976,0.02494952263985179,0.055867372566118505,0.061823903636433156,0.06281327439246388,0.05939721509509275,0.0632838309121395,0.06349435680958306,0.038898093623537106,0.04552368368011189,0.046506780016359266
NINGALOO_201909_NGN_11_day,0.03969565743847961,0.033302344795872636,0.03813072364740933,0.03466718034644127,0.038542186952252165,0.03837402095905913,0.04010930411418377,0.04560885249684484,0.04378518102520063,0.04192402733744543,0.046680158833349375,0.04478320270861423,0.04014626735469797,0.03836811804847091,0.041603269662039546,0.03004690372207925,0.028557576126538548,0.03088798551386734,0.03294538069592446,0.029775775098757378,0.03297962444998043,0.038457967759409045,0.033586889718007946,0.036474968109906886,0.04711641818758223,0.056984167686515264,0.05274980707095353,0.05304787782970278,0.06591464852979122,0.06179586243285065,0.05520325254304731,0.07403086374724667,0.06630485872851222,0.02387452140530157,0.023901067633452254,0.025177681429575594,0.022081661915055718,0.02220166553670015,0.023151774382037766,0.022603486787713782,0.020407719193151576,0.02535450771423166,0.02322359284694493,0.020421974576431714,0.028635608853112934,0.02953043639500991,0.027780196155453286,0.03185064442706037,0.008083980671496767,0.01377942027987735,0.02470260391214124,0,0.010947033161353533,0.019571819176685514,0.04776566427300451,0.04845166550965059,0.043790967165384505,0.06513524284650124,0.06317978842414569,0.0476019009379284,0.04849734952442316,0.04911874076806048,0.04756633113023291,0.044678811305533916,0.044721551976736766,0.04085516608813694,0.022510100593502492,0.0227162986670647,0.02323818911106624,0.021223529079149876,0.021983500732086235,0.022726609753924987,0.03426607620291915,0.04009821035773099,0.04127957041661869,0.037826614629580806,0.0415448900373984,0.04204057692655768,0.018862207000309487,0.024192312219892553,0.024742615336732422
NINGALOO_201909_NGN_11_night,0.04885854679568349,0.04130095498443879,0.047018145398029045,0.04396902379721595,0.04786141502461872,0.04768643809056207,0.04922375260123072,0.054789516298601224,0.05284849032796403,0.051098075074829975,0.05561041551609486,0.053632009352087305,0.04950853034516661,0.04760753719074916,0.050773102404954196,0.039414230271694585,0.03685488656193066,0.038973017627013364,0.04162402267036421,0.03861938592250355,0.04182543138569786,0.04557898507071517,0.04148087042631746,0.045517163455517644,0.05592095136607071,0.06579111038054285,0.06162127318419123,0.06187627141008482,0.07465087507770755,0.07060535030754363,0.0639688008635676,0.08269114221229616,0.07502129289736191,0.01995428833711772,0.020088076298884306,0.02217876871589571,0.01899857452561368,0.019173695365689893,0.020818622058785614,0.03161132068119939,0.029513866409652263,0.03227492819353356,0.03185442253842693,0.02927486965561872,0.03455031726977974,0.03845636424269142,0.0369362277691976,0.0383594884164324,0.009053283359078278,0.007163865774884594,0.018283465873490456,0.010947033161353533,0,0.013874349603276836,0.054795845980472206,0.055875356970024326,0.05185594902250877,0.07418920933686617,0.07223932365367673,0.0566536928433189,0.057633620780456495,0.058191277219445156,0.05655755201651825,0.05278931898003386,0.051926393140099926,0.04893723224873073,0.017657301587295803,0.01686316169715292,0.019142396377377868,0.01683758459175708,0.016873206523748623,0.01829861497023327,0.04413798941520036,0.049938113621657156,0.051149856842089884,0.047749317092214784,0.05140650948512105,0.0518371121430795,0.027530942847989688,0.033584365589466356,0.034378081909261386
NINGALOO_201909_NGN_11_twilight,0.05377051597795583,0.04823657908880901,0.05224005004358781,0.0494889964994502,0.05229952056549365,0.05223077626260703,0.05400893955822473,0.058976976819121146,0.057123703508756216,0.056652136570299286,0.061719907969938564,0.05957534165253477,0.05542111324689685,0.052400163343332744,0.05599980189002489,0.045755656895979685,0.043924268176037506,0.04620162001999174,0.04873741249466808,0.04471045945859707,0.04708811442444264,0.05542326017342532,0.04970981329713103,0.05365538451294824,0.059265789816540036,0.0690547615111454,0.06501236519873306,0.06522344432859847,0.07775278659078247,0.07386958081268793,0.06716776089665355,0.0855685634721634,0.07811723146392681,0.03101975413997949,0.0308665767461521,0.03262858009733003,0.030037688299487567,0.02989821939776556,0.031160168925701483,0.03696259701387374,0.035531393750551116,0.03261426359240263,0.037024650081767044,0.03510312542378455,0.03396689109865915,0.04332312201095002,0.041960052839577315,0.038947522459277926,0.019279586813200016,0.01844670061157381,0.008894717903061577,0.019571819176685514,0.013874349603276836,0,0.0635056191218412,0.06420104447320453,0.05941033342094696,0.07787150811610477,0.07596692851941732,0.06044397050624234,0.06260985749110896,0.062748869104301,0.06185337678565859,0.06054692712173811,0.06007378085757429,0.055631787975301085,0.029536191489701703,0.027362276691853354,0.02889520881704072,0.027929650779743444,0.026522083126378458,0.027888667945071156,0.04861817718870659,0.05456250361764146,0.05559227358525817,0.05223151597828121,0.05599437281534849,0.05627053395620095,0.03413475435187828,0.03913204645604283,0.03963161873590917
SIMP_201808_WP_8_day,0.015590896167974636,0.019735323467477153,0.017164665714205784,0.019048502189382525,0.020071218257120573,0.019121677557728325,0.016730394480083403,0.019370448116137425,0.018460169561492604,0.015435215334612243,0.01651876793358116,0.016835352862789824,0.01656513828954694,0.022693871306884716,0.019993328511838635,0.02281261706068094,0.02428037554779633,0.02166339529323721,0.027345600167431518,0.027866395108322256,0.02913504947101772,0.030099229593432898,0.027506222088837212,0.028434909283232265,0.025625178932238195,0.027209859291908344,0.023726664712321936,0.025117243040696405,0.03426601147964472,0.030598881771268276,0.026445301301673944,0.04155697729097045,0.034778454289360126,0.06351976922582858,0.063444902035446,0.06441950670243389,0.06289290119203364,0.06345603336327815,0.0644786497388886,0.029710454995749813,0.030765508321809028,0.03742052125185589,0.03050570612288096,0.031240168032454343,0.04056055617813545,0.02812340203763812,0.028153981194691896,0.03698319151328697,0.05039362337822756,0.056020363197266644,0.06813787949878249,0.04776566427300451,0.054795845980472206,0.0635056191218412,0,0.0027352619020305897,0.006580348031017381,0.023758699351951018,0.022431966942579155,0.022708657011337452,0.008200480568442949,0.008383735529707451,0.007706288350478386,0.00611556286717925,0.006359135764071114,0.010873416598876745,0.0615162253871809,0.0602243645224176,0.059824267099684,0.059629442886462235,0.05833103483946234,0.06006484427963009,0.029200149631333164,0.025502489705639796,0.025298798101879225,0.028603536491893237,0.023728997466026084,0.02443032534744074,0.03667718247199497,0.032289724477058156,0.03170624493645428
SIMP_201808_WP_8_night,0.015379880080096437,0.019889134605200476,0.016836923631153154,0.0187825914039882,0.019117512084384503,0.018358129876288095,0.016277735114612113,0.018145931643164876,0.01728809411992413,0.014936175383778016,0.015130795421969559,0.015475168413530102,0.01599097566601,0.021727073714975783,0.018807015378635227,0.02322355113994716,0.024688040898479185,0.022029445315433528,0.02654523490604282,0.026981355072382363,0.02835055233011545,0.029745379281178392,0.026763484183507873,0.027842704149136328,0.02667950571574558,0.026381812163311532,0.023988138512491944,0.02534218059784085,0.03319700090893539,0.029634703596887753,0.026707879633517596,0.04036534183894917,0.03370434687019141,0.06466837379271247,0.06459443539843598,0.06559236613964031,0.06400200301723183,0.06455769844653117,0.0656261066059988,0.030424396682232128,0.03139332489308298,0.038068010351427733,0.03125104107099116,0.031840742208494935,0.04129088295398062,0.02892264832516934,0.028868311710348028,0.037890330877648294,0.05107713598658481,0.0570515164048455,0.06873416543912489,0.04845166550965059,0.055875356970024326,0.06420104447320453,0.0027352619020305897,0,0.006449433546950473,0.02291866740620861,0.021543169816894272,0.021756315032788645,0.008247651058089837,0.007715879176548493,0.006934638333889926,0.0066251305884579195,0.006365386747560054,0.011236113595766239,0.06264401156456853,0.06141418756305737,0.06102351229689916,0.0607793381997515,0.05951243546870795,0.061235228691934866,0.029897845735013463,0.02576572044848685,0.02565784726838872,0.029412431314155878,0.023916271369764222,0.024952205968272162,0.03747504531010662,0.0330348593188972,0.03243189571090298
SIMP_201808_WP_8_twilight,0.012121732346601055,0.015264543197723641,0.013058525289180315,0.015338191376907043,0.01585664438920005,0.015115172934735736,0.01334366359191962,0.015224696124614289,0.014419692809932792,0.012321129574476982,0.013316307309847506,0.01350947698390557,0.013115562476216541,0.018238038411146004,0.015849343022219884,0.018567594855653503,0.020259152230549807,0.017863057862065327,0.023176449395280272,0.02366444175479488,0.024977304500649333,0.027149907657257326,0.023585578420051594,0.024867312299143518,0.02186903001180089,0.024521894027469127,0.021318826954604797,0.022944223457938822,0.03172619699369797,0.027799452549043147,0.024058282858747237,0.03973717292194411,0.03246889346797577,0.06066608009040815,0.06059383413129613,0.06161476785963266,0.05997289344281893,0.06049316687033248,0.06159857466151446,0.025536563047593348,0.026487456206508088,0.032909266467097964,0.02635676936546828,0.026964567593702245,0.03613830003143284,0.023962729757917363,0.023835461361977155,0.03268593801252896,0.04689205814355799,0.05299728145081069,0.06409270884233392,0.043790967165384505,0.05185594902250877,0.05941033342094696,0.006580348031017381,0.006449433546950473,0,0.026178684027408777,0.02446054871288328,0.01941845280792682,0.009554373479429031,0.0091893320775799,0.007544390373260087,0.007511561821926901,0.006959745619980622,0.006814383602819366,0.05866387446091938,0.057456153113299324,0.05706863871972677,0.056808013125102384,0.055553861494723744,0.05726127180127222,0.024984995945747632,0.021533696414544508,0.02138094003268644,0.024665548823140968,0.019856799436159804,0.020646262785993217,0.0329181760522999,0.028137420808043986,0.027492317024944903
SIMP_201812_WP_12_day,0.028958605088561004,0.0375622486967859,0.03220417606512594,0.03430650931643292,0.030403203782465717,0.031404275999333355,0.028584570165041814,0.023979437984096946,0.02646354369701402,0.028160804885302745,0.026174759357637307,0.027941485771216187,0.029847558735025682,0.031969067982036546,0.02965290910328788,0.03927698153635357,0.041386892351308,0.03961770852265536,0.04040347675443983,0.03995140425853962,0.036940768925506205,0.047460528580300095,0.04379687586700568,0.042500531432887435,0.025286689956473207,0.02168233309360683,0.022135876969162784,0.02179765771915772,0.01966053692887558,0.018993995323796708,0.022094762437643873,0.022472363403424435,0.019672191800125777,0.08220433184144352,0.08206083105374741,0.08276674371464421,0.08180163961103236,0.08238089386865542,0.08290495259131446,0.04354473097527309,0.04557003422824679,0.04833830600872205,0.043522024478931144,0.045855887880177894,0.048356291200535806,0.037800897853539274,0.03909231576952744,0.042373945182882664,0.06943389730371675,0.07564229900865416,0.08433215785357372,0.06513524284650124,0.07418920933686617,0.07787150811610477,0.023758699351951018,0.02291866740620861,0.026178684027408777,0,0.004083755691469749,0.023044644536005073,0.01870824439627891,0.018585778616245507,0.02139500390811266,0.024845335304751533,0.02596712723632136,0.028812563284258925,0.08089529654121583,0.07918878550425633,0.07780515416226,0.07899359279361667,0.07724418285485589,0.07846057291938192,0.03513375281297932,0.030246544892578987,0.029339645934965183,0.0335761332185443,0.02999930789663383,0.02946942541537815,0.05083653401856884,0.04410397553267466,0.04292593280445816
SIMP_201812_WP_12_night,0.027770069116283633,0.036321371105628046,0.030968138030414226,0.03282430248231262,0.029045911306172522,0.030044231325176425,0.027236381935861007,0.022769495920847642,0.0251871434867276,0.026790113921708197,0.024829320457948143,0.026562138695332596,0.028614004413669177,0.03110994728361089,0.028651411400345914,0.037964606603593125,0.04039466921795023,0.038440432648083986,0.038406328353072464,0.037932901051140694,0.03486382947320692,0.045520986784018135,0.041802657380007234,0.040529835397192515,0.023814098249928965,0.02026987419958581,0.020529870563891866,0.02059000798192306,0.018877523000445835,0.01801001934917139,0.02106432006013963,0.022048262417686093,0.019078882786218974,0.08043260859348282,0.08029870494295532,0.08102716012834664,0.08001442252406901,0.08058886475832894,0.0811591385989569,0.0415763945202568,0.04359859428311652,0.04657019795386346,0.041561301009865284,0.04388839483745379,0.04658896800155154,0.03583306894599094,0.03712387647370949,0.04005102634960478,0.06751916767372622,0.07372683462131108,0.08241497346555074,0.06317978842414569,0.07223932365367673,0.07596692851941732,0.022431966942579155,0.021543169816894272,0.02446054871288328,0.004083755691469749,0,0.020752499240253144,0.017398345469428755,0.01720130817546416,0.02020265795976447,0.023620588010784163,0.024649111743076796,0.027401192726038248,0.07900061312024477,0.07732994658821887,0.07603745958466675,0.07709908661288445,0.07538615996809188,0.07665104440359406,0.033552348267629484,0.02845075835316787,0.02755510187371501,0.0318796740795763,0.028302461850205882,0.027757252550848356,0.04899939859428661,0.04263477359147222,0.041510468392748266
SIMP_201812_WP_12_twilight,0.020760487609458853,0.021127161816052842,0.019074471431983587,0.023955561640120145,0.019685965749828366,0.02005927404704578,0.02139526885063444,0.019685111512302494,0.018395020277066288,0.023168362570513308,0.025091331288196916,0.02241663829486885,0.023216691283902028,0.018549366592865893,0.020035281473623802,0.026919885359515217,0.02493732777843828,0.024812839131729516,0.031411679572133686,0.028948961225517586,0.02618777186189761,0.04017377895715461,0.03515409061969058,0.03500549462416449,0.014225659014631587,0.013780151852309418,0.012442591778787189,0.013155809640339206,0.021181077787596772,0.01744706357484128,0.014345469531925475,0.029192228245456833,0.021740033913418357,0.06590021118120233,0.06580508349845691,0.06666547394685163,0.06536115589006276,0.06590618434484607,0.06671310940441877,0.02869436468763849,0.03003365455322803,0.03101264395102471,0.0282528086265099,0.030159338076640826,0.0320754412938022,0.02477376103508126,0.025197059627188885,0.024918850588524912,0.05243590160733875,0.05854670663880405,0.06700832645863951,0.0476019009379284,0.0566536928433189,0.06044397050624234,0.022708657011337452,0.021756315032788645,0.01941845280792682,0.023044644536005073,0.020752499240253144,0,0.017634389460926794,0.01746012668108151,0.01706209053141958,0.02231013788514064,0.02305259962465609,0.018923882033808802,0.06387107038141296,0.062439194241680644,0.061874806355658105,0.062014670244204324,0.06052316152392461,0.06215179876407998,0.021021088905480562,0.016688555956842883,0.01662891799442408,0.021793181554366114,0.018725291875926118,0.018035218722305894,0.03518409035684813,0.02997121661759075,0.028560571344711867
SIMP_201906_WP_6_day,0.012264223427259581,0.02104245809924927,0.015646190208637573,0.017550128760716488,0.01610955056730341,0.015735388693072706,0.013355129126189837,0.013831004654406386,0.01400499064778642,0.01235843644501299,0.014222680793934106,0.014288815659542195,0.013137002197315352,0.017483223483015786,0.015342051336906004,0.021611394865410666,0.024409208948199503,0.021919053672001008,0.025628679358196575,0.02628914390635102,0.025680510988524852,0.03095703298134269,0.028103381641523404,0.026976254152531354,0.020646073848525057,0.0210578115920486,0.018739245662784787,0.01914255962294005,0.028017207414197144,0.024217641236017388,0.02098630814177754,0.03554500934948359,0.028539111904122498,0.06676766094682235,0.06672516106767222,0.06767455712402212,0.06612991186420755,0.066659769550195,0.06759023669676315,0.028261311228481703,0.030056048577654364,0.03511566202741574,0.028786978717931545,0.030478176784183214,0.03743286740329722,0.025164709552768085,0.02576768988093843,0.033429409818824744,0.05315085914022868,0.05957947341807254,0.0687693805558504,0.04849734952442316,0.057633620780456495,0.06260985749110896,0.008200480568442949,0.008247651058089837,0.009554373479429031,0.01870824439627891,0.017398345469428755,0.017634389460926794,0,0.0026731760621056563,0.004203995695426539,0.006675098109660187,0.007954195853268387,0.01052182198341707,0.0647227901271962,0.06345154596463114,0.06300737088208987,0.06284457250182413,0.06159231161279228,0.06322240179927749,0.02490975535354084,0.020559067883651645,0.02029981466870706,0.024158399953517616,0.01885779739069983,0.019480378845584647,0.03584342650698154,0.03016929809819458,0.029288873859098872
SIMP_201906_WP_6_night,0.012640557095405004,0.021487261291070273,0.015869549375119942,0.017598121277188582,0.015178864975025484,0.015352378830511977,0.012964988635518978,0.012579860236035316,0.01290978320183141,0.01196977014309462,0.012771170078515744,0.013053549111884711,0.013548014013869843,0.016978470232295186,0.014763235931150979,0.022456330590929607,0.025205328833700004,0.022696084682570943,0.02479616239523265,0.025446174303055395,0.02466817205369723,0.030520546901790374,0.027477749218135374,0.026266548090135566,0.021635018892445724,0.020423010940169857,0.019327336294137538,0.020037004659373078,0.027163923429903345,0.023420935161891254,0.0217427254632173,0.03462367544772929,0.02767797847055177,0.06755250112554956,0.06748099119714424,0.06843448884202849,0.06691525850602027,0.06744123642874149,0.06842114677246967,0.028806377898499366,0.03052649038096851,0.03535565241944182,0.029368228330214526,0.030947673812371596,0.037959859889971234,0.025673131129909817,0.026074781307193914,0.03398485468793908,0.05386175622465964,0.06010910791443065,0.06914851555149915,0.04911874076806048,0.058191277219445156,0.062748869104301,0.008383735529707451,0.007715879176548493,0.0091893320775799,0.018585778616245507,0.01720130817546416,0.01746012668108151,0.0026731760621056563,0,0.0036771545052185967,0.007302936675686001,0.007962553187833432,0.010524909123363438,0.06546074745846074,0.06423739626890447,0.06384047884106635,0.06361873376317737,0.062359893997911975,0.0640320743720509,0.02583246594794676,0.02146754413041541,0.02124017043357734,0.025162900666905384,0.019938330528693277,0.020477094684191757,0.03675736024737907,0.031178808100401585,0.030253240028821043
SIMP_201906_WP_6_twilight,0.010839706302036976,0.018018561243934476,0.01279837275649086,0.01652682007777641,0.014557390118926778,0.014242715393962673,0.012249486809175179,0.012549932694331696,0.011784570093287735,0.01135657970555298,0.011933860100895692,0.012041813514154218,0.012016836979738316,0.01587452387765279,0.013429974496614094,0.02068032099535788,0.022110409313455665,0.01974809455240033,0.02484131118163559,0.025182143028515198,0.025179584968521063,0.029873990483899614,0.02641525102009515,0.026453850049073708,0.021666237701349525,0.020580414649301954,0.018830980474374873,0.020183127344030875,0.02787609716223895,0.024025505220434316,0.021684449356836766,0.03569480081914632,0.02843879958995561,0.06604760532409505,0.06596797888071719,0.06690492149167002,0.06540327424764322,0.06592820006637275,0.0669244895647375,0.027936953374787958,0.029490945475033694,0.03480703339258618,0.028550608829379983,0.029916156110900968,0.03764344196271781,0.02533079388769288,0.025606278562682848,0.03383920427179081,0.052321003714152006,0.05842375413961241,0.06743158929567374,0.04756633113023291,0.05655755201651825,0.06185337678565859,0.007706288350478386,0.006934638333889926,0.007544390373260087,0.02139500390811266,0.02020265795976447,0.01706209053141958,0.004203995695426539,0.0036771545052185967,0,0.006650619274441755,0.0073704588949996975,0.00832114470432813,0.0639516157211676,0.06269459353571348,0.062285766161139566,0.06210797832231851,0.06079495367474684,0.06248071882998487,0.025108521934498265,0.020773170802684048,0.02066752764703832,0.024525712780674357,0.01897794071963197,0.019928077656148527,0.035501607343764195,0.029738183042369457,0.028785684287577305
SIMP_201906_WP_7_day,0.01193216470585248,0.018245675139251388,0.014687916045871193,0.015273724073182567,0.016720230548521158,0.01619614915213331,0.013427073360741665,0.016234464900668894,0.016187077850592035,0.01200988051573299,0.014532420933973857,0.015027164624316611,0.012736892754949193,0.018725159197549458,0.01646531489326331,0.018355297305453953,0.02072783869838945,0.017839477379127302,0.024330283209356898,0.024949658297953287,0.02549447124261387,0.02759948650553817,0.024909124208409256,0.025306603350594318,0.02273813485322853,0.02702309296538761,0.022882560993650825,0.023549873910406097,0.03437077490825264,0.030538247828202834,0.02534664538049655,0.04186479927531842,0.034895834898796614,0.06250974552999945,0.06256827612747398,0.06359458639976247,0.06151597186057961,0.06207677667192576,0.06319848911919507,0.025903936406090844,0.02730720907036114,0.03367974986071219,0.026728303168602606,0.027870272014702564,0.03683173593174617,0.02371157466211395,0.02399611988388102,0.033169127768626204,0.04897153719905304,0.05515028501722166,0.06590123002789666,0.044678811305533916,0.05278931898003386,0.06054692712173811,0.00611556286717925,0.0066251305884579195,0.007511561821926901,0.024845335304751533,0.023620588010784163,0.02231013788514064,0.006675098109660187,0.007302936675686001,0.006650619274441755,0,0.003298651288130344,0.007112541569757546,0.06023863178169159,0.05934102862375714,0.05910708707047993,0.058427797613618396,0.05760150967950591,0.05926919946253677,0.024083739650360352,0.02083977306167541,0.020858407871116123,0.023874110748140203,0.019398456931134827,0.02006531108196556,0.033250436623448495,0.02814722601721751,0.02742144831261694
SIMP_201906_WP_7_night,0.011896538085107421,0.01792525170074516,0.014182781029649701,0.015104802023923588,0.016526626171875444,0.015635638121254868,0.013196424123202426,0.016100179601725596,0.015572201279967076,0.012000069695104244,0.013728347159620341,0.014123854030018866,0.01292149750081893,0.018911737885303773,0.01644970836909437,0.01850985819204456,0.02044214649633553,0.017639206695805838,0.024189867145498048,0.02405041568262895,0.02534516662497363,0.02728533504351019,0.024332503786749546,0.025609097875993202,0.024431919518598383,0.027880619430572278,0.024154529464811503,0.02498668345357665,0.035064087160971175,0.031305231714438705,0.026535365791774408,0.042477816535665396,0.035574576931370616,0.06201542968634686,0.062016267159240336,0.06307406941945612,0.06142314295367932,0.062020964762208926,0.06312137485986387,0.02611633046270093,0.02738565663996456,0.033945560305749516,0.026972734897928355,0.027909413513654557,0.03765620343802253,0.024405579561821177,0.024391268538661245,0.03450401363000319,0.04862601296143225,0.05418057371583471,0.06533726459028083,0.044721551976736766,0.051926393140099926,0.06007378085757429,0.006359135764071114,0.006365386747560054,0.006959745619980622,0.02596712723632136,0.024649111743076796,0.02305259962465609,0.007954195853268387,0.007962553187833432,0.0073704588949996975,0.003298651288130344,0,0.006880087570508218,0.05973185181322775,0.058902457438084324,0.05869048850354673,0.057990352020041706,0.05716183934799642,0.05890315300207177,0.025467872424476914,0.02189144108826677,0.02209438402476344,0.02574330120417422,0.020656101005120282,0.02163839026424731,0.03368853057587733,0.028647610485355586,0.02791260182106985
SIMP_201906_WP_7_twilight,0.008699581413672797,0.012720251805699006,0.009428669896573084,0.011795933827504934,0.012264201737791657,0.011667766519738058,0.010092025165237462,0.012154024260403492,0.0113931236005116,0.010430683630966654,0.013394144511977487,0.011632457946784427,0.010663838798291263,0.014061520920800628,0.012251978639984501,0.014213934056889999,0.01569454589409302,0.013248683801885708,0.02034487569705222,0.02081502157092069,0.021269347254821446,0.02596705183226303,0.021433082849496903,0.023188965370029655,0.019106307552906352,0.02420657211491915,0.020324873988771624,0.02161291436562746,0.03265737531961627,0.0283018539756215,0.02322111764244664,0.040975237791754576,0.03324423243031251,0.058990742115358985,0.058963644418554416,0.05999737094956079,0.058362072320251854,0.058937507606031406,0.06003155865751348,0.021837587965855068,0.023249893546155788,0.029030391822639744,0.02264301092408679,0.023774275952409333,0.03229823818190719,0.01974267803131478,0.01978976105505619,0.028847910474817575,0.04526014560184876,0.0513340832773756,0.06121713111406478,0.04085516608813694,0.04893723224873073,0.055631787975301085,0.010873416598876745,0.011236113595766239,0.006814383602819366,0.028812563284258925,0.027401192726038248,0.018923882033808802,0.01052182198341707,0.010524909123363438,0.00832114470432813,0.007112541569757546,0.006880087570508218,0,0.05694722539089659,0.05583096478249244,0.05553049861914338,0.05510465275838617,0.054005858171401376,0.05572514470248658,0.020111931062154146,0.017169745225081988,0.017557649278977287,0.020528936659527552,0.0164777889912826,0.017263532895697254,0.02955346120446709,0.02430036044633002,0.023448331191069895
SWC_202201_SWS_2_day,0.057838056795137156,0.049488658299447943,0.056210078390389814,0.053463390661799996,0.057165232550540575,0.05721363075227687,0.05855176624681876,0.06372386227480001,0.06195013510544183,0.060479101486179784,0.06479173019844178,0.06307330672034074,0.05866853940248098,0.05655110859152218,0.060066303171770245,0.04907115684785265,0.0463919048019895,0.048778711874889795,0.04924791302183256,0.04852101331922695,0.051758193859998164,0.05230844664950383,0.04882021526302326,0.05180916275537491,0.06207720632891933,0.07191338973940539,0.06786929519297492,0.06807957784601042,0.0806397600132033,0.076729605136305,0.07002949760307851,0.08852977887796865,0.08100255359818717,0.004580731687667545,0.00498037160486518,0.007121254557239104,0.004627247861820424,0.005757378482692202,0.007677189237314208,0.03861996461083888,0.036874611912437606,0.03824274773192684,0.0384701983229953,0.03633688840307728,0.03940837562331386,0.04493640148852467,0.04345561398203935,0.04367936292405522,0.015011947526124872,0.012253784331817239,0.02650773926449202,0.022510100593502492,0.017657301587295803,0.029536191489701703,0.0615162253871809,0.06264401156456853,0.05866387446091938,0.08089529654121583,0.07900061312024477,0.06387107038141296,0.0647227901271962,0.06546074745846074,0.0639516157211676,0.06023863178169159,0.05973185181322775,0.05694722539089659,0,0.003628418143167381,0.00577521071221066,0.002289249766230464,0.005575486235231374,0.0051653318194592925,0.05077287626205179,0.05677607784214502,0.05774125404037215,0.05396643817218895,0.058045316854525554,0.05828322727056916,0.03290538694597638,0.039977012512816684,0.0409711762989336
SWC_202201_SWS_2_night,0.05677000208769234,0.04827611396646793,0.05505076506044318,0.052623922587160664,0.05622807761767871,0.056293361456123236,0.05755750126463573,0.06272977452515444,0.060899166165747386,0.05954139857391317,0.06380894248766372,0.06208567797268552,0.05805025438690992,0.05583365382356485,0.05934316152530267,0.0485392687083622,0.045680029183950026,0.04808147929316733,0.04938527096697793,0.04763382694196785,0.050816126300640634,0.05386613623146924,0.04942707936717377,0.05301604260228453,0.06008910888812517,0.0698916511075245,0.06592028441335497,0.066115284296955,0.07852760851928704,0.07470623758016484,0.06800112840246354,0.08630932232856471,0.07889377240491305,0.006096306119676968,0.006086216992370259,0.00843142510415235,0.005846783781595097,0.006423305903891541,0.008477977530983997,0.03771106140451622,0.03604987486658132,0.03650355241022794,0.03736013876774755,0.03531729007984064,0.03686006667873419,0.04402594800865786,0.042771428664611984,0.041558791661823316,0.014979154538432835,0.011737111165024506,0.024320712182293435,0.0227162986670647,0.01686316169715292,0.027362276691853354,0.0602243645224176,0.06141418756305737,0.057456153113299324,0.07918878550425633,0.07732994658821887,0.062439194241680644,0.06345154596463114,0.06423739626890447,0.06269459353571348,0.05934102862375714,0.058902457438084324,0.05583096478249244,0.003628418143167381,0,0.003695752312534471,0.0032509925793805725,0.0023777786393929493,0.0027243895431726026,0.049949080712503514,0.05594947681853406,0.05690217688250927,0.053210314036673374,0.05725156234781638,0.05744144991124774,0.032300671175301825,0.03934281226219953,0.040394512108140296
SWC_202201_SWS_2_twilight,0.056483157112789076,0.04792204089412683,0.05473184793066834,0.05248013083947237,0.056032487937043345,0.05610524525687696,0.05731995078014524,0.06248149804586052,0.06062973084374181,0.05931884095203245,0.06357122756941917,0.06183054652099656,0.05794823159276077,0.05571063555899043,0.05921527187786083,0.04850949491442524,0.04560117041922853,0.04801728443143978,0.04951324110115199,0.047591844632995886,0.0506590281791247,0.05431111216834923,0.0495799407071234,0.05331420240952094,0.058292083014184266,0.06787011225726897,0.06406521292101644,0.064361690120948,0.0762563770439655,0.07275203599066804,0.06610031363414114,0.08385397239347255,0.07665420299287148,0.007178994696245335,0.006548091698736702,0.007223154632710433,0.007108815525572945,0.007579063750008906,0.00723222476799993,0.037492574628706477,0.03589047540474002,0.0355340920636282,0.03699384578123332,0.035070770633370656,0.034953159869115416,0.04339688738258308,0.04260635062749567,0.04024459977991653,0.015616838457906549,0.013594183564387019,0.025924449342464958,0.02323818911106624,0.019142396377377868,0.02889520881704072,0.059824267099684,0.06102351229689916,0.05706863871972677,0.07780515416226,0.07603745958466675,0.061874806355658105,0.06300737088208987,0.06384047884106635,0.062285766161139566,0.05910708707047993,0.05869048850354673,0.05553049861914338,0.00577521071221066,0.003695752312534471,0,0.004717462355570839,0.003281466439081818,0.0019280416248250497,0.049122802288620954,0.05514521357985362,0.0560421190500295,0.052299961212002165,0.05638104304547826,0.05653644886141173,0.03205946385927554,0.03892484399137229,0.04014766410151891
SWC_202201_SWS_3_day,0.055994762234654466,0.04760971335498953,0.05435173129857699,0.05166121866681428,0.05534841888576476,0.05540273695141163,0.056721850206153064,0.06189539766933005,0.060121900924061306,0.05865884209820068,0.0629639582547167,0.061245317563551935,0.056911306782816695,0.05475488601963262,0.058276476368160114,0.04734132509980423,0.04460832309723349,0.04699518846790853,0.047658210826647895,0.04676116311579865,0.04995630206273525,0.05108302600399158,0.047430402652905795,0.05049266306477926,0.060180496614315446,0.07001361335341966,0.06597272605426448,0.06618325184749634,0.07872416583840874,0.07482794926885714,0.06812644641664667,0.08660805641201123,0.0790882618624784,0.005639582270261746,0.0059156949668687535,0.007858433731863129,0.005518923262438576,0.0063573732249466285,0.008109806646974568,0.0368417006173712,0.03507506963454888,0.0362888805021777,0.03665979443414303,0.03452017062811286,0.03737787853344683,0.04316122105257466,0.04171723841664202,0.04169032699829561,0.013615443541108323,0.011325110566808835,0.025082780737876155,0.021223529079149876,0.01683758459175708,0.027929650779743444,0.059629442886462235,0.0607793381997515,0.056808013125102384,0.07899359279361667,0.07709908661288445,0.062014670244204324,0.06284457250182413,0.06361873376317737,0.06210797832231851,0.058427797613618396,0.057990352020041706,0.05510465275838617,0.002289249766230464,0.0032509925793805725,0.004717462355570839,0,0.003789483571588412,0.003805453690015024,0.0490383267180459,0.05503812207353775,0.05600100379583251,0.052237296761159485,0.056312580602596196,0.05652756915024941,0.031206098758250065,0.03827116484959057,0.03927970747229654
SWC_202201_SWS_3_night,0.054955434480599336,0.04641159258829345,0.053187955586997085,0.05100798568461262,0.05449624872809148,0.05458994953729694,0.05577984850213679,0.06093892593501749,0.059098804364220006,0.05778314441497749,0.06209406547431166,0.060288630021147524,0.05638924501287612,0.054155289233481146,0.057661351697051326,0.046966192480716415,0.044048797008085165,0.04646735173922803,0.04845151145172531,0.046228628107231065,0.04915423149061992,0.053351322730694664,0.048599847213690574,0.05230846661451244,0.05811679792335641,0.06791434637319523,0.06395136608690861,0.06414643520072166,0.07654467203163916,0.07272978103300033,0.06602628564704578,0.08430307159430951,0.0769111158275326,0.007530564314937058,0.007295962235103101,0.009467004086633193,0.0072163991065677295,0.007590221712488818,0.009424214537716294,0.03598744115957735,0.0343330724096404,0.03436260367421284,0.03559820418263933,0.03356219464214953,0.03461063526904847,0.04231831631898766,0.04121724135086204,0.03938172215434764,0.014567272738753603,0.012002867128064273,0.023612400463695976,0.021983500732086235,0.016873206523748623,0.026522083126378458,0.05833103483946234,0.05951243546870795,0.055553861494723744,0.07724418285485589,0.07538615996809188,0.06052316152392461,0.06159231161279228,0.062359893997911975,0.06079495367474684,0.05760150967950591,0.05716183934799642,0.054005858171401376,0.005575486235231374,0.0023777786393929493,0.003281466439081818,0.003789483571588412,0,0.0028200452518635215,0.04824776794356629,0.05424823830856911,0.05519849017330917,0.051501948865183236,0.05555184015517528,0.05573799984811452,0.030643041908087594,0.0376668382668214,0.03874295049185122
SWC_202201_SWS_3_twilight,0.0566693797271722,0.04812712620318962,0.05492846374186656,0.0525997056366096,0.056191378908631795,0.05626459422046759,0.05748707949238626,0.06264694184030034,0.06082546870217153,0.05946759281830874,0.06372819201260999,0.062000985005862416,0.057952663237301916,0.05574015716464101,0.05924968936369747,0.04849351892834512,0.04563556670956441,0.04804353806402653,0.04933183391228371,0.04769781281016309,0.050847983187729706,0.05397484464298375,0.049427666673726785,0.05292047312338646,0.05903083675247112,0.06875049067630662,0.06486269122231082,0.06513067055060301,0.07725937243546162,0.07359731175472499,0.06693585453918842,0.08491046087599965,0.07764464259658688,0.006788537512178831,0.006328046828102214,0.0075822325405951645,0.0065933058872060385,0.006918677221911319,0.0072964406805803945,0.03750588472639835,0.03589091108748215,0.035509252259623834,0.03708294093549872,0.03515501284131356,0.03507316983966522,0.04355221154746204,0.04251964600983471,0.040102319699954675,0.015045290368115182,0.012841621988787216,0.02494952263985179,0.022726609753924987,0.01829861497023327,0.027888667945071156,0.06006484427963009,0.061235228691934866,0.05726127180127222,0.07846057291938192,0.07665104440359406,0.06215179876407998,0.06322240179927749,0.0640320743720509,0.06248071882998487,0.05926919946253677,0.05890315300207177,0.05572514470248658,0.0051653318194592925,0.0027243895431726026,0.0019280416248250497,0.003805453690015024,0.0028200452518635215,0,0.049409915501195084,0.05542334890647358,0.056344652729613545,0.05256452217524694,0.056664427469853534,0.056843211288576535,0.03192157681722594,0.038868322551663205,0.040023442799020315
TWOROCKS_202105_TRW_5_day,0.020150004066533365,0.015920073933927584,0.019317734418166744,0.019334722562983856,0.01903629801020363,0.019657395892948647,0.021816825696885058,0.02359685123212415,0.022864125675280553,0.024284388609207425,0.02970844329939233,0.0275308764679689,0.022132220096259456,0.017438035839443717,0.02201275137946519,0.015808744991226066,0.016186980529466245,0.017911529425679043,0.02430400238824324,0.021573893565886033,0.022249210820284342,0.031903918892901735,0.026673463475858715,0.026041006537339463,0.015613077088633812,0.025188825379430315,0.020684185750663272,0.021220805371916604,0.034278914347968654,0.02993709552543722,0.023571034088375888,0.04255435799185854,0.0347554216085067,0.052832299108330476,0.05288585573652986,0.05380175195434469,0.05139773008696832,0.05151082402145888,0.052840249503417897,0.013705305335341483,0.01565693484027103,0.019639984541505593,0.01348575562077752,0.01636061133597937,0.021141106256022914,0.007852394894083358,0.008822030182269446,0.01575898765000657,0.03933198070380432,0.046429073822626725,0.055867372566118505,0.03426607620291915,0.04413798941520036,0.04861817718870659,0.029200149631333164,0.029897845735013463,0.024984995945747632,0.03513375281297932,0.033552348267629484,0.021021088905480562,0.02490975535354084,0.02583246594794676,0.025108521934498265,0.024083739650360352,0.025467872424476914,0.020111931062154146,0.05077287626205179,0.049949080712503514,0.049122802288620954,0.0490383267180459,0.04824776794356629,0.049409915501195084,0,0.006676138102311433,0.007533815218231604,0.004689272386211976,0.009711255444839133,0.009221172916429468,0.01860035793558015,0.011854110613712677,0.010571526554369215
TWOROCKS_202105_TRW_5_night,0.017708394324725606,0.016707395953135397,0.0168955534469347,0.017064317174077533,0.015124613684215856,0.015757866090624403,0.01799629512200913,0.019213962511655587,0.01845348777770738,0.020235773709877385,0.02534345997517989,0.023127840642646204,0.018481780757549988,0.01419585359292022,0.0180867577368801,0.01639418829290689,0.017030358965611458,0.01751602715783353,0.023161401677591353,0.021300278788237915,0.02036747627464154,0.030237287000467718,0.02551422813243462,0.02451494695893934,0.012569957458429334,0.019440237733231266,0.015387986990070004,0.015878962901452548,0.028531420794752127,0.02415988972726887,0.018156517901704756,0.036827537394295146,0.029045544120456082,0.05886069090160626,0.05891308583566302,0.05983149850843871,0.0574669640357195,0.057649014653700904,0.05887954632120818,0.019139454613525172,0.02130581392754412,0.025257751479766322,0.01916475455582418,0.022031434533429543,0.026189736085893117,0.01266474775057414,0.014425786175688408,0.018816730389446017,0.045409078360663255,0.05242253461629018,0.061823903636433156,0.04009821035773099,0.049938113621657156,0.05456250361764146,0.025502489705639796,0.02576572044848685,0.021533696414544508,0.030246544892578987,0.02845075835316787,0.016688555956842883,0.020559067883651645,0.02146754413041541,0.020773170802684048,0.02083977306167541,0.02189144108826677,0.017169745225081988,0.05677607784214502,0.05594947681853406,0.05514521357985362,0.05503812207353775,0.05424823830856911,0.05542334890647358,0.006676138102311433,0,0.002419159920394584,0.006600644413092196,0.004607793029682246,0.0045432260376286,0.02471703132175836,0.01806601814098106,0.01674527893396138
TWOROCKS_202105_TRW_5_twilight,0.01807346644832867,0.018288856845334357,0.018234500108577932,0.018326983926217538,0.01629642867168242,0.01679649361478315,0.018259693716427286,0.019359566747631632,0.018838032964734287,0.02036315196138348,0.02550992888875291,0.023348122894223954,0.01860343507147665,0.01545870580776643,0.01898453496955732,0.018105123850693666,0.018919852741464495,0.019271000495252485,0.024984582934029557,0.023317324837252466,0.021967004131457638,0.03154090969734873,0.027351434878277636,0.025836525965809317,0.011082672484176985,0.017685854786475896,0.01382969085703693,0.014008998104746847,0.026773305902563632,0.022419568108563732,0.01629840688467935,0.035065026317607606,0.027284734557073302,0.059770157693065415,0.0598175213318559,0.06071781914709134,0.058367150214913295,0.05854003899153024,0.05977218381916815,0.020829581856186705,0.02267326964159384,0.02632458518566781,0.02049999563800676,0.023379758502104296,0.027116106596068397,0.014189858417485159,0.015761817453193664,0.019203013730678193,0.046346401730583194,0.05338724722102462,0.06281327439246388,0.04127957041661869,0.051149856842089884,0.05559227358525817,0.025298798101879225,0.02565784726838872,0.02138094003268644,0.029339645934965183,0.02755510187371501,0.01662891799442408,0.02029981466870706,0.02124017043357734,0.02066752764703832,0.020858407871116123,0.02209438402476344,0.017557649278977287,0.05774125404037215,0.05690217688250927,0.0560421190500295,0.05600100379583251,0.05519849017330917,0.056344652729613545,0.007533815218231604,0.002419159920394584,0,0.006881419430805112,0.004164422038240133,0.003687477900835724,0.02584376297552757,0.01918497636906321,0.017857145183235775
TWOROCKS_202105_TRW_6_day,0.02068803407905067,0.018054309863920984,0.020801340496157946,0.020422007034788813,0.020212557892801953,0.020854793377941196,0.02247534381803415,0.024121202890877377,0.023462473095921456,0.024878780254589245,0.03025210553483316,0.028047056857841722,0.02281365235069627,0.019253785938754805,0.023227027319387545,0.017846835919270696,0.019302926121616038,0.020701200832059116,0.026581249054507993,0.024634693298723233,0.024942912449119836,0.03313334445226545,0.02850336338785011,0.02775071833539401,0.012677233582376268,0.02155233952415976,0.017029895606544353,0.01764324029654608,0.03064107213532882,0.02627248175464447,0.019978272049201624,0.0389371097882339,0.031151844590717865,0.055821429126595025,0.055860319099042516,0.05673308252267983,0.054398091837481836,0.054512905539154846,0.05576098032488381,0.01764323310835925,0.019543286669204938,0.023195714824671095,0.01737482519971315,0.020202645355061562,0.024123043045847163,0.010766970833576275,0.012561095822990757,0.018064271529260604,0.042580856432233666,0.04976003915643233,0.05939721509509275,0.037826614629580806,0.047749317092214784,0.05223151597828121,0.028603536491893237,0.029412431314155878,0.024665548823140968,0.0335761332185443,0.0318796740795763,0.021793181554366114,0.024158399953517616,0.025162900666905384,0.024525712780674357,0.023874110748140203,0.02574330120417422,0.020528936659527552,0.05396643817218895,0.053210314036673374,0.052299961212002165,0.052237296761159485,0.051501948865183236,0.05256452217524694,0.004689272386211976,0.006600644413092196,0.006881419430805112,0,0.007070579693855956,0.006021884701259151,0.022116944902212134,0.015391530522132987,0.014103634190522808
TWOROCKS_202105_TRW_6_night,0.016896731471335903,0.01777793352300677,0.017495656538077223,0.017571587554078606,0.01582694084586543,0.016210039962786336,0.017155002117980045,0.018236557954318566,0.01789455916204274,0.019141205363959933,0.024193050898122646,0.022082220224858246,0.017423086140218102,0.01472957031270169,0.018088315841515226,0.017661878267102422,0.018617999510646834,0.018730652753524053,0.02424535689417775,0.022828540406533,0.02316388687825324,0.030876872986408996,0.02634237458014803,0.025886073200174883,0.01245333904740173,0.01812331075791576,0.014213577922561785,0.014890252428610733,0.027070743574769785,0.022642006146695922,0.016984901586939927,0.03538556334875377,0.027695340648545654,0.060014038316569825,0.06006012539731311,0.06095599297890314,0.058635585699698456,0.05891472620679436,0.06000325210700263,0.02091543708983317,0.023006246707407696,0.027464492420435888,0.02093994707227015,0.023694926699524582,0.02863950080956353,0.014925149341624274,0.016673711340846775,0.02209273293504493,0.0466967080911842,0.053754595319717234,0.0632838309121395,0.0415448900373984,0.05140650948512105,0.05599437281534849,0.023728997466026084,0.023916271369764222,0.019856799436159804,0.02999930789663383,0.028302461850205882,0.018725291875926118,0.01885779739069983,0.019938330528693277,0.01897794071963197,0.019398456931134827,0.020656101005120282,0.0164777889912826,0.058045316854525554,0.05725156234781638,0.05638104304547826,0.056312580602596196,0.05555184015517528,0.056664427469853534,0.009711255444839133,0.004607793029682246,0.004164422038240133,0.007070579693855956,0,0.0023599772297254102,0.026256636528160415,0.019528456507854106,0.01820630441442011
TWOROCKS_202105_TRW_6_twilight,0.017849078916583952,0.018333913137878223,0.01834029160576873,0.018674209850121717,0.0169882547149664,0.01756665652331828,0.018296289484120903,0.019283536965122305,0.019045125858648412,0.020321546059798544,0.025417988013647842,0.023315331989944132,0.018638397430590484,0.015823923813339042,0.01933810099432828,0.01866373742703832,0.019383449529004726,0.01963466305758377,0.025531557608784408,0.023984152632496786,0.02344684127514524,0.032143123218855964,0.027880466051631896,0.026845027884758968,0.010756342261255018,0.016807806494630508,0.012720832206013387,0.01327997715904514,0.02573514008325046,0.02134715634904046,0.015354594139735334,0.034036714097608924,0.026322629403668224,0.060201565109152526,0.0602418146653033,0.06111986929534681,0.05889726194174171,0.05919312432380826,0.06022990644572551,0.02144551665526281,0.023457607292213432,0.027201700086371374,0.021292177064803512,0.024113631665264243,0.028059695959887544,0.014896394769202426,0.016636568767456745,0.021058044562460274,0.046959734642662766,0.0539482693569886,0.06349435680958306,0.04204057692655768,0.0518371121430795,0.05627053395620095,0.02443032534744074,0.024952205968272162,0.020646262785993217,0.02946942541537815,0.027757252550848356,0.018035218722305894,0.019480378845584647,0.020477094684191757,0.019928077656148527,0.02006531108196556,0.02163839026424731,0.017263532895697254,0.05828322727056916,0.05744144991124774,0.05653644886141173,0.05652756915024941,0.05573799984811452,0.056843211288576535,0.009221172916429468,0.0045432260376286,0.003687477900835724,0.006021884701259151,0.0023599772297254102,0,0.026831108218358365,0.020096521158803737,0.01878275351379764
TWOROCKS_202105_TRW_7_day,0.028784157940971306,0.022602484432653145,0.027866020442507435,0.02554155787532236,0.027913100312238353,0.02822445503251629,0.029647109436210198,0.03404602576111464,0.03251372715838183,0.03180290028402521,0.037356910667032686,0.03524263202857732,0.029200739107263386,0.027410224359562665,0.031118201607907136,0.02045303653164367,0.02013253451168957,0.02251920335719339,0.02710878574925048,0.02319428743283756,0.02592214576222039,0.03479134657756927,0.028925410480828327,0.03052339802251719,0.033045899654089744,0.04286719868139452,0.03852588000467258,0.038882853924334604,0.051874745212077286,0.047648811353921225,0.04114547864356914,0.06008250007274991,0.05229065283658454,0.03506889218646428,0.035145102778516346,0.036133248739675855,0.033539103214947255,0.033736972048189526,0.03507805459914412,0.00904175109994808,0.008922867347277371,0.016055236382679455,0.008642248176221943,0.008398177702371348,0.016796901696429972,0.013840901490938355,0.01418732997127352,0.020405861162333894,0.021760492295671813,0.02872352668776631,0.038898093623537106,0.018862207000309487,0.027530942847989688,0.03413475435187828,0.03667718247199497,0.03747504531010662,0.0329181760522999,0.05083653401856884,0.04899939859428661,0.03518409035684813,0.03584342650698154,0.03675736024737907,0.035501607343764195,0.033250436623448495,0.03368853057587733,0.02955346120446709,0.03290538694597638,0.032300671175301825,0.03205946385927554,0.031206098758250065,0.030643041908087594,0.03192157681722594,0.01860035793558015,0.02471703132175836,0.02584376297552757,0.022116944902212134,0.026256636528160415,0.026831108218358365,0,0.007286905065052992,0.00826427597716973
TWOROCKS_202105_TRW_7_night,0.023394715138303032,0.01769516421957587,0.022526852639684108,0.021221907683216502,0.02278721813042322,0.023149394333495648,0.024710517517324275,0.02858375373821464,0.027088422531046544,0.026989999662505114,0.032544360701807926,0.03041683239353146,0.02435789776944776,0.022072132999392088,0.025849232498320173,0.016077768552787294,0.01657222926181479,0.018564476107182787,0.02403949241846071,0.020436329602844302,0.02348757288578294,0.03152293249611366,0.02551833810408384,0.026894429072786028,0.026611243859701688,0.03633244218779613,0.031897400855709926,0.032346686998380524,0.045395324668571685,0.04109069484273661,0.03466617923426949,0.053644507000380995,0.04584544343236054,0.04200960700311727,0.04208402908877316,0.04305712119722559,0.04049550325049383,0.04070541746586025,0.04198136651673522,0.006182282329861291,0.007374224689051359,0.014508118536667974,0.005904676388784573,0.0074293390168525455,0.016474199068255986,0.008196593093362133,0.008707943624863289,0.015830890817802704,0.02859243592931325,0.035814375605722565,0.04552368368011189,0.024192312219892553,0.033584365589466356,0.03913204645604283,0.032289724477058156,0.0330348593188972,0.028137420808043986,0.04410397553267466,0.04263477359147222,0.02997121661759075,0.03016929809819458,0.031178808100401585,0.029738183042369457,0.02814722601721751,0.028647610485355586,0.02430036044633002,0.039977012512816684,0.03934281226219953,0.03892484399137229,0.03827116484959057,0.0376668382668214,0.038868322551663205,0.011854110613712677,0.01806601814098106,0.01918497636906321,0.015391530522132987,0.019528456507854106,0.020096521158803737,0.007286905065052992,0,0.002151663901739269
TWOROCKS_202105_TRW_7_twilight,0.022272022848653695,0.016744599144669865,0.021390245789940313,0.020178188278977868,0.021560858761416012,0.02190361239241128,0.023606132878509253,0.027259856579857147,0.025786144810420294,0.025956939134310783,0.03159737632422695,0.029440601300753044,0.023312656552095107,0.020651749726116782,0.02446802373541295,0.015278070044329147,0.015495291325016569,0.01756936273415896,0.023160879260032095,0.01958654490209626,0.022590573318514367,0.030661520398972558,0.02462027836014798,0.0258455528032153,0.02523500451111951,0.03497032908763257,0.0305555508368311,0.030983848345923666,0.044026308998598045,0.03972879623612233,0.03329591112599118,0.05227185096912753,0.0444727833460998,0.04312226017016687,0.04320071127956633,0.044189659666350835,0.041591669176577854,0.0417994128024981,0.04312268024865108,0.0060216681138886095,0.007279131567143312,0.014409552542603565,0.006426769167312981,0.007473477482350741,0.017044906399631955,0.008140245906114488,0.007389586290352779,0.0152963501852579,0.029600103412460037,0.036812196932278725,0.046506780016359266,0.024742615336732422,0.034378081909261386,0.03963161873590917,0.03170624493645428,0.03243189571090298,0.027492317024944903,0.04292593280445816,0.041510468392748266,0.028560571344711867,0.029288873859098872,0.030253240028821043,0.028785684287577305,0.02742144831261694,0.02791260182106985,0.023448331191069895,0.0409711762989336,0.040394512108140296,0.04014766410151891,0.03927970747229654,0.03874295049185122,0.040023442799020315,0.010571526554369215,0.01674527893396138,0.017857145183235775,0.014103634190522808,0.01820630441442011,0.01878275351379764,0.00826427597716973,0.002151663901739269,0
