UTC,height_m,water_temp_C,wind_m_sec,tide_station,wind_km_h,Dep,month_UTC,month_name,rain_month_avg_mm,wind_am_month_avg_kmh,wind_pm_month_avg_kmh
2018-01-01T00:00:00Z,1.405,21.6,6,Port Kembla,21.6,SIMP_201812_WP,1,January,187.5,14.5,22.4
2018-01-01T01:00:00Z,0.989,21.6,5.3,Port Kembla,19.08,SIMP_201812_WP,1,January,187.5,14.5,22.4
2018-01-01T02:00:00Z,0.633,21.4,4.9,Port Kembla,17.64,SIMP_201812_WP,1,January,187.5,14.5,22.4
2018-01-01T03:00:00Z,0.401,21.6,4.2,Port Kembla,15.120000000000001,SIMP_201812_WP,1,January,187.5,14.5,22.4
2018-01-01T04:00:00Z,0.331,21.3,4.1,Port Kembla,14.76,SIMP_201812_WP,1,January,187.5,14.5,22.4
2018-01-01T05:00:00Z,0.45,21.2,3.5,Port Kembla,12.6,SIMP_201812_WP,1,January,187.5,14.5,22.4
2018-01-01T06:00:00Z,0.707,21.3,3,Port Kembla,10.8,SIMP_201812_WP,1,January,187.5,14.5,22.4
2018-01-01T07:00:00Z,1.023,21.2,3,Port Kembla,10.8,SIMP_201812_WP,1,January,187.5,14.5,22.4
2018-01-01T08:00:00Z,1.317,21.2,3.3,Port Kembla,11.879999999999999,SIMP_201812_WP,1,January,187.5,14.5,22.4
2018-01-01T09:00:00Z,1.503,21.4,2.9,Port Kembla,10.44,SIMP_201812_WP,1,January,187.5,14.5,22.4
2018-01-01T10:00:00Z,1.548,21.3,2.1,Port Kembla,7.5600000000000005,SIMP_201812_WP,1,January,187.5,14.5,22.4
2018-01-01T11:00:00Z,1.422,21.3,2.6,Port Kembla,9.360000000000001,SIMP_201812_WP,1,January,187.5,14.5,22.4
2018-01-01T12:00:00Z,1.168,21.4,2.8,Port Kembla,10.08,SIMP_201812_WP,1,January,187.5,14.5,22.4
2018-01-01T13:00:00Z,0.874,21.7,2.7,Port Kembla,9.72,SIMP_201812_WP,1,January,187.5,14.5,22.4
2018-01-01T14:00:00Z,0.626,22.2,1.2,Port Kembla,4.32,SIMP_201812_WP,1,January,187.5,14.5,22.4
2018-01-01T15:00:00Z,0.48,22.4,1.1,Port Kembla,3.9600000000000004,SIMP_201812_WP,1,January,187.5,14.5,22.4
2018-01-01T16:00:00Z,0.495,22.6,0.5,Port Kembla,1.8,SIMP_201812_WP,1,January,187.5,14.5,22.4
2018-01-01T17:00:00Z,0.693,22.2,1.4,Port Kembla,5.04,SIMP_201812_WP,1,January,187.5,14.5,22.4
2018-01-01T18:00:00Z,1.03,21.8,1.8,Port Kembla,6.48,SIMP_201812_WP,1,January,187.5,14.5,22.4
2018-01-01T19:00:00Z,1.423,21.5,1.5,Port Kembla,5.4,SIMP_201812_WP,1,January,187.5,14.5,22.4
2018-01-01T20:00:00Z,1.791,21.4,0.5,Port Kembla,1.8,SIMP_201812_WP,1,January,187.5,14.5,22.4
2018-01-01T21:00:00Z,2.062,21.4,0.9,Port Kembla,3.24,SIMP_201812_WP,1,January,187.5,14.5,22.4
2018-01-01T22:00:00Z,2.16,21.4,2.5,Port Kembla,9,SIMP_201812_WP,1,January,187.5,14.5,22.4
2018-01-01T23:00:00Z,2.046,21.4,2.2,Port Kembla,7.920000000000001,SIMP_201812_WP,1,January,187.5,14.5,22.4
2018-01-02T00:00:00Z,1.746,21.4,2.6,Port Kembla,9.360000000000001,SIMP_201812_WP,1,January,187.5,14.5,22.4
2018-01-02T01:00:00Z,1.333,21.8,3.3,Port Kembla,11.879999999999999,SIMP_201812_WP,1,January,187.5,14.5,22.4
2018-01-02T02:00:00Z,0.894,22.3,3.2,Port Kembla,11.520000000000001,SIMP_201812_WP,1,January,187.5,14.5,22.4
2018-01-02T03:00:00Z,0.526,22.5,3.6,Port Kembla,12.96,SIMP_201812_WP,1,January,187.5,14.5,22.4
2018-01-02T04:00:00Z,0.296,22.2,3,Port Kembla,10.8,SIMP_201812_WP,1,January,187.5,14.5,22.4
2018-01-02T05:00:00Z,0.256,22.3,4.6,Port Kembla,16.56,SIMP_201812_WP,1,January,187.5,14.5,22.4
2018-01-02T06:00:00Z,0.413,22.4,2.6,Port Kembla,9.360000000000001,SIMP_201812_WP,1,January,187.5,14.5,22.4
2018-01-02T07:00:00Z,0.707,22.9,5.1,Port Kembla,18.36,SIMP_201812_WP,1,January,187.5,14.5,22.4
2018-01-02T08:00:00Z,1.049,22.4,6,Port Kembla,21.6,SIMP_201812_WP,1,January,187.5,14.5,22.4
2018-01-02T09:00:00Z,1.371,22.3,3.9,Port Kembla,14.04,SIMP_201812_WP,1,January,187.5,14.5,22.4
2018-01-02T10:00:00Z,1.57,22.3,3.1,Port Kembla,11.16,SIMP_201812_WP,1,January,187.5,14.5,22.4
2018-01-02T11:00:00Z,1.615,22.4,2.3,Port Kembla,8.28,SIMP_201812_WP,1,January,187.5,14.5,22.4
2018-01-02T12:00:00Z,1.465,22.3,3.3,Port Kembla,11.879999999999999,SIMP_201812_WP,1,January,187.5,14.5,22.4
2018-01-02T13:00:00Z,1.19,22.4,2.7,Port Kembla,9.72,SIMP_201812_WP,1,January,187.5,14.5,22.4
2018-01-02T14:00:00Z,0.887,22.2,5.3,Port Kembla,19.08,SIMP_201812_WP,1,January,187.5,14.5,22.4
2018-01-02T15:00:00Z,0.629,22.1,4,Port Kembla,14.4,SIMP_201812_WP,1,January,187.5,14.5,22.4
2018-01-02T16:00:00Z,0.477,22,4.2,Port Kembla,15.120000000000001,SIMP_201812_WP,1,January,187.5,14.5,22.4
2018-01-02T17:00:00Z,0.511,21.9,3.8,Port Kembla,13.68,SIMP_201812_WP,1,January,187.5,14.5,22.4
2018-01-02T18:00:00Z,0.731,21.9,4.4,Port Kembla,15.840000000000002,SIMP_201812_WP,1,January,187.5,14.5,22.4
2018-01-02T19:00:00Z,1.084,21.9,4.3,Port Kembla,15.48,SIMP_201812_WP,1,January,187.5,14.5,22.4
2018-01-02T20:00:00Z,1.505,21.9,5.1,Port Kembla,18.36,SIMP_201812_WP,1,January,187.5,14.5,22.4
2018-01-02T21:00:00Z,1.887,21.9,4.8,Port Kembla,17.28,SIMP_201812_WP,1,January,187.5,14.5,22.4
2018-01-02T22:00:00Z,2.133,21.9,6.6,Port Kembla,23.759999999999998,SIMP_201812_WP,1,January,187.5,14.5,22.4
2018-01-02T23:00:00Z,2.201,21.9,6.2,Port Kembla,22.32,SIMP_201812_WP,1,January,187.5,14.5,22.4
2018-01-03T00:00:00Z,2.057,21.9,4.9,Port Kembla,17.64,SIMP_201812_WP,1,January,187.5,14.5,22.4
2018-01-03T01:00:00Z,1.723,21.9,4.7,Port Kembla,16.92,SIMP_201812_WP,1,January,187.5,14.5,22.4
2018-01-03T02:00:00Z,1.273,21.9,3.9,Port Kembla,14.04,SIMP_201812_WP,1,January,187.5,14.5,22.4
2018-01-03T03:00:00Z,0.806,21.9,4.2,Port Kembla,15.120000000000001,SIMP_201812_WP,1,January,187.5,14.5,22.4
2018-01-03T04:00:00Z,0.428,21.9,3.1,Port Kembla,11.16,SIMP_201812_WP,1,January,187.5,14.5,22.4
2018-01-03T05:00:00Z,0.2,21.9,2.8,Port Kembla,10.08,SIMP_201812_WP,1,January,187.5,14.5,22.4
2018-01-03T06:00:00Z,0.165,21.9,4.2,Port Kembla,15.120000000000001,SIMP_201812_WP,1,January,187.5,14.5,22.4
2018-01-03T07:00:00Z,0.335,21.9,4.9,Port Kembla,17.64,SIMP_201812_WP,1,January,187.5,14.5,22.4
2018-01-03T08:00:00Z,0.64,21.9,3.7,Port Kembla,13.32,SIMP_201812_WP,1,January,187.5,14.5,22.4
2018-01-03T09:00:00Z,0.986,21.9,3.3,Port Kembla,11.879999999999999,SIMP_201812_WP,1,January,187.5,14.5,22.4
2018-01-03T10:00:00Z,1.283,21.8,2.8,Port Kembla,10.08,SIMP_201812_WP,1,January,187.5,14.5,22.4
2018-01-03T11:00:00Z,1.457,21.8,3.8,Port Kembla,13.68,SIMP_201812_WP,1,January,187.5,14.5,22.4
2018-01-03T12:00:00Z,1.472,21.8,3.5,Port Kembla,12.6,SIMP_201812_WP,1,January,187.5,14.5,22.4
2018-01-03T13:00:00Z,1.331,21.8,4.3,Port Kembla,15.48,SIMP_201812_WP,1,January,187.5,14.5,22.4
2018-01-03T14:00:00Z,1.067,21.8,2.2,Port Kembla,7.920000000000001,SIMP_201812_WP,1,January,187.5,14.5,22.4
2018-01-03T15:00:00Z,0.772,21.7,2.2,Port Kembla,7.920000000000001,SIMP_201812_WP,1,January,187.5,14.5,22.4
2018-01-03T16:00:00Z,0.518,21.7,3,Port Kembla,10.8,SIMP_201812_WP,1,January,187.5,14.5,22.4
2018-01-03T17:00:00Z,0.407,21.7,3.1,Port Kembla,11.16,SIMP_201812_WP,1,January,187.5,14.5,22.4
2018-01-03T18:00:00Z,0.456,21.7,2.8,Port Kembla,10.08,SIMP_201812_WP,1,January,187.5,14.5,22.4
2018-01-03T19:00:00Z,0.678,21.7,2.5,Port Kembla,9,SIMP_201812_WP,1,January,187.5,14.5,22.4
2018-01-03T20:00:00Z,1.031,21.7,2.9,Port Kembla,10.44,SIMP_201812_WP,1,January,187.5,14.5,22.4
2018-01-03T21:00:00Z,1.438,21.8,2.8,Port Kembla,10.08,SIMP_201812_WP,1,January,187.5,14.5,22.4
2018-01-03T22:00:00Z,1.807,21.8,3.8,Port Kembla,13.68,SIMP_201812_WP,1,January,187.5,14.5,22.4
2018-01-03T23:00:00Z,2.035,21.9,2,Port Kembla,7.2,SIMP_201812_WP,1,January,187.5,14.5,22.4
2018-01-04T00:00:00Z,2.076,21.9,3.5,Port Kembla,12.6,SIMP_201812_WP,1,January,187.5,14.5,22.4
2018-01-04T01:00:00Z,1.914,21.9,3.1,Port Kembla,11.16,SIMP_201812_WP,1,January,187.5,14.5,22.4
2018-01-04T02:00:00Z,1.57,21.9,3.1,Port Kembla,11.16,SIMP_201812_WP,1,January,187.5,14.5,22.4
2018-01-04T03:00:00Z,1.13,21.9,2.8,Port Kembla,10.08,SIMP_201812_WP,1,January,187.5,14.5,22.4
2018-01-04T04:00:00Z,0.69,22.1,3.8,Port Kembla,13.68,SIMP_201812_WP,1,January,187.5,14.5,22.4
2018-01-04T05:00:00Z,0.341,22.1,2.3,Port Kembla,8.28,SIMP_201812_WP,1,January,187.5,14.5,22.4
2018-01-04T06:00:00Z,0.146,22.3,2.9,Port Kembla,10.44,SIMP_201812_WP,1,January,187.5,14.5,22.4
2018-01-04T07:00:00Z,0.135,22.4,2.9,Port Kembla,10.44,SIMP_201812_WP,1,January,187.5,14.5,22.4
2018-01-04T08:00:00Z,0.312,22.4,2.3,Port Kembla,8.28,SIMP_201812_WP,1,January,187.5,14.5,22.4
2018-01-04T09:00:00Z,0.609,22.4,1.9,Port Kembla,6.84,SIMP_201812_WP,1,January,187.5,14.5,22.4
2018-01-04T10:00:00Z,0.953,22.4,1.6,Port Kembla,5.760000000000001,SIMP_201812_WP,1,January,187.5,14.5,22.4
2018-01-04T11:00:00Z,1.237,22.3,1.8,Port Kembla,6.48,SIMP_201812_WP,1,January,187.5,14.5,22.4
2018-01-04T12:00:00Z,1.403,22.3,1.7,Port Kembla,6.12,SIMP_201812_WP,1,January,187.5,14.5,22.4
2018-01-04T13:00:00Z,1.415,22.2,1.7,Port Kembla,6.12,SIMP_201812_WP,1,January,187.5,14.5,22.4
2018-01-04T14:00:00Z,1.275,22.2,3.2,Port Kembla,11.520000000000001,SIMP_201812_WP,1,January,187.5,14.5,22.4
2018-01-04T15:00:00Z,1.03,22.2,2.1,Port Kembla,7.5600000000000005,SIMP_201812_WP,1,January,187.5,14.5,22.4
2018-01-04T16:00:00Z,0.753,22.2,1.6,Port Kembla,5.760000000000001,SIMP_201812_WP,1,January,187.5,14.5,22.4
2018-01-04T17:00:00Z,0.538,22.4,1.3,Port Kembla,4.680000000000001,SIMP_201812_WP,1,January,187.5,14.5,22.4
2018-01-04T18:00:00Z,0.442,22.4,1.7,Port Kembla,6.12,SIMP_201812_WP,1,January,187.5,14.5,22.4
2018-01-04T19:00:00Z,0.501,22.3,0.8,Port Kembla,2.8800000000000003,SIMP_201812_WP,1,January,187.5,14.5,22.4
2018-01-04T20:00:00Z,0.712,22.3,0.7,Port Kembla,2.52,SIMP_201812_WP,1,January,187.5,14.5,22.4
2018-01-04T21:00:00Z,1.045,22.3,1.4,Port Kembla,5.04,SIMP_201812_WP,1,January,187.5,14.5,22.4
2018-01-04T22:00:00Z,1.414,22.2,3.5,Port Kembla,12.6,SIMP_201812_WP,1,January,187.5,14.5,22.4
2018-01-04T23:00:00Z,1.734,22.2,3.5,Port Kembla,12.6,SIMP_201812_WP,1,January,187.5,14.5,22.4
2018-01-05T00:00:00Z,1.931,22.2,4.9,Port Kembla,17.64,SIMP_201812_WP,1,January,187.5,14.5,22.4
2018-01-05T01:00:00Z,1.945,22.3,5.3,Port Kembla,19.08,SIMP_201812_WP,1,January,187.5,14.5,22.4
2018-01-05T02:00:00Z,1.757,22.7,4.8,Port Kembla,17.28,SIMP_201812_WP,1,January,187.5,14.5,22.4
2018-01-05T03:00:00Z,1.419,22.9,5.9,Port Kembla,21.240000000000002,SIMP_201812_WP,1,January,187.5,14.5,22.4
2018-01-05T04:00:00Z,1.013,23,6.1,Port Kembla,21.96,SIMP_201812_WP,1,January,187.5,14.5,22.4
2018-01-05T05:00:00Z,0.615,23.1,5.3,Port Kembla,19.08,SIMP_201812_WP,1,January,187.5,14.5,22.4
2018-01-05T06:00:00Z,0.302,23.3,5.6,Port Kembla,20.16,SIMP_201812_WP,1,January,187.5,14.5,22.4
2018-01-05T07:00:00Z,0.136,23.4,5.6,Port Kembla,20.16,SIMP_201812_WP,1,January,187.5,14.5,22.4
2018-01-05T08:00:00Z,0.158,23.5,5.1,Port Kembla,18.36,SIMP_201812_WP,1,January,187.5,14.5,22.4
2018-01-05T09:00:00Z,0.342,23.5,4.4,Port Kembla,15.840000000000002,SIMP_201812_WP,1,January,187.5,14.5,22.4
2018-01-05T10:00:00Z,0.626,23.4,3.6,Port Kembla,12.96,SIMP_201812_WP,1,January,187.5,14.5,22.4
2018-01-05T11:00:00Z,0.937,22.8,3.5,Port Kembla,12.6,SIMP_201812_WP,1,January,187.5,14.5,22.4
2018-01-05T12:00:00Z,1.191,22.7,1.9,Port Kembla,6.84,SIMP_201812_WP,1,January,187.5,14.5,22.4
2018-01-05T13:00:00Z,1.344,22.6,0.9,Port Kembla,3.24,SIMP_201812_WP,1,January,187.5,14.5,22.4
2018-01-05T14:00:00Z,1.347,22.6,0.3,Port Kembla,1.08,SIMP_201812_WP,1,January,187.5,14.5,22.4
2018-01-05T15:00:00Z,1.204,22.6,0.9,Port Kembla,3.24,SIMP_201812_WP,1,January,187.5,14.5,22.4
2018-01-05T16:00:00Z,0.973,22.8,1,Port Kembla,3.6,SIMP_201812_WP,1,January,187.5,14.5,22.4
2018-01-05T17:00:00Z,0.737,22.9,0.9,Port Kembla,3.24,SIMP_201812_WP,1,January,187.5,14.5,22.4
2018-01-05T18:00:00Z,0.544,23.1,1.7,Port Kembla,6.12,SIMP_201812_WP,1,January,187.5,14.5,22.4
2018-01-05T19:00:00Z,0.458,23.1,1.7,Port Kembla,6.12,SIMP_201812_WP,1,January,187.5,14.5,22.4
2018-01-05T20:00:00Z,0.517,22.9,2.2,Port Kembla,7.920000000000001,SIMP_201812_WP,1,January,187.5,14.5,22.4
2018-01-05T21:00:00Z,0.728,22.9,3.4,Port Kembla,12.24,SIMP_201812_WP,1,January,187.5,14.5,22.4
2018-01-05T22:00:00Z,1.032,22.9,3.6,Port Kembla,12.96,SIMP_201812_WP,1,January,187.5,14.5,22.4
2018-01-05T23:00:00Z,1.364,22.9,6,Port Kembla,21.6,SIMP_201812_WP,1,January,187.5,14.5,22.4
2018-01-06T00:00:00Z,1.648,23.2,6.1,Port Kembla,21.96,SIMP_201812_WP,1,January,187.5,14.5,22.4
2018-01-06T01:00:00Z,1.816,23.3,6.8,Port Kembla,24.48,SIMP_201812_WP,1,January,187.5,14.5,22.4
2018-01-06T02:00:00Z,1.81,23.4,6.5,Port Kembla,23.400000000000002,SIMP_201812_WP,1,January,187.5,14.5,22.4
2018-01-06T03:00:00Z,1.626,23.1,6.7,Port Kembla,24.12,SIMP_201812_WP,1,January,187.5,14.5,22.4
2018-01-06T04:00:00Z,1.314,23.6,4.5,Port Kembla,16.2,SIMP_201812_WP,1,January,187.5,14.5,22.4
2018-01-06T05:00:00Z,0.945,23.9,5,Port Kembla,18,SIMP_201812_WP,1,January,187.5,14.5,22.4
2018-01-06T06:00:00Z,0.603,23.8,4.6,Port Kembla,16.56,SIMP_201812_WP,1,January,187.5,14.5,22.4
2018-01-06T07:00:00Z,0.348,24.1,4.3,Port Kembla,15.48,SIMP_201812_WP,1,January,187.5,14.5,22.4
2018-01-06T08:00:00Z,0.231,24.2,4.5,Port Kembla,16.2,SIMP_201812_WP,1,January,187.5,14.5,22.4
2018-01-06T09:00:00Z,0.279,24.2,5.1,Port Kembla,18.36,SIMP_201812_WP,1,January,187.5,14.5,22.4
2018-01-06T10:00:00Z,0.468,24.1,4.2,Port Kembla,15.120000000000001,SIMP_201812_WP,1,January,187.5,14.5,22.4
2018-01-06T11:00:00Z,0.738,24.1,4.4,Port Kembla,15.840000000000002,SIMP_201812_WP,1,January,187.5,14.5,22.4
2018-01-06T12:00:00Z,1.021,24,4.1,Port Kembla,14.76,SIMP_201812_WP,1,January,187.5,14.5,22.4
2018-01-06T13:00:00Z,1.265,23.9,3,Port Kembla,10.8,SIMP_201812_WP,1,January,187.5,14.5,22.4
2018-01-06T14:00:00Z,1.397,22.9,3.4,Port Kembla,12.24,SIMP_201812_WP,1,January,187.5,14.5,22.4
2018-01-06T15:00:00Z,1.375,23.8,2.1,Port Kembla,7.5600000000000005,SIMP_201812_WP,1,January,187.5,14.5,22.4
2018-01-06T16:00:00Z,1.239,23.9,1.9,Port Kembla,6.84,SIMP_201812_WP,1,January,187.5,14.5,22.4
2018-01-06T17:00:00Z,1.033,23.8,4,Port Kembla,14.4,SIMP_201812_WP,1,January,187.5,14.5,22.4
2018-01-06T18:00:00Z,0.813,23.8,1.5,Port Kembla,5.4,SIMP_201812_WP,1,January,187.5,14.5,22.4
2018-01-06T19:00:00Z,0.648,23.8,1.8,Port Kembla,6.48,SIMP_201812_WP,1,January,187.5,14.5,22.4
2018-01-06T20:00:00Z,0.575,23.3,1.7,Port Kembla,6.12,SIMP_201812_WP,1,January,187.5,14.5,22.4
2018-01-06T21:00:00Z,0.634,23.3,2.1,Port Kembla,7.5600000000000005,SIMP_201812_WP,1,January,187.5,14.5,22.4
2018-01-06T22:00:00Z,0.813,23.1,1.8,Port Kembla,6.48,SIMP_201812_WP,1,January,187.5,14.5,22.4
2018-01-06T23:00:00Z,1.08,23,2.9,Port Kembla,10.44,SIMP_201812_WP,1,January,187.5,14.5,22.4
2018-01-07T00:00:00Z,1.353,22.8,4.3,Port Kembla,15.48,SIMP_201812_WP,1,January,187.5,14.5,22.4
2018-01-07T01:00:00Z,1.572,22.8,1.7,Port Kembla,6.12,SIMP_201812_WP,1,January,187.5,14.5,22.4
2018-01-07T02:00:00Z,1.683,23.1,1.6,Port Kembla,5.760000000000001,SIMP_201812_WP,1,January,187.5,14.5,22.4
2018-01-07T03:00:00Z,1.653,23.3,1.6,Port Kembla,5.760000000000001,SIMP_201812_WP,1,January,187.5,14.5,22.4
2018-01-07T04:00:00Z,1.471,23.2,1.9,Port Kembla,6.84,SIMP_201812_WP,1,January,187.5,14.5,22.4
2018-01-07T05:00:00Z,1.195,23,4.4,Port Kembla,15.840000000000002,SIMP_201812_WP,1,January,187.5,14.5,22.4
2018-01-07T06:00:00Z,0.897,22.9,5.4,Port Kembla,19.44,SIMP_201812_WP,1,January,187.5,14.5,22.4
2018-01-07T07:00:00Z,0.609,22.8,6.1,Port Kembla,21.96,SIMP_201812_WP,1,January,187.5,14.5,22.4
2018-01-07T08:00:00Z,0.401,22.8,5.7,Port Kembla,20.52,SIMP_201812_WP,1,January,187.5,14.5,22.4
2018-01-07T09:00:00Z,0.324,22.3,4.2,Port Kembla,15.120000000000001,SIMP_201812_WP,1,January,187.5,14.5,22.4
2018-01-07T10:00:00Z,0.399,22.1,2.1,Port Kembla,7.5600000000000005,SIMP_201812_WP,1,January,187.5,14.5,22.4
2018-01-07T11:00:00Z,0.574,22.2,3.6,Port Kembla,12.96,SIMP_201812_WP,1,January,187.5,14.5,22.4
2018-01-07T12:00:00Z,0.803,22.1,1.7,Port Kembla,6.12,SIMP_201812_WP,1,January,187.5,14.5,22.4
2018-01-07T13:00:00Z,1.057,22.2,2.5,Port Kembla,9,SIMP_201812_WP,1,January,187.5,14.5,22.4
2018-01-07T14:00:00Z,1.265,22.3,2.3,Port Kembla,8.28,SIMP_201812_WP,1,January,187.5,14.5,22.4
2018-01-07T15:00:00Z,1.371,22.3,1.1,Port Kembla,3.9600000000000004,SIMP_201812_WP,1,January,187.5,14.5,22.4
2018-01-07T16:00:00Z,1.354,22.3,2.3,Port Kembla,8.28,SIMP_201812_WP,1,January,187.5,14.5,22.4
2018-01-07T17:00:00Z,1.226,22.4,1,Port Kembla,3.6,SIMP_201812_WP,1,January,187.5,14.5,22.4
2018-01-07T18:00:00Z,1.036,22.7,1.4,Port Kembla,5.04,SIMP_201812_WP,1,January,187.5,14.5,22.4
2018-01-07T19:00:00Z,0.846,22.9,0.4,Port Kembla,1.4400000000000002,SIMP_201812_WP,1,January,187.5,14.5,22.4
2018-01-07T20:00:00Z,0.703,23,1.1,Port Kembla,3.9600000000000004,SIMP_201812_WP,1,January,187.5,14.5,22.4
2018-01-07T21:00:00Z,0.645,23.1,1.5,Port Kembla,5.4,SIMP_201812_WP,1,January,187.5,14.5,22.4
2018-01-07T22:00:00Z,0.679,23.1,3.1,Port Kembla,11.16,SIMP_201812_WP,1,January,187.5,14.5,22.4
2018-01-07T23:00:00Z,0.839,23.1,0.7,Port Kembla,2.52,SIMP_201812_WP,1,January,187.5,14.5,22.4
2018-01-08T00:00:00Z,1.061,23.2,4.9,Port Kembla,17.64,SIMP_201812_WP,1,January,187.5,14.5,22.4
2018-01-08T01:00:00Z,1.289,23,3.2,Port Kembla,11.520000000000001,SIMP_201812_WP,1,January,187.5,14.5,22.4
2018-01-08T02:00:00Z,1.463,22.9,4.4,Port Kembla,15.840000000000002,SIMP_201812_WP,1,January,187.5,14.5,22.4
2018-01-08T03:00:00Z,1.538,23.5,1.7,Port Kembla,6.12,SIMP_201812_WP,1,January,187.5,14.5,22.4
2018-01-08T04:00:00Z,1.5,23.6,1.5,Port Kembla,5.4,SIMP_201812_WP,1,January,187.5,14.5,22.4
2018-01-08T05:00:00Z,1.346,23.6,2.3,Port Kembla,8.28,SIMP_201812_WP,1,January,187.5,14.5,22.4
2018-01-08T06:00:00Z,1.113,23.9,0.9,Port Kembla,3.24,SIMP_201812_WP,1,January,187.5,14.5,22.4
2018-01-08T07:00:00Z,0.862,23.9,2.6,Port Kembla,9.360000000000001,SIMP_201812_WP,1,January,187.5,14.5,22.4
2018-01-08T08:00:00Z,0.633,23.7,1.2,Port Kembla,4.32,SIMP_201812_WP,1,January,187.5,14.5,22.4
2018-01-08T09:00:00Z,0.463,23.9,2.5,Port Kembla,9,SIMP_201812_WP,1,January,187.5,14.5,22.4
2018-01-08T10:00:00Z,0.41,23.5,6.1,Port Kembla,21.96,SIMP_201812_WP,1,January,187.5,14.5,22.4
2018-01-08T11:00:00Z,0.489,22.7,3.7,Port Kembla,13.32,SIMP_201812_WP,1,January,187.5,14.5,22.4
2018-01-08T12:00:00Z,0.659,22.5,1.7,Port Kembla,6.12,SIMP_201812_WP,1,January,187.5,14.5,22.4
2018-01-08T13:00:00Z,0.888,22.5,0.9,Port Kembla,3.24,SIMP_201812_WP,1,January,187.5,14.5,22.4
2018-01-08T14:00:00Z,1.124,22.8,1.1,Port Kembla,3.9600000000000004,SIMP_201812_WP,1,January,187.5,14.5,22.4
2018-01-08T15:00:00Z,1.304,22.6,4.8,Port Kembla,17.28,SIMP_201812_WP,1,January,187.5,14.5,22.4
2018-01-08T16:00:00Z,1.404,22.7,2.1,Port Kembla,7.5600000000000005,SIMP_201812_WP,1,January,187.5,14.5,22.4
2018-01-08T17:00:00Z,1.374,23.2,4.8,Port Kembla,17.28,SIMP_201812_WP,1,January,187.5,14.5,22.4
2018-01-08T18:00:00Z,1.269,23.2,9.1,Port Kembla,32.76,SIMP_201812_WP,1,January,187.5,14.5,22.4
2018-01-08T19:00:00Z,1.092,23.2,5.6,Port Kembla,20.16,SIMP_201812_WP,1,January,187.5,14.5,22.4
2018-01-08T20:00:00Z,0.898,23.2,2.6,Port Kembla,9.360000000000001,SIMP_201812_WP,1,January,187.5,14.5,22.4
2018-01-08T21:00:00Z,0.759,23.2,3.1,Port Kembla,11.16,SIMP_201812_WP,1,January,187.5,14.5,22.4
2018-01-08T22:00:00Z,0.688,23.2,5.2,Port Kembla,18.720000000000002,SIMP_201812_WP,1,January,187.5,14.5,22.4
2018-01-08T23:00:00Z,0.717,23.2,4.8,Port Kembla,17.28,SIMP_201812_WP,1,January,187.5,14.5,22.4
2018-01-09T00:00:00Z,0.837,23.3,3.8,Port Kembla,13.68,SIMP_201812_WP,1,January,187.5,14.5,22.4
2018-01-09T01:00:00Z,1.006,23.4,5,Port Kembla,18,SIMP_201812_WP,1,January,187.5,14.5,22.4
2018-01-09T02:00:00Z,1.175,23.4,4.8,Port Kembla,17.28,SIMP_201812_WP,1,January,187.5,14.5,22.4
2018-01-09T03:00:00Z,1.309,23.5,4.1,Port Kembla,14.76,SIMP_201812_WP,1,January,187.5,14.5,22.4
2018-01-09T04:00:00Z,1.366,23.4,4.8,Port Kembla,17.28,SIMP_201812_WP,1,January,187.5,14.5,22.4
2018-01-09T05:00:00Z,1.333,23.2,6.3,Port Kembla,22.68,SIMP_201812_WP,1,January,187.5,14.5,22.4
2018-01-09T06:00:00Z,1.221,23.5,4.2,Port Kembla,15.120000000000001,SIMP_201812_WP,1,January,187.5,14.5,22.4
2018-01-09T07:00:00Z,1,23.6,1.4,Port Kembla,5.04,SIMP_201812_WP,1,January,187.5,14.5,22.4
2018-01-09T08:00:00Z,0.728,22.8,2.6,Port Kembla,9.360000000000001,SIMP_201812_WP,1,January,187.5,14.5,22.4
2018-01-09T09:00:00Z,0.584,22.5,2.4,Port Kembla,8.64,SIMP_201812_WP,1,January,187.5,14.5,22.4
2018-01-09T10:00:00Z,0.459,22.4,2.6,Port Kembla,9.360000000000001,SIMP_201812_WP,1,January,187.5,14.5,22.4
2018-01-09T11:00:00Z,0.435,22.7,5.2,Port Kembla,18.720000000000002,SIMP_201812_WP,1,January,187.5,14.5,22.4
2018-01-09T12:00:00Z,0.517,22.8,6,Port Kembla,21.6,SIMP_201812_WP,1,January,187.5,14.5,22.4
2018-01-09T13:00:00Z,0.684,22.5,5.5,Port Kembla,19.8,SIMP_201812_WP,1,January,187.5,14.5,22.4
2018-01-09T14:00:00Z,0.909,22.3,3.8,Port Kembla,13.68,SIMP_201812_WP,1,January,187.5,14.5,22.4
2018-01-09T15:00:00Z,1.129,22,4.6,Port Kembla,16.56,SIMP_201812_WP,1,January,187.5,14.5,22.4
2018-01-09T16:00:00Z,1.283,22.2,3.1,Port Kembla,11.16,SIMP_201812_WP,1,January,187.5,14.5,22.4
2018-01-09T17:00:00Z,1.367,22,1.9,Port Kembla,6.84,SIMP_201812_WP,1,January,187.5,14.5,22.4
2018-01-09T18:00:00Z,1.343,22.1,3,Port Kembla,10.8,SIMP_201812_WP,1,January,187.5,14.5,22.4
2018-01-09T19:00:00Z,1.226,22.1,2.4,Port Kembla,8.64,SIMP_201812_WP,1,January,187.5,14.5,22.4
2018-01-09T20:00:00Z,1.057,22.1,2.6,Port Kembla,9.360000000000001,SIMP_201812_WP,1,January,187.5,14.5,22.4
2018-01-09T21:00:00Z,0.876,22,1.9,Port Kembla,6.84,SIMP_201812_WP,1,January,187.5,14.5,22.4
2018-01-09T22:00:00Z,0.727,22,3.3,Port Kembla,11.879999999999999,SIMP_201812_WP,1,January,187.5,14.5,22.4
2018-01-09T23:00:00Z,0.639,22,3.3,Port Kembla,11.879999999999999,SIMP_201812_WP,1,January,187.5,14.5,22.4
2018-01-10T00:00:00Z,0.646,22.1,2.9,Port Kembla,10.44,SIMP_201812_WP,1,January,187.5,14.5,22.4
2018-01-10T01:00:00Z,0.734,22.1,4.2,Port Kembla,15.120000000000001,SIMP_201812_WP,1,January,187.5,14.5,22.4
2018-01-10T02:00:00Z,0.865,22.1,3.7,Port Kembla,13.32,SIMP_201812_WP,1,January,187.5,14.5,22.4
2018-01-10T03:00:00Z,1.009,22.1,4.7,Port Kembla,16.92,SIMP_201812_WP,1,January,187.5,14.5,22.4
2018-01-10T04:00:00Z,1.126,22.1,3.7,Port Kembla,13.32,SIMP_201812_WP,1,January,187.5,14.5,22.4
2018-01-10T05:00:00Z,1.179,22.1,3.2,Port Kembla,11.520000000000001,SIMP_201812_WP,1,January,187.5,14.5,22.4
2018-01-10T06:00:00Z,1.159,22.1,3.5,Port Kembla,12.6,SIMP_201812_WP,1,January,187.5,14.5,22.4
2018-01-10T07:00:00Z,1.057,22.1,2.8,Port Kembla,10.08,SIMP_201812_WP,1,January,187.5,14.5,22.4
2018-01-10T08:00:00Z,0.897,22.1,2.2,Port Kembla,7.920000000000001,SIMP_201812_WP,1,January,187.5,14.5,22.4
2018-01-10T09:00:00Z,0.72,22.1,1.8,Port Kembla,6.48,SIMP_201812_WP,1,January,187.5,14.5,22.4
2018-01-10T10:00:00Z,0.57,22.1,1.5,Port Kembla,5.4,SIMP_201812_WP,1,January,187.5,14.5,22.4
2018-01-10T11:00:00Z,0.479,22.1,1,Port Kembla,3.6,SIMP_201812_WP,1,January,187.5,14.5,22.4
2018-01-10T12:00:00Z,0.477,22.1,0.8,Port Kembla,2.8800000000000003,SIMP_201812_WP,1,January,187.5,14.5,22.4
2018-01-10T13:00:00Z,0.58,22.1,2.1,Port Kembla,7.5600000000000005,SIMP_201812_WP,1,January,187.5,14.5,22.4
2018-01-10T14:00:00Z,0.763,22.1,2.3,Port Kembla,8.28,SIMP_201812_WP,1,January,187.5,14.5,22.4
2018-01-10T15:00:00Z,0.981,22.2,1.1,Port Kembla,3.9600000000000004,SIMP_201812_WP,1,January,187.5,14.5,22.4
2018-01-10T16:00:00Z,1.192,22.2,1.6,Port Kembla,5.760000000000001,SIMP_201812_WP,1,January,187.5,14.5,22.4
2018-01-10T17:00:00Z,1.353,22.1,1.2,Port Kembla,4.32,SIMP_201812_WP,1,January,187.5,14.5,22.4
2018-01-10T18:00:00Z,1.425,22.1,1.5,Port Kembla,5.4,SIMP_201812_WP,1,January,187.5,14.5,22.4
2018-01-10T19:00:00Z,1.386,22.1,2.4,Port Kembla,8.64,SIMP_201812_WP,1,January,187.5,14.5,22.4
2018-01-10T20:00:00Z,1.267,22.1,1.5,Port Kembla,5.4,SIMP_201812_WP,1,January,187.5,14.5,22.4
2018-01-10T21:00:00Z,1.11,22.1,1.7,Port Kembla,6.12,SIMP_201812_WP,1,January,187.5,14.5,22.4
2018-01-10T22:00:00Z,0.921,22.2,2.4,Port Kembla,8.64,SIMP_201812_WP,1,January,187.5,14.5,22.4
2018-01-10T23:00:00Z,0.762,22.2,2,Port Kembla,7.2,SIMP_201812_WP,1,January,187.5,14.5,22.4
2018-01-11T00:00:00Z,0.674,22.2,2.6,Port Kembla,9.360000000000001,SIMP_201812_WP,1,January,187.5,14.5,22.4
2018-01-11T01:00:00Z,0.663,22.3,3.4,Port Kembla,12.24,SIMP_201812_WP,1,January,187.5,14.5,22.4
2018-01-11T02:00:00Z,0.732,22.4,4.6,Port Kembla,16.56,SIMP_201812_WP,1,January,187.5,14.5,22.4
2018-01-11T03:00:00Z,0.857,22.4,5.2,Port Kembla,18.720000000000002,SIMP_201812_WP,1,January,187.5,14.5,22.4
2018-01-11T04:00:00Z,0.995,22.5,5.8,Port Kembla,20.88,SIMP_201812_WP,1,January,187.5,14.5,22.4
2018-01-11T05:00:00Z,1.117,22.5,5.2,Port Kembla,18.720000000000002,SIMP_201812_WP,1,January,187.5,14.5,22.4
2018-01-11T06:00:00Z,1.189,22.5,5.3,Port Kembla,19.08,SIMP_201812_WP,1,January,187.5,14.5,22.4
2018-01-11T07:00:00Z,1.185,22.5,5.1,Port Kembla,18.36,SIMP_201812_WP,1,January,187.5,14.5,22.4
2018-01-11T08:00:00Z,1.08,22.5,5.1,Port Kembla,18.36,SIMP_201812_WP,1,January,187.5,14.5,22.4
2018-01-11T09:00:00Z,0.935,22.5,4.5,Port Kembla,16.2,SIMP_201812_WP,1,January,187.5,14.5,22.4
2018-01-11T10:00:00Z,0.772,22.5,4.9,Port Kembla,17.64,SIMP_201812_WP,1,January,187.5,14.5,22.4
2018-01-11T11:00:00Z,0.633,22.5,3.3,Port Kembla,11.879999999999999,SIMP_201812_WP,1,January,187.5,14.5,22.4
2018-01-11T12:00:00Z,0.56,22.5,2.7,Port Kembla,9.72,SIMP_201812_WP,1,January,187.5,14.5,22.4
2018-01-11T13:00:00Z,0.575,22.4,2.3,Port Kembla,8.28,SIMP_201812_WP,1,January,187.5,14.5,22.4
2018-01-11T14:00:00Z,0.694,22.4,1.9,Port Kembla,6.84,SIMP_201812_WP,1,January,187.5,14.5,22.4
2018-01-11T15:00:00Z,0.863,22.4,1.3,Port Kembla,4.680000000000001,SIMP_201812_WP,1,January,187.5,14.5,22.4
2018-01-11T16:00:00Z,1.073,22.4,1.7,Port Kembla,6.12,SIMP_201812_WP,1,January,187.5,14.5,22.4
2018-01-11T17:00:00Z,1.284,22.3,2,Port Kembla,7.2,SIMP_201812_WP,1,January,187.5,14.5,22.4
2018-01-11T18:00:00Z,1.429,22.3,1.8,Port Kembla,6.48,SIMP_201812_WP,1,January,187.5,14.5,22.4
2018-01-11T19:00:00Z,1.47,22.3,1.7,Port Kembla,6.12,SIMP_201812_WP,1,January,187.5,14.5,22.4
2018-01-11T20:00:00Z,1.421,22.4,1.7,Port Kembla,6.12,SIMP_201812_WP,1,January,187.5,14.5,22.4
2018-01-11T21:00:00Z,1.293,22.4,1.8,Port Kembla,6.48,SIMP_201812_WP,1,January,187.5,14.5,22.4
2018-01-11T22:00:00Z,1.099,22.6,2.5,Port Kembla,9,SIMP_201812_WP,1,January,187.5,14.5,22.4
2018-01-11T23:00:00Z,0.899,22.7,3.6,Port Kembla,12.96,SIMP_201812_WP,1,January,187.5,14.5,22.4
2018-01-12T00:00:00Z,0.729,22.5,2.9,Port Kembla,10.44,SIMP_201812_WP,1,January,187.5,14.5,22.4
2018-01-12T01:00:00Z,0.639,22.6,4.1,Port Kembla,14.76,SIMP_201812_WP,1,January,187.5,14.5,22.4
2018-01-12T02:00:00Z,0.625,22.7,5,Port Kembla,18,SIMP_201812_WP,1,January,187.5,14.5,22.4
2018-01-12T03:00:00Z,0.7,22.8,5,Port Kembla,18,SIMP_201812_WP,1,January,187.5,14.5,22.4
2018-01-12T04:00:00Z,0.835,23.1,6.9,Port Kembla,24.840000000000003,SIMP_201812_WP,1,January,187.5,14.5,22.4
2018-01-12T05:00:00Z,0.998,23.2,8,Port Kembla,28.8,SIMP_201812_WP,1,January,187.5,14.5,22.4
2018-01-12T06:00:00Z,1.151,23.3,8.2,Port Kembla,29.52,SIMP_201812_WP,1,January,187.5,14.5,22.4
2018-01-12T07:00:00Z,1.233,23.3,9,Port Kembla,32.4,SIMP_201812_WP,1,January,187.5,14.5,22.4
2018-01-12T08:00:00Z,1.217,23.3,8.5,Port Kembla,30.6,SIMP_201812_WP,1,January,187.5,14.5,22.4
2018-01-12T09:00:00Z,1.128,23.3,8.6,Port Kembla,30.96,SIMP_201812_WP,1,January,187.5,14.5,22.4
2018-01-12T10:00:00Z,0.991,23.3,3.2,Port Kembla,11.520000000000001,SIMP_201812_WP,1,January,187.5,14.5,22.4
2018-01-12T11:00:00Z,0.813,23.2,2.6,Port Kembla,9.360000000000001,SIMP_201812_WP,1,January,187.5,14.5,22.4
2018-01-12T12:00:00Z,0.677,23.2,4.5,Port Kembla,16.2,SIMP_201812_WP,1,January,187.5,14.5,22.4
2018-01-12T13:00:00Z,0.641,22.8,3.7,Port Kembla,13.32,SIMP_201812_WP,1,January,187.5,14.5,22.4
2018-01-12T14:00:00Z,0.681,22.7,2.5,Port Kembla,9,SIMP_201812_WP,1,January,187.5,14.5,22.4
2018-01-12T15:00:00Z,0.808,22.8,1.8,Port Kembla,6.48,SIMP_201812_WP,1,January,187.5,14.5,22.4
2018-01-12T16:00:00Z,1.014,23.1,1.1,Port Kembla,3.9600000000000004,SIMP_201812_WP,1,January,187.5,14.5,22.4
2018-01-12T17:00:00Z,1.248,22.7,5.2,Port Kembla,18.720000000000002,SIMP_201812_WP,1,January,187.5,14.5,22.4
2018-01-12T18:00:00Z,1.449,22.7,2,Port Kembla,7.2,SIMP_201812_WP,1,January,187.5,14.5,22.4
2018-01-12T19:00:00Z,1.594,22.6,0.3,Port Kembla,1.08,SIMP_201812_WP,1,January,187.5,14.5,22.4
2018-01-12T20:00:00Z,1.625,22.3,0.7,Port Kembla,2.52,SIMP_201812_WP,1,January,187.5,14.5,22.4
2018-01-12T21:00:00Z,1.555,22.7,3.3,Port Kembla,11.879999999999999,SIMP_201812_WP,1,January,187.5,14.5,22.4
2018-01-12T22:00:00Z,1.387,22.9,6.9,Port Kembla,24.840000000000003,SIMP_201812_WP,1,January,187.5,14.5,22.4
2018-01-12T23:00:00Z,1.169,23,6.4,Port Kembla,23.040000000000003,SIMP_201812_WP,1,January,187.5,14.5,22.4
2018-01-13T00:00:00Z,0.939,23.1,12.5,Port Kembla,45,SIMP_201812_WP,1,January,187.5,14.5,22.4
2018-01-13T01:00:00Z,0.75,23.3,11.4,Port Kembla,41.04,SIMP_201812_WP,1,January,187.5,14.5,22.4
2018-01-13T02:00:00Z,0.629,23.4,10.2,Port Kembla,36.72,SIMP_201812_WP,1,January,187.5,14.5,22.4
2018-01-13T03:00:00Z,0.629,23.5,8.7,Port Kembla,31.319999999999997,SIMP_201812_WP,1,January,187.5,14.5,22.4
2018-01-13T04:00:00Z,0.735,23.4,4.7,Port Kembla,16.92,SIMP_201812_WP,1,January,187.5,14.5,22.4
2018-01-13T05:00:00Z,0.887,22.9,3.8,Port Kembla,13.68,SIMP_201812_WP,1,January,187.5,14.5,22.4
2018-01-13T06:00:00Z,1.07,22.8,5.8,Port Kembla,20.88,SIMP_201812_WP,1,January,187.5,14.5,22.4
2018-01-13T07:00:00Z,1.213,22,6.2,Port Kembla,22.32,SIMP_201812_WP,1,January,187.5,14.5,22.4
2018-01-13T08:00:00Z,1.285,22.1,5.1,Port Kembla,18.36,SIMP_201812_WP,1,January,187.5,14.5,22.4
2018-01-13T09:00:00Z,1.259,22.1,4.2,Port Kembla,15.120000000000001,SIMP_201812_WP,1,January,187.5,14.5,22.4
2018-01-13T10:00:00Z,1.141,21.9,2.4,Port Kembla,8.64,SIMP_201812_WP,1,January,187.5,14.5,22.4
2018-01-13T11:00:00Z,0.981,22,1.7,Port Kembla,6.12,SIMP_201812_WP,1,January,187.5,14.5,22.4
2018-01-13T12:00:00Z,0.812,22.1,2,Port Kembla,7.2,SIMP_201812_WP,1,January,187.5,14.5,22.4
2018-01-13T13:00:00Z,0.698,22.2,2.1,Port Kembla,7.5600000000000005,SIMP_201812_WP,1,January,187.5,14.5,22.4
2018-01-13T14:00:00Z,0.665,22.3,1.5,Port Kembla,5.4,SIMP_201812_WP,1,January,187.5,14.5,22.4
2018-01-13T15:00:00Z,0.718,22.3,2.9,Port Kembla,10.44,SIMP_201812_WP,1,January,187.5,14.5,22.4
2018-01-13T16:00:00Z,0.861,22.3,4.9,Port Kembla,17.64,SIMP_201812_WP,1,January,187.5,14.5,22.4
2018-01-13T17:00:00Z,1.093,22.1,5.1,Port Kembla,18.36,SIMP_201812_WP,1,January,187.5,14.5,22.4
2018-01-13T18:00:00Z,1.337,22.1,5.6,Port Kembla,20.16,SIMP_201812_WP,1,January,187.5,14.5,22.4
2018-01-13T19:00:00Z,1.54,22,7.9,Port Kembla,28.44,SIMP_201812_WP,1,January,187.5,14.5,22.4
2018-01-13T20:00:00Z,1.654,22,6.5,Port Kembla,23.400000000000002,SIMP_201812_WP,1,January,187.5,14.5,22.4
2018-01-13T21:00:00Z,1.651,21.9,8.6,Port Kembla,30.96,SIMP_201812_WP,1,January,187.5,14.5,22.4
2018-01-13T22:00:00Z,1.531,21.9,8.4,Port Kembla,30.240000000000002,SIMP_201812_WP,1,January,187.5,14.5,22.4
2018-01-13T23:00:00Z,1.323,21.8,8.3,Port Kembla,29.880000000000003,SIMP_201812_WP,1,January,187.5,14.5,22.4
2018-01-14T00:00:00Z,1.072,21.8,8.6,Port Kembla,30.96,SIMP_201812_WP,1,January,187.5,14.5,22.4
2018-01-14T01:00:00Z,0.822,21.8,8.2,Port Kembla,29.52,SIMP_201812_WP,1,January,187.5,14.5,22.4
2018-01-14T02:00:00Z,0.647,21.7,7.9,Port Kembla,28.44,SIMP_201812_WP,1,January,187.5,14.5,22.4
2018-01-14T03:00:00Z,0.565,21.6,6.5,Port Kembla,23.400000000000002,SIMP_201812_WP,1,January,187.5,14.5,22.4
2018-01-14T04:00:00Z,0.596,21.6,7.6,Port Kembla,27.36,SIMP_201812_WP,1,January,187.5,14.5,22.4
2018-01-14T05:00:00Z,0.722,21.5,9.9,Port Kembla,35.64,SIMP_201812_WP,1,January,187.5,14.5,22.4
2018-01-14T06:00:00Z,0.916,21.6,11,Port Kembla,39.6,SIMP_201812_WP,1,January,187.5,14.5,22.4
2018-01-14T07:00:00Z,1.116,21.6,7.4,Port Kembla,26.64,SIMP_201812_WP,1,January,187.5,14.5,22.4
2018-01-14T08:00:00Z,1.244,21.6,6.1,Port Kembla,21.96,SIMP_201812_WP,1,January,187.5,14.5,22.4
2018-01-14T09:00:00Z,1.291,21.5,3.1,Port Kembla,11.16,SIMP_201812_WP,1,January,187.5,14.5,22.4
2018-01-14T10:00:00Z,1.24,21.5,4.5,Port Kembla,16.2,SIMP_201812_WP,1,January,187.5,14.5,22.4
2018-01-14T11:00:00Z,1.097,21.5,6.8,Port Kembla,24.48,SIMP_201812_WP,1,January,187.5,14.5,22.4
2018-01-14T12:00:00Z,0.909,21.6,5.1,Port Kembla,18.36,SIMP_201812_WP,1,January,187.5,14.5,22.4
2018-01-14T13:00:00Z,0.742,21.7,5.1,Port Kembla,18.36,SIMP_201812_WP,1,January,187.5,14.5,22.4
2018-01-14T14:00:00Z,0.644,21.7,4.6,Port Kembla,16.56,SIMP_201812_WP,1,January,187.5,14.5,22.4
2018-01-14T15:00:00Z,0.632,21.6,4.7,Port Kembla,16.92,SIMP_201812_WP,1,January,187.5,14.5,22.4
2018-01-14T16:00:00Z,0.731,21.7,5,Port Kembla,18,SIMP_201812_WP,1,January,187.5,14.5,22.4
2018-01-14T17:00:00Z,0.944,21.6,6,Port Kembla,21.6,SIMP_201812_WP,1,January,187.5,14.5,22.4
2018-01-14T18:00:00Z,1.206,21.6,5.8,Port Kembla,20.88,SIMP_201812_WP,1,January,187.5,14.5,22.4
2018-01-14T19:00:00Z,1.449,21.5,7,Port Kembla,25.2,SIMP_201812_WP,1,January,187.5,14.5,22.4
2018-01-14T20:00:00Z,1.642,21.4,6.2,Port Kembla,22.32,SIMP_201812_WP,1,January,187.5,14.5,22.4
2018-01-14T21:00:00Z,1.73,21.4,6.1,Port Kembla,21.96,SIMP_201812_WP,1,January,187.5,14.5,22.4
2018-01-14T22:00:00Z,1.676,21.4,6.1,Port Kembla,21.96,SIMP_201812_WP,1,January,187.5,14.5,22.4
2018-01-14T23:00:00Z,1.512,21.4,6.1,Port Kembla,21.96,SIMP_201812_WP,1,January,187.5,14.5,22.4
2018-01-15T00:00:00Z,1.252,21.4,6,Port Kembla,21.6,SIMP_201812_WP,1,January,187.5,14.5,22.4
2018-01-15T01:00:00Z,0.97,21.4,6.1,Port Kembla,21.96,SIMP_201812_WP,1,January,187.5,14.5,22.4
2018-01-15T02:00:00Z,0.721,21.6,5.4,Port Kembla,19.44,SIMP_201812_WP,1,January,187.5,14.5,22.4
2018-01-15T03:00:00Z,0.551,21.6,5.1,Port Kembla,18.36,SIMP_201812_WP,1,January,187.5,14.5,22.4
2018-01-15T04:00:00Z,0.489,21.6,5.7,Port Kembla,20.52,SIMP_201812_WP,1,January,187.5,14.5,22.4
2018-01-15T05:00:00Z,0.56,21.5,6.1,Port Kembla,21.96,SIMP_201812_WP,1,January,187.5,14.5,22.4
2018-01-15T06:00:00Z,0.727,21.4,4.6,Port Kembla,16.56,SIMP_201812_WP,1,January,187.5,14.5,22.4
2018-01-15T07:00:00Z,0.944,21.3,5.7,Port Kembla,20.52,SIMP_201812_WP,1,January,187.5,14.5,22.4
2018-01-15T08:00:00Z,1.123,21.3,3.6,Port Kembla,12.96,SIMP_201812_WP,1,January,187.5,14.5,22.4
2018-01-15T09:00:00Z,1.239,21.2,5.1,Port Kembla,18.36,SIMP_201812_WP,1,January,187.5,14.5,22.4
2018-01-15T10:00:00Z,1.265,21.2,5.5,Port Kembla,19.8,SIMP_201812_WP,1,January,187.5,14.5,22.4
2018-01-15T11:00:00Z,1.18,21.2,6.6,Port Kembla,23.759999999999998,SIMP_201812_WP,1,January,187.5,14.5,22.4
2018-01-15T12:00:00Z,1,21.1,7.8,Port Kembla,28.08,SIMP_201812_WP,1,January,187.5,14.5,22.4
2018-01-15T13:00:00Z,0.805,21.1,5.5,Port Kembla,19.8,SIMP_201812_WP,1,January,187.5,14.5,22.4
2018-01-15T14:00:00Z,0.656,21.1,7.6,Port Kembla,27.36,SIMP_201812_WP,1,January,187.5,14.5,22.4
2018-01-15T15:00:00Z,0.584,21.1,7.7,Port Kembla,27.720000000000002,SIMP_201812_WP,1,January,187.5,14.5,22.4
2018-01-15T16:00:00Z,0.626,21.1,8.3,Port Kembla,29.880000000000003,SIMP_201812_WP,1,January,187.5,14.5,22.4
2018-01-15T17:00:00Z,0.792,21.1,7.9,Port Kembla,28.44,SIMP_201812_WP,1,January,187.5,14.5,22.4
2018-01-15T18:00:00Z,1.049,21.1,6.8,Port Kembla,24.48,SIMP_201812_WP,1,January,187.5,14.5,22.4
2018-01-15T19:00:00Z,1.323,20.9,7.7,Port Kembla,27.720000000000002,SIMP_201812_WP,1,January,187.5,14.5,22.4
2018-01-15T20:00:00Z,1.566,20.9,7.9,Port Kembla,28.44,SIMP_201812_WP,1,January,187.5,14.5,22.4
2018-01-15T21:00:00Z,1.723,20.8,6.7,Port Kembla,24.12,SIMP_201812_WP,1,January,187.5,14.5,22.4
2018-01-15T22:00:00Z,1.751,20.8,6.4,Port Kembla,23.040000000000003,SIMP_201812_WP,1,January,187.5,14.5,22.4
2018-01-15T23:00:00Z,1.638,20.8,6.2,Port Kembla,22.32,SIMP_201812_WP,1,January,187.5,14.5,22.4
2018-01-16T00:00:00Z,1.41,20.8,6,Port Kembla,21.6,SIMP_201812_WP,1,January,187.5,14.5,22.4
2018-01-16T01:00:00Z,1.111,20.9,5.3,Port Kembla,19.08,SIMP_201812_WP,1,January,187.5,14.5,22.4
2018-01-16T02:00:00Z,0.814,20.9,5.5,Port Kembla,19.8,SIMP_201812_WP,1,January,187.5,14.5,22.4
2018-01-16T03:00:00Z,0.578,21.1,5.1,Port Kembla,18.36,SIMP_201812_WP,1,January,187.5,14.5,22.4
2018-01-16T04:00:00Z,0.434,21.1,4.7,Port Kembla,16.92,SIMP_201812_WP,1,January,187.5,14.5,22.4
2018-01-16T05:00:00Z,0.433,21.1,4.4,Port Kembla,15.840000000000002,SIMP_201812_WP,1,January,187.5,14.5,22.4
2018-01-16T06:00:00Z,0.553,21.1,4.8,Port Kembla,17.28,SIMP_201812_WP,1,January,187.5,14.5,22.4
2018-01-16T07:00:00Z,0.775,21.1,4.4,Port Kembla,15.840000000000002,SIMP_201812_WP,1,January,187.5,14.5,22.4
2018-01-16T08:00:00Z,1.004,21.1,4.8,Port Kembla,17.28,SIMP_201812_WP,1,January,187.5,14.5,22.4
2018-01-16T09:00:00Z,1.196,21.1,5,Port Kembla,18,SIMP_201812_WP,1,January,187.5,14.5,22.4
2018-01-16T10:00:00Z,1.297,21,3.7,Port Kembla,13.32,SIMP_201812_WP,1,January,187.5,14.5,22.4
2018-01-16T11:00:00Z,1.287,21,5.2,Port Kembla,18.720000000000002,SIMP_201812_WP,1,January,187.5,14.5,22.4
2018-01-16T12:00:00Z,1.167,21,4.9,Port Kembla,17.64,SIMP_201812_WP,1,January,187.5,14.5,22.4
2018-01-16T13:00:00Z,0.977,21,4.5,Port Kembla,16.2,SIMP_201812_WP,1,January,187.5,14.5,22.4
2018-01-16T14:00:00Z,0.795,20.9,3.9,Port Kembla,14.04,SIMP_201812_WP,1,January,187.5,14.5,22.4
2018-01-16T15:00:00Z,0.663,20.9,4.7,Port Kembla,16.92,SIMP_201812_WP,1,January,187.5,14.5,22.4
2018-01-16T16:00:00Z,0.639,20.9,4.3,Port Kembla,15.48,SIMP_201812_WP,1,January,187.5,14.5,22.4
2018-01-16T17:00:00Z,0.728,21.1,5.3,Port Kembla,19.08,SIMP_201812_WP,1,January,187.5,14.5,22.4
2018-01-16T18:00:00Z,0.928,21.1,4.7,Port Kembla,16.92,SIMP_201812_WP,1,January,187.5,14.5,22.4
2018-01-16T19:00:00Z,1.195,21.1,4.6,Port Kembla,16.56,SIMP_201812_WP,1,January,187.5,14.5,22.4
2018-01-16T20:00:00Z,1.473,21,4.8,Port Kembla,17.28,SIMP_201812_WP,1,January,187.5,14.5,22.4
2018-01-16T21:00:00Z,1.695,21,5.6,Port Kembla,20.16,SIMP_201812_WP,1,January,187.5,14.5,22.4
2018-01-16T22:00:00Z,1.793,21,6.1,Port Kembla,21.96,SIMP_201812_WP,1,January,187.5,14.5,22.4
2018-01-16T23:00:00Z,1.752,21.1,5.5,Port Kembla,19.8,SIMP_201812_WP,1,January,187.5,14.5,22.4
2018-01-17T00:00:00Z,1.575,21.1,4.8,Port Kembla,17.28,SIMP_201812_WP,1,January,187.5,14.5,22.4
2018-01-17T01:00:00Z,1.29,21.1,4.9,Port Kembla,17.64,SIMP_201812_WP,1,January,187.5,14.5,22.4
2018-01-17T02:00:00Z,0.961,21.1,4.2,Port Kembla,15.120000000000001,SIMP_201812_WP,1,January,187.5,14.5,22.4
2018-01-17T03:00:00Z,0.663,21.1,4.8,Port Kembla,17.28,SIMP_201812_WP,1,January,187.5,14.5,22.4
2018-01-17T04:00:00Z,0.445,21.2,4.9,Port Kembla,17.64,SIMP_201812_WP,1,January,187.5,14.5,22.4
2018-01-17T05:00:00Z,0.358,21.2,5.1,Port Kembla,18.36,SIMP_201812_WP,1,January,187.5,14.5,22.4
2018-01-17T06:00:00Z,0.409,21.2,4.3,Port Kembla,15.48,SIMP_201812_WP,1,January,187.5,14.5,22.4
2018-01-17T07:00:00Z,0.591,21.1,5.5,Port Kembla,19.8,SIMP_201812_WP,1,January,187.5,14.5,22.4
2018-01-17T08:00:00Z,0.827,21.1,4.5,Port Kembla,16.2,SIMP_201812_WP,1,January,187.5,14.5,22.4
2018-01-17T09:00:00Z,1.063,21.1,3.3,Port Kembla,11.879999999999999,SIMP_201812_WP,1,January,187.5,14.5,22.4
2018-01-17T10:00:00Z,1.224,21.1,2.2,Port Kembla,7.920000000000001,SIMP_201812_WP,1,January,187.5,14.5,22.4
2018-01-17T11:00:00Z,1.269,21.1,2.2,Port Kembla,7.920000000000001,SIMP_201812_WP,1,January,187.5,14.5,22.4
2018-01-17T12:00:00Z,1.196,21.1,1.7,Port Kembla,6.12,SIMP_201812_WP,1,January,187.5,14.5,22.4
2018-01-17T13:00:00Z,1.026,21.1,1.6,Port Kembla,5.760000000000001,SIMP_201812_WP,1,January,187.5,14.5,22.4
2018-01-17T14:00:00Z,0.817,21.1,2.2,Port Kembla,7.920000000000001,SIMP_201812_WP,1,January,187.5,14.5,22.4
2018-01-17T15:00:00Z,0.631,21.1,2.3,Port Kembla,8.28,SIMP_201812_WP,1,January,187.5,14.5,22.4
2018-01-17T16:00:00Z,0.534,21.2,1.2,Port Kembla,4.32,SIMP_201812_WP,1,January,187.5,14.5,22.4
2018-01-17T17:00:00Z,0.546,21.3,2.2,Port Kembla,7.920000000000001,SIMP_201812_WP,1,January,187.5,14.5,22.4
2018-01-17T18:00:00Z,0.681,21.4,2.2,Port Kembla,7.920000000000001,SIMP_201812_WP,1,January,187.5,14.5,22.4
2018-01-17T19:00:00Z,0.917,21.4,2.1,Port Kembla,7.5600000000000005,SIMP_201812_WP,1,January,187.5,14.5,22.4
2018-01-17T20:00:00Z,1.198,21.4,2.1,Port Kembla,7.5600000000000005,SIMP_201812_WP,1,January,187.5,14.5,22.4
2018-01-17T21:00:00Z,1.47,21.4,0.6,Port Kembla,2.16,SIMP_201812_WP,1,January,187.5,14.5,22.4
2018-01-17T22:00:00Z,1.655,21.3,1.7,Port Kembla,6.12,SIMP_201812_WP,1,January,187.5,14.5,22.4
2018-01-17T23:00:00Z,1.707,21.3,2.4,Port Kembla,8.64,SIMP_201812_WP,1,January,187.5,14.5,22.4
2018-01-18T00:00:00Z,1.618,21.5,3.8,Port Kembla,13.68,SIMP_201812_WP,1,January,187.5,14.5,22.4
2018-01-18T01:00:00Z,1.386,21.7,3.7,Port Kembla,13.32,SIMP_201812_WP,1,January,187.5,14.5,22.4
2018-01-18T02:00:00Z,1.08,22,3.9,Port Kembla,14.04,SIMP_201812_WP,1,January,187.5,14.5,22.4
2018-01-18T03:00:00Z,0.755,22.2,3.8,Port Kembla,13.68,SIMP_201812_WP,1,January,187.5,14.5,22.4
2018-01-18T04:00:00Z,0.488,22.3,4.1,Port Kembla,14.76,SIMP_201812_WP,1,January,187.5,14.5,22.4
2018-01-18T05:00:00Z,0.328,22.5,3.7,Port Kembla,13.32,SIMP_201812_WP,1,January,187.5,14.5,22.4
2018-01-18T06:00:00Z,0.314,22.6,4.3,Port Kembla,15.48,SIMP_201812_WP,1,January,187.5,14.5,22.4
2018-01-18T07:00:00Z,0.433,22.6,3.7,Port Kembla,13.32,SIMP_201812_WP,1,January,187.5,14.5,22.4
2018-01-18T08:00:00Z,0.658,22.6,3.4,Port Kembla,12.24,SIMP_201812_WP,1,January,187.5,14.5,22.4
2018-01-18T09:00:00Z,0.905,22.8,3.3,Port Kembla,11.879999999999999,SIMP_201812_WP,1,January,187.5,14.5,22.4
2018-01-18T10:00:00Z,1.108,22.3,2.6,Port Kembla,9.360000000000001,SIMP_201812_WP,1,January,187.5,14.5,22.4
2018-01-18T11:00:00Z,1.23,22.2,2.3,Port Kembla,8.28,SIMP_201812_WP,1,January,187.5,14.5,22.4
2018-01-18T12:00:00Z,1.224,22.1,2,Port Kembla,7.2,SIMP_201812_WP,1,January,187.5,14.5,22.4
2018-01-18T13:00:00Z,1.107,22.3,1.3,Port Kembla,4.680000000000001,SIMP_201812_WP,1,January,187.5,14.5,22.4
2018-01-18T14:00:00Z,0.914,22.5,1.1,Port Kembla,3.9600000000000004,SIMP_201812_WP,1,January,187.5,14.5,22.4
2018-01-18T15:00:00Z,0.707,22.5,0.5,Port Kembla,1.8,SIMP_201812_WP,1,January,187.5,14.5,22.4
2018-01-18T16:00:00Z,0.554,22.1,1.3,Port Kembla,4.680000000000001,SIMP_201812_WP,1,January,187.5,14.5,22.4
2018-01-18T17:00:00Z,0.502,22.3,1.1,Port Kembla,3.9600000000000004,SIMP_201812_WP,1,January,187.5,14.5,22.4
2018-01-18T18:00:00Z,0.566,22.2,1,Port Kembla,3.6,SIMP_201812_WP,1,January,187.5,14.5,22.4
2018-01-18T19:00:00Z,0.746,22.2,0.9,Port Kembla,3.24,SIMP_201812_WP,1,January,187.5,14.5,22.4
2018-01-18T20:00:00Z,1.017,21.9,1.3,Port Kembla,4.680000000000001,SIMP_201812_WP,1,January,187.5,14.5,22.4
2018-01-18T21:00:00Z,1.315,21.9,0.9,Port Kembla,3.24,SIMP_201812_WP,1,January,187.5,14.5,22.4
2018-01-18T22:00:00Z,1.556,21.8,1.6,Port Kembla,5.760000000000001,SIMP_201812_WP,1,January,187.5,14.5,22.4
2018-01-18T23:00:00Z,1.685,22,1.1,Port Kembla,3.9600000000000004,SIMP_201812_WP,1,January,187.5,14.5,22.4
2018-01-19T00:00:00Z,1.675,21.6,2.6,Port Kembla,9.360000000000001,SIMP_201812_WP,1,January,187.5,14.5,22.4
2018-01-19T01:00:00Z,1.52,22.1,2.5,Port Kembla,9,SIMP_201812_WP,1,January,187.5,14.5,22.4
2018-01-19T02:00:00Z,1.238,22.2,4.2,Port Kembla,15.120000000000001,SIMP_201812_WP,1,January,187.5,14.5,22.4
2018-01-19T03:00:00Z,0.911,22.3,3.7,Port Kembla,13.32,SIMP_201812_WP,1,January,187.5,14.5,22.4
2018-01-19T04:00:00Z,0.601,23,4.9,Port Kembla,17.64,SIMP_201812_WP,1,January,187.5,14.5,22.4
2018-01-19T05:00:00Z,0.377,23.4,4.4,Port Kembla,15.840000000000002,SIMP_201812_WP,1,January,187.5,14.5,22.4
2018-01-19T06:00:00Z,0.281,23.5,4,Port Kembla,14.4,SIMP_201812_WP,1,January,187.5,14.5,22.4
2018-01-19T07:00:00Z,0.324,23.4,3.6,Port Kembla,12.96,SIMP_201812_WP,1,January,187.5,14.5,22.4
2018-01-19T08:00:00Z,0.496,23.1,4.2,Port Kembla,15.120000000000001,SIMP_201812_WP,1,January,187.5,14.5,22.4
2018-01-19T09:00:00Z,0.732,23.2,4.2,Port Kembla,15.120000000000001,SIMP_201812_WP,1,January,187.5,14.5,22.4
2018-01-19T10:00:00Z,0.973,23.1,3.3,Port Kembla,11.879999999999999,SIMP_201812_WP,1,January,187.5,14.5,22.4
2018-01-19T11:00:00Z,1.148,23,3.6,Port Kembla,12.96,SIMP_201812_WP,1,January,187.5,14.5,22.4
2018-01-19T12:00:00Z,1.224,22.5,1.3,Port Kembla,4.680000000000001,SIMP_201812_WP,1,January,187.5,14.5,22.4
2018-01-19T13:00:00Z,1.176,23,1.5,Port Kembla,5.4,SIMP_201812_WP,1,January,187.5,14.5,22.4
2018-01-19T14:00:00Z,1.03,23,0.9,Port Kembla,3.24,SIMP_201812_WP,1,January,187.5,14.5,22.4
2018-01-19T15:00:00Z,0.815,22.9,1.2,Port Kembla,4.32,SIMP_201812_WP,1,January,187.5,14.5,22.4
2018-01-19T16:00:00Z,0.625,23,0.4,Port Kembla,1.4400000000000002,SIMP_201812_WP,1,January,187.5,14.5,22.4
2018-01-19T17:00:00Z,0.508,22.9,0.6,Port Kembla,2.16,SIMP_201812_WP,1,January,187.5,14.5,22.4
2018-01-19T18:00:00Z,0.499,22.9,1.7,Port Kembla,6.12,SIMP_201812_WP,1,January,187.5,14.5,22.4
2018-01-19T19:00:00Z,0.604,22.7,1.6,Port Kembla,5.760000000000001,SIMP_201812_WP,1,January,187.5,14.5,22.4
2018-01-19T20:00:00Z,0.811,22.2,0.4,Port Kembla,1.4400000000000002,SIMP_201812_WP,1,January,187.5,14.5,22.4
2018-01-19T21:00:00Z,1.089,22.3,0.9,Port Kembla,3.24,SIMP_201812_WP,1,January,187.5,14.5,22.4
2018-01-19T22:00:00Z,1.356,22,3.1,Port Kembla,11.16,SIMP_201812_WP,1,January,187.5,14.5,22.4
2018-01-19T23:00:00Z,1.551,22,2.6,Port Kembla,9.360000000000001,SIMP_201812_WP,1,January,187.5,14.5,22.4
2018-01-20T00:00:00Z,1.635,22.5,3.8,Port Kembla,13.68,SIMP_201812_WP,1,January,187.5,14.5,22.4
2018-01-20T01:00:00Z,1.573,22.4,4.4,Port Kembla,15.840000000000002,SIMP_201812_WP,1,January,187.5,14.5,22.4
2018-01-20T02:00:00Z,1.365,23.1,3.5,Port Kembla,12.6,SIMP_201812_WP,1,January,187.5,14.5,22.4
2018-01-20T03:00:00Z,1.065,23.4,2.3,Port Kembla,8.28,SIMP_201812_WP,1,January,187.5,14.5,22.4
2018-01-20T04:00:00Z,0.746,23.8,2.3,Port Kembla,8.28,SIMP_201812_WP,1,January,187.5,14.5,22.4
2018-01-20T05:00:00Z,0.475,24.3,3.8,Port Kembla,13.68,SIMP_201812_WP,1,January,187.5,14.5,22.4
2018-01-20T06:00:00Z,0.302,24.5,3.2,Port Kembla,11.520000000000001,SIMP_201812_WP,1,January,187.5,14.5,22.4
2018-01-20T07:00:00Z,0.263,23.9,2.9,Port Kembla,10.44,SIMP_201812_WP,1,January,187.5,14.5,22.4
2018-01-20T08:00:00Z,0.361,24.6,2.7,Port Kembla,9.72,SIMP_201812_WP,1,January,187.5,14.5,22.4
2018-01-20T09:00:00Z,0.568,23.2,3.5,Port Kembla,12.6,SIMP_201812_WP,1,January,187.5,14.5,22.4
2018-01-20T10:00:00Z,0.807,23.8,4.8,Port Kembla,17.28,SIMP_201812_WP,1,January,187.5,14.5,22.4
2018-01-20T11:00:00Z,1.028,23.1,4.4,Port Kembla,15.840000000000002,SIMP_201812_WP,1,January,187.5,14.5,22.4
2018-01-20T12:00:00Z,1.172,24.3,3.3,Port Kembla,11.879999999999999,SIMP_201812_WP,1,January,187.5,14.5,22.4
2018-01-20T13:00:00Z,1.213,23.4,3.9,Port Kembla,14.04,SIMP_201812_WP,1,January,187.5,14.5,22.4
2018-01-20T14:00:00Z,1.132,23.7,3.7,Port Kembla,13.32,SIMP_201812_WP,1,January,187.5,14.5,22.4
2018-01-20T15:00:00Z,0.958,24,3,Port Kembla,10.8,SIMP_201812_WP,1,January,187.5,14.5,22.4
2018-01-20T16:00:00Z,0.759,23.8,3.4,Port Kembla,12.24,SIMP_201812_WP,1,January,187.5,14.5,22.4
2018-01-20T17:00:00Z,0.596,23.7,2.7,Port Kembla,9.72,SIMP_201812_WP,1,January,187.5,14.5,22.4
2018-01-20T18:00:00Z,0.508,23.6,2.6,Port Kembla,9.360000000000001,SIMP_201812_WP,1,January,187.5,14.5,22.4
2018-01-20T19:00:00Z,0.521,23.6,2.1,Port Kembla,7.5600000000000005,SIMP_201812_WP,1,January,187.5,14.5,22.4
2018-01-20T20:00:00Z,0.666,23.8,1.7,Port Kembla,6.12,SIMP_201812_WP,1,January,187.5,14.5,22.4
2018-01-20T21:00:00Z,0.903,23.4,1.9,Port Kembla,6.84,SIMP_201812_WP,1,January,187.5,14.5,22.4
2018-01-20T22:00:00Z,1.156,22.5,2.5,Port Kembla,9,SIMP_201812_WP,1,January,187.5,14.5,22.4
2018-01-20T23:00:00Z,1.393,22.2,4.9,Port Kembla,17.64,SIMP_201812_WP,1,January,187.5,14.5,22.4
2018-01-21T00:00:00Z,1.542,22.5,5.5,Port Kembla,19.8,SIMP_201812_WP,1,January,187.5,14.5,22.4
2018-01-21T01:00:00Z,1.577,22.8,7,Port Kembla,25.2,SIMP_201812_WP,1,January,187.5,14.5,22.4
2018-01-21T02:00:00Z,1.468,24,6.3,Port Kembla,22.68,SIMP_201812_WP,1,January,187.5,14.5,22.4
2018-01-21T03:00:00Z,1.237,23.8,6.8,Port Kembla,24.48,SIMP_201812_WP,1,January,187.5,14.5,22.4
2018-01-21T04:00:00Z,0.948,24.3,7.4,Port Kembla,26.64,SIMP_201812_WP,1,January,187.5,14.5,22.4
2018-01-21T05:00:00Z,0.673,24.5,9.1,Port Kembla,32.76,SIMP_201812_WP,1,January,187.5,14.5,22.4
2018-01-21T06:00:00Z,0.461,24.6,9.6,Port Kembla,34.56,SIMP_201812_WP,1,January,187.5,14.5,22.4
2018-01-21T07:00:00Z,0.344,24.4,9.1,Port Kembla,32.76,SIMP_201812_WP,1,January,187.5,14.5,22.4
2018-01-21T08:00:00Z,0.362,24.3,8.4,Port Kembla,30.240000000000002,SIMP_201812_WP,1,January,187.5,14.5,22.4
2018-01-21T09:00:00Z,0.498,24.2,8,Port Kembla,28.8,SIMP_201812_WP,1,January,187.5,14.5,22.4
2018-01-21T10:00:00Z,0.71,24.3,7.2,Port Kembla,25.92,SIMP_201812_WP,1,January,187.5,14.5,22.4
2018-01-21T11:00:00Z,0.936,23.9,6.3,Port Kembla,22.68,SIMP_201812_WP,1,January,187.5,14.5,22.4
2018-01-21T12:00:00Z,1.126,23.8,5.2,Port Kembla,18.720000000000002,SIMP_201812_WP,1,January,187.5,14.5,22.4
2018-01-21T13:00:00Z,1.245,23.7,4.1,Port Kembla,14.76,SIMP_201812_WP,1,January,187.5,14.5,22.4
2018-01-21T14:00:00Z,1.251,23.6,3.9,Port Kembla,14.04,SIMP_201812_WP,1,January,187.5,14.5,22.4
2018-01-21T15:00:00Z,1.137,23.7,4.8,Port Kembla,17.28,SIMP_201812_WP,1,January,187.5,14.5,22.4
2018-01-21T16:00:00Z,0.956,23.8,6.2,Port Kembla,22.32,SIMP_201812_WP,1,January,187.5,14.5,22.4
2018-01-21T17:00:00Z,0.777,23.6,6.3,Port Kembla,22.68,SIMP_201812_WP,1,January,187.5,14.5,22.4
2018-01-21T18:00:00Z,0.636,23.5,5.4,Port Kembla,19.44,SIMP_201812_WP,1,January,187.5,14.5,22.4
2018-01-21T19:00:00Z,0.57,23.5,2.3,Port Kembla,8.28,SIMP_201812_WP,1,January,187.5,14.5,22.4
2018-01-21T20:00:00Z,0.62,23.4,1.9,Port Kembla,6.84,SIMP_201812_WP,1,January,187.5,14.5,22.4
2018-01-21T21:00:00Z,0.787,23.4,2.8,Port Kembla,10.08,SIMP_201812_WP,1,January,187.5,14.5,22.4
2018-01-21T22:00:00Z,1.014,23.4,4.7,Port Kembla,16.92,SIMP_201812_WP,1,January,187.5,14.5,22.4
2018-01-21T23:00:00Z,1.253,23.4,4.1,Port Kembla,14.76,SIMP_201812_WP,1,January,187.5,14.5,22.4
2018-01-22T00:00:00Z,1.447,23.5,4.4,Port Kembla,15.840000000000002,SIMP_201812_WP,1,January,187.5,14.5,22.4
2018-01-22T01:00:00Z,1.551,23.6,3,Port Kembla,10.8,SIMP_201812_WP,1,January,187.5,14.5,22.4
2018-01-22T02:00:00Z,1.533,23.7,1.7,Port Kembla,6.12,SIMP_201812_WP,1,January,187.5,14.5,22.4
2018-01-22T03:00:00Z,1.388,23.7,2.1,Port Kembla,7.5600000000000005,SIMP_201812_WP,1,January,187.5,14.5,22.4
2018-01-22T04:00:00Z,1.14,24,2.3,Port Kembla,8.28,SIMP_201812_WP,1,January,187.5,14.5,22.4
2018-01-22T05:00:00Z,0.864,22.9,1.9,Port Kembla,6.84,SIMP_201812_WP,1,January,187.5,14.5,22.4
2018-01-22T06:00:00Z,0.63,23,2.4,Port Kembla,8.64,SIMP_201812_WP,1,January,187.5,14.5,22.4
2018-01-22T07:00:00Z,0.464,23.2,2.3,Port Kembla,8.28,SIMP_201812_WP,1,January,187.5,14.5,22.4
2018-01-22T08:00:00Z,0.399,23,1.4,Port Kembla,5.04,SIMP_201812_WP,1,January,187.5,14.5,22.4
2018-01-22T09:00:00Z,0.472,22.9,0.8,Port Kembla,2.8800000000000003,SIMP_201812_WP,1,January,187.5,14.5,22.4
2018-01-22T10:00:00Z,0.632,22.4,4.2,Port Kembla,15.120000000000001,SIMP_201812_WP,1,January,187.5,14.5,22.4
2018-01-22T11:00:00Z,0.844,22.5,5,Port Kembla,18,SIMP_201812_WP,1,January,187.5,14.5,22.4
2018-01-22T12:00:00Z,1.06,24.4,3.5,Port Kembla,12.6,SIMP_201812_WP,1,January,187.5,14.5,22.4
2018-01-22T13:00:00Z,1.236,22.8,5,Port Kembla,18,SIMP_201812_WP,1,January,187.5,14.5,22.4
2018-01-22T14:00:00Z,1.313,22.5,1.8,Port Kembla,6.48,SIMP_201812_WP,1,January,187.5,14.5,22.4
2018-01-22T15:00:00Z,1.272,23.8,2.5,Port Kembla,9,SIMP_201812_WP,1,January,187.5,14.5,22.4
2018-01-22T16:00:00Z,1.144,23.3,1.1,Port Kembla,3.9600000000000004,SIMP_201812_WP,1,January,187.5,14.5,22.4
2018-01-22T17:00:00Z,0.976,23.2,5.4,Port Kembla,19.44,SIMP_201812_WP,1,January,187.5,14.5,22.4
2018-01-22T18:00:00Z,0.79,24,6.3,Port Kembla,22.68,SIMP_201812_WP,1,January,187.5,14.5,22.4
2018-01-22T19:00:00Z,0.663,24.1,9.1,Port Kembla,32.76,SIMP_201812_WP,1,January,187.5,14.5,22.4
2018-01-22T20:00:00Z,0.617,24.1,3.6,Port Kembla,12.96,SIMP_201812_WP,1,January,187.5,14.5,22.4
2018-01-22T21:00:00Z,0.675,23.9,4.4,Port Kembla,15.840000000000002,SIMP_201812_WP,1,January,187.5,14.5,22.4
2018-01-22T22:00:00Z,0.826,22.8,0.2,Port Kembla,0.7200000000000001,SIMP_201812_WP,1,January,187.5,14.5,22.4
2018-01-22T23:00:00Z,1.048,22,1.9,Port Kembla,6.84,SIMP_201812_WP,1,January,187.5,14.5,22.4
2018-01-23T00:00:00Z,1.26,21.9,1.9,Port Kembla,6.84,SIMP_201812_WP,1,January,187.5,14.5,22.4
2018-01-23T01:00:00Z,1.406,21.8,1.5,Port Kembla,5.4,SIMP_201812_WP,1,January,187.5,14.5,22.4
2018-01-23T02:00:00Z,1.489,21.9,1.3,Port Kembla,4.680000000000001,SIMP_201812_WP,1,January,187.5,14.5,22.4
2018-01-23T03:00:00Z,1.45,21.7,1.4,Port Kembla,5.04,SIMP_201812_WP,1,January,187.5,14.5,22.4
2018-01-23T04:00:00Z,1.284,22.8,1.3,Port Kembla,4.680000000000001,SIMP_201812_WP,1,January,187.5,14.5,22.4
2018-01-23T05:00:00Z,1.054,22.9,4.1,Port Kembla,14.76,SIMP_201812_WP,1,January,187.5,14.5,22.4
2018-01-23T06:00:00Z,0.814,22.6,3.7,Port Kembla,13.32,SIMP_201812_WP,1,January,187.5,14.5,22.4
2018-01-23T07:00:00Z,0.613,23.5,7.2,Port Kembla,25.92,SIMP_201812_WP,1,January,187.5,14.5,22.4
2018-01-23T08:00:00Z,0.476,24,4.3,Port Kembla,15.48,SIMP_201812_WP,1,January,187.5,14.5,22.4
2018-01-23T09:00:00Z,0.454,23.9,1.3,Port Kembla,4.680000000000001,SIMP_201812_WP,1,January,187.5,14.5,22.4
2018-01-23T10:00:00Z,0.548,23,3.7,Port Kembla,13.32,SIMP_201812_WP,1,January,187.5,14.5,22.4
2018-01-23T11:00:00Z,0.717,23.3,0.7,Port Kembla,2.52,SIMP_201812_WP,1,January,187.5,14.5,22.4
2018-01-23T12:00:00Z,0.917,22.3,3.8,Port Kembla,13.68,SIMP_201812_WP,1,January,187.5,14.5,22.4
2018-01-23T13:00:00Z,1.125,21.6,3.7,Port Kembla,13.32,SIMP_201812_WP,1,January,187.5,14.5,22.4
2018-01-23T14:00:00Z,1.274,21.3,3.7,Port Kembla,13.32,SIMP_201812_WP,1,January,187.5,14.5,22.4
2018-01-23T15:00:00Z,1.333,21.3,2.5,Port Kembla,9,SIMP_201812_WP,1,January,187.5,14.5,22.4
2018-01-23T16:00:00Z,1.29,21.2,1.2,Port Kembla,4.32,SIMP_201812_WP,1,January,187.5,14.5,22.4
2018-01-23T17:00:00Z,1.163,21.4,1.2,Port Kembla,4.32,SIMP_201812_WP,1,January,187.5,14.5,22.4
2018-01-23T18:00:00Z,0.988,21.9,1.2,Port Kembla,4.32,SIMP_201812_WP,1,January,187.5,14.5,22.4
2018-01-23T19:00:00Z,0.811,22.1,0.9,Port Kembla,3.24,SIMP_201812_WP,1,January,187.5,14.5,22.4
2018-01-23T20:00:00Z,0.692,22.1,0.2,Port Kembla,0.7200000000000001,SIMP_201812_WP,1,January,187.5,14.5,22.4
2018-01-23T21:00:00Z,0.662,22,1,Port Kembla,3.6,SIMP_201812_WP,1,January,187.5,14.5,22.4
2018-01-23T22:00:00Z,0.719,21.9,2.3,Port Kembla,8.28,SIMP_201812_WP,1,January,187.5,14.5,22.4
2018-01-23T23:00:00Z,0.856,22.1,2.9,Port Kembla,10.44,SIMP_201812_WP,1,January,187.5,14.5,22.4
2018-01-24T00:00:00Z,1.037,22.3,3.6,Port Kembla,12.96,SIMP_201812_WP,1,January,187.5,14.5,22.4
2018-01-24T01:00:00Z,1.217,22.7,3,Port Kembla,10.8,SIMP_201812_WP,1,January,187.5,14.5,22.4
2018-01-24T02:00:00Z,1.341,22.8,1.9,Port Kembla,6.84,SIMP_201812_WP,1,January,187.5,14.5,22.4
2018-01-24T03:00:00Z,1.385,22.1,1.4,Port Kembla,5.04,SIMP_201812_WP,1,January,187.5,14.5,22.4
2018-01-24T04:00:00Z,1.318,21.7,1.9,Port Kembla,6.84,SIMP_201812_WP,1,January,187.5,14.5,22.4
2018-01-24T05:00:00Z,1.159,21.6,2.2,Port Kembla,7.920000000000001,SIMP_201812_WP,1,January,187.5,14.5,22.4
2018-01-24T06:00:00Z,0.946,22.6,2.3,Port Kembla,8.28,SIMP_201812_WP,1,January,187.5,14.5,22.4
2018-01-24T07:00:00Z,0.731,23.6,1.6,Port Kembla,5.760000000000001,SIMP_201812_WP,1,January,187.5,14.5,22.4
2018-01-24T08:00:00Z,0.55,22.9,3.3,Port Kembla,11.879999999999999,SIMP_201812_WP,1,January,187.5,14.5,22.4
2018-01-24T09:00:00Z,0.455,22.1,3.9,Port Kembla,14.04,SIMP_201812_WP,1,January,187.5,14.5,22.4
2018-01-24T10:00:00Z,0.461,23.7,6.9,Port Kembla,24.840000000000003,SIMP_201812_WP,1,January,187.5,14.5,22.4
2018-01-24T11:00:00Z,0.551,24,5.5,Port Kembla,19.8,SIMP_201812_WP,1,January,187.5,14.5,22.4
2018-01-24T12:00:00Z,0.72,23.4,4.9,Port Kembla,17.64,SIMP_201812_WP,1,January,187.5,14.5,22.4
2018-01-24T13:00:00Z,0.946,23.3,4.5,Port Kembla,16.2,SIMP_201812_WP,1,January,187.5,14.5,22.4
2018-01-24T14:00:00Z,1.155,22.1,3.3,Port Kembla,11.879999999999999,SIMP_201812_WP,1,January,187.5,14.5,22.4
2018-01-24T15:00:00Z,1.295,22.1,3.5,Port Kembla,12.6,SIMP_201812_WP,1,January,187.5,14.5,22.4
2018-01-24T16:00:00Z,1.351,21.9,3.7,Port Kembla,13.32,SIMP_201812_WP,1,January,187.5,14.5,22.4
2018-01-24T17:00:00Z,1.294,21.9,2.3,Port Kembla,8.28,SIMP_201812_WP,1,January,187.5,14.5,22.4
2018-01-24T18:00:00Z,1.16,22,2.5,Port Kembla,9,SIMP_201812_WP,1,January,187.5,14.5,22.4
2018-01-24T19:00:00Z,0.973,23,1.1,Port Kembla,3.9600000000000004,SIMP_201812_WP,1,January,187.5,14.5,22.4
2018-01-24T20:00:00Z,0.783,22,0.8,Port Kembla,2.8800000000000003,SIMP_201812_WP,1,January,187.5,14.5,22.4
2018-01-24T21:00:00Z,0.649,21.9,0.8,Port Kembla,2.8800000000000003,SIMP_201812_WP,1,January,187.5,14.5,22.4
2018-01-24T22:00:00Z,0.596,21.8,1.1,Port Kembla,3.9600000000000004,SIMP_201812_WP,1,January,187.5,14.5,22.4
2018-01-24T23:00:00Z,0.631,21.7,1.2,Port Kembla,4.32,SIMP_201812_WP,1,January,187.5,14.5,22.4
2018-01-25T00:00:00Z,0.75,21.5,1.3,Port Kembla,4.680000000000001,SIMP_201812_WP,1,January,187.5,14.5,22.4
2018-01-25T01:00:00Z,0.923,21.5,2.7,Port Kembla,9.72,SIMP_201812_WP,1,January,187.5,14.5,22.4
2018-01-25T02:00:00Z,1.094,21.8,0.8,Port Kembla,2.8800000000000003,SIMP_201812_WP,1,January,187.5,14.5,22.4
2018-01-25T03:00:00Z,1.219,21.6,2.4,Port Kembla,8.64,SIMP_201812_WP,1,January,187.5,14.5,22.4
2018-01-25T04:00:00Z,1.26,21.4,1.1,Port Kembla,3.9600000000000004,SIMP_201812_WP,1,January,187.5,14.5,22.4
2018-01-25T05:00:00Z,1.192,21.9,1.6,Port Kembla,5.760000000000001,SIMP_201812_WP,1,January,187.5,14.5,22.4
2018-01-25T06:00:00Z,1.064,22.1,3.8,Port Kembla,13.68,SIMP_201812_WP,1,January,187.5,14.5,22.4
2018-01-25T07:00:00Z,0.889,22.5,4.2,Port Kembla,15.120000000000001,SIMP_201812_WP,1,January,187.5,14.5,22.4
2018-01-25T08:00:00Z,0.678,23.3,3.5,Port Kembla,12.6,SIMP_201812_WP,1,January,187.5,14.5,22.4
2018-01-25T09:00:00Z,0.517,23.7,4.9,Port Kembla,17.64,SIMP_201812_WP,1,January,187.5,14.5,22.4
2018-01-25T10:00:00Z,0.432,23.4,3.5,Port Kembla,12.6,SIMP_201812_WP,1,January,187.5,14.5,22.4
2018-01-25T11:00:00Z,0.437,22.6,2.3,Port Kembla,8.28,SIMP_201812_WP,1,January,187.5,14.5,22.4
2018-01-25T12:00:00Z,0.548,22.6,3.8,Port Kembla,13.68,SIMP_201812_WP,1,January,187.5,14.5,22.4
2018-01-25T13:00:00Z,0.737,22.5,2.2,Port Kembla,7.920000000000001,SIMP_201812_WP,1,January,187.5,14.5,22.4
2018-01-25T14:00:00Z,0.976,22,1.3,Port Kembla,4.680000000000001,SIMP_201812_WP,1,January,187.5,14.5,22.4
2018-01-25T15:00:00Z,1.189,22,1.7,Port Kembla,6.12,SIMP_201812_WP,1,January,187.5,14.5,22.4
2018-01-25T16:00:00Z,1.342,22.2,1.8,Port Kembla,6.48,SIMP_201812_WP,1,January,187.5,14.5,22.4
2018-01-25T17:00:00Z,1.411,22.2,0.9,Port Kembla,3.24,SIMP_201812_WP,1,January,187.5,14.5,22.4
2018-01-25T18:00:00Z,1.354,21.7,0.8,Port Kembla,2.8800000000000003,SIMP_201812_WP,1,January,187.5,14.5,22.4
2018-01-25T19:00:00Z,1.2,21.5,1.4,Port Kembla,5.04,SIMP_201812_WP,1,January,187.5,14.5,22.4
2018-01-25T20:00:00Z,1,21.6,0.8,Port Kembla,2.8800000000000003,SIMP_201812_WP,1,January,187.5,14.5,22.4
2018-01-25T21:00:00Z,0.799,21.5,1.1,Port Kembla,3.9600000000000004,SIMP_201812_WP,1,January,187.5,14.5,22.4
2018-01-25T22:00:00Z,0.64,21.8,1,Port Kembla,3.6,SIMP_201812_WP,1,January,187.5,14.5,22.4
2018-01-25T23:00:00Z,0.558,22,2.4,Port Kembla,8.64,SIMP_201812_WP,1,January,187.5,14.5,22.4
2018-01-26T00:00:00Z,0.566,22.3,2.7,Port Kembla,9.72,SIMP_201812_WP,1,January,187.5,14.5,22.4
2018-01-26T01:00:00Z,0.671,22,3.1,Port Kembla,11.16,SIMP_201812_WP,1,January,187.5,14.5,22.4
2018-01-26T02:00:00Z,0.827,22.3,2.5,Port Kembla,9,SIMP_201812_WP,1,January,187.5,14.5,22.4
2018-01-26T03:00:00Z,0.996,22.1,2.8,Port Kembla,10.08,SIMP_201812_WP,1,January,187.5,14.5,22.4
2018-01-26T04:00:00Z,1.121,21.7,3,Port Kembla,10.8,SIMP_201812_WP,1,January,187.5,14.5,22.4
2018-01-26T05:00:00Z,1.19,21.7,2.2,Port Kembla,7.920000000000001,SIMP_201812_WP,1,January,187.5,14.5,22.4
2018-01-26T06:00:00Z,1.156,22,1.9,Port Kembla,6.84,SIMP_201812_WP,1,January,187.5,14.5,22.4
2018-01-26T07:00:00Z,1.048,22.1,2,Port Kembla,7.2,SIMP_201812_WP,1,January,187.5,14.5,22.4
2018-01-26T08:00:00Z,0.873,22,3.3,Port Kembla,11.879999999999999,SIMP_201812_WP,1,January,187.5,14.5,22.4
2018-01-26T09:00:00Z,0.681,22.3,2.3,Port Kembla,8.28,SIMP_201812_WP,1,January,187.5,14.5,22.4
2018-01-26T10:00:00Z,0.52,22.3,0.9,Port Kembla,3.24,SIMP_201812_WP,1,January,187.5,14.5,22.4
2018-01-26T11:00:00Z,0.425,22.3,0.7,Port Kembla,2.52,SIMP_201812_WP,1,January,187.5,14.5,22.4
2018-01-26T12:00:00Z,0.424,22.6,1.4,Port Kembla,5.04,SIMP_201812_WP,1,January,187.5,14.5,22.4
2018-01-26T13:00:00Z,0.553,22.1,1.2,Port Kembla,4.32,SIMP_201812_WP,1,January,187.5,14.5,22.4
2018-01-26T14:00:00Z,0.77,21.9,1.6,Port Kembla,5.760000000000001,SIMP_201812_WP,1,January,187.5,14.5,22.4
2018-01-26T15:00:00Z,1.014,22,1.1,Port Kembla,3.9600000000000004,SIMP_201812_WP,1,January,187.5,14.5,22.4
2018-01-26T16:00:00Z,1.256,22,0.6,Port Kembla,2.16,SIMP_201812_WP,1,January,187.5,14.5,22.4
2018-01-26T17:00:00Z,1.436,21.9,0.7,Port Kembla,2.52,SIMP_201812_WP,1,January,187.5,14.5,22.4
2018-01-26T18:00:00Z,1.504,22,0.2,Port Kembla,0.7200000000000001,SIMP_201812_WP,1,January,187.5,14.5,22.4
2018-01-26T19:00:00Z,1.435,21.9,0.7,Port Kembla,2.52,SIMP_201812_WP,1,January,187.5,14.5,22.4
2018-01-26T20:00:00Z,1.274,21.9,2.1,Port Kembla,7.5600000000000005,SIMP_201812_WP,1,January,187.5,14.5,22.4
2018-01-26T21:00:00Z,1.044,22,2,Port Kembla,7.2,SIMP_201812_WP,1,January,187.5,14.5,22.4
2018-01-26T22:00:00Z,0.799,22.7,1.6,Port Kembla,5.760000000000001,SIMP_201812_WP,1,January,187.5,14.5,22.4
2018-01-26T23:00:00Z,0.596,22.3,2.3,Port Kembla,8.28,SIMP_201812_WP,1,January,187.5,14.5,22.4
2018-01-27T00:00:00Z,0.476,22.2,3.2,Port Kembla,11.520000000000001,SIMP_201812_WP,1,January,187.5,14.5,22.4
2018-01-27T01:00:00Z,0.465,22.1,4.3,Port Kembla,15.48,SIMP_201812_WP,1,January,187.5,14.5,22.4
2018-01-27T02:00:00Z,0.548,22.3,4.1,Port Kembla,14.76,SIMP_201812_WP,1,January,187.5,14.5,22.4
2018-01-27T03:00:00Z,0.708,22.3,4.3,Port Kembla,15.48,SIMP_201812_WP,1,January,187.5,14.5,22.4
2018-01-27T04:00:00Z,0.888,22.1,4,Port Kembla,14.4,SIMP_201812_WP,1,January,187.5,14.5,22.4
2018-01-27T05:00:00Z,1.049,22.8,3.1,Port Kembla,11.16,SIMP_201812_WP,1,January,187.5,14.5,22.4
2018-01-27T06:00:00Z,1.15,23.2,1.8,Port Kembla,6.48,SIMP_201812_WP,1,January,187.5,14.5,22.4
2018-01-27T07:00:00Z,1.15,23.4,2.3,Port Kembla,8.28,SIMP_201812_WP,1,January,187.5,14.5,22.4
2018-01-27T08:00:00Z,1.049,23.3,1.4,Port Kembla,5.04,SIMP_201812_WP,1,January,187.5,14.5,22.4
2018-01-27T09:00:00Z,0.873,23.4,1.4,Port Kembla,5.04,SIMP_201812_WP,1,January,187.5,14.5,22.4
2018-01-27T10:00:00Z,0.664,23.1,1.9,Port Kembla,6.84,SIMP_201812_WP,1,January,187.5,14.5,22.4
2018-01-27T11:00:00Z,0.473,23.2,2.9,Port Kembla,10.44,SIMP_201812_WP,1,January,187.5,14.5,22.4
2018-01-27T12:00:00Z,0.372,23.2,3.4,Port Kembla,12.24,SIMP_201812_WP,1,January,187.5,14.5,22.4
2018-01-27T13:00:00Z,0.391,23.2,3.7,Port Kembla,13.32,SIMP_201812_WP,1,January,187.5,14.5,22.4
2018-01-27T14:00:00Z,0.534,23.6,2.8,Port Kembla,10.08,SIMP_201812_WP,1,January,187.5,14.5,22.4
2018-01-27T15:00:00Z,0.768,23,3.2,Port Kembla,11.520000000000001,SIMP_201812_WP,1,January,187.5,14.5,22.4
2018-01-27T16:00:00Z,1.052,23.8,3.1,Port Kembla,11.16,SIMP_201812_WP,1,January,187.5,14.5,22.4
2018-01-27T17:00:00Z,1.333,23.2,3,Port Kembla,10.8,SIMP_201812_WP,1,January,187.5,14.5,22.4
2018-01-27T18:00:00Z,1.543,22.1,4.3,Port Kembla,15.48,SIMP_201812_WP,1,January,187.5,14.5,22.4
2018-01-27T19:00:00Z,1.614,21.9,4.6,Port Kembla,16.56,SIMP_201812_WP,1,January,187.5,14.5,22.4
2018-01-27T20:00:00Z,1.534,23.3,2.5,Port Kembla,9,SIMP_201812_WP,1,January,187.5,14.5,22.4
2018-01-27T21:00:00Z,1.339,23.6,3.8,Port Kembla,13.68,SIMP_201812_WP,1,January,187.5,14.5,22.4
2018-01-27T22:00:00Z,1.06,23.9,3.5,Port Kembla,12.6,SIMP_201812_WP,1,January,187.5,14.5,22.4
2018-01-27T23:00:00Z,0.765,23.6,3.2,Port Kembla,11.520000000000001,SIMP_201812_WP,1,January,187.5,14.5,22.4
2018-01-28T00:00:00Z,0.508,23.3,3.1,Port Kembla,11.16,SIMP_201812_WP,1,January,187.5,14.5,22.4
2018-01-28T01:00:00Z,0.348,23.7,4.1,Port Kembla,14.76,SIMP_201812_WP,1,January,187.5,14.5,22.4
2018-01-28T02:00:00Z,0.322,24,4.9,Port Kembla,17.64,SIMP_201812_WP,1,January,187.5,14.5,22.4
2018-01-28T03:00:00Z,0.416,23.8,5.4,Port Kembla,19.44,SIMP_201812_WP,1,January,187.5,14.5,22.4
2018-01-28T04:00:00Z,0.601,24.7,6.6,Port Kembla,23.759999999999998,SIMP_201812_WP,1,January,187.5,14.5,22.4
2018-01-28T05:00:00Z,0.824,24.7,4.6,Port Kembla,16.56,SIMP_201812_WP,1,January,187.5,14.5,22.4
2018-01-28T06:00:00Z,1.042,24.3,4.7,Port Kembla,16.92,SIMP_201812_WP,1,January,187.5,14.5,22.4
2018-01-28T07:00:00Z,1.177,24.6,4.3,Port Kembla,15.48,SIMP_201812_WP,1,January,187.5,14.5,22.4
2018-01-28T08:00:00Z,1.195,23.7,3.4,Port Kembla,12.24,SIMP_201812_WP,1,January,187.5,14.5,22.4
2018-01-28T09:00:00Z,1.087,23.5,2.7,Port Kembla,9.72,SIMP_201812_WP,1,January,187.5,14.5,22.4
2018-01-28T10:00:00Z,0.896,23.3,3.3,Port Kembla,11.879999999999999,SIMP_201812_WP,1,January,187.5,14.5,22.4
2018-01-28T11:00:00Z,0.665,23.5,2.1,Port Kembla,7.5600000000000005,SIMP_201812_WP,1,January,187.5,14.5,22.4
2018-01-28T12:00:00Z,0.45,23.5,2.2,Port Kembla,7.920000000000001,SIMP_201812_WP,1,January,187.5,14.5,22.4
2018-01-28T13:00:00Z,0.329,24.3,2.3,Port Kembla,8.28,SIMP_201812_WP,1,January,187.5,14.5,22.4
2018-01-28T14:00:00Z,0.348,24.3,2.5,Port Kembla,9,SIMP_201812_WP,1,January,187.5,14.5,22.4
2018-01-28T15:00:00Z,0.503,24.6,2.5,Port Kembla,9,SIMP_201812_WP,1,January,187.5,14.5,22.4
2018-01-28T16:00:00Z,0.765,22.6,2.3,Port Kembla,8.28,SIMP_201812_WP,1,January,187.5,14.5,22.4
2018-01-28T17:00:00Z,1.098,21.9,2,Port Kembla,7.2,SIMP_201812_WP,1,January,187.5,14.5,22.4
2018-01-28T18:00:00Z,1.414,21.9,2.3,Port Kembla,8.28,SIMP_201812_WP,1,January,187.5,14.5,22.4
2018-01-28T19:00:00Z,1.633,21.9,1.5,Port Kembla,5.4,SIMP_201812_WP,1,January,187.5,14.5,22.4
2018-01-28T20:00:00Z,1.704,21.7,1.8,Port Kembla,6.48,SIMP_201812_WP,1,January,187.5,14.5,22.4
2018-01-28T21:00:00Z,1.62,21.8,2.3,Port Kembla,8.28,SIMP_201812_WP,1,January,187.5,14.5,22.4
2018-01-28T22:00:00Z,1.393,21.9,2.4,Port Kembla,8.64,SIMP_201812_WP,1,January,187.5,14.5,22.4
2018-01-28T23:00:00Z,1.063,22.1,3.1,Port Kembla,11.16,SIMP_201812_WP,1,January,187.5,14.5,22.4
2018-01-29T00:00:00Z,0.705,22.2,3.4,Port Kembla,12.24,SIMP_201812_WP,1,January,187.5,14.5,22.4
2018-01-29T01:00:00Z,0.402,22.5,4.1,Port Kembla,14.76,SIMP_201812_WP,1,January,187.5,14.5,22.4
2018-01-29T02:00:00Z,0.216,23,5.5,Port Kembla,19.8,SIMP_201812_WP,1,January,187.5,14.5,22.4
2018-01-29T03:00:00Z,0.189,24.4,6.1,Port Kembla,21.96,SIMP_201812_WP,1,January,187.5,14.5,22.4
2018-01-29T04:00:00Z,0.307,24.9,6,Port Kembla,21.6,SIMP_201812_WP,1,January,187.5,14.5,22.4
2018-01-29T05:00:00Z,0.535,24.2,4.9,Port Kembla,17.64,SIMP_201812_WP,1,January,187.5,14.5,22.4
2018-01-29T06:00:00Z,0.81,23.2,4.4,Port Kembla,15.840000000000002,SIMP_201812_WP,1,January,187.5,14.5,22.4
2018-01-29T07:00:00Z,1.071,23.5,4.8,Port Kembla,17.28,SIMP_201812_WP,1,January,187.5,14.5,22.4
2018-01-29T08:00:00Z,1.237,23,3.8,Port Kembla,13.68,SIMP_201812_WP,1,January,187.5,14.5,22.4
2018-01-29T09:00:00Z,1.262,22.8,2.6,Port Kembla,9.360000000000001,SIMP_201812_WP,1,January,187.5,14.5,22.4
2018-01-29T10:00:00Z,1.144,22.6,3.6,Port Kembla,12.96,SIMP_201812_WP,1,January,187.5,14.5,22.4
2018-01-29T11:00:00Z,0.917,22.8,3.1,Port Kembla,11.16,SIMP_201812_WP,1,January,187.5,14.5,22.4
2018-01-29T12:00:00Z,0.646,22.8,1.6,Port Kembla,5.760000000000001,SIMP_201812_WP,1,January,187.5,14.5,22.4
2018-01-29T13:00:00Z,0.418,23.7,2.2,Port Kembla,7.920000000000001,SIMP_201812_WP,1,January,187.5,14.5,22.4
2018-01-29T14:00:00Z,0.311,23.6,1.7,Port Kembla,6.12,SIMP_201812_WP,1,January,187.5,14.5,22.4
2018-01-29T15:00:00Z,0.334,23.2,2.4,Port Kembla,8.64,SIMP_201812_WP,1,January,187.5,14.5,22.4
2018-01-29T16:00:00Z,0.513,23.4,3,Port Kembla,10.8,SIMP_201812_WP,1,January,187.5,14.5,22.4
2018-01-29T17:00:00Z,0.817,23.9,1.6,Port Kembla,5.760000000000001,SIMP_201812_WP,1,January,187.5,14.5,22.4
2018-01-29T18:00:00Z,1.19,23.4,3.8,Port Kembla,13.68,SIMP_201812_WP,1,January,187.5,14.5,22.4
2018-01-29T19:00:00Z,1.521,22.9,2.7,Port Kembla,9.72,SIMP_201812_WP,1,January,187.5,14.5,22.4
2018-01-29T20:00:00Z,1.757,22.7,3.2,Port Kembla,11.520000000000001,SIMP_201812_WP,1,January,187.5,14.5,22.4
2018-01-29T21:00:00Z,1.834,22.3,3.6,Port Kembla,12.96,SIMP_201812_WP,1,January,187.5,14.5,22.4
2018-01-29T22:00:00Z,1.727,22.1,2.4,Port Kembla,8.64,SIMP_201812_WP,1,January,187.5,14.5,22.4
2018-01-29T23:00:00Z,1.451,22.1,4.1,Port Kembla,14.76,SIMP_201812_WP,1,January,187.5,14.5,22.4
2018-01-30T00:00:00Z,1.082,23.1,5.6,Port Kembla,20.16,SIMP_201812_WP,1,January,187.5,14.5,22.4
2018-01-30T01:00:00Z,0.698,24.1,5.4,Port Kembla,19.44,SIMP_201812_WP,1,January,187.5,14.5,22.4
2018-01-30T02:00:00Z,0.365,24.1,5.1,Port Kembla,18.36,SIMP_201812_WP,1,January,187.5,14.5,22.4
2018-01-30T03:00:00Z,0.166,24.2,6.3,Port Kembla,22.68,SIMP_201812_WP,1,January,187.5,14.5,22.4
2018-01-30T04:00:00Z,0.144,24.6,5.8,Port Kembla,20.88,SIMP_201812_WP,1,January,187.5,14.5,22.4
2018-01-30T05:00:00Z,0.29,24.6,5.9,Port Kembla,21.240000000000002,SIMP_201812_WP,1,January,187.5,14.5,22.4
2018-01-30T06:00:00Z,0.566,23.8,3.7,Port Kembla,13.32,SIMP_201812_WP,1,January,187.5,14.5,22.4
2018-01-30T07:00:00Z,0.887,23.5,1.7,Port Kembla,6.12,SIMP_201812_WP,1,January,187.5,14.5,22.4
2018-01-30T08:00:00Z,1.173,22.6,1.9,Port Kembla,6.84,SIMP_201812_WP,1,January,187.5,14.5,22.4
2018-01-30T09:00:00Z,1.341,22.6,3.8,Port Kembla,13.68,SIMP_201812_WP,1,January,187.5,14.5,22.4
2018-01-30T10:00:00Z,1.35,22.6,6.3,Port Kembla,22.68,SIMP_201812_WP,1,January,187.5,14.5,22.4
2018-01-30T11:00:00Z,1.209,21.9,5,Port Kembla,18,SIMP_201812_WP,1,January,187.5,14.5,22.4
2018-01-30T12:00:00Z,0.944,21.6,4.6,Port Kembla,16.56,SIMP_201812_WP,1,January,187.5,14.5,22.4
2018-01-30T13:00:00Z,0.65,21.4,5.3,Port Kembla,19.08,SIMP_201812_WP,1,January,187.5,14.5,22.4
2018-01-30T14:00:00Z,0.412,21.4,5.4,Port Kembla,19.44,SIMP_201812_WP,1,January,187.5,14.5,22.4
2018-01-30T15:00:00Z,0.286,20.9,4.6,Port Kembla,16.56,SIMP_201812_WP,1,January,187.5,14.5,22.4
2018-01-30T16:00:00Z,0.324,20.9,5.7,Port Kembla,20.52,SIMP_201812_WP,1,January,187.5,14.5,22.4
2018-01-30T17:00:00Z,0.538,21,4.6,Port Kembla,16.56,SIMP_201812_WP,1,January,187.5,14.5,22.4
2018-01-30T18:00:00Z,0.894,21.1,5.8,Port Kembla,20.88,SIMP_201812_WP,1,January,187.5,14.5,22.4
2018-01-30T19:00:00Z,1.295,21.1,4.9,Port Kembla,17.64,SIMP_201812_WP,1,January,187.5,14.5,22.4
2018-01-30T20:00:00Z,1.657,21.1,5.9,Port Kembla,21.240000000000002,SIMP_201812_WP,1,January,187.5,14.5,22.4
2018-01-30T21:00:00Z,1.913,20.5,4.8,Port Kembla,17.28,SIMP_201812_WP,1,January,187.5,14.5,22.4
2018-01-30T22:00:00Z,1.991,20.8,4.9,Port Kembla,17.64,SIMP_201812_WP,1,January,187.5,14.5,22.4
2018-01-30T23:00:00Z,1.849,20.8,4.8,Port Kembla,17.28,SIMP_201812_WP,1,January,187.5,14.5,22.4
2018-01-31T00:00:00Z,1.52,20.7,5.6,Port Kembla,20.16,SIMP_201812_WP,1,January,187.5,14.5,22.4
2018-01-31T01:00:00Z,1.099,20.8,5.6,Port Kembla,20.16,SIMP_201812_WP,1,January,187.5,14.5,22.4
2018-01-31T02:00:00Z,0.665,20.8,5.4,Port Kembla,19.44,SIMP_201812_WP,1,January,187.5,14.5,22.4
2018-01-31T03:00:00Z,0.313,20.7,4.6,Port Kembla,16.56,SIMP_201812_WP,1,January,187.5,14.5,22.4
2018-01-31T04:00:00Z,0.117,20.7,4.9,Port Kembla,17.64,SIMP_201812_WP,1,January,187.5,14.5,22.4
2018-01-31T05:00:00Z,0.114,20.7,4,Port Kembla,14.4,SIMP_201812_WP,1,January,187.5,14.5,22.4
2018-01-31T06:00:00Z,0.308,20.6,4.5,Port Kembla,16.2,SIMP_201812_WP,1,January,187.5,14.5,22.4
2018-01-31T07:00:00Z,0.62,20.6,5,Port Kembla,18,SIMP_201812_WP,1,January,187.5,14.5,22.4
2018-01-31T08:00:00Z,0.982,20.5,4.6,Port Kembla,16.56,SIMP_201812_WP,1,January,187.5,14.5,22.4
2018-01-31T09:00:00Z,1.276,20.4,4.5,Port Kembla,16.2,SIMP_201812_WP,1,January,187.5,14.5,22.4
2018-01-31T10:00:00Z,1.457,20.4,4.7,Port Kembla,16.92,SIMP_201812_WP,1,January,187.5,14.5,22.4
2018-01-31T11:00:00Z,1.462,20.3,5.8,Port Kembla,20.88,SIMP_201812_WP,1,January,187.5,14.5,22.4
2018-01-31T12:00:00Z,1.291,20.3,5.5,Port Kembla,19.8,SIMP_201812_WP,1,January,187.5,14.5,22.4
2018-01-31T13:00:00Z,1.02,20.3,5.9,Port Kembla,21.240000000000002,SIMP_201812_WP,1,January,187.5,14.5,22.4
2018-01-31T14:00:00Z,0.724,20.3,4.3,Port Kembla,15.48,SIMP_201812_WP,1,January,187.5,14.5,22.4
2018-01-31T15:00:00Z,0.492,20.2,5.3,Port Kembla,19.08,SIMP_201812_WP,1,January,187.5,14.5,22.4
2018-01-31T16:00:00Z,0.382,20.2,6.4,Port Kembla,23.040000000000003,SIMP_201812_WP,1,January,187.5,14.5,22.4
2018-01-31T17:00:00Z,0.448,20.2,4.9,Port Kembla,17.64,SIMP_201812_WP,1,January,187.5,14.5,22.4
2018-01-31T18:00:00Z,0.696,20.2,4.3,Port Kembla,15.48,SIMP_201812_WP,1,January,187.5,14.5,22.4
2018-01-31T19:00:00Z,1.059,20.1,5.3,Port Kembla,19.08,SIMP_201812_WP,1,January,187.5,14.5,22.4
2018-01-31T20:00:00Z,1.479,20.2,4.7,Port Kembla,16.92,SIMP_201812_WP,1,January,187.5,14.5,22.4
2018-01-31T21:00:00Z,1.837,20.4,4.3,Port Kembla,15.48,SIMP_201812_WP,1,January,187.5,14.5,22.4
2018-01-31T22:00:00Z,2.069,20.5,5.3,Port Kembla,19.08,SIMP_201812_WP,1,January,187.5,14.5,22.4
2018-01-31T23:00:00Z,2.095,20.8,5.6,Port Kembla,20.16,SIMP_201812_WP,1,January,187.5,14.5,22.4
2018-02-01T00:00:00Z,1.893,20.9,4.6,Port Kembla,16.56,SIMP_201812_WP,2,February,224.8,13.4,20.9
2018-02-01T01:00:00Z,1.535,21,4.2,Port Kembla,15.120000000000001,SIMP_201812_WP,2,February,224.8,13.4,20.9
2018-02-01T02:00:00Z,1.073,21.1,5.1,Port Kembla,18.36,SIMP_201812_WP,2,February,224.8,13.4,20.9
2018-02-01T03:00:00Z,0.627,20.9,4.4,Port Kembla,15.840000000000002,SIMP_201812_WP,2,February,224.8,13.4,20.9
2018-02-01T04:00:00Z,0.289,20.8,3.1,Port Kembla,11.16,SIMP_201812_WP,2,February,224.8,13.4,20.9
2018-02-01T05:00:00Z,0.119,20.8,3.6,Port Kembla,12.96,SIMP_201812_WP,2,February,224.8,13.4,20.9
2018-02-01T06:00:00Z,0.149,20.8,3.9,Port Kembla,14.04,SIMP_201812_WP,2,February,224.8,13.4,20.9
2018-02-01T07:00:00Z,0.382,20.8,3.1,Port Kembla,11.16,SIMP_201812_WP,2,February,224.8,13.4,20.9
2018-02-01T08:00:00Z,0.717,20.8,4.4,Port Kembla,15.840000000000002,SIMP_201812_WP,2,February,224.8,13.4,20.9
2018-02-01T09:00:00Z,1.076,20.8,3.2,Port Kembla,11.520000000000001,SIMP_201812_WP,2,February,224.8,13.4,20.9
2018-02-01T10:00:00Z,1.378,20.9,4.5,Port Kembla,16.2,SIMP_201812_WP,2,February,224.8,13.4,20.9
2018-02-01T11:00:00Z,1.53,20.8,2.9,Port Kembla,10.44,SIMP_201812_WP,2,February,224.8,13.4,20.9
2018-02-01T12:00:00Z,1.503,20.8,3.2,Port Kembla,11.520000000000001,SIMP_201812_WP,2,February,224.8,13.4,20.9
2018-02-01T13:00:00Z,1.311,20.8,2.7,Port Kembla,9.72,SIMP_201812_WP,2,February,224.8,13.4,20.9
2018-02-01T14:00:00Z,1.026,20.7,2.9,Port Kembla,10.44,SIMP_201812_WP,2,February,224.8,13.4,20.9
2018-02-01T15:00:00Z,0.724,20.7,3.2,Port Kembla,11.520000000000001,SIMP_201812_WP,2,February,224.8,13.4,20.9
2018-02-01T16:00:00Z,0.485,20.6,3.1,Port Kembla,11.16,SIMP_201812_WP,2,February,224.8,13.4,20.9
2018-02-01T17:00:00Z,0.394,20.6,2.6,Port Kembla,9.360000000000001,SIMP_201812_WP,2,February,224.8,13.4,20.9
2018-02-01T18:00:00Z,0.471,20.7,3,Port Kembla,10.8,SIMP_201812_WP,2,February,224.8,13.4,20.9
2018-02-01T19:00:00Z,0.716,20.8,2.6,Port Kembla,9.360000000000001,SIMP_201812_WP,2,February,224.8,13.4,20.9
2018-02-01T20:00:00Z,1.08,20.8,2,Port Kembla,7.2,SIMP_201812_WP,2,February,224.8,13.4,20.9
2018-02-01T21:00:00Z,1.491,20.9,1.9,Port Kembla,6.84,SIMP_201812_WP,2,February,224.8,13.4,20.9
2018-02-01T22:00:00Z,1.823,21.1,3.1,Port Kembla,11.16,SIMP_201812_WP,2,February,224.8,13.4,20.9
2018-02-01T23:00:00Z,2.009,21.4,2.8,Port Kembla,10.08,SIMP_201812_WP,2,February,224.8,13.4,20.9
2018-02-02T00:00:00Z,1.99,21.4,2.4,Port Kembla,8.64,SIMP_201812_WP,2,February,224.8,13.4,20.9
2018-02-02T01:00:00Z,1.761,21.7,5,Port Kembla,18,SIMP_201812_WP,2,February,224.8,13.4,20.9
2018-02-02T02:00:00Z,1.376,21.8,4,Port Kembla,14.4,SIMP_201812_WP,2,February,224.8,13.4,20.9
2018-02-02T03:00:00Z,0.928,21.8,3.2,Port Kembla,11.520000000000001,SIMP_201812_WP,2,February,224.8,13.4,20.9
2018-02-02T04:00:00Z,0.512,21.5,4.4,Port Kembla,15.840000000000002,SIMP_201812_WP,2,February,224.8,13.4,20.9
2018-02-02T05:00:00Z,0.214,21.5,4.1,Port Kembla,14.76,SIMP_201812_WP,2,February,224.8,13.4,20.9
2018-02-02T06:00:00Z,0.094,21.4,3.8,Port Kembla,13.68,SIMP_201812_WP,2,February,224.8,13.4,20.9
2018-02-02T07:00:00Z,0.173,21.3,3.3,Port Kembla,11.879999999999999,SIMP_201812_WP,2,February,224.8,13.4,20.9
2018-02-02T08:00:00Z,0.424,21.3,3,Port Kembla,10.8,SIMP_201812_WP,2,February,224.8,13.4,20.9
2018-02-02T09:00:00Z,0.763,21.3,3.1,Port Kembla,11.16,SIMP_201812_WP,2,February,224.8,13.4,20.9
2018-02-02T10:00:00Z,1.114,21.3,3.4,Port Kembla,12.24,SIMP_201812_WP,2,February,224.8,13.4,20.9
2018-02-02T11:00:00Z,1.37,21.5,3.4,Port Kembla,12.24,SIMP_201812_WP,2,February,224.8,13.4,20.9
2018-02-02T12:00:00Z,1.483,21.7,3.5,Port Kembla,12.6,SIMP_201812_WP,2,February,224.8,13.4,20.9
2018-02-02T13:00:00Z,1.432,21.8,3.9,Port Kembla,14.04,SIMP_201812_WP,2,February,224.8,13.4,20.9
2018-02-02T14:00:00Z,1.232,21.9,3.2,Port Kembla,11.520000000000001,SIMP_201812_WP,2,February,224.8,13.4,20.9
2018-02-02T15:00:00Z,0.939,21.9,3.5,Port Kembla,12.6,SIMP_201812_WP,2,February,224.8,13.4,20.9
2018-02-02T16:00:00Z,0.646,21.9,2.4,Port Kembla,8.64,SIMP_201812_WP,2,February,224.8,13.4,20.9
2018-02-02T17:00:00Z,0.444,21.9,4.2,Port Kembla,15.120000000000001,SIMP_201812_WP,2,February,224.8,13.4,20.9
2018-02-02T18:00:00Z,0.371,21.9,3.1,Port Kembla,11.16,SIMP_201812_WP,2,February,224.8,13.4,20.9
2018-02-02T19:00:00Z,0.472,21.9,2.4,Port Kembla,8.64,SIMP_201812_WP,2,February,224.8,13.4,20.9
2018-02-02T20:00:00Z,0.731,21.7,2.8,Port Kembla,10.08,SIMP_201812_WP,2,February,224.8,13.4,20.9
2018-02-02T21:00:00Z,1.086,21.7,3.3,Port Kembla,11.879999999999999,SIMP_201812_WP,2,February,224.8,13.4,20.9
2018-02-02T22:00:00Z,1.467,21.9,4,Port Kembla,14.4,SIMP_201812_WP,2,February,224.8,13.4,20.9
2018-02-02T23:00:00Z,1.765,22,2.8,Port Kembla,10.08,SIMP_201812_WP,2,February,224.8,13.4,20.9
2018-02-03T00:00:00Z,1.907,22,3.5,Port Kembla,12.6,SIMP_201812_WP,2,February,224.8,13.4,20.9
2018-02-03T01:00:00Z,1.853,22.1,4,Port Kembla,14.4,SIMP_201812_WP,2,February,224.8,13.4,20.9
2018-02-03T02:00:00Z,1.614,22.1,4.2,Port Kembla,15.120000000000001,SIMP_201812_WP,2,February,224.8,13.4,20.9
2018-02-03T03:00:00Z,1.239,22.1,3.9,Port Kembla,14.04,SIMP_201812_WP,2,February,224.8,13.4,20.9
2018-02-03T04:00:00Z,0.829,22.1,3.8,Port Kembla,13.68,SIMP_201812_WP,2,February,224.8,13.4,20.9
2018-02-03T05:00:00Z,0.468,21.9,4.8,Port Kembla,17.28,SIMP_201812_WP,2,February,224.8,13.4,20.9
2018-02-03T06:00:00Z,0.234,21.8,4,Port Kembla,14.4,SIMP_201812_WP,2,February,224.8,13.4,20.9
2018-02-03T07:00:00Z,0.16,21.8,3.9,Port Kembla,14.04,SIMP_201812_WP,2,February,224.8,13.4,20.9
2018-02-03T08:00:00Z,0.281,21.8,3.3,Port Kembla,11.879999999999999,SIMP_201812_WP,2,February,224.8,13.4,20.9
2018-02-03T09:00:00Z,0.535,21.8,2.9,Port Kembla,10.44,SIMP_201812_WP,2,February,224.8,13.4,20.9
2018-02-03T10:00:00Z,0.859,21.8,3.3,Port Kembla,11.879999999999999,SIMP_201812_WP,2,February,224.8,13.4,20.9
2018-02-03T11:00:00Z,1.166,21.8,2.4,Port Kembla,8.64,SIMP_201812_WP,2,February,224.8,13.4,20.9
2018-02-03T12:00:00Z,1.383,21.9,2.2,Port Kembla,7.920000000000001,SIMP_201812_WP,2,February,224.8,13.4,20.9
2018-02-03T13:00:00Z,1.46,22,4,Port Kembla,14.4,SIMP_201812_WP,2,February,224.8,13.4,20.9
2018-02-03T14:00:00Z,1.373,22,3.2,Port Kembla,11.520000000000001,SIMP_201812_WP,2,February,224.8,13.4,20.9
2018-02-03T15:00:00Z,1.151,22.1,2.8,Port Kembla,10.08,SIMP_201812_WP,2,February,224.8,13.4,20.9
2018-02-03T16:00:00Z,0.878,22.1,2.9,Port Kembla,10.44,SIMP_201812_WP,2,February,224.8,13.4,20.9
2018-02-03T17:00:00Z,0.624,22.1,2.7,Port Kembla,9.72,SIMP_201812_WP,2,February,224.8,13.4,20.9
2018-02-03T18:00:00Z,0.45,22.1,2.2,Port Kembla,7.920000000000001,SIMP_201812_WP,2,February,224.8,13.4,20.9
2018-02-03T19:00:00Z,0.403,22,2.6,Port Kembla,9.360000000000001,SIMP_201812_WP,2,February,224.8,13.4,20.9
2018-02-03T20:00:00Z,0.512,21.9,4.1,Port Kembla,14.76,SIMP_201812_WP,2,February,224.8,13.4,20.9
2018-02-03T21:00:00Z,0.767,22.1,4.5,Port Kembla,16.2,SIMP_201812_WP,2,February,224.8,13.4,20.9
2018-02-03T22:00:00Z,1.087,22,4.1,Port Kembla,14.76,SIMP_201812_WP,2,February,224.8,13.4,20.9
2018-02-03T23:00:00Z,1.398,22,3.1,Port Kembla,11.16,SIMP_201812_WP,2,February,224.8,13.4,20.9
2018-02-04T00:00:00Z,1.621,22,3.5,Port Kembla,12.6,SIMP_201812_WP,2,February,224.8,13.4,20.9
2018-02-04T01:00:00Z,1.706,22.1,3.4,Port Kembla,12.24,SIMP_201812_WP,2,February,224.8,13.4,20.9
2018-02-04T02:00:00Z,1.617,22.1,4.4,Port Kembla,15.840000000000002,SIMP_201812_WP,2,February,224.8,13.4,20.9
2018-02-04T03:00:00Z,1.372,22.2,3.1,Port Kembla,11.16,SIMP_201812_WP,2,February,224.8,13.4,20.9
2018-02-04T04:00:00Z,1.024,22.2,4.2,Port Kembla,15.120000000000001,SIMP_201812_WP,2,February,224.8,13.4,20.9
2018-02-04T05:00:00Z,0.682,22.2,3.6,Port Kembla,12.96,SIMP_201812_WP,2,February,224.8,13.4,20.9
2018-02-04T06:00:00Z,0.399,22.3,3.4,Port Kembla,12.24,SIMP_201812_WP,2,February,224.8,13.4,20.9
2018-02-04T07:00:00Z,0.229,22.3,4.4,Port Kembla,15.840000000000002,SIMP_201812_WP,2,February,224.8,13.4,20.9
2018-02-04T08:00:00Z,0.218,22.3,3.6,Port Kembla,12.96,SIMP_201812_WP,2,February,224.8,13.4,20.9
2018-02-04T09:00:00Z,0.364,22.4,2.7,Port Kembla,9.72,SIMP_201812_WP,2,February,224.8,13.4,20.9
2018-02-04T10:00:00Z,0.61,22.3,1.7,Port Kembla,6.12,SIMP_201812_WP,2,February,224.8,13.4,20.9
2018-02-04T11:00:00Z,0.893,22.3,1.9,Port Kembla,6.84,SIMP_201812_WP,2,February,224.8,13.4,20.9
2018-02-04T12:00:00Z,1.147,22.3,2.9,Port Kembla,10.44,SIMP_201812_WP,2,February,224.8,13.4,20.9
2018-02-04T13:00:00Z,1.319,22.3,1.9,Port Kembla,6.84,SIMP_201812_WP,2,February,224.8,13.4,20.9
2018-02-04T14:00:00Z,1.361,22.3,2,Port Kembla,7.2,SIMP_201812_WP,2,February,224.8,13.4,20.9
2018-02-04T15:00:00Z,1.251,22.3,2.3,Port Kembla,8.28,SIMP_201812_WP,2,February,224.8,13.4,20.9
2018-02-04T16:00:00Z,1.044,22.2,2.4,Port Kembla,8.64,SIMP_201812_WP,2,February,224.8,13.4,20.9
2018-02-04T17:00:00Z,0.799,22.2,2.1,Port Kembla,7.5600000000000005,SIMP_201812_WP,2,February,224.8,13.4,20.9
2018-02-04T18:00:00Z,0.586,22.3,1.7,Port Kembla,6.12,SIMP_201812_WP,2,February,224.8,13.4,20.9
2018-02-04T19:00:00Z,0.45,22.3,2,Port Kembla,7.2,SIMP_201812_WP,2,February,224.8,13.4,20.9
2018-02-04T20:00:00Z,0.431,22.3,2.1,Port Kembla,7.5600000000000005,SIMP_201812_WP,2,February,224.8,13.4,20.9
2018-02-04T21:00:00Z,0.554,22.4,1.7,Port Kembla,6.12,SIMP_201812_WP,2,February,224.8,13.4,20.9
2018-02-04T22:00:00Z,0.787,22.4,0.9,Port Kembla,3.24,SIMP_201812_WP,2,February,224.8,13.4,20.9
2018-02-04T23:00:00Z,1.062,22.4,2,Port Kembla,7.2,SIMP_201812_WP,2,February,224.8,13.4,20.9
2018-02-05T00:00:00Z,1.296,22.4,2.8,Port Kembla,10.08,SIMP_201812_WP,2,February,224.8,13.4,20.9
2018-02-05T01:00:00Z,1.47,22.4,3.9,Port Kembla,14.04,SIMP_201812_WP,2,February,224.8,13.4,20.9
2018-02-05T02:00:00Z,1.511,22.4,4.3,Port Kembla,15.48,SIMP_201812_WP,2,February,224.8,13.4,20.9
2018-02-05T03:00:00Z,1.403,22.4,4.3,Port Kembla,15.48,SIMP_201812_WP,2,February,224.8,13.4,20.9
2018-02-05T04:00:00Z,1.177,22.9,4.2,Port Kembla,15.120000000000001,SIMP_201812_WP,2,February,224.8,13.4,20.9
2018-02-05T05:00:00Z,0.898,23.1,4.4,Port Kembla,15.840000000000002,SIMP_201812_WP,2,February,224.8,13.4,20.9
2018-02-05T06:00:00Z,0.628,23.3,4.3,Port Kembla,15.48,SIMP_201812_WP,2,February,224.8,13.4,20.9
2018-02-05T07:00:00Z,0.415,23.4,4.4,Port Kembla,15.840000000000002,SIMP_201812_WP,2,February,224.8,13.4,20.9
2018-02-05T08:00:00Z,0.311,23.4,3.8,Port Kembla,13.68,SIMP_201812_WP,2,February,224.8,13.4,20.9
2018-02-05T09:00:00Z,0.347,23.2,3.6,Port Kembla,12.96,SIMP_201812_WP,2,February,224.8,13.4,20.9
2018-02-05T10:00:00Z,0.502,23.2,3.5,Port Kembla,12.6,SIMP_201812_WP,2,February,224.8,13.4,20.9
2018-02-05T11:00:00Z,0.734,23,2.9,Port Kembla,10.44,SIMP_201812_WP,2,February,224.8,13.4,20.9
2018-02-05T12:00:00Z,0.986,23,1.5,Port Kembla,5.4,SIMP_201812_WP,2,February,224.8,13.4,20.9
2018-02-05T13:00:00Z,1.209,22.9,1.7,Port Kembla,6.12,SIMP_201812_WP,2,February,224.8,13.4,20.9
2018-02-05T14:00:00Z,1.351,22.9,1.9,Port Kembla,6.84,SIMP_201812_WP,2,February,224.8,13.4,20.9
2018-02-05T15:00:00Z,1.36,22.8,2.2,Port Kembla,7.920000000000001,SIMP_201812_WP,2,February,224.8,13.4,20.9
2018-02-05T16:00:00Z,1.247,22.8,1.9,Port Kembla,6.84,SIMP_201812_WP,2,February,224.8,13.4,20.9
2018-02-05T17:00:00Z,1.058,22.8,2.1,Port Kembla,7.5600000000000005,SIMP_201812_WP,2,February,224.8,13.4,20.9
2018-02-05T18:00:00Z,0.856,22.8,1.8,Port Kembla,6.48,SIMP_201812_WP,2,February,224.8,13.4,20.9
2018-02-05T19:00:00Z,0.678,22.8,1.4,Port Kembla,5.04,SIMP_201812_WP,2,February,224.8,13.4,20.9
2018-02-05T20:00:00Z,0.567,22.8,1.4,Port Kembla,5.04,SIMP_201812_WP,2,February,224.8,13.4,20.9
2018-02-05T21:00:00Z,0.559,22.9,1.6,Port Kembla,5.760000000000001,SIMP_201812_WP,2,February,224.8,13.4,20.9
2018-02-05T22:00:00Z,0.666,22.8,1.7,Port Kembla,6.12,SIMP_201812_WP,2,February,224.8,13.4,20.9
2018-02-05T23:00:00Z,0.853,22.8,2.6,Port Kembla,9.360000000000001,SIMP_201812_WP,2,February,224.8,13.4,20.9
2018-02-06T00:00:00Z,1.059,22.9,2.2,Port Kembla,7.920000000000001,SIMP_201812_WP,2,February,224.8,13.4,20.9
2018-02-06T01:00:00Z,1.248,23,3.2,Port Kembla,11.520000000000001,SIMP_201812_WP,2,February,224.8,13.4,20.9
2018-02-06T02:00:00Z,1.371,23.1,3.4,Port Kembla,12.24,SIMP_201812_WP,2,February,224.8,13.4,20.9
2018-02-06T03:00:00Z,1.383,23,4.6,Port Kembla,16.56,SIMP_201812_WP,2,February,224.8,13.4,20.9
2018-02-06T04:00:00Z,1.268,23,4.5,Port Kembla,16.2,SIMP_201812_WP,2,February,224.8,13.4,20.9
2018-02-06T05:00:00Z,1.067,23.2,4.4,Port Kembla,15.840000000000002,SIMP_201812_WP,2,February,224.8,13.4,20.9
2018-02-06T06:00:00Z,0.835,23.7,5.4,Port Kembla,19.44,SIMP_201812_WP,2,February,224.8,13.4,20.9
2018-02-06T07:00:00Z,0.622,23.8,4.9,Port Kembla,17.64,SIMP_201812_WP,2,February,224.8,13.4,20.9
2018-02-06T08:00:00Z,0.477,23.8,5.5,Port Kembla,19.8,SIMP_201812_WP,2,February,224.8,13.4,20.9
2018-02-06T09:00:00Z,0.417,23.7,4.9,Port Kembla,17.64,SIMP_201812_WP,2,February,224.8,13.4,20.9
2018-02-06T10:00:00Z,0.479,23.7,4,Port Kembla,14.4,SIMP_201812_WP,2,February,224.8,13.4,20.9
2018-02-06T11:00:00Z,0.641,23.7,4,Port Kembla,14.4,SIMP_201812_WP,2,February,224.8,13.4,20.9
2018-02-06T12:00:00Z,0.846,23.6,3.8,Port Kembla,13.68,SIMP_201812_WP,2,February,224.8,13.4,20.9
2018-02-06T13:00:00Z,1.064,23.3,4.2,Port Kembla,15.120000000000001,SIMP_201812_WP,2,February,224.8,13.4,20.9
2018-02-06T14:00:00Z,1.25,23.3,4.7,Port Kembla,16.92,SIMP_201812_WP,2,February,224.8,13.4,20.9
2018-02-06T15:00:00Z,1.345,23.2,4.5,Port Kembla,16.2,SIMP_201812_WP,2,February,224.8,13.4,20.9
2018-02-06T16:00:00Z,1.327,23.2,2.1,Port Kembla,7.5600000000000005,SIMP_201812_WP,2,February,224.8,13.4,20.9
2018-02-06T17:00:00Z,1.203,23.2,2.6,Port Kembla,9.360000000000001,SIMP_201812_WP,2,February,224.8,13.4,20.9
2018-02-06T18:00:00Z,1.031,23.3,2.5,Port Kembla,9,SIMP_201812_WP,2,February,224.8,13.4,20.9
2018-02-06T19:00:00Z,0.842,23.2,2.8,Port Kembla,10.08,SIMP_201812_WP,2,February,224.8,13.4,20.9
2018-02-06T20:00:00Z,0.682,23.2,1.9,Port Kembla,6.84,SIMP_201812_WP,2,February,224.8,13.4,20.9
2018-02-06T21:00:00Z,0.592,23.1,2.2,Port Kembla,7.920000000000001,SIMP_201812_WP,2,February,224.8,13.4,20.9
2018-02-06T22:00:00Z,0.576,23.2,2.8,Port Kembla,10.08,SIMP_201812_WP,2,February,224.8,13.4,20.9
2018-02-06T23:00:00Z,0.653,23.2,4.1,Port Kembla,14.76,SIMP_201812_WP,2,February,224.8,13.4,20.9
2018-02-07T00:00:00Z,0.789,23.2,4.7,Port Kembla,16.92,SIMP_201812_WP,2,February,224.8,13.4,20.9
2018-02-07T01:00:00Z,0.956,23.4,5,Port Kembla,18,SIMP_201812_WP,2,February,224.8,13.4,20.9
2018-02-07T02:00:00Z,1.105,23.6,6.4,Port Kembla,23.040000000000003,SIMP_201812_WP,2,February,224.8,13.4,20.9
2018-02-07T03:00:00Z,1.192,23.7,7.1,Port Kembla,25.56,SIMP_201812_WP,2,February,224.8,13.4,20.9
2018-02-07T04:00:00Z,1.177,23.7,7.3,Port Kembla,26.28,SIMP_201812_WP,2,February,224.8,13.4,20.9
2018-02-07T05:00:00Z,1.079,24,7.4,Port Kembla,26.64,SIMP_201812_WP,2,February,224.8,13.4,20.9
2018-02-07T06:00:00Z,0.919,23.9,7.2,Port Kembla,25.92,SIMP_201812_WP,2,February,224.8,13.4,20.9
2018-02-07T07:00:00Z,0.738,24,7.8,Port Kembla,28.08,SIMP_201812_WP,2,February,224.8,13.4,20.9
2018-02-07T08:00:00Z,0.584,24.1,7.6,Port Kembla,27.36,SIMP_201812_WP,2,February,224.8,13.4,20.9
2018-02-07T09:00:00Z,0.483,24,7.4,Port Kembla,26.64,SIMP_201812_WP,2,February,224.8,13.4,20.9
2018-02-07T10:00:00Z,0.468,24,6.7,Port Kembla,24.12,SIMP_201812_WP,2,February,224.8,13.4,20.9
2018-02-07T11:00:00Z,0.54,24,4.6,Port Kembla,16.56,SIMP_201812_WP,2,February,224.8,13.4,20.9
2018-02-07T12:00:00Z,0.688,23.9,3.2,Port Kembla,11.520000000000001,SIMP_201812_WP,2,February,224.8,13.4,20.9
2018-02-07T13:00:00Z,0.871,23.8,3.3,Port Kembla,11.879999999999999,SIMP_201812_WP,2,February,224.8,13.4,20.9
2018-02-07T14:00:00Z,1.066,23.8,2.8,Port Kembla,10.08,SIMP_201812_WP,2,February,224.8,13.4,20.9
2018-02-07T15:00:00Z,1.218,23.6,3.5,Port Kembla,12.6,SIMP_201812_WP,2,February,224.8,13.4,20.9
2018-02-07T16:00:00Z,1.287,23.6,2.8,Port Kembla,10.08,SIMP_201812_WP,2,February,224.8,13.4,20.9
2018-02-07T17:00:00Z,1.254,23.5,2.6,Port Kembla,9.360000000000001,SIMP_201812_WP,2,February,224.8,13.4,20.9
2018-02-07T18:00:00Z,1.148,23.6,3.1,Port Kembla,11.16,SIMP_201812_WP,2,February,224.8,13.4,20.9
2018-02-07T19:00:00Z,0.984,23.5,4.1,Port Kembla,14.76,SIMP_201812_WP,2,February,224.8,13.4,20.9
2018-02-07T20:00:00Z,0.816,23.5,3.2,Port Kembla,11.520000000000001,SIMP_201812_WP,2,February,224.8,13.4,20.9
2018-02-07T21:00:00Z,0.677,23.5,4.3,Port Kembla,15.48,SIMP_201812_WP,2,February,224.8,13.4,20.9
2018-02-07T22:00:00Z,0.59,23.5,4.2,Port Kembla,15.120000000000001,SIMP_201812_WP,2,February,224.8,13.4,20.9
2018-02-07T23:00:00Z,0.571,23.4,4.3,Port Kembla,15.48,SIMP_201812_WP,2,February,224.8,13.4,20.9
2018-02-08T00:00:00Z,0.635,23.5,6.4,Port Kembla,23.040000000000003,SIMP_201812_WP,2,February,224.8,13.4,20.9
2018-02-08T01:00:00Z,0.753,23.6,7.5,Port Kembla,27,SIMP_201812_WP,2,February,224.8,13.4,20.9
2018-02-08T02:00:00Z,0.907,23.7,8.7,Port Kembla,31.319999999999997,SIMP_201812_WP,2,February,224.8,13.4,20.9
2018-02-08T03:00:00Z,1.037,23.8,8.8,Port Kembla,31.680000000000003,SIMP_201812_WP,2,February,224.8,13.4,20.9
2018-02-08T04:00:00Z,1.108,23.9,10.1,Port Kembla,36.36,SIMP_201812_WP,2,February,224.8,13.4,20.9
2018-02-08T05:00:00Z,1.101,23.9,10,Port Kembla,36,SIMP_201812_WP,2,February,224.8,13.4,20.9
2018-02-08T06:00:00Z,1.028,24,9.9,Port Kembla,35.64,SIMP_201812_WP,2,February,224.8,13.4,20.9
2018-02-08T07:00:00Z,0.897,24.1,9.6,Port Kembla,34.56,SIMP_201812_WP,2,February,224.8,13.4,20.9
2018-02-08T08:00:00Z,0.749,24.1,8.6,Port Kembla,30.96,SIMP_201812_WP,2,February,224.8,13.4,20.9
2018-02-08T09:00:00Z,0.626,24,8,Port Kembla,28.8,SIMP_201812_WP,2,February,224.8,13.4,20.9
2018-02-08T10:00:00Z,0.539,24,6.2,Port Kembla,22.32,SIMP_201812_WP,2,February,224.8,13.4,20.9
2018-02-08T11:00:00Z,0.534,23.9,5.4,Port Kembla,19.44,SIMP_201812_WP,2,February,224.8,13.4,20.9
2018-02-08T12:00:00Z,0.614,23.9,5.4,Port Kembla,19.44,SIMP_201812_WP,2,February,224.8,13.4,20.9
2018-02-08T13:00:00Z,0.762,23.7,4.2,Port Kembla,15.120000000000001,SIMP_201812_WP,2,February,224.8,13.4,20.9
2018-02-08T14:00:00Z,0.94,23.6,1.5,Port Kembla,5.4,SIMP_201812_WP,2,February,224.8,13.4,20.9
2018-02-08T15:00:00Z,1.117,23.7,1.6,Port Kembla,5.760000000000001,SIMP_201812_WP,2,February,224.8,13.4,20.9
2018-02-08T16:00:00Z,1.261,23.7,2.2,Port Kembla,7.920000000000001,SIMP_201812_WP,2,February,224.8,13.4,20.9
2018-02-08T17:00:00Z,1.325,23.5,0.2,Port Kembla,0.7200000000000001,SIMP_201812_WP,2,February,224.8,13.4,20.9
2018-02-08T18:00:00Z,1.306,23.5,1.3,Port Kembla,4.680000000000001,SIMP_201812_WP,2,February,224.8,13.4,20.9
2018-02-08T19:00:00Z,1.207,23.4,1.3,Port Kembla,4.680000000000001,SIMP_201812_WP,2,February,224.8,13.4,20.9
2018-02-08T20:00:00Z,1.053,23.6,2.6,Port Kembla,9.360000000000001,SIMP_201812_WP,2,February,224.8,13.4,20.9
2018-02-08T21:00:00Z,0.88,23.4,2.2,Port Kembla,7.920000000000001,SIMP_201812_WP,2,February,224.8,13.4,20.9
2018-02-08T22:00:00Z,0.732,23.2,1,Port Kembla,3.6,SIMP_201812_WP,2,February,224.8,13.4,20.9
2018-02-08T23:00:00Z,0.636,23.3,1.4,Port Kembla,5.04,SIMP_201812_WP,2,February,224.8,13.4,20.9
2018-02-09T00:00:00Z,0.607,23.3,1.8,Port Kembla,6.48,SIMP_201812_WP,2,February,224.8,13.4,20.9
2018-02-09T01:00:00Z,0.655,23.2,3.2,Port Kembla,11.520000000000001,SIMP_201812_WP,2,February,224.8,13.4,20.9
2018-02-09T02:00:00Z,0.765,23.4,2.7,Port Kembla,9.72,SIMP_201812_WP,2,February,224.8,13.4,20.9
2018-02-09T03:00:00Z,0.888,23.4,3.3,Port Kembla,11.879999999999999,SIMP_201812_WP,2,February,224.8,13.4,20.9
2018-02-09T04:00:00Z,1.004,23.4,4.9,Port Kembla,17.64,SIMP_201812_WP,2,February,224.8,13.4,20.9
2018-02-09T05:00:00Z,1.07,21.9,5,Port Kembla,18,SIMP_201812_WP,2,February,224.8,13.4,20.9
2018-02-09T06:00:00Z,1.082,22.2,4.7,Port Kembla,16.92,SIMP_201812_WP,2,February,224.8,13.4,20.9
2018-02-09T07:00:00Z,1.016,21.7,4,Port Kembla,14.4,SIMP_201812_WP,2,February,224.8,13.4,20.9
2018-02-09T08:00:00Z,0.925,21.9,1.3,Port Kembla,4.680000000000001,SIMP_201812_WP,2,February,224.8,13.4,20.9
2018-02-09T09:00:00Z,0.794,22.1,3.6,Port Kembla,12.96,SIMP_201812_WP,2,February,224.8,13.4,20.9
2018-02-09T10:00:00Z,0.676,22.3,1.9,Port Kembla,6.84,SIMP_201812_WP,2,February,224.8,13.4,20.9
2018-02-09T11:00:00Z,0.62,22.6,1.3,Port Kembla,4.680000000000001,SIMP_201812_WP,2,February,224.8,13.4,20.9
2018-02-09T12:00:00Z,0.629,22.8,0.9,Port Kembla,3.24,SIMP_201812_WP,2,February,224.8,13.4,20.9
2018-02-09T13:00:00Z,0.719,22.9,1.2,Port Kembla,4.32,SIMP_201812_WP,2,February,224.8,13.4,20.9
2018-02-09T14:00:00Z,0.858,23,1.7,Port Kembla,6.12,SIMP_201812_WP,2,February,224.8,13.4,20.9
2018-02-09T15:00:00Z,1.027,22.4,2.1,Port Kembla,7.5600000000000005,SIMP_201812_WP,2,February,224.8,13.4,20.9
2018-02-09T16:00:00Z,1.21,22.3,2.2,Port Kembla,7.920000000000001,SIMP_201812_WP,2,February,224.8,13.4,20.9
2018-02-09T17:00:00Z,1.353,22.1,1.9,Port Kembla,6.84,SIMP_201812_WP,2,February,224.8,13.4,20.9
2018-02-09T18:00:00Z,1.428,22,3.4,Port Kembla,12.24,SIMP_201812_WP,2,February,224.8,13.4,20.9
2018-02-09T19:00:00Z,1.414,22,1.8,Port Kembla,6.48,SIMP_201812_WP,2,February,224.8,13.4,20.9
2018-02-09T20:00:00Z,1.304,22,1.8,Port Kembla,6.48,SIMP_201812_WP,2,February,224.8,13.4,20.9
2018-02-09T21:00:00Z,1.15,22.1,3.6,Port Kembla,12.96,SIMP_201812_WP,2,February,224.8,13.4,20.9
2018-02-09T22:00:00Z,0.967,22.2,1.6,Port Kembla,5.760000000000001,SIMP_201812_WP,2,February,224.8,13.4,20.9
2018-02-09T23:00:00Z,0.801,22.4,2.5,Port Kembla,9,SIMP_201812_WP,2,February,224.8,13.4,20.9
2018-02-10T00:00:00Z,0.688,22.1,2.7,Port Kembla,9.72,SIMP_201812_WP,2,February,224.8,13.4,20.9
2018-02-10T01:00:00Z,0.646,22.4,2.8,Port Kembla,10.08,SIMP_201812_WP,2,February,224.8,13.4,20.9
2018-02-10T02:00:00Z,0.694,22.7,2.4,Port Kembla,8.64,SIMP_201812_WP,2,February,224.8,13.4,20.9
2018-02-10T03:00:00Z,0.79,22.8,2.5,Port Kembla,9,SIMP_201812_WP,2,February,224.8,13.4,20.9
2018-02-10T04:00:00Z,0.915,22.6,3.3,Port Kembla,11.879999999999999,SIMP_201812_WP,2,February,224.8,13.4,20.9
2018-02-10T05:00:00Z,1.051,22.8,3.7,Port Kembla,13.32,SIMP_201812_WP,2,February,224.8,13.4,20.9
2018-02-10T06:00:00Z,1.137,23.7,3.5,Port Kembla,12.6,SIMP_201812_WP,2,February,224.8,13.4,20.9
2018-02-10T07:00:00Z,1.162,23.7,3.3,Port Kembla,11.879999999999999,SIMP_201812_WP,2,February,224.8,13.4,20.9
2018-02-10T08:00:00Z,1.115,23.4,2.2,Port Kembla,7.920000000000001,SIMP_201812_WP,2,February,224.8,13.4,20.9
2018-02-10T09:00:00Z,1.007,23.4,1.3,Port Kembla,4.680000000000001,SIMP_201812_WP,2,February,224.8,13.4,20.9
2018-02-10T10:00:00Z,0.895,23.2,1.1,Port Kembla,3.9600000000000004,SIMP_201812_WP,2,February,224.8,13.4,20.9
2018-02-10T11:00:00Z,0.771,23.1,1.2,Port Kembla,4.32,SIMP_201812_WP,2,February,224.8,13.4,20.9
2018-02-10T12:00:00Z,0.669,23.8,4.5,Port Kembla,16.2,SIMP_201812_WP,2,February,224.8,13.4,20.9
2018-02-10T13:00:00Z,0.691,23.1,1.3,Port Kembla,4.680000000000001,SIMP_201812_WP,2,February,224.8,13.4,20.9
2018-02-10T14:00:00Z,0.792,23.1,2.3,Port Kembla,8.28,SIMP_201812_WP,2,February,224.8,13.4,20.9
2018-02-10T15:00:00Z,0.946,23.1,3,Port Kembla,10.8,SIMP_201812_WP,2,February,224.8,13.4,20.9
2018-02-10T16:00:00Z,1.147,23.3,4.8,Port Kembla,17.28,SIMP_201812_WP,2,February,224.8,13.4,20.9
2018-02-10T17:00:00Z,1.343,23.6,4.9,Port Kembla,17.64,SIMP_201812_WP,2,February,224.8,13.4,20.9
2018-02-10T18:00:00Z,1.498,23.6,2.6,Port Kembla,9.360000000000001,SIMP_201812_WP,2,February,224.8,13.4,20.9
2018-02-10T19:00:00Z,1.56,23.6,0.9,Port Kembla,3.24,SIMP_201812_WP,2,February,224.8,13.4,20.9
2018-02-10T20:00:00Z,1.519,22.4,0.7,Port Kembla,2.52,SIMP_201812_WP,2,February,224.8,13.4,20.9
2018-02-10T21:00:00Z,1.403,23.3,5.2,Port Kembla,18.720000000000002,SIMP_201812_WP,2,February,224.8,13.4,20.9
2018-02-10T22:00:00Z,1.209,23.3,6.1,Port Kembla,21.96,SIMP_201812_WP,2,February,224.8,13.4,20.9
2018-02-10T23:00:00Z,0.992,23.3,6.2,Port Kembla,22.32,SIMP_201812_WP,2,February,224.8,13.4,20.9
2018-02-11T00:00:00Z,0.801,22.3,4.9,Port Kembla,17.64,SIMP_201812_WP,2,February,224.8,13.4,20.9
2018-02-11T01:00:00Z,0.671,21.9,3.6,Port Kembla,12.96,SIMP_201812_WP,2,February,224.8,13.4,20.9
2018-02-11T02:00:00Z,0.623,21.7,4.8,Port Kembla,17.28,SIMP_201812_WP,2,February,224.8,13.4,20.9
2018-02-11T03:00:00Z,0.665,21.8,4.6,Port Kembla,16.56,SIMP_201812_WP,2,February,224.8,13.4,20.9
2018-02-11T04:00:00Z,0.776,21.7,4.3,Port Kembla,15.48,SIMP_201812_WP,2,February,224.8,13.4,20.9
2018-02-11T05:00:00Z,0.928,21.6,3.4,Port Kembla,12.24,SIMP_201812_WP,2,February,224.8,13.4,20.9
2018-02-11T06:00:00Z,1.077,21.6,3.8,Port Kembla,13.68,SIMP_201812_WP,2,February,224.8,13.4,20.9
2018-02-11T07:00:00Z,1.161,21.7,3.3,Port Kembla,11.879999999999999,SIMP_201812_WP,2,February,224.8,13.4,20.9
2018-02-11T08:00:00Z,1.181,21.8,2.6,Port Kembla,9.360000000000001,SIMP_201812_WP,2,February,224.8,13.4,20.9
2018-02-11T09:00:00Z,1.124,21.9,2.2,Port Kembla,7.920000000000001,SIMP_201812_WP,2,February,224.8,13.4,20.9
2018-02-11T10:00:00Z,1.009,22.1,1.9,Port Kembla,6.84,SIMP_201812_WP,2,February,224.8,13.4,20.9
2018-02-11T11:00:00Z,0.862,22.2,1.5,Port Kembla,5.4,SIMP_201812_WP,2,February,224.8,13.4,20.9
2018-02-11T12:00:00Z,0.721,22.3,1.2,Port Kembla,4.32,SIMP_201812_WP,2,February,224.8,13.4,20.9
2018-02-11T13:00:00Z,0.651,22.2,1.8,Port Kembla,6.48,SIMP_201812_WP,2,February,224.8,13.4,20.9
2018-02-11T14:00:00Z,0.677,22.4,0.6,Port Kembla,2.16,SIMP_201812_WP,2,February,224.8,13.4,20.9
2018-02-11T15:00:00Z,0.793,22.5,0.4,Port Kembla,1.4400000000000002,SIMP_201812_WP,2,February,224.8,13.4,20.9
2018-02-11T16:00:00Z,0.97,22.5,1.3,Port Kembla,4.680000000000001,SIMP_201812_WP,2,February,224.8,13.4,20.9
2018-02-11T17:00:00Z,1.186,22.5,0.9,Port Kembla,3.24,SIMP_201812_WP,2,February,224.8,13.4,20.9
2018-02-11T18:00:00Z,1.399,22.5,0.6,Port Kembla,2.16,SIMP_201812_WP,2,February,224.8,13.4,20.9
2018-02-11T19:00:00Z,1.547,22.5,1.2,Port Kembla,4.32,SIMP_201812_WP,2,February,224.8,13.4,20.9
2018-02-11T20:00:00Z,1.598,22.4,1.6,Port Kembla,5.760000000000001,SIMP_201812_WP,2,February,224.8,13.4,20.9
2018-02-11T21:00:00Z,1.539,22.4,1.3,Port Kembla,4.680000000000001,SIMP_201812_WP,2,February,224.8,13.4,20.9
2018-02-11T22:00:00Z,1.382,22.5,1.6,Port Kembla,5.760000000000001,SIMP_201812_WP,2,February,224.8,13.4,20.9
2018-02-11T23:00:00Z,1.166,22.5,2.2,Port Kembla,7.920000000000001,SIMP_201812_WP,2,February,224.8,13.4,20.9
2018-02-12T00:00:00Z,0.921,22.6,3.8,Port Kembla,13.68,SIMP_201812_WP,2,February,224.8,13.4,20.9
2018-02-12T01:00:00Z,0.719,22.6,4.1,Port Kembla,14.76,SIMP_201812_WP,2,February,224.8,13.4,20.9
2018-02-12T02:00:00Z,0.602,22.7,4.8,Port Kembla,17.28,SIMP_201812_WP,2,February,224.8,13.4,20.9
2018-02-12T03:00:00Z,0.576,23.2,3.9,Port Kembla,14.04,SIMP_201812_WP,2,February,224.8,13.4,20.9
2018-02-12T04:00:00Z,0.647,23.3,3.5,Port Kembla,12.6,SIMP_201812_WP,2,February,224.8,13.4,20.9
2018-02-12T05:00:00Z,0.804,23.5,3.8,Port Kembla,13.68,SIMP_201812_WP,2,February,224.8,13.4,20.9
2018-02-12T06:00:00Z,0.99,23.6,3.4,Port Kembla,12.24,SIMP_201812_WP,2,February,224.8,13.4,20.9
2018-02-12T07:00:00Z,1.146,23.5,2,Port Kembla,7.2,SIMP_201812_WP,2,February,224.8,13.4,20.9
2018-02-12T08:00:00Z,1.238,23.1,1.7,Port Kembla,6.12,SIMP_201812_WP,2,February,224.8,13.4,20.9
2018-02-12T09:00:00Z,1.233,23,2.1,Port Kembla,7.5600000000000005,SIMP_201812_WP,2,February,224.8,13.4,20.9
2018-02-12T10:00:00Z,1.145,23.1,1.9,Port Kembla,6.84,SIMP_201812_WP,2,February,224.8,13.4,20.9
2018-02-12T11:00:00Z,0.999,23.1,1.9,Port Kembla,6.84,SIMP_201812_WP,2,February,224.8,13.4,20.9
2018-02-12T12:00:00Z,0.823,23.2,1.2,Port Kembla,4.32,SIMP_201812_WP,2,February,224.8,13.4,20.9
2018-02-12T13:00:00Z,0.686,23.2,0.8,Port Kembla,2.8800000000000003,SIMP_201812_WP,2,February,224.8,13.4,20.9
2018-02-12T14:00:00Z,0.626,23.2,2.3,Port Kembla,8.28,SIMP_201812_WP,2,February,224.8,13.4,20.9
2018-02-12T15:00:00Z,0.67,23.2,3,Port Kembla,10.8,SIMP_201812_WP,2,February,224.8,13.4,20.9
2018-02-12T16:00:00Z,0.813,23.1,3.1,Port Kembla,11.16,SIMP_201812_WP,2,February,224.8,13.4,20.9
2018-02-12T17:00:00Z,1.021,23.1,3.9,Port Kembla,14.04,SIMP_201812_WP,2,February,224.8,13.4,20.9
2018-02-12T18:00:00Z,1.275,23.1,3.4,Port Kembla,12.24,SIMP_201812_WP,2,February,224.8,13.4,20.9
2018-02-12T19:00:00Z,1.493,23,3.2,Port Kembla,11.520000000000001,SIMP_201812_WP,2,February,224.8,13.4,20.9
2018-02-12T20:00:00Z,1.624,22.6,2.9,Port Kembla,10.44,SIMP_201812_WP,2,February,224.8,13.4,20.9
2018-02-12T21:00:00Z,1.639,22.3,3.6,Port Kembla,12.96,SIMP_201812_WP,2,February,224.8,13.4,20.9
2018-02-12T22:00:00Z,1.535,22.5,3.2,Port Kembla,11.520000000000001,SIMP_201812_WP,2,February,224.8,13.4,20.9
2018-02-12T23:00:00Z,1.326,22.7,3.4,Port Kembla,12.24,SIMP_201812_WP,2,February,224.8,13.4,20.9
2018-02-13T00:00:00Z,1.064,22.7,3,Port Kembla,10.8,SIMP_201812_WP,2,February,224.8,13.4,20.9
2018-02-13T01:00:00Z,0.799,22.8,3.5,Port Kembla,12.6,SIMP_201812_WP,2,February,224.8,13.4,20.9
2018-02-13T02:00:00Z,0.59,22.8,3.4,Port Kembla,12.24,SIMP_201812_WP,2,February,224.8,13.4,20.9
2018-02-13T03:00:00Z,0.482,22.9,3.1,Port Kembla,11.16,SIMP_201812_WP,2,February,224.8,13.4,20.9
2018-02-13T04:00:00Z,0.488,22.9,3.5,Port Kembla,12.6,SIMP_201812_WP,2,February,224.8,13.4,20.9
2018-02-13T05:00:00Z,0.616,23,2.7,Port Kembla,9.72,SIMP_201812_WP,2,February,224.8,13.4,20.9
2018-02-13T06:00:00Z,0.815,23,3.9,Port Kembla,14.04,SIMP_201812_WP,2,February,224.8,13.4,20.9
2018-02-13T07:00:00Z,1.013,23.1,4.1,Port Kembla,14.76,SIMP_201812_WP,2,February,224.8,13.4,20.9
2018-02-13T08:00:00Z,1.189,23.2,4.5,Port Kembla,16.2,SIMP_201812_WP,2,February,224.8,13.4,20.9
2018-02-13T09:00:00Z,1.27,23.2,3.7,Port Kembla,13.32,SIMP_201812_WP,2,February,224.8,13.4,20.9
2018-02-13T10:00:00Z,1.245,23.3,4.7,Port Kembla,16.92,SIMP_201812_WP,2,February,224.8,13.4,20.9
2018-02-13T11:00:00Z,1.124,23.3,4.6,Port Kembla,16.56,SIMP_201812_WP,2,February,224.8,13.4,20.9
2018-02-13T12:00:00Z,0.925,23.4,4.3,Port Kembla,15.48,SIMP_201812_WP,2,February,224.8,13.4,20.9
2018-02-13T13:00:00Z,0.745,23.6,3.2,Port Kembla,11.520000000000001,SIMP_201812_WP,2,February,224.8,13.4,20.9
2018-02-13T14:00:00Z,0.625,23.9,3.3,Port Kembla,11.879999999999999,SIMP_201812_WP,2,February,224.8,13.4,20.9
2018-02-13T15:00:00Z,0.595,24.2,3.5,Port Kembla,12.6,SIMP_201812_WP,2,February,224.8,13.4,20.9
2018-02-13T16:00:00Z,0.677,24.3,3.9,Port Kembla,14.04,SIMP_201812_WP,2,February,224.8,13.4,20.9
2018-02-13T17:00:00Z,0.87,24.3,3.2,Port Kembla,11.520000000000001,SIMP_201812_WP,2,February,224.8,13.4,20.9
2018-02-13T18:00:00Z,1.131,23.8,3,Port Kembla,10.8,SIMP_201812_WP,2,February,224.8,13.4,20.9
2018-02-13T19:00:00Z,1.394,23.4,3.4,Port Kembla,12.24,SIMP_201812_WP,2,February,224.8,13.4,20.9
2018-02-13T20:00:00Z,1.598,23.4,3,Port Kembla,10.8,SIMP_201812_WP,2,February,224.8,13.4,20.9
2018-02-13T21:00:00Z,1.696,24.1,3.6,Port Kembla,12.96,SIMP_201812_WP,2,February,224.8,13.4,20.9
2018-02-13T22:00:00Z,1.675,23.3,4.3,Port Kembla,15.48,SIMP_201812_WP,2,February,224.8,13.4,20.9
2018-02-13T23:00:00Z,1.521,23.3,3.8,Port Kembla,13.68,SIMP_201812_WP,2,February,224.8,13.4,20.9
2018-02-14T00:00:00Z,1.269,24,4.8,Port Kembla,17.28,SIMP_201812_WP,2,February,224.8,13.4,20.9
2018-02-14T01:00:00Z,0.993,24,4.9,Port Kembla,17.64,SIMP_201812_WP,2,February,224.8,13.4,20.9
2018-02-14T02:00:00Z,0.722,24.5,7.4,Port Kembla,26.64,SIMP_201812_WP,2,February,224.8,13.4,20.9
2018-02-14T03:00:00Z,0.537,24.7,3.9,Port Kembla,14.04,SIMP_201812_WP,2,February,224.8,13.4,20.9
2018-02-14T04:00:00Z,0.46,24.8,4.5,Port Kembla,16.2,SIMP_201812_WP,2,February,224.8,13.4,20.9
2018-02-14T05:00:00Z,0.529,24.6,3.4,Port Kembla,12.24,SIMP_201812_WP,2,February,224.8,13.4,20.9
2018-02-14T06:00:00Z,0.707,25,11.2,Port Kembla,40.32,SIMP_201812_WP,2,February,224.8,13.4,20.9
2018-02-14T07:00:00Z,0.933,25.1,9.1,Port Kembla,32.76,SIMP_201812_WP,2,February,224.8,13.4,20.9
2018-02-14T08:00:00Z,1.148,24.6,7.4,Port Kembla,26.64,SIMP_201812_WP,2,February,224.8,13.4,20.9
2018-02-14T09:00:00Z,1.266,23.9,6,Port Kembla,21.6,SIMP_201812_WP,2,February,224.8,13.4,20.9
2018-02-14T10:00:00Z,1.267,23.6,7.3,Port Kembla,26.28,SIMP_201812_WP,2,February,224.8,13.4,20.9
2018-02-14T11:00:00Z,1.187,22.5,5.8,Port Kembla,20.88,SIMP_201812_WP,2,February,224.8,13.4,20.9
2018-02-14T12:00:00Z,0.999,22.5,3.8,Port Kembla,13.68,SIMP_201812_WP,2,February,224.8,13.4,20.9
2018-02-14T13:00:00Z,0.774,22.6,3.1,Port Kembla,11.16,SIMP_201812_WP,2,February,224.8,13.4,20.9
2018-02-14T14:00:00Z,0.585,22.7,3.1,Port Kembla,11.16,SIMP_201812_WP,2,February,224.8,13.4,20.9
2018-02-14T15:00:00Z,0.478,22.8,3.3,Port Kembla,11.879999999999999,SIMP_201812_WP,2,February,224.8,13.4,20.9
2018-02-14T16:00:00Z,0.482,22.9,4.4,Port Kembla,15.840000000000002,SIMP_201812_WP,2,February,224.8,13.4,20.9
2018-02-14T17:00:00Z,0.615,22.8,4.7,Port Kembla,16.92,SIMP_201812_WP,2,February,224.8,13.4,20.9
2018-02-14T18:00:00Z,0.862,22.8,3.2,Port Kembla,11.520000000000001,SIMP_201812_WP,2,February,224.8,13.4,20.9
2018-02-14T19:00:00Z,1.156,22.8,2.1,Port Kembla,7.5600000000000005,SIMP_201812_WP,2,February,224.8,13.4,20.9
2018-02-14T20:00:00Z,1.422,22.8,1.2,Port Kembla,4.32,SIMP_201812_WP,2,February,224.8,13.4,20.9
2018-02-14T21:00:00Z,1.6,22.7,2,Port Kembla,7.2,SIMP_201812_WP,2,February,224.8,13.4,20.9
2018-02-14T22:00:00Z,1.655,22.7,3.1,Port Kembla,11.16,SIMP_201812_WP,2,February,224.8,13.4,20.9
2018-02-14T23:00:00Z,1.569,22.8,4.4,Port Kembla,15.840000000000002,SIMP_201812_WP,2,February,224.8,13.4,20.9
2018-02-15T00:00:00Z,1.345,23.5,5.5,Port Kembla,19.8,SIMP_201812_WP,2,February,224.8,13.4,20.9
2018-02-15T01:00:00Z,1.035,23.6,6.2,Port Kembla,22.32,SIMP_201812_WP,2,February,224.8,13.4,20.9
2018-02-15T02:00:00Z,0.732,23.7,6.7,Port Kembla,24.12,SIMP_201812_WP,2,February,224.8,13.4,20.9
2018-02-15T03:00:00Z,0.491,23.8,7.3,Port Kembla,26.28,SIMP_201812_WP,2,February,224.8,13.4,20.9
2018-02-15T04:00:00Z,0.348,23.9,9.7,Port Kembla,34.92,SIMP_201812_WP,2,February,224.8,13.4,20.9
2018-02-15T05:00:00Z,0.347,24,7.1,Port Kembla,25.56,SIMP_201812_WP,2,February,224.8,13.4,20.9
2018-02-15T06:00:00Z,0.48,24,7.6,Port Kembla,27.36,SIMP_201812_WP,2,February,224.8,13.4,20.9
2018-02-15T07:00:00Z,0.715,24,6.7,Port Kembla,24.12,SIMP_201812_WP,2,February,224.8,13.4,20.9
2018-02-15T08:00:00Z,0.98,23.9,6.7,Port Kembla,24.12,SIMP_201812_WP,2,February,224.8,13.4,20.9
2018-02-15T09:00:00Z,1.188,23.9,5.8,Port Kembla,20.88,SIMP_201812_WP,2,February,224.8,13.4,20.9
2018-02-15T10:00:00Z,1.311,23.9,5.3,Port Kembla,19.08,SIMP_201812_WP,2,February,224.8,13.4,20.9
2018-02-15T11:00:00Z,1.315,23.9,4.1,Port Kembla,14.76,SIMP_201812_WP,2,February,224.8,13.4,20.9
2018-02-15T12:00:00Z,1.185,23.8,1.7,Port Kembla,6.12,SIMP_201812_WP,2,February,224.8,13.4,20.9
2018-02-15T13:00:00Z,0.982,23.3,2,Port Kembla,7.2,SIMP_201812_WP,2,February,224.8,13.4,20.9
2018-02-15T14:00:00Z,0.76,23.4,2.7,Port Kembla,9.72,SIMP_201812_WP,2,February,224.8,13.4,20.9
2018-02-15T15:00:00Z,0.594,23.3,0.9,Port Kembla,3.24,SIMP_201812_WP,2,February,224.8,13.4,20.9
2018-02-15T16:00:00Z,0.539,23.7,3,Port Kembla,10.8,SIMP_201812_WP,2,February,224.8,13.4,20.9
2018-02-15T17:00:00Z,0.608,23.4,0.8,Port Kembla,2.8800000000000003,SIMP_201812_WP,2,February,224.8,13.4,20.9
2018-02-15T18:00:00Z,0.803,23.3,2.4,Port Kembla,8.64,SIMP_201812_WP,2,February,224.8,13.4,20.9
2018-02-15T19:00:00Z,1.094,23.3,2.3,Port Kembla,8.28,SIMP_201812_WP,2,February,224.8,13.4,20.9
2018-02-15T20:00:00Z,1.399,23.4,1.4,Port Kembla,5.04,SIMP_201812_WP,2,February,224.8,13.4,20.9
2018-02-15T21:00:00Z,1.655,23.1,2.2,Port Kembla,7.920000000000001,SIMP_201812_WP,2,February,224.8,13.4,20.9
2018-02-15T22:00:00Z,1.79,23,4.6,Port Kembla,16.56,SIMP_201812_WP,2,February,224.8,13.4,20.9
2018-02-15T23:00:00Z,1.783,22.9,2.8,Port Kembla,10.08,SIMP_201812_WP,2,February,224.8,13.4,20.9
2018-02-16T00:00:00Z,1.63,22.9,3.4,Port Kembla,12.24,SIMP_201812_WP,2,February,224.8,13.4,20.9
2018-02-16T01:00:00Z,1.348,22.9,3.4,Port Kembla,12.24,SIMP_201812_WP,2,February,224.8,13.4,20.9
2018-02-16T02:00:00Z,1.023,22.9,3.6,Port Kembla,12.96,SIMP_201812_WP,2,February,224.8,13.4,20.9
2018-02-16T03:00:00Z,0.725,22.9,5.1,Port Kembla,18.36,SIMP_201812_WP,2,February,224.8,13.4,20.9
2018-02-16T04:00:00Z,0.504,23.1,4.2,Port Kembla,15.120000000000001,SIMP_201812_WP,2,February,224.8,13.4,20.9
2018-02-16T05:00:00Z,0.41,23.1,5,Port Kembla,18,SIMP_201812_WP,2,February,224.8,13.4,20.9
2018-02-16T06:00:00Z,0.47,23.2,5.8,Port Kembla,20.88,SIMP_201812_WP,2,February,224.8,13.4,20.9
2018-02-16T07:00:00Z,0.659,23.1,4.6,Port Kembla,16.56,SIMP_201812_WP,2,February,224.8,13.4,20.9
2018-02-16T08:00:00Z,0.922,23,5,Port Kembla,18,SIMP_201812_WP,2,February,224.8,13.4,20.9
2018-02-16T09:00:00Z,1.171,23,5.8,Port Kembla,20.88,SIMP_201812_WP,2,February,224.8,13.4,20.9
2018-02-16T10:00:00Z,1.346,23,5.2,Port Kembla,18.720000000000002,SIMP_201812_WP,2,February,224.8,13.4,20.9
2018-02-16T11:00:00Z,1.417,22.9,4.6,Port Kembla,16.56,SIMP_201812_WP,2,February,224.8,13.4,20.9
2018-02-16T12:00:00Z,1.339,22.9,4.4,Port Kembla,15.840000000000002,SIMP_201812_WP,2,February,224.8,13.4,20.9
2018-02-16T13:00:00Z,1.146,22.9,3.3,Port Kembla,11.879999999999999,SIMP_201812_WP,2,February,224.8,13.4,20.9
2018-02-16T14:00:00Z,0.893,22.9,3.4,Port Kembla,12.24,SIMP_201812_WP,2,February,224.8,13.4,20.9
2018-02-16T15:00:00Z,0.674,22.9,3.2,Port Kembla,11.520000000000001,SIMP_201812_WP,2,February,224.8,13.4,20.9
2018-02-16T16:00:00Z,0.527,22.8,3.3,Port Kembla,11.879999999999999,SIMP_201812_WP,2,February,224.8,13.4,20.9
2018-02-16T17:00:00Z,0.501,22.8,2.4,Port Kembla,8.64,SIMP_201812_WP,2,February,224.8,13.4,20.9
2018-02-16T18:00:00Z,0.602,22.8,1.4,Port Kembla,5.04,SIMP_201812_WP,2,February,224.8,13.4,20.9
2018-02-16T19:00:00Z,0.83,22.9,0.1,Port Kembla,0.36000000000000004,SIMP_201812_WP,2,February,224.8,13.4,20.9
2018-02-16T20:00:00Z,1.133,23,1.7,Port Kembla,6.12,SIMP_201812_WP,2,February,224.8,13.4,20.9
2018-02-16T21:00:00Z,1.425,23,1.3,Port Kembla,4.680000000000001,SIMP_201812_WP,2,February,224.8,13.4,20.9
2018-02-16T22:00:00Z,1.639,23,0.7,Port Kembla,2.52,SIMP_201812_WP,2,February,224.8,13.4,20.9
2018-02-16T23:00:00Z,1.733,23,4.9,Port Kembla,17.64,SIMP_201812_WP,2,February,224.8,13.4,20.9
2018-02-17T00:00:00Z,1.661,23.1,6.7,Port Kembla,24.12,SIMP_201812_WP,2,February,224.8,13.4,20.9
2018-02-17T01:00:00Z,1.443,23.3,7,Port Kembla,25.2,SIMP_201812_WP,2,February,224.8,13.4,20.9
2018-02-17T02:00:00Z,1.135,23.4,7.9,Port Kembla,28.44,SIMP_201812_WP,2,February,224.8,13.4,20.9
2018-02-17T03:00:00Z,0.807,23.6,7.9,Port Kembla,28.44,SIMP_201812_WP,2,February,224.8,13.4,20.9
2018-02-17T04:00:00Z,0.534,23.7,8.2,Port Kembla,29.52,SIMP_201812_WP,2,February,224.8,13.4,20.9
2018-02-17T05:00:00Z,0.374,23.8,8.8,Port Kembla,31.680000000000003,SIMP_201812_WP,2,February,224.8,13.4,20.9
2018-02-17T06:00:00Z,0.354,23.8,8.7,Port Kembla,31.319999999999997,SIMP_201812_WP,2,February,224.8,13.4,20.9
2018-02-17T07:00:00Z,0.49,23.9,8.5,Port Kembla,30.6,SIMP_201812_WP,2,February,224.8,13.4,20.9
2018-02-17T08:00:00Z,0.738,23.9,8.4,Port Kembla,30.240000000000002,SIMP_201812_WP,2,February,224.8,13.4,20.9
2018-02-17T09:00:00Z,1.012,23.9,6.7,Port Kembla,24.12,SIMP_201812_WP,2,February,224.8,13.4,20.9
2018-02-17T10:00:00Z,1.255,23.9,5,Port Kembla,18,SIMP_201812_WP,2,February,224.8,13.4,20.9
2018-02-17T11:00:00Z,1.397,23.8,2.9,Port Kembla,10.44,SIMP_201812_WP,2,February,224.8,13.4,20.9
2018-02-17T12:00:00Z,1.415,23.7,1.8,Port Kembla,6.48,SIMP_201812_WP,2,February,224.8,13.4,20.9
2018-02-17T13:00:00Z,1.295,23.5,2.1,Port Kembla,7.5600000000000005,SIMP_201812_WP,2,February,224.8,13.4,20.9
2018-02-17T14:00:00Z,1.079,23.4,2.2,Port Kembla,7.920000000000001,SIMP_201812_WP,2,February,224.8,13.4,20.9
2018-02-17T15:00:00Z,0.83,23.4,2,Port Kembla,7.2,SIMP_201812_WP,2,February,224.8,13.4,20.9
2018-02-17T16:00:00Z,0.626,23.5,2.3,Port Kembla,8.28,SIMP_201812_WP,2,February,224.8,13.4,20.9
2018-02-17T17:00:00Z,0.528,23.5,2.2,Port Kembla,7.920000000000001,SIMP_201812_WP,2,February,224.8,13.4,20.9
2018-02-17T18:00:00Z,0.55,23.4,2.1,Port Kembla,7.5600000000000005,SIMP_201812_WP,2,February,224.8,13.4,20.9
2018-02-17T19:00:00Z,0.708,23.4,2.3,Port Kembla,8.28,SIMP_201812_WP,2,February,224.8,13.4,20.9
2018-02-17T20:00:00Z,0.968,23.4,2.7,Port Kembla,9.72,SIMP_201812_WP,2,February,224.8,13.4,20.9
2018-02-17T21:00:00Z,1.275,23.3,1.7,Port Kembla,6.12,SIMP_201812_WP,2,February,224.8,13.4,20.9
2018-02-17T22:00:00Z,1.544,23.4,1.2,Port Kembla,4.32,SIMP_201812_WP,2,February,224.8,13.4,20.9
2018-02-17T23:00:00Z,1.709,23.3,2.5,Port Kembla,9,SIMP_201812_WP,2,February,224.8,13.4,20.9
2018-02-18T00:00:00Z,1.737,23.4,4.8,Port Kembla,17.28,SIMP_201812_WP,2,February,224.8,13.4,20.9
2018-02-18T01:00:00Z,1.601,23.4,6.2,Port Kembla,22.32,SIMP_201812_WP,2,February,224.8,13.4,20.9
2018-02-18T02:00:00Z,1.337,23.6,5.9,Port Kembla,21.240000000000002,SIMP_201812_WP,2,February,224.8,13.4,20.9
2018-02-18T03:00:00Z,1.019,23.9,6.7,Port Kembla,24.12,SIMP_201812_WP,2,February,224.8,13.4,20.9
2018-02-18T04:00:00Z,0.705,24.1,6,Port Kembla,21.6,SIMP_201812_WP,2,February,224.8,13.4,20.9
2018-02-18T05:00:00Z,0.486,24.2,5,Port Kembla,18,SIMP_201812_WP,2,February,224.8,13.4,20.9
2018-02-18T06:00:00Z,0.393,24.3,6.4,Port Kembla,23.040000000000003,SIMP_201812_WP,2,February,224.8,13.4,20.9
2018-02-18T07:00:00Z,0.444,24.3,4.2,Port Kembla,15.120000000000001,SIMP_201812_WP,2,February,224.8,13.4,20.9
2018-02-18T08:00:00Z,0.635,24.2,3.7,Port Kembla,13.32,SIMP_201812_WP,2,February,224.8,13.4,20.9
2018-02-18T09:00:00Z,0.903,23.8,2.9,Port Kembla,10.44,SIMP_201812_WP,2,February,224.8,13.4,20.9
2018-02-18T10:00:00Z,1.174,23.9,2.6,Port Kembla,9.360000000000001,SIMP_201812_WP,2,February,224.8,13.4,20.9
2018-02-18T11:00:00Z,1.383,24,1.6,Port Kembla,5.760000000000001,SIMP_201812_WP,2,February,224.8,13.4,20.9
2018-02-18T12:00:00Z,1.483,23.8,0.2,Port Kembla,0.7200000000000001,SIMP_201812_WP,2,February,224.8,13.4,20.9
2018-02-18T13:00:00Z,1.452,23.4,0.3,Port Kembla,1.08,SIMP_201812_WP,2,February,224.8,13.4,20.9
2018-02-18T14:00:00Z,1.285,23.6,1.3,Port Kembla,4.680000000000001,SIMP_201812_WP,2,February,224.8,13.4,20.9
2018-02-18T15:00:00Z,1.037,23.5,1,Port Kembla,3.6,SIMP_201812_WP,2,February,224.8,13.4,20.9
2018-02-18T16:00:00Z,0.794,23.6,2.1,Port Kembla,7.5600000000000005,SIMP_201812_WP,2,February,224.8,13.4,20.9
2018-02-18T17:00:00Z,0.617,23.5,2.4,Port Kembla,8.64,SIMP_201812_WP,2,February,224.8,13.4,20.9
2018-02-18T18:00:00Z,0.55,23.6,1.8,Port Kembla,6.48,SIMP_201812_WP,2,February,224.8,13.4,20.9
2018-02-18T19:00:00Z,0.613,23.5,1.3,Port Kembla,4.680000000000001,SIMP_201812_WP,2,February,224.8,13.4,20.9
2018-02-18T20:00:00Z,0.8,23.4,1,Port Kembla,3.6,SIMP_201812_WP,2,February,224.8,13.4,20.9
2018-02-18T21:00:00Z,1.069,23.1,2.1,Port Kembla,7.5600000000000005,SIMP_201812_WP,2,February,224.8,13.4,20.9
2018-02-18T22:00:00Z,1.352,22.7,2.1,Port Kembla,7.5600000000000005,SIMP_201812_WP,2,February,224.8,13.4,20.9
2018-02-18T23:00:00Z,1.581,23.2,2.8,Port Kembla,10.08,SIMP_201812_WP,2,February,224.8,13.4,20.9
2018-02-19T00:00:00Z,1.693,23.3,4.4,Port Kembla,15.840000000000002,SIMP_201812_WP,2,February,224.8,13.4,20.9
2018-02-19T01:00:00Z,1.662,23.3,3.4,Port Kembla,12.24,SIMP_201812_WP,2,February,224.8,13.4,20.9
2018-02-19T02:00:00Z,1.49,23.2,2.4,Port Kembla,8.64,SIMP_201812_WP,2,February,224.8,13.4,20.9
2018-02-19T03:00:00Z,1.196,23.4,3.9,Port Kembla,14.04,SIMP_201812_WP,2,February,224.8,13.4,20.9
2018-02-19T04:00:00Z,0.867,23.2,3.7,Port Kembla,13.32,SIMP_201812_WP,2,February,224.8,13.4,20.9
2018-02-19T05:00:00Z,0.604,22.9,4.3,Port Kembla,15.48,SIMP_201812_WP,2,February,224.8,13.4,20.9
2018-02-19T06:00:00Z,0.435,23,4.6,Port Kembla,16.56,SIMP_201812_WP,2,February,224.8,13.4,20.9
2018-02-19T07:00:00Z,0.393,22.9,3.2,Port Kembla,11.520000000000001,SIMP_201812_WP,2,February,224.8,13.4,20.9
2018-02-19T08:00:00Z,0.488,22.6,5.2,Port Kembla,18.720000000000002,SIMP_201812_WP,2,February,224.8,13.4,20.9
2018-02-19T09:00:00Z,0.712,22.8,3.3,Port Kembla,11.879999999999999,SIMP_201812_WP,2,February,224.8,13.4,20.9
2018-02-19T10:00:00Z,0.987,22.8,2.2,Port Kembla,7.920000000000001,SIMP_201812_WP,2,February,224.8,13.4,20.9
2018-02-19T11:00:00Z,1.239,22.6,4.3,Port Kembla,15.48,SIMP_201812_WP,2,February,224.8,13.4,20.9
2018-02-19T12:00:00Z,1.431,22.7,3.3,Port Kembla,11.879999999999999,SIMP_201812_WP,2,February,224.8,13.4,20.9
2018-02-19T13:00:00Z,1.5,22.7,11.1,Port Kembla,39.96,SIMP_201812_WP,2,February,224.8,13.4,20.9
2018-02-19T14:00:00Z,1.425,22.5,9.7,Port Kembla,34.92,SIMP_201812_WP,2,February,224.8,13.4,20.9
2018-02-19T15:00:00Z,1.228,22.4,5.8,Port Kembla,20.88,SIMP_201812_WP,2,February,224.8,13.4,20.9
2018-02-19T16:00:00Z,0.989,22.3,5.3,Port Kembla,19.08,SIMP_201812_WP,2,February,224.8,13.4,20.9
2018-02-19T17:00:00Z,0.767,22.3,5.4,Port Kembla,19.44,SIMP_201812_WP,2,February,224.8,13.4,20.9
2018-02-19T18:00:00Z,0.612,22.3,5.6,Port Kembla,20.16,SIMP_201812_WP,2,February,224.8,13.4,20.9
2018-02-19T19:00:00Z,0.568,22.2,5.4,Port Kembla,19.44,SIMP_201812_WP,2,February,224.8,13.4,20.9
2018-02-19T20:00:00Z,0.656,22.2,5.4,Port Kembla,19.44,SIMP_201812_WP,2,February,224.8,13.4,20.9
2018-02-19T21:00:00Z,0.843,22.1,4.6,Port Kembla,16.56,SIMP_201812_WP,2,February,224.8,13.4,20.9
2018-02-19T22:00:00Z,1.108,22.1,4.5,Port Kembla,16.2,SIMP_201812_WP,2,February,224.8,13.4,20.9
2018-02-19T23:00:00Z,1.348,22.1,5.6,Port Kembla,20.16,SIMP_201812_WP,2,February,224.8,13.4,20.9
2018-02-20T00:00:00Z,1.525,22.1,4.8,Port Kembla,17.28,SIMP_201812_WP,2,February,224.8,13.4,20.9
2018-02-20T01:00:00Z,1.591,22.1,4.5,Port Kembla,16.2,SIMP_201812_WP,2,February,224.8,13.4,20.9
2018-02-20T02:00:00Z,1.528,22.1,4.6,Port Kembla,16.56,SIMP_201812_WP,2,February,224.8,13.4,20.9
2018-02-20T03:00:00Z,1.327,22.1,4.6,Port Kembla,16.56,SIMP_201812_WP,2,February,224.8,13.4,20.9
2018-02-20T04:00:00Z,1.034,22.1,3.9,Port Kembla,14.04,SIMP_201812_WP,2,February,224.8,13.4,20.9
2018-02-20T05:00:00Z,0.76,22.1,2.6,Port Kembla,9.360000000000001,SIMP_201812_WP,2,February,224.8,13.4,20.9
2018-02-20T06:00:00Z,0.542,22.1,4.7,Port Kembla,16.92,SIMP_201812_WP,2,February,224.8,13.4,20.9
2018-02-20T07:00:00Z,0.424,22.1,2.9,Port Kembla,10.44,SIMP_201812_WP,2,February,224.8,13.4,20.9
2018-02-20T08:00:00Z,0.433,22.1,6.6,Port Kembla,23.759999999999998,SIMP_201812_WP,2,February,224.8,13.4,20.9
2018-02-20T09:00:00Z,0.578,22.1,3.6,Port Kembla,12.96,SIMP_201812_WP,2,February,224.8,13.4,20.9
2018-02-20T10:00:00Z,0.808,22.1,5.3,Port Kembla,19.08,SIMP_201812_WP,2,February,224.8,13.4,20.9
2018-02-20T11:00:00Z,1.063,22.1,3.3,Port Kembla,11.879999999999999,SIMP_201812_WP,2,February,224.8,13.4,20.9
2018-02-20T12:00:00Z,1.28,22.1,2.5,Port Kembla,9,SIMP_201812_WP,2,February,224.8,13.4,20.9
2018-02-20T13:00:00Z,1.413,22.1,6.1,Port Kembla,21.96,SIMP_201812_WP,2,February,224.8,13.4,20.9
2018-02-20T14:00:00Z,1.436,22.1,4,Port Kembla,14.4,SIMP_201812_WP,2,February,224.8,13.4,20.9
2018-02-20T15:00:00Z,1.33,22,4,Port Kembla,14.4,SIMP_201812_WP,2,February,224.8,13.4,20.9
2018-02-20T16:00:00Z,1.122,22,3,Port Kembla,10.8,SIMP_201812_WP,2,February,224.8,13.4,20.9
2018-02-20T17:00:00Z,0.888,22,3.2,Port Kembla,11.520000000000001,SIMP_201812_WP,2,February,224.8,13.4,20.9
2018-02-20T18:00:00Z,0.689,22.1,2.5,Port Kembla,9,SIMP_201812_WP,2,February,224.8,13.4,20.9
2018-02-20T19:00:00Z,0.561,22.2,1.3,Port Kembla,4.680000000000001,SIMP_201812_WP,2,February,224.8,13.4,20.9
2018-02-20T20:00:00Z,0.529,22.3,2.7,Port Kembla,9.72,SIMP_201812_WP,2,February,224.8,13.4,20.9
2018-02-20T21:00:00Z,0.609,22.3,3.2,Port Kembla,11.520000000000001,SIMP_201812_WP,2,February,224.8,13.4,20.9
2018-02-20T22:00:00Z,0.798,22.3,2.6,Port Kembla,9.360000000000001,SIMP_201812_WP,2,February,224.8,13.4,20.9
2018-02-20T23:00:00Z,1.028,22.3,1.9,Port Kembla,6.84,SIMP_201812_WP,2,February,224.8,13.4,20.9
2018-02-21T00:00:00Z,1.225,22.3,0.8,Port Kembla,2.8800000000000003,SIMP_201812_WP,2,February,224.8,13.4,20.9
2018-02-21T01:00:00Z,1.36,22.3,2.1,Port Kembla,7.5600000000000005,SIMP_201812_WP,2,February,224.8,13.4,20.9
2018-02-21T02:00:00Z,1.395,22.3,2.5,Port Kembla,9,SIMP_201812_WP,2,February,224.8,13.4,20.9
2018-02-21T03:00:00Z,1.296,22.4,2.5,Port Kembla,9,SIMP_201812_WP,2,February,224.8,13.4,20.9
2018-02-21T04:00:00Z,1.085,22.3,2.9,Port Kembla,10.44,SIMP_201812_WP,2,February,224.8,13.4,20.9
2018-02-21T05:00:00Z,0.842,22.3,3.8,Port Kembla,13.68,SIMP_201812_WP,2,February,224.8,13.4,20.9
2018-02-21T06:00:00Z,0.621,22.5,3.5,Port Kembla,12.6,SIMP_201812_WP,2,February,224.8,13.4,20.9
2018-02-21T07:00:00Z,0.456,22.6,4.1,Port Kembla,14.76,SIMP_201812_WP,2,February,224.8,13.4,20.9
2018-02-21T08:00:00Z,0.395,22.6,3.8,Port Kembla,13.68,SIMP_201812_WP,2,February,224.8,13.4,20.9
2018-02-21T09:00:00Z,0.457,22.6,4,Port Kembla,14.4,SIMP_201812_WP,2,February,224.8,13.4,20.9
2018-02-21T10:00:00Z,0.625,22.6,5.2,Port Kembla,18.720000000000002,SIMP_201812_WP,2,February,224.8,13.4,20.9
2018-02-21T11:00:00Z,0.85,22.6,1.7,Port Kembla,6.12,SIMP_201812_WP,2,February,224.8,13.4,20.9
2018-02-21T12:00:00Z,1.089,22.6,2.8,Port Kembla,10.08,SIMP_201812_WP,2,February,224.8,13.4,20.9
2018-02-21T13:00:00Z,1.289,22.6,2.5,Port Kembla,9,SIMP_201812_WP,2,February,224.8,13.4,20.9
2018-02-21T14:00:00Z,1.407,22.5,1.7,Port Kembla,6.12,SIMP_201812_WP,2,February,224.8,13.4,20.9
2018-02-21T15:00:00Z,1.406,22.6,1.7,Port Kembla,6.12,SIMP_201812_WP,2,February,224.8,13.4,20.9
2018-02-21T16:00:00Z,1.28,22.5,1.9,Port Kembla,6.84,SIMP_201812_WP,2,February,224.8,13.4,20.9
2018-02-21T17:00:00Z,1.069,22.5,1.7,Port Kembla,6.12,SIMP_201812_WP,2,February,224.8,13.4,20.9
2018-02-21T18:00:00Z,0.847,22.5,1.3,Port Kembla,4.680000000000001,SIMP_201812_WP,2,February,224.8,13.4,20.9
2018-02-21T19:00:00Z,0.656,22.5,0.3,Port Kembla,1.08,SIMP_201812_WP,2,February,224.8,13.4,20.9
2018-02-21T20:00:00Z,0.532,22.6,1.1,Port Kembla,3.9600000000000004,SIMP_201812_WP,2,February,224.8,13.4,20.9
2018-02-21T21:00:00Z,0.511,22.6,1.2,Port Kembla,4.32,SIMP_201812_WP,2,February,224.8,13.4,20.9
2018-02-21T22:00:00Z,0.607,22.6,0.2,Port Kembla,0.7200000000000001,SIMP_201812_WP,2,February,224.8,13.4,20.9
2018-02-21T23:00:00Z,0.773,22.6,0.6,Port Kembla,2.16,SIMP_201812_WP,2,February,224.8,13.4,20.9
2018-02-22T00:00:00Z,0.968,22.6,1.1,Port Kembla,3.9600000000000004,SIMP_201812_WP,2,February,224.8,13.4,20.9
2018-02-22T01:00:00Z,1.15,22.6,1.6,Port Kembla,5.760000000000001,SIMP_201812_WP,2,February,224.8,13.4,20.9
2018-02-22T02:00:00Z,1.275,22.6,2.3,Port Kembla,8.28,SIMP_201812_WP,2,February,224.8,13.4,20.9
2018-02-22T03:00:00Z,1.301,22.6,2.7,Port Kembla,9.72,SIMP_201812_WP,2,February,224.8,13.4,20.9
2018-02-22T04:00:00Z,1.206,22.6,4,Port Kembla,14.4,SIMP_201812_WP,2,February,224.8,13.4,20.9
2018-02-22T05:00:00Z,1.033,22.9,5.7,Port Kembla,20.52,SIMP_201812_WP,2,February,224.8,13.4,20.9
2018-02-22T06:00:00Z,0.82,23,6.3,Port Kembla,22.68,SIMP_201812_WP,2,February,224.8,13.4,20.9
2018-02-22T07:00:00Z,0.629,23.1,6.8,Port Kembla,24.48,SIMP_201812_WP,2,February,224.8,13.4,20.9
2018-02-22T08:00:00Z,0.489,23,6.8,Port Kembla,24.48,SIMP_201812_WP,2,February,224.8,13.4,20.9
2018-02-22T09:00:00Z,0.436,22.9,4.9,Port Kembla,17.64,SIMP_201812_WP,2,February,224.8,13.4,20.9
2018-02-22T10:00:00Z,0.501,22.9,4.4,Port Kembla,15.840000000000002,SIMP_201812_WP,2,February,224.8,13.4,20.9
2018-02-22T11:00:00Z,0.665,22.8,3.2,Port Kembla,11.520000000000001,SIMP_201812_WP,2,February,224.8,13.4,20.9
2018-02-22T12:00:00Z,0.886,22.8,2,Port Kembla,7.2,SIMP_201812_WP,2,February,224.8,13.4,20.9
2018-02-22T13:00:00Z,1.122,22.8,2,Port Kembla,7.2,SIMP_201812_WP,2,February,224.8,13.4,20.9
2018-02-22T14:00:00Z,1.31,22.7,2,Port Kembla,7.2,SIMP_201812_WP,2,February,224.8,13.4,20.9
2018-02-22T15:00:00Z,1.414,22.7,2.2,Port Kembla,7.920000000000001,SIMP_201812_WP,2,February,224.8,13.4,20.9
2018-02-22T16:00:00Z,1.391,22.7,2.1,Port Kembla,7.5600000000000005,SIMP_201812_WP,2,February,224.8,13.4,20.9
2018-02-22T17:00:00Z,1.259,22.7,2.3,Port Kembla,8.28,SIMP_201812_WP,2,February,224.8,13.4,20.9
2018-02-22T18:00:00Z,1.057,22.7,2.5,Port Kembla,9,SIMP_201812_WP,2,February,224.8,13.4,20.9
2018-02-22T19:00:00Z,0.836,22.6,2.4,Port Kembla,8.64,SIMP_201812_WP,2,February,224.8,13.4,20.9
2018-02-22T20:00:00Z,0.641,22.6,2.7,Port Kembla,9.72,SIMP_201812_WP,2,February,224.8,13.4,20.9
2018-02-22T21:00:00Z,0.515,22.5,1.5,Port Kembla,5.4,SIMP_201812_WP,2,February,224.8,13.4,20.9
2018-02-22T22:00:00Z,0.494,22.6,5.1,Port Kembla,18.36,SIMP_201812_WP,2,February,224.8,13.4,20.9
2018-02-22T23:00:00Z,0.567,22.6,4.8,Port Kembla,17.28,SIMP_201812_WP,2,February,224.8,13.4,20.9
2018-02-23T00:00:00Z,0.705,22.8,5.8,Port Kembla,20.88,SIMP_201812_WP,2,February,224.8,13.4,20.9
2018-02-23T01:00:00Z,0.883,23,6.5,Port Kembla,23.400000000000002,SIMP_201812_WP,2,February,224.8,13.4,20.9
2018-02-23T02:00:00Z,1.051,23,7.6,Port Kembla,27.36,SIMP_201812_WP,2,February,224.8,13.4,20.9
2018-02-23T03:00:00Z,1.163,23.1,7.9,Port Kembla,28.44,SIMP_201812_WP,2,February,224.8,13.4,20.9
2018-02-23T04:00:00Z,1.183,23.1,8.2,Port Kembla,29.52,SIMP_201812_WP,2,February,224.8,13.4,20.9
2018-02-23T05:00:00Z,1.108,23.2,8.2,Port Kembla,29.52,SIMP_201812_WP,2,February,224.8,13.4,20.9
2018-02-23T06:00:00Z,0.967,23.4,7.8,Port Kembla,28.08,SIMP_201812_WP,2,February,224.8,13.4,20.9
2018-02-23T07:00:00Z,0.791,23.4,7.9,Port Kembla,28.44,SIMP_201812_WP,2,February,224.8,13.4,20.9
2018-02-23T08:00:00Z,0.627,23.4,7.6,Port Kembla,27.36,SIMP_201812_WP,2,February,224.8,13.4,20.9
2018-02-23T09:00:00Z,0.51,23.3,7.5,Port Kembla,27,SIMP_201812_WP,2,February,224.8,13.4,20.9
2018-02-23T10:00:00Z,0.469,23.3,5.8,Port Kembla,20.88,SIMP_201812_WP,2,February,224.8,13.4,20.9
2018-02-23T11:00:00Z,0.544,23.3,4.3,Port Kembla,15.48,SIMP_201812_WP,2,February,224.8,13.4,20.9
2018-02-23T12:00:00Z,0.7,23.3,4.3,Port Kembla,15.48,SIMP_201812_WP,2,February,224.8,13.4,20.9
2018-02-23T13:00:00Z,0.919,23.2,2.9,Port Kembla,10.44,SIMP_201812_WP,2,February,224.8,13.4,20.9
2018-02-23T14:00:00Z,1.148,23.2,3.4,Port Kembla,12.24,SIMP_201812_WP,2,February,224.8,13.4,20.9
2018-02-23T15:00:00Z,1.334,23.2,3.9,Port Kembla,14.04,SIMP_201812_WP,2,February,224.8,13.4,20.9
2018-02-23T16:00:00Z,1.438,23.2,4.6,Port Kembla,16.56,SIMP_201812_WP,2,February,224.8,13.4,20.9
2018-02-23T17:00:00Z,1.43,23.2,4.9,Port Kembla,17.64,SIMP_201812_WP,2,February,224.8,13.4,20.9
2018-02-23T18:00:00Z,1.319,23.2,3.2,Port Kembla,11.520000000000001,SIMP_201812_WP,2,February,224.8,13.4,20.9
2018-02-23T19:00:00Z,1.13,23.2,5.1,Port Kembla,18.36,SIMP_201812_WP,2,February,224.8,13.4,20.9
2018-02-23T20:00:00Z,0.909,23.1,5.2,Port Kembla,18.720000000000002,SIMP_201812_WP,2,February,224.8,13.4,20.9
2018-02-23T21:00:00Z,0.698,23.1,5.6,Port Kembla,20.16,SIMP_201812_WP,2,February,224.8,13.4,20.9
2018-02-23T22:00:00Z,0.554,23.1,4.9,Port Kembla,17.64,SIMP_201812_WP,2,February,224.8,13.4,20.9
2018-02-23T23:00:00Z,0.5,23.1,6.1,Port Kembla,21.96,SIMP_201812_WP,2,February,224.8,13.4,20.9
2018-02-24T00:00:00Z,0.542,23.2,5.9,Port Kembla,21.240000000000002,SIMP_201812_WP,2,February,224.8,13.4,20.9
2018-02-24T01:00:00Z,0.669,23.3,5.8,Port Kembla,20.88,SIMP_201812_WP,2,February,224.8,13.4,20.9
2018-02-24T02:00:00Z,0.838,23.3,7.1,Port Kembla,25.56,SIMP_201812_WP,2,February,224.8,13.4,20.9
2018-02-24T03:00:00Z,1.007,23.5,8.5,Port Kembla,30.6,SIMP_201812_WP,2,February,224.8,13.4,20.9
2018-02-24T04:00:00Z,1.137,23.6,8.4,Port Kembla,30.240000000000002,SIMP_201812_WP,2,February,224.8,13.4,20.9
2018-02-24T05:00:00Z,1.192,23.6,9.3,Port Kembla,33.480000000000004,SIMP_201812_WP,2,February,224.8,13.4,20.9
2018-02-24T06:00:00Z,1.149,23.7,6.5,Port Kembla,23.400000000000002,SIMP_201812_WP,2,February,224.8,13.4,20.9
2018-02-24T07:00:00Z,1.046,23.7,7.5,Port Kembla,27,SIMP_201812_WP,2,February,224.8,13.4,20.9
2018-02-24T08:00:00Z,0.886,23.6,7.7,Port Kembla,27.720000000000002,SIMP_201812_WP,2,February,224.8,13.4,20.9
2018-02-24T09:00:00Z,0.729,23.8,7.8,Port Kembla,28.08,SIMP_201812_WP,2,February,224.8,13.4,20.9
2018-02-24T10:00:00Z,0.606,23.8,2,Port Kembla,7.2,SIMP_201812_WP,2,February,224.8,13.4,20.9
2018-02-24T11:00:00Z,0.567,23.7,2.3,Port Kembla,8.28,SIMP_201812_WP,2,February,224.8,13.4,20.9
2018-02-24T12:00:00Z,0.625,23.6,0.2,Port Kembla,0.7200000000000001,SIMP_201812_WP,2,February,224.8,13.4,20.9
2018-02-24T13:00:00Z,0.785,23.5,0,Port Kembla,0,SIMP_201812_WP,2,February,224.8,13.4,20.9
2018-02-24T14:00:00Z,0.993,23.4,1.8,Port Kembla,6.48,SIMP_201812_WP,2,February,224.8,13.4,20.9
2018-02-24T15:00:00Z,1.227,23.4,0.7,Port Kembla,2.52,SIMP_201812_WP,2,February,224.8,13.4,20.9
2018-02-24T16:00:00Z,1.445,23,2.1,Port Kembla,7.5600000000000005,SIMP_201812_WP,2,February,224.8,13.4,20.9
2018-02-24T17:00:00Z,1.566,23,3.4,Port Kembla,12.24,SIMP_201812_WP,2,February,224.8,13.4,20.9
2018-02-24T18:00:00Z,1.579,22.9,3.6,Port Kembla,12.96,SIMP_201812_WP,2,February,224.8,13.4,20.9
2018-02-24T19:00:00Z,1.482,22.4,4.7,Port Kembla,16.92,SIMP_201812_WP,2,February,224.8,13.4,20.9
2018-02-24T20:00:00Z,1.29,22.4,3.2,Port Kembla,11.520000000000001,SIMP_201812_WP,2,February,224.8,13.4,20.9
2018-02-24T21:00:00Z,1.028,22.6,6.1,Port Kembla,21.96,SIMP_201812_WP,2,February,224.8,13.4,20.9
2018-02-24T22:00:00Z,0.792,22.6,4.6,Port Kembla,16.56,SIMP_201812_WP,2,February,224.8,13.4,20.9
2018-02-24T23:00:00Z,0.601,22.4,5.5,Port Kembla,19.8,SIMP_201812_WP,2,February,224.8,13.4,20.9
2018-02-25T00:00:00Z,0.509,22.4,5.5,Port Kembla,19.8,SIMP_201812_WP,2,February,224.8,13.4,20.9
2018-02-25T01:00:00Z,0.517,22.3,5.1,Port Kembla,18.36,SIMP_201812_WP,2,February,224.8,13.4,20.9
2018-02-25T02:00:00Z,0.632,22.3,4,Port Kembla,14.4,SIMP_201812_WP,2,February,224.8,13.4,20.9
2018-02-25T03:00:00Z,0.8,22.3,4.7,Port Kembla,16.92,SIMP_201812_WP,2,February,224.8,13.4,20.9
2018-02-25T04:00:00Z,0.982,21.8,4.8,Port Kembla,17.28,SIMP_201812_WP,2,February,224.8,13.4,20.9
2018-02-25T05:00:00Z,1.147,21.7,5.3,Port Kembla,19.08,SIMP_201812_WP,2,February,224.8,13.4,20.9
2018-02-25T06:00:00Z,1.239,21.9,4.8,Port Kembla,17.28,SIMP_201812_WP,2,February,224.8,13.4,20.9
2018-02-25T07:00:00Z,1.229,21.7,4.3,Port Kembla,15.48,SIMP_201812_WP,2,February,224.8,13.4,20.9
2018-02-25T08:00:00Z,1.127,21.8,4.5,Port Kembla,16.2,SIMP_201812_WP,2,February,224.8,13.4,20.9
2018-02-25T09:00:00Z,0.974,21.8,3.8,Port Kembla,13.68,SIMP_201812_WP,2,February,224.8,13.4,20.9
2018-02-25T10:00:00Z,0.801,21.8,1.2,Port Kembla,4.32,SIMP_201812_WP,2,February,224.8,13.4,20.9
2018-02-25T11:00:00Z,0.655,21.8,8.5,Port Kembla,30.6,SIMP_201812_WP,2,February,224.8,13.4,20.9
2018-02-25T12:00:00Z,0.586,21.8,7.4,Port Kembla,26.64,SIMP_201812_WP,2,February,224.8,13.4,20.9
2018-02-25T13:00:00Z,0.633,21.7,7.6,Port Kembla,27.36,SIMP_201812_WP,2,February,224.8,13.4,20.9
2018-02-25T14:00:00Z,0.778,21.5,5.9,Port Kembla,21.240000000000002,SIMP_201812_WP,2,February,224.8,13.4,20.9
2018-02-25T15:00:00Z,1.015,21.5,4,Port Kembla,14.4,SIMP_201812_WP,2,February,224.8,13.4,20.9
2018-02-25T16:00:00Z,1.285,21.5,8.1,Port Kembla,29.16,SIMP_201812_WP,2,February,224.8,13.4,20.9
2018-02-25T17:00:00Z,1.52,21.5,7.7,Port Kembla,27.720000000000002,SIMP_201812_WP,2,February,224.8,13.4,20.9
2018-02-25T18:00:00Z,1.674,21.5,8.3,Port Kembla,29.880000000000003,SIMP_201812_WP,2,February,224.8,13.4,20.9
2018-02-25T19:00:00Z,1.708,21.4,5.4,Port Kembla,19.44,SIMP_201812_WP,2,February,224.8,13.4,20.9
2018-02-25T20:00:00Z,1.606,21.3,5.3,Port Kembla,19.08,SIMP_201812_WP,2,February,224.8,13.4,20.9
2018-02-25T21:00:00Z,1.378,21.3,4,Port Kembla,14.4,SIMP_201812_WP,2,February,224.8,13.4,20.9
2018-02-25T22:00:00Z,1.092,21.3,4.5,Port Kembla,16.2,SIMP_201812_WP,2,February,224.8,13.4,20.9
2018-02-25T23:00:00Z,0.796,21.3,4.3,Port Kembla,15.48,SIMP_201812_WP,2,February,224.8,13.4,20.9
2018-02-26T00:00:00Z,0.556,21.2,6.8,Port Kembla,24.48,SIMP_201812_WP,2,February,224.8,13.4,20.9
2018-02-26T01:00:00Z,0.418,21.3,3.9,Port Kembla,14.04,SIMP_201812_WP,2,February,224.8,13.4,20.9
2018-02-26T02:00:00Z,0.411,21.3,3.7,Port Kembla,13.32,SIMP_201812_WP,2,February,224.8,13.4,20.9
2018-02-26T03:00:00Z,0.509,21.5,5.2,Port Kembla,18.720000000000002,SIMP_201812_WP,2,February,224.8,13.4,20.9
2018-02-26T04:00:00Z,0.694,21.5,6.8,Port Kembla,24.48,SIMP_201812_WP,2,February,224.8,13.4,20.9
2018-02-26T05:00:00Z,0.935,21.5,3.6,Port Kembla,12.96,SIMP_201812_WP,2,February,224.8,13.4,20.9
2018-02-26T06:00:00Z,1.146,21.5,3.6,Port Kembla,12.96,SIMP_201812_WP,2,February,224.8,13.4,20.9
2018-02-26T07:00:00Z,1.264,21.5,2.5,Port Kembla,9,SIMP_201812_WP,2,February,224.8,13.4,20.9
2018-02-26T08:00:00Z,1.27,21.4,3,Port Kembla,10.8,SIMP_201812_WP,2,February,224.8,13.4,20.9
2018-02-26T09:00:00Z,1.164,21.4,3.1,Port Kembla,11.16,SIMP_201812_WP,2,February,224.8,13.4,20.9
2018-02-26T10:00:00Z,0.976,21.4,3.1,Port Kembla,11.16,SIMP_201812_WP,2,February,224.8,13.4,20.9
2018-02-26T11:00:00Z,0.768,21.6,3.2,Port Kembla,11.520000000000001,SIMP_201812_WP,2,February,224.8,13.4,20.9
2018-02-26T12:00:00Z,0.585,21.4,3.4,Port Kembla,12.24,SIMP_201812_WP,2,February,224.8,13.4,20.9
2018-02-26T13:00:00Z,0.5,21.4,3.9,Port Kembla,14.04,SIMP_201812_WP,2,February,224.8,13.4,20.9
2018-02-26T14:00:00Z,0.53,21.4,3.3,Port Kembla,11.879999999999999,SIMP_201812_WP,2,February,224.8,13.4,20.9
2018-02-26T15:00:00Z,0.7,21.4,3.2,Port Kembla,11.520000000000001,SIMP_201812_WP,2,February,224.8,13.4,20.9
2018-02-26T16:00:00Z,0.96,21.3,3.4,Port Kembla,12.24,SIMP_201812_WP,2,February,224.8,13.4,20.9
2018-02-26T17:00:00Z,1.259,21.3,3.7,Port Kembla,13.32,SIMP_201812_WP,2,February,224.8,13.4,20.9
2018-02-26T18:00:00Z,1.529,21.3,3.4,Port Kembla,12.24,SIMP_201812_WP,2,February,224.8,13.4,20.9
2018-02-26T19:00:00Z,1.713,21.4,2.2,Port Kembla,7.920000000000001,SIMP_201812_WP,2,February,224.8,13.4,20.9
2018-02-26T20:00:00Z,1.743,21.4,1.5,Port Kembla,5.4,SIMP_201812_WP,2,February,224.8,13.4,20.9
2018-02-26T21:00:00Z,1.613,21.3,2.5,Port Kembla,9,SIMP_201812_WP,2,February,224.8,13.4,20.9
2018-02-26T22:00:00Z,1.358,21.2,3.1,Port Kembla,11.16,SIMP_201812_WP,2,February,224.8,13.4,20.9
2018-02-26T23:00:00Z,1.019,21.2,2.2,Port Kembla,7.920000000000001,SIMP_201812_WP,2,February,224.8,13.4,20.9
2018-02-27T00:00:00Z,0.665,21.4,3.2,Port Kembla,11.520000000000001,SIMP_201812_WP,2,February,224.8,13.4,20.9
2018-02-27T01:00:00Z,0.37,21.4,3.4,Port Kembla,12.24,SIMP_201812_WP,2,February,224.8,13.4,20.9
2018-02-27T02:00:00Z,0.212,21.5,3.4,Port Kembla,12.24,SIMP_201812_WP,2,February,224.8,13.4,20.9
2018-02-27T03:00:00Z,0.202,21.5,3.9,Port Kembla,14.04,SIMP_201812_WP,2,February,224.8,13.4,20.9
2018-02-27T04:00:00Z,0.348,21.6,3.4,Port Kembla,12.24,SIMP_201812_WP,2,February,224.8,13.4,20.9
2018-02-27T05:00:00Z,0.599,21.6,3.4,Port Kembla,12.24,SIMP_201812_WP,2,February,224.8,13.4,20.9
2018-02-27T06:00:00Z,0.878,21.6,3.1,Port Kembla,11.16,SIMP_201812_WP,2,February,224.8,13.4,20.9
2018-02-27T07:00:00Z,1.125,21.7,2.4,Port Kembla,8.64,SIMP_201812_WP,2,February,224.8,13.4,20.9
2018-02-27T08:00:00Z,1.277,21.7,2,Port Kembla,7.2,SIMP_201812_WP,2,February,224.8,13.4,20.9
2018-02-27T09:00:00Z,1.293,21.9,2.1,Port Kembla,7.5600000000000005,SIMP_201812_WP,2,February,224.8,13.4,20.9
2018-02-27T10:00:00Z,1.161,21.9,2.6,Port Kembla,9.360000000000001,SIMP_201812_WP,2,February,224.8,13.4,20.9
2018-02-27T11:00:00Z,0.935,21.9,1.9,Port Kembla,6.84,SIMP_201812_WP,2,February,224.8,13.4,20.9
2018-02-27T12:00:00Z,0.68,21.9,1.9,Port Kembla,6.84,SIMP_201812_WP,2,February,224.8,13.4,20.9
2018-02-27T13:00:00Z,0.475,21.8,1.6,Port Kembla,5.760000000000001,SIMP_201812_WP,2,February,224.8,13.4,20.9
2018-02-27T14:00:00Z,0.374,21.8,1.7,Port Kembla,6.12,SIMP_201812_WP,2,February,224.8,13.4,20.9
2018-02-27T15:00:00Z,0.429,21.7,1.6,Port Kembla,5.760000000000001,SIMP_201812_WP,2,February,224.8,13.4,20.9
2018-02-27T16:00:00Z,0.628,21.6,3.3,Port Kembla,11.879999999999999,SIMP_201812_WP,2,February,224.8,13.4,20.9
2018-02-27T17:00:00Z,0.937,21.5,4.6,Port Kembla,16.56,SIMP_201812_WP,2,February,224.8,13.4,20.9
2018-02-27T18:00:00Z,1.285,21.5,4,Port Kembla,14.4,SIMP_201812_WP,2,February,224.8,13.4,20.9
2018-02-27T19:00:00Z,1.603,21.5,3.1,Port Kembla,11.16,SIMP_201812_WP,2,February,224.8,13.4,20.9
2018-02-27T20:00:00Z,1.796,21.5,3.9,Port Kembla,14.04,SIMP_201812_WP,2,February,224.8,13.4,20.9
2018-02-27T21:00:00Z,1.824,21.6,3.8,Port Kembla,13.68,SIMP_201812_WP,2,February,224.8,13.4,20.9
2018-02-27T22:00:00Z,1.686,21.4,3.4,Port Kembla,12.24,SIMP_201812_WP,2,February,224.8,13.4,20.9
2018-02-27T23:00:00Z,1.389,21.5,4.4,Port Kembla,15.840000000000002,SIMP_201812_WP,2,February,224.8,13.4,20.9
2018-02-28T00:00:00Z,0.995,21.6,4.2,Port Kembla,15.120000000000001,SIMP_201812_WP,2,February,224.8,13.4,20.9
2018-02-28T01:00:00Z,0.613,21.7,6.5,Port Kembla,23.400000000000002,SIMP_201812_WP,2,February,224.8,13.4,20.9
2018-02-28T02:00:00Z,0.333,21.9,6.6,Port Kembla,23.759999999999998,SIMP_201812_WP,2,February,224.8,13.4,20.9
2018-02-28T03:00:00Z,0.181,22.1,6.2,Port Kembla,22.32,SIMP_201812_WP,2,February,224.8,13.4,20.9
2018-02-28T04:00:00Z,0.201,21.9,4.9,Port Kembla,17.64,SIMP_201812_WP,2,February,224.8,13.4,20.9
2018-02-28T05:00:00Z,0.394,22.2,4.1,Port Kembla,14.76,SIMP_201812_WP,2,February,224.8,13.4,20.9
2018-02-28T06:00:00Z,0.696,22.2,3.3,Port Kembla,11.879999999999999,SIMP_201812_WP,2,February,224.8,13.4,20.9
2018-02-28T07:00:00Z,1.012,22.1,3.4,Port Kembla,12.24,SIMP_201812_WP,2,February,224.8,13.4,20.9
2018-02-28T08:00:00Z,1.288,21.7,1.2,Port Kembla,4.32,SIMP_201812_WP,2,February,224.8,13.4,20.9
2018-02-28T09:00:00Z,1.434,21.7,2.3,Port Kembla,8.28,SIMP_201812_WP,2,February,224.8,13.4,20.9
2018-02-28T10:00:00Z,1.414,21.7,1.5,Port Kembla,5.4,SIMP_201812_WP,2,February,224.8,13.4,20.9
2018-02-28T11:00:00Z,1.244,21.8,4,Port Kembla,14.4,SIMP_201812_WP,2,February,224.8,13.4,20.9
2018-02-28T12:00:00Z,0.971,21.9,1,Port Kembla,3.6,SIMP_201812_WP,2,February,224.8,13.4,20.9
2018-02-28T13:00:00Z,0.684,22,2.2,Port Kembla,7.920000000000001,SIMP_201812_WP,2,February,224.8,13.4,20.9
2018-02-28T14:00:00Z,0.464,22,2.8,Port Kembla,10.08,SIMP_201812_WP,2,February,224.8,13.4,20.9
2018-02-28T15:00:00Z,0.354,22,6.3,Port Kembla,22.68,SIMP_201812_WP,2,February,224.8,13.4,20.9
2018-02-28T16:00:00Z,0.406,21.9,6.8,Port Kembla,24.48,SIMP_201812_WP,2,February,224.8,13.4,20.9
2018-02-28T17:00:00Z,0.632,21.6,4.8,Port Kembla,17.28,SIMP_201812_WP,2,February,224.8,13.4,20.9
2018-02-28T18:00:00Z,0.975,21.6,3.5,Port Kembla,12.6,SIMP_201812_WP,2,February,224.8,13.4,20.9
2018-02-28T19:00:00Z,1.351,21.4,2.1,Port Kembla,7.5600000000000005,SIMP_201812_WP,2,February,224.8,13.4,20.9
2018-02-28T20:00:00Z,1.672,21.5,1.8,Port Kembla,6.48,SIMP_201812_WP,2,February,224.8,13.4,20.9
2018-02-28T21:00:00Z,1.866,21.5,2.2,Port Kembla,7.920000000000001,SIMP_201812_WP,2,February,224.8,13.4,20.9
2018-02-28T22:00:00Z,1.875,21.6,1.7,Port Kembla,6.12,SIMP_201812_WP,2,February,224.8,13.4,20.9
2018-02-28T23:00:00Z,1.696,21.6,3.1,Port Kembla,11.16,SIMP_201812_WP,2,February,224.8,13.4,20.9
2018-03-01T00:00:00Z,1.352,21.5,3,Port Kembla,10.8,SIMP_201812_WP,3,March,234.6,13.0,19.4
2018-03-01T01:00:00Z,0.932,21.5,3.2,Port Kembla,11.520000000000001,SIMP_201812_WP,3,March,234.6,13.0,19.4
2018-03-01T02:00:00Z,0.537,21.6,3.9,Port Kembla,14.04,SIMP_201812_WP,3,March,234.6,13.0,19.4
2018-03-01T03:00:00Z,0.243,21.6,3.7,Port Kembla,13.32,SIMP_201812_WP,3,March,234.6,13.0,19.4
2018-03-01T04:00:00Z,0.11,21.6,3.1,Port Kembla,11.16,SIMP_201812_WP,3,March,234.6,13.0,19.4
2018-03-01T05:00:00Z,0.167,21.5,3.7,Port Kembla,13.32,SIMP_201812_WP,3,March,234.6,13.0,19.4
2018-03-01T06:00:00Z,0.412,21.4,2.8,Port Kembla,10.08,SIMP_201812_WP,3,March,234.6,13.0,19.4
2018-03-01T07:00:00Z,0.733,21.4,3.2,Port Kembla,11.520000000000001,SIMP_201812_WP,3,March,234.6,13.0,19.4
2018-03-01T08:00:00Z,1.072,21.3,3.4,Port Kembla,12.24,SIMP_201812_WP,3,March,234.6,13.0,19.4
2018-03-01T09:00:00Z,1.341,21.3,3.2,Port Kembla,11.520000000000001,SIMP_201812_WP,3,March,234.6,13.0,19.4
2018-03-01T10:00:00Z,1.465,21.3,3.1,Port Kembla,11.16,SIMP_201812_WP,3,March,234.6,13.0,19.4
2018-03-01T11:00:00Z,1.407,21.3,3.1,Port Kembla,11.16,SIMP_201812_WP,3,March,234.6,13.0,19.4
2018-03-01T12:00:00Z,1.197,21.3,3.7,Port Kembla,13.32,SIMP_201812_WP,3,March,234.6,13.0,19.4
2018-03-01T13:00:00Z,0.894,21.3,0.4,Port Kembla,1.4400000000000002,SIMP_201812_WP,3,March,234.6,13.0,19.4
2018-03-01T14:00:00Z,0.589,21.3,4.1,Port Kembla,14.76,SIMP_201812_WP,3,March,234.6,13.0,19.4
2018-03-01T15:00:00Z,0.371,21.5,3.8,Port Kembla,13.68,SIMP_201812_WP,3,March,234.6,13.0,19.4
2018-03-01T16:00:00Z,0.29,21.6,3.2,Port Kembla,11.520000000000001,SIMP_201812_WP,3,March,234.6,13.0,19.4
2018-03-01T17:00:00Z,0.388,21.6,3.9,Port Kembla,14.04,SIMP_201812_WP,3,March,234.6,13.0,19.4
2018-03-01T18:00:00Z,0.647,21.6,3.7,Port Kembla,13.32,SIMP_201812_WP,3,March,234.6,13.0,19.4
2018-03-01T19:00:00Z,1.021,21.4,3.8,Port Kembla,13.68,SIMP_201812_WP,3,March,234.6,13.0,19.4
2018-03-01T20:00:00Z,1.415,21.4,3.9,Port Kembla,14.04,SIMP_201812_WP,3,March,234.6,13.0,19.4
2018-03-01T21:00:00Z,1.726,21.4,2.5,Port Kembla,9,SIMP_201812_WP,3,March,234.6,13.0,19.4
2018-03-01T22:00:00Z,1.897,21.4,2.3,Port Kembla,8.28,SIMP_201812_WP,3,March,234.6,13.0,19.4
2018-03-01T23:00:00Z,1.869,21.5,2.9,Port Kembla,10.44,SIMP_201812_WP,3,March,234.6,13.0,19.4
2018-03-02T00:00:00Z,1.642,21.4,2.1,Port Kembla,7.5600000000000005,SIMP_201812_WP,3,March,234.6,13.0,19.4
2018-03-02T01:00:00Z,1.278,21.4,3.1,Port Kembla,11.16,SIMP_201812_WP,3,March,234.6,13.0,19.4
2018-03-02T02:00:00Z,0.863,21.5,3.7,Port Kembla,13.32,SIMP_201812_WP,3,March,234.6,13.0,19.4
2018-03-02T03:00:00Z,0.485,21.5,4.5,Port Kembla,16.2,SIMP_201812_WP,3,March,234.6,13.0,19.4
2018-03-02T04:00:00Z,0.234,21.6,4,Port Kembla,14.4,SIMP_201812_WP,3,March,234.6,13.0,19.4
2018-03-02T05:00:00Z,0.157,21.6,4.3,Port Kembla,15.48,SIMP_201812_WP,3,March,234.6,13.0,19.4
2018-03-02T06:00:00Z,0.279,21.6,3.5,Port Kembla,12.6,SIMP_201812_WP,3,March,234.6,13.0,19.4
2018-03-02T07:00:00Z,0.56,21.6,3.5,Port Kembla,12.6,SIMP_201812_WP,3,March,234.6,13.0,19.4
2018-03-02T08:00:00Z,0.916,21.6,4.1,Port Kembla,14.76,SIMP_201812_WP,3,March,234.6,13.0,19.4
2018-03-02T09:00:00Z,1.258,21.4,3.1,Port Kembla,11.16,SIMP_201812_WP,3,March,234.6,13.0,19.4
2018-03-02T10:00:00Z,1.517,21.4,1.9,Port Kembla,6.84,SIMP_201812_WP,3,March,234.6,13.0,19.4
2018-03-02T11:00:00Z,1.602,21.5,0.8,Port Kembla,2.8800000000000003,SIMP_201812_WP,3,March,234.6,13.0,19.4
2018-03-02T12:00:00Z,1.513,21.5,0.5,Port Kembla,1.8,SIMP_201812_WP,3,March,234.6,13.0,19.4
2018-03-02T13:00:00Z,1.265,21.5,2.7,Port Kembla,9.72,SIMP_201812_WP,3,March,234.6,13.0,19.4
2018-03-02T14:00:00Z,0.944,21.5,1.8,Port Kembla,6.48,SIMP_201812_WP,3,March,234.6,13.0,19.4
2018-03-02T15:00:00Z,0.647,21.5,1.8,Port Kembla,6.48,SIMP_201812_WP,3,March,234.6,13.0,19.4
2018-03-02T16:00:00Z,0.447,21.5,1.1,Port Kembla,3.9600000000000004,SIMP_201812_WP,3,March,234.6,13.0,19.4
2018-03-02T17:00:00Z,0.386,21.5,0.9,Port Kembla,3.24,SIMP_201812_WP,3,March,234.6,13.0,19.4
2018-03-02T18:00:00Z,0.494,21.6,0.5,Port Kembla,1.8,SIMP_201812_WP,3,March,234.6,13.0,19.4
2018-03-02T19:00:00Z,0.777,21.6,1.4,Port Kembla,5.04,SIMP_201812_WP,3,March,234.6,13.0,19.4
2018-03-02T20:00:00Z,1.137,21.6,1.4,Port Kembla,5.04,SIMP_201812_WP,3,March,234.6,13.0,19.4
2018-03-02T21:00:00Z,1.489,21.6,1.6,Port Kembla,5.760000000000001,SIMP_201812_WP,3,March,234.6,13.0,19.4
2018-03-02T22:00:00Z,1.762,21.5,2.4,Port Kembla,8.64,SIMP_201812_WP,3,March,234.6,13.0,19.4
2018-03-02T23:00:00Z,1.884,21.5,2.2,Port Kembla,7.920000000000001,SIMP_201812_WP,3,March,234.6,13.0,19.4
2018-03-03T00:00:00Z,1.81,21.5,4,Port Kembla,14.4,SIMP_201812_WP,3,March,234.6,13.0,19.4
2018-03-03T01:00:00Z,1.549,21.7,4.8,Port Kembla,17.28,SIMP_201812_WP,3,March,234.6,13.0,19.4
2018-03-03T02:00:00Z,1.175,21.8,5.4,Port Kembla,19.44,SIMP_201812_WP,3,March,234.6,13.0,19.4
2018-03-03T03:00:00Z,0.768,22.3,5.4,Port Kembla,19.44,SIMP_201812_WP,3,March,234.6,13.0,19.4
2018-03-03T04:00:00Z,0.44,22.7,5.4,Port Kembla,19.44,SIMP_201812_WP,3,March,234.6,13.0,19.4
2018-03-03T05:00:00Z,0.25,22.8,5.1,Port Kembla,18.36,SIMP_201812_WP,3,March,234.6,13.0,19.4
2018-03-03T06:00:00Z,0.223,22.8,4.6,Port Kembla,16.56,SIMP_201812_WP,3,March,234.6,13.0,19.4
2018-03-03T07:00:00Z,0.385,22.9,5.7,Port Kembla,20.52,SIMP_201812_WP,3,March,234.6,13.0,19.4
2018-03-03T08:00:00Z,0.69,22.8,5.5,Port Kembla,19.8,SIMP_201812_WP,3,March,234.6,13.0,19.4
2018-03-03T09:00:00Z,1.041,22.5,5.4,Port Kembla,19.44,SIMP_201812_WP,3,March,234.6,13.0,19.4
2018-03-03T10:00:00Z,1.347,22.9,3.9,Port Kembla,14.04,SIMP_201812_WP,3,March,234.6,13.0,19.4
2018-03-03T11:00:00Z,1.532,22.1,1.4,Port Kembla,5.04,SIMP_201812_WP,3,March,234.6,13.0,19.4
2018-03-03T12:00:00Z,1.576,22.1,2,Port Kembla,7.2,SIMP_201812_WP,3,March,234.6,13.0,19.4
2018-03-03T13:00:00Z,1.454,22.1,0.4,Port Kembla,1.4400000000000002,SIMP_201812_WP,3,March,234.6,13.0,19.4
2018-03-03T14:00:00Z,1.187,22.1,2.5,Port Kembla,9,SIMP_201812_WP,3,March,234.6,13.0,19.4
2018-03-03T15:00:00Z,0.868,22.2,2.4,Port Kembla,8.64,SIMP_201812_WP,3,March,234.6,13.0,19.4
2018-03-03T16:00:00Z,0.59,22.7,1.2,Port Kembla,4.32,SIMP_201812_WP,3,March,234.6,13.0,19.4
2018-03-03T17:00:00Z,0.422,22.7,1.5,Port Kembla,5.4,SIMP_201812_WP,3,March,234.6,13.0,19.4
2018-03-03T18:00:00Z,0.398,22.6,2.5,Port Kembla,9,SIMP_201812_WP,3,March,234.6,13.0,19.4
2018-03-03T19:00:00Z,0.539,22.3,0.5,Port Kembla,1.8,SIMP_201812_WP,3,March,234.6,13.0,19.4
2018-03-03T20:00:00Z,0.802,22.1,4.5,Port Kembla,16.2,SIMP_201812_WP,3,March,234.6,13.0,19.4
2018-03-03T21:00:00Z,1.146,21.7,4.3,Port Kembla,15.48,SIMP_201812_WP,3,March,234.6,13.0,19.4
2018-03-03T22:00:00Z,1.467,21.6,5.5,Port Kembla,19.8,SIMP_201812_WP,3,March,234.6,13.0,19.4
2018-03-03T23:00:00Z,1.698,21.5,6.6,Port Kembla,23.759999999999998,SIMP_201812_WP,3,March,234.6,13.0,19.4
2018-03-04T00:00:00Z,1.773,21.6,6,Port Kembla,21.6,SIMP_201812_WP,3,March,234.6,13.0,19.4
2018-03-04T01:00:00Z,1.668,21.6,4.9,Port Kembla,17.64,SIMP_201812_WP,3,March,234.6,13.0,19.4
2018-03-04T02:00:00Z,1.403,21.6,4,Port Kembla,14.4,SIMP_201812_WP,3,March,234.6,13.0,19.4
2018-03-04T03:00:00Z,1.044,21.4,3.5,Port Kembla,12.6,SIMP_201812_WP,3,March,234.6,13.0,19.4
2018-03-04T04:00:00Z,0.699,21.6,4.6,Port Kembla,16.56,SIMP_201812_WP,3,March,234.6,13.0,19.4
2018-03-04T05:00:00Z,0.441,21.6,3.1,Port Kembla,11.16,SIMP_201812_WP,3,March,234.6,13.0,19.4
2018-03-04T06:00:00Z,0.317,21.7,3.5,Port Kembla,12.6,SIMP_201812_WP,3,March,234.6,13.0,19.4
2018-03-04T07:00:00Z,0.361,21.8,3.6,Port Kembla,12.96,SIMP_201812_WP,3,March,234.6,13.0,19.4
2018-03-04T08:00:00Z,0.568,21.7,3.7,Port Kembla,13.32,SIMP_201812_WP,3,March,234.6,13.0,19.4
2018-03-04T09:00:00Z,0.87,21.7,2.4,Port Kembla,8.64,SIMP_201812_WP,3,March,234.6,13.0,19.4
2018-03-04T10:00:00Z,1.191,21.8,2.6,Port Kembla,9.360000000000001,SIMP_201812_WP,3,March,234.6,13.0,19.4
2018-03-04T11:00:00Z,1.447,21.6,1.5,Port Kembla,5.4,SIMP_201812_WP,3,March,234.6,13.0,19.4
2018-03-04T12:00:00Z,1.598,21.5,2.9,Port Kembla,10.44,SIMP_201812_WP,3,March,234.6,13.0,19.4
2018-03-04T13:00:00Z,1.591,21.5,2.1,Port Kembla,7.5600000000000005,SIMP_201812_WP,3,March,234.6,13.0,19.4
2018-03-04T14:00:00Z,1.418,21.6,1.8,Port Kembla,6.48,SIMP_201812_WP,3,March,234.6,13.0,19.4
2018-03-04T15:00:00Z,1.144,21.6,2.8,Port Kembla,10.08,SIMP_201812_WP,3,March,234.6,13.0,19.4
2018-03-04T16:00:00Z,0.848,22,1.7,Port Kembla,6.12,SIMP_201812_WP,3,March,234.6,13.0,19.4
2018-03-04T17:00:00Z,0.607,22.1,1.7,Port Kembla,6.12,SIMP_201812_WP,3,March,234.6,13.0,19.4
2018-03-04T18:00:00Z,0.472,22.1,2.5,Port Kembla,9,SIMP_201812_WP,3,March,234.6,13.0,19.4
2018-03-04T19:00:00Z,0.486,22.1,2.3,Port Kembla,8.28,SIMP_201812_WP,3,March,234.6,13.0,19.4
2018-03-04T20:00:00Z,0.65,22,1.9,Port Kembla,6.84,SIMP_201812_WP,3,March,234.6,13.0,19.4
2018-03-04T21:00:00Z,0.925,21.9,3.2,Port Kembla,11.520000000000001,SIMP_201812_WP,3,March,234.6,13.0,19.4
2018-03-04T22:00:00Z,1.238,21.8,2.5,Port Kembla,9,SIMP_201812_WP,3,March,234.6,13.0,19.4
2018-03-04T23:00:00Z,1.509,21.9,3.2,Port Kembla,11.520000000000001,SIMP_201812_WP,3,March,234.6,13.0,19.4
2018-03-05T00:00:00Z,1.672,22,3.1,Port Kembla,11.16,SIMP_201812_WP,3,March,234.6,13.0,19.4
2018-03-05T01:00:00Z,1.691,21.9,2.7,Port Kembla,9.72,SIMP_201812_WP,3,March,234.6,13.0,19.4
2018-03-05T02:00:00Z,1.556,21.8,3.2,Port Kembla,11.520000000000001,SIMP_201812_WP,3,March,234.6,13.0,19.4
2018-03-05T03:00:00Z,1.287,21.9,3.2,Port Kembla,11.520000000000001,SIMP_201812_WP,3,March,234.6,13.0,19.4
2018-03-05T04:00:00Z,0.967,21.9,3.2,Port Kembla,11.520000000000001,SIMP_201812_WP,3,March,234.6,13.0,19.4
2018-03-05T05:00:00Z,0.683,21.9,2.4,Port Kembla,8.64,SIMP_201812_WP,3,March,234.6,13.0,19.4
2018-03-05T06:00:00Z,0.489,21.9,3,Port Kembla,10.8,SIMP_201812_WP,3,March,234.6,13.0,19.4
2018-03-05T07:00:00Z,0.425,21.9,2.8,Port Kembla,10.08,SIMP_201812_WP,3,March,234.6,13.0,19.4
2018-03-05T08:00:00Z,0.515,21.9,3.7,Port Kembla,13.32,SIMP_201812_WP,3,March,234.6,13.0,19.4
2018-03-05T09:00:00Z,0.734,21.9,3.9,Port Kembla,14.04,SIMP_201812_WP,3,March,234.6,13.0,19.4
2018-03-05T10:00:00Z,1.018,21.9,4.6,Port Kembla,16.56,SIMP_201812_WP,3,March,234.6,13.0,19.4
2018-03-05T11:00:00Z,1.283,21.9,4.5,Port Kembla,16.2,SIMP_201812_WP,3,March,234.6,13.0,19.4
2018-03-05T12:00:00Z,1.492,21.8,4.7,Port Kembla,16.92,SIMP_201812_WP,3,March,234.6,13.0,19.4
2018-03-05T13:00:00Z,1.584,21.8,5.3,Port Kembla,19.08,SIMP_201812_WP,3,March,234.6,13.0,19.4
2018-03-05T14:00:00Z,1.519,21.8,4.9,Port Kembla,17.64,SIMP_201812_WP,3,March,234.6,13.0,19.4
2018-03-05T15:00:00Z,1.325,21.7,4.7,Port Kembla,16.92,SIMP_201812_WP,3,March,234.6,13.0,19.4
2018-03-05T16:00:00Z,1.058,21.7,4.6,Port Kembla,16.56,SIMP_201812_WP,3,March,234.6,13.0,19.4
2018-03-05T17:00:00Z,0.796,21.7,3.2,Port Kembla,11.520000000000001,SIMP_201812_WP,3,March,234.6,13.0,19.4
2018-03-05T18:00:00Z,0.591,21.7,2.7,Port Kembla,9.72,SIMP_201812_WP,3,March,234.6,13.0,19.4
2018-03-05T19:00:00Z,0.496,21.7,4.6,Port Kembla,16.56,SIMP_201812_WP,3,March,234.6,13.0,19.4
2018-03-05T20:00:00Z,0.52,21.6,4.3,Port Kembla,15.48,SIMP_201812_WP,3,March,234.6,13.0,19.4
2018-03-05T21:00:00Z,0.676,21.6,4.3,Port Kembla,15.48,SIMP_201812_WP,3,March,234.6,13.0,19.4
2018-03-05T22:00:00Z,0.914,21.6,5.8,Port Kembla,20.88,SIMP_201812_WP,3,March,234.6,13.0,19.4
2018-03-05T23:00:00Z,1.166,21.6,5.4,Port Kembla,19.44,SIMP_201812_WP,3,March,234.6,13.0,19.4
2018-03-06T00:00:00Z,1.363,21.6,4.6,Port Kembla,16.56,SIMP_201812_WP,3,March,234.6,13.0,19.4
2018-03-06T01:00:00Z,1.472,21.6,4.1,Port Kembla,14.76,SIMP_201812_WP,3,March,234.6,13.0,19.4
2018-03-06T02:00:00Z,1.446,21.6,5.3,Port Kembla,19.08,SIMP_201812_WP,3,March,234.6,13.0,19.4
2018-03-06T03:00:00Z,1.284,21.6,4.3,Port Kembla,15.48,SIMP_201812_WP,3,March,234.6,13.0,19.4
2018-03-06T04:00:00Z,1.038,21.7,4.5,Port Kembla,16.2,SIMP_201812_WP,3,March,234.6,13.0,19.4
2018-03-06T05:00:00Z,0.779,21.7,5.2,Port Kembla,18.720000000000002,SIMP_201812_WP,3,March,234.6,13.0,19.4
2018-03-06T06:00:00Z,0.574,21.7,3.8,Port Kembla,13.68,SIMP_201812_WP,3,March,234.6,13.0,19.4
2018-03-06T07:00:00Z,0.453,21.7,4.1,Port Kembla,14.76,SIMP_201812_WP,3,March,234.6,13.0,19.4
2018-03-06T08:00:00Z,0.454,21.7,3.4,Port Kembla,12.24,SIMP_201812_WP,3,March,234.6,13.0,19.4
2018-03-06T09:00:00Z,0.579,21.7,2.8,Port Kembla,10.08,SIMP_201812_WP,3,March,234.6,13.0,19.4
2018-03-06T10:00:00Z,0.805,21.7,6.8,Port Kembla,24.48,SIMP_201812_WP,3,March,234.6,13.0,19.4
2018-03-06T11:00:00Z,1.057,21.7,5.6,Port Kembla,20.16,SIMP_201812_WP,3,March,234.6,13.0,19.4
2018-03-06T12:00:00Z,1.281,21.7,7,Port Kembla,25.2,SIMP_201812_WP,3,March,234.6,13.0,19.4
2018-03-06T13:00:00Z,1.425,21.7,6.5,Port Kembla,23.400000000000002,SIMP_201812_WP,3,March,234.6,13.0,19.4
2018-03-06T14:00:00Z,1.459,21.7,2.3,Port Kembla,8.28,SIMP_201812_WP,3,March,234.6,13.0,19.4
2018-03-06T15:00:00Z,1.369,21.7,8.4,Port Kembla,30.240000000000002,SIMP_201812_WP,3,March,234.6,13.0,19.4
2018-03-06T16:00:00Z,1.174,21.6,6.6,Port Kembla,23.759999999999998,SIMP_201812_WP,3,March,234.6,13.0,19.4
2018-03-06T17:00:00Z,0.941,21.6,3.4,Port Kembla,12.24,SIMP_201812_WP,3,March,234.6,13.0,19.4
2018-03-06T18:00:00Z,0.72,21.7,3.1,Port Kembla,11.16,SIMP_201812_WP,3,March,234.6,13.0,19.4
2018-03-06T19:00:00Z,0.564,21.7,5.6,Port Kembla,20.16,SIMP_201812_WP,3,March,234.6,13.0,19.4
2018-03-06T20:00:00Z,0.492,21.6,4.7,Port Kembla,16.92,SIMP_201812_WP,3,March,234.6,13.0,19.4
2018-03-06T21:00:00Z,0.529,21.6,5.6,Port Kembla,20.16,SIMP_201812_WP,3,March,234.6,13.0,19.4
2018-03-06T22:00:00Z,0.681,21.6,4.8,Port Kembla,17.28,SIMP_201812_WP,3,March,234.6,13.0,19.4
2018-03-06T23:00:00Z,0.879,21.6,3.5,Port Kembla,12.6,SIMP_201812_WP,3,March,234.6,13.0,19.4
2018-03-07T00:00:00Z,1.07,21.6,4.4,Port Kembla,15.840000000000002,SIMP_201812_WP,3,March,234.6,13.0,19.4
2018-03-07T01:00:00Z,1.205,21.8,4.2,Port Kembla,15.120000000000001,SIMP_201812_WP,3,March,234.6,13.0,19.4
2018-03-07T02:00:00Z,1.266,21.8,3.1,Port Kembla,11.16,SIMP_201812_WP,3,March,234.6,13.0,19.4
2018-03-07T03:00:00Z,1.215,21.8,3.5,Port Kembla,12.6,SIMP_201812_WP,3,March,234.6,13.0,19.4
2018-03-07T04:00:00Z,1.059,21.9,3.4,Port Kembla,12.24,SIMP_201812_WP,3,March,234.6,13.0,19.4
2018-03-07T05:00:00Z,0.861,21.9,3.4,Port Kembla,12.24,SIMP_201812_WP,3,March,234.6,13.0,19.4
2018-03-07T06:00:00Z,0.665,22,2.2,Port Kembla,7.920000000000001,SIMP_201812_WP,3,March,234.6,13.0,19.4
2018-03-07T07:00:00Z,0.517,22.1,4.7,Port Kembla,16.92,SIMP_201812_WP,3,March,234.6,13.0,19.4
2018-03-07T08:00:00Z,0.452,22.1,2.4,Port Kembla,8.64,SIMP_201812_WP,3,March,234.6,13.0,19.4
2018-03-07T09:00:00Z,0.504,22.1,2.2,Port Kembla,7.920000000000001,SIMP_201812_WP,3,March,234.6,13.0,19.4
2018-03-07T10:00:00Z,0.647,22.1,3.8,Port Kembla,13.68,SIMP_201812_WP,3,March,234.6,13.0,19.4
2018-03-07T11:00:00Z,0.861,22,3.4,Port Kembla,12.24,SIMP_201812_WP,3,March,234.6,13.0,19.4
2018-03-07T12:00:00Z,1.082,22,2.3,Port Kembla,8.28,SIMP_201812_WP,3,March,234.6,13.0,19.4
2018-03-07T13:00:00Z,1.268,22,2.1,Port Kembla,7.5600000000000005,SIMP_201812_WP,3,March,234.6,13.0,19.4
2018-03-07T14:00:00Z,1.376,21.9,2.4,Port Kembla,8.64,SIMP_201812_WP,3,March,234.6,13.0,19.4
2018-03-07T15:00:00Z,1.379,21.9,2.6,Port Kembla,9.360000000000001,SIMP_201812_WP,3,March,234.6,13.0,19.4
2018-03-07T16:00:00Z,1.277,21.9,2.4,Port Kembla,8.64,SIMP_201812_WP,3,March,234.6,13.0,19.4
2018-03-07T17:00:00Z,1.103,21.9,1.5,Port Kembla,5.4,SIMP_201812_WP,3,March,234.6,13.0,19.4
2018-03-07T18:00:00Z,0.9,21.9,2.1,Port Kembla,7.5600000000000005,SIMP_201812_WP,3,March,234.6,13.0,19.4
2018-03-07T19:00:00Z,0.726,21.9,2.2,Port Kembla,7.920000000000001,SIMP_201812_WP,3,March,234.6,13.0,19.4
2018-03-07T20:00:00Z,0.598,21.9,2.2,Port Kembla,7.920000000000001,SIMP_201812_WP,3,March,234.6,13.0,19.4
2018-03-07T21:00:00Z,0.547,21.9,2.7,Port Kembla,9.72,SIMP_201812_WP,3,March,234.6,13.0,19.4
2018-03-07T22:00:00Z,0.599,21.9,3,Port Kembla,10.8,SIMP_201812_WP,3,March,234.6,13.0,19.4
2018-03-07T23:00:00Z,0.726,21.9,2.4,Port Kembla,8.64,SIMP_201812_WP,3,March,234.6,13.0,19.4
2018-03-08T00:00:00Z,0.882,21.9,2.6,Port Kembla,9.360000000000001,SIMP_201812_WP,3,March,234.6,13.0,19.4
2018-03-08T01:00:00Z,1.023,21.9,3.3,Port Kembla,11.879999999999999,SIMP_201812_WP,3,March,234.6,13.0,19.4
2018-03-08T02:00:00Z,1.127,21.9,4,Port Kembla,14.4,SIMP_201812_WP,3,March,234.6,13.0,19.4
2018-03-08T03:00:00Z,1.154,21.9,4.2,Port Kembla,15.120000000000001,SIMP_201812_WP,3,March,234.6,13.0,19.4
2018-03-08T04:00:00Z,1.092,21.9,3.6,Port Kembla,12.96,SIMP_201812_WP,3,March,234.6,13.0,19.4
2018-03-08T05:00:00Z,0.965,22,4.1,Port Kembla,14.76,SIMP_201812_WP,3,March,234.6,13.0,19.4
2018-03-08T06:00:00Z,0.807,22.1,4.1,Port Kembla,14.76,SIMP_201812_WP,3,March,234.6,13.0,19.4
2018-03-08T07:00:00Z,0.658,22.2,4.5,Port Kembla,16.2,SIMP_201812_WP,3,March,234.6,13.0,19.4
2018-03-08T08:00:00Z,0.574,22.1,3.6,Port Kembla,12.96,SIMP_201812_WP,3,March,234.6,13.0,19.4
2018-03-08T09:00:00Z,0.559,22.3,2,Port Kembla,7.2,SIMP_201812_WP,3,March,234.6,13.0,19.4
2018-03-08T10:00:00Z,0.632,22.2,1.5,Port Kembla,5.4,SIMP_201812_WP,3,March,234.6,13.0,19.4
2018-03-08T11:00:00Z,0.773,22.1,2.6,Port Kembla,9.360000000000001,SIMP_201812_WP,3,March,234.6,13.0,19.4
2018-03-08T12:00:00Z,0.955,22.1,2.5,Port Kembla,9,SIMP_201812_WP,3,March,234.6,13.0,19.4
2018-03-08T13:00:00Z,1.133,22.1,4.1,Port Kembla,14.76,SIMP_201812_WP,3,March,234.6,13.0,19.4
2018-03-08T14:00:00Z,1.271,22.1,3.8,Port Kembla,13.68,SIMP_201812_WP,3,March,234.6,13.0,19.4
2018-03-08T15:00:00Z,1.348,22,3.2,Port Kembla,11.520000000000001,SIMP_201812_WP,3,March,234.6,13.0,19.4
2018-03-08T16:00:00Z,1.331,22,2.9,Port Kembla,10.44,SIMP_201812_WP,3,March,234.6,13.0,19.4
2018-03-08T17:00:00Z,1.228,22,2.6,Port Kembla,9.360000000000001,SIMP_201812_WP,3,March,234.6,13.0,19.4
2018-03-08T18:00:00Z,1.064,22.1,2.5,Port Kembla,9,SIMP_201812_WP,3,March,234.6,13.0,19.4
2018-03-08T19:00:00Z,0.89,21.9,2.1,Port Kembla,7.5600000000000005,SIMP_201812_WP,3,March,234.6,13.0,19.4
2018-03-08T20:00:00Z,0.73,22.1,2.7,Port Kembla,9.72,SIMP_201812_WP,3,March,234.6,13.0,19.4
2018-03-08T21:00:00Z,0.606,22.1,2.8,Port Kembla,10.08,SIMP_201812_WP,3,March,234.6,13.0,19.4
2018-03-08T22:00:00Z,0.57,22.1,3.2,Port Kembla,11.520000000000001,SIMP_201812_WP,3,March,234.6,13.0,19.4
2018-03-08T23:00:00Z,0.603,22.1,3.4,Port Kembla,12.24,SIMP_201812_WP,3,March,234.6,13.0,19.4
2018-03-09T00:00:00Z,0.696,22,3.4,Port Kembla,12.24,SIMP_201812_WP,3,March,234.6,13.0,19.4
2018-03-09T01:00:00Z,0.819,22,2.5,Port Kembla,9,SIMP_201812_WP,3,March,234.6,13.0,19.4
2018-03-09T02:00:00Z,0.944,22.1,2.4,Port Kembla,8.64,SIMP_201812_WP,3,March,234.6,13.0,19.4
2018-03-09T03:00:00Z,1.024,22.1,3.4,Port Kembla,12.24,SIMP_201812_WP,3,March,234.6,13.0,19.4
2018-03-09T04:00:00Z,1.039,22.2,1.8,Port Kembla,6.48,SIMP_201812_WP,3,March,234.6,13.0,19.4
2018-03-09T05:00:00Z,0.983,22.3,2,Port Kembla,7.2,SIMP_201812_WP,3,March,234.6,13.0,19.4
2018-03-09T06:00:00Z,0.884,22.5,1.6,Port Kembla,5.760000000000001,SIMP_201812_WP,3,March,234.6,13.0,19.4
2018-03-09T07:00:00Z,0.764,22.4,0.6,Port Kembla,2.16,SIMP_201812_WP,3,March,234.6,13.0,19.4
2018-03-09T08:00:00Z,0.667,22.5,0.2,Port Kembla,0.7200000000000001,SIMP_201812_WP,3,March,234.6,13.0,19.4
2018-03-09T09:00:00Z,0.605,22.6,0.2,Port Kembla,0.7200000000000001,SIMP_201812_WP,3,March,234.6,13.0,19.4
2018-03-09T10:00:00Z,0.603,22.5,0.2,Port Kembla,0.7200000000000001,SIMP_201812_WP,3,March,234.6,13.0,19.4
2018-03-09T11:00:00Z,0.669,22.5,1.7,Port Kembla,6.12,SIMP_201812_WP,3,March,234.6,13.0,19.4
2018-03-09T12:00:00Z,0.796,22.4,1.8,Port Kembla,6.48,SIMP_201812_WP,3,March,234.6,13.0,19.4
2018-03-09T13:00:00Z,0.959,22.4,1.8,Port Kembla,6.48,SIMP_201812_WP,3,March,234.6,13.0,19.4
2018-03-09T14:00:00Z,1.113,22.4,1.7,Port Kembla,6.12,SIMP_201812_WP,3,March,234.6,13.0,19.4
2018-03-09T15:00:00Z,1.236,22.4,2.5,Port Kembla,9,SIMP_201812_WP,3,March,234.6,13.0,19.4
2018-03-09T16:00:00Z,1.296,22.3,2.3,Port Kembla,8.28,SIMP_201812_WP,3,March,234.6,13.0,19.4
2018-03-09T17:00:00Z,1.273,22.3,1.9,Port Kembla,6.84,SIMP_201812_WP,3,March,234.6,13.0,19.4
2018-03-09T18:00:00Z,1.179,22.3,2.3,Port Kembla,8.28,SIMP_201812_WP,3,March,234.6,13.0,19.4
2018-03-09T19:00:00Z,1.036,22.3,2.8,Port Kembla,10.08,SIMP_201812_WP,3,March,234.6,13.0,19.4
2018-03-09T20:00:00Z,0.874,22.2,1.6,Port Kembla,5.760000000000001,SIMP_201812_WP,3,March,234.6,13.0,19.4
2018-03-09T21:00:00Z,0.718,22.2,2.3,Port Kembla,8.28,SIMP_201812_WP,3,March,234.6,13.0,19.4
2018-03-09T22:00:00Z,0.606,22.2,2.6,Port Kembla,9.360000000000001,SIMP_201812_WP,3,March,234.6,13.0,19.4
2018-03-09T23:00:00Z,0.562,22.3,1.6,Port Kembla,5.760000000000001,SIMP_201812_WP,3,March,234.6,13.0,19.4
2018-03-10T00:00:00Z,0.579,22.3,2.3,Port Kembla,8.28,SIMP_201812_WP,3,March,234.6,13.0,19.4
2018-03-10T01:00:00Z,0.65,22.4,2.6,Port Kembla,9.360000000000001,SIMP_201812_WP,3,March,234.6,13.0,19.4
2018-03-10T02:00:00Z,0.754,22.3,2.7,Port Kembla,9.72,SIMP_201812_WP,3,March,234.6,13.0,19.4
2018-03-10T03:00:00Z,0.86,22.4,2.3,Port Kembla,8.28,SIMP_201812_WP,3,March,234.6,13.0,19.4
2018-03-10T04:00:00Z,0.935,22.4,3.5,Port Kembla,12.6,SIMP_201812_WP,3,March,234.6,13.0,19.4
2018-03-10T05:00:00Z,0.959,22.4,3.7,Port Kembla,13.32,SIMP_201812_WP,3,March,234.6,13.0,19.4
2018-03-10T06:00:00Z,0.931,22.7,3.1,Port Kembla,11.16,SIMP_201812_WP,3,March,234.6,13.0,19.4
2018-03-10T07:00:00Z,0.853,22.8,3.5,Port Kembla,12.6,SIMP_201812_WP,3,March,234.6,13.0,19.4
2018-03-10T08:00:00Z,0.764,22.6,2.7,Port Kembla,9.72,SIMP_201812_WP,3,March,234.6,13.0,19.4
2018-03-10T09:00:00Z,0.677,22.6,2.1,Port Kembla,7.5600000000000005,SIMP_201812_WP,3,March,234.6,13.0,19.4
2018-03-10T10:00:00Z,0.624,22.5,2.5,Port Kembla,9,SIMP_201812_WP,3,March,234.6,13.0,19.4
2018-03-10T11:00:00Z,0.614,22.5,2.3,Port Kembla,8.28,SIMP_201812_WP,3,March,234.6,13.0,19.4
2018-03-10T12:00:00Z,0.665,22.5,1.9,Port Kembla,6.84,SIMP_201812_WP,3,March,234.6,13.0,19.4
2018-03-10T13:00:00Z,0.78,22.5,2.2,Port Kembla,7.920000000000001,SIMP_201812_WP,3,March,234.6,13.0,19.4
2018-03-10T14:00:00Z,0.931,22.5,2.2,Port Kembla,7.920000000000001,SIMP_201812_WP,3,March,234.6,13.0,19.4
2018-03-10T15:00:00Z,1.086,22.5,2.3,Port Kembla,8.28,SIMP_201812_WP,3,March,234.6,13.0,19.4
2018-03-10T16:00:00Z,1.216,22.5,2.7,Port Kembla,9.72,SIMP_201812_WP,3,March,234.6,13.0,19.4
2018-03-10T17:00:00Z,1.293,22.5,2.7,Port Kembla,9.72,SIMP_201812_WP,3,March,234.6,13.0,19.4
2018-03-10T18:00:00Z,1.285,22.4,2.1,Port Kembla,7.5600000000000005,SIMP_201812_WP,3,March,234.6,13.0,19.4
2018-03-10T19:00:00Z,1.211,22.3,3.2,Port Kembla,11.520000000000001,SIMP_201812_WP,3,March,234.6,13.0,19.4
2018-03-10T20:00:00Z,1.078,22.3,2.3,Port Kembla,8.28,SIMP_201812_WP,3,March,234.6,13.0,19.4
2018-03-10T21:00:00Z,0.908,22.3,3.7,Port Kembla,13.32,SIMP_201812_WP,3,March,234.6,13.0,19.4
2018-03-10T22:00:00Z,0.752,22.3,5.6,Port Kembla,20.16,SIMP_201812_WP,3,March,234.6,13.0,19.4
2018-03-10T23:00:00Z,0.625,22.3,4.4,Port Kembla,15.840000000000002,SIMP_201812_WP,3,March,234.6,13.0,19.4
2018-03-11T00:00:00Z,0.562,22.4,2.2,Port Kembla,7.920000000000001,SIMP_201812_WP,3,March,234.6,13.0,19.4
2018-03-11T01:00:00Z,0.57,22.6,5.1,Port Kembla,18.36,SIMP_201812_WP,3,March,234.6,13.0,19.4
2018-03-11T02:00:00Z,0.651,22.7,5.9,Port Kembla,21.240000000000002,SIMP_201812_WP,3,March,234.6,13.0,19.4
2018-03-11T03:00:00Z,0.763,23,6,Port Kembla,21.6,SIMP_201812_WP,3,March,234.6,13.0,19.4
2018-03-11T04:00:00Z,0.881,23,5.1,Port Kembla,18.36,SIMP_201812_WP,3,March,234.6,13.0,19.4
2018-03-11T05:00:00Z,0.978,23.1,5.3,Port Kembla,19.08,SIMP_201812_WP,3,March,234.6,13.0,19.4
2018-03-11T06:00:00Z,1.023,23.2,4.6,Port Kembla,16.56,SIMP_201812_WP,3,March,234.6,13.0,19.4
2018-03-11T07:00:00Z,1.01,23.2,4.6,Port Kembla,16.56,SIMP_201812_WP,3,March,234.6,13.0,19.4
2018-03-11T08:00:00Z,0.943,23.2,4.3,Port Kembla,15.48,SIMP_201812_WP,3,March,234.6,13.0,19.4
2018-03-11T09:00:00Z,0.847,23.2,4.2,Port Kembla,15.120000000000001,SIMP_201812_WP,3,March,234.6,13.0,19.4
2018-03-11T10:00:00Z,0.747,23.2,5.5,Port Kembla,19.8,SIMP_201812_WP,3,March,234.6,13.0,19.4
2018-03-11T11:00:00Z,0.669,23.1,2.3,Port Kembla,8.28,SIMP_201812_WP,3,March,234.6,13.0,19.4
2018-03-11T12:00:00Z,0.642,23.2,1.3,Port Kembla,4.680000000000001,SIMP_201812_WP,3,March,234.6,13.0,19.4
2018-03-11T13:00:00Z,0.693,23.1,1.8,Port Kembla,6.48,SIMP_201812_WP,3,March,234.6,13.0,19.4
2018-03-11T14:00:00Z,0.808,23.1,0.3,Port Kembla,1.08,SIMP_201812_WP,3,March,234.6,13.0,19.4
2018-03-11T15:00:00Z,0.958,22.9,3.5,Port Kembla,12.6,SIMP_201812_WP,3,March,234.6,13.0,19.4
2018-03-11T16:00:00Z,1.126,22.6,2.4,Port Kembla,8.64,SIMP_201812_WP,3,March,234.6,13.0,19.4
2018-03-11T17:00:00Z,1.264,22.7,2,Port Kembla,7.2,SIMP_201812_WP,3,March,234.6,13.0,19.4
2018-03-11T18:00:00Z,1.34,22.5,1.8,Port Kembla,6.48,SIMP_201812_WP,3,March,234.6,13.0,19.4
2018-03-11T19:00:00Z,1.339,22.4,2,Port Kembla,7.2,SIMP_201812_WP,3,March,234.6,13.0,19.4
2018-03-11T20:00:00Z,1.261,22.4,1.9,Port Kembla,6.84,SIMP_201812_WP,3,March,234.6,13.0,19.4
2018-03-11T21:00:00Z,1.11,22.5,2.1,Port Kembla,7.5600000000000005,SIMP_201812_WP,3,March,234.6,13.0,19.4
2018-03-11T22:00:00Z,0.925,22.5,3,Port Kembla,10.8,SIMP_201812_WP,3,March,234.6,13.0,19.4
2018-03-11T23:00:00Z,0.744,22.6,2.9,Port Kembla,10.44,SIMP_201812_WP,3,March,234.6,13.0,19.4
2018-03-12T00:00:00Z,0.594,22.7,3.1,Port Kembla,11.16,SIMP_201812_WP,3,March,234.6,13.0,19.4
2018-03-12T01:00:00Z,0.517,22.7,4.2,Port Kembla,15.120000000000001,SIMP_201812_WP,3,March,234.6,13.0,19.4
2018-03-12T02:00:00Z,0.534,22.6,3.5,Port Kembla,12.6,SIMP_201812_WP,3,March,234.6,13.0,19.4
2018-03-12T03:00:00Z,0.632,22.5,3.7,Port Kembla,13.32,SIMP_201812_WP,3,March,234.6,13.0,19.4
2018-03-12T04:00:00Z,0.776,22.4,3.5,Port Kembla,12.6,SIMP_201812_WP,3,March,234.6,13.0,19.4
2018-03-12T05:00:00Z,0.931,22.3,4.7,Port Kembla,16.92,SIMP_201812_WP,3,March,234.6,13.0,19.4
2018-03-12T06:00:00Z,1.056,22.3,5.1,Port Kembla,18.36,SIMP_201812_WP,3,March,234.6,13.0,19.4
2018-03-12T07:00:00Z,1.119,22.4,5.7,Port Kembla,20.52,SIMP_201812_WP,3,March,234.6,13.0,19.4
2018-03-12T08:00:00Z,1.105,22.4,5.5,Port Kembla,19.8,SIMP_201812_WP,3,March,234.6,13.0,19.4
2018-03-12T09:00:00Z,1.021,22.3,3.2,Port Kembla,11.520000000000001,SIMP_201812_WP,3,March,234.6,13.0,19.4
2018-03-12T10:00:00Z,0.9,22.3,2.6,Port Kembla,9.360000000000001,SIMP_201812_WP,3,March,234.6,13.0,19.4
2018-03-12T11:00:00Z,0.764,22.3,3.8,Port Kembla,13.68,SIMP_201812_WP,3,March,234.6,13.0,19.4
2018-03-12T12:00:00Z,0.669,22.4,3.1,Port Kembla,11.16,SIMP_201812_WP,3,March,234.6,13.0,19.4
2018-03-12T13:00:00Z,0.652,22.5,4.8,Port Kembla,17.28,SIMP_201812_WP,3,March,234.6,13.0,19.4
2018-03-12T14:00:00Z,0.707,22.5,3.8,Port Kembla,13.68,SIMP_201812_WP,3,March,234.6,13.0,19.4
2018-03-12T15:00:00Z,0.847,22.5,3.4,Port Kembla,12.24,SIMP_201812_WP,3,March,234.6,13.0,19.4
2018-03-12T16:00:00Z,1.031,22.5,4.8,Port Kembla,17.28,SIMP_201812_WP,3,March,234.6,13.0,19.4
2018-03-12T17:00:00Z,1.227,22.4,2.3,Port Kembla,8.28,SIMP_201812_WP,3,March,234.6,13.0,19.4
2018-03-12T18:00:00Z,1.387,22.4,2.3,Port Kembla,8.28,SIMP_201812_WP,3,March,234.6,13.0,19.4
2018-03-12T19:00:00Z,1.471,22.4,2.5,Port Kembla,9,SIMP_201812_WP,3,March,234.6,13.0,19.4
2018-03-12T20:00:00Z,1.453,22.2,2.6,Port Kembla,9.360000000000001,SIMP_201812_WP,3,March,234.6,13.0,19.4
2018-03-12T21:00:00Z,1.337,22.4,2.6,Port Kembla,9.360000000000001,SIMP_201812_WP,3,March,234.6,13.0,19.4
2018-03-12T22:00:00Z,1.152,22.3,2.6,Port Kembla,9.360000000000001,SIMP_201812_WP,3,March,234.6,13.0,19.4
2018-03-12T23:00:00Z,0.931,22.4,2.9,Port Kembla,10.44,SIMP_201812_WP,3,March,234.6,13.0,19.4
2018-03-13T00:00:00Z,0.72,22.5,1.7,Port Kembla,6.12,SIMP_201812_WP,3,March,234.6,13.0,19.4
2018-03-13T01:00:00Z,0.566,22.4,2.5,Port Kembla,9,SIMP_201812_WP,3,March,234.6,13.0,19.4
2018-03-13T02:00:00Z,0.499,22.5,2.3,Port Kembla,8.28,SIMP_201812_WP,3,March,234.6,13.0,19.4
2018-03-13T03:00:00Z,0.54,22.5,1.7,Port Kembla,6.12,SIMP_201812_WP,3,March,234.6,13.0,19.4
2018-03-13T04:00:00Z,0.666,22.5,3.1,Port Kembla,11.16,SIMP_201812_WP,3,March,234.6,13.0,19.4
2018-03-13T05:00:00Z,0.842,22.4,2.8,Port Kembla,10.08,SIMP_201812_WP,3,March,234.6,13.0,19.4
2018-03-13T06:00:00Z,1.02,22.5,2.8,Port Kembla,10.08,SIMP_201812_WP,3,March,234.6,13.0,19.4
2018-03-13T07:00:00Z,1.155,22.5,2.6,Port Kembla,9.360000000000001,SIMP_201812_WP,3,March,234.6,13.0,19.4
2018-03-13T08:00:00Z,1.2,22.5,2.4,Port Kembla,8.64,SIMP_201812_WP,3,March,234.6,13.0,19.4
2018-03-13T09:00:00Z,1.165,22.5,2.2,Port Kembla,7.920000000000001,SIMP_201812_WP,3,March,234.6,13.0,19.4
2018-03-13T10:00:00Z,1.057,22.5,2.9,Port Kembla,10.44,SIMP_201812_WP,3,March,234.6,13.0,19.4
2018-03-13T11:00:00Z,0.896,22.5,3,Port Kembla,10.8,SIMP_201812_WP,3,March,234.6,13.0,19.4
2018-03-13T12:00:00Z,0.747,22.4,2.2,Port Kembla,7.920000000000001,SIMP_201812_WP,3,March,234.6,13.0,19.4
2018-03-13T13:00:00Z,0.656,22.4,2.6,Port Kembla,9.360000000000001,SIMP_201812_WP,3,March,234.6,13.0,19.4
2018-03-13T14:00:00Z,0.642,22.4,2.6,Port Kembla,9.360000000000001,SIMP_201812_WP,3,March,234.6,13.0,19.4
2018-03-13T15:00:00Z,0.724,22.5,2.2,Port Kembla,7.920000000000001,SIMP_201812_WP,3,March,234.6,13.0,19.4
2018-03-13T16:00:00Z,0.9,22.5,2.1,Port Kembla,7.5600000000000005,SIMP_201812_WP,3,March,234.6,13.0,19.4
2018-03-13T17:00:00Z,1.122,22.5,2.1,Port Kembla,7.5600000000000005,SIMP_201812_WP,3,March,234.6,13.0,19.4
2018-03-13T18:00:00Z,1.344,22.5,3.3,Port Kembla,11.879999999999999,SIMP_201812_WP,3,March,234.6,13.0,19.4
2018-03-13T19:00:00Z,1.511,22.7,3.4,Port Kembla,12.24,SIMP_201812_WP,3,March,234.6,13.0,19.4
2018-03-13T20:00:00Z,1.572,22.7,2,Port Kembla,7.2,SIMP_201812_WP,3,March,234.6,13.0,19.4
2018-03-13T21:00:00Z,1.515,22.8,2.5,Port Kembla,9,SIMP_201812_WP,3,March,234.6,13.0,19.4
2018-03-13T22:00:00Z,1.356,22.8,2.4,Port Kembla,8.64,SIMP_201812_WP,3,March,234.6,13.0,19.4
2018-03-13T23:00:00Z,1.121,22.8,2.5,Port Kembla,9,SIMP_201812_WP,3,March,234.6,13.0,19.4
2018-03-14T00:00:00Z,0.862,22.7,1,Port Kembla,3.6,SIMP_201812_WP,3,March,234.6,13.0,19.4
2018-03-14T01:00:00Z,0.637,22.8,2.7,Port Kembla,9.72,SIMP_201812_WP,3,March,234.6,13.0,19.4
2018-03-14T02:00:00Z,0.498,22.9,2.1,Port Kembla,7.5600000000000005,SIMP_201812_WP,3,March,234.6,13.0,19.4
2018-03-14T03:00:00Z,0.469,23,2.5,Port Kembla,9,SIMP_201812_WP,3,March,234.6,13.0,19.4
2018-03-14T04:00:00Z,0.562,23,3.6,Port Kembla,12.96,SIMP_201812_WP,3,March,234.6,13.0,19.4
2018-03-14T05:00:00Z,0.746,23.1,4.8,Port Kembla,17.28,SIMP_201812_WP,3,March,234.6,13.0,19.4
2018-03-14T06:00:00Z,0.966,23.4,6.3,Port Kembla,22.68,SIMP_201812_WP,3,March,234.6,13.0,19.4
2018-03-14T07:00:00Z,1.166,23.5,6.4,Port Kembla,23.040000000000003,SIMP_201812_WP,3,March,234.6,13.0,19.4
2018-03-14T08:00:00Z,1.297,23.5,6,Port Kembla,21.6,SIMP_201812_WP,3,March,234.6,13.0,19.4
2018-03-14T09:00:00Z,1.321,23.5,6,Port Kembla,21.6,SIMP_201812_WP,3,March,234.6,13.0,19.4
2018-03-14T10:00:00Z,1.243,23.4,5.1,Port Kembla,18.36,SIMP_201812_WP,3,March,234.6,13.0,19.4
2018-03-14T11:00:00Z,1.074,23.4,3.8,Port Kembla,13.68,SIMP_201812_WP,3,March,234.6,13.0,19.4
2018-03-14T12:00:00Z,0.872,23.4,1.7,Port Kembla,6.12,SIMP_201812_WP,3,March,234.6,13.0,19.4
2018-03-14T13:00:00Z,0.705,23.4,1.5,Port Kembla,5.4,SIMP_201812_WP,3,March,234.6,13.0,19.4
2018-03-14T14:00:00Z,0.613,23.4,1.5,Port Kembla,5.4,SIMP_201812_WP,3,March,234.6,13.0,19.4
2018-03-14T15:00:00Z,0.625,23.5,1.6,Port Kembla,5.760000000000001,SIMP_201812_WP,3,March,234.6,13.0,19.4
2018-03-14T16:00:00Z,0.752,23.4,2.7,Port Kembla,9.72,SIMP_201812_WP,3,March,234.6,13.0,19.4
2018-03-14T17:00:00Z,0.973,23.3,2.3,Port Kembla,8.28,SIMP_201812_WP,3,March,234.6,13.0,19.4
2018-03-14T18:00:00Z,1.227,23.2,2.9,Port Kembla,10.44,SIMP_201812_WP,3,March,234.6,13.0,19.4
2018-03-14T19:00:00Z,1.462,23.1,2.1,Port Kembla,7.5600000000000005,SIMP_201812_WP,3,March,234.6,13.0,19.4
2018-03-14T20:00:00Z,1.614,23.1,2.3,Port Kembla,8.28,SIMP_201812_WP,3,March,234.6,13.0,19.4
2018-03-14T21:00:00Z,1.65,23.1,1.7,Port Kembla,6.12,SIMP_201812_WP,3,March,234.6,13.0,19.4
2018-03-14T22:00:00Z,1.558,23.1,2.6,Port Kembla,9.360000000000001,SIMP_201812_WP,3,March,234.6,13.0,19.4
2018-03-14T23:00:00Z,1.339,23.1,3.1,Port Kembla,11.16,SIMP_201812_WP,3,March,234.6,13.0,19.4
2018-03-15T00:00:00Z,1.054,23.2,4,Port Kembla,14.4,SIMP_201812_WP,3,March,234.6,13.0,19.4
2018-03-15T01:00:00Z,0.771,23.3,4.1,Port Kembla,14.76,SIMP_201812_WP,3,March,234.6,13.0,19.4
2018-03-15T02:00:00Z,0.555,23.5,4.4,Port Kembla,15.840000000000002,SIMP_201812_WP,3,March,234.6,13.0,19.4
2018-03-15T03:00:00Z,0.45,23.7,4.1,Port Kembla,14.76,SIMP_201812_WP,3,March,234.6,13.0,19.4
2018-03-15T04:00:00Z,0.467,23.9,2.6,Port Kembla,9.360000000000001,SIMP_201812_WP,3,March,234.6,13.0,19.4
2018-03-15T05:00:00Z,0.598,24,4,Port Kembla,14.4,SIMP_201812_WP,3,March,234.6,13.0,19.4
2018-03-15T06:00:00Z,0.825,23.1,4.8,Port Kembla,17.28,SIMP_201812_WP,3,March,234.6,13.0,19.4
2018-03-15T07:00:00Z,1.074,22.8,4.9,Port Kembla,17.64,SIMP_201812_WP,3,March,234.6,13.0,19.4
2018-03-15T08:00:00Z,1.28,22.9,4.2,Port Kembla,15.120000000000001,SIMP_201812_WP,3,March,234.6,13.0,19.4
2018-03-15T09:00:00Z,1.395,23,3.3,Port Kembla,11.879999999999999,SIMP_201812_WP,3,March,234.6,13.0,19.4
2018-03-15T10:00:00Z,1.38,23,3.9,Port Kembla,14.04,SIMP_201812_WP,3,March,234.6,13.0,19.4
2018-03-15T11:00:00Z,1.244,22.6,2.9,Port Kembla,10.44,SIMP_201812_WP,3,March,234.6,13.0,19.4
2018-03-15T12:00:00Z,1.028,22.8,3.2,Port Kembla,11.520000000000001,SIMP_201812_WP,3,March,234.6,13.0,19.4
2018-03-15T13:00:00Z,0.802,22.9,3.5,Port Kembla,12.6,SIMP_201812_WP,3,March,234.6,13.0,19.4
2018-03-15T14:00:00Z,0.624,23,4.1,Port Kembla,14.76,SIMP_201812_WP,3,March,234.6,13.0,19.4
2018-03-15T15:00:00Z,0.538,23,2.8,Port Kembla,10.08,SIMP_201812_WP,3,March,234.6,13.0,19.4
2018-03-15T16:00:00Z,0.579,23,3,Port Kembla,10.8,SIMP_201812_WP,3,March,234.6,13.0,19.4
2018-03-15T17:00:00Z,0.757,22.9,4,Port Kembla,14.4,SIMP_201812_WP,3,March,234.6,13.0,19.4
2018-03-15T18:00:00Z,1.021,22.9,5.2,Port Kembla,18.720000000000002,SIMP_201812_WP,3,March,234.6,13.0,19.4
2018-03-15T19:00:00Z,1.305,22.8,4.5,Port Kembla,16.2,SIMP_201812_WP,3,March,234.6,13.0,19.4
2018-03-15T20:00:00Z,1.536,22.8,3.7,Port Kembla,13.32,SIMP_201812_WP,3,March,234.6,13.0,19.4
2018-03-15T21:00:00Z,1.655,22.7,3.5,Port Kembla,12.6,SIMP_201812_WP,3,March,234.6,13.0,19.4
2018-03-15T22:00:00Z,1.641,22.7,3,Port Kembla,10.8,SIMP_201812_WP,3,March,234.6,13.0,19.4
2018-03-15T23:00:00Z,1.488,22.8,2.3,Port Kembla,8.28,SIMP_201812_WP,3,March,234.6,13.0,19.4
2018-03-16T00:00:00Z,1.212,22.8,2,Port Kembla,7.2,SIMP_201812_WP,3,March,234.6,13.0,19.4
2018-03-16T01:00:00Z,0.889,22.9,2.6,Port Kembla,9.360000000000001,SIMP_201812_WP,3,March,234.6,13.0,19.4
2018-03-16T02:00:00Z,0.605,22.9,2.3,Port Kembla,8.28,SIMP_201812_WP,3,March,234.6,13.0,19.4
2018-03-16T03:00:00Z,0.406,22.9,2.6,Port Kembla,9.360000000000001,SIMP_201812_WP,3,March,234.6,13.0,19.4
2018-03-16T04:00:00Z,0.339,22.9,2.5,Port Kembla,9,SIMP_201812_WP,3,March,234.6,13.0,19.4
2018-03-16T05:00:00Z,0.424,22.9,2,Port Kembla,7.2,SIMP_201812_WP,3,March,234.6,13.0,19.4
2018-03-16T06:00:00Z,0.638,22.9,2.2,Port Kembla,7.920000000000001,SIMP_201812_WP,3,March,234.6,13.0,19.4
2018-03-16T07:00:00Z,0.917,22.9,2,Port Kembla,7.2,SIMP_201812_WP,3,March,234.6,13.0,19.4
2018-03-16T08:00:00Z,1.184,23,2,Port Kembla,7.2,SIMP_201812_WP,3,March,234.6,13.0,19.4
2018-03-16T09:00:00Z,1.37,23,1.7,Port Kembla,6.12,SIMP_201812_WP,3,March,234.6,13.0,19.4
2018-03-16T10:00:00Z,1.438,22.9,2.2,Port Kembla,7.920000000000001,SIMP_201812_WP,3,March,234.6,13.0,19.4
2018-03-16T11:00:00Z,1.356,22.9,2,Port Kembla,7.2,SIMP_201812_WP,3,March,234.6,13.0,19.4
2018-03-16T12:00:00Z,1.149,22.9,1.9,Port Kembla,6.84,SIMP_201812_WP,3,March,234.6,13.0,19.4
2018-03-16T13:00:00Z,0.887,22.9,3.1,Port Kembla,11.16,SIMP_201812_WP,3,March,234.6,13.0,19.4
2018-03-16T14:00:00Z,0.643,22.9,2.2,Port Kembla,7.920000000000001,SIMP_201812_WP,3,March,234.6,13.0,19.4
2018-03-16T15:00:00Z,0.481,22.9,2.4,Port Kembla,8.64,SIMP_201812_WP,3,March,234.6,13.0,19.4
2018-03-16T16:00:00Z,0.446,22.9,1.4,Port Kembla,5.04,SIMP_201812_WP,3,March,234.6,13.0,19.4
2018-03-16T17:00:00Z,0.558,22.8,3.1,Port Kembla,11.16,SIMP_201812_WP,3,March,234.6,13.0,19.4
2018-03-16T18:00:00Z,0.782,22.8,2.6,Port Kembla,9.360000000000001,SIMP_201812_WP,3,March,234.6,13.0,19.4
2018-03-16T19:00:00Z,1.09,22.8,3.6,Port Kembla,12.96,SIMP_201812_WP,3,March,234.6,13.0,19.4
2018-03-16T20:00:00Z,1.385,22.8,2.6,Port Kembla,9.360000000000001,SIMP_201812_WP,3,March,234.6,13.0,19.4
2018-03-16T21:00:00Z,1.592,22.8,2.9,Port Kembla,10.44,SIMP_201812_WP,3,March,234.6,13.0,19.4
2018-03-16T22:00:00Z,1.678,22.8,2.3,Port Kembla,8.28,SIMP_201812_WP,3,March,234.6,13.0,19.4
2018-03-16T23:00:00Z,1.617,22.8,4.7,Port Kembla,16.92,SIMP_201812_WP,3,March,234.6,13.0,19.4
2018-03-17T00:00:00Z,1.395,23.1,3,Port Kembla,10.8,SIMP_201812_WP,3,March,234.6,13.0,19.4
2018-03-17T01:00:00Z,1.072,23,2.1,Port Kembla,7.5600000000000005,SIMP_201812_WP,3,March,234.6,13.0,19.4
2018-03-17T02:00:00Z,0.745,23.1,1.6,Port Kembla,5.760000000000001,SIMP_201812_WP,3,March,234.6,13.0,19.4
2018-03-17T03:00:00Z,0.481,23.4,2.3,Port Kembla,8.28,SIMP_201812_WP,3,March,234.6,13.0,19.4
2018-03-17T04:00:00Z,0.327,23.7,2.9,Port Kembla,10.44,SIMP_201812_WP,3,March,234.6,13.0,19.4
2018-03-17T05:00:00Z,0.327,24.3,3.2,Port Kembla,11.520000000000001,SIMP_201812_WP,3,March,234.6,13.0,19.4
2018-03-17T06:00:00Z,0.481,24.5,2.4,Port Kembla,8.64,SIMP_201812_WP,3,March,234.6,13.0,19.4
2018-03-17T07:00:00Z,0.747,24,2.3,Port Kembla,8.28,SIMP_201812_WP,3,March,234.6,13.0,19.4
2018-03-17T08:00:00Z,1.047,23.9,2.4,Port Kembla,8.64,SIMP_201812_WP,3,March,234.6,13.0,19.4
2018-03-17T09:00:00Z,1.31,23.9,1.3,Port Kembla,4.680000000000001,SIMP_201812_WP,3,March,234.6,13.0,19.4
2018-03-17T10:00:00Z,1.465,23.7,0.6,Port Kembla,2.16,SIMP_201812_WP,3,March,234.6,13.0,19.4
2018-03-17T11:00:00Z,1.467,23.5,1.6,Port Kembla,5.760000000000001,SIMP_201812_WP,3,March,234.6,13.0,19.4
2018-03-17T12:00:00Z,1.319,23.4,2.1,Port Kembla,7.5600000000000005,SIMP_201812_WP,3,March,234.6,13.0,19.4
2018-03-17T13:00:00Z,1.064,23.5,0.7,Port Kembla,2.52,SIMP_201812_WP,3,March,234.6,13.0,19.4
2018-03-17T14:00:00Z,0.772,23.5,0.4,Port Kembla,1.4400000000000002,SIMP_201812_WP,3,March,234.6,13.0,19.4
2018-03-17T15:00:00Z,0.529,23.5,1.3,Port Kembla,4.680000000000001,SIMP_201812_WP,3,March,234.6,13.0,19.4
2018-03-17T16:00:00Z,0.398,23.6,0.8,Port Kembla,2.8800000000000003,SIMP_201812_WP,3,March,234.6,13.0,19.4
2018-03-17T17:00:00Z,0.399,23.6,0.8,Port Kembla,2.8800000000000003,SIMP_201812_WP,3,March,234.6,13.0,19.4
2018-03-17T18:00:00Z,0.551,23.6,0.3,Port Kembla,1.08,SIMP_201812_WP,3,March,234.6,13.0,19.4
2018-03-17T19:00:00Z,0.831,23.6,4.3,Port Kembla,15.48,SIMP_201812_WP,3,March,234.6,13.0,19.4
2018-03-17T20:00:00Z,1.152,23.6,2.4,Port Kembla,8.64,SIMP_201812_WP,3,March,234.6,13.0,19.4
2018-03-17T21:00:00Z,1.429,23.5,4.6,Port Kembla,16.56,SIMP_201812_WP,3,March,234.6,13.0,19.4
2018-03-17T22:00:00Z,1.619,23.5,5.8,Port Kembla,20.88,SIMP_201812_WP,3,March,234.6,13.0,19.4
2018-03-17T23:00:00Z,1.657,23.5,3.1,Port Kembla,11.16,SIMP_201812_WP,3,March,234.6,13.0,19.4
2018-03-18T00:00:00Z,1.536,23.5,5.8,Port Kembla,20.88,SIMP_201812_WP,3,March,234.6,13.0,19.4
2018-03-18T01:00:00Z,1.263,23.7,6.4,Port Kembla,23.040000000000003,SIMP_201812_WP,3,March,234.6,13.0,19.4
2018-03-18T02:00:00Z,0.936,23.9,5,Port Kembla,18,SIMP_201812_WP,3,March,234.6,13.0,19.4
2018-03-18T03:00:00Z,0.634,24.1,8.4,Port Kembla,30.240000000000002,SIMP_201812_WP,3,March,234.6,13.0,19.4
2018-03-18T04:00:00Z,0.402,24.2,9,Port Kembla,32.4,SIMP_201812_WP,3,March,234.6,13.0,19.4
2018-03-18T05:00:00Z,0.323,24.2,7,Port Kembla,25.2,SIMP_201812_WP,3,March,234.6,13.0,19.4
2018-03-18T06:00:00Z,0.398,24.3,8,Port Kembla,28.8,SIMP_201812_WP,3,March,234.6,13.0,19.4
2018-03-18T07:00:00Z,0.62,24.3,5.5,Port Kembla,19.8,SIMP_201812_WP,3,March,234.6,13.0,19.4
2018-03-18T08:00:00Z,0.922,24.1,3.7,Port Kembla,13.32,SIMP_201812_WP,3,March,234.6,13.0,19.4
2018-03-18T09:00:00Z,1.217,24.1,5,Port Kembla,18,SIMP_201812_WP,3,March,234.6,13.0,19.4
2018-03-18T10:00:00Z,1.455,22.8,6.5,Port Kembla,23.400000000000002,SIMP_201812_WP,3,March,234.6,13.0,19.4
2018-03-18T11:00:00Z,1.521,23.1,4.7,Port Kembla,16.92,SIMP_201812_WP,3,March,234.6,13.0,19.4
2018-03-18T12:00:00Z,1.443,22.8,3.7,Port Kembla,13.32,SIMP_201812_WP,3,March,234.6,13.0,19.4
2018-03-18T13:00:00Z,1.23,23.1,4.9,Port Kembla,17.64,SIMP_201812_WP,3,March,234.6,13.0,19.4
2018-03-18T14:00:00Z,0.933,22.9,5.3,Port Kembla,19.08,SIMP_201812_WP,3,March,234.6,13.0,19.4
2018-03-18T15:00:00Z,0.638,22.8,3.1,Port Kembla,11.16,SIMP_201812_WP,3,March,234.6,13.0,19.4
2018-03-18T16:00:00Z,0.422,22.9,3.3,Port Kembla,11.879999999999999,SIMP_201812_WP,3,March,234.6,13.0,19.4
2018-03-18T17:00:00Z,0.322,22.8,2.2,Port Kembla,7.920000000000001,SIMP_201812_WP,3,March,234.6,13.0,19.4
2018-03-18T18:00:00Z,0.368,22.9,2.2,Port Kembla,7.920000000000001,SIMP_201812_WP,3,March,234.6,13.0,19.4
2018-03-18T19:00:00Z,0.584,22.9,2.9,Port Kembla,10.44,SIMP_201812_WP,3,March,234.6,13.0,19.4
2018-03-18T20:00:00Z,0.882,22.8,2.2,Port Kembla,7.920000000000001,SIMP_201812_WP,3,March,234.6,13.0,19.4
2018-03-18T21:00:00Z,1.202,22.6,1.8,Port Kembla,6.48,SIMP_201812_WP,3,March,234.6,13.0,19.4
2018-03-18T22:00:00Z,1.47,22.4,2.2,Port Kembla,7.920000000000001,SIMP_201812_WP,3,March,234.6,13.0,19.4
2018-03-18T23:00:00Z,1.613,22.4,1.2,Port Kembla,4.32,SIMP_201812_WP,3,March,234.6,13.0,19.4
2018-03-19T00:00:00Z,1.598,22.4,3.7,Port Kembla,13.32,SIMP_201812_WP,3,March,234.6,13.0,19.4
2018-03-19T01:00:00Z,1.421,22.5,4.3,Port Kembla,15.48,SIMP_201812_WP,3,March,234.6,13.0,19.4
2018-03-19T02:00:00Z,1.12,22.6,3.7,Port Kembla,13.32,SIMP_201812_WP,3,March,234.6,13.0,19.4
2018-03-19T03:00:00Z,0.789,23.1,2.8,Port Kembla,10.08,SIMP_201812_WP,3,March,234.6,13.0,19.4
2018-03-19T04:00:00Z,0.507,23.5,2.5,Port Kembla,9,SIMP_201812_WP,3,March,234.6,13.0,19.4
2018-03-19T05:00:00Z,0.328,23.6,1.7,Port Kembla,6.12,SIMP_201812_WP,3,March,234.6,13.0,19.4
2018-03-19T06:00:00Z,0.306,23.7,2.8,Port Kembla,10.08,SIMP_201812_WP,3,March,234.6,13.0,19.4
2018-03-19T07:00:00Z,0.443,23.8,3.8,Port Kembla,13.68,SIMP_201812_WP,3,March,234.6,13.0,19.4
2018-03-19T08:00:00Z,0.719,23.8,3.7,Port Kembla,13.32,SIMP_201812_WP,3,March,234.6,13.0,19.4
2018-03-19T09:00:00Z,1.048,23.8,3.1,Port Kembla,11.16,SIMP_201812_WP,3,March,234.6,13.0,19.4
2018-03-19T10:00:00Z,1.337,23.5,3.1,Port Kembla,11.16,SIMP_201812_WP,3,March,234.6,13.0,19.4
2018-03-19T11:00:00Z,1.525,23.1,2.6,Port Kembla,9.360000000000001,SIMP_201812_WP,3,March,234.6,13.0,19.4
2018-03-19T12:00:00Z,1.574,23.1,0.8,Port Kembla,2.8800000000000003,SIMP_201812_WP,3,March,234.6,13.0,19.4
2018-03-19T13:00:00Z,1.462,23.1,4,Port Kembla,14.4,SIMP_201812_WP,3,March,234.6,13.0,19.4
2018-03-19T14:00:00Z,1.214,23.1,1.2,Port Kembla,4.32,SIMP_201812_WP,3,March,234.6,13.0,19.4
2018-03-19T15:00:00Z,0.899,23.1,1.6,Port Kembla,5.760000000000001,SIMP_201812_WP,3,March,234.6,13.0,19.4
2018-03-19T16:00:00Z,0.612,23,2.3,Port Kembla,8.28,SIMP_201812_WP,3,March,234.6,13.0,19.4
2018-03-19T17:00:00Z,0.422,23.1,3.1,Port Kembla,11.16,SIMP_201812_WP,3,March,234.6,13.0,19.4
2018-03-19T18:00:00Z,0.357,23.1,3.4,Port Kembla,12.24,SIMP_201812_WP,3,March,234.6,13.0,19.4
2018-03-19T19:00:00Z,0.454,23,2.6,Port Kembla,9.360000000000001,SIMP_201812_WP,3,March,234.6,13.0,19.4
2018-03-19T20:00:00Z,0.697,22.9,1.3,Port Kembla,4.680000000000001,SIMP_201812_WP,3,March,234.6,13.0,19.4
2018-03-19T21:00:00Z,1.007,22.8,2.2,Port Kembla,7.920000000000001,SIMP_201812_WP,3,March,234.6,13.0,19.4
2018-03-19T22:00:00Z,1.308,22.7,6.9,Port Kembla,24.840000000000003,SIMP_201812_WP,3,March,234.6,13.0,19.4
2018-03-19T23:00:00Z,1.524,22.5,6.7,Port Kembla,24.12,SIMP_201812_WP,3,March,234.6,13.0,19.4
2018-03-20T00:00:00Z,1.616,22.4,7.3,Port Kembla,26.28,SIMP_201812_WP,3,March,234.6,13.0,19.4
2018-03-20T01:00:00Z,1.553,22.4,6.2,Port Kembla,22.32,SIMP_201812_WP,3,March,234.6,13.0,19.4
2018-03-20T02:00:00Z,1.335,22.4,5,Port Kembla,18,SIMP_201812_WP,3,March,234.6,13.0,19.4
2018-03-20T03:00:00Z,1.031,22.5,5.4,Port Kembla,19.44,SIMP_201812_WP,3,March,234.6,13.0,19.4
2018-03-20T04:00:00Z,0.725,22.5,4.5,Port Kembla,16.2,SIMP_201812_WP,3,March,234.6,13.0,19.4
2018-03-20T05:00:00Z,0.489,22.5,4.3,Port Kembla,15.48,SIMP_201812_WP,3,March,234.6,13.0,19.4
2018-03-20T06:00:00Z,0.371,22.4,5.5,Port Kembla,19.8,SIMP_201812_WP,3,March,234.6,13.0,19.4
2018-03-20T07:00:00Z,0.398,22.4,4.9,Port Kembla,17.64,SIMP_201812_WP,3,March,234.6,13.0,19.4
2018-03-20T08:00:00Z,0.59,22.4,5.6,Port Kembla,20.16,SIMP_201812_WP,3,March,234.6,13.0,19.4
2018-03-20T09:00:00Z,0.876,22.4,6.7,Port Kembla,24.12,SIMP_201812_WP,3,March,234.6,13.0,19.4
2018-03-20T10:00:00Z,1.19,22.3,6.2,Port Kembla,22.32,SIMP_201812_WP,3,March,234.6,13.0,19.4
2018-03-20T11:00:00Z,1.454,22.3,5.9,Port Kembla,21.240000000000002,SIMP_201812_WP,3,March,234.6,13.0,19.4
2018-03-20T12:00:00Z,1.599,22.3,7.9,Port Kembla,28.44,SIMP_201812_WP,3,March,234.6,13.0,19.4
2018-03-20T13:00:00Z,1.59,22.3,7.7,Port Kembla,27.720000000000002,SIMP_201812_WP,3,March,234.6,13.0,19.4
2018-03-20T14:00:00Z,1.415,22.3,7.6,Port Kembla,27.36,SIMP_201812_WP,3,March,234.6,13.0,19.4
2018-03-20T15:00:00Z,1.139,22.2,5.7,Port Kembla,20.52,SIMP_201812_WP,3,March,234.6,13.0,19.4
2018-03-20T16:00:00Z,0.827,22.2,5.8,Port Kembla,20.88,SIMP_201812_WP,3,March,234.6,13.0,19.4
2018-03-20T17:00:00Z,0.557,22.2,7.1,Port Kembla,25.56,SIMP_201812_WP,3,March,234.6,13.0,19.4
2018-03-20T18:00:00Z,0.386,22.1,5.2,Port Kembla,18.720000000000002,SIMP_201812_WP,3,March,234.6,13.0,19.4
2018-03-20T19:00:00Z,0.359,22.1,3.8,Port Kembla,13.68,SIMP_201812_WP,3,March,234.6,13.0,19.4
2018-03-20T20:00:00Z,0.479,22.1,3.8,Port Kembla,13.68,SIMP_201812_WP,3,March,234.6,13.0,19.4
2018-03-20T21:00:00Z,0.72,22.1,7.9,Port Kembla,28.44,SIMP_201812_WP,3,March,234.6,13.0,19.4
2018-03-20T22:00:00Z,1,22.1,8.4,Port Kembla,30.240000000000002,SIMP_201812_WP,3,March,234.6,13.0,19.4
2018-03-20T23:00:00Z,1.256,22.1,9.6,Port Kembla,34.56,SIMP_201812_WP,3,March,234.6,13.0,19.4
2018-03-21T00:00:00Z,1.418,22.1,9.7,Port Kembla,34.92,SIMP_201812_WP,3,March,234.6,13.0,19.4
2018-03-21T01:00:00Z,1.454,22.1,5.1,Port Kembla,18.36,SIMP_201812_WP,3,March,234.6,13.0,19.4
2018-03-21T02:00:00Z,1.338,22.1,5.7,Port Kembla,20.52,SIMP_201812_WP,3,March,234.6,13.0,19.4
2018-03-21T03:00:00Z,1.102,22.1,4.3,Port Kembla,15.48,SIMP_201812_WP,3,March,234.6,13.0,19.4
2018-03-21T04:00:00Z,0.821,22.1,5.1,Port Kembla,18.36,SIMP_201812_WP,3,March,234.6,13.0,19.4
2018-03-21T05:00:00Z,0.564,22.1,5.2,Port Kembla,18.720000000000002,SIMP_201812_WP,3,March,234.6,13.0,19.4
2018-03-21T06:00:00Z,0.38,22,5.8,Port Kembla,20.88,SIMP_201812_WP,3,March,234.6,13.0,19.4
2018-03-21T07:00:00Z,0.315,22,4.6,Port Kembla,16.56,SIMP_201812_WP,3,March,234.6,13.0,19.4
2018-03-21T08:00:00Z,0.404,22,3.3,Port Kembla,11.879999999999999,SIMP_201812_WP,3,March,234.6,13.0,19.4
2018-03-21T09:00:00Z,0.638,22,4.5,Port Kembla,16.2,SIMP_201812_WP,3,March,234.6,13.0,19.4
2018-03-21T10:00:00Z,0.939,21.9,6.9,Port Kembla,24.840000000000003,SIMP_201812_WP,3,March,234.6,13.0,19.4
2018-03-21T11:00:00Z,1.234,22,8.3,Port Kembla,29.880000000000003,SIMP_201812_WP,3,March,234.6,13.0,19.4
2018-03-21T12:00:00Z,1.472,22,6.2,Port Kembla,22.32,SIMP_201812_WP,3,March,234.6,13.0,19.4
2018-03-21T13:00:00Z,1.581,22,6.2,Port Kembla,22.32,SIMP_201812_WP,3,March,234.6,13.0,19.4
2018-03-21T14:00:00Z,1.542,22,10.8,Port Kembla,38.88,SIMP_201812_WP,3,March,234.6,13.0,19.4
2018-03-21T15:00:00Z,1.353,22,9.1,Port Kembla,32.76,SIMP_201812_WP,3,March,234.6,13.0,19.4
2018-03-21T16:00:00Z,1.07,21.9,7.3,Port Kembla,26.28,SIMP_201812_WP,3,March,234.6,13.0,19.4
2018-03-21T17:00:00Z,0.764,21.9,9.3,Port Kembla,33.480000000000004,SIMP_201812_WP,3,March,234.6,13.0,19.4
2018-03-21T18:00:00Z,0.521,21.9,8.2,Port Kembla,29.52,SIMP_201812_WP,3,March,234.6,13.0,19.4
2018-03-21T19:00:00Z,0.368,21.9,9.2,Port Kembla,33.12,SIMP_201812_WP,3,March,234.6,13.0,19.4
2018-03-21T20:00:00Z,0.335,21.9,7.5,Port Kembla,27,SIMP_201812_WP,3,March,234.6,13.0,19.4
2018-03-21T21:00:00Z,0.456,21.9,4.4,Port Kembla,15.840000000000002,SIMP_201812_WP,3,March,234.6,13.0,19.4
2018-03-21T22:00:00Z,0.677,21.8,5.7,Port Kembla,20.52,SIMP_201812_WP,3,March,234.6,13.0,19.4
2018-03-21T23:00:00Z,0.941,21.8,5.1,Port Kembla,18.36,SIMP_201812_WP,3,March,234.6,13.0,19.4
2018-03-22T00:00:00Z,1.162,21.8,7.7,Port Kembla,27.720000000000002,SIMP_201812_WP,3,March,234.6,13.0,19.4
2018-03-22T01:00:00Z,1.287,21.8,6.2,Port Kembla,22.32,SIMP_201812_WP,3,March,234.6,13.0,19.4
2018-03-22T02:00:00Z,1.304,22.1,5.6,Port Kembla,20.16,SIMP_201812_WP,3,March,234.6,13.0,19.4
2018-03-22T03:00:00Z,1.186,22.2,7.3,Port Kembla,26.28,SIMP_201812_WP,3,March,234.6,13.0,19.4
2018-03-22T04:00:00Z,0.979,22.3,7.2,Port Kembla,25.92,SIMP_201812_WP,3,March,234.6,13.0,19.4
2018-03-22T05:00:00Z,0.727,22.4,5.7,Port Kembla,20.52,SIMP_201812_WP,3,March,234.6,13.0,19.4
2018-03-22T06:00:00Z,0.518,22.4,5.6,Port Kembla,20.16,SIMP_201812_WP,3,March,234.6,13.0,19.4
2018-03-22T07:00:00Z,0.384,22.4,5.6,Port Kembla,20.16,SIMP_201812_WP,3,March,234.6,13.0,19.4
2018-03-22T08:00:00Z,0.361,22.3,6.3,Port Kembla,22.68,SIMP_201812_WP,3,March,234.6,13.0,19.4
2018-03-22T09:00:00Z,0.489,22.2,6.6,Port Kembla,23.759999999999998,SIMP_201812_WP,3,March,234.6,13.0,19.4
2018-03-22T10:00:00Z,0.718,22.1,4,Port Kembla,14.4,SIMP_201812_WP,3,March,234.6,13.0,19.4
2018-03-22T11:00:00Z,1.01,22.2,4.9,Port Kembla,17.64,SIMP_201812_WP,3,March,234.6,13.0,19.4
2018-03-22T12:00:00Z,1.28,22.1,5.9,Port Kembla,21.240000000000002,SIMP_201812_WP,3,March,234.6,13.0,19.4
2018-03-22T13:00:00Z,1.472,22.1,6.1,Port Kembla,21.96,SIMP_201812_WP,3,March,234.6,13.0,19.4
2018-03-22T14:00:00Z,1.542,22.1,6.3,Port Kembla,22.68,SIMP_201812_WP,3,March,234.6,13.0,19.4
2018-03-22T15:00:00Z,1.471,22,5.6,Port Kembla,20.16,SIMP_201812_WP,3,March,234.6,13.0,19.4
2018-03-22T16:00:00Z,1.272,22,6.7,Port Kembla,24.12,SIMP_201812_WP,3,March,234.6,13.0,19.4
2018-03-22T17:00:00Z,0.999,22,4.9,Port Kembla,17.64,SIMP_201812_WP,3,March,234.6,13.0,19.4
2018-03-22T18:00:00Z,0.733,21.9,4.2,Port Kembla,15.120000000000001,SIMP_201812_WP,3,March,234.6,13.0,19.4
2018-03-22T19:00:00Z,0.516,21.8,4.5,Port Kembla,16.2,SIMP_201812_WP,3,March,234.6,13.0,19.4
2018-03-22T20:00:00Z,0.376,21.7,4,Port Kembla,14.4,SIMP_201812_WP,3,March,234.6,13.0,19.4
2018-03-22T21:00:00Z,0.36,21.7,5,Port Kembla,18,SIMP_201812_WP,3,March,234.6,13.0,19.4
2018-03-22T22:00:00Z,0.468,21.7,4.6,Port Kembla,16.56,SIMP_201812_WP,3,March,234.6,13.0,19.4
2018-03-22T23:00:00Z,0.663,21.7,5.3,Port Kembla,19.08,SIMP_201812_WP,3,March,234.6,13.0,19.4
2018-03-23T00:00:00Z,0.883,21.7,4.3,Port Kembla,15.48,SIMP_201812_WP,3,March,234.6,13.0,19.4
2018-03-23T01:00:00Z,1.075,21.7,5,Port Kembla,18,SIMP_201812_WP,3,March,234.6,13.0,19.4
2018-03-23T02:00:00Z,1.193,21.8,6,Port Kembla,21.6,SIMP_201812_WP,3,March,234.6,13.0,19.4
2018-03-23T03:00:00Z,1.204,21.8,5.1,Port Kembla,18.36,SIMP_201812_WP,3,March,234.6,13.0,19.4
2018-03-23T04:00:00Z,1.091,21.9,4.5,Port Kembla,16.2,SIMP_201812_WP,3,March,234.6,13.0,19.4
2018-03-23T05:00:00Z,0.919,22.1,3.8,Port Kembla,13.68,SIMP_201812_WP,3,March,234.6,13.0,19.4
2018-03-23T06:00:00Z,0.716,22.2,3.9,Port Kembla,14.04,SIMP_201812_WP,3,March,234.6,13.0,19.4
2018-03-23T07:00:00Z,0.543,22.1,3.8,Port Kembla,13.68,SIMP_201812_WP,3,March,234.6,13.0,19.4
2018-03-23T08:00:00Z,0.448,22.1,0.2,Port Kembla,0.7200000000000001,SIMP_201812_WP,3,March,234.6,13.0,19.4
2018-03-23T09:00:00Z,0.453,22.1,4.3,Port Kembla,15.48,SIMP_201812_WP,3,March,234.6,13.0,19.4
2018-03-23T10:00:00Z,0.584,22.1,1.8,Port Kembla,6.48,SIMP_201812_WP,3,March,234.6,13.0,19.4
2018-03-23T11:00:00Z,0.807,22.1,0.9,Port Kembla,3.24,SIMP_201812_WP,3,March,234.6,13.0,19.4
2018-03-23T12:00:00Z,1.069,22.1,1.5,Port Kembla,5.4,SIMP_201812_WP,3,March,234.6,13.0,19.4
2018-03-23T13:00:00Z,1.312,22,2,Port Kembla,7.2,SIMP_201812_WP,3,March,234.6,13.0,19.4
2018-03-23T14:00:00Z,1.486,22,0.9,Port Kembla,3.24,SIMP_201812_WP,3,March,234.6,13.0,19.4
2018-03-23T15:00:00Z,1.552,22,3.2,Port Kembla,11.520000000000001,SIMP_201812_WP,3,March,234.6,13.0,19.4
2018-03-23T16:00:00Z,1.472,22,1.4,Port Kembla,5.04,SIMP_201812_WP,3,March,234.6,13.0,19.4
2018-03-23T17:00:00Z,1.281,22,3.3,Port Kembla,11.879999999999999,SIMP_201812_WP,3,March,234.6,13.0,19.4
2018-03-23T18:00:00Z,1.029,22,0.4,Port Kembla,1.4400000000000002,SIMP_201812_WP,3,March,234.6,13.0,19.4
2018-03-23T19:00:00Z,0.771,22,1,Port Kembla,3.6,SIMP_201812_WP,3,March,234.6,13.0,19.4
2018-03-23T20:00:00Z,0.549,22,2.7,Port Kembla,9.72,SIMP_201812_WP,3,March,234.6,13.0,19.4
2018-03-23T21:00:00Z,0.404,21.9,3.9,Port Kembla,14.04,SIMP_201812_WP,3,March,234.6,13.0,19.4
2018-03-23T22:00:00Z,0.387,22,0.8,Port Kembla,2.8800000000000003,SIMP_201812_WP,3,March,234.6,13.0,19.4
2018-03-23T23:00:00Z,0.473,21.9,3.2,Port Kembla,11.520000000000001,SIMP_201812_WP,3,March,234.6,13.0,19.4
2018-03-24T00:00:00Z,0.635,22,5,Port Kembla,18,SIMP_201812_WP,3,March,234.6,13.0,19.4
2018-03-24T01:00:00Z,0.843,22.2,4.7,Port Kembla,16.92,SIMP_201812_WP,3,March,234.6,13.0,19.4
2018-03-24T02:00:00Z,1.031,22.4,6,Port Kembla,21.6,SIMP_201812_WP,3,March,234.6,13.0,19.4
2018-03-24T03:00:00Z,1.159,22.4,6.9,Port Kembla,24.840000000000003,SIMP_201812_WP,3,March,234.6,13.0,19.4
2018-03-24T04:00:00Z,1.183,22.5,7.2,Port Kembla,25.92,SIMP_201812_WP,3,March,234.6,13.0,19.4
2018-03-24T05:00:00Z,1.107,22.6,7.7,Port Kembla,27.720000000000002,SIMP_201812_WP,3,March,234.6,13.0,19.4
2018-03-24T06:00:00Z,0.966,22.6,8.4,Port Kembla,30.240000000000002,SIMP_201812_WP,3,March,234.6,13.0,19.4
2018-03-24T07:00:00Z,0.792,22.7,8.1,Port Kembla,29.16,SIMP_201812_WP,3,March,234.6,13.0,19.4
2018-03-24T08:00:00Z,0.643,22.8,6.5,Port Kembla,23.400000000000002,SIMP_201812_WP,3,March,234.6,13.0,19.4
2018-03-24T09:00:00Z,0.548,22.8,5.1,Port Kembla,18.36,SIMP_201812_WP,3,March,234.6,13.0,19.4
2018-03-24T10:00:00Z,0.554,22.7,3.4,Port Kembla,12.24,SIMP_201812_WP,3,March,234.6,13.0,19.4
2018-03-24T11:00:00Z,0.662,22.7,3.1,Port Kembla,11.16,SIMP_201812_WP,3,March,234.6,13.0,19.4
2018-03-24T12:00:00Z,0.847,22.6,3.4,Port Kembla,12.24,SIMP_201812_WP,3,March,234.6,13.0,19.4
2018-03-24T13:00:00Z,1.067,22.4,2.3,Port Kembla,8.28,SIMP_201812_WP,3,March,234.6,13.0,19.4
2018-03-24T14:00:00Z,1.297,22.4,2.1,Port Kembla,7.5600000000000005,SIMP_201812_WP,3,March,234.6,13.0,19.4
2018-03-24T15:00:00Z,1.465,22.4,0.6,Port Kembla,2.16,SIMP_201812_WP,3,March,234.6,13.0,19.4
2018-03-24T16:00:00Z,1.53,22.5,2,Port Kembla,7.2,SIMP_201812_WP,3,March,234.6,13.0,19.4
2018-03-24T17:00:00Z,1.477,22.5,2.7,Port Kembla,9.72,SIMP_201812_WP,3,March,234.6,13.0,19.4
2018-03-24T18:00:00Z,1.323,22.5,2.5,Port Kembla,9,SIMP_201812_WP,3,March,234.6,13.0,19.4
2018-03-24T19:00:00Z,1.1,22.5,1.6,Port Kembla,5.760000000000001,SIMP_201812_WP,3,March,234.6,13.0,19.4
2018-03-24T20:00:00Z,0.848,22.5,4.6,Port Kembla,16.56,SIMP_201812_WP,3,March,234.6,13.0,19.4
2018-03-24T21:00:00Z,0.63,22.4,4.2,Port Kembla,15.120000000000001,SIMP_201812_WP,3,March,234.6,13.0,19.4
2018-03-24T22:00:00Z,0.485,22.4,4.8,Port Kembla,17.28,SIMP_201812_WP,3,March,234.6,13.0,19.4
2018-03-24T23:00:00Z,0.445,22.6,3.5,Port Kembla,12.6,SIMP_201812_WP,3,March,234.6,13.0,19.4
2018-03-25T00:00:00Z,0.511,22.8,4.2,Port Kembla,15.120000000000001,SIMP_201812_WP,3,March,234.6,13.0,19.4
2018-03-25T01:00:00Z,0.663,22.9,5.5,Port Kembla,19.8,SIMP_201812_WP,3,March,234.6,13.0,19.4
2018-03-25T02:00:00Z,0.876,22.7,7,Port Kembla,25.2,SIMP_201812_WP,3,March,234.6,13.0,19.4
2018-03-25T03:00:00Z,1.067,22.9,8.3,Port Kembla,29.880000000000003,SIMP_201812_WP,3,March,234.6,13.0,19.4
2018-03-25T04:00:00Z,1.207,23.2,9.6,Port Kembla,34.56,SIMP_201812_WP,3,March,234.6,13.0,19.4
2018-03-25T05:00:00Z,1.257,23.2,3.1,Port Kembla,11.16,SIMP_201812_WP,3,March,234.6,13.0,19.4
2018-03-25T06:00:00Z,1.21,23.1,4.2,Port Kembla,15.120000000000001,SIMP_201812_WP,3,March,234.6,13.0,19.4
2018-03-25T07:00:00Z,1.062,23.1,7.2,Port Kembla,25.92,SIMP_201812_WP,3,March,234.6,13.0,19.4
2018-03-25T08:00:00Z,0.899,23.2,6.4,Port Kembla,23.040000000000003,SIMP_201812_WP,3,March,234.6,13.0,19.4
2018-03-25T09:00:00Z,0.747,23.2,4.6,Port Kembla,16.56,SIMP_201812_WP,3,March,234.6,13.0,19.4
2018-03-25T10:00:00Z,0.652,23.1,3.3,Port Kembla,11.879999999999999,SIMP_201812_WP,3,March,234.6,13.0,19.4
2018-03-25T11:00:00Z,0.643,23.1,5.1,Port Kembla,18.36,SIMP_201812_WP,3,March,234.6,13.0,19.4
2018-03-25T12:00:00Z,0.728,22.9,4.8,Port Kembla,17.28,SIMP_201812_WP,3,March,234.6,13.0,19.4
2018-03-25T13:00:00Z,0.906,22.8,1.5,Port Kembla,5.4,SIMP_201812_WP,3,March,234.6,13.0,19.4
2018-03-25T14:00:00Z,1.139,22.7,2.7,Port Kembla,9.72,SIMP_201812_WP,3,March,234.6,13.0,19.4
2018-03-25T15:00:00Z,1.382,22.6,3.5,Port Kembla,12.6,SIMP_201812_WP,3,March,234.6,13.0,19.4
2018-03-25T16:00:00Z,1.568,22.5,1.7,Port Kembla,6.12,SIMP_201812_WP,3,March,234.6,13.0,19.4
2018-03-25T17:00:00Z,1.651,22.4,3,Port Kembla,10.8,SIMP_201812_WP,3,March,234.6,13.0,19.4
2018-03-25T18:00:00Z,1.62,22.4,2.5,Port Kembla,9,SIMP_201812_WP,3,March,234.6,13.0,19.4
2018-03-25T19:00:00Z,1.476,22.5,2.6,Port Kembla,9.360000000000001,SIMP_201812_WP,3,March,234.6,13.0,19.4
2018-03-25T20:00:00Z,1.234,22.4,2.7,Port Kembla,9.72,SIMP_201812_WP,3,March,234.6,13.0,19.4
2018-03-25T21:00:00Z,0.945,22.5,2.2,Port Kembla,7.920000000000001,SIMP_201812_WP,3,March,234.6,13.0,19.4
2018-03-25T22:00:00Z,0.662,22.5,6.6,Port Kembla,23.759999999999998,SIMP_201812_WP,3,March,234.6,13.0,19.4
2018-03-25T23:00:00Z,0.431,22.4,10.9,Port Kembla,39.24,SIMP_201812_WP,3,March,234.6,13.0,19.4
2018-03-26T00:00:00Z,0.354,22.4,11.1,Port Kembla,39.96,SIMP_201812_WP,3,March,234.6,13.0,19.4
2018-03-26T01:00:00Z,0.392,22.4,9.3,Port Kembla,33.480000000000004,SIMP_201812_WP,3,March,234.6,13.0,19.4
2018-03-26T02:00:00Z,0.532,22.4,7.5,Port Kembla,27,SIMP_201812_WP,3,March,234.6,13.0,19.4
2018-03-26T03:00:00Z,0.739,22.5,4.4,Port Kembla,15.840000000000002,SIMP_201812_WP,3,March,234.6,13.0,19.4
2018-03-26T04:00:00Z,0.956,22.5,7.1,Port Kembla,25.56,SIMP_201812_WP,3,March,234.6,13.0,19.4
2018-03-26T05:00:00Z,1.123,22.5,7.1,Port Kembla,25.56,SIMP_201812_WP,3,March,234.6,13.0,19.4
2018-03-26T06:00:00Z,1.206,22.6,6.3,Port Kembla,22.68,SIMP_201812_WP,3,March,234.6,13.0,19.4
2018-03-26T07:00:00Z,1.188,22.6,6.1,Port Kembla,21.96,SIMP_201812_WP,3,March,234.6,13.0,19.4
2018-03-26T08:00:00Z,1.082,22.5,4.1,Port Kembla,14.76,SIMP_201812_WP,3,March,234.6,13.0,19.4
2018-03-26T09:00:00Z,0.909,22.5,5,Port Kembla,18,SIMP_201812_WP,3,March,234.6,13.0,19.4
2018-03-26T10:00:00Z,0.72,22.4,7.6,Port Kembla,27.36,SIMP_201812_WP,3,March,234.6,13.0,19.4
2018-03-26T11:00:00Z,0.579,22.2,6.6,Port Kembla,23.759999999999998,SIMP_201812_WP,3,March,234.6,13.0,19.4
2018-03-26T12:00:00Z,0.517,22.3,5,Port Kembla,18,SIMP_201812_WP,3,March,234.6,13.0,19.4
2018-03-26T13:00:00Z,0.585,22.1,3.8,Port Kembla,13.68,SIMP_201812_WP,3,March,234.6,13.0,19.4
2018-03-26T14:00:00Z,0.745,22.1,5.4,Port Kembla,19.44,SIMP_201812_WP,3,March,234.6,13.0,19.4
2018-03-26T15:00:00Z,0.992,22.3,2.5,Port Kembla,9,SIMP_201812_WP,3,March,234.6,13.0,19.4
2018-03-26T16:00:00Z,1.256,22.1,3.2,Port Kembla,11.520000000000001,SIMP_201812_WP,3,March,234.6,13.0,19.4
2018-03-26T17:00:00Z,1.484,22.1,4.6,Port Kembla,16.56,SIMP_201812_WP,3,March,234.6,13.0,19.4
2018-03-26T18:00:00Z,1.605,22,3.4,Port Kembla,12.24,SIMP_201812_WP,3,March,234.6,13.0,19.4
2018-03-26T19:00:00Z,1.6,22,2.8,Port Kembla,10.08,SIMP_201812_WP,3,March,234.6,13.0,19.4
2018-03-26T20:00:00Z,1.461,22,1.6,Port Kembla,5.760000000000001,SIMP_201812_WP,3,March,234.6,13.0,19.4
2018-03-26T21:00:00Z,1.208,21.8,2.2,Port Kembla,7.920000000000001,SIMP_201812_WP,3,March,234.6,13.0,19.4
2018-03-26T22:00:00Z,0.905,21.8,3.2,Port Kembla,11.520000000000001,SIMP_201812_WP,3,March,234.6,13.0,19.4
2018-03-26T23:00:00Z,0.612,21.8,2.5,Port Kembla,9,SIMP_201812_WP,3,March,234.6,13.0,19.4
2018-03-27T00:00:00Z,0.391,21.8,1.4,Port Kembla,5.04,SIMP_201812_WP,3,March,234.6,13.0,19.4
2018-03-27T01:00:00Z,0.291,21.9,2.3,Port Kembla,8.28,SIMP_201812_WP,3,March,234.6,13.0,19.4
2018-03-27T02:00:00Z,0.331,21.9,2.6,Port Kembla,9.360000000000001,SIMP_201812_WP,3,March,234.6,13.0,19.4
2018-03-27T03:00:00Z,0.497,21.9,3.5,Port Kembla,12.6,SIMP_201812_WP,3,March,234.6,13.0,19.4
2018-03-27T04:00:00Z,0.747,21.9,3,Port Kembla,10.8,SIMP_201812_WP,3,March,234.6,13.0,19.4
2018-03-27T05:00:00Z,1.021,21.9,2.9,Port Kembla,10.44,SIMP_201812_WP,3,March,234.6,13.0,19.4
2018-03-27T06:00:00Z,1.235,21.9,3.5,Port Kembla,12.6,SIMP_201812_WP,3,March,234.6,13.0,19.4
2018-03-27T07:00:00Z,1.361,22,3.3,Port Kembla,11.879999999999999,SIMP_201812_WP,3,March,234.6,13.0,19.4
2018-03-27T08:00:00Z,1.363,22,4,Port Kembla,14.4,SIMP_201812_WP,3,March,234.6,13.0,19.4
2018-03-27T09:00:00Z,1.25,22.1,4.6,Port Kembla,16.56,SIMP_201812_WP,3,March,234.6,13.0,19.4
2018-03-27T10:00:00Z,1.051,22,2.6,Port Kembla,9.360000000000001,SIMP_201812_WP,3,March,234.6,13.0,19.4
2018-03-27T11:00:00Z,0.839,22,1.2,Port Kembla,4.32,SIMP_201812_WP,3,March,234.6,13.0,19.4
2018-03-27T12:00:00Z,0.672,22,2,Port Kembla,7.2,SIMP_201812_WP,3,March,234.6,13.0,19.4
2018-03-27T13:00:00Z,0.602,22,2.4,Port Kembla,8.64,SIMP_201812_WP,3,March,234.6,13.0,19.4
2018-03-27T14:00:00Z,0.659,22,2.8,Port Kembla,10.08,SIMP_201812_WP,3,March,234.6,13.0,19.4
2018-03-27T15:00:00Z,0.838,22.1,2.2,Port Kembla,7.920000000000001,SIMP_201812_WP,3,March,234.6,13.0,19.4
2018-03-27T16:00:00Z,1.1,22.1,3.8,Port Kembla,13.68,SIMP_201812_WP,3,March,234.6,13.0,19.4
2018-03-27T17:00:00Z,1.387,22.1,4.1,Port Kembla,14.76,SIMP_201812_WP,3,March,234.6,13.0,19.4
2018-03-27T18:00:00Z,1.632,22,2.7,Port Kembla,9.72,SIMP_201812_WP,3,March,234.6,13.0,19.4
2018-03-27T19:00:00Z,1.779,22,3,Port Kembla,10.8,SIMP_201812_WP,3,March,234.6,13.0,19.4
2018-03-27T20:00:00Z,1.765,22,3.8,Port Kembla,13.68,SIMP_201812_WP,3,March,234.6,13.0,19.4
2018-03-27T21:00:00Z,1.603,22,4,Port Kembla,14.4,SIMP_201812_WP,3,March,234.6,13.0,19.4
2018-03-27T22:00:00Z,1.318,22,4.4,Port Kembla,15.840000000000002,SIMP_201812_WP,3,March,234.6,13.0,19.4
2018-03-27T23:00:00Z,0.969,22,4.5,Port Kembla,16.2,SIMP_201812_WP,3,March,234.6,13.0,19.4
2018-03-28T00:00:00Z,0.645,22.1,4.1,Port Kembla,14.76,SIMP_201812_WP,3,March,234.6,13.0,19.4
2018-03-28T01:00:00Z,0.4,22.3,4.7,Port Kembla,16.92,SIMP_201812_WP,3,March,234.6,13.0,19.4
2018-03-28T02:00:00Z,0.3,22.5,5.2,Port Kembla,18.720000000000002,SIMP_201812_WP,3,March,234.6,13.0,19.4
2018-03-28T03:00:00Z,0.353,22.5,5.6,Port Kembla,20.16,SIMP_201812_WP,3,March,234.6,13.0,19.4
2018-03-28T04:00:00Z,0.542,22.6,5.6,Port Kembla,20.16,SIMP_201812_WP,3,March,234.6,13.0,19.4
2018-03-28T05:00:00Z,0.814,22.6,5.9,Port Kembla,21.240000000000002,SIMP_201812_WP,3,March,234.6,13.0,19.4
2018-03-28T06:00:00Z,1.099,22.6,4.6,Port Kembla,16.56,SIMP_201812_WP,3,March,234.6,13.0,19.4
2018-03-28T07:00:00Z,1.334,22.6,4.6,Port Kembla,16.56,SIMP_201812_WP,3,March,234.6,13.0,19.4
2018-03-28T08:00:00Z,1.444,22.7,4.8,Port Kembla,17.28,SIMP_201812_WP,3,March,234.6,13.0,19.4
2018-03-28T09:00:00Z,1.415,22.7,4.4,Port Kembla,15.840000000000002,SIMP_201812_WP,3,March,234.6,13.0,19.4
2018-03-28T10:00:00Z,1.255,22.6,1,Port Kembla,3.6,SIMP_201812_WP,3,March,234.6,13.0,19.4
2018-03-28T11:00:00Z,1.013,22.4,1.8,Port Kembla,6.48,SIMP_201812_WP,3,March,234.6,13.0,19.4
2018-03-28T12:00:00Z,0.751,22.4,1.3,Port Kembla,4.680000000000001,SIMP_201812_WP,3,March,234.6,13.0,19.4
2018-03-28T13:00:00Z,0.549,22.5,1.4,Port Kembla,5.04,SIMP_201812_WP,3,March,234.6,13.0,19.4
2018-03-28T14:00:00Z,0.469,22.6,1.9,Port Kembla,6.84,SIMP_201812_WP,3,March,234.6,13.0,19.4
2018-03-28T15:00:00Z,0.526,22.6,2.2,Port Kembla,7.920000000000001,SIMP_201812_WP,3,March,234.6,13.0,19.4
2018-03-28T16:00:00Z,0.721,22.5,1.5,Port Kembla,5.4,SIMP_201812_WP,3,March,234.6,13.0,19.4
2018-03-28T17:00:00Z,1.011,22.3,2.3,Port Kembla,8.28,SIMP_201812_WP,3,March,234.6,13.0,19.4
2018-03-28T18:00:00Z,1.332,22,0.8,Port Kembla,2.8800000000000003,SIMP_201812_WP,3,March,234.6,13.0,19.4
2018-03-28T19:00:00Z,1.598,22.3,2.2,Port Kembla,7.920000000000001,SIMP_201812_WP,3,March,234.6,13.0,19.4
2018-03-28T20:00:00Z,1.737,21.7,1.1,Port Kembla,3.9600000000000004,SIMP_201812_WP,3,March,234.6,13.0,19.4
2018-03-28T21:00:00Z,1.708,21.8,0.1,Port Kembla,0.36000000000000004,SIMP_201812_WP,3,March,234.6,13.0,19.4
2018-03-28T22:00:00Z,1.515,22.1,0.9,Port Kembla,3.24,SIMP_201812_WP,3,March,234.6,13.0,19.4
2018-03-28T23:00:00Z,1.194,22.2,1.1,Port Kembla,3.9600000000000004,SIMP_201812_WP,3,March,234.6,13.0,19.4
2018-03-29T00:00:00Z,0.821,22.3,3.8,Port Kembla,13.68,SIMP_201812_WP,3,March,234.6,13.0,19.4
2018-03-29T01:00:00Z,0.479,22.4,4.3,Port Kembla,15.48,SIMP_201812_WP,3,March,234.6,13.0,19.4
2018-03-29T02:00:00Z,0.242,22.6,4.3,Port Kembla,15.48,SIMP_201812_WP,3,March,234.6,13.0,19.4
2018-03-29T03:00:00Z,0.163,22.9,5,Port Kembla,18,SIMP_201812_WP,3,March,234.6,13.0,19.4
2018-03-29T04:00:00Z,0.258,23,5.4,Port Kembla,19.44,SIMP_201812_WP,3,March,234.6,13.0,19.4
2018-03-29T05:00:00Z,0.507,23.1,5.4,Port Kembla,19.44,SIMP_201812_WP,3,March,234.6,13.0,19.4
2018-03-29T06:00:00Z,0.824,23.2,5.1,Port Kembla,18.36,SIMP_201812_WP,3,March,234.6,13.0,19.4
2018-03-29T07:00:00Z,1.141,23.2,4.8,Port Kembla,17.28,SIMP_201812_WP,3,March,234.6,13.0,19.4
2018-03-29T08:00:00Z,1.387,23.1,4.9,Port Kembla,17.64,SIMP_201812_WP,3,March,234.6,13.0,19.4
2018-03-29T09:00:00Z,1.494,22.7,3.6,Port Kembla,12.96,SIMP_201812_WP,3,March,234.6,13.0,19.4
2018-03-29T10:00:00Z,1.44,22.5,2.5,Port Kembla,9,SIMP_201812_WP,3,March,234.6,13.0,19.4
2018-03-29T11:00:00Z,1.243,22.4,2.7,Port Kembla,9.72,SIMP_201812_WP,3,March,234.6,13.0,19.4
2018-03-29T12:00:00Z,0.962,22.5,2.5,Port Kembla,9,SIMP_201812_WP,3,March,234.6,13.0,19.4
2018-03-29T13:00:00Z,0.672,22.8,2.7,Port Kembla,9.72,SIMP_201812_WP,3,March,234.6,13.0,19.4
2018-03-29T14:00:00Z,0.466,22.9,2.8,Port Kembla,10.08,SIMP_201812_WP,3,March,234.6,13.0,19.4
2018-03-29T15:00:00Z,0.395,22.9,4.7,Port Kembla,16.92,SIMP_201812_WP,3,March,234.6,13.0,19.4
2018-03-29T16:00:00Z,0.476,22.9,3.3,Port Kembla,11.879999999999999,SIMP_201812_WP,3,March,234.6,13.0,19.4
2018-03-29T17:00:00Z,0.714,22.8,2.2,Port Kembla,7.920000000000001,SIMP_201812_WP,3,March,234.6,13.0,19.4
2018-03-29T18:00:00Z,1.043,22.3,1.5,Port Kembla,5.4,SIMP_201812_WP,3,March,234.6,13.0,19.4
2018-03-29T19:00:00Z,1.383,22.3,1.3,Port Kembla,4.680000000000001,SIMP_201812_WP,3,March,234.6,13.0,19.4
2018-03-29T20:00:00Z,1.659,22.2,1.8,Port Kembla,6.48,SIMP_201812_WP,3,March,234.6,13.0,19.4
2018-03-29T21:00:00Z,1.79,22.4,0.6,Port Kembla,2.16,SIMP_201812_WP,3,March,234.6,13.0,19.4
2018-03-29T22:00:00Z,1.742,22.4,2.8,Port Kembla,10.08,SIMP_201812_WP,3,March,234.6,13.0,19.4
2018-03-29T23:00:00Z,1.517,21.9,3.9,Port Kembla,14.04,SIMP_201812_WP,3,March,234.6,13.0,19.4
2018-03-30T00:00:00Z,1.173,21.9,3.1,Port Kembla,11.16,SIMP_201812_WP,3,March,234.6,13.0,19.4
2018-03-30T01:00:00Z,0.799,22,4,Port Kembla,14.4,SIMP_201812_WP,3,March,234.6,13.0,19.4
2018-03-30T02:00:00Z,0.474,22,2.9,Port Kembla,10.44,SIMP_201812_WP,3,March,234.6,13.0,19.4
2018-03-30T03:00:00Z,0.28,22.2,1.8,Port Kembla,6.48,SIMP_201812_WP,3,March,234.6,13.0,19.4
2018-03-30T04:00:00Z,0.24,22.2,3.4,Port Kembla,12.24,SIMP_201812_WP,3,March,234.6,13.0,19.4
2018-03-30T05:00:00Z,0.372,22.3,3.4,Port Kembla,12.24,SIMP_201812_WP,3,March,234.6,13.0,19.4
2018-03-30T06:00:00Z,0.652,22.2,3.4,Port Kembla,12.24,SIMP_201812_WP,3,March,234.6,13.0,19.4
2018-03-30T07:00:00Z,0.985,22.1,2.5,Port Kembla,9,SIMP_201812_WP,3,March,234.6,13.0,19.4
2018-03-30T08:00:00Z,1.301,21.9,3.5,Port Kembla,12.6,SIMP_201812_WP,3,March,234.6,13.0,19.4
2018-03-30T09:00:00Z,1.517,21.9,3.7,Port Kembla,13.32,SIMP_201812_WP,3,March,234.6,13.0,19.4
2018-03-30T10:00:00Z,1.572,21.8,3.9,Port Kembla,14.04,SIMP_201812_WP,3,March,234.6,13.0,19.4
2018-03-30T11:00:00Z,1.46,21.9,3.5,Port Kembla,12.6,SIMP_201812_WP,3,March,234.6,13.0,19.4
2018-03-30T12:00:00Z,1.199,21.9,4,Port Kembla,14.4,SIMP_201812_WP,3,March,234.6,13.0,19.4
2018-03-30T13:00:00Z,0.874,21.9,3.2,Port Kembla,11.520000000000001,SIMP_201812_WP,3,March,234.6,13.0,19.4
2018-03-30T14:00:00Z,0.578,21.9,3.9,Port Kembla,14.04,SIMP_201812_WP,3,March,234.6,13.0,19.4
2018-03-30T15:00:00Z,0.364,21.9,2.5,Port Kembla,9,SIMP_201812_WP,3,March,234.6,13.0,19.4
2018-03-30T16:00:00Z,0.301,21.8,2.6,Port Kembla,9.360000000000001,SIMP_201812_WP,3,March,234.6,13.0,19.4
2018-03-30T17:00:00Z,0.416,21.8,2.5,Port Kembla,9,SIMP_201812_WP,3,March,234.6,13.0,19.4
2018-03-30T18:00:00Z,0.678,21.9,4,Port Kembla,14.4,SIMP_201812_WP,3,March,234.6,13.0,19.4
2018-03-30T19:00:00Z,1.032,21.8,4.7,Port Kembla,16.92,SIMP_201812_WP,3,March,234.6,13.0,19.4
2018-03-30T20:00:00Z,1.356,21.8,4.2,Port Kembla,15.120000000000001,SIMP_201812_WP,3,March,234.6,13.0,19.4
2018-03-30T21:00:00Z,1.602,21.8,3.7,Port Kembla,13.32,SIMP_201812_WP,3,March,234.6,13.0,19.4
2018-03-30T22:00:00Z,1.69,21.8,3.1,Port Kembla,11.16,SIMP_201812_WP,3,March,234.6,13.0,19.4
2018-03-30T23:00:00Z,1.596,21.8,3,Port Kembla,10.8,SIMP_201812_WP,3,March,234.6,13.0,19.4
2018-03-31T00:00:00Z,1.335,21.8,2.6,Port Kembla,9.360000000000001,SIMP_201812_WP,3,March,234.6,13.0,19.4
2018-03-31T01:00:00Z,0.98,21.8,2.7,Port Kembla,9.72,SIMP_201812_WP,3,March,234.6,13.0,19.4
2018-03-31T02:00:00Z,0.613,21.9,3.1,Port Kembla,11.16,SIMP_201812_WP,3,March,234.6,13.0,19.4
2018-03-31T03:00:00Z,0.328,22.2,3.5,Port Kembla,12.6,SIMP_201812_WP,3,March,234.6,13.0,19.4
2018-03-31T04:00:00Z,0.184,22.4,4.3,Port Kembla,15.48,SIMP_201812_WP,3,March,234.6,13.0,19.4
2018-03-31T05:00:00Z,0.203,22.5,3.7,Port Kembla,13.32,SIMP_201812_WP,3,March,234.6,13.0,19.4
2018-03-31T06:00:00Z,0.4,22.6,3.3,Port Kembla,11.879999999999999,SIMP_201812_WP,3,March,234.6,13.0,19.4
2018-03-31T07:00:00Z,0.711,22.6,4,Port Kembla,14.4,SIMP_201812_WP,3,March,234.6,13.0,19.4
2018-03-31T08:00:00Z,1.064,22.6,3.7,Port Kembla,13.32,SIMP_201812_WP,3,March,234.6,13.0,19.4
2018-03-31T09:00:00Z,1.366,22.3,2.7,Port Kembla,9.72,SIMP_201812_WP,3,March,234.6,13.0,19.4
2018-03-31T10:00:00Z,1.545,22.3,1.7,Port Kembla,6.12,SIMP_201812_WP,3,March,234.6,13.0,19.4
2018-03-31T11:00:00Z,1.559,22.1,1.4,Port Kembla,5.04,SIMP_201812_WP,3,March,234.6,13.0,19.4
2018-03-31T12:00:00Z,1.398,22.1,1.9,Port Kembla,6.84,SIMP_201812_WP,3,March,234.6,13.0,19.4
2018-03-31T13:00:00Z,1.107,22.1,3.9,Port Kembla,14.04,SIMP_201812_WP,3,March,234.6,13.0,19.4
2018-03-31T14:00:00Z,0.779,22.4,3.6,Port Kembla,12.96,SIMP_201812_WP,3,March,234.6,13.0,19.4
2018-03-31T15:00:00Z,0.504,22.3,3.3,Port Kembla,11.879999999999999,SIMP_201812_WP,3,March,234.6,13.0,19.4
2018-03-31T16:00:00Z,0.34,22.4,4.9,Port Kembla,17.64,SIMP_201812_WP,3,March,234.6,13.0,19.4
2018-03-31T17:00:00Z,0.324,22.4,5.3,Port Kembla,19.08,SIMP_201812_WP,3,March,234.6,13.0,19.4
2018-03-31T18:00:00Z,0.479,22.3,3.6,Port Kembla,12.96,SIMP_201812_WP,3,March,234.6,13.0,19.4
2018-03-31T19:00:00Z,0.773,22.3,3.7,Port Kembla,13.32,SIMP_201812_WP,3,March,234.6,13.0,19.4
2018-03-31T20:00:00Z,1.118,22.3,4.1,Port Kembla,14.76,SIMP_201812_WP,3,March,234.6,13.0,19.4
2018-03-31T21:00:00Z,1.424,22.3,2.9,Port Kembla,10.44,SIMP_201812_WP,3,March,234.6,13.0,19.4
2018-03-31T22:00:00Z,1.618,22.3,1.1,Port Kembla,3.9600000000000004,SIMP_201812_WP,3,March,234.6,13.0,19.4
2018-03-31T23:00:00Z,1.663,22.2,2.2,Port Kembla,7.920000000000001,SIMP_201812_WP,3,March,234.6,13.0,19.4
2018-04-01T00:00:00Z,1.536,22.1,4.3,Port Kembla,15.48,SIMP_201812_WP,4,April,178.4,12.0,17.0
2018-04-01T01:00:00Z,1.26,22.4,6.1,Port Kembla,21.96,SIMP_201812_WP,4,April,178.4,12.0,17.0
2018-04-01T02:00:00Z,0.919,22.7,6.4,Port Kembla,23.040000000000003,SIMP_201812_WP,4,April,178.4,12.0,17.0
2018-04-01T03:00:00Z,0.603,22.9,6.1,Port Kembla,21.96,SIMP_201812_WP,4,April,178.4,12.0,17.0
2018-04-01T04:00:00Z,0.382,22.9,4.5,Port Kembla,16.2,SIMP_201812_WP,4,April,178.4,12.0,17.0
2018-04-01T05:00:00Z,0.288,23.1,3.8,Port Kembla,13.68,SIMP_201812_WP,4,April,178.4,12.0,17.0
2018-04-01T06:00:00Z,0.373,23.2,3.1,Port Kembla,11.16,SIMP_201812_WP,4,April,178.4,12.0,17.0
2018-04-01T07:00:00Z,0.615,23.2,4.3,Port Kembla,15.48,SIMP_201812_WP,4,April,178.4,12.0,17.0
2018-04-01T08:00:00Z,0.946,23.2,3.6,Port Kembla,12.96,SIMP_201812_WP,4,April,178.4,12.0,17.0
2018-04-01T09:00:00Z,1.277,22.9,1,Port Kembla,3.6,SIMP_201812_WP,4,April,178.4,12.0,17.0
2018-04-01T10:00:00Z,1.518,22.4,3.9,Port Kembla,14.04,SIMP_201812_WP,4,April,178.4,12.0,17.0
2018-04-01T11:00:00Z,1.633,22.3,2.3,Port Kembla,8.28,SIMP_201812_WP,4,April,178.4,12.0,17.0
2018-04-01T12:00:00Z,1.585,22.3,0.9,Port Kembla,3.24,SIMP_201812_WP,4,April,178.4,12.0,17.0
2018-04-01T13:00:00Z,1.371,22.3,1.9,Port Kembla,6.84,SIMP_201812_WP,4,April,178.4,12.0,17.0
2018-04-01T14:00:00Z,1.069,22.3,0.3,Port Kembla,1.08,SIMP_201812_WP,4,April,178.4,12.0,17.0
2018-04-01T15:00:00Z,0.755,22.4,0.2,Port Kembla,0.7200000000000001,SIMP_201812_WP,4,April,178.4,12.0,17.0
2018-04-01T16:00:00Z,0.505,22.6,0.5,Port Kembla,1.8,SIMP_201812_WP,4,April,178.4,12.0,17.0
2018-04-01T17:00:00Z,0.383,22.6,1.2,Port Kembla,4.32,SIMP_201812_WP,4,April,178.4,12.0,17.0
2018-04-01T18:00:00Z,0.411,22.6,0.6,Port Kembla,2.16,SIMP_201812_WP,4,April,178.4,12.0,17.0
2018-04-01T19:00:00Z,0.59,22.6,0.2,Port Kembla,0.7200000000000001,SIMP_201812_WP,4,April,178.4,12.0,17.0
2018-04-01T20:00:00Z,0.875,22.5,2.1,Port Kembla,7.5600000000000005,SIMP_201812_WP,4,April,178.4,12.0,17.0
2018-04-01T21:00:00Z,1.19,22.5,0.9,Port Kembla,3.24,SIMP_201812_WP,4,April,178.4,12.0,17.0
2018-04-01T22:00:00Z,1.449,22.4,1.5,Port Kembla,5.4,SIMP_201812_WP,4,April,178.4,12.0,17.0
2018-04-01T23:00:00Z,1.591,22.4,2.6,Port Kembla,9.360000000000001,SIMP_201812_WP,4,April,178.4,12.0,17.0
2018-04-02T00:00:00Z,1.588,22.2,2.6,Port Kembla,9.360000000000001,SIMP_201812_WP,4,April,178.4,12.0,17.0
2018-04-02T01:00:00Z,1.427,22.1,0,Port Kembla,0,SIMP_201812_WP,4,April,178.4,12.0,17.0
2018-04-02T02:00:00Z,1.145,22,2.3,Port Kembla,8.28,SIMP_201812_WP,4,April,178.4,12.0,17.0
2018-04-02T03:00:00Z,0.835,22.3,2.4,Port Kembla,8.64,SIMP_201812_WP,4,April,178.4,12.0,17.0
2018-04-02T04:00:00Z,0.575,22.3,1.7,Port Kembla,6.12,SIMP_201812_WP,4,April,178.4,12.0,17.0
2018-04-02T05:00:00Z,0.419,22.3,0.3,Port Kembla,1.08,SIMP_201812_WP,4,April,178.4,12.0,17.0
2018-04-02T06:00:00Z,0.401,22.4,1.9,Port Kembla,6.84,SIMP_201812_WP,4,April,178.4,12.0,17.0
2018-04-02T07:00:00Z,0.536,22.4,4.4,Port Kembla,15.840000000000002,SIMP_201812_WP,4,April,178.4,12.0,17.0
2018-04-02T08:00:00Z,0.793,22.3,4.4,Port Kembla,15.840000000000002,SIMP_201812_WP,4,April,178.4,12.0,17.0
2018-04-02T09:00:00Z,1.111,22.1,5,Port Kembla,18,SIMP_201812_WP,4,April,178.4,12.0,17.0
2018-04-02T10:00:00Z,1.396,22,4.3,Port Kembla,15.48,SIMP_201812_WP,4,April,178.4,12.0,17.0
2018-04-02T11:00:00Z,1.583,21.9,3.4,Port Kembla,12.24,SIMP_201812_WP,4,April,178.4,12.0,17.0
2018-04-02T12:00:00Z,1.634,21.7,3,Port Kembla,10.8,SIMP_201812_WP,4,April,178.4,12.0,17.0
2018-04-02T13:00:00Z,1.519,21.7,3.5,Port Kembla,12.6,SIMP_201812_WP,4,April,178.4,12.0,17.0
2018-04-02T14:00:00Z,1.281,21.7,3.5,Port Kembla,12.6,SIMP_201812_WP,4,April,178.4,12.0,17.0
2018-04-02T15:00:00Z,0.977,21.7,3.4,Port Kembla,12.24,SIMP_201812_WP,4,April,178.4,12.0,17.0
2018-04-02T16:00:00Z,0.689,21.8,2.8,Port Kembla,10.08,SIMP_201812_WP,4,April,178.4,12.0,17.0
2018-04-02T17:00:00Z,0.481,21.8,2.5,Port Kembla,9,SIMP_201812_WP,4,April,178.4,12.0,17.0
2018-04-02T18:00:00Z,0.393,21.8,3.5,Port Kembla,12.6,SIMP_201812_WP,4,April,178.4,12.0,17.0
2018-04-02T19:00:00Z,0.445,21.7,3.1,Port Kembla,11.16,SIMP_201812_WP,4,April,178.4,12.0,17.0
2018-04-02T20:00:00Z,0.63,21.7,1.6,Port Kembla,5.760000000000001,SIMP_201812_WP,4,April,178.4,12.0,17.0
2018-04-02T21:00:00Z,0.898,21.8,2.1,Port Kembla,7.5600000000000005,SIMP_201812_WP,4,April,178.4,12.0,17.0
2018-04-02T22:00:00Z,1.164,21.9,1.8,Port Kembla,6.48,SIMP_201812_WP,4,April,178.4,12.0,17.0
2018-04-02T23:00:00Z,1.369,21.8,1.6,Port Kembla,5.760000000000001,SIMP_201812_WP,4,April,178.4,12.0,17.0
2018-04-03T00:00:00Z,1.466,21.8,2.1,Port Kembla,7.5600000000000005,SIMP_201812_WP,4,April,178.4,12.0,17.0
2018-04-03T01:00:00Z,1.413,21.8,1.2,Port Kembla,4.32,SIMP_201812_WP,4,April,178.4,12.0,17.0
2018-04-03T02:00:00Z,1.229,21.8,2,Port Kembla,7.2,SIMP_201812_WP,4,April,178.4,12.0,17.0
2018-04-03T03:00:00Z,0.977,22,1.3,Port Kembla,4.680000000000001,SIMP_201812_WP,4,April,178.4,12.0,17.0
2018-04-03T04:00:00Z,0.722,22.1,1.6,Port Kembla,5.760000000000001,SIMP_201812_WP,4,April,178.4,12.0,17.0
2018-04-03T05:00:00Z,0.526,22.2,1,Port Kembla,3.6,SIMP_201812_WP,4,April,178.4,12.0,17.0
2018-04-03T06:00:00Z,0.435,22.2,1.1,Port Kembla,3.9600000000000004,SIMP_201812_WP,4,April,178.4,12.0,17.0
2018-04-03T07:00:00Z,0.479,22.1,2.2,Port Kembla,7.920000000000001,SIMP_201812_WP,4,April,178.4,12.0,17.0
2018-04-03T08:00:00Z,0.67,22.1,2.1,Port Kembla,7.5600000000000005,SIMP_201812_WP,4,April,178.4,12.0,17.0
2018-04-03T09:00:00Z,0.944,22.1,2.1,Port Kembla,7.5600000000000005,SIMP_201812_WP,4,April,178.4,12.0,17.0
2018-04-03T10:00:00Z,1.231,22.1,2.4,Port Kembla,8.64,SIMP_201812_WP,4,April,178.4,12.0,17.0
2018-04-03T11:00:00Z,1.467,22,1.7,Port Kembla,6.12,SIMP_201812_WP,4,April,178.4,12.0,17.0
2018-04-03T12:00:00Z,1.604,22,1.9,Port Kembla,6.84,SIMP_201812_WP,4,April,178.4,12.0,17.0
2018-04-03T13:00:00Z,1.6,21.9,1.1,Port Kembla,3.9600000000000004,SIMP_201812_WP,4,April,178.4,12.0,17.0
2018-04-03T14:00:00Z,1.453,22,0.4,Port Kembla,1.4400000000000002,SIMP_201812_WP,4,April,178.4,12.0,17.0
2018-04-03T15:00:00Z,1.191,22,1.9,Port Kembla,6.84,SIMP_201812_WP,4,April,178.4,12.0,17.0
2018-04-03T16:00:00Z,0.9,22,2.1,Port Kembla,7.5600000000000005,SIMP_201812_WP,4,April,178.4,12.0,17.0
2018-04-03T17:00:00Z,0.64,22,2.5,Port Kembla,9,SIMP_201812_WP,4,April,178.4,12.0,17.0
2018-04-03T18:00:00Z,0.468,22,2.7,Port Kembla,9.72,SIMP_201812_WP,4,April,178.4,12.0,17.0
2018-04-03T19:00:00Z,0.415,21.9,2,Port Kembla,7.2,SIMP_201812_WP,4,April,178.4,12.0,17.0
2018-04-03T20:00:00Z,0.492,21.9,2.1,Port Kembla,7.5600000000000005,SIMP_201812_WP,4,April,178.4,12.0,17.0
2018-04-03T21:00:00Z,0.679,21.9,1.4,Port Kembla,5.04,SIMP_201812_WP,4,April,178.4,12.0,17.0
2018-04-03T22:00:00Z,0.912,21.9,2.5,Port Kembla,9,SIMP_201812_WP,4,April,178.4,12.0,17.0
2018-04-03T23:00:00Z,1.132,21.9,2.3,Port Kembla,8.28,SIMP_201812_WP,4,April,178.4,12.0,17.0
2018-04-04T00:00:00Z,1.287,21.9,2.2,Port Kembla,7.920000000000001,SIMP_201812_WP,4,April,178.4,12.0,17.0
2018-04-04T01:00:00Z,1.334,21.9,2.9,Port Kembla,10.44,SIMP_201812_WP,4,April,178.4,12.0,17.0
2018-04-04T02:00:00Z,1.254,21.9,2.9,Port Kembla,10.44,SIMP_201812_WP,4,April,178.4,12.0,17.0
2018-04-04T03:00:00Z,1.077,22.1,2.3,Port Kembla,8.28,SIMP_201812_WP,4,April,178.4,12.0,17.0
2018-04-04T04:00:00Z,0.854,22.1,2.8,Port Kembla,10.08,SIMP_201812_WP,4,April,178.4,12.0,17.0
2018-04-04T05:00:00Z,0.66,22.2,2.4,Port Kembla,8.64,SIMP_201812_WP,4,April,178.4,12.0,17.0
2018-04-04T06:00:00Z,0.528,22.1,2.9,Port Kembla,10.44,SIMP_201812_WP,4,April,178.4,12.0,17.0
2018-04-04T07:00:00Z,0.499,22.1,2.2,Port Kembla,7.920000000000001,SIMP_201812_WP,4,April,178.4,12.0,17.0
2018-04-04T08:00:00Z,0.607,22.2,1.6,Port Kembla,5.760000000000001,SIMP_201812_WP,4,April,178.4,12.0,17.0
2018-04-04T09:00:00Z,0.804,22.1,2.3,Port Kembla,8.28,SIMP_201812_WP,4,April,178.4,12.0,17.0
2018-04-04T10:00:00Z,1.062,22.1,1.3,Port Kembla,4.680000000000001,SIMP_201812_WP,4,April,178.4,12.0,17.0
2018-04-04T11:00:00Z,1.305,22,0.9,Port Kembla,3.24,SIMP_201812_WP,4,April,178.4,12.0,17.0
2018-04-04T12:00:00Z,1.483,21.9,2.3,Port Kembla,8.28,SIMP_201812_WP,4,April,178.4,12.0,17.0
2018-04-04T13:00:00Z,1.56,22,2.6,Port Kembla,9.360000000000001,SIMP_201812_WP,4,April,178.4,12.0,17.0
2018-04-04T14:00:00Z,1.508,22,1.8,Port Kembla,6.48,SIMP_201812_WP,4,April,178.4,12.0,17.0
2018-04-04T15:00:00Z,1.333,22,1.7,Port Kembla,6.12,SIMP_201812_WP,4,April,178.4,12.0,17.0
2018-04-04T16:00:00Z,1.083,22,1.6,Port Kembla,5.760000000000001,SIMP_201812_WP,4,April,178.4,12.0,17.0
2018-04-04T17:00:00Z,0.828,22,1.6,Port Kembla,5.760000000000001,SIMP_201812_WP,4,April,178.4,12.0,17.0
2018-04-04T18:00:00Z,0.626,22,1.3,Port Kembla,4.680000000000001,SIMP_201812_WP,4,April,178.4,12.0,17.0
2018-04-04T19:00:00Z,0.504,22.2,1.1,Port Kembla,3.9600000000000004,SIMP_201812_WP,4,April,178.4,12.0,17.0
2018-04-04T20:00:00Z,0.475,22.2,1.2,Port Kembla,4.32,SIMP_201812_WP,4,April,178.4,12.0,17.0
2018-04-04T21:00:00Z,0.573,22.1,1.6,Port Kembla,5.760000000000001,SIMP_201812_WP,4,April,178.4,12.0,17.0
2018-04-04T22:00:00Z,0.746,22.1,1.1,Port Kembla,3.9600000000000004,SIMP_201812_WP,4,April,178.4,12.0,17.0
2018-04-04T23:00:00Z,0.945,22.1,3,Port Kembla,10.8,SIMP_201812_WP,4,April,178.4,12.0,17.0
2018-04-05T00:00:00Z,1.116,22.2,3.7,Port Kembla,13.32,SIMP_201812_WP,4,April,178.4,12.0,17.0
2018-04-05T01:00:00Z,1.233,22.4,5.8,Port Kembla,20.88,SIMP_201812_WP,4,April,178.4,12.0,17.0
2018-04-05T02:00:00Z,1.252,22.8,6.2,Port Kembla,22.32,SIMP_201812_WP,4,April,178.4,12.0,17.0
2018-04-05T03:00:00Z,1.164,22.9,7.3,Port Kembla,26.28,SIMP_201812_WP,4,April,178.4,12.0,17.0
2018-04-05T04:00:00Z,1.005,22.8,7,Port Kembla,25.2,SIMP_201812_WP,4,April,178.4,12.0,17.0
2018-04-05T05:00:00Z,0.83,22.9,6.1,Port Kembla,21.96,SIMP_201812_WP,4,April,178.4,12.0,17.0
2018-04-05T06:00:00Z,0.689,23,5.8,Port Kembla,20.88,SIMP_201812_WP,4,April,178.4,12.0,17.0
2018-04-05T07:00:00Z,0.627,23,5.4,Port Kembla,19.44,SIMP_201812_WP,4,April,178.4,12.0,17.0
2018-04-05T08:00:00Z,0.656,23.1,5.9,Port Kembla,21.240000000000002,SIMP_201812_WP,4,April,178.4,12.0,17.0
2018-04-05T09:00:00Z,0.776,23,5.8,Port Kembla,20.88,SIMP_201812_WP,4,April,178.4,12.0,17.0
2018-04-05T10:00:00Z,0.981,23,4,Port Kembla,14.4,SIMP_201812_WP,4,April,178.4,12.0,17.0
2018-04-05T11:00:00Z,1.2,22.9,2.4,Port Kembla,8.64,SIMP_201812_WP,4,April,178.4,12.0,17.0
2018-04-05T12:00:00Z,1.391,22.8,3.3,Port Kembla,11.879999999999999,SIMP_201812_WP,4,April,178.4,12.0,17.0
2018-04-05T13:00:00Z,1.511,22.3,1.5,Port Kembla,5.4,SIMP_201812_WP,4,April,178.4,12.0,17.0
2018-04-05T14:00:00Z,1.547,22.3,1.9,Port Kembla,6.84,SIMP_201812_WP,4,April,178.4,12.0,17.0
2018-04-05T15:00:00Z,1.449,22.4,2.5,Port Kembla,9,SIMP_201812_WP,4,April,178.4,12.0,17.0
2018-04-05T16:00:00Z,1.261,22.3,4.1,Port Kembla,14.76,SIMP_201812_WP,4,April,178.4,12.0,17.0
2018-04-05T17:00:00Z,1.032,22.2,3.3,Port Kembla,11.879999999999999,SIMP_201812_WP,4,April,178.4,12.0,17.0
2018-04-05T18:00:00Z,0.817,22.1,2.1,Port Kembla,7.5600000000000005,SIMP_201812_WP,4,April,178.4,12.0,17.0
2018-04-05T19:00:00Z,0.648,22,2.4,Port Kembla,8.64,SIMP_201812_WP,4,April,178.4,12.0,17.0
2018-04-05T20:00:00Z,0.542,22,2.1,Port Kembla,7.5600000000000005,SIMP_201812_WP,4,April,178.4,12.0,17.0
2018-04-05T21:00:00Z,0.547,22.1,1.1,Port Kembla,3.9600000000000004,SIMP_201812_WP,4,April,178.4,12.0,17.0
2018-04-05T22:00:00Z,0.635,22.1,1.7,Port Kembla,6.12,SIMP_201812_WP,4,April,178.4,12.0,17.0
2018-04-05T23:00:00Z,0.78,22.1,2,Port Kembla,7.2,SIMP_201812_WP,4,April,178.4,12.0,17.0
2018-04-06T00:00:00Z,0.944,22.2,3.3,Port Kembla,11.879999999999999,SIMP_201812_WP,4,April,178.4,12.0,17.0
2018-04-06T01:00:00Z,1.087,22,4.1,Port Kembla,14.76,SIMP_201812_WP,4,April,178.4,12.0,17.0
2018-04-06T02:00:00Z,1.167,21.9,2.9,Port Kembla,10.44,SIMP_201812_WP,4,April,178.4,12.0,17.0
2018-04-06T03:00:00Z,1.158,22.2,3.1,Port Kembla,11.16,SIMP_201812_WP,4,April,178.4,12.0,17.0
2018-04-06T04:00:00Z,1.076,22.4,2.3,Port Kembla,8.28,SIMP_201812_WP,4,April,178.4,12.0,17.0
2018-04-06T05:00:00Z,0.945,22.3,3.4,Port Kembla,12.24,SIMP_201812_WP,4,April,178.4,12.0,17.0
2018-04-06T06:00:00Z,0.816,22.4,3,Port Kembla,10.8,SIMP_201812_WP,4,April,178.4,12.0,17.0
2018-04-06T07:00:00Z,0.722,22.3,2.4,Port Kembla,8.64,SIMP_201812_WP,4,April,178.4,12.0,17.0
2018-04-06T08:00:00Z,0.695,22.3,3.1,Port Kembla,11.16,SIMP_201812_WP,4,April,178.4,12.0,17.0
2018-04-06T09:00:00Z,0.738,22.4,4.6,Port Kembla,16.56,SIMP_201812_WP,4,April,178.4,12.0,17.0
2018-04-06T10:00:00Z,0.864,22.3,3.4,Port Kembla,12.24,SIMP_201812_WP,4,April,178.4,12.0,17.0
2018-04-06T11:00:00Z,1.042,22.3,4.1,Port Kembla,14.76,SIMP_201812_WP,4,April,178.4,12.0,17.0
2018-04-06T12:00:00Z,1.223,22.1,4.5,Port Kembla,16.2,SIMP_201812_WP,4,April,178.4,12.0,17.0
2018-04-06T13:00:00Z,1.376,22.1,3.5,Port Kembla,12.6,SIMP_201812_WP,4,April,178.4,12.0,17.0
2018-04-06T14:00:00Z,1.465,22.1,4.1,Port Kembla,14.76,SIMP_201812_WP,4,April,178.4,12.0,17.0
2018-04-06T15:00:00Z,1.463,22.1,4.4,Port Kembla,15.840000000000002,SIMP_201812_WP,4,April,178.4,12.0,17.0
2018-04-06T16:00:00Z,1.364,22.1,3.7,Port Kembla,13.32,SIMP_201812_WP,4,April,178.4,12.0,17.0
2018-04-06T17:00:00Z,1.195,22,3.3,Port Kembla,11.879999999999999,SIMP_201812_WP,4,April,178.4,12.0,17.0
2018-04-06T18:00:00Z,1.008,22,3.7,Port Kembla,13.32,SIMP_201812_WP,4,April,178.4,12.0,17.0
2018-04-06T19:00:00Z,0.82,22.1,3.7,Port Kembla,13.32,SIMP_201812_WP,4,April,178.4,12.0,17.0
2018-04-06T20:00:00Z,0.673,22.3,3.5,Port Kembla,12.6,SIMP_201812_WP,4,April,178.4,12.0,17.0
2018-04-06T21:00:00Z,0.594,22.3,2.8,Port Kembla,10.08,SIMP_201812_WP,4,April,178.4,12.0,17.0
2018-04-06T22:00:00Z,0.602,22.3,2.4,Port Kembla,8.64,SIMP_201812_WP,4,April,178.4,12.0,17.0
2018-04-06T23:00:00Z,0.674,22.3,2.3,Port Kembla,8.28,SIMP_201812_WP,4,April,178.4,12.0,17.0
2018-04-07T00:00:00Z,0.792,22.4,3,Port Kembla,10.8,SIMP_201812_WP,4,April,178.4,12.0,17.0
2018-04-07T01:00:00Z,0.928,22.7,5,Port Kembla,18,SIMP_201812_WP,4,April,178.4,12.0,17.0
2018-04-07T02:00:00Z,1.043,22.9,6.2,Port Kembla,22.32,SIMP_201812_WP,4,April,178.4,12.0,17.0
2018-04-07T03:00:00Z,1.115,23,5.6,Port Kembla,20.16,SIMP_201812_WP,4,April,178.4,12.0,17.0
2018-04-07T04:00:00Z,1.117,23,5.1,Port Kembla,18.36,SIMP_201812_WP,4,April,178.4,12.0,17.0
2018-04-07T05:00:00Z,1.054,23,4.6,Port Kembla,16.56,SIMP_201812_WP,4,April,178.4,12.0,17.0
2018-04-07T06:00:00Z,0.949,23.1,3.5,Port Kembla,12.6,SIMP_201812_WP,4,April,178.4,12.0,17.0
2018-04-07T07:00:00Z,0.859,23.1,3.8,Port Kembla,13.68,SIMP_201812_WP,4,April,178.4,12.0,17.0
2018-04-07T08:00:00Z,0.802,23,2.1,Port Kembla,7.5600000000000005,SIMP_201812_WP,4,April,178.4,12.0,17.0
2018-04-07T09:00:00Z,0.779,23.1,2.2,Port Kembla,7.920000000000001,SIMP_201812_WP,4,April,178.4,12.0,17.0
2018-04-07T10:00:00Z,0.822,23.2,2.6,Port Kembla,9.360000000000001,SIMP_201812_WP,4,April,178.4,12.0,17.0
2018-04-07T11:00:00Z,0.931,23,0.8,Port Kembla,2.8800000000000003,SIMP_201812_WP,4,April,178.4,12.0,17.0
2018-04-07T12:00:00Z,1.064,22.9,2.4,Port Kembla,8.64,SIMP_201812_WP,4,April,178.4,12.0,17.0
2018-04-07T13:00:00Z,1.21,22.6,2.2,Port Kembla,7.920000000000001,SIMP_201812_WP,4,April,178.4,12.0,17.0
2018-04-07T14:00:00Z,1.338,22.5,1.6,Port Kembla,5.760000000000001,SIMP_201812_WP,4,April,178.4,12.0,17.0
2018-04-07T15:00:00Z,1.412,22.5,1.4,Port Kembla,5.04,SIMP_201812_WP,4,April,178.4,12.0,17.0
2018-04-07T16:00:00Z,1.402,22.5,1.4,Port Kembla,5.04,SIMP_201812_WP,4,April,178.4,12.0,17.0
2018-04-07T17:00:00Z,1.31,22.5,1.2,Port Kembla,4.32,SIMP_201812_WP,4,April,178.4,12.0,17.0
2018-04-07T18:00:00Z,1.171,22.5,0.9,Port Kembla,3.24,SIMP_201812_WP,4,April,178.4,12.0,17.0
2018-04-07T19:00:00Z,1,22.5,1.3,Port Kembla,4.680000000000001,SIMP_201812_WP,4,April,178.4,12.0,17.0
2018-04-07T20:00:00Z,0.826,22.5,1.2,Port Kembla,4.32,SIMP_201812_WP,4,April,178.4,12.0,17.0
2018-04-07T21:00:00Z,0.694,22.5,0.9,Port Kembla,3.24,SIMP_201812_WP,4,April,178.4,12.0,17.0
2018-04-07T22:00:00Z,0.612,22.4,0.5,Port Kembla,1.8,SIMP_201812_WP,4,April,178.4,12.0,17.0
2018-04-07T23:00:00Z,0.601,22.5,1,Port Kembla,3.6,SIMP_201812_WP,4,April,178.4,12.0,17.0
2018-04-08T00:00:00Z,0.67,22.6,2.5,Port Kembla,9,SIMP_201812_WP,4,April,178.4,12.0,17.0
2018-04-08T01:00:00Z,0.777,22.6,3.7,Port Kembla,13.32,SIMP_201812_WP,4,April,178.4,12.0,17.0
2018-04-08T02:00:00Z,0.901,22.5,2.9,Port Kembla,10.44,SIMP_201812_WP,4,April,178.4,12.0,17.0
2018-04-08T03:00:00Z,1.015,22.5,2.6,Port Kembla,9.360000000000001,SIMP_201812_WP,4,April,178.4,12.0,17.0
2018-04-08T04:00:00Z,1.086,22.6,2.9,Port Kembla,10.44,SIMP_201812_WP,4,April,178.4,12.0,17.0
2018-04-08T05:00:00Z,1.091,22.6,2.8,Port Kembla,10.08,SIMP_201812_WP,4,April,178.4,12.0,17.0
2018-04-08T06:00:00Z,1.042,22.7,3.3,Port Kembla,11.879999999999999,SIMP_201812_WP,4,April,178.4,12.0,17.0
2018-04-08T07:00:00Z,0.977,23,2.7,Port Kembla,9.72,SIMP_201812_WP,4,April,178.4,12.0,17.0
2018-04-08T08:00:00Z,0.897,23,2,Port Kembla,7.2,SIMP_201812_WP,4,April,178.4,12.0,17.0
2018-04-08T09:00:00Z,0.831,23,2.6,Port Kembla,9.360000000000001,SIMP_201812_WP,4,April,178.4,12.0,17.0
2018-04-08T10:00:00Z,0.811,23.1,1.7,Port Kembla,6.12,SIMP_201812_WP,4,April,178.4,12.0,17.0
2018-04-08T11:00:00Z,0.852,23,2.1,Port Kembla,7.5600000000000005,SIMP_201812_WP,4,April,178.4,12.0,17.0
2018-04-08T12:00:00Z,0.944,23,0.7,Port Kembla,2.52,SIMP_201812_WP,4,April,178.4,12.0,17.0
2018-04-08T13:00:00Z,1.072,22.8,0.4,Port Kembla,1.4400000000000002,SIMP_201812_WP,4,April,178.4,12.0,17.0
2018-04-08T14:00:00Z,1.211,22.7,0.4,Port Kembla,1.4400000000000002,SIMP_201812_WP,4,April,178.4,12.0,17.0
2018-04-08T15:00:00Z,1.339,22.8,2.2,Port Kembla,7.920000000000001,SIMP_201812_WP,4,April,178.4,12.0,17.0
2018-04-08T16:00:00Z,1.402,22.8,0.7,Port Kembla,2.52,SIMP_201812_WP,4,April,178.4,12.0,17.0
2018-04-08T17:00:00Z,1.399,22.8,1.2,Port Kembla,4.32,SIMP_201812_WP,4,April,178.4,12.0,17.0
2018-04-08T18:00:00Z,1.328,22.8,2.7,Port Kembla,9.72,SIMP_201812_WP,4,April,178.4,12.0,17.0
2018-04-08T19:00:00Z,1.2,22.7,2.3,Port Kembla,8.28,SIMP_201812_WP,4,April,178.4,12.0,17.0
2018-04-08T20:00:00Z,1.032,22.7,0.7,Port Kembla,2.52,SIMP_201812_WP,4,April,178.4,12.0,17.0
2018-04-08T21:00:00Z,0.864,22.7,1.1,Port Kembla,3.9600000000000004,SIMP_201812_WP,4,April,178.4,12.0,17.0
2018-04-08T22:00:00Z,0.725,22.6,1.9,Port Kembla,6.84,SIMP_201812_WP,4,April,178.4,12.0,17.0
2018-04-08T23:00:00Z,0.638,22.7,0.9,Port Kembla,3.24,SIMP_201812_WP,4,April,178.4,12.0,17.0
2018-04-09T00:00:00Z,0.63,22.7,2.4,Port Kembla,8.64,SIMP_201812_WP,4,April,178.4,12.0,17.0
2018-04-09T01:00:00Z,0.692,22.8,2.4,Port Kembla,8.64,SIMP_201812_WP,4,April,178.4,12.0,17.0
2018-04-09T02:00:00Z,0.802,22.8,3.2,Port Kembla,11.520000000000001,SIMP_201812_WP,4,April,178.4,12.0,17.0
2018-04-09T03:00:00Z,0.939,22.8,0.8,Port Kembla,2.8800000000000003,SIMP_201812_WP,4,April,178.4,12.0,17.0
2018-04-09T04:00:00Z,1.051,23,2.7,Port Kembla,9.72,SIMP_201812_WP,4,April,178.4,12.0,17.0
2018-04-09T05:00:00Z,1.117,22.6,3.5,Port Kembla,12.6,SIMP_201812_WP,4,April,178.4,12.0,17.0
2018-04-09T06:00:00Z,1.124,22.5,4.7,Port Kembla,16.92,SIMP_201812_WP,4,April,178.4,12.0,17.0
2018-04-09T07:00:00Z,1.084,22.4,4.1,Port Kembla,14.76,SIMP_201812_WP,4,April,178.4,12.0,17.0
2018-04-09T08:00:00Z,1.002,22.4,3.2,Port Kembla,11.520000000000001,SIMP_201812_WP,4,April,178.4,12.0,17.0
2018-04-09T09:00:00Z,0.902,22.4,2.8,Port Kembla,10.08,SIMP_201812_WP,4,April,178.4,12.0,17.0
2018-04-09T10:00:00Z,0.82,22.4,4.4,Port Kembla,15.840000000000002,SIMP_201812_WP,4,April,178.4,12.0,17.0
2018-04-09T11:00:00Z,0.773,22.3,4.1,Port Kembla,14.76,SIMP_201812_WP,4,April,178.4,12.0,17.0
2018-04-09T12:00:00Z,0.794,22.3,3.8,Port Kembla,13.68,SIMP_201812_WP,4,April,178.4,12.0,17.0
2018-04-09T13:00:00Z,0.878,22.3,3.8,Port Kembla,13.68,SIMP_201812_WP,4,April,178.4,12.0,17.0
2018-04-09T14:00:00Z,1.009,22.2,3,Port Kembla,10.8,SIMP_201812_WP,4,April,178.4,12.0,17.0
2018-04-09T15:00:00Z,1.159,22.2,3.7,Port Kembla,13.32,SIMP_201812_WP,4,April,178.4,12.0,17.0
2018-04-09T16:00:00Z,1.285,22.2,3.4,Port Kembla,12.24,SIMP_201812_WP,4,April,178.4,12.0,17.0
2018-04-09T17:00:00Z,1.369,22.1,2.4,Port Kembla,8.64,SIMP_201812_WP,4,April,178.4,12.0,17.0
2018-04-09T18:00:00Z,1.382,22.1,2.4,Port Kembla,8.64,SIMP_201812_WP,4,April,178.4,12.0,17.0
2018-04-09T19:00:00Z,1.302,22.1,1.9,Port Kembla,6.84,SIMP_201812_WP,4,April,178.4,12.0,17.0
2018-04-09T20:00:00Z,1.16,22.1,2.1,Port Kembla,7.5600000000000005,SIMP_201812_WP,4,April,178.4,12.0,17.0
2018-04-09T21:00:00Z,0.979,22.1,1.9,Port Kembla,6.84,SIMP_201812_WP,4,April,178.4,12.0,17.0
2018-04-09T22:00:00Z,0.784,22.1,1.6,Port Kembla,5.760000000000001,SIMP_201812_WP,4,April,178.4,12.0,17.0
2018-04-09T23:00:00Z,0.624,22.2,0.8,Port Kembla,2.8800000000000003,SIMP_201812_WP,4,April,178.4,12.0,17.0
2018-04-10T00:00:00Z,0.529,22.5,1.4,Port Kembla,5.04,SIMP_201812_WP,4,April,178.4,12.0,17.0
2018-04-10T01:00:00Z,0.522,22.6,1.6,Port Kembla,5.760000000000001,SIMP_201812_WP,4,April,178.4,12.0,17.0
2018-04-10T02:00:00Z,0.597,22.6,3,Port Kembla,10.8,SIMP_201812_WP,4,April,178.4,12.0,17.0
2018-04-10T03:00:00Z,0.725,22.7,3,Port Kembla,10.8,SIMP_201812_WP,4,April,178.4,12.0,17.0
2018-04-10T04:00:00Z,0.886,22.7,3.7,Port Kembla,13.32,SIMP_201812_WP,4,April,178.4,12.0,17.0
2018-04-10T05:00:00Z,1.033,22.7,4.2,Port Kembla,15.120000000000001,SIMP_201812_WP,4,April,178.4,12.0,17.0
2018-04-10T06:00:00Z,1.124,22.8,4.1,Port Kembla,14.76,SIMP_201812_WP,4,April,178.4,12.0,17.0
2018-04-10T07:00:00Z,1.15,22.7,4.8,Port Kembla,17.28,SIMP_201812_WP,4,April,178.4,12.0,17.0
2018-04-10T08:00:00Z,1.105,22.7,4.5,Port Kembla,16.2,SIMP_201812_WP,4,April,178.4,12.0,17.0
2018-04-10T09:00:00Z,0.997,22.6,4.5,Port Kembla,16.2,SIMP_201812_WP,4,April,178.4,12.0,17.0
2018-04-10T10:00:00Z,0.873,22.7,2.8,Port Kembla,10.08,SIMP_201812_WP,4,April,178.4,12.0,17.0
2018-04-10T11:00:00Z,0.759,22.6,2.5,Port Kembla,9,SIMP_201812_WP,4,April,178.4,12.0,17.0
2018-04-10T12:00:00Z,0.706,22.6,3.5,Port Kembla,12.6,SIMP_201812_WP,4,April,178.4,12.0,17.0
2018-04-10T13:00:00Z,0.724,22.6,3.3,Port Kembla,11.879999999999999,SIMP_201812_WP,4,April,178.4,12.0,17.0
2018-04-10T14:00:00Z,0.817,22.6,3.6,Port Kembla,12.96,SIMP_201812_WP,4,April,178.4,12.0,17.0
2018-04-10T15:00:00Z,0.959,22.6,3.7,Port Kembla,13.32,SIMP_201812_WP,4,April,178.4,12.0,17.0
2018-04-10T16:00:00Z,1.116,22.5,4.2,Port Kembla,15.120000000000001,SIMP_201812_WP,4,April,178.4,12.0,17.0
2018-04-10T17:00:00Z,1.266,22.5,4.7,Port Kembla,16.92,SIMP_201812_WP,4,April,178.4,12.0,17.0
2018-04-10T18:00:00Z,1.36,22.4,4.7,Port Kembla,16.92,SIMP_201812_WP,4,April,178.4,12.0,17.0
2018-04-10T19:00:00Z,1.362,22.4,5.4,Port Kembla,19.44,SIMP_201812_WP,4,April,178.4,12.0,17.0
2018-04-10T20:00:00Z,1.268,22.4,4.3,Port Kembla,15.48,SIMP_201812_WP,4,April,178.4,12.0,17.0
2018-04-10T21:00:00Z,1.103,22.3,4.8,Port Kembla,17.28,SIMP_201812_WP,4,April,178.4,12.0,17.0
2018-04-10T22:00:00Z,0.903,22.3,4.5,Port Kembla,16.2,SIMP_201812_WP,4,April,178.4,12.0,17.0
2018-04-10T23:00:00Z,0.684,22.3,5.9,Port Kembla,21.240000000000002,SIMP_201812_WP,4,April,178.4,12.0,17.0
2018-04-11T00:00:00Z,0.517,22.4,2.9,Port Kembla,10.44,SIMP_201812_WP,4,April,178.4,12.0,17.0
2018-04-11T01:00:00Z,0.429,22.5,5.6,Port Kembla,20.16,SIMP_201812_WP,4,April,178.4,12.0,17.0
2018-04-11T02:00:00Z,0.448,22.6,6.4,Port Kembla,23.040000000000003,SIMP_201812_WP,4,April,178.4,12.0,17.0
2018-04-11T03:00:00Z,0.566,22.7,7.4,Port Kembla,26.64,SIMP_201812_WP,4,April,178.4,12.0,17.0
2018-04-11T04:00:00Z,0.739,22.8,7,Port Kembla,25.2,SIMP_201812_WP,4,April,178.4,12.0,17.0
2018-04-11T05:00:00Z,0.932,22.8,5.1,Port Kembla,18.36,SIMP_201812_WP,4,April,178.4,12.0,17.0
2018-04-11T06:00:00Z,1.08,22.9,3.9,Port Kembla,14.04,SIMP_201812_WP,4,April,178.4,12.0,17.0
2018-04-11T07:00:00Z,1.175,22.9,5.1,Port Kembla,18.36,SIMP_201812_WP,4,April,178.4,12.0,17.0
2018-04-11T08:00:00Z,1.182,22.9,5.3,Port Kembla,19.08,SIMP_201812_WP,4,April,178.4,12.0,17.0
2018-04-11T09:00:00Z,1.092,22.8,4.8,Port Kembla,17.28,SIMP_201812_WP,4,April,178.4,12.0,17.0
2018-04-11T10:00:00Z,0.943,22.8,3,Port Kembla,10.8,SIMP_201812_WP,4,April,178.4,12.0,17.0
2018-04-11T11:00:00Z,0.785,22.8,3.3,Port Kembla,11.879999999999999,SIMP_201812_WP,4,April,178.4,12.0,17.0
2018-04-11T12:00:00Z,0.651,22.8,3.3,Port Kembla,11.879999999999999,SIMP_201812_WP,4,April,178.4,12.0,17.0
2018-04-11T13:00:00Z,0.578,22.7,3.6,Port Kembla,12.96,SIMP_201812_WP,4,April,178.4,12.0,17.0
2018-04-11T14:00:00Z,0.612,22.7,1.7,Port Kembla,6.12,SIMP_201812_WP,4,April,178.4,12.0,17.0
2018-04-11T15:00:00Z,0.722,22.7,2.2,Port Kembla,7.920000000000001,SIMP_201812_WP,4,April,178.4,12.0,17.0
2018-04-11T16:00:00Z,0.896,22.7,2.9,Port Kembla,10.44,SIMP_201812_WP,4,April,178.4,12.0,17.0
2018-04-11T17:00:00Z,1.095,22.6,3,Port Kembla,10.8,SIMP_201812_WP,4,April,178.4,12.0,17.0
2018-04-11T18:00:00Z,1.278,22.6,3.2,Port Kembla,11.520000000000001,SIMP_201812_WP,4,April,178.4,12.0,17.0
2018-04-11T19:00:00Z,1.374,22.6,3.3,Port Kembla,11.879999999999999,SIMP_201812_WP,4,April,178.4,12.0,17.0
2018-04-11T20:00:00Z,1.368,22.6,2.4,Port Kembla,8.64,SIMP_201812_WP,4,April,178.4,12.0,17.0
2018-04-11T21:00:00Z,1.261,22.6,0.4,Port Kembla,1.4400000000000002,SIMP_201812_WP,4,April,178.4,12.0,17.0
2018-04-11T22:00:00Z,1.059,22.6,1.2,Port Kembla,4.32,SIMP_201812_WP,4,April,178.4,12.0,17.0
2018-04-11T23:00:00Z,0.816,22.7,2.6,Port Kembla,9.360000000000001,SIMP_201812_WP,4,April,178.4,12.0,17.0
2018-04-12T00:00:00Z,0.59,22.7,4.3,Port Kembla,15.48,SIMP_201812_WP,4,April,178.4,12.0,17.0
2018-04-12T01:00:00Z,0.426,22.8,5,Port Kembla,18,SIMP_201812_WP,4,April,178.4,12.0,17.0
2018-04-12T02:00:00Z,0.376,23,5.2,Port Kembla,18.720000000000002,SIMP_201812_WP,4,April,178.4,12.0,17.0
2018-04-12T03:00:00Z,0.444,23.1,5.7,Port Kembla,20.52,SIMP_201812_WP,4,April,178.4,12.0,17.0
2018-04-12T04:00:00Z,0.614,23.3,5.8,Port Kembla,20.88,SIMP_201812_WP,4,April,178.4,12.0,17.0
2018-04-12T05:00:00Z,0.844,23.3,5.7,Port Kembla,20.52,SIMP_201812_WP,4,April,178.4,12.0,17.0
2018-04-12T06:00:00Z,1.068,23.4,5.7,Port Kembla,20.52,SIMP_201812_WP,4,April,178.4,12.0,17.0
2018-04-12T07:00:00Z,1.253,23.4,3.9,Port Kembla,14.04,SIMP_201812_WP,4,April,178.4,12.0,17.0
2018-04-12T08:00:00Z,1.343,23.4,3.4,Port Kembla,12.24,SIMP_201812_WP,4,April,178.4,12.0,17.0
2018-04-12T09:00:00Z,1.318,23,1,Port Kembla,3.6,SIMP_201812_WP,4,April,178.4,12.0,17.0
2018-04-12T10:00:00Z,1.188,22.9,0.5,Port Kembla,1.8,SIMP_201812_WP,4,April,178.4,12.0,17.0
2018-04-12T11:00:00Z,1.001,22.9,0.9,Port Kembla,3.24,SIMP_201812_WP,4,April,178.4,12.0,17.0
2018-04-12T12:00:00Z,0.807,23,7.5,Port Kembla,27,SIMP_201812_WP,4,April,178.4,12.0,17.0
2018-04-12T13:00:00Z,0.645,23.1,7,Port Kembla,25.2,SIMP_201812_WP,4,April,178.4,12.0,17.0
2018-04-12T14:00:00Z,0.588,23.1,1,Port Kembla,3.6,SIMP_201812_WP,4,April,178.4,12.0,17.0
2018-04-12T15:00:00Z,0.64,23,7.7,Port Kembla,27.720000000000002,SIMP_201812_WP,4,April,178.4,12.0,17.0
2018-04-12T16:00:00Z,0.787,23,5.9,Port Kembla,21.240000000000002,SIMP_201812_WP,4,April,178.4,12.0,17.0
2018-04-12T17:00:00Z,1.011,22.9,8.1,Port Kembla,29.16,SIMP_201812_WP,4,April,178.4,12.0,17.0
2018-04-12T18:00:00Z,1.258,22.8,8.1,Port Kembla,29.16,SIMP_201812_WP,4,April,178.4,12.0,17.0
2018-04-12T19:00:00Z,1.446,22.7,9.6,Port Kembla,34.56,SIMP_201812_WP,4,April,178.4,12.0,17.0
2018-04-12T20:00:00Z,1.534,22.6,8.6,Port Kembla,30.96,SIMP_201812_WP,4,April,178.4,12.0,17.0
2018-04-12T21:00:00Z,1.506,22.5,5.6,Port Kembla,20.16,SIMP_201812_WP,4,April,178.4,12.0,17.0
2018-04-12T22:00:00Z,1.35,22.5,7.5,Port Kembla,27,SIMP_201812_WP,4,April,178.4,12.0,17.0
2018-04-12T23:00:00Z,1.092,22.4,5.9,Port Kembla,21.240000000000002,SIMP_201812_WP,4,April,178.4,12.0,17.0
2018-04-13T00:00:00Z,0.822,22.4,1.3,Port Kembla,4.680000000000001,SIMP_201812_WP,4,April,178.4,12.0,17.0
2018-04-13T01:00:00Z,0.589,22.5,1.9,Port Kembla,6.84,SIMP_201812_WP,4,April,178.4,12.0,17.0
2018-04-13T02:00:00Z,0.43,22.5,2.3,Port Kembla,8.28,SIMP_201812_WP,4,April,178.4,12.0,17.0
2018-04-13T03:00:00Z,0.403,22.5,5.4,Port Kembla,19.44,SIMP_201812_WP,4,April,178.4,12.0,17.0
2018-04-13T04:00:00Z,0.52,22.5,3.9,Port Kembla,14.04,SIMP_201812_WP,4,April,178.4,12.0,17.0
2018-04-13T05:00:00Z,0.743,22.7,2.3,Port Kembla,8.28,SIMP_201812_WP,4,April,178.4,12.0,17.0
2018-04-13T06:00:00Z,1.004,22.7,3.7,Port Kembla,13.32,SIMP_201812_WP,4,April,178.4,12.0,17.0
2018-04-13T07:00:00Z,1.268,22.7,0.8,Port Kembla,2.8800000000000003,SIMP_201812_WP,4,April,178.4,12.0,17.0
2018-04-13T08:00:00Z,1.435,22.7,1.5,Port Kembla,5.4,SIMP_201812_WP,4,April,178.4,12.0,17.0
2018-04-13T09:00:00Z,1.479,22.5,2.6,Port Kembla,9.360000000000001,SIMP_201812_WP,4,April,178.4,12.0,17.0
2018-04-13T10:00:00Z,1.398,22.3,2.2,Port Kembla,7.920000000000001,SIMP_201812_WP,4,April,178.4,12.0,17.0
2018-04-13T11:00:00Z,1.186,22.4,7.8,Port Kembla,28.08,SIMP_201812_WP,4,April,178.4,12.0,17.0
2018-04-13T12:00:00Z,0.95,22.5,1.5,Port Kembla,5.4,SIMP_201812_WP,4,April,178.4,12.0,17.0
2018-04-13T13:00:00Z,0.716,22.3,1.8,Port Kembla,6.48,SIMP_201812_WP,4,April,178.4,12.0,17.0
2018-04-13T14:00:00Z,0.563,22.2,4.1,Port Kembla,14.76,SIMP_201812_WP,4,April,178.4,12.0,17.0
2018-04-13T15:00:00Z,0.531,22.2,0.7,Port Kembla,2.52,SIMP_201812_WP,4,April,178.4,12.0,17.0
2018-04-13T16:00:00Z,0.616,22.2,1.6,Port Kembla,5.760000000000001,SIMP_201812_WP,4,April,178.4,12.0,17.0
2018-04-13T17:00:00Z,0.827,22.1,1.2,Port Kembla,4.32,SIMP_201812_WP,4,April,178.4,12.0,17.0
2018-04-13T18:00:00Z,1.093,22.2,3.5,Port Kembla,12.6,SIMP_201812_WP,4,April,178.4,12.0,17.0
2018-04-13T19:00:00Z,1.36,22.2,2.5,Port Kembla,9,SIMP_201812_WP,4,April,178.4,12.0,17.0
2018-04-13T20:00:00Z,1.543,22.1,2.6,Port Kembla,9.360000000000001,SIMP_201812_WP,4,April,178.4,12.0,17.0
2018-04-13T21:00:00Z,1.614,22,4.2,Port Kembla,15.120000000000001,SIMP_201812_WP,4,April,178.4,12.0,17.0
2018-04-13T22:00:00Z,1.541,22.1,4.3,Port Kembla,15.48,SIMP_201812_WP,4,April,178.4,12.0,17.0
2018-04-13T23:00:00Z,1.324,22.1,3.7,Port Kembla,13.32,SIMP_201812_WP,4,April,178.4,12.0,17.0
2018-04-14T00:00:00Z,1.041,22.1,2.8,Port Kembla,10.08,SIMP_201812_WP,4,April,178.4,12.0,17.0
2018-04-14T01:00:00Z,0.749,22.2,8.4,Port Kembla,30.240000000000002,SIMP_201812_WP,4,April,178.4,12.0,17.0
2018-04-14T02:00:00Z,0.528,22.3,9,Port Kembla,32.4,SIMP_201812_WP,4,April,178.4,12.0,17.0
2018-04-14T03:00:00Z,0.426,22.4,7.6,Port Kembla,27.36,SIMP_201812_WP,4,April,178.4,12.0,17.0
2018-04-14T04:00:00Z,0.488,22.6,8.4,Port Kembla,30.240000000000002,SIMP_201812_WP,4,April,178.4,12.0,17.0
2018-04-14T05:00:00Z,0.675,22.7,10,Port Kembla,36,SIMP_201812_WP,4,April,178.4,12.0,17.0
2018-04-14T06:00:00Z,0.952,22.6,6.9,Port Kembla,24.840000000000003,SIMP_201812_WP,4,April,178.4,12.0,17.0
2018-04-14T07:00:00Z,1.269,22.5,9.3,Port Kembla,33.480000000000004,SIMP_201812_WP,4,April,178.4,12.0,17.0
2018-04-14T08:00:00Z,1.519,22.4,9.4,Port Kembla,33.84,SIMP_201812_WP,4,April,178.4,12.0,17.0
2018-04-14T09:00:00Z,1.658,22.3,7.1,Port Kembla,25.56,SIMP_201812_WP,4,April,178.4,12.0,17.0
2018-04-14T10:00:00Z,1.649,22.2,8.9,Port Kembla,32.04,SIMP_201812_WP,4,April,178.4,12.0,17.0
2018-04-14T11:00:00Z,1.486,22.1,11.1,Port Kembla,39.96,SIMP_201812_WP,4,April,178.4,12.0,17.0
2018-04-14T12:00:00Z,1.216,22,9.8,Port Kembla,35.28,SIMP_201812_WP,4,April,178.4,12.0,17.0
2018-04-14T13:00:00Z,0.915,21.9,9.2,Port Kembla,33.12,SIMP_201812_WP,4,April,178.4,12.0,17.0
2018-04-14T14:00:00Z,0.651,21.8,12.4,Port Kembla,44.64,SIMP_201812_WP,4,April,178.4,12.0,17.0
2018-04-14T15:00:00Z,0.496,21.8,4.6,Port Kembla,16.56,SIMP_201812_WP,4,April,178.4,12.0,17.0
2018-04-14T16:00:00Z,0.495,21.6,4.3,Port Kembla,15.48,SIMP_201812_WP,4,April,178.4,12.0,17.0
2018-04-14T17:00:00Z,0.633,21.4,6.1,Port Kembla,21.96,SIMP_201812_WP,4,April,178.4,12.0,17.0
2018-04-14T18:00:00Z,0.901,21.4,6.4,Port Kembla,23.040000000000003,SIMP_201812_WP,4,April,178.4,12.0,17.0
2018-04-14T19:00:00Z,1.199,21.2,7.5,Port Kembla,27,SIMP_201812_WP,4,April,178.4,12.0,17.0
2018-04-14T20:00:00Z,1.463,21.1,5,Port Kembla,18,SIMP_201812_WP,4,April,178.4,12.0,17.0
2018-04-14T21:00:00Z,1.631,21.1,6.3,Port Kembla,22.68,SIMP_201812_WP,4,April,178.4,12.0,17.0
2018-04-14T22:00:00Z,1.64,20.9,5.2,Port Kembla,18.720000000000002,SIMP_201812_WP,4,April,178.4,12.0,17.0
2018-04-14T23:00:00Z,1.493,20.9,8.6,Port Kembla,30.96,SIMP_201812_WP,4,April,178.4,12.0,17.0
2018-04-15T00:00:00Z,1.23,20.9,11.6,Port Kembla,41.76,SIMP_201812_WP,4,April,178.4,12.0,17.0
2018-04-15T01:00:00Z,0.912,20.8,12.8,Port Kembla,46.080000000000005,SIMP_201812_WP,4,April,178.4,12.0,17.0
2018-04-15T02:00:00Z,0.617,20.8,15.8,Port Kembla,56.88,SIMP_201812_WP,4,April,178.4,12.0,17.0
2018-04-15T03:00:00Z,0.417,20.6,14.9,Port Kembla,53.64,SIMP_201812_WP,4,April,178.4,12.0,17.0
2018-04-15T04:00:00Z,0.375,20.6,10.4,Port Kembla,37.440000000000005,SIMP_201812_WP,4,April,178.4,12.0,17.0
2018-04-15T05:00:00Z,0.48,20.6,10.4,Port Kembla,37.440000000000005,SIMP_201812_WP,4,April,178.4,12.0,17.0
2018-04-15T06:00:00Z,0.725,20.6,11.1,Port Kembla,39.96,SIMP_201812_WP,4,April,178.4,12.0,17.0
2018-04-15T07:00:00Z,1.053,20.5,8.6,Port Kembla,30.96,SIMP_201812_WP,4,April,178.4,12.0,17.0
2018-04-15T08:00:00Z,1.376,20.4,6.8,Port Kembla,24.48,SIMP_201812_WP,4,April,178.4,12.0,17.0
2018-04-15T09:00:00Z,1.607,20.4,3.7,Port Kembla,13.32,SIMP_201812_WP,4,April,178.4,12.0,17.0
2018-04-15T10:00:00Z,1.709,20.3,4.1,Port Kembla,14.76,SIMP_201812_WP,4,April,178.4,12.0,17.0
2018-04-15T11:00:00Z,1.648,20.3,4.7,Port Kembla,16.92,SIMP_201812_WP,4,April,178.4,12.0,17.0
2018-04-15T12:00:00Z,1.417,20.3,5.8,Port Kembla,20.88,SIMP_201812_WP,4,April,178.4,12.0,17.0
2018-04-15T13:00:00Z,1.108,20.3,1.5,Port Kembla,5.4,SIMP_201812_WP,4,April,178.4,12.0,17.0
2018-04-15T14:00:00Z,0.802,20.3,3.1,Port Kembla,11.16,SIMP_201812_WP,4,April,178.4,12.0,17.0
2018-04-15T15:00:00Z,0.569,20.3,2.6,Port Kembla,9.360000000000001,SIMP_201812_WP,4,April,178.4,12.0,17.0
2018-04-15T16:00:00Z,0.462,20.3,3.6,Port Kembla,12.96,SIMP_201812_WP,4,April,178.4,12.0,17.0
2018-04-15T17:00:00Z,0.508,20.3,2.9,Port Kembla,10.44,SIMP_201812_WP,4,April,178.4,12.0,17.0
2018-04-15T18:00:00Z,0.723,20.3,4.2,Port Kembla,15.120000000000001,SIMP_201812_WP,4,April,178.4,12.0,17.0
2018-04-15T19:00:00Z,1.022,20.3,5.3,Port Kembla,19.08,SIMP_201812_WP,4,April,178.4,12.0,17.0
2018-04-15T20:00:00Z,1.336,20.3,4.8,Port Kembla,17.28,SIMP_201812_WP,4,April,178.4,12.0,17.0
2018-04-15T21:00:00Z,1.588,20.1,3.5,Port Kembla,12.6,SIMP_201812_WP,4,April,178.4,12.0,17.0
2018-04-15T22:00:00Z,1.711,20.1,5,Port Kembla,18,SIMP_201812_WP,4,April,178.4,12.0,17.0
2018-04-15T23:00:00Z,1.683,20.1,7.5,Port Kembla,27,SIMP_201812_WP,4,April,178.4,12.0,17.0
2018-04-16T00:00:00Z,1.498,20.1,7.4,Port Kembla,26.64,SIMP_201812_WP,4,April,178.4,12.0,17.0
2018-04-16T01:00:00Z,1.211,20.1,6.8,Port Kembla,24.48,SIMP_201812_WP,4,April,178.4,12.0,17.0
2018-04-16T02:00:00Z,0.889,20.2,6.9,Port Kembla,24.840000000000003,SIMP_201812_WP,4,April,178.4,12.0,17.0
2018-04-16T03:00:00Z,0.628,20.3,7.5,Port Kembla,27,SIMP_201812_WP,4,April,178.4,12.0,17.0
2018-04-16T04:00:00Z,0.482,20.4,6.2,Port Kembla,22.32,SIMP_201812_WP,4,April,178.4,12.0,17.0
2018-04-16T05:00:00Z,0.498,20.4,5.5,Port Kembla,19.8,SIMP_201812_WP,4,April,178.4,12.0,17.0
2018-04-16T06:00:00Z,0.67,20.4,7.4,Port Kembla,26.64,SIMP_201812_WP,4,April,178.4,12.0,17.0
2018-04-16T07:00:00Z,0.968,20.4,6.4,Port Kembla,23.040000000000003,SIMP_201812_WP,4,April,178.4,12.0,17.0
2018-04-16T08:00:00Z,1.315,20.3,5.8,Port Kembla,20.88,SIMP_201812_WP,4,April,178.4,12.0,17.0
2018-04-16T09:00:00Z,1.608,20.3,8.2,Port Kembla,29.52,SIMP_201812_WP,4,April,178.4,12.0,17.0
2018-04-16T10:00:00Z,1.814,20,9.3,Port Kembla,33.480000000000004,SIMP_201812_WP,4,April,178.4,12.0,17.0
2018-04-16T11:00:00Z,1.864,20,10.8,Port Kembla,38.88,SIMP_201812_WP,4,April,178.4,12.0,17.0
2018-04-16T12:00:00Z,1.722,19.8,7.3,Port Kembla,26.28,SIMP_201812_WP,4,April,178.4,12.0,17.0
2018-04-16T13:00:00Z,1.44,19.7,6,Port Kembla,21.6,SIMP_201812_WP,4,April,178.4,12.0,17.0
2018-04-16T14:00:00Z,1.084,19.7,2.8,Port Kembla,10.08,SIMP_201812_WP,4,April,178.4,12.0,17.0
2018-04-16T15:00:00Z,0.759,19.9,2.1,Port Kembla,7.5600000000000005,SIMP_201812_WP,4,April,178.4,12.0,17.0
2018-04-16T16:00:00Z,0.525,19.9,2.2,Port Kembla,7.920000000000001,SIMP_201812_WP,4,April,178.4,12.0,17.0
2018-04-16T17:00:00Z,0.434,19.9,2,Port Kembla,7.2,SIMP_201812_WP,4,April,178.4,12.0,17.0
2018-04-16T18:00:00Z,0.521,19.9,2.2,Port Kembla,7.920000000000001,SIMP_201812_WP,4,April,178.4,12.0,17.0
2018-04-16T19:00:00Z,0.748,19.9,2.1,Port Kembla,7.5600000000000005,SIMP_201812_WP,4,April,178.4,12.0,17.0
2018-04-16T20:00:00Z,1.051,19.8,2.5,Port Kembla,9,SIMP_201812_WP,4,April,178.4,12.0,17.0
2018-04-16T21:00:00Z,1.342,19.8,2.3,Port Kembla,8.28,SIMP_201812_WP,4,April,178.4,12.0,17.0
2018-04-16T22:00:00Z,1.554,19.8,2.2,Port Kembla,7.920000000000001,SIMP_201812_WP,4,April,178.4,12.0,17.0
2018-04-16T23:00:00Z,1.635,19.7,3.1,Port Kembla,11.16,SIMP_201812_WP,4,April,178.4,12.0,17.0
2018-04-17T00:00:00Z,1.554,19.5,3.5,Port Kembla,12.6,SIMP_201812_WP,4,April,178.4,12.0,17.0
2018-04-17T01:00:00Z,1.319,19.4,4.2,Port Kembla,15.120000000000001,SIMP_201812_WP,4,April,178.4,12.0,17.0
2018-04-17T02:00:00Z,1.004,19.3,4,Port Kembla,14.4,SIMP_201812_WP,4,April,178.4,12.0,17.0
2018-04-17T03:00:00Z,0.695,19.4,4.1,Port Kembla,14.76,SIMP_201812_WP,4,April,178.4,12.0,17.0
2018-04-17T04:00:00Z,0.476,19.4,4.1,Port Kembla,14.76,SIMP_201812_WP,4,April,178.4,12.0,17.0
2018-04-17T05:00:00Z,0.379,19.5,3.5,Port Kembla,12.6,SIMP_201812_WP,4,April,178.4,12.0,17.0
2018-04-17T06:00:00Z,0.437,19.5,3.1,Port Kembla,11.16,SIMP_201812_WP,4,April,178.4,12.0,17.0
2018-04-17T07:00:00Z,0.672,19.5,3.1,Port Kembla,11.16,SIMP_201812_WP,4,April,178.4,12.0,17.0
2018-04-17T08:00:00Z,1.006,19.5,2.8,Port Kembla,10.08,SIMP_201812_WP,4,April,178.4,12.0,17.0
2018-04-17T09:00:00Z,1.35,19.5,2,Port Kembla,7.2,SIMP_201812_WP,4,April,178.4,12.0,17.0
2018-04-17T10:00:00Z,1.629,19.5,2.9,Port Kembla,10.44,SIMP_201812_WP,4,April,178.4,12.0,17.0
2018-04-17T11:00:00Z,1.788,20,2.6,Port Kembla,9.360000000000001,SIMP_201812_WP,4,April,178.4,12.0,17.0
2018-04-17T12:00:00Z,1.768,20.1,2,Port Kembla,7.2,SIMP_201812_WP,4,April,178.4,12.0,17.0
2018-04-17T13:00:00Z,1.57,20.1,2.4,Port Kembla,8.64,SIMP_201812_WP,4,April,178.4,12.0,17.0
2018-04-17T14:00:00Z,1.248,20.1,2.7,Port Kembla,9.72,SIMP_201812_WP,4,April,178.4,12.0,17.0
2018-04-17T15:00:00Z,0.889,20.1,1.8,Port Kembla,6.48,SIMP_201812_WP,4,April,178.4,12.0,17.0
2018-04-17T16:00:00Z,0.58,20.1,2.7,Port Kembla,9.72,SIMP_201812_WP,4,April,178.4,12.0,17.0
2018-04-17T17:00:00Z,0.372,20.1,1.3,Port Kembla,4.680000000000001,SIMP_201812_WP,4,April,178.4,12.0,17.0
2018-04-17T18:00:00Z,0.331,20.1,2.3,Port Kembla,8.28,SIMP_201812_WP,4,April,178.4,12.0,17.0
2018-04-17T19:00:00Z,0.46,20,2,Port Kembla,7.2,SIMP_201812_WP,4,April,178.4,12.0,17.0
2018-04-17T20:00:00Z,0.716,20.2,1.9,Port Kembla,6.84,SIMP_201812_WP,4,April,178.4,12.0,17.0
2018-04-17T21:00:00Z,1.027,20.3,2.2,Port Kembla,7.920000000000001,SIMP_201812_WP,4,April,178.4,12.0,17.0
2018-04-17T22:00:00Z,1.31,20.3,2.1,Port Kembla,7.5600000000000005,SIMP_201812_WP,4,April,178.4,12.0,17.0
2018-04-17T23:00:00Z,1.494,20.3,2.6,Port Kembla,9.360000000000001,SIMP_201812_WP,4,April,178.4,12.0,17.0
2018-04-18T00:00:00Z,1.545,20.3,1.9,Port Kembla,6.84,SIMP_201812_WP,4,April,178.4,12.0,17.0
2018-04-18T01:00:00Z,1.434,20.3,1,Port Kembla,3.6,SIMP_201812_WP,4,April,178.4,12.0,17.0
2018-04-18T02:00:00Z,1.193,20.2,2.5,Port Kembla,9,SIMP_201812_WP,4,April,178.4,12.0,17.0
2018-04-18T03:00:00Z,0.899,20.3,1.9,Port Kembla,6.84,SIMP_201812_WP,4,April,178.4,12.0,17.0
2018-04-18T04:00:00Z,0.633,20.4,2.6,Port Kembla,9.360000000000001,SIMP_201812_WP,4,April,178.4,12.0,17.0
2018-04-18T05:00:00Z,0.459,20.4,3,Port Kembla,10.8,SIMP_201812_WP,4,April,178.4,12.0,17.0
2018-04-18T06:00:00Z,0.415,20.4,4.8,Port Kembla,17.28,SIMP_201812_WP,4,April,178.4,12.0,17.0
2018-04-18T07:00:00Z,0.549,20.4,5.1,Port Kembla,18.36,SIMP_201812_WP,4,April,178.4,12.0,17.0
2018-04-18T08:00:00Z,0.82,20.4,5,Port Kembla,18,SIMP_201812_WP,4,April,178.4,12.0,17.0
2018-04-18T09:00:00Z,1.155,20.3,3,Port Kembla,10.8,SIMP_201812_WP,4,April,178.4,12.0,17.0
2018-04-18T10:00:00Z,1.478,20.2,1.7,Port Kembla,6.12,SIMP_201812_WP,4,April,178.4,12.0,17.0
2018-04-18T11:00:00Z,1.726,20.2,1.8,Port Kembla,6.48,SIMP_201812_WP,4,April,178.4,12.0,17.0
2018-04-18T12:00:00Z,1.827,20.2,1.4,Port Kembla,5.04,SIMP_201812_WP,4,April,178.4,12.0,17.0
2018-04-18T13:00:00Z,1.737,20.3,1.9,Port Kembla,6.84,SIMP_201812_WP,4,April,178.4,12.0,17.0
2018-04-18T14:00:00Z,1.493,20.3,2.1,Port Kembla,7.5600000000000005,SIMP_201812_WP,4,April,178.4,12.0,17.0
2018-04-18T15:00:00Z,1.141,20.2,2.3,Port Kembla,8.28,SIMP_201812_WP,4,April,178.4,12.0,17.0
2018-04-18T16:00:00Z,0.776,20.2,1.5,Port Kembla,5.4,SIMP_201812_WP,4,April,178.4,12.0,17.0
2018-04-18T17:00:00Z,0.483,20.2,0.5,Port Kembla,1.8,SIMP_201812_WP,4,April,178.4,12.0,17.0
2018-04-18T18:00:00Z,0.318,20.2,3.9,Port Kembla,14.04,SIMP_201812_WP,4,April,178.4,12.0,17.0
2018-04-18T19:00:00Z,0.297,20,2,Port Kembla,7.2,SIMP_201812_WP,4,April,178.4,12.0,17.0
2018-04-18T20:00:00Z,0.431,20.1,3.8,Port Kembla,13.68,SIMP_201812_WP,4,April,178.4,12.0,17.0
2018-04-18T21:00:00Z,0.679,20,3.2,Port Kembla,11.520000000000001,SIMP_201812_WP,4,April,178.4,12.0,17.0
2018-04-18T22:00:00Z,0.962,20,0.6,Port Kembla,2.16,SIMP_201812_WP,4,April,178.4,12.0,17.0
2018-04-18T23:00:00Z,1.214,20.1,2.7,Port Kembla,9.72,SIMP_201812_WP,4,April,178.4,12.0,17.0
2018-04-19T00:00:00Z,1.379,20.1,3,Port Kembla,10.8,SIMP_201812_WP,4,April,178.4,12.0,17.0
2018-04-19T01:00:00Z,1.412,20.1,3.6,Port Kembla,12.96,SIMP_201812_WP,4,April,178.4,12.0,17.0
2018-04-19T02:00:00Z,1.293,20.2,3.3,Port Kembla,11.879999999999999,SIMP_201812_WP,4,April,178.4,12.0,17.0
2018-04-19T03:00:00Z,1.067,20.4,4.6,Port Kembla,16.56,SIMP_201812_WP,4,April,178.4,12.0,17.0
2018-04-19T04:00:00Z,0.814,20.6,3.8,Port Kembla,13.68,SIMP_201812_WP,4,April,178.4,12.0,17.0
2018-04-19T05:00:00Z,0.59,20.6,3.3,Port Kembla,11.879999999999999,SIMP_201812_WP,4,April,178.4,12.0,17.0
2018-04-19T06:00:00Z,0.459,20.6,2.5,Port Kembla,9,SIMP_201812_WP,4,April,178.4,12.0,17.0
2018-04-19T07:00:00Z,0.47,20.6,3.6,Port Kembla,12.96,SIMP_201812_WP,4,April,178.4,12.0,17.0
2018-04-19T08:00:00Z,0.636,20.6,2.3,Port Kembla,8.28,SIMP_201812_WP,4,April,178.4,12.0,17.0
2018-04-19T09:00:00Z,0.916,20.3,1.9,Port Kembla,6.84,SIMP_201812_WP,4,April,178.4,12.0,17.0
2018-04-19T10:00:00Z,1.247,20.3,1.4,Port Kembla,5.04,SIMP_201812_WP,4,April,178.4,12.0,17.0
2018-04-19T11:00:00Z,1.546,20,1.7,Port Kembla,6.12,SIMP_201812_WP,4,April,178.4,12.0,17.0
2018-04-19T12:00:00Z,1.745,20,1.6,Port Kembla,5.760000000000001,SIMP_201812_WP,4,April,178.4,12.0,17.0
2018-04-19T13:00:00Z,1.793,20.1,1.9,Port Kembla,6.84,SIMP_201812_WP,4,April,178.4,12.0,17.0
2018-04-19T14:00:00Z,1.681,20.1,1.3,Port Kembla,4.680000000000001,SIMP_201812_WP,4,April,178.4,12.0,17.0
2018-04-19T15:00:00Z,1.423,20.1,1.2,Port Kembla,4.32,SIMP_201812_WP,4,April,178.4,12.0,17.0
2018-04-19T16:00:00Z,1.076,20.1,1.1,Port Kembla,3.9600000000000004,SIMP_201812_WP,4,April,178.4,12.0,17.0
2018-04-19T17:00:00Z,0.733,20.2,1.6,Port Kembla,5.760000000000001,SIMP_201812_WP,4,April,178.4,12.0,17.0
2018-04-19T18:00:00Z,0.477,20.2,0.1,Port Kembla,0.36000000000000004,SIMP_201812_WP,4,April,178.4,12.0,17.0
2018-04-19T19:00:00Z,0.319,20.3,3.2,Port Kembla,11.520000000000001,SIMP_201812_WP,4,April,178.4,12.0,17.0
2018-04-19T20:00:00Z,0.304,20.2,1.2,Port Kembla,4.32,SIMP_201812_WP,4,April,178.4,12.0,17.0
2018-04-19T21:00:00Z,0.449,20.2,0.8,Port Kembla,2.8800000000000003,SIMP_201812_WP,4,April,178.4,12.0,17.0
2018-04-19T22:00:00Z,0.676,20.2,1.9,Port Kembla,6.84,SIMP_201812_WP,4,April,178.4,12.0,17.0
2018-04-19T23:00:00Z,0.932,20.2,3.1,Port Kembla,11.16,SIMP_201812_WP,4,April,178.4,12.0,17.0
2018-04-20T00:00:00Z,1.162,20.1,3.1,Port Kembla,11.16,SIMP_201812_WP,4,April,178.4,12.0,17.0
2018-04-20T01:00:00Z,1.314,20.1,2.7,Port Kembla,9.72,SIMP_201812_WP,4,April,178.4,12.0,17.0
2018-04-20T02:00:00Z,1.335,20.1,4.5,Port Kembla,16.2,SIMP_201812_WP,4,April,178.4,12.0,17.0
2018-04-20T03:00:00Z,1.219,20,3.4,Port Kembla,12.24,SIMP_201812_WP,4,April,178.4,12.0,17.0
2018-04-20T04:00:00Z,1.023,19.9,4.3,Port Kembla,15.48,SIMP_201812_WP,4,April,178.4,12.0,17.0
2018-04-20T05:00:00Z,0.802,19.8,3.5,Port Kembla,12.6,SIMP_201812_WP,4,April,178.4,12.0,17.0
2018-04-20T06:00:00Z,0.612,20,2.9,Port Kembla,10.44,SIMP_201812_WP,4,April,178.4,12.0,17.0
2018-04-20T07:00:00Z,0.523,19.9,2.7,Port Kembla,9.72,SIMP_201812_WP,4,April,178.4,12.0,17.0
2018-04-20T08:00:00Z,0.563,19.9,2.3,Port Kembla,8.28,SIMP_201812_WP,4,April,178.4,12.0,17.0
2018-04-20T09:00:00Z,0.728,19.8,2.1,Port Kembla,7.5600000000000005,SIMP_201812_WP,4,April,178.4,12.0,17.0
2018-04-20T10:00:00Z,0.981,19.9,2.1,Port Kembla,7.5600000000000005,SIMP_201812_WP,4,April,178.4,12.0,17.0
2018-04-20T11:00:00Z,1.266,20,2.5,Port Kembla,9,SIMP_201812_WP,4,April,178.4,12.0,17.0
2018-04-20T12:00:00Z,1.513,19.9,2.3,Port Kembla,8.28,SIMP_201812_WP,4,April,178.4,12.0,17.0
2018-04-20T13:00:00Z,1.677,19.9,2.4,Port Kembla,8.64,SIMP_201812_WP,4,April,178.4,12.0,17.0
2018-04-20T14:00:00Z,1.707,19.9,2,Port Kembla,7.2,SIMP_201812_WP,4,April,178.4,12.0,17.0
2018-04-20T15:00:00Z,1.582,19.9,2.6,Port Kembla,9.360000000000001,SIMP_201812_WP,4,April,178.4,12.0,17.0
2018-04-20T16:00:00Z,1.327,19.9,2.4,Port Kembla,8.64,SIMP_201812_WP,4,April,178.4,12.0,17.0
2018-04-20T17:00:00Z,1.017,19.9,2.3,Port Kembla,8.28,SIMP_201812_WP,4,April,178.4,12.0,17.0
2018-04-20T18:00:00Z,0.72,19.9,2,Port Kembla,7.2,SIMP_201812_WP,4,April,178.4,12.0,17.0
2018-04-20T19:00:00Z,0.47,20,2.1,Port Kembla,7.5600000000000005,SIMP_201812_WP,4,April,178.4,12.0,17.0
2018-04-20T20:00:00Z,0.318,20.1,1.9,Port Kembla,6.84,SIMP_201812_WP,4,April,178.4,12.0,17.0
2018-04-20T21:00:00Z,0.314,20,1.8,Port Kembla,6.48,SIMP_201812_WP,4,April,178.4,12.0,17.0
2018-04-20T22:00:00Z,0.428,20,2,Port Kembla,7.2,SIMP_201812_WP,4,April,178.4,12.0,17.0
2018-04-20T23:00:00Z,0.626,20.1,2.1,Port Kembla,7.5600000000000005,SIMP_201812_WP,4,April,178.4,12.0,17.0
2018-04-21T00:00:00Z,0.862,20.1,2,Port Kembla,7.2,SIMP_201812_WP,4,April,178.4,12.0,17.0
2018-04-21T01:00:00Z,1.079,19.9,2.2,Port Kembla,7.920000000000001,SIMP_201812_WP,4,April,178.4,12.0,17.0
2018-04-21T02:00:00Z,1.206,20,2.8,Port Kembla,10.08,SIMP_201812_WP,4,April,178.4,12.0,17.0
2018-04-21T03:00:00Z,1.216,20,2.8,Port Kembla,10.08,SIMP_201812_WP,4,April,178.4,12.0,17.0
2018-04-21T04:00:00Z,1.116,20,2.8,Port Kembla,10.08,SIMP_201812_WP,4,April,178.4,12.0,17.0
2018-04-21T05:00:00Z,0.943,20,2.5,Port Kembla,9,SIMP_201812_WP,4,April,178.4,12.0,17.0
2018-04-21T06:00:00Z,0.746,19.9,3.3,Port Kembla,11.879999999999999,SIMP_201812_WP,4,April,178.4,12.0,17.0
2018-04-21T07:00:00Z,0.593,19.9,3.6,Port Kembla,12.96,SIMP_201812_WP,4,April,178.4,12.0,17.0
2018-04-21T08:00:00Z,0.516,19.9,3.4,Port Kembla,12.24,SIMP_201812_WP,4,April,178.4,12.0,17.0
2018-04-21T09:00:00Z,0.543,19.9,3.2,Port Kembla,11.520000000000001,SIMP_201812_WP,4,April,178.4,12.0,17.0
2018-04-21T10:00:00Z,0.691,19.9,4.5,Port Kembla,16.2,SIMP_201812_WP,4,April,178.4,12.0,17.0
2018-04-21T11:00:00Z,0.922,19.8,1.9,Port Kembla,6.84,SIMP_201812_WP,4,April,178.4,12.0,17.0
2018-04-21T12:00:00Z,1.175,19.8,1.4,Port Kembla,5.04,SIMP_201812_WP,4,April,178.4,12.0,17.0
2018-04-21T13:00:00Z,1.404,19.8,1.5,Port Kembla,5.4,SIMP_201812_WP,4,April,178.4,12.0,17.0
2018-04-21T14:00:00Z,1.564,19.8,2.1,Port Kembla,7.5600000000000005,SIMP_201812_WP,4,April,178.4,12.0,17.0
2018-04-21T15:00:00Z,1.594,19.8,2.1,Port Kembla,7.5600000000000005,SIMP_201812_WP,4,April,178.4,12.0,17.0
2018-04-21T16:00:00Z,1.48,19.8,1.9,Port Kembla,6.84,SIMP_201812_WP,4,April,178.4,12.0,17.0
2018-04-21T17:00:00Z,1.253,19.8,1.8,Port Kembla,6.48,SIMP_201812_WP,4,April,178.4,12.0,17.0
2018-04-21T18:00:00Z,0.977,19.7,2.1,Port Kembla,7.5600000000000005,SIMP_201812_WP,4,April,178.4,12.0,17.0
2018-04-21T19:00:00Z,0.681,19.7,2.1,Port Kembla,7.5600000000000005,SIMP_201812_WP,4,April,178.4,12.0,17.0
2018-04-21T20:00:00Z,0.44,19.8,1.9,Port Kembla,6.84,SIMP_201812_WP,4,April,178.4,12.0,17.0
2018-04-21T21:00:00Z,0.301,19.9,2.7,Port Kembla,9.72,SIMP_201812_WP,4,April,178.4,12.0,17.0
2018-04-21T22:00:00Z,0.272,19.9,2.7,Port Kembla,9.72,SIMP_201812_WP,4,April,178.4,12.0,17.0
2018-04-21T23:00:00Z,0.357,20,3.2,Port Kembla,11.520000000000001,SIMP_201812_WP,4,April,178.4,12.0,17.0
2018-04-22T00:00:00Z,0.529,20.1,2.3,Port Kembla,8.28,SIMP_201812_WP,4,April,178.4,12.0,17.0
2018-04-22T01:00:00Z,0.75,20,3.2,Port Kembla,11.520000000000001,SIMP_201812_WP,4,April,178.4,12.0,17.0
2018-04-22T02:00:00Z,0.957,19.9,2.8,Port Kembla,10.08,SIMP_201812_WP,4,April,178.4,12.0,17.0
2018-04-22T03:00:00Z,1.096,19.9,2.9,Port Kembla,10.44,SIMP_201812_WP,4,April,178.4,12.0,17.0
2018-04-22T04:00:00Z,1.13,19.9,2.9,Port Kembla,10.44,SIMP_201812_WP,4,April,178.4,12.0,17.0
2018-04-22T05:00:00Z,1.058,19.9,3.2,Port Kembla,11.520000000000001,SIMP_201812_WP,4,April,178.4,12.0,17.0
2018-04-22T06:00:00Z,0.919,19.9,2.6,Port Kembla,9.360000000000001,SIMP_201812_WP,4,April,178.4,12.0,17.0
2018-04-22T07:00:00Z,0.762,20,1.7,Port Kembla,6.12,SIMP_201812_WP,4,April,178.4,12.0,17.0
2018-04-22T08:00:00Z,0.624,20,0.8,Port Kembla,2.8800000000000003,SIMP_201812_WP,4,April,178.4,12.0,17.0
2018-04-22T09:00:00Z,0.554,20,0.8,Port Kembla,2.8800000000000003,SIMP_201812_WP,4,April,178.4,12.0,17.0
2018-04-22T10:00:00Z,0.586,20,2.2,Port Kembla,7.920000000000001,SIMP_201812_WP,4,April,178.4,12.0,17.0
2018-04-22T11:00:00Z,0.708,20,1.3,Port Kembla,4.680000000000001,SIMP_201812_WP,4,April,178.4,12.0,17.0
2018-04-22T12:00:00Z,0.904,20,1.8,Port Kembla,6.48,SIMP_201812_WP,4,April,178.4,12.0,17.0
2018-04-22T13:00:00Z,1.136,20,2.8,Port Kembla,10.08,SIMP_201812_WP,4,April,178.4,12.0,17.0
2018-04-22T14:00:00Z,1.365,20,1.8,Port Kembla,6.48,SIMP_201812_WP,4,April,178.4,12.0,17.0
2018-04-22T15:00:00Z,1.525,19.9,1.4,Port Kembla,5.04,SIMP_201812_WP,4,April,178.4,12.0,17.0
2018-04-22T16:00:00Z,1.562,20,1.7,Port Kembla,6.12,SIMP_201812_WP,4,April,178.4,12.0,17.0
2018-04-22T17:00:00Z,1.474,20,1.4,Port Kembla,5.04,SIMP_201812_WP,4,April,178.4,12.0,17.0
2018-04-22T18:00:00Z,1.291,20.1,2,Port Kembla,7.2,SIMP_201812_WP,4,April,178.4,12.0,17.0
2018-04-22T19:00:00Z,1.024,20.1,1.8,Port Kembla,6.48,SIMP_201812_WP,4,April,178.4,12.0,17.0
2018-04-22T20:00:00Z,0.742,20.1,1.6,Port Kembla,5.760000000000001,SIMP_201812_WP,4,April,178.4,12.0,17.0
2018-04-22T21:00:00Z,0.504,20.1,1.4,Port Kembla,5.04,SIMP_201812_WP,4,April,178.4,12.0,17.0
2018-04-22T22:00:00Z,0.337,20.1,1.8,Port Kembla,6.48,SIMP_201812_WP,4,April,178.4,12.0,17.0
2018-04-22T23:00:00Z,0.294,20.1,1,Port Kembla,3.6,SIMP_201812_WP,4,April,178.4,12.0,17.0
2018-04-23T00:00:00Z,0.368,20,2.4,Port Kembla,8.64,SIMP_201812_WP,4,April,178.4,12.0,17.0
2018-04-23T01:00:00Z,0.53,20.1,3.4,Port Kembla,12.24,SIMP_201812_WP,4,April,178.4,12.0,17.0
2018-04-23T02:00:00Z,0.746,20,2.9,Port Kembla,10.44,SIMP_201812_WP,4,April,178.4,12.0,17.0
2018-04-23T03:00:00Z,0.973,20,2.5,Port Kembla,9,SIMP_201812_WP,4,April,178.4,12.0,17.0
2018-04-23T04:00:00Z,1.132,20.1,2.7,Port Kembla,9.72,SIMP_201812_WP,4,April,178.4,12.0,17.0
2018-04-23T05:00:00Z,1.185,20.2,1.9,Port Kembla,6.84,SIMP_201812_WP,4,April,178.4,12.0,17.0
2018-04-23T06:00:00Z,1.139,20.2,2,Port Kembla,7.2,SIMP_201812_WP,4,April,178.4,12.0,17.0
2018-04-23T07:00:00Z,1.032,20.4,1,Port Kembla,3.6,SIMP_201812_WP,4,April,178.4,12.0,17.0
2018-04-23T08:00:00Z,0.877,20.2,0.8,Port Kembla,2.8800000000000003,SIMP_201812_WP,4,April,178.4,12.0,17.0
2018-04-23T09:00:00Z,0.722,20.3,0.7,Port Kembla,2.52,SIMP_201812_WP,4,April,178.4,12.0,17.0
2018-04-23T10:00:00Z,0.634,20.3,1.1,Port Kembla,3.9600000000000004,SIMP_201812_WP,4,April,178.4,12.0,17.0
2018-04-23T11:00:00Z,0.626,20.3,2.1,Port Kembla,7.5600000000000005,SIMP_201812_WP,4,April,178.4,12.0,17.0
2018-04-23T12:00:00Z,0.709,20.3,1.5,Port Kembla,5.4,SIMP_201812_WP,4,April,178.4,12.0,17.0
2018-04-23T13:00:00Z,0.886,20.3,2.3,Port Kembla,8.28,SIMP_201812_WP,4,April,178.4,12.0,17.0
2018-04-23T14:00:00Z,1.113,20.3,2,Port Kembla,7.2,SIMP_201812_WP,4,April,178.4,12.0,17.0
2018-04-23T15:00:00Z,1.341,20.3,3.5,Port Kembla,12.6,SIMP_201812_WP,4,April,178.4,12.0,17.0
2018-04-23T16:00:00Z,1.507,20.3,1.4,Port Kembla,5.04,SIMP_201812_WP,4,April,178.4,12.0,17.0
2018-04-23T17:00:00Z,1.575,20.3,3,Port Kembla,10.8,SIMP_201812_WP,4,April,178.4,12.0,17.0
2018-04-23T18:00:00Z,1.523,20.3,2,Port Kembla,7.2,SIMP_201812_WP,4,April,178.4,12.0,17.0
2018-04-23T19:00:00Z,1.348,20.2,1.7,Port Kembla,6.12,SIMP_201812_WP,4,April,178.4,12.0,17.0
2018-04-23T20:00:00Z,1.091,20.2,1.1,Port Kembla,3.9600000000000004,SIMP_201812_WP,4,April,178.4,12.0,17.0
2018-04-23T21:00:00Z,0.808,20.1,1.2,Port Kembla,4.32,SIMP_201812_WP,4,April,178.4,12.0,17.0
2018-04-23T22:00:00Z,0.546,20.1,2,Port Kembla,7.2,SIMP_201812_WP,4,April,178.4,12.0,17.0
2018-04-23T23:00:00Z,0.37,20.1,1.5,Port Kembla,5.4,SIMP_201812_WP,4,April,178.4,12.0,17.0
2018-04-24T00:00:00Z,0.316,20.2,1.5,Port Kembla,5.4,SIMP_201812_WP,4,April,178.4,12.0,17.0
2018-04-24T01:00:00Z,0.382,20.2,2,Port Kembla,7.2,SIMP_201812_WP,4,April,178.4,12.0,17.0
2018-04-24T02:00:00Z,0.541,20.3,2.4,Port Kembla,8.64,SIMP_201812_WP,4,April,178.4,12.0,17.0
2018-04-24T03:00:00Z,0.776,20.3,2.5,Port Kembla,9,SIMP_201812_WP,4,April,178.4,12.0,17.0
2018-04-24T04:00:00Z,1.019,20.3,3,Port Kembla,10.8,SIMP_201812_WP,4,April,178.4,12.0,17.0
2018-04-24T05:00:00Z,1.197,20.3,2.4,Port Kembla,8.64,SIMP_201812_WP,4,April,178.4,12.0,17.0
2018-04-24T06:00:00Z,1.28,20.3,2.5,Port Kembla,9,SIMP_201812_WP,4,April,178.4,12.0,17.0
2018-04-24T07:00:00Z,1.258,20.5,1.8,Port Kembla,6.48,SIMP_201812_WP,4,April,178.4,12.0,17.0
2018-04-24T08:00:00Z,1.141,20.5,1.4,Port Kembla,5.04,SIMP_201812_WP,4,April,178.4,12.0,17.0
2018-04-24T09:00:00Z,0.96,20.5,0.1,Port Kembla,0.36000000000000004,SIMP_201812_WP,4,April,178.4,12.0,17.0
2018-04-24T10:00:00Z,0.779,20.6,0.5,Port Kembla,1.8,SIMP_201812_WP,4,April,178.4,12.0,17.0
2018-04-24T11:00:00Z,0.657,20.6,2.2,Port Kembla,7.920000000000001,SIMP_201812_WP,4,April,178.4,12.0,17.0
2018-04-24T12:00:00Z,0.617,20.5,3.2,Port Kembla,11.520000000000001,SIMP_201812_WP,4,April,178.4,12.0,17.0
2018-04-24T13:00:00Z,0.683,20.5,2.6,Port Kembla,9.360000000000001,SIMP_201812_WP,4,April,178.4,12.0,17.0
2018-04-24T14:00:00Z,0.85,20.4,2.2,Port Kembla,7.920000000000001,SIMP_201812_WP,4,April,178.4,12.0,17.0
2018-04-24T15:00:00Z,1.082,20.4,2.2,Port Kembla,7.920000000000001,SIMP_201812_WP,4,April,178.4,12.0,17.0
2018-04-24T16:00:00Z,1.318,20.4,1.8,Port Kembla,6.48,SIMP_201812_WP,4,April,178.4,12.0,17.0
2018-04-24T17:00:00Z,1.508,20.3,2.1,Port Kembla,7.5600000000000005,SIMP_201812_WP,4,April,178.4,12.0,17.0
2018-04-24T18:00:00Z,1.605,20.3,2.7,Port Kembla,9.72,SIMP_201812_WP,4,April,178.4,12.0,17.0
2018-04-24T19:00:00Z,1.557,20.3,2.3,Port Kembla,8.28,SIMP_201812_WP,4,April,178.4,12.0,17.0
2018-04-24T20:00:00Z,1.386,20.2,3.4,Port Kembla,12.24,SIMP_201812_WP,4,April,178.4,12.0,17.0
2018-04-24T21:00:00Z,1.119,20.2,1.3,Port Kembla,4.680000000000001,SIMP_201812_WP,4,April,178.4,12.0,17.0
2018-04-24T22:00:00Z,0.814,20.2,2.7,Port Kembla,9.72,SIMP_201812_WP,4,April,178.4,12.0,17.0
2018-04-24T23:00:00Z,0.537,20.2,2.4,Port Kembla,8.64,SIMP_201812_WP,4,April,178.4,12.0,17.0
2018-04-25T00:00:00Z,0.351,20.2,3.7,Port Kembla,13.32,SIMP_201812_WP,4,April,178.4,12.0,17.0
2018-04-25T01:00:00Z,0.287,20.2,2.9,Port Kembla,10.44,SIMP_201812_WP,4,April,178.4,12.0,17.0
2018-04-25T02:00:00Z,0.357,20.2,2.2,Port Kembla,7.920000000000001,SIMP_201812_WP,4,April,178.4,12.0,17.0
2018-04-25T03:00:00Z,0.554,20.2,3.1,Port Kembla,11.16,SIMP_201812_WP,4,April,178.4,12.0,17.0
2018-04-25T04:00:00Z,0.815,20.1,3.3,Port Kembla,11.879999999999999,SIMP_201812_WP,4,April,178.4,12.0,17.0
2018-04-25T05:00:00Z,1.064,20.2,3.1,Port Kembla,11.16,SIMP_201812_WP,4,April,178.4,12.0,17.0
2018-04-25T06:00:00Z,1.258,20.2,2.7,Port Kembla,9.72,SIMP_201812_WP,4,April,178.4,12.0,17.0
2018-04-25T07:00:00Z,1.366,20.1,2.4,Port Kembla,8.64,SIMP_201812_WP,4,April,178.4,12.0,17.0
2018-04-25T08:00:00Z,1.348,20.1,1.1,Port Kembla,3.9600000000000004,SIMP_201812_WP,4,April,178.4,12.0,17.0
2018-04-25T09:00:00Z,1.204,20.1,2.1,Port Kembla,7.5600000000000005,SIMP_201812_WP,4,April,178.4,12.0,17.0
2018-04-25T10:00:00Z,0.995,20.1,0.6,Port Kembla,2.16,SIMP_201812_WP,4,April,178.4,12.0,17.0
2018-04-25T11:00:00Z,0.781,20.1,0.3,Port Kembla,1.08,SIMP_201812_WP,4,April,178.4,12.0,17.0
2018-04-25T12:00:00Z,0.622,20.2,1.7,Port Kembla,6.12,SIMP_201812_WP,4,April,178.4,12.0,17.0
2018-04-25T13:00:00Z,0.566,20.2,1,Port Kembla,3.6,SIMP_201812_WP,4,April,178.4,12.0,17.0
2018-04-25T14:00:00Z,0.623,20.3,0,Port Kembla,0,SIMP_201812_WP,4,April,178.4,12.0,17.0
2018-04-25T15:00:00Z,0.797,20.3,2.8,Port Kembla,10.08,SIMP_201812_WP,4,April,178.4,12.0,17.0
2018-04-25T16:00:00Z,1.044,20.3,1.1,Port Kembla,3.9600000000000004,SIMP_201812_WP,4,April,178.4,12.0,17.0
2018-04-25T17:00:00Z,1.312,20.3,0.5,Port Kembla,1.8,SIMP_201812_WP,4,April,178.4,12.0,17.0
2018-04-25T18:00:00Z,1.533,20.3,2,Port Kembla,7.2,SIMP_201812_WP,4,April,178.4,12.0,17.0
2018-04-25T19:00:00Z,1.633,20.3,1,Port Kembla,3.6,SIMP_201812_WP,4,April,178.4,12.0,17.0
2018-04-25T20:00:00Z,1.589,20.3,1.7,Port Kembla,6.12,SIMP_201812_WP,4,April,178.4,12.0,17.0
2018-04-25T21:00:00Z,1.411,20.2,0.9,Port Kembla,3.24,SIMP_201812_WP,4,April,178.4,12.0,17.0
2018-04-25T22:00:00Z,1.135,20.2,2.8,Port Kembla,10.08,SIMP_201812_WP,4,April,178.4,12.0,17.0
2018-04-25T23:00:00Z,0.813,20.2,3,Port Kembla,10.8,SIMP_201812_WP,4,April,178.4,12.0,17.0
2018-04-26T00:00:00Z,0.536,20.2,3.7,Port Kembla,13.32,SIMP_201812_WP,4,April,178.4,12.0,17.0
2018-04-26T01:00:00Z,0.352,20.2,4.6,Port Kembla,16.56,SIMP_201812_WP,4,April,178.4,12.0,17.0
2018-04-26T02:00:00Z,0.306,20.3,3.6,Port Kembla,12.96,SIMP_201812_WP,4,April,178.4,12.0,17.0
2018-04-26T03:00:00Z,0.405,20.3,4.2,Port Kembla,15.120000000000001,SIMP_201812_WP,4,April,178.4,12.0,17.0
2018-04-26T04:00:00Z,0.634,20.2,4,Port Kembla,14.4,SIMP_201812_WP,4,April,178.4,12.0,17.0
2018-04-26T05:00:00Z,0.92,20.1,4.4,Port Kembla,15.840000000000002,SIMP_201812_WP,4,April,178.4,12.0,17.0
2018-04-26T06:00:00Z,1.19,19.6,3.9,Port Kembla,14.04,SIMP_201812_WP,4,April,178.4,12.0,17.0
2018-04-26T07:00:00Z,1.397,19.7,3.4,Port Kembla,12.24,SIMP_201812_WP,4,April,178.4,12.0,17.0
2018-04-26T08:00:00Z,1.475,19.8,3.5,Port Kembla,12.6,SIMP_201812_WP,4,April,178.4,12.0,17.0
2018-04-26T09:00:00Z,1.413,19.8,3.9,Port Kembla,14.04,SIMP_201812_WP,4,April,178.4,12.0,17.0
2018-04-26T10:00:00Z,1.226,19.8,3.9,Port Kembla,14.04,SIMP_201812_WP,4,April,178.4,12.0,17.0
2018-04-26T11:00:00Z,0.975,19.8,3.7,Port Kembla,13.32,SIMP_201812_WP,4,April,178.4,12.0,17.0
2018-04-26T12:00:00Z,0.723,19.8,2.5,Port Kembla,9,SIMP_201812_WP,4,April,178.4,12.0,17.0
2018-04-26T13:00:00Z,0.536,19.8,3.3,Port Kembla,11.879999999999999,SIMP_201812_WP,4,April,178.4,12.0,17.0
2018-04-26T14:00:00Z,0.472,19.8,4.2,Port Kembla,15.120000000000001,SIMP_201812_WP,4,April,178.4,12.0,17.0
2018-04-26T15:00:00Z,0.542,19.8,4.6,Port Kembla,16.56,SIMP_201812_WP,4,April,178.4,12.0,17.0
2018-04-26T16:00:00Z,0.737,19.8,3.1,Port Kembla,11.16,SIMP_201812_WP,4,April,178.4,12.0,17.0
2018-04-26T17:00:00Z,1.018,19.8,4.6,Port Kembla,16.56,SIMP_201812_WP,4,April,178.4,12.0,17.0
2018-04-26T18:00:00Z,1.302,19.8,4,Port Kembla,14.4,SIMP_201812_WP,4,April,178.4,12.0,17.0
2018-04-26T19:00:00Z,1.512,19.8,3.6,Port Kembla,12.96,SIMP_201812_WP,4,April,178.4,12.0,17.0
2018-04-26T20:00:00Z,1.605,19.7,4.4,Port Kembla,15.840000000000002,SIMP_201812_WP,4,April,178.4,12.0,17.0
2018-04-26T21:00:00Z,1.547,19.7,4.2,Port Kembla,15.120000000000001,SIMP_201812_WP,4,April,178.4,12.0,17.0
2018-04-26T22:00:00Z,1.342,19.7,3.4,Port Kembla,12.24,SIMP_201812_WP,4,April,178.4,12.0,17.0
2018-04-26T23:00:00Z,1.033,19.7,3.2,Port Kembla,11.520000000000001,SIMP_201812_WP,4,April,178.4,12.0,17.0
2018-04-27T00:00:00Z,0.701,19.7,4.6,Port Kembla,16.56,SIMP_201812_WP,4,April,178.4,12.0,17.0
2018-04-27T01:00:00Z,0.431,19.8,4,Port Kembla,14.4,SIMP_201812_WP,4,April,178.4,12.0,17.0
2018-04-27T02:00:00Z,0.271,19.8,4.4,Port Kembla,15.840000000000002,SIMP_201812_WP,4,April,178.4,12.0,17.0
2018-04-27T03:00:00Z,0.271,19.8,3.5,Port Kembla,12.6,SIMP_201812_WP,4,April,178.4,12.0,17.0
2018-04-27T04:00:00Z,0.433,19.8,4.2,Port Kembla,15.120000000000001,SIMP_201812_WP,4,April,178.4,12.0,17.0
2018-04-27T05:00:00Z,0.701,19.8,3.9,Port Kembla,14.04,SIMP_201812_WP,4,April,178.4,12.0,17.0
2018-04-27T06:00:00Z,1.018,19.8,4.5,Port Kembla,16.2,SIMP_201812_WP,4,April,178.4,12.0,17.0
2018-04-27T07:00:00Z,1.314,19.8,5.6,Port Kembla,20.16,SIMP_201812_WP,4,April,178.4,12.0,17.0
2018-04-27T08:00:00Z,1.52,19.8,4.6,Port Kembla,16.56,SIMP_201812_WP,4,April,178.4,12.0,17.0
2018-04-27T09:00:00Z,1.58,19.7,4.9,Port Kembla,17.64,SIMP_201812_WP,4,April,178.4,12.0,17.0
2018-04-27T10:00:00Z,1.487,19.7,4.1,Port Kembla,14.76,SIMP_201812_WP,4,April,178.4,12.0,17.0
2018-04-27T11:00:00Z,1.261,19.8,2.4,Port Kembla,8.64,SIMP_201812_WP,4,April,178.4,12.0,17.0
2018-04-27T12:00:00Z,0.957,19.8,6.2,Port Kembla,22.32,SIMP_201812_WP,4,April,178.4,12.0,17.0
2018-04-27T13:00:00Z,0.68,19.7,4.5,Port Kembla,16.2,SIMP_201812_WP,4,April,178.4,12.0,17.0
2018-04-27T14:00:00Z,0.486,19.7,3.4,Port Kembla,12.24,SIMP_201812_WP,4,April,178.4,12.0,17.0
2018-04-27T15:00:00Z,0.428,19.7,5.8,Port Kembla,20.88,SIMP_201812_WP,4,April,178.4,12.0,17.0
2018-04-27T16:00:00Z,0.519,19.7,4.4,Port Kembla,15.840000000000002,SIMP_201812_WP,4,April,178.4,12.0,17.0
2018-04-27T17:00:00Z,0.756,19.7,4,Port Kembla,14.4,SIMP_201812_WP,4,April,178.4,12.0,17.0
2018-04-27T18:00:00Z,1.056,19.6,4,Port Kembla,14.4,SIMP_201812_WP,4,April,178.4,12.0,17.0
2018-04-27T19:00:00Z,1.345,19.7,4.7,Port Kembla,16.92,SIMP_201812_WP,4,April,178.4,12.0,17.0
2018-04-27T20:00:00Z,1.555,19.6,4.8,Port Kembla,17.28,SIMP_201812_WP,4,April,178.4,12.0,17.0
2018-04-27T21:00:00Z,1.632,19.7,4.6,Port Kembla,16.56,SIMP_201812_WP,4,April,178.4,12.0,17.0
2018-04-27T22:00:00Z,1.538,19.7,4.2,Port Kembla,15.120000000000001,SIMP_201812_WP,4,April,178.4,12.0,17.0
2018-04-27T23:00:00Z,1.299,19.7,5.6,Port Kembla,20.16,SIMP_201812_WP,4,April,178.4,12.0,17.0
2018-04-28T00:00:00Z,0.986,19.7,4,Port Kembla,14.4,SIMP_201812_WP,4,April,178.4,12.0,17.0
2018-04-28T01:00:00Z,0.671,19.7,3.3,Port Kembla,11.879999999999999,SIMP_201812_WP,4,April,178.4,12.0,17.0
2018-04-28T02:00:00Z,0.421,19.7,3,Port Kembla,10.8,SIMP_201812_WP,4,April,178.4,12.0,17.0
2018-04-28T03:00:00Z,0.309,19.8,2.7,Port Kembla,9.72,SIMP_201812_WP,4,April,178.4,12.0,17.0
2018-04-28T04:00:00Z,0.366,19.8,2.4,Port Kembla,8.64,SIMP_201812_WP,4,April,178.4,12.0,17.0
2018-04-28T05:00:00Z,0.563,19.9,2.8,Port Kembla,10.08,SIMP_201812_WP,4,April,178.4,12.0,17.0
2018-04-28T06:00:00Z,0.861,19.9,3.1,Port Kembla,11.16,SIMP_201812_WP,4,April,178.4,12.0,17.0
2018-04-28T07:00:00Z,1.196,19.9,3.4,Port Kembla,12.24,SIMP_201812_WP,4,April,178.4,12.0,17.0
2018-04-28T08:00:00Z,1.473,19.8,3.3,Port Kembla,11.879999999999999,SIMP_201812_WP,4,April,178.4,12.0,17.0
2018-04-28T09:00:00Z,1.626,19.8,2.7,Port Kembla,9.72,SIMP_201812_WP,4,April,178.4,12.0,17.0
2018-04-28T10:00:00Z,1.625,19.8,2.3,Port Kembla,8.28,SIMP_201812_WP,4,April,178.4,12.0,17.0
2018-04-28T11:00:00Z,1.464,19.8,2.9,Port Kembla,10.44,SIMP_201812_WP,4,April,178.4,12.0,17.0
2018-04-28T12:00:00Z,1.168,19.8,3.1,Port Kembla,11.16,SIMP_201812_WP,4,April,178.4,12.0,17.0
2018-04-28T13:00:00Z,0.834,19.8,3.3,Port Kembla,11.879999999999999,SIMP_201812_WP,4,April,178.4,12.0,17.0
2018-04-28T14:00:00Z,0.55,19.8,2.4,Port Kembla,8.64,SIMP_201812_WP,4,April,178.4,12.0,17.0
2018-04-28T15:00:00Z,0.373,19.7,2.5,Port Kembla,9,SIMP_201812_WP,4,April,178.4,12.0,17.0
2018-04-28T16:00:00Z,0.334,19.7,2.2,Port Kembla,7.920000000000001,SIMP_201812_WP,4,April,178.4,12.0,17.0
2018-04-28T17:00:00Z,0.462,19.7,1.9,Port Kembla,6.84,SIMP_201812_WP,4,April,178.4,12.0,17.0
2018-04-28T18:00:00Z,0.717,19.7,3,Port Kembla,10.8,SIMP_201812_WP,4,April,178.4,12.0,17.0
2018-04-28T19:00:00Z,1.021,19.7,1.8,Port Kembla,6.48,SIMP_201812_WP,4,April,178.4,12.0,17.0
2018-04-28T20:00:00Z,1.292,19.7,2.8,Port Kembla,10.08,SIMP_201812_WP,4,April,178.4,12.0,17.0
2018-04-28T21:00:00Z,1.471,19.8,3.1,Port Kembla,11.16,SIMP_201812_WP,4,April,178.4,12.0,17.0
2018-04-28T22:00:00Z,1.505,19.7,3.6,Port Kembla,12.96,SIMP_201812_WP,4,April,178.4,12.0,17.0
2018-04-28T23:00:00Z,1.374,19.7,3.9,Port Kembla,14.04,SIMP_201812_WP,4,April,178.4,12.0,17.0
2018-04-29T00:00:00Z,1.118,19.8,3.6,Port Kembla,12.96,SIMP_201812_WP,4,April,178.4,12.0,17.0
2018-04-29T01:00:00Z,0.803,19.8,3.5,Port Kembla,12.6,SIMP_201812_WP,4,April,178.4,12.0,17.0
2018-04-29T02:00:00Z,0.512,19.8,1.3,Port Kembla,4.680000000000001,SIMP_201812_WP,4,April,178.4,12.0,17.0
2018-04-29T03:00:00Z,0.327,19.8,2.4,Port Kembla,8.64,SIMP_201812_WP,4,April,178.4,12.0,17.0
2018-04-29T04:00:00Z,0.276,19.8,3.5,Port Kembla,12.6,SIMP_201812_WP,4,April,178.4,12.0,17.0
2018-04-29T05:00:00Z,0.381,19.9,3.5,Port Kembla,12.6,SIMP_201812_WP,4,April,178.4,12.0,17.0
2018-04-29T06:00:00Z,0.623,19.9,2.9,Port Kembla,10.44,SIMP_201812_WP,4,April,178.4,12.0,17.0
2018-04-29T07:00:00Z,0.949,19.8,1.9,Port Kembla,6.84,SIMP_201812_WP,4,April,178.4,12.0,17.0
2018-04-29T08:00:00Z,1.269,19.8,2.5,Port Kembla,9,SIMP_201812_WP,4,April,178.4,12.0,17.0
2018-04-29T09:00:00Z,1.51,19.8,4.8,Port Kembla,17.28,SIMP_201812_WP,4,April,178.4,12.0,17.0
2018-04-29T10:00:00Z,1.61,19.8,6.9,Port Kembla,24.840000000000003,SIMP_201812_WP,4,April,178.4,12.0,17.0
2018-04-29T11:00:00Z,1.535,19.8,5.4,Port Kembla,19.44,SIMP_201812_WP,4,April,178.4,12.0,17.0
2018-04-29T12:00:00Z,1.326,19.8,4.6,Port Kembla,16.56,SIMP_201812_WP,4,April,178.4,12.0,17.0
2018-04-29T13:00:00Z,1.023,19.8,3.7,Port Kembla,13.32,SIMP_201812_WP,4,April,178.4,12.0,17.0
2018-04-29T14:00:00Z,0.714,19.8,3.6,Port Kembla,12.96,SIMP_201812_WP,4,April,178.4,12.0,17.0
2018-04-29T15:00:00Z,0.459,19.8,5.4,Port Kembla,19.44,SIMP_201812_WP,4,April,178.4,12.0,17.0
2018-04-29T16:00:00Z,0.312,19.8,2.9,Port Kembla,10.44,SIMP_201812_WP,4,April,178.4,12.0,17.0
2018-04-29T17:00:00Z,0.323,19.8,3.2,Port Kembla,11.520000000000001,SIMP_201812_WP,4,April,178.4,12.0,17.0
2018-04-29T18:00:00Z,0.493,19.8,4.1,Port Kembla,14.76,SIMP_201812_WP,4,April,178.4,12.0,17.0
2018-04-29T19:00:00Z,0.758,19.7,4,Port Kembla,14.4,SIMP_201812_WP,4,April,178.4,12.0,17.0
2018-04-29T20:00:00Z,1.055,19.7,4.8,Port Kembla,17.28,SIMP_201812_WP,4,April,178.4,12.0,17.0
2018-04-29T21:00:00Z,1.306,19.7,5.3,Port Kembla,19.08,SIMP_201812_WP,4,April,178.4,12.0,17.0
2018-04-29T22:00:00Z,1.436,19.8,5.4,Port Kembla,19.44,SIMP_201812_WP,4,April,178.4,12.0,17.0
2018-04-29T23:00:00Z,1.417,19.8,5.5,Port Kembla,19.8,SIMP_201812_WP,4,April,178.4,12.0,17.0
2018-04-30T00:00:00Z,1.262,19.7,5.1,Port Kembla,18.36,SIMP_201812_WP,4,April,178.4,12.0,17.0
2018-04-30T01:00:00Z,0.997,19.7,3.3,Port Kembla,11.879999999999999,SIMP_201812_WP,4,April,178.4,12.0,17.0
2018-04-30T02:00:00Z,0.71,19.7,3.3,Port Kembla,11.879999999999999,SIMP_201812_WP,4,April,178.4,12.0,17.0
2018-04-30T03:00:00Z,0.493,19.8,2.7,Port Kembla,9.72,SIMP_201812_WP,4,April,178.4,12.0,17.0
2018-04-30T04:00:00Z,0.383,19.9,2.8,Port Kembla,10.08,SIMP_201812_WP,4,April,178.4,12.0,17.0
2018-04-30T05:00:00Z,0.403,19.9,3.6,Port Kembla,12.96,SIMP_201812_WP,4,April,178.4,12.0,17.0
2018-04-30T06:00:00Z,0.565,19.9,3,Port Kembla,10.8,SIMP_201812_WP,4,April,178.4,12.0,17.0
2018-04-30T07:00:00Z,0.851,19.9,3,Port Kembla,10.8,SIMP_201812_WP,4,April,178.4,12.0,17.0
2018-04-30T08:00:00Z,1.166,19.9,1.6,Port Kembla,5.760000000000001,SIMP_201812_WP,4,April,178.4,12.0,17.0
2018-04-30T09:00:00Z,1.451,19.8,1,Port Kembla,3.6,SIMP_201812_WP,4,April,178.4,12.0,17.0
2018-04-30T10:00:00Z,1.639,19.8,1.7,Port Kembla,6.12,SIMP_201812_WP,4,April,178.4,12.0,17.0
2018-04-30T11:00:00Z,1.682,19.7,2.6,Port Kembla,9.360000000000001,SIMP_201812_WP,4,April,178.4,12.0,17.0
2018-04-30T12:00:00Z,1.553,19.7,2.4,Port Kembla,8.64,SIMP_201812_WP,4,April,178.4,12.0,17.0
2018-04-30T13:00:00Z,1.283,19.7,2.5,Port Kembla,9,SIMP_201812_WP,4,April,178.4,12.0,17.0
2018-04-30T14:00:00Z,0.958,19.7,2.4,Port Kembla,8.64,SIMP_201812_WP,4,April,178.4,12.0,17.0
2018-04-30T15:00:00Z,0.638,19.6,3,Port Kembla,10.8,SIMP_201812_WP,4,April,178.4,12.0,17.0
2018-04-30T16:00:00Z,0.407,19.6,2.3,Port Kembla,8.28,SIMP_201812_WP,4,April,178.4,12.0,17.0
2018-04-30T17:00:00Z,0.304,19.6,1.6,Port Kembla,5.760000000000001,SIMP_201812_WP,4,April,178.4,12.0,17.0
2018-04-30T18:00:00Z,0.351,19.6,2.1,Port Kembla,7.5600000000000005,SIMP_201812_WP,4,April,178.4,12.0,17.0
2018-04-30T19:00:00Z,0.535,19.6,1.9,Port Kembla,6.84,SIMP_201812_WP,4,April,178.4,12.0,17.0
2018-04-30T20:00:00Z,0.793,19.6,2.1,Port Kembla,7.5600000000000005,SIMP_201812_WP,4,April,178.4,12.0,17.0
2018-04-30T21:00:00Z,1.062,19.6,2.5,Port Kembla,9,SIMP_201812_WP,4,April,178.4,12.0,17.0
2018-04-30T22:00:00Z,1.261,19.6,1.9,Port Kembla,6.84,SIMP_201812_WP,4,April,178.4,12.0,17.0
2018-04-30T23:00:00Z,1.357,19.6,1.5,Port Kembla,5.4,SIMP_201812_WP,4,April,178.4,12.0,17.0
2018-05-01T00:00:00Z,1.309,19.6,2.5,Port Kembla,9,SIMP_201812_WP,5,May,160.8,10.7,14.6
2018-05-01T01:00:00Z,1.123,19.7,2.2,Port Kembla,7.920000000000001,SIMP_201812_WP,5,May,160.8,10.7,14.6
2018-05-01T02:00:00Z,0.869,19.6,1.7,Port Kembla,6.12,SIMP_201812_WP,5,May,160.8,10.7,14.6
2018-05-01T03:00:00Z,0.626,19.7,1.9,Port Kembla,6.84,SIMP_201812_WP,5,May,160.8,10.7,14.6
2018-05-01T04:00:00Z,0.464,19.9,2.4,Port Kembla,8.64,SIMP_201812_WP,5,May,160.8,10.7,14.6
2018-05-01T05:00:00Z,0.4,19.9,3.1,Port Kembla,11.16,SIMP_201812_WP,5,May,160.8,10.7,14.6
2018-05-01T06:00:00Z,0.475,20.3,2.8,Port Kembla,10.08,SIMP_201812_WP,5,May,160.8,10.7,14.6
2018-05-01T07:00:00Z,0.685,20.3,3.1,Port Kembla,11.16,SIMP_201812_WP,5,May,160.8,10.7,14.6
2018-05-01T08:00:00Z,0.967,20.2,1.8,Port Kembla,6.48,SIMP_201812_WP,5,May,160.8,10.7,14.6
2018-05-01T09:00:00Z,1.259,20.2,0.9,Port Kembla,3.24,SIMP_201812_WP,5,May,160.8,10.7,14.6
2018-05-01T10:00:00Z,1.509,20.1,1.9,Port Kembla,6.84,SIMP_201812_WP,5,May,160.8,10.7,14.6
2018-05-01T11:00:00Z,1.645,20.1,1.1,Port Kembla,3.9600000000000004,SIMP_201812_WP,5,May,160.8,10.7,14.6
2018-05-01T12:00:00Z,1.62,19.9,2,Port Kembla,7.2,SIMP_201812_WP,5,May,160.8,10.7,14.6
2018-05-01T13:00:00Z,1.453,20,0.6,Port Kembla,2.16,SIMP_201812_WP,5,May,160.8,10.7,14.6
2018-05-01T14:00:00Z,1.167,20,1.5,Port Kembla,5.4,SIMP_201812_WP,5,May,160.8,10.7,14.6
2018-05-01T15:00:00Z,0.845,19.9,0.7,Port Kembla,2.52,SIMP_201812_WP,5,May,160.8,10.7,14.6
2018-05-01T16:00:00Z,0.572,19.9,0.8,Port Kembla,2.8800000000000003,SIMP_201812_WP,5,May,160.8,10.7,14.6
2018-05-01T17:00:00Z,0.391,19.9,1.2,Port Kembla,4.32,SIMP_201812_WP,5,May,160.8,10.7,14.6
2018-05-01T18:00:00Z,0.331,19.9,1.6,Port Kembla,5.760000000000001,SIMP_201812_WP,5,May,160.8,10.7,14.6
2018-05-01T19:00:00Z,0.414,19.8,3.2,Port Kembla,11.520000000000001,SIMP_201812_WP,5,May,160.8,10.7,14.6
2018-05-01T20:00:00Z,0.612,19.8,2.5,Port Kembla,9,SIMP_201812_WP,5,May,160.8,10.7,14.6
2018-05-01T21:00:00Z,0.861,19.7,2.7,Port Kembla,9.72,SIMP_201812_WP,5,May,160.8,10.7,14.6
2018-05-01T22:00:00Z,1.085,19.7,1.2,Port Kembla,4.32,SIMP_201812_WP,5,May,160.8,10.7,14.6
2018-05-01T23:00:00Z,1.239,19.8,3.7,Port Kembla,13.32,SIMP_201812_WP,5,May,160.8,10.7,14.6
2018-05-02T00:00:00Z,1.29,19.8,3.1,Port Kembla,11.16,SIMP_201812_WP,5,May,160.8,10.7,14.6
2018-05-02T01:00:00Z,1.202,19.8,3.9,Port Kembla,14.04,SIMP_201812_WP,5,May,160.8,10.7,14.6
2018-05-02T02:00:00Z,1.006,19.8,4.2,Port Kembla,15.120000000000001,SIMP_201812_WP,5,May,160.8,10.7,14.6
2018-05-02T03:00:00Z,0.787,20,4.4,Port Kembla,15.840000000000002,SIMP_201812_WP,5,May,160.8,10.7,14.6
2018-05-02T04:00:00Z,0.597,20.1,4.3,Port Kembla,15.48,SIMP_201812_WP,5,May,160.8,10.7,14.6
2018-05-02T05:00:00Z,0.483,20.1,3,Port Kembla,10.8,SIMP_201812_WP,5,May,160.8,10.7,14.6
2018-05-02T06:00:00Z,0.48,20.1,3.1,Port Kembla,11.16,SIMP_201812_WP,5,May,160.8,10.7,14.6
2018-05-02T07:00:00Z,0.609,20.1,3.5,Port Kembla,12.6,SIMP_201812_WP,5,May,160.8,10.7,14.6
2018-05-02T08:00:00Z,0.854,20.1,2.9,Port Kembla,10.44,SIMP_201812_WP,5,May,160.8,10.7,14.6
2018-05-02T09:00:00Z,1.137,20.1,1.3,Port Kembla,4.680000000000001,SIMP_201812_WP,5,May,160.8,10.7,14.6
2018-05-02T10:00:00Z,1.402,20.1,1.3,Port Kembla,4.680000000000001,SIMP_201812_WP,5,May,160.8,10.7,14.6
2018-05-02T11:00:00Z,1.593,20,0.6,Port Kembla,2.16,SIMP_201812_WP,5,May,160.8,10.7,14.6
2018-05-02T12:00:00Z,1.65,19.9,2,Port Kembla,7.2,SIMP_201812_WP,5,May,160.8,10.7,14.6
2018-05-02T13:00:00Z,1.566,19.9,0.2,Port Kembla,0.7200000000000001,SIMP_201812_WP,5,May,160.8,10.7,14.6
2018-05-02T14:00:00Z,1.357,20,2.1,Port Kembla,7.5600000000000005,SIMP_201812_WP,5,May,160.8,10.7,14.6
2018-05-02T15:00:00Z,1.065,19.9,1.1,Port Kembla,3.9600000000000004,SIMP_201812_WP,5,May,160.8,10.7,14.6
2018-05-02T16:00:00Z,0.759,19.8,1.3,Port Kembla,4.680000000000001,SIMP_201812_WP,5,May,160.8,10.7,14.6
2018-05-02T17:00:00Z,0.526,19.8,1.2,Port Kembla,4.32,SIMP_201812_WP,5,May,160.8,10.7,14.6
2018-05-02T18:00:00Z,0.393,19.8,1.2,Port Kembla,4.32,SIMP_201812_WP,5,May,160.8,10.7,14.6
2018-05-02T19:00:00Z,0.385,19.8,0.2,Port Kembla,0.7200000000000001,SIMP_201812_WP,5,May,160.8,10.7,14.6
2018-05-02T20:00:00Z,0.502,19.8,0.8,Port Kembla,2.8800000000000003,SIMP_201812_WP,5,May,160.8,10.7,14.6
2018-05-02T21:00:00Z,0.7,19.8,1.9,Port Kembla,6.84,SIMP_201812_WP,5,May,160.8,10.7,14.6
2018-05-02T22:00:00Z,0.921,19.7,2.2,Port Kembla,7.920000000000001,SIMP_201812_WP,5,May,160.8,10.7,14.6
2018-05-02T23:00:00Z,1.108,19.8,2.3,Port Kembla,8.28,SIMP_201812_WP,5,May,160.8,10.7,14.6
2018-05-03T00:00:00Z,1.225,19.9,2.3,Port Kembla,8.28,SIMP_201812_WP,5,May,160.8,10.7,14.6
2018-05-03T01:00:00Z,1.236,19.9,2.6,Port Kembla,9.360000000000001,SIMP_201812_WP,5,May,160.8,10.7,14.6
2018-05-03T02:00:00Z,1.132,19.9,4.6,Port Kembla,16.56,SIMP_201812_WP,5,May,160.8,10.7,14.6
2018-05-03T03:00:00Z,0.955,19.9,4.6,Port Kembla,16.56,SIMP_201812_WP,5,May,160.8,10.7,14.6
2018-05-03T04:00:00Z,0.781,20.3,5.2,Port Kembla,18.720000000000002,SIMP_201812_WP,5,May,160.8,10.7,14.6
2018-05-03T05:00:00Z,0.64,20.6,3.8,Port Kembla,13.68,SIMP_201812_WP,5,May,160.8,10.7,14.6
2018-05-03T06:00:00Z,0.579,20.5,5.5,Port Kembla,19.8,SIMP_201812_WP,5,May,160.8,10.7,14.6
2018-05-03T07:00:00Z,0.631,20.6,6.6,Port Kembla,23.759999999999998,SIMP_201812_WP,5,May,160.8,10.7,14.6
2018-05-03T08:00:00Z,0.788,20.6,4,Port Kembla,14.4,SIMP_201812_WP,5,May,160.8,10.7,14.6
2018-05-03T09:00:00Z,1.02,20.4,4.8,Port Kembla,17.28,SIMP_201812_WP,5,May,160.8,10.7,14.6
2018-05-03T10:00:00Z,1.283,20.3,4.6,Port Kembla,16.56,SIMP_201812_WP,5,May,160.8,10.7,14.6
2018-05-03T11:00:00Z,1.508,20.3,4.4,Port Kembla,15.840000000000002,SIMP_201812_WP,5,May,160.8,10.7,14.6
2018-05-03T12:00:00Z,1.625,20.4,6.4,Port Kembla,23.040000000000003,SIMP_201812_WP,5,May,160.8,10.7,14.6
2018-05-03T13:00:00Z,1.635,20.4,5.3,Port Kembla,19.08,SIMP_201812_WP,5,May,160.8,10.7,14.6
2018-05-03T14:00:00Z,1.515,20.3,6.3,Port Kembla,22.68,SIMP_201812_WP,5,May,160.8,10.7,14.6
2018-05-03T15:00:00Z,1.282,20.3,5.6,Port Kembla,20.16,SIMP_201812_WP,5,May,160.8,10.7,14.6
2018-05-03T16:00:00Z,1.006,20.2,3.5,Port Kembla,12.6,SIMP_201812_WP,5,May,160.8,10.7,14.6
2018-05-03T17:00:00Z,0.748,20.2,0.3,Port Kembla,1.08,SIMP_201812_WP,5,May,160.8,10.7,14.6
2018-05-03T18:00:00Z,0.569,20.2,4.4,Port Kembla,15.840000000000002,SIMP_201812_WP,5,May,160.8,10.7,14.6
2018-05-03T19:00:00Z,0.476,20.2,3.7,Port Kembla,13.32,SIMP_201812_WP,5,May,160.8,10.7,14.6
2018-05-03T20:00:00Z,0.49,20.2,3.6,Port Kembla,12.96,SIMP_201812_WP,5,May,160.8,10.7,14.6
2018-05-03T21:00:00Z,0.612,20.1,5,Port Kembla,18,SIMP_201812_WP,5,May,160.8,10.7,14.6
2018-05-03T22:00:00Z,0.783,20.2,1.3,Port Kembla,4.680000000000001,SIMP_201812_WP,5,May,160.8,10.7,14.6
2018-05-03T23:00:00Z,0.983,20.2,2.3,Port Kembla,8.28,SIMP_201812_WP,5,May,160.8,10.7,14.6
2018-05-04T00:00:00Z,1.147,20.1,3.9,Port Kembla,14.04,SIMP_201812_WP,5,May,160.8,10.7,14.6
2018-05-04T01:00:00Z,1.224,20.1,3.7,Port Kembla,13.32,SIMP_201812_WP,5,May,160.8,10.7,14.6
2018-05-04T02:00:00Z,1.189,20.3,8.4,Port Kembla,30.240000000000002,SIMP_201812_WP,5,May,160.8,10.7,14.6
2018-05-04T03:00:00Z,1.06,20.3,10.2,Port Kembla,36.72,SIMP_201812_WP,5,May,160.8,10.7,14.6
2018-05-04T04:00:00Z,0.902,20.3,10.9,Port Kembla,39.24,SIMP_201812_WP,5,May,160.8,10.7,14.6
2018-05-04T05:00:00Z,0.749,20.3,9.8,Port Kembla,35.28,SIMP_201812_WP,5,May,160.8,10.7,14.6
2018-05-04T06:00:00Z,0.642,20.3,10.3,Port Kembla,37.080000000000005,SIMP_201812_WP,5,May,160.8,10.7,14.6
2018-05-04T07:00:00Z,0.629,20.2,9.6,Port Kembla,34.56,SIMP_201812_WP,5,May,160.8,10.7,14.6
2018-05-04T08:00:00Z,0.709,20,10.9,Port Kembla,39.24,SIMP_201812_WP,5,May,160.8,10.7,14.6
2018-05-04T09:00:00Z,0.873,19.8,9,Port Kembla,32.4,SIMP_201812_WP,5,May,160.8,10.7,14.6
2018-05-04T10:00:00Z,1.08,20,7.6,Port Kembla,27.36,SIMP_201812_WP,5,May,160.8,10.7,14.6
2018-05-04T11:00:00Z,1.293,20,10,Port Kembla,36,SIMP_201812_WP,5,May,160.8,10.7,14.6
2018-05-04T12:00:00Z,1.45,20,4.6,Port Kembla,16.56,SIMP_201812_WP,5,May,160.8,10.7,14.6
2018-05-04T13:00:00Z,1.527,19.9,4.8,Port Kembla,17.28,SIMP_201812_WP,5,May,160.8,10.7,14.6
2018-05-04T14:00:00Z,1.482,19.8,3.5,Port Kembla,12.6,SIMP_201812_WP,5,May,160.8,10.7,14.6
2018-05-04T15:00:00Z,1.327,19.9,6.6,Port Kembla,23.759999999999998,SIMP_201812_WP,5,May,160.8,10.7,14.6
2018-05-04T16:00:00Z,1.094,19.6,10.7,Port Kembla,38.519999999999996,SIMP_201812_WP,5,May,160.8,10.7,14.6
2018-05-04T17:00:00Z,0.846,19.6,2.6,Port Kembla,9.360000000000001,SIMP_201812_WP,5,May,160.8,10.7,14.6
2018-05-04T18:00:00Z,0.638,19.7,9.1,Port Kembla,32.76,SIMP_201812_WP,5,May,160.8,10.7,14.6
2018-05-04T19:00:00Z,0.473,19.6,3.7,Port Kembla,13.32,SIMP_201812_WP,5,May,160.8,10.7,14.6
2018-05-04T20:00:00Z,0.399,19.6,3.9,Port Kembla,14.04,SIMP_201812_WP,5,May,160.8,10.7,14.6
2018-05-04T21:00:00Z,0.436,19.5,3,Port Kembla,10.8,SIMP_201812_WP,5,May,160.8,10.7,14.6
2018-05-04T22:00:00Z,0.557,19.5,4.2,Port Kembla,15.120000000000001,SIMP_201812_WP,5,May,160.8,10.7,14.6
2018-05-04T23:00:00Z,0.712,19.5,4.1,Port Kembla,14.76,SIMP_201812_WP,5,May,160.8,10.7,14.6
2018-05-05T00:00:00Z,0.872,19.5,3.3,Port Kembla,11.879999999999999,SIMP_201812_WP,5,May,160.8,10.7,14.6
2018-05-05T01:00:00Z,0.996,19.5,2,Port Kembla,7.2,SIMP_201812_WP,5,May,160.8,10.7,14.6
2018-05-05T02:00:00Z,1.046,19.5,2.2,Port Kembla,7.920000000000001,SIMP_201812_WP,5,May,160.8,10.7,14.6
2018-05-05T03:00:00Z,1.014,19.5,2.8,Port Kembla,10.08,SIMP_201812_WP,5,May,160.8,10.7,14.6
2018-05-05T04:00:00Z,0.92,19.6,4,Port Kembla,14.4,SIMP_201812_WP,5,May,160.8,10.7,14.6
2018-05-05T05:00:00Z,0.796,20,4,Port Kembla,14.4,SIMP_201812_WP,5,May,160.8,10.7,14.6
2018-05-05T06:00:00Z,0.682,20,3.3,Port Kembla,11.879999999999999,SIMP_201812_WP,5,May,160.8,10.7,14.6
2018-05-05T07:00:00Z,0.628,20,3.2,Port Kembla,11.520000000000001,SIMP_201812_WP,5,May,160.8,10.7,14.6
2018-05-05T08:00:00Z,0.638,20,2.5,Port Kembla,9,SIMP_201812_WP,5,May,160.8,10.7,14.6
2018-05-05T09:00:00Z,0.742,19.9,1.3,Port Kembla,4.680000000000001,SIMP_201812_WP,5,May,160.8,10.7,14.6
2018-05-05T10:00:00Z,0.908,19.9,2,Port Kembla,7.2,SIMP_201812_WP,5,May,160.8,10.7,14.6
2018-05-05T11:00:00Z,1.108,19.9,1.9,Port Kembla,6.84,SIMP_201812_WP,5,May,160.8,10.7,14.6
2018-05-05T12:00:00Z,1.287,19.8,1.7,Port Kembla,6.12,SIMP_201812_WP,5,May,160.8,10.7,14.6
2018-05-05T13:00:00Z,1.412,19.8,0.6,Port Kembla,2.16,SIMP_201812_WP,5,May,160.8,10.7,14.6
2018-05-05T14:00:00Z,1.462,19.7,1.3,Port Kembla,4.680000000000001,SIMP_201812_WP,5,May,160.8,10.7,14.6
2018-05-05T15:00:00Z,1.401,19.7,0.5,Port Kembla,1.8,SIMP_201812_WP,5,May,160.8,10.7,14.6
2018-05-05T16:00:00Z,1.235,19.7,1.2,Port Kembla,4.32,SIMP_201812_WP,5,May,160.8,10.7,14.6
2018-05-05T17:00:00Z,1.022,19.6,0.6,Port Kembla,2.16,SIMP_201812_WP,5,May,160.8,10.7,14.6
2018-05-05T18:00:00Z,0.811,19.6,1.8,Port Kembla,6.48,SIMP_201812_WP,5,May,160.8,10.7,14.6
2018-05-05T19:00:00Z,0.617,19.6,2,Port Kembla,7.2,SIMP_201812_WP,5,May,160.8,10.7,14.6
2018-05-05T20:00:00Z,0.484,19.5,1.8,Port Kembla,6.48,SIMP_201812_WP,5,May,160.8,10.7,14.6
2018-05-05T21:00:00Z,0.445,19.5,2,Port Kembla,7.2,SIMP_201812_WP,5,May,160.8,10.7,14.6
2018-05-05T22:00:00Z,0.499,19.5,2.4,Port Kembla,8.64,SIMP_201812_WP,5,May,160.8,10.7,14.6
2018-05-05T23:00:00Z,0.616,19.6,2.7,Port Kembla,9.72,SIMP_201812_WP,5,May,160.8,10.7,14.6
2018-05-06T00:00:00Z,0.779,19.7,3.2,Port Kembla,11.520000000000001,SIMP_201812_WP,5,May,160.8,10.7,14.6
2018-05-06T01:00:00Z,0.93,19.6,2,Port Kembla,7.2,SIMP_201812_WP,5,May,160.8,10.7,14.6
2018-05-06T02:00:00Z,1.055,19.6,2.7,Port Kembla,9.72,SIMP_201812_WP,5,May,160.8,10.7,14.6
2018-05-06T03:00:00Z,1.102,19.6,3.8,Port Kembla,13.68,SIMP_201812_WP,5,May,160.8,10.7,14.6
2018-05-06T04:00:00Z,1.079,19.6,3.4,Port Kembla,12.24,SIMP_201812_WP,5,May,160.8,10.7,14.6
2018-05-06T05:00:00Z,0.992,19.6,3.3,Port Kembla,11.879999999999999,SIMP_201812_WP,5,May,160.8,10.7,14.6
2018-05-06T06:00:00Z,0.888,19.6,2.4,Port Kembla,8.64,SIMP_201812_WP,5,May,160.8,10.7,14.6
2018-05-06T07:00:00Z,0.805,19.7,1.3,Port Kembla,4.680000000000001,SIMP_201812_WP,5,May,160.8,10.7,14.6
2018-05-06T08:00:00Z,0.76,19.6,1.7,Port Kembla,6.12,SIMP_201812_WP,5,May,160.8,10.7,14.6
2018-05-06T09:00:00Z,0.78,19.6,2.2,Port Kembla,7.920000000000001,SIMP_201812_WP,5,May,160.8,10.7,14.6
2018-05-06T10:00:00Z,0.876,19.7,1.1,Port Kembla,3.9600000000000004,SIMP_201812_WP,5,May,160.8,10.7,14.6
2018-05-06T11:00:00Z,1.029,19.7,1.6,Port Kembla,5.760000000000001,SIMP_201812_WP,5,May,160.8,10.7,14.6
2018-05-06T12:00:00Z,1.196,19.6,1.4,Port Kembla,5.04,SIMP_201812_WP,5,May,160.8,10.7,14.6
2018-05-06T13:00:00Z,1.34,19.6,1.7,Port Kembla,6.12,SIMP_201812_WP,5,May,160.8,10.7,14.6
2018-05-06T14:00:00Z,1.439,19.6,1.5,Port Kembla,5.4,SIMP_201812_WP,5,May,160.8,10.7,14.6
2018-05-06T15:00:00Z,1.452,19.6,1,Port Kembla,3.6,SIMP_201812_WP,5,May,160.8,10.7,14.6
2018-05-06T16:00:00Z,1.383,19.6,1.3,Port Kembla,4.680000000000001,SIMP_201812_WP,5,May,160.8,10.7,14.6
2018-05-06T17:00:00Z,1.236,19.6,4.6,Port Kembla,16.56,SIMP_201812_WP,5,May,160.8,10.7,14.6
2018-05-06T18:00:00Z,1.055,19.6,4,Port Kembla,14.4,SIMP_201812_WP,5,May,160.8,10.7,14.6
2018-05-06T19:00:00Z,0.855,19.6,5.7,Port Kembla,20.52,SIMP_201812_WP,5,May,160.8,10.7,14.6
2018-05-06T20:00:00Z,0.678,19.7,2.5,Port Kembla,9,SIMP_201812_WP,5,May,160.8,10.7,14.6
2018-05-06T21:00:00Z,0.57,19.7,3.2,Port Kembla,11.520000000000001,SIMP_201812_WP,5,May,160.8,10.7,14.6
2018-05-06T22:00:00Z,0.54,19.7,2.5,Port Kembla,9,SIMP_201812_WP,5,May,160.8,10.7,14.6
2018-05-06T23:00:00Z,0.595,19.7,4.8,Port Kembla,17.28,SIMP_201812_WP,5,May,160.8,10.7,14.6
2018-05-07T00:00:00Z,0.72,19.7,3.8,Port Kembla,13.68,SIMP_201812_WP,5,May,160.8,10.7,14.6
2018-05-07T01:00:00Z,0.872,19.8,5,Port Kembla,18,SIMP_201812_WP,5,May,160.8,10.7,14.6
2018-05-07T02:00:00Z,1.015,19.9,5.2,Port Kembla,18.720000000000002,SIMP_201812_WP,5,May,160.8,10.7,14.6
2018-05-07T03:00:00Z,1.133,19.9,5.7,Port Kembla,20.52,SIMP_201812_WP,5,May,160.8,10.7,14.6
2018-05-07T04:00:00Z,1.185,20,5.8,Port Kembla,20.88,SIMP_201812_WP,5,May,160.8,10.7,14.6
2018-05-07T05:00:00Z,1.166,20,6.8,Port Kembla,24.48,SIMP_201812_WP,5,May,160.8,10.7,14.6
2018-05-07T06:00:00Z,1.092,20,8.7,Port Kembla,31.319999999999997,SIMP_201812_WP,5,May,160.8,10.7,14.6
2018-05-07T07:00:00Z,1.006,19.9,8,Port Kembla,28.8,SIMP_201812_WP,5,May,160.8,10.7,14.6
2018-05-07T08:00:00Z,0.938,19.9,7.2,Port Kembla,25.92,SIMP_201812_WP,5,May,160.8,10.7,14.6
2018-05-07T09:00:00Z,0.894,19.9,5.8,Port Kembla,20.88,SIMP_201812_WP,5,May,160.8,10.7,14.6
2018-05-07T10:00:00Z,0.917,19.9,2.7,Port Kembla,9.72,SIMP_201812_WP,5,May,160.8,10.7,14.6
2018-05-07T11:00:00Z,1.008,19.9,1.2,Port Kembla,4.32,SIMP_201812_WP,5,May,160.8,10.7,14.6
2018-05-07T12:00:00Z,1.136,19.9,2.5,Port Kembla,9,SIMP_201812_WP,5,May,160.8,10.7,14.6
2018-05-07T13:00:00Z,1.281,19.8,2.4,Port Kembla,8.64,SIMP_201812_WP,5,May,160.8,10.7,14.6
2018-05-07T14:00:00Z,1.411,19.8,3.1,Port Kembla,11.16,SIMP_201812_WP,5,May,160.8,10.7,14.6
2018-05-07T15:00:00Z,1.491,19.8,3.3,Port Kembla,11.879999999999999,SIMP_201812_WP,5,May,160.8,10.7,14.6
2018-05-07T16:00:00Z,1.502,19.7,1,Port Kembla,3.6,SIMP_201812_WP,5,May,160.8,10.7,14.6
2018-05-07T17:00:00Z,1.436,19.7,1.8,Port Kembla,6.48,SIMP_201812_WP,5,May,160.8,10.7,14.6
2018-05-07T18:00:00Z,1.298,19.7,0.6,Port Kembla,2.16,SIMP_201812_WP,5,May,160.8,10.7,14.6
2018-05-07T19:00:00Z,1.106,19.7,1.1,Port Kembla,3.9600000000000004,SIMP_201812_WP,5,May,160.8,10.7,14.6
2018-05-07T20:00:00Z,0.906,19.7,1,Port Kembla,3.6,SIMP_201812_WP,5,May,160.8,10.7,14.6
2018-05-07T21:00:00Z,0.738,19.7,0.3,Port Kembla,1.08,SIMP_201812_WP,5,May,160.8,10.7,14.6
2018-05-07T22:00:00Z,0.616,19.6,0.8,Port Kembla,2.8800000000000003,SIMP_201812_WP,5,May,160.8,10.7,14.6
2018-05-07T23:00:00Z,0.588,19.6,0.8,Port Kembla,2.8800000000000003,SIMP_201812_WP,5,May,160.8,10.7,14.6
2018-05-08T00:00:00Z,0.64,19.6,0.6,Port Kembla,2.16,SIMP_201812_WP,5,May,160.8,10.7,14.6
2018-05-08T01:00:00Z,0.76,19.7,2.2,Port Kembla,7.920000000000001,SIMP_201812_WP,5,May,160.8,10.7,14.6
2018-05-08T02:00:00Z,0.911,19.7,2.3,Port Kembla,8.28,SIMP_201812_WP,5,May,160.8,10.7,14.6
2018-05-08T03:00:00Z,1.069,19.8,1.7,Port Kembla,6.12,SIMP_201812_WP,5,May,160.8,10.7,14.6
2018-05-08T04:00:00Z,1.18,19.8,3.1,Port Kembla,11.16,SIMP_201812_WP,5,May,160.8,10.7,14.6
2018-05-08T05:00:00Z,1.222,19.8,3.1,Port Kembla,11.16,SIMP_201812_WP,5,May,160.8,10.7,14.6
2018-05-08T06:00:00Z,1.205,19.7,2.8,Port Kembla,10.08,SIMP_201812_WP,5,May,160.8,10.7,14.6
2018-05-08T07:00:00Z,1.139,19.9,1.7,Port Kembla,6.12,SIMP_201812_WP,5,May,160.8,10.7,14.6
2018-05-08T08:00:00Z,1.043,19.9,0.6,Port Kembla,2.16,SIMP_201812_WP,5,May,160.8,10.7,14.6
2018-05-08T09:00:00Z,0.951,19.9,0.5,Port Kembla,1.8,SIMP_201812_WP,5,May,160.8,10.7,14.6
2018-05-08T10:00:00Z,0.896,19.8,1,Port Kembla,3.6,SIMP_201812_WP,5,May,160.8,10.7,14.6
2018-05-08T11:00:00Z,0.899,19.8,3.8,Port Kembla,13.68,SIMP_201812_WP,5,May,160.8,10.7,14.6
2018-05-08T12:00:00Z,0.947,19.8,1.1,Port Kembla,3.9600000000000004,SIMP_201812_WP,5,May,160.8,10.7,14.6
2018-05-08T13:00:00Z,1.053,19.8,0.9,Port Kembla,3.24,SIMP_201812_WP,5,May,160.8,10.7,14.6
2018-05-08T14:00:00Z,1.194,19.8,0.9,Port Kembla,3.24,SIMP_201812_WP,5,May,160.8,10.7,14.6
2018-05-08T15:00:00Z,1.321,19.8,1.4,Port Kembla,5.04,SIMP_201812_WP,5,May,160.8,10.7,14.6
2018-05-08T16:00:00Z,1.412,19.8,0.5,Port Kembla,1.8,SIMP_201812_WP,5,May,160.8,10.7,14.6
2018-05-08T17:00:00Z,1.439,19.7,1.9,Port Kembla,6.84,SIMP_201812_WP,5,May,160.8,10.7,14.6
2018-05-08T18:00:00Z,1.39,19.7,1,Port Kembla,3.6,SIMP_201812_WP,5,May,160.8,10.7,14.6
2018-05-08T19:00:00Z,1.258,19.7,1,Port Kembla,3.6,SIMP_201812_WP,5,May,160.8,10.7,14.6
2018-05-08T20:00:00Z,1.074,19.6,1.8,Port Kembla,6.48,SIMP_201812_WP,5,May,160.8,10.7,14.6
2018-05-08T21:00:00Z,0.884,19.6,2,Port Kembla,7.2,SIMP_201812_WP,5,May,160.8,10.7,14.6
2018-05-08T22:00:00Z,0.718,19.6,1.5,Port Kembla,5.4,SIMP_201812_WP,5,May,160.8,10.7,14.6
2018-05-08T23:00:00Z,0.619,19.7,0,Port Kembla,0,SIMP_201812_WP,5,May,160.8,10.7,14.6
2018-05-09T00:00:00Z,0.6,19.7,1.9,Port Kembla,6.84,SIMP_201812_WP,5,May,160.8,10.7,14.6
2018-05-09T01:00:00Z,0.668,19.7,2.5,Port Kembla,9,SIMP_201812_WP,5,May,160.8,10.7,14.6
2018-05-09T02:00:00Z,0.805,19.8,3.4,Port Kembla,12.24,SIMP_201812_WP,5,May,160.8,10.7,14.6
2018-05-09T03:00:00Z,0.987,20,3.8,Port Kembla,13.68,SIMP_201812_WP,5,May,160.8,10.7,14.6
2018-05-09T04:00:00Z,1.161,20.1,4.5,Port Kembla,16.2,SIMP_201812_WP,5,May,160.8,10.7,14.6
2018-05-09T05:00:00Z,1.277,20.2,2.2,Port Kembla,7.920000000000001,SIMP_201812_WP,5,May,160.8,10.7,14.6
2018-05-09T06:00:00Z,1.336,20.2,2.4,Port Kembla,8.64,SIMP_201812_WP,5,May,160.8,10.7,14.6
2018-05-09T07:00:00Z,1.316,20.2,2.9,Port Kembla,10.44,SIMP_201812_WP,5,May,160.8,10.7,14.6
2018-05-09T08:00:00Z,1.232,20.2,3.4,Port Kembla,12.24,SIMP_201812_WP,5,May,160.8,10.7,14.6
2018-05-09T09:00:00Z,1.115,20.1,1.3,Port Kembla,4.680000000000001,SIMP_201812_WP,5,May,160.8,10.7,14.6
2018-05-09T10:00:00Z,1.01,20,1.4,Port Kembla,5.04,SIMP_201812_WP,5,May,160.8,10.7,14.6
2018-05-09T11:00:00Z,0.942,20,1.1,Port Kembla,3.9600000000000004,SIMP_201812_WP,5,May,160.8,10.7,14.6
2018-05-09T12:00:00Z,0.919,19.9,3.5,Port Kembla,12.6,SIMP_201812_WP,5,May,160.8,10.7,14.6
2018-05-09T13:00:00Z,0.979,19.9,1.1,Port Kembla,3.9600000000000004,SIMP_201812_WP,5,May,160.8,10.7,14.6
2018-05-09T14:00:00Z,1.098,19.8,0.9,Port Kembla,3.24,SIMP_201812_WP,5,May,160.8,10.7,14.6
2018-05-09T15:00:00Z,1.245,19.8,0.6,Port Kembla,2.16,SIMP_201812_WP,5,May,160.8,10.7,14.6
2018-05-09T16:00:00Z,1.386,19.9,1.1,Port Kembla,3.9600000000000004,SIMP_201812_WP,5,May,160.8,10.7,14.6
2018-05-09T17:00:00Z,1.491,19.8,0.3,Port Kembla,1.08,SIMP_201812_WP,5,May,160.8,10.7,14.6
2018-05-09T18:00:00Z,1.517,19.8,1.9,Port Kembla,6.84,SIMP_201812_WP,5,May,160.8,10.7,14.6
2018-05-09T19:00:00Z,1.448,19.8,1.5,Port Kembla,5.4,SIMP_201812_WP,5,May,160.8,10.7,14.6
2018-05-09T20:00:00Z,1.304,19.7,1.6,Port Kembla,5.760000000000001,SIMP_201812_WP,5,May,160.8,10.7,14.6
2018-05-09T21:00:00Z,1.096,19.7,1.3,Port Kembla,4.680000000000001,SIMP_201812_WP,5,May,160.8,10.7,14.6
2018-05-09T22:00:00Z,0.885,19.6,3.9,Port Kembla,14.04,SIMP_201812_WP,5,May,160.8,10.7,14.6
2018-05-09T23:00:00Z,0.717,19.7,1.1,Port Kembla,3.9600000000000004,SIMP_201812_WP,5,May,160.8,10.7,14.6
2018-05-10T00:00:00Z,0.62,19.7,2.3,Port Kembla,8.28,SIMP_201812_WP,5,May,160.8,10.7,14.6
2018-05-10T01:00:00Z,0.613,19.7,3.5,Port Kembla,12.6,SIMP_201812_WP,5,May,160.8,10.7,14.6
2018-05-10T02:00:00Z,0.72,19.7,4.1,Port Kembla,14.76,SIMP_201812_WP,5,May,160.8,10.7,14.6
2018-05-10T03:00:00Z,0.89,19.8,5.4,Port Kembla,19.44,SIMP_201812_WP,5,May,160.8,10.7,14.6
2018-05-10T04:00:00Z,1.103,19.8,4.6,Port Kembla,16.56,SIMP_201812_WP,5,May,160.8,10.7,14.6
2018-05-10T05:00:00Z,1.278,19.9,5.9,Port Kembla,21.240000000000002,SIMP_201812_WP,5,May,160.8,10.7,14.6
2018-05-10T06:00:00Z,1.363,19.9,10.9,Port Kembla,39.24,SIMP_201812_WP,5,May,160.8,10.7,14.6
2018-05-10T07:00:00Z,1.383,19.8,13,Port Kembla,46.800000000000004,SIMP_201812_WP,5,May,160.8,10.7,14.6
2018-05-10T08:00:00Z,1.33,19.6,11.7,Port Kembla,42.12,SIMP_201812_WP,5,May,160.8,10.7,14.6
2018-05-10T09:00:00Z,1.204,19.4,9,Port Kembla,32.4,SIMP_201812_WP,5,May,160.8,10.7,14.6
2018-05-10T10:00:00Z,1.048,19.4,4.8,Port Kembla,17.28,SIMP_201812_WP,5,May,160.8,10.7,14.6
2018-05-10T11:00:00Z,0.912,19.4,2.5,Port Kembla,9,SIMP_201812_WP,5,May,160.8,10.7,14.6
2018-05-10T12:00:00Z,0.807,19.4,2.8,Port Kembla,10.08,SIMP_201812_WP,5,May,160.8,10.7,14.6
2018-05-10T13:00:00Z,0.784,19.3,4.6,Port Kembla,16.56,SIMP_201812_WP,5,May,160.8,10.7,14.6
2018-05-10T14:00:00Z,0.842,19.3,8.7,Port Kembla,31.319999999999997,SIMP_201812_WP,5,May,160.8,10.7,14.6
2018-05-10T15:00:00Z,0.989,19.1,7,Port Kembla,25.2,SIMP_201812_WP,5,May,160.8,10.7,14.6
2018-05-10T16:00:00Z,1.169,19,4.5,Port Kembla,16.2,SIMP_201812_WP,5,May,160.8,10.7,14.6
2018-05-10T17:00:00Z,1.335,18.9,3.7,Port Kembla,13.32,SIMP_201812_WP,5,May,160.8,10.7,14.6
2018-05-10T18:00:00Z,1.455,19,3.3,Port Kembla,11.879999999999999,SIMP_201812_WP,5,May,160.8,10.7,14.6
2018-05-10T19:00:00Z,1.485,19,4.7,Port Kembla,16.92,SIMP_201812_WP,5,May,160.8,10.7,14.6
2018-05-10T20:00:00Z,1.41,19,7.7,Port Kembla,27.720000000000002,SIMP_201812_WP,5,May,160.8,10.7,14.6
2018-05-10T21:00:00Z,1.239,18.9,8.9,Port Kembla,32.04,SIMP_201812_WP,5,May,160.8,10.7,14.6
2018-05-10T22:00:00Z,1.02,18.8,8.2,Port Kembla,29.52,SIMP_201812_WP,5,May,160.8,10.7,14.6
2018-05-10T23:00:00Z,0.796,18.9,8.7,Port Kembla,31.319999999999997,SIMP_201812_WP,5,May,160.8,10.7,14.6
2018-05-11T00:00:00Z,0.624,18.8,12.9,Port Kembla,46.440000000000005,SIMP_201812_WP,5,May,160.8,10.7,14.6
2018-05-11T01:00:00Z,0.534,18.8,13.2,Port Kembla,47.519999999999996,SIMP_201812_WP,5,May,160.8,10.7,14.6
2018-05-11T02:00:00Z,0.571,18.9,10.7,Port Kembla,38.519999999999996,SIMP_201812_WP,5,May,160.8,10.7,14.6
2018-05-11T03:00:00Z,0.723,18.9,13.4,Port Kembla,48.24,SIMP_201812_WP,5,May,160.8,10.7,14.6
2018-05-11T04:00:00Z,0.954,18.9,11,Port Kembla,39.6,SIMP_201812_WP,5,May,160.8,10.7,14.6
2018-05-11T05:00:00Z,1.2,18.9,11.1,Port Kembla,39.96,SIMP_201812_WP,5,May,160.8,10.7,14.6
2018-05-11T06:00:00Z,1.402,18.9,11.7,Port Kembla,42.12,SIMP_201812_WP,5,May,160.8,10.7,14.6
2018-05-11T07:00:00Z,1.534,18.7,9.2,Port Kembla,33.12,SIMP_201812_WP,5,May,160.8,10.7,14.6
2018-05-11T08:00:00Z,1.561,18.7,9.9,Port Kembla,35.64,SIMP_201812_WP,5,May,160.8,10.7,14.6
2018-05-11T09:00:00Z,1.471,18.6,9.7,Port Kembla,34.92,SIMP_201812_WP,5,May,160.8,10.7,14.6
2018-05-11T10:00:00Z,1.305,18.5,8,Port Kembla,28.8,SIMP_201812_WP,5,May,160.8,10.7,14.6
2018-05-11T11:00:00Z,1.109,18.5,7,Port Kembla,25.2,SIMP_201812_WP,5,May,160.8,10.7,14.6
2018-05-11T12:00:00Z,0.93,18.4,7.6,Port Kembla,27.36,SIMP_201812_WP,5,May,160.8,10.7,14.6
2018-05-11T13:00:00Z,0.83,18.5,7.1,Port Kembla,25.56,SIMP_201812_WP,5,May,160.8,10.7,14.6
2018-05-11T14:00:00Z,0.813,18.4,8.4,Port Kembla,30.240000000000002,SIMP_201812_WP,5,May,160.8,10.7,14.6
2018-05-11T15:00:00Z,0.91,18.4,9.4,Port Kembla,33.84,SIMP_201812_WP,5,May,160.8,10.7,14.6
2018-05-11T16:00:00Z,1.093,18.4,8.1,Port Kembla,29.16,SIMP_201812_WP,5,May,160.8,10.7,14.6
2018-05-11T17:00:00Z,1.314,18.3,6.7,Port Kembla,24.12,SIMP_201812_WP,5,May,160.8,10.7,14.6
2018-05-11T18:00:00Z,1.508,18.3,7.4,Port Kembla,26.64,SIMP_201812_WP,5,May,160.8,10.7,14.6
2018-05-11T19:00:00Z,1.633,18.3,8.4,Port Kembla,30.240000000000002,SIMP_201812_WP,5,May,160.8,10.7,14.6
2018-05-11T20:00:00Z,1.642,18.2,7.4,Port Kembla,26.64,SIMP_201812_WP,5,May,160.8,10.7,14.6
2018-05-11T21:00:00Z,1.534,18.1,9.2,Port Kembla,33.12,SIMP_201812_WP,5,May,160.8,10.7,14.6
2018-05-11T22:00:00Z,1.321,18.2,9.6,Port Kembla,34.56,SIMP_201812_WP,5,May,160.8,10.7,14.6
2018-05-11T23:00:00Z,1.064,18.3,10.4,Port Kembla,37.440000000000005,SIMP_201812_WP,5,May,160.8,10.7,14.6
2018-05-12T00:00:00Z,0.826,18.3,7.3,Port Kembla,26.28,SIMP_201812_WP,5,May,160.8,10.7,14.6
2018-05-12T01:00:00Z,0.658,18.4,7.5,Port Kembla,27,SIMP_201812_WP,5,May,160.8,10.7,14.6
2018-05-12T02:00:00Z,0.604,18.4,11,Port Kembla,39.6,SIMP_201812_WP,5,May,160.8,10.7,14.6
2018-05-12T03:00:00Z,0.686,18.4,9.4,Port Kembla,33.84,SIMP_201812_WP,5,May,160.8,10.7,14.6
2018-05-12T04:00:00Z,0.901,18.4,10.4,Port Kembla,37.440000000000005,SIMP_201812_WP,5,May,160.8,10.7,14.6
2018-05-12T05:00:00Z,1.177,18.4,7.7,Port Kembla,27.720000000000002,SIMP_201812_WP,5,May,160.8,10.7,14.6
2018-05-12T06:00:00Z,1.446,18.3,8.3,Port Kembla,29.880000000000003,SIMP_201812_WP,5,May,160.8,10.7,14.6
2018-05-12T07:00:00Z,1.649,18.3,10.2,Port Kembla,36.72,SIMP_201812_WP,5,May,160.8,10.7,14.6
2018-05-12T08:00:00Z,1.749,18.3,7.7,Port Kembla,27.720000000000002,SIMP_201812_WP,5,May,160.8,10.7,14.6
2018-05-12T09:00:00Z,1.72,18.3,6.5,Port Kembla,23.400000000000002,SIMP_201812_WP,5,May,160.8,10.7,14.6
2018-05-12T10:00:00Z,1.568,18.3,7.6,Port Kembla,27.36,SIMP_201812_WP,5,May,160.8,10.7,14.6
2018-05-12T11:00:00Z,1.333,18.3,7.7,Port Kembla,27.720000000000002,SIMP_201812_WP,5,May,160.8,10.7,14.6
2018-05-12T12:00:00Z,1.067,18.3,8.5,Port Kembla,30.6,SIMP_201812_WP,5,May,160.8,10.7,14.6
2018-05-12T13:00:00Z,0.85,18.3,8.5,Port Kembla,30.6,SIMP_201812_WP,5,May,160.8,10.7,14.6
2018-05-12T14:00:00Z,0.753,18.2,8.7,Port Kembla,31.319999999999997,SIMP_201812_WP,5,May,160.8,10.7,14.6
2018-05-12T15:00:00Z,0.769,18.1,6.2,Port Kembla,22.32,SIMP_201812_WP,5,May,160.8,10.7,14.6
2018-05-12T16:00:00Z,0.899,18.1,8.4,Port Kembla,30.240000000000002,SIMP_201812_WP,5,May,160.8,10.7,14.6
2018-05-12T17:00:00Z,1.136,18.1,6.8,Port Kembla,24.48,SIMP_201812_WP,5,May,160.8,10.7,14.6
2018-05-12T18:00:00Z,1.399,18.1,8.4,Port Kembla,30.240000000000002,SIMP_201812_WP,5,May,160.8,10.7,14.6
2018-05-12T19:00:00Z,1.596,18,7.6,Port Kembla,27.36,SIMP_201812_WP,5,May,160.8,10.7,14.6
2018-05-12T20:00:00Z,1.71,18,7.8,Port Kembla,28.08,SIMP_201812_WP,5,May,160.8,10.7,14.6
2018-05-12T21:00:00Z,1.694,18,7.2,Port Kembla,25.92,SIMP_201812_WP,5,May,160.8,10.7,14.6
2018-05-12T22:00:00Z,1.535,17.9,6.5,Port Kembla,23.400000000000002,SIMP_201812_WP,5,May,160.8,10.7,14.6
2018-05-12T23:00:00Z,1.282,18,7,Port Kembla,25.2,SIMP_201812_WP,5,May,160.8,10.7,14.6
2018-05-13T00:00:00Z,0.997,18,8.8,Port Kembla,31.680000000000003,SIMP_201812_WP,5,May,160.8,10.7,14.6
2018-05-13T01:00:00Z,0.752,18,9.6,Port Kembla,34.56,SIMP_201812_WP,5,May,160.8,10.7,14.6
2018-05-13T02:00:00Z,0.601,18.1,7.9,Port Kembla,28.44,SIMP_201812_WP,5,May,160.8,10.7,14.6
2018-05-13T03:00:00Z,0.593,18.1,7.6,Port Kembla,27.36,SIMP_201812_WP,5,May,160.8,10.7,14.6
2018-05-13T04:00:00Z,0.741,18.1,8.4,Port Kembla,30.240000000000002,SIMP_201812_WP,5,May,160.8,10.7,14.6
2018-05-13T05:00:00Z,0.986,18.1,9.3,Port Kembla,33.480000000000004,SIMP_201812_WP,5,May,160.8,10.7,14.6
2018-05-13T06:00:00Z,1.281,18.1,7.5,Port Kembla,27,SIMP_201812_WP,5,May,160.8,10.7,14.6
2018-05-13T07:00:00Z,1.57,18.1,8.1,Port Kembla,29.16,SIMP_201812_WP,5,May,160.8,10.7,14.6
2018-05-13T08:00:00Z,1.769,18,7.3,Port Kembla,26.28,SIMP_201812_WP,5,May,160.8,10.7,14.6
2018-05-13T09:00:00Z,1.829,18,7.5,Port Kembla,27,SIMP_201812_WP,5,May,160.8,10.7,14.6
2018-05-13T10:00:00Z,1.723,18,9.4,Port Kembla,33.84,SIMP_201812_WP,5,May,160.8,10.7,14.6
2018-05-13T11:00:00Z,1.488,18,8,Port Kembla,28.8,SIMP_201812_WP,5,May,160.8,10.7,14.6
2018-05-13T12:00:00Z,1.181,18,5.2,Port Kembla,18.720000000000002,SIMP_201812_WP,5,May,160.8,10.7,14.6
2018-05-13T13:00:00Z,0.884,17.9,7.3,Port Kembla,26.28,SIMP_201812_WP,5,May,160.8,10.7,14.6
2018-05-13T14:00:00Z,0.668,17.9,6.8,Port Kembla,24.48,SIMP_201812_WP,5,May,160.8,10.7,14.6
2018-05-13T15:00:00Z,0.557,17.9,7.1,Port Kembla,25.56,SIMP_201812_WP,5,May,160.8,10.7,14.6
2018-05-13T16:00:00Z,0.597,17.9,6.6,Port Kembla,23.759999999999998,SIMP_201812_WP,5,May,160.8,10.7,14.6
2018-05-13T17:00:00Z,0.782,17.9,7.5,Port Kembla,27,SIMP_201812_WP,5,May,160.8,10.7,14.6
2018-05-13T18:00:00Z,1.039,17.9,5.6,Port Kembla,20.16,SIMP_201812_WP,5,May,160.8,10.7,14.6
2018-05-13T19:00:00Z,1.301,17.9,5.3,Port Kembla,19.08,SIMP_201812_WP,5,May,160.8,10.7,14.6
2018-05-13T20:00:00Z,1.502,17.8,7.3,Port Kembla,26.28,SIMP_201812_WP,5,May,160.8,10.7,14.6
2018-05-13T21:00:00Z,1.59,17.8,5.3,Port Kembla,19.08,SIMP_201812_WP,5,May,160.8,10.7,14.6
2018-05-13T22:00:00Z,1.526,17.8,5.7,Port Kembla,20.52,SIMP_201812_WP,5,May,160.8,10.7,14.6
2018-05-13T23:00:00Z,1.312,17.8,5.7,Port Kembla,20.52,SIMP_201812_WP,5,May,160.8,10.7,14.6
2018-05-14T00:00:00Z,1.024,17.9,6,Port Kembla,21.6,SIMP_201812_WP,5,May,160.8,10.7,14.6
2018-05-14T01:00:00Z,0.728,18,5.1,Port Kembla,18.36,SIMP_201812_WP,5,May,160.8,10.7,14.6
2018-05-14T02:00:00Z,0.502,18,7,Port Kembla,25.2,SIMP_201812_WP,5,May,160.8,10.7,14.6
2018-05-14T03:00:00Z,0.398,18,4.9,Port Kembla,17.64,SIMP_201812_WP,5,May,160.8,10.7,14.6
2018-05-14T04:00:00Z,0.443,18.1,4.4,Port Kembla,15.840000000000002,SIMP_201812_WP,5,May,160.8,10.7,14.6
2018-05-14T05:00:00Z,0.64,18.1,3.4,Port Kembla,12.24,SIMP_201812_WP,5,May,160.8,10.7,14.6
2018-05-14T06:00:00Z,0.941,18.1,3.5,Port Kembla,12.6,SIMP_201812_WP,5,May,160.8,10.7,14.6
2018-05-14T07:00:00Z,1.272,18.1,4.4,Port Kembla,15.840000000000002,SIMP_201812_WP,5,May,160.8,10.7,14.6
2018-05-14T08:00:00Z,1.56,18.1,5.1,Port Kembla,18.36,SIMP_201812_WP,5,May,160.8,10.7,14.6
2018-05-14T09:00:00Z,1.728,18.1,4.3,Port Kembla,15.48,SIMP_201812_WP,5,May,160.8,10.7,14.6
2018-05-14T10:00:00Z,1.75,18.1,4,Port Kembla,14.4,SIMP_201812_WP,5,May,160.8,10.7,14.6
2018-05-14T11:00:00Z,1.595,18,3.8,Port Kembla,13.68,SIMP_201812_WP,5,May,160.8,10.7,14.6
2018-05-14T12:00:00Z,1.294,18,3.1,Port Kembla,11.16,SIMP_201812_WP,5,May,160.8,10.7,14.6
2018-05-14T13:00:00Z,0.948,18,2.9,Port Kembla,10.44,SIMP_201812_WP,5,May,160.8,10.7,14.6
2018-05-14T14:00:00Z,0.628,18,4.1,Port Kembla,14.76,SIMP_201812_WP,5,May,160.8,10.7,14.6
2018-05-14T15:00:00Z,0.406,18,4,Port Kembla,14.4,SIMP_201812_WP,5,May,160.8,10.7,14.6
2018-05-14T16:00:00Z,0.325,18.1,4,Port Kembla,14.4,SIMP_201812_WP,5,May,160.8,10.7,14.6
2018-05-14T17:00:00Z,0.417,18.2,3.1,Port Kembla,11.16,SIMP_201812_WP,5,May,160.8,10.7,14.6
2018-05-14T18:00:00Z,0.65,18.2,3.2,Port Kembla,11.520000000000001,SIMP_201812_WP,5,May,160.8,10.7,14.6
2018-05-14T19:00:00Z,0.944,18.2,2.8,Port Kembla,10.08,SIMP_201812_WP,5,May,160.8,10.7,14.6
2018-05-14T20:00:00Z,1.218,18.3,3.5,Port Kembla,12.6,SIMP_201812_WP,5,May,160.8,10.7,14.6
2018-05-14T21:00:00Z,1.41,18.2,3.8,Port Kembla,13.68,SIMP_201812_WP,5,May,160.8,10.7,14.6
2018-05-14T22:00:00Z,1.462,18.2,4,Port Kembla,14.4,SIMP_201812_WP,5,May,160.8,10.7,14.6
2018-05-14T23:00:00Z,1.366,18.3,4.3,Port Kembla,15.48,SIMP_201812_WP,5,May,160.8,10.7,14.6
2018-05-15T00:00:00Z,1.137,18.3,4.1,Port Kembla,14.76,SIMP_201812_WP,5,May,160.8,10.7,14.6
2018-05-15T01:00:00Z,0.844,18.2,2.1,Port Kembla,7.5600000000000005,SIMP_201812_WP,5,May,160.8,10.7,14.6
2018-05-15T02:00:00Z,0.564,18.3,1.8,Port Kembla,6.48,SIMP_201812_WP,5,May,160.8,10.7,14.6
2018-05-15T03:00:00Z,0.375,18.3,3.6,Port Kembla,12.96,SIMP_201812_WP,5,May,160.8,10.7,14.6
2018-05-15T04:00:00Z,0.319,18.4,3.4,Port Kembla,12.24,SIMP_201812_WP,5,May,160.8,10.7,14.6
2018-05-15T05:00:00Z,0.426,18.5,3.5,Port Kembla,12.6,SIMP_201812_WP,5,May,160.8,10.7,14.6
2018-05-15T06:00:00Z,0.678,18.5,2.9,Port Kembla,10.44,SIMP_201812_WP,5,May,160.8,10.7,14.6
2018-05-15T07:00:00Z,1.014,18.5,2.5,Port Kembla,9,SIMP_201812_WP,5,May,160.8,10.7,14.6
2018-05-15T08:00:00Z,1.353,18.5,2.7,Port Kembla,9.72,SIMP_201812_WP,5,May,160.8,10.7,14.6
2018-05-15T09:00:00Z,1.606,18.5,3.4,Port Kembla,12.24,SIMP_201812_WP,5,May,160.8,10.7,14.6
2018-05-15T10:00:00Z,1.734,18.5,3.6,Port Kembla,12.96,SIMP_201812_WP,5,May,160.8,10.7,14.6
2018-05-15T11:00:00Z,1.679,18.5,3.7,Port Kembla,13.32,SIMP_201812_WP,5,May,160.8,10.7,14.6
2018-05-15T12:00:00Z,1.439,18.5,3,Port Kembla,10.8,SIMP_201812_WP,5,May,160.8,10.7,14.6
2018-05-15T13:00:00Z,1.084,18.4,3.4,Port Kembla,12.24,SIMP_201812_WP,5,May,160.8,10.7,14.6
2018-05-15T14:00:00Z,0.715,18.4,3.4,Port Kembla,12.24,SIMP_201812_WP,5,May,160.8,10.7,14.6
2018-05-15T15:00:00Z,0.398,18.4,3.6,Port Kembla,12.96,SIMP_201812_WP,5,May,160.8,10.7,14.6
2018-05-15T16:00:00Z,0.2,18.4,3.7,Port Kembla,13.32,SIMP_201812_WP,5,May,160.8,10.7,14.6
2018-05-15T17:00:00Z,0.159,18.4,2.9,Port Kembla,10.44,SIMP_201812_WP,5,May,160.8,10.7,14.6
2018-05-15T18:00:00Z,0.287,18.4,3.5,Port Kembla,12.6,SIMP_201812_WP,5,May,160.8,10.7,14.6
2018-05-15T19:00:00Z,0.544,18.4,4.3,Port Kembla,15.48,SIMP_201812_WP,5,May,160.8,10.7,14.6
2018-05-15T20:00:00Z,0.853,18.3,5.5,Port Kembla,19.8,SIMP_201812_WP,5,May,160.8,10.7,14.6
2018-05-15T21:00:00Z,1.132,18.3,4.4,Port Kembla,15.840000000000002,SIMP_201812_WP,5,May,160.8,10.7,14.6
2018-05-15T22:00:00Z,1.31,18.3,5.3,Port Kembla,19.08,SIMP_201812_WP,5,May,160.8,10.7,14.6
2018-05-15T23:00:00Z,1.353,18.2,3.8,Port Kembla,13.68,SIMP_201812_WP,5,May,160.8,10.7,14.6
2018-05-16T00:00:00Z,1.233,18.2,5.3,Port Kembla,19.08,SIMP_201812_WP,5,May,160.8,10.7,14.6
2018-05-16T01:00:00Z,0.974,18.2,2.8,Port Kembla,10.08,SIMP_201812_WP,5,May,160.8,10.7,14.6
2018-05-16T02:00:00Z,0.678,18.2,3.1,Port Kembla,11.16,SIMP_201812_WP,5,May,160.8,10.7,14.6
2018-05-16T03:00:00Z,0.428,18.2,4.1,Port Kembla,14.76,SIMP_201812_WP,5,May,160.8,10.7,14.6
2018-05-16T04:00:00Z,0.283,18.2,3.4,Port Kembla,12.24,SIMP_201812_WP,5,May,160.8,10.7,14.6
2018-05-16T05:00:00Z,0.278,18.2,3.7,Port Kembla,13.32,SIMP_201812_WP,5,May,160.8,10.7,14.6
2018-05-16T06:00:00Z,0.435,18.2,3.7,Port Kembla,13.32,SIMP_201812_WP,5,May,160.8,10.7,14.6
2018-05-16T07:00:00Z,0.739,18.2,3.1,Port Kembla,11.16,SIMP_201812_WP,5,May,160.8,10.7,14.6
2018-05-16T08:00:00Z,1.111,18.2,1.7,Port Kembla,6.12,SIMP_201812_WP,5,May,160.8,10.7,14.6
2018-05-16T09:00:00Z,1.446,18.2,3.1,Port Kembla,11.16,SIMP_201812_WP,5,May,160.8,10.7,14.6
2018-05-16T10:00:00Z,1.683,18.2,3.2,Port Kembla,11.520000000000001,SIMP_201812_WP,5,May,160.8,10.7,14.6
2018-05-16T11:00:00Z,1.773,18.2,3.4,Port Kembla,12.24,SIMP_201812_WP,5,May,160.8,10.7,14.6
2018-05-16T12:00:00Z,1.665,18.1,2.1,Port Kembla,7.5600000000000005,SIMP_201812_WP,5,May,160.8,10.7,14.6
2018-05-16T13:00:00Z,1.389,18.1,2.7,Port Kembla,9.72,SIMP_201812_WP,5,May,160.8,10.7,14.6
2018-05-16T14:00:00Z,1.012,18.1,2.9,Port Kembla,10.44,SIMP_201812_WP,5,May,160.8,10.7,14.6
2018-05-16T15:00:00Z,0.631,18.1,1.5,Port Kembla,5.4,SIMP_201812_WP,5,May,160.8,10.7,14.6
2018-05-16T16:00:00Z,0.322,18.1,2.4,Port Kembla,8.64,SIMP_201812_WP,5,May,160.8,10.7,14.6
2018-05-16T17:00:00Z,0.141,18,2.4,Port Kembla,8.64,SIMP_201812_WP,5,May,160.8,10.7,14.6
2018-05-16T18:00:00Z,0.129,18.1,2.3,Port Kembla,8.28,SIMP_201812_WP,5,May,160.8,10.7,14.6
2018-05-16T19:00:00Z,0.292,18.2,1.8,Port Kembla,6.48,SIMP_201812_WP,5,May,160.8,10.7,14.6
2018-05-16T20:00:00Z,0.571,18.2,1.6,Port Kembla,5.760000000000001,SIMP_201812_WP,5,May,160.8,10.7,14.6
2018-05-16T21:00:00Z,0.884,18.2,1.8,Port Kembla,6.48,SIMP_201812_WP,5,May,160.8,10.7,14.6
2018-05-16T22:00:00Z,1.149,18.2,2.5,Port Kembla,9,SIMP_201812_WP,5,May,160.8,10.7,14.6
2018-05-16T23:00:00Z,1.319,18.2,1.5,Port Kembla,5.4,SIMP_201812_WP,5,May,160.8,10.7,14.6
2018-05-17T00:00:00Z,1.345,18.2,1,Port Kembla,3.6,SIMP_201812_WP,5,May,160.8,10.7,14.6
2018-05-17T01:00:00Z,1.21,18.3,2.6,Port Kembla,9.360000000000001,SIMP_201812_WP,5,May,160.8,10.7,14.6
2018-05-17T02:00:00Z,0.965,18.4,3.2,Port Kembla,11.520000000000001,SIMP_201812_WP,5,May,160.8,10.7,14.6
2018-05-17T03:00:00Z,0.704,18.6,4.5,Port Kembla,16.2,SIMP_201812_WP,5,May,160.8,10.7,14.6
2018-05-17T04:00:00Z,0.492,18.7,4.5,Port Kembla,16.2,SIMP_201812_WP,5,May,160.8,10.7,14.6
2018-05-17T05:00:00Z,0.371,18.7,3.6,Port Kembla,12.96,SIMP_201812_WP,5,May,160.8,10.7,14.6
2018-05-17T06:00:00Z,0.402,18.7,3.5,Port Kembla,12.6,SIMP_201812_WP,5,May,160.8,10.7,14.6
2018-05-17T07:00:00Z,0.593,18.7,3.7,Port Kembla,13.32,SIMP_201812_WP,5,May,160.8,10.7,14.6
2018-05-17T08:00:00Z,0.907,18.7,3.5,Port Kembla,12.6,SIMP_201812_WP,5,May,160.8,10.7,14.6
2018-05-17T09:00:00Z,1.269,18.6,2.2,Port Kembla,7.920000000000001,SIMP_201812_WP,5,May,160.8,10.7,14.6
2018-05-17T10:00:00Z,1.582,18.6,1,Port Kembla,3.6,SIMP_201812_WP,5,May,160.8,10.7,14.6
2018-05-17T11:00:00Z,1.799,18.6,1.2,Port Kembla,4.32,SIMP_201812_WP,5,May,160.8,10.7,14.6
2018-05-17T12:00:00Z,1.855,18.6,1.4,Port Kembla,5.04,SIMP_201812_WP,5,May,160.8,10.7,14.6
2018-05-17T13:00:00Z,1.719,18.5,2.6,Port Kembla,9.360000000000001,SIMP_201812_WP,5,May,160.8,10.7,14.6
2018-05-17T14:00:00Z,1.418,18.5,0.4,Port Kembla,1.4400000000000002,SIMP_201812_WP,5,May,160.8,10.7,14.6
2018-05-17T15:00:00Z,1.02,18.5,5.3,Port Kembla,19.08,SIMP_201812_WP,5,May,160.8,10.7,14.6
2018-05-17T16:00:00Z,0.636,18.4,2.7,Port Kembla,9.72,SIMP_201812_WP,5,May,160.8,10.7,14.6
2018-05-17T17:00:00Z,0.343,18.4,4.6,Port Kembla,16.56,SIMP_201812_WP,5,May,160.8,10.7,14.6
2018-05-17T18:00:00Z,0.175,18.4,5.1,Port Kembla,18.36,SIMP_201812_WP,5,May,160.8,10.7,14.6
2018-05-17T19:00:00Z,0.178,18.4,4.6,Port Kembla,16.56,SIMP_201812_WP,5,May,160.8,10.7,14.6
2018-05-17T20:00:00Z,0.344,18.4,3.9,Port Kembla,14.04,SIMP_201812_WP,5,May,160.8,10.7,14.6
2018-05-17T21:00:00Z,0.619,18.3,3,Port Kembla,10.8,SIMP_201812_WP,5,May,160.8,10.7,14.6
2018-05-17T22:00:00Z,0.919,18.2,4,Port Kembla,14.4,SIMP_201812_WP,5,May,160.8,10.7,14.6
2018-05-17T23:00:00Z,1.179,18.1,4.8,Port Kembla,17.28,SIMP_201812_WP,5,May,160.8,10.7,14.6
2018-05-18T00:00:00Z,1.336,18.2,4.4,Port Kembla,15.840000000000002,SIMP_201812_WP,5,May,160.8,10.7,14.6
2018-05-18T01:00:00Z,1.34,18.2,3.1,Port Kembla,11.16,SIMP_201812_WP,5,May,160.8,10.7,14.6
2018-05-18T02:00:00Z,1.211,18.2,2.3,Port Kembla,8.28,SIMP_201812_WP,5,May,160.8,10.7,14.6
2018-05-18T03:00:00Z,0.99,18.3,2.7,Port Kembla,9.72,SIMP_201812_WP,5,May,160.8,10.7,14.6
2018-05-18T04:00:00Z,0.756,18.4,3.8,Port Kembla,13.68,SIMP_201812_WP,5,May,160.8,10.7,14.6
2018-05-18T05:00:00Z,0.564,18.4,3.2,Port Kembla,11.520000000000001,SIMP_201812_WP,5,May,160.8,10.7,14.6
2018-05-18T06:00:00Z,0.481,18.4,2.2,Port Kembla,7.920000000000001,SIMP_201812_WP,5,May,160.8,10.7,14.6
2018-05-18T07:00:00Z,0.547,18.6,1.4,Port Kembla,5.04,SIMP_201812_WP,5,May,160.8,10.7,14.6
2018-05-18T08:00:00Z,0.751,18.5,1.6,Port Kembla,5.760000000000001,SIMP_201812_WP,5,May,160.8,10.7,14.6
2018-05-18T09:00:00Z,1.055,18.5,1.6,Port Kembla,5.760000000000001,SIMP_201812_WP,5,May,160.8,10.7,14.6
2018-05-18T10:00:00Z,1.391,18.4,2.1,Port Kembla,7.5600000000000005,SIMP_201812_WP,5,May,160.8,10.7,14.6
2018-05-18T11:00:00Z,1.684,18.4,4.1,Port Kembla,14.76,SIMP_201812_WP,5,May,160.8,10.7,14.6
2018-05-18T12:00:00Z,1.864,18.4,3.5,Port Kembla,12.6,SIMP_201812_WP,5,May,160.8,10.7,14.6
2018-05-18T13:00:00Z,1.879,18.4,1.9,Port Kembla,6.84,SIMP_201812_WP,5,May,160.8,10.7,14.6
2018-05-18T14:00:00Z,1.708,18.3,2.6,Port Kembla,9.360000000000001,SIMP_201812_WP,5,May,160.8,10.7,14.6
2018-05-18T15:00:00Z,1.39,18.3,2.6,Port Kembla,9.360000000000001,SIMP_201812_WP,5,May,160.8,10.7,14.6
2018-05-18T16:00:00Z,1.012,18.3,2.6,Port Kembla,9.360000000000001,SIMP_201812_WP,5,May,160.8,10.7,14.6
2018-05-18T17:00:00Z,0.651,18.4,3.2,Port Kembla,11.520000000000001,SIMP_201812_WP,5,May,160.8,10.7,14.6
2018-05-18T18:00:00Z,0.369,18.4,2.7,Port Kembla,9.72,SIMP_201812_WP,5,May,160.8,10.7,14.6
2018-05-18T19:00:00Z,0.214,18.4,1.7,Port Kembla,6.12,SIMP_201812_WP,5,May,160.8,10.7,14.6
2018-05-18T20:00:00Z,0.222,18.5,2.4,Port Kembla,8.64,SIMP_201812_WP,5,May,160.8,10.7,14.6
2018-05-18T21:00:00Z,0.382,18.4,2.1,Port Kembla,7.5600000000000005,SIMP_201812_WP,5,May,160.8,10.7,14.6
2018-05-18T22:00:00Z,0.637,18.4,2.1,Port Kembla,7.5600000000000005,SIMP_201812_WP,5,May,160.8,10.7,14.6
2018-05-18T23:00:00Z,0.923,18.3,1.1,Port Kembla,3.9600000000000004,SIMP_201812_WP,5,May,160.8,10.7,14.6
2018-05-19T00:00:00Z,1.179,18.3,1.4,Port Kembla,5.04,SIMP_201812_WP,5,May,160.8,10.7,14.6
2018-05-19T01:00:00Z,1.331,18.4,1.1,Port Kembla,3.9600000000000004,SIMP_201812_WP,5,May,160.8,10.7,14.6
2018-05-19T02:00:00Z,1.341,18.6,1.3,Port Kembla,4.680000000000001,SIMP_201812_WP,5,May,160.8,10.7,14.6
2018-05-19T03:00:00Z,1.231,18.7,1.6,Port Kembla,5.760000000000001,SIMP_201812_WP,5,May,160.8,10.7,14.6
2018-05-19T04:00:00Z,1.042,18.8,1.9,Port Kembla,6.84,SIMP_201812_WP,5,May,160.8,10.7,14.6
2018-05-19T05:00:00Z,0.828,18.8,2,Port Kembla,7.2,SIMP_201812_WP,5,May,160.8,10.7,14.6
2018-05-19T06:00:00Z,0.664,18.8,2.2,Port Kembla,7.920000000000001,SIMP_201812_WP,5,May,160.8,10.7,14.6
2018-05-19T07:00:00Z,0.59,18.8,1.2,Port Kembla,4.32,SIMP_201812_WP,5,May,160.8,10.7,14.6
2018-05-19T08:00:00Z,0.648,18.8,2,Port Kembla,7.2,SIMP_201812_WP,5,May,160.8,10.7,14.6
2018-05-19T09:00:00Z,0.837,18.8,2.9,Port Kembla,10.44,SIMP_201812_WP,5,May,160.8,10.7,14.6
2018-05-19T10:00:00Z,1.117,18.6,3.7,Port Kembla,13.32,SIMP_201812_WP,5,May,160.8,10.7,14.6
2018-05-19T11:00:00Z,1.424,18.6,2.9,Port Kembla,10.44,SIMP_201812_WP,5,May,160.8,10.7,14.6
2018-05-19T12:00:00Z,1.695,18.6,2.9,Port Kembla,10.44,SIMP_201812_WP,5,May,160.8,10.7,14.6
2018-05-19T13:00:00Z,1.843,18.6,4.1,Port Kembla,14.76,SIMP_201812_WP,5,May,160.8,10.7,14.6
2018-05-19T14:00:00Z,1.834,18.5,5.5,Port Kembla,19.8,SIMP_201812_WP,5,May,160.8,10.7,14.6
2018-05-19T15:00:00Z,1.658,18.5,7.2,Port Kembla,25.92,SIMP_201812_WP,5,May,160.8,10.7,14.6
2018-05-19T16:00:00Z,1.357,18.4,6.9,Port Kembla,24.840000000000003,SIMP_201812_WP,5,May,160.8,10.7,14.6
2018-05-19T17:00:00Z,1.005,18.3,8.2,Port Kembla,29.52,SIMP_201812_WP,5,May,160.8,10.7,14.6
2018-05-19T18:00:00Z,0.658,18.2,5.4,Port Kembla,19.44,SIMP_201812_WP,5,May,160.8,10.7,14.6
2018-05-19T19:00:00Z,0.381,18.2,5.1,Port Kembla,18.36,SIMP_201812_WP,5,May,160.8,10.7,14.6
2018-05-19T20:00:00Z,0.232,18.3,4.4,Port Kembla,15.840000000000002,SIMP_201812_WP,5,May,160.8,10.7,14.6
2018-05-19T21:00:00Z,0.247,18.3,5.5,Port Kembla,19.8,SIMP_201812_WP,5,May,160.8,10.7,14.6
2018-05-19T22:00:00Z,0.387,18.2,5.8,Port Kembla,20.88,SIMP_201812_WP,5,May,160.8,10.7,14.6
2018-05-19T23:00:00Z,0.621,18.2,5.1,Port Kembla,18.36,SIMP_201812_WP,5,May,160.8,10.7,14.6
2018-05-20T00:00:00Z,0.889,18.1,4,Port Kembla,14.4,SIMP_201812_WP,5,May,160.8,10.7,14.6
2018-05-20T01:00:00Z,1.135,18.3,1.4,Port Kembla,5.04,SIMP_201812_WP,5,May,160.8,10.7,14.6
2018-05-20T02:00:00Z,1.282,18.3,3.1,Port Kembla,11.16,SIMP_201812_WP,5,May,160.8,10.7,14.6
2018-05-20T03:00:00Z,1.304,18.4,2.1,Port Kembla,7.5600000000000005,SIMP_201812_WP,5,May,160.8,10.7,14.6
2018-05-20T04:00:00Z,1.212,18.4,2.6,Port Kembla,9.360000000000001,SIMP_201812_WP,5,May,160.8,10.7,14.6
2018-05-20T05:00:00Z,1.04,18.5,2.4,Port Kembla,8.64,SIMP_201812_WP,5,May,160.8,10.7,14.6
2018-05-20T06:00:00Z,0.843,18.6,2.4,Port Kembla,8.64,SIMP_201812_WP,5,May,160.8,10.7,14.6
2018-05-20T07:00:00Z,0.684,18.6,2,Port Kembla,7.2,SIMP_201812_WP,5,May,160.8,10.7,14.6
2018-05-20T08:00:00Z,0.617,18.6,2.4,Port Kembla,8.64,SIMP_201812_WP,5,May,160.8,10.7,14.6
2018-05-20T09:00:00Z,0.658,18.4,4.5,Port Kembla,16.2,SIMP_201812_WP,5,May,160.8,10.7,14.6
2018-05-20T10:00:00Z,0.825,18.4,4.4,Port Kembla,15.840000000000002,SIMP_201812_WP,5,May,160.8,10.7,14.6
2018-05-20T11:00:00Z,1.088,18.4,5.3,Port Kembla,19.08,SIMP_201812_WP,5,May,160.8,10.7,14.6
2018-05-20T12:00:00Z,1.364,18.4,4.8,Port Kembla,17.28,SIMP_201812_WP,5,May,160.8,10.7,14.6
2018-05-20T13:00:00Z,1.6,18.3,2.7,Port Kembla,9.72,SIMP_201812_WP,5,May,160.8,10.7,14.6
2018-05-20T14:00:00Z,1.742,18.4,6.2,Port Kembla,22.32,SIMP_201812_WP,5,May,160.8,10.7,14.6
2018-05-20T15:00:00Z,1.734,18.3,7.6,Port Kembla,27.36,SIMP_201812_WP,5,May,160.8,10.7,14.6
2018-05-20T16:00:00Z,1.586,18.2,8,Port Kembla,28.8,SIMP_201812_WP,5,May,160.8,10.7,14.6
2018-05-20T17:00:00Z,1.328,18.1,7.5,Port Kembla,27,SIMP_201812_WP,5,May,160.8,10.7,14.6
2018-05-20T18:00:00Z,1.004,18.1,6.5,Port Kembla,23.400000000000002,SIMP_201812_WP,5,May,160.8,10.7,14.6
2018-05-20T19:00:00Z,0.688,18,7.1,Port Kembla,25.56,SIMP_201812_WP,5,May,160.8,10.7,14.6
2018-05-20T20:00:00Z,0.446,18,6.9,Port Kembla,24.840000000000003,SIMP_201812_WP,5,May,160.8,10.7,14.6
2018-05-20T21:00:00Z,0.304,17.9,5.4,Port Kembla,19.44,SIMP_201812_WP,5,May,160.8,10.7,14.6
2018-05-20T22:00:00Z,0.314,17.9,8.3,Port Kembla,29.880000000000003,SIMP_201812_WP,5,May,160.8,10.7,14.6
2018-05-20T23:00:00Z,0.448,17.9,8.5,Port Kembla,30.6,SIMP_201812_WP,5,May,160.8,10.7,14.6
2018-05-21T00:00:00Z,0.67,17.9,10.7,Port Kembla,38.519999999999996,SIMP_201812_WP,5,May,160.8,10.7,14.6
2018-05-21T01:00:00Z,0.932,18,10.4,Port Kembla,37.440000000000005,SIMP_201812_WP,5,May,160.8,10.7,14.6
2018-05-21T02:00:00Z,1.168,18.1,9.6,Port Kembla,34.56,SIMP_201812_WP,5,May,160.8,10.7,14.6
2018-05-21T03:00:00Z,1.306,18.2,8.7,Port Kembla,31.319999999999997,SIMP_201812_WP,5,May,160.8,10.7,14.6
2018-05-21T04:00:00Z,1.342,18.2,9.2,Port Kembla,33.12,SIMP_201812_WP,5,May,160.8,10.7,14.6
2018-05-21T05:00:00Z,1.267,18.3,9.9,Port Kembla,35.64,SIMP_201812_WP,5,May,160.8,10.7,14.6
2018-05-21T06:00:00Z,1.113,18.3,9.6,Port Kembla,34.56,SIMP_201812_WP,5,May,160.8,10.7,14.6
2018-05-21T07:00:00Z,0.931,18.2,7.4,Port Kembla,26.64,SIMP_201812_WP,5,May,160.8,10.7,14.6
2018-05-21T08:00:00Z,0.783,18.2,6.5,Port Kembla,23.400000000000002,SIMP_201812_WP,5,May,160.8,10.7,14.6
2018-05-21T09:00:00Z,0.712,18.1,6.9,Port Kembla,24.840000000000003,SIMP_201812_WP,5,May,160.8,10.7,14.6
2018-05-21T10:00:00Z,0.753,18,8.1,Port Kembla,29.16,SIMP_201812_WP,5,May,160.8,10.7,14.6
2018-05-21T11:00:00Z,0.911,17.9,7.7,Port Kembla,27.720000000000002,SIMP_201812_WP,5,May,160.8,10.7,14.6
2018-05-21T12:00:00Z,1.132,17.9,6.4,Port Kembla,23.040000000000003,SIMP_201812_WP,5,May,160.8,10.7,14.6
2018-05-21T13:00:00Z,1.379,18,7.3,Port Kembla,26.28,SIMP_201812_WP,5,May,160.8,10.7,14.6
2018-05-21T14:00:00Z,1.593,17.9,8.2,Port Kembla,29.52,SIMP_201812_WP,5,May,160.8,10.7,14.6
2018-05-21T15:00:00Z,1.728,17.9,9,Port Kembla,32.4,SIMP_201812_WP,5,May,160.8,10.7,14.6
2018-05-21T16:00:00Z,1.738,17.8,7.1,Port Kembla,25.56,SIMP_201812_WP,5,May,160.8,10.7,14.6
2018-05-21T17:00:00Z,1.612,17.8,7.5,Port Kembla,27,SIMP_201812_WP,5,May,160.8,10.7,14.6
2018-05-21T18:00:00Z,1.385,17.8,7.2,Port Kembla,25.92,SIMP_201812_WP,5,May,160.8,10.7,14.6
2018-05-21T19:00:00Z,1.09,17.8,5.1,Port Kembla,18.36,SIMP_201812_WP,5,May,160.8,10.7,14.6
2018-05-21T20:00:00Z,0.786,17.8,7.4,Port Kembla,26.64,SIMP_201812_WP,5,May,160.8,10.7,14.6
2018-05-21T21:00:00Z,0.544,17.7,9.6,Port Kembla,34.56,SIMP_201812_WP,5,May,160.8,10.7,14.6
2018-05-21T22:00:00Z,0.4,17.6,9.1,Port Kembla,32.76,SIMP_201812_WP,5,May,160.8,10.7,14.6
2018-05-21T23:00:00Z,0.401,17.6,5.9,Port Kembla,21.240000000000002,SIMP_201812_WP,5,May,160.8,10.7,14.6
2018-05-22T00:00:00Z,0.523,17.7,5.2,Port Kembla,18.720000000000002,SIMP_201812_WP,5,May,160.8,10.7,14.6
2018-05-22T01:00:00Z,0.735,17.8,5.1,Port Kembla,18.36,SIMP_201812_WP,5,May,160.8,10.7,14.6
2018-05-22T02:00:00Z,0.985,17.9,7.7,Port Kembla,27.720000000000002,SIMP_201812_WP,5,May,160.8,10.7,14.6
2018-05-22T03:00:00Z,1.213,18,6.6,Port Kembla,23.759999999999998,SIMP_201812_WP,5,May,160.8,10.7,14.6
2018-05-22T04:00:00Z,1.364,18,5.2,Port Kembla,18.720000000000002,SIMP_201812_WP,5,May,160.8,10.7,14.6
2018-05-22T05:00:00Z,1.41,18.1,4.9,Port Kembla,17.64,SIMP_201812_WP,5,May,160.8,10.7,14.6
2018-05-22T06:00:00Z,1.348,18.1,6.3,Port Kembla,22.68,SIMP_201812_WP,5,May,160.8,10.7,14.6
2018-05-22T07:00:00Z,1.198,18.1,6.6,Port Kembla,23.759999999999998,SIMP_201812_WP,5,May,160.8,10.7,14.6
2018-05-22T08:00:00Z,1.011,18.1,7.3,Port Kembla,26.28,SIMP_201812_WP,5,May,160.8,10.7,14.6
2018-05-22T09:00:00Z,0.841,18.1,6.5,Port Kembla,23.400000000000002,SIMP_201812_WP,5,May,160.8,10.7,14.6
2018-05-22T10:00:00Z,0.739,18.2,6.6,Port Kembla,23.759999999999998,SIMP_201812_WP,5,May,160.8,10.7,14.6
2018-05-22T11:00:00Z,0.735,18.2,4.9,Port Kembla,17.64,SIMP_201812_WP,5,May,160.8,10.7,14.6
2018-05-22T12:00:00Z,0.845,18.2,4.6,Port Kembla,16.56,SIMP_201812_WP,5,May,160.8,10.7,14.6
2018-05-22T13:00:00Z,1.028,18.2,5.1,Port Kembla,18.36,SIMP_201812_WP,5,May,160.8,10.7,14.6
2018-05-22T14:00:00Z,1.254,18.2,4.4,Port Kembla,15.840000000000002,SIMP_201812_WP,5,May,160.8,10.7,14.6
2018-05-22T15:00:00Z,1.459,18.2,1.7,Port Kembla,6.12,SIMP_201812_WP,5,May,160.8,10.7,14.6
2018-05-22T16:00:00Z,1.591,18.2,2.1,Port Kembla,7.5600000000000005,SIMP_201812_WP,5,May,160.8,10.7,14.6
2018-05-22T17:00:00Z,1.617,18.1,1,Port Kembla,3.6,SIMP_201812_WP,5,May,160.8,10.7,14.6
2018-05-22T18:00:00Z,1.518,18.2,3.1,Port Kembla,11.16,SIMP_201812_WP,5,May,160.8,10.7,14.6
2018-05-22T19:00:00Z,1.321,18.2,2.9,Port Kembla,10.44,SIMP_201812_WP,5,May,160.8,10.7,14.6
2018-05-22T20:00:00Z,1.047,18.2,2.9,Port Kembla,10.44,SIMP_201812_WP,5,May,160.8,10.7,14.6
2018-05-22T21:00:00Z,0.764,18.2,3.2,Port Kembla,11.520000000000001,SIMP_201812_WP,5,May,160.8,10.7,14.6
2018-05-22T22:00:00Z,0.532,18.1,3.5,Port Kembla,12.6,SIMP_201812_WP,5,May,160.8,10.7,14.6
2018-05-22T23:00:00Z,0.401,18.1,2.9,Port Kembla,10.44,SIMP_201812_WP,5,May,160.8,10.7,14.6
2018-05-23T00:00:00Z,0.411,18.1,1.4,Port Kembla,5.04,SIMP_201812_WP,5,May,160.8,10.7,14.6
2018-05-23T01:00:00Z,0.535,18.1,2.6,Port Kembla,9.360000000000001,SIMP_201812_WP,5,May,160.8,10.7,14.6
2018-05-23T02:00:00Z,0.761,18.2,2.3,Port Kembla,8.28,SIMP_201812_WP,5,May,160.8,10.7,14.6
2018-05-23T03:00:00Z,1.041,18.3,2.3,Port Kembla,8.28,SIMP_201812_WP,5,May,160.8,10.7,14.6
2018-05-23T04:00:00Z,1.284,18.3,2.6,Port Kembla,9.360000000000001,SIMP_201812_WP,5,May,160.8,10.7,14.6
2018-05-23T05:00:00Z,1.448,18.3,3,Port Kembla,10.8,SIMP_201812_WP,5,May,160.8,10.7,14.6
2018-05-23T06:00:00Z,1.503,18.4,3.1,Port Kembla,11.16,SIMP_201812_WP,5,May,160.8,10.7,14.6
2018-05-23T07:00:00Z,1.438,18.3,3,Port Kembla,10.8,SIMP_201812_WP,5,May,160.8,10.7,14.6
2018-05-23T08:00:00Z,1.285,18.3,2.4,Port Kembla,8.64,SIMP_201812_WP,5,May,160.8,10.7,14.6
2018-05-23T09:00:00Z,1.078,18.4,1.7,Port Kembla,6.12,SIMP_201812_WP,5,May,160.8,10.7,14.6
2018-05-23T10:00:00Z,0.895,18.3,1.9,Port Kembla,6.84,SIMP_201812_WP,5,May,160.8,10.7,14.6
2018-05-23T11:00:00Z,0.766,18.3,1.4,Port Kembla,5.04,SIMP_201812_WP,5,May,160.8,10.7,14.6
2018-05-23T12:00:00Z,0.743,18.3,0.9,Port Kembla,3.24,SIMP_201812_WP,5,May,160.8,10.7,14.6
2018-05-23T13:00:00Z,0.824,18.3,1.2,Port Kembla,4.32,SIMP_201812_WP,5,May,160.8,10.7,14.6
2018-05-23T14:00:00Z,0.993,18.3,1.5,Port Kembla,5.4,SIMP_201812_WP,5,May,160.8,10.7,14.6
2018-05-23T15:00:00Z,1.207,18.2,1.9,Port Kembla,6.84,SIMP_201812_WP,5,May,160.8,10.7,14.6
2018-05-23T16:00:00Z,1.414,18.2,2.9,Port Kembla,10.44,SIMP_201812_WP,5,May,160.8,10.7,14.6
2018-05-23T17:00:00Z,1.558,18.2,1.7,Port Kembla,6.12,SIMP_201812_WP,5,May,160.8,10.7,14.6
2018-05-23T18:00:00Z,1.587,18.2,1.6,Port Kembla,5.760000000000001,SIMP_201812_WP,5,May,160.8,10.7,14.6
2018-05-23T19:00:00Z,1.498,18.1,1.5,Port Kembla,5.4,SIMP_201812_WP,5,May,160.8,10.7,14.6
2018-05-23T20:00:00Z,1.293,18.1,2.1,Port Kembla,7.5600000000000005,SIMP_201812_WP,5,May,160.8,10.7,14.6
2018-05-23T21:00:00Z,1.013,18.1,1.5,Port Kembla,5.4,SIMP_201812_WP,5,May,160.8,10.7,14.6
2018-05-23T22:00:00Z,0.733,18.1,1.4,Port Kembla,5.04,SIMP_201812_WP,5,May,160.8,10.7,14.6
2018-05-23T23:00:00Z,0.507,18.1,2.1,Port Kembla,7.5600000000000005,SIMP_201812_WP,5,May,160.8,10.7,14.6
2018-05-24T00:00:00Z,0.384,18.1,1.6,Port Kembla,5.760000000000001,SIMP_201812_WP,5,May,160.8,10.7,14.6
2018-05-24T01:00:00Z,0.397,18.1,2.1,Port Kembla,7.5600000000000005,SIMP_201812_WP,5,May,160.8,10.7,14.6
2018-05-24T02:00:00Z,0.529,18.2,2.6,Port Kembla,9.360000000000001,SIMP_201812_WP,5,May,160.8,10.7,14.6
2018-05-24T03:00:00Z,0.768,18.3,3.1,Port Kembla,11.16,SIMP_201812_WP,5,May,160.8,10.7,14.6
2018-05-24T04:00:00Z,1.052,18.3,2.8,Port Kembla,10.08,SIMP_201812_WP,5,May,160.8,10.7,14.6
2018-05-24T05:00:00Z,1.291,18.3,2.4,Port Kembla,8.64,SIMP_201812_WP,5,May,160.8,10.7,14.6
2018-05-24T06:00:00Z,1.451,18.3,2.8,Port Kembla,10.08,SIMP_201812_WP,5,May,160.8,10.7,14.6
2018-05-24T07:00:00Z,1.492,18.3,2.7,Port Kembla,9.72,SIMP_201812_WP,5,May,160.8,10.7,14.6
2018-05-24T08:00:00Z,1.416,18.3,2.9,Port Kembla,10.44,SIMP_201812_WP,5,May,160.8,10.7,14.6
2018-05-24T09:00:00Z,1.226,18.3,1.9,Port Kembla,6.84,SIMP_201812_WP,5,May,160.8,10.7,14.6
2018-05-24T10:00:00Z,0.995,18.3,2.5,Port Kembla,9,SIMP_201812_WP,5,May,160.8,10.7,14.6
2018-05-24T11:00:00Z,0.786,18.3,2.8,Port Kembla,10.08,SIMP_201812_WP,5,May,160.8,10.7,14.6
2018-05-24T12:00:00Z,0.643,18.3,2.5,Port Kembla,9,SIMP_201812_WP,5,May,160.8,10.7,14.6
2018-05-24T13:00:00Z,0.597,18.2,2.5,Port Kembla,9,SIMP_201812_WP,5,May,160.8,10.7,14.6
2018-05-24T14:00:00Z,0.672,18.2,2.4,Port Kembla,8.64,SIMP_201812_WP,5,May,160.8,10.7,14.6
2018-05-24T15:00:00Z,0.844,18.2,2.5,Port Kembla,9,SIMP_201812_WP,5,May,160.8,10.7,14.6
2018-05-24T16:00:00Z,1.076,18.2,2.1,Port Kembla,7.5600000000000005,SIMP_201812_WP,5,May,160.8,10.7,14.6
2018-05-24T17:00:00Z,1.302,18.2,3.1,Port Kembla,11.16,SIMP_201812_WP,5,May,160.8,10.7,14.6
2018-05-24T18:00:00Z,1.461,18.2,2.1,Port Kembla,7.5600000000000005,SIMP_201812_WP,5,May,160.8,10.7,14.6
2018-05-24T19:00:00Z,1.488,18.1,3.3,Port Kembla,11.879999999999999,SIMP_201812_WP,5,May,160.8,10.7,14.6
2018-05-24T20:00:00Z,1.393,18.1,3.2,Port Kembla,11.520000000000001,SIMP_201812_WP,5,May,160.8,10.7,14.6
2018-05-24T21:00:00Z,1.178,18.1,2.7,Port Kembla,9.72,SIMP_201812_WP,5,May,160.8,10.7,14.6
2018-05-24T22:00:00Z,0.905,18.1,2.8,Port Kembla,10.08,SIMP_201812_WP,5,May,160.8,10.7,14.6
2018-05-24T23:00:00Z,0.636,18.1,2.8,Port Kembla,10.08,SIMP_201812_WP,5,May,160.8,10.7,14.6
2018-05-25T00:00:00Z,0.427,18.1,2.9,Port Kembla,10.44,SIMP_201812_WP,5,May,160.8,10.7,14.6
2018-05-25T01:00:00Z,0.331,18.2,2.9,Port Kembla,10.44,SIMP_201812_WP,5,May,160.8,10.7,14.6
2018-05-25T02:00:00Z,0.356,18.2,3.6,Port Kembla,12.96,SIMP_201812_WP,5,May,160.8,10.7,14.6
2018-05-25T03:00:00Z,0.526,18.3,3.1,Port Kembla,11.16,SIMP_201812_WP,5,May,160.8,10.7,14.6
2018-05-25T04:00:00Z,0.787,18.3,2.5,Port Kembla,9,SIMP_201812_WP,5,May,160.8,10.7,14.6
2018-05-25T05:00:00Z,1.072,18.3,3.2,Port Kembla,11.520000000000001,SIMP_201812_WP,5,May,160.8,10.7,14.6
2018-05-25T06:00:00Z,1.321,18.3,2.5,Port Kembla,9,SIMP_201812_WP,5,May,160.8,10.7,14.6
2018-05-25T07:00:00Z,1.468,18.3,1.8,Port Kembla,6.48,SIMP_201812_WP,5,May,160.8,10.7,14.6
2018-05-25T08:00:00Z,1.486,18.2,2.1,Port Kembla,7.5600000000000005,SIMP_201812_WP,5,May,160.8,10.7,14.6
2018-05-25T09:00:00Z,1.373,18.2,1.6,Port Kembla,5.760000000000001,SIMP_201812_WP,5,May,160.8,10.7,14.6
2018-05-25T10:00:00Z,1.153,18.2,2.2,Port Kembla,7.920000000000001,SIMP_201812_WP,5,May,160.8,10.7,14.6
2018-05-25T11:00:00Z,0.9,18.2,2,Port Kembla,7.2,SIMP_201812_WP,5,May,160.8,10.7,14.6
2018-05-25T12:00:00Z,0.671,18.2,2,Port Kembla,7.2,SIMP_201812_WP,5,May,160.8,10.7,14.6
2018-05-25T13:00:00Z,0.515,18.1,1.7,Port Kembla,6.12,SIMP_201812_WP,5,May,160.8,10.7,14.6
2018-05-25T14:00:00Z,0.472,18.1,1.9,Port Kembla,6.84,SIMP_201812_WP,5,May,160.8,10.7,14.6
2018-05-25T15:00:00Z,0.539,18.1,2.5,Port Kembla,9,SIMP_201812_WP,5,May,160.8,10.7,14.6
2018-05-25T16:00:00Z,0.733,18.1,2.1,Port Kembla,7.5600000000000005,SIMP_201812_WP,5,May,160.8,10.7,14.6
2018-05-25T17:00:00Z,0.964,18.2,2.2,Port Kembla,7.920000000000001,SIMP_201812_WP,5,May,160.8,10.7,14.6
2018-05-25T18:00:00Z,1.174,18.2,1.5,Port Kembla,5.4,SIMP_201812_WP,5,May,160.8,10.7,14.6
2018-05-25T19:00:00Z,1.322,18.2,1.6,Port Kembla,5.760000000000001,SIMP_201812_WP,5,May,160.8,10.7,14.6
2018-05-25T20:00:00Z,1.349,18.2,2,Port Kembla,7.2,SIMP_201812_WP,5,May,160.8,10.7,14.6
2018-05-25T21:00:00Z,1.246,18.2,3.1,Port Kembla,11.16,SIMP_201812_WP,5,May,160.8,10.7,14.6
2018-05-25T22:00:00Z,1.033,18.1,2,Port Kembla,7.2,SIMP_201812_WP,5,May,160.8,10.7,14.6
2018-05-25T23:00:00Z,0.769,18.2,2.7,Port Kembla,9.72,SIMP_201812_WP,5,May,160.8,10.7,14.6
2018-05-26T00:00:00Z,0.516,18.2,4.3,Port Kembla,15.48,SIMP_201812_WP,5,May,160.8,10.7,14.6
2018-05-26T01:00:00Z,0.352,18.3,3.6,Port Kembla,12.96,SIMP_201812_WP,5,May,160.8,10.7,14.6
2018-05-26T02:00:00Z,0.292,18.4,4.5,Port Kembla,16.2,SIMP_201812_WP,5,May,160.8,10.7,14.6
2018-05-26T03:00:00Z,0.374,18.5,5.1,Port Kembla,18.36,SIMP_201812_WP,5,May,160.8,10.7,14.6
2018-05-26T04:00:00Z,0.588,18.6,5.2,Port Kembla,18.720000000000002,SIMP_201812_WP,5,May,160.8,10.7,14.6
2018-05-26T05:00:00Z,0.861,18.5,6,Port Kembla,21.6,SIMP_201812_WP,5,May,160.8,10.7,14.6
2018-05-26T06:00:00Z,1.143,18.5,6.6,Port Kembla,23.759999999999998,SIMP_201812_WP,5,May,160.8,10.7,14.6
2018-05-26T07:00:00Z,1.368,18.5,6.8,Port Kembla,24.48,SIMP_201812_WP,5,May,160.8,10.7,14.6
2018-05-26T08:00:00Z,1.483,18.5,5.6,Port Kembla,20.16,SIMP_201812_WP,5,May,160.8,10.7,14.6
2018-05-26T09:00:00Z,1.472,18.5,3.6,Port Kembla,12.96,SIMP_201812_WP,5,May,160.8,10.7,14.6
2018-05-26T10:00:00Z,1.31,18.4,1.9,Port Kembla,6.84,SIMP_201812_WP,5,May,160.8,10.7,14.6
2018-05-26T11:00:00Z,1.06,18.4,1.8,Port Kembla,6.48,SIMP_201812_WP,5,May,160.8,10.7,14.6
2018-05-26T12:00:00Z,0.782,18.4,1.5,Port Kembla,5.4,SIMP_201812_WP,5,May,160.8,10.7,14.6
2018-05-26T13:00:00Z,0.545,18.4,2.8,Port Kembla,10.08,SIMP_201812_WP,5,May,160.8,10.7,14.6
2018-05-26T14:00:00Z,0.406,18.3,3.8,Port Kembla,13.68,SIMP_201812_WP,5,May,160.8,10.7,14.6
2018-05-26T15:00:00Z,0.372,18.3,1.5,Port Kembla,5.4,SIMP_201812_WP,5,May,160.8,10.7,14.6
2018-05-26T16:00:00Z,0.476,18.3,2.2,Port Kembla,7.920000000000001,SIMP_201812_WP,5,May,160.8,10.7,14.6
2018-05-26T17:00:00Z,0.675,18.3,1.3,Port Kembla,4.680000000000001,SIMP_201812_WP,5,May,160.8,10.7,14.6
2018-05-26T18:00:00Z,0.919,18.3,0.3,Port Kembla,1.08,SIMP_201812_WP,5,May,160.8,10.7,14.6
2018-05-26T19:00:00Z,1.136,18.3,2.8,Port Kembla,10.08,SIMP_201812_WP,5,May,160.8,10.7,14.6
2018-05-26T20:00:00Z,1.262,18.3,1.2,Port Kembla,4.32,SIMP_201812_WP,5,May,160.8,10.7,14.6
2018-05-26T21:00:00Z,1.269,18.3,2.4,Port Kembla,8.64,SIMP_201812_WP,5,May,160.8,10.7,14.6
2018-05-26T22:00:00Z,1.152,18.3,2.5,Port Kembla,9,SIMP_201812_WP,5,May,160.8,10.7,14.6
2018-05-26T23:00:00Z,0.921,18.3,3.5,Port Kembla,12.6,SIMP_201812_WP,5,May,160.8,10.7,14.6
2018-05-27T00:00:00Z,0.667,18.2,2.1,Port Kembla,7.5600000000000005,SIMP_201812_WP,5,May,160.8,10.7,14.6
2018-05-27T01:00:00Z,0.447,18.3,1.9,Port Kembla,6.84,SIMP_201812_WP,5,May,160.8,10.7,14.6
2018-05-27T02:00:00Z,0.314,18.4,3.2,Port Kembla,11.520000000000001,SIMP_201812_WP,5,May,160.8,10.7,14.6
2018-05-27T03:00:00Z,0.311,18.6,4.1,Port Kembla,14.76,SIMP_201812_WP,5,May,160.8,10.7,14.6
2018-05-27T04:00:00Z,0.431,18.7,5.1,Port Kembla,18.36,SIMP_201812_WP,5,May,160.8,10.7,14.6
2018-05-27T05:00:00Z,0.669,18.6,5,Port Kembla,18,SIMP_201812_WP,5,May,160.8,10.7,14.6
2018-05-27T06:00:00Z,0.967,18.7,6.4,Port Kembla,23.040000000000003,SIMP_201812_WP,5,May,160.8,10.7,14.6
2018-05-27T07:00:00Z,1.248,18.7,6.2,Port Kembla,22.32,SIMP_201812_WP,5,May,160.8,10.7,14.6
2018-05-27T08:00:00Z,1.45,18.6,4.7,Port Kembla,16.92,SIMP_201812_WP,5,May,160.8,10.7,14.6
2018-05-27T09:00:00Z,1.524,18.6,2.5,Port Kembla,9,SIMP_201812_WP,5,May,160.8,10.7,14.6
2018-05-27T10:00:00Z,1.458,18.5,2.4,Port Kembla,8.64,SIMP_201812_WP,5,May,160.8,10.7,14.6
2018-05-27T11:00:00Z,1.267,18.5,2.4,Port Kembla,8.64,SIMP_201812_WP,5,May,160.8,10.7,14.6
2018-05-27T12:00:00Z,0.996,18.5,2.4,Port Kembla,8.64,SIMP_201812_WP,5,May,160.8,10.7,14.6
2018-05-27T13:00:00Z,0.709,18.5,2.7,Port Kembla,9.72,SIMP_201812_WP,5,May,160.8,10.7,14.6
2018-05-27T14:00:00Z,0.476,18.5,2.4,Port Kembla,8.64,SIMP_201812_WP,5,May,160.8,10.7,14.6
2018-05-27T15:00:00Z,0.341,18.5,0,Port Kembla,0,SIMP_201812_WP,5,May,160.8,10.7,14.6
2018-05-27T16:00:00Z,0.349,18.5,2.6,Port Kembla,9.360000000000001,SIMP_201812_WP,5,May,160.8,10.7,14.6
2018-05-27T17:00:00Z,0.488,18.3,3.7,Port Kembla,13.32,SIMP_201812_WP,5,May,160.8,10.7,14.6
2018-05-27T18:00:00Z,0.71,18.4,4.1,Port Kembla,14.76,SIMP_201812_WP,5,May,160.8,10.7,14.6
2018-05-27T19:00:00Z,0.955,18.4,0.2,Port Kembla,0.7200000000000001,SIMP_201812_WP,5,May,160.8,10.7,14.6
2018-05-27T20:00:00Z,1.156,18.3,1.4,Port Kembla,5.04,SIMP_201812_WP,5,May,160.8,10.7,14.6
2018-05-27T21:00:00Z,1.262,18.3,2.4,Port Kembla,8.64,SIMP_201812_WP,5,May,160.8,10.7,14.6
2018-05-27T22:00:00Z,1.242,18.3,1,Port Kembla,3.6,SIMP_201812_WP,5,May,160.8,10.7,14.6
2018-05-27T23:00:00Z,1.099,18.3,1.9,Port Kembla,6.84,SIMP_201812_WP,5,May,160.8,10.7,14.6
2018-05-28T00:00:00Z,0.869,18.3,1.6,Port Kembla,5.760000000000001,SIMP_201812_WP,5,May,160.8,10.7,14.6
2018-05-28T01:00:00Z,0.633,18.4,1.7,Port Kembla,6.12,SIMP_201812_WP,5,May,160.8,10.7,14.6
2018-05-28T02:00:00Z,0.447,18.6,3.7,Port Kembla,13.32,SIMP_201812_WP,5,May,160.8,10.7,14.6
2018-05-28T03:00:00Z,0.361,18.7,4.7,Port Kembla,16.92,SIMP_201812_WP,5,May,160.8,10.7,14.6
2018-05-28T04:00:00Z,0.408,18.8,5.2,Port Kembla,18.720000000000002,SIMP_201812_WP,5,May,160.8,10.7,14.6
2018-05-28T05:00:00Z,0.587,18.8,4.6,Port Kembla,16.56,SIMP_201812_WP,5,May,160.8,10.7,14.6
2018-05-28T06:00:00Z,0.859,18.8,4.2,Port Kembla,15.120000000000001,SIMP_201812_WP,5,May,160.8,10.7,14.6
2018-05-28T07:00:00Z,1.154,18.7,3.5,Port Kembla,12.6,SIMP_201812_WP,5,May,160.8,10.7,14.6
2018-05-28T08:00:00Z,1.408,18.6,3.5,Port Kembla,12.6,SIMP_201812_WP,5,May,160.8,10.7,14.6
2018-05-28T09:00:00Z,1.571,18.6,1.6,Port Kembla,5.760000000000001,SIMP_201812_WP,5,May,160.8,10.7,14.6
2018-05-28T10:00:00Z,1.599,18.6,2.1,Port Kembla,7.5600000000000005,SIMP_201812_WP,5,May,160.8,10.7,14.6
2018-05-28T11:00:00Z,1.48,18.5,1.3,Port Kembla,4.680000000000001,SIMP_201812_WP,5,May,160.8,10.7,14.6
2018-05-28T12:00:00Z,1.231,18.5,1.6,Port Kembla,5.760000000000001,SIMP_201812_WP,5,May,160.8,10.7,14.6
2018-05-28T13:00:00Z,0.924,18.4,1.3,Port Kembla,4.680000000000001,SIMP_201812_WP,5,May,160.8,10.7,14.6
2018-05-28T14:00:00Z,0.639,18.4,0.7,Port Kembla,2.52,SIMP_201812_WP,5,May,160.8,10.7,14.6
2018-05-28T15:00:00Z,0.424,18.4,1.4,Port Kembla,5.04,SIMP_201812_WP,5,May,160.8,10.7,14.6
2018-05-28T16:00:00Z,0.337,18.4,1.1,Port Kembla,3.9600000000000004,SIMP_201812_WP,5,May,160.8,10.7,14.6
2018-05-28T17:00:00Z,0.386,18.3,1.4,Port Kembla,5.04,SIMP_201812_WP,5,May,160.8,10.7,14.6
2018-05-28T18:00:00Z,0.552,18.3,2.3,Port Kembla,8.28,SIMP_201812_WP,5,May,160.8,10.7,14.6
2018-05-28T19:00:00Z,0.79,18.3,1.1,Port Kembla,3.9600000000000004,SIMP_201812_WP,5,May,160.8,10.7,14.6
2018-05-28T20:00:00Z,1.027,18.3,1,Port Kembla,3.6,SIMP_201812_WP,5,May,160.8,10.7,14.6
2018-05-28T21:00:00Z,1.201,18.4,0.8,Port Kembla,2.8800000000000003,SIMP_201812_WP,5,May,160.8,10.7,14.6
2018-05-28T22:00:00Z,1.266,18.4,2.3,Port Kembla,8.28,SIMP_201812_WP,5,May,160.8,10.7,14.6
2018-05-28T23:00:00Z,1.21,18.4,3.2,Port Kembla,11.520000000000001,SIMP_201812_WP,5,May,160.8,10.7,14.6
2018-05-29T00:00:00Z,1.036,18.3,2.1,Port Kembla,7.5600000000000005,SIMP_201812_WP,5,May,160.8,10.7,14.6
2018-05-29T01:00:00Z,0.814,18.3,2.4,Port Kembla,8.64,SIMP_201812_WP,5,May,160.8,10.7,14.6
2018-05-29T02:00:00Z,0.602,18.4,3.6,Port Kembla,12.96,SIMP_201812_WP,5,May,160.8,10.7,14.6
2018-05-29T03:00:00Z,0.471,18.6,4.5,Port Kembla,16.2,SIMP_201812_WP,5,May,160.8,10.7,14.6
2018-05-29T04:00:00Z,0.444,18.7,5.2,Port Kembla,18.720000000000002,SIMP_201812_WP,5,May,160.8,10.7,14.6
2018-05-29T05:00:00Z,0.556,18.8,4,Port Kembla,14.4,SIMP_201812_WP,5,May,160.8,10.7,14.6
2018-05-29T06:00:00Z,0.769,18.8,5.1,Port Kembla,18.36,SIMP_201812_WP,5,May,160.8,10.7,14.6
2018-05-29T07:00:00Z,1.057,18.8,3,Port Kembla,10.8,SIMP_201812_WP,5,May,160.8,10.7,14.6
2018-05-29T08:00:00Z,1.342,18.7,0.8,Port Kembla,2.8800000000000003,SIMP_201812_WP,5,May,160.8,10.7,14.6
2018-05-29T09:00:00Z,1.558,18.7,1.4,Port Kembla,5.04,SIMP_201812_WP,5,May,160.8,10.7,14.6
2018-05-29T10:00:00Z,1.658,18.7,1.9,Port Kembla,6.84,SIMP_201812_WP,5,May,160.8,10.7,14.6
2018-05-29T11:00:00Z,1.63,18.6,0.1,Port Kembla,0.36000000000000004,SIMP_201812_WP,5,May,160.8,10.7,14.6
2018-05-29T12:00:00Z,1.462,18.5,3,Port Kembla,10.8,SIMP_201812_WP,5,May,160.8,10.7,14.6
2018-05-29T13:00:00Z,1.17,18.4,1.3,Port Kembla,4.680000000000001,SIMP_201812_WP,5,May,160.8,10.7,14.6
2018-05-29T14:00:00Z,0.845,18.4,0.8,Port Kembla,2.8800000000000003,SIMP_201812_WP,5,May,160.8,10.7,14.6
2018-05-29T15:00:00Z,0.574,18.4,1.5,Port Kembla,5.4,SIMP_201812_WP,5,May,160.8,10.7,14.6
2018-05-29T16:00:00Z,0.399,18.4,2.6,Port Kembla,9.360000000000001,SIMP_201812_WP,5,May,160.8,10.7,14.6
2018-05-29T17:00:00Z,0.347,18.5,3.7,Port Kembla,13.32,SIMP_201812_WP,5,May,160.8,10.7,14.6
2018-05-29T18:00:00Z,0.439,18.4,4.6,Port Kembla,16.56,SIMP_201812_WP,5,May,160.8,10.7,14.6
2018-05-29T19:00:00Z,0.641,18.4,2.8,Port Kembla,10.08,SIMP_201812_WP,5,May,160.8,10.7,14.6
2018-05-29T20:00:00Z,0.88,18.4,3.5,Port Kembla,12.6,SIMP_201812_WP,5,May,160.8,10.7,14.6
2018-05-29T21:00:00Z,1.093,18.4,6,Port Kembla,21.6,SIMP_201812_WP,5,May,160.8,10.7,14.6
2018-05-29T22:00:00Z,1.231,18.3,4.9,Port Kembla,17.64,SIMP_201812_WP,5,May,160.8,10.7,14.6
2018-05-29T23:00:00Z,1.27,18.4,4.3,Port Kembla,15.48,SIMP_201812_WP,5,May,160.8,10.7,14.6
2018-05-30T00:00:00Z,1.165,18.4,5.9,Port Kembla,21.240000000000002,SIMP_201812_WP,5,May,160.8,10.7,14.6
2018-05-30T01:00:00Z,0.97,18.3,5.9,Port Kembla,21.240000000000002,SIMP_201812_WP,5,May,160.8,10.7,14.6
2018-05-30T02:00:00Z,0.761,18.3,7.1,Port Kembla,25.56,SIMP_201812_WP,5,May,160.8,10.7,14.6
2018-05-30T03:00:00Z,0.586,18.3,4.7,Port Kembla,16.92,SIMP_201812_WP,5,May,160.8,10.7,14.6
2018-05-30T04:00:00Z,0.491,18.3,4,Port Kembla,14.4,SIMP_201812_WP,5,May,160.8,10.7,14.6
2018-05-30T05:00:00Z,0.519,18.3,5.4,Port Kembla,19.44,SIMP_201812_WP,5,May,160.8,10.7,14.6
2018-05-30T06:00:00Z,0.66,18.3,5,Port Kembla,18,SIMP_201812_WP,5,May,160.8,10.7,14.6
2018-05-30T07:00:00Z,0.912,18.3,3.9,Port Kembla,14.04,SIMP_201812_WP,5,May,160.8,10.7,14.6
2018-05-30T08:00:00Z,1.211,18.4,4.7,Port Kembla,16.92,SIMP_201812_WP,5,May,160.8,10.7,14.6
2018-05-30T09:00:00Z,1.464,18.4,5,Port Kembla,18,SIMP_201812_WP,5,May,160.8,10.7,14.6
2018-05-30T10:00:00Z,1.645,18.3,3.5,Port Kembla,12.6,SIMP_201812_WP,5,May,160.8,10.7,14.6
2018-05-30T11:00:00Z,1.697,18.3,2.1,Port Kembla,7.5600000000000005,SIMP_201812_WP,5,May,160.8,10.7,14.6
2018-05-30T12:00:00Z,1.615,18.2,4.1,Port Kembla,14.76,SIMP_201812_WP,5,May,160.8,10.7,14.6
2018-05-30T13:00:00Z,1.376,18.1,6.3,Port Kembla,22.68,SIMP_201812_WP,5,May,160.8,10.7,14.6
2018-05-30T14:00:00Z,1.073,18.1,5,Port Kembla,18,SIMP_201812_WP,5,May,160.8,10.7,14.6
2018-05-30T15:00:00Z,0.778,18.1,8.1,Port Kembla,29.16,SIMP_201812_WP,5,May,160.8,10.7,14.6
2018-05-30T16:00:00Z,0.547,17.9,7.1,Port Kembla,25.56,SIMP_201812_WP,5,May,160.8,10.7,14.6
2018-05-30T17:00:00Z,0.402,17.8,12.6,Port Kembla,45.36,SIMP_201812_WP,5,May,160.8,10.7,14.6
2018-05-30T18:00:00Z,0.4,17.6,9.1,Port Kembla,32.76,SIMP_201812_WP,5,May,160.8,10.7,14.6
2018-05-30T19:00:00Z,0.533,17.7,1.4,Port Kembla,5.04,SIMP_201812_WP,5,May,160.8,10.7,14.6
2018-05-30T20:00:00Z,0.751,17.7,2.3,Port Kembla,8.28,SIMP_201812_WP,5,May,160.8,10.7,14.6
2018-05-30T21:00:00Z,0.999,17.7,6,Port Kembla,21.6,SIMP_201812_WP,5,May,160.8,10.7,14.6
2018-05-30T22:00:00Z,1.187,17.7,7.1,Port Kembla,25.56,SIMP_201812_WP,5,May,160.8,10.7,14.6
2018-05-30T23:00:00Z,1.3,17.6,8.5,Port Kembla,30.6,SIMP_201812_WP,5,May,160.8,10.7,14.6
2018-05-31T00:00:00Z,1.302,17.7,6.6,Port Kembla,23.759999999999998,SIMP_201812_WP,5,May,160.8,10.7,14.6
2018-05-31T01:00:00Z,1.194,17.7,7.8,Port Kembla,28.08,SIMP_201812_WP,5,May,160.8,10.7,14.6
2018-05-31T02:00:00Z,1.01,17.6,7.6,Port Kembla,27.36,SIMP_201812_WP,5,May,160.8,10.7,14.6
2018-05-31T03:00:00Z,0.835,17.7,5.5,Port Kembla,19.8,SIMP_201812_WP,5,May,160.8,10.7,14.6
2018-05-31T04:00:00Z,0.711,17.7,7.4,Port Kembla,26.64,SIMP_201812_WP,5,May,160.8,10.7,14.6
2018-05-31T05:00:00Z,0.666,17.8,5.8,Port Kembla,20.88,SIMP_201812_WP,5,May,160.8,10.7,14.6
2018-05-31T06:00:00Z,0.732,17.8,5.4,Port Kembla,19.44,SIMP_201812_WP,5,May,160.8,10.7,14.6
2018-05-31T07:00:00Z,0.92,17.7,5.8,Port Kembla,20.88,SIMP_201812_WP,5,May,160.8,10.7,14.6
2018-05-31T08:00:00Z,1.173,17.7,6.4,Port Kembla,23.040000000000003,SIMP_201812_WP,5,May,160.8,10.7,14.6
2018-05-31T09:00:00Z,1.445,17.6,7.8,Port Kembla,28.08,SIMP_201812_WP,5,May,160.8,10.7,14.6
2018-05-31T10:00:00Z,1.663,17.6,7.8,Port Kembla,28.08,SIMP_201812_WP,5,May,160.8,10.7,14.6
2018-05-31T11:00:00Z,1.78,17.6,7.2,Port Kembla,25.92,SIMP_201812_WP,5,May,160.8,10.7,14.6
2018-05-31T12:00:00Z,1.768,17.5,8.8,Port Kembla,31.680000000000003,SIMP_201812_WP,5,May,160.8,10.7,14.6
2018-05-31T13:00:00Z,1.622,17.4,8.8,Port Kembla,31.680000000000003,SIMP_201812_WP,5,May,160.8,10.7,14.6
2018-05-31T14:00:00Z,1.362,17.4,6.9,Port Kembla,24.840000000000003,SIMP_201812_WP,5,May,160.8,10.7,14.6
2018-05-31T15:00:00Z,1.049,17.4,7.5,Port Kembla,27,SIMP_201812_WP,5,May,160.8,10.7,14.6
2018-05-31T16:00:00Z,0.765,17.4,7.4,Port Kembla,26.64,SIMP_201812_WP,5,May,160.8,10.7,14.6
2018-05-31T17:00:00Z,0.554,17.3,8.3,Port Kembla,29.880000000000003,SIMP_201812_WP,5,May,160.8,10.7,14.6
2018-05-31T18:00:00Z,0.458,17.3,8.9,Port Kembla,32.04,SIMP_201812_WP,5,May,160.8,10.7,14.6
2018-05-31T19:00:00Z,0.503,17.2,7.5,Port Kembla,27,SIMP_201812_WP,5,May,160.8,10.7,14.6
2018-05-31T20:00:00Z,0.661,17.1,5.7,Port Kembla,20.52,SIMP_201812_WP,5,May,160.8,10.7,14.6
2018-05-31T21:00:00Z,0.882,17,7,Port Kembla,25.2,SIMP_201812_WP,5,May,160.8,10.7,14.6
2018-05-31T22:00:00Z,1.104,17,8.1,Port Kembla,29.16,SIMP_201812_WP,5,May,160.8,10.7,14.6
2018-05-31T23:00:00Z,1.293,17.1,7.4,Port Kembla,26.64,SIMP_201812_WP,5,May,160.8,10.7,14.6
2018-06-01T00:00:00Z,1.374,17.1,7.5,Port Kembla,27,SIMP_201812_WP,6,June,120.8,10.5,14.7
2018-06-01T01:00:00Z,1.334,17.1,8.5,Port Kembla,30.6,SIMP_201812_WP,6,June,120.8,10.5,14.7
2018-06-01T02:00:00Z,1.213,17.1,8.4,Port Kembla,30.240000000000002,SIMP_201812_WP,6,June,120.8,10.5,14.7
2018-06-01T03:00:00Z,1.041,17.2,6.8,Port Kembla,24.48,SIMP_201812_WP,6,June,120.8,10.5,14.7
2018-06-01T04:00:00Z,0.889,17.2,6,Port Kembla,21.6,SIMP_201812_WP,6,June,120.8,10.5,14.7
2018-06-01T05:00:00Z,0.785,17.2,5.3,Port Kembla,19.08,SIMP_201812_WP,6,June,120.8,10.5,14.7
2018-06-01T06:00:00Z,0.789,17.2,4.9,Port Kembla,17.64,SIMP_201812_WP,6,June,120.8,10.5,14.7
2018-06-01T07:00:00Z,0.893,17.2,6.2,Port Kembla,22.32,SIMP_201812_WP,6,June,120.8,10.5,14.7
2018-06-01T08:00:00Z,1.097,17.2,7.9,Port Kembla,28.44,SIMP_201812_WP,6,June,120.8,10.5,14.7
2018-06-01T09:00:00Z,1.352,17.1,5.8,Port Kembla,20.88,SIMP_201812_WP,6,June,120.8,10.5,14.7
2018-06-01T10:00:00Z,1.599,17.1,6,Port Kembla,21.6,SIMP_201812_WP,6,June,120.8,10.5,14.7
2018-06-01T11:00:00Z,1.771,17.1,6.5,Port Kembla,23.400000000000002,SIMP_201812_WP,6,June,120.8,10.5,14.7
2018-06-01T12:00:00Z,1.84,17.1,4.9,Port Kembla,17.64,SIMP_201812_WP,6,June,120.8,10.5,14.7
2018-06-01T13:00:00Z,1.764,17.1,7.1,Port Kembla,25.56,SIMP_201812_WP,6,June,120.8,10.5,14.7
2018-06-01T14:00:00Z,1.565,17.2,6.5,Port Kembla,23.400000000000002,SIMP_201812_WP,6,June,120.8,10.5,14.7
2018-06-01T15:00:00Z,1.279,17.3,7.1,Port Kembla,25.56,SIMP_201812_WP,6,June,120.8,10.5,14.7
2018-06-01T16:00:00Z,0.99,17.3,6,Port Kembla,21.6,SIMP_201812_WP,6,June,120.8,10.5,14.7
2018-06-01T17:00:00Z,0.744,17.2,7.3,Port Kembla,26.28,SIMP_201812_WP,6,June,120.8,10.5,14.7
2018-06-01T18:00:00Z,0.575,17.1,7.7,Port Kembla,27.720000000000002,SIMP_201812_WP,6,June,120.8,10.5,14.7
2018-06-01T19:00:00Z,0.539,17.1,9.3,Port Kembla,33.480000000000004,SIMP_201812_WP,6,June,120.8,10.5,14.7
2018-06-01T20:00:00Z,0.622,17.1,7.9,Port Kembla,28.44,SIMP_201812_WP,6,June,120.8,10.5,14.7
2018-06-01T21:00:00Z,0.8,17.1,8.3,Port Kembla,29.880000000000003,SIMP_201812_WP,6,June,120.8,10.5,14.7
2018-06-01T22:00:00Z,1.014,17.1,8.5,Port Kembla,30.6,SIMP_201812_WP,6,June,120.8,10.5,14.7
2018-06-01T23:00:00Z,1.22,17.1,7.6,Port Kembla,27.36,SIMP_201812_WP,6,June,120.8,10.5,14.7
2018-06-02T00:00:00Z,1.355,17.1,8.7,Port Kembla,31.319999999999997,SIMP_201812_WP,6,June,120.8,10.5,14.7
2018-06-02T01:00:00Z,1.392,17.1,9.1,Port Kembla,32.76,SIMP_201812_WP,6,June,120.8,10.5,14.7
2018-06-02T02:00:00Z,1.328,17.1,8.9,Port Kembla,32.04,SIMP_201812_WP,6,June,120.8,10.5,14.7
2018-06-02T03:00:00Z,1.183,17,6.2,Port Kembla,22.32,SIMP_201812_WP,6,June,120.8,10.5,14.7
2018-06-02T04:00:00Z,1.014,17,7.2,Port Kembla,25.92,SIMP_201812_WP,6,June,120.8,10.5,14.7
2018-06-02T05:00:00Z,0.88,17,6.2,Port Kembla,22.32,SIMP_201812_WP,6,June,120.8,10.5,14.7
2018-06-02T06:00:00Z,0.809,16.9,8.2,Port Kembla,29.52,SIMP_201812_WP,6,June,120.8,10.5,14.7
2018-06-02T07:00:00Z,0.834,16.9,6.9,Port Kembla,24.840000000000003,SIMP_201812_WP,6,June,120.8,10.5,14.7
2018-06-02T08:00:00Z,0.975,16.9,6.4,Port Kembla,23.040000000000003,SIMP_201812_WP,6,June,120.8,10.5,14.7
2018-06-02T09:00:00Z,1.192,16.9,5.7,Port Kembla,20.52,SIMP_201812_WP,6,June,120.8,10.5,14.7
2018-06-02T10:00:00Z,1.433,16.9,5.2,Port Kembla,18.720000000000002,SIMP_201812_WP,6,June,120.8,10.5,14.7
2018-06-02T11:00:00Z,1.642,16.9,5.3,Port Kembla,19.08,SIMP_201812_WP,6,June,120.8,10.5,14.7
2018-06-02T12:00:00Z,1.757,16.9,6.3,Port Kembla,22.68,SIMP_201812_WP,6,June,120.8,10.5,14.7
2018-06-02T13:00:00Z,1.77,16.9,5.7,Port Kembla,20.52,SIMP_201812_WP,6,June,120.8,10.5,14.7
2018-06-02T14:00:00Z,1.651,16.9,5.2,Port Kembla,18.720000000000002,SIMP_201812_WP,6,June,120.8,10.5,14.7
2018-06-02T15:00:00Z,1.427,16.9,6.3,Port Kembla,22.68,SIMP_201812_WP,6,June,120.8,10.5,14.7
2018-06-02T16:00:00Z,1.147,16.9,4.8,Port Kembla,17.28,SIMP_201812_WP,6,June,120.8,10.5,14.7
2018-06-02T17:00:00Z,0.875,16.9,5.1,Port Kembla,18.36,SIMP_201812_WP,6,June,120.8,10.5,14.7
2018-06-02T18:00:00Z,0.662,17,4.4,Port Kembla,15.840000000000002,SIMP_201812_WP,6,June,120.8,10.5,14.7
2018-06-02T19:00:00Z,0.545,17,5.1,Port Kembla,18.36,SIMP_201812_WP,6,June,120.8,10.5,14.7
2018-06-02T20:00:00Z,0.536,17,5.2,Port Kembla,18.720000000000002,SIMP_201812_WP,6,June,120.8,10.5,14.7
2018-06-02T21:00:00Z,0.637,17,4.7,Port Kembla,16.92,SIMP_201812_WP,6,June,120.8,10.5,14.7
2018-06-02T22:00:00Z,0.8,17,5.4,Port Kembla,19.44,SIMP_201812_WP,6,June,120.8,10.5,14.7
2018-06-02T23:00:00Z,0.992,17,6.2,Port Kembla,22.32,SIMP_201812_WP,6,June,120.8,10.5,14.7
2018-06-03T00:00:00Z,1.158,17,5.5,Port Kembla,19.8,SIMP_201812_WP,6,June,120.8,10.5,14.7
2018-06-03T01:00:00Z,1.264,17,5.4,Port Kembla,19.44,SIMP_201812_WP,6,June,120.8,10.5,14.7
2018-06-03T02:00:00Z,1.274,17.1,5.1,Port Kembla,18.36,SIMP_201812_WP,6,June,120.8,10.5,14.7
2018-06-03T03:00:00Z,1.187,17.1,6,Port Kembla,21.6,SIMP_201812_WP,6,June,120.8,10.5,14.7
2018-06-03T04:00:00Z,1.057,17.2,4.3,Port Kembla,15.48,SIMP_201812_WP,6,June,120.8,10.5,14.7
2018-06-03T05:00:00Z,0.911,17.2,5.7,Port Kembla,20.52,SIMP_201812_WP,6,June,120.8,10.5,14.7
2018-06-03T06:00:00Z,0.799,17.2,5.7,Port Kembla,20.52,SIMP_201812_WP,6,June,120.8,10.5,14.7
2018-06-03T07:00:00Z,0.766,17.2,4.5,Port Kembla,16.2,SIMP_201812_WP,6,June,120.8,10.5,14.7
2018-06-03T08:00:00Z,0.818,17.2,6.4,Port Kembla,23.040000000000003,SIMP_201812_WP,6,June,120.8,10.5,14.7
2018-06-03T09:00:00Z,0.958,17.1,3.9,Port Kembla,14.04,SIMP_201812_WP,6,June,120.8,10.5,14.7
2018-06-03T10:00:00Z,1.169,17.1,2.7,Port Kembla,9.72,SIMP_201812_WP,6,June,120.8,10.5,14.7
2018-06-03T11:00:00Z,1.369,17.1,4.1,Port Kembla,14.76,SIMP_201812_WP,6,June,120.8,10.5,14.7
2018-06-03T12:00:00Z,1.538,17.1,3.7,Port Kembla,13.32,SIMP_201812_WP,6,June,120.8,10.5,14.7
2018-06-03T13:00:00Z,1.624,17.5,2.7,Port Kembla,9.72,SIMP_201812_WP,6,June,120.8,10.5,14.7
2018-06-03T14:00:00Z,1.599,17.4,3.6,Port Kembla,12.96,SIMP_201812_WP,6,June,120.8,10.5,14.7
2018-06-03T15:00:00Z,1.459,17.4,3.2,Port Kembla,11.520000000000001,SIMP_201812_WP,6,June,120.8,10.5,14.7
2018-06-03T16:00:00Z,1.247,17.9,3.2,Port Kembla,11.520000000000001,SIMP_201812_WP,6,June,120.8,10.5,14.7
2018-06-03T17:00:00Z,1.002,18,3.6,Port Kembla,12.96,SIMP_201812_WP,6,June,120.8,10.5,14.7
2018-06-03T18:00:00Z,0.772,17.9,3.3,Port Kembla,11.879999999999999,SIMP_201812_WP,6,June,120.8,10.5,14.7
2018-06-03T19:00:00Z,0.602,17.9,3.4,Port Kembla,12.24,SIMP_201812_WP,6,June,120.8,10.5,14.7
2018-06-03T20:00:00Z,0.509,17.9,4.1,Port Kembla,14.76,SIMP_201812_WP,6,June,120.8,10.5,14.7
2018-06-03T21:00:00Z,0.526,17.8,4.7,Port Kembla,16.92,SIMP_201812_WP,6,June,120.8,10.5,14.7
2018-06-03T22:00:00Z,0.626,17.8,4.5,Port Kembla,16.2,SIMP_201812_WP,6,June,120.8,10.5,14.7
2018-06-03T23:00:00Z,0.792,17.8,5.5,Port Kembla,19.8,SIMP_201812_WP,6,June,120.8,10.5,14.7
2018-06-04T00:00:00Z,0.963,17.8,4.8,Port Kembla,17.28,SIMP_201812_WP,6,June,120.8,10.5,14.7
2018-06-04T01:00:00Z,1.102,17.9,5.8,Port Kembla,20.88,SIMP_201812_WP,6,June,120.8,10.5,14.7
2018-06-04T02:00:00Z,1.182,17.9,5.6,Port Kembla,20.16,SIMP_201812_WP,6,June,120.8,10.5,14.7
2018-06-04T03:00:00Z,1.173,17.9,4.9,Port Kembla,17.64,SIMP_201812_WP,6,June,120.8,10.5,14.7
2018-06-04T04:00:00Z,1.098,17.9,5.2,Port Kembla,18.720000000000002,SIMP_201812_WP,6,June,120.8,10.5,14.7
2018-06-04T05:00:00Z,0.972,17.8,4.9,Port Kembla,17.64,SIMP_201812_WP,6,June,120.8,10.5,14.7
2018-06-04T06:00:00Z,0.846,17.7,5.2,Port Kembla,18.720000000000002,SIMP_201812_WP,6,June,120.8,10.5,14.7
2018-06-04T07:00:00Z,0.761,17.6,4.2,Port Kembla,15.120000000000001,SIMP_201812_WP,6,June,120.8,10.5,14.7
2018-06-04T08:00:00Z,0.745,17.6,4.1,Port Kembla,14.76,SIMP_201812_WP,6,June,120.8,10.5,14.7
2018-06-04T09:00:00Z,0.809,17.6,3.7,Port Kembla,13.32,SIMP_201812_WP,6,June,120.8,10.5,14.7
2018-06-04T10:00:00Z,0.957,17.6,2.9,Port Kembla,10.44,SIMP_201812_WP,6,June,120.8,10.5,14.7
2018-06-04T11:00:00Z,1.141,18.4,2.9,Port Kembla,10.44,SIMP_201812_WP,6,June,120.8,10.5,14.7
2018-06-04T12:00:00Z,1.324,18.4,3.5,Port Kembla,12.6,SIMP_201812_WP,6,June,120.8,10.5,14.7
2018-06-04T13:00:00Z,1.451,18.4,3.1,Port Kembla,11.16,SIMP_201812_WP,6,June,120.8,10.5,14.7
2018-06-04T14:00:00Z,1.511,18.4,3.9,Port Kembla,14.04,SIMP_201812_WP,6,June,120.8,10.5,14.7
2018-06-04T15:00:00Z,1.466,18.4,4.3,Port Kembla,15.48,SIMP_201812_WP,6,June,120.8,10.5,14.7
2018-06-04T16:00:00Z,1.316,18.4,4.6,Port Kembla,16.56,SIMP_201812_WP,6,June,120.8,10.5,14.7
2018-06-04T17:00:00Z,1.109,18.3,4.5,Port Kembla,16.2,SIMP_201812_WP,6,June,120.8,10.5,14.7
2018-06-04T18:00:00Z,0.888,18.2,3.6,Port Kembla,12.96,SIMP_201812_WP,6,June,120.8,10.5,14.7
2018-06-04T19:00:00Z,0.677,18.1,5.3,Port Kembla,19.08,SIMP_201812_WP,6,June,120.8,10.5,14.7
2018-06-04T20:00:00Z,0.527,18,4,Port Kembla,14.4,SIMP_201812_WP,6,June,120.8,10.5,14.7
2018-06-04T21:00:00Z,0.458,18,5.6,Port Kembla,20.16,SIMP_201812_WP,6,June,120.8,10.5,14.7
2018-06-04T22:00:00Z,0.474,18,4.7,Port Kembla,16.92,SIMP_201812_WP,6,June,120.8,10.5,14.7
2018-06-04T23:00:00Z,0.597,17.9,6,Port Kembla,21.6,SIMP_201812_WP,6,June,120.8,10.5,14.7
2018-06-05T00:00:00Z,0.757,17.9,4.2,Port Kembla,15.120000000000001,SIMP_201812_WP,6,June,120.8,10.5,14.7
2018-06-05T01:00:00Z,0.924,17.9,4.1,Port Kembla,14.76,SIMP_201812_WP,6,June,120.8,10.5,14.7
2018-06-05T02:00:00Z,1.069,17.9,6.2,Port Kembla,22.32,SIMP_201812_WP,6,June,120.8,10.5,14.7
2018-06-05T03:00:00Z,1.14,18.1,4.2,Port Kembla,15.120000000000001,SIMP_201812_WP,6,June,120.8,10.5,14.7
2018-06-05T04:00:00Z,1.126,18.2,5.6,Port Kembla,20.16,SIMP_201812_WP,6,June,120.8,10.5,14.7
2018-06-05T05:00:00Z,1.048,18.2,4,Port Kembla,14.4,SIMP_201812_WP,6,June,120.8,10.5,14.7
2018-06-05T06:00:00Z,0.932,18.4,3.9,Port Kembla,14.04,SIMP_201812_WP,6,June,120.8,10.5,14.7
2018-06-05T07:00:00Z,0.825,18.2,4.6,Port Kembla,16.56,SIMP_201812_WP,6,June,120.8,10.5,14.7
2018-06-05T08:00:00Z,0.759,18,4.2,Port Kembla,15.120000000000001,SIMP_201812_WP,6,June,120.8,10.5,14.7
2018-06-05T09:00:00Z,0.751,18,4.1,Port Kembla,14.76,SIMP_201812_WP,6,June,120.8,10.5,14.7
2018-06-05T10:00:00Z,0.823,18,3,Port Kembla,10.8,SIMP_201812_WP,6,June,120.8,10.5,14.7
2018-06-05T11:00:00Z,0.966,17.9,3.1,Port Kembla,11.16,SIMP_201812_WP,6,June,120.8,10.5,14.7
2018-06-05T12:00:00Z,1.139,17.9,2.5,Port Kembla,9,SIMP_201812_WP,6,June,120.8,10.5,14.7
2018-06-05T13:00:00Z,1.286,18.1,3.8,Port Kembla,13.68,SIMP_201812_WP,6,June,120.8,10.5,14.7
2018-06-05T14:00:00Z,1.403,18.4,3.6,Port Kembla,12.96,SIMP_201812_WP,6,June,120.8,10.5,14.7
2018-06-05T15:00:00Z,1.437,18.5,2.2,Port Kembla,7.920000000000001,SIMP_201812_WP,6,June,120.8,10.5,14.7
2018-06-05T16:00:00Z,1.375,18.5,2.8,Port Kembla,10.08,SIMP_201812_WP,6,June,120.8,10.5,14.7
2018-06-05T17:00:00Z,1.227,18.4,4.3,Port Kembla,15.48,SIMP_201812_WP,6,June,120.8,10.5,14.7
2018-06-05T18:00:00Z,1.031,18.8,3.1,Port Kembla,11.16,SIMP_201812_WP,6,June,120.8,10.5,14.7
2018-06-05T19:00:00Z,0.817,18.8,3.3,Port Kembla,11.879999999999999,SIMP_201812_WP,6,June,120.8,10.5,14.7
2018-06-05T20:00:00Z,0.628,18.8,2.2,Port Kembla,7.920000000000001,SIMP_201812_WP,6,June,120.8,10.5,14.7
2018-06-05T21:00:00Z,0.502,18.7,3.1,Port Kembla,11.16,SIMP_201812_WP,6,June,120.8,10.5,14.7
2018-06-05T22:00:00Z,0.449,18.8,2.7,Port Kembla,9.72,SIMP_201812_WP,6,June,120.8,10.5,14.7
2018-06-05T23:00:00Z,0.505,18.6,3.2,Port Kembla,11.520000000000001,SIMP_201812_WP,6,June,120.8,10.5,14.7
2018-06-06T00:00:00Z,0.627,18.7,2.5,Port Kembla,9,SIMP_201812_WP,6,June,120.8,10.5,14.7
2018-06-06T01:00:00Z,0.784,18.9,2,Port Kembla,7.2,SIMP_201812_WP,6,June,120.8,10.5,14.7
2018-06-06T02:00:00Z,0.954,18.9,2.9,Port Kembla,10.44,SIMP_201812_WP,6,June,120.8,10.5,14.7
2018-06-06T03:00:00Z,1.084,19,2.9,Port Kembla,10.44,SIMP_201812_WP,6,June,120.8,10.5,14.7
2018-06-06T04:00:00Z,1.143,19.1,6.5,Port Kembla,23.400000000000002,SIMP_201812_WP,6,June,120.8,10.5,14.7
2018-06-06T05:00:00Z,1.112,19.1,1.6,Port Kembla,5.760000000000001,SIMP_201812_WP,6,June,120.8,10.5,14.7
2018-06-06T06:00:00Z,1.031,18.9,2.5,Port Kembla,9,SIMP_201812_WP,6,June,120.8,10.5,14.7
2018-06-06T07:00:00Z,0.913,18.9,2,Port Kembla,7.2,SIMP_201812_WP,6,June,120.8,10.5,14.7
2018-06-06T08:00:00Z,0.797,18.9,1.9,Port Kembla,6.84,SIMP_201812_WP,6,June,120.8,10.5,14.7
2018-06-06T09:00:00Z,0.73,18.9,1.3,Port Kembla,4.680000000000001,SIMP_201812_WP,6,June,120.8,10.5,14.7
2018-06-06T10:00:00Z,0.712,18.9,1.3,Port Kembla,4.680000000000001,SIMP_201812_WP,6,June,120.8,10.5,14.7
2018-06-06T11:00:00Z,0.775,18.9,2.5,Port Kembla,9,SIMP_201812_WP,6,June,120.8,10.5,14.7
2018-06-06T12:00:00Z,0.89,18.9,2.1,Port Kembla,7.5600000000000005,SIMP_201812_WP,6,June,120.8,10.5,14.7
2018-06-06T13:00:00Z,1.032,18.9,1.4,Port Kembla,5.04,SIMP_201812_WP,6,June,120.8,10.5,14.7
2018-06-06T14:00:00Z,1.166,18.8,2.5,Port Kembla,9,SIMP_201812_WP,6,June,120.8,10.5,14.7
2018-06-06T15:00:00Z,1.27,18.8,1.7,Port Kembla,6.12,SIMP_201812_WP,6,June,120.8,10.5,14.7
2018-06-06T16:00:00Z,1.303,18.8,2.4,Port Kembla,8.64,SIMP_201812_WP,6,June,120.8,10.5,14.7
2018-06-06T17:00:00Z,1.242,18.8,2.4,Port Kembla,8.64,SIMP_201812_WP,6,June,120.8,10.5,14.7
2018-06-06T18:00:00Z,1.105,18.8,2.5,Port Kembla,9,SIMP_201812_WP,6,June,120.8,10.5,14.7
2018-06-06T19:00:00Z,0.915,18.8,1.3,Port Kembla,4.680000000000001,SIMP_201812_WP,6,June,120.8,10.5,14.7
2018-06-06T20:00:00Z,0.718,18.7,2.1,Port Kembla,7.5600000000000005,SIMP_201812_WP,6,June,120.8,10.5,14.7
2018-06-06T21:00:00Z,0.537,18.5,1.5,Port Kembla,5.4,SIMP_201812_WP,6,June,120.8,10.5,14.7
2018-06-06T22:00:00Z,0.425,18.5,1.6,Port Kembla,5.760000000000001,SIMP_201812_WP,6,June,120.8,10.5,14.7
2018-06-06T23:00:00Z,0.393,18.4,2.3,Port Kembla,8.28,SIMP_201812_WP,6,June,120.8,10.5,14.7
2018-06-07T00:00:00Z,0.457,18.6,1.3,Port Kembla,4.680000000000001,SIMP_201812_WP,6,June,120.8,10.5,14.7
2018-06-07T01:00:00Z,0.594,18.3,3.6,Port Kembla,12.96,SIMP_201812_WP,6,June,120.8,10.5,14.7
2018-06-07T02:00:00Z,0.778,18.5,6.4,Port Kembla,23.040000000000003,SIMP_201812_WP,6,June,120.8,10.5,14.7
2018-06-07T03:00:00Z,0.955,18.6,5.4,Port Kembla,19.44,SIMP_201812_WP,6,June,120.8,10.5,14.7
2018-06-07T04:00:00Z,1.087,18.6,5.6,Port Kembla,20.16,SIMP_201812_WP,6,June,120.8,10.5,14.7
2018-06-07T05:00:00Z,1.143,18.7,6.1,Port Kembla,21.96,SIMP_201812_WP,6,June,120.8,10.5,14.7
2018-06-07T06:00:00Z,1.121,18.7,5.1,Port Kembla,18.36,SIMP_201812_WP,6,June,120.8,10.5,14.7
2018-06-07T07:00:00Z,1.029,18.6,6.8,Port Kembla,24.48,SIMP_201812_WP,6,June,120.8,10.5,14.7
2018-06-07T08:00:00Z,0.898,18.6,4.5,Port Kembla,16.2,SIMP_201812_WP,6,June,120.8,10.5,14.7
2018-06-07T09:00:00Z,0.784,18.7,3.8,Port Kembla,13.68,SIMP_201812_WP,6,June,120.8,10.5,14.7
2018-06-07T10:00:00Z,0.697,18.5,4,Port Kembla,14.4,SIMP_201812_WP,6,June,120.8,10.5,14.7
2018-06-07T11:00:00Z,0.677,18.4,3.5,Port Kembla,12.6,SIMP_201812_WP,6,June,120.8,10.5,14.7
2018-06-07T12:00:00Z,0.729,18.5,3.3,Port Kembla,11.879999999999999,SIMP_201812_WP,6,June,120.8,10.5,14.7
2018-06-07T13:00:00Z,0.844,18.5,5.5,Port Kembla,19.8,SIMP_201812_WP,6,June,120.8,10.5,14.7
2018-06-07T14:00:00Z,0.992,18.4,5.6,Port Kembla,20.16,SIMP_201812_WP,6,June,120.8,10.5,14.7
2018-06-07T15:00:00Z,1.147,18.4,3.4,Port Kembla,12.24,SIMP_201812_WP,6,June,120.8,10.5,14.7
2018-06-07T16:00:00Z,1.249,18.4,4.1,Port Kembla,14.76,SIMP_201812_WP,6,June,120.8,10.5,14.7
2018-06-07T17:00:00Z,1.267,18.4,2.4,Port Kembla,8.64,SIMP_201812_WP,6,June,120.8,10.5,14.7
2018-06-07T18:00:00Z,1.209,18.4,1.8,Port Kembla,6.48,SIMP_201812_WP,6,June,120.8,10.5,14.7
2018-06-07T19:00:00Z,1.09,18.4,3.2,Port Kembla,11.520000000000001,SIMP_201812_WP,6,June,120.8,10.5,14.7
2018-06-07T20:00:00Z,0.909,18.4,3.9,Port Kembla,14.04,SIMP_201812_WP,6,June,120.8,10.5,14.7
2018-06-07T21:00:00Z,0.714,17.8,2.9,Port Kembla,10.44,SIMP_201812_WP,6,June,120.8,10.5,14.7
2018-06-07T22:00:00Z,0.531,17.9,3.7,Port Kembla,13.32,SIMP_201812_WP,6,June,120.8,10.5,14.7
2018-06-07T23:00:00Z,0.422,18.1,2.6,Port Kembla,9.360000000000001,SIMP_201812_WP,6,June,120.8,10.5,14.7
2018-06-08T00:00:00Z,0.417,18.2,2.4,Port Kembla,8.64,SIMP_201812_WP,6,June,120.8,10.5,14.7
2018-06-08T01:00:00Z,0.503,18,2.6,Port Kembla,9.360000000000001,SIMP_201812_WP,6,June,120.8,10.5,14.7
2018-06-08T02:00:00Z,0.668,18.2,2.8,Port Kembla,10.08,SIMP_201812_WP,6,June,120.8,10.5,14.7
2018-06-08T03:00:00Z,0.879,18.3,4.5,Port Kembla,16.2,SIMP_201812_WP,6,June,120.8,10.5,14.7
2018-06-08T04:00:00Z,1.063,18.3,1.8,Port Kembla,6.48,SIMP_201812_WP,6,June,120.8,10.5,14.7
2018-06-08T05:00:00Z,1.2,18.4,0.8,Port Kembla,2.8800000000000003,SIMP_201812_WP,6,June,120.8,10.5,14.7
2018-06-08T06:00:00Z,1.245,18.3,0.4,Port Kembla,1.4400000000000002,SIMP_201812_WP,6,June,120.8,10.5,14.7
2018-06-08T07:00:00Z,1.203,18.3,4.2,Port Kembla,15.120000000000001,SIMP_201812_WP,6,June,120.8,10.5,14.7
2018-06-08T08:00:00Z,1.085,18,4,Port Kembla,14.4,SIMP_201812_WP,6,June,120.8,10.5,14.7
2018-06-08T09:00:00Z,0.925,17.9,5.7,Port Kembla,20.52,SIMP_201812_WP,6,June,120.8,10.5,14.7
2018-06-08T10:00:00Z,0.778,17.8,3.9,Port Kembla,14.04,SIMP_201812_WP,6,June,120.8,10.5,14.7
2018-06-08T11:00:00Z,0.668,17.8,4.9,Port Kembla,17.64,SIMP_201812_WP,6,June,120.8,10.5,14.7
2018-06-08T12:00:00Z,0.633,17.8,4,Port Kembla,14.4,SIMP_201812_WP,6,June,120.8,10.5,14.7
2018-06-08T13:00:00Z,0.685,17.8,5,Port Kembla,18,SIMP_201812_WP,6,June,120.8,10.5,14.7
2018-06-08T14:00:00Z,0.797,17.7,3.6,Port Kembla,12.96,SIMP_201812_WP,6,June,120.8,10.5,14.7
2018-06-08T15:00:00Z,0.967,17.9,3.8,Port Kembla,13.68,SIMP_201812_WP,6,June,120.8,10.5,14.7
2018-06-08T16:00:00Z,1.131,17.9,3.5,Port Kembla,12.6,SIMP_201812_WP,6,June,120.8,10.5,14.7
2018-06-08T17:00:00Z,1.248,18.3,4.7,Port Kembla,16.92,SIMP_201812_WP,6,June,120.8,10.5,14.7
2018-06-08T18:00:00Z,1.286,17.9,4.3,Port Kembla,15.48,SIMP_201812_WP,6,June,120.8,10.5,14.7
2018-06-08T19:00:00Z,1.238,17.9,2.3,Port Kembla,8.28,SIMP_201812_WP,6,June,120.8,10.5,14.7
2018-06-08T20:00:00Z,1.092,17.9,3,Port Kembla,10.8,SIMP_201812_WP,6,June,120.8,10.5,14.7
2018-06-08T21:00:00Z,0.884,17.9,2.3,Port Kembla,8.28,SIMP_201812_WP,6,June,120.8,10.5,14.7
2018-06-08T22:00:00Z,0.668,17.9,2.6,Port Kembla,9.360000000000001,SIMP_201812_WP,6,June,120.8,10.5,14.7
2018-06-08T23:00:00Z,0.487,18,3,Port Kembla,10.8,SIMP_201812_WP,6,June,120.8,10.5,14.7
2018-06-09T00:00:00Z,0.392,18,1.9,Port Kembla,6.84,SIMP_201812_WP,6,June,120.8,10.5,14.7
2018-06-09T01:00:00Z,0.405,18.1,2.4,Port Kembla,8.64,SIMP_201812_WP,6,June,120.8,10.5,14.7
2018-06-09T02:00:00Z,0.523,18.4,3.1,Port Kembla,11.16,SIMP_201812_WP,6,June,120.8,10.5,14.7
2018-06-09T03:00:00Z,0.725,18.4,4.8,Port Kembla,17.28,SIMP_201812_WP,6,June,120.8,10.5,14.7
2018-06-09T04:00:00Z,0.969,18.4,4.4,Port Kembla,15.840000000000002,SIMP_201812_WP,6,June,120.8,10.5,14.7
2018-06-09T05:00:00Z,1.189,18.4,2.7,Port Kembla,9.72,SIMP_201812_WP,6,June,120.8,10.5,14.7
2018-06-09T06:00:00Z,1.336,18.4,2.8,Port Kembla,10.08,SIMP_201812_WP,6,June,120.8,10.5,14.7
2018-06-09T07:00:00Z,1.372,18.3,2.7,Port Kembla,9.72,SIMP_201812_WP,6,June,120.8,10.5,14.7
2018-06-09T08:00:00Z,1.307,18.3,1.9,Port Kembla,6.84,SIMP_201812_WP,6,June,120.8,10.5,14.7
2018-06-09T09:00:00Z,1.146,18.3,2.9,Port Kembla,10.44,SIMP_201812_WP,6,June,120.8,10.5,14.7
2018-06-09T10:00:00Z,0.94,18.2,3.2,Port Kembla,11.520000000000001,SIMP_201812_WP,6,June,120.8,10.5,14.7
2018-06-09T11:00:00Z,0.743,18.3,3.7,Port Kembla,13.32,SIMP_201812_WP,6,June,120.8,10.5,14.7
2018-06-09T12:00:00Z,0.609,18.3,3,Port Kembla,10.8,SIMP_201812_WP,6,June,120.8,10.5,14.7
2018-06-09T13:00:00Z,0.561,18.2,3.8,Port Kembla,13.68,SIMP_201812_WP,6,June,120.8,10.5,14.7
2018-06-09T14:00:00Z,0.623,18.2,2.5,Port Kembla,9,SIMP_201812_WP,6,June,120.8,10.5,14.7
2018-06-09T15:00:00Z,0.752,18.1,3.9,Port Kembla,14.04,SIMP_201812_WP,6,June,120.8,10.5,14.7
2018-06-09T16:00:00Z,0.951,18.1,3.8,Port Kembla,13.68,SIMP_201812_WP,6,June,120.8,10.5,14.7
2018-06-09T17:00:00Z,1.143,18.1,3.6,Port Kembla,12.96,SIMP_201812_WP,6,June,120.8,10.5,14.7
2018-06-09T18:00:00Z,1.275,18,5.4,Port Kembla,19.44,SIMP_201812_WP,6,June,120.8,10.5,14.7
2018-06-09T19:00:00Z,1.321,17.9,5.9,Port Kembla,21.240000000000002,SIMP_201812_WP,6,June,120.8,10.5,14.7
2018-06-09T20:00:00Z,1.248,17.8,5.3,Port Kembla,19.08,SIMP_201812_WP,6,June,120.8,10.5,14.7
2018-06-09T21:00:00Z,1.077,18.1,4.3,Port Kembla,15.48,SIMP_201812_WP,6,June,120.8,10.5,14.7
2018-06-09T22:00:00Z,0.841,18.3,5.7,Port Kembla,20.52,SIMP_201812_WP,6,June,120.8,10.5,14.7
2018-06-09T23:00:00Z,0.61,18.1,5.7,Port Kembla,20.52,SIMP_201812_WP,6,June,120.8,10.5,14.7
2018-06-10T00:00:00Z,0.426,18,6.6,Port Kembla,23.759999999999998,SIMP_201812_WP,6,June,120.8,10.5,14.7
2018-06-10T01:00:00Z,0.349,17.9,6.5,Port Kembla,23.400000000000002,SIMP_201812_WP,6,June,120.8,10.5,14.7
2018-06-10T02:00:00Z,0.401,18,7.1,Port Kembla,25.56,SIMP_201812_WP,6,June,120.8,10.5,14.7
2018-06-10T03:00:00Z,0.572,18.2,6.4,Port Kembla,23.040000000000003,SIMP_201812_WP,6,June,120.8,10.5,14.7
2018-06-10T04:00:00Z,0.832,18.4,4.3,Port Kembla,15.48,SIMP_201812_WP,6,June,120.8,10.5,14.7
2018-06-10T05:00:00Z,1.111,18.3,4.6,Port Kembla,16.56,SIMP_201812_WP,6,June,120.8,10.5,14.7
2018-06-10T06:00:00Z,1.357,18.2,5.4,Port Kembla,19.44,SIMP_201812_WP,6,June,120.8,10.5,14.7
2018-06-10T07:00:00Z,1.501,18.1,4.3,Port Kembla,15.48,SIMP_201812_WP,6,June,120.8,10.5,14.7
2018-06-10T08:00:00Z,1.511,18.2,2.6,Port Kembla,9.360000000000001,SIMP_201812_WP,6,June,120.8,10.5,14.7
2018-06-10T09:00:00Z,1.391,18.1,3,Port Kembla,10.8,SIMP_201812_WP,6,June,120.8,10.5,14.7
2018-06-10T10:00:00Z,1.174,18.2,3.3,Port Kembla,11.879999999999999,SIMP_201812_WP,6,June,120.8,10.5,14.7
2018-06-10T11:00:00Z,0.916,18.1,3.8,Port Kembla,13.68,SIMP_201812_WP,6,June,120.8,10.5,14.7
2018-06-10T12:00:00Z,0.68,18.1,4.3,Port Kembla,15.48,SIMP_201812_WP,6,June,120.8,10.5,14.7
2018-06-10T13:00:00Z,0.52,18,4,Port Kembla,14.4,SIMP_201812_WP,6,June,120.8,10.5,14.7
2018-06-10T14:00:00Z,0.469,17.9,2.1,Port Kembla,7.5600000000000005,SIMP_201812_WP,6,June,120.8,10.5,14.7
2018-06-10T15:00:00Z,0.534,17.9,1.6,Port Kembla,5.760000000000001,SIMP_201812_WP,6,June,120.8,10.5,14.7
2018-06-10T16:00:00Z,0.711,17.9,4.2,Port Kembla,15.120000000000001,SIMP_201812_WP,6,June,120.8,10.5,14.7
2018-06-10T17:00:00Z,0.938,17.9,4,Port Kembla,14.4,SIMP_201812_WP,6,June,120.8,10.5,14.7
2018-06-10T18:00:00Z,1.146,18,3.7,Port Kembla,13.32,SIMP_201812_WP,6,June,120.8,10.5,14.7
2018-06-10T19:00:00Z,1.294,18,3.4,Port Kembla,12.24,SIMP_201812_WP,6,June,120.8,10.5,14.7
2018-06-10T20:00:00Z,1.331,18,3.4,Port Kembla,12.24,SIMP_201812_WP,6,June,120.8,10.5,14.7
2018-06-10T21:00:00Z,1.235,17.9,2.9,Port Kembla,10.44,SIMP_201812_WP,6,June,120.8,10.5,14.7
2018-06-10T22:00:00Z,1.034,17.9,3.4,Port Kembla,12.24,SIMP_201812_WP,6,June,120.8,10.5,14.7
2018-06-10T23:00:00Z,0.782,17.9,4.2,Port Kembla,15.120000000000001,SIMP_201812_WP,6,June,120.8,10.5,14.7
2018-06-11T00:00:00Z,0.544,18,4.8,Port Kembla,17.28,SIMP_201812_WP,6,June,120.8,10.5,14.7
2018-06-11T01:00:00Z,0.374,18.1,6.3,Port Kembla,22.68,SIMP_201812_WP,6,June,120.8,10.5,14.7
2018-06-11T02:00:00Z,0.342,18.2,5.5,Port Kembla,19.8,SIMP_201812_WP,6,June,120.8,10.5,14.7
2018-06-11T03:00:00Z,0.448,18.2,3.7,Port Kembla,13.32,SIMP_201812_WP,6,June,120.8,10.5,14.7
2018-06-11T04:00:00Z,0.681,18.2,3.7,Port Kembla,13.32,SIMP_201812_WP,6,June,120.8,10.5,14.7
2018-06-11T05:00:00Z,0.995,18.1,3.4,Port Kembla,12.24,SIMP_201812_WP,6,June,120.8,10.5,14.7
2018-06-11T06:00:00Z,1.314,18.1,3,Port Kembla,10.8,SIMP_201812_WP,6,June,120.8,10.5,14.7
2018-06-11T07:00:00Z,1.555,18.1,2.7,Port Kembla,9.72,SIMP_201812_WP,6,June,120.8,10.5,14.7
2018-06-11T08:00:00Z,1.692,18.1,2,Port Kembla,7.2,SIMP_201812_WP,6,June,120.8,10.5,14.7
2018-06-11T09:00:00Z,1.661,18.1,2.9,Port Kembla,10.44,SIMP_201812_WP,6,June,120.8,10.5,14.7
2018-06-11T10:00:00Z,1.486,18.1,3,Port Kembla,10.8,SIMP_201812_WP,6,June,120.8,10.5,14.7
2018-06-11T11:00:00Z,1.204,18.1,2.5,Port Kembla,9,SIMP_201812_WP,6,June,120.8,10.5,14.7
2018-06-11T12:00:00Z,0.889,18,1.7,Port Kembla,6.12,SIMP_201812_WP,6,June,120.8,10.5,14.7
2018-06-11T13:00:00Z,0.62,18,2.5,Port Kembla,9,SIMP_201812_WP,6,June,120.8,10.5,14.7
2018-06-11T14:00:00Z,0.454,18,2.1,Port Kembla,7.5600000000000005,SIMP_201812_WP,6,June,120.8,10.5,14.7
2018-06-11T15:00:00Z,0.407,18,1.8,Port Kembla,6.48,SIMP_201812_WP,6,June,120.8,10.5,14.7
2018-06-11T16:00:00Z,0.51,18,2.7,Port Kembla,9.72,SIMP_201812_WP,6,June,120.8,10.5,14.7
2018-06-11T17:00:00Z,0.726,18,2.1,Port Kembla,7.5600000000000005,SIMP_201812_WP,6,June,120.8,10.5,14.7
2018-06-11T18:00:00Z,0.991,18,1.3,Port Kembla,4.680000000000001,SIMP_201812_WP,6,June,120.8,10.5,14.7
2018-06-11T19:00:00Z,1.243,17.9,2.9,Port Kembla,10.44,SIMP_201812_WP,6,June,120.8,10.5,14.7
2018-06-11T20:00:00Z,1.407,17.9,2.9,Port Kembla,10.44,SIMP_201812_WP,6,June,120.8,10.5,14.7
2018-06-11T21:00:00Z,1.445,17.9,3.8,Port Kembla,13.68,SIMP_201812_WP,6,June,120.8,10.5,14.7
2018-06-11T22:00:00Z,1.338,17.9,4.9,Port Kembla,17.64,SIMP_201812_WP,6,June,120.8,10.5,14.7
2018-06-11T23:00:00Z,1.106,17.9,3.6,Port Kembla,12.96,SIMP_201812_WP,6,June,120.8,10.5,14.7
2018-06-12T00:00:00Z,0.83,18.1,6.1,Port Kembla,21.96,SIMP_201812_WP,6,June,120.8,10.5,14.7
2018-06-12T01:00:00Z,0.588,18.1,4.5,Port Kembla,16.2,SIMP_201812_WP,6,June,120.8,10.5,14.7
2018-06-12T02:00:00Z,0.447,18.1,4.3,Port Kembla,15.48,SIMP_201812_WP,6,June,120.8,10.5,14.7
2018-06-12T03:00:00Z,0.439,18.2,4.9,Port Kembla,17.64,SIMP_201812_WP,6,June,120.8,10.5,14.7
2018-06-12T04:00:00Z,0.592,18.2,4.1,Port Kembla,14.76,SIMP_201812_WP,6,June,120.8,10.5,14.7
2018-06-12T05:00:00Z,0.873,18.3,3.6,Port Kembla,12.96,SIMP_201812_WP,6,June,120.8,10.5,14.7
2018-06-12T06:00:00Z,1.221,18.3,2.7,Port Kembla,9.72,SIMP_201812_WP,6,June,120.8,10.5,14.7
2018-06-12T07:00:00Z,1.552,18.3,2.5,Port Kembla,9,SIMP_201812_WP,6,June,120.8,10.5,14.7
2018-06-12T08:00:00Z,1.8,18.2,1.9,Port Kembla,6.84,SIMP_201812_WP,6,June,120.8,10.5,14.7
2018-06-12T09:00:00Z,1.897,18.2,0.5,Port Kembla,1.8,SIMP_201812_WP,6,June,120.8,10.5,14.7
2018-06-12T10:00:00Z,1.817,18.1,2.2,Port Kembla,7.920000000000001,SIMP_201812_WP,6,June,120.8,10.5,14.7
2018-06-12T11:00:00Z,1.572,18.1,2.1,Port Kembla,7.5600000000000005,SIMP_201812_WP,6,June,120.8,10.5,14.7
2018-06-12T12:00:00Z,1.232,18.2,1.3,Port Kembla,4.680000000000001,SIMP_201812_WP,6,June,120.8,10.5,14.7
2018-06-12T13:00:00Z,0.869,18.2,0.2,Port Kembla,0.7200000000000001,SIMP_201812_WP,6,June,120.8,10.5,14.7
2018-06-12T14:00:00Z,0.566,18.2,2.3,Port Kembla,8.28,SIMP_201812_WP,6,June,120.8,10.5,14.7
2018-06-12T15:00:00Z,0.375,18.2,0.9,Port Kembla,3.24,SIMP_201812_WP,6,June,120.8,10.5,14.7
2018-06-12T16:00:00Z,0.345,18,3.4,Port Kembla,12.24,SIMP_201812_WP,6,June,120.8,10.5,14.7
2018-06-12T17:00:00Z,0.486,18.1,5.1,Port Kembla,18.36,SIMP_201812_WP,6,June,120.8,10.5,14.7
2018-06-12T18:00:00Z,0.739,18.1,5.5,Port Kembla,19.8,SIMP_201812_WP,6,June,120.8,10.5,14.7
2018-06-12T19:00:00Z,1.034,18,7.6,Port Kembla,27.36,SIMP_201812_WP,6,June,120.8,10.5,14.7
2018-06-12T20:00:00Z,1.293,17.9,5.4,Port Kembla,19.44,SIMP_201812_WP,6,June,120.8,10.5,14.7
2018-06-12T21:00:00Z,1.455,17.9,4.6,Port Kembla,16.56,SIMP_201812_WP,6,June,120.8,10.5,14.7
2018-06-12T22:00:00Z,1.461,17.8,2.1,Port Kembla,7.5600000000000005,SIMP_201812_WP,6,June,120.8,10.5,14.7
2018-06-12T23:00:00Z,1.322,17.8,2.4,Port Kembla,8.64,SIMP_201812_WP,6,June,120.8,10.5,14.7
2018-06-13T00:00:00Z,1.063,17.9,4.6,Port Kembla,16.56,SIMP_201812_WP,6,June,120.8,10.5,14.7
2018-06-13T01:00:00Z,0.771,17.9,4.5,Port Kembla,16.2,SIMP_201812_WP,6,June,120.8,10.5,14.7
2018-06-13T02:00:00Z,0.531,17.9,4.6,Port Kembla,16.56,SIMP_201812_WP,6,June,120.8,10.5,14.7
2018-06-13T03:00:00Z,0.404,18,8.4,Port Kembla,30.240000000000002,SIMP_201812_WP,6,June,120.8,10.5,14.7
2018-06-13T04:00:00Z,0.423,18.1,6.3,Port Kembla,22.68,SIMP_201812_WP,6,June,120.8,10.5,14.7
2018-06-13T05:00:00Z,0.608,18.2,4.9,Port Kembla,17.64,SIMP_201812_WP,6,June,120.8,10.5,14.7
2018-06-13T06:00:00Z,0.929,18.2,3.7,Port Kembla,13.32,SIMP_201812_WP,6,June,120.8,10.5,14.7
2018-06-13T07:00:00Z,1.296,18.1,3.7,Port Kembla,13.32,SIMP_201812_WP,6,June,120.8,10.5,14.7
2018-06-13T08:00:00Z,1.637,18.1,3.1,Port Kembla,11.16,SIMP_201812_WP,6,June,120.8,10.5,14.7
2018-06-13T09:00:00Z,1.864,18,4.3,Port Kembla,15.48,SIMP_201812_WP,6,June,120.8,10.5,14.7
2018-06-13T10:00:00Z,1.927,18.1,1.1,Port Kembla,3.9600000000000004,SIMP_201812_WP,6,June,120.8,10.5,14.7
2018-06-13T11:00:00Z,1.792,18.1,3.6,Port Kembla,12.96,SIMP_201812_WP,6,June,120.8,10.5,14.7
2018-06-13T12:00:00Z,1.501,18.1,3.8,Port Kembla,13.68,SIMP_201812_WP,6,June,120.8,10.5,14.7
2018-06-13T13:00:00Z,1.115,17.9,2.3,Port Kembla,8.28,SIMP_201812_WP,6,June,120.8,10.5,14.7
2018-06-13T14:00:00Z,0.717,17.9,2.3,Port Kembla,8.28,SIMP_201812_WP,6,June,120.8,10.5,14.7
2018-06-13T15:00:00Z,0.406,17.9,2.7,Port Kembla,9.72,SIMP_201812_WP,6,June,120.8,10.5,14.7
2018-06-13T16:00:00Z,0.231,17.8,1,Port Kembla,3.6,SIMP_201812_WP,6,June,120.8,10.5,14.7
2018-06-13T17:00:00Z,0.225,17.9,1.6,Port Kembla,5.760000000000001,SIMP_201812_WP,6,June,120.8,10.5,14.7
2018-06-13T18:00:00Z,0.394,17.9,2.2,Port Kembla,7.920000000000001,SIMP_201812_WP,6,June,120.8,10.5,14.7
2018-06-13T19:00:00Z,0.684,17.9,1.3,Port Kembla,4.680000000000001,SIMP_201812_WP,6,June,120.8,10.5,14.7
2018-06-13T20:00:00Z,0.988,17.9,4,Port Kembla,14.4,SIMP_201812_WP,6,June,120.8,10.5,14.7
2018-06-13T21:00:00Z,1.268,17.9,6.9,Port Kembla,24.840000000000003,SIMP_201812_WP,6,June,120.8,10.5,14.7
2018-06-13T22:00:00Z,1.417,17.8,11,Port Kembla,39.6,SIMP_201812_WP,6,June,120.8,10.5,14.7
2018-06-13T23:00:00Z,1.406,17.6,9.3,Port Kembla,33.480000000000004,SIMP_201812_WP,6,June,120.8,10.5,14.7
2018-06-14T00:00:00Z,1.24,17.6,4.7,Port Kembla,16.92,SIMP_201812_WP,6,June,120.8,10.5,14.7
2018-06-14T01:00:00Z,0.977,17.7,6.6,Port Kembla,23.759999999999998,SIMP_201812_WP,6,June,120.8,10.5,14.7
2018-06-14T02:00:00Z,0.701,17.8,6.4,Port Kembla,23.040000000000003,SIMP_201812_WP,6,June,120.8,10.5,14.7
2018-06-14T03:00:00Z,0.473,17.7,6.9,Port Kembla,24.840000000000003,SIMP_201812_WP,6,June,120.8,10.5,14.7
2018-06-14T04:00:00Z,0.37,17.7,8.3,Port Kembla,29.880000000000003,SIMP_201812_WP,6,June,120.8,10.5,14.7
2018-06-14T05:00:00Z,0.43,17.8,5.2,Port Kembla,18.720000000000002,SIMP_201812_WP,6,June,120.8,10.5,14.7
2018-06-14T06:00:00Z,0.664,17.8,6.5,Port Kembla,23.400000000000002,SIMP_201812_WP,6,June,120.8,10.5,14.7
2018-06-14T07:00:00Z,1.005,17.8,6.3,Port Kembla,22.68,SIMP_201812_WP,6,June,120.8,10.5,14.7
2018-06-14T08:00:00Z,1.396,17.9,4.7,Port Kembla,16.92,SIMP_201812_WP,6,June,120.8,10.5,14.7
2018-06-14T09:00:00Z,1.738,17.9,5.3,Port Kembla,19.08,SIMP_201812_WP,6,June,120.8,10.5,14.7
2018-06-14T10:00:00Z,1.961,17.8,2.9,Port Kembla,10.44,SIMP_201812_WP,6,June,120.8,10.5,14.7
2018-06-14T11:00:00Z,1.993,17.8,6.8,Port Kembla,24.48,SIMP_201812_WP,6,June,120.8,10.5,14.7
2018-06-14T12:00:00Z,1.825,17.8,3.3,Port Kembla,11.879999999999999,SIMP_201812_WP,6,June,120.8,10.5,14.7
2018-06-14T13:00:00Z,1.482,17.8,3.3,Port Kembla,11.879999999999999,SIMP_201812_WP,6,June,120.8,10.5,14.7
2018-06-14T14:00:00Z,1.062,17.8,2.7,Port Kembla,9.72,SIMP_201812_WP,6,June,120.8,10.5,14.7
2018-06-14T15:00:00Z,0.653,17.7,3.6,Port Kembla,12.96,SIMP_201812_WP,6,June,120.8,10.5,14.7
2018-06-14T16:00:00Z,0.338,17.6,3.7,Port Kembla,13.32,SIMP_201812_WP,6,June,120.8,10.5,14.7
2018-06-14T17:00:00Z,0.168,17.7,5.2,Port Kembla,18.720000000000002,SIMP_201812_WP,6,June,120.8,10.5,14.7
2018-06-14T18:00:00Z,0.181,17.7,3.6,Port Kembla,12.96,SIMP_201812_WP,6,June,120.8,10.5,14.7
2018-06-14T19:00:00Z,0.386,17.7,4.7,Port Kembla,16.92,SIMP_201812_WP,6,June,120.8,10.5,14.7
2018-06-14T20:00:00Z,0.682,17.7,4.4,Port Kembla,15.840000000000002,SIMP_201812_WP,6,June,120.8,10.5,14.7
2018-06-14T21:00:00Z,0.999,17.7,5.3,Port Kembla,19.08,SIMP_201812_WP,6,June,120.8,10.5,14.7
2018-06-14T22:00:00Z,1.26,17.7,5.2,Port Kembla,18.720000000000002,SIMP_201812_WP,6,June,120.8,10.5,14.7
2018-06-14T23:00:00Z,1.421,17.7,5.2,Port Kembla,18.720000000000002,SIMP_201812_WP,6,June,120.8,10.5,14.7
2018-06-15T00:00:00Z,1.403,17.8,5,Port Kembla,18,SIMP_201812_WP,6,June,120.8,10.5,14.7
2018-06-15T01:00:00Z,1.226,17.8,3.8,Port Kembla,13.68,SIMP_201812_WP,6,June,120.8,10.5,14.7
2018-06-15T02:00:00Z,0.959,17.7,6.7,Port Kembla,24.12,SIMP_201812_WP,6,June,120.8,10.5,14.7
2018-06-15T03:00:00Z,0.684,17.7,7.5,Port Kembla,27,SIMP_201812_WP,6,June,120.8,10.5,14.7
2018-06-15T04:00:00Z,0.488,17.5,6.7,Port Kembla,24.12,SIMP_201812_WP,6,June,120.8,10.5,14.7
2018-06-15T05:00:00Z,0.403,17.6,8.1,Port Kembla,29.16,SIMP_201812_WP,6,June,120.8,10.5,14.7
2018-06-15T06:00:00Z,0.486,17.5,9.5,Port Kembla,34.2,SIMP_201812_WP,6,June,120.8,10.5,14.7
2018-06-15T07:00:00Z,0.736,17.4,9.7,Port Kembla,34.92,SIMP_201812_WP,6,June,120.8,10.5,14.7
2018-06-15T08:00:00Z,1.094,17.4,10.1,Port Kembla,36.36,SIMP_201812_WP,6,June,120.8,10.5,14.7
2018-06-15T09:00:00Z,1.476,17.3,10.4,Port Kembla,37.440000000000005,SIMP_201812_WP,6,June,120.8,10.5,14.7
2018-06-15T10:00:00Z,1.808,17.2,17.7,Port Kembla,63.72,SIMP_201812_WP,6,June,120.8,10.5,14.7
2018-06-15T11:00:00Z,1.996,17.2,17.3,Port Kembla,62.28,SIMP_201812_WP,6,June,120.8,10.5,14.7
2018-06-15T12:00:00Z,2.004,17.2,9.4,Port Kembla,33.84,SIMP_201812_WP,6,June,120.8,10.5,14.7
2018-06-15T13:00:00Z,1.79,17.3,8,Port Kembla,28.8,SIMP_201812_WP,6,June,120.8,10.5,14.7
2018-06-15T14:00:00Z,1.426,17.3,10.9,Port Kembla,39.24,SIMP_201812_WP,6,June,120.8,10.5,14.7
2018-06-15T15:00:00Z,0.998,17.3,4.3,Port Kembla,15.48,SIMP_201812_WP,6,June,120.8,10.5,14.7
2018-06-15T16:00:00Z,0.599,17.3,6.1,Port Kembla,21.96,SIMP_201812_WP,6,June,120.8,10.5,14.7
2018-06-15T17:00:00Z,0.288,17.3,11.1,Port Kembla,39.96,SIMP_201812_WP,6,June,120.8,10.5,14.7
2018-06-15T18:00:00Z,0.135,17,9.2,Port Kembla,33.12,SIMP_201812_WP,6,June,120.8,10.5,14.7
2018-06-15T19:00:00Z,0.176,17,8.1,Port Kembla,29.16,SIMP_201812_WP,6,June,120.8,10.5,14.7
2018-06-15T20:00:00Z,0.37,17,5.8,Port Kembla,20.88,SIMP_201812_WP,6,June,120.8,10.5,14.7
2018-06-15T21:00:00Z,0.671,17,1.3,Port Kembla,4.680000000000001,SIMP_201812_WP,6,June,120.8,10.5,14.7
2018-06-15T22:00:00Z,0.991,17.1,0.7,Port Kembla,2.52,SIMP_201812_WP,6,June,120.8,10.5,14.7
2018-06-15T23:00:00Z,1.258,17.1,2,Port Kembla,7.2,SIMP_201812_WP,6,June,120.8,10.5,14.7
2018-06-16T00:00:00Z,1.408,17.2,8.3,Port Kembla,29.880000000000003,SIMP_201812_WP,6,June,120.8,10.5,14.7
2018-06-16T01:00:00Z,1.386,17.1,7.3,Port Kembla,26.28,SIMP_201812_WP,6,June,120.8,10.5,14.7
2018-06-16T02:00:00Z,1.232,17.1,10.1,Port Kembla,36.36,SIMP_201812_WP,6,June,120.8,10.5,14.7
2018-06-16T03:00:00Z,0.99,17.1,8.5,Port Kembla,30.6,SIMP_201812_WP,6,June,120.8,10.5,14.7
2018-06-16T04:00:00Z,0.745,17.2,9,Port Kembla,32.4,SIMP_201812_WP,6,June,120.8,10.5,14.7
2018-06-16T05:00:00Z,0.567,17.2,7.5,Port Kembla,27,SIMP_201812_WP,6,June,120.8,10.5,14.7
2018-06-16T06:00:00Z,0.513,17.2,5.8,Port Kembla,20.88,SIMP_201812_WP,6,June,120.8,10.5,14.7
2018-06-16T07:00:00Z,0.604,17.3,4.6,Port Kembla,16.56,SIMP_201812_WP,6,June,120.8,10.5,14.7
2018-06-16T08:00:00Z,0.851,17.4,4.6,Port Kembla,16.56,SIMP_201812_WP,6,June,120.8,10.5,14.7
2018-06-16T09:00:00Z,1.188,17.4,8.5,Port Kembla,30.6,SIMP_201812_WP,6,June,120.8,10.5,14.7
2018-06-16T10:00:00Z,1.565,17.3,4.7,Port Kembla,16.92,SIMP_201812_WP,6,June,120.8,10.5,14.7
2018-06-16T11:00:00Z,1.871,17.3,4.5,Port Kembla,16.2,SIMP_201812_WP,6,June,120.8,10.5,14.7
2018-06-16T12:00:00Z,2.036,17.2,6.2,Port Kembla,22.32,SIMP_201812_WP,6,June,120.8,10.5,14.7
2018-06-16T13:00:00Z,2.023,17.2,7.7,Port Kembla,27.720000000000002,SIMP_201812_WP,6,June,120.8,10.5,14.7
2018-06-16T14:00:00Z,1.812,17.1,6.2,Port Kembla,22.32,SIMP_201812_WP,6,June,120.8,10.5,14.7
2018-06-16T15:00:00Z,1.459,16.9,2.3,Port Kembla,8.28,SIMP_201812_WP,6,June,120.8,10.5,14.7
2018-06-16T16:00:00Z,1.045,16.9,4.6,Port Kembla,16.56,SIMP_201812_WP,6,June,120.8,10.5,14.7
2018-06-16T17:00:00Z,0.662,16.9,3.9,Port Kembla,14.04,SIMP_201812_WP,6,June,120.8,10.5,14.7
2018-06-16T18:00:00Z,0.376,16.9,9.3,Port Kembla,33.480000000000004,SIMP_201812_WP,6,June,120.8,10.5,14.7
2018-06-16T19:00:00Z,0.251,16.8,8.8,Port Kembla,31.680000000000003,SIMP_201812_WP,6,June,120.8,10.5,14.7
2018-06-16T20:00:00Z,0.3,16.8,7.7,Port Kembla,27.720000000000002,SIMP_201812_WP,6,June,120.8,10.5,14.7
2018-06-16T21:00:00Z,0.508,16.6,8.8,Port Kembla,31.680000000000003,SIMP_201812_WP,6,June,120.8,10.5,14.7
2018-06-16T22:00:00Z,0.804,16.5,10.7,Port Kembla,38.519999999999996,SIMP_201812_WP,6,June,120.8,10.5,14.7
2018-06-16T23:00:00Z,1.116,16.4,10.8,Port Kembla,38.88,SIMP_201812_WP,6,June,120.8,10.5,14.7
2018-06-17T00:00:00Z,1.375,16.5,11.7,Port Kembla,42.12,SIMP_201812_WP,6,June,120.8,10.5,14.7
2018-06-17T01:00:00Z,1.509,16.5,13.8,Port Kembla,49.68000000000001,SIMP_201812_WP,6,June,120.8,10.5,14.7
2018-06-17T02:00:00Z,1.487,16.7,12.7,Port Kembla,45.72,SIMP_201812_WP,6,June,120.8,10.5,14.7
2018-06-17T03:00:00Z,1.346,16.8,10.8,Port Kembla,38.88,SIMP_201812_WP,6,June,120.8,10.5,14.7
2018-06-17T04:00:00Z,1.125,16.9,12.9,Port Kembla,46.440000000000005,SIMP_201812_WP,6,June,120.8,10.5,14.7
2018-06-17T05:00:00Z,0.892,16.9,7.6,Port Kembla,27.36,SIMP_201812_WP,6,June,120.8,10.5,14.7
2018-06-17T06:00:00Z,0.724,16.9,13.2,Port Kembla,47.519999999999996,SIMP_201812_WP,6,June,120.8,10.5,14.7
2018-06-17T07:00:00Z,0.666,16.8,6.1,Port Kembla,21.96,SIMP_201812_WP,6,June,120.8,10.5,14.7
2018-06-17T08:00:00Z,0.76,16.8,10.7,Port Kembla,38.519999999999996,SIMP_201812_WP,6,June,120.8,10.5,14.7
2018-06-17T09:00:00Z,0.986,16.6,8.4,Port Kembla,30.240000000000002,SIMP_201812_WP,6,June,120.8,10.5,14.7
2018-06-17T10:00:00Z,1.31,16.6,8,Port Kembla,28.8,SIMP_201812_WP,6,June,120.8,10.5,14.7
2018-06-17T11:00:00Z,1.635,16.7,9.3,Port Kembla,33.480000000000004,SIMP_201812_WP,6,June,120.8,10.5,14.7
2018-06-17T12:00:00Z,1.903,16.6,9.4,Port Kembla,33.84,SIMP_201812_WP,6,June,120.8,10.5,14.7
2018-06-17T13:00:00Z,2.041,16.6,7.2,Port Kembla,25.92,SIMP_201812_WP,6,June,120.8,10.5,14.7
2018-06-17T14:00:00Z,1.989,16.6,7.1,Port Kembla,25.56,SIMP_201812_WP,6,June,120.8,10.5,14.7
2018-06-17T15:00:00Z,1.757,16.6,8.5,Port Kembla,30.6,SIMP_201812_WP,6,June,120.8,10.5,14.7
2018-06-17T16:00:00Z,1.419,16.6,7.7,Port Kembla,27.720000000000002,SIMP_201812_WP,6,June,120.8,10.5,14.7
2018-06-17T17:00:00Z,1.033,16.6,7.3,Port Kembla,26.28,SIMP_201812_WP,6,June,120.8,10.5,14.7
2018-06-17T18:00:00Z,0.675,16.5,7.5,Port Kembla,27,SIMP_201812_WP,6,June,120.8,10.5,14.7
2018-06-17T19:00:00Z,0.427,16.5,7,Port Kembla,25.2,SIMP_201812_WP,6,June,120.8,10.5,14.7
2018-06-17T20:00:00Z,0.317,16.5,7.5,Port Kembla,27,SIMP_201812_WP,6,June,120.8,10.5,14.7
2018-06-17T21:00:00Z,0.372,16.5,6.9,Port Kembla,24.840000000000003,SIMP_201812_WP,6,June,120.8,10.5,14.7
2018-06-17T22:00:00Z,0.571,16.4,7.3,Port Kembla,26.28,SIMP_201812_WP,6,June,120.8,10.5,14.7
2018-06-17T23:00:00Z,0.849,16.4,6.9,Port Kembla,24.840000000000003,SIMP_201812_WP,6,June,120.8,10.5,14.7
2018-06-18T00:00:00Z,1.153,16.3,7.7,Port Kembla,27.720000000000002,SIMP_201812_WP,6,June,120.8,10.5,14.7
2018-06-18T01:00:00Z,1.397,16.3,7,Port Kembla,25.2,SIMP_201812_WP,6,June,120.8,10.5,14.7
2018-06-18T02:00:00Z,1.511,16.4,6.9,Port Kembla,24.840000000000003,SIMP_201812_WP,6,June,120.8,10.5,14.7
2018-06-18T03:00:00Z,1.493,16.5,6.2,Port Kembla,22.32,SIMP_201812_WP,6,June,120.8,10.5,14.7
2018-06-18T04:00:00Z,1.346,16.6,7.7,Port Kembla,27.720000000000002,SIMP_201812_WP,6,June,120.8,10.5,14.7
2018-06-18T05:00:00Z,1.141,16.5,7.4,Port Kembla,26.64,SIMP_201812_WP,6,June,120.8,10.5,14.7
2018-06-18T06:00:00Z,0.934,16.5,6.3,Port Kembla,22.68,SIMP_201812_WP,6,June,120.8,10.5,14.7
2018-06-18T07:00:00Z,0.764,16.5,6.8,Port Kembla,24.48,SIMP_201812_WP,6,June,120.8,10.5,14.7
2018-06-18T08:00:00Z,0.704,16.4,7.8,Port Kembla,28.08,SIMP_201812_WP,6,June,120.8,10.5,14.7
2018-06-18T09:00:00Z,0.783,16.4,7.2,Port Kembla,25.92,SIMP_201812_WP,6,June,120.8,10.5,14.7
2018-06-18T10:00:00Z,0.994,16.6,8,Port Kembla,28.8,SIMP_201812_WP,6,June,120.8,10.5,14.7
2018-06-18T11:00:00Z,1.275,17.2,7.9,Port Kembla,28.44,SIMP_201812_WP,6,June,120.8,10.5,14.7
2018-06-18T12:00:00Z,1.578,17.5,5.8,Port Kembla,20.88,SIMP_201812_WP,6,June,120.8,10.5,14.7
2018-06-18T13:00:00Z,1.812,17.7,6.3,Port Kembla,22.68,SIMP_201812_WP,6,June,120.8,10.5,14.7
2018-06-18T14:00:00Z,1.917,17.8,7.4,Port Kembla,26.64,SIMP_201812_WP,6,June,120.8,10.5,14.7
2018-06-18T15:00:00Z,1.873,17.8,7.9,Port Kembla,28.44,SIMP_201812_WP,6,June,120.8,10.5,14.7
2018-06-18T16:00:00Z,1.678,17.8,6.9,Port Kembla,24.840000000000003,SIMP_201812_WP,6,June,120.8,10.5,14.7
2018-06-18T17:00:00Z,1.371,17.5,6.7,Port Kembla,24.12,SIMP_201812_WP,6,June,120.8,10.5,14.7
2018-06-18T18:00:00Z,1.03,17.6,7.3,Port Kembla,26.28,SIMP_201812_WP,6,June,120.8,10.5,14.7
2018-06-18T19:00:00Z,0.721,17.4,6.6,Port Kembla,23.759999999999998,SIMP_201812_WP,6,June,120.8,10.5,14.7
2018-06-18T20:00:00Z,0.49,17.4,8.7,Port Kembla,31.319999999999997,SIMP_201812_WP,6,June,120.8,10.5,14.7
2018-06-18T21:00:00Z,0.398,17.3,6.9,Port Kembla,24.840000000000003,SIMP_201812_WP,6,June,120.8,10.5,14.7
2018-06-18T22:00:00Z,0.45,17.2,7.1,Port Kembla,25.56,SIMP_201812_WP,6,June,120.8,10.5,14.7
2018-06-18T23:00:00Z,0.645,17.1,7.8,Port Kembla,28.08,SIMP_201812_WP,6,June,120.8,10.5,14.7
2018-06-19T00:00:00Z,0.891,17.1,7.7,Port Kembla,27.720000000000002,SIMP_201812_WP,6,June,120.8,10.5,14.7
2018-06-19T01:00:00Z,1.165,17.1,7.3,Port Kembla,26.28,SIMP_201812_WP,6,June,120.8,10.5,14.7
2018-06-19T02:00:00Z,1.385,17,6.9,Port Kembla,24.840000000000003,SIMP_201812_WP,6,June,120.8,10.5,14.7
2018-06-19T03:00:00Z,1.48,17,4.4,Port Kembla,15.840000000000002,SIMP_201812_WP,6,June,120.8,10.5,14.7
2018-06-19T04:00:00Z,1.463,17.2,6.1,Port Kembla,21.96,SIMP_201812_WP,6,June,120.8,10.5,14.7
2018-06-19T05:00:00Z,1.325,17.3,6.5,Port Kembla,23.400000000000002,SIMP_201812_WP,6,June,120.8,10.5,14.7
2018-06-19T06:00:00Z,1.133,17.3,6.2,Port Kembla,22.32,SIMP_201812_WP,6,June,120.8,10.5,14.7
2018-06-19T07:00:00Z,0.93,17.3,5.9,Port Kembla,21.240000000000002,SIMP_201812_WP,6,June,120.8,10.5,14.7
2018-06-19T08:00:00Z,0.781,17.3,4.4,Port Kembla,15.840000000000002,SIMP_201812_WP,6,June,120.8,10.5,14.7
2018-06-19T09:00:00Z,0.726,17.3,5.1,Port Kembla,18.36,SIMP_201812_WP,6,June,120.8,10.5,14.7
2018-06-19T10:00:00Z,0.784,17.2,5.6,Port Kembla,20.16,SIMP_201812_WP,6,June,120.8,10.5,14.7
2018-06-19T11:00:00Z,0.95,17.2,5.8,Port Kembla,20.88,SIMP_201812_WP,6,June,120.8,10.5,14.7
2018-06-19T12:00:00Z,1.199,17.2,5,Port Kembla,18,SIMP_201812_WP,6,June,120.8,10.5,14.7
2018-06-19T13:00:00Z,1.452,17.1,4.8,Port Kembla,17.28,SIMP_201812_WP,6,June,120.8,10.5,14.7
2018-06-19T14:00:00Z,1.643,17.1,5.1,Port Kembla,18.36,SIMP_201812_WP,6,June,120.8,10.5,14.7
2018-06-19T15:00:00Z,1.736,17.9,5.1,Port Kembla,18.36,SIMP_201812_WP,6,June,120.8,10.5,14.7
2018-06-19T16:00:00Z,1.676,18,4.4,Port Kembla,15.840000000000002,SIMP_201812_WP,6,June,120.8,10.5,14.7
2018-06-19T17:00:00Z,1.478,18.1,6,Port Kembla,21.6,SIMP_201812_WP,6,June,120.8,10.5,14.7
2018-06-19T18:00:00Z,1.2,18.1,4.6,Port Kembla,16.56,SIMP_201812_WP,6,June,120.8,10.5,14.7
2018-06-19T19:00:00Z,0.892,17.8,3.8,Port Kembla,13.68,SIMP_201812_WP,6,June,120.8,10.5,14.7
2018-06-19T20:00:00Z,0.611,17.6,2.9,Port Kembla,10.44,SIMP_201812_WP,6,June,120.8,10.5,14.7
2018-06-19T21:00:00Z,0.418,17.8,3.5,Port Kembla,12.6,SIMP_201812_WP,6,June,120.8,10.5,14.7
2018-06-19T22:00:00Z,0.343,17.7,3.7,Port Kembla,13.32,SIMP_201812_WP,6,June,120.8,10.5,14.7
2018-06-19T23:00:00Z,0.404,17.6,4.4,Port Kembla,15.840000000000002,SIMP_201812_WP,6,June,120.8,10.5,14.7
2018-06-20T00:00:00Z,0.574,18,3.9,Port Kembla,14.04,SIMP_201812_WP,6,June,120.8,10.5,14.7
2018-06-20T01:00:00Z,0.814,18.2,4.8,Port Kembla,17.28,SIMP_201812_WP,6,June,120.8,10.5,14.7
2018-06-20T02:00:00Z,1.066,18.2,3.5,Port Kembla,12.6,SIMP_201812_WP,6,June,120.8,10.5,14.7
2018-06-20T03:00:00Z,1.272,18.1,4,Port Kembla,14.4,SIMP_201812_WP,6,June,120.8,10.5,14.7
2018-06-20T04:00:00Z,1.376,18.1,4.5,Port Kembla,16.2,SIMP_201812_WP,6,June,120.8,10.5,14.7
2018-06-20T05:00:00Z,1.36,18.2,3.5,Port Kembla,12.6,SIMP_201812_WP,6,June,120.8,10.5,14.7
2018-06-20T06:00:00Z,1.231,18.1,4,Port Kembla,14.4,SIMP_201812_WP,6,June,120.8,10.5,14.7
2018-06-20T07:00:00Z,1.044,18,4.6,Port Kembla,16.56,SIMP_201812_WP,6,June,120.8,10.5,14.7
2018-06-20T08:00:00Z,0.846,17.8,4.1,Port Kembla,14.76,SIMP_201812_WP,6,June,120.8,10.5,14.7
2018-06-20T09:00:00Z,0.699,17.8,3.3,Port Kembla,11.879999999999999,SIMP_201812_WP,6,June,120.8,10.5,14.7
2018-06-20T10:00:00Z,0.627,17.8,2.9,Port Kembla,10.44,SIMP_201812_WP,6,June,120.8,10.5,14.7
2018-06-20T11:00:00Z,0.667,17.7,3.2,Port Kembla,11.520000000000001,SIMP_201812_WP,6,June,120.8,10.5,14.7
2018-06-20T12:00:00Z,0.812,17.7,2.6,Port Kembla,9.360000000000001,SIMP_201812_WP,6,June,120.8,10.5,14.7
2018-06-20T13:00:00Z,1.016,17.8,1.7,Port Kembla,6.12,SIMP_201812_WP,6,June,120.8,10.5,14.7
2018-06-20T14:00:00Z,1.24,18.2,2.6,Port Kembla,9.360000000000001,SIMP_201812_WP,6,June,120.8,10.5,14.7
2018-06-20T15:00:00Z,1.412,18.3,2.4,Port Kembla,8.64,SIMP_201812_WP,6,June,120.8,10.5,14.7
2018-06-20T16:00:00Z,1.505,18.4,2,Port Kembla,7.2,SIMP_201812_WP,6,June,120.8,10.5,14.7
2018-06-20T17:00:00Z,1.472,18.4,2.4,Port Kembla,8.64,SIMP_201812_WP,6,June,120.8,10.5,14.7
2018-06-20T18:00:00Z,1.315,18.4,2.2,Port Kembla,7.920000000000001,SIMP_201812_WP,6,June,120.8,10.5,14.7
2018-06-20T19:00:00Z,1.078,18.4,2.9,Port Kembla,10.44,SIMP_201812_WP,6,June,120.8,10.5,14.7
2018-06-20T20:00:00Z,0.808,18.4,2,Port Kembla,7.2,SIMP_201812_WP,6,June,120.8,10.5,14.7
2018-06-20T21:00:00Z,0.554,18.4,2.1,Port Kembla,7.5600000000000005,SIMP_201812_WP,6,June,120.8,10.5,14.7
2018-06-20T22:00:00Z,0.379,18.3,2.9,Port Kembla,10.44,SIMP_201812_WP,6,June,120.8,10.5,14.7
2018-06-20T23:00:00Z,0.313,18.3,2.7,Port Kembla,9.72,SIMP_201812_WP,6,June,120.8,10.5,14.7
2018-06-21T00:00:00Z,0.38,18.2,2.8,Port Kembla,10.08,SIMP_201812_WP,6,June,120.8,10.5,14.7
2018-06-21T01:00:00Z,0.551,18.2,2.6,Port Kembla,9.360000000000001,SIMP_201812_WP,6,June,120.8,10.5,14.7
2018-06-21T02:00:00Z,0.78,17.9,2.5,Port Kembla,9,SIMP_201812_WP,6,June,120.8,10.5,14.7
2018-06-21T03:00:00Z,1.03,17.8,2.5,Port Kembla,9,SIMP_201812_WP,6,June,120.8,10.5,14.7
2018-06-21T04:00:00Z,1.218,17.7,1.9,Port Kembla,6.84,SIMP_201812_WP,6,June,120.8,10.5,14.7
2018-06-21T05:00:00Z,1.322,17.9,1.8,Port Kembla,6.48,SIMP_201812_WP,6,June,120.8,10.5,14.7
2018-06-21T06:00:00Z,1.298,18.1,1.2,Port Kembla,4.32,SIMP_201812_WP,6,June,120.8,10.5,14.7
2018-06-21T07:00:00Z,1.173,18.1,1.5,Port Kembla,5.4,SIMP_201812_WP,6,June,120.8,10.5,14.7
2018-06-21T08:00:00Z,0.994,18.1,1.2,Port Kembla,4.32,SIMP_201812_WP,6,June,120.8,10.5,14.7
2018-06-21T09:00:00Z,0.791,18.1,2.1,Port Kembla,7.5600000000000005,SIMP_201812_WP,6,June,120.8,10.5,14.7
2018-06-21T10:00:00Z,0.631,18,1.8,Port Kembla,6.48,SIMP_201812_WP,6,June,120.8,10.5,14.7
2018-06-21T11:00:00Z,0.54,18,2.5,Port Kembla,9,SIMP_201812_WP,6,June,120.8,10.5,14.7
2018-06-21T12:00:00Z,0.567,17.9,2,Port Kembla,7.2,SIMP_201812_WP,6,June,120.8,10.5,14.7
2018-06-21T13:00:00Z,0.675,17.9,2.4,Port Kembla,8.64,SIMP_201812_WP,6,June,120.8,10.5,14.7
2018-06-21T14:00:00Z,0.853,17.9,2.7,Port Kembla,9.72,SIMP_201812_WP,6,June,120.8,10.5,14.7
2018-06-21T15:00:00Z,1.05,17.9,1.4,Port Kembla,5.04,SIMP_201812_WP,6,June,120.8,10.5,14.7
2018-06-21T16:00:00Z,1.22,17.9,1.9,Port Kembla,6.84,SIMP_201812_WP,6,June,120.8,10.5,14.7
2018-06-21T17:00:00Z,1.314,17.9,2,Port Kembla,7.2,SIMP_201812_WP,6,June,120.8,10.5,14.7
2018-06-21T18:00:00Z,1.297,17.8,2,Port Kembla,7.2,SIMP_201812_WP,6,June,120.8,10.5,14.7
2018-06-21T19:00:00Z,1.168,17.8,1.7,Port Kembla,6.12,SIMP_201812_WP,6,June,120.8,10.5,14.7
2018-06-21T20:00:00Z,0.95,17.7,2,Port Kembla,7.2,SIMP_201812_WP,6,June,120.8,10.5,14.7
2018-06-21T21:00:00Z,0.71,17.8,2.3,Port Kembla,8.28,SIMP_201812_WP,6,June,120.8,10.5,14.7
2018-06-21T22:00:00Z,0.488,17.7,1.9,Port Kembla,6.84,SIMP_201812_WP,6,June,120.8,10.5,14.7
2018-06-21T23:00:00Z,0.35,17.7,2.2,Port Kembla,7.920000000000001,SIMP_201812_WP,6,June,120.8,10.5,14.7
2018-06-22T00:00:00Z,0.312,17.8,0.7,Port Kembla,2.52,SIMP_201812_WP,6,June,120.8,10.5,14.7
2018-06-22T01:00:00Z,0.39,17.8,2,Port Kembla,7.2,SIMP_201812_WP,6,June,120.8,10.5,14.7
2018-06-22T02:00:00Z,0.571,17.9,3.2,Port Kembla,11.520000000000001,SIMP_201812_WP,6,June,120.8,10.5,14.7
2018-06-22T03:00:00Z,0.822,17.9,3.4,Port Kembla,12.24,SIMP_201812_WP,6,June,120.8,10.5,14.7
2018-06-22T04:00:00Z,1.075,17.9,3.6,Port Kembla,12.96,SIMP_201812_WP,6,June,120.8,10.5,14.7
2018-06-22T05:00:00Z,1.268,17.9,3.9,Port Kembla,14.04,SIMP_201812_WP,6,June,120.8,10.5,14.7
2018-06-22T06:00:00Z,1.367,18,2.8,Port Kembla,10.08,SIMP_201812_WP,6,June,120.8,10.5,14.7
2018-06-22T07:00:00Z,1.344,18,2.7,Port Kembla,9.72,SIMP_201812_WP,6,June,120.8,10.5,14.7
2018-06-22T08:00:00Z,1.22,17.9,2.5,Port Kembla,9,SIMP_201812_WP,6,June,120.8,10.5,14.7
2018-06-22T09:00:00Z,1.026,17.9,1.7,Port Kembla,6.12,SIMP_201812_WP,6,June,120.8,10.5,14.7
2018-06-22T10:00:00Z,0.814,17.8,1.6,Port Kembla,5.760000000000001,SIMP_201812_WP,6,June,120.8,10.5,14.7
2018-06-22T11:00:00Z,0.642,17.8,1.4,Port Kembla,5.04,SIMP_201812_WP,6,June,120.8,10.5,14.7
2018-06-22T12:00:00Z,0.551,17.8,2.4,Port Kembla,8.64,SIMP_201812_WP,6,June,120.8,10.5,14.7
2018-06-22T13:00:00Z,0.555,17.8,1.7,Port Kembla,6.12,SIMP_201812_WP,6,June,120.8,10.5,14.7
2018-06-22T14:00:00Z,0.655,17.8,2.3,Port Kembla,8.28,SIMP_201812_WP,6,June,120.8,10.5,14.7
2018-06-22T15:00:00Z,0.832,17.8,3.1,Port Kembla,11.16,SIMP_201812_WP,6,June,120.8,10.5,14.7
2018-06-22T16:00:00Z,1.034,17.6,1.3,Port Kembla,4.680000000000001,SIMP_201812_WP,6,June,120.8,10.5,14.7
2018-06-22T17:00:00Z,1.206,17.6,2.5,Port Kembla,9,SIMP_201812_WP,6,June,120.8,10.5,14.7
2018-06-22T18:00:00Z,1.296,17.6,1.9,Port Kembla,6.84,SIMP_201812_WP,6,June,120.8,10.5,14.7
2018-06-22T19:00:00Z,1.286,17.5,2.5,Port Kembla,9,SIMP_201812_WP,6,June,120.8,10.5,14.7
2018-06-22T20:00:00Z,1.17,17.5,2.7,Port Kembla,9.72,SIMP_201812_WP,6,June,120.8,10.5,14.7
2018-06-22T21:00:00Z,0.97,17.5,4.4,Port Kembla,15.840000000000002,SIMP_201812_WP,6,June,120.8,10.5,14.7
2018-06-22T22:00:00Z,0.738,17.4,5.9,Port Kembla,21.240000000000002,SIMP_201812_WP,6,June,120.8,10.5,14.7
2018-06-22T23:00:00Z,0.532,17.3,6,Port Kembla,21.6,SIMP_201812_WP,6,June,120.8,10.5,14.7
2018-06-23T00:00:00Z,0.403,17.4,5.9,Port Kembla,21.240000000000002,SIMP_201812_WP,6,June,120.8,10.5,14.7
2018-06-23T01:00:00Z,0.398,17.5,5.4,Port Kembla,19.44,SIMP_201812_WP,6,June,120.8,10.5,14.7
2018-06-23T02:00:00Z,0.511,17.6,2.1,Port Kembla,7.5600000000000005,SIMP_201812_WP,6,June,120.8,10.5,14.7
2018-06-23T03:00:00Z,0.715,17.6,0.5,Port Kembla,1.8,SIMP_201812_WP,6,June,120.8,10.5,14.7
2018-06-23T04:00:00Z,0.981,17.7,3.1,Port Kembla,11.16,SIMP_201812_WP,6,June,120.8,10.5,14.7
2018-06-23T05:00:00Z,1.234,17.7,3.1,Port Kembla,11.16,SIMP_201812_WP,6,June,120.8,10.5,14.7
2018-06-23T06:00:00Z,1.42,17.6,2.2,Port Kembla,7.920000000000001,SIMP_201812_WP,6,June,120.8,10.5,14.7
2018-06-23T07:00:00Z,1.495,17.8,2,Port Kembla,7.2,SIMP_201812_WP,6,June,120.8,10.5,14.7
2018-06-23T08:00:00Z,1.453,17.9,2.8,Port Kembla,10.08,SIMP_201812_WP,6,June,120.8,10.5,14.7
2018-06-23T09:00:00Z,1.302,17.9,2.9,Port Kembla,10.44,SIMP_201812_WP,6,June,120.8,10.5,14.7
2018-06-23T10:00:00Z,1.083,17.7,3,Port Kembla,10.8,SIMP_201812_WP,6,June,120.8,10.5,14.7
2018-06-23T11:00:00Z,0.844,17.6,3.2,Port Kembla,11.520000000000001,SIMP_201812_WP,6,June,120.8,10.5,14.7
2018-06-23T12:00:00Z,0.654,17.5,2.5,Port Kembla,9,SIMP_201812_WP,6,June,120.8,10.5,14.7
2018-06-23T13:00:00Z,0.542,17.5,2.7,Port Kembla,9.72,SIMP_201812_WP,6,June,120.8,10.5,14.7
2018-06-23T14:00:00Z,0.537,17.4,2.2,Port Kembla,7.920000000000001,SIMP_201812_WP,6,June,120.8,10.5,14.7
2018-06-23T15:00:00Z,0.639,17.5,2,Port Kembla,7.2,SIMP_201812_WP,6,June,120.8,10.5,14.7
2018-06-23T16:00:00Z,0.82,17.5,2.9,Port Kembla,10.44,SIMP_201812_WP,6,June,120.8,10.5,14.7
2018-06-23T17:00:00Z,1.018,17.4,1.8,Port Kembla,6.48,SIMP_201812_WP,6,June,120.8,10.5,14.7
2018-06-23T18:00:00Z,1.182,17.4,2.4,Port Kembla,8.64,SIMP_201812_WP,6,June,120.8,10.5,14.7
2018-06-23T19:00:00Z,1.273,17.4,2.1,Port Kembla,7.5600000000000005,SIMP_201812_WP,6,June,120.8,10.5,14.7
2018-06-23T20:00:00Z,1.254,17.4,2.1,Port Kembla,7.5600000000000005,SIMP_201812_WP,6,June,120.8,10.5,14.7
2018-06-23T21:00:00Z,1.128,17.4,2.9,Port Kembla,10.44,SIMP_201812_WP,6,June,120.8,10.5,14.7
2018-06-23T22:00:00Z,0.934,17.4,2.9,Port Kembla,10.44,SIMP_201812_WP,6,June,120.8,10.5,14.7
2018-06-23T23:00:00Z,0.714,17.3,3.4,Port Kembla,12.24,SIMP_201812_WP,6,June,120.8,10.5,14.7
2018-06-24T00:00:00Z,0.532,17.4,4.1,Port Kembla,14.76,SIMP_201812_WP,6,June,120.8,10.5,14.7
2018-06-24T01:00:00Z,0.449,17.4,3.4,Port Kembla,12.24,SIMP_201812_WP,6,June,120.8,10.5,14.7
2018-06-24T02:00:00Z,0.469,17.5,3.4,Port Kembla,12.24,SIMP_201812_WP,6,June,120.8,10.5,14.7
2018-06-24T03:00:00Z,0.614,17.5,2.9,Port Kembla,10.44,SIMP_201812_WP,6,June,120.8,10.5,14.7
2018-06-24T04:00:00Z,0.849,17.5,3.8,Port Kembla,13.68,SIMP_201812_WP,6,June,120.8,10.5,14.7
2018-06-24T05:00:00Z,1.117,17.6,3.5,Port Kembla,12.6,SIMP_201812_WP,6,June,120.8,10.5,14.7
2018-06-24T06:00:00Z,1.371,17.6,3.7,Port Kembla,13.32,SIMP_201812_WP,6,June,120.8,10.5,14.7
2018-06-24T07:00:00Z,1.533,17.6,2.1,Port Kembla,7.5600000000000005,SIMP_201812_WP,6,June,120.8,10.5,14.7
2018-06-24T08:00:00Z,1.596,17.8,2.1,Port Kembla,7.5600000000000005,SIMP_201812_WP,6,June,120.8,10.5,14.7
2018-06-24T09:00:00Z,1.533,17.7,2.1,Port Kembla,7.5600000000000005,SIMP_201812_WP,6,June,120.8,10.5,14.7
2018-06-24T10:00:00Z,1.345,17.8,1.6,Port Kembla,5.760000000000001,SIMP_201812_WP,6,June,120.8,10.5,14.7
2018-06-24T11:00:00Z,1.094,17.7,2.5,Port Kembla,9,SIMP_201812_WP,6,June,120.8,10.5,14.7
2018-06-24T12:00:00Z,0.846,17.6,2.2,Port Kembla,7.920000000000001,SIMP_201812_WP,6,June,120.8,10.5,14.7
2018-06-24T13:00:00Z,0.642,17.6,1.9,Port Kembla,6.84,SIMP_201812_WP,6,June,120.8,10.5,14.7
2018-06-24T14:00:00Z,0.536,17.6,2,Port Kembla,7.2,SIMP_201812_WP,6,June,120.8,10.5,14.7
2018-06-24T15:00:00Z,0.54,17.5,2.5,Port Kembla,9,SIMP_201812_WP,6,June,120.8,10.5,14.7
2018-06-24T16:00:00Z,0.66,17.5,1.6,Port Kembla,5.760000000000001,SIMP_201812_WP,6,June,120.8,10.5,14.7
2018-06-24T17:00:00Z,0.861,17.4,2.4,Port Kembla,8.64,SIMP_201812_WP,6,June,120.8,10.5,14.7
2018-06-24T18:00:00Z,1.068,17.4,2.2,Port Kembla,7.920000000000001,SIMP_201812_WP,6,June,120.8,10.5,14.7
2018-06-24T19:00:00Z,1.229,17.3,2.1,Port Kembla,7.5600000000000005,SIMP_201812_WP,6,June,120.8,10.5,14.7
2018-06-24T20:00:00Z,1.311,17.3,1.7,Port Kembla,6.12,SIMP_201812_WP,6,June,120.8,10.5,14.7
2018-06-24T21:00:00Z,1.275,17.3,1.8,Port Kembla,6.48,SIMP_201812_WP,6,June,120.8,10.5,14.7
2018-06-24T22:00:00Z,1.143,17.3,1.8,Port Kembla,6.48,SIMP_201812_WP,6,June,120.8,10.5,14.7
2018-06-24T23:00:00Z,0.944,17.3,3.2,Port Kembla,11.520000000000001,SIMP_201812_WP,6,June,120.8,10.5,14.7
2018-06-25T00:00:00Z,0.733,17.2,3,Port Kembla,10.8,SIMP_201812_WP,6,June,120.8,10.5,14.7
2018-06-25T01:00:00Z,0.584,17.4,2.3,Port Kembla,8.28,SIMP_201812_WP,6,June,120.8,10.5,14.7
2018-06-25T02:00:00Z,0.533,17.5,2.9,Port Kembla,10.44,SIMP_201812_WP,6,June,120.8,10.5,14.7
2018-06-25T03:00:00Z,0.591,17.5,4,Port Kembla,14.4,SIMP_201812_WP,6,June,120.8,10.5,14.7
2018-06-25T04:00:00Z,0.773,17.5,3.5,Port Kembla,12.6,SIMP_201812_WP,6,June,120.8,10.5,14.7
2018-06-25T05:00:00Z,1.027,17.6,2.7,Port Kembla,9.72,SIMP_201812_WP,6,June,120.8,10.5,14.7
2018-06-25T06:00:00Z,1.3,17.5,2.8,Port Kembla,10.08,SIMP_201812_WP,6,June,120.8,10.5,14.7
2018-06-25T07:00:00Z,1.529,17.5,1.6,Port Kembla,5.760000000000001,SIMP_201812_WP,6,June,120.8,10.5,14.7
2018-06-25T08:00:00Z,1.66,17.6,1.7,Port Kembla,6.12,SIMP_201812_WP,6,June,120.8,10.5,14.7
2018-06-25T09:00:00Z,1.671,17.6,2.7,Port Kembla,9.72,SIMP_201812_WP,6,June,120.8,10.5,14.7
2018-06-25T10:00:00Z,1.541,17.6,2.3,Port Kembla,8.28,SIMP_201812_WP,6,June,120.8,10.5,14.7
2018-06-25T11:00:00Z,1.305,17.6,2.9,Port Kembla,10.44,SIMP_201812_WP,6,June,120.8,10.5,14.7
2018-06-25T12:00:00Z,1.013,17.5,2,Port Kembla,7.2,SIMP_201812_WP,6,June,120.8,10.5,14.7
2018-06-25T13:00:00Z,0.745,17.4,2,Port Kembla,7.2,SIMP_201812_WP,6,June,120.8,10.5,14.7
2018-06-25T14:00:00Z,0.543,17.4,2.4,Port Kembla,8.64,SIMP_201812_WP,6,June,120.8,10.5,14.7
2018-06-25T15:00:00Z,0.445,17.4,2.2,Port Kembla,7.920000000000001,SIMP_201812_WP,6,June,120.8,10.5,14.7
2018-06-25T16:00:00Z,0.479,17.3,2,Port Kembla,7.2,SIMP_201812_WP,6,June,120.8,10.5,14.7
2018-06-25T17:00:00Z,0.629,17.3,2.2,Port Kembla,7.920000000000001,SIMP_201812_WP,6,June,120.8,10.5,14.7
2018-06-25T18:00:00Z,0.841,17.3,2,Port Kembla,7.2,SIMP_201812_WP,6,June,120.8,10.5,14.7
2018-06-25T19:00:00Z,1.054,17.3,2.1,Port Kembla,7.5600000000000005,SIMP_201812_WP,6,June,120.8,10.5,14.7
2018-06-25T20:00:00Z,1.208,17.3,2.6,Port Kembla,9.360000000000001,SIMP_201812_WP,6,June,120.8,10.5,14.7
2018-06-25T21:00:00Z,1.267,17.3,2,Port Kembla,7.2,SIMP_201812_WP,6,June,120.8,10.5,14.7
2018-06-25T22:00:00Z,1.207,17.2,2.3,Port Kembla,8.28,SIMP_201812_WP,6,June,120.8,10.5,14.7
2018-06-25T23:00:00Z,1.058,17.2,2.1,Port Kembla,7.5600000000000005,SIMP_201812_WP,6,June,120.8,10.5,14.7
2018-06-26T00:00:00Z,0.841,17.2,2.6,Port Kembla,9.360000000000001,SIMP_201812_WP,6,June,120.8,10.5,14.7
2018-06-26T01:00:00Z,0.645,17.2,3.2,Port Kembla,11.520000000000001,SIMP_201812_WP,6,June,120.8,10.5,14.7
2018-06-26T02:00:00Z,0.526,17.3,2,Port Kembla,7.2,SIMP_201812_WP,6,June,120.8,10.5,14.7
2018-06-26T03:00:00Z,0.51,17.4,2.1,Port Kembla,7.5600000000000005,SIMP_201812_WP,6,June,120.8,10.5,14.7
2018-06-26T04:00:00Z,0.617,17.5,3,Port Kembla,10.8,SIMP_201812_WP,6,June,120.8,10.5,14.7
2018-06-26T05:00:00Z,0.822,17.5,2.6,Port Kembla,9.360000000000001,SIMP_201812_WP,6,June,120.8,10.5,14.7
2018-06-26T06:00:00Z,1.092,17.5,2.3,Port Kembla,8.28,SIMP_201812_WP,6,June,120.8,10.5,14.7
2018-06-26T07:00:00Z,1.353,17.4,1.7,Port Kembla,6.12,SIMP_201812_WP,6,June,120.8,10.5,14.7
2018-06-26T08:00:00Z,1.558,17.4,1.6,Port Kembla,5.760000000000001,SIMP_201812_WP,6,June,120.8,10.5,14.7
2018-06-26T09:00:00Z,1.658,17.4,2.3,Port Kembla,8.28,SIMP_201812_WP,6,June,120.8,10.5,14.7
2018-06-26T10:00:00Z,1.622,17.4,2.7,Port Kembla,9.72,SIMP_201812_WP,6,June,120.8,10.5,14.7
2018-06-26T11:00:00Z,1.449,17.4,2.1,Port Kembla,7.5600000000000005,SIMP_201812_WP,6,June,120.8,10.5,14.7
2018-06-26T12:00:00Z,1.179,17.4,2.9,Port Kembla,10.44,SIMP_201812_WP,6,June,120.8,10.5,14.7
2018-06-26T13:00:00Z,0.869,17.4,1.8,Port Kembla,6.48,SIMP_201812_WP,6,June,120.8,10.5,14.7
2018-06-26T14:00:00Z,0.595,17.4,1.5,Port Kembla,5.4,SIMP_201812_WP,6,June,120.8,10.5,14.7
2018-06-26T15:00:00Z,0.421,17.4,2.5,Port Kembla,9,SIMP_201812_WP,6,June,120.8,10.5,14.7
2018-06-26T16:00:00Z,0.365,17.3,1,Port Kembla,3.6,SIMP_201812_WP,6,June,120.8,10.5,14.7
2018-06-26T17:00:00Z,0.442,17.4,1.3,Port Kembla,4.680000000000001,SIMP_201812_WP,6,June,120.8,10.5,14.7
2018-06-26T18:00:00Z,0.626,17.3,1.8,Port Kembla,6.48,SIMP_201812_WP,6,June,120.8,10.5,14.7
2018-06-26T19:00:00Z,0.851,17.4,2.2,Port Kembla,7.920000000000001,SIMP_201812_WP,6,June,120.8,10.5,14.7
2018-06-26T20:00:00Z,1.054,17.4,1.9,Port Kembla,6.84,SIMP_201812_WP,6,June,120.8,10.5,14.7
2018-06-26T21:00:00Z,1.184,17.4,2.1,Port Kembla,7.5600000000000005,SIMP_201812_WP,6,June,120.8,10.5,14.7
2018-06-26T22:00:00Z,1.21,17.4,1.8,Port Kembla,6.48,SIMP_201812_WP,6,June,120.8,10.5,14.7
2018-06-26T23:00:00Z,1.12,17.4,3,Port Kembla,10.8,SIMP_201812_WP,6,June,120.8,10.5,14.7
2018-06-27T00:00:00Z,0.932,17.4,2.4,Port Kembla,8.64,SIMP_201812_WP,6,June,120.8,10.5,14.7
2018-06-27T01:00:00Z,0.725,17.4,2.7,Port Kembla,9.72,SIMP_201812_WP,6,June,120.8,10.5,14.7
2018-06-27T02:00:00Z,0.551,17.5,2.5,Port Kembla,9,SIMP_201812_WP,6,June,120.8,10.5,14.7
2018-06-27T03:00:00Z,0.467,17.5,0.8,Port Kembla,2.8800000000000003,SIMP_201812_WP,6,June,120.8,10.5,14.7
2018-06-27T04:00:00Z,0.502,17.5,0.8,Port Kembla,2.8800000000000003,SIMP_201812_WP,6,June,120.8,10.5,14.7
2018-06-27T05:00:00Z,0.654,17.5,2,Port Kembla,7.2,SIMP_201812_WP,6,June,120.8,10.5,14.7
2018-06-27T06:00:00Z,0.904,17.5,2,Port Kembla,7.2,SIMP_201812_WP,6,June,120.8,10.5,14.7
2018-06-27T07:00:00Z,1.188,17.5,1.7,Port Kembla,6.12,SIMP_201812_WP,6,June,120.8,10.5,14.7
2018-06-27T08:00:00Z,1.443,17.5,2,Port Kembla,7.2,SIMP_201812_WP,6,June,120.8,10.5,14.7
2018-06-27T09:00:00Z,1.618,17.6,1.6,Port Kembla,5.760000000000001,SIMP_201812_WP,6,June,120.8,10.5,14.7
2018-06-27T10:00:00Z,1.678,17.6,2.1,Port Kembla,7.5600000000000005,SIMP_201812_WP,6,June,120.8,10.5,14.7
2018-06-27T11:00:00Z,1.578,17.5,2.8,Port Kembla,10.08,SIMP_201812_WP,6,June,120.8,10.5,14.7
2018-06-27T12:00:00Z,1.355,17.4,1.8,Port Kembla,6.48,SIMP_201812_WP,6,June,120.8,10.5,14.7
2018-06-27T13:00:00Z,1.05,17.4,2.8,Port Kembla,10.08,SIMP_201812_WP,6,June,120.8,10.5,14.7
2018-06-27T14:00:00Z,0.74,17.5,2.8,Port Kembla,10.08,SIMP_201812_WP,6,June,120.8,10.5,14.7
2018-06-27T15:00:00Z,0.498,17.5,2.1,Port Kembla,7.5600000000000005,SIMP_201812_WP,6,June,120.8,10.5,14.7
2018-06-27T16:00:00Z,0.354,17.7,2.9,Port Kembla,10.44,SIMP_201812_WP,6,June,120.8,10.5,14.7
2018-06-27T17:00:00Z,0.349,17.7,5.3,Port Kembla,19.08,SIMP_201812_WP,6,June,120.8,10.5,14.7
2018-06-27T18:00:00Z,0.472,17.6,8.6,Port Kembla,30.96,SIMP_201812_WP,6,June,120.8,10.5,14.7
2018-06-27T19:00:00Z,0.685,17.3,4.9,Port Kembla,17.64,SIMP_201812_WP,6,June,120.8,10.5,14.7
2018-06-27T20:00:00Z,0.919,17.4,5.8,Port Kembla,20.88,SIMP_201812_WP,6,June,120.8,10.5,14.7
2018-06-27T21:00:00Z,1.103,17.5,4.3,Port Kembla,15.48,SIMP_201812_WP,6,June,120.8,10.5,14.7
2018-06-27T22:00:00Z,1.215,17.5,2.5,Port Kembla,9,SIMP_201812_WP,6,June,120.8,10.5,14.7
2018-06-27T23:00:00Z,1.217,17.4,2.2,Port Kembla,7.920000000000001,SIMP_201812_WP,6,June,120.8,10.5,14.7
2018-06-28T00:00:00Z,1.099,17.5,2.4,Port Kembla,8.64,SIMP_201812_WP,6,June,120.8,10.5,14.7
2018-06-28T01:00:00Z,0.902,17.5,3.2,Port Kembla,11.520000000000001,SIMP_201812_WP,6,June,120.8,10.5,14.7
2018-06-28T02:00:00Z,0.699,17.5,3,Port Kembla,10.8,SIMP_201812_WP,6,June,120.8,10.5,14.7
2018-06-28T03:00:00Z,0.552,17.5,3,Port Kembla,10.8,SIMP_201812_WP,6,June,120.8,10.5,14.7
2018-06-28T04:00:00Z,0.516,17.5,2.4,Port Kembla,8.64,SIMP_201812_WP,6,June,120.8,10.5,14.7
2018-06-28T05:00:00Z,0.572,17.6,8,Port Kembla,28.8,SIMP_201812_WP,6,June,120.8,10.5,14.7
2018-06-28T06:00:00Z,0.761,17.6,7.8,Port Kembla,28.08,SIMP_201812_WP,6,June,120.8,10.5,14.7
2018-06-28T07:00:00Z,1.029,17.6,3.8,Port Kembla,13.68,SIMP_201812_WP,6,June,120.8,10.5,14.7
2018-06-28T08:00:00Z,1.32,17.6,2.6,Port Kembla,9.360000000000001,SIMP_201812_WP,6,June,120.8,10.5,14.7
2018-06-28T09:00:00Z,1.56,17.6,1.8,Port Kembla,6.48,SIMP_201812_WP,6,June,120.8,10.5,14.7
2018-06-28T10:00:00Z,1.692,17.7,2.3,Port Kembla,8.28,SIMP_201812_WP,6,June,120.8,10.5,14.7
2018-06-28T11:00:00Z,1.692,17.6,1.9,Port Kembla,6.84,SIMP_201812_WP,6,June,120.8,10.5,14.7
2018-06-28T12:00:00Z,1.547,17.6,1.5,Port Kembla,5.4,SIMP_201812_WP,6,June,120.8,10.5,14.7
2018-06-28T13:00:00Z,1.28,17.6,1.9,Port Kembla,6.84,SIMP_201812_WP,6,June,120.8,10.5,14.7
2018-06-28T14:00:00Z,0.954,17.6,1,Port Kembla,3.6,SIMP_201812_WP,6,June,120.8,10.5,14.7
2018-06-28T15:00:00Z,0.664,17.6,1.5,Port Kembla,5.4,SIMP_201812_WP,6,June,120.8,10.5,14.7
2018-06-28T16:00:00Z,0.457,17.6,2.3,Port Kembla,8.28,SIMP_201812_WP,6,June,120.8,10.5,14.7
2018-06-28T17:00:00Z,0.37,17.6,3.2,Port Kembla,11.520000000000001,SIMP_201812_WP,6,June,120.8,10.5,14.7
2018-06-28T18:00:00Z,0.417,17.6,2.4,Port Kembla,8.64,SIMP_201812_WP,6,June,120.8,10.5,14.7
2018-06-28T19:00:00Z,0.572,17.6,2.5,Port Kembla,9,SIMP_201812_WP,6,June,120.8,10.5,14.7
2018-06-28T20:00:00Z,0.79,17.6,4.8,Port Kembla,17.28,SIMP_201812_WP,6,June,120.8,10.5,14.7
2018-06-28T21:00:00Z,1.007,17.5,1.3,Port Kembla,4.680000000000001,SIMP_201812_WP,6,June,120.8,10.5,14.7
2018-06-28T22:00:00Z,1.17,17.2,5.6,Port Kembla,20.16,SIMP_201812_WP,6,June,120.8,10.5,14.7
2018-06-28T23:00:00Z,1.233,16.6,3.9,Port Kembla,14.04,SIMP_201812_WP,6,June,120.8,10.5,14.7
2018-06-29T00:00:00Z,1.169,16.9,6.5,Port Kembla,23.400000000000002,SIMP_201812_WP,6,June,120.8,10.5,14.7
2018-06-29T01:00:00Z,1.017,16.5,6.4,Port Kembla,23.040000000000003,SIMP_201812_WP,6,June,120.8,10.5,14.7
2018-06-29T02:00:00Z,0.817,17.3,4.4,Port Kembla,15.840000000000002,SIMP_201812_WP,6,June,120.8,10.5,14.7
2018-06-29T03:00:00Z,0.628,17.2,6.1,Port Kembla,21.96,SIMP_201812_WP,6,June,120.8,10.5,14.7
2018-06-29T04:00:00Z,0.524,17.2,6,Port Kembla,21.6,SIMP_201812_WP,6,June,120.8,10.5,14.7
2018-06-29T05:00:00Z,0.525,17.3,3.9,Port Kembla,14.04,SIMP_201812_WP,6,June,120.8,10.5,14.7
2018-06-29T06:00:00Z,0.641,17.4,5.1,Port Kembla,18.36,SIMP_201812_WP,6,June,120.8,10.5,14.7
2018-06-29T07:00:00Z,0.862,17.5,3.2,Port Kembla,11.520000000000001,SIMP_201812_WP,6,June,120.8,10.5,14.7
2018-06-29T08:00:00Z,1.143,17.5,2.2,Port Kembla,7.920000000000001,SIMP_201812_WP,6,June,120.8,10.5,14.7
2018-06-29T09:00:00Z,1.403,17.6,3,Port Kembla,10.8,SIMP_201812_WP,6,June,120.8,10.5,14.7
2018-06-29T10:00:00Z,1.589,17.6,1.7,Port Kembla,6.12,SIMP_201812_WP,6,June,120.8,10.5,14.7
2018-06-29T11:00:00Z,1.666,17.3,2.8,Port Kembla,10.08,SIMP_201812_WP,6,June,120.8,10.5,14.7
2018-06-29T12:00:00Z,1.599,17.6,3,Port Kembla,10.8,SIMP_201812_WP,6,June,120.8,10.5,14.7
2018-06-29T13:00:00Z,1.385,17.5,3.4,Port Kembla,12.24,SIMP_201812_WP,6,June,120.8,10.5,14.7
2018-06-29T14:00:00Z,1.089,17.5,5.4,Port Kembla,19.44,SIMP_201812_WP,6,June,120.8,10.5,14.7
2018-06-29T15:00:00Z,0.774,17.2,2.7,Port Kembla,9.72,SIMP_201812_WP,6,June,120.8,10.5,14.7
2018-06-29T16:00:00Z,0.518,17.3,2.8,Port Kembla,10.08,SIMP_201812_WP,6,June,120.8,10.5,14.7
2018-06-29T17:00:00Z,0.351,17.1,2,Port Kembla,7.2,SIMP_201812_WP,6,June,120.8,10.5,14.7
2018-06-29T18:00:00Z,0.314,17.1,0.5,Port Kembla,1.8,SIMP_201812_WP,6,June,120.8,10.5,14.7
2018-06-29T19:00:00Z,0.402,17.4,2.1,Port Kembla,7.5600000000000005,SIMP_201812_WP,6,June,120.8,10.5,14.7
2018-06-29T20:00:00Z,0.586,17.3,1.4,Port Kembla,5.04,SIMP_201812_WP,6,June,120.8,10.5,14.7
2018-06-29T21:00:00Z,0.802,17.5,1.6,Port Kembla,5.760000000000001,SIMP_201812_WP,6,June,120.8,10.5,14.7
2018-06-29T22:00:00Z,0.99,17.6,2,Port Kembla,7.2,SIMP_201812_WP,6,June,120.8,10.5,14.7
2018-06-29T23:00:00Z,1.119,17.6,2.1,Port Kembla,7.5600000000000005,SIMP_201812_WP,6,June,120.8,10.5,14.7
2018-06-30T00:00:00Z,1.147,17.6,1.3,Port Kembla,4.680000000000001,SIMP_201812_WP,6,June,120.8,10.5,14.7
2018-06-30T01:00:00Z,1.068,17.7,4.5,Port Kembla,16.2,SIMP_201812_WP,6,June,120.8,10.5,14.7
2018-06-30T02:00:00Z,0.9,17.5,5.7,Port Kembla,20.52,SIMP_201812_WP,6,June,120.8,10.5,14.7
2018-06-30T03:00:00Z,0.708,17.5,3.4,Port Kembla,12.24,SIMP_201812_WP,6,June,120.8,10.5,14.7
2018-06-30T04:00:00Z,0.565,17.4,7,Port Kembla,25.2,SIMP_201812_WP,6,June,120.8,10.5,14.7
2018-06-30T05:00:00Z,0.495,17.3,7.8,Port Kembla,28.08,SIMP_201812_WP,6,June,120.8,10.5,14.7
2018-06-30T06:00:00Z,0.539,17.6,8.2,Port Kembla,29.52,SIMP_201812_WP,6,June,120.8,10.5,14.7
2018-06-30T07:00:00Z,0.699,17.6,6.8,Port Kembla,24.48,SIMP_201812_WP,6,June,120.8,10.5,14.7
2018-06-30T08:00:00Z,0.956,17.6,9.9,Port Kembla,35.64,SIMP_201812_WP,6,June,120.8,10.5,14.7
2018-06-30T09:00:00Z,1.223,17.5,6,Port Kembla,21.6,SIMP_201812_WP,6,June,120.8,10.5,14.7
2018-06-30T10:00:00Z,1.436,17.3,6,Port Kembla,21.6,SIMP_201812_WP,6,June,120.8,10.5,14.7
2018-06-30T11:00:00Z,1.58,17.3,5.3,Port Kembla,19.08,SIMP_201812_WP,6,June,120.8,10.5,14.7
2018-06-30T12:00:00Z,1.618,17.3,7,Port Kembla,25.2,SIMP_201812_WP,6,June,120.8,10.5,14.7
2018-06-30T13:00:00Z,1.497,17.2,7.3,Port Kembla,26.28,SIMP_201812_WP,6,June,120.8,10.5,14.7
2018-06-30T14:00:00Z,1.248,17.2,9.1,Port Kembla,32.76,SIMP_201812_WP,6,June,120.8,10.5,14.7
2018-06-30T15:00:00Z,0.941,17.1,6.8,Port Kembla,24.48,SIMP_201812_WP,6,June,120.8,10.5,14.7
2018-06-30T16:00:00Z,0.65,17.2,5.5,Port Kembla,19.8,SIMP_201812_WP,6,June,120.8,10.5,14.7
2018-06-30T17:00:00Z,0.42,17.1,3.9,Port Kembla,14.04,SIMP_201812_WP,6,June,120.8,10.5,14.7
2018-06-30T18:00:00Z,0.297,17.1,4,Port Kembla,14.4,SIMP_201812_WP,6,June,120.8,10.5,14.7
2018-06-30T19:00:00Z,0.307,17,4,Port Kembla,14.4,SIMP_201812_WP,6,June,120.8,10.5,14.7
2018-06-30T20:00:00Z,0.426,17,3.3,Port Kembla,11.879999999999999,SIMP_201812_WP,6,June,120.8,10.5,14.7
2018-06-30T21:00:00Z,0.623,17,3.9,Port Kembla,14.04,SIMP_201812_WP,6,June,120.8,10.5,14.7
2018-06-30T22:00:00Z,0.828,17.1,3.4,Port Kembla,12.24,SIMP_201812_WP,6,June,120.8,10.5,14.7
2018-06-30T23:00:00Z,1.001,17.2,3,Port Kembla,10.8,SIMP_201812_WP,6,June,120.8,10.5,14.7
2018-07-01T00:00:00Z,1.091,17.3,2.9,Port Kembla,10.44,SIMP_201812_WP,7,July,72.5,10.3,15.5
2018-07-01T01:00:00Z,1.073,17.3,1.3,Port Kembla,4.680000000000001,SIMP_201812_WP,7,July,72.5,10.3,15.5
2018-07-01T02:00:00Z,0.954,17.4,2.1,Port Kembla,7.5600000000000005,SIMP_201812_WP,7,July,72.5,10.3,15.5
2018-07-01T03:00:00Z,0.789,17.4,1.7,Port Kembla,6.12,SIMP_201812_WP,7,July,72.5,10.3,15.5
2018-07-01T04:00:00Z,0.623,17.3,3.2,Port Kembla,11.520000000000001,SIMP_201812_WP,7,July,72.5,10.3,15.5
2018-07-01T05:00:00Z,0.512,17.3,2.6,Port Kembla,9.360000000000001,SIMP_201812_WP,7,July,72.5,10.3,15.5
2018-07-01T06:00:00Z,0.493,17.2,1.6,Port Kembla,5.760000000000001,SIMP_201812_WP,7,July,72.5,10.3,15.5
2018-07-01T07:00:00Z,0.578,17.2,1.1,Port Kembla,3.9600000000000004,SIMP_201812_WP,7,July,72.5,10.3,15.5
2018-07-01T08:00:00Z,0.77,17.2,1.2,Port Kembla,4.32,SIMP_201812_WP,7,July,72.5,10.3,15.5
2018-07-01T09:00:00Z,1.016,17.2,2.3,Port Kembla,8.28,SIMP_201812_WP,7,July,72.5,10.3,15.5
2018-07-01T10:00:00Z,1.272,17.3,2.6,Port Kembla,9.360000000000001,SIMP_201812_WP,7,July,72.5,10.3,15.5
2018-07-01T11:00:00Z,1.47,17.4,2.4,Port Kembla,8.64,SIMP_201812_WP,7,July,72.5,10.3,15.5
2018-07-01T12:00:00Z,1.571,17.4,2.2,Port Kembla,7.920000000000001,SIMP_201812_WP,7,July,72.5,10.3,15.5
2018-07-01T13:00:00Z,1.537,17.3,2.6,Port Kembla,9.360000000000001,SIMP_201812_WP,7,July,72.5,10.3,15.5
2018-07-01T14:00:00Z,1.365,17.4,2.5,Port Kembla,9,SIMP_201812_WP,7,July,72.5,10.3,15.5
2018-07-01T15:00:00Z,1.105,17.4,2.6,Port Kembla,9.360000000000001,SIMP_201812_WP,7,July,72.5,10.3,15.5
2018-07-01T16:00:00Z,0.817,17.3,2.5,Port Kembla,9,SIMP_201812_WP,7,July,72.5,10.3,15.5
2018-07-01T17:00:00Z,0.559,17.1,2.4,Port Kembla,8.64,SIMP_201812_WP,7,July,72.5,10.3,15.5
2018-07-01T18:00:00Z,0.39,17,2.4,Port Kembla,8.64,SIMP_201812_WP,7,July,72.5,10.3,15.5
2018-07-01T19:00:00Z,0.326,16.8,2.8,Port Kembla,10.08,SIMP_201812_WP,7,July,72.5,10.3,15.5
2018-07-01T20:00:00Z,0.384,16.9,2.7,Port Kembla,9.72,SIMP_201812_WP,7,July,72.5,10.3,15.5
2018-07-01T21:00:00Z,0.54,16.9,3,Port Kembla,10.8,SIMP_201812_WP,7,July,72.5,10.3,15.5
2018-07-01T22:00:00Z,0.744,16.8,3,Port Kembla,10.8,SIMP_201812_WP,7,July,72.5,10.3,15.5
2018-07-01T23:00:00Z,0.945,16.8,3.5,Port Kembla,12.6,SIMP_201812_WP,7,July,72.5,10.3,15.5
2018-07-02T00:00:00Z,1.097,16.9,3.3,Port Kembla,11.879999999999999,SIMP_201812_WP,7,July,72.5,10.3,15.5
2018-07-02T01:00:00Z,1.163,17.1,2.4,Port Kembla,8.64,SIMP_201812_WP,7,July,72.5,10.3,15.5
2018-07-02T02:00:00Z,1.117,17,2.9,Port Kembla,10.44,SIMP_201812_WP,7,July,72.5,10.3,15.5
2018-07-02T03:00:00Z,0.991,17.2,2.3,Port Kembla,8.28,SIMP_201812_WP,7,July,72.5,10.3,15.5
2018-07-02T04:00:00Z,0.823,17.2,3.1,Port Kembla,11.16,SIMP_201812_WP,7,July,72.5,10.3,15.5
2018-07-02T05:00:00Z,0.673,17.3,2.4,Port Kembla,8.64,SIMP_201812_WP,7,July,72.5,10.3,15.5
2018-07-02T06:00:00Z,0.59,17.2,2.2,Port Kembla,7.920000000000001,SIMP_201812_WP,7,July,72.5,10.3,15.5
2018-07-02T07:00:00Z,0.595,17.2,2.7,Port Kembla,9.72,SIMP_201812_WP,7,July,72.5,10.3,15.5
2018-07-02T08:00:00Z,0.704,17.1,2.2,Port Kembla,7.920000000000001,SIMP_201812_WP,7,July,72.5,10.3,15.5
2018-07-02T09:00:00Z,0.899,17,2.5,Port Kembla,9,SIMP_201812_WP,7,July,72.5,10.3,15.5
2018-07-02T10:00:00Z,1.123,17,3.1,Port Kembla,11.16,SIMP_201812_WP,7,July,72.5,10.3,15.5
2018-07-02T11:00:00Z,1.343,17,1.1,Port Kembla,3.9600000000000004,SIMP_201812_WP,7,July,72.5,10.3,15.5
2018-07-02T12:00:00Z,1.483,17.1,1.4,Port Kembla,5.04,SIMP_201812_WP,7,July,72.5,10.3,15.5
2018-07-02T13:00:00Z,1.514,17.1,2.7,Port Kembla,9.72,SIMP_201812_WP,7,July,72.5,10.3,15.5
2018-07-02T14:00:00Z,1.44,17.1,2,Port Kembla,7.2,SIMP_201812_WP,7,July,72.5,10.3,15.5
2018-07-02T15:00:00Z,1.25,17.1,3.4,Port Kembla,12.24,SIMP_201812_WP,7,July,72.5,10.3,15.5
2018-07-02T16:00:00Z,0.993,17.1,2.5,Port Kembla,9,SIMP_201812_WP,7,July,72.5,10.3,15.5
2018-07-02T17:00:00Z,0.726,17.1,1.5,Port Kembla,5.4,SIMP_201812_WP,7,July,72.5,10.3,15.5
2018-07-02T18:00:00Z,0.507,17.1,2.8,Port Kembla,10.08,SIMP_201812_WP,7,July,72.5,10.3,15.5
2018-07-02T19:00:00Z,0.371,17.1,2,Port Kembla,7.2,SIMP_201812_WP,7,July,72.5,10.3,15.5
2018-07-02T20:00:00Z,0.344,17.1,1.5,Port Kembla,5.4,SIMP_201812_WP,7,July,72.5,10.3,15.5
2018-07-02T21:00:00Z,0.429,17.1,1.6,Port Kembla,5.760000000000001,SIMP_201812_WP,7,July,72.5,10.3,15.5
2018-07-02T22:00:00Z,0.592,17.1,2,Port Kembla,7.2,SIMP_201812_WP,7,July,72.5,10.3,15.5
2018-07-02T23:00:00Z,0.809,17,1,Port Kembla,3.6,SIMP_201812_WP,7,July,72.5,10.3,15.5
2018-07-03T00:00:00Z,0.99,17.1,0.5,Port Kembla,1.8,SIMP_201812_WP,7,July,72.5,10.3,15.5
2018-07-03T01:00:00Z,1.12,17.1,1,Port Kembla,3.6,SIMP_201812_WP,7,July,72.5,10.3,15.5
2018-07-03T02:00:00Z,1.146,17.1,1.1,Port Kembla,3.9600000000000004,SIMP_201812_WP,7,July,72.5,10.3,15.5
2018-07-03T03:00:00Z,1.078,17.1,1.6,Port Kembla,5.760000000000001,SIMP_201812_WP,7,July,72.5,10.3,15.5
2018-07-03T04:00:00Z,0.956,17.2,1.8,Port Kembla,6.48,SIMP_201812_WP,7,July,72.5,10.3,15.5
2018-07-03T05:00:00Z,0.803,17.3,3.3,Port Kembla,11.879999999999999,SIMP_201812_WP,7,July,72.5,10.3,15.5
2018-07-03T06:00:00Z,0.663,17.5,3.4,Port Kembla,12.24,SIMP_201812_WP,7,July,72.5,10.3,15.5
2018-07-03T07:00:00Z,0.615,17.5,3.5,Port Kembla,12.6,SIMP_201812_WP,7,July,72.5,10.3,15.5
2018-07-03T08:00:00Z,0.645,17.5,3.5,Port Kembla,12.6,SIMP_201812_WP,7,July,72.5,10.3,15.5
2018-07-03T09:00:00Z,0.765,17.5,2.3,Port Kembla,8.28,SIMP_201812_WP,7,July,72.5,10.3,15.5
2018-07-03T10:00:00Z,0.951,17.5,2.9,Port Kembla,10.44,SIMP_201812_WP,7,July,72.5,10.3,15.5
2018-07-03T11:00:00Z,1.156,17.4,1.4,Port Kembla,5.04,SIMP_201812_WP,7,July,72.5,10.3,15.5
2018-07-03T12:00:00Z,1.353,17.4,0.9,Port Kembla,3.24,SIMP_201812_WP,7,July,72.5,10.3,15.5
2018-07-03T13:00:00Z,1.458,17.3,2.5,Port Kembla,9,SIMP_201812_WP,7,July,72.5,10.3,15.5
2018-07-03T14:00:00Z,1.465,17.3,2.9,Port Kembla,10.44,SIMP_201812_WP,7,July,72.5,10.3,15.5
2018-07-03T15:00:00Z,1.343,17.2,4.3,Port Kembla,15.48,SIMP_201812_WP,7,July,72.5,10.3,15.5
2018-07-03T16:00:00Z,1.141,17.1,2.8,Port Kembla,10.08,SIMP_201812_WP,7,July,72.5,10.3,15.5
2018-07-03T17:00:00Z,0.893,17.1,3,Port Kembla,10.8,SIMP_201812_WP,7,July,72.5,10.3,15.5
2018-07-03T18:00:00Z,0.658,17.1,2.9,Port Kembla,10.44,SIMP_201812_WP,7,July,72.5,10.3,15.5
2018-07-03T19:00:00Z,0.472,17.1,3.4,Port Kembla,12.24,SIMP_201812_WP,7,July,72.5,10.3,15.5
2018-07-03T20:00:00Z,0.371,17.1,2.8,Port Kembla,10.08,SIMP_201812_WP,7,July,72.5,10.3,15.5
2018-07-03T21:00:00Z,0.386,17.1,2.2,Port Kembla,7.920000000000001,SIMP_201812_WP,7,July,72.5,10.3,15.5
2018-07-03T22:00:00Z,0.495,17,3.8,Port Kembla,13.68,SIMP_201812_WP,7,July,72.5,10.3,15.5
2018-07-03T23:00:00Z,0.666,17,3.5,Port Kembla,12.6,SIMP_201812_WP,7,July,72.5,10.3,15.5
2018-07-04T00:00:00Z,0.853,17,3.7,Port Kembla,13.32,SIMP_201812_WP,7,July,72.5,10.3,15.5
2018-07-04T01:00:00Z,1.024,17.1,4.9,Port Kembla,17.64,SIMP_201812_WP,7,July,72.5,10.3,15.5
2018-07-04T02:00:00Z,1.125,17.2,4.8,Port Kembla,17.28,SIMP_201812_WP,7,July,72.5,10.3,15.5
2018-07-04T03:00:00Z,1.132,17.3,5.1,Port Kembla,18.36,SIMP_201812_WP,7,July,72.5,10.3,15.5
2018-07-04T04:00:00Z,1.055,17.4,5.8,Port Kembla,20.88,SIMP_201812_WP,7,July,72.5,10.3,15.5
2018-07-04T05:00:00Z,0.926,17.5,6.4,Port Kembla,23.040000000000003,SIMP_201812_WP,7,July,72.5,10.3,15.5
2018-07-04T06:00:00Z,0.781,17.4,4.9,Port Kembla,17.64,SIMP_201812_WP,7,July,72.5,10.3,15.5
2018-07-04T07:00:00Z,0.665,17.4,6,Port Kembla,21.6,SIMP_201812_WP,7,July,72.5,10.3,15.5
2018-07-04T08:00:00Z,0.623,17.4,5.8,Port Kembla,20.88,SIMP_201812_WP,7,July,72.5,10.3,15.5
2018-07-04T09:00:00Z,0.669,17.3,3.6,Port Kembla,12.96,SIMP_201812_WP,7,July,72.5,10.3,15.5
2018-07-04T10:00:00Z,0.804,17.3,4.1,Port Kembla,14.76,SIMP_201812_WP,7,July,72.5,10.3,15.5
2018-07-04T11:00:00Z,0.99,17.2,1,Port Kembla,3.6,SIMP_201812_WP,7,July,72.5,10.3,15.5
2018-07-04T12:00:00Z,1.181,17.2,1.5,Port Kembla,5.4,SIMP_201812_WP,7,July,72.5,10.3,15.5
2018-07-04T13:00:00Z,1.327,17.2,1.9,Port Kembla,6.84,SIMP_201812_WP,7,July,72.5,10.3,15.5
2018-07-04T14:00:00Z,1.41,17.2,2.7,Port Kembla,9.72,SIMP_201812_WP,7,July,72.5,10.3,15.5
2018-07-04T15:00:00Z,1.39,17.2,3.5,Port Kembla,12.6,SIMP_201812_WP,7,July,72.5,10.3,15.5
2018-07-04T16:00:00Z,1.265,17.1,0.8,Port Kembla,2.8800000000000003,SIMP_201812_WP,7,July,72.5,10.3,15.5
2018-07-04T17:00:00Z,1.069,17.1,0.7,Port Kembla,2.52,SIMP_201812_WP,7,July,72.5,10.3,15.5
2018-07-04T18:00:00Z,0.841,17.2,1.5,Port Kembla,5.4,SIMP_201812_WP,7,July,72.5,10.3,15.5
2018-07-04T19:00:00Z,0.631,17.2,0.7,Port Kembla,2.52,SIMP_201812_WP,7,July,72.5,10.3,15.5
2018-07-04T20:00:00Z,0.481,17.2,2.6,Port Kembla,9.360000000000001,SIMP_201812_WP,7,July,72.5,10.3,15.5
2018-07-04T21:00:00Z,0.416,17.2,4.3,Port Kembla,15.48,SIMP_201812_WP,7,July,72.5,10.3,15.5
2018-07-04T22:00:00Z,0.451,17,3.1,Port Kembla,11.16,SIMP_201812_WP,7,July,72.5,10.3,15.5
2018-07-04T23:00:00Z,0.578,17.1,2.8,Port Kembla,10.08,SIMP_201812_WP,7,July,72.5,10.3,15.5
2018-07-05T00:00:00Z,0.756,17.1,4,Port Kembla,14.4,SIMP_201812_WP,7,July,72.5,10.3,15.5
2018-07-05T01:00:00Z,0.952,17.1,2.4,Port Kembla,8.64,SIMP_201812_WP,7,July,72.5,10.3,15.5
2018-07-05T02:00:00Z,1.117,17.1,3.4,Port Kembla,12.24,SIMP_201812_WP,7,July,72.5,10.3,15.5
2018-07-05T03:00:00Z,1.205,17.2,4.5,Port Kembla,16.2,SIMP_201812_WP,7,July,72.5,10.3,15.5
2018-07-05T04:00:00Z,1.21,17.2,5.5,Port Kembla,19.8,SIMP_201812_WP,7,July,72.5,10.3,15.5
2018-07-05T05:00:00Z,1.124,17.5,5.4,Port Kembla,19.44,SIMP_201812_WP,7,July,72.5,10.3,15.5
2018-07-05T06:00:00Z,0.983,17.6,4,Port Kembla,14.4,SIMP_201812_WP,7,July,72.5,10.3,15.5
2018-07-05T07:00:00Z,0.841,17.3,3.4,Port Kembla,12.24,SIMP_201812_WP,7,July,72.5,10.3,15.5
2018-07-05T08:00:00Z,0.743,17.3,3.8,Port Kembla,13.68,SIMP_201812_WP,7,July,72.5,10.3,15.5
2018-07-05T09:00:00Z,0.71,17.4,5.7,Port Kembla,20.52,SIMP_201812_WP,7,July,72.5,10.3,15.5
2018-07-05T10:00:00Z,0.757,17.4,4.5,Port Kembla,16.2,SIMP_201812_WP,7,July,72.5,10.3,15.5
2018-07-05T11:00:00Z,0.891,17.3,3.7,Port Kembla,13.32,SIMP_201812_WP,7,July,72.5,10.3,15.5
2018-07-05T12:00:00Z,1.065,17.3,2.4,Port Kembla,8.64,SIMP_201812_WP,7,July,72.5,10.3,15.5
2018-07-05T13:00:00Z,1.237,17.3,4.1,Port Kembla,14.76,SIMP_201812_WP,7,July,72.5,10.3,15.5
2018-07-05T14:00:00Z,1.367,17.3,4.9,Port Kembla,17.64,SIMP_201812_WP,7,July,72.5,10.3,15.5
2018-07-05T15:00:00Z,1.439,17.2,6.5,Port Kembla,23.400000000000002,SIMP_201812_WP,7,July,72.5,10.3,15.5
2018-07-05T16:00:00Z,1.406,17.2,5.2,Port Kembla,18.720000000000002,SIMP_201812_WP,7,July,72.5,10.3,15.5
2018-07-05T17:00:00Z,1.278,17.2,5.8,Port Kembla,20.88,SIMP_201812_WP,7,July,72.5,10.3,15.5
2018-07-05T18:00:00Z,1.077,17.2,5.6,Port Kembla,20.16,SIMP_201812_WP,7,July,72.5,10.3,15.5
2018-07-05T19:00:00Z,0.87,17.2,4.2,Port Kembla,15.120000000000001,SIMP_201812_WP,7,July,72.5,10.3,15.5
2018-07-05T20:00:00Z,0.678,17.2,4.2,Port Kembla,15.120000000000001,SIMP_201812_WP,7,July,72.5,10.3,15.5
2018-07-05T21:00:00Z,0.549,17.1,6.1,Port Kembla,21.96,SIMP_201812_WP,7,July,72.5,10.3,15.5
2018-07-05T22:00:00Z,0.512,17.1,5.2,Port Kembla,18.720000000000002,SIMP_201812_WP,7,July,72.5,10.3,15.5
2018-07-05T23:00:00Z,0.579,17.1,4.6,Port Kembla,16.56,SIMP_201812_WP,7,July,72.5,10.3,15.5
2018-07-06T00:00:00Z,0.737,17.1,7.9,Port Kembla,28.44,SIMP_201812_WP,7,July,72.5,10.3,15.5
2018-07-06T01:00:00Z,0.944,17.2,6.6,Port Kembla,23.759999999999998,SIMP_201812_WP,7,July,72.5,10.3,15.5
2018-07-06T02:00:00Z,1.151,17.3,6.4,Port Kembla,23.040000000000003,SIMP_201812_WP,7,July,72.5,10.3,15.5
2018-07-06T03:00:00Z,1.3,17.3,3.7,Port Kembla,13.32,SIMP_201812_WP,7,July,72.5,10.3,15.5
2018-07-06T04:00:00Z,1.373,17.4,9.4,Port Kembla,33.84,SIMP_201812_WP,7,July,72.5,10.3,15.5
2018-07-06T05:00:00Z,1.331,17.3,10.9,Port Kembla,39.24,SIMP_201812_WP,7,July,72.5,10.3,15.5
2018-07-06T06:00:00Z,1.236,17.3,9.7,Port Kembla,34.92,SIMP_201812_WP,7,July,72.5,10.3,15.5
2018-07-06T07:00:00Z,1.086,17.3,6,Port Kembla,21.6,SIMP_201812_WP,7,July,72.5,10.3,15.5
2018-07-06T08:00:00Z,0.923,17.3,4,Port Kembla,14.4,SIMP_201812_WP,7,July,72.5,10.3,15.5
2018-07-06T09:00:00Z,0.806,17.3,3.7,Port Kembla,13.32,SIMP_201812_WP,7,July,72.5,10.3,15.5
2018-07-06T10:00:00Z,0.761,17.3,3.5,Port Kembla,12.6,SIMP_201812_WP,7,July,72.5,10.3,15.5
2018-07-06T11:00:00Z,0.788,17.3,3.6,Port Kembla,12.96,SIMP_201812_WP,7,July,72.5,10.3,15.5
2018-07-06T12:00:00Z,0.895,17.3,5.2,Port Kembla,18.720000000000002,SIMP_201812_WP,7,July,72.5,10.3,15.5
2018-07-06T13:00:00Z,1.042,17.4,5.8,Port Kembla,20.88,SIMP_201812_WP,7,July,72.5,10.3,15.5
2018-07-06T14:00:00Z,1.197,17.4,6.5,Port Kembla,23.400000000000002,SIMP_201812_WP,7,July,72.5,10.3,15.5
2018-07-06T15:00:00Z,1.325,17.4,5.3,Port Kembla,19.08,SIMP_201812_WP,7,July,72.5,10.3,15.5
2018-07-06T16:00:00Z,1.38,17.3,5.5,Port Kembla,19.8,SIMP_201812_WP,7,July,72.5,10.3,15.5
2018-07-06T17:00:00Z,1.357,17.2,3.3,Port Kembla,11.879999999999999,SIMP_201812_WP,7,July,72.5,10.3,15.5
2018-07-06T18:00:00Z,1.243,17.1,7.2,Port Kembla,25.92,SIMP_201812_WP,7,July,72.5,10.3,15.5
2018-07-06T19:00:00Z,1.062,16.9,5.9,Port Kembla,21.240000000000002,SIMP_201812_WP,7,July,72.5,10.3,15.5
2018-07-06T20:00:00Z,0.855,17.1,3.9,Port Kembla,14.04,SIMP_201812_WP,7,July,72.5,10.3,15.5
2018-07-06T21:00:00Z,0.677,17,4.9,Port Kembla,17.64,SIMP_201812_WP,7,July,72.5,10.3,15.5
2018-07-06T22:00:00Z,0.562,16.9,5.5,Port Kembla,19.8,SIMP_201812_WP,7,July,72.5,10.3,15.5
2018-07-06T23:00:00Z,0.542,16.9,7.9,Port Kembla,28.44,SIMP_201812_WP,7,July,72.5,10.3,15.5
2018-07-07T00:00:00Z,0.629,16.8,14.9,Port Kembla,53.64,SIMP_201812_WP,7,July,72.5,10.3,15.5
2018-07-07T01:00:00Z,0.794,16.6,7,Port Kembla,25.2,SIMP_201812_WP,7,July,72.5,10.3,15.5
2018-07-07T02:00:00Z,1.014,16.6,9.8,Port Kembla,35.28,SIMP_201812_WP,7,July,72.5,10.3,15.5
2018-07-07T03:00:00Z,1.216,16.6,9.2,Port Kembla,33.12,SIMP_201812_WP,7,July,72.5,10.3,15.5
2018-07-07T04:00:00Z,1.389,16.7,9.6,Port Kembla,34.56,SIMP_201812_WP,7,July,72.5,10.3,15.5
2018-07-07T05:00:00Z,1.487,16.7,6.4,Port Kembla,23.040000000000003,SIMP_201812_WP,7,July,72.5,10.3,15.5
2018-07-07T06:00:00Z,1.473,16.8,9.3,Port Kembla,33.480000000000004,SIMP_201812_WP,7,July,72.5,10.3,15.5
2018-07-07T07:00:00Z,1.353,16.7,8.3,Port Kembla,29.880000000000003,SIMP_201812_WP,7,July,72.5,10.3,15.5
2018-07-07T08:00:00Z,1.174,16.7,5.4,Port Kembla,19.44,SIMP_201812_WP,7,July,72.5,10.3,15.5
2018-07-07T09:00:00Z,0.999,16.6,12.4,Port Kembla,44.64,SIMP_201812_WP,7,July,72.5,10.3,15.5
2018-07-07T10:00:00Z,0.845,16.4,12.8,Port Kembla,46.080000000000005,SIMP_201812_WP,7,July,72.5,10.3,15.5
2018-07-07T11:00:00Z,0.771,16.4,11.2,Port Kembla,40.32,SIMP_201812_WP,7,July,72.5,10.3,15.5
2018-07-07T12:00:00Z,0.784,16.4,10.5,Port Kembla,37.800000000000004,SIMP_201812_WP,7,July,72.5,10.3,15.5
2018-07-07T13:00:00Z,0.882,16.3,13.8,Port Kembla,49.68000000000001,SIMP_201812_WP,7,July,72.5,10.3,15.5
2018-07-07T14:00:00Z,1.037,16.3,11.6,Port Kembla,41.76,SIMP_201812_WP,7,July,72.5,10.3,15.5
2018-07-07T15:00:00Z,1.214,16.3,7.3,Port Kembla,26.28,SIMP_201812_WP,7,July,72.5,10.3,15.5
2018-07-07T16:00:00Z,1.373,16.3,8.7,Port Kembla,31.319999999999997,SIMP_201812_WP,7,July,72.5,10.3,15.5
2018-07-07T17:00:00Z,1.445,16.2,9.1,Port Kembla,32.76,SIMP_201812_WP,7,July,72.5,10.3,15.5
2018-07-07T18:00:00Z,1.426,16.1,12.7,Port Kembla,45.72,SIMP_201812_WP,7,July,72.5,10.3,15.5
2018-07-07T19:00:00Z,1.312,16.1,13,Port Kembla,46.800000000000004,SIMP_201812_WP,7,July,72.5,10.3,15.5
2018-07-07T20:00:00Z,1.122,16,12.5,Port Kembla,45,SIMP_201812_WP,7,July,72.5,10.3,15.5
2018-07-07T21:00:00Z,0.906,16.1,7.4,Port Kembla,26.64,SIMP_201812_WP,7,July,72.5,10.3,15.5
2018-07-07T22:00:00Z,0.715,16.1,4.6,Port Kembla,16.56,SIMP_201812_WP,7,July,72.5,10.3,15.5
2018-07-07T23:00:00Z,0.602,16.1,5.7,Port Kembla,20.52,SIMP_201812_WP,7,July,72.5,10.3,15.5
2018-07-08T00:00:00Z,0.587,16.1,6.3,Port Kembla,22.68,SIMP_201812_WP,7,July,72.5,10.3,15.5
2018-07-08T01:00:00Z,0.686,16.1,10.8,Port Kembla,38.88,SIMP_201812_WP,7,July,72.5,10.3,15.5
2018-07-08T02:00:00Z,0.887,16.2,13.1,Port Kembla,47.16,SIMP_201812_WP,7,July,72.5,10.3,15.5
2018-07-08T03:00:00Z,1.134,16.2,12,Port Kembla,43.2,SIMP_201812_WP,7,July,72.5,10.3,15.5
2018-07-08T04:00:00Z,1.381,16.3,12,Port Kembla,43.2,SIMP_201812_WP,7,July,72.5,10.3,15.5
2018-07-08T05:00:00Z,1.556,16.3,9.3,Port Kembla,33.480000000000004,SIMP_201812_WP,7,July,72.5,10.3,15.5
2018-07-08T06:00:00Z,1.632,16.2,11.1,Port Kembla,39.96,SIMP_201812_WP,7,July,72.5,10.3,15.5
2018-07-08T07:00:00Z,1.585,16.2,9.2,Port Kembla,33.12,SIMP_201812_WP,7,July,72.5,10.3,15.5
2018-07-08T08:00:00Z,1.437,16.2,10.5,Port Kembla,37.800000000000004,SIMP_201812_WP,7,July,72.5,10.3,15.5
2018-07-08T09:00:00Z,1.236,16.2,8.9,Port Kembla,32.04,SIMP_201812_WP,7,July,72.5,10.3,15.5
2018-07-08T10:00:00Z,1.008,16.1,6.5,Port Kembla,23.400000000000002,SIMP_201812_WP,7,July,72.5,10.3,15.5
2018-07-08T11:00:00Z,0.828,16.1,8.6,Port Kembla,30.96,SIMP_201812_WP,7,July,72.5,10.3,15.5
2018-07-08T12:00:00Z,0.728,16,10,Port Kembla,36,SIMP_201812_WP,7,July,72.5,10.3,15.5
2018-07-08T13:00:00Z,0.729,15.9,7.7,Port Kembla,27.720000000000002,SIMP_201812_WP,7,July,72.5,10.3,15.5
2018-07-08T14:00:00Z,0.836,15.9,8.2,Port Kembla,29.52,SIMP_201812_WP,7,July,72.5,10.3,15.5
2018-07-08T15:00:00Z,0.999,15.9,6.6,Port Kembla,23.759999999999998,SIMP_201812_WP,7,July,72.5,10.3,15.5
2018-07-08T16:00:00Z,1.206,15.9,5.7,Port Kembla,20.52,SIMP_201812_WP,7,July,72.5,10.3,15.5
2018-07-08T17:00:00Z,1.362,15.8,6.5,Port Kembla,23.400000000000002,SIMP_201812_WP,7,July,72.5,10.3,15.5
2018-07-08T18:00:00Z,1.451,15.8,5.3,Port Kembla,19.08,SIMP_201812_WP,7,July,72.5,10.3,15.5
2018-07-08T19:00:00Z,1.435,15.8,5.8,Port Kembla,20.88,SIMP_201812_WP,7,July,72.5,10.3,15.5
2018-07-08T20:00:00Z,1.306,15.9,7.8,Port Kembla,28.08,SIMP_201812_WP,7,July,72.5,10.3,15.5
2018-07-08T21:00:00Z,1.11,15.9,5.7,Port Kembla,20.52,SIMP_201812_WP,7,July,72.5,10.3,15.5
2018-07-08T22:00:00Z,0.883,15.8,6.7,Port Kembla,24.12,SIMP_201812_WP,7,July,72.5,10.3,15.5
2018-07-08T23:00:00Z,0.693,15.9,6.4,Port Kembla,23.040000000000003,SIMP_201812_WP,7,July,72.5,10.3,15.5
2018-07-09T00:00:00Z,0.58,15.9,5.8,Port Kembla,20.88,SIMP_201812_WP,7,July,72.5,10.3,15.5
2018-07-09T01:00:00Z,0.593,16,4.3,Port Kembla,15.48,SIMP_201812_WP,7,July,72.5,10.3,15.5
2018-07-09T02:00:00Z,0.726,16,4.5,Port Kembla,16.2,SIMP_201812_WP,7,July,72.5,10.3,15.5
2018-07-09T03:00:00Z,0.96,16,2.6,Port Kembla,9.360000000000001,SIMP_201812_WP,7,July,72.5,10.3,15.5
2018-07-09T04:00:00Z,1.251,16.1,2.8,Port Kembla,10.08,SIMP_201812_WP,7,July,72.5,10.3,15.5
2018-07-09T05:00:00Z,1.506,16.1,3.4,Port Kembla,12.24,SIMP_201812_WP,7,July,72.5,10.3,15.5
2018-07-09T06:00:00Z,1.696,16.1,3.4,Port Kembla,12.24,SIMP_201812_WP,7,July,72.5,10.3,15.5
2018-07-09T07:00:00Z,1.761,16.1,2.5,Port Kembla,9,SIMP_201812_WP,7,July,72.5,10.3,15.5
2018-07-09T08:00:00Z,1.693,16.2,1.5,Port Kembla,5.4,SIMP_201812_WP,7,July,72.5,10.3,15.5
2018-07-09T09:00:00Z,1.486,16.2,1.9,Port Kembla,6.84,SIMP_201812_WP,7,July,72.5,10.3,15.5
2018-07-09T10:00:00Z,1.217,16.1,1.9,Port Kembla,6.84,SIMP_201812_WP,7,July,72.5,10.3,15.5
2018-07-09T11:00:00Z,0.929,16.1,2.1,Port Kembla,7.5600000000000005,SIMP_201812_WP,7,July,72.5,10.3,15.5
2018-07-09T12:00:00Z,0.703,16.1,2.5,Port Kembla,9,SIMP_201812_WP,7,July,72.5,10.3,15.5
2018-07-09T13:00:00Z,0.584,16,2.6,Port Kembla,9.360000000000001,SIMP_201812_WP,7,July,72.5,10.3,15.5
2018-07-09T14:00:00Z,0.572,16.1,2.8,Port Kembla,10.08,SIMP_201812_WP,7,July,72.5,10.3,15.5
2018-07-09T15:00:00Z,0.688,16.2,4,Port Kembla,14.4,SIMP_201812_WP,7,July,72.5,10.3,15.5
2018-07-09T16:00:00Z,0.889,16.3,4.1,Port Kembla,14.76,SIMP_201812_WP,7,July,72.5,10.3,15.5
2018-07-09T17:00:00Z,1.104,16.4,3.4,Port Kembla,12.24,SIMP_201812_WP,7,July,72.5,10.3,15.5
2018-07-09T18:00:00Z,1.286,16.4,3.2,Port Kembla,11.520000000000001,SIMP_201812_WP,7,July,72.5,10.3,15.5
2018-07-09T19:00:00Z,1.388,16.4,3,Port Kembla,10.8,SIMP_201812_WP,7,July,72.5,10.3,15.5
2018-07-09T20:00:00Z,1.367,16.4,2.7,Port Kembla,9.72,SIMP_201812_WP,7,July,72.5,10.3,15.5
2018-07-09T21:00:00Z,1.221,16.4,2,Port Kembla,7.2,SIMP_201812_WP,7,July,72.5,10.3,15.5
2018-07-09T22:00:00Z,1.003,16.4,1.8,Port Kembla,6.48,SIMP_201812_WP,7,July,72.5,10.3,15.5
2018-07-09T23:00:00Z,0.764,16.4,2,Port Kembla,7.2,SIMP_201812_WP,7,July,72.5,10.3,15.5
2018-07-10T00:00:00Z,0.563,16.4,1.5,Port Kembla,5.4,SIMP_201812_WP,7,July,72.5,10.3,15.5
2018-07-10T01:00:00Z,0.461,16.4,2.9,Port Kembla,10.44,SIMP_201812_WP,7,July,72.5,10.3,15.5
2018-07-10T02:00:00Z,0.489,16.5,3,Port Kembla,10.8,SIMP_201812_WP,7,July,72.5,10.3,15.5
2018-07-10T03:00:00Z,0.67,16.6,3.9,Port Kembla,14.04,SIMP_201812_WP,7,July,72.5,10.3,15.5
2018-07-10T04:00:00Z,0.951,16.7,3.2,Port Kembla,11.520000000000001,SIMP_201812_WP,7,July,72.5,10.3,15.5
2018-07-10T05:00:00Z,1.277,16.6,1.8,Port Kembla,6.48,SIMP_201812_WP,7,July,72.5,10.3,15.5
2018-07-10T06:00:00Z,1.563,16.6,1.2,Port Kembla,4.32,SIMP_201812_WP,7,July,72.5,10.3,15.5
2018-07-10T07:00:00Z,1.753,16.6,0.1,Port Kembla,0.36000000000000004,SIMP_201812_WP,7,July,72.5,10.3,15.5
2018-07-10T08:00:00Z,1.804,16.6,2.4,Port Kembla,8.64,SIMP_201812_WP,7,July,72.5,10.3,15.5
2018-07-10T09:00:00Z,1.677,16.6,2.3,Port Kembla,8.28,SIMP_201812_WP,7,July,72.5,10.3,15.5
2018-07-10T10:00:00Z,1.424,16.6,2.3,Port Kembla,8.28,SIMP_201812_WP,7,July,72.5,10.3,15.5
2018-07-10T11:00:00Z,1.1,16.6,2.3,Port Kembla,8.28,SIMP_201812_WP,7,July,72.5,10.3,15.5
2018-07-10T12:00:00Z,0.773,16.6,1.7,Port Kembla,6.12,SIMP_201812_WP,7,July,72.5,10.3,15.5
2018-07-10T13:00:00Z,0.511,16.6,1.5,Port Kembla,5.4,SIMP_201812_WP,7,July,72.5,10.3,15.5
2018-07-10T14:00:00Z,0.37,16.5,1,Port Kembla,3.6,SIMP_201812_WP,7,July,72.5,10.3,15.5
2018-07-10T15:00:00Z,0.368,16.5,2.6,Port Kembla,9.360000000000001,SIMP_201812_WP,7,July,72.5,10.3,15.5
2018-07-10T16:00:00Z,0.514,16.4,1.8,Port Kembla,6.48,SIMP_201812_WP,7,July,72.5,10.3,15.5
2018-07-10T17:00:00Z,0.75,16.4,2.2,Port Kembla,7.920000000000001,SIMP_201812_WP,7,July,72.5,10.3,15.5
2018-07-10T18:00:00Z,1.018,16.4,1.1,Port Kembla,3.9600000000000004,SIMP_201812_WP,7,July,72.5,10.3,15.5
2018-07-10T19:00:00Z,1.242,16.4,1.3,Port Kembla,4.680000000000001,SIMP_201812_WP,7,July,72.5,10.3,15.5
2018-07-10T20:00:00Z,1.356,16.3,1.3,Port Kembla,4.680000000000001,SIMP_201812_WP,7,July,72.5,10.3,15.5
2018-07-10T21:00:00Z,1.337,16.3,2.4,Port Kembla,8.64,SIMP_201812_WP,7,July,72.5,10.3,15.5
2018-07-10T22:00:00Z,1.185,16.3,1.6,Port Kembla,5.760000000000001,SIMP_201812_WP,7,July,72.5,10.3,15.5
2018-07-10T23:00:00Z,0.956,16.3,1.2,Port Kembla,4.32,SIMP_201812_WP,7,July,72.5,10.3,15.5
2018-07-11T00:00:00Z,0.704,16.3,1.5,Port Kembla,5.4,SIMP_201812_WP,7,July,72.5,10.3,15.5
2018-07-11T01:00:00Z,0.509,16.4,4.4,Port Kembla,15.840000000000002,SIMP_201812_WP,7,July,72.5,10.3,15.5
2018-07-11T02:00:00Z,0.42,16.4,3.7,Port Kembla,13.32,SIMP_201812_WP,7,July,72.5,10.3,15.5
2018-07-11T03:00:00Z,0.478,16.6,3.2,Port Kembla,11.520000000000001,SIMP_201812_WP,7,July,72.5,10.3,15.5
2018-07-11T04:00:00Z,0.701,16.7,3.9,Port Kembla,14.04,SIMP_201812_WP,7,July,72.5,10.3,15.5
2018-07-11T05:00:00Z,1.023,16.7,4.5,Port Kembla,16.2,SIMP_201812_WP,7,July,72.5,10.3,15.5
2018-07-11T06:00:00Z,1.382,16.7,5.3,Port Kembla,19.08,SIMP_201812_WP,7,July,72.5,10.3,15.5
2018-07-11T07:00:00Z,1.686,16.7,6.3,Port Kembla,22.68,SIMP_201812_WP,7,July,72.5,10.3,15.5
2018-07-11T08:00:00Z,1.874,16.6,6.5,Port Kembla,23.400000000000002,SIMP_201812_WP,7,July,72.5,10.3,15.5
2018-07-11T09:00:00Z,1.892,16.6,3.8,Port Kembla,13.68,SIMP_201812_WP,7,July,72.5,10.3,15.5
2018-07-11T10:00:00Z,1.735,16.6,3.5,Port Kembla,12.6,SIMP_201812_WP,7,July,72.5,10.3,15.5
2018-07-11T11:00:00Z,1.424,16.6,2.4,Port Kembla,8.64,SIMP_201812_WP,7,July,72.5,10.3,15.5
2018-07-11T12:00:00Z,1.06,16.6,2,Port Kembla,7.2,SIMP_201812_WP,7,July,72.5,10.3,15.5
2018-07-11T13:00:00Z,0.689,16.6,2.4,Port Kembla,8.64,SIMP_201812_WP,7,July,72.5,10.3,15.5
2018-07-11T14:00:00Z,0.396,16.5,1.3,Port Kembla,4.680000000000001,SIMP_201812_WP,7,July,72.5,10.3,15.5
2018-07-11T15:00:00Z,0.238,16.5,0.9,Port Kembla,3.24,SIMP_201812_WP,7,July,72.5,10.3,15.5
2018-07-11T16:00:00Z,0.264,16.5,1.3,Port Kembla,4.680000000000001,SIMP_201812_WP,7,July,72.5,10.3,15.5
2018-07-11T17:00:00Z,0.45,16.5,1.5,Port Kembla,5.4,SIMP_201812_WP,7,July,72.5,10.3,15.5
2018-07-11T18:00:00Z,0.724,16.5,1.9,Port Kembla,6.84,SIMP_201812_WP,7,July,72.5,10.3,15.5
2018-07-11T19:00:00Z,1.025,16.5,1.8,Port Kembla,6.48,SIMP_201812_WP,7,July,72.5,10.3,15.5
2018-07-11T20:00:00Z,1.262,16.5,2,Port Kembla,7.2,SIMP_201812_WP,7,July,72.5,10.3,15.5
2018-07-11T21:00:00Z,1.383,16.5,1.7,Port Kembla,6.12,SIMP_201812_WP,7,July,72.5,10.3,15.5
2018-07-11T22:00:00Z,1.352,16.5,2.1,Port Kembla,7.5600000000000005,SIMP_201812_WP,7,July,72.5,10.3,15.5
2018-07-11T23:00:00Z,1.181,16.4,2.3,Port Kembla,8.28,SIMP_201812_WP,7,July,72.5,10.3,15.5
2018-07-12T00:00:00Z,0.918,16.4,0.7,Port Kembla,2.52,SIMP_201812_WP,7,July,72.5,10.3,15.5
2018-07-12T01:00:00Z,0.642,16.5,2.2,Port Kembla,7.920000000000001,SIMP_201812_WP,7,July,72.5,10.3,15.5
2018-07-12T02:00:00Z,0.439,16.6,3.4,Port Kembla,12.24,SIMP_201812_WP,7,July,72.5,10.3,15.5
2018-07-12T03:00:00Z,0.367,16.6,3.6,Port Kembla,12.96,SIMP_201812_WP,7,July,72.5,10.3,15.5
2018-07-12T04:00:00Z,0.462,16.6,3.9,Port Kembla,14.04,SIMP_201812_WP,7,July,72.5,10.3,15.5
2018-07-12T05:00:00Z,0.714,16.6,1.8,Port Kembla,6.48,SIMP_201812_WP,7,July,72.5,10.3,15.5
2018-07-12T06:00:00Z,1.069,16.6,2.2,Port Kembla,7.920000000000001,SIMP_201812_WP,7,July,72.5,10.3,15.5
2018-07-12T07:00:00Z,1.453,16.6,5,Port Kembla,18,SIMP_201812_WP,7,July,72.5,10.3,15.5
2018-07-12T08:00:00Z,1.766,16.6,2.5,Port Kembla,9,SIMP_201812_WP,7,July,72.5,10.3,15.5
2018-07-12T09:00:00Z,1.958,16.5,4.1,Port Kembla,14.76,SIMP_201812_WP,7,July,72.5,10.3,15.5
2018-07-12T10:00:00Z,1.959,16.5,2,Port Kembla,7.2,SIMP_201812_WP,7,July,72.5,10.3,15.5
2018-07-12T11:00:00Z,1.757,16.5,5.5,Port Kembla,19.8,SIMP_201812_WP,7,July,72.5,10.3,15.5
2018-07-12T12:00:00Z,1.403,16.4,3.3,Port Kembla,11.879999999999999,SIMP_201812_WP,7,July,72.5,10.3,15.5
2018-07-12T13:00:00Z,0.979,16.4,3.6,Port Kembla,12.96,SIMP_201812_WP,7,July,72.5,10.3,15.5
2018-07-12T14:00:00Z,0.581,16.4,4,Port Kembla,14.4,SIMP_201812_WP,7,July,72.5,10.3,15.5
2018-07-12T15:00:00Z,0.276,16.4,5.4,Port Kembla,19.44,SIMP_201812_WP,7,July,72.5,10.3,15.5
2018-07-12T16:00:00Z,0.131,16.4,5.3,Port Kembla,19.08,SIMP_201812_WP,7,July,72.5,10.3,15.5
2018-07-12T17:00:00Z,0.179,16.4,6.1,Port Kembla,21.96,SIMP_201812_WP,7,July,72.5,10.3,15.5
2018-07-12T18:00:00Z,0.393,16.3,4.3,Port Kembla,15.48,SIMP_201812_WP,7,July,72.5,10.3,15.5
2018-07-12T19:00:00Z,0.708,16.2,6.9,Port Kembla,24.840000000000003,SIMP_201812_WP,7,July,72.5,10.3,15.5
2018-07-12T20:00:00Z,1.024,16.2,5.7,Port Kembla,20.52,SIMP_201812_WP,7,July,72.5,10.3,15.5
2018-07-12T21:00:00Z,1.275,16,8.1,Port Kembla,29.16,SIMP_201812_WP,7,July,72.5,10.3,15.5
2018-07-12T22:00:00Z,1.392,15.9,8.6,Port Kembla,30.96,SIMP_201812_WP,7,July,72.5,10.3,15.5
2018-07-12T23:00:00Z,1.348,15.8,7.9,Port Kembla,28.44,SIMP_201812_WP,7,July,72.5,10.3,15.5
2018-07-13T00:00:00Z,1.146,15.8,4.7,Port Kembla,16.92,SIMP_201812_WP,7,July,72.5,10.3,15.5
2018-07-13T01:00:00Z,0.866,15.9,6.1,Port Kembla,21.96,SIMP_201812_WP,7,July,72.5,10.3,15.5
2018-07-13T02:00:00Z,0.584,15.9,6.7,Port Kembla,24.12,SIMP_201812_WP,7,July,72.5,10.3,15.5
2018-07-13T03:00:00Z,0.376,16,4.9,Port Kembla,17.64,SIMP_201812_WP,7,July,72.5,10.3,15.5
2018-07-13T04:00:00Z,0.321,16.3,4.9,Port Kembla,17.64,SIMP_201812_WP,7,July,72.5,10.3,15.5
2018-07-13T05:00:00Z,0.422,16.4,6.5,Port Kembla,23.400000000000002,SIMP_201812_WP,7,July,72.5,10.3,15.5
2018-07-13T06:00:00Z,0.701,16.4,6.2,Port Kembla,22.32,SIMP_201812_WP,7,July,72.5,10.3,15.5
2018-07-13T07:00:00Z,1.081,16.4,4.8,Port Kembla,17.28,SIMP_201812_WP,7,July,72.5,10.3,15.5
2018-07-13T08:00:00Z,1.474,16.4,4.9,Port Kembla,17.64,SIMP_201812_WP,7,July,72.5,10.3,15.5
2018-07-13T09:00:00Z,1.796,16.4,3.5,Port Kembla,12.6,SIMP_201812_WP,7,July,72.5,10.3,15.5
2018-07-13T10:00:00Z,1.967,16.4,4.6,Port Kembla,16.56,SIMP_201812_WP,7,July,72.5,10.3,15.5
2018-07-13T11:00:00Z,1.942,16.3,5.5,Port Kembla,19.8,SIMP_201812_WP,7,July,72.5,10.3,15.5
2018-07-13T12:00:00Z,1.713,16.3,5.5,Port Kembla,19.8,SIMP_201812_WP,7,July,72.5,10.3,15.5
2018-07-13T13:00:00Z,1.321,16.2,4.7,Port Kembla,16.92,SIMP_201812_WP,7,July,72.5,10.3,15.5
2018-07-13T14:00:00Z,0.867,16.2,4.3,Port Kembla,15.48,SIMP_201812_WP,7,July,72.5,10.3,15.5
2018-07-13T15:00:00Z,0.464,16.2,4.2,Port Kembla,15.120000000000001,SIMP_201812_WP,7,July,72.5,10.3,15.5
2018-07-13T16:00:00Z,0.167,16.2,4.5,Port Kembla,16.2,SIMP_201812_WP,7,July,72.5,10.3,15.5
2018-07-13T17:00:00Z,0.035,16.2,4.8,Port Kembla,17.28,SIMP_201812_WP,7,July,72.5,10.3,15.5
2018-07-13T18:00:00Z,0.105,16.1,3,Port Kembla,10.8,SIMP_201812_WP,7,July,72.5,10.3,15.5
2018-07-13T19:00:00Z,0.353,16.1,3.9,Port Kembla,14.04,SIMP_201812_WP,7,July,72.5,10.3,15.5
2018-07-13T20:00:00Z,0.682,16.1,2.8,Port Kembla,10.08,SIMP_201812_WP,7,July,72.5,10.3,15.5
2018-07-13T21:00:00Z,1.013,16,4.4,Port Kembla,15.840000000000002,SIMP_201812_WP,7,July,72.5,10.3,15.5
2018-07-13T22:00:00Z,1.26,16,3.3,Port Kembla,11.879999999999999,SIMP_201812_WP,7,July,72.5,10.3,15.5
2018-07-13T23:00:00Z,1.377,16.1,5.1,Port Kembla,18.36,SIMP_201812_WP,7,July,72.5,10.3,15.5
2018-07-14T00:00:00Z,1.322,16,5.2,Port Kembla,18.720000000000002,SIMP_201812_WP,7,July,72.5,10.3,15.5
2018-07-14T01:00:00Z,1.111,16.1,4.3,Port Kembla,15.48,SIMP_201812_WP,7,July,72.5,10.3,15.5
2018-07-14T02:00:00Z,0.829,16.1,4.9,Port Kembla,17.64,SIMP_201812_WP,7,July,72.5,10.3,15.5
2018-07-14T03:00:00Z,0.55,16.1,2.6,Port Kembla,9.360000000000001,SIMP_201812_WP,7,July,72.5,10.3,15.5
2018-07-14T04:00:00Z,0.373,16.1,2.9,Port Kembla,10.44,SIMP_201812_WP,7,July,72.5,10.3,15.5
2018-07-14T05:00:00Z,0.343,16.1,4,Port Kembla,14.4,SIMP_201812_WP,7,July,72.5,10.3,15.5
2018-07-14T06:00:00Z,0.478,16.1,3.5,Port Kembla,12.6,SIMP_201812_WP,7,July,72.5,10.3,15.5
2018-07-14T07:00:00Z,0.772,16.1,2.3,Port Kembla,8.28,SIMP_201812_WP,7,July,72.5,10.3,15.5
2018-07-14T08:00:00Z,1.178,16.1,2.5,Port Kembla,9,SIMP_201812_WP,7,July,72.5,10.3,15.5
2018-07-14T09:00:00Z,1.582,16.1,2.6,Port Kembla,9.360000000000001,SIMP_201812_WP,7,July,72.5,10.3,15.5
2018-07-14T10:00:00Z,1.892,16.1,2.8,Port Kembla,10.08,SIMP_201812_WP,7,July,72.5,10.3,15.5
2018-07-14T11:00:00Z,2.038,16.1,3,Port Kembla,10.8,SIMP_201812_WP,7,July,72.5,10.3,15.5
2018-07-14T12:00:00Z,1.993,16.1,3.2,Port Kembla,11.520000000000001,SIMP_201812_WP,7,July,72.5,10.3,15.5
2018-07-14T13:00:00Z,1.737,16,4.5,Port Kembla,16.2,SIMP_201812_WP,7,July,72.5,10.3,15.5
2018-07-14T14:00:00Z,1.323,16,6,Port Kembla,21.6,SIMP_201812_WP,7,July,72.5,10.3,15.5
2018-07-14T15:00:00Z,0.872,16,5.1,Port Kembla,18.36,SIMP_201812_WP,7,July,72.5,10.3,15.5
2018-07-14T16:00:00Z,0.47,15.8,7.2,Port Kembla,25.92,SIMP_201812_WP,7,July,72.5,10.3,15.5
2018-07-14T17:00:00Z,0.197,15.8,5.5,Port Kembla,19.8,SIMP_201812_WP,7,July,72.5,10.3,15.5
2018-07-14T18:00:00Z,0.085,15.7,4.9,Port Kembla,17.64,SIMP_201812_WP,7,July,72.5,10.3,15.5
2018-07-14T19:00:00Z,0.181,15.7,4.9,Port Kembla,17.64,SIMP_201812_WP,7,July,72.5,10.3,15.5
2018-07-14T20:00:00Z,0.427,15.7,4.6,Port Kembla,16.56,SIMP_201812_WP,7,July,72.5,10.3,15.5
2018-07-14T21:00:00Z,0.765,15.6,4.6,Port Kembla,16.56,SIMP_201812_WP,7,July,72.5,10.3,15.5
2018-07-14T22:00:00Z,1.087,15.5,4.5,Port Kembla,16.2,SIMP_201812_WP,7,July,72.5,10.3,15.5
2018-07-14T23:00:00Z,1.327,15.5,4.7,Port Kembla,16.92,SIMP_201812_WP,7,July,72.5,10.3,15.5
2018-07-15T00:00:00Z,1.432,15.6,5.3,Port Kembla,19.08,SIMP_201812_WP,7,July,72.5,10.3,15.5
2018-07-15T01:00:00Z,1.363,15.8,5.4,Port Kembla,19.44,SIMP_201812_WP,7,July,72.5,10.3,15.5
2018-07-15T02:00:00Z,1.153,15.9,5.4,Port Kembla,19.44,SIMP_201812_WP,7,July,72.5,10.3,15.5
2018-07-15T03:00:00Z,0.873,16.1,3.9,Port Kembla,14.04,SIMP_201812_WP,7,July,72.5,10.3,15.5
2018-07-15T04:00:00Z,0.613,16.1,3.1,Port Kembla,11.16,SIMP_201812_WP,7,July,72.5,10.3,15.5
2018-07-15T05:00:00Z,0.441,16.2,2.9,Port Kembla,10.44,SIMP_201812_WP,7,July,72.5,10.3,15.5
2018-07-15T06:00:00Z,0.409,16.2,1.6,Port Kembla,5.760000000000001,SIMP_201812_WP,7,July,72.5,10.3,15.5
2018-07-15T07:00:00Z,0.556,16.2,1,Port Kembla,3.6,SIMP_201812_WP,7,July,72.5,10.3,15.5
2018-07-15T08:00:00Z,0.853,16.2,5.4,Port Kembla,19.44,SIMP_201812_WP,7,July,72.5,10.3,15.5
2018-07-15T09:00:00Z,1.233,16.2,3.3,Port Kembla,11.879999999999999,SIMP_201812_WP,7,July,72.5,10.3,15.5
2018-07-15T10:00:00Z,1.605,16.2,3.5,Port Kembla,12.6,SIMP_201812_WP,7,July,72.5,10.3,15.5
2018-07-15T11:00:00Z,1.894,16.1,3.9,Port Kembla,14.04,SIMP_201812_WP,7,July,72.5,10.3,15.5
2018-07-15T12:00:00Z,2.025,16.1,4.2,Port Kembla,15.120000000000001,SIMP_201812_WP,7,July,72.5,10.3,15.5
2018-07-15T13:00:00Z,1.946,16,3.5,Port Kembla,12.6,SIMP_201812_WP,7,July,72.5,10.3,15.5
2018-07-15T14:00:00Z,1.67,15.9,3.7,Port Kembla,13.32,SIMP_201812_WP,7,July,72.5,10.3,15.5
2018-07-15T15:00:00Z,1.273,15.9,3.7,Port Kembla,13.32,SIMP_201812_WP,7,July,72.5,10.3,15.5
2018-07-15T16:00:00Z,0.842,15.9,5.3,Port Kembla,19.08,SIMP_201812_WP,7,July,72.5,10.3,15.5
2018-07-15T17:00:00Z,0.463,15.9,5.1,Port Kembla,18.36,SIMP_201812_WP,7,July,72.5,10.3,15.5
2018-07-15T18:00:00Z,0.201,15.9,3.5,Port Kembla,12.6,SIMP_201812_WP,7,July,72.5,10.3,15.5
2018-07-15T19:00:00Z,0.116,15.9,3.3,Port Kembla,11.879999999999999,SIMP_201812_WP,7,July,72.5,10.3,15.5
2018-07-15T20:00:00Z,0.222,15.8,2,Port Kembla,7.2,SIMP_201812_WP,7,July,72.5,10.3,15.5
2018-07-15T21:00:00Z,0.47,15.7,1.4,Port Kembla,5.04,SIMP_201812_WP,7,July,72.5,10.3,15.5
2018-07-15T22:00:00Z,0.787,15.6,3.6,Port Kembla,12.96,SIMP_201812_WP,7,July,72.5,10.3,15.5
2018-07-15T23:00:00Z,1.094,15.8,4.6,Port Kembla,16.56,SIMP_201812_WP,7,July,72.5,10.3,15.5
2018-07-16T00:00:00Z,1.322,15.8,5.1,Port Kembla,18.36,SIMP_201812_WP,7,July,72.5,10.3,15.5
2018-07-16T01:00:00Z,1.413,15.7,5.2,Port Kembla,18.720000000000002,SIMP_201812_WP,7,July,72.5,10.3,15.5
2018-07-16T02:00:00Z,1.338,15.7,6,Port Kembla,21.6,SIMP_201812_WP,7,July,72.5,10.3,15.5
2018-07-16T03:00:00Z,1.132,15.8,5.3,Port Kembla,19.08,SIMP_201812_WP,7,July,72.5,10.3,15.5
2018-07-16T04:00:00Z,0.872,15.8,7.7,Port Kembla,27.720000000000002,SIMP_201812_WP,7,July,72.5,10.3,15.5
2018-07-16T05:00:00Z,0.622,15.9,4.7,Port Kembla,16.92,SIMP_201812_WP,7,July,72.5,10.3,15.5
2018-07-16T06:00:00Z,0.458,16,6.4,Port Kembla,23.040000000000003,SIMP_201812_WP,7,July,72.5,10.3,15.5
2018-07-16T07:00:00Z,0.431,16,7.1,Port Kembla,25.56,SIMP_201812_WP,7,July,72.5,10.3,15.5
2018-07-16T08:00:00Z,0.576,16,4.2,Port Kembla,15.120000000000001,SIMP_201812_WP,7,July,72.5,10.3,15.5
2018-07-16T09:00:00Z,0.854,16,1.3,Port Kembla,4.680000000000001,SIMP_201812_WP,7,July,72.5,10.3,15.5
2018-07-16T10:00:00Z,1.21,16,1.5,Port Kembla,5.4,SIMP_201812_WP,7,July,72.5,10.3,15.5
2018-07-16T11:00:00Z,1.555,15.9,1.3,Port Kembla,4.680000000000001,SIMP_201812_WP,7,July,72.5,10.3,15.5
2018-07-16T12:00:00Z,1.808,15.9,0.8,Port Kembla,2.8800000000000003,SIMP_201812_WP,7,July,72.5,10.3,15.5
2018-07-16T13:00:00Z,1.907,15.9,0.6,Port Kembla,2.16,SIMP_201812_WP,7,July,72.5,10.3,15.5
2018-07-16T14:00:00Z,1.816,15.9,1,Port Kembla,3.6,SIMP_201812_WP,7,July,72.5,10.3,15.5
2018-07-16T15:00:00Z,1.551,15.9,4.1,Port Kembla,14.76,SIMP_201812_WP,7,July,72.5,10.3,15.5
2018-07-16T16:00:00Z,1.182,15.9,3.5,Port Kembla,12.6,SIMP_201812_WP,7,July,72.5,10.3,15.5
2018-07-16T17:00:00Z,0.794,15.9,6,Port Kembla,21.6,SIMP_201812_WP,7,July,72.5,10.3,15.5
2018-07-16T18:00:00Z,0.449,15.9,6.8,Port Kembla,24.48,SIMP_201812_WP,7,July,72.5,10.3,15.5
2018-07-16T19:00:00Z,0.227,15.9,3.8,Port Kembla,13.68,SIMP_201812_WP,7,July,72.5,10.3,15.5
2018-07-16T20:00:00Z,0.179,15.9,2.5,Port Kembla,9,SIMP_201812_WP,7,July,72.5,10.3,15.5
2018-07-16T21:00:00Z,0.303,15.7,3.4,Port Kembla,12.24,SIMP_201812_WP,7,July,72.5,10.3,15.5
2018-07-16T22:00:00Z,0.545,15.7,4.6,Port Kembla,16.56,SIMP_201812_WP,7,July,72.5,10.3,15.5
2018-07-16T23:00:00Z,0.851,15.7,4.1,Port Kembla,14.76,SIMP_201812_WP,7,July,72.5,10.3,15.5
2018-07-17T00:00:00Z,1.138,15.8,3.5,Port Kembla,12.6,SIMP_201812_WP,7,July,72.5,10.3,15.5
2018-07-17T01:00:00Z,1.351,15.9,4.3,Port Kembla,15.48,SIMP_201812_WP,7,July,72.5,10.3,15.5
2018-07-17T02:00:00Z,1.433,15.9,5.4,Port Kembla,19.44,SIMP_201812_WP,7,July,72.5,10.3,15.5
2018-07-17T03:00:00Z,1.357,16,7.4,Port Kembla,26.64,SIMP_201812_WP,7,July,72.5,10.3,15.5
2018-07-17T04:00:00Z,1.174,16,5.9,Port Kembla,21.240000000000002,SIMP_201812_WP,7,July,72.5,10.3,15.5
2018-07-17T05:00:00Z,0.933,16,4.5,Port Kembla,16.2,SIMP_201812_WP,7,July,72.5,10.3,15.5
2018-07-17T06:00:00Z,0.712,16.1,1.8,Port Kembla,6.48,SIMP_201812_WP,7,July,72.5,10.3,15.5
2018-07-17T07:00:00Z,0.566,16.1,5.8,Port Kembla,20.88,SIMP_201812_WP,7,July,72.5,10.3,15.5
2018-07-17T08:00:00Z,0.548,16.1,6.2,Port Kembla,22.32,SIMP_201812_WP,7,July,72.5,10.3,15.5
2018-07-17T09:00:00Z,0.689,16,6,Port Kembla,21.6,SIMP_201812_WP,7,July,72.5,10.3,15.5
2018-07-17T10:00:00Z,0.952,15.9,5.7,Port Kembla,20.52,SIMP_201812_WP,7,July,72.5,10.3,15.5
2018-07-17T11:00:00Z,1.244,15.9,4.2,Port Kembla,15.120000000000001,SIMP_201812_WP,7,July,72.5,10.3,15.5
2018-07-17T12:00:00Z,1.546,15.9,4.3,Port Kembla,15.48,SIMP_201812_WP,7,July,72.5,10.3,15.5
2018-07-17T13:00:00Z,1.755,15.8,3.7,Port Kembla,13.32,SIMP_201812_WP,7,July,72.5,10.3,15.5
2018-07-17T14:00:00Z,1.824,16.2,1.3,Port Kembla,4.680000000000001,SIMP_201812_WP,7,July,72.5,10.3,15.5
2018-07-17T15:00:00Z,1.704,16.2,7.9,Port Kembla,28.44,SIMP_201812_WP,7,July,72.5,10.3,15.5
2018-07-17T16:00:00Z,1.457,16.2,7.8,Port Kembla,28.08,SIMP_201812_WP,7,July,72.5,10.3,15.5
2018-07-17T17:00:00Z,1.119,16,1.9,Port Kembla,6.84,SIMP_201812_WP,7,July,72.5,10.3,15.5
2018-07-17T18:00:00Z,0.766,16.1,4.8,Port Kembla,17.28,SIMP_201812_WP,7,July,72.5,10.3,15.5
2018-07-17T19:00:00Z,0.47,16.1,5.4,Port Kembla,19.44,SIMP_201812_WP,7,July,72.5,10.3,15.5
2018-07-17T20:00:00Z,0.285,16.1,4.7,Port Kembla,16.92,SIMP_201812_WP,7,July,72.5,10.3,15.5
2018-07-17T21:00:00Z,0.264,16,4.3,Port Kembla,15.48,SIMP_201812_WP,7,July,72.5,10.3,15.5
2018-07-17T22:00:00Z,0.386,15.9,3.5,Port Kembla,12.6,SIMP_201812_WP,7,July,72.5,10.3,15.5
2018-07-17T23:00:00Z,0.617,15.9,5.2,Port Kembla,18.720000000000002,SIMP_201812_WP,7,July,72.5,10.3,15.5
2018-07-18T00:00:00Z,0.899,15.8,4.3,Port Kembla,15.48,SIMP_201812_WP,7,July,72.5,10.3,15.5
2018-07-18T01:00:00Z,1.166,15.9,3.9,Port Kembla,14.04,SIMP_201812_WP,7,July,72.5,10.3,15.5
2018-07-18T02:00:00Z,1.363,16.2,4.3,Port Kembla,15.48,SIMP_201812_WP,7,July,72.5,10.3,15.5
2018-07-18T03:00:00Z,1.42,16.3,3,Port Kembla,10.8,SIMP_201812_WP,7,July,72.5,10.3,15.5
2018-07-18T04:00:00Z,1.354,16.5,5.5,Port Kembla,19.8,SIMP_201812_WP,7,July,72.5,10.3,15.5
2018-07-18T05:00:00Z,1.171,16.5,4.3,Port Kembla,15.48,SIMP_201812_WP,7,July,72.5,10.3,15.5
2018-07-18T06:00:00Z,0.94,16.6,4.3,Port Kembla,15.48,SIMP_201812_WP,7,July,72.5,10.3,15.5
2018-07-18T07:00:00Z,0.726,16.5,2.8,Port Kembla,10.08,SIMP_201812_WP,7,July,72.5,10.3,15.5
2018-07-18T08:00:00Z,0.597,16.5,1.4,Port Kembla,5.04,SIMP_201812_WP,7,July,72.5,10.3,15.5
2018-07-18T09:00:00Z,0.574,16.4,1.9,Port Kembla,6.84,SIMP_201812_WP,7,July,72.5,10.3,15.5
2018-07-18T10:00:00Z,0.677,16.3,3.3,Port Kembla,11.879999999999999,SIMP_201812_WP,7,July,72.5,10.3,15.5
2018-07-18T11:00:00Z,0.882,16.3,6.1,Port Kembla,21.96,SIMP_201812_WP,7,July,72.5,10.3,15.5
2018-07-18T12:00:00Z,1.138,16.2,3.3,Port Kembla,11.879999999999999,SIMP_201812_WP,7,July,72.5,10.3,15.5
2018-07-18T13:00:00Z,1.381,16.4,1.7,Port Kembla,6.12,SIMP_201812_WP,7,July,72.5,10.3,15.5
2018-07-18T14:00:00Z,1.542,16.6,1.5,Port Kembla,5.4,SIMP_201812_WP,7,July,72.5,10.3,15.5
2018-07-18T15:00:00Z,1.59,16.6,1.9,Port Kembla,6.84,SIMP_201812_WP,7,July,72.5,10.3,15.5
2018-07-18T16:00:00Z,1.497,16.6,5.2,Port Kembla,18.720000000000002,SIMP_201812_WP,7,July,72.5,10.3,15.5
2018-07-18T17:00:00Z,1.28,16.5,7.3,Port Kembla,26.28,SIMP_201812_WP,7,July,72.5,10.3,15.5
2018-07-18T18:00:00Z,1.005,16.4,4.6,Port Kembla,16.56,SIMP_201812_WP,7,July,72.5,10.3,15.5
2018-07-18T19:00:00Z,0.729,16.4,4.6,Port Kembla,16.56,SIMP_201812_WP,7,July,72.5,10.3,15.5
2018-07-18T20:00:00Z,0.509,16.5,4.1,Port Kembla,14.76,SIMP_201812_WP,7,July,72.5,10.3,15.5
2018-07-18T21:00:00Z,0.382,16.4,2.7,Port Kembla,9.72,SIMP_201812_WP,7,July,72.5,10.3,15.5
2018-07-18T22:00:00Z,0.393,16.4,3.2,Port Kembla,11.520000000000001,SIMP_201812_WP,7,July,72.5,10.3,15.5
2018-07-18T23:00:00Z,0.535,16.3,3.2,Port Kembla,11.520000000000001,SIMP_201812_WP,7,July,72.5,10.3,15.5
2018-07-19T00:00:00Z,0.757,16.3,2,Port Kembla,7.2,SIMP_201812_WP,7,July,72.5,10.3,15.5
2018-07-19T01:00:00Z,1.018,16.2,3.8,Port Kembla,13.68,SIMP_201812_WP,7,July,72.5,10.3,15.5
2018-07-19T02:00:00Z,1.26,16.4,5.2,Port Kembla,18.720000000000002,SIMP_201812_WP,7,July,72.5,10.3,15.5
2018-07-19T03:00:00Z,1.429,16.5,5.1,Port Kembla,18.36,SIMP_201812_WP,7,July,72.5,10.3,15.5
2018-07-19T04:00:00Z,1.48,16.7,5.5,Port Kembla,19.8,SIMP_201812_WP,7,July,72.5,10.3,15.5
2018-07-19T05:00:00Z,1.409,16.8,6.2,Port Kembla,22.32,SIMP_201812_WP,7,July,72.5,10.3,15.5
2018-07-19T06:00:00Z,1.252,16.8,4.9,Port Kembla,17.64,SIMP_201812_WP,7,July,72.5,10.3,15.5
2018-07-19T07:00:00Z,1.049,16.8,5.2,Port Kembla,18.720000000000002,SIMP_201812_WP,7,July,72.5,10.3,15.5
2018-07-19T08:00:00Z,0.861,16.8,2.9,Port Kembla,10.44,SIMP_201812_WP,7,July,72.5,10.3,15.5
2018-07-19T09:00:00Z,0.732,16.8,3.9,Port Kembla,14.04,SIMP_201812_WP,7,July,72.5,10.3,15.5
2018-07-19T10:00:00Z,0.711,16.7,4,Port Kembla,14.4,SIMP_201812_WP,7,July,72.5,10.3,15.5
2018-07-19T11:00:00Z,0.789,16.7,2.4,Port Kembla,8.64,SIMP_201812_WP,7,July,72.5,10.3,15.5
2018-07-19T12:00:00Z,0.95,16.7,1.6,Port Kembla,5.760000000000001,SIMP_201812_WP,7,July,72.5,10.3,15.5
2018-07-19T13:00:00Z,1.165,16.7,5,Port Kembla,18,SIMP_201812_WP,7,July,72.5,10.3,15.5
2018-07-19T14:00:00Z,1.364,16.6,6.5,Port Kembla,23.400000000000002,SIMP_201812_WP,7,July,72.5,10.3,15.5
2018-07-19T15:00:00Z,1.495,16.6,5.9,Port Kembla,21.240000000000002,SIMP_201812_WP,7,July,72.5,10.3,15.5
2018-07-19T16:00:00Z,1.528,16.5,3.4,Port Kembla,12.24,SIMP_201812_WP,7,July,72.5,10.3,15.5
2018-07-19T17:00:00Z,1.451,16.5,4,Port Kembla,14.4,SIMP_201812_WP,7,July,72.5,10.3,15.5
2018-07-19T18:00:00Z,1.277,16.5,1.6,Port Kembla,5.760000000000001,SIMP_201812_WP,7,July,72.5,10.3,15.5
2018-07-19T19:00:00Z,1.054,16.5,0.9,Port Kembla,3.24,SIMP_201812_WP,7,July,72.5,10.3,15.5
2018-07-19T20:00:00Z,0.843,16.5,1.5,Port Kembla,5.4,SIMP_201812_WP,7,July,72.5,10.3,15.5
2018-07-19T21:00:00Z,0.664,16.5,1.9,Port Kembla,6.84,SIMP_201812_WP,7,July,72.5,10.3,15.5
2018-07-19T22:00:00Z,0.576,16.5,2.8,Port Kembla,10.08,SIMP_201812_WP,7,July,72.5,10.3,15.5
2018-07-19T23:00:00Z,0.614,16.5,3.2,Port Kembla,11.520000000000001,SIMP_201812_WP,7,July,72.5,10.3,15.5
2018-07-20T00:00:00Z,0.743,16.5,7.8,Port Kembla,28.08,SIMP_201812_WP,7,July,72.5,10.3,15.5
2018-07-20T01:00:00Z,0.96,16.5,9.5,Port Kembla,34.2,SIMP_201812_WP,7,July,72.5,10.3,15.5
2018-07-20T02:00:00Z,1.157,16.5,15.1,Port Kembla,54.36,SIMP_201812_WP,7,July,72.5,10.3,15.5
2018-07-20T03:00:00Z,1.346,16.2,13.6,Port Kembla,48.96,SIMP_201812_WP,7,July,72.5,10.3,15.5
2018-07-20T04:00:00Z,1.493,16.2,13.2,Port Kembla,47.519999999999996,SIMP_201812_WP,7,July,72.5,10.3,15.5
2018-07-20T05:00:00Z,1.509,16.2,12.9,Port Kembla,46.440000000000005,SIMP_201812_WP,7,July,72.5,10.3,15.5
2018-07-20T06:00:00Z,1.426,16.3,10.4,Port Kembla,37.440000000000005,SIMP_201812_WP,7,July,72.5,10.3,15.5
2018-07-20T07:00:00Z,1.26,16.2,9.3,Port Kembla,33.480000000000004,SIMP_201812_WP,7,July,72.5,10.3,15.5
2018-07-20T08:00:00Z,1.058,16.2,6.9,Port Kembla,24.840000000000003,SIMP_201812_WP,7,July,72.5,10.3,15.5
2018-07-20T09:00:00Z,0.858,16.2,11.5,Port Kembla,41.4,SIMP_201812_WP,7,July,72.5,10.3,15.5
2018-07-20T10:00:00Z,0.729,16,7,Port Kembla,25.2,SIMP_201812_WP,7,July,72.5,10.3,15.5
2018-07-20T11:00:00Z,0.675,15.9,12.4,Port Kembla,44.64,SIMP_201812_WP,7,July,72.5,10.3,15.5
2018-07-20T12:00:00Z,0.729,15.9,12.3,Port Kembla,44.28,SIMP_201812_WP,7,July,72.5,10.3,15.5
2018-07-20T13:00:00Z,0.851,15.7,14.3,Port Kembla,51.480000000000004,SIMP_201812_WP,7,July,72.5,10.3,15.5
2018-07-20T14:00:00Z,1.026,15.8,11.2,Port Kembla,40.32,SIMP_201812_WP,7,July,72.5,10.3,15.5
2018-07-20T15:00:00Z,1.2,15.8,9.3,Port Kembla,33.480000000000004,SIMP_201812_WP,7,July,72.5,10.3,15.5
2018-07-20T16:00:00Z,1.309,15.9,10.8,Port Kembla,38.88,SIMP_201812_WP,7,July,72.5,10.3,15.5
2018-07-20T17:00:00Z,1.339,15.8,10.2,Port Kembla,36.72,SIMP_201812_WP,7,July,72.5,10.3,15.5
2018-07-20T18:00:00Z,1.271,15.8,11,Port Kembla,39.6,SIMP_201812_WP,7,July,72.5,10.3,15.5
2018-07-20T19:00:00Z,1.119,15.7,9.4,Port Kembla,33.84,SIMP_201812_WP,7,July,72.5,10.3,15.5
2018-07-20T20:00:00Z,0.926,15.7,9.2,Port Kembla,33.12,SIMP_201812_WP,7,July,72.5,10.3,15.5
2018-07-20T21:00:00Z,0.722,15.6,3.4,Port Kembla,12.24,SIMP_201812_WP,7,July,72.5,10.3,15.5
2018-07-20T22:00:00Z,0.562,15.7,7.5,Port Kembla,27,SIMP_201812_WP,7,July,72.5,10.3,15.5
2018-07-20T23:00:00Z,0.498,15.7,8.1,Port Kembla,29.16,SIMP_201812_WP,7,July,72.5,10.3,15.5
2018-07-21T00:00:00Z,0.534,15.6,5.4,Port Kembla,19.44,SIMP_201812_WP,7,July,72.5,10.3,15.5
2018-07-21T01:00:00Z,0.678,15.6,5.9,Port Kembla,21.240000000000002,SIMP_201812_WP,7,July,72.5,10.3,15.5
2018-07-21T02:00:00Z,0.888,15.7,2.4,Port Kembla,8.64,SIMP_201812_WP,7,July,72.5,10.3,15.5
2018-07-21T03:00:00Z,1.122,15.8,2.8,Port Kembla,10.08,SIMP_201812_WP,7,July,72.5,10.3,15.5
2018-07-21T04:00:00Z,1.332,15.9,2.2,Port Kembla,7.920000000000001,SIMP_201812_WP,7,July,72.5,10.3,15.5
2018-07-21T05:00:00Z,1.467,16,2.3,Port Kembla,8.28,SIMP_201812_WP,7,July,72.5,10.3,15.5
2018-07-21T06:00:00Z,1.491,16.2,2,Port Kembla,7.2,SIMP_201812_WP,7,July,72.5,10.3,15.5
2018-07-21T07:00:00Z,1.403,16.2,1.8,Port Kembla,6.48,SIMP_201812_WP,7,July,72.5,10.3,15.5
2018-07-21T08:00:00Z,1.244,16.3,1.4,Port Kembla,5.04,SIMP_201812_WP,7,July,72.5,10.3,15.5
2018-07-21T09:00:00Z,1.037,16.3,1.8,Port Kembla,6.48,SIMP_201812_WP,7,July,72.5,10.3,15.5
2018-07-21T10:00:00Z,0.837,16.3,3.3,Port Kembla,11.879999999999999,SIMP_201812_WP,7,July,72.5,10.3,15.5
2018-07-21T11:00:00Z,0.693,16.3,2.5,Port Kembla,9,SIMP_201812_WP,7,July,72.5,10.3,15.5
2018-07-21T12:00:00Z,0.642,16.2,5.2,Port Kembla,18.720000000000002,SIMP_201812_WP,7,July,72.5,10.3,15.5
2018-07-21T13:00:00Z,0.673,16.2,3.8,Port Kembla,13.68,SIMP_201812_WP,7,July,72.5,10.3,15.5
2018-07-21T14:00:00Z,0.787,16.1,4.7,Port Kembla,16.92,SIMP_201812_WP,7,July,72.5,10.3,15.5
2018-07-21T15:00:00Z,0.942,16,3.2,Port Kembla,11.520000000000001,SIMP_201812_WP,7,July,72.5,10.3,15.5
2018-07-21T16:00:00Z,1.098,15.9,2.2,Port Kembla,7.920000000000001,SIMP_201812_WP,7,July,72.5,10.3,15.5
2018-07-21T17:00:00Z,1.213,15.9,2.9,Port Kembla,10.44,SIMP_201812_WP,7,July,72.5,10.3,15.5
2018-07-21T18:00:00Z,1.249,15.8,4.2,Port Kembla,15.120000000000001,SIMP_201812_WP,7,July,72.5,10.3,15.5
2018-07-21T19:00:00Z,1.193,15.8,3,Port Kembla,10.8,SIMP_201812_WP,7,July,72.5,10.3,15.5
2018-07-21T20:00:00Z,1.062,15.7,2,Port Kembla,7.2,SIMP_201812_WP,7,July,72.5,10.3,15.5
2018-07-21T21:00:00Z,0.892,15.7,1.5,Port Kembla,5.4,SIMP_201812_WP,7,July,72.5,10.3,15.5
2018-07-21T22:00:00Z,0.718,15.7,2,Port Kembla,7.2,SIMP_201812_WP,7,July,72.5,10.3,15.5
2018-07-21T23:00:00Z,0.595,15.7,1.5,Port Kembla,5.4,SIMP_201812_WP,7,July,72.5,10.3,15.5
2018-07-22T00:00:00Z,0.562,15.8,1.5,Port Kembla,5.4,SIMP_201812_WP,7,July,72.5,10.3,15.5
2018-07-22T01:00:00Z,0.627,15.8,2.1,Port Kembla,7.5600000000000005,SIMP_201812_WP,7,July,72.5,10.3,15.5
2018-07-22T02:00:00Z,0.789,15.9,3.5,Port Kembla,12.6,SIMP_201812_WP,7,July,72.5,10.3,15.5
2018-07-22T03:00:00Z,1.005,16,5.2,Port Kembla,18.720000000000002,SIMP_201812_WP,7,July,72.5,10.3,15.5
2018-07-22T04:00:00Z,1.233,16.1,5.1,Port Kembla,18.36,SIMP_201812_WP,7,July,72.5,10.3,15.5
2018-07-22T05:00:00Z,1.416,16.1,5.8,Port Kembla,20.88,SIMP_201812_WP,7,July,72.5,10.3,15.5
2018-07-22T06:00:00Z,1.526,16.2,5.5,Port Kembla,19.8,SIMP_201812_WP,7,July,72.5,10.3,15.5
2018-07-22T07:00:00Z,1.521,16.3,6.7,Port Kembla,24.12,SIMP_201812_WP,7,July,72.5,10.3,15.5
2018-07-22T08:00:00Z,1.428,16.3,6.5,Port Kembla,23.400000000000002,SIMP_201812_WP,7,July,72.5,10.3,15.5
2018-07-22T09:00:00Z,1.244,16.3,4.2,Port Kembla,15.120000000000001,SIMP_201812_WP,7,July,72.5,10.3,15.5
2018-07-22T10:00:00Z,1.027,16.3,2.9,Port Kembla,10.44,SIMP_201812_WP,7,July,72.5,10.3,15.5
2018-07-22T11:00:00Z,0.815,16.3,3,Port Kembla,10.8,SIMP_201812_WP,7,July,72.5,10.3,15.5
2018-07-22T12:00:00Z,0.659,16.3,1.9,Port Kembla,6.84,SIMP_201812_WP,7,July,72.5,10.3,15.5
2018-07-22T13:00:00Z,0.593,16.2,1.8,Port Kembla,6.48,SIMP_201812_WP,7,July,72.5,10.3,15.5
2018-07-22T14:00:00Z,0.621,16.2,3.7,Port Kembla,13.32,SIMP_201812_WP,7,July,72.5,10.3,15.5
2018-07-22T15:00:00Z,0.733,16.2,2.2,Port Kembla,7.920000000000001,SIMP_201812_WP,7,July,72.5,10.3,15.5
2018-07-22T16:00:00Z,0.884,16.1,2.3,Port Kembla,8.28,SIMP_201812_WP,7,July,72.5,10.3,15.5
2018-07-22T17:00:00Z,1.039,16.1,4.2,Port Kembla,15.120000000000001,SIMP_201812_WP,7,July,72.5,10.3,15.5
2018-07-22T18:00:00Z,1.152,15.9,3.2,Port Kembla,11.520000000000001,SIMP_201812_WP,7,July,72.5,10.3,15.5
2018-07-22T19:00:00Z,1.185,15.9,2.4,Port Kembla,8.64,SIMP_201812_WP,7,July,72.5,10.3,15.5
2018-07-22T20:00:00Z,1.132,15.9,1.7,Port Kembla,6.12,SIMP_201812_WP,7,July,72.5,10.3,15.5
2018-07-22T21:00:00Z,1.006,16,1,Port Kembla,3.6,SIMP_201812_WP,7,July,72.5,10.3,15.5
2018-07-22T22:00:00Z,0.841,16.1,1.8,Port Kembla,6.48,SIMP_201812_WP,7,July,72.5,10.3,15.5
2018-07-22T23:00:00Z,0.692,16.1,0.4,Port Kembla,1.4400000000000002,SIMP_201812_WP,7,July,72.5,10.3,15.5
2018-07-23T00:00:00Z,0.588,16.1,1,Port Kembla,3.6,SIMP_201812_WP,7,July,72.5,10.3,15.5
2018-07-23T01:00:00Z,0.579,16.1,2.4,Port Kembla,8.64,SIMP_201812_WP,7,July,72.5,10.3,15.5
2018-07-23T02:00:00Z,0.661,16.2,3.2,Port Kembla,11.520000000000001,SIMP_201812_WP,7,July,72.5,10.3,15.5
2018-07-23T03:00:00Z,0.843,16.1,3.8,Port Kembla,13.68,SIMP_201812_WP,7,July,72.5,10.3,15.5
2018-07-23T04:00:00Z,1.078,16.1,4,Port Kembla,14.4,SIMP_201812_WP,7,July,72.5,10.3,15.5
2018-07-23T05:00:00Z,1.307,16.2,5.6,Port Kembla,20.16,SIMP_201812_WP,7,July,72.5,10.3,15.5
2018-07-23T06:00:00Z,1.497,16.1,6.8,Port Kembla,24.48,SIMP_201812_WP,7,July,72.5,10.3,15.5
2018-07-23T07:00:00Z,1.599,16.1,6.8,Port Kembla,24.48,SIMP_201812_WP,7,July,72.5,10.3,15.5
2018-07-23T08:00:00Z,1.59,16.1,4,Port Kembla,14.4,SIMP_201812_WP,7,July,72.5,10.3,15.5
2018-07-23T09:00:00Z,1.457,16.1,2.2,Port Kembla,7.920000000000001,SIMP_201812_WP,7,July,72.5,10.3,15.5
2018-07-23T10:00:00Z,1.262,16.1,2.2,Port Kembla,7.920000000000001,SIMP_201812_WP,7,July,72.5,10.3,15.5
2018-07-23T11:00:00Z,1.03,16.1,2.4,Port Kembla,8.64,SIMP_201812_WP,7,July,72.5,10.3,15.5
2018-07-23T12:00:00Z,0.808,16.1,3.3,Port Kembla,11.879999999999999,SIMP_201812_WP,7,July,72.5,10.3,15.5
2018-07-23T13:00:00Z,0.648,16,4.3,Port Kembla,15.48,SIMP_201812_WP,7,July,72.5,10.3,15.5
2018-07-23T14:00:00Z,0.583,16.1,1.5,Port Kembla,5.4,SIMP_201812_WP,7,July,72.5,10.3,15.5
2018-07-23T15:00:00Z,0.632,16.1,3,Port Kembla,10.8,SIMP_201812_WP,7,July,72.5,10.3,15.5
2018-07-23T16:00:00Z,0.734,16.1,3.2,Port Kembla,11.520000000000001,SIMP_201812_WP,7,July,72.5,10.3,15.5
2018-07-23T17:00:00Z,0.918,16.1,2.5,Port Kembla,9,SIMP_201812_WP,7,July,72.5,10.3,15.5
2018-07-23T18:00:00Z,1.091,16,2.8,Port Kembla,10.08,SIMP_201812_WP,7,July,72.5,10.3,15.5
2018-07-23T19:00:00Z,1.213,16,4.2,Port Kembla,15.120000000000001,SIMP_201812_WP,7,July,72.5,10.3,15.5
2018-07-23T20:00:00Z,1.251,16,2.2,Port Kembla,7.920000000000001,SIMP_201812_WP,7,July,72.5,10.3,15.5
2018-07-23T21:00:00Z,1.191,16,2.6,Port Kembla,9.360000000000001,SIMP_201812_WP,7,July,72.5,10.3,15.5
2018-07-23T22:00:00Z,1.049,15.9,1.7,Port Kembla,6.12,SIMP_201812_WP,7,July,72.5,10.3,15.5
2018-07-23T23:00:00Z,0.875,15.9,1.8,Port Kembla,6.48,SIMP_201812_WP,7,July,72.5,10.3,15.5
2018-07-24T00:00:00Z,0.722,15.9,2.8,Port Kembla,10.08,SIMP_201812_WP,7,July,72.5,10.3,15.5
2018-07-24T01:00:00Z,0.629,16,2.9,Port Kembla,10.44,SIMP_201812_WP,7,July,72.5,10.3,15.5
2018-07-24T02:00:00Z,0.627,16.1,2.9,Port Kembla,10.44,SIMP_201812_WP,7,July,72.5,10.3,15.5
2018-07-24T03:00:00Z,0.736,16.2,4,Port Kembla,14.4,SIMP_201812_WP,7,July,72.5,10.3,15.5
2018-07-24T04:00:00Z,0.942,16.3,4.8,Port Kembla,17.28,SIMP_201812_WP,7,July,72.5,10.3,15.5
2018-07-24T05:00:00Z,1.182,16.3,3.3,Port Kembla,11.879999999999999,SIMP_201812_WP,7,July,72.5,10.3,15.5
2018-07-24T06:00:00Z,1.418,16.2,1.2,Port Kembla,4.32,SIMP_201812_WP,7,July,72.5,10.3,15.5
2018-07-24T07:00:00Z,1.598,16.3,5.8,Port Kembla,20.88,SIMP_201812_WP,7,July,72.5,10.3,15.5
2018-07-24T08:00:00Z,1.679,16.2,4.3,Port Kembla,15.48,SIMP_201812_WP,7,July,72.5,10.3,15.5
2018-07-24T09:00:00Z,1.628,16.2,4.3,Port Kembla,15.48,SIMP_201812_WP,7,July,72.5,10.3,15.5
2018-07-24T10:00:00Z,1.475,16.2,3.6,Port Kembla,12.96,SIMP_201812_WP,7,July,72.5,10.3,15.5
2018-07-24T11:00:00Z,1.236,16.2,0.7,Port Kembla,2.52,SIMP_201812_WP,7,July,72.5,10.3,15.5
2018-07-24T12:00:00Z,0.965,16.2,0.2,Port Kembla,0.7200000000000001,SIMP_201812_WP,7,July,72.5,10.3,15.5
2018-07-24T13:00:00Z,0.719,16.1,2.2,Port Kembla,7.920000000000001,SIMP_201812_WP,7,July,72.5,10.3,15.5
2018-07-24T14:00:00Z,0.554,16.1,1.3,Port Kembla,4.680000000000001,SIMP_201812_WP,7,July,72.5,10.3,15.5
2018-07-24T15:00:00Z,0.495,16.1,0.7,Port Kembla,2.52,SIMP_201812_WP,7,July,72.5,10.3,15.5
2018-07-24T16:00:00Z,0.558,16.1,1.9,Port Kembla,6.84,SIMP_201812_WP,7,July,72.5,10.3,15.5
2018-07-24T17:00:00Z,0.717,16.1,3.5,Port Kembla,12.6,SIMP_201812_WP,7,July,72.5,10.3,15.5
2018-07-24T18:00:00Z,0.914,15.9,2.5,Port Kembla,9,SIMP_201812_WP,7,July,72.5,10.3,15.5
2018-07-24T19:00:00Z,1.092,15.9,0.7,Port Kembla,2.52,SIMP_201812_WP,7,July,72.5,10.3,15.5
2018-07-24T20:00:00Z,1.191,16,0.9,Port Kembla,3.24,SIMP_201812_WP,7,July,72.5,10.3,15.5
2018-07-24T21:00:00Z,1.201,16,2.8,Port Kembla,10.08,SIMP_201812_WP,7,July,72.5,10.3,15.5
2018-07-24T22:00:00Z,1.106,16,3.7,Port Kembla,13.32,SIMP_201812_WP,7,July,72.5,10.3,15.5
2018-07-24T23:00:00Z,0.946,16,4.7,Port Kembla,16.92,SIMP_201812_WP,7,July,72.5,10.3,15.5
2018-07-25T00:00:00Z,0.763,16,5.3,Port Kembla,19.08,SIMP_201812_WP,7,July,72.5,10.3,15.5
2018-07-25T01:00:00Z,0.615,16,5.2,Port Kembla,18.720000000000002,SIMP_201812_WP,7,July,72.5,10.3,15.5
2018-07-25T02:00:00Z,0.527,16.1,9,Port Kembla,32.4,SIMP_201812_WP,7,July,72.5,10.3,15.5
2018-07-25T03:00:00Z,0.556,16.1,7.9,Port Kembla,28.44,SIMP_201812_WP,7,July,72.5,10.3,15.5
2018-07-25T04:00:00Z,0.703,16.2,8.7,Port Kembla,31.319999999999997,SIMP_201812_WP,7,July,72.5,10.3,15.5
2018-07-25T05:00:00Z,0.927,16.2,8.6,Port Kembla,30.96,SIMP_201812_WP,7,July,72.5,10.3,15.5
2018-07-25T06:00:00Z,1.183,16.2,9.2,Port Kembla,33.12,SIMP_201812_WP,7,July,72.5,10.3,15.5
2018-07-25T07:00:00Z,1.415,16.2,6.3,Port Kembla,22.68,SIMP_201812_WP,7,July,72.5,10.3,15.5
2018-07-25T08:00:00Z,1.581,16.1,5.1,Port Kembla,18.36,SIMP_201812_WP,7,July,72.5,10.3,15.5
2018-07-25T09:00:00Z,1.631,16.1,4.3,Port Kembla,15.48,SIMP_201812_WP,7,July,72.5,10.3,15.5
2018-07-25T10:00:00Z,1.552,16.1,5.2,Port Kembla,18.720000000000002,SIMP_201812_WP,7,July,72.5,10.3,15.5
2018-07-25T11:00:00Z,1.333,16.1,3.9,Port Kembla,14.04,SIMP_201812_WP,7,July,72.5,10.3,15.5
2018-07-25T12:00:00Z,1.055,16.1,2.5,Port Kembla,9,SIMP_201812_WP,7,July,72.5,10.3,15.5
2018-07-25T13:00:00Z,0.769,16.1,1.2,Port Kembla,4.32,SIMP_201812_WP,7,July,72.5,10.3,15.5
2018-07-25T14:00:00Z,0.541,16.1,1.6,Port Kembla,5.760000000000001,SIMP_201812_WP,7,July,72.5,10.3,15.5
2018-07-25T15:00:00Z,0.413,16,3,Port Kembla,10.8,SIMP_201812_WP,7,July,72.5,10.3,15.5
2018-07-25T16:00:00Z,0.403,16.1,2.3,Port Kembla,8.28,SIMP_201812_WP,7,July,72.5,10.3,15.5
2018-07-25T17:00:00Z,0.518,16,1.9,Port Kembla,6.84,SIMP_201812_WP,7,July,72.5,10.3,15.5
2018-07-25T18:00:00Z,0.713,16,2.5,Port Kembla,9,SIMP_201812_WP,7,July,72.5,10.3,15.5
2018-07-25T19:00:00Z,0.936,16,2.3,Port Kembla,8.28,SIMP_201812_WP,7,July,72.5,10.3,15.5
2018-07-25T20:00:00Z,1.105,16,4.8,Port Kembla,17.28,SIMP_201812_WP,7,July,72.5,10.3,15.5
2018-07-25T21:00:00Z,1.201,16,1.9,Port Kembla,6.84,SIMP_201812_WP,7,July,72.5,10.3,15.5
2018-07-25T22:00:00Z,1.183,15.9,4.6,Port Kembla,16.56,SIMP_201812_WP,7,July,72.5,10.3,15.5
2018-07-25T23:00:00Z,1.073,15.9,4.5,Port Kembla,16.2,SIMP_201812_WP,7,July,72.5,10.3,15.5
2018-07-26T00:00:00Z,0.888,16,4.5,Port Kembla,16.2,SIMP_201812_WP,7,July,72.5,10.3,15.5
2018-07-26T01:00:00Z,0.707,16,3.1,Port Kembla,11.16,SIMP_201812_WP,7,July,72.5,10.3,15.5
2018-07-26T02:00:00Z,0.578,16,3.7,Port Kembla,13.32,SIMP_201812_WP,7,July,72.5,10.3,15.5
2018-07-26T03:00:00Z,0.532,16,3.4,Port Kembla,12.24,SIMP_201812_WP,7,July,72.5,10.3,15.5
2018-07-26T04:00:00Z,0.618,16.1,1.9,Port Kembla,6.84,SIMP_201812_WP,7,July,72.5,10.3,15.5
2018-07-26T05:00:00Z,0.801,16.1,2.1,Port Kembla,7.5600000000000005,SIMP_201812_WP,7,July,72.5,10.3,15.5
2018-07-26T06:00:00Z,1.073,16.1,2.5,Port Kembla,9,SIMP_201812_WP,7,July,72.5,10.3,15.5
2018-07-26T07:00:00Z,1.349,16.2,1.6,Port Kembla,5.760000000000001,SIMP_201812_WP,7,July,72.5,10.3,15.5
2018-07-26T08:00:00Z,1.578,16.2,1.2,Port Kembla,4.32,SIMP_201812_WP,7,July,72.5,10.3,15.5
2018-07-26T09:00:00Z,1.699,16.2,1.2,Port Kembla,4.32,SIMP_201812_WP,7,July,72.5,10.3,15.5
2018-07-26T10:00:00Z,1.69,16.1,1.7,Port Kembla,6.12,SIMP_201812_WP,7,July,72.5,10.3,15.5
2018-07-26T11:00:00Z,1.546,16.1,0.4,Port Kembla,1.4400000000000002,SIMP_201812_WP,7,July,72.5,10.3,15.5
2018-07-26T12:00:00Z,1.294,16.1,2,Port Kembla,7.2,SIMP_201812_WP,7,July,72.5,10.3,15.5
2018-07-26T13:00:00Z,0.987,16,2.9,Port Kembla,10.44,SIMP_201812_WP,7,July,72.5,10.3,15.5
2018-07-26T14:00:00Z,0.702,16,1.5,Port Kembla,5.4,SIMP_201812_WP,7,July,72.5,10.3,15.5
2018-07-26T15:00:00Z,0.493,16,4.9,Port Kembla,17.64,SIMP_201812_WP,7,July,72.5,10.3,15.5
2018-07-26T16:00:00Z,0.395,16,1.6,Port Kembla,5.760000000000001,SIMP_201812_WP,7,July,72.5,10.3,15.5
2018-07-26T17:00:00Z,0.43,16,3.4,Port Kembla,12.24,SIMP_201812_WP,7,July,72.5,10.3,15.5
2018-07-26T18:00:00Z,0.588,15.9,4.2,Port Kembla,15.120000000000001,SIMP_201812_WP,7,July,72.5,10.3,15.5
2018-07-26T19:00:00Z,0.81,16,6,Port Kembla,21.6,SIMP_201812_WP,7,July,72.5,10.3,15.5
2018-07-26T20:00:00Z,1.033,15.9,5.1,Port Kembla,18.36,SIMP_201812_WP,7,July,72.5,10.3,15.5
2018-07-26T21:00:00Z,1.196,15.9,3.5,Port Kembla,12.6,SIMP_201812_WP,7,July,72.5,10.3,15.5
2018-07-26T22:00:00Z,1.252,15.9,3.4,Port Kembla,12.24,SIMP_201812_WP,7,July,72.5,10.3,15.5
2018-07-26T23:00:00Z,1.203,15.9,2.2,Port Kembla,7.920000000000001,SIMP_201812_WP,7,July,72.5,10.3,15.5
2018-07-27T00:00:00Z,1.051,15.9,1.7,Port Kembla,6.12,SIMP_201812_WP,7,July,72.5,10.3,15.5
2018-07-27T01:00:00Z,0.854,16,2.1,Port Kembla,7.5600000000000005,SIMP_201812_WP,7,July,72.5,10.3,15.5
2018-07-27T02:00:00Z,0.668,16.1,3.1,Port Kembla,11.16,SIMP_201812_WP,7,July,72.5,10.3,15.5
2018-07-27T03:00:00Z,0.567,16.4,3.7,Port Kembla,13.32,SIMP_201812_WP,7,July,72.5,10.3,15.5
2018-07-27T04:00:00Z,0.572,16.5,2.8,Port Kembla,10.08,SIMP_201812_WP,7,July,72.5,10.3,15.5
2018-07-27T05:00:00Z,0.683,16.4,2.8,Port Kembla,10.08,SIMP_201812_WP,7,July,72.5,10.3,15.5
2018-07-27T06:00:00Z,0.911,16.4,3.2,Port Kembla,11.520000000000001,SIMP_201812_WP,7,July,72.5,10.3,15.5
2018-07-27T07:00:00Z,1.198,16.5,3.1,Port Kembla,11.16,SIMP_201812_WP,7,July,72.5,10.3,15.5
2018-07-27T08:00:00Z,1.468,16.5,1.5,Port Kembla,5.4,SIMP_201812_WP,7,July,72.5,10.3,15.5
2018-07-27T09:00:00Z,1.666,16.5,2.8,Port Kembla,10.08,SIMP_201812_WP,7,July,72.5,10.3,15.5
2018-07-27T10:00:00Z,1.743,16.4,1.4,Port Kembla,5.04,SIMP_201812_WP,7,July,72.5,10.3,15.5
2018-07-27T11:00:00Z,1.689,16.4,0.4,Port Kembla,1.4400000000000002,SIMP_201812_WP,7,July,72.5,10.3,15.5
2018-07-27T12:00:00Z,1.483,16.3,0,Port Kembla,0,SIMP_201812_WP,7,July,72.5,10.3,15.5
2018-07-27T13:00:00Z,1.183,16.2,1.6,Port Kembla,5.760000000000001,SIMP_201812_WP,7,July,72.5,10.3,15.5
2018-07-27T14:00:00Z,0.876,16.1,1.8,Port Kembla,6.48,SIMP_201812_WP,7,July,72.5,10.3,15.5
2018-07-27T15:00:00Z,0.604,16.2,1.4,Port Kembla,5.04,SIMP_201812_WP,7,July,72.5,10.3,15.5
2018-07-27T16:00:00Z,0.42,16.1,2.6,Port Kembla,9.360000000000001,SIMP_201812_WP,7,July,72.5,10.3,15.5
2018-07-27T17:00:00Z,0.382,16.1,2.7,Port Kembla,9.72,SIMP_201812_WP,7,July,72.5,10.3,15.5
2018-07-27T18:00:00Z,0.466,16.1,1.9,Port Kembla,6.84,SIMP_201812_WP,7,July,72.5,10.3,15.5
2018-07-27T19:00:00Z,0.669,16.1,1.8,Port Kembla,6.48,SIMP_201812_WP,7,July,72.5,10.3,15.5
2018-07-27T20:00:00Z,0.91,16.1,1.5,Port Kembla,5.4,SIMP_201812_WP,7,July,72.5,10.3,15.5
2018-07-27T21:00:00Z,1.12,16.1,1.5,Port Kembla,5.4,SIMP_201812_WP,7,July,72.5,10.3,15.5
2018-07-27T22:00:00Z,1.249,16.1,1.2,Port Kembla,4.32,SIMP_201812_WP,7,July,72.5,10.3,15.5
2018-07-27T23:00:00Z,1.279,16.1,0.8,Port Kembla,2.8800000000000003,SIMP_201812_WP,7,July,72.5,10.3,15.5
2018-07-28T00:00:00Z,1.191,16.1,0.2,Port Kembla,0.7200000000000001,SIMP_201812_WP,7,July,72.5,10.3,15.5
2018-07-28T01:00:00Z,1.009,16.1,2.5,Port Kembla,9,SIMP_201812_WP,7,July,72.5,10.3,15.5
2018-07-28T02:00:00Z,0.801,16.1,1.7,Port Kembla,6.12,SIMP_201812_WP,7,July,72.5,10.3,15.5
2018-07-28T03:00:00Z,0.646,16.2,2.9,Port Kembla,10.44,SIMP_201812_WP,7,July,72.5,10.3,15.5
2018-07-28T04:00:00Z,0.581,16.3,3.4,Port Kembla,12.24,SIMP_201812_WP,7,July,72.5,10.3,15.5
2018-07-28T05:00:00Z,0.625,16.3,4.8,Port Kembla,17.28,SIMP_201812_WP,7,July,72.5,10.3,15.5
2018-07-28T06:00:00Z,0.79,16.4,5.2,Port Kembla,18.720000000000002,SIMP_201812_WP,7,July,72.5,10.3,15.5
2018-07-28T07:00:00Z,1.055,16.4,5.9,Port Kembla,21.240000000000002,SIMP_201812_WP,7,July,72.5,10.3,15.5
2018-07-28T08:00:00Z,1.345,16.4,4.7,Port Kembla,16.92,SIMP_201812_WP,7,July,72.5,10.3,15.5
2018-07-28T09:00:00Z,1.603,16.4,3.3,Port Kembla,11.879999999999999,SIMP_201812_WP,7,July,72.5,10.3,15.5
2018-07-28T10:00:00Z,1.765,16.4,2.2,Port Kembla,7.920000000000001,SIMP_201812_WP,7,July,72.5,10.3,15.5
2018-07-28T11:00:00Z,1.786,16.3,1.8,Port Kembla,6.48,SIMP_201812_WP,7,July,72.5,10.3,15.5
2018-07-28T12:00:00Z,1.665,16.3,0.3,Port Kembla,1.08,SIMP_201812_WP,7,July,72.5,10.3,15.5
2018-07-28T13:00:00Z,1.41,16.3,0.5,Port Kembla,1.8,SIMP_201812_WP,7,July,72.5,10.3,15.5
2018-07-28T14:00:00Z,1.094,16.3,1.3,Port Kembla,4.680000000000001,SIMP_201812_WP,7,July,72.5,10.3,15.5
2018-07-28T15:00:00Z,0.781,16.3,3,Port Kembla,10.8,SIMP_201812_WP,7,July,72.5,10.3,15.5
2018-07-28T16:00:00Z,0.558,16.3,0.9,Port Kembla,3.24,SIMP_201812_WP,7,July,72.5,10.3,15.5
2018-07-28T17:00:00Z,0.456,16.3,2.3,Port Kembla,8.28,SIMP_201812_WP,7,July,72.5,10.3,15.5
2018-07-28T18:00:00Z,0.482,16.2,3,Port Kembla,10.8,SIMP_201812_WP,7,July,72.5,10.3,15.5
2018-07-28T19:00:00Z,0.632,16.2,5.4,Port Kembla,19.44,SIMP_201812_WP,7,July,72.5,10.3,15.5
2018-07-28T20:00:00Z,0.868,16.3,5.7,Port Kembla,20.52,SIMP_201812_WP,7,July,72.5,10.3,15.5
2018-07-28T21:00:00Z,1.109,16.2,4.3,Port Kembla,15.48,SIMP_201812_WP,7,July,72.5,10.3,15.5
2018-07-28T22:00:00Z,1.302,16.2,4.4,Port Kembla,15.840000000000002,SIMP_201812_WP,7,July,72.5,10.3,15.5
2018-07-28T23:00:00Z,1.41,16.3,4.8,Port Kembla,17.28,SIMP_201812_WP,7,July,72.5,10.3,15.5
2018-07-29T00:00:00Z,1.395,16.3,5.5,Port Kembla,19.8,SIMP_201812_WP,7,July,72.5,10.3,15.5
2018-07-29T01:00:00Z,1.263,16.3,5.1,Port Kembla,18.36,SIMP_201812_WP,7,July,72.5,10.3,15.5
2018-07-29T02:00:00Z,1.057,16.4,3.8,Port Kembla,13.68,SIMP_201812_WP,7,July,72.5,10.3,15.5
2018-07-29T03:00:00Z,0.857,16.4,7.4,Port Kembla,26.64,SIMP_201812_WP,7,July,72.5,10.3,15.5
2018-07-29T04:00:00Z,0.715,16.6,7.3,Port Kembla,26.28,SIMP_201812_WP,7,July,72.5,10.3,15.5
2018-07-29T05:00:00Z,0.669,16.6,9,Port Kembla,32.4,SIMP_201812_WP,7,July,72.5,10.3,15.5
2018-07-29T06:00:00Z,0.751,16.6,9.8,Port Kembla,35.28,SIMP_201812_WP,7,July,72.5,10.3,15.5
2018-07-29T07:00:00Z,0.936,16.6,9.1,Port Kembla,32.76,SIMP_201812_WP,7,July,72.5,10.3,15.5
2018-07-29T08:00:00Z,1.204,16.6,6.4,Port Kembla,23.040000000000003,SIMP_201812_WP,7,July,72.5,10.3,15.5
2018-07-29T09:00:00Z,1.469,16.6,10.2,Port Kembla,36.72,SIMP_201812_WP,7,July,72.5,10.3,15.5
2018-07-29T10:00:00Z,1.68,16.5,7.7,Port Kembla,27.720000000000002,SIMP_201812_WP,7,July,72.5,10.3,15.5
2018-07-29T11:00:00Z,1.785,16.3,9.6,Port Kembla,34.56,SIMP_201812_WP,7,July,72.5,10.3,15.5
2018-07-29T12:00:00Z,1.75,16.3,6,Port Kembla,21.6,SIMP_201812_WP,7,July,72.5,10.3,15.5
2018-07-29T13:00:00Z,1.561,16.2,7.9,Port Kembla,28.44,SIMP_201812_WP,7,July,72.5,10.3,15.5
2018-07-29T14:00:00Z,1.268,16.2,7.4,Port Kembla,26.64,SIMP_201812_WP,7,July,72.5,10.3,15.5
2018-07-29T15:00:00Z,0.943,16.1,8,Port Kembla,28.8,SIMP_201812_WP,7,July,72.5,10.3,15.5
2018-07-29T16:00:00Z,0.655,16,6.4,Port Kembla,23.040000000000003,SIMP_201812_WP,7,July,72.5,10.3,15.5
2018-07-29T17:00:00Z,0.463,16,8.7,Port Kembla,31.319999999999997,SIMP_201812_WP,7,July,72.5,10.3,15.5
2018-07-29T18:00:00Z,0.399,16,8.2,Port Kembla,29.52,SIMP_201812_WP,7,July,72.5,10.3,15.5
2018-07-29T19:00:00Z,0.464,15.8,11,Port Kembla,39.6,SIMP_201812_WP,7,July,72.5,10.3,15.5
2018-07-29T20:00:00Z,0.644,15.7,8.8,Port Kembla,31.680000000000003,SIMP_201812_WP,7,July,72.5,10.3,15.5
2018-07-29T21:00:00Z,0.876,15.7,10.9,Port Kembla,39.24,SIMP_201812_WP,7,July,72.5,10.3,15.5
2018-07-29T22:00:00Z,1.093,15.6,9.4,Port Kembla,33.84,SIMP_201812_WP,7,July,72.5,10.3,15.5
2018-07-29T23:00:00Z,1.256,15.7,10.1,Port Kembla,36.36,SIMP_201812_WP,7,July,72.5,10.3,15.5
2018-07-30T00:00:00Z,1.309,15.8,10,Port Kembla,36,SIMP_201812_WP,7,July,72.5,10.3,15.5
2018-07-30T01:00:00Z,1.231,15.9,8.3,Port Kembla,29.880000000000003,SIMP_201812_WP,7,July,72.5,10.3,15.5
2018-07-30T02:00:00Z,1.054,15.9,7,Port Kembla,25.2,SIMP_201812_WP,7,July,72.5,10.3,15.5
2018-07-30T03:00:00Z,0.844,15.9,7.3,Port Kembla,26.28,SIMP_201812_WP,7,July,72.5,10.3,15.5
2018-07-30T04:00:00Z,0.668,16,7.2,Port Kembla,25.92,SIMP_201812_WP,7,July,72.5,10.3,15.5
2018-07-30T05:00:00Z,0.554,16,5.8,Port Kembla,20.88,SIMP_201812_WP,7,July,72.5,10.3,15.5
2018-07-30T06:00:00Z,0.556,16,5.4,Port Kembla,19.44,SIMP_201812_WP,7,July,72.5,10.3,15.5
2018-07-30T07:00:00Z,0.677,16.1,5.9,Port Kembla,21.240000000000002,SIMP_201812_WP,7,July,72.5,10.3,15.5
2018-07-30T08:00:00Z,0.897,16.1,5.8,Port Kembla,20.88,SIMP_201812_WP,7,July,72.5,10.3,15.5
2018-07-30T09:00:00Z,1.176,16.1,4.8,Port Kembla,17.28,SIMP_201812_WP,7,July,72.5,10.3,15.5
2018-07-30T10:00:00Z,1.427,16.1,6.7,Port Kembla,24.12,SIMP_201812_WP,7,July,72.5,10.3,15.5
2018-07-30T11:00:00Z,1.602,16,6.5,Port Kembla,23.400000000000002,SIMP_201812_WP,7,July,72.5,10.3,15.5
2018-07-30T12:00:00Z,1.66,15.9,5.2,Port Kembla,18.720000000000002,SIMP_201812_WP,7,July,72.5,10.3,15.5
2018-07-30T13:00:00Z,1.572,15.9,8,Port Kembla,28.8,SIMP_201812_WP,7,July,72.5,10.3,15.5
2018-07-30T14:00:00Z,1.353,15.8,2.7,Port Kembla,9.72,SIMP_201812_WP,7,July,72.5,10.3,15.5
2018-07-30T15:00:00Z,1.043,15.8,4.3,Port Kembla,15.48,SIMP_201812_WP,7,July,72.5,10.3,15.5
2018-07-30T16:00:00Z,0.746,15.7,8.6,Port Kembla,30.96,SIMP_201812_WP,7,July,72.5,10.3,15.5
2018-07-30T17:00:00Z,0.515,15.6,7.9,Port Kembla,28.44,SIMP_201812_WP,7,July,72.5,10.3,15.5
2018-07-30T18:00:00Z,0.388,15.4,6.3,Port Kembla,22.68,SIMP_201812_WP,7,July,72.5,10.3,15.5
2018-07-30T19:00:00Z,0.393,15.4,6.2,Port Kembla,22.32,SIMP_201812_WP,7,July,72.5,10.3,15.5
2018-07-30T20:00:00Z,0.527,15.4,4.3,Port Kembla,15.48,SIMP_201812_WP,7,July,72.5,10.3,15.5
2018-07-30T21:00:00Z,0.755,15.5,7.6,Port Kembla,27.36,SIMP_201812_WP,7,July,72.5,10.3,15.5
2018-07-30T22:00:00Z,0.994,15.5,1.9,Port Kembla,6.84,SIMP_201812_WP,7,July,72.5,10.3,15.5
2018-07-30T23:00:00Z,1.212,15.4,1.6,Port Kembla,5.760000000000001,SIMP_201812_WP,7,July,72.5,10.3,15.5
2018-07-31T00:00:00Z,1.343,15.5,3.8,Port Kembla,13.68,SIMP_201812_WP,7,July,72.5,10.3,15.5
2018-07-31T01:00:00Z,1.369,15.7,4.5,Port Kembla,16.2,SIMP_201812_WP,7,July,72.5,10.3,15.5
2018-07-31T02:00:00Z,1.264,15.8,6.1,Port Kembla,21.96,SIMP_201812_WP,7,July,72.5,10.3,15.5
2018-07-31T03:00:00Z,1.082,15.9,5.7,Port Kembla,20.52,SIMP_201812_WP,7,July,72.5,10.3,15.5
2018-07-31T04:00:00Z,0.888,15.9,4.3,Port Kembla,15.48,SIMP_201812_WP,7,July,72.5,10.3,15.5
2018-07-31T05:00:00Z,0.737,15.9,4.9,Port Kembla,17.64,SIMP_201812_WP,7,July,72.5,10.3,15.5
2018-07-31T06:00:00Z,0.679,16,5.3,Port Kembla,19.08,SIMP_201812_WP,7,July,72.5,10.3,15.5
2018-07-31T07:00:00Z,0.724,16,4.6,Port Kembla,16.56,SIMP_201812_WP,7,July,72.5,10.3,15.5
2018-07-31T08:00:00Z,0.89,16,5.8,Port Kembla,20.88,SIMP_201812_WP,7,July,72.5,10.3,15.5
2018-07-31T09:00:00Z,1.134,16,2.8,Port Kembla,10.08,SIMP_201812_WP,7,July,72.5,10.3,15.5
2018-07-31T10:00:00Z,1.405,16.1,3.6,Port Kembla,12.96,SIMP_201812_WP,7,July,72.5,10.3,15.5
2018-07-31T11:00:00Z,1.617,16,2.1,Port Kembla,7.5600000000000005,SIMP_201812_WP,7,July,72.5,10.3,15.5
2018-07-31T12:00:00Z,1.734,16,1.3,Port Kembla,4.680000000000001,SIMP_201812_WP,7,July,72.5,10.3,15.5
2018-07-31T13:00:00Z,1.72,16,1.7,Port Kembla,6.12,SIMP_201812_WP,7,July,72.5,10.3,15.5
2018-07-31T14:00:00Z,1.55,15.9,1,Port Kembla,3.6,SIMP_201812_WP,7,July,72.5,10.3,15.5
2018-07-31T15:00:00Z,1.29,15.9,0.7,Port Kembla,2.52,SIMP_201812_WP,7,July,72.5,10.3,15.5
2018-07-31T16:00:00Z,0.975,15.9,1.3,Port Kembla,4.680000000000001,SIMP_201812_WP,7,July,72.5,10.3,15.5
2018-07-31T17:00:00Z,0.693,15.9,1.7,Port Kembla,6.12,SIMP_201812_WP,7,July,72.5,10.3,15.5
2018-07-31T18:00:00Z,0.487,15.9,1.4,Port Kembla,5.04,SIMP_201812_WP,7,July,72.5,10.3,15.5
2018-07-31T19:00:00Z,0.396,15.9,0.9,Port Kembla,3.24,SIMP_201812_WP,7,July,72.5,10.3,15.5
2018-07-31T20:00:00Z,0.434,15.9,1.2,Port Kembla,4.32,SIMP_201812_WP,7,July,72.5,10.3,15.5
2018-07-31T21:00:00Z,0.598,15.9,1.1,Port Kembla,3.9600000000000004,SIMP_201812_WP,7,July,72.5,10.3,15.5
2018-07-31T22:00:00Z,0.811,15.8,2,Port Kembla,7.2,SIMP_201812_WP,7,July,72.5,10.3,15.5
2018-07-31T23:00:00Z,1.038,15.8,3.8,Port Kembla,13.68,SIMP_201812_WP,7,July,72.5,10.3,15.5
2018-08-01T00:00:00Z,1.212,15.8,6.8,Port Kembla,24.48,SIMP_201812_WP,8,August,79.5,11.5,18.2
2018-08-01T01:00:00Z,1.303,15.8,6.3,Port Kembla,22.68,SIMP_201812_WP,8,August,79.5,11.5,18.2
2018-08-01T02:00:00Z,1.262,15.9,7.3,Port Kembla,26.28,SIMP_201812_WP,8,August,79.5,11.5,18.2
2018-08-01T03:00:00Z,1.122,15.9,7.5,Port Kembla,27,SIMP_201812_WP,8,August,79.5,11.5,18.2
2018-08-01T04:00:00Z,0.936,16,7.3,Port Kembla,26.28,SIMP_201812_WP,8,August,79.5,11.5,18.2
2018-08-01T05:00:00Z,0.737,16,5.1,Port Kembla,18.36,SIMP_201812_WP,8,August,79.5,11.5,18.2
2018-08-01T06:00:00Z,0.602,16,4.9,Port Kembla,17.64,SIMP_201812_WP,8,August,79.5,11.5,18.2
2018-08-01T07:00:00Z,0.552,16,2.3,Port Kembla,8.28,SIMP_201812_WP,8,August,79.5,11.5,18.2
2018-08-01T08:00:00Z,0.628,16,2.5,Port Kembla,9,SIMP_201812_WP,8,August,79.5,11.5,18.2
2018-08-01T09:00:00Z,0.801,16,2.9,Port Kembla,10.44,SIMP_201812_WP,8,August,79.5,11.5,18.2
2018-08-01T10:00:00Z,1.031,16,1.8,Port Kembla,6.48,SIMP_201812_WP,8,August,79.5,11.5,18.2
2018-08-01T11:00:00Z,1.266,16,3.9,Port Kembla,14.04,SIMP_201812_WP,8,August,79.5,11.5,18.2
2018-08-01T12:00:00Z,1.427,16,5,Port Kembla,18,SIMP_201812_WP,8,August,79.5,11.5,18.2
2018-08-01T13:00:00Z,1.494,15.9,3.2,Port Kembla,11.520000000000001,SIMP_201812_WP,8,August,79.5,11.5,18.2
2018-08-01T14:00:00Z,1.441,15.9,2.2,Port Kembla,7.920000000000001,SIMP_201812_WP,8,August,79.5,11.5,18.2
2018-08-01T15:00:00Z,1.268,15.9,1.9,Port Kembla,6.84,SIMP_201812_WP,8,August,79.5,11.5,18.2
2018-08-01T16:00:00Z,1.014,15.9,1.7,Port Kembla,6.12,SIMP_201812_WP,8,August,79.5,11.5,18.2
2018-08-01T17:00:00Z,0.746,15.9,2.1,Port Kembla,7.5600000000000005,SIMP_201812_WP,8,August,79.5,11.5,18.2
2018-08-01T18:00:00Z,0.527,15.9,1.7,Port Kembla,6.12,SIMP_201812_WP,8,August,79.5,11.5,18.2
2018-08-01T19:00:00Z,0.385,15.9,1.4,Port Kembla,5.04,SIMP_201812_WP,8,August,79.5,11.5,18.2
2018-08-01T20:00:00Z,0.352,15.9,1.7,Port Kembla,6.12,SIMP_201812_WP,8,August,79.5,11.5,18.2
2018-08-01T21:00:00Z,0.449,15.9,1.6,Port Kembla,5.760000000000001,SIMP_201812_WP,8,August,79.5,11.5,18.2
2018-08-01T22:00:00Z,0.64,15.9,1.1,Port Kembla,3.9600000000000004,SIMP_201812_WP,8,August,79.5,11.5,18.2
2018-08-01T23:00:00Z,0.866,15.9,1.5,Port Kembla,5.4,SIMP_201812_WP,8,August,79.5,11.5,18.2
2018-08-02T00:00:00Z,1.077,16,0.4,Port Kembla,1.4400000000000002,SIMP_201812_WP,8,August,79.5,11.5,18.2
2018-08-02T01:00:00Z,1.239,16,1.6,Port Kembla,5.760000000000001,SIMP_201812_WP,8,August,79.5,11.5,18.2
2018-08-02T02:00:00Z,1.295,16,0.9,Port Kembla,3.24,SIMP_201812_WP,8,August,79.5,11.5,18.2
2018-08-02T03:00:00Z,1.234,16.1,2.9,Port Kembla,10.44,SIMP_201812_WP,8,August,79.5,11.5,18.2
2018-08-02T04:00:00Z,1.105,16,4.1,Port Kembla,14.76,SIMP_201812_WP,8,August,79.5,11.5,18.2
2018-08-02T05:00:00Z,0.922,16.1,4.5,Port Kembla,16.2,SIMP_201812_WP,8,August,79.5,11.5,18.2
2018-08-02T06:00:00Z,0.757,16.2,5.5,Port Kembla,19.8,SIMP_201812_WP,8,August,79.5,11.5,18.2
2018-08-02T07:00:00Z,0.655,16.1,6.1,Port Kembla,21.96,SIMP_201812_WP,8,August,79.5,11.5,18.2
2018-08-02T08:00:00Z,0.641,16.1,6.4,Port Kembla,23.040000000000003,SIMP_201812_WP,8,August,79.5,11.5,18.2
2018-08-02T09:00:00Z,0.73,16.2,2.9,Port Kembla,10.44,SIMP_201812_WP,8,August,79.5,11.5,18.2
2018-08-02T10:00:00Z,0.9,16.2,2.7,Port Kembla,9.72,SIMP_201812_WP,8,August,79.5,11.5,18.2
2018-08-02T11:00:00Z,1.119,16.1,2.9,Port Kembla,10.44,SIMP_201812_WP,8,August,79.5,11.5,18.2
2018-08-02T12:00:00Z,1.313,16.1,3.1,Port Kembla,11.16,SIMP_201812_WP,8,August,79.5,11.5,18.2
2018-08-02T13:00:00Z,1.439,16.1,2.8,Port Kembla,10.08,SIMP_201812_WP,8,August,79.5,11.5,18.2
2018-08-02T14:00:00Z,1.481,16.1,3.7,Port Kembla,13.32,SIMP_201812_WP,8,August,79.5,11.5,18.2
2018-08-02T15:00:00Z,1.399,16.1,2.9,Port Kembla,10.44,SIMP_201812_WP,8,August,79.5,11.5,18.2
2018-08-02T16:00:00Z,1.208,16,3.2,Port Kembla,11.520000000000001,SIMP_201812_WP,8,August,79.5,11.5,18.2
2018-08-02T17:00:00Z,0.963,16.1,3.6,Port Kembla,12.96,SIMP_201812_WP,8,August,79.5,11.5,18.2
2018-08-02T18:00:00Z,0.722,16.1,2.9,Port Kembla,10.44,SIMP_201812_WP,8,August,79.5,11.5,18.2
2018-08-02T19:00:00Z,0.538,16.1,2.7,Port Kembla,9.72,SIMP_201812_WP,8,August,79.5,11.5,18.2
2018-08-02T20:00:00Z,0.44,16.1,4.2,Port Kembla,15.120000000000001,SIMP_201812_WP,8,August,79.5,11.5,18.2
2018-08-02T21:00:00Z,0.45,16,3.6,Port Kembla,12.96,SIMP_201812_WP,8,August,79.5,11.5,18.2
2018-08-02T22:00:00Z,0.557,16.1,3.4,Port Kembla,12.24,SIMP_201812_WP,8,August,79.5,11.5,18.2
2018-08-02T23:00:00Z,0.752,16.1,3.2,Port Kembla,11.520000000000001,SIMP_201812_WP,8,August,79.5,11.5,18.2
2018-08-03T00:00:00Z,0.982,16.1,2,Port Kembla,7.2,SIMP_201812_WP,8,August,79.5,11.5,18.2
2018-08-03T01:00:00Z,1.183,16.2,6.3,Port Kembla,22.68,SIMP_201812_WP,8,August,79.5,11.5,18.2
2018-08-03T02:00:00Z,1.326,16.3,6.9,Port Kembla,24.840000000000003,SIMP_201812_WP,8,August,79.5,11.5,18.2
2018-08-03T03:00:00Z,1.349,16.3,4.9,Port Kembla,17.64,SIMP_201812_WP,8,August,79.5,11.5,18.2
2018-08-03T04:00:00Z,1.278,16.4,5.3,Port Kembla,19.08,SIMP_201812_WP,8,August,79.5,11.5,18.2
2018-08-03T05:00:00Z,1.128,16.4,7.2,Port Kembla,25.92,SIMP_201812_WP,8,August,79.5,11.5,18.2
2018-08-03T06:00:00Z,0.947,16.4,10,Port Kembla,36,SIMP_201812_WP,8,August,79.5,11.5,18.2
2018-08-03T07:00:00Z,0.789,16.4,8.6,Port Kembla,30.96,SIMP_201812_WP,8,August,79.5,11.5,18.2
2018-08-03T08:00:00Z,0.688,16.4,7.3,Port Kembla,26.28,SIMP_201812_WP,8,August,79.5,11.5,18.2
2018-08-03T09:00:00Z,0.68,16.4,5.7,Port Kembla,20.52,SIMP_201812_WP,8,August,79.5,11.5,18.2
2018-08-03T10:00:00Z,0.762,16.4,5.9,Port Kembla,21.240000000000002,SIMP_201812_WP,8,August,79.5,11.5,18.2
2018-08-03T11:00:00Z,0.927,16.3,5,Port Kembla,18,SIMP_201812_WP,8,August,79.5,11.5,18.2
2018-08-03T12:00:00Z,1.11,16.3,3.9,Port Kembla,14.04,SIMP_201812_WP,8,August,79.5,11.5,18.2
2018-08-03T13:00:00Z,1.25,16.3,7.5,Port Kembla,27,SIMP_201812_WP,8,August,79.5,11.5,18.2
2018-08-03T14:00:00Z,1.346,16.2,5.4,Port Kembla,19.44,SIMP_201812_WP,8,August,79.5,11.5,18.2
2018-08-03T15:00:00Z,1.355,16.2,1,Port Kembla,3.6,SIMP_201812_WP,8,August,79.5,11.5,18.2
2018-08-03T16:00:00Z,1.235,16.1,6.5,Port Kembla,23.400000000000002,SIMP_201812_WP,8,August,79.5,11.5,18.2
2018-08-03T17:00:00Z,1.046,16.1,10.8,Port Kembla,38.88,SIMP_201812_WP,8,August,79.5,11.5,18.2
2018-08-03T18:00:00Z,0.832,16.1,11.9,Port Kembla,42.84,SIMP_201812_WP,8,August,79.5,11.5,18.2
2018-08-03T19:00:00Z,0.623,15.8,14.7,Port Kembla,52.92,SIMP_201812_WP,8,August,79.5,11.5,18.2
2018-08-03T20:00:00Z,0.469,15.7,11.6,Port Kembla,41.76,SIMP_201812_WP,8,August,79.5,11.5,18.2
2018-08-03T21:00:00Z,0.411,15.6,15,Port Kembla,54,SIMP_201812_WP,8,August,79.5,11.5,18.2
2018-08-03T22:00:00Z,0.436,15.6,3.7,Port Kembla,13.32,SIMP_201812_WP,8,August,79.5,11.5,18.2
2018-08-03T23:00:00Z,0.565,15.7,7.5,Port Kembla,27,SIMP_201812_WP,8,August,79.5,11.5,18.2
2018-08-04T00:00:00Z,0.774,15.7,5.7,Port Kembla,20.52,SIMP_201812_WP,8,August,79.5,11.5,18.2
2018-08-04T01:00:00Z,0.992,15.9,7.7,Port Kembla,27.720000000000002,SIMP_201812_WP,8,August,79.5,11.5,18.2
2018-08-04T02:00:00Z,1.185,16,6.6,Port Kembla,23.759999999999998,SIMP_201812_WP,8,August,79.5,11.5,18.2
2018-08-04T03:00:00Z,1.302,16,5,Port Kembla,18,SIMP_201812_WP,8,August,79.5,11.5,18.2
2018-08-04T04:00:00Z,1.313,16.1,6.6,Port Kembla,23.759999999999998,SIMP_201812_WP,8,August,79.5,11.5,18.2
2018-08-04T05:00:00Z,1.219,16.1,7.5,Port Kembla,27,SIMP_201812_WP,8,August,79.5,11.5,18.2
2018-08-04T06:00:00Z,1.044,16.1,6.2,Port Kembla,22.32,SIMP_201812_WP,8,August,79.5,11.5,18.2
2018-08-04T07:00:00Z,0.859,16.1,4.8,Port Kembla,17.28,SIMP_201812_WP,8,August,79.5,11.5,18.2
2018-08-04T08:00:00Z,0.698,16.1,3.1,Port Kembla,11.16,SIMP_201812_WP,8,August,79.5,11.5,18.2
2018-08-04T09:00:00Z,0.594,16,6.6,Port Kembla,23.759999999999998,SIMP_201812_WP,8,August,79.5,11.5,18.2
2018-08-04T10:00:00Z,0.581,16,2,Port Kembla,7.2,SIMP_201812_WP,8,August,79.5,11.5,18.2
2018-08-04T11:00:00Z,0.654,16,5,Port Kembla,18,SIMP_201812_WP,8,August,79.5,11.5,18.2
2018-08-04T12:00:00Z,0.793,16,5.4,Port Kembla,19.44,SIMP_201812_WP,8,August,79.5,11.5,18.2
2018-08-04T13:00:00Z,0.957,15.9,1.4,Port Kembla,5.04,SIMP_201812_WP,8,August,79.5,11.5,18.2
2018-08-04T14:00:00Z,1.112,15.9,1.1,Port Kembla,3.9600000000000004,SIMP_201812_WP,8,August,79.5,11.5,18.2
2018-08-04T15:00:00Z,1.205,15.9,0.8,Port Kembla,2.8800000000000003,SIMP_201812_WP,8,August,79.5,11.5,18.2
2018-08-04T16:00:00Z,1.202,15.9,3.3,Port Kembla,11.879999999999999,SIMP_201812_WP,8,August,79.5,11.5,18.2
2018-08-04T17:00:00Z,1.116,15.9,2.6,Port Kembla,9.360000000000001,SIMP_201812_WP,8,August,79.5,11.5,18.2
2018-08-04T18:00:00Z,0.95,15.9,0.6,Port Kembla,2.16,SIMP_201812_WP,8,August,79.5,11.5,18.2
2018-08-04T19:00:00Z,0.762,15.8,1.6,Port Kembla,5.760000000000001,SIMP_201812_WP,8,August,79.5,11.5,18.2
2018-08-04T20:00:00Z,0.591,15.8,2.1,Port Kembla,7.5600000000000005,SIMP_201812_WP,8,August,79.5,11.5,18.2
2018-08-04T21:00:00Z,0.467,15.9,2.1,Port Kembla,7.5600000000000005,SIMP_201812_WP,8,August,79.5,11.5,18.2
2018-08-04T22:00:00Z,0.422,15.9,1.6,Port Kembla,5.760000000000001,SIMP_201812_WP,8,August,79.5,11.5,18.2
2018-08-04T23:00:00Z,0.486,15.9,1.1,Port Kembla,3.9600000000000004,SIMP_201812_WP,8,August,79.5,11.5,18.2
2018-08-05T00:00:00Z,0.633,15.8,3.4,Port Kembla,12.24,SIMP_201812_WP,8,August,79.5,11.5,18.2
2018-08-05T01:00:00Z,0.85,15.9,4.5,Port Kembla,16.2,SIMP_201812_WP,8,August,79.5,11.5,18.2
2018-08-05T02:00:00Z,1.073,16.1,5.1,Port Kembla,18.36,SIMP_201812_WP,8,August,79.5,11.5,18.2
2018-08-05T03:00:00Z,1.267,16.2,5.8,Port Kembla,20.88,SIMP_201812_WP,8,August,79.5,11.5,18.2
2018-08-05T04:00:00Z,1.385,16.2,5.3,Port Kembla,19.08,SIMP_201812_WP,8,August,79.5,11.5,18.2
2018-08-05T05:00:00Z,1.387,16.1,5.8,Port Kembla,20.88,SIMP_201812_WP,8,August,79.5,11.5,18.2
2018-08-05T06:00:00Z,1.29,16.2,7.1,Port Kembla,25.56,SIMP_201812_WP,8,August,79.5,11.5,18.2
2018-08-05T07:00:00Z,1.133,16.3,6.9,Port Kembla,24.840000000000003,SIMP_201812_WP,8,August,79.5,11.5,18.2
2018-08-05T08:00:00Z,0.95,16.3,6.4,Port Kembla,23.040000000000003,SIMP_201812_WP,8,August,79.5,11.5,18.2
2018-08-05T09:00:00Z,0.765,16.2,2.3,Port Kembla,8.28,SIMP_201812_WP,8,August,79.5,11.5,18.2
2018-08-05T10:00:00Z,0.651,16.2,1.9,Port Kembla,6.84,SIMP_201812_WP,8,August,79.5,11.5,18.2
2018-08-05T11:00:00Z,0.623,16.2,4.1,Port Kembla,14.76,SIMP_201812_WP,8,August,79.5,11.5,18.2
2018-08-05T12:00:00Z,0.693,16.2,3.1,Port Kembla,11.16,SIMP_201812_WP,8,August,79.5,11.5,18.2
2018-08-05T13:00:00Z,0.823,16.2,6.7,Port Kembla,24.12,SIMP_201812_WP,8,August,79.5,11.5,18.2
2018-08-05T14:00:00Z,0.986,16.1,4.6,Port Kembla,16.56,SIMP_201812_WP,8,August,79.5,11.5,18.2
2018-08-05T15:00:00Z,1.132,16,4.5,Port Kembla,16.2,SIMP_201812_WP,8,August,79.5,11.5,18.2
2018-08-05T16:00:00Z,1.24,16,3.9,Port Kembla,14.04,SIMP_201812_WP,8,August,79.5,11.5,18.2
2018-08-05T17:00:00Z,1.268,16,3.6,Port Kembla,12.96,SIMP_201812_WP,8,August,79.5,11.5,18.2
2018-08-05T18:00:00Z,1.194,16,3.4,Port Kembla,12.24,SIMP_201812_WP,8,August,79.5,11.5,18.2
2018-08-05T19:00:00Z,1.024,16,3.9,Port Kembla,14.04,SIMP_201812_WP,8,August,79.5,11.5,18.2
2018-08-05T20:00:00Z,0.855,16,10.6,Port Kembla,38.16,SIMP_201812_WP,8,August,79.5,11.5,18.2
2018-08-05T21:00:00Z,0.668,15.9,6.9,Port Kembla,24.840000000000003,SIMP_201812_WP,8,August,79.5,11.5,18.2
2018-08-05T22:00:00Z,0.547,15.9,4.2,Port Kembla,15.120000000000001,SIMP_201812_WP,8,August,79.5,11.5,18.2
2018-08-05T23:00:00Z,0.505,16,6,Port Kembla,21.6,SIMP_201812_WP,8,August,79.5,11.5,18.2
2018-08-06T00:00:00Z,0.577,16,6,Port Kembla,21.6,SIMP_201812_WP,8,August,79.5,11.5,18.2
2018-08-06T01:00:00Z,0.735,16,3.4,Port Kembla,12.24,SIMP_201812_WP,8,August,79.5,11.5,18.2
2018-08-06T02:00:00Z,0.967,16.1,5.7,Port Kembla,20.52,SIMP_201812_WP,8,August,79.5,11.5,18.2
2018-08-06T03:00:00Z,1.21,16,6.3,Port Kembla,22.68,SIMP_201812_WP,8,August,79.5,11.5,18.2
2018-08-06T04:00:00Z,1.41,16,7.6,Port Kembla,27.36,SIMP_201812_WP,8,August,79.5,11.5,18.2
2018-08-06T05:00:00Z,1.524,16.1,6.7,Port Kembla,24.12,SIMP_201812_WP,8,August,79.5,11.5,18.2
2018-08-06T06:00:00Z,1.513,16.1,8,Port Kembla,28.8,SIMP_201812_WP,8,August,79.5,11.5,18.2
2018-08-06T07:00:00Z,1.405,16.1,8.5,Port Kembla,30.6,SIMP_201812_WP,8,August,79.5,11.5,18.2
2018-08-06T08:00:00Z,1.222,15.9,6.6,Port Kembla,23.759999999999998,SIMP_201812_WP,8,August,79.5,11.5,18.2
2018-08-06T09:00:00Z,0.989,15.9,5.5,Port Kembla,19.8,SIMP_201812_WP,8,August,79.5,11.5,18.2
2018-08-06T10:00:00Z,0.776,15.8,7.3,Port Kembla,26.28,SIMP_201812_WP,8,August,79.5,11.5,18.2
2018-08-06T11:00:00Z,0.623,15.8,6.2,Port Kembla,22.32,SIMP_201812_WP,8,August,79.5,11.5,18.2
2018-08-06T12:00:00Z,0.545,15.6,7.1,Port Kembla,25.56,SIMP_201812_WP,8,August,79.5,11.5,18.2
2018-08-06T13:00:00Z,0.581,15.7,9.2,Port Kembla,33.12,SIMP_201812_WP,8,August,79.5,11.5,18.2
2018-08-06T14:00:00Z,0.706,15.4,11.9,Port Kembla,42.84,SIMP_201812_WP,8,August,79.5,11.5,18.2
2018-08-06T15:00:00Z,0.875,15.4,9.9,Port Kembla,35.64,SIMP_201812_WP,8,August,79.5,11.5,18.2
2018-08-06T16:00:00Z,1.038,15.5,8.3,Port Kembla,29.880000000000003,SIMP_201812_WP,8,August,79.5,11.5,18.2
2018-08-06T17:00:00Z,1.169,15.5,6.1,Port Kembla,21.96,SIMP_201812_WP,8,August,79.5,11.5,18.2
2018-08-06T18:00:00Z,1.22,15.5,5.5,Port Kembla,19.8,SIMP_201812_WP,8,August,79.5,11.5,18.2
2018-08-06T19:00:00Z,1.16,15.5,6.9,Port Kembla,24.840000000000003,SIMP_201812_WP,8,August,79.5,11.5,18.2
2018-08-06T20:00:00Z,1.022,15.5,7.9,Port Kembla,28.44,SIMP_201812_WP,8,August,79.5,11.5,18.2
2018-08-06T21:00:00Z,0.841,15.4,5.9,Port Kembla,21.240000000000002,SIMP_201812_WP,8,August,79.5,11.5,18.2
2018-08-06T22:00:00Z,0.653,15.4,5.7,Port Kembla,20.52,SIMP_201812_WP,8,August,79.5,11.5,18.2
2018-08-06T23:00:00Z,0.517,15.4,10.5,Port Kembla,37.800000000000004,SIMP_201812_WP,8,August,79.5,11.5,18.2
2018-08-07T00:00:00Z,0.479,15.3,12.8,Port Kembla,46.080000000000005,SIMP_201812_WP,8,August,79.5,11.5,18.2
2018-08-07T01:00:00Z,0.556,15.4,14,Port Kembla,50.4,SIMP_201812_WP,8,August,79.5,11.5,18.2
2018-08-07T02:00:00Z,0.735,15.4,12.4,Port Kembla,44.64,SIMP_201812_WP,8,August,79.5,11.5,18.2
2018-08-07T03:00:00Z,0.987,15.6,13.6,Port Kembla,48.96,SIMP_201812_WP,8,August,79.5,11.5,18.2
2018-08-07T04:00:00Z,1.265,15.7,9.4,Port Kembla,33.84,SIMP_201812_WP,8,August,79.5,11.5,18.2
2018-08-07T05:00:00Z,1.487,15.7,11.2,Port Kembla,40.32,SIMP_201812_WP,8,August,79.5,11.5,18.2
2018-08-07T06:00:00Z,1.619,15.6,10.5,Port Kembla,37.800000000000004,SIMP_201812_WP,8,August,79.5,11.5,18.2
2018-08-07T07:00:00Z,1.629,15.6,4.4,Port Kembla,15.840000000000002,SIMP_201812_WP,8,August,79.5,11.5,18.2
2018-08-07T08:00:00Z,1.5,15.6,5.9,Port Kembla,21.240000000000002,SIMP_201812_WP,8,August,79.5,11.5,18.2
2018-08-07T09:00:00Z,1.272,15.6,5.9,Port Kembla,21.240000000000002,SIMP_201812_WP,8,August,79.5,11.5,18.2
2018-08-07T10:00:00Z,0.991,15.5,6.8,Port Kembla,24.48,SIMP_201812_WP,8,August,79.5,11.5,18.2
2018-08-07T11:00:00Z,0.728,15.4,7.6,Port Kembla,27.36,SIMP_201812_WP,8,August,79.5,11.5,18.2
2018-08-07T12:00:00Z,0.531,15.3,7.7,Port Kembla,27.720000000000002,SIMP_201812_WP,8,August,79.5,11.5,18.2
2018-08-07T13:00:00Z,0.437,15.3,5.8,Port Kembla,20.88,SIMP_201812_WP,8,August,79.5,11.5,18.2
2018-08-07T14:00:00Z,0.484,15.4,7,Port Kembla,25.2,SIMP_201812_WP,8,August,79.5,11.5,18.2
2018-08-07T15:00:00Z,0.622,15.4,6.5,Port Kembla,23.400000000000002,SIMP_201812_WP,8,August,79.5,11.5,18.2
2018-08-07T16:00:00Z,0.832,15.3,6.1,Port Kembla,21.96,SIMP_201812_WP,8,August,79.5,11.5,18.2
2018-08-07T17:00:00Z,1.054,15.2,3.8,Port Kembla,13.68,SIMP_201812_WP,8,August,79.5,11.5,18.2
2018-08-07T18:00:00Z,1.225,15.2,1.7,Port Kembla,6.12,SIMP_201812_WP,8,August,79.5,11.5,18.2
2018-08-07T19:00:00Z,1.294,15.2,2.9,Port Kembla,10.44,SIMP_201812_WP,8,August,79.5,11.5,18.2
2018-08-07T20:00:00Z,1.261,15,3,Port Kembla,10.8,SIMP_201812_WP,8,August,79.5,11.5,18.2
2018-08-07T21:00:00Z,1.128,15.1,3.2,Port Kembla,11.520000000000001,SIMP_201812_WP,8,August,79.5,11.5,18.2
2018-08-07T22:00:00Z,0.92,15.2,3.2,Port Kembla,11.520000000000001,SIMP_201812_WP,8,August,79.5,11.5,18.2
2018-08-07T23:00:00Z,0.714,15.4,4.7,Port Kembla,16.92,SIMP_201812_WP,8,August,79.5,11.5,18.2
2018-08-08T00:00:00Z,0.564,15.5,3.5,Port Kembla,12.6,SIMP_201812_WP,8,August,79.5,11.5,18.2
2018-08-08T01:00:00Z,0.521,15.6,7.9,Port Kembla,28.44,SIMP_201812_WP,8,August,79.5,11.5,18.2
2018-08-08T02:00:00Z,0.597,15.6,9,Port Kembla,32.4,SIMP_201812_WP,8,August,79.5,11.5,18.2
2018-08-08T03:00:00Z,0.809,15.6,6.1,Port Kembla,21.96,SIMP_201812_WP,8,August,79.5,11.5,18.2
2018-08-08T04:00:00Z,1.104,15.6,7.9,Port Kembla,28.44,SIMP_201812_WP,8,August,79.5,11.5,18.2
2018-08-08T05:00:00Z,1.416,15.6,8,Port Kembla,28.8,SIMP_201812_WP,8,August,79.5,11.5,18.2
2018-08-08T06:00:00Z,1.653,15.6,6.3,Port Kembla,22.68,SIMP_201812_WP,8,August,79.5,11.5,18.2
2018-08-08T07:00:00Z,1.805,15.6,7.3,Port Kembla,26.28,SIMP_201812_WP,8,August,79.5,11.5,18.2
2018-08-08T08:00:00Z,1.796,15.6,6.2,Port Kembla,22.32,SIMP_201812_WP,8,August,79.5,11.5,18.2
2018-08-08T09:00:00Z,1.641,15.5,7.6,Port Kembla,27.36,SIMP_201812_WP,8,August,79.5,11.5,18.2
2018-08-08T10:00:00Z,1.358,15.5,4.2,Port Kembla,15.120000000000001,SIMP_201812_WP,8,August,79.5,11.5,18.2
2018-08-08T11:00:00Z,1.016,15.5,6.5,Port Kembla,23.400000000000002,SIMP_201812_WP,8,August,79.5,11.5,18.2
2018-08-08T12:00:00Z,0.701,15.6,8.5,Port Kembla,30.6,SIMP_201812_WP,8,August,79.5,11.5,18.2
2018-08-08T13:00:00Z,0.463,15.5,7.1,Port Kembla,25.56,SIMP_201812_WP,8,August,79.5,11.5,18.2
2018-08-08T14:00:00Z,0.358,15.6,6.4,Port Kembla,23.040000000000003,SIMP_201812_WP,8,August,79.5,11.5,18.2
2018-08-08T15:00:00Z,0.386,15.5,0.6,Port Kembla,2.16,SIMP_201812_WP,8,August,79.5,11.5,18.2
2018-08-08T16:00:00Z,0.549,15.5,2.7,Port Kembla,9.72,SIMP_201812_WP,8,August,79.5,11.5,18.2
2018-08-08T17:00:00Z,0.796,15.4,4.9,Port Kembla,17.64,SIMP_201812_WP,8,August,79.5,11.5,18.2
2018-08-08T18:00:00Z,1.046,15.3,6.7,Port Kembla,24.12,SIMP_201812_WP,8,August,79.5,11.5,18.2
2018-08-08T19:00:00Z,1.245,15.3,6.3,Port Kembla,22.68,SIMP_201812_WP,8,August,79.5,11.5,18.2
2018-08-08T20:00:00Z,1.329,15.3,6.7,Port Kembla,24.12,SIMP_201812_WP,8,August,79.5,11.5,18.2
2018-08-08T21:00:00Z,1.278,15.3,1.8,Port Kembla,6.48,SIMP_201812_WP,8,August,79.5,11.5,18.2
2018-08-08T22:00:00Z,1.094,15.1,1.9,Port Kembla,6.84,SIMP_201812_WP,8,August,79.5,11.5,18.2
2018-08-08T23:00:00Z,0.845,15.2,2.8,Port Kembla,10.08,SIMP_201812_WP,8,August,79.5,11.5,18.2
2018-08-09T00:00:00Z,0.593,15.2,2.5,Port Kembla,9,SIMP_201812_WP,8,August,79.5,11.5,18.2
2018-08-09T01:00:00Z,0.41,15.3,3,Port Kembla,10.8,SIMP_201812_WP,8,August,79.5,11.5,18.2
2018-08-09T02:00:00Z,0.363,15.3,3.4,Port Kembla,12.24,SIMP_201812_WP,8,August,79.5,11.5,18.2
2018-08-09T03:00:00Z,0.451,15.6,3.2,Port Kembla,11.520000000000001,SIMP_201812_WP,8,August,79.5,11.5,18.2
2018-08-09T04:00:00Z,0.695,15.7,2,Port Kembla,7.2,SIMP_201812_WP,8,August,79.5,11.5,18.2
2018-08-09T05:00:00Z,1.039,15.7,2.8,Port Kembla,10.08,SIMP_201812_WP,8,August,79.5,11.5,18.2
2018-08-09T06:00:00Z,1.388,15.7,3.1,Port Kembla,11.16,SIMP_201812_WP,8,August,79.5,11.5,18.2
2018-08-09T07:00:00Z,1.663,15.6,2.5,Port Kembla,9,SIMP_201812_WP,8,August,79.5,11.5,18.2
2018-08-09T08:00:00Z,1.81,15.6,2.5,Port Kembla,9,SIMP_201812_WP,8,August,79.5,11.5,18.2
2018-08-09T09:00:00Z,1.792,15.6,2.1,Port Kembla,7.5600000000000005,SIMP_201812_WP,8,August,79.5,11.5,18.2
2018-08-09T10:00:00Z,1.596,15.6,1.7,Port Kembla,6.12,SIMP_201812_WP,8,August,79.5,11.5,18.2
2018-08-09T11:00:00Z,1.265,15.7,1.7,Port Kembla,6.12,SIMP_201812_WP,8,August,79.5,11.5,18.2
2018-08-09T12:00:00Z,0.88,15.7,1.4,Port Kembla,5.04,SIMP_201812_WP,8,August,79.5,11.5,18.2
2018-08-09T13:00:00Z,0.509,15.7,3.6,Port Kembla,12.96,SIMP_201812_WP,8,August,79.5,11.5,18.2
2018-08-09T14:00:00Z,0.24,15.7,3.3,Port Kembla,11.879999999999999,SIMP_201812_WP,8,August,79.5,11.5,18.2
2018-08-09T15:00:00Z,0.124,15.6,4.8,Port Kembla,17.28,SIMP_201812_WP,8,August,79.5,11.5,18.2
2018-08-09T16:00:00Z,0.182,15.7,3.6,Port Kembla,12.96,SIMP_201812_WP,8,August,79.5,11.5,18.2
2018-08-09T17:00:00Z,0.388,15.7,3.1,Port Kembla,11.16,SIMP_201812_WP,8,August,79.5,11.5,18.2
2018-08-09T18:00:00Z,0.678,15.7,1.2,Port Kembla,4.32,SIMP_201812_WP,8,August,79.5,11.5,18.2
2018-08-09T19:00:00Z,0.991,15.7,2.2,Port Kembla,7.920000000000001,SIMP_201812_WP,8,August,79.5,11.5,18.2
2018-08-09T20:00:00Z,1.207,15.7,4.5,Port Kembla,16.2,SIMP_201812_WP,8,August,79.5,11.5,18.2
2018-08-09T21:00:00Z,1.309,15.6,3.1,Port Kembla,11.16,SIMP_201812_WP,8,August,79.5,11.5,18.2
2018-08-09T22:00:00Z,1.255,15.6,3.6,Port Kembla,12.96,SIMP_201812_WP,8,August,79.5,11.5,18.2
2018-08-09T23:00:00Z,1.061,15.6,3.9,Port Kembla,14.04,SIMP_201812_WP,8,August,79.5,11.5,18.2
2018-08-10T00:00:00Z,0.793,15.5,4.1,Port Kembla,14.76,SIMP_201812_WP,8,August,79.5,11.5,18.2
2018-08-10T01:00:00Z,0.532,15.7,3.9,Port Kembla,14.04,SIMP_201812_WP,8,August,79.5,11.5,18.2
2018-08-10T02:00:00Z,0.361,15.8,4,Port Kembla,14.4,SIMP_201812_WP,8,August,79.5,11.5,18.2
2018-08-10T03:00:00Z,0.323,15.9,6.5,Port Kembla,23.400000000000002,SIMP_201812_WP,8,August,79.5,11.5,18.2
2018-08-10T04:00:00Z,0.463,16.1,6.5,Port Kembla,23.400000000000002,SIMP_201812_WP,8,August,79.5,11.5,18.2
2018-08-10T05:00:00Z,0.742,16.1,6.5,Port Kembla,23.400000000000002,SIMP_201812_WP,8,August,79.5,11.5,18.2
2018-08-10T06:00:00Z,1.13,16.1,7.9,Port Kembla,28.44,SIMP_201812_WP,8,August,79.5,11.5,18.2
2018-08-10T07:00:00Z,1.51,16.1,7.8,Port Kembla,28.08,SIMP_201812_WP,8,August,79.5,11.5,18.2
2018-08-10T08:00:00Z,1.816,16.1,6.8,Port Kembla,24.48,SIMP_201812_WP,8,August,79.5,11.5,18.2
2018-08-10T09:00:00Z,1.973,16,6.6,Port Kembla,23.759999999999998,SIMP_201812_WP,8,August,79.5,11.5,18.2
2018-08-10T10:00:00Z,1.922,16,8,Port Kembla,28.8,SIMP_201812_WP,8,August,79.5,11.5,18.2
2018-08-10T11:00:00Z,1.668,16,7.7,Port Kembla,27.720000000000002,SIMP_201812_WP,8,August,79.5,11.5,18.2
2018-08-10T12:00:00Z,1.267,15.9,7.8,Port Kembla,28.08,SIMP_201812_WP,8,August,79.5,11.5,18.2
2018-08-10T13:00:00Z,0.828,15.9,5.2,Port Kembla,18.720000000000002,SIMP_201812_WP,8,August,79.5,11.5,18.2
2018-08-10T14:00:00Z,0.432,15.8,5.6,Port Kembla,20.16,SIMP_201812_WP,8,August,79.5,11.5,18.2
2018-08-10T15:00:00Z,0.165,15.8,6.5,Port Kembla,23.400000000000002,SIMP_201812_WP,8,August,79.5,11.5,18.2
2018-08-10T16:00:00Z,0.059,15.7,7.2,Port Kembla,25.92,SIMP_201812_WP,8,August,79.5,11.5,18.2
2018-08-10T17:00:00Z,0.152,15.7,6.7,Port Kembla,24.12,SIMP_201812_WP,8,August,79.5,11.5,18.2
2018-08-10T18:00:00Z,0.401,15.6,5.6,Port Kembla,20.16,SIMP_201812_WP,8,August,79.5,11.5,18.2
2018-08-10T19:00:00Z,0.745,15.6,5.7,Port Kembla,20.52,SIMP_201812_WP,8,August,79.5,11.5,18.2
2018-08-10T20:00:00Z,1.075,15.6,5.7,Port Kembla,20.52,SIMP_201812_WP,8,August,79.5,11.5,18.2
2018-08-10T21:00:00Z,1.317,15.6,4.7,Port Kembla,16.92,SIMP_201812_WP,8,August,79.5,11.5,18.2
2018-08-10T22:00:00Z,1.412,15.5,5.4,Port Kembla,19.44,SIMP_201812_WP,8,August,79.5,11.5,18.2
2018-08-10T23:00:00Z,1.33,15.5,7,Port Kembla,25.2,SIMP_201812_WP,8,August,79.5,11.5,18.2
2018-08-11T00:00:00Z,1.114,15.6,7.1,Port Kembla,25.56,SIMP_201812_WP,8,August,79.5,11.5,18.2
2018-08-11T01:00:00Z,0.818,15.7,6.6,Port Kembla,23.759999999999998,SIMP_201812_WP,8,August,79.5,11.5,18.2
2018-08-11T02:00:00Z,0.535,15.8,5.6,Port Kembla,20.16,SIMP_201812_WP,8,August,79.5,11.5,18.2
2018-08-11T03:00:00Z,0.362,15.8,6.3,Port Kembla,22.68,SIMP_201812_WP,8,August,79.5,11.5,18.2
2018-08-11T04:00:00Z,0.347,15.8,5.5,Port Kembla,19.8,SIMP_201812_WP,8,August,79.5,11.5,18.2
2018-08-11T05:00:00Z,0.501,15.9,5.6,Port Kembla,20.16,SIMP_201812_WP,8,August,79.5,11.5,18.2
2018-08-11T06:00:00Z,0.815,16,7,Port Kembla,25.2,SIMP_201812_WP,8,August,79.5,11.5,18.2
2018-08-11T07:00:00Z,1.212,16,9.5,Port Kembla,34.2,SIMP_201812_WP,8,August,79.5,11.5,18.2
2018-08-11T08:00:00Z,1.6,15.9,5.3,Port Kembla,19.08,SIMP_201812_WP,8,August,79.5,11.5,18.2
2018-08-11T09:00:00Z,1.898,15.9,7.4,Port Kembla,26.64,SIMP_201812_WP,8,August,79.5,11.5,18.2
2018-08-11T10:00:00Z,2.003,15.9,12.3,Port Kembla,44.28,SIMP_201812_WP,8,August,79.5,11.5,18.2
2018-08-11T11:00:00Z,1.9,15.8,14.2,Port Kembla,51.12,SIMP_201812_WP,8,August,79.5,11.5,18.2
2018-08-11T12:00:00Z,1.628,15.7,9.9,Port Kembla,35.64,SIMP_201812_WP,8,August,79.5,11.5,18.2
2018-08-11T13:00:00Z,1.208,15.8,5.5,Port Kembla,19.8,SIMP_201812_WP,8,August,79.5,11.5,18.2
2018-08-11T14:00:00Z,0.752,15.7,3.8,Port Kembla,13.68,SIMP_201812_WP,8,August,79.5,11.5,18.2
2018-08-11T15:00:00Z,0.357,15.7,6.4,Port Kembla,23.040000000000003,SIMP_201812_WP,8,August,79.5,11.5,18.2
2018-08-11T16:00:00Z,0.091,15.7,8.1,Port Kembla,29.16,SIMP_201812_WP,8,August,79.5,11.5,18.2
2018-08-11T17:00:00Z,0.026,15.7,4.3,Port Kembla,15.48,SIMP_201812_WP,8,August,79.5,11.5,18.2
2018-08-11T18:00:00Z,0.16,15.6,5.2,Port Kembla,18.720000000000002,SIMP_201812_WP,8,August,79.5,11.5,18.2
2018-08-11T19:00:00Z,0.449,15.5,4.9,Port Kembla,17.64,SIMP_201812_WP,8,August,79.5,11.5,18.2
2018-08-11T20:00:00Z,0.806,15.6,3,Port Kembla,10.8,SIMP_201812_WP,8,August,79.5,11.5,18.2
2018-08-11T21:00:00Z,1.152,15.4,6,Port Kembla,21.6,SIMP_201812_WP,8,August,79.5,11.5,18.2
2018-08-11T22:00:00Z,1.383,15.4,8.4,Port Kembla,30.240000000000002,SIMP_201812_WP,8,August,79.5,11.5,18.2
2018-08-11T23:00:00Z,1.452,15.2,8.9,Port Kembla,32.04,SIMP_201812_WP,8,August,79.5,11.5,18.2
2018-08-12T00:00:00Z,1.334,15.4,9.1,Port Kembla,32.76,SIMP_201812_WP,8,August,79.5,11.5,18.2
2018-08-12T01:00:00Z,1.083,15.3,8.4,Port Kembla,30.240000000000002,SIMP_201812_WP,8,August,79.5,11.5,18.2
2018-08-12T02:00:00Z,0.762,15.4,8,Port Kembla,28.8,SIMP_201812_WP,8,August,79.5,11.5,18.2
2018-08-12T03:00:00Z,0.466,15.4,6.4,Port Kembla,23.040000000000003,SIMP_201812_WP,8,August,79.5,11.5,18.2
2018-08-12T04:00:00Z,0.294,15.5,6.4,Port Kembla,23.040000000000003,SIMP_201812_WP,8,August,79.5,11.5,18.2
2018-08-12T05:00:00Z,0.271,15.6,8.6,Port Kembla,30.96,SIMP_201812_WP,8,August,79.5,11.5,18.2
2018-08-12T06:00:00Z,0.43,15.6,7.2,Port Kembla,25.92,SIMP_201812_WP,8,August,79.5,11.5,18.2
2018-08-12T07:00:00Z,0.766,15.6,7.1,Port Kembla,25.56,SIMP_201812_WP,8,August,79.5,11.5,18.2
2018-08-12T08:00:00Z,1.173,15.5,9.1,Port Kembla,32.76,SIMP_201812_WP,8,August,79.5,11.5,18.2
2018-08-12T09:00:00Z,1.551,15.4,8.1,Port Kembla,29.16,SIMP_201812_WP,8,August,79.5,11.5,18.2
2018-08-12T10:00:00Z,1.836,15.3,9.8,Port Kembla,35.28,SIMP_201812_WP,8,August,79.5,11.5,18.2
2018-08-12T11:00:00Z,1.952,15.2,8.2,Port Kembla,29.52,SIMP_201812_WP,8,August,79.5,11.5,18.2
2018-08-12T12:00:00Z,1.842,15.2,6.7,Port Kembla,24.12,SIMP_201812_WP,8,August,79.5,11.5,18.2
2018-08-12T13:00:00Z,1.531,15.2,8.4,Port Kembla,30.240000000000002,SIMP_201812_WP,8,August,79.5,11.5,18.2
2018-08-12T14:00:00Z,1.112,15.1,6.6,Port Kembla,23.759999999999998,SIMP_201812_WP,8,August,79.5,11.5,18.2
2018-08-12T15:00:00Z,0.662,15.1,7.1,Port Kembla,25.56,SIMP_201812_WP,8,August,79.5,11.5,18.2
2018-08-12T16:00:00Z,0.286,15.1,7.4,Port Kembla,26.64,SIMP_201812_WP,8,August,79.5,11.5,18.2
2018-08-12T17:00:00Z,0.059,15,9.6,Port Kembla,34.56,SIMP_201812_WP,8,August,79.5,11.5,18.2
2018-08-12T18:00:00Z,0.026,14.8,8,Port Kembla,28.8,SIMP_201812_WP,8,August,79.5,11.5,18.2
2018-08-12T19:00:00Z,0.188,14.8,8.5,Port Kembla,30.6,SIMP_201812_WP,8,August,79.5,11.5,18.2
2018-08-12T20:00:00Z,0.501,14.8,5.4,Port Kembla,19.44,SIMP_201812_WP,8,August,79.5,11.5,18.2
2018-08-12T21:00:00Z,0.874,14.9,7.7,Port Kembla,27.720000000000002,SIMP_201812_WP,8,August,79.5,11.5,18.2
2018-08-12T22:00:00Z,1.192,14.8,7.3,Port Kembla,26.28,SIMP_201812_WP,8,August,79.5,11.5,18.2
2018-08-12T23:00:00Z,1.406,14.9,7,Port Kembla,25.2,SIMP_201812_WP,8,August,79.5,11.5,18.2
2018-08-13T00:00:00Z,1.439,15,5.5,Port Kembla,19.8,SIMP_201812_WP,8,August,79.5,11.5,18.2
2018-08-13T01:00:00Z,1.295,15,6.1,Port Kembla,21.96,SIMP_201812_WP,8,August,79.5,11.5,18.2
2018-08-13T02:00:00Z,1.017,15.1,5.8,Port Kembla,20.88,SIMP_201812_WP,8,August,79.5,11.5,18.2
2018-08-13T03:00:00Z,0.711,15.2,5.6,Port Kembla,20.16,SIMP_201812_WP,8,August,79.5,11.5,18.2
2018-08-13T04:00:00Z,0.448,15.3,5,Port Kembla,18,SIMP_201812_WP,8,August,79.5,11.5,18.2
2018-08-13T05:00:00Z,0.29,15.3,6.1,Port Kembla,21.96,SIMP_201812_WP,8,August,79.5,11.5,18.2
2018-08-13T06:00:00Z,0.285,15.3,8.8,Port Kembla,31.680000000000003,SIMP_201812_WP,8,August,79.5,11.5,18.2
2018-08-13T07:00:00Z,0.481,15.4,8.5,Port Kembla,30.6,SIMP_201812_WP,8,August,79.5,11.5,18.2
2018-08-13T08:00:00Z,0.815,15.5,9.8,Port Kembla,35.28,SIMP_201812_WP,8,August,79.5,11.5,18.2
2018-08-13T09:00:00Z,1.213,15.4,10.1,Port Kembla,36.36,SIMP_201812_WP,8,August,79.5,11.5,18.2
2018-08-13T10:00:00Z,1.584,15.4,7.3,Port Kembla,26.28,SIMP_201812_WP,8,August,79.5,11.5,18.2
2018-08-13T11:00:00Z,1.834,15.3,7.9,Port Kembla,28.44,SIMP_201812_WP,8,August,79.5,11.5,18.2
2018-08-13T12:00:00Z,1.912,15.3,8.5,Port Kembla,30.6,SIMP_201812_WP,8,August,79.5,11.5,18.2
2018-08-13T13:00:00Z,1.772,15.2,7.4,Port Kembla,26.64,SIMP_201812_WP,8,August,79.5,11.5,18.2
2018-08-13T14:00:00Z,1.452,15.1,7.4,Port Kembla,26.64,SIMP_201812_WP,8,August,79.5,11.5,18.2
2018-08-13T15:00:00Z,1.033,15.1,5.4,Port Kembla,19.44,SIMP_201812_WP,8,August,79.5,11.5,18.2
2018-08-13T16:00:00Z,0.609,15.2,4.7,Port Kembla,16.92,SIMP_201812_WP,8,August,79.5,11.5,18.2
2018-08-13T17:00:00Z,0.284,15.2,7.6,Port Kembla,27.36,SIMP_201812_WP,8,August,79.5,11.5,18.2
2018-08-13T18:00:00Z,0.095,15.1,7.8,Port Kembla,28.08,SIMP_201812_WP,8,August,79.5,11.5,18.2
2018-08-13T19:00:00Z,0.092,15.1,6.6,Port Kembla,23.759999999999998,SIMP_201812_WP,8,August,79.5,11.5,18.2
2018-08-13T20:00:00Z,0.284,15.1,6.6,Port Kembla,23.759999999999998,SIMP_201812_WP,8,August,79.5,11.5,18.2
2018-08-13T21:00:00Z,0.6,15,5.8,Port Kembla,20.88,SIMP_201812_WP,8,August,79.5,11.5,18.2
2018-08-13T22:00:00Z,0.94,15,6.2,Port Kembla,22.32,SIMP_201812_WP,8,August,79.5,11.5,18.2
2018-08-13T23:00:00Z,1.24,15,4.8,Port Kembla,17.28,SIMP_201812_WP,8,August,79.5,11.5,18.2
2018-08-14T00:00:00Z,1.435,15,4.9,Port Kembla,17.64,SIMP_201812_WP,8,August,79.5,11.5,18.2
2018-08-14T01:00:00Z,1.453,15,3,Port Kembla,10.8,SIMP_201812_WP,8,August,79.5,11.5,18.2
2018-08-14T02:00:00Z,1.3,15.2,3.2,Port Kembla,11.520000000000001,SIMP_201812_WP,8,August,79.5,11.5,18.2
2018-08-14T03:00:00Z,1.043,15.2,4.7,Port Kembla,16.92,SIMP_201812_WP,8,August,79.5,11.5,18.2
2018-08-14T04:00:00Z,0.765,15.6,4.8,Port Kembla,17.28,SIMP_201812_WP,8,August,79.5,11.5,18.2
2018-08-14T05:00:00Z,0.53,15.8,3.4,Port Kembla,12.24,SIMP_201812_WP,8,August,79.5,11.5,18.2
2018-08-14T06:00:00Z,0.402,15.8,2.3,Port Kembla,8.28,SIMP_201812_WP,8,August,79.5,11.5,18.2
2018-08-14T07:00:00Z,0.423,15.8,2.2,Port Kembla,7.920000000000001,SIMP_201812_WP,8,August,79.5,11.5,18.2
2018-08-14T08:00:00Z,0.613,15.8,0.8,Port Kembla,2.8800000000000003,SIMP_201812_WP,8,August,79.5,11.5,18.2
2018-08-14T09:00:00Z,0.924,15.7,2.1,Port Kembla,7.5600000000000005,SIMP_201812_WP,8,August,79.5,11.5,18.2
2018-08-14T10:00:00Z,1.278,15.7,5.2,Port Kembla,18.720000000000002,SIMP_201812_WP,8,August,79.5,11.5,18.2
2018-08-14T11:00:00Z,1.601,15.5,4.7,Port Kembla,16.92,SIMP_201812_WP,8,August,79.5,11.5,18.2
2018-08-14T12:00:00Z,1.797,15.6,5.1,Port Kembla,18.36,SIMP_201812_WP,8,August,79.5,11.5,18.2
2018-08-14T13:00:00Z,1.837,15.5,0.9,Port Kembla,3.24,SIMP_201812_WP,8,August,79.5,11.5,18.2
2018-08-14T14:00:00Z,1.687,15.5,5.3,Port Kembla,19.08,SIMP_201812_WP,8,August,79.5,11.5,18.2
2018-08-14T15:00:00Z,1.39,15.5,3.8,Port Kembla,13.68,SIMP_201812_WP,8,August,79.5,11.5,18.2
2018-08-14T16:00:00Z,1.006,15.4,2.8,Port Kembla,10.08,SIMP_201812_WP,8,August,79.5,11.5,18.2
2018-08-14T17:00:00Z,0.656,15.4,0.9,Port Kembla,3.24,SIMP_201812_WP,8,August,79.5,11.5,18.2
2018-08-14T18:00:00Z,0.398,15.4,3.2,Port Kembla,11.520000000000001,SIMP_201812_WP,8,August,79.5,11.5,18.2
2018-08-14T19:00:00Z,0.285,15.3,12.5,Port Kembla,45,SIMP_201812_WP,8,August,79.5,11.5,18.2
2018-08-14T20:00:00Z,0.333,15,15.6,Port Kembla,56.16,SIMP_201812_WP,8,August,79.5,11.5,18.2
2018-08-14T21:00:00Z,0.541,14.9,11.1,Port Kembla,39.96,SIMP_201812_WP,8,August,79.5,11.5,18.2
2018-08-14T22:00:00Z,0.839,14.9,10.7,Port Kembla,38.519999999999996,SIMP_201812_WP,8,August,79.5,11.5,18.2
2018-08-14T23:00:00Z,1.171,15,8.3,Port Kembla,29.880000000000003,SIMP_201812_WP,8,August,79.5,11.5,18.2
2018-08-15T00:00:00Z,1.454,15.1,11.2,Port Kembla,40.32,SIMP_201812_WP,8,August,79.5,11.5,18.2
2018-08-15T01:00:00Z,1.596,15.2,5.9,Port Kembla,21.240000000000002,SIMP_201812_WP,8,August,79.5,11.5,18.2
2018-08-15T02:00:00Z,1.593,15.3,5.1,Port Kembla,18.36,SIMP_201812_WP,8,August,79.5,11.5,18.2
2018-08-15T03:00:00Z,1.429,15.4,5.6,Port Kembla,20.16,SIMP_201812_WP,8,August,79.5,11.5,18.2
2018-08-15T04:00:00Z,1.185,15.5,6.1,Port Kembla,21.96,SIMP_201812_WP,8,August,79.5,11.5,18.2
2018-08-15T05:00:00Z,0.907,15.5,9.2,Port Kembla,33.12,SIMP_201812_WP,8,August,79.5,11.5,18.2
2018-08-15T06:00:00Z,0.68,15.6,10.4,Port Kembla,37.440000000000005,SIMP_201812_WP,8,August,79.5,11.5,18.2
2018-08-15T07:00:00Z,0.572,15.6,6.3,Port Kembla,22.68,SIMP_201812_WP,8,August,79.5,11.5,18.2
2018-08-15T08:00:00Z,0.599,15.5,2.7,Port Kembla,9.72,SIMP_201812_WP,8,August,79.5,11.5,18.2
2018-08-15T09:00:00Z,0.761,15.4,3.4,Port Kembla,12.24,SIMP_201812_WP,8,August,79.5,11.5,18.2
2018-08-15T10:00:00Z,1.036,15.4,2.2,Port Kembla,7.920000000000001,SIMP_201812_WP,8,August,79.5,11.5,18.2
2018-08-15T11:00:00Z,1.333,15.4,3.9,Port Kembla,14.04,SIMP_201812_WP,8,August,79.5,11.5,18.2
2018-08-15T12:00:00Z,1.566,15.4,2.8,Port Kembla,10.08,SIMP_201812_WP,8,August,79.5,11.5,18.2
2018-08-15T13:00:00Z,1.712,15.3,2.6,Port Kembla,9.360000000000001,SIMP_201812_WP,8,August,79.5,11.5,18.2
2018-08-15T14:00:00Z,1.712,15.3,0.6,Port Kembla,2.16,SIMP_201812_WP,8,August,79.5,11.5,18.2
2018-08-15T15:00:00Z,1.544,15.3,0.6,Port Kembla,2.16,SIMP_201812_WP,8,August,79.5,11.5,18.2
2018-08-15T16:00:00Z,1.257,15.3,2.8,Port Kembla,10.08,SIMP_201812_WP,8,August,79.5,11.5,18.2
2018-08-15T17:00:00Z,0.937,15.2,4.8,Port Kembla,17.28,SIMP_201812_WP,8,August,79.5,11.5,18.2
2018-08-15T18:00:00Z,0.655,15.2,2.5,Port Kembla,9,SIMP_201812_WP,8,August,79.5,11.5,18.2
2018-08-15T19:00:00Z,0.447,15.2,2.2,Port Kembla,7.920000000000001,SIMP_201812_WP,8,August,79.5,11.5,18.2
2018-08-15T20:00:00Z,0.374,15.2,2.9,Port Kembla,10.44,SIMP_201812_WP,8,August,79.5,11.5,18.2
2018-08-15T21:00:00Z,0.448,15.2,2.9,Port Kembla,10.44,SIMP_201812_WP,8,August,79.5,11.5,18.2
2018-08-15T22:00:00Z,0.651,15.2,1.2,Port Kembla,4.32,SIMP_201812_WP,8,August,79.5,11.5,18.2
2018-08-15T23:00:00Z,0.918,15.2,3.4,Port Kembla,12.24,SIMP_201812_WP,8,August,79.5,11.5,18.2
2018-08-16T00:00:00Z,1.183,15.3,8.2,Port Kembla,29.52,SIMP_201812_WP,8,August,79.5,11.5,18.2
2018-08-16T01:00:00Z,1.389,15.2,7.9,Port Kembla,28.44,SIMP_201812_WP,8,August,79.5,11.5,18.2
2018-08-16T02:00:00Z,1.49,15.2,3.1,Port Kembla,11.16,SIMP_201812_WP,8,August,79.5,11.5,18.2
2018-08-16T03:00:00Z,1.455,15.3,2.1,Port Kembla,7.5600000000000005,SIMP_201812_WP,8,August,79.5,11.5,18.2
2018-08-16T04:00:00Z,1.298,15.4,1.8,Port Kembla,6.48,SIMP_201812_WP,8,August,79.5,11.5,18.2
2018-08-16T05:00:00Z,1.062,15.4,6.9,Port Kembla,24.840000000000003,SIMP_201812_WP,8,August,79.5,11.5,18.2
2018-08-16T06:00:00Z,0.819,15.4,7.9,Port Kembla,28.44,SIMP_201812_WP,8,August,79.5,11.5,18.2
2018-08-16T07:00:00Z,0.63,15.4,6.5,Port Kembla,23.400000000000002,SIMP_201812_WP,8,August,79.5,11.5,18.2
2018-08-16T08:00:00Z,0.531,15.4,5.7,Port Kembla,20.52,SIMP_201812_WP,8,August,79.5,11.5,18.2
2018-08-16T09:00:00Z,0.544,15.3,4.6,Port Kembla,16.56,SIMP_201812_WP,8,August,79.5,11.5,18.2
2018-08-16T10:00:00Z,0.69,15.4,5.4,Port Kembla,19.44,SIMP_201812_WP,8,August,79.5,11.5,18.2
2018-08-16T11:00:00Z,0.921,15.4,6.2,Port Kembla,22.32,SIMP_201812_WP,8,August,79.5,11.5,18.2
2018-08-16T12:00:00Z,1.159,15.4,5.4,Port Kembla,19.44,SIMP_201812_WP,8,August,79.5,11.5,18.2
2018-08-16T13:00:00Z,1.347,15.3,4.8,Port Kembla,17.28,SIMP_201812_WP,8,August,79.5,11.5,18.2
2018-08-16T14:00:00Z,1.458,15.3,4.4,Port Kembla,15.840000000000002,SIMP_201812_WP,8,August,79.5,11.5,18.2
2018-08-16T15:00:00Z,1.436,15.3,2.5,Port Kembla,9,SIMP_201812_WP,8,August,79.5,11.5,18.2
2018-08-16T16:00:00Z,1.281,15.3,3.6,Port Kembla,12.96,SIMP_201812_WP,8,August,79.5,11.5,18.2
2018-08-16T17:00:00Z,1.066,15.2,4.3,Port Kembla,15.48,SIMP_201812_WP,8,August,79.5,11.5,18.2
2018-08-16T18:00:00Z,0.83,15.2,3.5,Port Kembla,12.6,SIMP_201812_WP,8,August,79.5,11.5,18.2
2018-08-16T19:00:00Z,0.62,15.2,3.1,Port Kembla,11.16,SIMP_201812_WP,8,August,79.5,11.5,18.2
2018-08-16T20:00:00Z,0.492,15.1,2.9,Port Kembla,10.44,SIMP_201812_WP,8,August,79.5,11.5,18.2
2018-08-16T21:00:00Z,0.462,15,4.3,Port Kembla,15.48,SIMP_201812_WP,8,August,79.5,11.5,18.2
2018-08-16T22:00:00Z,0.554,15,4.7,Port Kembla,16.92,SIMP_201812_WP,8,August,79.5,11.5,18.2
2018-08-16T23:00:00Z,0.754,15.1,5.5,Port Kembla,19.8,SIMP_201812_WP,8,August,79.5,11.5,18.2
2018-08-17T00:00:00Z,0.99,15.1,5.5,Port Kembla,19.8,SIMP_201812_WP,8,August,79.5,11.5,18.2
2018-08-17T01:00:00Z,1.217,15.2,5,Port Kembla,18,SIMP_201812_WP,8,August,79.5,11.5,18.2
2018-08-17T02:00:00Z,1.393,15.2,4,Port Kembla,14.4,SIMP_201812_WP,8,August,79.5,11.5,18.2
2018-08-17T03:00:00Z,1.472,15.2,3.7,Port Kembla,13.32,SIMP_201812_WP,8,August,79.5,11.5,18.2
2018-08-17T04:00:00Z,1.428,15.2,4.7,Port Kembla,16.92,SIMP_201812_WP,8,August,79.5,11.5,18.2
2018-08-17T05:00:00Z,1.273,15.2,2.7,Port Kembla,9.72,SIMP_201812_WP,8,August,79.5,11.5,18.2
2018-08-17T06:00:00Z,1.061,15.2,2.7,Port Kembla,9.72,SIMP_201812_WP,8,August,79.5,11.5,18.2
2018-08-17T07:00:00Z,0.858,15.2,0.6,Port Kembla,2.16,SIMP_201812_WP,8,August,79.5,11.5,18.2
2018-08-17T08:00:00Z,0.699,15.1,1.3,Port Kembla,4.680000000000001,SIMP_201812_WP,8,August,79.5,11.5,18.2
2018-08-17T09:00:00Z,0.608,15.1,3.4,Port Kembla,12.24,SIMP_201812_WP,8,August,79.5,11.5,18.2
2018-08-17T10:00:00Z,0.624,15.1,1.4,Port Kembla,5.04,SIMP_201812_WP,8,August,79.5,11.5,18.2
2018-08-17T11:00:00Z,0.757,15.1,2.3,Port Kembla,8.28,SIMP_201812_WP,8,August,79.5,11.5,18.2
2018-08-17T12:00:00Z,0.923,15.1,1.2,Port Kembla,4.32,SIMP_201812_WP,8,August,79.5,11.5,18.2
2018-08-17T13:00:00Z,1.104,15.1,2.4,Port Kembla,8.64,SIMP_201812_WP,8,August,79.5,11.5,18.2
2018-08-17T14:00:00Z,1.254,15.1,1.1,Port Kembla,3.9600000000000004,SIMP_201812_WP,8,August,79.5,11.5,18.2
2018-08-17T15:00:00Z,1.33,15.1,3,Port Kembla,10.8,SIMP_201812_WP,8,August,79.5,11.5,18.2
2018-08-17T16:00:00Z,1.305,15.1,1.5,Port Kembla,5.4,SIMP_201812_WP,8,August,79.5,11.5,18.2
2018-08-17T17:00:00Z,1.178,15.1,1.2,Port Kembla,4.32,SIMP_201812_WP,8,August,79.5,11.5,18.2
2018-08-17T18:00:00Z,1.008,15.2,3.1,Port Kembla,11.16,SIMP_201812_WP,8,August,79.5,11.5,18.2
2018-08-17T19:00:00Z,0.822,15.3,2.5,Port Kembla,9,SIMP_201812_WP,8,August,79.5,11.5,18.2
2018-08-17T20:00:00Z,0.667,15.3,2.6,Port Kembla,9.360000000000001,SIMP_201812_WP,8,August,79.5,11.5,18.2
2018-08-17T21:00:00Z,0.582,15.3,1.9,Port Kembla,6.84,SIMP_201812_WP,8,August,79.5,11.5,18.2
2018-08-17T22:00:00Z,0.571,15.3,4.5,Port Kembla,16.2,SIMP_201812_WP,8,August,79.5,11.5,18.2
2018-08-17T23:00:00Z,0.674,15.3,7.3,Port Kembla,26.28,SIMP_201812_WP,8,August,79.5,11.5,18.2
2018-08-18T00:00:00Z,0.857,15.3,3.8,Port Kembla,13.68,SIMP_201812_WP,8,August,79.5,11.5,18.2
2018-08-18T01:00:00Z,1.075,15.3,3.5,Port Kembla,12.6,SIMP_201812_WP,8,August,79.5,11.5,18.2
2018-08-18T02:00:00Z,1.276,15.5,2.9,Port Kembla,10.44,SIMP_201812_WP,8,August,79.5,11.5,18.2
2018-08-18T03:00:00Z,1.422,15.5,10.1,Port Kembla,36.36,SIMP_201812_WP,8,August,79.5,11.5,18.2
2018-08-18T04:00:00Z,1.437,15.5,13.6,Port Kembla,48.96,SIMP_201812_WP,8,August,79.5,11.5,18.2
2018-08-18T05:00:00Z,1.376,15.5,12.8,Port Kembla,46.080000000000005,SIMP_201812_WP,8,August,79.5,11.5,18.2
2018-08-18T06:00:00Z,1.254,15.4,10.2,Port Kembla,36.72,SIMP_201812_WP,8,August,79.5,11.5,18.2
2018-08-18T07:00:00Z,1.065,15.3,12.5,Port Kembla,45,SIMP_201812_WP,8,August,79.5,11.5,18.2
2018-08-18T08:00:00Z,0.889,15.3,8.3,Port Kembla,29.880000000000003,SIMP_201812_WP,8,August,79.5,11.5,18.2
2018-08-18T09:00:00Z,0.726,15.2,7.1,Port Kembla,25.56,SIMP_201812_WP,8,August,79.5,11.5,18.2
2018-08-18T10:00:00Z,0.635,15.2,8.4,Port Kembla,30.240000000000002,SIMP_201812_WP,8,August,79.5,11.5,18.2
2018-08-18T11:00:00Z,0.63,15,8.2,Port Kembla,29.52,SIMP_201812_WP,8,August,79.5,11.5,18.2
2018-08-18T12:00:00Z,0.717,14.9,8.7,Port Kembla,31.319999999999997,SIMP_201812_WP,8,August,79.5,11.5,18.2
2018-08-18T13:00:00Z,0.841,15,10.3,Port Kembla,37.080000000000005,SIMP_201812_WP,8,August,79.5,11.5,18.2
2018-08-18T14:00:00Z,0.982,14.9,9,Port Kembla,32.4,SIMP_201812_WP,8,August,79.5,11.5,18.2
2018-08-18T15:00:00Z,1.106,14.9,12.3,Port Kembla,44.28,SIMP_201812_WP,8,August,79.5,11.5,18.2
2018-08-18T16:00:00Z,1.169,14.9,10.2,Port Kembla,36.72,SIMP_201812_WP,8,August,79.5,11.5,18.2
2018-08-18T17:00:00Z,1.158,14.8,11.2,Port Kembla,40.32,SIMP_201812_WP,8,August,79.5,11.5,18.2
2018-08-18T18:00:00Z,1.071,14.8,7.8,Port Kembla,28.08,SIMP_201812_WP,8,August,79.5,11.5,18.2
2018-08-18T19:00:00Z,0.931,14.7,8.9,Port Kembla,32.04,SIMP_201812_WP,8,August,79.5,11.5,18.2
2018-08-18T20:00:00Z,0.785,14.7,12.6,Port Kembla,45.36,SIMP_201812_WP,8,August,79.5,11.5,18.2
2018-08-18T21:00:00Z,0.666,14.6,11.3,Port Kembla,40.68000000000001,SIMP_201812_WP,8,August,79.5,11.5,18.2
2018-08-18T22:00:00Z,0.6,14.6,15.8,Port Kembla,56.88,SIMP_201812_WP,8,August,79.5,11.5,18.2
2018-08-18T23:00:00Z,0.619,14.5,12,Port Kembla,43.2,SIMP_201812_WP,8,August,79.5,11.5,18.2
2018-08-19T00:00:00Z,0.724,14.6,10.9,Port Kembla,39.24,SIMP_201812_WP,8,August,79.5,11.5,18.2
2018-08-19T01:00:00Z,0.892,14.7,11.8,Port Kembla,42.480000000000004,SIMP_201812_WP,8,August,79.5,11.5,18.2
2018-08-19T02:00:00Z,1.083,14.8,10.5,Port Kembla,37.800000000000004,SIMP_201812_WP,8,August,79.5,11.5,18.2
2018-08-19T03:00:00Z,1.265,14.9,10.9,Port Kembla,39.24,SIMP_201812_WP,8,August,79.5,11.5,18.2
2018-08-19T04:00:00Z,1.391,14.9,10.7,Port Kembla,38.519999999999996,SIMP_201812_WP,8,August,79.5,11.5,18.2
2018-08-19T05:00:00Z,1.439,15,14.6,Port Kembla,52.56,SIMP_201812_WP,8,August,79.5,11.5,18.2
2018-08-19T06:00:00Z,1.384,14.9,11.6,Port Kembla,41.76,SIMP_201812_WP,8,August,79.5,11.5,18.2
2018-08-19T07:00:00Z,1.251,14.8,10.9,Port Kembla,39.24,SIMP_201812_WP,8,August,79.5,11.5,18.2
2018-08-19T08:00:00Z,1.092,14.7,10.8,Port Kembla,38.88,SIMP_201812_WP,8,August,79.5,11.5,18.2
2018-08-19T09:00:00Z,0.9,14.7,9.6,Port Kembla,34.56,SIMP_201812_WP,8,August,79.5,11.5,18.2
2018-08-19T10:00:00Z,0.75,14.6,8,Port Kembla,28.8,SIMP_201812_WP,8,August,79.5,11.5,18.2
2018-08-19T11:00:00Z,0.643,14.5,9.7,Port Kembla,34.92,SIMP_201812_WP,8,August,79.5,11.5,18.2
2018-08-19T12:00:00Z,0.619,14.4,8.5,Port Kembla,30.6,SIMP_201812_WP,8,August,79.5,11.5,18.2
2018-08-19T13:00:00Z,0.681,14.4,9.4,Port Kembla,33.84,SIMP_201812_WP,8,August,79.5,11.5,18.2
2018-08-19T14:00:00Z,0.793,14.4,8.8,Port Kembla,31.680000000000003,SIMP_201812_WP,8,August,79.5,11.5,18.2
2018-08-19T15:00:00Z,0.923,14.3,8.8,Port Kembla,31.680000000000003,SIMP_201812_WP,8,August,79.5,11.5,18.2
2018-08-19T16:00:00Z,1.048,14.5,7.6,Port Kembla,27.36,SIMP_201812_WP,8,August,79.5,11.5,18.2
2018-08-19T17:00:00Z,1.125,14.4,7.5,Port Kembla,27,SIMP_201812_WP,8,August,79.5,11.5,18.2
2018-08-19T18:00:00Z,1.131,14.4,6.7,Port Kembla,24.12,SIMP_201812_WP,8,August,79.5,11.5,18.2
2018-08-19T19:00:00Z,1.062,14.3,7.7,Port Kembla,27.720000000000002,SIMP_201812_WP,8,August,79.5,11.5,18.2
2018-08-19T20:00:00Z,0.949,14.3,7.8,Port Kembla,28.08,SIMP_201812_WP,8,August,79.5,11.5,18.2
2018-08-19T21:00:00Z,0.824,14.2,6.3,Port Kembla,22.68,SIMP_201812_WP,8,August,79.5,11.5,18.2
2018-08-19T22:00:00Z,0.719,14.2,7.4,Port Kembla,26.64,SIMP_201812_WP,8,August,79.5,11.5,18.2
2018-08-19T23:00:00Z,0.664,14.2,6.7,Port Kembla,24.12,SIMP_201812_WP,8,August,79.5,11.5,18.2
2018-08-20T00:00:00Z,0.691,14.2,7.6,Port Kembla,27.36,SIMP_201812_WP,8,August,79.5,11.5,18.2
2018-08-20T01:00:00Z,0.792,14.3,6.1,Port Kembla,21.96,SIMP_201812_WP,8,August,79.5,11.5,18.2
2018-08-20T02:00:00Z,0.953,14.4,4.8,Port Kembla,17.28,SIMP_201812_WP,8,August,79.5,11.5,18.2
2018-08-20T03:00:00Z,1.148,14.4,3.7,Port Kembla,13.32,SIMP_201812_WP,8,August,79.5,11.5,18.2
2018-08-20T04:00:00Z,1.337,14.4,3.7,Port Kembla,13.32,SIMP_201812_WP,8,August,79.5,11.5,18.2
2018-08-20T05:00:00Z,1.458,14.4,3.2,Port Kembla,11.520000000000001,SIMP_201812_WP,8,August,79.5,11.5,18.2
2018-08-20T06:00:00Z,1.501,14.5,2.7,Port Kembla,9.72,SIMP_201812_WP,8,August,79.5,11.5,18.2
2018-08-20T07:00:00Z,1.449,14.5,1.8,Port Kembla,6.48,SIMP_201812_WP,8,August,79.5,11.5,18.2
2018-08-20T08:00:00Z,1.313,14.5,1,Port Kembla,3.6,SIMP_201812_WP,8,August,79.5,11.5,18.2
2018-08-20T09:00:00Z,1.129,14.5,2,Port Kembla,7.2,SIMP_201812_WP,8,August,79.5,11.5,18.2
2018-08-20T10:00:00Z,0.937,14.5,0.6,Port Kembla,2.16,SIMP_201812_WP,8,August,79.5,11.5,18.2
2018-08-20T11:00:00Z,0.769,14.5,3,Port Kembla,10.8,SIMP_201812_WP,8,August,79.5,11.5,18.2
2018-08-20T12:00:00Z,0.648,14.4,3.6,Port Kembla,12.96,SIMP_201812_WP,8,August,79.5,11.5,18.2
2018-08-20T13:00:00Z,0.627,14.4,4.3,Port Kembla,15.48,SIMP_201812_WP,8,August,79.5,11.5,18.2
2018-08-20T14:00:00Z,0.686,14.5,8,Port Kembla,28.8,SIMP_201812_WP,8,August,79.5,11.5,18.2
2018-08-20T15:00:00Z,0.785,14.4,8.2,Port Kembla,29.52,SIMP_201812_WP,8,August,79.5,11.5,18.2
2018-08-20T16:00:00Z,0.92,14.4,7.7,Port Kembla,27.720000000000002,SIMP_201812_WP,8,August,79.5,11.5,18.2
2018-08-20T17:00:00Z,1.046,14.4,9.3,Port Kembla,33.480000000000004,SIMP_201812_WP,8,August,79.5,11.5,18.2
2018-08-20T18:00:00Z,1.12,14.3,9.7,Port Kembla,34.92,SIMP_201812_WP,8,August,79.5,11.5,18.2
2018-08-20T19:00:00Z,1.114,14,7.9,Port Kembla,28.44,SIMP_201812_WP,8,August,79.5,11.5,18.2
2018-08-20T20:00:00Z,1.048,14,5.9,Port Kembla,21.240000000000002,SIMP_201812_WP,8,August,79.5,11.5,18.2
2018-08-20T21:00:00Z,0.929,14,9.2,Port Kembla,33.12,SIMP_201812_WP,8,August,79.5,11.5,18.2
2018-08-20T22:00:00Z,0.787,14.1,4.2,Port Kembla,15.120000000000001,SIMP_201812_WP,8,August,79.5,11.5,18.2
2018-08-20T23:00:00Z,0.673,14,6.9,Port Kembla,24.840000000000003,SIMP_201812_WP,8,August,79.5,11.5,18.2
2018-08-21T00:00:00Z,0.617,14.2,8.4,Port Kembla,30.240000000000002,SIMP_201812_WP,8,August,79.5,11.5,18.2
2018-08-21T01:00:00Z,0.649,14.2,8.5,Port Kembla,30.6,SIMP_201812_WP,8,August,79.5,11.5,18.2
2018-08-21T02:00:00Z,0.747,14.2,12.6,Port Kembla,45.36,SIMP_201812_WP,8,August,79.5,11.5,18.2
2018-08-21T03:00:00Z,0.921,14.4,13.5,Port Kembla,48.6,SIMP_201812_WP,8,August,79.5,11.5,18.2
2018-08-21T04:00:00Z,1.131,14.6,10.2,Port Kembla,36.72,SIMP_201812_WP,8,August,79.5,11.5,18.2
2018-08-21T05:00:00Z,1.323,14.6,9.9,Port Kembla,35.64,SIMP_201812_WP,8,August,79.5,11.5,18.2
2018-08-21T06:00:00Z,1.441,14.6,13.1,Port Kembla,47.16,SIMP_201812_WP,8,August,79.5,11.5,18.2
2018-08-21T07:00:00Z,1.47,14.6,9.4,Port Kembla,33.84,SIMP_201812_WP,8,August,79.5,11.5,18.2
2018-08-21T08:00:00Z,1.405,14.5,11.3,Port Kembla,40.68000000000001,SIMP_201812_WP,8,August,79.5,11.5,18.2
2018-08-21T09:00:00Z,1.248,14.4,9,Port Kembla,32.4,SIMP_201812_WP,8,August,79.5,11.5,18.2
2018-08-21T10:00:00Z,1.041,14.4,7,Port Kembla,25.2,SIMP_201812_WP,8,August,79.5,11.5,18.2
2018-08-21T11:00:00Z,0.823,14.4,6,Port Kembla,21.6,SIMP_201812_WP,8,August,79.5,11.5,18.2
2018-08-21T12:00:00Z,0.637,14.4,5.4,Port Kembla,19.44,SIMP_201812_WP,8,August,79.5,11.5,18.2
2018-08-21T13:00:00Z,0.532,14.4,4.5,Port Kembla,16.2,SIMP_201812_WP,8,August,79.5,11.5,18.2
2018-08-21T14:00:00Z,0.505,14.4,4.8,Port Kembla,17.28,SIMP_201812_WP,8,August,79.5,11.5,18.2
2018-08-21T15:00:00Z,0.569,14.3,8.6,Port Kembla,30.96,SIMP_201812_WP,8,August,79.5,11.5,18.2
2018-08-21T16:00:00Z,0.702,14.3,8.7,Port Kembla,31.319999999999997,SIMP_201812_WP,8,August,79.5,11.5,18.2
2018-08-21T17:00:00Z,0.868,14.3,7.2,Port Kembla,25.92,SIMP_201812_WP,8,August,79.5,11.5,18.2
2018-08-21T18:00:00Z,1.023,14.1,7.9,Port Kembla,28.44,SIMP_201812_WP,8,August,79.5,11.5,18.2
2018-08-21T19:00:00Z,1.098,14.1,6.3,Port Kembla,22.68,SIMP_201812_WP,8,August,79.5,11.5,18.2
2018-08-21T20:00:00Z,1.105,14.1,4.3,Port Kembla,15.48,SIMP_201812_WP,8,August,79.5,11.5,18.2
2018-08-21T21:00:00Z,1.019,14.1,3.9,Port Kembla,14.04,SIMP_201812_WP,8,August,79.5,11.5,18.2
2018-08-21T22:00:00Z,0.893,14.2,5.6,Port Kembla,20.16,SIMP_201812_WP,8,August,79.5,11.5,18.2
2018-08-21T23:00:00Z,0.74,14.2,6.2,Port Kembla,22.32,SIMP_201812_WP,8,August,79.5,11.5,18.2
2018-08-22T00:00:00Z,0.628,14.3,5.6,Port Kembla,20.16,SIMP_201812_WP,8,August,79.5,11.5,18.2
2018-08-22T01:00:00Z,0.589,14.4,2.4,Port Kembla,8.64,SIMP_201812_WP,8,August,79.5,11.5,18.2
2018-08-22T02:00:00Z,0.633,14.4,3.3,Port Kembla,11.879999999999999,SIMP_201812_WP,8,August,79.5,11.5,18.2
2018-08-22T03:00:00Z,0.766,14.4,4.3,Port Kembla,15.48,SIMP_201812_WP,8,August,79.5,11.5,18.2
2018-08-22T04:00:00Z,0.98,14.4,3.9,Port Kembla,14.04,SIMP_201812_WP,8,August,79.5,11.5,18.2
2018-08-22T05:00:00Z,1.203,14.5,4.6,Port Kembla,16.56,SIMP_201812_WP,8,August,79.5,11.5,18.2
2018-08-22T06:00:00Z,1.403,14.5,4,Port Kembla,14.4,SIMP_201812_WP,8,August,79.5,11.5,18.2
2018-08-22T07:00:00Z,1.529,14.4,2.7,Port Kembla,9.72,SIMP_201812_WP,8,August,79.5,11.5,18.2
2018-08-22T08:00:00Z,1.546,14.4,2.4,Port Kembla,8.64,SIMP_201812_WP,8,August,79.5,11.5,18.2
2018-08-22T09:00:00Z,1.448,14.4,2.2,Port Kembla,7.920000000000001,SIMP_201812_WP,8,August,79.5,11.5,18.2
2018-08-22T10:00:00Z,1.258,14.4,2.1,Port Kembla,7.5600000000000005,SIMP_201812_WP,8,August,79.5,11.5,18.2
2018-08-22T11:00:00Z,1.019,14.4,2.1,Port Kembla,7.5600000000000005,SIMP_201812_WP,8,August,79.5,11.5,18.2
2018-08-22T12:00:00Z,0.764,14.4,2.3,Port Kembla,8.28,SIMP_201812_WP,8,August,79.5,11.5,18.2
2018-08-22T13:00:00Z,0.568,14.4,2.1,Port Kembla,7.5600000000000005,SIMP_201812_WP,8,August,79.5,11.5,18.2
2018-08-22T14:00:00Z,0.472,14.4,2.3,Port Kembla,8.28,SIMP_201812_WP,8,August,79.5,11.5,18.2
2018-08-22T15:00:00Z,0.467,14.4,1.7,Port Kembla,6.12,SIMP_201812_WP,8,August,79.5,11.5,18.2
2018-08-22T16:00:00Z,0.563,14.3,2.7,Port Kembla,9.72,SIMP_201812_WP,8,August,79.5,11.5,18.2
2018-08-22T17:00:00Z,0.733,14.3,1.5,Port Kembla,5.4,SIMP_201812_WP,8,August,79.5,11.5,18.2
2018-08-22T18:00:00Z,0.93,14.3,1.9,Port Kembla,6.84,SIMP_201812_WP,8,August,79.5,11.5,18.2
2018-08-22T19:00:00Z,1.082,14.3,1.5,Port Kembla,5.4,SIMP_201812_WP,8,August,79.5,11.5,18.2
2018-08-22T20:00:00Z,1.153,14.3,1.4,Port Kembla,5.04,SIMP_201812_WP,8,August,79.5,11.5,18.2
2018-08-22T21:00:00Z,1.131,14.4,2,Port Kembla,7.2,SIMP_201812_WP,8,August,79.5,11.5,18.2
2018-08-22T22:00:00Z,1.02,14.4,2.4,Port Kembla,8.64,SIMP_201812_WP,8,August,79.5,11.5,18.2
2018-08-22T23:00:00Z,0.847,14.4,2.5,Port Kembla,9,SIMP_201812_WP,8,August,79.5,11.5,18.2
2018-08-23T00:00:00Z,0.681,14.5,2.3,Port Kembla,8.28,SIMP_201812_WP,8,August,79.5,11.5,18.2
2018-08-23T01:00:00Z,0.555,14.6,3,Port Kembla,10.8,SIMP_201812_WP,8,August,79.5,11.5,18.2
2018-08-23T02:00:00Z,0.504,14.7,3.1,Port Kembla,11.16,SIMP_201812_WP,8,August,79.5,11.5,18.2
2018-08-23T03:00:00Z,0.573,14.7,2.9,Port Kembla,10.44,SIMP_201812_WP,8,August,79.5,11.5,18.2
2018-08-23T04:00:00Z,0.738,14.7,3.2,Port Kembla,11.520000000000001,SIMP_201812_WP,8,August,79.5,11.5,18.2
2018-08-23T05:00:00Z,0.961,14.6,2.7,Port Kembla,9.72,SIMP_201812_WP,8,August,79.5,11.5,18.2
2018-08-23T06:00:00Z,1.197,14.7,2.8,Port Kembla,10.08,SIMP_201812_WP,8,August,79.5,11.5,18.2
2018-08-23T07:00:00Z,1.392,14.6,2.7,Port Kembla,9.72,SIMP_201812_WP,8,August,79.5,11.5,18.2
2018-08-23T08:00:00Z,1.485,14.7,3.3,Port Kembla,11.879999999999999,SIMP_201812_WP,8,August,79.5,11.5,18.2
2018-08-23T09:00:00Z,1.45,14.7,3.6,Port Kembla,12.96,SIMP_201812_WP,8,August,79.5,11.5,18.2
2018-08-23T10:00:00Z,1.302,14.9,3.5,Port Kembla,12.6,SIMP_201812_WP,8,August,79.5,11.5,18.2
2018-08-23T11:00:00Z,1.061,14.9,1.3,Port Kembla,4.680000000000001,SIMP_201812_WP,8,August,79.5,11.5,18.2
2018-08-23T12:00:00Z,0.78,14.9,0.6,Port Kembla,2.16,SIMP_201812_WP,8,August,79.5,11.5,18.2
2018-08-23T13:00:00Z,0.515,14.9,2.2,Port Kembla,7.920000000000001,SIMP_201812_WP,8,August,79.5,11.5,18.2
2018-08-23T14:00:00Z,0.333,14.9,1.7,Port Kembla,6.12,SIMP_201812_WP,8,August,79.5,11.5,18.2
2018-08-23T15:00:00Z,0.247,14.9,2,Port Kembla,7.2,SIMP_201812_WP,8,August,79.5,11.5,18.2
2018-08-23T16:00:00Z,0.289,14.9,2.3,Port Kembla,8.28,SIMP_201812_WP,8,August,79.5,11.5,18.2
2018-08-23T17:00:00Z,0.449,15.1,1.9,Port Kembla,6.84,SIMP_201812_WP,8,August,79.5,11.5,18.2
2018-08-23T18:00:00Z,0.661,15.2,1.8,Port Kembla,6.48,SIMP_201812_WP,8,August,79.5,11.5,18.2
2018-08-23T19:00:00Z,0.859,15.2,1.7,Port Kembla,6.12,SIMP_201812_WP,8,August,79.5,11.5,18.2
2018-08-23T20:00:00Z,1.014,15.2,1.7,Port Kembla,6.12,SIMP_201812_WP,8,August,79.5,11.5,18.2
2018-08-23T21:00:00Z,1.065,15.2,2.6,Port Kembla,9.360000000000001,SIMP_201812_WP,8,August,79.5,11.5,18.2
2018-08-23T22:00:00Z,1,15.2,1.5,Port Kembla,5.4,SIMP_201812_WP,8,August,79.5,11.5,18.2
2018-08-23T23:00:00Z,0.843,15.1,0.4,Port Kembla,1.4400000000000002,SIMP_201812_WP,8,August,79.5,11.5,18.2
2018-08-24T00:00:00Z,0.641,15.1,2.8,Port Kembla,10.08,SIMP_201812_WP,8,August,79.5,11.5,18.2
2018-08-24T01:00:00Z,0.464,15.1,1.4,Port Kembla,5.04,SIMP_201812_WP,8,August,79.5,11.5,18.2
2018-08-24T02:00:00Z,0.341,15.2,0.7,Port Kembla,2.52,SIMP_201812_WP,8,August,79.5,11.5,18.2
2018-08-24T03:00:00Z,0.34,15.3,1.5,Port Kembla,5.4,SIMP_201812_WP,8,August,79.5,11.5,18.2
2018-08-24T04:00:00Z,0.447,15.3,1.8,Port Kembla,6.48,SIMP_201812_WP,8,August,79.5,11.5,18.2
2018-08-24T05:00:00Z,0.657,15.3,4.6,Port Kembla,16.56,SIMP_201812_WP,8,August,79.5,11.5,18.2
2018-08-24T06:00:00Z,0.915,15.3,4.4,Port Kembla,15.840000000000002,SIMP_201812_WP,8,August,79.5,11.5,18.2
2018-08-24T07:00:00Z,1.176,15.3,4.3,Port Kembla,15.48,SIMP_201812_WP,8,August,79.5,11.5,18.2
2018-08-24T08:00:00Z,1.364,15.4,3,Port Kembla,10.8,SIMP_201812_WP,8,August,79.5,11.5,18.2
2018-08-24T09:00:00Z,1.429,15.3,3.3,Port Kembla,11.879999999999999,SIMP_201812_WP,8,August,79.5,11.5,18.2
2018-08-24T10:00:00Z,1.368,15.3,2.9,Port Kembla,10.44,SIMP_201812_WP,8,August,79.5,11.5,18.2
2018-08-24T11:00:00Z,1.173,15.3,0.8,Port Kembla,2.8800000000000003,SIMP_201812_WP,8,August,79.5,11.5,18.2
2018-08-24T12:00:00Z,0.893,15.2,2.5,Port Kembla,9,SIMP_201812_WP,8,August,79.5,11.5,18.2
2018-08-24T13:00:00Z,0.602,15.2,2,Port Kembla,7.2,SIMP_201812_WP,8,August,79.5,11.5,18.2
2018-08-24T14:00:00Z,0.36,15.2,1.8,Port Kembla,6.48,SIMP_201812_WP,8,August,79.5,11.5,18.2
2018-08-24T15:00:00Z,0.208,15.2,4.2,Port Kembla,15.120000000000001,SIMP_201812_WP,8,August,79.5,11.5,18.2
2018-08-24T16:00:00Z,0.174,15.1,3.1,Port Kembla,11.16,SIMP_201812_WP,8,August,79.5,11.5,18.2
2018-08-24T17:00:00Z,0.281,15.1,4.4,Port Kembla,15.840000000000002,SIMP_201812_WP,8,August,79.5,11.5,18.2
2018-08-24T18:00:00Z,0.494,15.1,1.6,Port Kembla,5.760000000000001,SIMP_201812_WP,8,August,79.5,11.5,18.2
2018-08-24T19:00:00Z,0.737,15.1,1.3,Port Kembla,4.680000000000001,SIMP_201812_WP,8,August,79.5,11.5,18.2
2018-08-24T20:00:00Z,0.941,15.1,0.9,Port Kembla,3.24,SIMP_201812_WP,8,August,79.5,11.5,18.2
2018-08-24T21:00:00Z,1.058,15.2,1.3,Port Kembla,4.680000000000001,SIMP_201812_WP,8,August,79.5,11.5,18.2
2018-08-24T22:00:00Z,1.068,15.2,2.3,Port Kembla,8.28,SIMP_201812_WP,8,August,79.5,11.5,18.2
2018-08-24T23:00:00Z,0.955,15.2,0.3,Port Kembla,1.08,SIMP_201812_WP,8,August,79.5,11.5,18.2
2018-08-25T00:00:00Z,0.762,15.2,1.1,Port Kembla,3.9600000000000004,SIMP_201812_WP,8,August,79.5,11.5,18.2
2018-08-25T01:00:00Z,0.551,15.2,4.7,Port Kembla,16.92,SIMP_201812_WP,8,August,79.5,11.5,18.2
2018-08-25T02:00:00Z,0.378,15.3,5.9,Port Kembla,21.240000000000002,SIMP_201812_WP,8,August,79.5,11.5,18.2
2018-08-25T03:00:00Z,0.303,15.3,4.3,Port Kembla,15.48,SIMP_201812_WP,8,August,79.5,11.5,18.2
2018-08-25T04:00:00Z,0.35,15.4,5.6,Port Kembla,20.16,SIMP_201812_WP,8,August,79.5,11.5,18.2
2018-08-25T05:00:00Z,0.506,15.4,5.7,Port Kembla,20.52,SIMP_201812_WP,8,August,79.5,11.5,18.2
2018-08-25T06:00:00Z,0.763,15.4,4.8,Port Kembla,17.28,SIMP_201812_WP,8,August,79.5,11.5,18.2
2018-08-25T07:00:00Z,1.068,15.4,2.3,Port Kembla,8.28,SIMP_201812_WP,8,August,79.5,11.5,18.2
2018-08-25T08:00:00Z,1.331,15.4,1.9,Port Kembla,6.84,SIMP_201812_WP,8,August,79.5,11.5,18.2
2018-08-25T09:00:00Z,1.482,15.4,2.9,Port Kembla,10.44,SIMP_201812_WP,8,August,79.5,11.5,18.2
2018-08-25T10:00:00Z,1.521,15.3,3.1,Port Kembla,11.16,SIMP_201812_WP,8,August,79.5,11.5,18.2
2018-08-25T11:00:00Z,1.408,15.3,1.5,Port Kembla,5.4,SIMP_201812_WP,8,August,79.5,11.5,18.2
2018-08-25T12:00:00Z,1.155,15.4,2.5,Port Kembla,9,SIMP_201812_WP,8,August,79.5,11.5,18.2
2018-08-25T13:00:00Z,0.848,15.5,1.5,Port Kembla,5.4,SIMP_201812_WP,8,August,79.5,11.5,18.2
2018-08-25T14:00:00Z,0.558,15.5,2.4,Port Kembla,8.64,SIMP_201812_WP,8,August,79.5,11.5,18.2
2018-08-25T15:00:00Z,0.339,15.5,1.2,Port Kembla,4.32,SIMP_201812_WP,8,August,79.5,11.5,18.2
2018-08-25T16:00:00Z,0.231,15.5,1,Port Kembla,3.6,SIMP_201812_WP,8,August,79.5,11.5,18.2
2018-08-25T17:00:00Z,0.268,15.5,1.3,Port Kembla,4.680000000000001,SIMP_201812_WP,8,August,79.5,11.5,18.2
2018-08-25T18:00:00Z,0.441,15.4,0.4,Port Kembla,1.4400000000000002,SIMP_201812_WP,8,August,79.5,11.5,18.2
2018-08-25T19:00:00Z,0.675,15.3,0.5,Port Kembla,1.8,SIMP_201812_WP,8,August,79.5,11.5,18.2
2018-08-25T20:00:00Z,0.922,15.3,1.1,Port Kembla,3.9600000000000004,SIMP_201812_WP,8,August,79.5,11.5,18.2
2018-08-25T21:00:00Z,1.113,15.4,1.6,Port Kembla,5.760000000000001,SIMP_201812_WP,8,August,79.5,11.5,18.2
2018-08-25T22:00:00Z,1.196,15.3,1.6,Port Kembla,5.760000000000001,SIMP_201812_WP,8,August,79.5,11.5,18.2
2018-08-25T23:00:00Z,1.154,15.3,1.6,Port Kembla,5.760000000000001,SIMP_201812_WP,8,August,79.5,11.5,18.2
2018-08-26T00:00:00Z,0.993,15.4,4.9,Port Kembla,17.64,SIMP_201812_WP,8,August,79.5,11.5,18.2
2018-08-26T01:00:00Z,0.765,15.4,3.3,Port Kembla,11.879999999999999,SIMP_201812_WP,8,August,79.5,11.5,18.2
2018-08-26T02:00:00Z,0.54,15.4,2.6,Port Kembla,9.360000000000001,SIMP_201812_WP,8,August,79.5,11.5,18.2
2018-08-26T03:00:00Z,0.396,15.4,3.9,Port Kembla,14.04,SIMP_201812_WP,8,August,79.5,11.5,18.2
2018-08-26T04:00:00Z,0.358,15.4,2.3,Port Kembla,8.28,SIMP_201812_WP,8,August,79.5,11.5,18.2
2018-08-26T05:00:00Z,0.449,15.5,2.6,Port Kembla,9.360000000000001,SIMP_201812_WP,8,August,79.5,11.5,18.2
2018-08-26T06:00:00Z,0.661,15.5,2.2,Port Kembla,7.920000000000001,SIMP_201812_WP,8,August,79.5,11.5,18.2
2018-08-26T07:00:00Z,0.962,15.5,3.3,Port Kembla,11.879999999999999,SIMP_201812_WP,8,August,79.5,11.5,18.2
2018-08-26T08:00:00Z,1.261,15.4,3.8,Port Kembla,13.68,SIMP_201812_WP,8,August,79.5,11.5,18.2
2018-08-26T09:00:00Z,1.49,15.4,1.9,Port Kembla,6.84,SIMP_201812_WP,8,August,79.5,11.5,18.2
2018-08-26T10:00:00Z,1.597,15.4,0.6,Port Kembla,2.16,SIMP_201812_WP,8,August,79.5,11.5,18.2
2018-08-26T11:00:00Z,1.563,15.5,1.5,Port Kembla,5.4,SIMP_201812_WP,8,August,79.5,11.5,18.2
2018-08-26T12:00:00Z,1.369,15.4,1.5,Port Kembla,5.4,SIMP_201812_WP,8,August,79.5,11.5,18.2
2018-08-26T13:00:00Z,1.067,15.4,2.6,Port Kembla,9.360000000000001,SIMP_201812_WP,8,August,79.5,11.5,18.2
2018-08-26T14:00:00Z,0.744,15.5,4.1,Port Kembla,14.76,SIMP_201812_WP,8,August,79.5,11.5,18.2
2018-08-26T15:00:00Z,0.458,15.5,2.3,Port Kembla,8.28,SIMP_201812_WP,8,August,79.5,11.5,18.2
2018-08-26T16:00:00Z,0.279,15.5,1.6,Port Kembla,5.760000000000001,SIMP_201812_WP,8,August,79.5,11.5,18.2
2018-08-26T17:00:00Z,0.238,15.4,2.9,Port Kembla,10.44,SIMP_201812_WP,8,August,79.5,11.5,18.2
2018-08-26T18:00:00Z,0.345,15.4,3.3,Port Kembla,11.879999999999999,SIMP_201812_WP,8,August,79.5,11.5,18.2
2018-08-26T19:00:00Z,0.561,15.4,3,Port Kembla,10.8,SIMP_201812_WP,8,August,79.5,11.5,18.2
2018-08-26T20:00:00Z,0.824,15.4,3.9,Port Kembla,14.04,SIMP_201812_WP,8,August,79.5,11.5,18.2
2018-08-26T21:00:00Z,1.06,15.4,4.3,Port Kembla,15.48,SIMP_201812_WP,8,August,79.5,11.5,18.2
2018-08-26T22:00:00Z,1.213,15.3,5.4,Port Kembla,19.44,SIMP_201812_WP,8,August,79.5,11.5,18.2
2018-08-26T23:00:00Z,1.241,15.3,5,Port Kembla,18,SIMP_201812_WP,8,August,79.5,11.5,18.2
2018-08-27T00:00:00Z,1.143,15.3,5,Port Kembla,18,SIMP_201812_WP,8,August,79.5,11.5,18.2
2018-08-27T01:00:00Z,0.93,15.3,6.8,Port Kembla,24.48,SIMP_201812_WP,8,August,79.5,11.5,18.2
2018-08-27T02:00:00Z,0.669,15.3,5.2,Port Kembla,18.720000000000002,SIMP_201812_WP,8,August,79.5,11.5,18.2
2018-08-27T03:00:00Z,0.46,15.3,5.8,Port Kembla,20.88,SIMP_201812_WP,8,August,79.5,11.5,18.2
2018-08-27T04:00:00Z,0.346,15.2,5,Port Kembla,18,SIMP_201812_WP,8,August,79.5,11.5,18.2
2018-08-27T05:00:00Z,0.355,15.2,4.5,Port Kembla,16.2,SIMP_201812_WP,8,August,79.5,11.5,18.2
2018-08-27T06:00:00Z,0.495,15.2,4.2,Port Kembla,15.120000000000001,SIMP_201812_WP,8,August,79.5,11.5,18.2
2018-08-27T07:00:00Z,0.747,15.2,4,Port Kembla,14.4,SIMP_201812_WP,8,August,79.5,11.5,18.2
2018-08-27T08:00:00Z,1.051,15.2,4.5,Port Kembla,16.2,SIMP_201812_WP,8,August,79.5,11.5,18.2
2018-08-27T09:00:00Z,1.325,15.1,4.4,Port Kembla,15.840000000000002,SIMP_201812_WP,8,August,79.5,11.5,18.2
2018-08-27T10:00:00Z,1.512,15.1,4.6,Port Kembla,16.56,SIMP_201812_WP,8,August,79.5,11.5,18.2
2018-08-27T11:00:00Z,1.56,15.1,3.7,Port Kembla,13.32,SIMP_201812_WP,8,August,79.5,11.5,18.2
2018-08-27T12:00:00Z,1.451,15.1,3.5,Port Kembla,12.6,SIMP_201812_WP,8,August,79.5,11.5,18.2
2018-08-27T13:00:00Z,1.198,15.1,4.6,Port Kembla,16.56,SIMP_201812_WP,8,August,79.5,11.5,18.2
2018-08-27T14:00:00Z,0.882,15.1,5.2,Port Kembla,18.720000000000002,SIMP_201812_WP,8,August,79.5,11.5,18.2
2018-08-27T15:00:00Z,0.567,15.1,4.9,Port Kembla,17.64,SIMP_201812_WP,8,August,79.5,11.5,18.2
2018-08-27T16:00:00Z,0.326,15,3.9,Port Kembla,14.04,SIMP_201812_WP,8,August,79.5,11.5,18.2
2018-08-27T17:00:00Z,0.213,14.9,3.6,Port Kembla,12.96,SIMP_201812_WP,8,August,79.5,11.5,18.2
2018-08-27T18:00:00Z,0.241,15,4.9,Port Kembla,17.64,SIMP_201812_WP,8,August,79.5,11.5,18.2
2018-08-27T19:00:00Z,0.404,15,4.9,Port Kembla,17.64,SIMP_201812_WP,8,August,79.5,11.5,18.2
2018-08-27T20:00:00Z,0.66,14.9,3.7,Port Kembla,13.32,SIMP_201812_WP,8,August,79.5,11.5,18.2
2018-08-27T21:00:00Z,0.942,15,3.7,Port Kembla,13.32,SIMP_201812_WP,8,August,79.5,11.5,18.2
2018-08-27T22:00:00Z,1.159,15,4.7,Port Kembla,16.92,SIMP_201812_WP,8,August,79.5,11.5,18.2
2018-08-27T23:00:00Z,1.269,15,5.3,Port Kembla,19.08,SIMP_201812_WP,8,August,79.5,11.5,18.2
2018-08-28T00:00:00Z,1.258,15,4.8,Port Kembla,17.28,SIMP_201812_WP,8,August,79.5,11.5,18.2
2018-08-28T01:00:00Z,1.119,15,2.7,Port Kembla,9.72,SIMP_201812_WP,8,August,79.5,11.5,18.2
2018-08-28T02:00:00Z,0.882,15.1,3.7,Port Kembla,13.32,SIMP_201812_WP,8,August,79.5,11.5,18.2
2018-08-28T03:00:00Z,0.646,15.1,3.4,Port Kembla,12.24,SIMP_201812_WP,8,August,79.5,11.5,18.2
2018-08-28T04:00:00Z,0.475,15.1,4.4,Port Kembla,15.840000000000002,SIMP_201812_WP,8,August,79.5,11.5,18.2
2018-08-28T05:00:00Z,0.397,15.1,4,Port Kembla,14.4,SIMP_201812_WP,8,August,79.5,11.5,18.2
2018-08-28T06:00:00Z,0.451,15.1,3.2,Port Kembla,11.520000000000001,SIMP_201812_WP,8,August,79.5,11.5,18.2
2018-08-28T07:00:00Z,0.64,15.1,2.9,Port Kembla,10.44,SIMP_201812_WP,8,August,79.5,11.5,18.2
2018-08-28T08:00:00Z,0.917,15.1,2.1,Port Kembla,7.5600000000000005,SIMP_201812_WP,8,August,79.5,11.5,18.2
2018-08-28T09:00:00Z,1.21,15.1,3.3,Port Kembla,11.879999999999999,SIMP_201812_WP,8,August,79.5,11.5,18.2
2018-08-28T10:00:00Z,1.445,15,2.6,Port Kembla,9.360000000000001,SIMP_201812_WP,8,August,79.5,11.5,18.2
2018-08-28T11:00:00Z,1.573,15,2.5,Port Kembla,9,SIMP_201812_WP,8,August,79.5,11.5,18.2
2018-08-28T12:00:00Z,1.549,15,3.2,Port Kembla,11.520000000000001,SIMP_201812_WP,8,August,79.5,11.5,18.2
2018-08-28T13:00:00Z,1.376,14.9,2.5,Port Kembla,9,SIMP_201812_WP,8,August,79.5,11.5,18.2
2018-08-28T14:00:00Z,1.098,14.9,1.3,Port Kembla,4.680000000000001,SIMP_201812_WP,8,August,79.5,11.5,18.2
2018-08-28T15:00:00Z,0.776,14.9,1.6,Port Kembla,5.760000000000001,SIMP_201812_WP,8,August,79.5,11.5,18.2
2018-08-28T16:00:00Z,0.487,15,2.9,Port Kembla,10.44,SIMP_201812_WP,8,August,79.5,11.5,18.2
2018-08-28T17:00:00Z,0.302,15,3.1,Port Kembla,11.16,SIMP_201812_WP,8,August,79.5,11.5,18.2
2018-08-28T18:00:00Z,0.246,15,2.5,Port Kembla,9,SIMP_201812_WP,8,August,79.5,11.5,18.2
2018-08-28T19:00:00Z,0.328,15,1.5,Port Kembla,5.4,SIMP_201812_WP,8,August,79.5,11.5,18.2
2018-08-28T20:00:00Z,0.544,15,2.6,Port Kembla,9.360000000000001,SIMP_201812_WP,8,August,79.5,11.5,18.2
2018-08-28T21:00:00Z,0.808,14.9,4.4,Port Kembla,15.840000000000002,SIMP_201812_WP,8,August,79.5,11.5,18.2
2018-08-28T22:00:00Z,1.062,14.9,4.2,Port Kembla,15.120000000000001,SIMP_201812_WP,8,August,79.5,11.5,18.2
2018-08-28T23:00:00Z,1.234,14.8,4.8,Port Kembla,17.28,SIMP_201812_WP,8,August,79.5,11.5,18.2
2018-08-29T00:00:00Z,1.299,14.8,4.5,Port Kembla,16.2,SIMP_201812_WP,8,August,79.5,11.5,18.2
2018-08-29T01:00:00Z,1.223,14.9,4.1,Port Kembla,14.76,SIMP_201812_WP,8,August,79.5,11.5,18.2
2018-08-29T02:00:00Z,1.02,14.9,3.5,Port Kembla,12.6,SIMP_201812_WP,8,August,79.5,11.5,18.2
2018-08-29T03:00:00Z,0.773,15,4.2,Port Kembla,15.120000000000001,SIMP_201812_WP,8,August,79.5,11.5,18.2
2018-08-29T04:00:00Z,0.554,15,3.6,Port Kembla,12.96,SIMP_201812_WP,8,August,79.5,11.5,18.2
2018-08-29T05:00:00Z,0.398,15,4.5,Port Kembla,16.2,SIMP_201812_WP,8,August,79.5,11.5,18.2
2018-08-29T06:00:00Z,0.358,15,2.7,Port Kembla,9.72,SIMP_201812_WP,8,August,79.5,11.5,18.2
2018-08-29T07:00:00Z,0.463,15,1.4,Port Kembla,5.04,SIMP_201812_WP,8,August,79.5,11.5,18.2
2018-08-29T08:00:00Z,0.679,15,1.6,Port Kembla,5.760000000000001,SIMP_201812_WP,8,August,79.5,11.5,18.2
2018-08-29T09:00:00Z,0.957,15,2,Port Kembla,7.2,SIMP_201812_WP,8,August,79.5,11.5,18.2
2018-08-29T10:00:00Z,1.222,15,2.8,Port Kembla,10.08,SIMP_201812_WP,8,August,79.5,11.5,18.2
2018-08-29T11:00:00Z,1.419,14.9,3.2,Port Kembla,11.520000000000001,SIMP_201812_WP,8,August,79.5,11.5,18.2
2018-08-29T12:00:00Z,1.487,14.9,2.9,Port Kembla,10.44,SIMP_201812_WP,8,August,79.5,11.5,18.2
2018-08-29T13:00:00Z,1.414,14.9,2.4,Port Kembla,8.64,SIMP_201812_WP,8,August,79.5,11.5,18.2
2018-08-29T14:00:00Z,1.212,14.8,2.5,Port Kembla,9,SIMP_201812_WP,8,August,79.5,11.5,18.2
2018-08-29T15:00:00Z,0.912,14.8,2.9,Port Kembla,10.44,SIMP_201812_WP,8,August,79.5,11.5,18.2
2018-08-29T16:00:00Z,0.617,14.8,2.4,Port Kembla,8.64,SIMP_201812_WP,8,August,79.5,11.5,18.2
2018-08-29T17:00:00Z,0.39,14.8,2.4,Port Kembla,8.64,SIMP_201812_WP,8,August,79.5,11.5,18.2
2018-08-29T18:00:00Z,0.27,15,2.2,Port Kembla,7.920000000000001,SIMP_201812_WP,8,August,79.5,11.5,18.2
2018-08-29T19:00:00Z,0.274,15,2.1,Port Kembla,7.5600000000000005,SIMP_201812_WP,8,August,79.5,11.5,18.2
2018-08-29T20:00:00Z,0.423,15,2,Port Kembla,7.2,SIMP_201812_WP,8,August,79.5,11.5,18.2
2018-08-29T21:00:00Z,0.669,15,3,Port Kembla,10.8,SIMP_201812_WP,8,August,79.5,11.5,18.2
2018-08-29T22:00:00Z,0.926,15,4.2,Port Kembla,15.120000000000001,SIMP_201812_WP,8,August,79.5,11.5,18.2
2018-08-29T23:00:00Z,1.154,15,4,Port Kembla,14.4,SIMP_201812_WP,8,August,79.5,11.5,18.2
2018-08-30T00:00:00Z,1.289,15,2.7,Port Kembla,9.72,SIMP_201812_WP,8,August,79.5,11.5,18.2
2018-08-30T01:00:00Z,1.302,15,3.5,Port Kembla,12.6,SIMP_201812_WP,8,August,79.5,11.5,18.2
2018-08-30T02:00:00Z,1.175,15,3.8,Port Kembla,13.68,SIMP_201812_WP,8,August,79.5,11.5,18.2
2018-08-30T03:00:00Z,0.962,15.1,3.6,Port Kembla,12.96,SIMP_201812_WP,8,August,79.5,11.5,18.2
2018-08-30T04:00:00Z,0.721,15.1,2.9,Port Kembla,10.44,SIMP_201812_WP,8,August,79.5,11.5,18.2
2018-08-30T05:00:00Z,0.503,15.2,2.6,Port Kembla,9.360000000000001,SIMP_201812_WP,8,August,79.5,11.5,18.2
2018-08-30T06:00:00Z,0.384,15.2,1.7,Port Kembla,6.12,SIMP_201812_WP,8,August,79.5,11.5,18.2
2018-08-30T07:00:00Z,0.39,15.2,2.3,Port Kembla,8.28,SIMP_201812_WP,8,August,79.5,11.5,18.2
2018-08-30T08:00:00Z,0.527,15.2,1.9,Port Kembla,6.84,SIMP_201812_WP,8,August,79.5,11.5,18.2
2018-08-30T09:00:00Z,0.769,15.3,3.1,Port Kembla,11.16,SIMP_201812_WP,8,August,79.5,11.5,18.2
2018-08-30T10:00:00Z,1.039,15.3,3.3,Port Kembla,11.879999999999999,SIMP_201812_WP,8,August,79.5,11.5,18.2
2018-08-30T11:00:00Z,1.276,15.3,1.6,Port Kembla,5.760000000000001,SIMP_201812_WP,8,August,79.5,11.5,18.2
2018-08-30T12:00:00Z,1.416,15.2,2.8,Port Kembla,10.08,SIMP_201812_WP,8,August,79.5,11.5,18.2
2018-08-30T13:00:00Z,1.446,15.2,2.9,Port Kembla,10.44,SIMP_201812_WP,8,August,79.5,11.5,18.2
2018-08-30T14:00:00Z,1.343,15.2,2.3,Port Kembla,8.28,SIMP_201812_WP,8,August,79.5,11.5,18.2
2018-08-30T15:00:00Z,1.107,15.1,2.3,Port Kembla,8.28,SIMP_201812_WP,8,August,79.5,11.5,18.2
2018-08-30T16:00:00Z,0.829,15.1,3.6,Port Kembla,12.96,SIMP_201812_WP,8,August,79.5,11.5,18.2
2018-08-30T17:00:00Z,0.584,15.1,3.4,Port Kembla,12.24,SIMP_201812_WP,8,August,79.5,11.5,18.2
2018-08-30T18:00:00Z,0.411,15.1,3.9,Port Kembla,14.04,SIMP_201812_WP,8,August,79.5,11.5,18.2
2018-08-30T19:00:00Z,0.344,15.2,2.2,Port Kembla,7.920000000000001,SIMP_201812_WP,8,August,79.5,11.5,18.2
2018-08-30T20:00:00Z,0.416,15.2,3.4,Port Kembla,12.24,SIMP_201812_WP,8,August,79.5,11.5,18.2
2018-08-30T21:00:00Z,0.608,15.2,3.6,Port Kembla,12.96,SIMP_201812_WP,8,August,79.5,11.5,18.2
2018-08-30T22:00:00Z,0.868,15.2,5,Port Kembla,18,SIMP_201812_WP,8,August,79.5,11.5,18.2
2018-08-30T23:00:00Z,1.127,15.2,5.2,Port Kembla,18.720000000000002,SIMP_201812_WP,8,August,79.5,11.5,18.2
2018-08-31T00:00:00Z,1.33,15.2,5.6,Port Kembla,20.16,SIMP_201812_WP,8,August,79.5,11.5,18.2
2018-08-31T01:00:00Z,1.437,15.2,4.9,Port Kembla,17.64,SIMP_201812_WP,8,August,79.5,11.5,18.2
2018-08-31T02:00:00Z,1.411,15.2,4.7,Port Kembla,16.92,SIMP_201812_WP,8,August,79.5,11.5,18.2
2018-08-31T03:00:00Z,1.27,15.2,4.7,Port Kembla,16.92,SIMP_201812_WP,8,August,79.5,11.5,18.2
2018-08-31T04:00:00Z,1.028,15.2,3.9,Port Kembla,14.04,SIMP_201812_WP,8,August,79.5,11.5,18.2
2018-08-31T05:00:00Z,0.805,15.2,5.2,Port Kembla,18.720000000000002,SIMP_201812_WP,8,August,79.5,11.5,18.2
2018-08-31T06:00:00Z,0.627,15.1,7.5,Port Kembla,27,SIMP_201812_WP,8,August,79.5,11.5,18.2
2018-08-31T07:00:00Z,0.531,15.2,6.8,Port Kembla,24.48,SIMP_201812_WP,8,August,79.5,11.5,18.2
2018-08-31T08:00:00Z,0.53,15,9.5,Port Kembla,34.2,SIMP_201812_WP,8,August,79.5,11.5,18.2
2018-08-31T09:00:00Z,0.698,15.1,6.8,Port Kembla,24.48,SIMP_201812_WP,8,August,79.5,11.5,18.2
2018-08-31T10:00:00Z,0.917,15.2,4.6,Port Kembla,16.56,SIMP_201812_WP,8,August,79.5,11.5,18.2
2018-08-31T11:00:00Z,1.15,15.2,8.6,Port Kembla,30.96,SIMP_201812_WP,8,August,79.5,11.5,18.2
2018-08-31T12:00:00Z,1.33,14.9,6.9,Port Kembla,24.840000000000003,SIMP_201812_WP,8,August,79.5,11.5,18.2
2018-08-31T13:00:00Z,1.423,14.9,1,Port Kembla,3.6,SIMP_201812_WP,8,August,79.5,11.5,18.2
2018-08-31T14:00:00Z,1.412,14.9,2.2,Port Kembla,7.920000000000001,SIMP_201812_WP,8,August,79.5,11.5,18.2
2018-08-31T15:00:00Z,1.265,14.9,3.2,Port Kembla,11.520000000000001,SIMP_201812_WP,8,August,79.5,11.5,18.2
2018-08-31T16:00:00Z,1.033,14.9,2.4,Port Kembla,8.64,SIMP_201812_WP,8,August,79.5,11.5,18.2
2018-08-31T17:00:00Z,0.774,14.9,2.3,Port Kembla,8.28,SIMP_201812_WP,8,August,79.5,11.5,18.2
2018-08-31T18:00:00Z,0.579,15,3.4,Port Kembla,12.24,SIMP_201812_WP,8,August,79.5,11.5,18.2
2018-08-31T19:00:00Z,0.446,15,4.3,Port Kembla,15.48,SIMP_201812_WP,8,August,79.5,11.5,18.2
2018-08-31T20:00:00Z,0.42,15,3,Port Kembla,10.8,SIMP_201812_WP,8,August,79.5,11.5,18.2
2018-08-31T21:00:00Z,0.511,15,6.4,Port Kembla,23.040000000000003,SIMP_201812_WP,8,August,79.5,11.5,18.2
2018-08-31T22:00:00Z,0.702,15.1,5.5,Port Kembla,19.8,SIMP_201812_WP,8,August,79.5,11.5,18.2
2018-08-31T23:00:00Z,0.936,15,8.2,Port Kembla,29.52,SIMP_201812_WP,8,August,79.5,11.5,18.2
2018-09-01T00:00:00Z,1.161,15.1,10.2,Port Kembla,36.72,SIMP_201812_WP,9,September,59.9,14.4,21.7
2018-09-01T01:00:00Z,1.32,15,7.5,Port Kembla,27,SIMP_201812_WP,9,September,59.9,14.4,21.7
2018-09-01T02:00:00Z,1.379,15.2,10.8,Port Kembla,38.88,SIMP_201812_WP,9,September,59.9,14.4,21.7
2018-09-01T03:00:00Z,1.319,15.3,10.2,Port Kembla,36.72,SIMP_201812_WP,9,September,59.9,14.4,21.7
2018-09-01T04:00:00Z,1.146,15.3,8.4,Port Kembla,30.240000000000002,SIMP_201812_WP,9,September,59.9,14.4,21.7
2018-09-01T05:00:00Z,0.912,15.3,9,Port Kembla,32.4,SIMP_201812_WP,9,September,59.9,14.4,21.7
2018-09-01T06:00:00Z,0.678,15.4,9.8,Port Kembla,35.28,SIMP_201812_WP,9,September,59.9,14.4,21.7
2018-09-01T07:00:00Z,0.512,15.4,9.7,Port Kembla,34.92,SIMP_201812_WP,9,September,59.9,14.4,21.7
2018-09-01T08:00:00Z,0.432,15.4,10.8,Port Kembla,38.88,SIMP_201812_WP,9,September,59.9,14.4,21.7
2018-09-01T09:00:00Z,0.46,15.2,11.1,Port Kembla,39.96,SIMP_201812_WP,9,September,59.9,14.4,21.7
2018-09-01T10:00:00Z,0.593,15.1,10.1,Port Kembla,36.36,SIMP_201812_WP,9,September,59.9,14.4,21.7
2018-09-01T11:00:00Z,0.779,15,6.3,Port Kembla,22.68,SIMP_201812_WP,9,September,59.9,14.4,21.7
2018-09-01T12:00:00Z,0.979,15,6.1,Port Kembla,21.96,SIMP_201812_WP,9,September,59.9,14.4,21.7
2018-09-01T13:00:00Z,1.138,15,3.1,Port Kembla,11.16,SIMP_201812_WP,9,September,59.9,14.4,21.7
2018-09-01T14:00:00Z,1.216,15.1,2.2,Port Kembla,7.920000000000001,SIMP_201812_WP,9,September,59.9,14.4,21.7
2018-09-01T15:00:00Z,1.192,15.1,1.8,Port Kembla,6.48,SIMP_201812_WP,9,September,59.9,14.4,21.7
2018-09-01T16:00:00Z,1.059,15.1,1.8,Port Kembla,6.48,SIMP_201812_WP,9,September,59.9,14.4,21.7
2018-09-01T17:00:00Z,0.874,15.1,1.3,Port Kembla,4.680000000000001,SIMP_201812_WP,9,September,59.9,14.4,21.7
2018-09-01T18:00:00Z,0.679,15.1,2.1,Port Kembla,7.5600000000000005,SIMP_201812_WP,9,September,59.9,14.4,21.7
2018-09-01T19:00:00Z,0.508,15.1,2.2,Port Kembla,7.920000000000001,SIMP_201812_WP,9,September,59.9,14.4,21.7
2018-09-01T20:00:00Z,0.409,15.1,2.1,Port Kembla,7.5600000000000005,SIMP_201812_WP,9,September,59.9,14.4,21.7
2018-09-01T21:00:00Z,0.418,15.1,3.7,Port Kembla,13.32,SIMP_201812_WP,9,September,59.9,14.4,21.7
2018-09-01T22:00:00Z,0.532,15.1,4,Port Kembla,14.4,SIMP_201812_WP,9,September,59.9,14.4,21.7
2018-09-01T23:00:00Z,0.735,15.1,3.5,Port Kembla,12.6,SIMP_201812_WP,9,September,59.9,14.4,21.7
2018-09-02T00:00:00Z,0.966,15.1,5.6,Port Kembla,20.16,SIMP_201812_WP,9,September,59.9,14.4,21.7
2018-09-02T01:00:00Z,1.179,15.1,4.4,Port Kembla,15.840000000000002,SIMP_201812_WP,9,September,59.9,14.4,21.7
2018-09-02T02:00:00Z,1.324,15.1,4.3,Port Kembla,15.48,SIMP_201812_WP,9,September,59.9,14.4,21.7
2018-09-02T03:00:00Z,1.376,15.2,4.9,Port Kembla,17.64,SIMP_201812_WP,9,September,59.9,14.4,21.7
2018-09-02T04:00:00Z,1.316,15.2,4.3,Port Kembla,15.48,SIMP_201812_WP,9,September,59.9,14.4,21.7
2018-09-02T05:00:00Z,1.143,15.2,4.2,Port Kembla,15.120000000000001,SIMP_201812_WP,9,September,59.9,14.4,21.7
2018-09-02T06:00:00Z,0.931,15.2,4.1,Port Kembla,14.76,SIMP_201812_WP,9,September,59.9,14.4,21.7
2018-09-02T07:00:00Z,0.726,15.2,3.8,Port Kembla,13.68,SIMP_201812_WP,9,September,59.9,14.4,21.7
2018-09-02T08:00:00Z,0.565,15.3,2.3,Port Kembla,8.28,SIMP_201812_WP,9,September,59.9,14.4,21.7
2018-09-02T09:00:00Z,0.482,15.3,2.3,Port Kembla,8.28,SIMP_201812_WP,9,September,59.9,14.4,21.7
2018-09-02T10:00:00Z,0.5,15.3,3,Port Kembla,10.8,SIMP_201812_WP,9,September,59.9,14.4,21.7
2018-09-02T11:00:00Z,0.612,15.3,2.9,Port Kembla,10.44,SIMP_201812_WP,9,September,59.9,14.4,21.7
2018-09-02T12:00:00Z,0.764,15.2,2.3,Port Kembla,8.28,SIMP_201812_WP,9,September,59.9,14.4,21.7
2018-09-02T13:00:00Z,0.929,15.2,2.5,Port Kembla,9,SIMP_201812_WP,9,September,59.9,14.4,21.7
2018-09-02T14:00:00Z,1.08,15.1,2.3,Port Kembla,8.28,SIMP_201812_WP,9,September,59.9,14.4,21.7
2018-09-02T15:00:00Z,1.149,15.1,2.2,Port Kembla,7.920000000000001,SIMP_201812_WP,9,September,59.9,14.4,21.7
2018-09-02T16:00:00Z,1.114,15.1,2.2,Port Kembla,7.920000000000001,SIMP_201812_WP,9,September,59.9,14.4,21.7
2018-09-02T17:00:00Z,0.995,15.1,2.3,Port Kembla,8.28,SIMP_201812_WP,9,September,59.9,14.4,21.7
2018-09-02T18:00:00Z,0.824,15,2.5,Port Kembla,9,SIMP_201812_WP,9,September,59.9,14.4,21.7
2018-09-02T19:00:00Z,0.637,15,2.4,Port Kembla,8.64,SIMP_201812_WP,9,September,59.9,14.4,21.7
2018-09-02T20:00:00Z,0.483,15.1,2.9,Port Kembla,10.44,SIMP_201812_WP,9,September,59.9,14.4,21.7
2018-09-02T21:00:00Z,0.407,15.1,3,Port Kembla,10.8,SIMP_201812_WP,9,September,59.9,14.4,21.7
2018-09-02T22:00:00Z,0.421,15.1,4.1,Port Kembla,14.76,SIMP_201812_WP,9,September,59.9,14.4,21.7
2018-09-02T23:00:00Z,0.537,15.1,4.5,Port Kembla,16.2,SIMP_201812_WP,9,September,59.9,14.4,21.7
2018-09-03T00:00:00Z,0.734,15.2,3.6,Port Kembla,12.96,SIMP_201812_WP,9,September,59.9,14.4,21.7
2018-09-03T01:00:00Z,0.954,15.2,3.3,Port Kembla,11.879999999999999,SIMP_201812_WP,9,September,59.9,14.4,21.7
2018-09-03T02:00:00Z,1.157,15.1,3.1,Port Kembla,11.16,SIMP_201812_WP,9,September,59.9,14.4,21.7
2018-09-03T03:00:00Z,1.307,15.2,3.8,Port Kembla,13.68,SIMP_201812_WP,9,September,59.9,14.4,21.7
2018-09-03T04:00:00Z,1.36,15.2,2.9,Port Kembla,10.44,SIMP_201812_WP,9,September,59.9,14.4,21.7
2018-09-03T05:00:00Z,1.287,15.3,3.5,Port Kembla,12.6,SIMP_201812_WP,9,September,59.9,14.4,21.7
2018-09-03T06:00:00Z,1.123,15.3,3.1,Port Kembla,11.16,SIMP_201812_WP,9,September,59.9,14.4,21.7
2018-09-03T07:00:00Z,0.915,15.2,3.5,Port Kembla,12.6,SIMP_201812_WP,9,September,59.9,14.4,21.7
2018-09-03T08:00:00Z,0.681,15.2,2.7,Port Kembla,9.72,SIMP_201812_WP,9,September,59.9,14.4,21.7
2018-09-03T09:00:00Z,0.499,15.2,2.3,Port Kembla,8.28,SIMP_201812_WP,9,September,59.9,14.4,21.7
2018-09-03T10:00:00Z,0.397,15.2,5.4,Port Kembla,19.44,SIMP_201812_WP,9,September,59.9,14.4,21.7
2018-09-03T11:00:00Z,0.384,15.2,1.6,Port Kembla,5.760000000000001,SIMP_201812_WP,9,September,59.9,14.4,21.7
2018-09-03T12:00:00Z,0.461,15.2,2.4,Port Kembla,8.64,SIMP_201812_WP,9,September,59.9,14.4,21.7
2018-09-03T13:00:00Z,0.597,15.2,3.2,Port Kembla,11.520000000000001,SIMP_201812_WP,9,September,59.9,14.4,21.7
2018-09-03T14:00:00Z,0.764,15.1,1.5,Port Kembla,5.4,SIMP_201812_WP,9,September,59.9,14.4,21.7
2018-09-03T15:00:00Z,0.903,15.1,3.9,Port Kembla,14.04,SIMP_201812_WP,9,September,59.9,14.4,21.7
2018-09-03T16:00:00Z,0.979,15.1,3.7,Port Kembla,13.32,SIMP_201812_WP,9,September,59.9,14.4,21.7
2018-09-03T17:00:00Z,0.981,15.1,2.7,Port Kembla,9.72,SIMP_201812_WP,9,September,59.9,14.4,21.7
2018-09-03T18:00:00Z,0.895,15.1,2.2,Port Kembla,7.920000000000001,SIMP_201812_WP,9,September,59.9,14.4,21.7
2018-09-03T19:00:00Z,0.749,15.2,2,Port Kembla,7.2,SIMP_201812_WP,9,September,59.9,14.4,21.7
2018-09-03T20:00:00Z,0.584,15.2,1.4,Port Kembla,5.04,SIMP_201812_WP,9,September,59.9,14.4,21.7
2018-09-03T21:00:00Z,0.443,15.2,3.4,Port Kembla,12.24,SIMP_201812_WP,9,September,59.9,14.4,21.7
2018-09-03T22:00:00Z,0.362,15.2,2.7,Port Kembla,9.72,SIMP_201812_WP,9,September,59.9,14.4,21.7
2018-09-03T23:00:00Z,0.375,15.3,1.2,Port Kembla,4.32,SIMP_201812_WP,9,September,59.9,14.4,21.7
2018-09-04T00:00:00Z,0.491,15.2,4.2,Port Kembla,15.120000000000001,SIMP_201812_WP,9,September,59.9,14.4,21.7
2018-09-04T01:00:00Z,0.673,15.3,2.4,Port Kembla,8.64,SIMP_201812_WP,9,September,59.9,14.4,21.7
2018-09-04T02:00:00Z,0.899,15.3,2.1,Port Kembla,7.5600000000000005,SIMP_201812_WP,9,September,59.9,14.4,21.7
2018-09-04T03:00:00Z,1.131,15.2,3.1,Port Kembla,11.16,SIMP_201812_WP,9,September,59.9,14.4,21.7
2018-09-04T04:00:00Z,1.296,15.2,3.8,Port Kembla,13.68,SIMP_201812_WP,9,September,59.9,14.4,21.7
2018-09-04T05:00:00Z,1.349,15.2,3.1,Port Kembla,11.16,SIMP_201812_WP,9,September,59.9,14.4,21.7
2018-09-04T06:00:00Z,1.279,15.2,3.1,Port Kembla,11.16,SIMP_201812_WP,9,September,59.9,14.4,21.7
2018-09-04T07:00:00Z,1.127,15.2,3.2,Port Kembla,11.520000000000001,SIMP_201812_WP,9,September,59.9,14.4,21.7
2018-09-04T08:00:00Z,0.907,15.2,2.3,Port Kembla,8.28,SIMP_201812_WP,9,September,59.9,14.4,21.7
2018-09-04T09:00:00Z,0.663,15.2,4.7,Port Kembla,16.92,SIMP_201812_WP,9,September,59.9,14.4,21.7
2018-09-04T10:00:00Z,0.464,15.2,1.4,Port Kembla,5.04,SIMP_201812_WP,9,September,59.9,14.4,21.7
2018-09-04T11:00:00Z,0.335,15.2,1.8,Port Kembla,6.48,SIMP_201812_WP,9,September,59.9,14.4,21.7
2018-09-04T12:00:00Z,0.305,15.2,0.6,Port Kembla,2.16,SIMP_201812_WP,9,September,59.9,14.4,21.7
2018-09-04T13:00:00Z,0.367,15.2,1.4,Port Kembla,5.04,SIMP_201812_WP,9,September,59.9,14.4,21.7
2018-09-04T14:00:00Z,0.514,15.1,1.7,Port Kembla,6.12,SIMP_201812_WP,9,September,59.9,14.4,21.7
2018-09-04T15:00:00Z,0.694,15.3,1.9,Port Kembla,6.84,SIMP_201812_WP,9,September,59.9,14.4,21.7
2018-09-04T16:00:00Z,0.861,15.3,2.2,Port Kembla,7.920000000000001,SIMP_201812_WP,9,September,59.9,14.4,21.7
2018-09-04T17:00:00Z,0.984,15.2,1.5,Port Kembla,5.4,SIMP_201812_WP,9,September,59.9,14.4,21.7
2018-09-04T18:00:00Z,1.019,15.3,2,Port Kembla,7.2,SIMP_201812_WP,9,September,59.9,14.4,21.7
2018-09-04T19:00:00Z,0.955,15.2,2.3,Port Kembla,8.28,SIMP_201812_WP,9,September,59.9,14.4,21.7
2018-09-04T20:00:00Z,0.817,15.3,2.8,Port Kembla,10.08,SIMP_201812_WP,9,September,59.9,14.4,21.7
2018-09-04T21:00:00Z,0.65,15.3,1.9,Port Kembla,6.84,SIMP_201812_WP,9,September,59.9,14.4,21.7
2018-09-04T22:00:00Z,0.493,15.4,2.4,Port Kembla,8.64,SIMP_201812_WP,9,September,59.9,14.4,21.7
2018-09-04T23:00:00Z,0.4,15.4,2.7,Port Kembla,9.72,SIMP_201812_WP,9,September,59.9,14.4,21.7
2018-09-05T00:00:00Z,0.399,15.5,1,Port Kembla,3.6,SIMP_201812_WP,9,September,59.9,14.4,21.7
2018-09-05T01:00:00Z,0.502,15.5,2.3,Port Kembla,8.28,SIMP_201812_WP,9,September,59.9,14.4,21.7
2018-09-05T02:00:00Z,0.689,15.4,2.5,Port Kembla,9,SIMP_201812_WP,9,September,59.9,14.4,21.7
2018-09-05T03:00:00Z,0.938,15.6,2.2,Port Kembla,7.920000000000001,SIMP_201812_WP,9,September,59.9,14.4,21.7
2018-09-05T04:00:00Z,1.185,15.6,3.2,Port Kembla,11.520000000000001,SIMP_201812_WP,9,September,59.9,14.4,21.7
2018-09-05T05:00:00Z,1.375,15.5,2,Port Kembla,7.2,SIMP_201812_WP,9,September,59.9,14.4,21.7
2018-09-05T06:00:00Z,1.462,15.5,1.5,Port Kembla,5.4,SIMP_201812_WP,9,September,59.9,14.4,21.7
2018-09-05T07:00:00Z,1.423,15.5,1.4,Port Kembla,5.04,SIMP_201812_WP,9,September,59.9,14.4,21.7
2018-09-05T08:00:00Z,1.254,15.6,2,Port Kembla,7.2,SIMP_201812_WP,9,September,59.9,14.4,21.7
2018-09-05T09:00:00Z,1.008,15.8,2.4,Port Kembla,8.64,SIMP_201812_WP,9,September,59.9,14.4,21.7
2018-09-05T10:00:00Z,0.721,15.7,1.7,Port Kembla,6.12,SIMP_201812_WP,9,September,59.9,14.4,21.7
2018-09-05T11:00:00Z,0.464,15.7,1.5,Port Kembla,5.4,SIMP_201812_WP,9,September,59.9,14.4,21.7
2018-09-05T12:00:00Z,0.282,15.7,1.1,Port Kembla,3.9600000000000004,SIMP_201812_WP,9,September,59.9,14.4,21.7
2018-09-05T13:00:00Z,0.22,15.7,1.6,Port Kembla,5.760000000000001,SIMP_201812_WP,9,September,59.9,14.4,21.7
2018-09-05T14:00:00Z,0.279,15.6,1.4,Port Kembla,5.04,SIMP_201812_WP,9,September,59.9,14.4,21.7
2018-09-05T15:00:00Z,0.431,15.7,2.1,Port Kembla,7.5600000000000005,SIMP_201812_WP,9,September,59.9,14.4,21.7
2018-09-05T16:00:00Z,0.644,15.7,1.1,Port Kembla,3.9600000000000004,SIMP_201812_WP,9,September,59.9,14.4,21.7
2018-09-05T17:00:00Z,0.858,15.6,1.4,Port Kembla,5.04,SIMP_201812_WP,9,September,59.9,14.4,21.7
2018-09-05T18:00:00Z,1.02,15.6,0,Port Kembla,0,SIMP_201812_WP,9,September,59.9,14.4,21.7
2018-09-05T19:00:00Z,1.071,15.6,1.4,Port Kembla,5.04,SIMP_201812_WP,9,September,59.9,14.4,21.7
2018-09-05T20:00:00Z,1.013,15.6,1.1,Port Kembla,3.9600000000000004,SIMP_201812_WP,9,September,59.9,14.4,21.7
2018-09-05T21:00:00Z,0.862,15.6,1,Port Kembla,3.6,SIMP_201812_WP,9,September,59.9,14.4,21.7
2018-09-05T22:00:00Z,0.658,15.7,0.3,Port Kembla,1.08,SIMP_201812_WP,9,September,59.9,14.4,21.7
2018-09-05T23:00:00Z,0.452,15.7,3.4,Port Kembla,12.24,SIMP_201812_WP,9,September,59.9,14.4,21.7
2018-09-06T00:00:00Z,0.319,15.7,3.6,Port Kembla,12.96,SIMP_201812_WP,9,September,59.9,14.4,21.7
2018-09-06T01:00:00Z,0.303,15.8,3.5,Port Kembla,12.6,SIMP_201812_WP,9,September,59.9,14.4,21.7
2018-09-06T02:00:00Z,0.405,15.9,4.4,Port Kembla,15.840000000000002,SIMP_201812_WP,9,September,59.9,14.4,21.7
2018-09-06T03:00:00Z,0.636,15.9,5.3,Port Kembla,19.08,SIMP_201812_WP,9,September,59.9,14.4,21.7
2018-09-06T04:00:00Z,0.928,15.8,6.1,Port Kembla,21.96,SIMP_201812_WP,9,September,59.9,14.4,21.7
2018-09-06T05:00:00Z,1.215,15.9,5.7,Port Kembla,20.52,SIMP_201812_WP,9,September,59.9,14.4,21.7
2018-09-06T06:00:00Z,1.44,15.8,6.5,Port Kembla,23.400000000000002,SIMP_201812_WP,9,September,59.9,14.4,21.7
2018-09-06T07:00:00Z,1.548,15.9,6.9,Port Kembla,24.840000000000003,SIMP_201812_WP,9,September,59.9,14.4,21.7
2018-09-06T08:00:00Z,1.504,15.9,5,Port Kembla,18,SIMP_201812_WP,9,September,59.9,14.4,21.7
2018-09-06T09:00:00Z,1.309,15.9,5.3,Port Kembla,19.08,SIMP_201812_WP,9,September,59.9,14.4,21.7
2018-09-06T10:00:00Z,1.018,16,5.6,Port Kembla,20.16,SIMP_201812_WP,9,September,59.9,14.4,21.7
2018-09-06T11:00:00Z,0.685,16,4.6,Port Kembla,16.56,SIMP_201812_WP,9,September,59.9,14.4,21.7
2018-09-06T12:00:00Z,0.379,16,5.2,Port Kembla,18.720000000000002,SIMP_201812_WP,9,September,59.9,14.4,21.7
2018-09-06T13:00:00Z,0.173,16,5.1,Port Kembla,18.36,SIMP_201812_WP,9,September,59.9,14.4,21.7
2018-09-06T14:00:00Z,0.101,16,4,Port Kembla,14.4,SIMP_201812_WP,9,September,59.9,14.4,21.7
2018-09-06T15:00:00Z,0.172,16,4.2,Port Kembla,15.120000000000001,SIMP_201812_WP,9,September,59.9,14.4,21.7
2018-09-06T16:00:00Z,0.381,16,3.9,Port Kembla,14.04,SIMP_201812_WP,9,September,59.9,14.4,21.7
2018-09-06T17:00:00Z,0.652,16,2.1,Port Kembla,7.5600000000000005,SIMP_201812_WP,9,September,59.9,14.4,21.7
2018-09-06T18:00:00Z,0.914,15.9,1.6,Port Kembla,5.760000000000001,SIMP_201812_WP,9,September,59.9,14.4,21.7
2018-09-06T19:00:00Z,1.109,15.9,2,Port Kembla,7.2,SIMP_201812_WP,9,September,59.9,14.4,21.7
2018-09-06T20:00:00Z,1.177,15.9,0.9,Port Kembla,3.24,SIMP_201812_WP,9,September,59.9,14.4,21.7
2018-09-06T21:00:00Z,1.114,15.9,2.5,Port Kembla,9,SIMP_201812_WP,9,September,59.9,14.4,21.7
2018-09-06T22:00:00Z,0.926,15.9,3,Port Kembla,10.8,SIMP_201812_WP,9,September,59.9,14.4,21.7
2018-09-06T23:00:00Z,0.672,15.8,1.3,Port Kembla,4.680000000000001,SIMP_201812_WP,9,September,59.9,14.4,21.7
2018-09-07T00:00:00Z,0.431,16,3.1,Port Kembla,11.16,SIMP_201812_WP,9,September,59.9,14.4,21.7
2018-09-07T01:00:00Z,0.271,15.9,2.7,Port Kembla,9.72,SIMP_201812_WP,9,September,59.9,14.4,21.7
2018-09-07T02:00:00Z,0.246,16,3.3,Port Kembla,11.879999999999999,SIMP_201812_WP,9,September,59.9,14.4,21.7
2018-09-07T03:00:00Z,0.373,16,2.8,Port Kembla,10.08,SIMP_201812_WP,9,September,59.9,14.4,21.7
2018-09-07T04:00:00Z,0.623,16.3,1.4,Port Kembla,5.04,SIMP_201812_WP,9,September,59.9,14.4,21.7
2018-09-07T05:00:00Z,0.958,16.4,5.2,Port Kembla,18.720000000000002,SIMP_201812_WP,9,September,59.9,14.4,21.7
2018-09-07T06:00:00Z,1.288,16.3,3.2,Port Kembla,11.520000000000001,SIMP_201812_WP,9,September,59.9,14.4,21.7
2018-09-07T07:00:00Z,1.551,16.3,1.9,Port Kembla,6.84,SIMP_201812_WP,9,September,59.9,14.4,21.7
2018-09-07T08:00:00Z,1.667,16.3,1.7,Port Kembla,6.12,SIMP_201812_WP,9,September,59.9,14.4,21.7
2018-09-07T09:00:00Z,1.597,16.2,2.5,Port Kembla,9,SIMP_201812_WP,9,September,59.9,14.4,21.7
2018-09-07T10:00:00Z,1.37,16.1,3.9,Port Kembla,14.04,SIMP_201812_WP,9,September,59.9,14.4,21.7
2018-09-07T11:00:00Z,1.017,16.1,3.9,Port Kembla,14.04,SIMP_201812_WP,9,September,59.9,14.4,21.7
2018-09-07T12:00:00Z,0.621,16.1,4.4,Port Kembla,15.840000000000002,SIMP_201812_WP,9,September,59.9,14.4,21.7
2018-09-07T13:00:00Z,0.277,15.9,3.7,Port Kembla,13.32,SIMP_201812_WP,9,September,59.9,14.4,21.7
2018-09-07T14:00:00Z,0.064,15.9,3.8,Port Kembla,13.68,SIMP_201812_WP,9,September,59.9,14.4,21.7
2018-09-07T15:00:00Z,0,15.9,5.4,Port Kembla,19.44,SIMP_201812_WP,9,September,59.9,14.4,21.7
2018-09-07T16:00:00Z,0.105,15.8,3.7,Port Kembla,13.32,SIMP_201812_WP,9,September,59.9,14.4,21.7
2018-09-07T17:00:00Z,0.357,15.8,3.8,Port Kembla,13.68,SIMP_201812_WP,9,September,59.9,14.4,21.7
2018-09-07T18:00:00Z,0.681,15.7,4.5,Port Kembla,16.2,SIMP_201812_WP,9,September,59.9,14.4,21.7
2018-09-07T19:00:00Z,0.978,15.6,4,Port Kembla,14.4,SIMP_201812_WP,9,September,59.9,14.4,21.7
2018-09-07T20:00:00Z,1.185,15.6,3.4,Port Kembla,12.24,SIMP_201812_WP,9,September,59.9,14.4,21.7
2018-09-07T21:00:00Z,1.25,15.6,2.5,Port Kembla,9,SIMP_201812_WP,9,September,59.9,14.4,21.7
2018-09-07T22:00:00Z,1.152,15.6,3.3,Port Kembla,11.879999999999999,SIMP_201812_WP,9,September,59.9,14.4,21.7
2018-09-07T23:00:00Z,0.92,15.6,4.5,Port Kembla,16.2,SIMP_201812_WP,9,September,59.9,14.4,21.7
2018-09-08T00:00:00Z,0.634,15.6,4.2,Port Kembla,15.120000000000001,SIMP_201812_WP,9,September,59.9,14.4,21.7
2018-09-08T01:00:00Z,0.377,15.6,3.3,Port Kembla,11.879999999999999,SIMP_201812_WP,9,September,59.9,14.4,21.7
2018-09-08T02:00:00Z,0.205,15.7,3.2,Port Kembla,11.520000000000001,SIMP_201812_WP,9,September,59.9,14.4,21.7
2018-09-08T03:00:00Z,0.185,15.7,3,Port Kembla,10.8,SIMP_201812_WP,9,September,59.9,14.4,21.7
2018-09-08T04:00:00Z,0.336,15.7,2.9,Port Kembla,10.44,SIMP_201812_WP,9,September,59.9,14.4,21.7
2018-09-08T05:00:00Z,0.629,15.7,2.3,Port Kembla,8.28,SIMP_201812_WP,9,September,59.9,14.4,21.7
2018-09-08T06:00:00Z,1.016,15.7,2.3,Port Kembla,8.28,SIMP_201812_WP,9,September,59.9,14.4,21.7
2018-09-08T07:00:00Z,1.396,15.6,3.4,Port Kembla,12.24,SIMP_201812_WP,9,September,59.9,14.4,21.7
2018-09-08T08:00:00Z,1.673,15.6,2.3,Port Kembla,8.28,SIMP_201812_WP,9,September,59.9,14.4,21.7
2018-09-08T09:00:00Z,1.791,15.6,1.6,Port Kembla,5.760000000000001,SIMP_201812_WP,9,September,59.9,14.4,21.7
2018-09-08T10:00:00Z,1.71,15.6,0.5,Port Kembla,1.8,SIMP_201812_WP,9,September,59.9,14.4,21.7
2018-09-08T11:00:00Z,1.434,15.6,1.6,Port Kembla,5.760000000000001,SIMP_201812_WP,9,September,59.9,14.4,21.7
2018-09-08T12:00:00Z,1.034,15.7,1.1,Port Kembla,3.9600000000000004,SIMP_201812_WP,9,September,59.9,14.4,21.7
2018-09-08T13:00:00Z,0.607,15.8,0.3,Port Kembla,1.08,SIMP_201812_WP,9,September,59.9,14.4,21.7
2018-09-08T14:00:00Z,0.255,15.8,0.1,Port Kembla,0.36000000000000004,SIMP_201812_WP,9,September,59.9,14.4,21.7
2018-09-08T15:00:00Z,0.039,15.9,2.6,Port Kembla,9.360000000000001,SIMP_201812_WP,9,September,59.9,14.4,21.7
2018-09-08T16:00:00Z,-0.003,15.9,0.9,Port Kembla,3.24,SIMP_201812_WP,9,September,59.9,14.4,21.7
2018-09-08T17:00:00Z,0.149,15.9,4,Port Kembla,14.4,SIMP_201812_WP,9,September,59.9,14.4,21.7
2018-09-08T18:00:00Z,0.44,16,2.5,Port Kembla,9,SIMP_201812_WP,9,September,59.9,14.4,21.7
2018-09-08T19:00:00Z,0.787,15.8,5.9,Port Kembla,21.240000000000002,SIMP_201812_WP,9,September,59.9,14.4,21.7
2018-09-08T20:00:00Z,1.102,15.7,7.8,Port Kembla,28.08,SIMP_201812_WP,9,September,59.9,14.4,21.7
2018-09-08T21:00:00Z,1.308,15.6,8.2,Port Kembla,29.52,SIMP_201812_WP,9,September,59.9,14.4,21.7
2018-09-08T22:00:00Z,1.346,15.6,6.9,Port Kembla,24.840000000000003,SIMP_201812_WP,9,September,59.9,14.4,21.7
2018-09-08T23:00:00Z,1.215,15.6,5.7,Port Kembla,20.52,SIMP_201812_WP,9,September,59.9,14.4,21.7
2018-09-09T00:00:00Z,0.957,15.7,7.1,Port Kembla,25.56,SIMP_201812_WP,9,September,59.9,14.4,21.7
2018-09-09T01:00:00Z,0.638,15.7,8.8,Port Kembla,31.680000000000003,SIMP_201812_WP,9,September,59.9,14.4,21.7
2018-09-09T02:00:00Z,0.356,15.8,7.8,Port Kembla,28.08,SIMP_201812_WP,9,September,59.9,14.4,21.7
2018-09-09T03:00:00Z,0.204,15.9,8.8,Port Kembla,31.680000000000003,SIMP_201812_WP,9,September,59.9,14.4,21.7
2018-09-09T04:00:00Z,0.211,16,8.9,Port Kembla,32.04,SIMP_201812_WP,9,September,59.9,14.4,21.7
2018-09-09T05:00:00Z,0.38,15.9,6.5,Port Kembla,23.400000000000002,SIMP_201812_WP,9,September,59.9,14.4,21.7
2018-09-09T06:00:00Z,0.713,16.1,8.1,Port Kembla,29.16,SIMP_201812_WP,9,September,59.9,14.4,21.7
2018-09-09T07:00:00Z,1.122,16.1,8.7,Port Kembla,31.319999999999997,SIMP_201812_WP,9,September,59.9,14.4,21.7
2018-09-09T08:00:00Z,1.488,15.9,7.1,Port Kembla,25.56,SIMP_201812_WP,9,September,59.9,14.4,21.7
2018-09-09T09:00:00Z,1.747,15.9,7.7,Port Kembla,27.720000000000002,SIMP_201812_WP,9,September,59.9,14.4,21.7
2018-09-09T10:00:00Z,1.83,15.8,8,Port Kembla,28.8,SIMP_201812_WP,9,September,59.9,14.4,21.7
2018-09-09T11:00:00Z,1.695,15.8,9,Port Kembla,32.4,SIMP_201812_WP,9,September,59.9,14.4,21.7
2018-09-09T12:00:00Z,1.367,15.7,5.3,Port Kembla,19.08,SIMP_201812_WP,9,September,59.9,14.4,21.7
2018-09-09T13:00:00Z,0.944,15.8,4.9,Port Kembla,17.64,SIMP_201812_WP,9,September,59.9,14.4,21.7
2018-09-09T14:00:00Z,0.518,15.8,3.7,Port Kembla,13.32,SIMP_201812_WP,9,September,59.9,14.4,21.7
2018-09-09T15:00:00Z,0.171,15.7,4.6,Port Kembla,16.56,SIMP_201812_WP,9,September,59.9,14.4,21.7
2018-09-09T16:00:00Z,-0.019,15.7,4.9,Port Kembla,17.64,SIMP_201812_WP,9,September,59.9,14.4,21.7
2018-09-09T17:00:00Z,-0.014,15.7,5.8,Port Kembla,20.88,SIMP_201812_WP,9,September,59.9,14.4,21.7
2018-09-09T18:00:00Z,0.185,15.7,4.2,Port Kembla,15.120000000000001,SIMP_201812_WP,9,September,59.9,14.4,21.7
2018-09-09T19:00:00Z,0.514,15.7,5.5,Port Kembla,19.8,SIMP_201812_WP,9,September,59.9,14.4,21.7
2018-09-09T20:00:00Z,0.876,15.7,4,Port Kembla,14.4,SIMP_201812_WP,9,September,59.9,14.4,21.7
2018-09-09T21:00:00Z,1.184,15.6,2.6,Port Kembla,9.360000000000001,SIMP_201812_WP,9,September,59.9,14.4,21.7
2018-09-09T22:00:00Z,1.368,15.6,2.9,Port Kembla,10.44,SIMP_201812_WP,9,September,59.9,14.4,21.7
2018-09-09T23:00:00Z,1.369,15.6,2.2,Port Kembla,7.920000000000001,SIMP_201812_WP,9,September,59.9,14.4,21.7
2018-09-10T00:00:00Z,1.19,15.6,3,Port Kembla,10.8,SIMP_201812_WP,9,September,59.9,14.4,21.7
2018-09-10T01:00:00Z,0.887,15.6,2.8,Port Kembla,10.08,SIMP_201812_WP,9,September,59.9,14.4,21.7
2018-09-10T02:00:00Z,0.551,15.7,2.2,Port Kembla,7.920000000000001,SIMP_201812_WP,9,September,59.9,14.4,21.7
2018-09-10T03:00:00Z,0.269,15.9,2.6,Port Kembla,9.360000000000001,SIMP_201812_WP,9,September,59.9,14.4,21.7
2018-09-10T04:00:00Z,0.11,15.9,2.6,Port Kembla,9.360000000000001,SIMP_201812_WP,9,September,59.9,14.4,21.7
2018-09-10T05:00:00Z,0.13,15.9,2.5,Port Kembla,9,SIMP_201812_WP,9,September,59.9,14.4,21.7
2018-09-10T06:00:00Z,0.331,15.9,2.8,Port Kembla,10.08,SIMP_201812_WP,9,September,59.9,14.4,21.7
2018-09-10T07:00:00Z,0.685,16.1,3.4,Port Kembla,12.24,SIMP_201812_WP,9,September,59.9,14.4,21.7
2018-09-10T08:00:00Z,1.095,16,2.8,Port Kembla,10.08,SIMP_201812_WP,9,September,59.9,14.4,21.7
2018-09-10T09:00:00Z,1.452,15.8,2.8,Port Kembla,10.08,SIMP_201812_WP,9,September,59.9,14.4,21.7
2018-09-10T10:00:00Z,1.691,15.7,1.8,Port Kembla,6.48,SIMP_201812_WP,9,September,59.9,14.4,21.7
2018-09-10T11:00:00Z,1.742,16.1,1,Port Kembla,3.6,SIMP_201812_WP,9,September,59.9,14.4,21.7
2018-09-10T12:00:00Z,1.577,16,0.6,Port Kembla,2.16,SIMP_201812_WP,9,September,59.9,14.4,21.7
2018-09-10T13:00:00Z,1.239,15.9,1.4,Port Kembla,5.04,SIMP_201812_WP,9,September,59.9,14.4,21.7
2018-09-10T14:00:00Z,0.829,16.1,0.7,Port Kembla,2.52,SIMP_201812_WP,9,September,59.9,14.4,21.7
2018-09-10T15:00:00Z,0.427,16,0.7,Port Kembla,2.52,SIMP_201812_WP,9,September,59.9,14.4,21.7
2018-09-10T16:00:00Z,0.132,16.1,1,Port Kembla,3.6,SIMP_201812_WP,9,September,59.9,14.4,21.7
2018-09-10T17:00:00Z,0.007,16.2,1.3,Port Kembla,4.680000000000001,SIMP_201812_WP,9,September,59.9,14.4,21.7
2018-09-10T18:00:00Z,0.072,16.1,1.4,Port Kembla,5.04,SIMP_201812_WP,9,September,59.9,14.4,21.7
2018-09-10T19:00:00Z,0.315,16.1,1.2,Port Kembla,4.32,SIMP_201812_WP,9,September,59.9,14.4,21.7
2018-09-10T20:00:00Z,0.662,16,1.7,Port Kembla,6.12,SIMP_201812_WP,9,September,59.9,14.4,21.7
2018-09-10T21:00:00Z,1.025,15.9,3.1,Port Kembla,11.16,SIMP_201812_WP,9,September,59.9,14.4,21.7
2018-09-10T22:00:00Z,1.314,15.9,4,Port Kembla,14.4,SIMP_201812_WP,9,September,59.9,14.4,21.7
2018-09-10T23:00:00Z,1.459,16.4,4.8,Port Kembla,17.28,SIMP_201812_WP,9,September,59.9,14.4,21.7
2018-09-11T00:00:00Z,1.434,16.5,5.3,Port Kembla,19.08,SIMP_201812_WP,9,September,59.9,14.4,21.7
2018-09-11T01:00:00Z,1.23,16.6,5.7,Port Kembla,20.52,SIMP_201812_WP,9,September,59.9,14.4,21.7
2018-09-11T02:00:00Z,0.917,16.6,7.6,Port Kembla,27.36,SIMP_201812_WP,9,September,59.9,14.4,21.7
2018-09-11T03:00:00Z,0.589,16.8,8.1,Port Kembla,29.16,SIMP_201812_WP,9,September,59.9,14.4,21.7
2018-09-11T04:00:00Z,0.326,16.8,8.9,Port Kembla,32.04,SIMP_201812_WP,9,September,59.9,14.4,21.7
2018-09-11T05:00:00Z,0.194,16.9,9.3,Port Kembla,33.480000000000004,SIMP_201812_WP,9,September,59.9,14.4,21.7
2018-09-11T06:00:00Z,0.235,16.9,9.3,Port Kembla,33.480000000000004,SIMP_201812_WP,9,September,59.9,14.4,21.7
2018-09-11T07:00:00Z,0.456,16.9,9.1,Port Kembla,32.76,SIMP_201812_WP,9,September,59.9,14.4,21.7
2018-09-11T08:00:00Z,0.787,16.9,8.5,Port Kembla,30.6,SIMP_201812_WP,9,September,59.9,14.4,21.7
2018-09-11T09:00:00Z,1.153,16.8,7.2,Port Kembla,25.92,SIMP_201812_WP,9,September,59.9,14.4,21.7
2018-09-11T10:00:00Z,1.471,16.7,6.3,Port Kembla,22.68,SIMP_201812_WP,9,September,59.9,14.4,21.7
2018-09-11T11:00:00Z,1.66,16.6,5.6,Port Kembla,20.16,SIMP_201812_WP,9,September,59.9,14.4,21.7
2018-09-11T12:00:00Z,1.66,16.5,3.7,Port Kembla,13.32,SIMP_201812_WP,9,September,59.9,14.4,21.7
2018-09-11T13:00:00Z,1.46,16.4,2.4,Port Kembla,8.64,SIMP_201812_WP,9,September,59.9,14.4,21.7
2018-09-11T14:00:00Z,1.129,16.6,2.2,Port Kembla,7.920000000000001,SIMP_201812_WP,9,September,59.9,14.4,21.7
2018-09-11T15:00:00Z,0.749,16.5,1.6,Port Kembla,5.760000000000001,SIMP_201812_WP,9,September,59.9,14.4,21.7
2018-09-11T16:00:00Z,0.398,16.5,3,Port Kembla,10.8,SIMP_201812_WP,9,September,59.9,14.4,21.7
2018-09-11T17:00:00Z,0.165,16.5,3.3,Port Kembla,11.879999999999999,SIMP_201812_WP,9,September,59.9,14.4,21.7
2018-09-11T18:00:00Z,0.098,16.3,2.4,Port Kembla,8.64,SIMP_201812_WP,9,September,59.9,14.4,21.7
2018-09-11T19:00:00Z,0.219,16.3,3.3,Port Kembla,11.879999999999999,SIMP_201812_WP,9,September,59.9,14.4,21.7
2018-09-11T20:00:00Z,0.483,16.4,4.2,Port Kembla,15.120000000000001,SIMP_201812_WP,9,September,59.9,14.4,21.7
2018-09-11T21:00:00Z,0.826,16.4,4.9,Port Kembla,17.64,SIMP_201812_WP,9,September,59.9,14.4,21.7
2018-09-11T22:00:00Z,1.144,16.3,2.2,Port Kembla,7.920000000000001,SIMP_201812_WP,9,September,59.9,14.4,21.7
2018-09-11T23:00:00Z,1.384,16.1,3.6,Port Kembla,12.96,SIMP_201812_WP,9,September,59.9,14.4,21.7
2018-09-12T00:00:00Z,1.483,16.4,3.6,Port Kembla,12.96,SIMP_201812_WP,9,September,59.9,14.4,21.7
2018-09-12T01:00:00Z,1.396,16.5,5.2,Port Kembla,18.720000000000002,SIMP_201812_WP,9,September,59.9,14.4,21.7
2018-09-12T02:00:00Z,1.154,16.6,5.1,Port Kembla,18.36,SIMP_201812_WP,9,September,59.9,14.4,21.7
2018-09-12T03:00:00Z,0.843,16.6,4.7,Port Kembla,16.92,SIMP_201812_WP,9,September,59.9,14.4,21.7
2018-09-12T04:00:00Z,0.531,16.7,1.1,Port Kembla,3.9600000000000004,SIMP_201812_WP,9,September,59.9,14.4,21.7
2018-09-12T05:00:00Z,0.302,16.8,3.6,Port Kembla,12.96,SIMP_201812_WP,9,September,59.9,14.4,21.7
2018-09-12T06:00:00Z,0.206,16.8,5,Port Kembla,18,SIMP_201812_WP,9,September,59.9,14.4,21.7
2018-09-12T07:00:00Z,0.272,16.9,2.6,Port Kembla,9.360000000000001,SIMP_201812_WP,9,September,59.9,14.4,21.7
2018-09-12T08:00:00Z,0.498,16.9,0.7,Port Kembla,2.52,SIMP_201812_WP,9,September,59.9,14.4,21.7
2018-09-12T09:00:00Z,0.815,16.5,1.4,Port Kembla,5.04,SIMP_201812_WP,9,September,59.9,14.4,21.7
2018-09-12T10:00:00Z,1.131,16.3,5.7,Port Kembla,20.52,SIMP_201812_WP,9,September,59.9,14.4,21.7
2018-09-12T11:00:00Z,1.381,16.1,5,Port Kembla,18,SIMP_201812_WP,9,September,59.9,14.4,21.7
2018-09-12T12:00:00Z,1.511,16,3.5,Port Kembla,12.6,SIMP_201812_WP,9,September,59.9,14.4,21.7
2018-09-12T13:00:00Z,1.462,16,3.5,Port Kembla,12.6,SIMP_201812_WP,9,September,59.9,14.4,21.7
2018-09-12T14:00:00Z,1.259,16,3.8,Port Kembla,13.68,SIMP_201812_WP,9,September,59.9,14.4,21.7
2018-09-12T15:00:00Z,0.942,15.9,4.5,Port Kembla,16.2,SIMP_201812_WP,9,September,59.9,14.4,21.7
2018-09-12T16:00:00Z,0.607,16,1.9,Port Kembla,6.84,SIMP_201812_WP,9,September,59.9,14.4,21.7
2018-09-12T17:00:00Z,0.335,16,2.9,Port Kembla,10.44,SIMP_201812_WP,9,September,59.9,14.4,21.7
2018-09-12T18:00:00Z,0.177,15.9,2.7,Port Kembla,9.72,SIMP_201812_WP,9,September,59.9,14.4,21.7
2018-09-12T19:00:00Z,0.17,15.8,2.6,Port Kembla,9.360000000000001,SIMP_201812_WP,9,September,59.9,14.4,21.7
2018-09-12T20:00:00Z,0.323,15.9,2.4,Port Kembla,8.64,SIMP_201812_WP,9,September,59.9,14.4,21.7
2018-09-12T21:00:00Z,0.601,16,3,Port Kembla,10.8,SIMP_201812_WP,9,September,59.9,14.4,21.7
2018-09-12T22:00:00Z,0.909,16,2.9,Port Kembla,10.44,SIMP_201812_WP,9,September,59.9,14.4,21.7
2018-09-12T23:00:00Z,1.185,15.9,2.9,Port Kembla,10.44,SIMP_201812_WP,9,September,59.9,14.4,21.7
2018-09-13T00:00:00Z,1.377,15.9,3.8,Port Kembla,13.68,SIMP_201812_WP,9,September,59.9,14.4,21.7
2018-09-13T01:00:00Z,1.428,15.9,2.9,Port Kembla,10.44,SIMP_201812_WP,9,September,59.9,14.4,21.7
2018-09-13T02:00:00Z,1.31,15.9,3.6,Port Kembla,12.96,SIMP_201812_WP,9,September,59.9,14.4,21.7
2018-09-13T03:00:00Z,1.067,15.9,3.2,Port Kembla,11.520000000000001,SIMP_201812_WP,9,September,59.9,14.4,21.7
2018-09-13T04:00:00Z,0.776,15.9,3.3,Port Kembla,11.879999999999999,SIMP_201812_WP,9,September,59.9,14.4,21.7
2018-09-13T05:00:00Z,0.509,16,3.9,Port Kembla,14.04,SIMP_201812_WP,9,September,59.9,14.4,21.7
2018-09-13T06:00:00Z,0.319,16,3.2,Port Kembla,11.520000000000001,SIMP_201812_WP,9,September,59.9,14.4,21.7
2018-09-13T07:00:00Z,0.257,16.1,1.8,Port Kembla,6.48,SIMP_201812_WP,9,September,59.9,14.4,21.7
2018-09-13T08:00:00Z,0.345,16.1,1.5,Port Kembla,5.4,SIMP_201812_WP,9,September,59.9,14.4,21.7
2018-09-13T09:00:00Z,0.551,16.1,2.4,Port Kembla,8.64,SIMP_201812_WP,9,September,59.9,14.4,21.7
2018-09-13T10:00:00Z,0.834,16.2,1.4,Port Kembla,5.04,SIMP_201812_WP,9,September,59.9,14.4,21.7
2018-09-13T11:00:00Z,1.114,16.2,1.4,Port Kembla,5.04,SIMP_201812_WP,9,September,59.9,14.4,21.7
2018-09-13T12:00:00Z,1.315,16.1,2.2,Port Kembla,7.920000000000001,SIMP_201812_WP,9,September,59.9,14.4,21.7
2018-09-13T13:00:00Z,1.402,16.1,2.6,Port Kembla,9.360000000000001,SIMP_201812_WP,9,September,59.9,14.4,21.7
2018-09-13T14:00:00Z,1.345,16.1,1.7,Port Kembla,6.12,SIMP_201812_WP,9,September,59.9,14.4,21.7
2018-09-13T15:00:00Z,1.15,16.1,1.3,Port Kembla,4.680000000000001,SIMP_201812_WP,9,September,59.9,14.4,21.7
2018-09-13T16:00:00Z,0.887,16.1,0.9,Port Kembla,3.24,SIMP_201812_WP,9,September,59.9,14.4,21.7
2018-09-13T17:00:00Z,0.633,16.1,1.3,Port Kembla,4.680000000000001,SIMP_201812_WP,9,September,59.9,14.4,21.7
2018-09-13T18:00:00Z,0.443,16.3,1,Port Kembla,3.6,SIMP_201812_WP,9,September,59.9,14.4,21.7
2018-09-13T19:00:00Z,0.355,16.3,1.3,Port Kembla,4.680000000000001,SIMP_201812_WP,9,September,59.9,14.4,21.7
2018-09-13T20:00:00Z,0.397,16.3,0.9,Port Kembla,3.24,SIMP_201812_WP,9,September,59.9,14.4,21.7
2018-09-13T21:00:00Z,0.574,16.2,0.9,Port Kembla,3.24,SIMP_201812_WP,9,September,59.9,14.4,21.7
2018-09-13T22:00:00Z,0.829,16.3,1.8,Port Kembla,6.48,SIMP_201812_WP,9,September,59.9,14.4,21.7
2018-09-13T23:00:00Z,1.105,16.2,3.2,Port Kembla,11.520000000000001,SIMP_201812_WP,9,September,59.9,14.4,21.7
2018-09-14T00:00:00Z,1.334,16.4,4,Port Kembla,14.4,SIMP_201812_WP,9,September,59.9,14.4,21.7
2018-09-14T01:00:00Z,1.474,16.3,4.4,Port Kembla,15.840000000000002,SIMP_201812_WP,9,September,59.9,14.4,21.7
2018-09-14T02:00:00Z,1.48,16.5,4.8,Port Kembla,17.28,SIMP_201812_WP,9,September,59.9,14.4,21.7
2018-09-14T03:00:00Z,1.345,16.7,5.8,Port Kembla,20.88,SIMP_201812_WP,9,September,59.9,14.4,21.7
2018-09-14T04:00:00Z,1.115,16.9,6.4,Port Kembla,23.040000000000003,SIMP_201812_WP,9,September,59.9,14.4,21.7
2018-09-14T05:00:00Z,0.856,17,5.3,Port Kembla,19.08,SIMP_201812_WP,9,September,59.9,14.4,21.7
2018-09-14T06:00:00Z,0.62,17.1,4,Port Kembla,14.4,SIMP_201812_WP,9,September,59.9,14.4,21.7
2018-09-14T07:00:00Z,0.47,17.1,3.6,Port Kembla,12.96,SIMP_201812_WP,9,September,59.9,14.4,21.7
2018-09-14T08:00:00Z,0.422,17.1,4.8,Port Kembla,17.28,SIMP_201812_WP,9,September,59.9,14.4,21.7
2018-09-14T09:00:00Z,0.497,17.1,0.1,Port Kembla,0.36000000000000004,SIMP_201812_WP,9,September,59.9,14.4,21.7
2018-09-14T10:00:00Z,0.675,17,0.2,Port Kembla,0.7200000000000001,SIMP_201812_WP,9,September,59.9,14.4,21.7
2018-09-14T11:00:00Z,0.899,16.9,0.2,Port Kembla,0.7200000000000001,SIMP_201812_WP,9,September,59.9,14.4,21.7
2018-09-14T12:00:00Z,1.104,16.9,0.7,Port Kembla,2.52,SIMP_201812_WP,9,September,59.9,14.4,21.7
2018-09-14T13:00:00Z,1.242,16.6,0.4,Port Kembla,1.4400000000000002,SIMP_201812_WP,9,September,59.9,14.4,21.7
2018-09-14T14:00:00Z,1.289,16.5,0,Port Kembla,0,SIMP_201812_WP,9,September,59.9,14.4,21.7
2018-09-14T15:00:00Z,1.211,16.4,0.4,Port Kembla,1.4400000000000002,SIMP_201812_WP,9,September,59.9,14.4,21.7
2018-09-14T16:00:00Z,1.039,16.5,1.3,Port Kembla,4.680000000000001,SIMP_201812_WP,9,September,59.9,14.4,21.7
2018-09-14T17:00:00Z,0.841,16.7,0.1,Port Kembla,0.36000000000000004,SIMP_201812_WP,9,September,59.9,14.4,21.7
2018-09-14T18:00:00Z,0.661,16.6,0.2,Port Kembla,0.7200000000000001,SIMP_201812_WP,9,September,59.9,14.4,21.7
2018-09-14T19:00:00Z,0.532,16.6,0.5,Port Kembla,1.8,SIMP_201812_WP,9,September,59.9,14.4,21.7
2018-09-14T20:00:00Z,0.491,16.6,0.2,Port Kembla,0.7200000000000001,SIMP_201812_WP,9,September,59.9,14.4,21.7
2018-09-14T21:00:00Z,0.572,16.6,0.8,Port Kembla,2.8800000000000003,SIMP_201812_WP,9,September,59.9,14.4,21.7
2018-09-14T22:00:00Z,0.747,16.6,3.9,Port Kembla,14.04,SIMP_201812_WP,9,September,59.9,14.4,21.7
2018-09-14T23:00:00Z,0.974,16.6,4.5,Port Kembla,16.2,SIMP_201812_WP,9,September,59.9,14.4,21.7
2018-09-15T00:00:00Z,1.199,16.7,5,Port Kembla,18,SIMP_201812_WP,9,September,59.9,14.4,21.7
2018-09-15T01:00:00Z,1.385,16.8,4,Port Kembla,14.4,SIMP_201812_WP,9,September,59.9,14.4,21.7
2018-09-15T02:00:00Z,1.483,16.8,5,Port Kembla,18,SIMP_201812_WP,9,September,59.9,14.4,21.7
2018-09-15T03:00:00Z,1.49,16.9,6.1,Port Kembla,21.96,SIMP_201812_WP,9,September,59.9,14.4,21.7
2018-09-15T04:00:00Z,1.354,17,3.8,Port Kembla,13.68,SIMP_201812_WP,9,September,59.9,14.4,21.7
2018-09-15T05:00:00Z,1.146,17.2,9.8,Port Kembla,35.28,SIMP_201812_WP,9,September,59.9,14.4,21.7
2018-09-15T06:00:00Z,0.924,17.3,10.4,Port Kembla,37.440000000000005,SIMP_201812_WP,9,September,59.9,14.4,21.7
2018-09-15T07:00:00Z,0.729,17.5,12.2,Port Kembla,43.92,SIMP_201812_WP,9,September,59.9,14.4,21.7
2018-09-15T08:00:00Z,0.6,17.5,7,Port Kembla,25.2,SIMP_201812_WP,9,September,59.9,14.4,21.7
2018-09-15T09:00:00Z,0.538,17.4,11.4,Port Kembla,41.04,SIMP_201812_WP,9,September,59.9,14.4,21.7
2018-09-15T10:00:00Z,0.578,17.2,10.2,Port Kembla,36.72,SIMP_201812_WP,9,September,59.9,14.4,21.7
2018-09-15T11:00:00Z,0.7,17,9.3,Port Kembla,33.480000000000004,SIMP_201812_WP,9,September,59.9,14.4,21.7
2018-09-15T12:00:00Z,0.866,17,9.3,Port Kembla,33.480000000000004,SIMP_201812_WP,9,September,59.9,14.4,21.7
2018-09-15T13:00:00Z,1.009,16.8,10.4,Port Kembla,37.440000000000005,SIMP_201812_WP,9,September,59.9,14.4,21.7
2018-09-15T14:00:00Z,1.107,16.7,8.6,Port Kembla,30.96,SIMP_201812_WP,9,September,59.9,14.4,21.7
2018-09-15T15:00:00Z,1.121,16.5,4.9,Port Kembla,17.64,SIMP_201812_WP,9,September,59.9,14.4,21.7
2018-09-15T16:00:00Z,1.051,16.5,8.2,Port Kembla,29.52,SIMP_201812_WP,9,September,59.9,14.4,21.7
2018-09-15T17:00:00Z,0.922,16.4,8.9,Port Kembla,32.04,SIMP_201812_WP,9,September,59.9,14.4,21.7
2018-09-15T18:00:00Z,0.758,16.3,6.4,Port Kembla,23.040000000000003,SIMP_201812_WP,9,September,59.9,14.4,21.7
2018-09-15T19:00:00Z,0.625,16,6.8,Port Kembla,24.48,SIMP_201812_WP,9,September,59.9,14.4,21.7
2018-09-15T20:00:00Z,0.525,15.8,7.3,Port Kembla,26.28,SIMP_201812_WP,9,September,59.9,14.4,21.7
2018-09-15T21:00:00Z,0.519,15.7,7.4,Port Kembla,26.64,SIMP_201812_WP,9,September,59.9,14.4,21.7
2018-09-15T22:00:00Z,0.599,15.6,7.7,Port Kembla,27.720000000000002,SIMP_201812_WP,9,September,59.9,14.4,21.7
2018-09-15T23:00:00Z,0.744,15.7,7.8,Port Kembla,28.08,SIMP_201812_WP,9,September,59.9,14.4,21.7
2018-09-16T00:00:00Z,0.937,15.8,4.5,Port Kembla,16.2,SIMP_201812_WP,9,September,59.9,14.4,21.7
2018-09-16T01:00:00Z,1.123,15.9,3.9,Port Kembla,14.04,SIMP_201812_WP,9,September,59.9,14.4,21.7
2018-09-16T02:00:00Z,1.266,15.9,5.7,Port Kembla,20.52,SIMP_201812_WP,9,September,59.9,14.4,21.7
2018-09-16T03:00:00Z,1.335,15.9,5.2,Port Kembla,18.720000000000002,SIMP_201812_WP,9,September,59.9,14.4,21.7
2018-09-16T04:00:00Z,1.307,15.8,4,Port Kembla,14.4,SIMP_201812_WP,9,September,59.9,14.4,21.7
2018-09-16T05:00:00Z,1.176,15.8,5,Port Kembla,18,SIMP_201812_WP,9,September,59.9,14.4,21.7
2018-09-16T06:00:00Z,1.001,15.8,3.6,Port Kembla,12.96,SIMP_201812_WP,9,September,59.9,14.4,21.7
2018-09-16T07:00:00Z,0.814,15.8,3.2,Port Kembla,11.520000000000001,SIMP_201812_WP,9,September,59.9,14.4,21.7
2018-09-16T08:00:00Z,0.65,15.9,2.3,Port Kembla,8.28,SIMP_201812_WP,9,September,59.9,14.4,21.7
2018-09-16T09:00:00Z,0.539,15.9,2,Port Kembla,7.2,SIMP_201812_WP,9,September,59.9,14.4,21.7
2018-09-16T10:00:00Z,0.506,15.9,2.5,Port Kembla,9,SIMP_201812_WP,9,September,59.9,14.4,21.7
2018-09-16T11:00:00Z,0.549,15.9,2.2,Port Kembla,7.920000000000001,SIMP_201812_WP,9,September,59.9,14.4,21.7
2018-09-16T12:00:00Z,0.658,15.9,2.9,Port Kembla,10.44,SIMP_201812_WP,9,September,59.9,14.4,21.7
2018-09-16T13:00:00Z,0.79,15.8,2.4,Port Kembla,8.64,SIMP_201812_WP,9,September,59.9,14.4,21.7
2018-09-16T14:00:00Z,0.927,15.8,2.4,Port Kembla,8.64,SIMP_201812_WP,9,September,59.9,14.4,21.7
2018-09-16T15:00:00Z,1.012,15.7,2.2,Port Kembla,7.920000000000001,SIMP_201812_WP,9,September,59.9,14.4,21.7
2018-09-16T16:00:00Z,1.035,15.7,1.8,Port Kembla,6.48,SIMP_201812_WP,9,September,59.9,14.4,21.7
2018-09-16T17:00:00Z,0.998,15.7,2.1,Port Kembla,7.5600000000000005,SIMP_201812_WP,9,September,59.9,14.4,21.7
2018-09-16T18:00:00Z,0.898,15.6,2,Port Kembla,7.2,SIMP_201812_WP,9,September,59.9,14.4,21.7
2018-09-16T19:00:00Z,0.779,15.9,2.4,Port Kembla,8.64,SIMP_201812_WP,9,September,59.9,14.4,21.7
2018-09-16T20:00:00Z,0.671,15.9,2.4,Port Kembla,8.64,SIMP_201812_WP,9,September,59.9,14.4,21.7
2018-09-16T21:00:00Z,0.619,15.9,2.2,Port Kembla,7.920000000000001,SIMP_201812_WP,9,September,59.9,14.4,21.7
2018-09-16T22:00:00Z,0.631,16,1.5,Port Kembla,5.4,SIMP_201812_WP,9,September,59.9,14.4,21.7
2018-09-16T23:00:00Z,0.702,16,1.2,Port Kembla,4.32,SIMP_201812_WP,9,September,59.9,14.4,21.7
2018-09-17T00:00:00Z,0.842,16.1,2.1,Port Kembla,7.5600000000000005,SIMP_201812_WP,9,September,59.9,14.4,21.7
2018-09-17T01:00:00Z,1.008,16.1,3.3,Port Kembla,11.879999999999999,SIMP_201812_WP,9,September,59.9,14.4,21.7
2018-09-17T02:00:00Z,1.172,16.1,3.9,Port Kembla,14.04,SIMP_201812_WP,9,September,59.9,14.4,21.7
2018-09-17T03:00:00Z,1.303,16.1,5.4,Port Kembla,19.44,SIMP_201812_WP,9,September,59.9,14.4,21.7
2018-09-17T04:00:00Z,1.36,16.2,6,Port Kembla,21.6,SIMP_201812_WP,9,September,59.9,14.4,21.7
2018-09-17T05:00:00Z,1.329,16.5,6.7,Port Kembla,24.12,SIMP_201812_WP,9,September,59.9,14.4,21.7
2018-09-17T06:00:00Z,1.227,16.6,7.1,Port Kembla,25.56,SIMP_201812_WP,9,September,59.9,14.4,21.7
2018-09-17T07:00:00Z,1.07,16.6,8.2,Port Kembla,29.52,SIMP_201812_WP,9,September,59.9,14.4,21.7
2018-09-17T08:00:00Z,0.887,16.6,7.6,Port Kembla,27.36,SIMP_201812_WP,9,September,59.9,14.4,21.7
2018-09-17T09:00:00Z,0.725,16.6,7.4,Port Kembla,26.64,SIMP_201812_WP,9,September,59.9,14.4,21.7
2018-09-17T10:00:00Z,0.607,16.6,2.8,Port Kembla,10.08,SIMP_201812_WP,9,September,59.9,14.4,21.7
2018-09-17T11:00:00Z,0.552,16.5,2.6,Port Kembla,9.360000000000001,SIMP_201812_WP,9,September,59.9,14.4,21.7
2018-09-17T12:00:00Z,0.577,16.5,3.1,Port Kembla,11.16,SIMP_201812_WP,9,September,59.9,14.4,21.7
2018-09-17T13:00:00Z,0.653,16.5,2.6,Port Kembla,9.360000000000001,SIMP_201812_WP,9,September,59.9,14.4,21.7
2018-09-17T14:00:00Z,0.769,16.5,3.8,Port Kembla,13.68,SIMP_201812_WP,9,September,59.9,14.4,21.7
2018-09-17T15:00:00Z,0.883,16.5,3.4,Port Kembla,12.24,SIMP_201812_WP,9,September,59.9,14.4,21.7
2018-09-17T16:00:00Z,0.959,16.4,3.6,Port Kembla,12.96,SIMP_201812_WP,9,September,59.9,14.4,21.7
2018-09-17T17:00:00Z,0.987,16.4,3.5,Port Kembla,12.6,SIMP_201812_WP,9,September,59.9,14.4,21.7
2018-09-17T18:00:00Z,0.955,16.3,6.6,Port Kembla,23.759999999999998,SIMP_201812_WP,9,September,59.9,14.4,21.7
2018-09-17T19:00:00Z,0.875,16.2,4.2,Port Kembla,15.120000000000001,SIMP_201812_WP,9,September,59.9,14.4,21.7
2018-09-17T20:00:00Z,0.765,16.2,4.3,Port Kembla,15.48,SIMP_201812_WP,9,September,59.9,14.4,21.7
2018-09-17T21:00:00Z,0.67,16.2,2.7,Port Kembla,9.72,SIMP_201812_WP,9,September,59.9,14.4,21.7
2018-09-17T22:00:00Z,0.619,16.2,1.9,Port Kembla,6.84,SIMP_201812_WP,9,September,59.9,14.4,21.7
2018-09-17T23:00:00Z,0.617,16.2,3.4,Port Kembla,12.24,SIMP_201812_WP,9,September,59.9,14.4,21.7
2018-09-18T00:00:00Z,0.681,16.2,5.1,Port Kembla,18.36,SIMP_201812_WP,9,September,59.9,14.4,21.7
2018-09-18T01:00:00Z,0.81,16.3,5.1,Port Kembla,18.36,SIMP_201812_WP,9,September,59.9,14.4,21.7
2018-09-18T02:00:00Z,0.966,16.4,7.1,Port Kembla,25.56,SIMP_201812_WP,9,September,59.9,14.4,21.7
2018-09-18T03:00:00Z,1.135,16.5,8.8,Port Kembla,31.680000000000003,SIMP_201812_WP,9,September,59.9,14.4,21.7
2018-09-18T04:00:00Z,1.26,16.6,8.7,Port Kembla,31.319999999999997,SIMP_201812_WP,9,September,59.9,14.4,21.7
2018-09-18T05:00:00Z,1.311,16.7,8.1,Port Kembla,29.16,SIMP_201812_WP,9,September,59.9,14.4,21.7
2018-09-18T06:00:00Z,1.29,16.7,8.7,Port Kembla,31.319999999999997,SIMP_201812_WP,9,September,59.9,14.4,21.7
2018-09-18T07:00:00Z,1.191,16.7,8.6,Port Kembla,30.96,SIMP_201812_WP,9,September,59.9,14.4,21.7
2018-09-18T08:00:00Z,1.036,16.7,8.7,Port Kembla,31.319999999999997,SIMP_201812_WP,9,September,59.9,14.4,21.7
2018-09-18T09:00:00Z,0.848,16.8,6.2,Port Kembla,22.32,SIMP_201812_WP,9,September,59.9,14.4,21.7
2018-09-18T10:00:00Z,0.673,16.7,3.7,Port Kembla,13.32,SIMP_201812_WP,9,September,59.9,14.4,21.7
2018-09-18T11:00:00Z,0.553,16.7,0.2,Port Kembla,0.7200000000000001,SIMP_201812_WP,9,September,59.9,14.4,21.7
2018-09-18T12:00:00Z,0.498,16.6,0.2,Port Kembla,0.7200000000000001,SIMP_201812_WP,9,September,59.9,14.4,21.7
2018-09-18T13:00:00Z,0.524,16.5,0.8,Port Kembla,2.8800000000000003,SIMP_201812_WP,9,September,59.9,14.4,21.7
2018-09-18T14:00:00Z,0.616,16.5,0.7,Port Kembla,2.52,SIMP_201812_WP,9,September,59.9,14.4,21.7
2018-09-18T15:00:00Z,0.737,16.5,0.4,Port Kembla,1.4400000000000002,SIMP_201812_WP,9,September,59.9,14.4,21.7
2018-09-18T16:00:00Z,0.87,16.4,0.1,Port Kembla,0.36000000000000004,SIMP_201812_WP,9,September,59.9,14.4,21.7
2018-09-18T17:00:00Z,0.979,16.4,0.8,Port Kembla,2.8800000000000003,SIMP_201812_WP,9,September,59.9,14.4,21.7
2018-09-18T18:00:00Z,1.04,16.3,1.1,Port Kembla,3.9600000000000004,SIMP_201812_WP,9,September,59.9,14.4,21.7
2018-09-18T19:00:00Z,1.021,16.3,1.3,Port Kembla,4.680000000000001,SIMP_201812_WP,9,September,59.9,14.4,21.7
2018-09-18T20:00:00Z,0.957,16.3,0.8,Port Kembla,2.8800000000000003,SIMP_201812_WP,9,September,59.9,14.4,21.7
2018-09-18T21:00:00Z,0.861,16.4,0.2,Port Kembla,0.7200000000000001,SIMP_201812_WP,9,September,59.9,14.4,21.7
2018-09-18T22:00:00Z,0.753,16.3,2.3,Port Kembla,8.28,SIMP_201812_WP,9,September,59.9,14.4,21.7
2018-09-18T23:00:00Z,0.688,16.3,2.7,Port Kembla,9.72,SIMP_201812_WP,9,September,59.9,14.4,21.7
2018-09-19T00:00:00Z,0.694,16.4,8.3,Port Kembla,29.880000000000003,SIMP_201812_WP,9,September,59.9,14.4,21.7
2018-09-19T01:00:00Z,0.758,16.4,4.8,Port Kembla,17.28,SIMP_201812_WP,9,September,59.9,14.4,21.7
2018-09-19T02:00:00Z,0.883,16.7,11.3,Port Kembla,40.68000000000001,SIMP_201812_WP,9,September,59.9,14.4,21.7
2018-09-19T03:00:00Z,1.043,16.7,12.7,Port Kembla,45.72,SIMP_201812_WP,9,September,59.9,14.4,21.7
2018-09-19T04:00:00Z,1.201,17,11,Port Kembla,39.6,SIMP_201812_WP,9,September,59.9,14.4,21.7
2018-09-19T05:00:00Z,1.329,17,7.4,Port Kembla,26.64,SIMP_201812_WP,9,September,59.9,14.4,21.7
2018-09-19T06:00:00Z,1.382,16.9,7.3,Port Kembla,26.28,SIMP_201812_WP,9,September,59.9,14.4,21.7
2018-09-19T07:00:00Z,1.357,16.9,9.4,Port Kembla,33.84,SIMP_201812_WP,9,September,59.9,14.4,21.7
2018-09-19T08:00:00Z,1.241,16.8,5.2,Port Kembla,18.720000000000002,SIMP_201812_WP,9,September,59.9,14.4,21.7
2018-09-19T09:00:00Z,1.058,16.3,5.1,Port Kembla,18.36,SIMP_201812_WP,9,September,59.9,14.4,21.7
2018-09-19T10:00:00Z,0.852,16.3,3.3,Port Kembla,11.879999999999999,SIMP_201812_WP,9,September,59.9,14.4,21.7
2018-09-19T11:00:00Z,0.664,16.2,3.2,Port Kembla,11.520000000000001,SIMP_201812_WP,9,September,59.9,14.4,21.7
2018-09-19T12:00:00Z,0.518,16.1,3.4,Port Kembla,12.24,SIMP_201812_WP,9,September,59.9,14.4,21.7
2018-09-19T13:00:00Z,0.453,16.2,3.1,Port Kembla,11.16,SIMP_201812_WP,9,September,59.9,14.4,21.7
2018-09-19T14:00:00Z,0.478,16.2,1.9,Port Kembla,6.84,SIMP_201812_WP,9,September,59.9,14.4,21.7
2018-09-19T15:00:00Z,0.582,16.2,2.3,Port Kembla,8.28,SIMP_201812_WP,9,September,59.9,14.4,21.7
2018-09-19T16:00:00Z,0.726,16.2,3.2,Port Kembla,11.520000000000001,SIMP_201812_WP,9,September,59.9,14.4,21.7
2018-09-19T17:00:00Z,0.886,16.1,3,Port Kembla,10.8,SIMP_201812_WP,9,September,59.9,14.4,21.7
2018-09-19T18:00:00Z,1.006,16.1,2.1,Port Kembla,7.5600000000000005,SIMP_201812_WP,9,September,59.9,14.4,21.7
2018-09-19T19:00:00Z,1.055,16,3.3,Port Kembla,11.879999999999999,SIMP_201812_WP,9,September,59.9,14.4,21.7
2018-09-19T20:00:00Z,1.021,15.9,2.9,Port Kembla,10.44,SIMP_201812_WP,9,September,59.9,14.4,21.7
2018-09-19T21:00:00Z,0.931,15.8,3.7,Port Kembla,13.32,SIMP_201812_WP,9,September,59.9,14.4,21.7
2018-09-19T22:00:00Z,0.803,15.9,4.4,Port Kembla,15.840000000000002,SIMP_201812_WP,9,September,59.9,14.4,21.7
2018-09-19T23:00:00Z,0.674,15.9,4.2,Port Kembla,15.120000000000001,SIMP_201812_WP,9,September,59.9,14.4,21.7
2018-09-20T00:00:00Z,0.593,15.9,4,Port Kembla,14.4,SIMP_201812_WP,9,September,59.9,14.4,21.7
2018-09-20T01:00:00Z,0.582,15.9,4,Port Kembla,14.4,SIMP_201812_WP,9,September,59.9,14.4,21.7
2018-09-20T02:00:00Z,0.651,15.9,4.7,Port Kembla,16.92,SIMP_201812_WP,9,September,59.9,14.4,21.7
2018-09-20T03:00:00Z,0.805,15.9,3.8,Port Kembla,13.68,SIMP_201812_WP,9,September,59.9,14.4,21.7
2018-09-20T04:00:00Z,0.99,15.8,4.3,Port Kembla,15.48,SIMP_201812_WP,9,September,59.9,14.4,21.7
2018-09-20T05:00:00Z,1.176,15.7,3.6,Port Kembla,12.96,SIMP_201812_WP,9,September,59.9,14.4,21.7
2018-09-20T06:00:00Z,1.312,15.7,3.2,Port Kembla,11.520000000000001,SIMP_201812_WP,9,September,59.9,14.4,21.7
2018-09-20T07:00:00Z,1.366,15.7,3,Port Kembla,10.8,SIMP_201812_WP,9,September,59.9,14.4,21.7
2018-09-20T08:00:00Z,1.324,15.7,1.5,Port Kembla,5.4,SIMP_201812_WP,9,September,59.9,14.4,21.7
2018-09-20T09:00:00Z,1.184,15.7,0.6,Port Kembla,2.16,SIMP_201812_WP,9,September,59.9,14.4,21.7
2018-09-20T10:00:00Z,0.971,15.7,2.2,Port Kembla,7.920000000000001,SIMP_201812_WP,9,September,59.9,14.4,21.7
2018-09-20T11:00:00Z,0.733,15.7,3.1,Port Kembla,11.16,SIMP_201812_WP,9,September,59.9,14.4,21.7
2018-09-20T12:00:00Z,0.517,15.7,2.4,Port Kembla,8.64,SIMP_201812_WP,9,September,59.9,14.4,21.7
2018-09-20T13:00:00Z,0.369,15.7,2.2,Port Kembla,7.920000000000001,SIMP_201812_WP,9,September,59.9,14.4,21.7
2018-09-20T14:00:00Z,0.325,15.7,2.2,Port Kembla,7.920000000000001,SIMP_201812_WP,9,September,59.9,14.4,21.7
2018-09-20T15:00:00Z,0.384,15.8,2.6,Port Kembla,9.360000000000001,SIMP_201812_WP,9,September,59.9,14.4,21.7
2018-09-20T16:00:00Z,0.523,15.8,2.8,Port Kembla,10.08,SIMP_201812_WP,9,September,59.9,14.4,21.7
2018-09-20T17:00:00Z,0.714,15.9,2.3,Port Kembla,8.28,SIMP_201812_WP,9,September,59.9,14.4,21.7
2018-09-20T18:00:00Z,0.897,15.9,2,Port Kembla,7.2,SIMP_201812_WP,9,September,59.9,14.4,21.7
2018-09-20T19:00:00Z,1.018,15.9,1.4,Port Kembla,5.04,SIMP_201812_WP,9,September,59.9,14.4,21.7
2018-09-20T20:00:00Z,1.048,15.9,2,Port Kembla,7.2,SIMP_201812_WP,9,September,59.9,14.4,21.7
2018-09-20T21:00:00Z,0.987,15.8,1.9,Port Kembla,6.84,SIMP_201812_WP,9,September,59.9,14.4,21.7
2018-09-20T22:00:00Z,0.855,15.8,1.8,Port Kembla,6.48,SIMP_201812_WP,9,September,59.9,14.4,21.7
2018-09-20T23:00:00Z,0.684,15.9,1.9,Port Kembla,6.84,SIMP_201812_WP,9,September,59.9,14.4,21.7
2018-09-21T00:00:00Z,0.532,16,2,Port Kembla,7.2,SIMP_201812_WP,9,September,59.9,14.4,21.7
2018-09-21T01:00:00Z,0.441,16.1,2.1,Port Kembla,7.5600000000000005,SIMP_201812_WP,9,September,59.9,14.4,21.7
2018-09-21T02:00:00Z,0.441,16.1,2.9,Port Kembla,10.44,SIMP_201812_WP,9,September,59.9,14.4,21.7
2018-09-21T03:00:00Z,0.547,16.2,3,Port Kembla,10.8,SIMP_201812_WP,9,September,59.9,14.4,21.7
2018-09-21T04:00:00Z,0.728,16.3,2.9,Port Kembla,10.44,SIMP_201812_WP,9,September,59.9,14.4,21.7
2018-09-21T05:00:00Z,0.946,16.6,3,Port Kembla,10.8,SIMP_201812_WP,9,September,59.9,14.4,21.7
2018-09-21T06:00:00Z,1.155,16.7,2.8,Port Kembla,10.08,SIMP_201812_WP,9,September,59.9,14.4,21.7
2018-09-21T07:00:00Z,1.296,16.7,3.8,Port Kembla,13.68,SIMP_201812_WP,9,September,59.9,14.4,21.7
2018-09-21T08:00:00Z,1.337,16.7,2.9,Port Kembla,10.44,SIMP_201812_WP,9,September,59.9,14.4,21.7
2018-09-21T09:00:00Z,1.256,16.7,1.9,Port Kembla,6.84,SIMP_201812_WP,9,September,59.9,14.4,21.7
2018-09-21T10:00:00Z,1.069,16.7,1.8,Port Kembla,6.48,SIMP_201812_WP,9,September,59.9,14.4,21.7
2018-09-21T11:00:00Z,0.821,16.7,1.3,Port Kembla,4.680000000000001,SIMP_201812_WP,9,September,59.9,14.4,21.7
2018-09-21T12:00:00Z,0.561,16.3,1.3,Port Kembla,4.680000000000001,SIMP_201812_WP,9,September,59.9,14.4,21.7
2018-09-21T13:00:00Z,0.351,16.3,0.8,Port Kembla,2.8800000000000003,SIMP_201812_WP,9,September,59.9,14.4,21.7
2018-09-21T14:00:00Z,0.234,16.3,1.8,Port Kembla,6.48,SIMP_201812_WP,9,September,59.9,14.4,21.7
2018-09-21T15:00:00Z,0.236,16.3,1.2,Port Kembla,4.32,SIMP_201812_WP,9,September,59.9,14.4,21.7
2018-09-21T16:00:00Z,0.351,16.3,0.5,Port Kembla,1.8,SIMP_201812_WP,9,September,59.9,14.4,21.7
2018-09-21T17:00:00Z,0.548,16.3,1.2,Port Kembla,4.32,SIMP_201812_WP,9,September,59.9,14.4,21.7
2018-09-21T18:00:00Z,0.783,16.3,1.2,Port Kembla,4.32,SIMP_201812_WP,9,September,59.9,14.4,21.7
2018-09-21T19:00:00Z,0.969,16.2,2.2,Port Kembla,7.920000000000001,SIMP_201812_WP,9,September,59.9,14.4,21.7
2018-09-21T20:00:00Z,1.077,16.2,4.2,Port Kembla,15.120000000000001,SIMP_201812_WP,9,September,59.9,14.4,21.7
2018-09-21T21:00:00Z,1.086,16.1,0.6,Port Kembla,2.16,SIMP_201812_WP,9,September,59.9,14.4,21.7
2018-09-21T22:00:00Z,0.982,16.1,1.5,Port Kembla,5.4,SIMP_201812_WP,9,September,59.9,14.4,21.7
2018-09-21T23:00:00Z,0.807,16.1,3.1,Port Kembla,11.16,SIMP_201812_WP,9,September,59.9,14.4,21.7
2018-09-22T00:00:00Z,0.616,16.2,3.6,Port Kembla,12.96,SIMP_201812_WP,9,September,59.9,14.4,21.7
2018-09-22T01:00:00Z,0.453,16.3,6.1,Port Kembla,21.96,SIMP_201812_WP,9,September,59.9,14.4,21.7
2018-09-22T02:00:00Z,0.391,16.5,5.9,Port Kembla,21.240000000000002,SIMP_201812_WP,9,September,59.9,14.4,21.7
2018-09-22T03:00:00Z,0.438,16.6,6.4,Port Kembla,23.040000000000003,SIMP_201812_WP,9,September,59.9,14.4,21.7
2018-09-22T04:00:00Z,0.584,16.7,6.3,Port Kembla,22.68,SIMP_201812_WP,9,September,59.9,14.4,21.7
2018-09-22T05:00:00Z,0.816,16.7,5.2,Port Kembla,18.720000000000002,SIMP_201812_WP,9,September,59.9,14.4,21.7
2018-09-22T06:00:00Z,1.074,16.6,3.7,Port Kembla,13.32,SIMP_201812_WP,9,September,59.9,14.4,21.7
2018-09-22T07:00:00Z,1.295,16.7,3.7,Port Kembla,13.32,SIMP_201812_WP,9,September,59.9,14.4,21.7
2018-09-22T08:00:00Z,1.429,16.6,3,Port Kembla,10.8,SIMP_201812_WP,9,September,59.9,14.4,21.7
2018-09-22T09:00:00Z,1.441,16.3,1.8,Port Kembla,6.48,SIMP_201812_WP,9,September,59.9,14.4,21.7
2018-09-22T10:00:00Z,1.321,16.3,0.3,Port Kembla,1.08,SIMP_201812_WP,9,September,59.9,14.4,21.7
2018-09-22T11:00:00Z,1.08,16.4,0.5,Port Kembla,1.8,SIMP_201812_WP,9,September,59.9,14.4,21.7
2018-09-22T12:00:00Z,0.783,16.3,2.2,Port Kembla,7.920000000000001,SIMP_201812_WP,9,September,59.9,14.4,21.7
2018-09-22T13:00:00Z,0.511,16.3,2.3,Port Kembla,8.28,SIMP_201812_WP,9,September,59.9,14.4,21.7
2018-09-22T14:00:00Z,0.32,16.3,3.7,Port Kembla,13.32,SIMP_201812_WP,9,September,59.9,14.4,21.7
2018-09-22T15:00:00Z,0.246,16.2,2.8,Port Kembla,10.08,SIMP_201812_WP,9,September,59.9,14.4,21.7
2018-09-22T16:00:00Z,0.298,16.2,3.7,Port Kembla,13.32,SIMP_201812_WP,9,September,59.9,14.4,21.7
2018-09-22T17:00:00Z,0.475,16.2,3.9,Port Kembla,14.04,SIMP_201812_WP,9,September,59.9,14.4,21.7
2018-09-22T18:00:00Z,0.719,16.2,4.3,Port Kembla,15.48,SIMP_201812_WP,9,September,59.9,14.4,21.7
2018-09-22T19:00:00Z,0.96,16.1,4.2,Port Kembla,15.120000000000001,SIMP_201812_WP,9,September,59.9,14.4,21.7
2018-09-22T20:00:00Z,1.148,16,4.2,Port Kembla,15.120000000000001,SIMP_201812_WP,9,September,59.9,14.4,21.7
2018-09-22T21:00:00Z,1.221,16,4,Port Kembla,14.4,SIMP_201812_WP,9,September,59.9,14.4,21.7
2018-09-22T22:00:00Z,1.173,16,4.8,Port Kembla,17.28,SIMP_201812_WP,9,September,59.9,14.4,21.7
2018-09-22T23:00:00Z,1.009,16,3.7,Port Kembla,13.32,SIMP_201812_WP,9,September,59.9,14.4,21.7
2018-09-23T00:00:00Z,0.775,16,3.7,Port Kembla,13.32,SIMP_201812_WP,9,September,59.9,14.4,21.7
2018-09-23T01:00:00Z,0.548,16,3.3,Port Kembla,11.879999999999999,SIMP_201812_WP,9,September,59.9,14.4,21.7
2018-09-23T02:00:00Z,0.387,16,4.1,Port Kembla,14.76,SIMP_201812_WP,9,September,59.9,14.4,21.7
2018-09-23T03:00:00Z,0.338,16,3.5,Port Kembla,12.6,SIMP_201812_WP,9,September,59.9,14.4,21.7
2018-09-23T04:00:00Z,0.419,16.1,4.1,Port Kembla,14.76,SIMP_201812_WP,9,September,59.9,14.4,21.7
2018-09-23T05:00:00Z,0.607,16.1,3.6,Port Kembla,12.96,SIMP_201812_WP,9,September,59.9,14.4,21.7
2018-09-23T06:00:00Z,0.878,16.1,3.6,Port Kembla,12.96,SIMP_201812_WP,9,September,59.9,14.4,21.7
2018-09-23T07:00:00Z,1.149,16.1,3.2,Port Kembla,11.520000000000001,SIMP_201812_WP,9,September,59.9,14.4,21.7
2018-09-23T08:00:00Z,1.356,16,3,Port Kembla,10.8,SIMP_201812_WP,9,September,59.9,14.4,21.7
2018-09-23T09:00:00Z,1.45,15.8,4.3,Port Kembla,15.48,SIMP_201812_WP,9,September,59.9,14.4,21.7
2018-09-23T10:00:00Z,1.404,15.8,5,Port Kembla,18,SIMP_201812_WP,9,September,59.9,14.4,21.7
2018-09-23T11:00:00Z,1.208,15.8,4.3,Port Kembla,15.48,SIMP_201812_WP,9,September,59.9,14.4,21.7
2018-09-23T12:00:00Z,0.917,15.8,4.9,Port Kembla,17.64,SIMP_201812_WP,9,September,59.9,14.4,21.7
2018-09-23T13:00:00Z,0.612,15.8,4.1,Port Kembla,14.76,SIMP_201812_WP,9,September,59.9,14.4,21.7
2018-09-23T14:00:00Z,0.349,15.8,3.8,Port Kembla,13.68,SIMP_201812_WP,9,September,59.9,14.4,21.7
2018-09-23T15:00:00Z,0.19,15.7,5,Port Kembla,18,SIMP_201812_WP,9,September,59.9,14.4,21.7
2018-09-23T16:00:00Z,0.165,15.7,5.8,Port Kembla,20.88,SIMP_201812_WP,9,September,59.9,14.4,21.7
2018-09-23T17:00:00Z,0.286,15.7,5.1,Port Kembla,18.36,SIMP_201812_WP,9,September,59.9,14.4,21.7
2018-09-23T18:00:00Z,0.519,15.7,6,Port Kembla,21.6,SIMP_201812_WP,9,September,59.9,14.4,21.7
2018-09-23T19:00:00Z,0.796,15.7,4.8,Port Kembla,17.28,SIMP_201812_WP,9,September,59.9,14.4,21.7
2018-09-23T20:00:00Z,1.042,15.7,5.7,Port Kembla,20.52,SIMP_201812_WP,9,September,59.9,14.4,21.7
2018-09-23T21:00:00Z,1.196,15.7,5.5,Port Kembla,19.8,SIMP_201812_WP,9,September,59.9,14.4,21.7
2018-09-23T22:00:00Z,1.226,15.6,6.3,Port Kembla,22.68,SIMP_201812_WP,9,September,59.9,14.4,21.7
2018-09-23T23:00:00Z,1.12,15.7,5.2,Port Kembla,18.720000000000002,SIMP_201812_WP,9,September,59.9,14.4,21.7
2018-09-24T00:00:00Z,0.894,15.7,4.5,Port Kembla,16.2,SIMP_201812_WP,9,September,59.9,14.4,21.7
2018-09-24T01:00:00Z,0.625,15.7,4.8,Port Kembla,17.28,SIMP_201812_WP,9,September,59.9,14.4,21.7
2018-09-24T02:00:00Z,0.393,15.7,4.2,Port Kembla,15.120000000000001,SIMP_201812_WP,9,September,59.9,14.4,21.7
2018-09-24T03:00:00Z,0.261,15.8,3.9,Port Kembla,14.04,SIMP_201812_WP,9,September,59.9,14.4,21.7
2018-09-24T04:00:00Z,0.246,15.8,3.6,Port Kembla,12.96,SIMP_201812_WP,9,September,59.9,14.4,21.7
2018-09-24T05:00:00Z,0.372,15.8,3.7,Port Kembla,13.32,SIMP_201812_WP,9,September,59.9,14.4,21.7
2018-09-24T06:00:00Z,0.62,15.8,3,Port Kembla,10.8,SIMP_201812_WP,9,September,59.9,14.4,21.7
2018-09-24T07:00:00Z,0.923,15.8,2.1,Port Kembla,7.5600000000000005,SIMP_201812_WP,9,September,59.9,14.4,21.7
2018-09-24T08:00:00Z,1.196,15.7,3.6,Port Kembla,12.96,SIMP_201812_WP,9,September,59.9,14.4,21.7
2018-09-24T09:00:00Z,1.389,15.7,3,Port Kembla,10.8,SIMP_201812_WP,9,September,59.9,14.4,21.7
2018-09-24T10:00:00Z,1.435,15.7,2.6,Port Kembla,9.360000000000001,SIMP_201812_WP,9,September,59.9,14.4,21.7
2018-09-24T11:00:00Z,1.331,15.7,2.3,Port Kembla,8.28,SIMP_201812_WP,9,September,59.9,14.4,21.7
2018-09-24T12:00:00Z,1.082,15.7,2.2,Port Kembla,7.920000000000001,SIMP_201812_WP,9,September,59.9,14.4,21.7
2018-09-24T13:00:00Z,0.761,15.8,2.2,Port Kembla,7.920000000000001,SIMP_201812_WP,9,September,59.9,14.4,21.7
2018-09-24T14:00:00Z,0.454,15.9,2.4,Port Kembla,8.64,SIMP_201812_WP,9,September,59.9,14.4,21.7
2018-09-24T15:00:00Z,0.221,16.1,3.3,Port Kembla,11.879999999999999,SIMP_201812_WP,9,September,59.9,14.4,21.7
2018-09-24T16:00:00Z,0.113,16.1,2,Port Kembla,7.2,SIMP_201812_WP,9,September,59.9,14.4,21.7
2018-09-24T17:00:00Z,0.161,16.1,2.8,Port Kembla,10.08,SIMP_201812_WP,9,September,59.9,14.4,21.7
2018-09-24T18:00:00Z,0.352,16.1,2.1,Port Kembla,7.5600000000000005,SIMP_201812_WP,9,September,59.9,14.4,21.7
2018-09-24T19:00:00Z,0.632,16.1,2.6,Port Kembla,9.360000000000001,SIMP_201812_WP,9,September,59.9,14.4,21.7
2018-09-24T20:00:00Z,0.925,16.1,2,Port Kembla,7.2,SIMP_201812_WP,9,September,59.9,14.4,21.7
2018-09-24T21:00:00Z,1.15,16,2.4,Port Kembla,8.64,SIMP_201812_WP,9,September,59.9,14.4,21.7
2018-09-24T22:00:00Z,1.256,16,2.9,Port Kembla,10.44,SIMP_201812_WP,9,September,59.9,14.4,21.7
2018-09-24T23:00:00Z,1.217,16,1.9,Port Kembla,6.84,SIMP_201812_WP,9,September,59.9,14.4,21.7
2018-09-25T00:00:00Z,1.042,16,3.1,Port Kembla,11.16,SIMP_201812_WP,9,September,59.9,14.4,21.7
2018-09-25T01:00:00Z,0.774,16,3.5,Port Kembla,12.6,SIMP_201812_WP,9,September,59.9,14.4,21.7
2018-09-25T02:00:00Z,0.5,16.1,2.8,Port Kembla,10.08,SIMP_201812_WP,9,September,59.9,14.4,21.7
2018-09-25T03:00:00Z,0.288,16.1,3.5,Port Kembla,12.6,SIMP_201812_WP,9,September,59.9,14.4,21.7
2018-09-25T04:00:00Z,0.177,16.1,2.7,Port Kembla,9.72,SIMP_201812_WP,9,September,59.9,14.4,21.7
2018-09-25T05:00:00Z,0.218,16.6,3,Port Kembla,10.8,SIMP_201812_WP,9,September,59.9,14.4,21.7
2018-09-25T06:00:00Z,0.407,16.6,3.4,Port Kembla,12.24,SIMP_201812_WP,9,September,59.9,14.4,21.7
2018-09-25T07:00:00Z,0.701,16.5,3.3,Port Kembla,11.879999999999999,SIMP_201812_WP,9,September,59.9,14.4,21.7
2018-09-25T08:00:00Z,1.008,16.6,3.7,Port Kembla,13.32,SIMP_201812_WP,9,September,59.9,14.4,21.7
2018-09-25T09:00:00Z,1.263,16.5,4.1,Port Kembla,14.76,SIMP_201812_WP,9,September,59.9,14.4,21.7
2018-09-25T10:00:00Z,1.401,16.6,3.7,Port Kembla,13.32,SIMP_201812_WP,9,September,59.9,14.4,21.7
2018-09-25T11:00:00Z,1.387,16.5,4,Port Kembla,14.4,SIMP_201812_WP,9,September,59.9,14.4,21.7
2018-09-25T12:00:00Z,1.224,16.5,3.8,Port Kembla,13.68,SIMP_201812_WP,9,September,59.9,14.4,21.7
2018-09-25T13:00:00Z,0.933,16.5,1.7,Port Kembla,6.12,SIMP_201812_WP,9,September,59.9,14.4,21.7
2018-09-25T14:00:00Z,0.614,16.4,1.2,Port Kembla,4.32,SIMP_201812_WP,9,September,59.9,14.4,21.7
2018-09-25T15:00:00Z,0.332,16.4,1.6,Port Kembla,5.760000000000001,SIMP_201812_WP,9,September,59.9,14.4,21.7
2018-09-25T16:00:00Z,0.157,16.4,2,Port Kembla,7.2,SIMP_201812_WP,9,September,59.9,14.4,21.7
2018-09-25T17:00:00Z,0.127,16.4,2.1,Port Kembla,7.5600000000000005,SIMP_201812_WP,9,September,59.9,14.4,21.7
2018-09-25T18:00:00Z,0.25,16.3,2.4,Port Kembla,8.64,SIMP_201812_WP,9,September,59.9,14.4,21.7
2018-09-25T19:00:00Z,0.509,16.3,2.9,Port Kembla,10.44,SIMP_201812_WP,9,September,59.9,14.4,21.7
2018-09-25T20:00:00Z,0.809,16.3,2.2,Port Kembla,7.920000000000001,SIMP_201812_WP,9,September,59.9,14.4,21.7
2018-09-25T21:00:00Z,1.085,16.3,0.9,Port Kembla,3.24,SIMP_201812_WP,9,September,59.9,14.4,21.7
2018-09-25T22:00:00Z,1.279,16.3,0.2,Port Kembla,0.7200000000000001,SIMP_201812_WP,9,September,59.9,14.4,21.7
2018-09-25T23:00:00Z,1.325,16.3,2.7,Port Kembla,9.72,SIMP_201812_WP,9,September,59.9,14.4,21.7
2018-09-26T00:00:00Z,1.22,16.3,3.4,Port Kembla,12.24,SIMP_201812_WP,9,September,59.9,14.4,21.7
2018-09-26T01:00:00Z,0.971,16.2,4.8,Port Kembla,17.28,SIMP_201812_WP,9,September,59.9,14.4,21.7
2018-09-26T02:00:00Z,0.671,16.2,4.4,Port Kembla,15.840000000000002,SIMP_201812_WP,9,September,59.9,14.4,21.7
2018-09-26T03:00:00Z,0.396,16.1,2.4,Port Kembla,8.64,SIMP_201812_WP,9,September,59.9,14.4,21.7
2018-09-26T04:00:00Z,0.206,16.1,2.7,Port Kembla,9.72,SIMP_201812_WP,9,September,59.9,14.4,21.7
2018-09-26T05:00:00Z,0.149,16.2,2,Port Kembla,7.2,SIMP_201812_WP,9,September,59.9,14.4,21.7
2018-09-26T06:00:00Z,0.25,16.3,2.3,Port Kembla,8.28,SIMP_201812_WP,9,September,59.9,14.4,21.7
2018-09-26T07:00:00Z,0.479,16.3,1.3,Port Kembla,4.680000000000001,SIMP_201812_WP,9,September,59.9,14.4,21.7
2018-09-26T08:00:00Z,0.789,16.3,1.1,Port Kembla,3.9600000000000004,SIMP_201812_WP,9,September,59.9,14.4,21.7
2018-09-26T09:00:00Z,1.091,16.2,1.7,Port Kembla,6.12,SIMP_201812_WP,9,September,59.9,14.4,21.7
2018-09-26T10:00:00Z,1.313,16.2,2,Port Kembla,7.2,SIMP_201812_WP,9,September,59.9,14.4,21.7
2018-09-26T11:00:00Z,1.405,16.2,2,Port Kembla,7.2,SIMP_201812_WP,9,September,59.9,14.4,21.7
2018-09-26T12:00:00Z,1.339,16.2,1.6,Port Kembla,5.760000000000001,SIMP_201812_WP,9,September,59.9,14.4,21.7
2018-09-26T13:00:00Z,1.122,16.1,1.9,Port Kembla,6.84,SIMP_201812_WP,9,September,59.9,14.4,21.7
2018-09-26T14:00:00Z,0.819,16.1,2.1,Port Kembla,7.5600000000000005,SIMP_201812_WP,9,September,59.9,14.4,21.7
2018-09-26T15:00:00Z,0.512,16.1,2.1,Port Kembla,7.5600000000000005,SIMP_201812_WP,9,September,59.9,14.4,21.7
2018-09-26T16:00:00Z,0.289,16.1,2,Port Kembla,7.2,SIMP_201812_WP,9,September,59.9,14.4,21.7
2018-09-26T17:00:00Z,0.174,16.1,2,Port Kembla,7.2,SIMP_201812_WP,9,September,59.9,14.4,21.7
2018-09-26T18:00:00Z,0.209,16.1,2.7,Port Kembla,9.72,SIMP_201812_WP,9,September,59.9,14.4,21.7
2018-09-26T19:00:00Z,0.395,16.2,2.3,Port Kembla,8.28,SIMP_201812_WP,9,September,59.9,14.4,21.7
2018-09-26T20:00:00Z,0.677,16.2,2.6,Port Kembla,9.360000000000001,SIMP_201812_WP,9,September,59.9,14.4,21.7
2018-09-26T21:00:00Z,0.99,16.1,1.4,Port Kembla,5.04,SIMP_201812_WP,9,September,59.9,14.4,21.7
2018-09-26T22:00:00Z,1.243,16.1,1.7,Port Kembla,6.12,SIMP_201812_WP,9,September,59.9,14.4,21.7
2018-09-26T23:00:00Z,1.384,16.1,1.7,Port Kembla,6.12,SIMP_201812_WP,9,September,59.9,14.4,21.7
2018-09-27T00:00:00Z,1.381,16.3,4.4,Port Kembla,15.840000000000002,SIMP_201812_WP,9,September,59.9,14.4,21.7
2018-09-27T01:00:00Z,1.217,16.5,4.9,Port Kembla,17.64,SIMP_201812_WP,9,September,59.9,14.4,21.7
2018-09-27T02:00:00Z,0.951,16.6,5.7,Port Kembla,20.52,SIMP_201812_WP,9,September,59.9,14.4,21.7
2018-09-27T03:00:00Z,0.65,16.8,6.6,Port Kembla,23.759999999999998,SIMP_201812_WP,9,September,59.9,14.4,21.7
2018-09-27T04:00:00Z,0.393,16.9,7.8,Port Kembla,28.08,SIMP_201812_WP,9,September,59.9,14.4,21.7
2018-09-27T05:00:00Z,0.239,16.9,8.6,Port Kembla,30.96,SIMP_201812_WP,9,September,59.9,14.4,21.7
2018-09-27T06:00:00Z,0.229,16.9,8.7,Port Kembla,31.319999999999997,SIMP_201812_WP,9,September,59.9,14.4,21.7
2018-09-27T07:00:00Z,0.366,16.9,9.9,Port Kembla,35.64,SIMP_201812_WP,9,September,59.9,14.4,21.7
2018-09-27T08:00:00Z,0.616,16.9,7.9,Port Kembla,28.44,SIMP_201812_WP,9,September,59.9,14.4,21.7
2018-09-27T09:00:00Z,0.912,16.9,6.2,Port Kembla,22.32,SIMP_201812_WP,9,September,59.9,14.4,21.7
2018-09-27T10:00:00Z,1.171,16.9,2.3,Port Kembla,8.28,SIMP_201812_WP,9,September,59.9,14.4,21.7
2018-09-27T11:00:00Z,1.337,16.8,3.8,Port Kembla,13.68,SIMP_201812_WP,9,September,59.9,14.4,21.7
2018-09-27T12:00:00Z,1.374,16.8,3.2,Port Kembla,11.520000000000001,SIMP_201812_WP,9,September,59.9,14.4,21.7
2018-09-27T13:00:00Z,1.258,16.8,4.4,Port Kembla,15.840000000000002,SIMP_201812_WP,9,September,59.9,14.4,21.7
2018-09-27T14:00:00Z,1.009,16.7,3.4,Port Kembla,12.24,SIMP_201812_WP,9,September,59.9,14.4,21.7
2018-09-27T15:00:00Z,0.702,16.7,3.7,Port Kembla,13.32,SIMP_201812_WP,9,September,59.9,14.4,21.7
2018-09-27T16:00:00Z,0.444,16.6,3.4,Port Kembla,12.24,SIMP_201812_WP,9,September,59.9,14.4,21.7
2018-09-27T17:00:00Z,0.267,16.6,2.8,Port Kembla,10.08,SIMP_201812_WP,9,September,59.9,14.4,21.7
2018-09-27T18:00:00Z,0.219,16.6,3.3,Port Kembla,11.879999999999999,SIMP_201812_WP,9,September,59.9,14.4,21.7
2018-09-27T19:00:00Z,0.323,16.6,3,Port Kembla,10.8,SIMP_201812_WP,9,September,59.9,14.4,21.7
2018-09-27T20:00:00Z,0.542,16.5,1.7,Port Kembla,6.12,SIMP_201812_WP,9,September,59.9,14.4,21.7
2018-09-27T21:00:00Z,0.842,16.5,2.4,Port Kembla,8.64,SIMP_201812_WP,9,September,59.9,14.4,21.7
2018-09-27T22:00:00Z,1.133,16.6,3.1,Port Kembla,11.16,SIMP_201812_WP,9,September,59.9,14.4,21.7
2018-09-27T23:00:00Z,1.351,16.6,4.2,Port Kembla,15.120000000000001,SIMP_201812_WP,9,September,59.9,14.4,21.7
2018-09-28T00:00:00Z,1.446,16.8,4.1,Port Kembla,14.76,SIMP_201812_WP,9,September,59.9,14.4,21.7
2018-09-28T01:00:00Z,1.382,16.8,4.8,Port Kembla,17.28,SIMP_201812_WP,9,September,59.9,14.4,21.7
2018-09-28T02:00:00Z,1.177,16.9,6.8,Port Kembla,24.48,SIMP_201812_WP,9,September,59.9,14.4,21.7
2018-09-28T03:00:00Z,0.887,17,8.2,Port Kembla,29.52,SIMP_201812_WP,9,September,59.9,14.4,21.7
2018-09-28T04:00:00Z,0.589,17.2,8.1,Port Kembla,29.16,SIMP_201812_WP,9,September,59.9,14.4,21.7
2018-09-28T05:00:00Z,0.355,17,5.7,Port Kembla,20.52,SIMP_201812_WP,9,September,59.9,14.4,21.7
2018-09-28T06:00:00Z,0.242,16.9,5.1,Port Kembla,18.36,SIMP_201812_WP,9,September,59.9,14.4,21.7
2018-09-28T07:00:00Z,0.257,17.2,4.5,Port Kembla,16.2,SIMP_201812_WP,9,September,59.9,14.4,21.7
2018-09-28T08:00:00Z,0.422,17.1,4.2,Port Kembla,15.120000000000001,SIMP_201812_WP,9,September,59.9,14.4,21.7
2018-09-28T09:00:00Z,0.686,17.1,3.4,Port Kembla,12.24,SIMP_201812_WP,9,September,59.9,14.4,21.7
2018-09-28T10:00:00Z,0.949,17,5,Port Kembla,18,SIMP_201812_WP,9,September,59.9,14.4,21.7
2018-09-28T11:00:00Z,1.166,16.7,4.9,Port Kembla,17.64,SIMP_201812_WP,9,September,59.9,14.4,21.7
2018-09-28T12:00:00Z,1.288,16.3,4,Port Kembla,14.4,SIMP_201812_WP,9,September,59.9,14.4,21.7
2018-09-28T13:00:00Z,1.275,16.3,4.1,Port Kembla,14.76,SIMP_201812_WP,9,September,59.9,14.4,21.7
2018-09-28T14:00:00Z,1.128,16.4,3.2,Port Kembla,11.520000000000001,SIMP_201812_WP,9,September,59.9,14.4,21.7
2018-09-28T15:00:00Z,0.879,16.4,5,Port Kembla,18,SIMP_201812_WP,9,September,59.9,14.4,21.7
2018-09-28T16:00:00Z,0.618,16.4,3.8,Port Kembla,13.68,SIMP_201812_WP,9,September,59.9,14.4,21.7
2018-09-28T17:00:00Z,0.413,16.4,2.9,Port Kembla,10.44,SIMP_201812_WP,9,September,59.9,14.4,21.7
2018-09-28T18:00:00Z,0.295,16.3,2.7,Port Kembla,9.72,SIMP_201812_WP,9,September,59.9,14.4,21.7
2018-09-28T19:00:00Z,0.301,16.3,2.5,Port Kembla,9,SIMP_201812_WP,9,September,59.9,14.4,21.7
2018-09-28T20:00:00Z,0.447,16.3,1.8,Port Kembla,6.48,SIMP_201812_WP,9,September,59.9,14.4,21.7
2018-09-28T21:00:00Z,0.687,16.4,1.8,Port Kembla,6.48,SIMP_201812_WP,9,September,59.9,14.4,21.7
2018-09-28T22:00:00Z,0.978,16.4,4.6,Port Kembla,16.56,SIMP_201812_WP,9,September,59.9,14.4,21.7
2018-09-28T23:00:00Z,1.238,16.4,5.8,Port Kembla,20.88,SIMP_201812_WP,9,September,59.9,14.4,21.7
2018-09-29T00:00:00Z,1.417,16.3,5.1,Port Kembla,18.36,SIMP_201812_WP,9,September,59.9,14.4,21.7
2018-09-29T01:00:00Z,1.453,16.3,5,Port Kembla,18,SIMP_201812_WP,9,September,59.9,14.4,21.7
2018-09-29T02:00:00Z,1.338,16.2,5.4,Port Kembla,19.44,SIMP_201812_WP,9,September,59.9,14.4,21.7
2018-09-29T03:00:00Z,1.095,16.2,5.7,Port Kembla,20.52,SIMP_201812_WP,9,September,59.9,14.4,21.7
2018-09-29T04:00:00Z,0.799,16.3,5.3,Port Kembla,19.08,SIMP_201812_WP,9,September,59.9,14.4,21.7
2018-09-29T05:00:00Z,0.528,16.3,5.6,Port Kembla,20.16,SIMP_201812_WP,9,September,59.9,14.4,21.7
2018-09-29T06:00:00Z,0.325,16.3,4.7,Port Kembla,16.92,SIMP_201812_WP,9,September,59.9,14.4,21.7
2018-09-29T07:00:00Z,0.241,16.3,3.8,Port Kembla,13.68,SIMP_201812_WP,9,September,59.9,14.4,21.7
2018-09-29T08:00:00Z,0.283,16.3,3.5,Port Kembla,12.6,SIMP_201812_WP,9,September,59.9,14.4,21.7
2018-09-29T09:00:00Z,0.454,16.3,3.1,Port Kembla,11.16,SIMP_201812_WP,9,September,59.9,14.4,21.7
2018-09-29T10:00:00Z,0.684,16.3,3.3,Port Kembla,11.879999999999999,SIMP_201812_WP,9,September,59.9,14.4,21.7
2018-09-29T11:00:00Z,0.92,16.3,2.9,Port Kembla,10.44,SIMP_201812_WP,9,September,59.9,14.4,21.7
2018-09-29T12:00:00Z,1.106,16.3,3.4,Port Kembla,12.24,SIMP_201812_WP,9,September,59.9,14.4,21.7
2018-09-29T13:00:00Z,1.196,16.3,3.1,Port Kembla,11.16,SIMP_201812_WP,9,September,59.9,14.4,21.7
2018-09-29T14:00:00Z,1.162,16.3,3.6,Port Kembla,12.96,SIMP_201812_WP,9,September,59.9,14.4,21.7
2018-09-29T15:00:00Z,0.997,16.2,3.6,Port Kembla,12.96,SIMP_201812_WP,9,September,59.9,14.4,21.7
2018-09-29T16:00:00Z,0.769,16.2,2.7,Port Kembla,9.72,SIMP_201812_WP,9,September,59.9,14.4,21.7
2018-09-29T17:00:00Z,0.56,16.2,2.6,Port Kembla,9.360000000000001,SIMP_201812_WP,9,September,59.9,14.4,21.7
2018-09-29T18:00:00Z,0.391,16.2,3.4,Port Kembla,12.24,SIMP_201812_WP,9,September,59.9,14.4,21.7
2018-09-29T19:00:00Z,0.312,16.2,3,Port Kembla,10.8,SIMP_201812_WP,9,September,59.9,14.4,21.7
2018-09-29T20:00:00Z,0.352,16.1,3.9,Port Kembla,14.04,SIMP_201812_WP,9,September,59.9,14.4,21.7
2018-09-29T21:00:00Z,0.512,16,4.8,Port Kembla,17.28,SIMP_201812_WP,9,September,59.9,14.4,21.7
2018-09-29T22:00:00Z,0.762,16.1,4.7,Port Kembla,16.92,SIMP_201812_WP,9,September,59.9,14.4,21.7
2018-09-29T23:00:00Z,1.032,16.3,3.3,Port Kembla,11.879999999999999,SIMP_201812_WP,9,September,59.9,14.4,21.7
2018-09-30T00:00:00Z,1.262,16.4,4.1,Port Kembla,14.76,SIMP_201812_WP,9,September,59.9,14.4,21.7
2018-09-30T01:00:00Z,1.401,16.3,4.1,Port Kembla,14.76,SIMP_201812_WP,9,September,59.9,14.4,21.7
2018-09-30T02:00:00Z,1.411,16.3,4.7,Port Kembla,16.92,SIMP_201812_WP,9,September,59.9,14.4,21.7
2018-09-30T03:00:00Z,1.28,16.3,4.7,Port Kembla,16.92,SIMP_201812_WP,9,September,59.9,14.4,21.7
2018-09-30T04:00:00Z,1.041,16.4,3.9,Port Kembla,14.04,SIMP_201812_WP,9,September,59.9,14.4,21.7
2018-09-30T05:00:00Z,0.763,16.4,4,Port Kembla,14.4,SIMP_201812_WP,9,September,59.9,14.4,21.7
2018-09-30T06:00:00Z,0.516,16.5,3.9,Port Kembla,14.04,SIMP_201812_WP,9,September,59.9,14.4,21.7
2018-09-30T07:00:00Z,0.33,16.6,2.8,Port Kembla,10.08,SIMP_201812_WP,9,September,59.9,14.4,21.7
2018-09-30T08:00:00Z,0.258,16.6,1.6,Port Kembla,5.760000000000001,SIMP_201812_WP,9,September,59.9,14.4,21.7
2018-09-30T09:00:00Z,0.314,16.5,0.8,Port Kembla,2.8800000000000003,SIMP_201812_WP,9,September,59.9,14.4,21.7
2018-09-30T10:00:00Z,0.471,16.6,0.4,Port Kembla,1.4400000000000002,SIMP_201812_WP,9,September,59.9,14.4,21.7
2018-09-30T11:00:00Z,0.676,16.6,3.3,Port Kembla,11.879999999999999,SIMP_201812_WP,9,September,59.9,14.4,21.7
2018-09-30T12:00:00Z,0.884,16.6,2.4,Port Kembla,8.64,SIMP_201812_WP,9,September,59.9,14.4,21.7
2018-09-30T13:00:00Z,1.043,16.6,2.5,Port Kembla,9,SIMP_201812_WP,9,September,59.9,14.4,21.7
2018-09-30T14:00:00Z,1.115,16.6,2.4,Port Kembla,8.64,SIMP_201812_WP,9,September,59.9,14.4,21.7
2018-09-30T15:00:00Z,1.068,16.6,2.5,Port Kembla,9,SIMP_201812_WP,9,September,59.9,14.4,21.7
2018-09-30T16:00:00Z,0.926,16.5,2.6,Port Kembla,9.360000000000001,SIMP_201812_WP,9,September,59.9,14.4,21.7
2018-09-30T17:00:00Z,0.738,16.5,1.9,Port Kembla,6.84,SIMP_201812_WP,9,September,59.9,14.4,21.7
2018-09-30T18:00:00Z,0.552,16.6,1.6,Port Kembla,5.760000000000001,SIMP_201812_WP,9,September,59.9,14.4,21.7
2018-09-30T19:00:00Z,0.414,16.6,1.2,Port Kembla,4.32,SIMP_201812_WP,9,September,59.9,14.4,21.7
2018-09-30T20:00:00Z,0.361,16.7,1.2,Port Kembla,4.32,SIMP_201812_WP,9,September,59.9,14.4,21.7
2018-09-30T21:00:00Z,0.431,16.7,1.6,Port Kembla,5.760000000000001,SIMP_201812_WP,9,September,59.9,14.4,21.7
2018-09-30T22:00:00Z,0.604,16.7,1.3,Port Kembla,4.680000000000001,SIMP_201812_WP,9,September,59.9,14.4,21.7
2018-09-30T23:00:00Z,0.828,16.7,1.5,Port Kembla,5.4,SIMP_201812_WP,9,September,59.9,14.4,21.7
2018-10-01T00:00:00Z,1.068,16.7,2.9,Port Kembla,10.44,SIMP_201812_WP,10,October,96.3,15.6,22.9
2018-10-01T01:00:00Z,1.268,16.8,4,Port Kembla,14.4,SIMP_201812_WP,10,October,96.3,15.6,22.9
2018-10-01T02:00:00Z,1.379,16.8,5.3,Port Kembla,19.08,SIMP_201812_WP,10,October,96.3,15.6,22.9
2018-10-01T03:00:00Z,1.373,16.8,6,Port Kembla,21.6,SIMP_201812_WP,10,October,96.3,15.6,22.9
2018-10-01T04:00:00Z,1.234,17.2,6.8,Port Kembla,24.48,SIMP_201812_WP,10,October,96.3,15.6,22.9
2018-10-01T05:00:00Z,1,17.3,7.4,Port Kembla,26.64,SIMP_201812_WP,10,October,96.3,15.6,22.9
2018-10-01T06:00:00Z,0.744,17.5,7.5,Port Kembla,27,SIMP_201812_WP,10,October,96.3,15.6,22.9
2018-10-01T07:00:00Z,0.512,17.5,7.9,Port Kembla,28.44,SIMP_201812_WP,10,October,96.3,15.6,22.9
2018-10-01T08:00:00Z,0.341,17.5,7.8,Port Kembla,28.08,SIMP_201812_WP,10,October,96.3,15.6,22.9
2018-10-01T09:00:00Z,0.272,17.5,5.6,Port Kembla,20.16,SIMP_201812_WP,10,October,96.3,15.6,22.9
2018-10-01T10:00:00Z,0.301,17.5,2.5,Port Kembla,9,SIMP_201812_WP,10,October,96.3,15.6,22.9
2018-10-01T11:00:00Z,0.431,17.4,2.1,Port Kembla,7.5600000000000005,SIMP_201812_WP,10,October,96.3,15.6,22.9
2018-10-01T12:00:00Z,0.606,17.4,3.1,Port Kembla,11.16,SIMP_201812_WP,10,October,96.3,15.6,22.9
2018-10-01T13:00:00Z,0.79,17.4,5.3,Port Kembla,19.08,SIMP_201812_WP,10,October,96.3,15.6,22.9
2018-10-01T14:00:00Z,0.938,17.3,3,Port Kembla,10.8,SIMP_201812_WP,10,October,96.3,15.6,22.9
2018-10-01T15:00:00Z,1.005,17.3,3.6,Port Kembla,12.96,SIMP_201812_WP,10,October,96.3,15.6,22.9
2018-10-01T16:00:00Z,0.973,17.3,3.7,Port Kembla,13.32,SIMP_201812_WP,10,October,96.3,15.6,22.9
2018-10-01T17:00:00Z,0.862,17.3,2.5,Port Kembla,9,SIMP_201812_WP,10,October,96.3,15.6,22.9
2018-10-01T18:00:00Z,0.7,17.3,1.7,Port Kembla,6.12,SIMP_201812_WP,10,October,96.3,15.6,22.9
2018-10-01T19:00:00Z,0.545,17.2,3.1,Port Kembla,11.16,SIMP_201812_WP,10,October,96.3,15.6,22.9
2018-10-01T20:00:00Z,0.422,17,3.8,Port Kembla,13.68,SIMP_201812_WP,10,October,96.3,15.6,22.9
2018-10-01T21:00:00Z,0.375,17.1,1.3,Port Kembla,4.680000000000001,SIMP_201812_WP,10,October,96.3,15.6,22.9
2018-10-01T22:00:00Z,0.432,17.2,1.9,Port Kembla,6.84,SIMP_201812_WP,10,October,96.3,15.6,22.9
2018-10-01T23:00:00Z,0.578,17.2,2.9,Port Kembla,10.44,SIMP_201812_WP,10,October,96.3,15.6,22.9
2018-10-02T00:00:00Z,0.8,17.3,4.2,Port Kembla,15.120000000000001,SIMP_201812_WP,10,October,96.3,15.6,22.9
2018-10-02T01:00:00Z,1.034,17.3,4.7,Port Kembla,16.92,SIMP_201812_WP,10,October,96.3,15.6,22.9
2018-10-02T02:00:00Z,1.239,17.5,5.6,Port Kembla,20.16,SIMP_201812_WP,10,October,96.3,15.6,22.9
2018-10-02T03:00:00Z,1.358,17.7,6.1,Port Kembla,21.96,SIMP_201812_WP,10,October,96.3,15.6,22.9
2018-10-02T04:00:00Z,1.357,17.8,7.2,Port Kembla,25.92,SIMP_201812_WP,10,October,96.3,15.6,22.9
2018-10-02T05:00:00Z,1.24,17.9,8.1,Port Kembla,29.16,SIMP_201812_WP,10,October,96.3,15.6,22.9
2018-10-02T06:00:00Z,1.04,17.9,6.9,Port Kembla,24.840000000000003,SIMP_201812_WP,10,October,96.3,15.6,22.9
2018-10-02T07:00:00Z,0.802,17.9,7,Port Kembla,25.2,SIMP_201812_WP,10,October,96.3,15.6,22.9
2018-10-02T08:00:00Z,0.57,17.9,6.5,Port Kembla,23.400000000000002,SIMP_201812_WP,10,October,96.3,15.6,22.9
2018-10-02T09:00:00Z,0.387,18,4.5,Port Kembla,16.2,SIMP_201812_WP,10,October,96.3,15.6,22.9
2018-10-02T10:00:00Z,0.297,17.9,2.8,Port Kembla,10.08,SIMP_201812_WP,10,October,96.3,15.6,22.9
2018-10-02T11:00:00Z,0.303,17.9,2.5,Port Kembla,9,SIMP_201812_WP,10,October,96.3,15.6,22.9
2018-10-02T12:00:00Z,0.415,17.8,2.3,Port Kembla,8.28,SIMP_201812_WP,10,October,96.3,15.6,22.9
2018-10-02T13:00:00Z,0.585,17.8,3.8,Port Kembla,13.68,SIMP_201812_WP,10,October,96.3,15.6,22.9
2018-10-02T14:00:00Z,0.773,17.7,4.3,Port Kembla,15.48,SIMP_201812_WP,10,October,96.3,15.6,22.9
2018-10-02T15:00:00Z,0.929,17.7,4.9,Port Kembla,17.64,SIMP_201812_WP,10,October,96.3,15.6,22.9
2018-10-02T16:00:00Z,1.019,17.6,1.6,Port Kembla,5.760000000000001,SIMP_201812_WP,10,October,96.3,15.6,22.9
2018-10-02T17:00:00Z,1.025,17.6,1.7,Port Kembla,6.12,SIMP_201812_WP,10,October,96.3,15.6,22.9
2018-10-02T18:00:00Z,0.947,17.6,2.1,Port Kembla,7.5600000000000005,SIMP_201812_WP,10,October,96.3,15.6,22.9
2018-10-02T19:00:00Z,0.814,17.4,2.8,Port Kembla,10.08,SIMP_201812_WP,10,October,96.3,15.6,22.9
2018-10-02T20:00:00Z,0.653,17.4,3.3,Port Kembla,11.879999999999999,SIMP_201812_WP,10,October,96.3,15.6,22.9
2018-10-02T21:00:00Z,0.527,17.6,3.5,Port Kembla,12.6,SIMP_201812_WP,10,October,96.3,15.6,22.9
2018-10-02T22:00:00Z,0.474,17.6,3.5,Port Kembla,12.6,SIMP_201812_WP,10,October,96.3,15.6,22.9
2018-10-02T23:00:00Z,0.508,17.6,4.9,Port Kembla,17.64,SIMP_201812_WP,10,October,96.3,15.6,22.9
2018-10-03T00:00:00Z,0.65,17.6,3.9,Port Kembla,14.04,SIMP_201812_WP,10,October,96.3,15.6,22.9
2018-10-03T01:00:00Z,0.855,17.6,3.7,Port Kembla,13.32,SIMP_201812_WP,10,October,96.3,15.6,22.9
2018-10-03T02:00:00Z,1.09,17.6,4.1,Port Kembla,14.76,SIMP_201812_WP,10,October,96.3,15.6,22.9
2018-10-03T03:00:00Z,1.3,17.7,6.1,Port Kembla,21.96,SIMP_201812_WP,10,October,96.3,15.6,22.9
2018-10-03T04:00:00Z,1.422,17.8,7,Port Kembla,25.2,SIMP_201812_WP,10,October,96.3,15.6,22.9
2018-10-03T05:00:00Z,1.438,17.8,8.1,Port Kembla,29.16,SIMP_201812_WP,10,October,96.3,15.6,22.9
2018-10-03T06:00:00Z,1.335,17.8,8.3,Port Kembla,29.880000000000003,SIMP_201812_WP,10,October,96.3,15.6,22.9
2018-10-03T07:00:00Z,1.137,17.7,4.9,Port Kembla,17.64,SIMP_201812_WP,10,October,96.3,15.6,22.9
2018-10-03T08:00:00Z,0.888,17.5,2.2,Port Kembla,7.920000000000001,SIMP_201812_WP,10,October,96.3,15.6,22.9
2018-10-03T09:00:00Z,0.63,17.4,1.4,Port Kembla,5.04,SIMP_201812_WP,10,October,96.3,15.6,22.9
2018-10-03T10:00:00Z,0.414,17.3,2.5,Port Kembla,9,SIMP_201812_WP,10,October,96.3,15.6,22.9
2018-10-03T11:00:00Z,0.28,17.3,3.1,Port Kembla,11.16,SIMP_201812_WP,10,October,96.3,15.6,22.9
2018-10-03T12:00:00Z,0.266,17.3,1.9,Port Kembla,6.84,SIMP_201812_WP,10,October,96.3,15.6,22.9
2018-10-03T13:00:00Z,0.344,17.3,1.9,Port Kembla,6.84,SIMP_201812_WP,10,October,96.3,15.6,22.9
2018-10-03T14:00:00Z,0.508,17.3,2.2,Port Kembla,7.920000000000001,SIMP_201812_WP,10,October,96.3,15.6,22.9
2018-10-03T15:00:00Z,0.709,17.2,0.9,Port Kembla,3.24,SIMP_201812_WP,10,October,96.3,15.6,22.9
2018-10-03T16:00:00Z,0.905,17.2,1.8,Port Kembla,6.48,SIMP_201812_WP,10,October,96.3,15.6,22.9
2018-10-03T17:00:00Z,1.034,17.2,2.2,Port Kembla,7.920000000000001,SIMP_201812_WP,10,October,96.3,15.6,22.9
2018-10-03T18:00:00Z,1.058,17.1,4.5,Port Kembla,16.2,SIMP_201812_WP,10,October,96.3,15.6,22.9
2018-10-03T19:00:00Z,0.988,17,4,Port Kembla,14.4,SIMP_201812_WP,10,October,96.3,15.6,22.9
2018-10-03T20:00:00Z,0.84,17.1,4,Port Kembla,14.4,SIMP_201812_WP,10,October,96.3,15.6,22.9
2018-10-03T21:00:00Z,0.661,17.1,2.7,Port Kembla,9.72,SIMP_201812_WP,10,October,96.3,15.6,22.9
2018-10-03T22:00:00Z,0.507,17.1,3.1,Port Kembla,11.16,SIMP_201812_WP,10,October,96.3,15.6,22.9
2018-10-03T23:00:00Z,0.417,17,3.3,Port Kembla,11.879999999999999,SIMP_201812_WP,10,October,96.3,15.6,22.9
2018-10-04T00:00:00Z,0.429,16.9,4.6,Port Kembla,16.56,SIMP_201812_WP,10,October,96.3,15.6,22.9
2018-10-04T01:00:00Z,0.542,16.8,3.5,Port Kembla,12.6,SIMP_201812_WP,10,October,96.3,15.6,22.9
2018-10-04T02:00:00Z,0.748,16.8,3.3,Port Kembla,11.879999999999999,SIMP_201812_WP,10,October,96.3,15.6,22.9
2018-10-04T03:00:00Z,0.997,16.6,4.3,Port Kembla,15.48,SIMP_201812_WP,10,October,96.3,15.6,22.9
2018-10-04T04:00:00Z,1.228,16.6,4.6,Port Kembla,16.56,SIMP_201812_WP,10,October,96.3,15.6,22.9
2018-10-04T05:00:00Z,1.401,16.4,4.7,Port Kembla,16.92,SIMP_201812_WP,10,October,96.3,15.6,22.9
2018-10-04T06:00:00Z,1.451,16.4,3.8,Port Kembla,13.68,SIMP_201812_WP,10,October,96.3,15.6,22.9
2018-10-04T07:00:00Z,1.37,16.6,4.2,Port Kembla,15.120000000000001,SIMP_201812_WP,10,October,96.3,15.6,22.9
2018-10-04T08:00:00Z,1.174,16.7,3.6,Port Kembla,12.96,SIMP_201812_WP,10,October,96.3,15.6,22.9
2018-10-04T09:00:00Z,0.912,16.6,5.5,Port Kembla,19.8,SIMP_201812_WP,10,October,96.3,15.6,22.9
2018-10-04T10:00:00Z,0.628,16.6,6.9,Port Kembla,24.840000000000003,SIMP_201812_WP,10,October,96.3,15.6,22.9
2018-10-04T11:00:00Z,0.377,16.4,5.8,Port Kembla,20.88,SIMP_201812_WP,10,October,96.3,15.6,22.9
2018-10-04T12:00:00Z,0.213,16.1,5.4,Port Kembla,19.44,SIMP_201812_WP,10,October,96.3,15.6,22.9
2018-10-04T13:00:00Z,0.185,16.1,5.5,Port Kembla,19.8,SIMP_201812_WP,10,October,96.3,15.6,22.9
2018-10-04T14:00:00Z,0.28,16,5.4,Port Kembla,19.44,SIMP_201812_WP,10,October,96.3,15.6,22.9
2018-10-04T15:00:00Z,0.491,16,5.6,Port Kembla,20.16,SIMP_201812_WP,10,October,96.3,15.6,22.9
2018-10-04T16:00:00Z,0.751,16,5.5,Port Kembla,19.8,SIMP_201812_WP,10,October,96.3,15.6,22.9
2018-10-04T17:00:00Z,0.98,16,5.8,Port Kembla,20.88,SIMP_201812_WP,10,October,96.3,15.6,22.9
2018-10-04T18:00:00Z,1.136,16,4.8,Port Kembla,17.28,SIMP_201812_WP,10,October,96.3,15.6,22.9
2018-10-04T19:00:00Z,1.186,16,5.6,Port Kembla,20.16,SIMP_201812_WP,10,October,96.3,15.6,22.9
2018-10-04T20:00:00Z,1.104,16,3.9,Port Kembla,14.04,SIMP_201812_WP,10,October,96.3,15.6,22.9
2018-10-04T21:00:00Z,0.932,16,4.5,Port Kembla,16.2,SIMP_201812_WP,10,October,96.3,15.6,22.9
2018-10-04T22:00:00Z,0.715,16,5.3,Port Kembla,19.08,SIMP_201812_WP,10,October,96.3,15.6,22.9
2018-10-04T23:00:00Z,0.512,16,5.4,Port Kembla,19.44,SIMP_201812_WP,10,October,96.3,15.6,22.9
2018-10-05T00:00:00Z,0.392,16,4.8,Port Kembla,17.28,SIMP_201812_WP,10,October,96.3,15.6,22.9
2018-10-05T01:00:00Z,0.383,16,5.6,Port Kembla,20.16,SIMP_201812_WP,10,October,96.3,15.6,22.9
2018-10-05T02:00:00Z,0.503,16.1,5.2,Port Kembla,18.720000000000002,SIMP_201812_WP,10,October,96.3,15.6,22.9
2018-10-05T03:00:00Z,0.727,16,5.4,Port Kembla,19.44,SIMP_201812_WP,10,October,96.3,15.6,22.9
2018-10-05T04:00:00Z,1.015,16,5.5,Port Kembla,19.8,SIMP_201812_WP,10,October,96.3,15.6,22.9
2018-10-05T05:00:00Z,1.283,16,5.8,Port Kembla,20.88,SIMP_201812_WP,10,October,96.3,15.6,22.9
2018-10-05T06:00:00Z,1.482,16,4.2,Port Kembla,15.120000000000001,SIMP_201812_WP,10,October,96.3,15.6,22.9
2018-10-05T07:00:00Z,1.544,16,4.8,Port Kembla,17.28,SIMP_201812_WP,10,October,96.3,15.6,22.9
2018-10-05T08:00:00Z,1.458,16,5.1,Port Kembla,18.36,SIMP_201812_WP,10,October,96.3,15.6,22.9
2018-10-05T09:00:00Z,1.23,16,5,Port Kembla,18,SIMP_201812_WP,10,October,96.3,15.6,22.9
2018-10-05T10:00:00Z,0.914,16,4,Port Kembla,14.4,SIMP_201812_WP,10,October,96.3,15.6,22.9
2018-10-05T11:00:00Z,0.568,16,3.6,Port Kembla,12.96,SIMP_201812_WP,10,October,96.3,15.6,22.9
2018-10-05T12:00:00Z,0.281,16,3.9,Port Kembla,14.04,SIMP_201812_WP,10,October,96.3,15.6,22.9
2018-10-05T13:00:00Z,0.113,16,4.5,Port Kembla,16.2,SIMP_201812_WP,10,October,96.3,15.6,22.9
2018-10-05T14:00:00Z,0.092,16,4.5,Port Kembla,16.2,SIMP_201812_WP,10,October,96.3,15.6,22.9
2018-10-05T15:00:00Z,0.217,16,3.9,Port Kembla,14.04,SIMP_201812_WP,10,October,96.3,15.6,22.9
2018-10-05T16:00:00Z,0.461,16.1,3,Port Kembla,10.8,SIMP_201812_WP,10,October,96.3,15.6,22.9
2018-10-05T17:00:00Z,0.744,16.1,4.5,Port Kembla,16.2,SIMP_201812_WP,10,October,96.3,15.6,22.9
2018-10-05T18:00:00Z,1.014,16,3.8,Port Kembla,13.68,SIMP_201812_WP,10,October,96.3,15.6,22.9
2018-10-05T19:00:00Z,1.194,16,4.6,Port Kembla,16.56,SIMP_201812_WP,10,October,96.3,15.6,22.9
2018-10-05T20:00:00Z,1.232,16,2.9,Port Kembla,10.44,SIMP_201812_WP,10,October,96.3,15.6,22.9
2018-10-05T21:00:00Z,1.129,16,4.9,Port Kembla,17.64,SIMP_201812_WP,10,October,96.3,15.6,22.9
2018-10-05T22:00:00Z,0.916,16,3.7,Port Kembla,13.32,SIMP_201812_WP,10,October,96.3,15.6,22.9
2018-10-05T23:00:00Z,0.663,16.2,5.4,Port Kembla,19.44,SIMP_201812_WP,10,October,96.3,15.6,22.9
2018-10-06T00:00:00Z,0.417,16.2,4.1,Port Kembla,14.76,SIMP_201812_WP,10,October,96.3,15.6,22.9
2018-10-06T01:00:00Z,0.268,16.2,4.2,Port Kembla,15.120000000000001,SIMP_201812_WP,10,October,96.3,15.6,22.9
2018-10-06T02:00:00Z,0.259,16.3,4.2,Port Kembla,15.120000000000001,SIMP_201812_WP,10,October,96.3,15.6,22.9
2018-10-06T03:00:00Z,0.389,16.3,4.7,Port Kembla,16.92,SIMP_201812_WP,10,October,96.3,15.6,22.9
2018-10-06T04:00:00Z,0.642,16.4,4.9,Port Kembla,17.64,SIMP_201812_WP,10,October,96.3,15.6,22.9
2018-10-06T05:00:00Z,0.971,16.5,4.8,Port Kembla,17.28,SIMP_201812_WP,10,October,96.3,15.6,22.9
2018-10-06T06:00:00Z,1.289,16.5,4.8,Port Kembla,17.28,SIMP_201812_WP,10,October,96.3,15.6,22.9
2018-10-06T07:00:00Z,1.511,16.6,4,Port Kembla,14.4,SIMP_201812_WP,10,October,96.3,15.6,22.9
2018-10-06T08:00:00Z,1.586,16.5,4,Port Kembla,14.4,SIMP_201812_WP,10,October,96.3,15.6,22.9
2018-10-06T09:00:00Z,1.48,16.5,5.4,Port Kembla,19.44,SIMP_201812_WP,10,October,96.3,15.6,22.9
2018-10-06T10:00:00Z,1.218,16.5,5.1,Port Kembla,18.36,SIMP_201812_WP,10,October,96.3,15.6,22.9
2018-10-06T11:00:00Z,0.858,16.4,4.8,Port Kembla,17.28,SIMP_201812_WP,10,October,96.3,15.6,22.9
2018-10-06T12:00:00Z,0.489,16.5,4.9,Port Kembla,17.64,SIMP_201812_WP,10,October,96.3,15.6,22.9
2018-10-06T13:00:00Z,0.186,16.5,5.9,Port Kembla,21.240000000000002,SIMP_201812_WP,10,October,96.3,15.6,22.9
2018-10-06T14:00:00Z,0.019,16.6,5,Port Kembla,18,SIMP_201812_WP,10,October,96.3,15.6,22.9
2018-10-06T15:00:00Z,0.029,16.6,5.9,Port Kembla,21.240000000000002,SIMP_201812_WP,10,October,96.3,15.6,22.9
2018-10-06T16:00:00Z,0.201,16.6,5.5,Port Kembla,19.8,SIMP_201812_WP,10,October,96.3,15.6,22.9
2018-10-06T17:00:00Z,0.5,16.6,5.8,Port Kembla,20.88,SIMP_201812_WP,10,October,96.3,15.6,22.9
2018-10-06T18:00:00Z,0.84,16.6,4.9,Port Kembla,17.64,SIMP_201812_WP,10,October,96.3,15.6,22.9
2018-10-06T19:00:00Z,1.124,16.8,6.6,Port Kembla,23.759999999999998,SIMP_201812_WP,10,October,96.3,15.6,22.9
2018-10-06T20:00:00Z,1.305,17,5.3,Port Kembla,19.08,SIMP_201812_WP,10,October,96.3,15.6,22.9
2018-10-06T21:00:00Z,1.322,17.1,6,Port Kembla,21.6,SIMP_201812_WP,10,October,96.3,15.6,22.9
2018-10-06T22:00:00Z,1.181,17,6.3,Port Kembla,22.68,SIMP_201812_WP,10,October,96.3,15.6,22.9
2018-10-06T23:00:00Z,0.92,16.8,6.1,Port Kembla,21.96,SIMP_201812_WP,10,October,96.3,15.6,22.9
2018-10-07T00:00:00Z,0.61,16.8,7,Port Kembla,25.2,SIMP_201812_WP,10,October,96.3,15.6,22.9
2018-10-07T01:00:00Z,0.346,16.8,7.2,Port Kembla,25.92,SIMP_201812_WP,10,October,96.3,15.6,22.9
2018-10-07T02:00:00Z,0.189,16.8,6.7,Port Kembla,24.12,SIMP_201812_WP,10,October,96.3,15.6,22.9
2018-10-07T03:00:00Z,0.183,16.7,6.5,Port Kembla,23.400000000000002,SIMP_201812_WP,10,October,96.3,15.6,22.9
2018-10-07T04:00:00Z,0.344,16.7,5.7,Port Kembla,20.52,SIMP_201812_WP,10,October,96.3,15.6,22.9
2018-10-07T05:00:00Z,0.647,16.7,6.5,Port Kembla,23.400000000000002,SIMP_201812_WP,10,October,96.3,15.6,22.9
2018-10-07T06:00:00Z,1.01,16.8,7.3,Port Kembla,26.28,SIMP_201812_WP,10,October,96.3,15.6,22.9
2018-10-07T07:00:00Z,1.356,17.1,7.6,Port Kembla,27.36,SIMP_201812_WP,10,October,96.3,15.6,22.9
2018-10-07T08:00:00Z,1.589,17.1,7.1,Port Kembla,25.56,SIMP_201812_WP,10,October,96.3,15.6,22.9
2018-10-07T09:00:00Z,1.66,17.1,6.3,Port Kembla,22.68,SIMP_201812_WP,10,October,96.3,15.6,22.9
2018-10-07T10:00:00Z,1.523,17,6.7,Port Kembla,24.12,SIMP_201812_WP,10,October,96.3,15.6,22.9
2018-10-07T11:00:00Z,1.223,17,6.2,Port Kembla,22.32,SIMP_201812_WP,10,October,96.3,15.6,22.9
2018-10-07T12:00:00Z,0.843,16.9,6,Port Kembla,21.6,SIMP_201812_WP,10,October,96.3,15.6,22.9
2018-10-07T13:00:00Z,0.457,16.9,5.2,Port Kembla,18.720000000000002,SIMP_201812_WP,10,October,96.3,15.6,22.9
2018-10-07T14:00:00Z,0.163,16.8,5,Port Kembla,18,SIMP_201812_WP,10,October,96.3,15.6,22.9
2018-10-07T15:00:00Z,0.026,16.7,4.9,Port Kembla,17.64,SIMP_201812_WP,10,October,96.3,15.6,22.9
2018-10-07T16:00:00Z,0.074,16.8,5,Port Kembla,18,SIMP_201812_WP,10,October,96.3,15.6,22.9
2018-10-07T17:00:00Z,0.304,16.8,4.5,Port Kembla,16.2,SIMP_201812_WP,10,October,96.3,15.6,22.9
2018-10-07T18:00:00Z,0.641,16.9,4.3,Port Kembla,15.48,SIMP_201812_WP,10,October,96.3,15.6,22.9
2018-10-07T19:00:00Z,1.005,16.9,4.3,Port Kembla,15.48,SIMP_201812_WP,10,October,96.3,15.6,22.9
2018-10-07T20:00:00Z,1.302,16.9,4.4,Port Kembla,15.840000000000002,SIMP_201812_WP,10,October,96.3,15.6,22.9
2018-10-07T21:00:00Z,1.454,17,4.5,Port Kembla,16.2,SIMP_201812_WP,10,October,96.3,15.6,22.9
2018-10-07T22:00:00Z,1.439,17,5.5,Port Kembla,19.8,SIMP_201812_WP,10,October,96.3,15.6,22.9
2018-10-07T23:00:00Z,1.243,17,5.2,Port Kembla,18.720000000000002,SIMP_201812_WP,10,October,96.3,15.6,22.9
2018-10-08T00:00:00Z,0.925,17,5.2,Port Kembla,18.720000000000002,SIMP_201812_WP,10,October,96.3,15.6,22.9
2018-10-08T01:00:00Z,0.572,17.1,2.1,Port Kembla,7.5600000000000005,SIMP_201812_WP,10,October,96.3,15.6,22.9
2018-10-08T02:00:00Z,0.286,17.1,4.1,Port Kembla,14.76,SIMP_201812_WP,10,October,96.3,15.6,22.9
2018-10-08T03:00:00Z,0.133,17.1,2.6,Port Kembla,9.360000000000001,SIMP_201812_WP,10,October,96.3,15.6,22.9
2018-10-08T04:00:00Z,0.14,17.1,3,Port Kembla,10.8,SIMP_201812_WP,10,October,96.3,15.6,22.9
2018-10-08T05:00:00Z,0.334,17.2,3.4,Port Kembla,12.24,SIMP_201812_WP,10,October,96.3,15.6,22.9
2018-10-08T06:00:00Z,0.668,17.2,2,Port Kembla,7.2,SIMP_201812_WP,10,October,96.3,15.6,22.9
2018-10-08T07:00:00Z,1.055,17.1,2.4,Port Kembla,8.64,SIMP_201812_WP,10,October,96.3,15.6,22.9
2018-10-08T08:00:00Z,1.394,17.1,3.3,Port Kembla,11.879999999999999,SIMP_201812_WP,10,October,96.3,15.6,22.9
2018-10-08T09:00:00Z,1.608,17.1,2.9,Port Kembla,10.44,SIMP_201812_WP,10,October,96.3,15.6,22.9
2018-10-08T10:00:00Z,1.63,17.1,2.1,Port Kembla,7.5600000000000005,SIMP_201812_WP,10,October,96.3,15.6,22.9
2018-10-08T11:00:00Z,1.452,17.2,1.9,Port Kembla,6.84,SIMP_201812_WP,10,October,96.3,15.6,22.9
2018-10-08T12:00:00Z,1.125,17.2,2.6,Port Kembla,9.360000000000001,SIMP_201812_WP,10,October,96.3,15.6,22.9
2018-10-08T13:00:00Z,0.728,17.1,2.9,Port Kembla,10.44,SIMP_201812_WP,10,October,96.3,15.6,22.9
2018-10-08T14:00:00Z,0.365,17.1,1.6,Port Kembla,5.760000000000001,SIMP_201812_WP,10,October,96.3,15.6,22.9
2018-10-08T15:00:00Z,0.113,17.1,2.1,Port Kembla,7.5600000000000005,SIMP_201812_WP,10,October,96.3,15.6,22.9
2018-10-08T16:00:00Z,0.028,17.1,1.6,Port Kembla,5.760000000000001,SIMP_201812_WP,10,October,96.3,15.6,22.9
2018-10-08T17:00:00Z,0.138,17.2,1.5,Port Kembla,5.4,SIMP_201812_WP,10,October,96.3,15.6,22.9
2018-10-08T18:00:00Z,0.409,17.1,1.7,Port Kembla,6.12,SIMP_201812_WP,10,October,96.3,15.6,22.9
2018-10-08T19:00:00Z,0.779,17.1,1.2,Port Kembla,4.32,SIMP_201812_WP,10,October,96.3,15.6,22.9
2018-10-08T20:00:00Z,1.139,17.2,1.2,Port Kembla,4.32,SIMP_201812_WP,10,October,96.3,15.6,22.9
2018-10-08T21:00:00Z,1.41,17.2,0.4,Port Kembla,1.4400000000000002,SIMP_201812_WP,10,October,96.3,15.6,22.9
2018-10-08T22:00:00Z,1.531,17.2,1.8,Port Kembla,6.48,SIMP_201812_WP,10,October,96.3,15.6,22.9
2018-10-08T23:00:00Z,1.462,17.2,2.6,Port Kembla,9.360000000000001,SIMP_201812_WP,10,October,96.3,15.6,22.9
2018-10-09T00:00:00Z,1.215,17.3,3.4,Port Kembla,12.24,SIMP_201812_WP,10,October,96.3,15.6,22.9
2018-10-09T01:00:00Z,0.863,17.3,3.1,Port Kembla,11.16,SIMP_201812_WP,10,October,96.3,15.6,22.9
2018-10-09T02:00:00Z,0.508,17.4,2.8,Port Kembla,10.08,SIMP_201812_WP,10,October,96.3,15.6,22.9
2018-10-09T03:00:00Z,0.238,17.6,2.9,Port Kembla,10.44,SIMP_201812_WP,10,October,96.3,15.6,22.9
2018-10-09T04:00:00Z,0.1,17.6,2.9,Port Kembla,10.44,SIMP_201812_WP,10,October,96.3,15.6,22.9
2018-10-09T05:00:00Z,0.156,17.6,3.9,Port Kembla,14.04,SIMP_201812_WP,10,October,96.3,15.6,22.9
2018-10-09T06:00:00Z,0.396,17.8,3.9,Port Kembla,14.04,SIMP_201812_WP,10,October,96.3,15.6,22.9
2018-10-09T07:00:00Z,0.744,17.3,1.3,Port Kembla,4.680000000000001,SIMP_201812_WP,10,October,96.3,15.6,22.9
2018-10-09T08:00:00Z,1.117,17.6,3,Port Kembla,10.8,SIMP_201812_WP,10,October,96.3,15.6,22.9
2018-10-09T09:00:00Z,1.426,18,1.2,Port Kembla,4.32,SIMP_201812_WP,10,October,96.3,15.6,22.9
2018-10-09T10:00:00Z,1.581,18.1,2.9,Port Kembla,10.44,SIMP_201812_WP,10,October,96.3,15.6,22.9
2018-10-09T11:00:00Z,1.548,18.1,3.4,Port Kembla,12.24,SIMP_201812_WP,10,October,96.3,15.6,22.9
2018-10-09T12:00:00Z,1.339,18.1,3.7,Port Kembla,13.32,SIMP_201812_WP,10,October,96.3,15.6,22.9
2018-10-09T13:00:00Z,0.99,17.8,3.4,Port Kembla,12.24,SIMP_201812_WP,10,October,96.3,15.6,22.9
2018-10-09T14:00:00Z,0.613,17.7,2.1,Port Kembla,7.5600000000000005,SIMP_201812_WP,10,October,96.3,15.6,22.9
2018-10-09T15:00:00Z,0.302,17.6,3.6,Port Kembla,12.96,SIMP_201812_WP,10,October,96.3,15.6,22.9
2018-10-09T16:00:00Z,0.117,17.8,3.4,Port Kembla,12.24,SIMP_201812_WP,10,October,96.3,15.6,22.9
2018-10-09T17:00:00Z,0.094,17.8,3.4,Port Kembla,12.24,SIMP_201812_WP,10,October,96.3,15.6,22.9
2018-10-09T18:00:00Z,0.255,17.7,3.3,Port Kembla,11.879999999999999,SIMP_201812_WP,10,October,96.3,15.6,22.9
2018-10-09T19:00:00Z,0.568,17.7,5.2,Port Kembla,18.720000000000002,SIMP_201812_WP,10,October,96.3,15.6,22.9
2018-10-09T20:00:00Z,0.927,17.6,5,Port Kembla,18,SIMP_201812_WP,10,October,96.3,15.6,22.9
2018-10-09T21:00:00Z,1.258,17.7,4.5,Port Kembla,16.2,SIMP_201812_WP,10,October,96.3,15.6,22.9
2018-10-09T22:00:00Z,1.49,17.6,5.3,Port Kembla,19.08,SIMP_201812_WP,10,October,96.3,15.6,22.9
2018-10-09T23:00:00Z,1.547,17.5,6.5,Port Kembla,23.400000000000002,SIMP_201812_WP,10,October,96.3,15.6,22.9
2018-10-10T00:00:00Z,1.42,17.5,4.7,Port Kembla,16.92,SIMP_201812_WP,10,October,96.3,15.6,22.9
2018-10-10T01:00:00Z,1.134,17.6,4.7,Port Kembla,16.92,SIMP_201812_WP,10,October,96.3,15.6,22.9
2018-10-10T02:00:00Z,0.768,17.6,5.2,Port Kembla,18.720000000000002,SIMP_201812_WP,10,October,96.3,15.6,22.9
2018-10-10T03:00:00Z,0.427,17.6,4.5,Port Kembla,16.2,SIMP_201812_WP,10,October,96.3,15.6,22.9
2018-10-10T04:00:00Z,0.174,17.6,4.6,Port Kembla,16.56,SIMP_201812_WP,10,October,96.3,15.6,22.9
2018-10-10T05:00:00Z,0.078,17.5,4.8,Port Kembla,17.28,SIMP_201812_WP,10,October,96.3,15.6,22.9
2018-10-10T06:00:00Z,0.162,17.4,4.6,Port Kembla,16.56,SIMP_201812_WP,10,October,96.3,15.6,22.9
2018-10-10T07:00:00Z,0.408,17.4,5.5,Port Kembla,19.8,SIMP_201812_WP,10,October,96.3,15.6,22.9
2018-10-10T08:00:00Z,0.74,17.4,4.2,Port Kembla,15.120000000000001,SIMP_201812_WP,10,October,96.3,15.6,22.9
2018-10-10T09:00:00Z,1.079,17.3,5.4,Port Kembla,19.44,SIMP_201812_WP,10,October,96.3,15.6,22.9
2018-10-10T10:00:00Z,1.346,17.3,4.2,Port Kembla,15.120000000000001,SIMP_201812_WP,10,October,96.3,15.6,22.9
2018-10-10T11:00:00Z,1.458,17.3,5.4,Port Kembla,19.44,SIMP_201812_WP,10,October,96.3,15.6,22.9
2018-10-10T12:00:00Z,1.394,17.3,3.9,Port Kembla,14.04,SIMP_201812_WP,10,October,96.3,15.6,22.9
2018-10-10T13:00:00Z,1.17,17.2,3.9,Port Kembla,14.04,SIMP_201812_WP,10,October,96.3,15.6,22.9
2018-10-10T14:00:00Z,0.844,17.2,5.4,Port Kembla,19.44,SIMP_201812_WP,10,October,96.3,15.6,22.9
2018-10-10T15:00:00Z,0.511,17.2,5.6,Port Kembla,20.16,SIMP_201812_WP,10,October,96.3,15.6,22.9
2018-10-10T16:00:00Z,0.259,17.1,3.4,Port Kembla,12.24,SIMP_201812_WP,10,October,96.3,15.6,22.9
2018-10-10T17:00:00Z,0.137,17.1,4.1,Port Kembla,14.76,SIMP_201812_WP,10,October,96.3,15.6,22.9
2018-10-10T18:00:00Z,0.176,17.1,4,Port Kembla,14.4,SIMP_201812_WP,10,October,96.3,15.6,22.9
2018-10-10T19:00:00Z,0.388,17.1,2.5,Port Kembla,9,SIMP_201812_WP,10,October,96.3,15.6,22.9
2018-10-10T20:00:00Z,0.696,17,4,Port Kembla,14.4,SIMP_201812_WP,10,October,96.3,15.6,22.9
2018-10-10T21:00:00Z,1.032,16.8,4.1,Port Kembla,14.76,SIMP_201812_WP,10,October,96.3,15.6,22.9
2018-10-10T22:00:00Z,1.323,16.8,3.3,Port Kembla,11.879999999999999,SIMP_201812_WP,10,October,96.3,15.6,22.9
2018-10-10T23:00:00Z,1.495,16.9,3.7,Port Kembla,13.32,SIMP_201812_WP,10,October,96.3,15.6,22.9
2018-10-11T00:00:00Z,1.496,16.9,3.5,Port Kembla,12.6,SIMP_201812_WP,10,October,96.3,15.6,22.9
2018-10-11T01:00:00Z,1.32,17,4.1,Port Kembla,14.76,SIMP_201812_WP,10,October,96.3,15.6,22.9
2018-10-11T02:00:00Z,1.016,17,4.6,Port Kembla,16.56,SIMP_201812_WP,10,October,96.3,15.6,22.9
2018-10-11T03:00:00Z,0.661,17,4.1,Port Kembla,14.76,SIMP_201812_WP,10,October,96.3,15.6,22.9
2018-10-11T04:00:00Z,0.349,17.1,4.4,Port Kembla,15.840000000000002,SIMP_201812_WP,10,October,96.3,15.6,22.9
2018-10-11T05:00:00Z,0.136,17.2,3.1,Port Kembla,11.16,SIMP_201812_WP,10,October,96.3,15.6,22.9
2018-10-11T06:00:00Z,0.082,17.2,3.8,Port Kembla,13.68,SIMP_201812_WP,10,October,96.3,15.6,22.9
2018-10-11T07:00:00Z,0.187,17.2,3.1,Port Kembla,11.16,SIMP_201812_WP,10,October,96.3,15.6,22.9
2018-10-11T08:00:00Z,0.426,17.3,3.7,Port Kembla,13.32,SIMP_201812_WP,10,October,96.3,15.6,22.9
2018-10-11T09:00:00Z,0.733,17.3,5.8,Port Kembla,20.88,SIMP_201812_WP,10,October,96.3,15.6,22.9
2018-10-11T10:00:00Z,1.023,17.1,4.1,Port Kembla,14.76,SIMP_201812_WP,10,October,96.3,15.6,22.9
2018-10-11T11:00:00Z,1.223,17.1,1.4,Port Kembla,5.04,SIMP_201812_WP,10,October,96.3,15.6,22.9
2018-10-11T12:00:00Z,1.295,17.1,4.7,Port Kembla,16.92,SIMP_201812_WP,10,October,96.3,15.6,22.9
2018-10-11T13:00:00Z,1.198,17.1,6.3,Port Kembla,22.68,SIMP_201812_WP,10,October,96.3,15.6,22.9
2018-10-11T14:00:00Z,0.958,17.1,3.3,Port Kembla,11.879999999999999,SIMP_201812_WP,10,October,96.3,15.6,22.9
2018-10-11T15:00:00Z,0.665,17.1,4.1,Port Kembla,14.76,SIMP_201812_WP,10,October,96.3,15.6,22.9
2018-10-11T16:00:00Z,0.398,17.1,4.3,Port Kembla,15.48,SIMP_201812_WP,10,October,96.3,15.6,22.9
2018-10-11T17:00:00Z,0.221,17.1,3.1,Port Kembla,11.16,SIMP_201812_WP,10,October,96.3,15.6,22.9
2018-10-11T18:00:00Z,0.173,17.1,5.1,Port Kembla,18.36,SIMP_201812_WP,10,October,96.3,15.6,22.9
2018-10-11T19:00:00Z,0.272,17,4.9,Port Kembla,17.64,SIMP_201812_WP,10,October,96.3,15.6,22.9
2018-10-11T20:00:00Z,0.49,17,3.8,Port Kembla,13.68,SIMP_201812_WP,10,October,96.3,15.6,22.9
2018-10-11T21:00:00Z,0.783,17,4.3,Port Kembla,15.48,SIMP_201812_WP,10,October,96.3,15.6,22.9
2018-10-11T22:00:00Z,1.082,17.1,4.2,Port Kembla,15.120000000000001,SIMP_201812_WP,10,October,96.3,15.6,22.9
2018-10-11T23:00:00Z,1.309,17.1,4.1,Port Kembla,14.76,SIMP_201812_WP,10,October,96.3,15.6,22.9
2018-10-12T00:00:00Z,1.415,17.1,4.6,Port Kembla,16.56,SIMP_201812_WP,10,October,96.3,15.6,22.9
2018-10-12T01:00:00Z,1.363,17.1,5.4,Port Kembla,19.44,SIMP_201812_WP,10,October,96.3,15.6,22.9
2018-10-12T02:00:00Z,1.153,17.1,4.7,Port Kembla,16.92,SIMP_201812_WP,10,October,96.3,15.6,22.9
2018-10-12T03:00:00Z,0.846,17.2,6.9,Port Kembla,24.840000000000003,SIMP_201812_WP,10,October,96.3,15.6,22.9
2018-10-12T04:00:00Z,0.519,17.2,5.1,Port Kembla,18.36,SIMP_201812_WP,10,October,96.3,15.6,22.9
2018-10-12T05:00:00Z,0.257,17.3,4.4,Port Kembla,15.840000000000002,SIMP_201812_WP,10,October,96.3,15.6,22.9
2018-10-12T06:00:00Z,0.096,17.3,2.9,Port Kembla,10.44,SIMP_201812_WP,10,October,96.3,15.6,22.9
2018-10-12T07:00:00Z,0.067,17.4,2.2,Port Kembla,7.920000000000001,SIMP_201812_WP,10,October,96.3,15.6,22.9
2018-10-12T08:00:00Z,0.193,17.4,2.5,Port Kembla,9,SIMP_201812_WP,10,October,96.3,15.6,22.9
2018-10-12T09:00:00Z,0.428,17.4,2.2,Port Kembla,7.920000000000001,SIMP_201812_WP,10,October,96.3,15.6,22.9
2018-10-12T10:00:00Z,0.694,17.4,2.9,Port Kembla,10.44,SIMP_201812_WP,10,October,96.3,15.6,22.9
2018-10-12T11:00:00Z,0.93,17.4,2,Port Kembla,7.2,SIMP_201812_WP,10,October,96.3,15.6,22.9
2018-10-12T12:00:00Z,1.085,17.4,1.3,Port Kembla,4.680000000000001,SIMP_201812_WP,10,October,96.3,15.6,22.9
2018-10-12T13:00:00Z,1.112,17.3,6.6,Port Kembla,23.759999999999998,SIMP_201812_WP,10,October,96.3,15.6,22.9
2018-10-12T14:00:00Z,1.001,17.3,1.7,Port Kembla,6.12,SIMP_201812_WP,10,October,96.3,15.6,22.9
2018-10-12T15:00:00Z,0.79,17.3,3.5,Port Kembla,12.6,SIMP_201812_WP,10,October,96.3,15.6,22.9
2018-10-12T16:00:00Z,0.563,17.4,1,Port Kembla,3.6,SIMP_201812_WP,10,October,96.3,15.6,22.9
2018-10-12T17:00:00Z,0.37,17.5,2.7,Port Kembla,9.72,SIMP_201812_WP,10,October,96.3,15.6,22.9
2018-10-12T18:00:00Z,0.252,17.5,2.5,Port Kembla,9,SIMP_201812_WP,10,October,96.3,15.6,22.9
2018-10-12T19:00:00Z,0.257,17.5,1.1,Port Kembla,3.9600000000000004,SIMP_201812_WP,10,October,96.3,15.6,22.9
2018-10-12T20:00:00Z,0.387,17.5,3,Port Kembla,10.8,SIMP_201812_WP,10,October,96.3,15.6,22.9
2018-10-12T21:00:00Z,0.608,17.5,2.9,Port Kembla,10.44,SIMP_201812_WP,10,October,96.3,15.6,22.9
2018-10-12T22:00:00Z,0.885,17.4,3.1,Port Kembla,11.16,SIMP_201812_WP,10,October,96.3,15.6,22.9
2018-10-12T23:00:00Z,1.142,17.4,1.9,Port Kembla,6.84,SIMP_201812_WP,10,October,96.3,15.6,22.9
2018-10-13T00:00:00Z,1.308,17.4,3.1,Port Kembla,11.16,SIMP_201812_WP,10,October,96.3,15.6,22.9
2018-10-13T01:00:00Z,1.358,17.5,3.1,Port Kembla,11.16,SIMP_201812_WP,10,October,96.3,15.6,22.9
2018-10-13T02:00:00Z,1.268,17.6,3.3,Port Kembla,11.879999999999999,SIMP_201812_WP,10,October,96.3,15.6,22.9
2018-10-13T03:00:00Z,1.045,17.8,3.2,Port Kembla,11.520000000000001,SIMP_201812_WP,10,October,96.3,15.6,22.9
2018-10-13T04:00:00Z,0.757,17.9,2.5,Port Kembla,9,SIMP_201812_WP,10,October,96.3,15.6,22.9
2018-10-13T05:00:00Z,0.485,17.8,5.4,Port Kembla,19.44,SIMP_201812_WP,10,October,96.3,15.6,22.9
2018-10-13T06:00:00Z,0.276,17.9,6.8,Port Kembla,24.48,SIMP_201812_WP,10,October,96.3,15.6,22.9
2018-10-13T07:00:00Z,0.159,18.1,6.6,Port Kembla,23.759999999999998,SIMP_201812_WP,10,October,96.3,15.6,22.9
2018-10-13T08:00:00Z,0.163,18,8,Port Kembla,28.8,SIMP_201812_WP,10,October,96.3,15.6,22.9
2018-10-13T09:00:00Z,0.294,18,8.1,Port Kembla,29.16,SIMP_201812_WP,10,October,96.3,15.6,22.9
2018-10-13T10:00:00Z,0.493,18,6.8,Port Kembla,24.48,SIMP_201812_WP,10,October,96.3,15.6,22.9
2018-10-13T11:00:00Z,0.707,18,7,Port Kembla,25.2,SIMP_201812_WP,10,October,96.3,15.6,22.9
2018-10-13T12:00:00Z,0.89,17.9,6.8,Port Kembla,24.48,SIMP_201812_WP,10,October,96.3,15.6,22.9
2018-10-13T13:00:00Z,0.999,17.8,6.5,Port Kembla,23.400000000000002,SIMP_201812_WP,10,October,96.3,15.6,22.9
2018-10-13T14:00:00Z,0.99,17.8,7,Port Kembla,25.2,SIMP_201812_WP,10,October,96.3,15.6,22.9
2018-10-13T15:00:00Z,0.873,17.8,6.6,Port Kembla,23.759999999999998,SIMP_201812_WP,10,October,96.3,15.6,22.9
2018-10-13T16:00:00Z,0.691,17.8,6.7,Port Kembla,24.12,SIMP_201812_WP,10,October,96.3,15.6,22.9
2018-10-13T17:00:00Z,0.503,17.8,6.8,Port Kembla,24.48,SIMP_201812_WP,10,October,96.3,15.6,22.9
2018-10-13T18:00:00Z,0.362,17.8,5.7,Port Kembla,20.52,SIMP_201812_WP,10,October,96.3,15.6,22.9
2018-10-13T19:00:00Z,0.303,17.8,6.6,Port Kembla,23.759999999999998,SIMP_201812_WP,10,October,96.3,15.6,22.9
2018-10-13T20:00:00Z,0.338,17.7,6.4,Port Kembla,23.040000000000003,SIMP_201812_WP,10,October,96.3,15.6,22.9
2018-10-13T21:00:00Z,0.474,17.7,6.9,Port Kembla,24.840000000000003,SIMP_201812_WP,10,October,96.3,15.6,22.9
2018-10-13T22:00:00Z,0.693,17.7,6.1,Port Kembla,21.96,SIMP_201812_WP,10,October,96.3,15.6,22.9
2018-10-13T23:00:00Z,0.924,17.8,5.9,Port Kembla,21.240000000000002,SIMP_201812_WP,10,October,96.3,15.6,22.9
2018-10-14T00:00:00Z,1.11,17.8,6.9,Port Kembla,24.840000000000003,SIMP_201812_WP,10,October,96.3,15.6,22.9
2018-10-14T01:00:00Z,1.223,17.8,6.1,Port Kembla,21.96,SIMP_201812_WP,10,October,96.3,15.6,22.9
2018-10-14T02:00:00Z,1.235,17.9,6.6,Port Kembla,23.759999999999998,SIMP_201812_WP,10,October,96.3,15.6,22.9
2018-10-14T03:00:00Z,1.113,17.9,4.9,Port Kembla,17.64,SIMP_201812_WP,10,October,96.3,15.6,22.9
2018-10-14T04:00:00Z,0.894,18,5.6,Port Kembla,20.16,SIMP_201812_WP,10,October,96.3,15.6,22.9
2018-10-14T05:00:00Z,0.646,18.1,5.1,Port Kembla,18.36,SIMP_201812_WP,10,October,96.3,15.6,22.9
2018-10-14T06:00:00Z,0.421,18.4,5.9,Port Kembla,21.240000000000002,SIMP_201812_WP,10,October,96.3,15.6,22.9
2018-10-14T07:00:00Z,0.248,18.4,5.6,Port Kembla,20.16,SIMP_201812_WP,10,October,96.3,15.6,22.9
2018-10-14T08:00:00Z,0.173,18.4,5.3,Port Kembla,19.08,SIMP_201812_WP,10,October,96.3,15.6,22.9
2018-10-14T09:00:00Z,0.203,18.5,5.8,Port Kembla,20.88,SIMP_201812_WP,10,October,96.3,15.6,22.9
2018-10-14T10:00:00Z,0.309,18.5,6.1,Port Kembla,21.96,SIMP_201812_WP,10,October,96.3,15.6,22.9
2018-10-14T11:00:00Z,0.471,18.5,3.3,Port Kembla,11.879999999999999,SIMP_201812_WP,10,October,96.3,15.6,22.9
2018-10-14T12:00:00Z,0.643,18.4,6.3,Port Kembla,22.68,SIMP_201812_WP,10,October,96.3,15.6,22.9
2018-10-14T13:00:00Z,0.791,18.4,4.4,Port Kembla,15.840000000000002,SIMP_201812_WP,10,October,96.3,15.6,22.9
2018-10-14T14:00:00Z,0.858,18.4,4.9,Port Kembla,17.64,SIMP_201812_WP,10,October,96.3,15.6,22.9
2018-10-14T15:00:00Z,0.833,18.4,4.4,Port Kembla,15.840000000000002,SIMP_201812_WP,10,October,96.3,15.6,22.9
2018-10-14T16:00:00Z,0.74,18.4,2.4,Port Kembla,8.64,SIMP_201812_WP,10,October,96.3,15.6,22.9
2018-10-14T17:00:00Z,0.599,18.5,1.9,Port Kembla,6.84,SIMP_201812_WP,10,October,96.3,15.6,22.9
2018-10-14T18:00:00Z,0.464,18.5,1.7,Port Kembla,6.12,SIMP_201812_WP,10,October,96.3,15.6,22.9
2018-10-14T19:00:00Z,0.37,18.4,1.8,Port Kembla,6.48,SIMP_201812_WP,10,October,96.3,15.6,22.9
2018-10-14T20:00:00Z,0.339,18.4,0.7,Port Kembla,2.52,SIMP_201812_WP,10,October,96.3,15.6,22.9
2018-10-14T21:00:00Z,0.391,18.4,1.4,Port Kembla,5.04,SIMP_201812_WP,10,October,96.3,15.6,22.9
2018-10-14T22:00:00Z,0.529,18.3,1.5,Port Kembla,5.4,SIMP_201812_WP,10,October,96.3,15.6,22.9
2018-10-14T23:00:00Z,0.721,18.4,1.9,Port Kembla,6.84,SIMP_201812_WP,10,October,96.3,15.6,22.9
2018-10-15T00:00:00Z,0.904,18.4,3.2,Port Kembla,11.520000000000001,SIMP_201812_WP,10,October,96.3,15.6,22.9
2018-10-15T01:00:00Z,1.059,18.6,6.2,Port Kembla,22.32,SIMP_201812_WP,10,October,96.3,15.6,22.9
2018-10-15T02:00:00Z,1.145,18.8,6,Port Kembla,21.6,SIMP_201812_WP,10,October,96.3,15.6,22.9
2018-10-15T03:00:00Z,1.129,18.7,5.9,Port Kembla,21.240000000000002,SIMP_201812_WP,10,October,96.3,15.6,22.9
2018-10-15T04:00:00Z,1.01,18.7,9.1,Port Kembla,32.76,SIMP_201812_WP,10,October,96.3,15.6,22.9
2018-10-15T05:00:00Z,0.823,18.8,6.1,Port Kembla,21.96,SIMP_201812_WP,10,October,96.3,15.6,22.9
2018-10-15T06:00:00Z,0.624,18.9,8.4,Port Kembla,30.240000000000002,SIMP_201812_WP,10,October,96.3,15.6,22.9
2018-10-15T07:00:00Z,0.437,18.8,6.5,Port Kembla,23.400000000000002,SIMP_201812_WP,10,October,96.3,15.6,22.9
2018-10-15T08:00:00Z,0.295,18.9,6.5,Port Kembla,23.400000000000002,SIMP_201812_WP,10,October,96.3,15.6,22.9
2018-10-15T09:00:00Z,0.227,18.9,6.1,Port Kembla,21.96,SIMP_201812_WP,10,October,96.3,15.6,22.9
2018-10-15T10:00:00Z,0.246,18.9,4.1,Port Kembla,14.76,SIMP_201812_WP,10,October,96.3,15.6,22.9
2018-10-15T11:00:00Z,0.337,18.8,3.6,Port Kembla,12.96,SIMP_201812_WP,10,October,96.3,15.6,22.9
2018-10-15T12:00:00Z,0.482,18.7,4.5,Port Kembla,16.2,SIMP_201812_WP,10,October,96.3,15.6,22.9
2018-10-15T13:00:00Z,0.622,18.7,1.6,Port Kembla,5.760000000000001,SIMP_201812_WP,10,October,96.3,15.6,22.9
2018-10-15T14:00:00Z,0.732,18.6,3.2,Port Kembla,11.520000000000001,SIMP_201812_WP,10,October,96.3,15.6,22.9
2018-10-15T15:00:00Z,0.79,18.5,5.9,Port Kembla,21.240000000000002,SIMP_201812_WP,10,October,96.3,15.6,22.9
2018-10-15T16:00:00Z,0.78,18.6,4.2,Port Kembla,15.120000000000001,SIMP_201812_WP,10,October,96.3,15.6,22.9
2018-10-15T17:00:00Z,0.702,18.7,3.4,Port Kembla,12.24,SIMP_201812_WP,10,October,96.3,15.6,22.9
2018-10-15T18:00:00Z,0.589,18.7,4.3,Port Kembla,15.48,SIMP_201812_WP,10,October,96.3,15.6,22.9
2018-10-15T19:00:00Z,0.492,18.7,3.2,Port Kembla,11.520000000000001,SIMP_201812_WP,10,October,96.3,15.6,22.9
2018-10-15T20:00:00Z,0.415,18.6,4,Port Kembla,14.4,SIMP_201812_WP,10,October,96.3,15.6,22.9
2018-10-15T21:00:00Z,0.402,18.6,4.8,Port Kembla,17.28,SIMP_201812_WP,10,October,96.3,15.6,22.9
2018-10-15T22:00:00Z,0.464,18.7,4.5,Port Kembla,16.2,SIMP_201812_WP,10,October,96.3,15.6,22.9
2018-10-15T23:00:00Z,0.587,18.8,4.6,Port Kembla,16.56,SIMP_201812_WP,10,October,96.3,15.6,22.9
2018-10-16T00:00:00Z,0.745,18.6,4.1,Port Kembla,14.76,SIMP_201812_WP,10,October,96.3,15.6,22.9
2018-10-16T01:00:00Z,0.905,18.8,6.8,Port Kembla,24.48,SIMP_201812_WP,10,October,96.3,15.6,22.9
2018-10-16T02:00:00Z,1.039,19.2,7.4,Port Kembla,26.64,SIMP_201812_WP,10,October,96.3,15.6,22.9
2018-10-16T03:00:00Z,1.099,19.7,7.4,Port Kembla,26.64,SIMP_201812_WP,10,October,96.3,15.6,22.9
2018-10-16T04:00:00Z,1.074,19.5,7.3,Port Kembla,26.28,SIMP_201812_WP,10,October,96.3,15.6,22.9
2018-10-16T05:00:00Z,0.963,19.2,5.6,Port Kembla,20.16,SIMP_201812_WP,10,October,96.3,15.6,22.9
2018-10-16T06:00:00Z,0.809,18.9,4.7,Port Kembla,16.92,SIMP_201812_WP,10,October,96.3,15.6,22.9
2018-10-16T07:00:00Z,0.632,19.1,4.6,Port Kembla,16.56,SIMP_201812_WP,10,October,96.3,15.6,22.9
2018-10-16T08:00:00Z,0.468,19.6,5.5,Port Kembla,19.8,SIMP_201812_WP,10,October,96.3,15.6,22.9
2018-10-16T09:00:00Z,0.343,19.9,5.8,Port Kembla,20.88,SIMP_201812_WP,10,October,96.3,15.6,22.9
2018-10-16T10:00:00Z,0.274,20,4.5,Port Kembla,16.2,SIMP_201812_WP,10,October,96.3,15.6,22.9
2018-10-16T11:00:00Z,0.284,19.8,5.2,Port Kembla,18.720000000000002,SIMP_201812_WP,10,October,96.3,15.6,22.9
2018-10-16T12:00:00Z,0.369,19.8,5.5,Port Kembla,19.8,SIMP_201812_WP,10,October,96.3,15.6,22.9
2018-10-16T13:00:00Z,0.49,19.7,4.9,Port Kembla,17.64,SIMP_201812_WP,10,October,96.3,15.6,22.9
2018-10-16T14:00:00Z,0.622,19.6,3.8,Port Kembla,13.68,SIMP_201812_WP,10,October,96.3,15.6,22.9
2018-10-16T15:00:00Z,0.736,19.5,4.1,Port Kembla,14.76,SIMP_201812_WP,10,October,96.3,15.6,22.9
2018-10-16T16:00:00Z,0.797,19.5,3,Port Kembla,10.8,SIMP_201812_WP,10,October,96.3,15.6,22.9
2018-10-16T17:00:00Z,0.796,19.2,4.9,Port Kembla,17.64,SIMP_201812_WP,10,October,96.3,15.6,22.9
2018-10-16T18:00:00Z,0.736,19.4,3.7,Port Kembla,13.32,SIMP_201812_WP,10,October,96.3,15.6,22.9
2018-10-16T19:00:00Z,0.65,19.4,4.4,Port Kembla,15.840000000000002,SIMP_201812_WP,10,October,96.3,15.6,22.9
2018-10-16T20:00:00Z,0.555,19.3,2.7,Port Kembla,9.72,SIMP_201812_WP,10,October,96.3,15.6,22.9
2018-10-16T21:00:00Z,0.486,19.2,4,Port Kembla,14.4,SIMP_201812_WP,10,October,96.3,15.6,22.9
2018-10-16T22:00:00Z,0.481,18.9,4.1,Port Kembla,14.76,SIMP_201812_WP,10,October,96.3,15.6,22.9
2018-10-16T23:00:00Z,0.535,19.3,4.5,Port Kembla,16.2,SIMP_201812_WP,10,October,96.3,15.6,22.9
2018-10-17T00:00:00Z,0.635,18.7,4.2,Port Kembla,15.120000000000001,SIMP_201812_WP,10,October,96.3,15.6,22.9
2018-10-17T01:00:00Z,0.77,18.4,4.1,Port Kembla,14.76,SIMP_201812_WP,10,October,96.3,15.6,22.9
2018-10-17T02:00:00Z,0.915,18.5,6,Port Kembla,21.6,SIMP_201812_WP,10,October,96.3,15.6,22.9
2018-10-17T03:00:00Z,1.033,18.6,4.8,Port Kembla,17.28,SIMP_201812_WP,10,October,96.3,15.6,22.9
2018-10-17T04:00:00Z,1.089,18.5,3.9,Port Kembla,14.04,SIMP_201812_WP,10,October,96.3,15.6,22.9
2018-10-17T05:00:00Z,1.08,18.3,4,Port Kembla,14.4,SIMP_201812_WP,10,October,96.3,15.6,22.9
2018-10-17T06:00:00Z,1.002,18.4,5.3,Port Kembla,19.08,SIMP_201812_WP,10,October,96.3,15.6,22.9
2018-10-17T07:00:00Z,0.861,19.3,7.5,Port Kembla,27,SIMP_201812_WP,10,October,96.3,15.6,22.9
2018-10-17T08:00:00Z,0.684,19.4,6.2,Port Kembla,22.32,SIMP_201812_WP,10,October,96.3,15.6,22.9
2018-10-17T09:00:00Z,0.513,19.5,4.8,Port Kembla,17.28,SIMP_201812_WP,10,October,96.3,15.6,22.9
2018-10-17T10:00:00Z,0.387,19.3,2.9,Port Kembla,10.44,SIMP_201812_WP,10,October,96.3,15.6,22.9
2018-10-17T11:00:00Z,0.32,18.8,2.2,Port Kembla,7.920000000000001,SIMP_201812_WP,10,October,96.3,15.6,22.9
2018-10-17T12:00:00Z,0.325,18.6,3.1,Port Kembla,11.16,SIMP_201812_WP,10,October,96.3,15.6,22.9
2018-10-17T13:00:00Z,0.413,18.9,1.3,Port Kembla,4.680000000000001,SIMP_201812_WP,10,October,96.3,15.6,22.9
2018-10-17T14:00:00Z,0.527,18.3,3,Port Kembla,10.8,SIMP_201812_WP,10,October,96.3,15.6,22.9
2018-10-17T15:00:00Z,0.667,18.1,2.9,Port Kembla,10.44,SIMP_201812_WP,10,October,96.3,15.6,22.9
2018-10-17T16:00:00Z,0.787,17.8,2.8,Port Kembla,10.08,SIMP_201812_WP,10,October,96.3,15.6,22.9
2018-10-17T17:00:00Z,0.851,18,2.2,Port Kembla,7.920000000000001,SIMP_201812_WP,10,October,96.3,15.6,22.9
2018-10-17T18:00:00Z,0.857,17.9,3.6,Port Kembla,12.96,SIMP_201812_WP,10,October,96.3,15.6,22.9
2018-10-17T19:00:00Z,0.807,18.4,2.9,Port Kembla,10.44,SIMP_201812_WP,10,October,96.3,15.6,22.9
2018-10-17T20:00:00Z,0.713,18.7,2.4,Port Kembla,8.64,SIMP_201812_WP,10,October,96.3,15.6,22.9
2018-10-17T21:00:00Z,0.611,18.3,1.8,Port Kembla,6.48,SIMP_201812_WP,10,October,96.3,15.6,22.9
2018-10-17T22:00:00Z,0.542,18.1,1.9,Port Kembla,6.84,SIMP_201812_WP,10,October,96.3,15.6,22.9
2018-10-17T23:00:00Z,0.52,18,2.3,Port Kembla,8.28,SIMP_201812_WP,10,October,96.3,15.6,22.9
2018-10-18T00:00:00Z,0.552,18,3.1,Port Kembla,11.16,SIMP_201812_WP,10,October,96.3,15.6,22.9
2018-10-18T01:00:00Z,0.647,18.1,4.7,Port Kembla,16.92,SIMP_201812_WP,10,October,96.3,15.6,22.9
2018-10-18T02:00:00Z,0.783,18.2,6.1,Port Kembla,21.96,SIMP_201812_WP,10,October,96.3,15.6,22.9
2018-10-18T03:00:00Z,0.935,18.4,5.9,Port Kembla,21.240000000000002,SIMP_201812_WP,10,October,96.3,15.6,22.9
2018-10-18T04:00:00Z,1.058,18.6,6.8,Port Kembla,24.48,SIMP_201812_WP,10,October,96.3,15.6,22.9
2018-10-18T05:00:00Z,1.138,18.9,9.1,Port Kembla,32.76,SIMP_201812_WP,10,October,96.3,15.6,22.9
2018-10-18T06:00:00Z,1.13,19.1,2.2,Port Kembla,7.920000000000001,SIMP_201812_WP,10,October,96.3,15.6,22.9
2018-10-18T07:00:00Z,1.057,18.4,7.7,Port Kembla,27.720000000000002,SIMP_201812_WP,10,October,96.3,15.6,22.9
2018-10-18T08:00:00Z,0.916,18.5,5.6,Port Kembla,20.16,SIMP_201812_WP,10,October,96.3,15.6,22.9
2018-10-18T09:00:00Z,0.737,19.1,2.7,Port Kembla,9.72,SIMP_201812_WP,10,October,96.3,15.6,22.9
2018-10-18T10:00:00Z,0.557,18.5,3.3,Port Kembla,11.879999999999999,SIMP_201812_WP,10,October,96.3,15.6,22.9
2018-10-18T11:00:00Z,0.413,19,3.4,Port Kembla,12.24,SIMP_201812_WP,10,October,96.3,15.6,22.9
2018-10-18T12:00:00Z,0.346,18.6,4.3,Port Kembla,15.48,SIMP_201812_WP,10,October,96.3,15.6,22.9
2018-10-18T13:00:00Z,0.354,19.1,2.8,Port Kembla,10.08,SIMP_201812_WP,10,October,96.3,15.6,22.9
2018-10-18T14:00:00Z,0.435,18.6,2.2,Port Kembla,7.920000000000001,SIMP_201812_WP,10,October,96.3,15.6,22.9
2018-10-18T15:00:00Z,0.569,18.4,2.7,Port Kembla,9.72,SIMP_201812_WP,10,October,96.3,15.6,22.9
2018-10-18T16:00:00Z,0.73,17.9,2.2,Port Kembla,7.920000000000001,SIMP_201812_WP,10,October,96.3,15.6,22.9
2018-10-18T17:00:00Z,0.863,18.8,3.1,Port Kembla,11.16,SIMP_201812_WP,10,October,96.3,15.6,22.9
2018-10-18T18:00:00Z,0.938,19,1.8,Port Kembla,6.48,SIMP_201812_WP,10,October,96.3,15.6,22.9
2018-10-18T19:00:00Z,0.946,17.6,2.1,Port Kembla,7.5600000000000005,SIMP_201812_WP,10,October,96.3,15.6,22.9
2018-10-18T20:00:00Z,0.891,18.1,1,Port Kembla,3.6,SIMP_201812_WP,10,October,96.3,15.6,22.9
2018-10-18T21:00:00Z,0.774,18.1,0.1,Port Kembla,0.36000000000000004,SIMP_201812_WP,10,October,96.3,15.6,22.9
2018-10-18T22:00:00Z,0.657,18,1.5,Port Kembla,5.4,SIMP_201812_WP,10,October,96.3,15.6,22.9
2018-10-18T23:00:00Z,0.568,18.1,1.5,Port Kembla,5.4,SIMP_201812_WP,10,October,96.3,15.6,22.9
2018-10-19T00:00:00Z,0.526,18.2,2.2,Port Kembla,7.920000000000001,SIMP_201812_WP,10,October,96.3,15.6,22.9
2018-10-19T01:00:00Z,0.561,18.3,1.9,Port Kembla,6.84,SIMP_201812_WP,10,October,96.3,15.6,22.9
2018-10-19T02:00:00Z,0.672,18.2,2.8,Port Kembla,10.08,SIMP_201812_WP,10,October,96.3,15.6,22.9
2018-10-19T03:00:00Z,0.823,18,3.5,Port Kembla,12.6,SIMP_201812_WP,10,October,96.3,15.6,22.9
2018-10-19T04:00:00Z,0.991,18.3,5.3,Port Kembla,19.08,SIMP_201812_WP,10,October,96.3,15.6,22.9
2018-10-19T05:00:00Z,1.146,19.3,4.7,Port Kembla,16.92,SIMP_201812_WP,10,October,96.3,15.6,22.9
2018-10-19T06:00:00Z,1.244,18.5,5.5,Port Kembla,19.8,SIMP_201812_WP,10,October,96.3,15.6,22.9
2018-10-19T07:00:00Z,1.25,18.6,5.7,Port Kembla,20.52,SIMP_201812_WP,10,October,96.3,15.6,22.9
2018-10-19T08:00:00Z,1.171,19,4.3,Port Kembla,15.48,SIMP_201812_WP,10,October,96.3,15.6,22.9
2018-10-19T09:00:00Z,1.008,19,2.3,Port Kembla,8.28,SIMP_201812_WP,10,October,96.3,15.6,22.9
2018-10-19T10:00:00Z,0.793,18.3,0.4,Port Kembla,1.4400000000000002,SIMP_201812_WP,10,October,96.3,15.6,22.9
2018-10-19T11:00:00Z,0.587,18.2,1.9,Port Kembla,6.84,SIMP_201812_WP,10,October,96.3,15.6,22.9
2018-10-19T12:00:00Z,0.444,18.2,0.3,Port Kembla,1.08,SIMP_201812_WP,10,October,96.3,15.6,22.9
2018-10-19T13:00:00Z,0.38,18.2,0.3,Port Kembla,1.08,SIMP_201812_WP,10,October,96.3,15.6,22.9
2018-10-19T14:00:00Z,0.403,18.1,0.4,Port Kembla,1.4400000000000002,SIMP_201812_WP,10,October,96.3,15.6,22.9
2018-10-19T15:00:00Z,0.521,18.1,1.1,Port Kembla,3.9600000000000004,SIMP_201812_WP,10,October,96.3,15.6,22.9
2018-10-19T16:00:00Z,0.705,17.8,0.9,Port Kembla,3.24,SIMP_201812_WP,10,October,96.3,15.6,22.9
2018-10-19T17:00:00Z,0.895,17.7,0.6,Port Kembla,2.16,SIMP_201812_WP,10,October,96.3,15.6,22.9
2018-10-19T18:00:00Z,1.057,16.9,1.1,Port Kembla,3.9600000000000004,SIMP_201812_WP,10,October,96.3,15.6,22.9
2018-10-19T19:00:00Z,1.151,17.7,1.8,Port Kembla,6.48,SIMP_201812_WP,10,October,96.3,15.6,22.9
2018-10-19T20:00:00Z,1.144,18.2,1.4,Port Kembla,5.04,SIMP_201812_WP,10,October,96.3,15.6,22.9
2018-10-19T21:00:00Z,1.056,17.8,1.8,Port Kembla,6.48,SIMP_201812_WP,10,October,96.3,15.6,22.9
2018-10-19T22:00:00Z,0.926,17.7,3.6,Port Kembla,12.96,SIMP_201812_WP,10,October,96.3,15.6,22.9
2018-10-19T23:00:00Z,0.779,17.9,1.1,Port Kembla,3.9600000000000004,SIMP_201812_WP,10,October,96.3,15.6,22.9
2018-10-20T00:00:00Z,0.658,17.8,3.4,Port Kembla,12.24,SIMP_201812_WP,10,October,96.3,15.6,22.9
2018-10-20T01:00:00Z,0.615,17.7,4.4,Port Kembla,15.840000000000002,SIMP_201812_WP,10,October,96.3,15.6,22.9
2018-10-20T02:00:00Z,0.656,18.6,3.2,Port Kembla,11.520000000000001,SIMP_201812_WP,10,October,96.3,15.6,22.9
2018-10-20T03:00:00Z,0.774,18.3,3.4,Port Kembla,12.24,SIMP_201812_WP,10,October,96.3,15.6,22.9
2018-10-20T04:00:00Z,0.954,18.1,4.7,Port Kembla,16.92,SIMP_201812_WP,10,October,96.3,15.6,22.9
2018-10-20T05:00:00Z,1.144,18,1.4,Port Kembla,5.04,SIMP_201812_WP,10,October,96.3,15.6,22.9
2018-10-20T06:00:00Z,1.313,17.7,2.9,Port Kembla,10.44,SIMP_201812_WP,10,October,96.3,15.6,22.9
2018-10-20T07:00:00Z,1.382,17.2,7.2,Port Kembla,25.92,SIMP_201812_WP,10,October,96.3,15.6,22.9
2018-10-20T08:00:00Z,1.35,17.2,5.3,Port Kembla,19.08,SIMP_201812_WP,10,October,96.3,15.6,22.9
2018-10-20T09:00:00Z,1.231,18,2.8,Port Kembla,10.08,SIMP_201812_WP,10,October,96.3,15.6,22.9
2018-10-20T10:00:00Z,1.002,18.2,3.1,Port Kembla,11.16,SIMP_201812_WP,10,October,96.3,15.6,22.9
2018-10-20T11:00:00Z,0.749,18.1,0.7,Port Kembla,2.52,SIMP_201812_WP,10,October,96.3,15.6,22.9
2018-10-20T12:00:00Z,0.529,17.9,1.9,Port Kembla,6.84,SIMP_201812_WP,10,October,96.3,15.6,22.9
2018-10-20T13:00:00Z,0.389,17.4,2.8,Port Kembla,10.08,SIMP_201812_WP,10,October,96.3,15.6,22.9
2018-10-20T14:00:00Z,0.339,17.3,1.7,Port Kembla,6.12,SIMP_201812_WP,10,October,96.3,15.6,22.9
2018-10-20T15:00:00Z,0.41,17,2.2,Port Kembla,7.920000000000001,SIMP_201812_WP,10,October,96.3,15.6,22.9
2018-10-20T16:00:00Z,0.572,17.1,5.1,Port Kembla,18.36,SIMP_201812_WP,10,October,96.3,15.6,22.9
2018-10-20T17:00:00Z,0.789,16.4,5.8,Port Kembla,20.88,SIMP_201812_WP,10,October,96.3,15.6,22.9
2018-10-20T18:00:00Z,0.994,16.1,4.8,Port Kembla,17.28,SIMP_201812_WP,10,October,96.3,15.6,22.9
2018-10-20T19:00:00Z,1.148,15.7,4.3,Port Kembla,15.48,SIMP_201812_WP,10,October,96.3,15.6,22.9
2018-10-20T20:00:00Z,1.212,15.7,4.7,Port Kembla,16.92,SIMP_201812_WP,10,October,96.3,15.6,22.9
2018-10-20T21:00:00Z,1.168,15.6,4,Port Kembla,14.4,SIMP_201812_WP,10,October,96.3,15.6,22.9
2018-10-20T22:00:00Z,1.036,15.9,4,Port Kembla,14.4,SIMP_201812_WP,10,October,96.3,15.6,22.9
2018-10-20T23:00:00Z,0.846,16,3.8,Port Kembla,13.68,SIMP_201812_WP,10,October,96.3,15.6,22.9
2018-10-21T00:00:00Z,0.644,16.1,3.3,Port Kembla,11.879999999999999,SIMP_201812_WP,10,October,96.3,15.6,22.9
2018-10-21T01:00:00Z,0.513,16.2,3.5,Port Kembla,12.6,SIMP_201812_WP,10,October,96.3,15.6,22.9
2018-10-21T02:00:00Z,0.484,16.2,2.9,Port Kembla,10.44,SIMP_201812_WP,10,October,96.3,15.6,22.9
2018-10-21T03:00:00Z,0.544,16.1,3.8,Port Kembla,13.68,SIMP_201812_WP,10,October,96.3,15.6,22.9
2018-10-21T04:00:00Z,0.701,16.2,3,Port Kembla,10.8,SIMP_201812_WP,10,October,96.3,15.6,22.9
2018-10-21T05:00:00Z,0.927,16.1,3,Port Kembla,10.8,SIMP_201812_WP,10,October,96.3,15.6,22.9
2018-10-21T06:00:00Z,1.155,16.3,2.6,Port Kembla,9.360000000000001,SIMP_201812_WP,10,October,96.3,15.6,22.9
2018-10-21T07:00:00Z,1.322,16.3,2.2,Port Kembla,7.920000000000001,SIMP_201812_WP,10,October,96.3,15.6,22.9
2018-10-21T08:00:00Z,1.378,16.4,0.9,Port Kembla,3.24,SIMP_201812_WP,10,October,96.3,15.6,22.9
2018-10-21T09:00:00Z,1.323,16.5,1.7,Port Kembla,6.12,SIMP_201812_WP,10,October,96.3,15.6,22.9
2018-10-21T10:00:00Z,1.148,16.5,2.3,Port Kembla,8.28,SIMP_201812_WP,10,October,96.3,15.6,22.9
2018-10-21T11:00:00Z,0.901,16.5,2.1,Port Kembla,7.5600000000000005,SIMP_201812_WP,10,October,96.3,15.6,22.9
2018-10-21T12:00:00Z,0.637,16.6,1.7,Port Kembla,6.12,SIMP_201812_WP,10,October,96.3,15.6,22.9
2018-10-21T13:00:00Z,0.433,16.6,1.9,Port Kembla,6.84,SIMP_201812_WP,10,October,96.3,15.6,22.9
2018-10-21T14:00:00Z,0.314,16.5,1.8,Port Kembla,6.48,SIMP_201812_WP,10,October,96.3,15.6,22.9
2018-10-21T15:00:00Z,0.319,16.6,2.5,Port Kembla,9,SIMP_201812_WP,10,October,96.3,15.6,22.9
2018-10-21T16:00:00Z,0.454,16.6,2,Port Kembla,7.2,SIMP_201812_WP,10,October,96.3,15.6,22.9
2018-10-21T17:00:00Z,0.68,16.6,2.6,Port Kembla,9.360000000000001,SIMP_201812_WP,10,October,96.3,15.6,22.9
2018-10-21T18:00:00Z,0.939,16.8,1.6,Port Kembla,5.760000000000001,SIMP_201812_WP,10,October,96.3,15.6,22.9
2018-10-21T19:00:00Z,1.18,16.9,0.2,Port Kembla,0.7200000000000001,SIMP_201812_WP,10,October,96.3,15.6,22.9
2018-10-21T20:00:00Z,1.32,17,0,Port Kembla,0,SIMP_201812_WP,10,October,96.3,15.6,22.9
2018-10-21T21:00:00Z,1.335,17,0.7,Port Kembla,2.52,SIMP_201812_WP,10,October,96.3,15.6,22.9
2018-10-21T22:00:00Z,1.229,17.1,1,Port Kembla,3.6,SIMP_201812_WP,10,October,96.3,15.6,22.9
2018-10-21T23:00:00Z,1.041,17,1.4,Port Kembla,5.04,SIMP_201812_WP,10,October,96.3,15.6,22.9
2018-10-22T00:00:00Z,0.804,17.1,2.7,Port Kembla,9.72,SIMP_201812_WP,10,October,96.3,15.6,22.9
2018-10-22T01:00:00Z,0.599,16.9,3.4,Port Kembla,12.24,SIMP_201812_WP,10,October,96.3,15.6,22.9
2018-10-22T02:00:00Z,0.479,17.3,4.6,Port Kembla,16.56,SIMP_201812_WP,10,October,96.3,15.6,22.9
2018-10-22T03:00:00Z,0.465,17.9,5.5,Port Kembla,19.8,SIMP_201812_WP,10,October,96.3,15.6,22.9
2018-10-22T04:00:00Z,0.575,17.8,6.6,Port Kembla,23.759999999999998,SIMP_201812_WP,10,October,96.3,15.6,22.9
2018-10-22T05:00:00Z,0.789,17.8,6,Port Kembla,21.6,SIMP_201812_WP,10,October,96.3,15.6,22.9
2018-10-22T06:00:00Z,1.05,17.9,6.9,Port Kembla,24.840000000000003,SIMP_201812_WP,10,October,96.3,15.6,22.9
2018-10-22T07:00:00Z,1.286,17.8,7.1,Port Kembla,25.56,SIMP_201812_WP,10,October,96.3,15.6,22.9
2018-10-22T08:00:00Z,1.433,17.5,7.1,Port Kembla,25.56,SIMP_201812_WP,10,October,96.3,15.6,22.9
2018-10-22T09:00:00Z,1.467,17.8,4.4,Port Kembla,15.840000000000002,SIMP_201812_WP,10,October,96.3,15.6,22.9
2018-10-22T10:00:00Z,1.36,17.7,3.1,Port Kembla,11.16,SIMP_201812_WP,10,October,96.3,15.6,22.9
2018-10-22T11:00:00Z,1.128,17.5,1.6,Port Kembla,5.760000000000001,SIMP_201812_WP,10,October,96.3,15.6,22.9
2018-10-22T12:00:00Z,0.852,17.5,1.8,Port Kembla,6.48,SIMP_201812_WP,10,October,96.3,15.6,22.9
2018-10-22T13:00:00Z,0.584,17.5,2.6,Port Kembla,9.360000000000001,SIMP_201812_WP,10,October,96.3,15.6,22.9
2018-10-22T14:00:00Z,0.387,17.8,2.4,Port Kembla,8.64,SIMP_201812_WP,10,October,96.3,15.6,22.9
2018-10-22T15:00:00Z,0.313,17.9,2,Port Kembla,7.2,SIMP_201812_WP,10,October,96.3,15.6,22.9
2018-10-22T16:00:00Z,0.389,17.8,2.2,Port Kembla,7.920000000000001,SIMP_201812_WP,10,October,96.3,15.6,22.9
2018-10-22T17:00:00Z,0.585,17.9,3.3,Port Kembla,11.879999999999999,SIMP_201812_WP,10,October,96.3,15.6,22.9
2018-10-22T18:00:00Z,0.859,17.8,2.6,Port Kembla,9.360000000000001,SIMP_201812_WP,10,October,96.3,15.6,22.9
2018-10-22T19:00:00Z,1.14,17.6,1.6,Port Kembla,5.760000000000001,SIMP_201812_WP,10,October,96.3,15.6,22.9
2018-10-22T20:00:00Z,1.354,17.5,1.9,Port Kembla,6.84,SIMP_201812_WP,10,October,96.3,15.6,22.9
2018-10-22T21:00:00Z,1.447,17.5,3.4,Port Kembla,12.24,SIMP_201812_WP,10,October,96.3,15.6,22.9
2018-10-22T22:00:00Z,1.395,17.4,3.4,Port Kembla,12.24,SIMP_201812_WP,10,October,96.3,15.6,22.9
2018-10-22T23:00:00Z,1.214,17.8,3.8,Port Kembla,13.68,SIMP_201812_WP,10,October,96.3,15.6,22.9
2018-10-23T00:00:00Z,0.948,18,5.5,Port Kembla,19.8,SIMP_201812_WP,10,October,96.3,15.6,22.9
2018-10-23T01:00:00Z,0.667,18.1,4.1,Port Kembla,14.76,SIMP_201812_WP,10,October,96.3,15.6,22.9
2018-10-23T02:00:00Z,0.471,18.2,3.8,Port Kembla,13.68,SIMP_201812_WP,10,October,96.3,15.6,22.9
2018-10-23T03:00:00Z,0.362,18.3,5,Port Kembla,18,SIMP_201812_WP,10,October,96.3,15.6,22.9
2018-10-23T04:00:00Z,0.388,18.7,4.4,Port Kembla,15.840000000000002,SIMP_201812_WP,10,October,96.3,15.6,22.9
2018-10-23T05:00:00Z,0.554,18.9,4.8,Port Kembla,17.28,SIMP_201812_WP,10,October,96.3,15.6,22.9
2018-10-23T06:00:00Z,0.819,19.1,3.8,Port Kembla,13.68,SIMP_201812_WP,10,October,96.3,15.6,22.9
2018-10-23T07:00:00Z,1.097,18.2,3.9,Port Kembla,14.04,SIMP_201812_WP,10,October,96.3,15.6,22.9
2018-10-23T08:00:00Z,1.338,18.1,2.1,Port Kembla,7.5600000000000005,SIMP_201812_WP,10,October,96.3,15.6,22.9
2018-10-23T09:00:00Z,1.467,18,2.3,Port Kembla,8.28,SIMP_201812_WP,10,October,96.3,15.6,22.9
2018-10-23T10:00:00Z,1.449,18.6,1.7,Port Kembla,6.12,SIMP_201812_WP,10,October,96.3,15.6,22.9
2018-10-23T11:00:00Z,1.281,17.9,2.7,Port Kembla,9.72,SIMP_201812_WP,10,October,96.3,15.6,22.9
2018-10-23T12:00:00Z,1.017,17.9,2.2,Port Kembla,7.920000000000001,SIMP_201812_WP,10,October,96.3,15.6,22.9
2018-10-23T13:00:00Z,0.721,18.2,1.9,Port Kembla,6.84,SIMP_201812_WP,10,October,96.3,15.6,22.9
2018-10-23T14:00:00Z,0.44,17.9,6.7,Port Kembla,24.12,SIMP_201812_WP,10,October,96.3,15.6,22.9
2018-10-23T15:00:00Z,0.285,17.5,8.1,Port Kembla,29.16,SIMP_201812_WP,10,October,96.3,15.6,22.9
2018-10-23T16:00:00Z,0.276,17.2,7.2,Port Kembla,25.92,SIMP_201812_WP,10,October,96.3,15.6,22.9
2018-10-23T17:00:00Z,0.425,17,5.5,Port Kembla,19.8,SIMP_201812_WP,10,October,96.3,15.6,22.9
2018-10-23T18:00:00Z,0.694,16.9,5.1,Port Kembla,18.36,SIMP_201812_WP,10,October,96.3,15.6,22.9
2018-10-23T19:00:00Z,1.017,16.8,5.2,Port Kembla,18.720000000000002,SIMP_201812_WP,10,October,96.3,15.6,22.9
2018-10-23T20:00:00Z,1.297,16.7,5.3,Port Kembla,19.08,SIMP_201812_WP,10,October,96.3,15.6,22.9
2018-10-23T21:00:00Z,1.475,16.4,4.5,Port Kembla,16.2,SIMP_201812_WP,10,October,96.3,15.6,22.9
2018-10-23T22:00:00Z,1.514,16.3,4.5,Port Kembla,16.2,SIMP_201812_WP,10,October,96.3,15.6,22.9
2018-10-23T23:00:00Z,1.4,16.4,3.8,Port Kembla,13.68,SIMP_201812_WP,10,October,96.3,15.6,22.9
2018-10-24T00:00:00Z,1.142,16.4,4.9,Port Kembla,17.64,SIMP_201812_WP,10,October,96.3,15.6,22.9
2018-10-24T01:00:00Z,0.826,16.3,3.6,Port Kembla,12.96,SIMP_201812_WP,10,October,96.3,15.6,22.9
2018-10-24T02:00:00Z,0.536,16.3,3.8,Port Kembla,13.68,SIMP_201812_WP,10,October,96.3,15.6,22.9
2018-10-24T03:00:00Z,0.326,16.4,4.2,Port Kembla,15.120000000000001,SIMP_201812_WP,10,October,96.3,15.6,22.9
2018-10-24T04:00:00Z,0.255,16.5,3.7,Port Kembla,13.32,SIMP_201812_WP,10,October,96.3,15.6,22.9
2018-10-24T05:00:00Z,0.346,16.5,4,Port Kembla,14.4,SIMP_201812_WP,10,October,96.3,15.6,22.9
2018-10-24T06:00:00Z,0.576,16.5,3.8,Port Kembla,13.68,SIMP_201812_WP,10,October,96.3,15.6,22.9
2018-10-24T07:00:00Z,0.87,16.2,3.6,Port Kembla,12.96,SIMP_201812_WP,10,October,96.3,15.6,22.9
2018-10-24T08:00:00Z,1.16,15.8,2.9,Port Kembla,10.44,SIMP_201812_WP,10,October,96.3,15.6,22.9
2018-10-24T09:00:00Z,1.371,15.8,2.6,Port Kembla,9.360000000000001,SIMP_201812_WP,10,October,96.3,15.6,22.9
2018-10-24T10:00:00Z,1.445,15.8,2.4,Port Kembla,8.64,SIMP_201812_WP,10,October,96.3,15.6,22.9
2018-10-24T11:00:00Z,1.367,15.8,2.5,Port Kembla,9,SIMP_201812_WP,10,October,96.3,15.6,22.9
2018-10-24T12:00:00Z,1.157,16.1,2.3,Port Kembla,8.28,SIMP_201812_WP,10,October,96.3,15.6,22.9
2018-10-24T13:00:00Z,0.873,16.7,2.9,Port Kembla,10.44,SIMP_201812_WP,10,October,96.3,15.6,22.9
2018-10-24T14:00:00Z,0.577,17,2.5,Port Kembla,9,SIMP_201812_WP,10,October,96.3,15.6,22.9
2018-10-24T15:00:00Z,0.362,17.1,2.2,Port Kembla,7.920000000000001,SIMP_201812_WP,10,October,96.3,15.6,22.9
2018-10-24T16:00:00Z,0.281,17.2,2.3,Port Kembla,8.28,SIMP_201812_WP,10,October,96.3,15.6,22.9
2018-10-24T17:00:00Z,0.356,17.2,2.3,Port Kembla,8.28,SIMP_201812_WP,10,October,96.3,15.6,22.9
2018-10-24T18:00:00Z,0.58,17.1,3,Port Kembla,10.8,SIMP_201812_WP,10,October,96.3,15.6,22.9
2018-10-24T19:00:00Z,0.9,16.9,2.5,Port Kembla,9,SIMP_201812_WP,10,October,96.3,15.6,22.9
2018-10-24T20:00:00Z,1.229,16.4,2.5,Port Kembla,9,SIMP_201812_WP,10,October,96.3,15.6,22.9
2018-10-24T21:00:00Z,1.485,16.3,1.7,Port Kembla,6.12,SIMP_201812_WP,10,October,96.3,15.6,22.9
2018-10-24T22:00:00Z,1.621,16.3,1.4,Port Kembla,5.04,SIMP_201812_WP,10,October,96.3,15.6,22.9
2018-10-24T23:00:00Z,1.597,16.2,3.1,Port Kembla,11.16,SIMP_201812_WP,10,October,96.3,15.6,22.9
2018-10-25T00:00:00Z,1.4,16.4,3.6,Port Kembla,12.96,SIMP_201812_WP,10,October,96.3,15.6,22.9
2018-10-25T01:00:00Z,1.093,16.5,3.3,Port Kembla,11.879999999999999,SIMP_201812_WP,10,October,96.3,15.6,22.9
2018-10-25T02:00:00Z,0.757,16.6,3.2,Port Kembla,11.520000000000001,SIMP_201812_WP,10,October,96.3,15.6,22.9
2018-10-25T03:00:00Z,0.469,16.9,3,Port Kembla,10.8,SIMP_201812_WP,10,October,96.3,15.6,22.9
2018-10-25T04:00:00Z,0.3,17,3,Port Kembla,10.8,SIMP_201812_WP,10,October,96.3,15.6,22.9
2018-10-25T05:00:00Z,0.281,17.1,3.1,Port Kembla,11.16,SIMP_201812_WP,10,October,96.3,15.6,22.9
2018-10-25T06:00:00Z,0.424,17.8,2.6,Port Kembla,9.360000000000001,SIMP_201812_WP,10,October,96.3,15.6,22.9
2018-10-25T07:00:00Z,0.686,17.9,3.6,Port Kembla,12.96,SIMP_201812_WP,10,October,96.3,15.6,22.9
2018-10-25T08:00:00Z,0.995,17.9,5.1,Port Kembla,18.36,SIMP_201812_WP,10,October,96.3,15.6,22.9
2018-10-25T09:00:00Z,1.268,17.8,5,Port Kembla,18,SIMP_201812_WP,10,October,96.3,15.6,22.9
2018-10-25T10:00:00Z,1.443,17.4,2.7,Port Kembla,9.72,SIMP_201812_WP,10,October,96.3,15.6,22.9
2018-10-25T11:00:00Z,1.468,17.3,1.5,Port Kembla,5.4,SIMP_201812_WP,10,October,96.3,15.6,22.9
2018-10-25T12:00:00Z,1.336,17.3,1.7,Port Kembla,6.12,SIMP_201812_WP,10,October,96.3,15.6,22.9
2018-10-25T13:00:00Z,1.086,17.3,2.6,Port Kembla,9.360000000000001,SIMP_201812_WP,10,October,96.3,15.6,22.9
2018-10-25T14:00:00Z,0.783,17.4,3.3,Port Kembla,11.879999999999999,SIMP_201812_WP,10,October,96.3,15.6,22.9
2018-10-25T15:00:00Z,0.516,17.6,1.1,Port Kembla,3.9600000000000004,SIMP_201812_WP,10,October,96.3,15.6,22.9
2018-10-25T16:00:00Z,0.351,17.6,1.6,Port Kembla,5.760000000000001,SIMP_201812_WP,10,October,96.3,15.6,22.9
2018-10-25T17:00:00Z,0.32,17.6,1.1,Port Kembla,3.9600000000000004,SIMP_201812_WP,10,October,96.3,15.6,22.9
2018-10-25T18:00:00Z,0.459,17.5,0.9,Port Kembla,3.24,SIMP_201812_WP,10,October,96.3,15.6,22.9
2018-10-25T19:00:00Z,0.733,17.3,4.9,Port Kembla,17.64,SIMP_201812_WP,10,October,96.3,15.6,22.9
2018-10-25T20:00:00Z,1.054,17.1,6.1,Port Kembla,21.96,SIMP_201812_WP,10,October,96.3,15.6,22.9
2018-10-25T21:00:00Z,1.359,16.6,4.7,Port Kembla,16.92,SIMP_201812_WP,10,October,96.3,15.6,22.9
2018-10-25T22:00:00Z,1.571,16.4,3.9,Port Kembla,14.04,SIMP_201812_WP,10,October,96.3,15.6,22.9
2018-10-25T23:00:00Z,1.654,16.1,3.5,Port Kembla,12.6,SIMP_201812_WP,10,October,96.3,15.6,22.9
2018-10-26T00:00:00Z,1.552,16.1,4,Port Kembla,14.4,SIMP_201812_WP,10,October,96.3,15.6,22.9
2018-10-26T01:00:00Z,1.293,16.2,3.8,Port Kembla,13.68,SIMP_201812_WP,10,October,96.3,15.6,22.9
2018-10-26T02:00:00Z,0.948,16.3,3.4,Port Kembla,12.24,SIMP_201812_WP,10,October,96.3,15.6,22.9
2018-10-26T03:00:00Z,0.606,16.5,4.7,Port Kembla,16.92,SIMP_201812_WP,10,October,96.3,15.6,22.9
2018-10-26T04:00:00Z,0.342,16.6,5.3,Port Kembla,19.08,SIMP_201812_WP,10,October,96.3,15.6,22.9
2018-10-26T05:00:00Z,0.21,16.6,4.6,Port Kembla,16.56,SIMP_201812_WP,10,October,96.3,15.6,22.9
2018-10-26T06:00:00Z,0.233,16.6,2.6,Port Kembla,9.360000000000001,SIMP_201812_WP,10,October,96.3,15.6,22.9
2018-10-26T07:00:00Z,0.404,16.6,2.9,Port Kembla,10.44,SIMP_201812_WP,10,October,96.3,15.6,22.9
2018-10-26T08:00:00Z,0.677,16.5,2.7,Port Kembla,9.72,SIMP_201812_WP,10,October,96.3,15.6,22.9
2018-10-26T09:00:00Z,0.978,16.6,2.8,Port Kembla,10.08,SIMP_201812_WP,10,October,96.3,15.6,22.9
2018-10-26T10:00:00Z,1.216,16.6,1.7,Port Kembla,6.12,SIMP_201812_WP,10,October,96.3,15.6,22.9
2018-10-26T11:00:00Z,1.349,16.6,1.7,Port Kembla,6.12,SIMP_201812_WP,10,October,96.3,15.6,22.9
2018-10-26T12:00:00Z,1.343,16.6,1.6,Port Kembla,5.760000000000001,SIMP_201812_WP,10,October,96.3,15.6,22.9
2018-10-26T13:00:00Z,1.184,16.7,2.7,Port Kembla,9.72,SIMP_201812_WP,10,October,96.3,15.6,22.9
2018-10-26T14:00:00Z,0.915,16.7,2.1,Port Kembla,7.5600000000000005,SIMP_201812_WP,10,October,96.3,15.6,22.9
2018-10-26T15:00:00Z,0.633,16.7,2.3,Port Kembla,8.28,SIMP_201812_WP,10,October,96.3,15.6,22.9
2018-10-26T16:00:00Z,0.411,16.7,2.3,Port Kembla,8.28,SIMP_201812_WP,10,October,96.3,15.6,22.9
2018-10-26T17:00:00Z,0.306,16.7,1.8,Port Kembla,6.48,SIMP_201812_WP,10,October,96.3,15.6,22.9
2018-10-26T18:00:00Z,0.354,16.7,1.8,Port Kembla,6.48,SIMP_201812_WP,10,October,96.3,15.6,22.9
2018-10-26T19:00:00Z,0.551,16.9,1.6,Port Kembla,5.760000000000001,SIMP_201812_WP,10,October,96.3,15.6,22.9
2018-10-26T20:00:00Z,0.85,17,1.2,Port Kembla,4.32,SIMP_201812_WP,10,October,96.3,15.6,22.9
2018-10-26T21:00:00Z,1.197,17,0.6,Port Kembla,2.16,SIMP_201812_WP,10,October,96.3,15.6,22.9
2018-10-26T22:00:00Z,1.501,16.9,1.8,Port Kembla,6.48,SIMP_201812_WP,10,October,96.3,15.6,22.9
2018-10-26T23:00:00Z,1.703,16.8,2.8,Port Kembla,10.08,SIMP_201812_WP,10,October,96.3,15.6,22.9
2018-10-27T00:00:00Z,1.74,16.8,3.9,Port Kembla,14.04,SIMP_201812_WP,10,October,96.3,15.6,22.9
2018-10-27T01:00:00Z,1.598,17.1,5.9,Port Kembla,21.240000000000002,SIMP_201812_WP,10,October,96.3,15.6,22.9
2018-10-27T02:00:00Z,1.32,17.4,4.5,Port Kembla,16.2,SIMP_201812_WP,10,October,96.3,15.6,22.9
2018-10-27T03:00:00Z,0.978,17.6,4.4,Port Kembla,15.840000000000002,SIMP_201812_WP,10,October,96.3,15.6,22.9
2018-10-27T04:00:00Z,0.655,17.8,3.6,Port Kembla,12.96,SIMP_201812_WP,10,October,96.3,15.6,22.9
2018-10-27T05:00:00Z,0.411,18,4.6,Port Kembla,16.56,SIMP_201812_WP,10,October,96.3,15.6,22.9
2018-10-27T06:00:00Z,0.313,18.3,3,Port Kembla,10.8,SIMP_201812_WP,10,October,96.3,15.6,22.9
2018-10-27T07:00:00Z,0.37,18.4,3.4,Port Kembla,12.24,SIMP_201812_WP,10,October,96.3,15.6,22.9
2018-10-27T08:00:00Z,0.554,18.4,2.6,Port Kembla,9.360000000000001,SIMP_201812_WP,10,October,96.3,15.6,22.9
2018-10-27T09:00:00Z,0.818,18.3,3,Port Kembla,10.8,SIMP_201812_WP,10,October,96.3,15.6,22.9
2018-10-27T10:00:00Z,1.09,17.7,4.1,Port Kembla,14.76,SIMP_201812_WP,10,October,96.3,15.6,22.9
2018-10-27T11:00:00Z,1.291,17.6,3.2,Port Kembla,11.520000000000001,SIMP_201812_WP,10,October,96.3,15.6,22.9
2018-10-27T12:00:00Z,1.394,17.4,2.4,Port Kembla,8.64,SIMP_201812_WP,10,October,96.3,15.6,22.9
2018-10-27T13:00:00Z,1.354,17.4,2.6,Port Kembla,9.360000000000001,SIMP_201812_WP,10,October,96.3,15.6,22.9
2018-10-27T14:00:00Z,1.179,17.1,2.2,Port Kembla,7.920000000000001,SIMP_201812_WP,10,October,96.3,15.6,22.9
2018-10-27T15:00:00Z,0.924,17.2,2.7,Port Kembla,9.72,SIMP_201812_WP,10,October,96.3,15.6,22.9
2018-10-27T16:00:00Z,0.678,17.3,2.4,Port Kembla,8.64,SIMP_201812_WP,10,October,96.3,15.6,22.9
2018-10-27T17:00:00Z,0.497,17.4,2.4,Port Kembla,8.64,SIMP_201812_WP,10,October,96.3,15.6,22.9
2018-10-27T18:00:00Z,0.428,17.4,3,Port Kembla,10.8,SIMP_201812_WP,10,October,96.3,15.6,22.9
2018-10-27T19:00:00Z,0.497,17.3,4.1,Port Kembla,14.76,SIMP_201812_WP,10,October,96.3,15.6,22.9
2018-10-27T20:00:00Z,0.72,17.3,4.9,Port Kembla,17.64,SIMP_201812_WP,10,October,96.3,15.6,22.9
2018-10-27T21:00:00Z,1.025,17,4.1,Port Kembla,14.76,SIMP_201812_WP,10,October,96.3,15.6,22.9
2018-10-27T22:00:00Z,1.344,16.9,5.1,Port Kembla,18.36,SIMP_201812_WP,10,October,96.3,15.6,22.9
2018-10-27T23:00:00Z,1.597,16.8,4.4,Port Kembla,15.840000000000002,SIMP_201812_WP,10,October,96.3,15.6,22.9
2018-10-28T00:00:00Z,1.734,16.8,4,Port Kembla,14.4,SIMP_201812_WP,10,October,96.3,15.6,22.9
2018-10-28T01:00:00Z,1.719,16.9,3.5,Port Kembla,12.6,SIMP_201812_WP,10,October,96.3,15.6,22.9
2018-10-28T02:00:00Z,1.524,16.9,4.4,Port Kembla,15.840000000000002,SIMP_201812_WP,10,October,96.3,15.6,22.9
2018-10-28T03:00:00Z,1.215,16.9,5.1,Port Kembla,18.36,SIMP_201812_WP,10,October,96.3,15.6,22.9
2018-10-28T04:00:00Z,0.864,17,3.7,Port Kembla,13.32,SIMP_201812_WP,10,October,96.3,15.6,22.9
2018-10-28T05:00:00Z,0.547,17,3.4,Port Kembla,12.24,SIMP_201812_WP,10,October,96.3,15.6,22.9
2018-10-28T06:00:00Z,0.334,17.1,2.8,Port Kembla,10.08,SIMP_201812_WP,10,October,96.3,15.6,22.9
2018-10-28T07:00:00Z,0.26,17.2,2,Port Kembla,7.2,SIMP_201812_WP,10,October,96.3,15.6,22.9
2018-10-28T08:00:00Z,0.332,17.2,0.9,Port Kembla,3.24,SIMP_201812_WP,10,October,96.3,15.6,22.9
2018-10-28T09:00:00Z,0.526,17.2,0.8,Port Kembla,2.8800000000000003,SIMP_201812_WP,10,October,96.3,15.6,22.9
2018-10-28T10:00:00Z,0.785,17.2,1.1,Port Kembla,3.9600000000000004,SIMP_201812_WP,10,October,96.3,15.6,22.9
2018-10-28T11:00:00Z,1.027,17.2,0.2,Port Kembla,0.7200000000000001,SIMP_201812_WP,10,October,96.3,15.6,22.9
2018-10-28T12:00:00Z,1.22,17.3,0.8,Port Kembla,2.8800000000000003,SIMP_201812_WP,10,October,96.3,15.6,22.9
2018-10-28T13:00:00Z,1.307,17.3,1.5,Port Kembla,5.4,SIMP_201812_WP,10,October,96.3,15.6,22.9
2018-10-28T14:00:00Z,1.239,17.4,2.3,Port Kembla,8.28,SIMP_201812_WP,10,October,96.3,15.6,22.9
2018-10-28T15:00:00Z,1.071,17.6,1.6,Port Kembla,5.760000000000001,SIMP_201812_WP,10,October,96.3,15.6,22.9
2018-10-28T16:00:00Z,0.854,17.7,2.3,Port Kembla,8.28,SIMP_201812_WP,10,October,96.3,15.6,22.9
2018-10-28T17:00:00Z,0.653,17.7,1.4,Port Kembla,5.04,SIMP_201812_WP,10,October,96.3,15.6,22.9
2018-10-28T18:00:00Z,0.512,17.8,1.7,Port Kembla,6.12,SIMP_201812_WP,10,October,96.3,15.6,22.9
2018-10-28T19:00:00Z,0.482,17.7,2,Port Kembla,7.2,SIMP_201812_WP,10,October,96.3,15.6,22.9
2018-10-28T20:00:00Z,0.588,17.8,2.1,Port Kembla,7.5600000000000005,SIMP_201812_WP,10,October,96.3,15.6,22.9
2018-10-28T21:00:00Z,0.808,17.5,2.8,Port Kembla,10.08,SIMP_201812_WP,10,October,96.3,15.6,22.9
2018-10-28T22:00:00Z,1.093,17.6,2.3,Port Kembla,8.28,SIMP_201812_WP,10,October,96.3,15.6,22.9
2018-10-28T23:00:00Z,1.377,17.3,1.8,Port Kembla,6.48,SIMP_201812_WP,10,October,96.3,15.6,22.9
2018-10-29T00:00:00Z,1.593,17.2,2.9,Port Kembla,10.44,SIMP_201812_WP,10,October,96.3,15.6,22.9
2018-10-29T01:00:00Z,1.694,17.2,3.8,Port Kembla,13.68,SIMP_201812_WP,10,October,96.3,15.6,22.9
2018-10-29T02:00:00Z,1.634,17.2,3.8,Port Kembla,13.68,SIMP_201812_WP,10,October,96.3,15.6,22.9
2018-10-29T03:00:00Z,1.424,17.3,4.6,Port Kembla,16.56,SIMP_201812_WP,10,October,96.3,15.6,22.9
2018-10-29T04:00:00Z,1.114,17.3,3.9,Port Kembla,14.04,SIMP_201812_WP,10,October,96.3,15.6,22.9
2018-10-29T05:00:00Z,0.786,17.4,4,Port Kembla,14.4,SIMP_201812_WP,10,October,96.3,15.6,22.9
2018-10-29T06:00:00Z,0.494,17.5,4,Port Kembla,14.4,SIMP_201812_WP,10,October,96.3,15.6,22.9
2018-10-29T07:00:00Z,0.298,17.6,3.9,Port Kembla,14.04,SIMP_201812_WP,10,October,96.3,15.6,22.9
2018-10-29T08:00:00Z,0.239,17.5,3.3,Port Kembla,11.879999999999999,SIMP_201812_WP,10,October,96.3,15.6,22.9
2018-10-29T09:00:00Z,0.316,17.4,2.4,Port Kembla,8.64,SIMP_201812_WP,10,October,96.3,15.6,22.9
2018-10-29T10:00:00Z,0.489,17.4,1.6,Port Kembla,5.760000000000001,SIMP_201812_WP,10,October,96.3,15.6,22.9
2018-10-29T11:00:00Z,0.719,17.4,1.6,Port Kembla,5.760000000000001,SIMP_201812_WP,10,October,96.3,15.6,22.9
2018-10-29T12:00:00Z,0.941,17.4,2.2,Port Kembla,7.920000000000001,SIMP_201812_WP,10,October,96.3,15.6,22.9
2018-10-29T13:00:00Z,1.121,17.4,3.6,Port Kembla,12.96,SIMP_201812_WP,10,October,96.3,15.6,22.9
2018-10-29T14:00:00Z,1.184,17.4,2.5,Port Kembla,9,SIMP_201812_WP,10,October,96.3,15.6,22.9
2018-10-29T15:00:00Z,1.121,17.4,4.3,Port Kembla,15.48,SIMP_201812_WP,10,October,96.3,15.6,22.9
2018-10-29T16:00:00Z,0.978,17.4,3.7,Port Kembla,13.32,SIMP_201812_WP,10,October,96.3,15.6,22.9
2018-10-29T17:00:00Z,0.787,17.4,1.5,Port Kembla,5.4,SIMP_201812_WP,10,October,96.3,15.6,22.9
2018-10-29T18:00:00Z,0.617,17.7,3.8,Port Kembla,13.68,SIMP_201812_WP,10,October,96.3,15.6,22.9
2018-10-29T19:00:00Z,0.506,17.7,4.5,Port Kembla,16.2,SIMP_201812_WP,10,October,96.3,15.6,22.9
2018-10-29T20:00:00Z,0.496,17.8,5.5,Port Kembla,19.8,SIMP_201812_WP,10,October,96.3,15.6,22.9
2018-10-29T21:00:00Z,0.608,17.8,4.1,Port Kembla,14.76,SIMP_201812_WP,10,October,96.3,15.6,22.9
2018-10-29T22:00:00Z,0.815,17.8,3.8,Port Kembla,13.68,SIMP_201812_WP,10,October,96.3,15.6,22.9
2018-10-29T23:00:00Z,1.083,17.9,5.4,Port Kembla,19.44,SIMP_201812_WP,10,October,96.3,15.6,22.9
2018-10-30T00:00:00Z,1.335,18,5.6,Port Kembla,20.16,SIMP_201812_WP,10,October,96.3,15.6,22.9
2018-10-30T01:00:00Z,1.531,18,6.8,Port Kembla,24.48,SIMP_201812_WP,10,October,96.3,15.6,22.9
2018-10-30T02:00:00Z,1.625,18.1,7.5,Port Kembla,27,SIMP_201812_WP,10,October,96.3,15.6,22.9
2018-10-30T03:00:00Z,1.564,18.3,8,Port Kembla,28.8,SIMP_201812_WP,10,October,96.3,15.6,22.9
2018-10-30T04:00:00Z,1.368,18.4,7.4,Port Kembla,26.64,SIMP_201812_WP,10,October,96.3,15.6,22.9
2018-10-30T05:00:00Z,1.092,18.5,6.5,Port Kembla,23.400000000000002,SIMP_201812_WP,10,October,96.3,15.6,22.9
2018-10-30T06:00:00Z,0.794,18.6,4.2,Port Kembla,15.120000000000001,SIMP_201812_WP,10,October,96.3,15.6,22.9
2018-10-30T07:00:00Z,0.533,18.7,3.6,Port Kembla,12.96,SIMP_201812_WP,10,October,96.3,15.6,22.9
2018-10-30T08:00:00Z,0.359,18.8,5,Port Kembla,18,SIMP_201812_WP,10,October,96.3,15.6,22.9
2018-10-30T09:00:00Z,0.297,18.8,2.3,Port Kembla,8.28,SIMP_201812_WP,10,October,96.3,15.6,22.9
2018-10-30T10:00:00Z,0.354,18.8,1.3,Port Kembla,4.680000000000001,SIMP_201812_WP,10,October,96.3,15.6,22.9
2018-10-30T11:00:00Z,0.502,18.7,1.4,Port Kembla,5.04,SIMP_201812_WP,10,October,96.3,15.6,22.9
2018-10-30T12:00:00Z,0.712,18.5,3.6,Port Kembla,12.96,SIMP_201812_WP,10,October,96.3,15.6,22.9
2018-10-30T13:00:00Z,0.922,18,1.4,Port Kembla,5.04,SIMP_201812_WP,10,October,96.3,15.6,22.9
2018-10-30T14:00:00Z,1.084,17.9,1.3,Port Kembla,4.680000000000001,SIMP_201812_WP,10,October,96.3,15.6,22.9
2018-10-30T15:00:00Z,1.148,17.9,4,Port Kembla,14.4,SIMP_201812_WP,10,October,96.3,15.6,22.9
2018-10-30T16:00:00Z,1.114,17.8,2.5,Port Kembla,9,SIMP_201812_WP,10,October,96.3,15.6,22.9
2018-10-30T17:00:00Z,1,17.7,1.6,Port Kembla,5.760000000000001,SIMP_201812_WP,10,October,96.3,15.6,22.9
2018-10-30T18:00:00Z,0.841,17.8,1.1,Port Kembla,3.9600000000000004,SIMP_201812_WP,10,October,96.3,15.6,22.9
2018-10-30T19:00:00Z,0.681,17.9,1,Port Kembla,3.6,SIMP_201812_WP,10,October,96.3,15.6,22.9
2018-10-30T20:00:00Z,0.581,17.9,1.1,Port Kembla,3.9600000000000004,SIMP_201812_WP,10,October,96.3,15.6,22.9
2018-10-30T21:00:00Z,0.564,17.9,1.3,Port Kembla,4.680000000000001,SIMP_201812_WP,10,October,96.3,15.6,22.9
2018-10-30T22:00:00Z,0.651,17.9,2.9,Port Kembla,10.44,SIMP_201812_WP,10,October,96.3,15.6,22.9
2018-10-30T23:00:00Z,0.837,18,2.6,Port Kembla,9.360000000000001,SIMP_201812_WP,10,October,96.3,15.6,22.9
2018-10-31T00:00:00Z,1.061,18,2.1,Port Kembla,7.5600000000000005,SIMP_201812_WP,10,October,96.3,15.6,22.9
2018-10-31T01:00:00Z,1.294,17.9,1.5,Port Kembla,5.4,SIMP_201812_WP,10,October,96.3,15.6,22.9
2018-10-31T02:00:00Z,1.482,17.9,1.8,Port Kembla,6.48,SIMP_201812_WP,10,October,96.3,15.6,22.9
2018-10-31T03:00:00Z,1.563,17.9,2.2,Port Kembla,7.920000000000001,SIMP_201812_WP,10,October,96.3,15.6,22.9
2018-10-31T04:00:00Z,1.512,18.1,2.2,Port Kembla,7.920000000000001,SIMP_201812_WP,10,October,96.3,15.6,22.9
2018-10-31T05:00:00Z,1.349,18,2.1,Port Kembla,7.5600000000000005,SIMP_201812_WP,10,October,96.3,15.6,22.9
2018-10-31T06:00:00Z,1.109,18.1,2.8,Port Kembla,10.08,SIMP_201812_WP,10,October,96.3,15.6,22.9
2018-10-31T07:00:00Z,0.824,18.2,2.2,Port Kembla,7.920000000000001,SIMP_201812_WP,10,October,96.3,15.6,22.9
2018-10-31T08:00:00Z,0.559,18.3,3.1,Port Kembla,11.16,SIMP_201812_WP,10,October,96.3,15.6,22.9
2018-10-31T09:00:00Z,0.377,18.2,2,Port Kembla,7.2,SIMP_201812_WP,10,October,96.3,15.6,22.9
2018-10-31T10:00:00Z,0.288,18.2,2.5,Port Kembla,9,SIMP_201812_WP,10,October,96.3,15.6,22.9
2018-10-31T11:00:00Z,0.317,18.2,2.5,Port Kembla,9,SIMP_201812_WP,10,October,96.3,15.6,22.9
2018-10-31T12:00:00Z,0.463,18.1,1.6,Port Kembla,5.760000000000001,SIMP_201812_WP,10,October,96.3,15.6,22.9
2018-10-31T13:00:00Z,0.671,17.9,1.4,Port Kembla,5.04,SIMP_201812_WP,10,October,96.3,15.6,22.9
2018-10-31T14:00:00Z,0.894,17.9,1.2,Port Kembla,4.32,SIMP_201812_WP,10,October,96.3,15.6,22.9
2018-10-31T15:00:00Z,1.062,17.9,1.9,Port Kembla,6.84,SIMP_201812_WP,10,October,96.3,15.6,22.9
2018-10-31T16:00:00Z,1.156,17.9,1.1,Port Kembla,3.9600000000000004,SIMP_201812_WP,10,October,96.3,15.6,22.9
2018-10-31T17:00:00Z,1.148,17.9,0.8,Port Kembla,2.8800000000000003,SIMP_201812_WP,10,October,96.3,15.6,22.9
2018-10-31T18:00:00Z,1.048,17.8,0.7,Port Kembla,2.52,SIMP_201812_WP,10,October,96.3,15.6,22.9
2018-10-31T19:00:00Z,0.897,17.9,0.6,Port Kembla,2.16,SIMP_201812_WP,10,October,96.3,15.6,22.9
2018-10-31T20:00:00Z,0.73,18.2,0.8,Port Kembla,2.8800000000000003,SIMP_201812_WP,10,October,96.3,15.6,22.9
2018-10-31T21:00:00Z,0.607,18.3,1.8,Port Kembla,6.48,SIMP_201812_WP,10,October,96.3,15.6,22.9
2018-10-31T22:00:00Z,0.566,18.5,2.3,Port Kembla,8.28,SIMP_201812_WP,10,October,96.3,15.6,22.9
2018-10-31T23:00:00Z,0.64,18.5,4.4,Port Kembla,15.840000000000002,SIMP_201812_WP,10,October,96.3,15.6,22.9
2018-11-01T00:00:00Z,0.799,18.5,4.7,Port Kembla,16.92,SIMP_201812_WP,11,November,144.7,15.8,23.7
2018-11-01T01:00:00Z,1.016,18.8,4.7,Port Kembla,16.92,SIMP_201812_WP,11,November,144.7,15.8,23.7
2018-11-01T02:00:00Z,1.249,19,4.8,Port Kembla,17.28,SIMP_201812_WP,11,November,144.7,15.8,23.7
2018-11-01T03:00:00Z,1.442,19.1,3.6,Port Kembla,12.96,SIMP_201812_WP,11,November,144.7,15.8,23.7
2018-11-01T04:00:00Z,1.542,19.2,2.6,Port Kembla,9.360000000000001,SIMP_201812_WP,11,November,144.7,15.8,23.7
2018-11-01T05:00:00Z,1.527,19,3.2,Port Kembla,11.520000000000001,SIMP_201812_WP,11,November,144.7,15.8,23.7
2018-11-01T06:00:00Z,1.394,19.1,3.3,Port Kembla,11.879999999999999,SIMP_201812_WP,11,November,144.7,15.8,23.7
2018-11-01T07:00:00Z,1.162,19.5,2.8,Port Kembla,10.08,SIMP_201812_WP,11,November,144.7,15.8,23.7
2018-11-01T08:00:00Z,0.885,19.5,1.9,Port Kembla,6.84,SIMP_201812_WP,11,November,144.7,15.8,23.7
2018-11-01T09:00:00Z,0.62,19.6,1.1,Port Kembla,3.9600000000000004,SIMP_201812_WP,11,November,144.7,15.8,23.7
2018-11-01T10:00:00Z,0.423,19.3,0.5,Port Kembla,1.8,SIMP_201812_WP,11,November,144.7,15.8,23.7
2018-11-01T11:00:00Z,0.323,19.3,0.1,Port Kembla,0.36000000000000004,SIMP_201812_WP,11,November,144.7,15.8,23.7
2018-11-01T12:00:00Z,0.352,19.3,0,Port Kembla,0,SIMP_201812_WP,11,November,144.7,15.8,23.7
2018-11-01T13:00:00Z,0.487,19,0.1,Port Kembla,0.36000000000000004,SIMP_201812_WP,11,November,144.7,15.8,23.7
2018-11-01T14:00:00Z,0.7,18.8,0.8,Port Kembla,2.8800000000000003,SIMP_201812_WP,11,November,144.7,15.8,23.7
2018-11-01T15:00:00Z,0.933,18.1,0.5,Port Kembla,1.8,SIMP_201812_WP,11,November,144.7,15.8,23.7
2018-11-01T16:00:00Z,1.131,19,4.9,Port Kembla,17.64,SIMP_201812_WP,11,November,144.7,15.8,23.7
2018-11-01T17:00:00Z,1.249,18.4,0.1,Port Kembla,0.36000000000000004,SIMP_201812_WP,11,November,144.7,15.8,23.7
2018-11-01T18:00:00Z,1.255,18.7,2.3,Port Kembla,8.28,SIMP_201812_WP,11,November,144.7,15.8,23.7
2018-11-01T19:00:00Z,1.16,18.5,4.3,Port Kembla,15.48,SIMP_201812_WP,11,November,144.7,15.8,23.7
2018-11-01T20:00:00Z,0.989,18.9,5.4,Port Kembla,19.44,SIMP_201812_WP,11,November,144.7,15.8,23.7
2018-11-01T21:00:00Z,0.814,18.8,2.5,Port Kembla,9,SIMP_201812_WP,11,November,144.7,15.8,23.7
2018-11-01T22:00:00Z,0.666,19.1,2.5,Port Kembla,9,SIMP_201812_WP,11,November,144.7,15.8,23.7
2018-11-01T23:00:00Z,0.599,19.3,5.9,Port Kembla,21.240000000000002,SIMP_201812_WP,11,November,144.7,15.8,23.7
2018-11-02T00:00:00Z,0.641,19.6,5.3,Port Kembla,19.08,SIMP_201812_WP,11,November,144.7,15.8,23.7
2018-11-02T01:00:00Z,0.784,19.6,5.2,Port Kembla,18.720000000000002,SIMP_201812_WP,11,November,144.7,15.8,23.7
2018-11-02T02:00:00Z,1.008,19.6,6.2,Port Kembla,22.32,SIMP_201812_WP,11,November,144.7,15.8,23.7
2018-11-02T03:00:00Z,1.252,19.7,6.2,Port Kembla,22.32,SIMP_201812_WP,11,November,144.7,15.8,23.7
2018-11-02T04:00:00Z,1.475,19.9,7.2,Port Kembla,25.92,SIMP_201812_WP,11,November,144.7,15.8,23.7
2018-11-02T05:00:00Z,1.607,20,7.9,Port Kembla,28.44,SIMP_201812_WP,11,November,144.7,15.8,23.7
2018-11-02T06:00:00Z,1.627,19.9,4.5,Port Kembla,16.2,SIMP_201812_WP,11,November,144.7,15.8,23.7
2018-11-02T07:00:00Z,1.51,20,6.4,Port Kembla,23.040000000000003,SIMP_201812_WP,11,November,144.7,15.8,23.7
2018-11-02T08:00:00Z,1.257,20.2,3.7,Port Kembla,13.32,SIMP_201812_WP,11,November,144.7,15.8,23.7
2018-11-02T09:00:00Z,0.929,20.6,12.3,Port Kembla,44.28,SIMP_201812_WP,11,November,144.7,15.8,23.7
2018-11-02T10:00:00Z,0.682,20.2,8.2,Port Kembla,29.52,SIMP_201812_WP,11,November,144.7,15.8,23.7
2018-11-02T11:00:00Z,0.474,20.4,2.1,Port Kembla,7.5600000000000005,SIMP_201812_WP,11,November,144.7,15.8,23.7
2018-11-02T12:00:00Z,0.361,20.3,3.3,Port Kembla,11.879999999999999,SIMP_201812_WP,11,November,144.7,15.8,23.7
2018-11-02T13:00:00Z,0.388,20.2,10.5,Port Kembla,37.800000000000004,SIMP_201812_WP,11,November,144.7,15.8,23.7
2018-11-02T14:00:00Z,0.534,20.1,10.2,Port Kembla,36.72,SIMP_201812_WP,11,November,144.7,15.8,23.7
2018-11-02T15:00:00Z,0.776,19.8,6.5,Port Kembla,23.400000000000002,SIMP_201812_WP,11,November,144.7,15.8,23.7
2018-11-02T16:00:00Z,1.034,19.6,4.5,Port Kembla,16.2,SIMP_201812_WP,11,November,144.7,15.8,23.7
2018-11-02T17:00:00Z,1.25,19.2,7.6,Port Kembla,27.36,SIMP_201812_WP,11,November,144.7,15.8,23.7
2018-11-02T18:00:00Z,1.378,18.6,2.4,Port Kembla,8.64,SIMP_201812_WP,11,November,144.7,15.8,23.7
2018-11-02T19:00:00Z,1.381,18.8,1.2,Port Kembla,4.32,SIMP_201812_WP,11,November,144.7,15.8,23.7
2018-11-02T20:00:00Z,1.272,18.9,1.1,Port Kembla,3.9600000000000004,SIMP_201812_WP,11,November,144.7,15.8,23.7
2018-11-02T21:00:00Z,1.072,19.1,2.4,Port Kembla,8.64,SIMP_201812_WP,11,November,144.7,15.8,23.7
2018-11-02T22:00:00Z,0.842,18.9,10.9,Port Kembla,39.24,SIMP_201812_WP,11,November,144.7,15.8,23.7
2018-11-02T23:00:00Z,0.648,19.7,6.9,Port Kembla,24.840000000000003,SIMP_201812_WP,11,November,144.7,15.8,23.7
2018-11-03T00:00:00Z,0.538,19.7,9.7,Port Kembla,34.92,SIMP_201812_WP,11,November,144.7,15.8,23.7
2018-11-03T01:00:00Z,0.555,19.6,9.7,Port Kembla,34.92,SIMP_201812_WP,11,November,144.7,15.8,23.7
2018-11-03T02:00:00Z,0.695,19.8,4.4,Port Kembla,15.840000000000002,SIMP_201812_WP,11,November,144.7,15.8,23.7
2018-11-03T03:00:00Z,0.921,18.9,5.6,Port Kembla,20.16,SIMP_201812_WP,11,November,144.7,15.8,23.7
2018-11-03T04:00:00Z,1.177,18.6,5.6,Port Kembla,20.16,SIMP_201812_WP,11,November,144.7,15.8,23.7
2018-11-03T05:00:00Z,1.404,18.4,2.9,Port Kembla,10.44,SIMP_201812_WP,11,November,144.7,15.8,23.7
2018-11-03T06:00:00Z,1.561,18.4,3.4,Port Kembla,12.24,SIMP_201812_WP,11,November,144.7,15.8,23.7
2018-11-03T07:00:00Z,1.569,18.3,2.6,Port Kembla,9.360000000000001,SIMP_201812_WP,11,November,144.7,15.8,23.7
2018-11-03T08:00:00Z,1.437,18.4,3.7,Port Kembla,13.32,SIMP_201812_WP,11,November,144.7,15.8,23.7
2018-11-03T09:00:00Z,1.18,18.3,3.1,Port Kembla,11.16,SIMP_201812_WP,11,November,144.7,15.8,23.7
2018-11-03T10:00:00Z,0.865,18.2,3.2,Port Kembla,11.520000000000001,SIMP_201812_WP,11,November,144.7,15.8,23.7
2018-11-03T11:00:00Z,0.555,18.3,3.4,Port Kembla,12.24,SIMP_201812_WP,11,November,144.7,15.8,23.7
2018-11-03T12:00:00Z,0.323,18.3,4.2,Port Kembla,15.120000000000001,SIMP_201812_WP,11,November,144.7,15.8,23.7
2018-11-03T13:00:00Z,0.222,18.3,3.4,Port Kembla,12.24,SIMP_201812_WP,11,November,144.7,15.8,23.7
2018-11-03T14:00:00Z,0.269,18.2,3.2,Port Kembla,11.520000000000001,SIMP_201812_WP,11,November,144.7,15.8,23.7
2018-11-03T15:00:00Z,0.462,18.3,3.9,Port Kembla,14.04,SIMP_201812_WP,11,November,144.7,15.8,23.7
2018-11-03T16:00:00Z,0.741,18.3,3.5,Port Kembla,12.6,SIMP_201812_WP,11,November,144.7,15.8,23.7
2018-11-03T17:00:00Z,1.043,18.3,2.8,Port Kembla,10.08,SIMP_201812_WP,11,November,144.7,15.8,23.7
2018-11-03T18:00:00Z,1.289,18.2,2.1,Port Kembla,7.5600000000000005,SIMP_201812_WP,11,November,144.7,15.8,23.7
2018-11-03T19:00:00Z,1.428,18.2,1.6,Port Kembla,5.760000000000001,SIMP_201812_WP,11,November,144.7,15.8,23.7
2018-11-03T20:00:00Z,1.423,18.2,1.7,Port Kembla,6.12,SIMP_201812_WP,11,November,144.7,15.8,23.7
2018-11-03T21:00:00Z,1.281,18.2,1.6,Port Kembla,5.760000000000001,SIMP_201812_WP,11,November,144.7,15.8,23.7
2018-11-03T22:00:00Z,1.057,18.3,1.7,Port Kembla,6.12,SIMP_201812_WP,11,November,144.7,15.8,23.7
2018-11-03T23:00:00Z,0.805,18.3,2.8,Port Kembla,10.08,SIMP_201812_WP,11,November,144.7,15.8,23.7
2018-11-04T00:00:00Z,0.587,18.7,4.1,Port Kembla,14.76,SIMP_201812_WP,11,November,144.7,15.8,23.7
2018-11-04T01:00:00Z,0.481,18.9,5.8,Port Kembla,20.88,SIMP_201812_WP,11,November,144.7,15.8,23.7
2018-11-04T02:00:00Z,0.513,19.1,5.9,Port Kembla,21.240000000000002,SIMP_201812_WP,11,November,144.7,15.8,23.7
2018-11-04T03:00:00Z,0.678,19.1,6.6,Port Kembla,23.759999999999998,SIMP_201812_WP,11,November,144.7,15.8,23.7
2018-11-04T04:00:00Z,0.941,19.2,7.5,Port Kembla,27,SIMP_201812_WP,11,November,144.7,15.8,23.7
2018-11-04T05:00:00Z,1.247,19.1,7.2,Port Kembla,25.92,SIMP_201812_WP,11,November,144.7,15.8,23.7
2018-11-04T06:00:00Z,1.52,19.5,8.2,Port Kembla,29.52,SIMP_201812_WP,11,November,144.7,15.8,23.7
2018-11-04T07:00:00Z,1.681,19.5,7.4,Port Kembla,26.64,SIMP_201812_WP,11,November,144.7,15.8,23.7
2018-11-04T08:00:00Z,1.693,19.5,7.1,Port Kembla,25.56,SIMP_201812_WP,11,November,144.7,15.8,23.7
2018-11-04T09:00:00Z,1.546,19.5,6.4,Port Kembla,23.040000000000003,SIMP_201812_WP,11,November,144.7,15.8,23.7
2018-11-04T10:00:00Z,1.279,19.4,5.1,Port Kembla,18.36,SIMP_201812_WP,11,November,144.7,15.8,23.7
2018-11-04T11:00:00Z,0.95,19.4,3.3,Port Kembla,11.879999999999999,SIMP_201812_WP,11,November,144.7,15.8,23.7
2018-11-04T12:00:00Z,0.642,19.3,4.2,Port Kembla,15.120000000000001,SIMP_201812_WP,11,November,144.7,15.8,23.7
2018-11-04T13:00:00Z,0.433,19.3,3.9,Port Kembla,14.04,SIMP_201812_WP,11,November,144.7,15.8,23.7
2018-11-04T14:00:00Z,0.356,19.4,3.7,Port Kembla,13.32,SIMP_201812_WP,11,November,144.7,15.8,23.7
2018-11-04T15:00:00Z,0.432,19.4,2.7,Port Kembla,9.72,SIMP_201812_WP,11,November,144.7,15.8,23.7
2018-11-04T16:00:00Z,0.661,19.4,1.4,Port Kembla,5.04,SIMP_201812_WP,11,November,144.7,15.8,23.7
2018-11-04T17:00:00Z,0.966,19.1,0.9,Port Kembla,3.24,SIMP_201812_WP,11,November,144.7,15.8,23.7
2018-11-04T18:00:00Z,1.274,18.9,1.6,Port Kembla,5.760000000000001,SIMP_201812_WP,11,November,144.7,15.8,23.7
2018-11-04T19:00:00Z,1.525,18.7,1.3,Port Kembla,4.680000000000001,SIMP_201812_WP,11,November,144.7,15.8,23.7
2018-11-04T20:00:00Z,1.643,18.9,1.1,Port Kembla,3.9600000000000004,SIMP_201812_WP,11,November,144.7,15.8,23.7
2018-11-04T21:00:00Z,1.606,18.9,0.7,Port Kembla,2.52,SIMP_201812_WP,11,November,144.7,15.8,23.7
2018-11-04T22:00:00Z,1.416,19.2,1.7,Port Kembla,6.12,SIMP_201812_WP,11,November,144.7,15.8,23.7
2018-11-04T23:00:00Z,1.142,19.1,1.9,Port Kembla,6.84,SIMP_201812_WP,11,November,144.7,15.8,23.7
2018-11-05T00:00:00Z,0.837,19.1,3.2,Port Kembla,11.520000000000001,SIMP_201812_WP,11,November,144.7,15.8,23.7
2018-11-05T01:00:00Z,0.589,19.2,3.7,Port Kembla,13.32,SIMP_201812_WP,11,November,144.7,15.8,23.7
2018-11-05T02:00:00Z,0.46,19.3,1.3,Port Kembla,4.680000000000001,SIMP_201812_WP,11,November,144.7,15.8,23.7
2018-11-05T03:00:00Z,0.475,19.7,2.8,Port Kembla,10.08,SIMP_201812_WP,11,November,144.7,15.8,23.7
2018-11-05T04:00:00Z,0.638,19.7,2.4,Port Kembla,8.64,SIMP_201812_WP,11,November,144.7,15.8,23.7
2018-11-05T05:00:00Z,0.922,19.8,2.2,Port Kembla,7.920000000000001,SIMP_201812_WP,11,November,144.7,15.8,23.7
2018-11-05T06:00:00Z,1.236,19.3,2,Port Kembla,7.2,SIMP_201812_WP,11,November,144.7,15.8,23.7
2018-11-05T07:00:00Z,1.495,19.2,1.6,Port Kembla,5.760000000000001,SIMP_201812_WP,11,November,144.7,15.8,23.7
2018-11-05T08:00:00Z,1.643,19.3,0.9,Port Kembla,3.24,SIMP_201812_WP,11,November,144.7,15.8,23.7
2018-11-05T09:00:00Z,1.637,19.2,0.7,Port Kembla,2.52,SIMP_201812_WP,11,November,144.7,15.8,23.7
2018-11-05T10:00:00Z,1.462,19.1,2.1,Port Kembla,7.5600000000000005,SIMP_201812_WP,11,November,144.7,15.8,23.7
2018-11-05T11:00:00Z,1.165,19.1,1.1,Port Kembla,3.9600000000000004,SIMP_201812_WP,11,November,144.7,15.8,23.7
2018-11-05T12:00:00Z,0.824,19.1,0.7,Port Kembla,2.52,SIMP_201812_WP,11,November,144.7,15.8,23.7
2018-11-05T13:00:00Z,0.535,19.2,2.1,Port Kembla,7.5600000000000005,SIMP_201812_WP,11,November,144.7,15.8,23.7
2018-11-05T14:00:00Z,0.357,19.3,0.5,Port Kembla,1.8,SIMP_201812_WP,11,November,144.7,15.8,23.7
2018-11-05T15:00:00Z,0.332,19.2,4,Port Kembla,14.4,SIMP_201812_WP,11,November,144.7,15.8,23.7
2018-11-05T16:00:00Z,0.474,19.2,3.7,Port Kembla,13.32,SIMP_201812_WP,11,November,144.7,15.8,23.7
2018-11-05T17:00:00Z,0.744,19.1,4.6,Port Kembla,16.56,SIMP_201812_WP,11,November,144.7,15.8,23.7
2018-11-05T18:00:00Z,1.077,19.4,7.8,Port Kembla,28.08,SIMP_201812_WP,11,November,144.7,15.8,23.7
2018-11-05T19:00:00Z,1.403,19.4,7.5,Port Kembla,27,SIMP_201812_WP,11,November,144.7,15.8,23.7
2018-11-05T20:00:00Z,1.627,19.4,0.5,Port Kembla,1.8,SIMP_201812_WP,11,November,144.7,15.8,23.7
2018-11-05T21:00:00Z,1.709,19.1,0.8,Port Kembla,2.8800000000000003,SIMP_201812_WP,11,November,144.7,15.8,23.7
2018-11-05T22:00:00Z,1.629,19,1.3,Port Kembla,4.680000000000001,SIMP_201812_WP,11,November,144.7,15.8,23.7
2018-11-05T23:00:00Z,1.401,19,2.2,Port Kembla,7.920000000000001,SIMP_201812_WP,11,November,144.7,15.8,23.7
2018-11-06T00:00:00Z,1.071,19.1,1.7,Port Kembla,6.12,SIMP_201812_WP,11,November,144.7,15.8,23.7
2018-11-06T01:00:00Z,0.741,19.2,0.8,Port Kembla,2.8800000000000003,SIMP_201812_WP,11,November,144.7,15.8,23.7
2018-11-06T02:00:00Z,0.505,19.3,0.8,Port Kembla,2.8800000000000003,SIMP_201812_WP,11,November,144.7,15.8,23.7
2018-11-06T03:00:00Z,0.39,19.2,1.7,Port Kembla,6.12,SIMP_201812_WP,11,November,144.7,15.8,23.7
2018-11-06T04:00:00Z,0.434,19.2,4.2,Port Kembla,15.120000000000001,SIMP_201812_WP,11,November,144.7,15.8,23.7
2018-11-06T05:00:00Z,0.636,19.2,3,Port Kembla,10.8,SIMP_201812_WP,11,November,144.7,15.8,23.7
2018-11-06T06:00:00Z,0.937,19.1,2.3,Port Kembla,8.28,SIMP_201812_WP,11,November,144.7,15.8,23.7
2018-11-06T07:00:00Z,1.252,19.4,1.5,Port Kembla,5.4,SIMP_201812_WP,11,November,144.7,15.8,23.7
2018-11-06T08:00:00Z,1.512,19.4,2,Port Kembla,7.2,SIMP_201812_WP,11,November,144.7,15.8,23.7
2018-11-06T09:00:00Z,1.636,19,2,Port Kembla,7.2,SIMP_201812_WP,11,November,144.7,15.8,23.7
2018-11-06T10:00:00Z,1.585,19.1,0.7,Port Kembla,2.52,SIMP_201812_WP,11,November,144.7,15.8,23.7
2018-11-06T11:00:00Z,1.382,19.1,1.3,Port Kembla,4.680000000000001,SIMP_201812_WP,11,November,144.7,15.8,23.7
2018-11-06T12:00:00Z,1.072,18.9,1,Port Kembla,3.6,SIMP_201812_WP,11,November,144.7,15.8,23.7
2018-11-06T13:00:00Z,0.757,18.9,0.9,Port Kembla,3.24,SIMP_201812_WP,11,November,144.7,15.8,23.7
2018-11-06T14:00:00Z,0.498,19,1.2,Port Kembla,4.32,SIMP_201812_WP,11,November,144.7,15.8,23.7
2018-11-06T15:00:00Z,0.362,19,0.3,Port Kembla,1.08,SIMP_201812_WP,11,November,144.7,15.8,23.7
2018-11-06T16:00:00Z,0.401,18.9,0.5,Port Kembla,1.8,SIMP_201812_WP,11,November,144.7,15.8,23.7
2018-11-06T17:00:00Z,0.588,18.9,0.4,Port Kembla,1.4400000000000002,SIMP_201812_WP,11,November,144.7,15.8,23.7
2018-11-06T18:00:00Z,0.895,18.8,1.3,Port Kembla,4.680000000000001,SIMP_201812_WP,11,November,144.7,15.8,23.7
2018-11-06T19:00:00Z,1.239,18.8,5.4,Port Kembla,19.44,SIMP_201812_WP,11,November,144.7,15.8,23.7
2018-11-06T20:00:00Z,1.539,18.1,3.8,Port Kembla,13.68,SIMP_201812_WP,11,November,144.7,15.8,23.7
2018-11-06T21:00:00Z,1.731,17.8,2.3,Port Kembla,8.28,SIMP_201812_WP,11,November,144.7,15.8,23.7
2018-11-06T22:00:00Z,1.77,17.6,3.1,Port Kembla,11.16,SIMP_201812_WP,11,November,144.7,15.8,23.7
2018-11-06T23:00:00Z,1.633,17.9,1.9,Port Kembla,6.84,SIMP_201812_WP,11,November,144.7,15.8,23.7
2018-11-07T00:00:00Z,1.342,18.1,2.1,Port Kembla,7.5600000000000005,SIMP_201812_WP,11,November,144.7,15.8,23.7
2018-11-07T01:00:00Z,0.994,18.3,2.5,Port Kembla,9,SIMP_201812_WP,11,November,144.7,15.8,23.7
2018-11-07T02:00:00Z,0.662,18.4,2.1,Port Kembla,7.5600000000000005,SIMP_201812_WP,11,November,144.7,15.8,23.7
2018-11-07T03:00:00Z,0.446,18.3,4.1,Port Kembla,14.76,SIMP_201812_WP,11,November,144.7,15.8,23.7
2018-11-07T04:00:00Z,0.356,18.4,4.9,Port Kembla,17.64,SIMP_201812_WP,11,November,144.7,15.8,23.7
2018-11-07T05:00:00Z,0.446,18.4,1.4,Port Kembla,5.04,SIMP_201812_WP,11,November,144.7,15.8,23.7
2018-11-07T06:00:00Z,0.669,18.4,1.3,Port Kembla,4.680000000000001,SIMP_201812_WP,11,November,144.7,15.8,23.7
2018-11-07T07:00:00Z,0.985,18.3,3.3,Port Kembla,11.879999999999999,SIMP_201812_WP,11,November,144.7,15.8,23.7
2018-11-07T08:00:00Z,1.291,18.4,3.6,Port Kembla,12.96,SIMP_201812_WP,11,November,144.7,15.8,23.7
2018-11-07T09:00:00Z,1.501,18.4,2.9,Port Kembla,10.44,SIMP_201812_WP,11,November,144.7,15.8,23.7
2018-11-07T10:00:00Z,1.579,18.4,5,Port Kembla,18,SIMP_201812_WP,11,November,144.7,15.8,23.7
2018-11-07T11:00:00Z,1.509,18.4,5.1,Port Kembla,18.36,SIMP_201812_WP,11,November,144.7,15.8,23.7
2018-11-07T12:00:00Z,1.286,18.4,4.6,Port Kembla,16.56,SIMP_201812_WP,11,November,144.7,15.8,23.7
2018-11-07T13:00:00Z,0.989,18.4,3.2,Port Kembla,11.520000000000001,SIMP_201812_WP,11,November,144.7,15.8,23.7
2018-11-07T14:00:00Z,0.694,18.4,3.4,Port Kembla,12.24,SIMP_201812_WP,11,November,144.7,15.8,23.7
2018-11-07T15:00:00Z,0.484,18.4,5.2,Port Kembla,18.720000000000002,SIMP_201812_WP,11,November,144.7,15.8,23.7
2018-11-07T16:00:00Z,0.412,18.4,5.8,Port Kembla,20.88,SIMP_201812_WP,11,November,144.7,15.8,23.7
2018-11-07T17:00:00Z,0.491,18.4,7.4,Port Kembla,26.64,SIMP_201812_WP,11,November,144.7,15.8,23.7
2018-11-07T18:00:00Z,0.718,18.4,4.1,Port Kembla,14.76,SIMP_201812_WP,11,November,144.7,15.8,23.7
2018-11-07T19:00:00Z,1.043,18.3,3.9,Port Kembla,14.04,SIMP_201812_WP,11,November,144.7,15.8,23.7
2018-11-07T20:00:00Z,1.375,18.3,4,Port Kembla,14.4,SIMP_201812_WP,11,November,144.7,15.8,23.7
2018-11-07T21:00:00Z,1.64,18.1,5.1,Port Kembla,18.36,SIMP_201812_WP,11,November,144.7,15.8,23.7
2018-11-07T22:00:00Z,1.774,18.1,4.3,Port Kembla,15.48,SIMP_201812_WP,11,November,144.7,15.8,23.7
2018-11-07T23:00:00Z,1.751,18.1,4.2,Port Kembla,15.120000000000001,SIMP_201812_WP,11,November,144.7,15.8,23.7
2018-11-08T00:00:00Z,1.54,18.1,4.6,Port Kembla,16.56,SIMP_201812_WP,11,November,144.7,15.8,23.7
2018-11-08T01:00:00Z,1.219,17.9,4.9,Port Kembla,17.64,SIMP_201812_WP,11,November,144.7,15.8,23.7
2018-11-08T02:00:00Z,0.855,18,4.3,Port Kembla,15.48,SIMP_201812_WP,11,November,144.7,15.8,23.7
2018-11-08T03:00:00Z,0.536,18,4.8,Port Kembla,17.28,SIMP_201812_WP,11,November,144.7,15.8,23.7
2018-11-08T04:00:00Z,0.331,18.1,5.7,Port Kembla,20.52,SIMP_201812_WP,11,November,144.7,15.8,23.7
2018-11-08T05:00:00Z,0.276,18.1,5.5,Port Kembla,19.8,SIMP_201812_WP,11,November,144.7,15.8,23.7
2018-11-08T06:00:00Z,0.389,18.1,4.1,Port Kembla,14.76,SIMP_201812_WP,11,November,144.7,15.8,23.7
2018-11-08T07:00:00Z,0.621,18.2,4.1,Port Kembla,14.76,SIMP_201812_WP,11,November,144.7,15.8,23.7
2018-11-08T08:00:00Z,0.916,18.1,3.7,Port Kembla,13.32,SIMP_201812_WP,11,November,144.7,15.8,23.7
2018-11-08T09:00:00Z,1.181,18.1,3.2,Port Kembla,11.520000000000001,SIMP_201812_WP,11,November,144.7,15.8,23.7
2018-11-08T10:00:00Z,1.361,18.1,2.7,Port Kembla,9.72,SIMP_201812_WP,11,November,144.7,15.8,23.7
2018-11-08T11:00:00Z,1.4,18.1,0.9,Port Kembla,3.24,SIMP_201812_WP,11,November,144.7,15.8,23.7
2018-11-08T12:00:00Z,1.29,18.1,1.8,Port Kembla,6.48,SIMP_201812_WP,11,November,144.7,15.8,23.7
2018-11-08T13:00:00Z,1.057,18.1,2.7,Port Kembla,9.72,SIMP_201812_WP,11,November,144.7,15.8,23.7
2018-11-08T14:00:00Z,0.784,18.1,2.6,Port Kembla,9.360000000000001,SIMP_201812_WP,11,November,144.7,15.8,23.7
2018-11-08T15:00:00Z,0.556,18.4,2.4,Port Kembla,8.64,SIMP_201812_WP,11,November,144.7,15.8,23.7
2018-11-08T16:00:00Z,0.413,18.5,2.3,Port Kembla,8.28,SIMP_201812_WP,11,November,144.7,15.8,23.7
2018-11-08T17:00:00Z,0.4,18.4,1.4,Port Kembla,5.04,SIMP_201812_WP,11,November,144.7,15.8,23.7
2018-11-08T18:00:00Z,0.541,18.5,1.8,Port Kembla,6.48,SIMP_201812_WP,11,November,144.7,15.8,23.7
2018-11-08T19:00:00Z,0.806,18.5,1.9,Port Kembla,6.84,SIMP_201812_WP,11,November,144.7,15.8,23.7
2018-11-08T20:00:00Z,1.136,18.6,2.4,Port Kembla,8.64,SIMP_201812_WP,11,November,144.7,15.8,23.7
2018-11-08T21:00:00Z,1.443,18.5,0.6,Port Kembla,2.16,SIMP_201812_WP,11,November,144.7,15.8,23.7
2018-11-08T22:00:00Z,1.663,18.6,3.3,Port Kembla,11.879999999999999,SIMP_201812_WP,11,November,144.7,15.8,23.7
2018-11-08T23:00:00Z,1.739,18.6,4.4,Port Kembla,15.840000000000002,SIMP_201812_WP,11,November,144.7,15.8,23.7
2018-11-09T00:00:00Z,1.659,18.5,5.7,Port Kembla,20.52,SIMP_201812_WP,11,November,144.7,15.8,23.7
2018-11-09T01:00:00Z,1.421,18.5,7.2,Port Kembla,25.92,SIMP_201812_WP,11,November,144.7,15.8,23.7
2018-11-09T02:00:00Z,1.09,18.9,7.8,Port Kembla,28.08,SIMP_201812_WP,11,November,144.7,15.8,23.7
2018-11-09T03:00:00Z,0.76,19.1,8.2,Port Kembla,29.52,SIMP_201812_WP,11,November,144.7,15.8,23.7
2018-11-09T04:00:00Z,0.489,19.2,8.9,Port Kembla,32.04,SIMP_201812_WP,11,November,144.7,15.8,23.7
2018-11-09T05:00:00Z,0.334,19.3,8.5,Port Kembla,30.6,SIMP_201812_WP,11,November,144.7,15.8,23.7
2018-11-09T06:00:00Z,0.332,19.3,9.4,Port Kembla,33.84,SIMP_201812_WP,11,November,144.7,15.8,23.7
2018-11-09T07:00:00Z,0.471,19.3,9.2,Port Kembla,33.12,SIMP_201812_WP,11,November,144.7,15.8,23.7
2018-11-09T08:00:00Z,0.712,19.3,8.4,Port Kembla,30.240000000000002,SIMP_201812_WP,11,November,144.7,15.8,23.7
2018-11-09T09:00:00Z,0.973,19.3,6.7,Port Kembla,24.12,SIMP_201812_WP,11,November,144.7,15.8,23.7
2018-11-09T10:00:00Z,1.196,19.3,3.7,Port Kembla,13.32,SIMP_201812_WP,11,November,144.7,15.8,23.7
2018-11-09T11:00:00Z,1.331,19.2,3.6,Port Kembla,12.96,SIMP_201812_WP,11,November,144.7,15.8,23.7
2018-11-09T12:00:00Z,1.332,19,2.2,Port Kembla,7.920000000000001,SIMP_201812_WP,11,November,144.7,15.8,23.7
2018-11-09T13:00:00Z,1.198,19,3.6,Port Kembla,12.96,SIMP_201812_WP,11,November,144.7,15.8,23.7
2018-11-09T14:00:00Z,0.973,19.1,2.3,Port Kembla,8.28,SIMP_201812_WP,11,November,144.7,15.8,23.7
2018-11-09T15:00:00Z,0.738,19,2.4,Port Kembla,8.64,SIMP_201812_WP,11,November,144.7,15.8,23.7
2018-11-09T16:00:00Z,0.56,19,1.9,Port Kembla,6.84,SIMP_201812_WP,11,November,144.7,15.8,23.7
2018-11-09T17:00:00Z,0.486,19,3.8,Port Kembla,13.68,SIMP_201812_WP,11,November,144.7,15.8,23.7
2018-11-09T18:00:00Z,0.523,18.9,1.4,Port Kembla,5.04,SIMP_201812_WP,11,November,144.7,15.8,23.7
2018-11-09T19:00:00Z,0.698,18.9,2.7,Port Kembla,9.72,SIMP_201812_WP,11,November,144.7,15.8,23.7
2018-11-09T20:00:00Z,0.975,19,3.7,Port Kembla,13.32,SIMP_201812_WP,11,November,144.7,15.8,23.7
2018-11-09T21:00:00Z,1.278,19,4.3,Port Kembla,15.48,SIMP_201812_WP,11,November,144.7,15.8,23.7
2018-11-09T22:00:00Z,1.536,18.7,2.3,Port Kembla,8.28,SIMP_201812_WP,11,November,144.7,15.8,23.7
2018-11-09T23:00:00Z,1.7,19,3.8,Port Kembla,13.68,SIMP_201812_WP,11,November,144.7,15.8,23.7
2018-11-10T00:00:00Z,1.721,18.8,4.4,Port Kembla,15.840000000000002,SIMP_201812_WP,11,November,144.7,15.8,23.7
2018-11-10T01:00:00Z,1.578,18.9,5.4,Port Kembla,19.44,SIMP_201812_WP,11,November,144.7,15.8,23.7
2018-11-10T02:00:00Z,1.304,18.9,5.8,Port Kembla,20.88,SIMP_201812_WP,11,November,144.7,15.8,23.7
2018-11-10T03:00:00Z,0.974,18.9,4,Port Kembla,14.4,SIMP_201812_WP,11,November,144.7,15.8,23.7
2018-11-10T04:00:00Z,0.669,19.2,4,Port Kembla,14.4,SIMP_201812_WP,11,November,144.7,15.8,23.7
2018-11-10T05:00:00Z,0.438,19.4,3.6,Port Kembla,12.96,SIMP_201812_WP,11,November,144.7,15.8,23.7
2018-11-10T06:00:00Z,0.324,19.4,2.6,Port Kembla,9.360000000000001,SIMP_201812_WP,11,November,144.7,15.8,23.7
2018-11-10T07:00:00Z,0.355,19.4,2.2,Port Kembla,7.920000000000001,SIMP_201812_WP,11,November,144.7,15.8,23.7
2018-11-10T08:00:00Z,0.517,19.5,2.4,Port Kembla,8.64,SIMP_201812_WP,11,November,144.7,15.8,23.7
2018-11-10T09:00:00Z,0.752,19.6,2.4,Port Kembla,8.64,SIMP_201812_WP,11,November,144.7,15.8,23.7
2018-11-10T10:00:00Z,1.001,19.5,1.5,Port Kembla,5.4,SIMP_201812_WP,11,November,144.7,15.8,23.7
2018-11-10T11:00:00Z,1.186,19.4,1.5,Port Kembla,5.4,SIMP_201812_WP,11,November,144.7,15.8,23.7
2018-11-10T12:00:00Z,1.277,19.3,2.3,Port Kembla,8.28,SIMP_201812_WP,11,November,144.7,15.8,23.7
2018-11-10T13:00:00Z,1.249,19.2,1.4,Port Kembla,5.04,SIMP_201812_WP,11,November,144.7,15.8,23.7
2018-11-10T14:00:00Z,1.104,19.2,1.8,Port Kembla,6.48,SIMP_201812_WP,11,November,144.7,15.8,23.7
2018-11-10T15:00:00Z,0.895,19.2,1.3,Port Kembla,4.680000000000001,SIMP_201812_WP,11,November,144.7,15.8,23.7
2018-11-10T16:00:00Z,0.707,19.3,1.4,Port Kembla,5.04,SIMP_201812_WP,11,November,144.7,15.8,23.7
2018-11-10T17:00:00Z,0.582,19.4,1.6,Port Kembla,5.760000000000001,SIMP_201812_WP,11,November,144.7,15.8,23.7
2018-11-10T18:00:00Z,0.554,19.3,1.7,Port Kembla,6.12,SIMP_201812_WP,11,November,144.7,15.8,23.7
2018-11-10T19:00:00Z,0.643,19.3,2.1,Port Kembla,7.5600000000000005,SIMP_201812_WP,11,November,144.7,15.8,23.7
2018-11-10T20:00:00Z,0.851,19.3,1.6,Port Kembla,5.760000000000001,SIMP_201812_WP,11,November,144.7,15.8,23.7
2018-11-10T21:00:00Z,1.124,19.3,0.9,Port Kembla,3.24,SIMP_201812_WP,11,November,144.7,15.8,23.7
2018-11-10T22:00:00Z,1.385,19.1,1.8,Port Kembla,6.48,SIMP_201812_WP,11,November,144.7,15.8,23.7
2018-11-10T23:00:00Z,1.589,19.3,3.6,Port Kembla,12.96,SIMP_201812_WP,11,November,144.7,15.8,23.7
2018-11-11T00:00:00Z,1.681,19.3,5,Port Kembla,18,SIMP_201812_WP,11,November,144.7,15.8,23.7
2018-11-11T01:00:00Z,1.643,19.3,4.5,Port Kembla,16.2,SIMP_201812_WP,11,November,144.7,15.8,23.7
2018-11-11T02:00:00Z,1.454,19.7,4.8,Port Kembla,17.28,SIMP_201812_WP,11,November,144.7,15.8,23.7
2018-11-11T03:00:00Z,1.173,19.5,5.8,Port Kembla,20.88,SIMP_201812_WP,11,November,144.7,15.8,23.7
2018-11-11T04:00:00Z,0.863,19.6,6.1,Port Kembla,21.96,SIMP_201812_WP,11,November,144.7,15.8,23.7
2018-11-11T05:00:00Z,0.602,20,4.8,Port Kembla,17.28,SIMP_201812_WP,11,November,144.7,15.8,23.7
2018-11-11T06:00:00Z,0.423,20.3,4.3,Port Kembla,15.48,SIMP_201812_WP,11,November,144.7,15.8,23.7
2018-11-11T07:00:00Z,0.353,20.1,4.8,Port Kembla,17.28,SIMP_201812_WP,11,November,144.7,15.8,23.7
2018-11-11T08:00:00Z,0.419,20.1,4.9,Port Kembla,17.64,SIMP_201812_WP,11,November,144.7,15.8,23.7
2018-11-11T09:00:00Z,0.578,19.9,4.3,Port Kembla,15.48,SIMP_201812_WP,11,November,144.7,15.8,23.7
2018-11-11T10:00:00Z,0.78,19.8,3.8,Port Kembla,13.68,SIMP_201812_WP,11,November,144.7,15.8,23.7
2018-11-11T11:00:00Z,0.97,19.8,2.1,Port Kembla,7.5600000000000005,SIMP_201812_WP,11,November,144.7,15.8,23.7
2018-11-11T12:00:00Z,1.109,19.8,1.5,Port Kembla,5.4,SIMP_201812_WP,11,November,144.7,15.8,23.7
2018-11-11T13:00:00Z,1.167,19.7,0.5,Port Kembla,1.8,SIMP_201812_WP,11,November,144.7,15.8,23.7
2018-11-11T14:00:00Z,1.106,19.6,1.6,Port Kembla,5.760000000000001,SIMP_201812_WP,11,November,144.7,15.8,23.7
2018-11-11T15:00:00Z,0.965,19.6,1.2,Port Kembla,4.32,SIMP_201812_WP,11,November,144.7,15.8,23.7
2018-11-11T16:00:00Z,0.797,19.7,1.8,Port Kembla,6.48,SIMP_201812_WP,11,November,144.7,15.8,23.7
2018-11-11T17:00:00Z,0.653,19.7,2.6,Port Kembla,9.360000000000001,SIMP_201812_WP,11,November,144.7,15.8,23.7
2018-11-11T18:00:00Z,0.572,19.7,1.9,Port Kembla,6.84,SIMP_201812_WP,11,November,144.7,15.8,23.7
2018-11-11T19:00:00Z,0.582,19.7,1.7,Port Kembla,6.12,SIMP_201812_WP,11,November,144.7,15.8,23.7
2018-11-11T20:00:00Z,0.711,19.7,0.7,Port Kembla,2.52,SIMP_201812_WP,11,November,144.7,15.8,23.7
2018-11-11T21:00:00Z,0.913,19.7,0.8,Port Kembla,2.8800000000000003,SIMP_201812_WP,11,November,144.7,15.8,23.7
2018-11-11T22:00:00Z,1.15,19.6,1.2,Port Kembla,4.32,SIMP_201812_WP,11,November,144.7,15.8,23.7
2018-11-11T23:00:00Z,1.365,19.7,2.4,Port Kembla,8.64,SIMP_201812_WP,11,November,144.7,15.8,23.7
2018-11-12T00:00:00Z,1.5,19.8,3.6,Port Kembla,12.96,SIMP_201812_WP,11,November,144.7,15.8,23.7
2018-11-12T01:00:00Z,1.548,19.9,3.5,Port Kembla,12.6,SIMP_201812_WP,11,November,144.7,15.8,23.7
2018-11-12T02:00:00Z,1.472,19.5,4.7,Port Kembla,16.92,SIMP_201812_WP,11,November,144.7,15.8,23.7
2018-11-12T03:00:00Z,1.272,20,5.4,Port Kembla,19.44,SIMP_201812_WP,11,November,144.7,15.8,23.7
2018-11-12T04:00:00Z,1.006,20.4,6.1,Port Kembla,21.96,SIMP_201812_WP,11,November,144.7,15.8,23.7
2018-11-12T05:00:00Z,0.742,20.7,5.4,Port Kembla,19.44,SIMP_201812_WP,11,November,144.7,15.8,23.7
2018-11-12T06:00:00Z,0.522,20.9,5.9,Port Kembla,21.240000000000002,SIMP_201812_WP,11,November,144.7,15.8,23.7
2018-11-12T07:00:00Z,0.393,20.8,6.4,Port Kembla,23.040000000000003,SIMP_201812_WP,11,November,144.7,15.8,23.7
2018-11-12T08:00:00Z,0.36,20.7,6.4,Port Kembla,23.040000000000003,SIMP_201812_WP,11,November,144.7,15.8,23.7
2018-11-12T09:00:00Z,0.436,20.7,6,Port Kembla,21.6,SIMP_201812_WP,11,November,144.7,15.8,23.7
2018-11-12T10:00:00Z,0.585,20.7,5.6,Port Kembla,20.16,SIMP_201812_WP,11,November,144.7,15.8,23.7
2018-11-12T11:00:00Z,0.758,20.6,3.1,Port Kembla,11.16,SIMP_201812_WP,11,November,144.7,15.8,23.7
2018-11-12T12:00:00Z,0.921,20.4,1.7,Port Kembla,6.12,SIMP_201812_WP,11,November,144.7,15.8,23.7
2018-11-12T13:00:00Z,1.033,20.2,2.6,Port Kembla,9.360000000000001,SIMP_201812_WP,11,November,144.7,15.8,23.7
2018-11-12T14:00:00Z,1.053,20.1,2.2,Port Kembla,7.920000000000001,SIMP_201812_WP,11,November,144.7,15.8,23.7
2018-11-12T15:00:00Z,0.978,20.1,3.2,Port Kembla,11.520000000000001,SIMP_201812_WP,11,November,144.7,15.8,23.7
2018-11-12T16:00:00Z,0.852,20.1,2.2,Port Kembla,7.920000000000001,SIMP_201812_WP,11,November,144.7,15.8,23.7
2018-11-12T17:00:00Z,0.715,20.1,2.4,Port Kembla,8.64,SIMP_201812_WP,11,November,144.7,15.8,23.7
2018-11-12T18:00:00Z,0.61,20.1,2.5,Port Kembla,9,SIMP_201812_WP,11,November,144.7,15.8,23.7
2018-11-12T19:00:00Z,0.568,20.1,2.4,Port Kembla,8.64,SIMP_201812_WP,11,November,144.7,15.8,23.7
2018-11-12T20:00:00Z,0.611,20.1,2.5,Port Kembla,9,SIMP_201812_WP,11,November,144.7,15.8,23.7
2018-11-12T21:00:00Z,0.727,20.1,5.1,Port Kembla,18.36,SIMP_201812_WP,11,November,144.7,15.8,23.7
2018-11-12T22:00:00Z,0.913,20.1,5.6,Port Kembla,20.16,SIMP_201812_WP,11,November,144.7,15.8,23.7
2018-11-12T23:00:00Z,1.124,20.2,6,Port Kembla,21.6,SIMP_201812_WP,11,November,144.7,15.8,23.7
2018-11-13T00:00:00Z,1.299,20.2,7.6,Port Kembla,27.36,SIMP_201812_WP,11,November,144.7,15.8,23.7
2018-11-13T01:00:00Z,1.406,20.2,8.4,Port Kembla,30.240000000000002,SIMP_201812_WP,11,November,144.7,15.8,23.7
2018-11-13T02:00:00Z,1.415,20.4,8.9,Port Kembla,32.04,SIMP_201812_WP,11,November,144.7,15.8,23.7
2018-11-13T03:00:00Z,1.31,20.4,8.2,Port Kembla,29.52,SIMP_201812_WP,11,November,144.7,15.8,23.7
2018-11-13T04:00:00Z,1.115,20.5,8.8,Port Kembla,31.680000000000003,SIMP_201812_WP,11,November,144.7,15.8,23.7
2018-11-13T05:00:00Z,0.89,20.6,9.3,Port Kembla,33.480000000000004,SIMP_201812_WP,11,November,144.7,15.8,23.7
2018-11-13T06:00:00Z,0.666,20.7,8.8,Port Kembla,31.680000000000003,SIMP_201812_WP,11,November,144.7,15.8,23.7
2018-11-13T07:00:00Z,0.491,20.6,8.6,Port Kembla,30.96,SIMP_201812_WP,11,November,144.7,15.8,23.7
2018-11-13T08:00:00Z,0.39,20.7,8.3,Port Kembla,29.880000000000003,SIMP_201812_WP,11,November,144.7,15.8,23.7
2018-11-13T09:00:00Z,0.38,20.6,7.7,Port Kembla,27.720000000000002,SIMP_201812_WP,11,November,144.7,15.8,23.7
2018-11-13T10:00:00Z,0.466,20.6,6.5,Port Kembla,23.400000000000002,SIMP_201812_WP,11,November,144.7,15.8,23.7
2018-11-13T11:00:00Z,0.603,20.5,4.9,Port Kembla,17.64,SIMP_201812_WP,11,November,144.7,15.8,23.7
2018-11-13T12:00:00Z,0.76,20.4,2.5,Port Kembla,9,SIMP_201812_WP,11,November,144.7,15.8,23.7
2018-11-13T13:00:00Z,0.901,20.2,3.1,Port Kembla,11.16,SIMP_201812_WP,11,November,144.7,15.8,23.7
2018-11-13T14:00:00Z,0.981,20.2,3.8,Port Kembla,13.68,SIMP_201812_WP,11,November,144.7,15.8,23.7
2018-11-13T15:00:00Z,0.989,20.2,3,Port Kembla,10.8,SIMP_201812_WP,11,November,144.7,15.8,23.7
2018-11-13T16:00:00Z,0.929,20.1,1.8,Port Kembla,6.48,SIMP_201812_WP,11,November,144.7,15.8,23.7
2018-11-13T17:00:00Z,0.824,20.2,2.5,Port Kembla,9,SIMP_201812_WP,11,November,144.7,15.8,23.7
2018-11-13T18:00:00Z,0.713,20.2,1.3,Port Kembla,4.680000000000001,SIMP_201812_WP,11,November,144.7,15.8,23.7
2018-11-13T19:00:00Z,0.632,20.2,2,Port Kembla,7.2,SIMP_201812_WP,11,November,144.7,15.8,23.7
2018-11-13T20:00:00Z,0.597,20.1,1.8,Port Kembla,6.48,SIMP_201812_WP,11,November,144.7,15.8,23.7
2018-11-13T21:00:00Z,0.641,20.1,1.3,Port Kembla,4.680000000000001,SIMP_201812_WP,11,November,144.7,15.8,23.7
2018-11-13T22:00:00Z,0.761,20.1,2.5,Port Kembla,9,SIMP_201812_WP,11,November,144.7,15.8,23.7
2018-11-13T23:00:00Z,0.928,20.1,1.3,Port Kembla,4.680000000000001,SIMP_201812_WP,11,November,144.7,15.8,23.7
2018-11-14T00:00:00Z,1.099,20,2.6,Port Kembla,9.360000000000001,SIMP_201812_WP,11,November,144.7,15.8,23.7
2018-11-14T01:00:00Z,1.242,20.1,3.4,Port Kembla,12.24,SIMP_201812_WP,11,November,144.7,15.8,23.7
2018-11-14T02:00:00Z,1.325,20,2.6,Port Kembla,9.360000000000001,SIMP_201812_WP,11,November,144.7,15.8,23.7
2018-11-14T03:00:00Z,1.32,20.2,3.4,Port Kembla,12.24,SIMP_201812_WP,11,November,144.7,15.8,23.7
2018-11-14T04:00:00Z,1.214,20.2,5,Port Kembla,18,SIMP_201812_WP,11,November,144.7,15.8,23.7
2018-11-14T05:00:00Z,1.048,20.4,4.9,Port Kembla,17.64,SIMP_201812_WP,11,November,144.7,15.8,23.7
2018-11-14T06:00:00Z,0.855,20.4,3.1,Port Kembla,11.16,SIMP_201812_WP,11,November,144.7,15.8,23.7
2018-11-14T07:00:00Z,0.665,20.4,2.6,Port Kembla,9.360000000000001,SIMP_201812_WP,11,November,144.7,15.8,23.7
2018-11-14T08:00:00Z,0.519,20.3,4.6,Port Kembla,16.56,SIMP_201812_WP,11,November,144.7,15.8,23.7
2018-11-14T09:00:00Z,0.437,20.3,3.5,Port Kembla,12.6,SIMP_201812_WP,11,November,144.7,15.8,23.7
2018-11-14T10:00:00Z,0.447,20.3,3.2,Port Kembla,11.520000000000001,SIMP_201812_WP,11,November,144.7,15.8,23.7
2018-11-14T11:00:00Z,0.522,20.3,0.6,Port Kembla,2.16,SIMP_201812_WP,11,November,144.7,15.8,23.7
2018-11-14T12:00:00Z,0.652,20.2,2.4,Port Kembla,8.64,SIMP_201812_WP,11,November,144.7,15.8,23.7
2018-11-14T13:00:00Z,0.804,20.1,0.8,Port Kembla,2.8800000000000003,SIMP_201812_WP,11,November,144.7,15.8,23.7
2018-11-14T14:00:00Z,0.934,19.8,0.4,Port Kembla,1.4400000000000002,SIMP_201812_WP,11,November,144.7,15.8,23.7
2018-11-14T15:00:00Z,1.007,19.8,0.9,Port Kembla,3.24,SIMP_201812_WP,11,November,144.7,15.8,23.7
2018-11-14T16:00:00Z,1.016,19.7,2.6,Port Kembla,9.360000000000001,SIMP_201812_WP,11,November,144.7,15.8,23.7
2018-11-14T17:00:00Z,0.96,19.7,2.4,Port Kembla,8.64,SIMP_201812_WP,11,November,144.7,15.8,23.7
2018-11-14T18:00:00Z,0.865,19.6,0.8,Port Kembla,2.8800000000000003,SIMP_201812_WP,11,November,144.7,15.8,23.7
2018-11-14T19:00:00Z,0.762,19.5,1.7,Port Kembla,6.12,SIMP_201812_WP,11,November,144.7,15.8,23.7
2018-11-14T20:00:00Z,0.677,19.6,4.8,Port Kembla,17.28,SIMP_201812_WP,11,November,144.7,15.8,23.7
2018-11-14T21:00:00Z,0.649,19.5,3.4,Port Kembla,12.24,SIMP_201812_WP,11,November,144.7,15.8,23.7
2018-11-14T22:00:00Z,0.683,19.5,3.7,Port Kembla,13.32,SIMP_201812_WP,11,November,144.7,15.8,23.7
2018-11-14T23:00:00Z,0.783,19.1,3.6,Port Kembla,12.96,SIMP_201812_WP,11,November,144.7,15.8,23.7
2018-11-15T00:00:00Z,0.917,18.8,4.3,Port Kembla,15.48,SIMP_201812_WP,11,November,144.7,15.8,23.7
2018-11-15T01:00:00Z,1.063,18.9,3.6,Port Kembla,12.96,SIMP_201812_WP,11,November,144.7,15.8,23.7
2018-11-15T02:00:00Z,1.193,18.4,3.4,Port Kembla,12.24,SIMP_201812_WP,11,November,144.7,15.8,23.7
2018-11-15T03:00:00Z,1.258,18.2,3.7,Port Kembla,13.32,SIMP_201812_WP,11,November,144.7,15.8,23.7
2018-11-15T04:00:00Z,1.238,18.4,4,Port Kembla,14.4,SIMP_201812_WP,11,November,144.7,15.8,23.7
2018-11-15T05:00:00Z,1.15,18.4,4.2,Port Kembla,15.120000000000001,SIMP_201812_WP,11,November,144.7,15.8,23.7
2018-11-15T06:00:00Z,0.992,18.2,4.1,Port Kembla,14.76,SIMP_201812_WP,11,November,144.7,15.8,23.7
2018-11-15T07:00:00Z,0.802,18.3,4.4,Port Kembla,15.840000000000002,SIMP_201812_WP,11,November,144.7,15.8,23.7
2018-11-15T08:00:00Z,0.62,18.3,3.1,Port Kembla,11.16,SIMP_201812_WP,11,November,144.7,15.8,23.7
2018-11-15T09:00:00Z,0.48,18.3,2.6,Port Kembla,9.360000000000001,SIMP_201812_WP,11,November,144.7,15.8,23.7
2018-11-15T10:00:00Z,0.404,18.3,3.3,Port Kembla,11.879999999999999,SIMP_201812_WP,11,November,144.7,15.8,23.7
2018-11-15T11:00:00Z,0.404,18.3,3.4,Port Kembla,12.24,SIMP_201812_WP,11,November,144.7,15.8,23.7
2018-11-15T12:00:00Z,0.479,18.3,3.4,Port Kembla,12.24,SIMP_201812_WP,11,November,144.7,15.8,23.7
2018-11-15T13:00:00Z,0.601,18.3,2.9,Port Kembla,10.44,SIMP_201812_WP,11,November,144.7,15.8,23.7
2018-11-15T14:00:00Z,0.752,18.2,3.1,Port Kembla,11.16,SIMP_201812_WP,11,November,144.7,15.8,23.7
2018-11-15T15:00:00Z,0.886,18.3,2.7,Port Kembla,9.72,SIMP_201812_WP,11,November,144.7,15.8,23.7
2018-11-15T16:00:00Z,0.978,18.3,3.1,Port Kembla,11.16,SIMP_201812_WP,11,November,144.7,15.8,23.7
2018-11-15T17:00:00Z,0.997,18.3,4.3,Port Kembla,15.48,SIMP_201812_WP,11,November,144.7,15.8,23.7
2018-11-15T18:00:00Z,0.955,18.3,4.8,Port Kembla,17.28,SIMP_201812_WP,11,November,144.7,15.8,23.7
2018-11-15T19:00:00Z,0.869,18.2,3,Port Kembla,10.8,SIMP_201812_WP,11,November,144.7,15.8,23.7
2018-11-15T20:00:00Z,0.763,18.2,4.3,Port Kembla,15.48,SIMP_201812_WP,11,November,144.7,15.8,23.7
2018-11-15T21:00:00Z,0.682,18.2,3.7,Port Kembla,13.32,SIMP_201812_WP,11,November,144.7,15.8,23.7
2018-11-15T22:00:00Z,0.654,18.2,2.9,Port Kembla,10.44,SIMP_201812_WP,11,November,144.7,15.8,23.7
2018-11-15T23:00:00Z,0.683,18.2,2.3,Port Kembla,8.28,SIMP_201812_WP,11,November,144.7,15.8,23.7
2018-11-16T00:00:00Z,0.77,18.3,3.5,Port Kembla,12.6,SIMP_201812_WP,11,November,144.7,15.8,23.7
2018-11-16T01:00:00Z,0.896,18.3,3,Port Kembla,10.8,SIMP_201812_WP,11,November,144.7,15.8,23.7
2018-11-16T02:00:00Z,1.041,18.3,2,Port Kembla,7.2,SIMP_201812_WP,11,November,144.7,15.8,23.7
2018-11-16T03:00:00Z,1.161,18.2,2.5,Port Kembla,9,SIMP_201812_WP,11,November,144.7,15.8,23.7
2018-11-16T04:00:00Z,1.228,18.2,3,Port Kembla,10.8,SIMP_201812_WP,11,November,144.7,15.8,23.7
2018-11-16T05:00:00Z,1.228,18.2,2.1,Port Kembla,7.5600000000000005,SIMP_201812_WP,11,November,144.7,15.8,23.7
2018-11-16T06:00:00Z,1.152,18.3,2.5,Port Kembla,9,SIMP_201812_WP,11,November,144.7,15.8,23.7
2018-11-16T07:00:00Z,0.999,18.2,1.7,Port Kembla,6.12,SIMP_201812_WP,11,November,144.7,15.8,23.7
2018-11-16T08:00:00Z,0.817,18.4,1.6,Port Kembla,5.760000000000001,SIMP_201812_WP,11,November,144.7,15.8,23.7
2018-11-16T09:00:00Z,0.633,18.4,0.5,Port Kembla,1.8,SIMP_201812_WP,11,November,144.7,15.8,23.7
2018-11-16T10:00:00Z,0.495,18.4,0.1,Port Kembla,0.36000000000000004,SIMP_201812_WP,11,November,144.7,15.8,23.7
2018-11-16T11:00:00Z,0.423,18.4,1.9,Port Kembla,6.84,SIMP_201812_WP,11,November,144.7,15.8,23.7
2018-11-16T12:00:00Z,0.426,18.4,3.1,Port Kembla,11.16,SIMP_201812_WP,11,November,144.7,15.8,23.7
2018-11-16T13:00:00Z,0.513,18.4,2.6,Port Kembla,9.360000000000001,SIMP_201812_WP,11,November,144.7,15.8,23.7
2018-11-16T14:00:00Z,0.656,18.4,2,Port Kembla,7.2,SIMP_201812_WP,11,November,144.7,15.8,23.7
2018-11-16T15:00:00Z,0.824,18.4,2.1,Port Kembla,7.5600000000000005,SIMP_201812_WP,11,November,144.7,15.8,23.7
2018-11-16T16:00:00Z,0.975,18.4,2.2,Port Kembla,7.920000000000001,SIMP_201812_WP,11,November,144.7,15.8,23.7
2018-11-16T17:00:00Z,1.071,18.4,2.3,Port Kembla,8.28,SIMP_201812_WP,11,November,144.7,15.8,23.7
2018-11-16T18:00:00Z,1.086,18.3,2,Port Kembla,7.2,SIMP_201812_WP,11,November,144.7,15.8,23.7
2018-11-16T19:00:00Z,1.027,18.3,2.3,Port Kembla,8.28,SIMP_201812_WP,11,November,144.7,15.8,23.7
2018-11-16T20:00:00Z,0.909,18.3,2.3,Port Kembla,8.28,SIMP_201812_WP,11,November,144.7,15.8,23.7
2018-11-16T21:00:00Z,0.783,18.3,3,Port Kembla,10.8,SIMP_201812_WP,11,November,144.7,15.8,23.7
2018-11-16T22:00:00Z,0.675,18.3,3.7,Port Kembla,13.32,SIMP_201812_WP,11,November,144.7,15.8,23.7
2018-11-16T23:00:00Z,0.619,18.4,4,Port Kembla,14.4,SIMP_201812_WP,11,November,144.7,15.8,23.7
2018-11-17T00:00:00Z,0.631,18.4,4.9,Port Kembla,17.64,SIMP_201812_WP,11,November,144.7,15.8,23.7
2018-11-17T01:00:00Z,0.705,18.3,4.3,Port Kembla,15.48,SIMP_201812_WP,11,November,144.7,15.8,23.7
2018-11-17T02:00:00Z,0.832,18.3,4.4,Port Kembla,15.840000000000002,SIMP_201812_WP,11,November,144.7,15.8,23.7
2018-11-17T03:00:00Z,0.98,18.1,3.4,Port Kembla,12.24,SIMP_201812_WP,11,November,144.7,15.8,23.7
2018-11-17T04:00:00Z,1.107,18.1,3.8,Port Kembla,13.68,SIMP_201812_WP,11,November,144.7,15.8,23.7
2018-11-17T05:00:00Z,1.186,18.1,4.2,Port Kembla,15.120000000000001,SIMP_201812_WP,11,November,144.7,15.8,23.7
2018-11-17T06:00:00Z,1.191,18.2,2.8,Port Kembla,10.08,SIMP_201812_WP,11,November,144.7,15.8,23.7
2018-11-17T07:00:00Z,1.09,18.2,2.9,Port Kembla,10.44,SIMP_201812_WP,11,November,144.7,15.8,23.7
2018-11-17T08:00:00Z,0.927,18.2,2.8,Port Kembla,10.08,SIMP_201812_WP,11,November,144.7,15.8,23.7
2018-11-17T09:00:00Z,0.719,18.3,2.7,Port Kembla,9.72,SIMP_201812_WP,11,November,144.7,15.8,23.7
2018-11-17T10:00:00Z,0.517,18.3,3.7,Port Kembla,13.32,SIMP_201812_WP,11,November,144.7,15.8,23.7
2018-11-17T11:00:00Z,0.366,18.3,3.1,Port Kembla,11.16,SIMP_201812_WP,11,November,144.7,15.8,23.7
2018-11-17T12:00:00Z,0.298,18.2,2.8,Port Kembla,10.08,SIMP_201812_WP,11,November,144.7,15.8,23.7
2018-11-17T13:00:00Z,0.337,18.2,3.9,Port Kembla,14.04,SIMP_201812_WP,11,November,144.7,15.8,23.7
2018-11-17T14:00:00Z,0.463,18.2,3.5,Port Kembla,12.6,SIMP_201812_WP,11,November,144.7,15.8,23.7
2018-11-17T15:00:00Z,0.643,18.2,6.3,Port Kembla,22.68,SIMP_201812_WP,11,November,144.7,15.8,23.7
2018-11-17T16:00:00Z,0.841,18.3,4.4,Port Kembla,15.840000000000002,SIMP_201812_WP,11,November,144.7,15.8,23.7
2018-11-17T17:00:00Z,1.007,18.3,3.7,Port Kembla,13.32,SIMP_201812_WP,11,November,144.7,15.8,23.7
2018-11-17T18:00:00Z,1.107,18.3,2.6,Port Kembla,9.360000000000001,SIMP_201812_WP,11,November,144.7,15.8,23.7
2018-11-17T19:00:00Z,1.112,18.3,2.5,Port Kembla,9,SIMP_201812_WP,11,November,144.7,15.8,23.7
2018-11-17T20:00:00Z,1.028,18.3,2.5,Port Kembla,9,SIMP_201812_WP,11,November,144.7,15.8,23.7
2018-11-17T21:00:00Z,0.883,18.2,2.8,Port Kembla,10.08,SIMP_201812_WP,11,November,144.7,15.8,23.7
2018-11-17T22:00:00Z,0.727,18.2,2.8,Port Kembla,10.08,SIMP_201812_WP,11,November,144.7,15.8,23.7
2018-11-17T23:00:00Z,0.593,18.3,2.8,Port Kembla,10.08,SIMP_201812_WP,11,November,144.7,15.8,23.7
2018-11-18T00:00:00Z,0.519,18.3,3.5,Port Kembla,12.6,SIMP_201812_WP,11,November,144.7,15.8,23.7
2018-11-18T01:00:00Z,0.529,18.4,3.7,Port Kembla,13.32,SIMP_201812_WP,11,November,144.7,15.8,23.7
2018-11-18T02:00:00Z,0.618,18.4,4.2,Port Kembla,15.120000000000001,SIMP_201812_WP,11,November,144.7,15.8,23.7
2018-11-18T03:00:00Z,0.773,18.5,5,Port Kembla,18,SIMP_201812_WP,11,November,144.7,15.8,23.7
2018-11-18T04:00:00Z,0.953,18.6,4.6,Port Kembla,16.56,SIMP_201812_WP,11,November,144.7,15.8,23.7
2018-11-18T05:00:00Z,1.116,18.5,4.5,Port Kembla,16.2,SIMP_201812_WP,11,November,144.7,15.8,23.7
2018-11-18T06:00:00Z,1.206,18.4,4,Port Kembla,14.4,SIMP_201812_WP,11,November,144.7,15.8,23.7
2018-11-18T07:00:00Z,1.2,18.4,4.5,Port Kembla,16.2,SIMP_201812_WP,11,November,144.7,15.8,23.7
2018-11-18T08:00:00Z,1.1,18.4,4.3,Port Kembla,15.48,SIMP_201812_WP,11,November,144.7,15.8,23.7
2018-11-18T09:00:00Z,0.913,18.4,3.5,Port Kembla,12.6,SIMP_201812_WP,11,November,144.7,15.8,23.7
2018-11-18T10:00:00Z,0.697,18.4,3.2,Port Kembla,11.520000000000001,SIMP_201812_WP,11,November,144.7,15.8,23.7
2018-11-18T11:00:00Z,0.492,18.6,3.5,Port Kembla,12.6,SIMP_201812_WP,11,November,144.7,15.8,23.7
2018-11-18T12:00:00Z,0.351,18.7,2.9,Port Kembla,10.44,SIMP_201812_WP,11,November,144.7,15.8,23.7
2018-11-18T13:00:00Z,0.312,18.7,2.2,Port Kembla,7.920000000000001,SIMP_201812_WP,11,November,144.7,15.8,23.7
2018-11-18T14:00:00Z,0.374,18.6,1.4,Port Kembla,5.04,SIMP_201812_WP,11,November,144.7,15.8,23.7
2018-11-18T15:00:00Z,0.533,18.6,2.2,Port Kembla,7.920000000000001,SIMP_201812_WP,11,November,144.7,15.8,23.7
2018-11-18T16:00:00Z,0.76,18.9,2.2,Port Kembla,7.920000000000001,SIMP_201812_WP,11,November,144.7,15.8,23.7
2018-11-18T17:00:00Z,0.984,18.9,2.4,Port Kembla,8.64,SIMP_201812_WP,11,November,144.7,15.8,23.7
2018-11-18T18:00:00Z,1.164,18.8,1.1,Port Kembla,3.9600000000000004,SIMP_201812_WP,11,November,144.7,15.8,23.7
2018-11-18T19:00:00Z,1.251,18.8,1.3,Port Kembla,4.680000000000001,SIMP_201812_WP,11,November,144.7,15.8,23.7
2018-11-18T20:00:00Z,1.22,18.7,0.9,Port Kembla,3.24,SIMP_201812_WP,11,November,144.7,15.8,23.7
2018-11-18T21:00:00Z,1.094,18.8,0.7,Port Kembla,2.52,SIMP_201812_WP,11,November,144.7,15.8,23.7
2018-11-18T22:00:00Z,0.896,19,2.3,Port Kembla,8.28,SIMP_201812_WP,11,November,144.7,15.8,23.7
2018-11-18T23:00:00Z,0.688,19,2.7,Port Kembla,9.72,SIMP_201812_WP,11,November,144.7,15.8,23.7
2018-11-19T00:00:00Z,0.52,18.9,2.9,Port Kembla,10.44,SIMP_201812_WP,11,November,144.7,15.8,23.7
2018-11-19T01:00:00Z,0.437,19.1,3.2,Port Kembla,11.520000000000001,SIMP_201812_WP,11,November,144.7,15.8,23.7
2018-11-19T02:00:00Z,0.464,19.2,3.7,Port Kembla,13.32,SIMP_201812_WP,11,November,144.7,15.8,23.7
2018-11-19T03:00:00Z,0.579,19.3,4.2,Port Kembla,15.120000000000001,SIMP_201812_WP,11,November,144.7,15.8,23.7
2018-11-19T04:00:00Z,0.766,19.6,4.9,Port Kembla,17.64,SIMP_201812_WP,11,November,144.7,15.8,23.7
2018-11-19T05:00:00Z,0.975,19.8,4.6,Port Kembla,16.56,SIMP_201812_WP,11,November,144.7,15.8,23.7
2018-11-19T06:00:00Z,1.151,20,4.4,Port Kembla,15.840000000000002,SIMP_201812_WP,11,November,144.7,15.8,23.7
2018-11-19T07:00:00Z,1.238,20,4,Port Kembla,14.4,SIMP_201812_WP,11,November,144.7,15.8,23.7
2018-11-19T08:00:00Z,1.215,19.7,4.4,Port Kembla,15.840000000000002,SIMP_201812_WP,11,November,144.7,15.8,23.7
2018-11-19T09:00:00Z,1.078,19.6,4.8,Port Kembla,17.28,SIMP_201812_WP,11,November,144.7,15.8,23.7
2018-11-19T10:00:00Z,0.856,19.6,5,Port Kembla,18,SIMP_201812_WP,11,November,144.7,15.8,23.7
2018-11-19T11:00:00Z,0.615,19.7,2.2,Port Kembla,7.920000000000001,SIMP_201812_WP,11,November,144.7,15.8,23.7
2018-11-19T12:00:00Z,0.4,19.7,2.5,Port Kembla,9,SIMP_201812_WP,11,November,144.7,15.8,23.7
2018-11-19T13:00:00Z,0.276,19.8,2.2,Port Kembla,7.920000000000001,SIMP_201812_WP,11,November,144.7,15.8,23.7
2018-11-19T14:00:00Z,0.26,19.7,2.1,Port Kembla,7.5600000000000005,SIMP_201812_WP,11,November,144.7,15.8,23.7
2018-11-19T15:00:00Z,0.373,19.7,1.8,Port Kembla,6.48,SIMP_201812_WP,11,November,144.7,15.8,23.7
2018-11-19T16:00:00Z,0.592,19.8,1.8,Port Kembla,6.48,SIMP_201812_WP,11,November,144.7,15.8,23.7
2018-11-19T17:00:00Z,0.854,19.6,2.2,Port Kembla,7.920000000000001,SIMP_201812_WP,11,November,144.7,15.8,23.7
2018-11-19T18:00:00Z,1.111,19.5,2.1,Port Kembla,7.5600000000000005,SIMP_201812_WP,11,November,144.7,15.8,23.7
2018-11-19T19:00:00Z,1.279,19.2,1.1,Port Kembla,3.9600000000000004,SIMP_201812_WP,11,November,144.7,15.8,23.7
2018-11-19T20:00:00Z,1.338,19.5,2.1,Port Kembla,7.5600000000000005,SIMP_201812_WP,11,November,144.7,15.8,23.7
2018-11-19T21:00:00Z,1.26,19.5,4.3,Port Kembla,15.48,SIMP_201812_WP,11,November,144.7,15.8,23.7
2018-11-19T22:00:00Z,1.073,19.6,4.9,Port Kembla,17.64,SIMP_201812_WP,11,November,144.7,15.8,23.7
2018-11-19T23:00:00Z,0.842,-9999,-9999,Port Kembla,-35996.4,SIMP_201812_WP,11,November,144.7,15.8,23.7
2018-11-20T00:00:00Z,0.607,-9999,-9999,Port Kembla,-35996.4,SIMP_201812_WP,11,November,144.7,15.8,23.7
2018-11-20T01:00:00Z,0.435,-9999,-9999,Port Kembla,-35996.4,SIMP_201812_WP,11,November,144.7,15.8,23.7
2018-11-20T02:00:00Z,0.362,-9999,-9999,Port Kembla,-35996.4,SIMP_201812_WP,11,November,144.7,15.8,23.7
2018-11-20T03:00:00Z,0.409,-9999,-9999,Port Kembla,-35996.4,SIMP_201812_WP,11,November,144.7,15.8,23.7
2018-11-20T04:00:00Z,0.562,-9999,-9999,Port Kembla,-35996.4,SIMP_201812_WP,11,November,144.7,15.8,23.7
2018-11-20T05:00:00Z,0.791,20.4,7.3,Port Kembla,26.28,SIMP_201812_WP,11,November,144.7,15.8,23.7
2018-11-20T06:00:00Z,1.038,20.5,8.4,Port Kembla,30.240000000000002,SIMP_201812_WP,11,November,144.7,15.8,23.7
2018-11-20T07:00:00Z,1.221,20.5,6.3,Port Kembla,22.68,SIMP_201812_WP,11,November,144.7,15.8,23.7
2018-11-20T08:00:00Z,1.3,20.4,6.7,Port Kembla,24.12,SIMP_201812_WP,11,November,144.7,15.8,23.7
2018-11-20T09:00:00Z,1.243,20.3,5.4,Port Kembla,19.44,SIMP_201812_WP,11,November,144.7,15.8,23.7
2018-11-20T10:00:00Z,1.074,20.4,4.1,Port Kembla,14.76,SIMP_201812_WP,11,November,144.7,15.8,23.7
2018-11-20T11:00:00Z,0.824,20.3,2.2,Port Kembla,7.920000000000001,SIMP_201812_WP,11,November,144.7,15.8,23.7
2018-11-20T12:00:00Z,0.564,20.2,3.5,Port Kembla,12.6,SIMP_201812_WP,11,November,144.7,15.8,23.7
2018-11-20T13:00:00Z,0.376,20.2,4.2,Port Kembla,15.120000000000001,SIMP_201812_WP,11,November,144.7,15.8,23.7
2018-11-20T14:00:00Z,0.297,20.2,5.2,Port Kembla,18.720000000000002,SIMP_201812_WP,11,November,144.7,15.8,23.7
2018-11-20T15:00:00Z,0.334,20.2,3.9,Port Kembla,14.04,SIMP_201812_WP,11,November,144.7,15.8,23.7
2018-11-20T16:00:00Z,0.514,20.2,9.4,Port Kembla,33.84,SIMP_201812_WP,11,November,144.7,15.8,23.7
2018-11-20T17:00:00Z,0.789,20.3,2.7,Port Kembla,9.72,SIMP_201812_WP,11,November,144.7,15.8,23.7
2018-11-20T18:00:00Z,1.09,20.1,7.2,Port Kembla,25.92,SIMP_201812_WP,11,November,144.7,15.8,23.7
2018-11-20T19:00:00Z,1.341,20.1,6.1,Port Kembla,21.96,SIMP_201812_WP,11,November,144.7,15.8,23.7
2018-11-20T20:00:00Z,1.505,20.2,4.4,Port Kembla,15.840000000000002,SIMP_201812_WP,11,November,144.7,15.8,23.7
2018-11-20T21:00:00Z,1.526,20.2,2.1,Port Kembla,7.5600000000000005,SIMP_201812_WP,11,November,144.7,15.8,23.7
2018-11-20T22:00:00Z,1.39,20.2,2.8,Port Kembla,10.08,SIMP_201812_WP,11,November,144.7,15.8,23.7
2018-11-20T23:00:00Z,1.146,-9999,-9999,Port Kembla,-35996.4,SIMP_201812_WP,11,November,144.7,15.8,23.7
2018-11-21T00:00:00Z,0.873,-9999,-9999,Port Kembla,-35996.4,SIMP_201812_WP,11,November,144.7,15.8,23.7
2018-11-21T01:00:00Z,0.618,-9999,-9999,Port Kembla,-35996.4,SIMP_201812_WP,11,November,144.7,15.8,23.7
2018-11-21T02:00:00Z,0.433,20.3,4.8,Port Kembla,17.28,SIMP_201812_WP,11,November,144.7,15.8,23.7
2018-11-21T03:00:00Z,0.391,20.3,1.6,Port Kembla,5.760000000000001,SIMP_201812_WP,11,November,144.7,15.8,23.7
2018-11-21T04:00:00Z,0.473,20.3,1.3,Port Kembla,4.680000000000001,SIMP_201812_WP,11,November,144.7,15.8,23.7
2018-11-21T05:00:00Z,0.669,20.2,2.4,Port Kembla,8.64,SIMP_201812_WP,11,November,144.7,15.8,23.7
2018-11-21T06:00:00Z,0.932,20.3,1.9,Port Kembla,6.84,SIMP_201812_WP,11,November,144.7,15.8,23.7
2018-11-21T07:00:00Z,1.183,20.2,1.2,Port Kembla,4.32,SIMP_201812_WP,11,November,144.7,15.8,23.7
2018-11-21T08:00:00Z,1.353,19.5,2,Port Kembla,7.2,SIMP_201812_WP,11,November,144.7,15.8,23.7
2018-11-21T09:00:00Z,1.408,19.7,3.3,Port Kembla,11.879999999999999,SIMP_201812_WP,11,November,144.7,15.8,23.7
2018-11-21T10:00:00Z,1.312,19.6,2.9,Port Kembla,10.44,SIMP_201812_WP,11,November,144.7,15.8,23.7
2018-11-21T11:00:00Z,1.087,19.6,3.1,Port Kembla,11.16,SIMP_201812_WP,11,November,144.7,15.8,23.7
2018-11-21T12:00:00Z,0.814,19.7,1.4,Port Kembla,5.04,SIMP_201812_WP,11,November,144.7,15.8,23.7
2018-11-21T13:00:00Z,0.56,19.6,0.6,Port Kembla,2.16,SIMP_201812_WP,11,November,144.7,15.8,23.7
2018-11-21T14:00:00Z,0.388,19.6,1.6,Port Kembla,5.760000000000001,SIMP_201812_WP,11,November,144.7,15.8,23.7
2018-11-21T15:00:00Z,0.341,19.7,1.5,Port Kembla,5.4,SIMP_201812_WP,11,November,144.7,15.8,23.7
2018-11-21T16:00:00Z,0.45,19.6,1.7,Port Kembla,6.12,SIMP_201812_WP,11,November,144.7,15.8,23.7
2018-11-21T17:00:00Z,0.698,19.6,3.3,Port Kembla,11.879999999999999,SIMP_201812_WP,11,November,144.7,15.8,23.7
2018-11-21T18:00:00Z,1.024,19.7,2.6,Port Kembla,9.360000000000001,SIMP_201812_WP,11,November,144.7,15.8,23.7
2018-11-21T19:00:00Z,1.346,19.7,2.1,Port Kembla,7.5600000000000005,SIMP_201812_WP,11,November,144.7,15.8,23.7
2018-11-21T20:00:00Z,1.601,19.6,2.1,Port Kembla,7.5600000000000005,SIMP_201812_WP,11,November,144.7,15.8,23.7
2018-11-21T21:00:00Z,1.71,19.8,1.6,Port Kembla,5.760000000000001,SIMP_201812_WP,11,November,144.7,15.8,23.7
2018-11-21T22:00:00Z,1.684,19.7,7.7,Port Kembla,27.720000000000002,SIMP_201812_WP,11,November,144.7,15.8,23.7
2018-11-21T23:00:00Z,1.456,19.8,10.8,Port Kembla,38.88,SIMP_201812_WP,11,November,144.7,15.8,23.7
2018-11-22T00:00:00Z,1.12,19.9,10,Port Kembla,36,SIMP_201812_WP,11,November,144.7,15.8,23.7
2018-11-22T01:00:00Z,0.802,20,10.6,Port Kembla,38.16,SIMP_201812_WP,11,November,144.7,15.8,23.7
2018-11-22T02:00:00Z,0.522,20,9.8,Port Kembla,35.28,SIMP_201812_WP,11,November,144.7,15.8,23.7
2018-11-22T03:00:00Z,0.358,20.1,10.4,Port Kembla,37.440000000000005,SIMP_201812_WP,11,November,144.7,15.8,23.7
2018-11-22T04:00:00Z,0.339,20.2,11.4,Port Kembla,41.04,SIMP_201812_WP,11,November,144.7,15.8,23.7
2018-11-22T05:00:00Z,0.469,20.3,9.3,Port Kembla,33.480000000000004,SIMP_201812_WP,11,November,144.7,15.8,23.7
2018-11-22T06:00:00Z,0.712,20.2,12.5,Port Kembla,45,SIMP_201812_WP,11,November,144.7,15.8,23.7
2018-11-22T07:00:00Z,1.005,20.2,12,Port Kembla,43.2,SIMP_201812_WP,11,November,144.7,15.8,23.7
2018-11-22T08:00:00Z,1.238,20,7.4,Port Kembla,26.64,SIMP_201812_WP,11,November,144.7,15.8,23.7
2018-11-22T09:00:00Z,1.363,19.7,9.7,Port Kembla,34.92,SIMP_201812_WP,11,November,144.7,15.8,23.7
2018-11-22T10:00:00Z,1.392,19.6,12.2,Port Kembla,43.92,SIMP_201812_WP,11,November,144.7,15.8,23.7
2018-11-22T11:00:00Z,1.258,19.5,8.4,Port Kembla,30.240000000000002,SIMP_201812_WP,11,November,144.7,15.8,23.7
2018-11-22T12:00:00Z,1.016,19.6,7.5,Port Kembla,27,SIMP_201812_WP,11,November,144.7,15.8,23.7
2018-11-22T13:00:00Z,0.743,19.5,9.1,Port Kembla,32.76,SIMP_201812_WP,11,November,144.7,15.8,23.7
2018-11-22T14:00:00Z,0.503,19.5,6.8,Port Kembla,24.48,SIMP_201812_WP,11,November,144.7,15.8,23.7
2018-11-22T15:00:00Z,0.366,19.3,9.3,Port Kembla,33.480000000000004,SIMP_201812_WP,11,November,144.7,15.8,23.7
2018-11-22T16:00:00Z,0.373,19.1,10.4,Port Kembla,37.440000000000005,SIMP_201812_WP,11,November,144.7,15.8,23.7
2018-11-22T17:00:00Z,0.528,19.1,9,Port Kembla,32.4,SIMP_201812_WP,11,November,144.7,15.8,23.7
2018-11-22T18:00:00Z,0.832,19,12,Port Kembla,43.2,SIMP_201812_WP,11,November,144.7,15.8,23.7
2018-11-22T19:00:00Z,1.187,18.7,8.5,Port Kembla,30.6,SIMP_201812_WP,11,November,144.7,15.8,23.7
2018-11-22T20:00:00Z,1.495,18.5,10.6,Port Kembla,38.16,SIMP_201812_WP,11,November,144.7,15.8,23.7
2018-11-22T21:00:00Z,1.717,18.4,10.7,Port Kembla,38.519999999999996,SIMP_201812_WP,11,November,144.7,15.8,23.7
2018-11-22T22:00:00Z,1.785,18.4,12.6,Port Kembla,45.36,SIMP_201812_WP,11,November,144.7,15.8,23.7
2018-11-22T23:00:00Z,1.674,18.3,14.5,Port Kembla,52.2,SIMP_201812_WP,11,November,144.7,15.8,23.7
2018-11-23T00:00:00Z,1.403,18.1,11.2,Port Kembla,40.32,SIMP_201812_WP,11,November,144.7,15.8,23.7
2018-11-23T01:00:00Z,1.054,18.1,15.5,Port Kembla,55.800000000000004,SIMP_201812_WP,11,November,144.7,15.8,23.7
2018-11-23T02:00:00Z,0.689,18.1,14.7,Port Kembla,52.92,SIMP_201812_WP,11,November,144.7,15.8,23.7
2018-11-23T03:00:00Z,0.414,18.2,16.4,Port Kembla,59.04,SIMP_201812_WP,11,November,144.7,15.8,23.7
2018-11-23T04:00:00Z,0.262,18,15.5,Port Kembla,55.800000000000004,SIMP_201812_WP,11,November,144.7,15.8,23.7
2018-11-23T05:00:00Z,0.276,18,14.9,Port Kembla,53.64,SIMP_201812_WP,11,November,144.7,15.8,23.7
2018-11-23T06:00:00Z,0.457,18,12.9,Port Kembla,46.440000000000005,SIMP_201812_WP,11,November,144.7,15.8,23.7
2018-11-23T07:00:00Z,0.733,17.9,9.2,Port Kembla,33.12,SIMP_201812_WP,11,November,144.7,15.8,23.7
2018-11-23T08:00:00Z,1.033,17.8,12,Port Kembla,43.2,SIMP_201812_WP,11,November,144.7,15.8,23.7
2018-11-23T09:00:00Z,1.272,17.6,13.6,Port Kembla,48.96,SIMP_201812_WP,11,November,144.7,15.8,23.7
2018-11-23T10:00:00Z,1.406,17.4,10.3,Port Kembla,37.080000000000005,SIMP_201812_WP,11,November,144.7,15.8,23.7
2018-11-23T11:00:00Z,1.394,17.2,13.1,Port Kembla,47.16,SIMP_201812_WP,11,November,144.7,15.8,23.7
2018-11-23T12:00:00Z,1.206,17.1,13.9,Port Kembla,50.04,SIMP_201812_WP,11,November,144.7,15.8,23.7
2018-11-23T13:00:00Z,0.927,16.8,13.8,Port Kembla,49.68000000000001,SIMP_201812_WP,11,November,144.7,15.8,23.7
2018-11-23T14:00:00Z,0.661,16.7,10.7,Port Kembla,38.519999999999996,SIMP_201812_WP,11,November,144.7,15.8,23.7
2018-11-23T15:00:00Z,0.453,16.7,12.4,Port Kembla,44.64,SIMP_201812_WP,11,November,144.7,15.8,23.7
2018-11-23T16:00:00Z,0.362,16.5,9.4,Port Kembla,33.84,SIMP_201812_WP,11,November,144.7,15.8,23.7
2018-11-23T17:00:00Z,0.429,16.5,8.7,Port Kembla,31.319999999999997,SIMP_201812_WP,11,November,144.7,15.8,23.7
2018-11-23T18:00:00Z,0.649,16.5,11.7,Port Kembla,42.12,SIMP_201812_WP,11,November,144.7,15.8,23.7
2018-11-23T19:00:00Z,0.978,16.4,9.8,Port Kembla,35.28,SIMP_201812_WP,11,November,144.7,15.8,23.7
2018-11-23T20:00:00Z,1.349,16.4,8.7,Port Kembla,31.319999999999997,SIMP_201812_WP,11,November,144.7,15.8,23.7
2018-11-23T21:00:00Z,1.667,16.5,5.8,Port Kembla,20.88,SIMP_201812_WP,11,November,144.7,15.8,23.7
2018-11-23T22:00:00Z,1.863,16.5,7.4,Port Kembla,26.64,SIMP_201812_WP,11,November,144.7,15.8,23.7
2018-11-23T23:00:00Z,1.888,16.6,7.3,Port Kembla,26.28,SIMP_201812_WP,11,November,144.7,15.8,23.7
2018-11-24T00:00:00Z,1.719,16.6,4.4,Port Kembla,15.840000000000002,SIMP_201812_WP,11,November,144.7,15.8,23.7
2018-11-24T01:00:00Z,1.399,16.7,4.7,Port Kembla,16.92,SIMP_201812_WP,11,November,144.7,15.8,23.7
2018-11-24T02:00:00Z,1.008,16.8,5.2,Port Kembla,18.720000000000002,SIMP_201812_WP,11,November,144.7,15.8,23.7
2018-11-24T03:00:00Z,0.649,16.9,3.2,Port Kembla,11.520000000000001,SIMP_201812_WP,11,November,144.7,15.8,23.7
2018-11-24T04:00:00Z,0.398,17.2,2.7,Port Kembla,9.72,SIMP_201812_WP,11,November,144.7,15.8,23.7
2018-11-24T05:00:00Z,0.295,17.2,1.5,Port Kembla,5.4,SIMP_201812_WP,11,November,144.7,15.8,23.7
2018-11-24T06:00:00Z,0.368,17.1,1.3,Port Kembla,4.680000000000001,SIMP_201812_WP,11,November,144.7,15.8,23.7
2018-11-24T07:00:00Z,0.592,17.1,1.9,Port Kembla,6.84,SIMP_201812_WP,11,November,144.7,15.8,23.7
2018-11-24T08:00:00Z,0.894,17.1,2.9,Port Kembla,10.44,SIMP_201812_WP,11,November,144.7,15.8,23.7
2018-11-24T09:00:00Z,1.192,17.1,2.6,Port Kembla,9.360000000000001,SIMP_201812_WP,11,November,144.7,15.8,23.7
2018-11-24T10:00:00Z,1.432,17,1.4,Port Kembla,5.04,SIMP_201812_WP,11,November,144.7,15.8,23.7
2018-11-24T11:00:00Z,1.552,16.9,2.8,Port Kembla,10.08,SIMP_201812_WP,11,November,144.7,15.8,23.7
2018-11-24T12:00:00Z,1.509,17,2.3,Port Kembla,8.28,SIMP_201812_WP,11,November,144.7,15.8,23.7
2018-11-24T13:00:00Z,1.314,17.2,1.7,Port Kembla,6.12,SIMP_201812_WP,11,November,144.7,15.8,23.7
2018-11-24T14:00:00Z,1.037,17.4,1.3,Port Kembla,4.680000000000001,SIMP_201812_WP,11,November,144.7,15.8,23.7
2018-11-24T15:00:00Z,0.77,17.4,2,Port Kembla,7.2,SIMP_201812_WP,11,November,144.7,15.8,23.7
2018-11-24T16:00:00Z,0.591,17.5,1.7,Port Kembla,6.12,SIMP_201812_WP,11,November,144.7,15.8,23.7
2018-11-24T17:00:00Z,0.537,17.5,1.6,Port Kembla,5.760000000000001,SIMP_201812_WP,11,November,144.7,15.8,23.7
2018-11-24T18:00:00Z,0.638,17.4,2.6,Port Kembla,9.360000000000001,SIMP_201812_WP,11,November,144.7,15.8,23.7
2018-11-24T19:00:00Z,0.886,17.3,2.8,Port Kembla,10.08,SIMP_201812_WP,11,November,144.7,15.8,23.7
2018-11-24T20:00:00Z,1.23,17.6,3.7,Port Kembla,13.32,SIMP_201812_WP,11,November,144.7,15.8,23.7
2018-11-24T21:00:00Z,1.592,17.6,3,Port Kembla,10.8,SIMP_201812_WP,11,November,144.7,15.8,23.7
2018-11-24T22:00:00Z,1.873,17.6,3,Port Kembla,10.8,SIMP_201812_WP,11,November,144.7,15.8,23.7
2018-11-24T23:00:00Z,2.015,17.3,4.9,Port Kembla,17.64,SIMP_201812_WP,11,November,144.7,15.8,23.7
2018-11-25T00:00:00Z,1.98,17.1,4.7,Port Kembla,16.92,SIMP_201812_WP,11,November,144.7,15.8,23.7
2018-11-25T01:00:00Z,1.751,17.2,4.6,Port Kembla,16.56,SIMP_201812_WP,11,November,144.7,15.8,23.7
2018-11-25T02:00:00Z,1.392,17.3,4.4,Port Kembla,15.840000000000002,SIMP_201812_WP,11,November,144.7,15.8,23.7
2018-11-25T03:00:00Z,0.992,17.4,4,Port Kembla,14.4,SIMP_201812_WP,11,November,144.7,15.8,23.7
2018-11-25T04:00:00Z,0.628,17.4,4.7,Port Kembla,16.92,SIMP_201812_WP,11,November,144.7,15.8,23.7
2018-11-25T05:00:00Z,0.378,17.5,3.4,Port Kembla,12.24,SIMP_201812_WP,11,November,144.7,15.8,23.7
2018-11-25T06:00:00Z,0.288,17.5,3.9,Port Kembla,14.04,SIMP_201812_WP,11,November,144.7,15.8,23.7
2018-11-25T07:00:00Z,0.375,17.4,3.1,Port Kembla,11.16,SIMP_201812_WP,11,November,144.7,15.8,23.7
2018-11-25T08:00:00Z,0.599,17.3,4,Port Kembla,14.4,SIMP_201812_WP,11,November,144.7,15.8,23.7
2018-11-25T09:00:00Z,0.889,17.6,5.6,Port Kembla,20.16,SIMP_201812_WP,11,November,144.7,15.8,23.7
2018-11-25T10:00:00Z,1.175,17.7,3.7,Port Kembla,13.32,SIMP_201812_WP,11,November,144.7,15.8,23.7
2018-11-25T11:00:00Z,1.391,17.8,2.6,Port Kembla,9.360000000000001,SIMP_201812_WP,11,November,144.7,15.8,23.7
2018-11-25T12:00:00Z,1.474,17.8,2.6,Port Kembla,9.360000000000001,SIMP_201812_WP,11,November,144.7,15.8,23.7
2018-11-25T13:00:00Z,1.408,17.8,2.7,Port Kembla,9.72,SIMP_201812_WP,11,November,144.7,15.8,23.7
2018-11-25T14:00:00Z,1.208,17.8,1.7,Port Kembla,6.12,SIMP_201812_WP,11,November,144.7,15.8,23.7
2018-11-25T15:00:00Z,0.954,17.8,1.1,Port Kembla,3.9600000000000004,SIMP_201812_WP,11,November,144.7,15.8,23.7
2018-11-25T16:00:00Z,0.726,17.8,1.5,Port Kembla,5.4,SIMP_201812_WP,11,November,144.7,15.8,23.7
2018-11-25T17:00:00Z,0.576,17.8,2.2,Port Kembla,7.920000000000001,SIMP_201812_WP,11,November,144.7,15.8,23.7
2018-11-25T18:00:00Z,0.557,17.8,2.4,Port Kembla,8.64,SIMP_201812_WP,11,November,144.7,15.8,23.7
2018-11-25T19:00:00Z,0.691,18,3.1,Port Kembla,11.16,SIMP_201812_WP,11,November,144.7,15.8,23.7
2018-11-25T20:00:00Z,0.962,18.1,4.1,Port Kembla,14.76,SIMP_201812_WP,11,November,144.7,15.8,23.7
2018-11-25T21:00:00Z,1.305,18,5.7,Port Kembla,20.52,SIMP_201812_WP,11,November,144.7,15.8,23.7
2018-11-25T22:00:00Z,1.643,18.1,6.7,Port Kembla,24.12,SIMP_201812_WP,11,November,144.7,15.8,23.7
2018-11-25T23:00:00Z,1.89,18.2,4.4,Port Kembla,15.840000000000002,SIMP_201812_WP,11,November,144.7,15.8,23.7
2018-11-26T00:00:00Z,2.003,18.2,4,Port Kembla,14.4,SIMP_201812_WP,11,November,144.7,15.8,23.7
2018-11-26T01:00:00Z,1.923,18.1,4.1,Port Kembla,14.76,SIMP_201812_WP,11,November,144.7,15.8,23.7
2018-11-26T02:00:00Z,1.659,18,4.9,Port Kembla,17.64,SIMP_201812_WP,11,November,144.7,15.8,23.7
2018-11-26T03:00:00Z,1.285,18.1,4.3,Port Kembla,15.48,SIMP_201812_WP,11,November,144.7,15.8,23.7
2018-11-26T04:00:00Z,0.892,18,4.5,Port Kembla,16.2,SIMP_201812_WP,11,November,144.7,15.8,23.7
2018-11-26T05:00:00Z,0.55,17.9,4.8,Port Kembla,17.28,SIMP_201812_WP,11,November,144.7,15.8,23.7
2018-11-26T06:00:00Z,0.323,18,3.7,Port Kembla,13.32,SIMP_201812_WP,11,November,144.7,15.8,23.7
2018-11-26T07:00:00Z,0.24,18.1,3.4,Port Kembla,12.24,SIMP_201812_WP,11,November,144.7,15.8,23.7
2018-11-26T08:00:00Z,0.326,18.1,2.7,Port Kembla,9.72,SIMP_201812_WP,11,November,144.7,15.8,23.7
2018-11-26T09:00:00Z,0.545,18.1,2.2,Port Kembla,7.920000000000001,SIMP_201812_WP,11,November,144.7,15.8,23.7
2018-11-26T10:00:00Z,0.833,18.2,2,Port Kembla,7.2,SIMP_201812_WP,11,November,144.7,15.8,23.7
2018-11-26T11:00:00Z,1.1,18.2,1.8,Port Kembla,6.48,SIMP_201812_WP,11,November,144.7,15.8,23.7
2018-11-26T12:00:00Z,1.283,18.1,2.3,Port Kembla,8.28,SIMP_201812_WP,11,November,144.7,15.8,23.7
2018-11-26T13:00:00Z,1.351,18.1,2.1,Port Kembla,7.5600000000000005,SIMP_201812_WP,11,November,144.7,15.8,23.7
2018-11-26T14:00:00Z,1.283,18.3,2.2,Port Kembla,7.920000000000001,SIMP_201812_WP,11,November,144.7,15.8,23.7
2018-11-26T15:00:00Z,1.086,18.4,3.1,Port Kembla,11.16,SIMP_201812_WP,11,November,144.7,15.8,23.7
2018-11-26T16:00:00Z,0.85,18.5,2,Port Kembla,7.2,SIMP_201812_WP,11,November,144.7,15.8,23.7
2018-11-26T17:00:00Z,0.648,18.4,1.9,Port Kembla,6.84,SIMP_201812_WP,11,November,144.7,15.8,23.7
2018-11-26T18:00:00Z,0.522,18.4,2.5,Port Kembla,9,SIMP_201812_WP,11,November,144.7,15.8,23.7
2018-11-26T19:00:00Z,0.523,18.4,2.1,Port Kembla,7.5600000000000005,SIMP_201812_WP,11,November,144.7,15.8,23.7
2018-11-26T20:00:00Z,0.667,18.4,1.2,Port Kembla,4.32,SIMP_201812_WP,11,November,144.7,15.8,23.7
2018-11-26T21:00:00Z,0.937,18.4,1.7,Port Kembla,6.12,SIMP_201812_WP,11,November,144.7,15.8,23.7
2018-11-26T22:00:00Z,1.261,18.4,1.5,Port Kembla,5.4,SIMP_201812_WP,11,November,144.7,15.8,23.7
2018-11-26T23:00:00Z,1.556,18.4,1.9,Port Kembla,6.84,SIMP_201812_WP,11,November,144.7,15.8,23.7
2018-11-27T00:00:00Z,1.786,18.5,2.6,Port Kembla,9.360000000000001,SIMP_201812_WP,11,November,144.7,15.8,23.7
2018-11-27T01:00:00Z,1.876,18.5,3.6,Port Kembla,12.96,SIMP_201812_WP,11,November,144.7,15.8,23.7
2018-11-27T02:00:00Z,1.778,18.5,4,Port Kembla,14.4,SIMP_201812_WP,11,November,144.7,15.8,23.7
2018-11-27T03:00:00Z,1.52,18.6,4.7,Port Kembla,16.92,SIMP_201812_WP,11,November,144.7,15.8,23.7
2018-11-27T04:00:00Z,1.161,19,3.8,Port Kembla,13.68,SIMP_201812_WP,11,November,144.7,15.8,23.7
2018-11-27T05:00:00Z,0.797,19.4,5.1,Port Kembla,18.36,SIMP_201812_WP,11,November,144.7,15.8,23.7
2018-11-27T06:00:00Z,0.485,19.3,2.5,Port Kembla,9,SIMP_201812_WP,11,November,144.7,15.8,23.7
2018-11-27T07:00:00Z,0.281,19.2,3.2,Port Kembla,11.520000000000001,SIMP_201812_WP,11,November,144.7,15.8,23.7
2018-11-27T08:00:00Z,0.216,19.2,2.9,Port Kembla,10.44,SIMP_201812_WP,11,November,144.7,15.8,23.7
2018-11-27T09:00:00Z,0.302,19.2,3.7,Port Kembla,13.32,SIMP_201812_WP,11,November,144.7,15.8,23.7
2018-11-27T10:00:00Z,0.512,19.2,5.1,Port Kembla,18.36,SIMP_201812_WP,11,November,144.7,15.8,23.7
2018-11-27T11:00:00Z,0.778,19.2,2,Port Kembla,7.2,SIMP_201812_WP,11,November,144.7,15.8,23.7
2018-11-27T12:00:00Z,1.035,19.1,2.8,Port Kembla,10.08,SIMP_201812_WP,11,November,144.7,15.8,23.7
2018-11-27T13:00:00Z,1.223,19.1,3,Port Kembla,10.8,SIMP_201812_WP,11,November,144.7,15.8,23.7
2018-11-27T14:00:00Z,1.296,19.1,4.7,Port Kembla,16.92,SIMP_201812_WP,11,November,144.7,15.8,23.7
2018-11-27T15:00:00Z,1.212,19.1,3.6,Port Kembla,12.96,SIMP_201812_WP,11,November,144.7,15.8,23.7
2018-11-27T16:00:00Z,1.049,19.1,1.5,Port Kembla,5.4,SIMP_201812_WP,11,November,144.7,15.8,23.7
2018-11-27T17:00:00Z,0.859,19.2,2.5,Port Kembla,9,SIMP_201812_WP,11,November,144.7,15.8,23.7
2018-11-27T18:00:00Z,0.679,19.1,5.3,Port Kembla,19.08,SIMP_201812_WP,11,November,144.7,15.8,23.7
2018-11-27T19:00:00Z,0.579,19,6.8,Port Kembla,24.48,SIMP_201812_WP,11,November,144.7,15.8,23.7
2018-11-27T20:00:00Z,0.59,19.2,7.4,Port Kembla,26.64,SIMP_201812_WP,11,November,144.7,15.8,23.7
2018-11-27T21:00:00Z,0.735,19.1,8.2,Port Kembla,29.52,SIMP_201812_WP,11,November,144.7,15.8,23.7
2018-11-27T22:00:00Z,0.992,19.1,8.8,Port Kembla,31.680000000000003,SIMP_201812_WP,11,November,144.7,15.8,23.7
2018-11-27T23:00:00Z,1.293,19.1,9.8,Port Kembla,35.28,SIMP_201812_WP,11,November,144.7,15.8,23.7
2018-11-28T00:00:00Z,1.569,18.8,9.8,Port Kembla,35.28,SIMP_201812_WP,11,November,144.7,15.8,23.7
2018-11-28T01:00:00Z,1.765,18.8,8.2,Port Kembla,29.52,SIMP_201812_WP,11,November,144.7,15.8,23.7
2018-11-28T02:00:00Z,1.82,18.7,9.3,Port Kembla,33.480000000000004,SIMP_201812_WP,11,November,144.7,15.8,23.7
2018-11-28T03:00:00Z,1.723,18.6,10,Port Kembla,36,SIMP_201812_WP,11,November,144.7,15.8,23.7
2018-11-28T04:00:00Z,1.476,18.6,10,Port Kembla,36,SIMP_201812_WP,11,November,144.7,15.8,23.7
2018-11-28T05:00:00Z,1.154,18.5,8,Port Kembla,28.8,SIMP_201812_WP,11,November,144.7,15.8,23.7
2018-11-28T06:00:00Z,0.813,18.5,6.3,Port Kembla,22.68,SIMP_201812_WP,11,November,144.7,15.8,23.7
2018-11-28T07:00:00Z,0.515,18.5,6,Port Kembla,21.6,SIMP_201812_WP,11,November,144.7,15.8,23.7
2018-11-28T08:00:00Z,0.309,18.5,5,Port Kembla,18,SIMP_201812_WP,11,November,144.7,15.8,23.7
2018-11-28T09:00:00Z,0.251,18.6,5.5,Port Kembla,19.8,SIMP_201812_WP,11,November,144.7,15.8,23.7
2018-11-28T10:00:00Z,0.329,18.5,6.2,Port Kembla,22.32,SIMP_201812_WP,11,November,144.7,15.8,23.7
2018-11-28T11:00:00Z,0.521,18.5,4.7,Port Kembla,16.92,SIMP_201812_WP,11,November,144.7,15.8,23.7
2018-11-28T12:00:00Z,0.761,18.5,6.5,Port Kembla,23.400000000000002,SIMP_201812_WP,11,November,144.7,15.8,23.7
2018-11-28T13:00:00Z,1.006,18.5,7.8,Port Kembla,28.08,SIMP_201812_WP,11,November,144.7,15.8,23.7
2018-11-28T14:00:00Z,1.199,18.5,6.9,Port Kembla,24.840000000000003,SIMP_201812_WP,11,November,144.7,15.8,23.7
2018-11-28T15:00:00Z,1.268,18.5,8,Port Kembla,28.8,SIMP_201812_WP,11,November,144.7,15.8,23.7
2018-11-28T16:00:00Z,1.222,18.5,6.6,Port Kembla,23.759999999999998,SIMP_201812_WP,11,November,144.7,15.8,23.7
2018-11-28T17:00:00Z,1.085,18.5,6.6,Port Kembla,23.759999999999998,SIMP_201812_WP,11,November,144.7,15.8,23.7
2018-11-28T18:00:00Z,0.896,18.4,7,Port Kembla,25.2,SIMP_201812_WP,11,November,144.7,15.8,23.7
2018-11-28T19:00:00Z,0.721,18.4,6.8,Port Kembla,24.48,SIMP_201812_WP,11,November,144.7,15.8,23.7
2018-11-28T20:00:00Z,0.608,18.4,6.1,Port Kembla,21.96,SIMP_201812_WP,11,November,144.7,15.8,23.7
2018-11-28T21:00:00Z,0.603,18.5,7.1,Port Kembla,25.56,SIMP_201812_WP,11,November,144.7,15.8,23.7
2018-11-28T22:00:00Z,0.714,18.4,7,Port Kembla,25.2,SIMP_201812_WP,11,November,144.7,15.8,23.7
2018-11-28T23:00:00Z,0.924,18.5,7.1,Port Kembla,25.56,SIMP_201812_WP,11,November,144.7,15.8,23.7
2018-11-29T00:00:00Z,1.189,18.5,8.4,Port Kembla,30.240000000000002,SIMP_201812_WP,11,November,144.7,15.8,23.7
2018-11-29T01:00:00Z,1.449,18.5,5.4,Port Kembla,19.44,SIMP_201812_WP,11,November,144.7,15.8,23.7
2018-11-29T02:00:00Z,1.631,18.5,4.6,Port Kembla,16.56,SIMP_201812_WP,11,November,144.7,15.8,23.7
2018-11-29T03:00:00Z,1.695,18.5,4.4,Port Kembla,15.840000000000002,SIMP_201812_WP,11,November,144.7,15.8,23.7
2018-11-29T04:00:00Z,1.615,18.5,4.4,Port Kembla,15.840000000000002,SIMP_201812_WP,11,November,144.7,15.8,23.7
2018-11-29T05:00:00Z,1.417,18.5,4.9,Port Kembla,17.64,SIMP_201812_WP,11,November,144.7,15.8,23.7
2018-11-29T06:00:00Z,1.121,18.5,3.7,Port Kembla,13.32,SIMP_201812_WP,11,November,144.7,15.8,23.7
2018-11-29T07:00:00Z,0.81,-9999,4.6,Port Kembla,16.56,SIMP_201812_WP,11,November,144.7,15.8,23.7
2018-11-29T08:00:00Z,0.524,18.5,3.7,Port Kembla,13.32,SIMP_201812_WP,11,November,144.7,15.8,23.7
2018-11-29T09:00:00Z,0.328,18.5,3.9,Port Kembla,14.04,SIMP_201812_WP,11,November,144.7,15.8,23.7
2018-11-29T10:00:00Z,0.269,18.5,3.8,Port Kembla,13.68,SIMP_201812_WP,11,November,144.7,15.8,23.7
2018-11-29T11:00:00Z,0.347,18.6,4.3,Port Kembla,15.48,SIMP_201812_WP,11,November,144.7,15.8,23.7
2018-11-29T12:00:00Z,0.525,18.6,3.4,Port Kembla,12.24,SIMP_201812_WP,11,November,144.7,15.8,23.7
2018-11-29T13:00:00Z,0.768,18.6,3.2,Port Kembla,11.520000000000001,SIMP_201812_WP,11,November,144.7,15.8,23.7
2018-11-29T14:00:00Z,1.017,18.5,3.5,Port Kembla,12.6,SIMP_201812_WP,11,November,144.7,15.8,23.7
2018-11-29T15:00:00Z,1.2,18.5,3.6,Port Kembla,12.96,SIMP_201812_WP,11,November,144.7,15.8,23.7
2018-11-29T16:00:00Z,1.286,18.5,3.4,Port Kembla,12.24,SIMP_201812_WP,11,November,144.7,15.8,23.7
2018-11-29T17:00:00Z,1.25,18.5,2.3,Port Kembla,8.28,SIMP_201812_WP,11,November,144.7,15.8,23.7
2018-11-29T18:00:00Z,1.116,18.5,2.9,Port Kembla,10.44,SIMP_201812_WP,11,November,144.7,15.8,23.7
2018-11-29T19:00:00Z,0.928,18.5,2.1,Port Kembla,7.5600000000000005,SIMP_201812_WP,11,November,144.7,15.8,23.7
2018-11-29T20:00:00Z,0.743,18.6,2.2,Port Kembla,7.920000000000001,SIMP_201812_WP,11,November,144.7,15.8,23.7
2018-11-29T21:00:00Z,0.613,18.7,3.5,Port Kembla,12.6,SIMP_201812_WP,11,November,144.7,15.8,23.7
2018-11-29T22:00:00Z,0.582,18.7,2.6,Port Kembla,9.360000000000001,SIMP_201812_WP,11,November,144.7,15.8,23.7
2018-11-29T23:00:00Z,0.669,18.7,3.2,Port Kembla,11.520000000000001,SIMP_201812_WP,11,November,144.7,15.8,23.7
2018-11-30T00:00:00Z,0.856,18.7,3.2,Port Kembla,11.520000000000001,SIMP_201812_WP,11,November,144.7,15.8,23.7
2018-11-30T01:00:00Z,1.104,18.7,3.3,Port Kembla,11.879999999999999,SIMP_201812_WP,11,November,144.7,15.8,23.7
2018-11-30T02:00:00Z,1.349,18.8,3.6,Port Kembla,12.96,SIMP_201812_WP,11,November,144.7,15.8,23.7
2018-11-30T03:00:00Z,1.529,18.9,3.1,Port Kembla,11.16,SIMP_201812_WP,11,November,144.7,15.8,23.7
2018-11-30T04:00:00Z,1.606,18.8,3.1,Port Kembla,11.16,SIMP_201812_WP,11,November,144.7,15.8,23.7
2018-11-30T05:00:00Z,1.547,18.9,2.2,Port Kembla,7.920000000000001,SIMP_201812_WP,11,November,144.7,15.8,23.7
2018-11-30T06:00:00Z,1.366,19.2,3.2,Port Kembla,11.520000000000001,SIMP_201812_WP,11,November,144.7,15.8,23.7
2018-11-30T07:00:00Z,1.097,19.7,2.5,Port Kembla,9,SIMP_201812_WP,11,November,144.7,15.8,23.7
2018-11-30T08:00:00Z,0.791,19.9,2.3,Port Kembla,8.28,SIMP_201812_WP,11,November,144.7,15.8,23.7
2018-11-30T09:00:00Z,0.52,19.9,2.2,Port Kembla,7.920000000000001,SIMP_201812_WP,11,November,144.7,15.8,23.7
2018-11-30T10:00:00Z,0.339,19.6,2.5,Port Kembla,9,SIMP_201812_WP,11,November,144.7,15.8,23.7
2018-11-30T11:00:00Z,0.285,19.4,1.9,Port Kembla,6.84,SIMP_201812_WP,11,November,144.7,15.8,23.7
2018-11-30T12:00:00Z,0.347,19.4,1.2,Port Kembla,4.32,SIMP_201812_WP,11,November,144.7,15.8,23.7
2018-11-30T13:00:00Z,0.52,19.4,0.8,Port Kembla,2.8800000000000003,SIMP_201812_WP,11,November,144.7,15.8,23.7
2018-11-30T14:00:00Z,0.774,19.2,0.8,Port Kembla,2.8800000000000003,SIMP_201812_WP,11,November,144.7,15.8,23.7
2018-11-30T15:00:00Z,1.024,19.1,1,Port Kembla,3.6,SIMP_201812_WP,11,November,144.7,15.8,23.7
2018-11-30T16:00:00Z,1.216,19.3,0.3,Port Kembla,1.08,SIMP_201812_WP,11,November,144.7,15.8,23.7
2018-11-30T17:00:00Z,1.303,19.3,2.1,Port Kembla,7.5600000000000005,SIMP_201812_WP,11,November,144.7,15.8,23.7
2018-11-30T18:00:00Z,1.277,19.3,1.2,Port Kembla,4.32,SIMP_201812_WP,11,November,144.7,15.8,23.7
2018-11-30T19:00:00Z,1.142,19.2,1.1,Port Kembla,3.9600000000000004,SIMP_201812_WP,11,November,144.7,15.8,23.7
2018-11-30T20:00:00Z,0.952,19.3,1.9,Port Kembla,6.84,SIMP_201812_WP,11,November,144.7,15.8,23.7
2018-11-30T21:00:00Z,0.752,19.3,0.9,Port Kembla,3.24,SIMP_201812_WP,11,November,144.7,15.8,23.7
2018-11-30T22:00:00Z,0.599,19.4,1.8,Port Kembla,6.48,SIMP_201812_WP,11,November,144.7,15.8,23.7
2018-11-30T23:00:00Z,0.552,19.4,2.6,Port Kembla,9.360000000000001,SIMP_201812_WP,11,November,144.7,15.8,23.7
2018-12-01T00:00:00Z,0.617,19.5,4.8,Port Kembla,17.28,SIMP_201812_WP,12,December,144.9,15.1,22.5
2018-12-01T01:00:00Z,0.779,19.4,5,Port Kembla,18,SIMP_201812_WP,12,December,144.9,15.1,22.5
2018-12-01T02:00:00Z,1.01,19.6,5.1,Port Kembla,18.36,SIMP_201812_WP,12,December,144.9,15.1,22.5
2018-12-01T03:00:00Z,1.248,19.9,5,Port Kembla,18,SIMP_201812_WP,12,December,144.9,15.1,22.5
2018-12-01T04:00:00Z,1.44,20.4,4.3,Port Kembla,15.48,SIMP_201812_WP,12,December,144.9,15.1,22.5
2018-12-01T05:00:00Z,1.536,19.8,4.8,Port Kembla,17.28,SIMP_201812_WP,12,December,144.9,15.1,22.5
2018-12-01T06:00:00Z,1.491,19.7,5.2,Port Kembla,18.720000000000002,SIMP_201812_WP,12,December,144.9,15.1,22.5
2018-12-01T07:00:00Z,1.331,19.9,5,Port Kembla,18,SIMP_201812_WP,12,December,144.9,15.1,22.5
2018-12-01T08:00:00Z,1.083,20.2,5.1,Port Kembla,18.36,SIMP_201812_WP,12,December,144.9,15.1,22.5
2018-12-01T09:00:00Z,0.792,20.1,5.2,Port Kembla,18.720000000000002,SIMP_201812_WP,12,December,144.9,15.1,22.5
2018-12-01T10:00:00Z,0.526,20.1,4.3,Port Kembla,15.48,SIMP_201812_WP,12,December,144.9,15.1,22.5
2018-12-01T11:00:00Z,0.357,20.7,3.2,Port Kembla,11.520000000000001,SIMP_201812_WP,12,December,144.9,15.1,22.5
2018-12-01T12:00:00Z,0.309,20.4,1.9,Port Kembla,6.84,SIMP_201812_WP,12,December,144.9,15.1,22.5
2018-12-01T13:00:00Z,0.403,20.2,2,Port Kembla,7.2,SIMP_201812_WP,12,December,144.9,15.1,22.5
2018-12-01T14:00:00Z,0.616,20,1.6,Port Kembla,5.760000000000001,SIMP_201812_WP,12,December,144.9,15.1,22.5
2018-12-01T15:00:00Z,0.876,19.9,1.5,Port Kembla,5.4,SIMP_201812_WP,12,December,144.9,15.1,22.5
2018-12-01T16:00:00Z,1.155,20,1.8,Port Kembla,6.48,SIMP_201812_WP,12,December,144.9,15.1,22.5
2018-12-01T17:00:00Z,1.373,19.9,2,Port Kembla,7.2,SIMP_201812_WP,12,December,144.9,15.1,22.5
2018-12-01T18:00:00Z,1.484,20,1.8,Port Kembla,6.48,SIMP_201812_WP,12,December,144.9,15.1,22.5
2018-12-01T19:00:00Z,1.46,20,2.1,Port Kembla,7.5600000000000005,SIMP_201812_WP,12,December,144.9,15.1,22.5
2018-12-01T20:00:00Z,1.319,20,4.3,Port Kembla,15.48,SIMP_201812_WP,12,December,144.9,15.1,22.5
2018-12-01T21:00:00Z,1.128,20.4,3.3,Port Kembla,11.879999999999999,SIMP_201812_WP,12,December,144.9,15.1,22.5
2018-12-01T22:00:00Z,0.896,20.4,5.1,Port Kembla,18.36,SIMP_201812_WP,12,December,144.9,15.1,22.5
2018-12-01T23:00:00Z,0.724,20.4,4.1,Port Kembla,14.76,SIMP_201812_WP,12,December,144.9,15.1,22.5
2018-12-02T00:00:00Z,0.652,20.1,6.1,Port Kembla,21.96,SIMP_201812_WP,12,December,144.9,15.1,22.5
2018-12-02T01:00:00Z,0.692,20.2,10.8,Port Kembla,38.88,SIMP_201812_WP,12,December,144.9,15.1,22.5
2018-12-02T02:00:00Z,0.835,21.1,9.4,Port Kembla,33.84,SIMP_201812_WP,12,December,144.9,15.1,22.5
2018-12-02T03:00:00Z,1.057,20.8,8.6,Port Kembla,30.96,SIMP_201812_WP,12,December,144.9,15.1,22.5
2018-12-02T04:00:00Z,1.285,20.9,12.3,Port Kembla,44.28,SIMP_201812_WP,12,December,144.9,15.1,22.5
2018-12-02T05:00:00Z,1.46,20.8,13.4,Port Kembla,48.24,SIMP_201812_WP,12,December,144.9,15.1,22.5
2018-12-02T06:00:00Z,1.551,20.8,6.5,Port Kembla,23.400000000000002,SIMP_201812_WP,12,December,144.9,15.1,22.5
2018-12-02T07:00:00Z,1.502,19.4,3.9,Port Kembla,14.04,SIMP_201812_WP,12,December,144.9,15.1,22.5
2018-12-02T08:00:00Z,1.338,19.4,4.2,Port Kembla,15.120000000000001,SIMP_201812_WP,12,December,144.9,15.1,22.5
2018-12-02T09:00:00Z,1.083,19.7,4.3,Port Kembla,15.48,SIMP_201812_WP,12,December,144.9,15.1,22.5
2018-12-02T10:00:00Z,0.791,19.5,4.3,Port Kembla,15.48,SIMP_201812_WP,12,December,144.9,15.1,22.5
2018-12-02T11:00:00Z,0.537,19.6,4,Port Kembla,14.4,SIMP_201812_WP,12,December,144.9,15.1,22.5
2018-12-02T12:00:00Z,0.365,19.6,2.7,Port Kembla,9.72,SIMP_201812_WP,12,December,144.9,15.1,22.5
2018-12-02T13:00:00Z,0.339,19.5,2.7,Port Kembla,9.72,SIMP_201812_WP,12,December,144.9,15.1,22.5
2018-12-02T14:00:00Z,0.447,19.5,2.3,Port Kembla,8.28,SIMP_201812_WP,12,December,144.9,15.1,22.5
2018-12-02T15:00:00Z,0.669,19.4,2.1,Port Kembla,7.5600000000000005,SIMP_201812_WP,12,December,144.9,15.1,22.5
2018-12-02T16:00:00Z,0.951,19.4,2.4,Port Kembla,8.64,SIMP_201812_WP,12,December,144.9,15.1,22.5
2018-12-02T17:00:00Z,1.229,19.4,2.2,Port Kembla,7.920000000000001,SIMP_201812_WP,12,December,144.9,15.1,22.5
2018-12-02T18:00:00Z,1.441,19.4,1.7,Port Kembla,6.12,SIMP_201812_WP,12,December,144.9,15.1,22.5
2018-12-02T19:00:00Z,1.528,19.4,2.6,Port Kembla,9.360000000000001,SIMP_201812_WP,12,December,144.9,15.1,22.5
2018-12-02T20:00:00Z,1.479,19.4,2.3,Port Kembla,8.28,SIMP_201812_WP,12,December,144.9,15.1,22.5
2018-12-02T21:00:00Z,1.312,19.3,3.3,Port Kembla,11.879999999999999,SIMP_201812_WP,12,December,144.9,15.1,22.5
2018-12-02T22:00:00Z,1.06,19.4,5.9,Port Kembla,21.240000000000002,SIMP_201812_WP,12,December,144.9,15.1,22.5
2018-12-02T23:00:00Z,0.794,19.5,4.5,Port Kembla,16.2,SIMP_201812_WP,12,December,144.9,15.1,22.5
2018-12-03T00:00:00Z,0.592,19.6,4.6,Port Kembla,16.56,SIMP_201812_WP,12,December,144.9,15.1,22.5
2018-12-03T01:00:00Z,0.486,19.8,5.3,Port Kembla,19.08,SIMP_201812_WP,12,December,144.9,15.1,22.5
2018-12-03T02:00:00Z,0.512,20,5.5,Port Kembla,19.8,SIMP_201812_WP,12,December,144.9,15.1,22.5
2018-12-03T03:00:00Z,0.665,20.3,7.5,Port Kembla,27,SIMP_201812_WP,12,December,144.9,15.1,22.5
2018-12-03T04:00:00Z,0.902,20.4,6.2,Port Kembla,22.32,SIMP_201812_WP,12,December,144.9,15.1,22.5
2018-12-03T05:00:00Z,1.163,20.3,6.1,Port Kembla,21.96,SIMP_201812_WP,12,December,144.9,15.1,22.5
2018-12-03T06:00:00Z,1.37,20.4,8.6,Port Kembla,30.96,SIMP_201812_WP,12,December,144.9,15.1,22.5
2018-12-03T07:00:00Z,1.476,20.4,6.9,Port Kembla,24.840000000000003,SIMP_201812_WP,12,December,144.9,15.1,22.5
2018-12-03T08:00:00Z,1.44,20.4,9.6,Port Kembla,34.56,SIMP_201812_WP,12,December,144.9,15.1,22.5
2018-12-03T09:00:00Z,1.272,20.4,9.9,Port Kembla,35.64,SIMP_201812_WP,12,December,144.9,15.1,22.5
2018-12-03T10:00:00Z,1.022,20.2,9.4,Port Kembla,33.84,SIMP_201812_WP,12,December,144.9,15.1,22.5
2018-12-03T11:00:00Z,0.732,20.3,7.2,Port Kembla,25.92,SIMP_201812_WP,12,December,144.9,15.1,22.5
2018-12-03T12:00:00Z,0.487,20.3,10.4,Port Kembla,37.440000000000005,SIMP_201812_WP,12,December,144.9,15.1,22.5
2018-12-03T13:00:00Z,0.361,20.3,7.8,Port Kembla,28.08,SIMP_201812_WP,12,December,144.9,15.1,22.5
2018-12-03T14:00:00Z,0.367,20.2,7.3,Port Kembla,26.28,SIMP_201812_WP,12,December,144.9,15.1,22.5
2018-12-03T15:00:00Z,0.519,19.9,4.6,Port Kembla,16.56,SIMP_201812_WP,12,December,144.9,15.1,22.5
2018-12-03T16:00:00Z,0.786,19.9,6.2,Port Kembla,22.32,SIMP_201812_WP,12,December,144.9,15.1,22.5
2018-12-03T17:00:00Z,1.094,19.7,4,Port Kembla,14.4,SIMP_201812_WP,12,December,144.9,15.1,22.5
2018-12-03T18:00:00Z,1.38,19.6,3.9,Port Kembla,14.04,SIMP_201812_WP,12,December,144.9,15.1,22.5
2018-12-03T19:00:00Z,1.564,19.5,4.5,Port Kembla,16.2,SIMP_201812_WP,12,December,144.9,15.1,22.5
2018-12-03T20:00:00Z,1.626,19.5,4,Port Kembla,14.4,SIMP_201812_WP,12,December,144.9,15.1,22.5
2018-12-03T21:00:00Z,1.54,19.6,4.6,Port Kembla,16.56,SIMP_201812_WP,12,December,144.9,15.1,22.5
2018-12-03T22:00:00Z,1.321,19.5,4.3,Port Kembla,15.48,SIMP_201812_WP,12,December,144.9,15.1,22.5
2018-12-03T23:00:00Z,1.034,19.5,4.3,Port Kembla,15.48,SIMP_201812_WP,12,December,144.9,15.1,22.5
2018-12-04T00:00:00Z,0.744,19.5,2.6,Port Kembla,9.360000000000001,SIMP_201812_WP,12,December,144.9,15.1,22.5
2018-12-04T01:00:00Z,0.526,19.6,3.7,Port Kembla,13.32,SIMP_201812_WP,12,December,144.9,15.1,22.5
2018-12-04T02:00:00Z,0.432,19.6,4.5,Port Kembla,16.2,SIMP_201812_WP,12,December,144.9,15.1,22.5
2018-12-04T03:00:00Z,0.462,19.6,3,Port Kembla,10.8,SIMP_201812_WP,12,December,144.9,15.1,22.5
2018-12-04T04:00:00Z,0.621,19.6,4.1,Port Kembla,14.76,SIMP_201812_WP,12,December,144.9,15.1,22.5
2018-12-04T05:00:00Z,0.869,19.6,3.6,Port Kembla,12.96,SIMP_201812_WP,12,December,144.9,15.1,22.5
2018-12-04T06:00:00Z,1.136,19.5,3.5,Port Kembla,12.6,SIMP_201812_WP,12,December,144.9,15.1,22.5
2018-12-04T07:00:00Z,1.342,19.5,3.9,Port Kembla,14.04,SIMP_201812_WP,12,December,144.9,15.1,22.5
2018-12-04T08:00:00Z,1.422,19.4,2.6,Port Kembla,9.360000000000001,SIMP_201812_WP,12,December,144.9,15.1,22.5
2018-12-04T09:00:00Z,1.359,19.4,3.1,Port Kembla,11.16,SIMP_201812_WP,12,December,144.9,15.1,22.5
2018-12-04T10:00:00Z,1.181,19.4,3.5,Port Kembla,12.6,SIMP_201812_WP,12,December,144.9,15.1,22.5
2018-12-04T11:00:00Z,0.918,19.4,1.4,Port Kembla,5.04,SIMP_201812_WP,12,December,144.9,15.1,22.5
2018-12-04T12:00:00Z,0.647,19.4,1.6,Port Kembla,5.760000000000001,SIMP_201812_WP,12,December,144.9,15.1,22.5
2018-12-04T13:00:00Z,0.443,19.4,1.7,Port Kembla,6.12,SIMP_201812_WP,12,December,144.9,15.1,22.5
2018-12-04T14:00:00Z,0.359,19.4,2,Port Kembla,7.2,SIMP_201812_WP,12,December,144.9,15.1,22.5
2018-12-04T15:00:00Z,0.401,19.4,2.5,Port Kembla,9,SIMP_201812_WP,12,December,144.9,15.1,22.5
2018-12-04T16:00:00Z,0.598,19.4,2.1,Port Kembla,7.5600000000000005,SIMP_201812_WP,12,December,144.9,15.1,22.5
2018-12-04T17:00:00Z,0.9,19.4,2.6,Port Kembla,9.360000000000001,SIMP_201812_WP,12,December,144.9,15.1,22.5
2018-12-04T18:00:00Z,1.218,19.4,0.7,Port Kembla,2.52,SIMP_201812_WP,12,December,144.9,15.1,22.5
2018-12-04T19:00:00Z,1.489,19.4,1,Port Kembla,3.6,SIMP_201812_WP,12,December,144.9,15.1,22.5
2018-12-04T20:00:00Z,1.661,19.4,0.7,Port Kembla,2.52,SIMP_201812_WP,12,December,144.9,15.1,22.5
2018-12-04T21:00:00Z,1.696,19.4,2.4,Port Kembla,8.64,SIMP_201812_WP,12,December,144.9,15.1,22.5
2018-12-04T22:00:00Z,1.569,19.4,1.5,Port Kembla,5.4,SIMP_201812_WP,12,December,144.9,15.1,22.5
2018-12-04T23:00:00Z,1.318,19.4,1.8,Port Kembla,6.48,SIMP_201812_WP,12,December,144.9,15.1,22.5
2018-12-05T00:00:00Z,1.004,19.7,1.4,Port Kembla,5.04,SIMP_201812_WP,12,December,144.9,15.1,22.5
2018-12-05T01:00:00Z,0.705,19.8,1.6,Port Kembla,5.760000000000001,SIMP_201812_WP,12,December,144.9,15.1,22.5
2018-12-05T02:00:00Z,0.484,19.7,1.7,Port Kembla,6.12,SIMP_201812_WP,12,December,144.9,15.1,22.5
2018-12-05T03:00:00Z,0.394,19.7,2.5,Port Kembla,9,SIMP_201812_WP,12,December,144.9,15.1,22.5
2018-12-05T04:00:00Z,0.455,19.7,3.2,Port Kembla,11.520000000000001,SIMP_201812_WP,12,December,144.9,15.1,22.5
2018-12-05T05:00:00Z,0.642,19.8,3,Port Kembla,10.8,SIMP_201812_WP,12,December,144.9,15.1,22.5
2018-12-05T06:00:00Z,0.892,19.8,3.2,Port Kembla,11.520000000000001,SIMP_201812_WP,12,December,144.9,15.1,22.5
2018-12-05T07:00:00Z,1.139,19.8,2.9,Port Kembla,10.44,SIMP_201812_WP,12,December,144.9,15.1,22.5
2018-12-05T08:00:00Z,1.312,19.8,3.1,Port Kembla,11.16,SIMP_201812_WP,12,December,144.9,15.1,22.5
2018-12-05T09:00:00Z,1.369,19.8,3.1,Port Kembla,11.16,SIMP_201812_WP,12,December,144.9,15.1,22.5
2018-12-05T10:00:00Z,1.29,19.8,2.6,Port Kembla,9.360000000000001,SIMP_201812_WP,12,December,144.9,15.1,22.5
2018-12-05T11:00:00Z,1.09,19.8,2.4,Port Kembla,8.64,SIMP_201812_WP,12,December,144.9,15.1,22.5
2018-12-05T12:00:00Z,0.82,19.8,1.9,Port Kembla,6.84,SIMP_201812_WP,12,December,144.9,15.1,22.5
2018-12-05T13:00:00Z,0.579,19.8,1.4,Port Kembla,5.04,SIMP_201812_WP,12,December,144.9,15.1,22.5
2018-12-05T14:00:00Z,0.42,19.8,1.3,Port Kembla,4.680000000000001,SIMP_201812_WP,12,December,144.9,15.1,22.5
2018-12-05T15:00:00Z,0.372,19.7,1.4,Port Kembla,5.04,SIMP_201812_WP,12,December,144.9,15.1,22.5
2018-12-05T16:00:00Z,0.461,19.7,2.1,Port Kembla,7.5600000000000005,SIMP_201812_WP,12,December,144.9,15.1,22.5
2018-12-05T17:00:00Z,0.691,19.8,1.1,Port Kembla,3.9600000000000004,SIMP_201812_WP,12,December,144.9,15.1,22.5
2018-12-05T18:00:00Z,0.989,19.7,1.7,Port Kembla,6.12,SIMP_201812_WP,12,December,144.9,15.1,22.5
2018-12-05T19:00:00Z,1.296,19.7,0.6,Port Kembla,2.16,SIMP_201812_WP,12,December,144.9,15.1,22.5
2018-12-05T20:00:00Z,1.537,19.7,0,Port Kembla,0,SIMP_201812_WP,12,December,144.9,15.1,22.5
2018-12-05T21:00:00Z,1.667,19.7,0.5,Port Kembla,1.8,SIMP_201812_WP,12,December,144.9,15.1,22.5
2018-12-05T22:00:00Z,1.628,19.7,1.3,Port Kembla,4.680000000000001,SIMP_201812_WP,12,December,144.9,15.1,22.5
2018-12-05T23:00:00Z,1.434,19.8,2.4,Port Kembla,8.64,SIMP_201812_WP,12,December,144.9,15.1,22.5
2018-12-06T00:00:00Z,1.134,19.9,2.9,Port Kembla,10.44,SIMP_201812_WP,12,December,144.9,15.1,22.5
2018-12-06T01:00:00Z,0.8,20.4,5.1,Port Kembla,18.36,SIMP_201812_WP,12,December,144.9,15.1,22.5
2018-12-06T02:00:00Z,0.501,20.6,5.4,Port Kembla,19.44,SIMP_201812_WP,12,December,144.9,15.1,22.5
2018-12-06T03:00:00Z,0.301,20.8,6.5,Port Kembla,23.400000000000002,SIMP_201812_WP,12,December,144.9,15.1,22.5
2018-12-06T04:00:00Z,0.242,20.9,6.4,Port Kembla,23.040000000000003,SIMP_201812_WP,12,December,144.9,15.1,22.5
2018-12-06T05:00:00Z,0.325,21.1,7.2,Port Kembla,25.92,SIMP_201812_WP,12,December,144.9,15.1,22.5
2018-12-06T06:00:00Z,0.542,20.9,7.2,Port Kembla,25.92,SIMP_201812_WP,12,December,144.9,15.1,22.5
2018-12-06T07:00:00Z,0.805,20.9,8.4,Port Kembla,30.240000000000002,SIMP_201812_WP,12,December,144.9,15.1,22.5
2018-12-06T08:00:00Z,1.044,21.1,7.7,Port Kembla,27.720000000000002,SIMP_201812_WP,12,December,144.9,15.1,22.5
2018-12-06T09:00:00Z,1.198,21,7.9,Port Kembla,28.44,SIMP_201812_WP,12,December,144.9,15.1,22.5
2018-12-06T10:00:00Z,1.229,20.9,6.2,Port Kembla,22.32,SIMP_201812_WP,12,December,144.9,15.1,22.5
2018-12-06T11:00:00Z,1.131,20.8,5.8,Port Kembla,20.88,SIMP_201812_WP,12,December,144.9,15.1,22.5
2018-12-06T12:00:00Z,0.92,20.9,4,Port Kembla,14.4,SIMP_201812_WP,12,December,144.9,15.1,22.5
2018-12-06T13:00:00Z,0.671,20.8,2.3,Port Kembla,8.28,SIMP_201812_WP,12,December,144.9,15.1,22.5
2018-12-06T14:00:00Z,0.469,20.8,2.6,Port Kembla,9.360000000000001,SIMP_201812_WP,12,December,144.9,15.1,22.5
2018-12-06T15:00:00Z,0.355,20.9,2.1,Port Kembla,7.5600000000000005,SIMP_201812_WP,12,December,144.9,15.1,22.5
2018-12-06T16:00:00Z,0.368,20.8,3.1,Port Kembla,11.16,SIMP_201812_WP,12,December,144.9,15.1,22.5
2018-12-06T17:00:00Z,0.515,20.7,3,Port Kembla,10.8,SIMP_201812_WP,12,December,144.9,15.1,22.5
2018-12-06T18:00:00Z,0.776,20.7,3.8,Port Kembla,13.68,SIMP_201812_WP,12,December,144.9,15.1,22.5
2018-12-06T19:00:00Z,1.087,20.7,3.6,Port Kembla,12.96,SIMP_201812_WP,12,December,144.9,15.1,22.5
2018-12-06T20:00:00Z,1.374,20.6,3.7,Port Kembla,13.32,SIMP_201812_WP,12,December,144.9,15.1,22.5
2018-12-06T21:00:00Z,1.581,20.6,3.5,Port Kembla,12.6,SIMP_201812_WP,12,December,144.9,15.1,22.5
2018-12-06T22:00:00Z,1.658,20.6,6.6,Port Kembla,23.759999999999998,SIMP_201812_WP,12,December,144.9,15.1,22.5
2018-12-06T23:00:00Z,1.562,20.6,5.8,Port Kembla,20.88,SIMP_201812_WP,12,December,144.9,15.1,22.5
2018-12-07T00:00:00Z,1.322,20.6,6,Port Kembla,21.6,SIMP_201812_WP,12,December,144.9,15.1,22.5
2018-12-07T01:00:00Z,1.006,20.7,7.6,Port Kembla,27.36,SIMP_201812_WP,12,December,144.9,15.1,22.5
2018-12-07T02:00:00Z,0.676,20.9,8.4,Port Kembla,30.240000000000002,SIMP_201812_WP,12,December,144.9,15.1,22.5
2018-12-07T03:00:00Z,0.404,21.1,7.9,Port Kembla,28.44,SIMP_201812_WP,12,December,144.9,15.1,22.5
2018-12-07T04:00:00Z,0.251,21.2,7.5,Port Kembla,27,SIMP_201812_WP,12,December,144.9,15.1,22.5
2018-12-07T05:00:00Z,0.235,21.3,7.7,Port Kembla,27.720000000000002,SIMP_201812_WP,12,December,144.9,15.1,22.5
2018-12-07T06:00:00Z,0.375,21.4,7.5,Port Kembla,27,SIMP_201812_WP,12,December,144.9,15.1,22.5
2018-12-07T07:00:00Z,0.598,21.4,8,Port Kembla,28.8,SIMP_201812_WP,12,December,144.9,15.1,22.5
2018-12-07T08:00:00Z,0.847,21.4,8.2,Port Kembla,29.52,SIMP_201812_WP,12,December,144.9,15.1,22.5
2018-12-07T09:00:00Z,1.062,21.4,8.7,Port Kembla,31.319999999999997,SIMP_201812_WP,12,December,144.9,15.1,22.5
2018-12-07T10:00:00Z,1.184,21.4,7.7,Port Kembla,27.720000000000002,SIMP_201812_WP,12,December,144.9,15.1,22.5
2018-12-07T11:00:00Z,1.171,21.3,5.7,Port Kembla,20.52,SIMP_201812_WP,12,December,144.9,15.1,22.5
2018-12-07T12:00:00Z,1.033,21.3,5.9,Port Kembla,21.240000000000002,SIMP_201812_WP,12,December,144.9,15.1,22.5
2018-12-07T13:00:00Z,0.815,21.2,4.6,Port Kembla,16.56,SIMP_201812_WP,12,December,144.9,15.1,22.5
2018-12-07T14:00:00Z,0.596,21.2,6.5,Port Kembla,23.400000000000002,SIMP_201812_WP,12,December,144.9,15.1,22.5
2018-12-07T15:00:00Z,0.415,21.1,5.6,Port Kembla,20.16,SIMP_201812_WP,12,December,144.9,15.1,22.5
2018-12-07T16:00:00Z,0.339,21.1,5.1,Port Kembla,18.36,SIMP_201812_WP,12,December,144.9,15.1,22.5
2018-12-07T17:00:00Z,0.407,21.1,5.2,Port Kembla,18.720000000000002,SIMP_201812_WP,12,December,144.9,15.1,22.5
2018-12-07T18:00:00Z,0.598,21.1,5.2,Port Kembla,18.720000000000002,SIMP_201812_WP,12,December,144.9,15.1,22.5
2018-12-07T19:00:00Z,0.877,21,3,Port Kembla,10.8,SIMP_201812_WP,12,December,144.9,15.1,22.5
2018-12-07T20:00:00Z,1.181,20.9,3.8,Port Kembla,13.68,SIMP_201812_WP,12,December,144.9,15.1,22.5
2018-12-07T21:00:00Z,1.442,20.8,5.2,Port Kembla,18.720000000000002,SIMP_201812_WP,12,December,144.9,15.1,22.5
2018-12-07T22:00:00Z,1.605,20.8,5.6,Port Kembla,20.16,SIMP_201812_WP,12,December,144.9,15.1,22.5
2018-12-07T23:00:00Z,1.62,21,6,Port Kembla,21.6,SIMP_201812_WP,12,December,144.9,15.1,22.5
2018-12-08T00:00:00Z,1.473,21.1,6.7,Port Kembla,24.12,SIMP_201812_WP,12,December,144.9,15.1,22.5
2018-12-08T01:00:00Z,1.198,21.2,6.7,Port Kembla,24.12,SIMP_201812_WP,12,December,144.9,15.1,22.5
2018-12-08T02:00:00Z,0.866,21.3,6.6,Port Kembla,23.759999999999998,SIMP_201812_WP,12,December,144.9,15.1,22.5
2018-12-08T03:00:00Z,0.562,21.5,8.2,Port Kembla,29.52,SIMP_201812_WP,12,December,144.9,15.1,22.5
2018-12-08T04:00:00Z,0.334,21.6,7.2,Port Kembla,25.92,SIMP_201812_WP,12,December,144.9,15.1,22.5
2018-12-08T05:00:00Z,0.233,21.7,9.3,Port Kembla,33.480000000000004,SIMP_201812_WP,12,December,144.9,15.1,22.5
2018-12-08T06:00:00Z,0.273,21.9,8.9,Port Kembla,32.04,SIMP_201812_WP,12,December,144.9,15.1,22.5
2018-12-08T07:00:00Z,0.437,21.8,8.7,Port Kembla,31.319999999999997,SIMP_201812_WP,12,December,144.9,15.1,22.5
2018-12-08T08:00:00Z,0.663,21.8,8.1,Port Kembla,29.16,SIMP_201812_WP,12,December,144.9,15.1,22.5
2018-12-08T09:00:00Z,0.906,21.7,8.2,Port Kembla,29.52,SIMP_201812_WP,12,December,144.9,15.1,22.5
2018-12-08T10:00:00Z,1.09,21.6,6.5,Port Kembla,23.400000000000002,SIMP_201812_WP,12,December,144.9,15.1,22.5
2018-12-08T11:00:00Z,1.164,21.5,5.4,Port Kembla,19.44,SIMP_201812_WP,12,December,144.9,15.1,22.5
2018-12-08T12:00:00Z,1.11,21.4,4.2,Port Kembla,15.120000000000001,SIMP_201812_WP,12,December,144.9,15.1,22.5
2018-12-08T13:00:00Z,0.962,21.4,3.2,Port Kembla,11.520000000000001,SIMP_201812_WP,12,December,144.9,15.1,22.5
2018-12-08T14:00:00Z,0.756,21.3,4.8,Port Kembla,17.28,SIMP_201812_WP,12,December,144.9,15.1,22.5
2018-12-08T15:00:00Z,0.552,21.4,4.1,Port Kembla,14.76,SIMP_201812_WP,12,December,144.9,15.1,22.5
2018-12-08T16:00:00Z,0.419,21.4,3.4,Port Kembla,12.24,SIMP_201812_WP,12,December,144.9,15.1,22.5
2018-12-08T17:00:00Z,0.403,21.4,3,Port Kembla,10.8,SIMP_201812_WP,12,December,144.9,15.1,22.5
2018-12-08T18:00:00Z,0.504,21.3,1.3,Port Kembla,4.680000000000001,SIMP_201812_WP,12,December,144.9,15.1,22.5
2018-12-08T19:00:00Z,0.722,21.3,0,Port Kembla,0,SIMP_201812_WP,12,December,144.9,15.1,22.5
2018-12-08T20:00:00Z,1.004,21.1,0.7,Port Kembla,2.52,SIMP_201812_WP,12,December,144.9,15.1,22.5
2018-12-08T21:00:00Z,1.294,20.6,1.6,Port Kembla,5.760000000000001,SIMP_201812_WP,12,December,144.9,15.1,22.5
2018-12-08T22:00:00Z,1.496,20.7,2.9,Port Kembla,10.44,SIMP_201812_WP,12,December,144.9,15.1,22.5
2018-12-08T23:00:00Z,1.597,21.1,3.5,Port Kembla,12.6,SIMP_201812_WP,12,December,144.9,15.1,22.5
2018-12-09T00:00:00Z,1.556,21.4,4.4,Port Kembla,15.840000000000002,SIMP_201812_WP,12,December,144.9,15.1,22.5
2018-12-09T01:00:00Z,1.36,21.7,4.1,Port Kembla,14.76,SIMP_201812_WP,12,December,144.9,15.1,22.5
2018-12-09T02:00:00Z,1.058,21.9,4.6,Port Kembla,16.56,SIMP_201812_WP,12,December,144.9,15.1,22.5
2018-12-09T03:00:00Z,0.74,22.1,4.8,Port Kembla,17.28,SIMP_201812_WP,12,December,144.9,15.1,22.5
2018-12-09T04:00:00Z,0.46,22.4,3.5,Port Kembla,12.6,SIMP_201812_WP,12,December,144.9,15.1,22.5
2018-12-09T05:00:00Z,0.264,22.5,1.3,Port Kembla,4.680000000000001,SIMP_201812_WP,12,December,144.9,15.1,22.5
2018-12-09T06:00:00Z,0.2,22.4,1.7,Port Kembla,6.12,SIMP_201812_WP,12,December,144.9,15.1,22.5
2018-12-09T07:00:00Z,0.284,21.4,1.3,Port Kembla,4.680000000000001,SIMP_201812_WP,12,December,144.9,15.1,22.5
2018-12-09T08:00:00Z,0.474,21.6,1,Port Kembla,3.6,SIMP_201812_WP,12,December,144.9,15.1,22.5
2018-12-09T09:00:00Z,0.706,21.4,2.7,Port Kembla,9.72,SIMP_201812_WP,12,December,144.9,15.1,22.5
2018-12-09T10:00:00Z,0.93,22.1,1.9,Port Kembla,6.84,SIMP_201812_WP,12,December,144.9,15.1,22.5
2018-12-09T11:00:00Z,1.082,21,0.9,Port Kembla,3.24,SIMP_201812_WP,12,December,144.9,15.1,22.5
2018-12-09T12:00:00Z,1.125,21,1.5,Port Kembla,5.4,SIMP_201812_WP,12,December,144.9,15.1,22.5
2018-12-09T13:00:00Z,1.061,20.6,1.3,Port Kembla,4.680000000000001,SIMP_201812_WP,12,December,144.9,15.1,22.5
2018-12-09T14:00:00Z,0.901,20.9,0.5,Port Kembla,1.8,SIMP_201812_WP,12,December,144.9,15.1,22.5
2018-12-09T15:00:00Z,0.696,21.2,1.3,Port Kembla,4.680000000000001,SIMP_201812_WP,12,December,144.9,15.1,22.5
2018-12-09T16:00:00Z,0.53,21.1,1.7,Port Kembla,6.12,SIMP_201812_WP,12,December,144.9,15.1,22.5
2018-12-09T17:00:00Z,0.452,21.1,1.3,Port Kembla,4.680000000000001,SIMP_201812_WP,12,December,144.9,15.1,22.5
2018-12-09T18:00:00Z,0.475,21.1,1.7,Port Kembla,6.12,SIMP_201812_WP,12,December,144.9,15.1,22.5
2018-12-09T19:00:00Z,0.602,20.9,2.6,Port Kembla,9.360000000000001,SIMP_201812_WP,12,December,144.9,15.1,22.5
2018-12-09T20:00:00Z,0.836,20.4,2.2,Port Kembla,7.920000000000001,SIMP_201812_WP,12,December,144.9,15.1,22.5
2018-12-09T21:00:00Z,1.131,20.3,0.7,Port Kembla,2.52,SIMP_201812_WP,12,December,144.9,15.1,22.5
2018-12-09T22:00:00Z,1.388,20.3,3.1,Port Kembla,11.16,SIMP_201812_WP,12,December,144.9,15.1,22.5
2018-12-09T23:00:00Z,1.559,20.4,2.9,Port Kembla,10.44,SIMP_201812_WP,12,December,144.9,15.1,22.5
2018-12-10T00:00:00Z,1.609,20.8,3.2,Port Kembla,11.520000000000001,SIMP_201812_WP,12,December,144.9,15.1,22.5
2018-12-10T01:00:00Z,1.508,21,3.3,Port Kembla,11.879999999999999,SIMP_201812_WP,12,December,144.9,15.1,22.5
2018-12-10T02:00:00Z,1.277,21.2,2.9,Port Kembla,10.44,SIMP_201812_WP,12,December,144.9,15.1,22.5
2018-12-10T03:00:00Z,0.984,21.5,3.9,Port Kembla,14.04,SIMP_201812_WP,12,December,144.9,15.1,22.5
2018-12-10T04:00:00Z,0.675,21.5,0.9,Port Kembla,3.24,SIMP_201812_WP,12,December,144.9,15.1,22.5
2018-12-10T05:00:00Z,0.431,21.5,4,Port Kembla,14.4,SIMP_201812_WP,12,December,144.9,15.1,22.5
2018-12-10T06:00:00Z,0.28,21.1,3.9,Port Kembla,14.04,SIMP_201812_WP,12,December,144.9,15.1,22.5
2018-12-10T07:00:00Z,0.254,20.3,3.7,Port Kembla,13.32,SIMP_201812_WP,12,December,144.9,15.1,22.5
2018-12-10T08:00:00Z,0.36,20.1,3,Port Kembla,10.8,SIMP_201812_WP,12,December,144.9,15.1,22.5
2018-12-10T09:00:00Z,0.552,19.8,3.1,Port Kembla,11.16,SIMP_201812_WP,12,December,144.9,15.1,22.5
2018-12-10T10:00:00Z,0.771,19.6,3.2,Port Kembla,11.520000000000001,SIMP_201812_WP,12,December,144.9,15.1,22.5
2018-12-10T11:00:00Z,0.966,19.4,2.4,Port Kembla,8.64,SIMP_201812_WP,12,December,144.9,15.1,22.5
2018-12-10T12:00:00Z,1.081,19.6,2.7,Port Kembla,9.72,SIMP_201812_WP,12,December,144.9,15.1,22.5
2018-12-10T13:00:00Z,1.09,19.6,1.9,Port Kembla,6.84,SIMP_201812_WP,12,December,144.9,15.1,22.5
2018-12-10T14:00:00Z,1.002,19.7,2.3,Port Kembla,8.28,SIMP_201812_WP,12,December,144.9,15.1,22.5
2018-12-10T15:00:00Z,0.833,19.6,1.7,Port Kembla,6.12,SIMP_201812_WP,12,December,144.9,15.1,22.5
2018-12-10T16:00:00Z,0.663,19.7,1.8,Port Kembla,6.48,SIMP_201812_WP,12,December,144.9,15.1,22.5
2018-12-10T17:00:00Z,0.544,20.5,1.7,Port Kembla,6.12,SIMP_201812_WP,12,December,144.9,15.1,22.5
2018-12-10T18:00:00Z,0.508,20.5,1.4,Port Kembla,5.04,SIMP_201812_WP,12,December,144.9,15.1,22.5
2018-12-10T19:00:00Z,0.564,20.4,2.3,Port Kembla,8.28,SIMP_201812_WP,12,December,144.9,15.1,22.5
2018-12-10T20:00:00Z,0.735,20.2,1.5,Port Kembla,5.4,SIMP_201812_WP,12,December,144.9,15.1,22.5
2018-12-10T21:00:00Z,0.977,19.9,1.9,Port Kembla,6.84,SIMP_201812_WP,12,December,144.9,15.1,22.5
2018-12-10T22:00:00Z,1.235,20.3,2.9,Port Kembla,10.44,SIMP_201812_WP,12,December,144.9,15.1,22.5
2018-12-10T23:00:00Z,1.44,19.9,2.8,Port Kembla,10.08,SIMP_201812_WP,12,December,144.9,15.1,22.5
2018-12-11T00:00:00Z,1.554,19.7,3.3,Port Kembla,11.879999999999999,SIMP_201812_WP,12,December,144.9,15.1,22.5
2018-12-11T01:00:00Z,1.551,19.5,3.2,Port Kembla,11.520000000000001,SIMP_201812_WP,12,December,144.9,15.1,22.5
2018-12-11T02:00:00Z,1.399,19.7,2.9,Port Kembla,10.44,SIMP_201812_WP,12,December,144.9,15.1,22.5
2018-12-11T03:00:00Z,1.143,19.9,2,Port Kembla,7.2,SIMP_201812_WP,12,December,144.9,15.1,22.5
2018-12-11T04:00:00Z,0.85,20.3,2.1,Port Kembla,7.5600000000000005,SIMP_201812_WP,12,December,144.9,15.1,22.5
2018-12-11T05:00:00Z,0.584,20.3,2.3,Port Kembla,8.28,SIMP_201812_WP,12,December,144.9,15.1,22.5
2018-12-11T06:00:00Z,0.385,20.1,1.9,Port Kembla,6.84,SIMP_201812_WP,12,December,144.9,15.1,22.5
2018-12-11T07:00:00Z,0.298,20.1,1.8,Port Kembla,6.48,SIMP_201812_WP,12,December,144.9,15.1,22.5
2018-12-11T08:00:00Z,0.327,20,1.7,Port Kembla,6.12,SIMP_201812_WP,12,December,144.9,15.1,22.5
2018-12-11T09:00:00Z,0.46,20.4,1.4,Port Kembla,5.04,SIMP_201812_WP,12,December,144.9,15.1,22.5
2018-12-11T10:00:00Z,0.667,20.2,0.8,Port Kembla,2.8800000000000003,SIMP_201812_WP,12,December,144.9,15.1,22.5
2018-12-11T11:00:00Z,0.88,20,1.7,Port Kembla,6.12,SIMP_201812_WP,12,December,144.9,15.1,22.5
2018-12-11T12:00:00Z,1.035,20.1,1,Port Kembla,3.6,SIMP_201812_WP,12,December,144.9,15.1,22.5
2018-12-11T13:00:00Z,1.11,20,0.5,Port Kembla,1.8,SIMP_201812_WP,12,December,144.9,15.1,22.5
2018-12-11T14:00:00Z,1.1,20.3,2.1,Port Kembla,7.5600000000000005,SIMP_201812_WP,12,December,144.9,15.1,22.5
2018-12-11T15:00:00Z,0.983,20.4,1.3,Port Kembla,4.680000000000001,SIMP_201812_WP,12,December,144.9,15.1,22.5
2018-12-11T16:00:00Z,0.824,20.4,1.7,Port Kembla,6.12,SIMP_201812_WP,12,December,144.9,15.1,22.5
2018-12-11T17:00:00Z,0.682,20.4,0.7,Port Kembla,2.52,SIMP_201812_WP,12,December,144.9,15.1,22.5
2018-12-11T18:00:00Z,0.601,20.5,1.6,Port Kembla,5.760000000000001,SIMP_201812_WP,12,December,144.9,15.1,22.5
2018-12-11T19:00:00Z,0.591,20.6,1.3,Port Kembla,4.680000000000001,SIMP_201812_WP,12,December,144.9,15.1,22.5
2018-12-11T20:00:00Z,0.68,20.6,3.6,Port Kembla,12.96,SIMP_201812_WP,12,December,144.9,15.1,22.5
2018-12-11T21:00:00Z,0.858,20.3,1.4,Port Kembla,5.04,SIMP_201812_WP,12,December,144.9,15.1,22.5
2018-12-11T22:00:00Z,1.092,20.3,0.9,Port Kembla,3.24,SIMP_201812_WP,12,December,144.9,15.1,22.5
2018-12-11T23:00:00Z,1.323,20.2,1.1,Port Kembla,3.9600000000000004,SIMP_201812_WP,12,December,144.9,15.1,22.5
2018-12-12T00:00:00Z,1.484,20.3,1.7,Port Kembla,6.12,SIMP_201812_WP,12,December,144.9,15.1,22.5
2018-12-12T01:00:00Z,1.553,20,1.8,Port Kembla,6.48,SIMP_201812_WP,12,December,144.9,15.1,22.5
2018-12-12T02:00:00Z,1.505,19.9,2.5,Port Kembla,9,SIMP_201812_WP,12,December,144.9,15.1,22.5
2018-12-12T03:00:00Z,1.341,20.4,3.2,Port Kembla,11.520000000000001,SIMP_201812_WP,12,December,144.9,15.1,22.5
2018-12-12T04:00:00Z,1.098,20.9,2.6,Port Kembla,9.360000000000001,SIMP_201812_WP,12,December,144.9,15.1,22.5
2018-12-12T05:00:00Z,0.845,21.1,4.6,Port Kembla,16.56,SIMP_201812_WP,12,December,144.9,15.1,22.5
2018-12-12T06:00:00Z,0.625,21.4,5,Port Kembla,18,SIMP_201812_WP,12,December,144.9,15.1,22.5
2018-12-12T07:00:00Z,0.475,21.4,4.8,Port Kembla,17.28,SIMP_201812_WP,12,December,144.9,15.1,22.5
2018-12-12T08:00:00Z,0.421,21.3,3.4,Port Kembla,12.24,SIMP_201812_WP,12,December,144.9,15.1,22.5
2018-12-12T09:00:00Z,0.488,21.3,5.3,Port Kembla,19.08,SIMP_201812_WP,12,December,144.9,15.1,22.5
2018-12-12T10:00:00Z,0.641,21.3,3.5,Port Kembla,12.6,SIMP_201812_WP,12,December,144.9,15.1,22.5
2018-12-12T11:00:00Z,0.825,21.3,3.6,Port Kembla,12.96,SIMP_201812_WP,12,December,144.9,15.1,22.5
2018-12-12T12:00:00Z,1.004,20.6,4.3,Port Kembla,15.48,SIMP_201812_WP,12,December,144.9,15.1,22.5
2018-12-12T13:00:00Z,1.143,20.4,4.7,Port Kembla,16.92,SIMP_201812_WP,12,December,144.9,15.1,22.5
2018-12-12T14:00:00Z,1.201,20.4,3.9,Port Kembla,14.04,SIMP_201812_WP,12,December,144.9,15.1,22.5
2018-12-12T15:00:00Z,1.154,20.6,4.7,Port Kembla,16.92,SIMP_201812_WP,12,December,144.9,15.1,22.5
2018-12-12T16:00:00Z,1.038,20.8,4.7,Port Kembla,16.92,SIMP_201812_WP,12,December,144.9,15.1,22.5
2018-12-12T17:00:00Z,0.91,20.9,3.7,Port Kembla,13.32,SIMP_201812_WP,12,December,144.9,15.1,22.5
2018-12-12T18:00:00Z,0.803,20.8,3.5,Port Kembla,12.6,SIMP_201812_WP,12,December,144.9,15.1,22.5
2018-12-12T19:00:00Z,0.729,20.7,2.2,Port Kembla,7.920000000000001,SIMP_201812_WP,12,December,144.9,15.1,22.5
2018-12-12T20:00:00Z,0.736,20.6,1.9,Port Kembla,6.84,SIMP_201812_WP,12,December,144.9,15.1,22.5
2018-12-12T21:00:00Z,0.844,20.6,1.8,Port Kembla,6.48,SIMP_201812_WP,12,December,144.9,15.1,22.5
2018-12-12T22:00:00Z,1.016,20.3,1.1,Port Kembla,3.9600000000000004,SIMP_201812_WP,12,December,144.9,15.1,22.5
2018-12-12T23:00:00Z,1.225,20.5,2.2,Port Kembla,7.920000000000001,SIMP_201812_WP,12,December,144.9,15.1,22.5
2018-12-13T00:00:00Z,1.417,20.4,1.5,Port Kembla,5.4,SIMP_201812_WP,12,December,144.9,15.1,22.5
2018-12-13T01:00:00Z,1.541,20.4,1.7,Port Kembla,6.12,SIMP_201812_WP,12,December,144.9,15.1,22.5
2018-12-13T02:00:00Z,1.562,20.5,1.5,Port Kembla,5.4,SIMP_201812_WP,12,December,144.9,15.1,22.5
2018-12-13T03:00:00Z,1.491,20.4,0.9,Port Kembla,3.24,SIMP_201812_WP,12,December,144.9,15.1,22.5
2018-12-13T04:00:00Z,1.312,20.3,3,Port Kembla,10.8,SIMP_201812_WP,12,December,144.9,15.1,22.5
2018-12-13T05:00:00Z,1.085,20.3,4,Port Kembla,14.4,SIMP_201812_WP,12,December,144.9,15.1,22.5
2018-12-13T06:00:00Z,0.853,21.3,0.9,Port Kembla,3.24,SIMP_201812_WP,12,December,144.9,15.1,22.5
2018-12-13T07:00:00Z,0.657,20.8,1.2,Port Kembla,4.32,SIMP_201812_WP,12,December,144.9,15.1,22.5
2018-12-13T08:00:00Z,0.544,20.8,0.8,Port Kembla,2.8800000000000003,SIMP_201812_WP,12,December,144.9,15.1,22.5
2018-12-13T09:00:00Z,0.509,20.5,5.1,Port Kembla,18.36,SIMP_201812_WP,12,December,144.9,15.1,22.5
2018-12-13T10:00:00Z,0.597,20.3,4.1,Port Kembla,14.76,SIMP_201812_WP,12,December,144.9,15.1,22.5
2018-12-13T11:00:00Z,0.735,20.3,1.3,Port Kembla,4.680000000000001,SIMP_201812_WP,12,December,144.9,15.1,22.5
2018-12-13T12:00:00Z,0.907,20.9,2.9,Port Kembla,10.44,SIMP_201812_WP,12,December,144.9,15.1,22.5
2018-12-13T13:00:00Z,1.07,20.7,2.8,Port Kembla,10.08,SIMP_201812_WP,12,December,144.9,15.1,22.5
2018-12-13T14:00:00Z,1.186,20.3,1.1,Port Kembla,3.9600000000000004,SIMP_201812_WP,12,December,144.9,15.1,22.5
2018-12-13T15:00:00Z,1.214,20,1.8,Port Kembla,6.48,SIMP_201812_WP,12,December,144.9,15.1,22.5
2018-12-13T16:00:00Z,1.154,20.1,1.9,Port Kembla,6.84,SIMP_201812_WP,12,December,144.9,15.1,22.5
2018-12-13T17:00:00Z,1.047,20.1,2,Port Kembla,7.2,SIMP_201812_WP,12,December,144.9,15.1,22.5
2018-12-13T18:00:00Z,0.926,20.3,2.5,Port Kembla,9,SIMP_201812_WP,12,December,144.9,15.1,22.5
2018-12-13T19:00:00Z,0.81,20.3,1.8,Port Kembla,6.48,SIMP_201812_WP,12,December,144.9,15.1,22.5
2018-12-13T20:00:00Z,0.76,20.5,1.6,Port Kembla,5.760000000000001,SIMP_201812_WP,12,December,144.9,15.1,22.5
2018-12-13T21:00:00Z,0.78,20.4,1.3,Port Kembla,4.680000000000001,SIMP_201812_WP,12,December,144.9,15.1,22.5
2018-12-13T22:00:00Z,0.875,20.1,2.7,Port Kembla,9.72,SIMP_201812_WP,12,December,144.9,15.1,22.5
2018-12-13T23:00:00Z,1.026,19.9,1.5,Port Kembla,5.4,SIMP_201812_WP,12,December,144.9,15.1,22.5
2018-12-14T00:00:00Z,1.214,19.8,1.8,Port Kembla,6.48,SIMP_201812_WP,12,December,144.9,15.1,22.5
2018-12-14T01:00:00Z,1.364,19.9,2.8,Port Kembla,10.08,SIMP_201812_WP,12,December,144.9,15.1,22.5
2018-12-14T02:00:00Z,1.455,19.8,2.1,Port Kembla,7.5600000000000005,SIMP_201812_WP,12,December,144.9,15.1,22.5
2018-12-14T03:00:00Z,1.456,19.8,2.2,Port Kembla,7.920000000000001,SIMP_201812_WP,12,December,144.9,15.1,22.5
2018-12-14T04:00:00Z,1.365,19.8,3.7,Port Kembla,13.32,SIMP_201812_WP,12,December,144.9,15.1,22.5
2018-12-14T05:00:00Z,1.185,19.9,3.3,Port Kembla,11.879999999999999,SIMP_201812_WP,12,December,144.9,15.1,22.5
2018-12-14T06:00:00Z,0.974,19.9,1.7,Port Kembla,6.12,SIMP_201812_WP,12,December,144.9,15.1,22.5
2018-12-14T07:00:00Z,0.781,19.9,3.2,Port Kembla,11.520000000000001,SIMP_201812_WP,12,December,144.9,15.1,22.5
2018-12-14T08:00:00Z,0.619,20.1,3.1,Port Kembla,11.16,SIMP_201812_WP,12,December,144.9,15.1,22.5
2018-12-14T09:00:00Z,0.521,20.1,1.7,Port Kembla,6.12,SIMP_201812_WP,12,December,144.9,15.1,22.5
2018-12-14T10:00:00Z,0.518,20.1,2.7,Port Kembla,9.72,SIMP_201812_WP,12,December,144.9,15.1,22.5
2018-12-14T11:00:00Z,0.614,20.2,2.3,Port Kembla,8.28,SIMP_201812_WP,12,December,144.9,15.1,22.5
2018-12-14T12:00:00Z,0.759,20.3,1.6,Port Kembla,5.760000000000001,SIMP_201812_WP,12,December,144.9,15.1,22.5
2018-12-14T13:00:00Z,0.936,20.3,1.3,Port Kembla,4.680000000000001,SIMP_201812_WP,12,December,144.9,15.1,22.5
2018-12-14T14:00:00Z,1.095,20.2,2.9,Port Kembla,10.44,SIMP_201812_WP,12,December,144.9,15.1,22.5
2018-12-14T15:00:00Z,1.189,20.3,3.1,Port Kembla,11.16,SIMP_201812_WP,12,December,144.9,15.1,22.5
2018-12-14T16:00:00Z,1.207,20.1,1.1,Port Kembla,3.9600000000000004,SIMP_201812_WP,12,December,144.9,15.1,22.5
2018-12-14T17:00:00Z,1.159,20.1,1.6,Port Kembla,5.760000000000001,SIMP_201812_WP,12,December,144.9,15.1,22.5
2018-12-14T18:00:00Z,1.054,20.2,1.4,Port Kembla,5.04,SIMP_201812_WP,12,December,144.9,15.1,22.5
2018-12-14T19:00:00Z,0.922,20.3,1.1,Port Kembla,3.9600000000000004,SIMP_201812_WP,12,December,144.9,15.1,22.5
2018-12-14T20:00:00Z,0.827,20.3,1.9,Port Kembla,6.84,SIMP_201812_WP,12,December,144.9,15.1,22.5
2018-12-14T21:00:00Z,0.773,20.2,1.5,Port Kembla,5.4,SIMP_201812_WP,12,December,144.9,15.1,22.5
2018-12-14T22:00:00Z,0.79,20.2,1.4,Port Kembla,5.04,SIMP_201812_WP,12,December,144.9,15.1,22.5
2018-12-14T23:00:00Z,0.875,20.1,1.8,Port Kembla,6.48,SIMP_201812_WP,12,December,144.9,15.1,22.5
2018-12-15T00:00:00Z,1.011,20,2.5,Port Kembla,9,SIMP_201812_WP,12,December,144.9,15.1,22.5
2018-12-15T01:00:00Z,1.173,20.4,1.6,Port Kembla,5.760000000000001,SIMP_201812_WP,12,December,144.9,15.1,22.5
2018-12-15T02:00:00Z,1.301,20.2,1.6,Port Kembla,5.760000000000001,SIMP_201812_WP,12,December,144.9,15.1,22.5
2018-12-15T03:00:00Z,1.38,20.2,2.9,Port Kembla,10.44,SIMP_201812_WP,12,December,144.9,15.1,22.5
2018-12-15T04:00:00Z,1.379,20.3,3.7,Port Kembla,13.32,SIMP_201812_WP,12,December,144.9,15.1,22.5
2018-12-15T05:00:00Z,1.295,20.3,3.1,Port Kembla,11.16,SIMP_201812_WP,12,December,144.9,15.1,22.5
2018-12-15T06:00:00Z,1.152,20.5,5.4,Port Kembla,19.44,SIMP_201812_WP,12,December,144.9,15.1,22.5
2018-12-15T07:00:00Z,0.935,20.6,3.7,Port Kembla,13.32,SIMP_201812_WP,12,December,144.9,15.1,22.5
2018-12-15T08:00:00Z,0.757,21.8,0.7,Port Kembla,2.52,SIMP_201812_WP,12,December,144.9,15.1,22.5
2018-12-15T09:00:00Z,0.602,20.6,5.2,Port Kembla,18.720000000000002,SIMP_201812_WP,12,December,144.9,15.1,22.5
2018-12-15T10:00:00Z,0.522,21.6,7.7,Port Kembla,27.720000000000002,SIMP_201812_WP,12,December,144.9,15.1,22.5
2018-12-15T11:00:00Z,0.539,21.5,3.2,Port Kembla,11.520000000000001,SIMP_201812_WP,12,December,144.9,15.1,22.5
2018-12-15T12:00:00Z,0.63,21.1,4.6,Port Kembla,16.56,SIMP_201812_WP,12,December,144.9,15.1,22.5
2018-12-15T13:00:00Z,0.785,21,4.4,Port Kembla,15.840000000000002,SIMP_201812_WP,12,December,144.9,15.1,22.5
2018-12-15T14:00:00Z,0.968,20.3,2,Port Kembla,7.2,SIMP_201812_WP,12,December,144.9,15.1,22.5
2018-12-15T15:00:00Z,1.117,20.1,1.5,Port Kembla,5.4,SIMP_201812_WP,12,December,144.9,15.1,22.5
2018-12-15T16:00:00Z,1.211,20,3.1,Port Kembla,11.16,SIMP_201812_WP,12,December,144.9,15.1,22.5
2018-12-15T17:00:00Z,1.235,20.3,2.7,Port Kembla,9.72,SIMP_201812_WP,12,December,144.9,15.1,22.5
2018-12-15T18:00:00Z,1.174,20.6,3.3,Port Kembla,11.879999999999999,SIMP_201812_WP,12,December,144.9,15.1,22.5
2018-12-15T19:00:00Z,1.055,20.5,2.9,Port Kembla,10.44,SIMP_201812_WP,12,December,144.9,15.1,22.5
2018-12-15T20:00:00Z,0.924,20.4,3.1,Port Kembla,11.16,SIMP_201812_WP,12,December,144.9,15.1,22.5
2018-12-15T21:00:00Z,0.808,20.3,5.1,Port Kembla,18.36,SIMP_201812_WP,12,December,144.9,15.1,22.5
2018-12-15T22:00:00Z,0.745,20.4,3.8,Port Kembla,13.68,SIMP_201812_WP,12,December,144.9,15.1,22.5
2018-12-15T23:00:00Z,0.75,20.4,3.4,Port Kembla,12.24,SIMP_201812_WP,12,December,144.9,15.1,22.5
2018-12-16T00:00:00Z,0.824,20.6,3.7,Port Kembla,13.32,SIMP_201812_WP,12,December,144.9,15.1,22.5
2018-12-16T01:00:00Z,0.957,20.1,3.6,Port Kembla,12.96,SIMP_201812_WP,12,December,144.9,15.1,22.5
2018-12-16T02:00:00Z,1.101,19.9,4.2,Port Kembla,15.120000000000001,SIMP_201812_WP,12,December,144.9,15.1,22.5
2018-12-16T03:00:00Z,1.242,20.3,7.5,Port Kembla,27,SIMP_201812_WP,12,December,144.9,15.1,22.5
2018-12-16T04:00:00Z,1.321,22.4,7.6,Port Kembla,27.36,SIMP_201812_WP,12,December,144.9,15.1,22.5
2018-12-16T05:00:00Z,1.324,21.5,8.7,Port Kembla,31.319999999999997,SIMP_201812_WP,12,December,144.9,15.1,22.5
2018-12-16T06:00:00Z,1.236,21,9.9,Port Kembla,35.64,SIMP_201812_WP,12,December,144.9,15.1,22.5
2018-12-16T07:00:00Z,1.087,22.3,7.9,Port Kembla,28.44,SIMP_201812_WP,12,December,144.9,15.1,22.5
2018-12-16T08:00:00Z,0.882,22.2,7.9,Port Kembla,28.44,SIMP_201812_WP,12,December,144.9,15.1,22.5
2018-12-16T09:00:00Z,0.691,22.1,6.1,Port Kembla,21.96,SIMP_201812_WP,12,December,144.9,15.1,22.5
2018-12-16T10:00:00Z,0.557,22.3,8.2,Port Kembla,29.52,SIMP_201812_WP,12,December,144.9,15.1,22.5
2018-12-16T11:00:00Z,0.482,22.1,2.8,Port Kembla,10.08,SIMP_201812_WP,12,December,144.9,15.1,22.5
2018-12-16T12:00:00Z,0.504,20.9,0.1,Port Kembla,0.36000000000000004,SIMP_201812_WP,12,December,144.9,15.1,22.5
2018-12-16T13:00:00Z,0.621,20.7,0.3,Port Kembla,1.08,SIMP_201812_WP,12,December,144.9,15.1,22.5
2018-12-16T14:00:00Z,0.808,20.5,1.6,Port Kembla,5.760000000000001,SIMP_201812_WP,12,December,144.9,15.1,22.5
2018-12-16T15:00:00Z,1.003,20.3,1.5,Port Kembla,5.4,SIMP_201812_WP,12,December,144.9,15.1,22.5
2018-12-16T16:00:00Z,1.171,20.2,0.1,Port Kembla,0.36000000000000004,SIMP_201812_WP,12,December,144.9,15.1,22.5
2018-12-16T17:00:00Z,1.271,20.1,0.1,Port Kembla,0.36000000000000004,SIMP_201812_WP,12,December,144.9,15.1,22.5
2018-12-16T18:00:00Z,1.28,20.7,1.3,Port Kembla,4.680000000000001,SIMP_201812_WP,12,December,144.9,15.1,22.5
2018-12-16T19:00:00Z,1.197,20.8,1.4,Port Kembla,5.04,SIMP_201812_WP,12,December,144.9,15.1,22.5
2018-12-16T20:00:00Z,1.069,20.7,1.4,Port Kembla,5.04,SIMP_201812_WP,12,December,144.9,15.1,22.5
2018-12-16T21:00:00Z,0.912,20.4,1.3,Port Kembla,4.680000000000001,SIMP_201812_WP,12,December,144.9,15.1,22.5
2018-12-16T22:00:00Z,0.768,20.2,1,Port Kembla,3.6,SIMP_201812_WP,12,December,144.9,15.1,22.5
2018-12-16T23:00:00Z,0.681,20.1,1.9,Port Kembla,6.84,SIMP_201812_WP,12,December,144.9,15.1,22.5
2018-12-17T00:00:00Z,0.685,20.4,2.4,Port Kembla,8.64,SIMP_201812_WP,12,December,144.9,15.1,22.5
2018-12-17T01:00:00Z,0.759,20.5,2.3,Port Kembla,8.28,SIMP_201812_WP,12,December,144.9,15.1,22.5
2018-12-17T02:00:00Z,0.878,20.5,1.8,Port Kembla,6.48,SIMP_201812_WP,12,December,144.9,15.1,22.5
2018-12-17T03:00:00Z,1.035,20.3,1.3,Port Kembla,4.680000000000001,SIMP_201812_WP,12,December,144.9,15.1,22.5
2018-12-17T04:00:00Z,1.165,20.3,1.9,Port Kembla,6.84,SIMP_201812_WP,12,December,144.9,15.1,22.5
2018-12-17T05:00:00Z,1.243,20.4,1.1,Port Kembla,3.9600000000000004,SIMP_201812_WP,12,December,144.9,15.1,22.5
2018-12-17T06:00:00Z,1.245,20.2,1.2,Port Kembla,4.32,SIMP_201812_WP,12,December,144.9,15.1,22.5
2018-12-17T07:00:00Z,1.163,20,1.7,Port Kembla,6.12,SIMP_201812_WP,12,December,144.9,15.1,22.5
2018-12-17T08:00:00Z,1.005,20.8,1.7,Port Kembla,6.12,SIMP_201812_WP,12,December,144.9,15.1,22.5
2018-12-17T09:00:00Z,0.809,20.6,2,Port Kembla,7.2,SIMP_201812_WP,12,December,144.9,15.1,22.5
2018-12-17T10:00:00Z,0.612,20.7,2.3,Port Kembla,8.28,SIMP_201812_WP,12,December,144.9,15.1,22.5
2018-12-17T11:00:00Z,0.473,20.2,3.3,Port Kembla,11.879999999999999,SIMP_201812_WP,12,December,144.9,15.1,22.5
2018-12-17T12:00:00Z,0.415,20,2.3,Port Kembla,8.28,SIMP_201812_WP,12,December,144.9,15.1,22.5
2018-12-17T13:00:00Z,0.464,20,3,Port Kembla,10.8,SIMP_201812_WP,12,December,144.9,15.1,22.5
2018-12-17T14:00:00Z,0.617,19.9,3.4,Port Kembla,12.24,SIMP_201812_WP,12,December,144.9,15.1,22.5
2018-12-17T15:00:00Z,0.83,19.7,1.5,Port Kembla,5.4,SIMP_201812_WP,12,December,144.9,15.1,22.5
2018-12-17T16:00:00Z,1.061,19.4,2.3,Port Kembla,8.28,SIMP_201812_WP,12,December,144.9,15.1,22.5
2018-12-17T17:00:00Z,1.254,19.5,1.6,Port Kembla,5.760000000000001,SIMP_201812_WP,12,December,144.9,15.1,22.5
2018-12-17T18:00:00Z,1.363,19.3,3.1,Port Kembla,11.16,SIMP_201812_WP,12,December,144.9,15.1,22.5
2018-12-17T19:00:00Z,1.359,19.9,2.8,Port Kembla,10.08,SIMP_201812_WP,12,December,144.9,15.1,22.5
2018-12-17T20:00:00Z,1.259,20.1,3.1,Port Kembla,11.16,SIMP_201812_WP,12,December,144.9,15.1,22.5
2018-12-17T21:00:00Z,1.083,19.4,2.8,Port Kembla,10.08,SIMP_201812_WP,12,December,144.9,15.1,22.5
2018-12-17T22:00:00Z,0.882,19.8,3.9,Port Kembla,14.04,SIMP_201812_WP,12,December,144.9,15.1,22.5
2018-12-17T23:00:00Z,0.708,19.4,3.1,Port Kembla,11.16,SIMP_201812_WP,12,December,144.9,15.1,22.5
2018-12-18T00:00:00Z,0.606,19.3,4.3,Port Kembla,15.48,SIMP_201812_WP,12,December,144.9,15.1,22.5
2018-12-18T01:00:00Z,0.593,19.1,3.9,Port Kembla,14.04,SIMP_201812_WP,12,December,144.9,15.1,22.5
2018-12-18T02:00:00Z,0.664,19.2,3.3,Port Kembla,11.879999999999999,SIMP_201812_WP,12,December,144.9,15.1,22.5
2018-12-18T03:00:00Z,0.813,18.9,4.3,Port Kembla,15.48,SIMP_201812_WP,12,December,144.9,15.1,22.5
2018-12-18T04:00:00Z,0.996,18.9,3.8,Port Kembla,13.68,SIMP_201812_WP,12,December,144.9,15.1,22.5
2018-12-18T05:00:00Z,1.155,19.3,3.4,Port Kembla,12.24,SIMP_201812_WP,12,December,144.9,15.1,22.5
2018-12-18T06:00:00Z,1.249,19.3,3.5,Port Kembla,12.6,SIMP_201812_WP,12,December,144.9,15.1,22.5
2018-12-18T07:00:00Z,1.242,19.2,3.2,Port Kembla,11.520000000000001,SIMP_201812_WP,12,December,144.9,15.1,22.5
2018-12-18T08:00:00Z,1.146,19.3,2.4,Port Kembla,8.64,SIMP_201812_WP,12,December,144.9,15.1,22.5
2018-12-18T09:00:00Z,0.965,19.3,2.8,Port Kembla,10.08,SIMP_201812_WP,12,December,144.9,15.1,22.5
2018-12-18T10:00:00Z,0.739,19.4,2.5,Port Kembla,9,SIMP_201812_WP,12,December,144.9,15.1,22.5
2018-12-18T11:00:00Z,0.531,19.5,2.6,Port Kembla,9.360000000000001,SIMP_201812_WP,12,December,144.9,15.1,22.5
2018-12-18T12:00:00Z,0.391,19.7,2.3,Port Kembla,8.28,SIMP_201812_WP,12,December,144.9,15.1,22.5
2018-12-18T13:00:00Z,0.358,19.8,2.3,Port Kembla,8.28,SIMP_201812_WP,12,December,144.9,15.1,22.5
2018-12-18T14:00:00Z,0.452,19.9,2.2,Port Kembla,7.920000000000001,SIMP_201812_WP,12,December,144.9,15.1,22.5
2018-12-18T15:00:00Z,0.644,19.8,1.8,Port Kembla,6.48,SIMP_201812_WP,12,December,144.9,15.1,22.5
2018-12-18T16:00:00Z,0.902,19.9,2,Port Kembla,7.2,SIMP_201812_WP,12,December,144.9,15.1,22.5
2018-12-18T17:00:00Z,1.165,19.9,1.6,Port Kembla,5.760000000000001,SIMP_201812_WP,12,December,144.9,15.1,22.5
2018-12-18T18:00:00Z,1.362,19.8,1.8,Port Kembla,6.48,SIMP_201812_WP,12,December,144.9,15.1,22.5
2018-12-18T19:00:00Z,1.461,19.8,2,Port Kembla,7.2,SIMP_201812_WP,12,December,144.9,15.1,22.5
2018-12-18T20:00:00Z,1.438,19.8,1.6,Port Kembla,5.760000000000001,SIMP_201812_WP,12,December,144.9,15.1,22.5
2018-12-18T21:00:00Z,1.295,19.9,1.4,Port Kembla,5.04,SIMP_201812_WP,12,December,144.9,15.1,22.5
2018-12-18T22:00:00Z,1.067,19.9,1.1,Port Kembla,3.9600000000000004,SIMP_201812_WP,12,December,144.9,15.1,22.5
2018-12-18T23:00:00Z,0.817,20,1.9,Port Kembla,6.84,SIMP_201812_WP,12,December,144.9,15.1,22.5
2018-12-19T00:00:00Z,0.619,20.1,1.3,Port Kembla,4.680000000000001,SIMP_201812_WP,12,December,144.9,15.1,22.5
2018-12-19T01:00:00Z,0.502,20.2,1.4,Port Kembla,5.04,SIMP_201812_WP,12,December,144.9,15.1,22.5
2018-12-19T02:00:00Z,0.483,20.2,1.4,Port Kembla,5.04,SIMP_201812_WP,12,December,144.9,15.1,22.5
2018-12-19T03:00:00Z,0.582,20.2,2.3,Port Kembla,8.28,SIMP_201812_WP,12,December,144.9,15.1,22.5
2018-12-19T04:00:00Z,0.762,20.3,2.6,Port Kembla,9.360000000000001,SIMP_201812_WP,12,December,144.9,15.1,22.5
2018-12-19T05:00:00Z,0.979,20.6,1.9,Port Kembla,6.84,SIMP_201812_WP,12,December,144.9,15.1,22.5
2018-12-19T06:00:00Z,1.17,20.2,1.3,Port Kembla,4.680000000000001,SIMP_201812_WP,12,December,144.9,15.1,22.5
2018-12-19T07:00:00Z,1.278,20.1,1,Port Kembla,3.6,SIMP_201812_WP,12,December,144.9,15.1,22.5
2018-12-19T08:00:00Z,1.269,20.1,1,Port Kembla,3.6,SIMP_201812_WP,12,December,144.9,15.1,22.5
2018-12-19T09:00:00Z,1.145,20.3,2.8,Port Kembla,10.08,SIMP_201812_WP,12,December,144.9,15.1,22.5
2018-12-19T10:00:00Z,0.936,20.4,0.9,Port Kembla,3.24,SIMP_201812_WP,12,December,144.9,15.1,22.5
2018-12-19T11:00:00Z,0.707,20.5,0.3,Port Kembla,1.08,SIMP_201812_WP,12,December,144.9,15.1,22.5
2018-12-19T12:00:00Z,0.497,20.5,0.7,Port Kembla,2.52,SIMP_201812_WP,12,December,144.9,15.1,22.5
2018-12-19T13:00:00Z,0.378,20.5,2.4,Port Kembla,8.64,SIMP_201812_WP,12,December,144.9,15.1,22.5
2018-12-19T14:00:00Z,0.389,20.6,2.7,Port Kembla,9.72,SIMP_201812_WP,12,December,144.9,15.1,22.5
2018-12-19T15:00:00Z,0.516,20.6,2.9,Port Kembla,10.44,SIMP_201812_WP,12,December,144.9,15.1,22.5
2018-12-19T16:00:00Z,0.763,20.8,2.3,Port Kembla,8.28,SIMP_201812_WP,12,December,144.9,15.1,22.5
2018-12-19T17:00:00Z,1.072,20.1,3.2,Port Kembla,11.520000000000001,SIMP_201812_WP,12,December,144.9,15.1,22.5
2018-12-19T18:00:00Z,1.352,20.4,3.6,Port Kembla,12.96,SIMP_201812_WP,12,December,144.9,15.1,22.5
2018-12-19T19:00:00Z,1.548,20.2,2.7,Port Kembla,9.72,SIMP_201812_WP,12,December,144.9,15.1,22.5
2018-12-19T20:00:00Z,1.621,20.8,3,Port Kembla,10.8,SIMP_201812_WP,12,December,144.9,15.1,22.5
2018-12-19T21:00:00Z,1.559,20.7,3.1,Port Kembla,11.16,SIMP_201812_WP,12,December,144.9,15.1,22.5
2018-12-19T22:00:00Z,1.357,20.5,3.9,Port Kembla,14.04,SIMP_201812_WP,12,December,144.9,15.1,22.5
2018-12-19T23:00:00Z,1.067,20.3,2,Port Kembla,7.2,SIMP_201812_WP,12,December,144.9,15.1,22.5
2018-12-20T00:00:00Z,0.777,20.7,2.6,Port Kembla,9.360000000000001,SIMP_201812_WP,12,December,144.9,15.1,22.5
2018-12-20T01:00:00Z,0.546,20.8,3.9,Port Kembla,14.04,SIMP_201812_WP,12,December,144.9,15.1,22.5
2018-12-20T02:00:00Z,0.421,21.4,4.3,Port Kembla,15.48,SIMP_201812_WP,12,December,144.9,15.1,22.5
2018-12-20T03:00:00Z,0.417,21.8,3.1,Port Kembla,11.16,SIMP_201812_WP,12,December,144.9,15.1,22.5
2018-12-20T04:00:00Z,0.544,22,2.1,Port Kembla,7.5600000000000005,SIMP_201812_WP,12,December,144.9,15.1,22.5
2018-12-20T05:00:00Z,0.781,21.5,3.5,Port Kembla,12.6,SIMP_201812_WP,12,December,144.9,15.1,22.5
2018-12-20T06:00:00Z,1.029,21.2,1.7,Port Kembla,6.12,SIMP_201812_WP,12,December,144.9,15.1,22.5
2018-12-20T07:00:00Z,1.221,21.1,3.1,Port Kembla,11.16,SIMP_201812_WP,12,December,144.9,15.1,22.5
2018-12-20T08:00:00Z,1.329,20.7,3.4,Port Kembla,12.24,SIMP_201812_WP,12,December,144.9,15.1,22.5
2018-12-20T09:00:00Z,1.304,20.4,2.6,Port Kembla,9.360000000000001,SIMP_201812_WP,12,December,144.9,15.1,22.5
2018-12-20T10:00:00Z,1.154,20.3,4,Port Kembla,14.4,SIMP_201812_WP,12,December,144.9,15.1,22.5
2018-12-20T11:00:00Z,0.914,20.2,3.2,Port Kembla,11.520000000000001,SIMP_201812_WP,12,December,144.9,15.1,22.5
2018-12-20T12:00:00Z,0.65,20.2,3.8,Port Kembla,13.68,SIMP_201812_WP,12,December,144.9,15.1,22.5
2018-12-20T13:00:00Z,0.441,20.1,4.4,Port Kembla,15.840000000000002,SIMP_201812_WP,12,December,144.9,15.1,22.5
2018-12-20T14:00:00Z,0.345,20.1,4.3,Port Kembla,15.48,SIMP_201812_WP,12,December,144.9,15.1,22.5
2018-12-20T15:00:00Z,0.384,20,4.3,Port Kembla,15.48,SIMP_201812_WP,12,December,144.9,15.1,22.5
2018-12-20T16:00:00Z,0.567,19.8,4.3,Port Kembla,15.48,SIMP_201812_WP,12,December,144.9,15.1,22.5
2018-12-20T17:00:00Z,0.872,19.9,4.6,Port Kembla,16.56,SIMP_201812_WP,12,December,144.9,15.1,22.5
2018-12-20T18:00:00Z,1.21,20,4.5,Port Kembla,16.2,SIMP_201812_WP,12,December,144.9,15.1,22.5
2018-12-20T19:00:00Z,1.5,20.1,3.7,Port Kembla,13.32,SIMP_201812_WP,12,December,144.9,15.1,22.5
2018-12-20T20:00:00Z,1.704,20.1,3.3,Port Kembla,11.879999999999999,SIMP_201812_WP,12,December,144.9,15.1,22.5
2018-12-20T21:00:00Z,1.743,20.1,3.5,Port Kembla,12.6,SIMP_201812_WP,12,December,144.9,15.1,22.5
2018-12-20T22:00:00Z,1.621,20.1,2.8,Port Kembla,10.08,SIMP_201812_WP,12,December,144.9,15.1,22.5
2018-12-20T23:00:00Z,1.35,20.1,2.3,Port Kembla,8.28,SIMP_201812_WP,12,December,144.9,15.1,22.5
2018-12-21T00:00:00Z,1.01,20.1,2.9,Port Kembla,10.44,SIMP_201812_WP,12,December,144.9,15.1,22.5
2018-12-21T01:00:00Z,0.679,20.3,3.6,Port Kembla,12.96,SIMP_201812_WP,12,December,144.9,15.1,22.5
2018-12-21T02:00:00Z,0.418,20.5,2.9,Port Kembla,10.44,SIMP_201812_WP,12,December,144.9,15.1,22.5
2018-12-21T03:00:00Z,0.289,20.5,3.5,Port Kembla,12.6,SIMP_201812_WP,12,December,144.9,15.1,22.5
2018-12-21T04:00:00Z,0.308,20.4,2.4,Port Kembla,8.64,SIMP_201812_WP,12,December,144.9,15.1,22.5
2018-12-21T05:00:00Z,0.484,20.4,2.6,Port Kembla,9.360000000000001,SIMP_201812_WP,12,December,144.9,15.1,22.5
2018-12-21T06:00:00Z,0.749,20.3,2.6,Port Kembla,9.360000000000001,SIMP_201812_WP,12,December,144.9,15.1,22.5
2018-12-21T07:00:00Z,1.035,20.2,2.3,Port Kembla,8.28,SIMP_201812_WP,12,December,144.9,15.1,22.5
2018-12-21T08:00:00Z,1.262,20.4,4.3,Port Kembla,15.48,SIMP_201812_WP,12,December,144.9,15.1,22.5
2018-12-21T09:00:00Z,1.377,20.4,3.1,Port Kembla,11.16,SIMP_201812_WP,12,December,144.9,15.1,22.5
2018-12-21T10:00:00Z,1.35,20.4,2.8,Port Kembla,10.08,SIMP_201812_WP,12,December,144.9,15.1,22.5
2018-12-21T11:00:00Z,1.174,20.4,2.8,Port Kembla,10.08,SIMP_201812_WP,12,December,144.9,15.1,22.5
2018-12-21T12:00:00Z,0.913,20.4,1.8,Port Kembla,6.48,SIMP_201812_WP,12,December,144.9,15.1,22.5
2018-12-21T13:00:00Z,0.656,20.4,2.5,Port Kembla,9,SIMP_201812_WP,12,December,144.9,15.1,22.5
2018-12-21T14:00:00Z,0.477,20.6,1.7,Port Kembla,6.12,SIMP_201812_WP,12,December,144.9,15.1,22.5
2018-12-21T15:00:00Z,0.399,20.6,2.9,Port Kembla,10.44,SIMP_201812_WP,12,December,144.9,15.1,22.5
2018-12-21T16:00:00Z,0.46,20.5,6.5,Port Kembla,23.400000000000002,SIMP_201812_WP,12,December,144.9,15.1,22.5
2018-12-21T17:00:00Z,0.689,20.4,7.1,Port Kembla,25.56,SIMP_201812_WP,12,December,144.9,15.1,22.5
2018-12-21T18:00:00Z,1.037,20.5,6.2,Port Kembla,22.32,SIMP_201812_WP,12,December,144.9,15.1,22.5
2018-12-21T19:00:00Z,1.393,20.4,5.2,Port Kembla,18.720000000000002,SIMP_201812_WP,12,December,144.9,15.1,22.5
2018-12-21T20:00:00Z,1.698,20.3,4.7,Port Kembla,16.92,SIMP_201812_WP,12,December,144.9,15.1,22.5
2018-12-21T21:00:00Z,1.867,20.3,4.7,Port Kembla,16.92,SIMP_201812_WP,12,December,144.9,15.1,22.5
2018-12-21T22:00:00Z,1.855,20.3,4.9,Port Kembla,17.64,SIMP_201812_WP,12,December,144.9,15.1,22.5
2018-12-21T23:00:00Z,1.66,20.3,3,Port Kembla,10.8,SIMP_201812_WP,12,December,144.9,15.1,22.5
2018-12-22T00:00:00Z,1.332,20.3,2.5,Port Kembla,9,SIMP_201812_WP,12,December,144.9,15.1,22.5
2018-12-22T01:00:00Z,0.939,20.3,5.2,Port Kembla,18.720000000000002,SIMP_201812_WP,12,December,144.9,15.1,22.5
2018-12-22T02:00:00Z,0.557,20.3,5.4,Port Kembla,19.44,SIMP_201812_WP,12,December,144.9,15.1,22.5
2018-12-22T03:00:00Z,0.275,20.3,4.3,Port Kembla,15.48,SIMP_201812_WP,12,December,144.9,15.1,22.5
2018-12-22T04:00:00Z,0.149,20.3,4.9,Port Kembla,17.64,SIMP_201812_WP,12,December,144.9,15.1,22.5
2018-12-22T05:00:00Z,0.202,20.3,4,Port Kembla,14.4,SIMP_201812_WP,12,December,144.9,15.1,22.5
2018-12-22T06:00:00Z,0.414,20.3,3.9,Port Kembla,14.04,SIMP_201812_WP,12,December,144.9,15.1,22.5
2018-12-22T07:00:00Z,0.703,20.3,3.8,Port Kembla,13.68,SIMP_201812_WP,12,December,144.9,15.1,22.5
2018-12-22T08:00:00Z,0.994,20.3,4.6,Port Kembla,16.56,SIMP_201812_WP,12,December,144.9,15.1,22.5
2018-12-22T09:00:00Z,1.213,20.2,3,Port Kembla,10.8,SIMP_201812_WP,12,December,144.9,15.1,22.5
2018-12-22T10:00:00Z,1.305,20.2,5.6,Port Kembla,20.16,SIMP_201812_WP,12,December,144.9,15.1,22.5
2018-12-22T11:00:00Z,1.24,20.2,3.6,Port Kembla,12.96,SIMP_201812_WP,12,December,144.9,15.1,22.5
2018-12-22T12:00:00Z,1.034,20.2,3.8,Port Kembla,13.68,SIMP_201812_WP,12,December,144.9,15.1,22.5
2018-12-22T13:00:00Z,0.744,20.2,4.8,Port Kembla,17.28,SIMP_201812_WP,12,December,144.9,15.1,22.5
2018-12-22T14:00:00Z,0.484,20.2,4,Port Kembla,14.4,SIMP_201812_WP,12,December,144.9,15.1,22.5
2018-12-22T15:00:00Z,0.302,20.1,4.4,Port Kembla,15.840000000000002,SIMP_201812_WP,12,December,144.9,15.1,22.5
2018-12-22T16:00:00Z,0.27,20.1,4.2,Port Kembla,15.120000000000001,SIMP_201812_WP,12,December,144.9,15.1,22.5
2018-12-22T17:00:00Z,0.401,20.1,4.3,Port Kembla,15.48,SIMP_201812_WP,12,December,144.9,15.1,22.5
2018-12-22T18:00:00Z,0.687,20.1,4.2,Port Kembla,15.120000000000001,SIMP_201812_WP,12,December,144.9,15.1,22.5
2018-12-22T19:00:00Z,1.047,20.1,4.5,Port Kembla,16.2,SIMP_201812_WP,12,December,144.9,15.1,22.5
2018-12-22T20:00:00Z,1.422,20.1,2.9,Port Kembla,10.44,SIMP_201812_WP,12,December,144.9,15.1,22.5
2018-12-22T21:00:00Z,1.708,20.1,4.9,Port Kembla,17.64,SIMP_201812_WP,12,December,144.9,15.1,22.5
2018-12-22T22:00:00Z,1.833,20.2,5.4,Port Kembla,19.44,SIMP_201812_WP,12,December,144.9,15.1,22.5
2018-12-22T23:00:00Z,1.781,20.2,4.2,Port Kembla,15.120000000000001,SIMP_201812_WP,12,December,144.9,15.1,22.5
2018-12-23T00:00:00Z,1.536,20.3,3.4,Port Kembla,12.24,SIMP_201812_WP,12,December,144.9,15.1,22.5
2018-12-23T01:00:00Z,1.154,20.4,3.9,Port Kembla,14.04,SIMP_201812_WP,12,December,144.9,15.1,22.5
2018-12-23T02:00:00Z,0.729,20.4,3.9,Port Kembla,14.04,SIMP_201812_WP,12,December,144.9,15.1,22.5
2018-12-23T03:00:00Z,0.345,20.4,5,Port Kembla,18,SIMP_201812_WP,12,December,144.9,15.1,22.5
2018-12-23T04:00:00Z,0.088,20.5,4.4,Port Kembla,15.840000000000002,SIMP_201812_WP,12,December,144.9,15.1,22.5
2018-12-23T05:00:00Z,-0.003,20.4,3.9,Port Kembla,14.04,SIMP_201812_WP,12,December,144.9,15.1,22.5
2018-12-23T06:00:00Z,0.091,20.4,3.6,Port Kembla,12.96,SIMP_201812_WP,12,December,144.9,15.1,22.5
2018-12-23T07:00:00Z,0.336,20.5,3.4,Port Kembla,12.24,SIMP_201812_WP,12,December,144.9,15.1,22.5
2018-12-23T08:00:00Z,0.651,20.6,2.7,Port Kembla,9.72,SIMP_201812_WP,12,December,144.9,15.1,22.5
2018-12-23T09:00:00Z,0.955,20.6,2.1,Port Kembla,7.5600000000000005,SIMP_201812_WP,12,December,144.9,15.1,22.5
2018-12-23T10:00:00Z,1.175,20.5,2.3,Port Kembla,8.28,SIMP_201812_WP,12,December,144.9,15.1,22.5
2018-12-23T11:00:00Z,1.253,20.4,1.9,Port Kembla,6.84,SIMP_201812_WP,12,December,144.9,15.1,22.5
2018-12-23T12:00:00Z,1.162,20.4,1.8,Port Kembla,6.48,SIMP_201812_WP,12,December,144.9,15.1,22.5
2018-12-23T13:00:00Z,0.939,20.5,1.9,Port Kembla,6.84,SIMP_201812_WP,12,December,144.9,15.1,22.5
2018-12-23T14:00:00Z,0.67,20.4,2.7,Port Kembla,9.72,SIMP_201812_WP,12,December,144.9,15.1,22.5
2018-12-23T15:00:00Z,0.418,20.4,1.8,Port Kembla,6.48,SIMP_201812_WP,12,December,144.9,15.1,22.5
2018-12-23T16:00:00Z,0.261,20.5,1.9,Port Kembla,6.84,SIMP_201812_WP,12,December,144.9,15.1,22.5
2018-12-23T17:00:00Z,0.26,20.5,1.6,Port Kembla,5.760000000000001,SIMP_201812_WP,12,December,144.9,15.1,22.5
2018-12-23T18:00:00Z,0.428,20.6,2.6,Port Kembla,9.360000000000001,SIMP_201812_WP,12,December,144.9,15.1,22.5
2018-12-23T19:00:00Z,0.733,20.6,2.1,Port Kembla,7.5600000000000005,SIMP_201812_WP,12,December,144.9,15.1,22.5
2018-12-23T20:00:00Z,1.118,20.6,1.2,Port Kembla,4.32,SIMP_201812_WP,12,December,144.9,15.1,22.5
2018-12-23T21:00:00Z,1.496,20.6,2.1,Port Kembla,7.5600000000000005,SIMP_201812_WP,12,December,144.9,15.1,22.5
2018-12-23T22:00:00Z,1.769,20.5,2.5,Port Kembla,9,SIMP_201812_WP,12,December,144.9,15.1,22.5
2018-12-23T23:00:00Z,1.882,20.5,2.9,Port Kembla,10.44,SIMP_201812_WP,12,December,144.9,15.1,22.5
2018-12-24T00:00:00Z,1.789,20.5,5,Port Kembla,18,SIMP_201812_WP,12,December,144.9,15.1,22.5
2018-12-24T01:00:00Z,1.506,20.7,5,Port Kembla,18,SIMP_201812_WP,12,December,144.9,15.1,22.5
2018-12-24T02:00:00Z,1.098,21.1,6,Port Kembla,21.6,SIMP_201812_WP,12,December,144.9,15.1,22.5
2018-12-24T03:00:00Z,0.664,21.3,6.3,Port Kembla,22.68,SIMP_201812_WP,12,December,144.9,15.1,22.5
2018-12-24T04:00:00Z,0.289,21.5,5.7,Port Kembla,20.52,SIMP_201812_WP,12,December,144.9,15.1,22.5
2018-12-24T05:00:00Z,0.042,21.7,6.2,Port Kembla,22.32,SIMP_201812_WP,12,December,144.9,15.1,22.5
2018-12-24T06:00:00Z,-0.019,21.8,6.9,Port Kembla,24.840000000000003,SIMP_201812_WP,12,December,144.9,15.1,22.5
2018-12-24T07:00:00Z,0.098,21.9,7,Port Kembla,25.2,SIMP_201812_WP,12,December,144.9,15.1,22.5
2018-12-24T08:00:00Z,0.368,21.9,7.1,Port Kembla,25.56,SIMP_201812_WP,12,December,144.9,15.1,22.5
2018-12-24T09:00:00Z,0.69,21.9,7.8,Port Kembla,28.08,SIMP_201812_WP,12,December,144.9,15.1,22.5
2018-12-24T10:00:00Z,0.99,21.8,5.6,Port Kembla,20.16,SIMP_201812_WP,12,December,144.9,15.1,22.5
2018-12-24T11:00:00Z,1.191,21.7,2,Port Kembla,7.2,SIMP_201812_WP,12,December,144.9,15.1,22.5
2018-12-24T12:00:00Z,1.243,21.4,2.7,Port Kembla,9.72,SIMP_201812_WP,12,December,144.9,15.1,22.5
2018-12-24T13:00:00Z,1.139,21.4,3.9,Port Kembla,14.04,SIMP_201812_WP,12,December,144.9,15.1,22.5
2018-12-24T14:00:00Z,0.914,21.3,5.9,Port Kembla,21.240000000000002,SIMP_201812_WP,12,December,144.9,15.1,22.5
2018-12-24T15:00:00Z,0.635,21.5,3.3,Port Kembla,11.879999999999999,SIMP_201812_WP,12,December,144.9,15.1,22.5
2018-12-24T16:00:00Z,0.385,21.5,5,Port Kembla,18,SIMP_201812_WP,12,December,144.9,15.1,22.5
2018-12-24T17:00:00Z,0.254,21.5,4,Port Kembla,14.4,SIMP_201812_WP,12,December,144.9,15.1,22.5
2018-12-24T18:00:00Z,0.269,21.4,4.5,Port Kembla,16.2,SIMP_201812_WP,12,December,144.9,15.1,22.5
2018-12-24T19:00:00Z,0.439,21.5,3.6,Port Kembla,12.96,SIMP_201812_WP,12,December,144.9,15.1,22.5
2018-12-24T20:00:00Z,0.761,21.5,3.7,Port Kembla,13.32,SIMP_201812_WP,12,December,144.9,15.1,22.5
2018-12-24T21:00:00Z,1.144,21.5,4,Port Kembla,14.4,SIMP_201812_WP,12,December,144.9,15.1,22.5
2018-12-24T22:00:00Z,1.505,21.4,5.6,Port Kembla,20.16,SIMP_201812_WP,12,December,144.9,15.1,22.5
2018-12-24T23:00:00Z,1.756,21.5,6.1,Port Kembla,21.96,SIMP_201812_WP,12,December,144.9,15.1,22.5
2018-12-25T00:00:00Z,1.84,21.6,5.2,Port Kembla,18.720000000000002,SIMP_201812_WP,12,December,144.9,15.1,22.5
2018-12-25T01:00:00Z,1.725,21.7,4.6,Port Kembla,16.56,SIMP_201812_WP,12,December,144.9,15.1,22.5
2018-12-25T02:00:00Z,1.412,21.8,3.7,Port Kembla,13.32,SIMP_201812_WP,12,December,144.9,15.1,22.5
2018-12-25T03:00:00Z,0.999,21.9,4.6,Port Kembla,16.56,SIMP_201812_WP,12,December,144.9,15.1,22.5
2018-12-25T04:00:00Z,0.567,22.4,4.3,Port Kembla,15.48,SIMP_201812_WP,12,December,144.9,15.1,22.5
2018-12-25T05:00:00Z,0.209,22.9,4.5,Port Kembla,16.2,SIMP_201812_WP,12,December,144.9,15.1,22.5
2018-12-25T06:00:00Z,-0.016,23.3,3.4,Port Kembla,12.24,SIMP_201812_WP,12,December,144.9,15.1,22.5
2018-12-25T07:00:00Z,-0.057,23.4,3.1,Port Kembla,11.16,SIMP_201812_WP,12,December,144.9,15.1,22.5
2018-12-25T08:00:00Z,0.091,23.3,3,Port Kembla,10.8,SIMP_201812_WP,12,December,144.9,15.1,22.5
2018-12-25T09:00:00Z,0.356,23.4,2.5,Port Kembla,9,SIMP_201812_WP,12,December,144.9,15.1,22.5
2018-12-25T10:00:00Z,0.679,22.1,2.2,Port Kembla,7.920000000000001,SIMP_201812_WP,12,December,144.9,15.1,22.5
2018-12-25T11:00:00Z,0.973,21.6,1.4,Port Kembla,5.04,SIMP_201812_WP,12,December,144.9,15.1,22.5
2018-12-25T12:00:00Z,1.172,21.6,2.3,Port Kembla,8.28,SIMP_201812_WP,12,December,144.9,15.1,22.5
2018-12-25T13:00:00Z,1.218,21.5,1.1,Port Kembla,3.9600000000000004,SIMP_201812_WP,12,December,144.9,15.1,22.5
2018-12-25T14:00:00Z,1.102,21.5,1.8,Port Kembla,6.48,SIMP_201812_WP,12,December,144.9,15.1,22.5
2018-12-25T15:00:00Z,0.873,22,3.2,Port Kembla,11.520000000000001,SIMP_201812_WP,12,December,144.9,15.1,22.5
2018-12-25T16:00:00Z,0.613,22.7,1.8,Port Kembla,6.48,SIMP_201812_WP,12,December,144.9,15.1,22.5
2018-12-25T17:00:00Z,0.389,22.7,0.9,Port Kembla,3.24,SIMP_201812_WP,12,December,144.9,15.1,22.5
2018-12-25T18:00:00Z,0.257,22.4,1.4,Port Kembla,5.04,SIMP_201812_WP,12,December,144.9,15.1,22.5
2018-12-25T19:00:00Z,0.28,22.1,0.1,Port Kembla,0.36000000000000004,SIMP_201812_WP,12,December,144.9,15.1,22.5
2018-12-25T20:00:00Z,0.471,21.7,0.5,Port Kembla,1.8,SIMP_201812_WP,12,December,144.9,15.1,22.5
2018-12-25T21:00:00Z,0.789,22,1.4,Port Kembla,5.04,SIMP_201812_WP,12,December,144.9,15.1,22.5
2018-12-25T22:00:00Z,1.143,21.6,1.4,Port Kembla,5.04,SIMP_201812_WP,12,December,144.9,15.1,22.5
2018-12-25T23:00:00Z,1.473,21.7,3.3,Port Kembla,11.879999999999999,SIMP_201812_WP,12,December,144.9,15.1,22.5
2018-12-26T00:00:00Z,1.703,21.6,4.7,Port Kembla,16.92,SIMP_201812_WP,12,December,144.9,15.1,22.5
2018-12-26T01:00:00Z,1.764,21.6,4.4,Port Kembla,15.840000000000002,SIMP_201812_WP,12,December,144.9,15.1,22.5
2018-12-26T02:00:00Z,1.627,22.6,4.8,Port Kembla,17.28,SIMP_201812_WP,12,December,144.9,15.1,22.5
2018-12-26T03:00:00Z,1.316,22.8,4.1,Port Kembla,14.76,SIMP_201812_WP,12,December,144.9,15.1,22.5
2018-12-26T04:00:00Z,0.923,23.2,4.8,Port Kembla,17.28,SIMP_201812_WP,12,December,144.9,15.1,22.5
2018-12-26T05:00:00Z,0.521,23.4,4.6,Port Kembla,16.56,SIMP_201812_WP,12,December,144.9,15.1,22.5
2018-12-26T06:00:00Z,0.2,23.5,4.4,Port Kembla,15.840000000000002,SIMP_201812_WP,12,December,144.9,15.1,22.5
2018-12-26T07:00:00Z,0.013,23.9,4.7,Port Kembla,16.92,SIMP_201812_WP,12,December,144.9,15.1,22.5
2018-12-26T08:00:00Z,-0.002,23.9,4.7,Port Kembla,16.92,SIMP_201812_WP,12,December,144.9,15.1,22.5
2018-12-26T09:00:00Z,0.147,24,5.3,Port Kembla,19.08,SIMP_201812_WP,12,December,144.9,15.1,22.5
2018-12-26T10:00:00Z,0.407,23.8,4.6,Port Kembla,16.56,SIMP_201812_WP,12,December,144.9,15.1,22.5
2018-12-26T11:00:00Z,0.718,23,4.6,Port Kembla,16.56,SIMP_201812_WP,12,December,144.9,15.1,22.5
2018-12-26T12:00:00Z,0.997,22.5,3.7,Port Kembla,13.32,SIMP_201812_WP,12,December,144.9,15.1,22.5
2018-12-26T13:00:00Z,1.175,22.7,4.1,Port Kembla,14.76,SIMP_201812_WP,12,December,144.9,15.1,22.5
2018-12-26T14:00:00Z,1.21,22.6,4.3,Port Kembla,15.48,SIMP_201812_WP,12,December,144.9,15.1,22.5
2018-12-26T15:00:00Z,1.097,22.5,3.7,Port Kembla,13.32,SIMP_201812_WP,12,December,144.9,15.1,22.5
2018-12-26T16:00:00Z,0.882,22.7,4,Port Kembla,14.4,SIMP_201812_WP,12,December,144.9,15.1,22.5
2018-12-26T17:00:00Z,0.643,23.2,0.8,Port Kembla,2.8800000000000003,SIMP_201812_WP,12,December,144.9,15.1,22.5
2018-12-26T18:00:00Z,0.438,22.7,1.2,Port Kembla,4.32,SIMP_201812_WP,12,December,144.9,15.1,22.5
2018-12-26T19:00:00Z,0.321,22.2,0.4,Port Kembla,1.4400000000000002,SIMP_201812_WP,12,December,144.9,15.1,22.5
2018-12-26T20:00:00Z,0.359,22,0.7,Port Kembla,2.52,SIMP_201812_WP,12,December,144.9,15.1,22.5
2018-12-26T21:00:00Z,0.544,21.8,2.3,Port Kembla,8.28,SIMP_201812_WP,12,December,144.9,15.1,22.5
2018-12-26T22:00:00Z,0.833,21.9,3.6,Port Kembla,12.96,SIMP_201812_WP,12,December,144.9,15.1,22.5
2018-12-26T23:00:00Z,1.16,21.8,4.1,Port Kembla,14.76,SIMP_201812_WP,12,December,144.9,15.1,22.5
2018-12-27T00:00:00Z,1.457,21.9,4.4,Port Kembla,15.840000000000002,SIMP_201812_WP,12,December,144.9,15.1,22.5
2018-12-27T01:00:00Z,1.665,22.8,4.2,Port Kembla,15.120000000000001,SIMP_201812_WP,12,December,144.9,15.1,22.5
2018-12-27T02:00:00Z,1.698,23.2,4.7,Port Kembla,16.92,SIMP_201812_WP,12,December,144.9,15.1,22.5
2018-12-27T03:00:00Z,1.545,22.2,4.7,Port Kembla,16.92,SIMP_201812_WP,12,December,144.9,15.1,22.5
2018-12-27T04:00:00Z,1.25,23.2,4.5,Port Kembla,16.2,SIMP_201812_WP,12,December,144.9,15.1,22.5
2018-12-27T05:00:00Z,0.896,23.4,4,Port Kembla,14.4,SIMP_201812_WP,12,December,144.9,15.1,22.5
2018-12-27T06:00:00Z,0.534,23.3,5.2,Port Kembla,18.720000000000002,SIMP_201812_WP,12,December,144.9,15.1,22.5
2018-12-27T07:00:00Z,0.248,23.5,4.7,Port Kembla,16.92,SIMP_201812_WP,12,December,144.9,15.1,22.5
2018-12-27T08:00:00Z,0.084,24,4.4,Port Kembla,15.840000000000002,SIMP_201812_WP,12,December,144.9,15.1,22.5
2018-12-27T09:00:00Z,0.09,23.9,3.3,Port Kembla,11.879999999999999,SIMP_201812_WP,12,December,144.9,15.1,22.5
2018-12-27T10:00:00Z,0.236,23.9,3.6,Port Kembla,12.96,SIMP_201812_WP,12,December,144.9,15.1,22.5
2018-12-27T11:00:00Z,0.481,23.4,3.9,Port Kembla,14.04,SIMP_201812_WP,12,December,144.9,15.1,22.5
2018-12-27T12:00:00Z,0.772,23.1,4,Port Kembla,14.4,SIMP_201812_WP,12,December,144.9,15.1,22.5
2018-12-27T13:00:00Z,1.028,22,4.7,Port Kembla,16.92,SIMP_201812_WP,12,December,144.9,15.1,22.5
2018-12-27T14:00:00Z,1.192,22.3,3.1,Port Kembla,11.16,SIMP_201812_WP,12,December,144.9,15.1,22.5
2018-12-27T15:00:00Z,1.216,22.9,5.8,Port Kembla,20.88,SIMP_201812_WP,12,December,144.9,15.1,22.5
2018-12-27T16:00:00Z,1.109,23.6,4.7,Port Kembla,16.92,SIMP_201812_WP,12,December,144.9,15.1,22.5
2018-12-27T17:00:00Z,0.922,23,6.7,Port Kembla,24.12,SIMP_201812_WP,12,December,144.9,15.1,22.5
2018-12-27T18:00:00Z,0.7,23,5.3,Port Kembla,19.08,SIMP_201812_WP,12,December,144.9,15.1,22.5
2018-12-27T19:00:00Z,0.498,23.1,4.7,Port Kembla,16.92,SIMP_201812_WP,12,December,144.9,15.1,22.5
2018-12-27T20:00:00Z,0.404,23.2,3.5,Port Kembla,12.6,SIMP_201812_WP,12,December,144.9,15.1,22.5
2018-12-27T21:00:00Z,0.431,23.3,3.7,Port Kembla,13.32,SIMP_201812_WP,12,December,144.9,15.1,22.5
2018-12-27T22:00:00Z,0.583,23,5.4,Port Kembla,19.44,SIMP_201812_WP,12,December,144.9,15.1,22.5
2018-12-27T23:00:00Z,0.827,22.4,6.1,Port Kembla,21.96,SIMP_201812_WP,12,December,144.9,15.1,22.5
2018-12-28T00:00:00Z,1.112,22.8,3.3,Port Kembla,11.879999999999999,SIMP_201812_WP,12,December,144.9,15.1,22.5
2018-12-28T01:00:00Z,1.366,23.1,3.9,Port Kembla,14.04,SIMP_201812_WP,12,December,144.9,15.1,22.5
2018-12-28T02:00:00Z,1.524,23.1,3.9,Port Kembla,14.04,SIMP_201812_WP,12,December,144.9,15.1,22.5
2018-12-28T03:00:00Z,1.535,21.9,2.3,Port Kembla,8.28,SIMP_201812_WP,12,December,144.9,15.1,22.5
2018-12-28T04:00:00Z,1.386,22.7,2.2,Port Kembla,7.920000000000001,SIMP_201812_WP,12,December,144.9,15.1,22.5
2018-12-28T05:00:00Z,1.139,22.8,2.1,Port Kembla,7.5600000000000005,SIMP_201812_WP,12,December,144.9,15.1,22.5
2018-12-28T06:00:00Z,0.824,22.2,4.5,Port Kembla,16.2,SIMP_201812_WP,12,December,144.9,15.1,22.5
2018-12-28T07:00:00Z,0.515,23.5,3.5,Port Kembla,12.6,SIMP_201812_WP,12,December,144.9,15.1,22.5
2018-12-28T08:00:00Z,0.275,23.5,4.6,Port Kembla,16.56,SIMP_201812_WP,12,December,144.9,15.1,22.5
2018-12-28T09:00:00Z,0.136,23.7,2.8,Port Kembla,10.08,SIMP_201812_WP,12,December,144.9,15.1,22.5
2018-12-28T10:00:00Z,0.137,23.8,4.4,Port Kembla,15.840000000000002,SIMP_201812_WP,12,December,144.9,15.1,22.5
2018-12-28T11:00:00Z,0.275,23.1,3.1,Port Kembla,11.16,SIMP_201812_WP,12,December,144.9,15.1,22.5
2018-12-28T12:00:00Z,0.522,23.3,5.2,Port Kembla,18.720000000000002,SIMP_201812_WP,12,December,144.9,15.1,22.5
2018-12-28T13:00:00Z,0.783,22.2,3.4,Port Kembla,12.24,SIMP_201812_WP,12,December,144.9,15.1,22.5
2018-12-28T14:00:00Z,1.015,22.2,4,Port Kembla,14.4,SIMP_201812_WP,12,December,144.9,15.1,22.5
2018-12-28T15:00:00Z,1.158,22.1,4.3,Port Kembla,15.48,SIMP_201812_WP,12,December,144.9,15.1,22.5
2018-12-28T16:00:00Z,1.188,22.1,3.9,Port Kembla,14.04,SIMP_201812_WP,12,December,144.9,15.1,22.5
2018-12-28T17:00:00Z,1.109,22.6,4.3,Port Kembla,15.48,SIMP_201812_WP,12,December,144.9,15.1,22.5
2018-12-28T18:00:00Z,0.928,22.9,4.5,Port Kembla,16.2,SIMP_201812_WP,12,December,144.9,15.1,22.5
2018-12-28T19:00:00Z,0.713,23,5.9,Port Kembla,21.240000000000002,SIMP_201812_WP,12,December,144.9,15.1,22.5
2018-12-28T20:00:00Z,0.533,22.8,5.9,Port Kembla,21.240000000000002,SIMP_201812_WP,12,December,144.9,15.1,22.5
2018-12-28T21:00:00Z,0.436,22.5,4.6,Port Kembla,16.56,SIMP_201812_WP,12,December,144.9,15.1,22.5
2018-12-28T22:00:00Z,0.443,22.7,5,Port Kembla,18,SIMP_201812_WP,12,December,144.9,15.1,22.5
2018-12-28T23:00:00Z,0.562,22.5,4,Port Kembla,14.4,SIMP_201812_WP,12,December,144.9,15.1,22.5
2018-12-29T00:00:00Z,0.767,22.8,3,Port Kembla,10.8,SIMP_201812_WP,12,December,144.9,15.1,22.5
2018-12-29T01:00:00Z,1.016,22.6,2.8,Port Kembla,10.08,SIMP_201812_WP,12,December,144.9,15.1,22.5
2018-12-29T02:00:00Z,1.228,22.1,3,Port Kembla,10.8,SIMP_201812_WP,12,December,144.9,15.1,22.5
2018-12-29T03:00:00Z,1.355,20.9,2.5,Port Kembla,9,SIMP_201812_WP,12,December,144.9,15.1,22.5
2018-12-29T04:00:00Z,1.382,20.7,3.4,Port Kembla,12.24,SIMP_201812_WP,12,December,144.9,15.1,22.5
2018-12-29T05:00:00Z,1.257,20.8,2.4,Port Kembla,8.64,SIMP_201812_WP,12,December,144.9,15.1,22.5
2018-12-29T06:00:00Z,1.043,20.8,4.8,Port Kembla,17.28,SIMP_201812_WP,12,December,144.9,15.1,22.5
2018-12-29T07:00:00Z,0.779,20.6,3.4,Port Kembla,12.24,SIMP_201812_WP,12,December,144.9,15.1,22.5
2018-12-29T08:00:00Z,0.51,20.3,4.5,Port Kembla,16.2,SIMP_201812_WP,12,December,144.9,15.1,22.5
2018-12-29T09:00:00Z,0.292,20.2,3.4,Port Kembla,12.24,SIMP_201812_WP,12,December,144.9,15.1,22.5
2018-12-29T10:00:00Z,0.191,19.9,0.7,Port Kembla,2.52,SIMP_201812_WP,12,December,144.9,15.1,22.5
2018-12-29T11:00:00Z,0.217,19.9,1.4,Port Kembla,5.04,SIMP_201812_WP,12,December,144.9,15.1,22.5
2018-12-29T12:00:00Z,0.371,20.4,0.7,Port Kembla,2.52,SIMP_201812_WP,12,December,144.9,15.1,22.5
2018-12-29T13:00:00Z,0.599,20.5,0.7,Port Kembla,2.52,SIMP_201812_WP,12,December,144.9,15.1,22.5
2018-12-29T14:00:00Z,0.858,21.3,0.7,Port Kembla,2.52,SIMP_201812_WP,12,December,144.9,15.1,22.5
2018-12-29T15:00:00Z,1.08,22.1,1.1,Port Kembla,3.9600000000000004,SIMP_201812_WP,12,December,144.9,15.1,22.5
2018-12-29T16:00:00Z,1.226,20.4,0.8,Port Kembla,2.8800000000000003,SIMP_201812_WP,12,December,144.9,15.1,22.5
2018-12-29T17:00:00Z,1.266,20.4,0,Port Kembla,0,SIMP_201812_WP,12,December,144.9,15.1,22.5
2018-12-29T18:00:00Z,1.176,20.3,0.7,Port Kembla,2.52,SIMP_201812_WP,12,December,144.9,15.1,22.5
2018-12-29T19:00:00Z,1.001,20.1,0.1,Port Kembla,0.36000000000000004,SIMP_201812_WP,12,December,144.9,15.1,22.5
2018-12-29T20:00:00Z,0.806,20.2,1.4,Port Kembla,5.04,SIMP_201812_WP,12,December,144.9,15.1,22.5
2018-12-29T21:00:00Z,0.622,20.4,0.7,Port Kembla,2.52,SIMP_201812_WP,12,December,144.9,15.1,22.5
2018-12-29T22:00:00Z,0.513,21.2,0.8,Port Kembla,2.8800000000000003,SIMP_201812_WP,12,December,144.9,15.1,22.5
2018-12-29T23:00:00Z,0.483,20.3,2.3,Port Kembla,8.28,SIMP_201812_WP,12,December,144.9,15.1,22.5
2018-12-30T00:00:00Z,0.551,20.8,2.1,Port Kembla,7.5600000000000005,SIMP_201812_WP,12,December,144.9,15.1,22.5
2018-12-30T01:00:00Z,0.708,20.1,1.6,Port Kembla,5.760000000000001,SIMP_201812_WP,12,December,144.9,15.1,22.5
2018-12-30T02:00:00Z,0.907,20,2.5,Port Kembla,9,SIMP_201812_WP,12,December,144.9,15.1,22.5
2018-12-30T03:00:00Z,1.088,20.2,1.4,Port Kembla,5.04,SIMP_201812_WP,12,December,144.9,15.1,22.5
2018-12-30T04:00:00Z,1.216,19.4,1.2,Port Kembla,4.32,SIMP_201812_WP,12,December,144.9,15.1,22.5
2018-12-30T05:00:00Z,1.252,20.9,2.3,Port Kembla,8.28,SIMP_201812_WP,12,December,144.9,15.1,22.5
2018-12-30T06:00:00Z,1.166,20.4,0.7,Port Kembla,2.52,SIMP_201812_WP,12,December,144.9,15.1,22.5
2018-12-30T07:00:00Z,0.984,20.8,1.1,Port Kembla,3.9600000000000004,SIMP_201812_WP,12,December,144.9,15.1,22.5
2018-12-30T08:00:00Z,0.749,20.7,0.9,Port Kembla,3.24,SIMP_201812_WP,12,December,144.9,15.1,22.5
2018-12-30T09:00:00Z,0.507,20.6,0.8,Port Kembla,2.8800000000000003,SIMP_201812_WP,12,December,144.9,15.1,22.5
2018-12-30T10:00:00Z,0.315,20.4,2.2,Port Kembla,7.920000000000001,SIMP_201812_WP,12,December,144.9,15.1,22.5
2018-12-30T11:00:00Z,0.236,20.2,3.2,Port Kembla,11.520000000000001,SIMP_201812_WP,12,December,144.9,15.1,22.5
2018-12-30T12:00:00Z,0.271,19.9,1.2,Port Kembla,4.32,SIMP_201812_WP,12,December,144.9,15.1,22.5
2018-12-30T13:00:00Z,0.43,19.5,3,Port Kembla,10.8,SIMP_201812_WP,12,December,144.9,15.1,22.5
2018-12-30T14:00:00Z,0.652,20,2.5,Port Kembla,9,SIMP_201812_WP,12,December,144.9,15.1,22.5
2018-12-30T15:00:00Z,0.897,20.5,1.3,Port Kembla,4.680000000000001,SIMP_201812_WP,12,December,144.9,15.1,22.5
2018-12-30T16:00:00Z,1.111,20.6,0.4,Port Kembla,1.4400000000000002,SIMP_201812_WP,12,December,144.9,15.1,22.5
2018-12-30T17:00:00Z,1.261,20.7,1.6,Port Kembla,5.760000000000001,SIMP_201812_WP,12,December,144.9,15.1,22.5
2018-12-30T18:00:00Z,1.291,20.8,1.6,Port Kembla,5.760000000000001,SIMP_201812_WP,12,December,144.9,15.1,22.5
2018-12-30T19:00:00Z,1.206,20.1,1.8,Port Kembla,6.48,SIMP_201812_WP,12,December,144.9,15.1,22.5
2018-12-30T20:00:00Z,1.042,20.6,2.4,Port Kembla,8.64,SIMP_201812_WP,12,December,144.9,15.1,22.5
2018-12-30T21:00:00Z,0.84,20.1,2.4,Port Kembla,8.64,SIMP_201812_WP,12,December,144.9,15.1,22.5
2018-12-30T22:00:00Z,0.644,20,1.5,Port Kembla,5.4,SIMP_201812_WP,12,December,144.9,15.1,22.5
2018-12-30T23:00:00Z,0.511,20.1,1.4,Port Kembla,5.04,SIMP_201812_WP,12,December,144.9,15.1,22.5
2018-12-31T00:00:00Z,0.465,20,1.5,Port Kembla,5.4,SIMP_201812_WP,12,December,144.9,15.1,22.5
2018-12-31T01:00:00Z,0.517,20,2.2,Port Kembla,7.920000000000001,SIMP_201812_WP,12,December,144.9,15.1,22.5
2018-12-31T02:00:00Z,0.65,20.1,1.3,Port Kembla,4.680000000000001,SIMP_201812_WP,12,December,144.9,15.1,22.5
2018-12-31T03:00:00Z,0.829,20.1,2.1,Port Kembla,7.5600000000000005,SIMP_201812_WP,12,December,144.9,15.1,22.5
2018-12-31T04:00:00Z,1.002,20.1,1.7,Port Kembla,6.12,SIMP_201812_WP,12,December,144.9,15.1,22.5
2018-12-31T05:00:00Z,1.141,20.3,2.4,Port Kembla,8.64,SIMP_201812_WP,12,December,144.9,15.1,22.5
2018-12-31T06:00:00Z,1.181,20.1,0.8,Port Kembla,2.8800000000000003,SIMP_201812_WP,12,December,144.9,15.1,22.5
2018-12-31T07:00:00Z,1.119,20.1,4.7,Port Kembla,16.92,SIMP_201812_WP,12,December,144.9,15.1,22.5
2018-12-31T08:00:00Z,0.967,20.5,2.1,Port Kembla,7.5600000000000005,SIMP_201812_WP,12,December,144.9,15.1,22.5
2018-12-31T09:00:00Z,0.765,20.3,0.7,Port Kembla,2.52,SIMP_201812_WP,12,December,144.9,15.1,22.5
2018-12-31T10:00:00Z,0.54,20.5,1.9,Port Kembla,6.84,SIMP_201812_WP,12,December,144.9,15.1,22.5
2018-12-31T11:00:00Z,0.387,21.6,5.4,Port Kembla,19.44,SIMP_201812_WP,12,December,144.9,15.1,22.5
2018-12-31T12:00:00Z,0.323,22.3,5.3,Port Kembla,19.08,SIMP_201812_WP,12,December,144.9,15.1,22.5
2018-12-31T13:00:00Z,0.367,22.4,3,Port Kembla,10.8,SIMP_201812_WP,12,December,144.9,15.1,22.5
2018-12-31T14:00:00Z,0.528,20.7,5.1,Port Kembla,18.36,SIMP_201812_WP,12,December,144.9,15.1,22.5
2018-12-31T15:00:00Z,0.75,21,5.7,Port Kembla,20.52,SIMP_201812_WP,12,December,144.9,15.1,22.5
2018-12-31T16:00:00Z,1.003,20.9,1.4,Port Kembla,5.04,SIMP_201812_WP,12,December,144.9,15.1,22.5
2018-12-31T17:00:00Z,1.226,20.4,5.2,Port Kembla,18.720000000000002,SIMP_201812_WP,12,December,144.9,15.1,22.5
2018-12-31T18:00:00Z,1.365,20.8,0.8,Port Kembla,2.8800000000000003,SIMP_201812_WP,12,December,144.9,15.1,22.5
2018-12-31T19:00:00Z,1.378,20.4,1.2,Port Kembla,4.32,SIMP_201812_WP,12,December,144.9,15.1,22.5
2018-12-31T20:00:00Z,1.293,19.9,2.2,Port Kembla,7.920000000000001,SIMP_201812_WP,12,December,144.9,15.1,22.5
2018-12-31T21:00:00Z,1.123,20,1.5,Port Kembla,5.4,SIMP_201812_WP,12,December,144.9,15.1,22.5
2018-12-31T22:00:00Z,0.89,19.9,1.6,Port Kembla,5.760000000000001,SIMP_201812_WP,12,December,144.9,15.1,22.5
2018-12-31T23:00:00Z,0.666,19.7,2.2,Port Kembla,7.920000000000001,SIMP_201812_WP,12,December,144.9,15.1,22.5
