UTC,height_m,water_temp_C,wind_m_sec,tide_station,wind_km_h,Dep,month_UTC,month_name,rain_month_avg_mm,wind_am_month_avg_kmh,wind_pm_month_avg_kmh
2020-01-01T00:00:00Z,0.624,20.9,-9999,Esperance,-35996.4,MURAT_202002_MRE,1,January,12.9,18.0,27.1
2020-01-01T01:00:00Z,0.604,21,-9999,Esperance,-35996.4,MURAT_202002_MRE,1,January,12.9,18.0,27.1
2020-01-01T02:00:00Z,0.667,21,-9999,Esperance,-35996.4,MURAT_202002_MRE,1,January,12.9,18.0,27.1
2020-01-01T03:00:00Z,0.738,21.1,-9999,Esperance,-35996.4,MURAT_202002_MRE,1,January,12.9,18.0,27.1
2020-01-01T04:00:00Z,0.711,21.1,-9999,Esperance,-35996.4,MURAT_202002_MRE,1,January,12.9,18.0,27.1
2020-01-01T05:00:00Z,0.796,21.3,-9999,Esperance,-35996.4,MURAT_202002_MRE,1,January,12.9,18.0,27.1
2020-01-01T06:00:00Z,0.795,21.3,-9999,Esperance,-35996.4,MURAT_202002_MRE,1,January,12.9,18.0,27.1
2020-01-01T07:00:00Z,0.742,21.4,-9999,Esperance,-35996.4,MURAT_202002_MRE,1,January,12.9,18.0,27.1
2020-01-01T08:00:00Z,0.76,21.4,-9999,Esperance,-35996.4,MURAT_202002_MRE,1,January,12.9,18.0,27.1
2020-01-01T09:00:00Z,0.775,21.4,-9999,Esperance,-35996.4,MURAT_202002_MRE,1,January,12.9,18.0,27.1
2020-01-01T10:00:00Z,0.782,21.4,-9999,Esperance,-35996.4,MURAT_202002_MRE,1,January,12.9,18.0,27.1
2020-01-01T11:00:00Z,0.789,21.7,-9999,Esperance,-35996.4,MURAT_202002_MRE,1,January,12.9,18.0,27.1
2020-01-01T12:00:00Z,0.869,21.9,-9999,Esperance,-35996.4,MURAT_202002_MRE,1,January,12.9,18.0,27.1
2020-01-01T13:00:00Z,0.92,21.9,-9999,Esperance,-35996.4,MURAT_202002_MRE,1,January,12.9,18.0,27.1
2020-01-01T14:00:00Z,0.934,21.9,-9999,Esperance,-35996.4,MURAT_202002_MRE,1,January,12.9,18.0,27.1
2020-01-01T15:00:00Z,1.044,21.8,-9999,Esperance,-35996.4,MURAT_202002_MRE,1,January,12.9,18.0,27.1
2020-01-01T16:00:00Z,1.101,21.8,-9999,Esperance,-35996.4,MURAT_202002_MRE,1,January,12.9,18.0,27.1
2020-01-01T17:00:00Z,1.088,21.7,-9999,Esperance,-35996.4,MURAT_202002_MRE,1,January,12.9,18.0,27.1
2020-01-01T18:00:00Z,1.095,21.6,-9999,Esperance,-35996.4,MURAT_202002_MRE,1,January,12.9,18.0,27.1
2020-01-01T19:00:00Z,1.047,21.6,-9999,Esperance,-35996.4,MURAT_202002_MRE,1,January,12.9,18.0,27.1
2020-01-01T20:00:00Z,0.947,21.6,-9999,Esperance,-35996.4,MURAT_202002_MRE,1,January,12.9,18.0,27.1
2020-01-01T21:00:00Z,0.887,21.6,-9999,Esperance,-35996.4,MURAT_202002_MRE,1,January,12.9,18.0,27.1
2020-01-01T22:00:00Z,0.823,21.5,-9999,Esperance,-35996.4,MURAT_202002_MRE,1,January,12.9,18.0,27.1
2020-01-01T23:00:00Z,0.744,21.5,-9999,Esperance,-35996.4,MURAT_202002_MRE,1,January,12.9,18.0,27.1
2020-01-02T00:00:00Z,0.718,-9999,-9999,Esperance,-35996.4,MURAT_202002_MRE,1,January,12.9,18.0,27.1
2020-01-02T01:00:00Z,0.741,21.4,-9999,Esperance,-35996.4,MURAT_202002_MRE,1,January,12.9,18.0,27.1
2020-01-02T02:00:00Z,0.738,21.4,-9999,Esperance,-35996.4,MURAT_202002_MRE,1,January,12.9,18.0,27.1
2020-01-02T03:00:00Z,0.763,21.4,-9999,Esperance,-35996.4,MURAT_202002_MRE,1,January,12.9,18.0,27.1
2020-01-02T04:00:00Z,0.791,21.4,-9999,Esperance,-35996.4,MURAT_202002_MRE,1,January,12.9,18.0,27.1
2020-01-02T05:00:00Z,0.821,21.4,-9999,Esperance,-35996.4,MURAT_202002_MRE,1,January,12.9,18.0,27.1
2020-01-02T06:00:00Z,0.84,21.4,-9999,Esperance,-35996.4,MURAT_202002_MRE,1,January,12.9,18.0,27.1
2020-01-02T07:00:00Z,0.822,21.4,-9999,Esperance,-35996.4,MURAT_202002_MRE,1,January,12.9,18.0,27.1
2020-01-02T08:00:00Z,0.833,21.2,-9999,Esperance,-35996.4,MURAT_202002_MRE,1,January,12.9,18.0,27.1
2020-01-02T09:00:00Z,0.872,-9999,-9999,Esperance,-35996.4,MURAT_202002_MRE,1,January,12.9,18.0,27.1
2020-01-02T10:00:00Z,0.864,21.2,-9999,Esperance,-35996.4,MURAT_202002_MRE,1,January,12.9,18.0,27.1
2020-01-02T11:00:00Z,0.893,21.1,-9999,Esperance,-35996.4,MURAT_202002_MRE,1,January,12.9,18.0,27.1
2020-01-02T12:00:00Z,0.933,-9999,-9999,Esperance,-35996.4,MURAT_202002_MRE,1,January,12.9,18.0,27.1
2020-01-02T13:00:00Z,0.947,21,-9999,Esperance,-35996.4,MURAT_202002_MRE,1,January,12.9,18.0,27.1
2020-01-02T14:00:00Z,0.974,21,-9999,Esperance,-35996.4,MURAT_202002_MRE,1,January,12.9,18.0,27.1
2020-01-02T15:00:00Z,1.009,21,-9999,Esperance,-35996.4,MURAT_202002_MRE,1,January,12.9,18.0,27.1
2020-01-02T16:00:00Z,1.034,21,-9999,Esperance,-35996.4,MURAT_202002_MRE,1,January,12.9,18.0,27.1
2020-01-02T17:00:00Z,1.056,-9999,-9999,Esperance,-35996.4,MURAT_202002_MRE,1,January,12.9,18.0,27.1
2020-01-02T18:00:00Z,1.052,21,-9999,Esperance,-35996.4,MURAT_202002_MRE,1,January,12.9,18.0,27.1
2020-01-02T19:00:00Z,0.966,21,-9999,Esperance,-35996.4,MURAT_202002_MRE,1,January,12.9,18.0,27.1
2020-01-02T20:00:00Z,0.931,21,-9999,Esperance,-35996.4,MURAT_202002_MRE,1,January,12.9,18.0,27.1
2020-01-02T21:00:00Z,0.87,-9999,-9999,Esperance,-35996.4,MURAT_202002_MRE,1,January,12.9,18.0,27.1
2020-01-02T22:00:00Z,0.792,21,-9999,Esperance,-35996.4,MURAT_202002_MRE,1,January,12.9,18.0,27.1
2020-01-02T23:00:00Z,0.71,20.9,-9999,Esperance,-35996.4,MURAT_202002_MRE,1,January,12.9,18.0,27.1
2020-01-03T00:00:00Z,0.692,20.9,-9999,Esperance,-35996.4,MURAT_202002_MRE,1,January,12.9,18.0,27.1
2020-01-03T01:00:00Z,0.695,20.9,-9999,Esperance,-35996.4,MURAT_202002_MRE,1,January,12.9,18.0,27.1
2020-01-03T02:00:00Z,0.683,20.9,-9999,Esperance,-35996.4,MURAT_202002_MRE,1,January,12.9,18.0,27.1
2020-01-03T03:00:00Z,0.691,20.9,-9999,Esperance,-35996.4,MURAT_202002_MRE,1,January,12.9,18.0,27.1
2020-01-03T04:00:00Z,0.738,20.9,-9999,Esperance,-35996.4,MURAT_202002_MRE,1,January,12.9,18.0,27.1
2020-01-03T05:00:00Z,0.733,21,-9999,Esperance,-35996.4,MURAT_202002_MRE,1,January,12.9,18.0,27.1
2020-01-03T06:00:00Z,0.787,20.9,-9999,Esperance,-35996.4,MURAT_202002_MRE,1,January,12.9,18.0,27.1
2020-01-03T07:00:00Z,0.765,20.9,-9999,Esperance,-35996.4,MURAT_202002_MRE,1,January,12.9,18.0,27.1
2020-01-03T08:00:00Z,0.792,20.9,-9999,Esperance,-35996.4,MURAT_202002_MRE,1,January,12.9,18.0,27.1
2020-01-03T09:00:00Z,0.819,21,-9999,Esperance,-35996.4,MURAT_202002_MRE,1,January,12.9,18.0,27.1
2020-01-03T10:00:00Z,0.84,21,-9999,Esperance,-35996.4,MURAT_202002_MRE,1,January,12.9,18.0,27.1
2020-01-03T11:00:00Z,0.849,21,-9999,Esperance,-35996.4,MURAT_202002_MRE,1,January,12.9,18.0,27.1
2020-01-03T12:00:00Z,0.869,21.1,-9999,Esperance,-35996.4,MURAT_202002_MRE,1,January,12.9,18.0,27.1
2020-01-03T13:00:00Z,0.857,21,-9999,Esperance,-35996.4,MURAT_202002_MRE,1,January,12.9,18.0,27.1
2020-01-03T14:00:00Z,0.858,21,-9999,Esperance,-35996.4,MURAT_202002_MRE,1,January,12.9,18.0,27.1
2020-01-03T15:00:00Z,0.845,21,-9999,Esperance,-35996.4,MURAT_202002_MRE,1,January,12.9,18.0,27.1
2020-01-03T16:00:00Z,0.847,20.9,-9999,Esperance,-35996.4,MURAT_202002_MRE,1,January,12.9,18.0,27.1
2020-01-03T17:00:00Z,0.846,20.9,-9999,Esperance,-35996.4,MURAT_202002_MRE,1,January,12.9,18.0,27.1
2020-01-03T18:00:00Z,0.862,20.9,-9999,Esperance,-35996.4,MURAT_202002_MRE,1,January,12.9,18.0,27.1
2020-01-03T19:00:00Z,0.785,20.9,-9999,Esperance,-35996.4,MURAT_202002_MRE,1,January,12.9,18.0,27.1
2020-01-03T20:00:00Z,0.775,20.9,-9999,Esperance,-35996.4,MURAT_202002_MRE,1,January,12.9,18.0,27.1
2020-01-03T21:00:00Z,0.712,20.9,-9999,Esperance,-35996.4,MURAT_202002_MRE,1,January,12.9,18.0,27.1
2020-01-03T22:00:00Z,0.656,20.9,-9999,Esperance,-35996.4,MURAT_202002_MRE,1,January,12.9,18.0,27.1
2020-01-03T23:00:00Z,0.641,20.9,-9999,Esperance,-35996.4,MURAT_202002_MRE,1,January,12.9,18.0,27.1
2020-01-04T00:00:00Z,0.601,20.9,-9999,Esperance,-35996.4,MURAT_202002_MRE,1,January,12.9,18.0,27.1
2020-01-04T01:00:00Z,0.57,20.9,-9999,Esperance,-35996.4,MURAT_202002_MRE,1,January,12.9,18.0,27.1
2020-01-04T02:00:00Z,0.637,20.9,-9999,Esperance,-35996.4,MURAT_202002_MRE,1,January,12.9,18.0,27.1
2020-01-04T03:00:00Z,0.551,21,-9999,Esperance,-35996.4,MURAT_202002_MRE,1,January,12.9,18.0,27.1
2020-01-04T04:00:00Z,0.591,21,-9999,Esperance,-35996.4,MURAT_202002_MRE,1,January,12.9,18.0,27.1
2020-01-04T05:00:00Z,0.641,21,-9999,Esperance,-35996.4,MURAT_202002_MRE,1,January,12.9,18.0,27.1
2020-01-04T06:00:00Z,0.637,21,-9999,Esperance,-35996.4,MURAT_202002_MRE,1,January,12.9,18.0,27.1
2020-01-04T07:00:00Z,0.634,21.1,-9999,Esperance,-35996.4,MURAT_202002_MRE,1,January,12.9,18.0,27.1
2020-01-04T08:00:00Z,0.702,21.1,-9999,Esperance,-35996.4,MURAT_202002_MRE,1,January,12.9,18.0,27.1
2020-01-04T09:00:00Z,0.736,21.2,-9999,Esperance,-35996.4,MURAT_202002_MRE,1,January,12.9,18.0,27.1
2020-01-04T10:00:00Z,0.762,21.1,-9999,Esperance,-35996.4,MURAT_202002_MRE,1,January,12.9,18.0,27.1
2020-01-04T11:00:00Z,0.787,21.1,-9999,Esperance,-35996.4,MURAT_202002_MRE,1,January,12.9,18.0,27.1
2020-01-04T12:00:00Z,0.814,21.1,-9999,Esperance,-35996.4,MURAT_202002_MRE,1,January,12.9,18.0,27.1
2020-01-04T13:00:00Z,0.768,21.1,-9999,Esperance,-35996.4,MURAT_202002_MRE,1,January,12.9,18.0,27.1
2020-01-04T14:00:00Z,0.799,21.1,-9999,Esperance,-35996.4,MURAT_202002_MRE,1,January,12.9,18.0,27.1
2020-01-04T15:00:00Z,0.682,21,-9999,Esperance,-35996.4,MURAT_202002_MRE,1,January,12.9,18.0,27.1
2020-01-04T16:00:00Z,0.668,20.9,-9999,Esperance,-35996.4,MURAT_202002_MRE,1,January,12.9,18.0,27.1
2020-01-04T17:00:00Z,0.641,20.8,-9999,Esperance,-35996.4,MURAT_202002_MRE,1,January,12.9,18.0,27.1
2020-01-04T18:00:00Z,0.586,20.7,-9999,Esperance,-35996.4,MURAT_202002_MRE,1,January,12.9,18.0,27.1
2020-01-04T19:00:00Z,0.567,20.7,-9999,Esperance,-35996.4,MURAT_202002_MRE,1,January,12.9,18.0,27.1
2020-01-04T20:00:00Z,0.545,20.7,-9999,Esperance,-35996.4,MURAT_202002_MRE,1,January,12.9,18.0,27.1
2020-01-04T21:00:00Z,0.489,20.7,-9999,Esperance,-35996.4,MURAT_202002_MRE,1,January,12.9,18.0,27.1
2020-01-04T22:00:00Z,0.498,20.6,-9999,Esperance,-35996.4,MURAT_202002_MRE,1,January,12.9,18.0,27.1
2020-01-04T23:00:00Z,0.457,20.6,-9999,Esperance,-35996.4,MURAT_202002_MRE,1,January,12.9,18.0,27.1
2020-01-05T00:00:00Z,0.466,20.6,-9999,Esperance,-35996.4,MURAT_202002_MRE,1,January,12.9,18.0,27.1
2020-01-05T01:00:00Z,0.487,20.6,-9999,Esperance,-35996.4,MURAT_202002_MRE,1,January,12.9,18.0,27.1
2020-01-05T02:00:00Z,0.534,20.6,-9999,Esperance,-35996.4,MURAT_202002_MRE,1,January,12.9,18.0,27.1
2020-01-05T03:00:00Z,0.525,20.8,-9999,Esperance,-35996.4,MURAT_202002_MRE,1,January,12.9,18.0,27.1
2020-01-05T04:00:00Z,0.552,20.9,-9999,Esperance,-35996.4,MURAT_202002_MRE,1,January,12.9,18.0,27.1
2020-01-05T05:00:00Z,0.584,21.1,-9999,Esperance,-35996.4,MURAT_202002_MRE,1,January,12.9,18.0,27.1
2020-01-05T06:00:00Z,0.616,21.3,-9999,Esperance,-35996.4,MURAT_202002_MRE,1,January,12.9,18.0,27.1
2020-01-05T07:00:00Z,0.646,21.4,-9999,Esperance,-35996.4,MURAT_202002_MRE,1,January,12.9,18.0,27.1
2020-01-05T08:00:00Z,0.736,21.5,-9999,Esperance,-35996.4,MURAT_202002_MRE,1,January,12.9,18.0,27.1
2020-01-05T09:00:00Z,0.776,21.6,-9999,Esperance,-35996.4,MURAT_202002_MRE,1,January,12.9,18.0,27.1
2020-01-05T10:00:00Z,0.865,21.6,-9999,Esperance,-35996.4,MURAT_202002_MRE,1,January,12.9,18.0,27.1
2020-01-05T11:00:00Z,0.902,21.6,-9999,Esperance,-35996.4,MURAT_202002_MRE,1,January,12.9,18.0,27.1
2020-01-05T12:00:00Z,0.933,21.5,-9999,Esperance,-35996.4,MURAT_202002_MRE,1,January,12.9,18.0,27.1
2020-01-05T13:00:00Z,0.919,21.5,-9999,Esperance,-35996.4,MURAT_202002_MRE,1,January,12.9,18.0,27.1
2020-01-05T14:00:00Z,0.871,21.5,-9999,Esperance,-35996.4,MURAT_202002_MRE,1,January,12.9,18.0,27.1
2020-01-05T15:00:00Z,0.772,21.4,-9999,Esperance,-35996.4,MURAT_202002_MRE,1,January,12.9,18.0,27.1
2020-01-05T16:00:00Z,0.739,21.4,-9999,Esperance,-35996.4,MURAT_202002_MRE,1,January,12.9,18.0,27.1
2020-01-05T17:00:00Z,0.67,21.3,-9999,Esperance,-35996.4,MURAT_202002_MRE,1,January,12.9,18.0,27.1
2020-01-05T18:00:00Z,0.607,21.3,-9999,Esperance,-35996.4,MURAT_202002_MRE,1,January,12.9,18.0,27.1
2020-01-05T19:00:00Z,0.572,21.3,-9999,Esperance,-35996.4,MURAT_202002_MRE,1,January,12.9,18.0,27.1
2020-01-05T20:00:00Z,0.566,21.2,-9999,Esperance,-35996.4,MURAT_202002_MRE,1,January,12.9,18.0,27.1
2020-01-05T21:00:00Z,0.539,21.2,-9999,Esperance,-35996.4,MURAT_202002_MRE,1,January,12.9,18.0,27.1
2020-01-05T22:00:00Z,0.554,21.2,-9999,Esperance,-35996.4,MURAT_202002_MRE,1,January,12.9,18.0,27.1
2020-01-05T23:00:00Z,0.599,21.1,-9999,Esperance,-35996.4,MURAT_202002_MRE,1,January,12.9,18.0,27.1
2020-01-06T00:00:00Z,0.636,21.1,-9999,Esperance,-35996.4,MURAT_202002_MRE,1,January,12.9,18.0,27.1
2020-01-06T01:00:00Z,0.664,21.1,-9999,Esperance,-35996.4,MURAT_202002_MRE,1,January,12.9,18.0,27.1
2020-01-06T02:00:00Z,0.726,21.2,-9999,Esperance,-35996.4,MURAT_202002_MRE,1,January,12.9,18.0,27.1
2020-01-06T03:00:00Z,0.709,21.3,-9999,Esperance,-35996.4,MURAT_202002_MRE,1,January,12.9,18.0,27.1
2020-01-06T04:00:00Z,0.709,21.4,-9999,Esperance,-35996.4,MURAT_202002_MRE,1,January,12.9,18.0,27.1
2020-01-06T05:00:00Z,0.721,21.4,-9999,Esperance,-35996.4,MURAT_202002_MRE,1,January,12.9,18.0,27.1
2020-01-06T06:00:00Z,0.702,21.4,-9999,Esperance,-35996.4,MURAT_202002_MRE,1,January,12.9,18.0,27.1
2020-01-06T07:00:00Z,0.739,21.4,-9999,Esperance,-35996.4,MURAT_202002_MRE,1,January,12.9,18.0,27.1
2020-01-06T08:00:00Z,0.805,21.4,-9999,Esperance,-35996.4,MURAT_202002_MRE,1,January,12.9,18.0,27.1
2020-01-06T09:00:00Z,0.923,21.4,-9999,Esperance,-35996.4,MURAT_202002_MRE,1,January,12.9,18.0,27.1
2020-01-06T10:00:00Z,1.013,21.5,-9999,Esperance,-35996.4,MURAT_202002_MRE,1,January,12.9,18.0,27.1
2020-01-06T11:00:00Z,1.088,21.4,-9999,Esperance,-35996.4,MURAT_202002_MRE,1,January,12.9,18.0,27.1
2020-01-06T12:00:00Z,1.168,21.4,-9999,Esperance,-35996.4,MURAT_202002_MRE,1,January,12.9,18.0,27.1
2020-01-06T13:00:00Z,1.14,21.5,-9999,Esperance,-35996.4,MURAT_202002_MRE,1,January,12.9,18.0,27.1
2020-01-06T14:00:00Z,1.092,21.6,-9999,Esperance,-35996.4,MURAT_202002_MRE,1,January,12.9,18.0,27.1
2020-01-06T15:00:00Z,1.012,21.6,-9999,Esperance,-35996.4,MURAT_202002_MRE,1,January,12.9,18.0,27.1
2020-01-06T16:00:00Z,0.915,21.5,-9999,Esperance,-35996.4,MURAT_202002_MRE,1,January,12.9,18.0,27.1
2020-01-06T17:00:00Z,0.806,21.4,-9999,Esperance,-35996.4,MURAT_202002_MRE,1,January,12.9,18.0,27.1
2020-01-06T18:00:00Z,0.679,21.4,-9999,Esperance,-35996.4,MURAT_202002_MRE,1,January,12.9,18.0,27.1
2020-01-06T19:00:00Z,0.597,21.4,-9999,Esperance,-35996.4,MURAT_202002_MRE,1,January,12.9,18.0,27.1
2020-01-06T20:00:00Z,0.561,21.3,-9999,Esperance,-35996.4,MURAT_202002_MRE,1,January,12.9,18.0,27.1
2020-01-06T21:00:00Z,0.543,21.4,-9999,Esperance,-35996.4,MURAT_202002_MRE,1,January,12.9,18.0,27.1
2020-01-06T22:00:00Z,0.514,21.4,-9999,Esperance,-35996.4,MURAT_202002_MRE,1,January,12.9,18.0,27.1
2020-01-06T23:00:00Z,0.572,21.4,-9999,Esperance,-35996.4,MURAT_202002_MRE,1,January,12.9,18.0,27.1
2020-01-07T00:00:00Z,0.6,21.4,-9999,Esperance,-35996.4,MURAT_202002_MRE,1,January,12.9,18.0,27.1
2020-01-07T01:00:00Z,0.643,21.5,-9999,Esperance,-35996.4,MURAT_202002_MRE,1,January,12.9,18.0,27.1
2020-01-07T02:00:00Z,0.704,21.5,-9999,Esperance,-35996.4,MURAT_202002_MRE,1,January,12.9,18.0,27.1
2020-01-07T03:00:00Z,0.688,21.6,-9999,Esperance,-35996.4,MURAT_202002_MRE,1,January,12.9,18.0,27.1
2020-01-07T04:00:00Z,0.673,21.6,-9999,Esperance,-35996.4,MURAT_202002_MRE,1,January,12.9,18.0,27.1
2020-01-07T05:00:00Z,0.697,21.6,-9999,Esperance,-35996.4,MURAT_202002_MRE,1,January,12.9,18.0,27.1
2020-01-07T06:00:00Z,0.648,21.6,-9999,Esperance,-35996.4,MURAT_202002_MRE,1,January,12.9,18.0,27.1
2020-01-07T07:00:00Z,0.698,21.6,-9999,Esperance,-35996.4,MURAT_202002_MRE,1,January,12.9,18.0,27.1
2020-01-07T08:00:00Z,0.79,21.6,-9999,Esperance,-35996.4,MURAT_202002_MRE,1,January,12.9,18.0,27.1
2020-01-07T09:00:00Z,0.871,21.4,-9999,Esperance,-35996.4,MURAT_202002_MRE,1,January,12.9,18.0,27.1
2020-01-07T10:00:00Z,1.012,21.7,-9999,Esperance,-35996.4,MURAT_202002_MRE,1,January,12.9,18.0,27.1
2020-01-07T11:00:00Z,1.148,22.3,-9999,Esperance,-35996.4,MURAT_202002_MRE,1,January,12.9,18.0,27.1
2020-01-07T12:00:00Z,1.222,22.2,-9999,Esperance,-35996.4,MURAT_202002_MRE,1,January,12.9,18.0,27.1
2020-01-07T13:00:00Z,1.271,22.2,-9999,Esperance,-35996.4,MURAT_202002_MRE,1,January,12.9,18.0,27.1
2020-01-07T14:00:00Z,1.253,22.4,-9999,Esperance,-35996.4,MURAT_202002_MRE,1,January,12.9,18.0,27.1
2020-01-07T15:00:00Z,1.163,22.4,-9999,Esperance,-35996.4,MURAT_202002_MRE,1,January,12.9,18.0,27.1
2020-01-07T16:00:00Z,1.051,22,-9999,Esperance,-35996.4,MURAT_202002_MRE,1,January,12.9,18.0,27.1
2020-01-07T17:00:00Z,0.897,22.1,-9999,Esperance,-35996.4,MURAT_202002_MRE,1,January,12.9,18.0,27.1
2020-01-07T18:00:00Z,0.729,22.2,-9999,Esperance,-35996.4,MURAT_202002_MRE,1,January,12.9,18.0,27.1
2020-01-07T19:00:00Z,0.597,22.2,-9999,Esperance,-35996.4,MURAT_202002_MRE,1,January,12.9,18.0,27.1
2020-01-07T20:00:00Z,0.535,22.2,-9999,Esperance,-35996.4,MURAT_202002_MRE,1,January,12.9,18.0,27.1
2020-01-07T21:00:00Z,0.471,22.1,-9999,Esperance,-35996.4,MURAT_202002_MRE,1,January,12.9,18.0,27.1
2020-01-07T22:00:00Z,0.498,22.1,-9999,Esperance,-35996.4,MURAT_202002_MRE,1,January,12.9,18.0,27.1
2020-01-07T23:00:00Z,0.546,22,-9999,Esperance,-35996.4,MURAT_202002_MRE,1,January,12.9,18.0,27.1
2020-01-08T00:00:00Z,0.604,22,-9999,Esperance,-35996.4,MURAT_202002_MRE,1,January,12.9,18.0,27.1
2020-01-08T01:00:00Z,0.682,21.9,-9999,Esperance,-35996.4,MURAT_202002_MRE,1,January,12.9,18.0,27.1
2020-01-08T02:00:00Z,0.736,22,-9999,Esperance,-35996.4,MURAT_202002_MRE,1,January,12.9,18.0,27.1
2020-01-08T03:00:00Z,0.714,22,-9999,Esperance,-35996.4,MURAT_202002_MRE,1,January,12.9,18.0,27.1
2020-01-08T04:00:00Z,0.707,21.9,-9999,Esperance,-35996.4,MURAT_202002_MRE,1,January,12.9,18.0,27.1
2020-01-08T05:00:00Z,0.705,21.6,-9999,Esperance,-35996.4,MURAT_202002_MRE,1,January,12.9,18.0,27.1
2020-01-08T06:00:00Z,0.65,21.6,-9999,Esperance,-35996.4,MURAT_202002_MRE,1,January,12.9,18.0,27.1
2020-01-08T07:00:00Z,0.667,21.6,-9999,Esperance,-35996.4,MURAT_202002_MRE,1,January,12.9,18.0,27.1
2020-01-08T08:00:00Z,0.75,21.6,-9999,Esperance,-35996.4,MURAT_202002_MRE,1,January,12.9,18.0,27.1
2020-01-08T09:00:00Z,0.808,21.5,-9999,Esperance,-35996.4,MURAT_202002_MRE,1,January,12.9,18.0,27.1
2020-01-08T10:00:00Z,0.964,21.5,-9999,Esperance,-35996.4,MURAT_202002_MRE,1,January,12.9,18.0,27.1
2020-01-08T11:00:00Z,1.119,21.5,-9999,Esperance,-35996.4,MURAT_202002_MRE,1,January,12.9,18.0,27.1
2020-01-08T12:00:00Z,1.218,21.6,-9999,Esperance,-35996.4,MURAT_202002_MRE,1,January,12.9,18.0,27.1
2020-01-08T13:00:00Z,1.266,21.7,-9999,Esperance,-35996.4,MURAT_202002_MRE,1,January,12.9,18.0,27.1
2020-01-08T14:00:00Z,1.318,21.7,-9999,Esperance,-35996.4,MURAT_202002_MRE,1,January,12.9,18.0,27.1
2020-01-08T15:00:00Z,1.216,21.8,-9999,Esperance,-35996.4,MURAT_202002_MRE,1,January,12.9,18.0,27.1
2020-01-08T16:00:00Z,1.15,21.8,-9999,Esperance,-35996.4,MURAT_202002_MRE,1,January,12.9,18.0,27.1
2020-01-08T17:00:00Z,0.98,21.8,-9999,Esperance,-35996.4,MURAT_202002_MRE,1,January,12.9,18.0,27.1
2020-01-08T18:00:00Z,0.791,21.8,-9999,Esperance,-35996.4,MURAT_202002_MRE,1,January,12.9,18.0,27.1
2020-01-08T19:00:00Z,0.606,21.8,-9999,Esperance,-35996.4,MURAT_202002_MRE,1,January,12.9,18.0,27.1
2020-01-08T20:00:00Z,0.496,21.8,-9999,Esperance,-35996.4,MURAT_202002_MRE,1,January,12.9,18.0,27.1
2020-01-08T21:00:00Z,0.415,21.8,-9999,Esperance,-35996.4,MURAT_202002_MRE,1,January,12.9,18.0,27.1
2020-01-08T22:00:00Z,0.455,21.8,-9999,Esperance,-35996.4,MURAT_202002_MRE,1,January,12.9,18.0,27.1
2020-01-08T23:00:00Z,0.477,21.8,-9999,Esperance,-35996.4,MURAT_202002_MRE,1,January,12.9,18.0,27.1
2020-01-09T00:00:00Z,0.56,21.8,-9999,Esperance,-35996.4,MURAT_202002_MRE,1,January,12.9,18.0,27.1
2020-01-09T01:00:00Z,0.636,21.8,-9999,Esperance,-35996.4,MURAT_202002_MRE,1,January,12.9,18.0,27.1
2020-01-09T02:00:00Z,0.753,21.8,-9999,Esperance,-35996.4,MURAT_202002_MRE,1,January,12.9,18.0,27.1
2020-01-09T03:00:00Z,0.719,21.9,-9999,Esperance,-35996.4,MURAT_202002_MRE,1,January,12.9,18.0,27.1
2020-01-09T04:00:00Z,0.733,21.9,-9999,Esperance,-35996.4,MURAT_202002_MRE,1,January,12.9,18.0,27.1
2020-01-09T05:00:00Z,0.765,21.9,-9999,Esperance,-35996.4,MURAT_202002_MRE,1,January,12.9,18.0,27.1
2020-01-09T06:00:00Z,0.681,21.9,-9999,Esperance,-35996.4,MURAT_202002_MRE,1,January,12.9,18.0,27.1
2020-01-09T07:00:00Z,0.671,21.9,-9999,Esperance,-35996.4,MURAT_202002_MRE,1,January,12.9,18.0,27.1
2020-01-09T08:00:00Z,0.739,21.9,-9999,Esperance,-35996.4,MURAT_202002_MRE,1,January,12.9,18.0,27.1
2020-01-09T09:00:00Z,0.773,21.9,-9999,Esperance,-35996.4,MURAT_202002_MRE,1,January,12.9,18.0,27.1
2020-01-09T10:00:00Z,0.933,21.9,-9999,Esperance,-35996.4,MURAT_202002_MRE,1,January,12.9,18.0,27.1
2020-01-09T11:00:00Z,1.097,21.8,-9999,Esperance,-35996.4,MURAT_202002_MRE,1,January,12.9,18.0,27.1
2020-01-09T12:00:00Z,1.255,21.7,-9999,Esperance,-35996.4,MURAT_202002_MRE,1,January,12.9,18.0,27.1
2020-01-09T13:00:00Z,1.354,21.7,-9999,Esperance,-35996.4,MURAT_202002_MRE,1,January,12.9,18.0,27.1
2020-01-09T14:00:00Z,1.432,21.7,-9999,Esperance,-35996.4,MURAT_202002_MRE,1,January,12.9,18.0,27.1
2020-01-09T15:00:00Z,1.378,21.7,-9999,Esperance,-35996.4,MURAT_202002_MRE,1,January,12.9,18.0,27.1
2020-01-09T16:00:00Z,1.272,21.6,-9999,Esperance,-35996.4,MURAT_202002_MRE,1,January,12.9,18.0,27.1
2020-01-09T17:00:00Z,1.151,21.6,-9999,Esperance,-35996.4,MURAT_202002_MRE,1,January,12.9,18.0,27.1
2020-01-09T18:00:00Z,0.895,21.6,-9999,Esperance,-35996.4,MURAT_202002_MRE,1,January,12.9,18.0,27.1
2020-01-09T19:00:00Z,0.661,21.6,-9999,Esperance,-35996.4,MURAT_202002_MRE,1,January,12.9,18.0,27.1
2020-01-09T20:00:00Z,0.519,21.6,-9999,Esperance,-35996.4,MURAT_202002_MRE,1,January,12.9,18.0,27.1
2020-01-09T21:00:00Z,0.392,21.5,-9999,Esperance,-35996.4,MURAT_202002_MRE,1,January,12.9,18.0,27.1
2020-01-09T22:00:00Z,0.344,21.5,-9999,Esperance,-35996.4,MURAT_202002_MRE,1,January,12.9,18.0,27.1
2020-01-09T23:00:00Z,0.358,21.5,-9999,Esperance,-35996.4,MURAT_202002_MRE,1,January,12.9,18.0,27.1
2020-01-10T00:00:00Z,0.463,21.5,-9999,Esperance,-35996.4,MURAT_202002_MRE,1,January,12.9,18.0,27.1
2020-01-10T01:00:00Z,0.533,21.5,-9999,Esperance,-35996.4,MURAT_202002_MRE,1,January,12.9,18.0,27.1
2020-01-10T02:00:00Z,0.594,21.5,-9999,Esperance,-35996.4,MURAT_202002_MRE,1,January,12.9,18.0,27.1
2020-01-10T03:00:00Z,0.664,21.5,-9999,Esperance,-35996.4,MURAT_202002_MRE,1,January,12.9,18.0,27.1
2020-01-10T04:00:00Z,0.659,21.6,-9999,Esperance,-35996.4,MURAT_202002_MRE,1,January,12.9,18.0,27.1
2020-01-10T05:00:00Z,0.639,21.7,-9999,Esperance,-35996.4,MURAT_202002_MRE,1,January,12.9,18.0,27.1
2020-01-10T06:00:00Z,0.611,21.8,-9999,Esperance,-35996.4,MURAT_202002_MRE,1,January,12.9,18.0,27.1
2020-01-10T07:00:00Z,0.564,21.8,-9999,Esperance,-35996.4,MURAT_202002_MRE,1,January,12.9,18.0,27.1
2020-01-10T08:00:00Z,0.547,21.7,-9999,Esperance,-35996.4,MURAT_202002_MRE,1,January,12.9,18.0,27.1
2020-01-10T09:00:00Z,0.642,21.8,-9999,Esperance,-35996.4,MURAT_202002_MRE,1,January,12.9,18.0,27.1
2020-01-10T10:00:00Z,0.764,21.7,-9999,Esperance,-35996.4,MURAT_202002_MRE,1,January,12.9,18.0,27.1
2020-01-10T11:00:00Z,0.904,21.6,-9999,Esperance,-35996.4,MURAT_202002_MRE,1,January,12.9,18.0,27.1
2020-01-10T12:00:00Z,1.081,21.6,-9999,Esperance,-35996.4,MURAT_202002_MRE,1,January,12.9,18.0,27.1
2020-01-10T13:00:00Z,1.225,21.6,-9999,Esperance,-35996.4,MURAT_202002_MRE,1,January,12.9,18.0,27.1
2020-01-10T14:00:00Z,1.308,21.6,-9999,Esperance,-35996.4,MURAT_202002_MRE,1,January,12.9,18.0,27.1
2020-01-10T15:00:00Z,1.299,21.5,-9999,Esperance,-35996.4,MURAT_202002_MRE,1,January,12.9,18.0,27.1
2020-01-10T16:00:00Z,1.257,21.5,-9999,Esperance,-35996.4,MURAT_202002_MRE,1,January,12.9,18.0,27.1
2020-01-10T17:00:00Z,1.123,21.5,-9999,Esperance,-35996.4,MURAT_202002_MRE,1,January,12.9,18.0,27.1
2020-01-10T18:00:00Z,0.89,21.4,-9999,Esperance,-35996.4,MURAT_202002_MRE,1,January,12.9,18.0,27.1
2020-01-10T19:00:00Z,0.694,21.4,-9999,Esperance,-35996.4,MURAT_202002_MRE,1,January,12.9,18.0,27.1
2020-01-10T20:00:00Z,0.451,21.4,-9999,Esperance,-35996.4,MURAT_202002_MRE,1,January,12.9,18.0,27.1
2020-01-10T21:00:00Z,0.284,21.4,-9999,Esperance,-35996.4,MURAT_202002_MRE,1,January,12.9,18.0,27.1
2020-01-10T22:00:00Z,0.217,21.3,-9999,Esperance,-35996.4,MURAT_202002_MRE,1,January,12.9,18.0,27.1
2020-01-10T23:00:00Z,0.213,21.3,-9999,Esperance,-35996.4,MURAT_202002_MRE,1,January,12.9,18.0,27.1
2020-01-11T00:00:00Z,0.239,21.2,-9999,Esperance,-35996.4,MURAT_202002_MRE,1,January,12.9,18.0,27.1
2020-01-11T01:00:00Z,0.356,21.3,-9999,Esperance,-35996.4,MURAT_202002_MRE,1,January,12.9,18.0,27.1
2020-01-11T02:00:00Z,0.479,21.3,-9999,Esperance,-35996.4,MURAT_202002_MRE,1,January,12.9,18.0,27.1
2020-01-11T03:00:00Z,0.541,21.4,-9999,Esperance,-35996.4,MURAT_202002_MRE,1,January,12.9,18.0,27.1
2020-01-11T04:00:00Z,0.558,21.5,-9999,Esperance,-35996.4,MURAT_202002_MRE,1,January,12.9,18.0,27.1
2020-01-11T05:00:00Z,0.591,21.7,-9999,Esperance,-35996.4,MURAT_202002_MRE,1,January,12.9,18.0,27.1
2020-01-11T06:00:00Z,0.546,21.8,-9999,Esperance,-35996.4,MURAT_202002_MRE,1,January,12.9,18.0,27.1
2020-01-11T07:00:00Z,0.49,21.8,-9999,Esperance,-35996.4,MURAT_202002_MRE,1,January,12.9,18.0,27.1
2020-01-11T08:00:00Z,0.476,21.9,-9999,Esperance,-35996.4,MURAT_202002_MRE,1,January,12.9,18.0,27.1
2020-01-11T09:00:00Z,0.507,22,-9999,Esperance,-35996.4,MURAT_202002_MRE,1,January,12.9,18.0,27.1
2020-01-11T10:00:00Z,0.571,22,-9999,Esperance,-35996.4,MURAT_202002_MRE,1,January,12.9,18.0,27.1
2020-01-11T11:00:00Z,0.714,22.1,-9999,Esperance,-35996.4,MURAT_202002_MRE,1,January,12.9,18.0,27.1
2020-01-11T12:00:00Z,0.898,22,-9999,Esperance,-35996.4,MURAT_202002_MRE,1,January,12.9,18.0,27.1
2020-01-11T13:00:00Z,1.039,21.9,-9999,Esperance,-35996.4,MURAT_202002_MRE,1,January,12.9,18.0,27.1
2020-01-11T14:00:00Z,1.147,21.9,-9999,Esperance,-35996.4,MURAT_202002_MRE,1,January,12.9,18.0,27.1
2020-01-11T15:00:00Z,1.216,21.9,-9999,Esperance,-35996.4,MURAT_202002_MRE,1,January,12.9,18.0,27.1
2020-01-11T16:00:00Z,1.186,21.8,-9999,Esperance,-35996.4,MURAT_202002_MRE,1,January,12.9,18.0,27.1
2020-01-11T17:00:00Z,1.137,21.8,-9999,Esperance,-35996.4,MURAT_202002_MRE,1,January,12.9,18.0,27.1
2020-01-11T18:00:00Z,0.967,21.8,-9999,Esperance,-35996.4,MURAT_202002_MRE,1,January,12.9,18.0,27.1
2020-01-11T19:00:00Z,0.734,-9999,-9999,Esperance,-35996.4,MURAT_202002_MRE,1,January,12.9,18.0,27.1
2020-01-11T20:00:00Z,0.54,-9999,-9999,Esperance,-35996.4,MURAT_202002_MRE,1,January,12.9,18.0,27.1
2020-01-11T21:00:00Z,0.373,-9999,-9999,Esperance,-35996.4,MURAT_202002_MRE,1,January,12.9,18.0,27.1
2020-01-11T22:00:00Z,0.229,-9999,-9999,Esperance,-35996.4,MURAT_202002_MRE,1,January,12.9,18.0,27.1
2020-01-11T23:00:00Z,0.21,-9999,-9999,Esperance,-35996.4,MURAT_202002_MRE,1,January,12.9,18.0,27.1
2020-01-12T00:00:00Z,0.257,-9999,-9999,Esperance,-35996.4,MURAT_202002_MRE,1,January,12.9,18.0,27.1
2020-01-12T01:00:00Z,0.347,-9999,-9999,Esperance,-35996.4,MURAT_202002_MRE,1,January,12.9,18.0,27.1
2020-01-12T02:00:00Z,0.459,-9999,-9999,Esperance,-35996.4,MURAT_202002_MRE,1,January,12.9,18.0,27.1
2020-01-12T03:00:00Z,0.575,-9999,-9999,Esperance,-35996.4,MURAT_202002_MRE,1,January,12.9,18.0,27.1
2020-01-12T04:00:00Z,0.573,-9999,-9999,Esperance,-35996.4,MURAT_202002_MRE,1,January,12.9,18.0,27.1
2020-01-12T05:00:00Z,0.625,-9999,-9999,Esperance,-35996.4,MURAT_202002_MRE,1,January,12.9,18.0,27.1
2020-01-12T06:00:00Z,0.642,-9999,-9999,Esperance,-35996.4,MURAT_202002_MRE,1,January,12.9,18.0,27.1
2020-01-12T07:00:00Z,0.543,-9999,-9999,Esperance,-35996.4,MURAT_202002_MRE,1,January,12.9,18.0,27.1
2020-01-12T08:00:00Z,0.553,-9999,-9999,Esperance,-35996.4,MURAT_202002_MRE,1,January,12.9,18.0,27.1
2020-01-12T09:00:00Z,0.613,-9999,-9999,Esperance,-35996.4,MURAT_202002_MRE,1,January,12.9,18.0,27.1
2020-01-12T10:00:00Z,0.623,-9999,-9999,Esperance,-35996.4,MURAT_202002_MRE,1,January,12.9,18.0,27.1
2020-01-12T11:00:00Z,0.756,-9999,-9999,Esperance,-35996.4,MURAT_202002_MRE,1,January,12.9,18.0,27.1
2020-01-12T12:00:00Z,0.925,-9999,-9999,Esperance,-35996.4,MURAT_202002_MRE,1,January,12.9,18.0,27.1
2020-01-12T13:00:00Z,1.109,-9999,-9999,Esperance,-35996.4,MURAT_202002_MRE,1,January,12.9,18.0,27.1
2020-01-12T14:00:00Z,1.228,-9999,-9999,Esperance,-35996.4,MURAT_202002_MRE,1,January,12.9,18.0,27.1
2020-01-12T15:00:00Z,1.331,-9999,-9999,Esperance,-35996.4,MURAT_202002_MRE,1,January,12.9,18.0,27.1
2020-01-12T16:00:00Z,1.384,-9999,-9999,Esperance,-35996.4,MURAT_202002_MRE,1,January,12.9,18.0,27.1
2020-01-12T17:00:00Z,1.328,-9999,-9999,Esperance,-35996.4,MURAT_202002_MRE,1,January,12.9,18.0,27.1
2020-01-12T18:00:00Z,1.246,-9999,-9999,Esperance,-35996.4,MURAT_202002_MRE,1,January,12.9,18.0,27.1
2020-01-12T19:00:00Z,1.089,-9999,-9999,Esperance,-35996.4,MURAT_202002_MRE,1,January,12.9,18.0,27.1
2020-01-12T20:00:00Z,0.842,-9999,-9999,Esperance,-35996.4,MURAT_202002_MRE,1,January,12.9,18.0,27.1
2020-01-12T21:00:00Z,0.687,-9999,-9999,Esperance,-35996.4,MURAT_202002_MRE,1,January,12.9,18.0,27.1
2020-01-12T22:00:00Z,0.54,-9999,-9999,Esperance,-35996.4,MURAT_202002_MRE,1,January,12.9,18.0,27.1
2020-01-12T23:00:00Z,0.415,-9999,-9999,Esperance,-35996.4,MURAT_202002_MRE,1,January,12.9,18.0,27.1
2020-01-13T00:00:00Z,0.398,-9999,-9999,Esperance,-35996.4,MURAT_202002_MRE,1,January,12.9,18.0,27.1
2020-01-13T01:00:00Z,0.448,-9999,-9999,Esperance,-35996.4,MURAT_202002_MRE,1,January,12.9,18.0,27.1
2020-01-13T02:00:00Z,0.501,-9999,-9999,Esperance,-35996.4,MURAT_202002_MRE,1,January,12.9,18.0,27.1
2020-01-13T03:00:00Z,0.555,-9999,-9999,Esperance,-35996.4,MURAT_202002_MRE,1,January,12.9,18.0,27.1
2020-01-13T04:00:00Z,0.599,-9999,-9999,Esperance,-35996.4,MURAT_202002_MRE,1,January,12.9,18.0,27.1
2020-01-13T05:00:00Z,0.612,-9999,-9999,Esperance,-35996.4,MURAT_202002_MRE,1,January,12.9,18.0,27.1
2020-01-13T06:00:00Z,0.583,-9999,-9999,Esperance,-35996.4,MURAT_202002_MRE,1,January,12.9,18.0,27.1
2020-01-13T07:00:00Z,0.558,-9999,-9999,Esperance,-35996.4,MURAT_202002_MRE,1,January,12.9,18.0,27.1
2020-01-13T08:00:00Z,0.535,-9999,-9999,Esperance,-35996.4,MURAT_202002_MRE,1,January,12.9,18.0,27.1
2020-01-13T09:00:00Z,0.523,-9999,-9999,Esperance,-35996.4,MURAT_202002_MRE,1,January,12.9,18.0,27.1
2020-01-13T10:00:00Z,0.555,-9999,-9999,Esperance,-35996.4,MURAT_202002_MRE,1,January,12.9,18.0,27.1
2020-01-13T11:00:00Z,0.638,-9999,-9999,Esperance,-35996.4,MURAT_202002_MRE,1,January,12.9,18.0,27.1
2020-01-13T12:00:00Z,0.73,-9999,-9999,Esperance,-35996.4,MURAT_202002_MRE,1,January,12.9,18.0,27.1
2020-01-13T13:00:00Z,0.889,-9999,-9999,Esperance,-35996.4,MURAT_202002_MRE,1,January,12.9,18.0,27.1
2020-01-13T14:00:00Z,1.034,-9999,-9999,Esperance,-35996.4,MURAT_202002_MRE,1,January,12.9,18.0,27.1
2020-01-13T15:00:00Z,1.077,-9999,-9999,Esperance,-35996.4,MURAT_202002_MRE,1,January,12.9,18.0,27.1
2020-01-13T16:00:00Z,1.166,-9999,-9999,Esperance,-35996.4,MURAT_202002_MRE,1,January,12.9,18.0,27.1
2020-01-13T17:00:00Z,1.204,-9999,-9999,Esperance,-35996.4,MURAT_202002_MRE,1,January,12.9,18.0,27.1
2020-01-13T18:00:00Z,1.092,-9999,-9999,Esperance,-35996.4,MURAT_202002_MRE,1,January,12.9,18.0,27.1
2020-01-13T19:00:00Z,1.002,-9999,-9999,Esperance,-35996.4,MURAT_202002_MRE,1,January,12.9,18.0,27.1
2020-01-13T20:00:00Z,0.855,-9999,-9999,Esperance,-35996.4,MURAT_202002_MRE,1,January,12.9,18.0,27.1
2020-01-13T21:00:00Z,0.656,-9999,-9999,Esperance,-35996.4,MURAT_202002_MRE,1,January,12.9,18.0,27.1
2020-01-13T22:00:00Z,0.526,-9999,-9999,Esperance,-35996.4,MURAT_202002_MRE,1,January,12.9,18.0,27.1
2020-01-13T23:00:00Z,0.385,-9999,-9999,Esperance,-35996.4,MURAT_202002_MRE,1,January,12.9,18.0,27.1
2020-01-14T00:00:00Z,0.336,-9999,-9999,Esperance,-35996.4,MURAT_202002_MRE,1,January,12.9,18.0,27.1
2020-01-14T01:00:00Z,0.351,-9999,-9999,Esperance,-35996.4,MURAT_202002_MRE,1,January,12.9,18.0,27.1
2020-01-14T02:00:00Z,0.399,-9999,-9999,Esperance,-35996.4,MURAT_202002_MRE,1,January,12.9,18.0,27.1
2020-01-14T03:00:00Z,0.472,-9999,-9999,Esperance,-35996.4,MURAT_202002_MRE,1,January,12.9,18.0,27.1
2020-01-14T04:00:00Z,0.469,-9999,-9999,Esperance,-35996.4,MURAT_202002_MRE,1,January,12.9,18.0,27.1
2020-01-14T05:00:00Z,0.549,-9999,-9999,Esperance,-35996.4,MURAT_202002_MRE,1,January,12.9,18.0,27.1
2020-01-14T06:00:00Z,0.545,-9999,-9999,Esperance,-35996.4,MURAT_202002_MRE,1,January,12.9,18.0,27.1
2020-01-14T07:00:00Z,0.507,-9999,-9999,Esperance,-35996.4,MURAT_202002_MRE,1,January,12.9,18.0,27.1
2020-01-14T08:00:00Z,0.51,-9999,-9999,Esperance,-35996.4,MURAT_202002_MRE,1,January,12.9,18.0,27.1
2020-01-14T09:00:00Z,0.505,-9999,-9999,Esperance,-35996.4,MURAT_202002_MRE,1,January,12.9,18.0,27.1
2020-01-14T10:00:00Z,0.507,-9999,-9999,Esperance,-35996.4,MURAT_202002_MRE,1,January,12.9,18.0,27.1
2020-01-14T11:00:00Z,0.546,-9999,-9999,Esperance,-35996.4,MURAT_202002_MRE,1,January,12.9,18.0,27.1
2020-01-14T12:00:00Z,0.599,-9999,-9999,Esperance,-35996.4,MURAT_202002_MRE,1,January,12.9,18.0,27.1
2020-01-14T13:00:00Z,0.751,-9999,-9999,Esperance,-35996.4,MURAT_202002_MRE,1,January,12.9,18.0,27.1
2020-01-14T14:00:00Z,0.832,-9999,-9999,Esperance,-35996.4,MURAT_202002_MRE,1,January,12.9,18.0,27.1
2020-01-14T15:00:00Z,0.918,-9999,-9999,Esperance,-35996.4,MURAT_202002_MRE,1,January,12.9,18.0,27.1
2020-01-14T16:00:00Z,1.003,-9999,-9999,Esperance,-35996.4,MURAT_202002_MRE,1,January,12.9,18.0,27.1
2020-01-14T17:00:00Z,1.031,-9999,-9999,Esperance,-35996.4,MURAT_202002_MRE,1,January,12.9,18.0,27.1
2020-01-14T18:00:00Z,1.015,-9999,-9999,Esperance,-35996.4,MURAT_202002_MRE,1,January,12.9,18.0,27.1
2020-01-14T19:00:00Z,0.93,-9999,-9999,Esperance,-35996.4,MURAT_202002_MRE,1,January,12.9,18.0,27.1
2020-01-14T20:00:00Z,0.858,-9999,-9999,Esperance,-35996.4,MURAT_202002_MRE,1,January,12.9,18.0,27.1
2020-01-14T21:00:00Z,0.748,-9999,-9999,Esperance,-35996.4,MURAT_202002_MRE,1,January,12.9,18.0,27.1
2020-01-14T22:00:00Z,0.599,-9999,-9999,Esperance,-35996.4,MURAT_202002_MRE,1,January,12.9,18.0,27.1
2020-01-14T23:00:00Z,0.516,-9999,-9999,Esperance,-35996.4,MURAT_202002_MRE,1,January,12.9,18.0,27.1
2020-01-15T00:00:00Z,0.425,-9999,-9999,Esperance,-35996.4,MURAT_202002_MRE,1,January,12.9,18.0,27.1
2020-01-15T01:00:00Z,0.436,-9999,-9999,Esperance,-35996.4,MURAT_202002_MRE,1,January,12.9,18.0,27.1
2020-01-15T02:00:00Z,0.474,-9999,-9999,Esperance,-35996.4,MURAT_202002_MRE,1,January,12.9,18.0,27.1
2020-01-15T03:00:00Z,0.488,-9999,-9999,Esperance,-35996.4,MURAT_202002_MRE,1,January,12.9,18.0,27.1
2020-01-15T04:00:00Z,0.521,-9999,-9999,Esperance,-35996.4,MURAT_202002_MRE,1,January,12.9,18.0,27.1
2020-01-15T05:00:00Z,0.544,-9999,-9999,Esperance,-35996.4,MURAT_202002_MRE,1,January,12.9,18.0,27.1
2020-01-15T06:00:00Z,0.567,-9999,-9999,Esperance,-35996.4,MURAT_202002_MRE,1,January,12.9,18.0,27.1
2020-01-15T07:00:00Z,0.523,-9999,-9999,Esperance,-35996.4,MURAT_202002_MRE,1,January,12.9,18.0,27.1
2020-01-15T08:00:00Z,0.521,-9999,-9999,Esperance,-35996.4,MURAT_202002_MRE,1,January,12.9,18.0,27.1
2020-01-15T09:00:00Z,0.54,-9999,-9999,Esperance,-35996.4,MURAT_202002_MRE,1,January,12.9,18.0,27.1
2020-01-15T10:00:00Z,0.542,-9999,-9999,Esperance,-35996.4,MURAT_202002_MRE,1,January,12.9,18.0,27.1
2020-01-15T11:00:00Z,0.555,-9999,-9999,Esperance,-35996.4,MURAT_202002_MRE,1,January,12.9,18.0,27.1
2020-01-15T12:00:00Z,0.6,-9999,-9999,Esperance,-35996.4,MURAT_202002_MRE,1,January,12.9,18.0,27.1
2020-01-15T13:00:00Z,0.676,-9999,-9999,Esperance,-35996.4,MURAT_202002_MRE,1,January,12.9,18.0,27.1
2020-01-15T14:00:00Z,0.76,-9999,-9999,Esperance,-35996.4,MURAT_202002_MRE,1,January,12.9,18.0,27.1
2020-01-15T15:00:00Z,0.802,-9999,-9999,Esperance,-35996.4,MURAT_202002_MRE,1,January,12.9,18.0,27.1
2020-01-15T16:00:00Z,0.864,-9999,-9999,Esperance,-35996.4,MURAT_202002_MRE,1,January,12.9,18.0,27.1
2020-01-15T17:00:00Z,0.899,-9999,-9999,Esperance,-35996.4,MURAT_202002_MRE,1,January,12.9,18.0,27.1
2020-01-15T18:00:00Z,0.892,-9999,-9999,Esperance,-35996.4,MURAT_202002_MRE,1,January,12.9,18.0,27.1
2020-01-15T19:00:00Z,0.811,-9999,-9999,Esperance,-35996.4,MURAT_202002_MRE,1,January,12.9,18.0,27.1
2020-01-15T20:00:00Z,0.768,-9999,-9999,Esperance,-35996.4,MURAT_202002_MRE,1,January,12.9,18.0,27.1
2020-01-15T21:00:00Z,0.713,-9999,-9999,Esperance,-35996.4,MURAT_202002_MRE,1,January,12.9,18.0,27.1
2020-01-15T22:00:00Z,0.592,-9999,-9999,Esperance,-35996.4,MURAT_202002_MRE,1,January,12.9,18.0,27.1
2020-01-15T23:00:00Z,0.514,-9999,-9999,Esperance,-35996.4,MURAT_202002_MRE,1,January,12.9,18.0,27.1
2020-01-16T00:00:00Z,0.468,-9999,-9999,Esperance,-35996.4,MURAT_202002_MRE,1,January,12.9,18.0,27.1
2020-01-16T01:00:00Z,0.414,-9999,-9999,Esperance,-35996.4,MURAT_202002_MRE,1,January,12.9,18.0,27.1
2020-01-16T02:00:00Z,0.472,-9999,-9999,Esperance,-35996.4,MURAT_202002_MRE,1,January,12.9,18.0,27.1
2020-01-16T03:00:00Z,0.502,-9999,-9999,Esperance,-35996.4,MURAT_202002_MRE,1,January,12.9,18.0,27.1
2020-01-16T04:00:00Z,0.498,-9999,-9999,Esperance,-35996.4,MURAT_202002_MRE,1,January,12.9,18.0,27.1
2020-01-16T05:00:00Z,0.558,-9999,-9999,Esperance,-35996.4,MURAT_202002_MRE,1,January,12.9,18.0,27.1
2020-01-16T06:00:00Z,0.585,-9999,-9999,Esperance,-35996.4,MURAT_202002_MRE,1,January,12.9,18.0,27.1
2020-01-16T07:00:00Z,0.545,-9999,-9999,Esperance,-35996.4,MURAT_202002_MRE,1,January,12.9,18.0,27.1
2020-01-16T08:00:00Z,0.547,-9999,-9999,Esperance,-35996.4,MURAT_202002_MRE,1,January,12.9,18.0,27.1
2020-01-16T09:00:00Z,0.557,-9999,-9999,Esperance,-35996.4,MURAT_202002_MRE,1,January,12.9,18.0,27.1
2020-01-16T10:00:00Z,0.556,-9999,-9999,Esperance,-35996.4,MURAT_202002_MRE,1,January,12.9,18.0,27.1
2020-01-16T11:00:00Z,0.557,-9999,-9999,Esperance,-35996.4,MURAT_202002_MRE,1,January,12.9,18.0,27.1
2020-01-16T12:00:00Z,0.566,-9999,-9999,Esperance,-35996.4,MURAT_202002_MRE,1,January,12.9,18.0,27.1
2020-01-16T13:00:00Z,0.611,-9999,-9999,Esperance,-35996.4,MURAT_202002_MRE,1,January,12.9,18.0,27.1
2020-01-16T14:00:00Z,0.645,-9999,-9999,Esperance,-35996.4,MURAT_202002_MRE,1,January,12.9,18.0,27.1
2020-01-16T15:00:00Z,0.642,-9999,-9999,Esperance,-35996.4,MURAT_202002_MRE,1,January,12.9,18.0,27.1
2020-01-16T16:00:00Z,0.683,-9999,-9999,Esperance,-35996.4,MURAT_202002_MRE,1,January,12.9,18.0,27.1
2020-01-16T17:00:00Z,0.698,-9999,-9999,Esperance,-35996.4,MURAT_202002_MRE,1,January,12.9,18.0,27.1
2020-01-16T18:00:00Z,0.676,-9999,-9999,Esperance,-35996.4,MURAT_202002_MRE,1,January,12.9,18.0,27.1
2020-01-16T19:00:00Z,0.652,-9999,-9999,Esperance,-35996.4,MURAT_202002_MRE,1,January,12.9,18.0,27.1
2020-01-16T20:00:00Z,0.62,-9999,-9999,Esperance,-35996.4,MURAT_202002_MRE,1,January,12.9,18.0,27.1
2020-01-16T21:00:00Z,0.585,-9999,-9999,Esperance,-35996.4,MURAT_202002_MRE,1,January,12.9,18.0,27.1
2020-01-16T22:00:00Z,0.595,-9999,-9999,Esperance,-35996.4,MURAT_202002_MRE,1,January,12.9,18.0,27.1
2020-01-16T23:00:00Z,0.517,-9999,-9999,Esperance,-35996.4,MURAT_202002_MRE,1,January,12.9,18.0,27.1
2020-01-17T00:00:00Z,0.505,-9999,-9999,Esperance,-35996.4,MURAT_202002_MRE,1,January,12.9,18.0,27.1
2020-01-17T01:00:00Z,0.536,-9999,-9999,Esperance,-35996.4,MURAT_202002_MRE,1,January,12.9,18.0,27.1
2020-01-17T02:00:00Z,0.542,-9999,-9999,Esperance,-35996.4,MURAT_202002_MRE,1,January,12.9,18.0,27.1
2020-01-17T03:00:00Z,0.594,-9999,-9999,Esperance,-35996.4,MURAT_202002_MRE,1,January,12.9,18.0,27.1
2020-01-17T04:00:00Z,0.62,-9999,-9999,Esperance,-35996.4,MURAT_202002_MRE,1,January,12.9,18.0,27.1
2020-01-17T05:00:00Z,0.622,-9999,-9999,Esperance,-35996.4,MURAT_202002_MRE,1,January,12.9,18.0,27.1
2020-01-17T06:00:00Z,0.704,-9999,-9999,Esperance,-35996.4,MURAT_202002_MRE,1,January,12.9,18.0,27.1
2020-01-17T07:00:00Z,0.657,-9999,-9999,Esperance,-35996.4,MURAT_202002_MRE,1,January,12.9,18.0,27.1
2020-01-17T08:00:00Z,0.677,-9999,-9999,Esperance,-35996.4,MURAT_202002_MRE,1,January,12.9,18.0,27.1
2020-01-17T09:00:00Z,0.703,-9999,-9999,Esperance,-35996.4,MURAT_202002_MRE,1,January,12.9,18.0,27.1
2020-01-17T10:00:00Z,0.73,-9999,-9999,Esperance,-35996.4,MURAT_202002_MRE,1,January,12.9,18.0,27.1
2020-01-17T11:00:00Z,0.767,-9999,-9999,Esperance,-35996.4,MURAT_202002_MRE,1,January,12.9,18.0,27.1
2020-01-17T12:00:00Z,0.753,-9999,-9999,Esperance,-35996.4,MURAT_202002_MRE,1,January,12.9,18.0,27.1
2020-01-17T13:00:00Z,0.796,-9999,-9999,Esperance,-35996.4,MURAT_202002_MRE,1,January,12.9,18.0,27.1
2020-01-17T14:00:00Z,0.813,-9999,-9999,Esperance,-35996.4,MURAT_202002_MRE,1,January,12.9,18.0,27.1
2020-01-17T15:00:00Z,0.766,-9999,-9999,Esperance,-35996.4,MURAT_202002_MRE,1,January,12.9,18.0,27.1
2020-01-17T16:00:00Z,0.806,-9999,-9999,Esperance,-35996.4,MURAT_202002_MRE,1,January,12.9,18.0,27.1
2020-01-17T17:00:00Z,0.775,-9999,-9999,Esperance,-35996.4,MURAT_202002_MRE,1,January,12.9,18.0,27.1
2020-01-17T18:00:00Z,0.705,-9999,-9999,Esperance,-35996.4,MURAT_202002_MRE,1,January,12.9,18.0,27.1
2020-01-17T19:00:00Z,0.706,-9999,-9999,Esperance,-35996.4,MURAT_202002_MRE,1,January,12.9,18.0,27.1
2020-01-17T20:00:00Z,0.694,-9999,-9999,Esperance,-35996.4,MURAT_202002_MRE,1,January,12.9,18.0,27.1
2020-01-17T21:00:00Z,0.626,-9999,-9999,Esperance,-35996.4,MURAT_202002_MRE,1,January,12.9,18.0,27.1
2020-01-17T22:00:00Z,0.637,-9999,-9999,Esperance,-35996.4,MURAT_202002_MRE,1,January,12.9,18.0,27.1
2020-01-17T23:00:00Z,0.649,-9999,-9999,Esperance,-35996.4,MURAT_202002_MRE,1,January,12.9,18.0,27.1
2020-01-18T00:00:00Z,0.613,-9999,-9999,Esperance,-35996.4,MURAT_202002_MRE,1,January,12.9,18.0,27.1
2020-01-18T01:00:00Z,0.617,-9999,-9999,Esperance,-35996.4,MURAT_202002_MRE,1,January,12.9,18.0,27.1
2020-01-18T02:00:00Z,0.668,-9999,-9999,Esperance,-35996.4,MURAT_202002_MRE,1,January,12.9,18.0,27.1
2020-01-18T03:00:00Z,0.662,-9999,-9999,Esperance,-35996.4,MURAT_202002_MRE,1,January,12.9,18.0,27.1
2020-01-18T04:00:00Z,0.673,-9999,-9999,Esperance,-35996.4,MURAT_202002_MRE,1,January,12.9,18.0,27.1
2020-01-18T05:00:00Z,0.696,-9999,-9999,Esperance,-35996.4,MURAT_202002_MRE,1,January,12.9,18.0,27.1
2020-01-18T06:00:00Z,0.74,-9999,-9999,Esperance,-35996.4,MURAT_202002_MRE,1,January,12.9,18.0,27.1
2020-01-18T07:00:00Z,0.725,-9999,-9999,Esperance,-35996.4,MURAT_202002_MRE,1,January,12.9,18.0,27.1
2020-01-18T08:00:00Z,0.738,-9999,-9999,Esperance,-35996.4,MURAT_202002_MRE,1,January,12.9,18.0,27.1
2020-01-18T09:00:00Z,0.792,-9999,-9999,Esperance,-35996.4,MURAT_202002_MRE,1,January,12.9,18.0,27.1
2020-01-18T10:00:00Z,0.821,-9999,-9999,Esperance,-35996.4,MURAT_202002_MRE,1,January,12.9,18.0,27.1
2020-01-18T11:00:00Z,0.85,-9999,-9999,Esperance,-35996.4,MURAT_202002_MRE,1,January,12.9,18.0,27.1
2020-01-18T12:00:00Z,0.884,-9999,-9999,Esperance,-35996.4,MURAT_202002_MRE,1,January,12.9,18.0,27.1
2020-01-18T13:00:00Z,0.871,-9999,-9999,Esperance,-35996.4,MURAT_202002_MRE,1,January,12.9,18.0,27.1
2020-01-18T14:00:00Z,0.881,-9999,-9999,Esperance,-35996.4,MURAT_202002_MRE,1,January,12.9,18.0,27.1
2020-01-18T15:00:00Z,0.805,-9999,-9999,Esperance,-35996.4,MURAT_202002_MRE,1,January,12.9,18.0,27.1
2020-01-18T16:00:00Z,0.77,-9999,-9999,Esperance,-35996.4,MURAT_202002_MRE,1,January,12.9,18.0,27.1
2020-01-18T17:00:00Z,0.711,-9999,-9999,Esperance,-35996.4,MURAT_202002_MRE,1,January,12.9,18.0,27.1
2020-01-18T18:00:00Z,0.624,-9999,-9999,Esperance,-35996.4,MURAT_202002_MRE,1,January,12.9,18.0,27.1
2020-01-18T19:00:00Z,0.573,-9999,-9999,Esperance,-35996.4,MURAT_202002_MRE,1,January,12.9,18.0,27.1
2020-01-18T20:00:00Z,0.512,-9999,-9999,Esperance,-35996.4,MURAT_202002_MRE,1,January,12.9,18.0,27.1
2020-01-18T21:00:00Z,0.474,-9999,-9999,Esperance,-35996.4,MURAT_202002_MRE,1,January,12.9,18.0,27.1
2020-01-18T22:00:00Z,0.519,-9999,-9999,Esperance,-35996.4,MURAT_202002_MRE,1,January,12.9,18.0,27.1
2020-01-18T23:00:00Z,0.508,-9999,-9999,Esperance,-35996.4,MURAT_202002_MRE,1,January,12.9,18.0,27.1
2020-01-19T00:00:00Z,0.562,-9999,-9999,Esperance,-35996.4,MURAT_202002_MRE,1,January,12.9,18.0,27.1
2020-01-19T01:00:00Z,0.573,-9999,-9999,Esperance,-35996.4,MURAT_202002_MRE,1,January,12.9,18.0,27.1
2020-01-19T02:00:00Z,0.619,-9999,-9999,Esperance,-35996.4,MURAT_202002_MRE,1,January,12.9,18.0,27.1
2020-01-19T03:00:00Z,0.659,-9999,-9999,Esperance,-35996.4,MURAT_202002_MRE,1,January,12.9,18.0,27.1
2020-01-19T04:00:00Z,0.653,-9999,-9999,Esperance,-35996.4,MURAT_202002_MRE,1,January,12.9,18.0,27.1
2020-01-19T05:00:00Z,0.68,-9999,-9999,Esperance,-35996.4,MURAT_202002_MRE,1,January,12.9,18.0,27.1
2020-01-19T06:00:00Z,0.719,-9999,-9999,Esperance,-35996.4,MURAT_202002_MRE,1,January,12.9,18.0,27.1
2020-01-19T07:00:00Z,0.688,-9999,-9999,Esperance,-35996.4,MURAT_202002_MRE,1,January,12.9,18.0,27.1
2020-01-19T08:00:00Z,0.754,-9999,-9999,Esperance,-35996.4,MURAT_202002_MRE,1,January,12.9,18.0,27.1
2020-01-19T09:00:00Z,0.808,-9999,-9999,Esperance,-35996.4,MURAT_202002_MRE,1,January,12.9,18.0,27.1
2020-01-19T10:00:00Z,0.871,-9999,-9999,Esperance,-35996.4,MURAT_202002_MRE,1,January,12.9,18.0,27.1
2020-01-19T11:00:00Z,0.916,-9999,-9999,Esperance,-35996.4,MURAT_202002_MRE,1,January,12.9,18.0,27.1
2020-01-19T12:00:00Z,0.962,-9999,-9999,Esperance,-35996.4,MURAT_202002_MRE,1,January,12.9,18.0,27.1
2020-01-19T13:00:00Z,0.977,-9999,-9999,Esperance,-35996.4,MURAT_202002_MRE,1,January,12.9,18.0,27.1
2020-01-19T14:00:00Z,0.942,-9999,-9999,Esperance,-35996.4,MURAT_202002_MRE,1,January,12.9,18.0,27.1
2020-01-19T15:00:00Z,0.868,-9999,-9999,Esperance,-35996.4,MURAT_202002_MRE,1,January,12.9,18.0,27.1
2020-01-19T16:00:00Z,0.8,-9999,-9999,Esperance,-35996.4,MURAT_202002_MRE,1,January,12.9,18.0,27.1
2020-01-19T17:00:00Z,0.712,-9999,-9999,Esperance,-35996.4,MURAT_202002_MRE,1,January,12.9,18.0,27.1
2020-01-19T18:00:00Z,0.605,-9999,-9999,Esperance,-35996.4,MURAT_202002_MRE,1,January,12.9,18.0,27.1
2020-01-19T19:00:00Z,0.522,-9999,-9999,Esperance,-35996.4,MURAT_202002_MRE,1,January,12.9,18.0,27.1
2020-01-19T20:00:00Z,0.453,-9999,-9999,Esperance,-35996.4,MURAT_202002_MRE,1,January,12.9,18.0,27.1
2020-01-19T21:00:00Z,0.373,-9999,-9999,Esperance,-35996.4,MURAT_202002_MRE,1,January,12.9,18.0,27.1
2020-01-19T22:00:00Z,0.421,-9999,-9999,Esperance,-35996.4,MURAT_202002_MRE,1,January,12.9,18.0,27.1
2020-01-19T23:00:00Z,0.447,-9999,-9999,Esperance,-35996.4,MURAT_202002_MRE,1,January,12.9,18.0,27.1
2020-01-20T00:00:00Z,0.488,-9999,-9999,Esperance,-35996.4,MURAT_202002_MRE,1,January,12.9,18.0,27.1
2020-01-20T01:00:00Z,0.563,-9999,-9999,Esperance,-35996.4,MURAT_202002_MRE,1,January,12.9,18.0,27.1
2020-01-20T02:00:00Z,0.662,-9999,-9999,Esperance,-35996.4,MURAT_202002_MRE,1,January,12.9,18.0,27.1
2020-01-20T03:00:00Z,0.667,-9999,-9999,Esperance,-35996.4,MURAT_202002_MRE,1,January,12.9,18.0,27.1
2020-01-20T04:00:00Z,0.69,-9999,-9999,Esperance,-35996.4,MURAT_202002_MRE,1,January,12.9,18.0,27.1
2020-01-20T05:00:00Z,0.735,-9999,-9999,Esperance,-35996.4,MURAT_202002_MRE,1,January,12.9,18.0,27.1
2020-01-20T06:00:00Z,0.728,-9999,-9999,Esperance,-35996.4,MURAT_202002_MRE,1,January,12.9,18.0,27.1
2020-01-20T07:00:00Z,0.739,-9999,-9999,Esperance,-35996.4,MURAT_202002_MRE,1,January,12.9,18.0,27.1
2020-01-20T08:00:00Z,0.851,-9999,-9999,Esperance,-35996.4,MURAT_202002_MRE,1,January,12.9,18.0,27.1
2020-01-20T09:00:00Z,0.867,-9999,-9999,Esperance,-35996.4,MURAT_202002_MRE,1,January,12.9,18.0,27.1
2020-01-20T10:00:00Z,0.939,-9999,-9999,Esperance,-35996.4,MURAT_202002_MRE,1,January,12.9,18.0,27.1
2020-01-20T11:00:00Z,1.072,-9999,-9999,Esperance,-35996.4,MURAT_202002_MRE,1,January,12.9,18.0,27.1
2020-01-20T12:00:00Z,1.056,-9999,-9999,Esperance,-35996.4,MURAT_202002_MRE,1,January,12.9,18.0,27.1
2020-01-20T13:00:00Z,1.114,-9999,-9999,Esperance,-35996.4,MURAT_202002_MRE,1,January,12.9,18.0,27.1
2020-01-20T14:00:00Z,1.141,-9999,-9999,Esperance,-35996.4,MURAT_202002_MRE,1,January,12.9,18.0,27.1
2020-01-20T15:00:00Z,0.992,-9999,-9999,Esperance,-35996.4,MURAT_202002_MRE,1,January,12.9,18.0,27.1
2020-01-20T16:00:00Z,0.968,-9999,-9999,Esperance,-35996.4,MURAT_202002_MRE,1,January,12.9,18.0,27.1
2020-01-20T17:00:00Z,0.839,-9999,-9999,Esperance,-35996.4,MURAT_202002_MRE,1,January,12.9,18.0,27.1
2020-01-20T18:00:00Z,0.701,-9999,-9999,Esperance,-35996.4,MURAT_202002_MRE,1,January,12.9,18.0,27.1
2020-01-20T19:00:00Z,0.633,-9999,-9999,Esperance,-35996.4,MURAT_202002_MRE,1,January,12.9,18.0,27.1
2020-01-20T20:00:00Z,0.494,-9999,-9999,Esperance,-35996.4,MURAT_202002_MRE,1,January,12.9,18.0,27.1
2020-01-20T21:00:00Z,0.512,-9999,-9999,Esperance,-35996.4,MURAT_202002_MRE,1,January,12.9,18.0,27.1
2020-01-20T22:00:00Z,0.495,-9999,-9999,Esperance,-35996.4,MURAT_202002_MRE,1,January,12.9,18.0,27.1
2020-01-20T23:00:00Z,0.536,-9999,-9999,Esperance,-35996.4,MURAT_202002_MRE,1,January,12.9,18.0,27.1
2020-01-21T00:00:00Z,0.604,-9999,-9999,Esperance,-35996.4,MURAT_202002_MRE,1,January,12.9,18.0,27.1
2020-01-21T01:00:00Z,0.66,-9999,-9999,Esperance,-35996.4,MURAT_202002_MRE,1,January,12.9,18.0,27.1
2020-01-21T02:00:00Z,0.788,-9999,-9999,Esperance,-35996.4,MURAT_202002_MRE,1,January,12.9,18.0,27.1
2020-01-21T03:00:00Z,0.788,-9999,-9999,Esperance,-35996.4,MURAT_202002_MRE,1,January,12.9,18.0,27.1
2020-01-21T04:00:00Z,0.808,-9999,-9999,Esperance,-35996.4,MURAT_202002_MRE,1,January,12.9,18.0,27.1
2020-01-21T05:00:00Z,0.912,-9999,-9999,Esperance,-35996.4,MURAT_202002_MRE,1,January,12.9,18.0,27.1
2020-01-21T06:00:00Z,0.867,-9999,-9999,Esperance,-35996.4,MURAT_202002_MRE,1,January,12.9,18.0,27.1
2020-01-21T07:00:00Z,0.943,-9999,-9999,Esperance,-35996.4,MURAT_202002_MRE,1,January,12.9,18.0,27.1
2020-01-21T08:00:00Z,0.989,-9999,-9999,Esperance,-35996.4,MURAT_202002_MRE,1,January,12.9,18.0,27.1
2020-01-21T09:00:00Z,1.05,-9999,-9999,Esperance,-35996.4,MURAT_202002_MRE,1,January,12.9,18.0,27.1
2020-01-21T10:00:00Z,1.167,-9999,-9999,Esperance,-35996.4,MURAT_202002_MRE,1,January,12.9,18.0,27.1
2020-01-21T11:00:00Z,1.248,-9999,-9999,Esperance,-35996.4,MURAT_202002_MRE,1,January,12.9,18.0,27.1
2020-01-21T12:00:00Z,1.302,-9999,-9999,Esperance,-35996.4,MURAT_202002_MRE,1,January,12.9,18.0,27.1
2020-01-21T13:00:00Z,1.368,-9999,-9999,Esperance,-35996.4,MURAT_202002_MRE,1,January,12.9,18.0,27.1
2020-01-21T14:00:00Z,1.392,-9999,-9999,Esperance,-35996.4,MURAT_202002_MRE,1,January,12.9,18.0,27.1
2020-01-21T15:00:00Z,1.323,-9999,-9999,Esperance,-35996.4,MURAT_202002_MRE,1,January,12.9,18.0,27.1
2020-01-21T16:00:00Z,1.165,-9999,-9999,Esperance,-35996.4,MURAT_202002_MRE,1,January,12.9,18.0,27.1
2020-01-21T17:00:00Z,1.108,-9999,-9999,Esperance,-35996.4,MURAT_202002_MRE,1,January,12.9,18.0,27.1
2020-01-21T18:00:00Z,0.905,-9999,-9999,Esperance,-35996.4,MURAT_202002_MRE,1,January,12.9,18.0,27.1
2020-01-21T19:00:00Z,0.765,-9999,-9999,Esperance,-35996.4,MURAT_202002_MRE,1,January,12.9,18.0,27.1
2020-01-21T20:00:00Z,0.649,-9999,-9999,Esperance,-35996.4,MURAT_202002_MRE,1,January,12.9,18.0,27.1
2020-01-21T21:00:00Z,0.583,-9999,-9999,Esperance,-35996.4,MURAT_202002_MRE,1,January,12.9,18.0,27.1
2020-01-21T22:00:00Z,0.569,-9999,-9999,Esperance,-35996.4,MURAT_202002_MRE,1,January,12.9,18.0,27.1
2020-01-21T23:00:00Z,0.596,-9999,-9999,Esperance,-35996.4,MURAT_202002_MRE,1,January,12.9,18.0,27.1
2020-01-22T00:00:00Z,0.631,-9999,-9999,Esperance,-35996.4,MURAT_202002_MRE,1,January,12.9,18.0,27.1
2020-01-22T01:00:00Z,0.706,-9999,-9999,Esperance,-35996.4,MURAT_202002_MRE,1,January,12.9,18.0,27.1
2020-01-22T02:00:00Z,0.798,-9999,-9999,Esperance,-35996.4,MURAT_202002_MRE,1,January,12.9,18.0,27.1
2020-01-22T03:00:00Z,0.863,-9999,-9999,Esperance,-35996.4,MURAT_202002_MRE,1,January,12.9,18.0,27.1
2020-01-22T04:00:00Z,0.84,-9999,-9999,Esperance,-35996.4,MURAT_202002_MRE,1,January,12.9,18.0,27.1
2020-01-22T05:00:00Z,0.876,-9999,-9999,Esperance,-35996.4,MURAT_202002_MRE,1,January,12.9,18.0,27.1
2020-01-22T06:00:00Z,0.877,-9999,-9999,Esperance,-35996.4,MURAT_202002_MRE,1,January,12.9,18.0,27.1
2020-01-22T07:00:00Z,0.86,-9999,-9999,Esperance,-35996.4,MURAT_202002_MRE,1,January,12.9,18.0,27.1
2020-01-22T08:00:00Z,0.927,-9999,-9999,Esperance,-35996.4,MURAT_202002_MRE,1,January,12.9,18.0,27.1
2020-01-22T09:00:00Z,1,-9999,-9999,Esperance,-35996.4,MURAT_202002_MRE,1,January,12.9,18.0,27.1
2020-01-22T10:00:00Z,1.128,-9999,-9999,Esperance,-35996.4,MURAT_202002_MRE,1,January,12.9,18.0,27.1
2020-01-22T11:00:00Z,1.259,-9999,-9999,Esperance,-35996.4,MURAT_202002_MRE,1,January,12.9,18.0,27.1
2020-01-22T12:00:00Z,1.349,-9999,-9999,Esperance,-35996.4,MURAT_202002_MRE,1,January,12.9,18.0,27.1
2020-01-22T13:00:00Z,1.421,-9999,-9999,Esperance,-35996.4,MURAT_202002_MRE,1,January,12.9,18.0,27.1
2020-01-22T14:00:00Z,1.451,-9999,-9999,Esperance,-35996.4,MURAT_202002_MRE,1,January,12.9,18.0,27.1
2020-01-22T15:00:00Z,1.406,-9999,-9999,Esperance,-35996.4,MURAT_202002_MRE,1,January,12.9,18.0,27.1
2020-01-22T16:00:00Z,1.261,-9999,-9999,Esperance,-35996.4,MURAT_202002_MRE,1,January,12.9,18.0,27.1
2020-01-22T17:00:00Z,1.117,-9999,-9999,Esperance,-35996.4,MURAT_202002_MRE,1,January,12.9,18.0,27.1
2020-01-22T18:00:00Z,0.941,-9999,-9999,Esperance,-35996.4,MURAT_202002_MRE,1,January,12.9,18.0,27.1
2020-01-22T19:00:00Z,0.745,-9999,-9999,Esperance,-35996.4,MURAT_202002_MRE,1,January,12.9,18.0,27.1
2020-01-22T20:00:00Z,0.602,-9999,-9999,Esperance,-35996.4,MURAT_202002_MRE,1,January,12.9,18.0,27.1
2020-01-22T21:00:00Z,0.477,-9999,-9999,Esperance,-35996.4,MURAT_202002_MRE,1,January,12.9,18.0,27.1
2020-01-22T22:00:00Z,0.451,-9999,-9999,Esperance,-35996.4,MURAT_202002_MRE,1,January,12.9,18.0,27.1
2020-01-22T23:00:00Z,0.463,-9999,-9999,Esperance,-35996.4,MURAT_202002_MRE,1,January,12.9,18.0,27.1
2020-01-23T00:00:00Z,0.472,-9999,-9999,Esperance,-35996.4,MURAT_202002_MRE,1,January,12.9,18.0,27.1
2020-01-23T01:00:00Z,0.566,-9999,-9999,Esperance,-35996.4,MURAT_202002_MRE,1,January,12.9,18.0,27.1
2020-01-23T02:00:00Z,0.633,-9999,-9999,Esperance,-35996.4,MURAT_202002_MRE,1,January,12.9,18.0,27.1
2020-01-23T03:00:00Z,0.691,-9999,-9999,Esperance,-35996.4,MURAT_202002_MRE,1,January,12.9,18.0,27.1
2020-01-23T04:00:00Z,0.718,-9999,-9999,Esperance,-35996.4,MURAT_202002_MRE,1,January,12.9,18.0,27.1
2020-01-23T05:00:00Z,0.676,-9999,-9999,Esperance,-35996.4,MURAT_202002_MRE,1,January,12.9,18.0,27.1
2020-01-23T06:00:00Z,0.666,-9999,-9999,Esperance,-35996.4,MURAT_202002_MRE,1,January,12.9,18.0,27.1
2020-01-23T07:00:00Z,0.648,-9999,-9999,Esperance,-35996.4,MURAT_202002_MRE,1,January,12.9,18.0,27.1
2020-01-23T08:00:00Z,0.673,-9999,-9999,Esperance,-35996.4,MURAT_202002_MRE,1,January,12.9,18.0,27.1
2020-01-23T09:00:00Z,0.744,-9999,-9999,Esperance,-35996.4,MURAT_202002_MRE,1,January,12.9,18.0,27.1
2020-01-23T10:00:00Z,0.871,-9999,-9999,Esperance,-35996.4,MURAT_202002_MRE,1,January,12.9,18.0,27.1
2020-01-23T11:00:00Z,1.016,-9999,-9999,Esperance,-35996.4,MURAT_202002_MRE,1,January,12.9,18.0,27.1
2020-01-23T12:00:00Z,1.123,-9999,-9999,Esperance,-35996.4,MURAT_202002_MRE,1,January,12.9,18.0,27.1
2020-01-23T13:00:00Z,1.244,-9999,-9999,Esperance,-35996.4,MURAT_202002_MRE,1,January,12.9,18.0,27.1
2020-01-23T14:00:00Z,1.287,-9999,-9999,Esperance,-35996.4,MURAT_202002_MRE,1,January,12.9,18.0,27.1
2020-01-23T15:00:00Z,1.237,-9999,-9999,Esperance,-35996.4,MURAT_202002_MRE,1,January,12.9,18.0,27.1
2020-01-23T16:00:00Z,1.193,-9999,-9999,Esperance,-35996.4,MURAT_202002_MRE,1,January,12.9,18.0,27.1
2020-01-23T17:00:00Z,1.066,-9999,-9999,Esperance,-35996.4,MURAT_202002_MRE,1,January,12.9,18.0,27.1
2020-01-23T18:00:00Z,0.878,-9999,-9999,Esperance,-35996.4,MURAT_202002_MRE,1,January,12.9,18.0,27.1
2020-01-23T19:00:00Z,0.707,-9999,-9999,Esperance,-35996.4,MURAT_202002_MRE,1,January,12.9,18.0,27.1
2020-01-23T20:00:00Z,0.543,-9999,-9999,Esperance,-35996.4,MURAT_202002_MRE,1,January,12.9,18.0,27.1
2020-01-23T21:00:00Z,0.408,-9999,-9999,Esperance,-35996.4,MURAT_202002_MRE,1,January,12.9,18.0,27.1
2020-01-23T22:00:00Z,0.379,-9999,-9999,Esperance,-35996.4,MURAT_202002_MRE,1,January,12.9,18.0,27.1
2020-01-23T23:00:00Z,0.375,-9999,-9999,Esperance,-35996.4,MURAT_202002_MRE,1,January,12.9,18.0,27.1
2020-01-24T00:00:00Z,0.402,-9999,-9999,Esperance,-35996.4,MURAT_202002_MRE,1,January,12.9,18.0,27.1
2020-01-24T01:00:00Z,0.47,-9999,-9999,Esperance,-35996.4,MURAT_202002_MRE,1,January,12.9,18.0,27.1
2020-01-24T02:00:00Z,0.568,-9999,-9999,Esperance,-35996.4,MURAT_202002_MRE,1,January,12.9,18.0,27.1
2020-01-24T03:00:00Z,0.599,-9999,-9999,Esperance,-35996.4,MURAT_202002_MRE,1,January,12.9,18.0,27.1
2020-01-24T04:00:00Z,0.622,-9999,-9999,Esperance,-35996.4,MURAT_202002_MRE,1,January,12.9,18.0,27.1
2020-01-24T05:00:00Z,0.619,-9999,-9999,Esperance,-35996.4,MURAT_202002_MRE,1,January,12.9,18.0,27.1
2020-01-24T06:00:00Z,0.591,-9999,-9999,Esperance,-35996.4,MURAT_202002_MRE,1,January,12.9,18.0,27.1
2020-01-24T07:00:00Z,0.55,-9999,-9999,Esperance,-35996.4,MURAT_202002_MRE,1,January,12.9,18.0,27.1
2020-01-24T08:00:00Z,0.563,-9999,-9999,Esperance,-35996.4,MURAT_202002_MRE,1,January,12.9,18.0,27.1
2020-01-24T09:00:00Z,0.625,-9999,-9999,Esperance,-35996.4,MURAT_202002_MRE,1,January,12.9,18.0,27.1
2020-01-24T10:00:00Z,0.724,-9999,-9999,Esperance,-35996.4,MURAT_202002_MRE,1,January,12.9,18.0,27.1
2020-01-24T11:00:00Z,0.866,-9999,-9999,Esperance,-35996.4,MURAT_202002_MRE,1,January,12.9,18.0,27.1
2020-01-24T12:00:00Z,1.03,-9999,-9999,Esperance,-35996.4,MURAT_202002_MRE,1,January,12.9,18.0,27.1
2020-01-24T13:00:00Z,1.141,-9999,-9999,Esperance,-35996.4,MURAT_202002_MRE,1,January,12.9,18.0,27.1
2020-01-24T14:00:00Z,1.229,-9999,-9999,Esperance,-35996.4,MURAT_202002_MRE,1,January,12.9,18.0,27.1
2020-01-24T15:00:00Z,1.236,-9999,-9999,Esperance,-35996.4,MURAT_202002_MRE,1,January,12.9,18.0,27.1
2020-01-24T16:00:00Z,1.173,-9999,-9999,Esperance,-35996.4,MURAT_202002_MRE,1,January,12.9,18.0,27.1
2020-01-24T17:00:00Z,1.07,-9999,-9999,Esperance,-35996.4,MURAT_202002_MRE,1,January,12.9,18.0,27.1
2020-01-24T18:00:00Z,0.901,-9999,-9999,Esperance,-35996.4,MURAT_202002_MRE,1,January,12.9,18.0,27.1
2020-01-24T19:00:00Z,0.7,-9999,-9999,Esperance,-35996.4,MURAT_202002_MRE,1,January,12.9,18.0,27.1
2020-01-24T20:00:00Z,0.523,-9999,-9999,Esperance,-35996.4,MURAT_202002_MRE,1,January,12.9,18.0,27.1
2020-01-24T21:00:00Z,0.392,-9999,-9999,Esperance,-35996.4,MURAT_202002_MRE,1,January,12.9,18.0,27.1
2020-01-24T22:00:00Z,0.314,-9999,-9999,Esperance,-35996.4,MURAT_202002_MRE,1,January,12.9,18.0,27.1
2020-01-24T23:00:00Z,0.306,-9999,-9999,Esperance,-35996.4,MURAT_202002_MRE,1,January,12.9,18.0,27.1
2020-01-25T00:00:00Z,0.375,-9999,-9999,Esperance,-35996.4,MURAT_202002_MRE,1,January,12.9,18.0,27.1
2020-01-25T01:00:00Z,0.426,-9999,-9999,Esperance,-35996.4,MURAT_202002_MRE,1,January,12.9,18.0,27.1
2020-01-25T02:00:00Z,0.494,-9999,-9999,Esperance,-35996.4,MURAT_202002_MRE,1,January,12.9,18.0,27.1
2020-01-25T03:00:00Z,0.572,-9999,-9999,Esperance,-35996.4,MURAT_202002_MRE,1,January,12.9,18.0,27.1
2020-01-25T04:00:00Z,0.584,-9999,-9999,Esperance,-35996.4,MURAT_202002_MRE,1,January,12.9,18.0,27.1
2020-01-25T05:00:00Z,0.586,-9999,-9999,Esperance,-35996.4,MURAT_202002_MRE,1,January,12.9,18.0,27.1
2020-01-25T06:00:00Z,0.574,-9999,-9999,Esperance,-35996.4,MURAT_202002_MRE,1,January,12.9,18.0,27.1
2020-01-25T07:00:00Z,0.513,-9999,-9999,Esperance,-35996.4,MURAT_202002_MRE,1,January,12.9,18.0,27.1
2020-01-25T08:00:00Z,0.499,-9999,-9999,Esperance,-35996.4,MURAT_202002_MRE,1,January,12.9,18.0,27.1
2020-01-25T09:00:00Z,0.549,-9999,-9999,Esperance,-35996.4,MURAT_202002_MRE,1,January,12.9,18.0,27.1
2020-01-25T10:00:00Z,0.624,-9999,-9999,Esperance,-35996.4,MURAT_202002_MRE,1,January,12.9,18.0,27.1
2020-01-25T11:00:00Z,0.767,-9999,-9999,Esperance,-35996.4,MURAT_202002_MRE,1,January,12.9,18.0,27.1
2020-01-25T12:00:00Z,0.926,-9999,-9999,Esperance,-35996.4,MURAT_202002_MRE,1,January,12.9,18.0,27.1
2020-01-25T13:00:00Z,1.074,-9999,-9999,Esperance,-35996.4,MURAT_202002_MRE,1,January,12.9,18.0,27.1
2020-01-25T14:00:00Z,1.184,-9999,-9999,Esperance,-35996.4,MURAT_202002_MRE,1,January,12.9,18.0,27.1
2020-01-25T15:00:00Z,1.202,-9999,-9999,Esperance,-35996.4,MURAT_202002_MRE,1,January,12.9,18.0,27.1
2020-01-25T16:00:00Z,1.182,-9999,-9999,Esperance,-35996.4,MURAT_202002_MRE,1,January,12.9,18.0,27.1
2020-01-25T17:00:00Z,1.113,-9999,-9999,Esperance,-35996.4,MURAT_202002_MRE,1,January,12.9,18.0,27.1
2020-01-25T18:00:00Z,0.952,-9999,-9999,Esperance,-35996.4,MURAT_202002_MRE,1,January,12.9,18.0,27.1
2020-01-25T19:00:00Z,0.782,-9999,-9999,Esperance,-35996.4,MURAT_202002_MRE,1,January,12.9,18.0,27.1
2020-01-25T20:00:00Z,0.603,-9999,-9999,Esperance,-35996.4,MURAT_202002_MRE,1,January,12.9,18.0,27.1
2020-01-25T21:00:00Z,0.45,-9999,-9999,Esperance,-35996.4,MURAT_202002_MRE,1,January,12.9,18.0,27.1
2020-01-25T22:00:00Z,0.376,-9999,-9999,Esperance,-35996.4,MURAT_202002_MRE,1,January,12.9,18.0,27.1
2020-01-25T23:00:00Z,0.357,-9999,-9999,Esperance,-35996.4,MURAT_202002_MRE,1,January,12.9,18.0,27.1
2020-01-26T00:00:00Z,0.382,-9999,-9999,Esperance,-35996.4,MURAT_202002_MRE,1,January,12.9,18.0,27.1
2020-01-26T01:00:00Z,0.471,-9999,-9999,Esperance,-35996.4,MURAT_202002_MRE,1,January,12.9,18.0,27.1
2020-01-26T02:00:00Z,0.538,-9999,-9999,Esperance,-35996.4,MURAT_202002_MRE,1,January,12.9,18.0,27.1
2020-01-26T03:00:00Z,0.621,-9999,-9999,Esperance,-35996.4,MURAT_202002_MRE,1,January,12.9,18.0,27.1
2020-01-26T04:00:00Z,0.627,-9999,-9999,Esperance,-35996.4,MURAT_202002_MRE,1,January,12.9,18.0,27.1
2020-01-26T05:00:00Z,0.616,-9999,-9999,Esperance,-35996.4,MURAT_202002_MRE,1,January,12.9,18.0,27.1
2020-01-26T06:00:00Z,0.59,-9999,-9999,Esperance,-35996.4,MURAT_202002_MRE,1,January,12.9,18.0,27.1
2020-01-26T07:00:00Z,0.519,-9999,-9999,Esperance,-35996.4,MURAT_202002_MRE,1,January,12.9,18.0,27.1
2020-01-26T08:00:00Z,0.49,-9999,-9999,Esperance,-35996.4,MURAT_202002_MRE,1,January,12.9,18.0,27.1
2020-01-26T09:00:00Z,0.494,-9999,-9999,Esperance,-35996.4,MURAT_202002_MRE,1,January,12.9,18.0,27.1
2020-01-26T10:00:00Z,0.536,-9999,-9999,Esperance,-35996.4,MURAT_202002_MRE,1,January,12.9,18.0,27.1
2020-01-26T11:00:00Z,0.679,-9999,-9999,Esperance,-35996.4,MURAT_202002_MRE,1,January,12.9,18.0,27.1
2020-01-26T12:00:00Z,0.812,-9999,-9999,Esperance,-35996.4,MURAT_202002_MRE,1,January,12.9,18.0,27.1
2020-01-26T13:00:00Z,0.957,-9999,-9999,Esperance,-35996.4,MURAT_202002_MRE,1,January,12.9,18.0,27.1
2020-01-26T14:00:00Z,1.107,-9999,-9999,Esperance,-35996.4,MURAT_202002_MRE,1,January,12.9,18.0,27.1
2020-01-26T15:00:00Z,1.159,-9999,-9999,Esperance,-35996.4,MURAT_202002_MRE,1,January,12.9,18.0,27.1
2020-01-26T16:00:00Z,1.154,-9999,-9999,Esperance,-35996.4,MURAT_202002_MRE,1,January,12.9,18.0,27.1
2020-01-26T17:00:00Z,1.124,-9999,-9999,Esperance,-35996.4,MURAT_202002_MRE,1,January,12.9,18.0,27.1
2020-01-26T18:00:00Z,1.009,-9999,-9999,Esperance,-35996.4,MURAT_202002_MRE,1,January,12.9,18.0,27.1
2020-01-26T19:00:00Z,0.839,-9999,-9999,Esperance,-35996.4,MURAT_202002_MRE,1,January,12.9,18.0,27.1
2020-01-26T20:00:00Z,0.659,-9999,-9999,Esperance,-35996.4,MURAT_202002_MRE,1,January,12.9,18.0,27.1
2020-01-26T21:00:00Z,0.506,-9999,-9999,Esperance,-35996.4,MURAT_202002_MRE,1,January,12.9,18.0,27.1
2020-01-26T22:00:00Z,0.437,-9999,-9999,Esperance,-35996.4,MURAT_202002_MRE,1,January,12.9,18.0,27.1
2020-01-26T23:00:00Z,0.358,-9999,-9999,Esperance,-35996.4,MURAT_202002_MRE,1,January,12.9,18.0,27.1
2020-01-27T00:00:00Z,0.38,-9999,-9999,Esperance,-35996.4,MURAT_202002_MRE,1,January,12.9,18.0,27.1
2020-01-27T01:00:00Z,0.477,-9999,-9999,Esperance,-35996.4,MURAT_202002_MRE,1,January,12.9,18.0,27.1
2020-01-27T02:00:00Z,0.552,-9999,-9999,Esperance,-35996.4,MURAT_202002_MRE,1,January,12.9,18.0,27.1
2020-01-27T03:00:00Z,0.608,-9999,-9999,Esperance,-35996.4,MURAT_202002_MRE,1,January,12.9,18.0,27.1
2020-01-27T04:00:00Z,0.645,-9999,-9999,Esperance,-35996.4,MURAT_202002_MRE,1,January,12.9,18.0,27.1
2020-01-27T05:00:00Z,0.648,-9999,-9999,Esperance,-35996.4,MURAT_202002_MRE,1,January,12.9,18.0,27.1
2020-01-27T06:00:00Z,0.62,-9999,-9999,Esperance,-35996.4,MURAT_202002_MRE,1,January,12.9,18.0,27.1
2020-01-27T07:00:00Z,0.56,-9999,-9999,Esperance,-35996.4,MURAT_202002_MRE,1,January,12.9,18.0,27.1
2020-01-27T08:00:00Z,0.502,-9999,-9999,Esperance,-35996.4,MURAT_202002_MRE,1,January,12.9,18.0,27.1
2020-01-27T09:00:00Z,0.48,-9999,-9999,Esperance,-35996.4,MURAT_202002_MRE,1,January,12.9,18.0,27.1
2020-01-27T10:00:00Z,0.528,-9999,-9999,Esperance,-35996.4,MURAT_202002_MRE,1,January,12.9,18.0,27.1
2020-01-27T11:00:00Z,0.62,-9999,-9999,Esperance,-35996.4,MURAT_202002_MRE,1,January,12.9,18.0,27.1
2020-01-27T12:00:00Z,0.732,-9999,-9999,Esperance,-35996.4,MURAT_202002_MRE,1,January,12.9,18.0,27.1
2020-01-27T13:00:00Z,0.896,-9999,-9999,Esperance,-35996.4,MURAT_202002_MRE,1,January,12.9,18.0,27.1
2020-01-27T14:00:00Z,1.057,-9999,-9999,Esperance,-35996.4,MURAT_202002_MRE,1,January,12.9,18.0,27.1
2020-01-27T15:00:00Z,1.102,-9999,-9999,Esperance,-35996.4,MURAT_202002_MRE,1,January,12.9,18.0,27.1
2020-01-27T16:00:00Z,1.146,-9999,-9999,Esperance,-35996.4,MURAT_202002_MRE,1,January,12.9,18.0,27.1
2020-01-27T17:00:00Z,1.143,-9999,-9999,Esperance,-35996.4,MURAT_202002_MRE,1,January,12.9,18.0,27.1
2020-01-27T18:00:00Z,1.001,-9999,-9999,Esperance,-35996.4,MURAT_202002_MRE,1,January,12.9,18.0,27.1
2020-01-27T19:00:00Z,0.885,-9999,-9999,Esperance,-35996.4,MURAT_202002_MRE,1,January,12.9,18.0,27.1
2020-01-27T20:00:00Z,0.721,-9999,-9999,Esperance,-35996.4,MURAT_202002_MRE,1,January,12.9,18.0,27.1
2020-01-27T21:00:00Z,0.558,-9999,-9999,Esperance,-35996.4,MURAT_202002_MRE,1,January,12.9,18.0,27.1
2020-01-27T22:00:00Z,0.496,-9999,-9999,Esperance,-35996.4,MURAT_202002_MRE,1,January,12.9,18.0,27.1
2020-01-27T23:00:00Z,0.438,-9999,-9999,Esperance,-35996.4,MURAT_202002_MRE,1,January,12.9,18.0,27.1
2020-01-28T00:00:00Z,0.453,-9999,-9999,Esperance,-35996.4,MURAT_202002_MRE,1,January,12.9,18.0,27.1
2020-01-28T01:00:00Z,0.564,-9999,-9999,Esperance,-35996.4,MURAT_202002_MRE,1,January,12.9,18.0,27.1
2020-01-28T02:00:00Z,0.636,-9999,-9999,Esperance,-35996.4,MURAT_202002_MRE,1,January,12.9,18.0,27.1
2020-01-28T03:00:00Z,0.734,-9999,-9999,Esperance,-35996.4,MURAT_202002_MRE,1,January,12.9,18.0,27.1
2020-01-28T04:00:00Z,0.764,-9999,-9999,Esperance,-35996.4,MURAT_202002_MRE,1,January,12.9,18.0,27.1
2020-01-28T05:00:00Z,0.771,-9999,-9999,Esperance,-35996.4,MURAT_202002_MRE,1,January,12.9,18.0,27.1
2020-01-28T06:00:00Z,0.76,-9999,-9999,Esperance,-35996.4,MURAT_202002_MRE,1,January,12.9,18.0,27.1
2020-01-28T07:00:00Z,0.692,-9999,-9999,Esperance,-35996.4,MURAT_202002_MRE,1,January,12.9,18.0,27.1
2020-01-28T08:00:00Z,0.63,-9999,-9999,Esperance,-35996.4,MURAT_202002_MRE,1,January,12.9,18.0,27.1
2020-01-28T09:00:00Z,0.602,-9999,-9999,Esperance,-35996.4,MURAT_202002_MRE,1,January,12.9,18.0,27.1
2020-01-28T10:00:00Z,0.621,-9999,-9999,Esperance,-35996.4,MURAT_202002_MRE,1,January,12.9,18.0,27.1
2020-01-28T11:00:00Z,0.673,-9999,-9999,Esperance,-35996.4,MURAT_202002_MRE,1,January,12.9,18.0,27.1
2020-01-28T12:00:00Z,0.749,-9999,-9999,Esperance,-35996.4,MURAT_202002_MRE,1,January,12.9,18.0,27.1
2020-01-28T13:00:00Z,0.927,-9999,-9999,Esperance,-35996.4,MURAT_202002_MRE,1,January,12.9,18.0,27.1
2020-01-28T14:00:00Z,1.051,-9999,-9999,Esperance,-35996.4,MURAT_202002_MRE,1,January,12.9,18.0,27.1
2020-01-28T15:00:00Z,1.16,-9999,-9999,Esperance,-35996.4,MURAT_202002_MRE,1,January,12.9,18.0,27.1
2020-01-28T16:00:00Z,1.194,-9999,-9999,Esperance,-35996.4,MURAT_202002_MRE,1,January,12.9,18.0,27.1
2020-01-28T17:00:00Z,1.191,-9999,-9999,Esperance,-35996.4,MURAT_202002_MRE,1,January,12.9,18.0,27.1
2020-01-28T18:00:00Z,1.111,-9999,-9999,Esperance,-35996.4,MURAT_202002_MRE,1,January,12.9,18.0,27.1
2020-01-28T19:00:00Z,0.982,-9999,-9999,Esperance,-35996.4,MURAT_202002_MRE,1,January,12.9,18.0,27.1
2020-01-28T20:00:00Z,0.84,-9999,-9999,Esperance,-35996.4,MURAT_202002_MRE,1,January,12.9,18.0,27.1
2020-01-28T21:00:00Z,0.711,-9999,-9999,Esperance,-35996.4,MURAT_202002_MRE,1,January,12.9,18.0,27.1
2020-01-28T22:00:00Z,0.61,-9999,-9999,Esperance,-35996.4,MURAT_202002_MRE,1,January,12.9,18.0,27.1
2020-01-28T23:00:00Z,0.563,-9999,-9999,Esperance,-35996.4,MURAT_202002_MRE,1,January,12.9,18.0,27.1
2020-01-29T00:00:00Z,0.549,-9999,-9999,Esperance,-35996.4,MURAT_202002_MRE,1,January,12.9,18.0,27.1
2020-01-29T01:00:00Z,0.619,-9999,-9999,Esperance,-35996.4,MURAT_202002_MRE,1,January,12.9,18.0,27.1
2020-01-29T02:00:00Z,0.668,-9999,-9999,Esperance,-35996.4,MURAT_202002_MRE,1,January,12.9,18.0,27.1
2020-01-29T03:00:00Z,0.76,-9999,-9999,Esperance,-35996.4,MURAT_202002_MRE,1,January,12.9,18.0,27.1
2020-01-29T04:00:00Z,0.819,-9999,-9999,Esperance,-35996.4,MURAT_202002_MRE,1,January,12.9,18.0,27.1
2020-01-29T05:00:00Z,0.829,-9999,-9999,Esperance,-35996.4,MURAT_202002_MRE,1,January,12.9,18.0,27.1
2020-01-29T06:00:00Z,0.833,-9999,-9999,Esperance,-35996.4,MURAT_202002_MRE,1,January,12.9,18.0,27.1
2020-01-29T07:00:00Z,0.776,-9999,-9999,Esperance,-35996.4,MURAT_202002_MRE,1,January,12.9,18.0,27.1
2020-01-29T08:00:00Z,0.715,-9999,-9999,Esperance,-35996.4,MURAT_202002_MRE,1,January,12.9,18.0,27.1
2020-01-29T09:00:00Z,0.672,-9999,-9999,Esperance,-35996.4,MURAT_202002_MRE,1,January,12.9,18.0,27.1
2020-01-29T10:00:00Z,0.677,-9999,-9999,Esperance,-35996.4,MURAT_202002_MRE,1,January,12.9,18.0,27.1
2020-01-29T11:00:00Z,0.717,-9999,-9999,Esperance,-35996.4,MURAT_202002_MRE,1,January,12.9,18.0,27.1
2020-01-29T12:00:00Z,0.756,-9999,-9999,Esperance,-35996.4,MURAT_202002_MRE,1,January,12.9,18.0,27.1
2020-01-29T13:00:00Z,0.879,-9999,-9999,Esperance,-35996.4,MURAT_202002_MRE,1,January,12.9,18.0,27.1
2020-01-29T14:00:00Z,1.013,-9999,-9999,Esperance,-35996.4,MURAT_202002_MRE,1,January,12.9,18.0,27.1
2020-01-29T15:00:00Z,1.07,-9999,-9999,Esperance,-35996.4,MURAT_202002_MRE,1,January,12.9,18.0,27.1
2020-01-29T16:00:00Z,1.156,-9999,-9999,Esperance,-35996.4,MURAT_202002_MRE,1,January,12.9,18.0,27.1
2020-01-29T17:00:00Z,1.159,-9999,-9999,Esperance,-35996.4,MURAT_202002_MRE,1,January,12.9,18.0,27.1
2020-01-29T18:00:00Z,1.106,-9999,-9999,Esperance,-35996.4,MURAT_202002_MRE,1,January,12.9,18.0,27.1
2020-01-29T19:00:00Z,1.022,-9999,-9999,Esperance,-35996.4,MURAT_202002_MRE,1,January,12.9,18.0,27.1
2020-01-29T20:00:00Z,0.87,-9999,-9999,Esperance,-35996.4,MURAT_202002_MRE,1,January,12.9,18.0,27.1
2020-01-29T21:00:00Z,0.766,-9999,-9999,Esperance,-35996.4,MURAT_202002_MRE,1,January,12.9,18.0,27.1
2020-01-29T22:00:00Z,0.696,-9999,-9999,Esperance,-35996.4,MURAT_202002_MRE,1,January,12.9,18.0,27.1
2020-01-29T23:00:00Z,0.623,-9999,-9999,Esperance,-35996.4,MURAT_202002_MRE,1,January,12.9,18.0,27.1
2020-01-30T00:00:00Z,0.629,-9999,-9999,Esperance,-35996.4,MURAT_202002_MRE,1,January,12.9,18.0,27.1
2020-01-30T01:00:00Z,0.682,-9999,-9999,Esperance,-35996.4,MURAT_202002_MRE,1,January,12.9,18.0,27.1
2020-01-30T02:00:00Z,0.773,-9999,-9999,Esperance,-35996.4,MURAT_202002_MRE,1,January,12.9,18.0,27.1
2020-01-30T03:00:00Z,0.85,-9999,-9999,Esperance,-35996.4,MURAT_202002_MRE,1,January,12.9,18.0,27.1
2020-01-30T04:00:00Z,0.905,-9999,-9999,Esperance,-35996.4,MURAT_202002_MRE,1,January,12.9,18.0,27.1
2020-01-30T05:00:00Z,0.934,-9999,-9999,Esperance,-35996.4,MURAT_202002_MRE,1,January,12.9,18.0,27.1
2020-01-30T06:00:00Z,0.962,-9999,-9999,Esperance,-35996.4,MURAT_202002_MRE,1,January,12.9,18.0,27.1
2020-01-30T07:00:00Z,0.91,-9999,-9999,Esperance,-35996.4,MURAT_202002_MRE,1,January,12.9,18.0,27.1
2020-01-30T08:00:00Z,0.854,-9999,-9999,Esperance,-35996.4,MURAT_202002_MRE,1,January,12.9,18.0,27.1
2020-01-30T09:00:00Z,0.855,-9999,-9999,Esperance,-35996.4,MURAT_202002_MRE,1,January,12.9,18.0,27.1
2020-01-30T10:00:00Z,0.84,-9999,-9999,Esperance,-35996.4,MURAT_202002_MRE,1,January,12.9,18.0,27.1
2020-01-30T11:00:00Z,0.893,-9999,-9999,Esperance,-35996.4,MURAT_202002_MRE,1,January,12.9,18.0,27.1
2020-01-30T12:00:00Z,0.909,-9999,-9999,Esperance,-35996.4,MURAT_202002_MRE,1,January,12.9,18.0,27.1
2020-01-30T13:00:00Z,0.956,-9999,-9999,Esperance,-35996.4,MURAT_202002_MRE,1,January,12.9,18.0,27.1
2020-01-30T14:00:00Z,1.056,-9999,-9999,Esperance,-35996.4,MURAT_202002_MRE,1,January,12.9,18.0,27.1
2020-01-30T15:00:00Z,1.113,-9999,-9999,Esperance,-35996.4,MURAT_202002_MRE,1,January,12.9,18.0,27.1
2020-01-30T16:00:00Z,1.171,-9999,-9999,Esperance,-35996.4,MURAT_202002_MRE,1,January,12.9,18.0,27.1
2020-01-30T17:00:00Z,1.173,-9999,-9999,Esperance,-35996.4,MURAT_202002_MRE,1,January,12.9,18.0,27.1
2020-01-30T18:00:00Z,1.141,-9999,-9999,Esperance,-35996.4,MURAT_202002_MRE,1,January,12.9,18.0,27.1
2020-01-30T19:00:00Z,1.033,-9999,-9999,Esperance,-35996.4,MURAT_202002_MRE,1,January,12.9,18.0,27.1
2020-01-30T20:00:00Z,0.911,-9999,-9999,Esperance,-35996.4,MURAT_202002_MRE,1,January,12.9,18.0,27.1
2020-01-30T21:00:00Z,0.808,-9999,-9999,Esperance,-35996.4,MURAT_202002_MRE,1,January,12.9,18.0,27.1
2020-01-30T22:00:00Z,0.686,-9999,-9999,Esperance,-35996.4,MURAT_202002_MRE,1,January,12.9,18.0,27.1
2020-01-30T23:00:00Z,0.645,-9999,-9999,Esperance,-35996.4,MURAT_202002_MRE,1,January,12.9,18.0,27.1
2020-01-31T00:00:00Z,0.618,-9999,-9999,Esperance,-35996.4,MURAT_202002_MRE,1,January,12.9,18.0,27.1
2020-01-31T01:00:00Z,0.619,-9999,-9999,Esperance,-35996.4,MURAT_202002_MRE,1,January,12.9,18.0,27.1
2020-01-31T02:00:00Z,0.715,-9999,-9999,Esperance,-35996.4,MURAT_202002_MRE,1,January,12.9,18.0,27.1
2020-01-31T03:00:00Z,0.79,-9999,-9999,Esperance,-35996.4,MURAT_202002_MRE,1,January,12.9,18.0,27.1
2020-01-31T04:00:00Z,0.81,-9999,-9999,Esperance,-35996.4,MURAT_202002_MRE,1,January,12.9,18.0,27.1
2020-01-31T05:00:00Z,0.874,-9999,-9999,Esperance,-35996.4,MURAT_202002_MRE,1,January,12.9,18.0,27.1
2020-01-31T06:00:00Z,0.891,-9999,-9999,Esperance,-35996.4,MURAT_202002_MRE,1,January,12.9,18.0,27.1
2020-01-31T07:00:00Z,0.848,-9999,-9999,Esperance,-35996.4,MURAT_202002_MRE,1,January,12.9,18.0,27.1
2020-01-31T08:00:00Z,0.807,-9999,-9999,Esperance,-35996.4,MURAT_202002_MRE,1,January,12.9,18.0,27.1
2020-01-31T09:00:00Z,0.77,-9999,-9999,Esperance,-35996.4,MURAT_202002_MRE,1,January,12.9,18.0,27.1
2020-01-31T10:00:00Z,0.729,-9999,-9999,Esperance,-35996.4,MURAT_202002_MRE,1,January,12.9,18.0,27.1
2020-01-31T11:00:00Z,0.718,-9999,-9999,Esperance,-35996.4,MURAT_202002_MRE,1,January,12.9,18.0,27.1
2020-01-31T12:00:00Z,0.745,-9999,-9999,Esperance,-35996.4,MURAT_202002_MRE,1,January,12.9,18.0,27.1
2020-01-31T13:00:00Z,0.764,-9999,-9999,Esperance,-35996.4,MURAT_202002_MRE,1,January,12.9,18.0,27.1
2020-01-31T14:00:00Z,0.811,-9999,-9999,Esperance,-35996.4,MURAT_202002_MRE,1,January,12.9,18.0,27.1
2020-01-31T15:00:00Z,0.878,-9999,-9999,Esperance,-35996.4,MURAT_202002_MRE,1,January,12.9,18.0,27.1
2020-01-31T16:00:00Z,0.912,-9999,-9999,Esperance,-35996.4,MURAT_202002_MRE,1,January,12.9,18.0,27.1
2020-01-31T17:00:00Z,0.909,-9999,-9999,Esperance,-35996.4,MURAT_202002_MRE,1,January,12.9,18.0,27.1
2020-01-31T18:00:00Z,0.887,-9999,-9999,Esperance,-35996.4,MURAT_202002_MRE,1,January,12.9,18.0,27.1
2020-01-31T19:00:00Z,0.826,-9999,-9999,Esperance,-35996.4,MURAT_202002_MRE,1,January,12.9,18.0,27.1
2020-01-31T20:00:00Z,0.724,-9999,-9999,Esperance,-35996.4,MURAT_202002_MRE,1,January,12.9,18.0,27.1
2020-01-31T21:00:00Z,0.651,-9999,-9999,Esperance,-35996.4,MURAT_202002_MRE,1,January,12.9,18.0,27.1
2020-01-31T22:00:00Z,0.573,-9999,-9999,Esperance,-35996.4,MURAT_202002_MRE,1,January,12.9,18.0,27.1
2020-01-31T23:00:00Z,0.535,-9999,-9999,Esperance,-35996.4,MURAT_202002_MRE,1,January,12.9,18.0,27.1
2020-02-01T00:00:00Z,0.506,-9999,-9999,Esperance,-35996.4,MURAT_202002_MRE,2,February,13.6,17.0,26.7
2020-02-01T01:00:00Z,0.558,-9999,-9999,Esperance,-35996.4,MURAT_202002_MRE,2,February,13.6,17.0,26.7
2020-02-01T02:00:00Z,0.642,-9999,-9999,Esperance,-35996.4,MURAT_202002_MRE,2,February,13.6,17.0,26.7
2020-02-01T03:00:00Z,0.695,-9999,-9999,Esperance,-35996.4,MURAT_202002_MRE,2,February,13.6,17.0,26.7
2020-02-01T04:00:00Z,0.763,-9999,-9999,Esperance,-35996.4,MURAT_202002_MRE,2,February,13.6,17.0,26.7
2020-02-01T05:00:00Z,0.821,-9999,-9999,Esperance,-35996.4,MURAT_202002_MRE,2,February,13.6,17.0,26.7
2020-02-01T06:00:00Z,0.834,-9999,-9999,Esperance,-35996.4,MURAT_202002_MRE,2,February,13.6,17.0,26.7
2020-02-01T07:00:00Z,0.849,-9999,-9999,Esperance,-35996.4,MURAT_202002_MRE,2,February,13.6,17.0,26.7
2020-02-01T08:00:00Z,0.795,-9999,-9999,Esperance,-35996.4,MURAT_202002_MRE,2,February,13.6,17.0,26.7
2020-02-01T09:00:00Z,0.784,-9999,-9999,Esperance,-35996.4,MURAT_202002_MRE,2,February,13.6,17.0,26.7
2020-02-01T10:00:00Z,0.775,-9999,-9999,Esperance,-35996.4,MURAT_202002_MRE,2,February,13.6,17.0,26.7
2020-02-01T11:00:00Z,0.74,-9999,-9999,Esperance,-35996.4,MURAT_202002_MRE,2,February,13.6,17.0,26.7
2020-02-01T12:00:00Z,0.766,-9999,-9999,Esperance,-35996.4,MURAT_202002_MRE,2,February,13.6,17.0,26.7
2020-02-01T13:00:00Z,0.765,-9999,-9999,Esperance,-35996.4,MURAT_202002_MRE,2,February,13.6,17.0,26.7
2020-02-01T14:00:00Z,0.764,-9999,-9999,Esperance,-35996.4,MURAT_202002_MRE,2,February,13.6,17.0,26.7
2020-02-01T15:00:00Z,0.806,-9999,-9999,Esperance,-35996.4,MURAT_202002_MRE,2,February,13.6,17.0,26.7
2020-02-01T16:00:00Z,0.809,-9999,-9999,Esperance,-35996.4,MURAT_202002_MRE,2,February,13.6,17.0,26.7
2020-02-01T17:00:00Z,0.787,-9999,-9999,Esperance,-35996.4,MURAT_202002_MRE,2,February,13.6,17.0,26.7
2020-02-01T18:00:00Z,0.798,-9999,-9999,Esperance,-35996.4,MURAT_202002_MRE,2,February,13.6,17.0,26.7
2020-02-01T19:00:00Z,0.727,-9999,-9999,Esperance,-35996.4,MURAT_202002_MRE,2,February,13.6,17.0,26.7
2020-02-01T20:00:00Z,0.645,-9999,-9999,Esperance,-35996.4,MURAT_202002_MRE,2,February,13.6,17.0,26.7
2020-02-01T21:00:00Z,0.586,-9999,-9999,Esperance,-35996.4,MURAT_202002_MRE,2,February,13.6,17.0,26.7
2020-02-01T22:00:00Z,0.553,-9999,-9999,Esperance,-35996.4,MURAT_202002_MRE,2,February,13.6,17.0,26.7
2020-02-01T23:00:00Z,0.488,-9999,-9999,Esperance,-35996.4,MURAT_202002_MRE,2,February,13.6,17.0,26.7
2020-02-02T00:00:00Z,0.514,-9999,-9999,Esperance,-35996.4,MURAT_202002_MRE,2,February,13.6,17.0,26.7
2020-02-02T01:00:00Z,0.543,-9999,-9999,Esperance,-35996.4,MURAT_202002_MRE,2,February,13.6,17.0,26.7
2020-02-02T02:00:00Z,0.569,-9999,-9999,Esperance,-35996.4,MURAT_202002_MRE,2,February,13.6,17.0,26.7
2020-02-02T03:00:00Z,0.668,-9999,-9999,Esperance,-35996.4,MURAT_202002_MRE,2,February,13.6,17.0,26.7
2020-02-02T04:00:00Z,0.732,-9999,-9999,Esperance,-35996.4,MURAT_202002_MRE,2,February,13.6,17.0,26.7
2020-02-02T05:00:00Z,0.759,-9999,-9999,Esperance,-35996.4,MURAT_202002_MRE,2,February,13.6,17.0,26.7
2020-02-02T06:00:00Z,0.828,-9999,-9999,Esperance,-35996.4,MURAT_202002_MRE,2,February,13.6,17.0,26.7
2020-02-02T07:00:00Z,0.813,-9999,-9999,Esperance,-35996.4,MURAT_202002_MRE,2,February,13.6,17.0,26.7
2020-02-02T08:00:00Z,0.818,-9999,-9999,Esperance,-35996.4,MURAT_202002_MRE,2,February,13.6,17.0,26.7
2020-02-02T09:00:00Z,0.841,-9999,-9999,Esperance,-35996.4,MURAT_202002_MRE,2,February,13.6,17.0,26.7
2020-02-02T10:00:00Z,0.826,-9999,-9999,Esperance,-35996.4,MURAT_202002_MRE,2,February,13.6,17.0,26.7
2020-02-02T11:00:00Z,0.816,-9999,-9999,Esperance,-35996.4,MURAT_202002_MRE,2,February,13.6,17.0,26.7
2020-02-02T12:00:00Z,0.819,-9999,-9999,Esperance,-35996.4,MURAT_202002_MRE,2,February,13.6,17.0,26.7
2020-02-02T13:00:00Z,0.802,-9999,-9999,Esperance,-35996.4,MURAT_202002_MRE,2,February,13.6,17.0,26.7
2020-02-02T14:00:00Z,0.775,-9999,-9999,Esperance,-35996.4,MURAT_202002_MRE,2,February,13.6,17.0,26.7
2020-02-02T15:00:00Z,0.743,-9999,-9999,Esperance,-35996.4,MURAT_202002_MRE,2,February,13.6,17.0,26.7
2020-02-02T16:00:00Z,0.73,-9999,-9999,Esperance,-35996.4,MURAT_202002_MRE,2,February,13.6,17.0,26.7
2020-02-02T17:00:00Z,0.697,-9999,-9999,Esperance,-35996.4,MURAT_202002_MRE,2,February,13.6,17.0,26.7
2020-02-02T18:00:00Z,0.652,-9999,-9999,Esperance,-35996.4,MURAT_202002_MRE,2,February,13.6,17.0,26.7
2020-02-02T19:00:00Z,0.606,-9999,-9999,Esperance,-35996.4,MURAT_202002_MRE,2,February,13.6,17.0,26.7
2020-02-02T20:00:00Z,0.562,-9999,-9999,Esperance,-35996.4,MURAT_202002_MRE,2,February,13.6,17.0,26.7
2020-02-02T21:00:00Z,0.496,-9999,-9999,Esperance,-35996.4,MURAT_202002_MRE,2,February,13.6,17.0,26.7
2020-02-02T22:00:00Z,0.477,-9999,-9999,Esperance,-35996.4,MURAT_202002_MRE,2,February,13.6,17.0,26.7
2020-02-02T23:00:00Z,0.459,-9999,-9999,Esperance,-35996.4,MURAT_202002_MRE,2,February,13.6,17.0,26.7
2020-02-03T00:00:00Z,0.463,-9999,-9999,Esperance,-35996.4,MURAT_202002_MRE,2,February,13.6,17.0,26.7
2020-02-03T01:00:00Z,0.483,-9999,-9999,Esperance,-35996.4,MURAT_202002_MRE,2,February,13.6,17.0,26.7
2020-02-03T02:00:00Z,0.547,-9999,-9999,Esperance,-35996.4,MURAT_202002_MRE,2,February,13.6,17.0,26.7
2020-02-03T03:00:00Z,0.594,-9999,-9999,Esperance,-35996.4,MURAT_202002_MRE,2,February,13.6,17.0,26.7
2020-02-03T04:00:00Z,0.623,-9999,-9999,Esperance,-35996.4,MURAT_202002_MRE,2,February,13.6,17.0,26.7
2020-02-03T05:00:00Z,0.681,-9999,-9999,Esperance,-35996.4,MURAT_202002_MRE,2,February,13.6,17.0,26.7
2020-02-03T06:00:00Z,0.719,-9999,-9999,Esperance,-35996.4,MURAT_202002_MRE,2,February,13.6,17.0,26.7
2020-02-03T07:00:00Z,0.723,-9999,-9999,Esperance,-35996.4,MURAT_202002_MRE,2,February,13.6,17.0,26.7
2020-02-03T08:00:00Z,0.779,-9999,-9999,Esperance,-35996.4,MURAT_202002_MRE,2,February,13.6,17.0,26.7
2020-02-03T09:00:00Z,0.795,-9999,-9999,Esperance,-35996.4,MURAT_202002_MRE,2,February,13.6,17.0,26.7
2020-02-03T10:00:00Z,0.797,-9999,-9999,Esperance,-35996.4,MURAT_202002_MRE,2,February,13.6,17.0,26.7
2020-02-03T11:00:00Z,0.83,-9999,-9999,Esperance,-35996.4,MURAT_202002_MRE,2,February,13.6,17.0,26.7
2020-02-03T12:00:00Z,0.829,-9999,-9999,Esperance,-35996.4,MURAT_202002_MRE,2,February,13.6,17.0,26.7
2020-02-03T13:00:00Z,0.804,-9999,-9999,Esperance,-35996.4,MURAT_202002_MRE,2,February,13.6,17.0,26.7
2020-02-03T14:00:00Z,0.747,-9999,-9999,Esperance,-35996.4,MURAT_202002_MRE,2,February,13.6,17.0,26.7
2020-02-03T15:00:00Z,0.701,-9999,-9999,Esperance,-35996.4,MURAT_202002_MRE,2,February,13.6,17.0,26.7
2020-02-03T16:00:00Z,0.626,-9999,-9999,Esperance,-35996.4,MURAT_202002_MRE,2,February,13.6,17.0,26.7
2020-02-03T17:00:00Z,0.556,-9999,-9999,Esperance,-35996.4,MURAT_202002_MRE,2,February,13.6,17.0,26.7
2020-02-03T18:00:00Z,0.489,-9999,-9999,Esperance,-35996.4,MURAT_202002_MRE,2,February,13.6,17.0,26.7
2020-02-03T19:00:00Z,0.432,-9999,-9999,Esperance,-35996.4,MURAT_202002_MRE,2,February,13.6,17.0,26.7
2020-02-03T20:00:00Z,0.368,-9999,-9999,Esperance,-35996.4,MURAT_202002_MRE,2,February,13.6,17.0,26.7
2020-02-03T21:00:00Z,0.348,-9999,-9999,Esperance,-35996.4,MURAT_202002_MRE,2,February,13.6,17.0,26.7
2020-02-03T22:00:00Z,0.34,-9999,-9999,Esperance,-35996.4,MURAT_202002_MRE,2,February,13.6,17.0,26.7
2020-02-03T23:00:00Z,0.36,-9999,-9999,Esperance,-35996.4,MURAT_202002_MRE,2,February,13.6,17.0,26.7
2020-02-04T00:00:00Z,0.365,-9999,-9999,Esperance,-35996.4,MURAT_202002_MRE,2,February,13.6,17.0,26.7
2020-02-04T01:00:00Z,0.421,-9999,-9999,Esperance,-35996.4,MURAT_202002_MRE,2,February,13.6,17.0,26.7
2020-02-04T02:00:00Z,0.494,-9999,-9999,Esperance,-35996.4,MURAT_202002_MRE,2,February,13.6,17.0,26.7
2020-02-04T03:00:00Z,0.524,-9999,-9999,Esperance,-35996.4,MURAT_202002_MRE,2,February,13.6,17.0,26.7
2020-02-04T04:00:00Z,0.535,-9999,-9999,Esperance,-35996.4,MURAT_202002_MRE,2,February,13.6,17.0,26.7
2020-02-04T05:00:00Z,0.599,-9999,-9999,Esperance,-35996.4,MURAT_202002_MRE,2,February,13.6,17.0,26.7
2020-02-04T06:00:00Z,0.629,-9999,-9999,Esperance,-35996.4,MURAT_202002_MRE,2,February,13.6,17.0,26.7
2020-02-04T07:00:00Z,0.635,-9999,-9999,Esperance,-35996.4,MURAT_202002_MRE,2,February,13.6,17.0,26.7
2020-02-04T08:00:00Z,0.684,-9999,-9999,Esperance,-35996.4,MURAT_202002_MRE,2,February,13.6,17.0,26.7
2020-02-04T09:00:00Z,0.735,-9999,-9999,Esperance,-35996.4,MURAT_202002_MRE,2,February,13.6,17.0,26.7
2020-02-04T10:00:00Z,0.78,-9999,-9999,Esperance,-35996.4,MURAT_202002_MRE,2,February,13.6,17.0,26.7
2020-02-04T11:00:00Z,0.826,-9999,-9999,Esperance,-35996.4,MURAT_202002_MRE,2,February,13.6,17.0,26.7
2020-02-04T12:00:00Z,0.857,-9999,-9999,Esperance,-35996.4,MURAT_202002_MRE,2,February,13.6,17.0,26.7
2020-02-04T13:00:00Z,0.807,-9999,-9999,Esperance,-35996.4,MURAT_202002_MRE,2,February,13.6,17.0,26.7
2020-02-04T14:00:00Z,0.802,-9999,-9999,Esperance,-35996.4,MURAT_202002_MRE,2,February,13.6,17.0,26.7
2020-02-04T15:00:00Z,0.714,-9999,-9999,Esperance,-35996.4,MURAT_202002_MRE,2,February,13.6,17.0,26.7
2020-02-04T16:00:00Z,0.599,-9999,-9999,Esperance,-35996.4,MURAT_202002_MRE,2,February,13.6,17.0,26.7
2020-02-04T17:00:00Z,0.483,-9999,-9999,Esperance,-35996.4,MURAT_202002_MRE,2,February,13.6,17.0,26.7
2020-02-04T18:00:00Z,0.425,-9999,-9999,Esperance,-35996.4,MURAT_202002_MRE,2,February,13.6,17.0,26.7
2020-02-04T19:00:00Z,0.309,-9999,-9999,Esperance,-35996.4,MURAT_202002_MRE,2,February,13.6,17.0,26.7
2020-02-04T20:00:00Z,0.277,-9999,-9999,Esperance,-35996.4,MURAT_202002_MRE,2,February,13.6,17.0,26.7
2020-02-04T21:00:00Z,0.24,-9999,-9999,Esperance,-35996.4,MURAT_202002_MRE,2,February,13.6,17.0,26.7
2020-02-04T22:00:00Z,0.246,-9999,-9999,Esperance,-35996.4,MURAT_202002_MRE,2,February,13.6,17.0,26.7
2020-02-04T23:00:00Z,0.286,-9999,-9999,Esperance,-35996.4,MURAT_202002_MRE,2,February,13.6,17.0,26.7
2020-02-05T00:00:00Z,0.322,-9999,-9999,Esperance,-35996.4,MURAT_202002_MRE,2,February,13.6,17.0,26.7
2020-02-05T01:00:00Z,0.368,-9999,-9999,Esperance,-35996.4,MURAT_202002_MRE,2,February,13.6,17.0,26.7
2020-02-05T02:00:00Z,0.469,-9999,-9999,Esperance,-35996.4,MURAT_202002_MRE,2,February,13.6,17.0,26.7
2020-02-05T03:00:00Z,0.484,-9999,-9999,Esperance,-35996.4,MURAT_202002_MRE,2,February,13.6,17.0,26.7
2020-02-05T04:00:00Z,0.508,-9999,-9999,Esperance,-35996.4,MURAT_202002_MRE,2,February,13.6,17.0,26.7
2020-02-05T05:00:00Z,0.514,-9999,-9999,Esperance,-35996.4,MURAT_202002_MRE,2,February,13.6,17.0,26.7
2020-02-05T06:00:00Z,0.541,22.2,-9999,Esperance,-35996.4,MURAT_202002_MRE,2,February,13.6,17.0,26.7
2020-02-05T07:00:00Z,0.531,22.3,-9999,Esperance,-35996.4,MURAT_202002_MRE,2,February,13.6,17.0,26.7
2020-02-05T08:00:00Z,0.601,22.4,-9999,Esperance,-35996.4,MURAT_202002_MRE,2,February,13.6,17.0,26.7
2020-02-05T09:00:00Z,0.649,22.5,-9999,Esperance,-35996.4,MURAT_202002_MRE,2,February,13.6,17.0,26.7
2020-02-05T10:00:00Z,0.724,22.6,-9999,Esperance,-35996.4,MURAT_202002_MRE,2,February,13.6,17.0,26.7
2020-02-05T11:00:00Z,0.828,22.5,-9999,Esperance,-35996.4,MURAT_202002_MRE,2,February,13.6,17.0,26.7
2020-02-05T12:00:00Z,0.861,22.5,-9999,Esperance,-35996.4,MURAT_202002_MRE,2,February,13.6,17.0,26.7
2020-02-05T13:00:00Z,0.886,22.4,-9999,Esperance,-35996.4,MURAT_202002_MRE,2,February,13.6,17.0,26.7
2020-02-05T14:00:00Z,0.865,22.4,-9999,Esperance,-35996.4,MURAT_202002_MRE,2,February,13.6,17.0,26.7
2020-02-05T15:00:00Z,0.739,22.4,-9999,Esperance,-35996.4,MURAT_202002_MRE,2,February,13.6,17.0,26.7
2020-02-05T16:00:00Z,0.622,22.3,-9999,Esperance,-35996.4,MURAT_202002_MRE,2,February,13.6,17.0,26.7
2020-02-05T17:00:00Z,0.491,22.3,-9999,Esperance,-35996.4,MURAT_202002_MRE,2,February,13.6,17.0,26.7
2020-02-05T18:00:00Z,0.345,22.2,-9999,Esperance,-35996.4,MURAT_202002_MRE,2,February,13.6,17.0,26.7
2020-02-05T19:00:00Z,0.213,22.1,-9999,Esperance,-35996.4,MURAT_202002_MRE,2,February,13.6,17.0,26.7
2020-02-05T20:00:00Z,0.141,22,-9999,Esperance,-35996.4,MURAT_202002_MRE,2,February,13.6,17.0,26.7
2020-02-05T21:00:00Z,0.12,22,-9999,Esperance,-35996.4,MURAT_202002_MRE,2,February,13.6,17.0,26.7
2020-02-05T22:00:00Z,0.108,21.9,-9999,Esperance,-35996.4,MURAT_202002_MRE,2,February,13.6,17.0,26.7
2020-02-05T23:00:00Z,0.178,21.9,-9999,Esperance,-35996.4,MURAT_202002_MRE,2,February,13.6,17.0,26.7
2020-02-06T00:00:00Z,0.247,21.9,-9999,Esperance,-35996.4,MURAT_202002_MRE,2,February,13.6,17.0,26.7
2020-02-06T01:00:00Z,0.309,21.9,-9999,Esperance,-35996.4,MURAT_202002_MRE,2,February,13.6,17.0,26.7
2020-02-06T02:00:00Z,0.425,21.9,-9999,Esperance,-35996.4,MURAT_202002_MRE,2,February,13.6,17.0,26.7
2020-02-06T03:00:00Z,0.46,22,-9999,Esperance,-35996.4,MURAT_202002_MRE,2,February,13.6,17.0,26.7
2020-02-06T04:00:00Z,0.477,22.1,-9999,Esperance,-35996.4,MURAT_202002_MRE,2,February,13.6,17.0,26.7
2020-02-06T05:00:00Z,0.46,22.3,-9999,Esperance,-35996.4,MURAT_202002_MRE,2,February,13.6,17.0,26.7
2020-02-06T06:00:00Z,0.443,22.3,-9999,Esperance,-35996.4,MURAT_202002_MRE,2,February,13.6,17.0,26.7
2020-02-06T07:00:00Z,0.453,22.3,-9999,Esperance,-35996.4,MURAT_202002_MRE,2,February,13.6,17.0,26.7
2020-02-06T08:00:00Z,0.472,22.3,-9999,Esperance,-35996.4,MURAT_202002_MRE,2,February,13.6,17.0,26.7
2020-02-06T09:00:00Z,0.541,22.2,-9999,Esperance,-35996.4,MURAT_202002_MRE,2,February,13.6,17.0,26.7
2020-02-06T10:00:00Z,0.676,22.2,-9999,Esperance,-35996.4,MURAT_202002_MRE,2,February,13.6,17.0,26.7
2020-02-06T11:00:00Z,0.799,22.1,-9999,Esperance,-35996.4,MURAT_202002_MRE,2,February,13.6,17.0,26.7
2020-02-06T12:00:00Z,0.899,22.1,-9999,Esperance,-35996.4,MURAT_202002_MRE,2,February,13.6,17.0,26.7
2020-02-06T13:00:00Z,0.986,22.1,-9999,Esperance,-35996.4,MURAT_202002_MRE,2,February,13.6,17.0,26.7
2020-02-06T14:00:00Z,0.975,22.1,-9999,Esperance,-35996.4,MURAT_202002_MRE,2,February,13.6,17.0,26.7
2020-02-06T15:00:00Z,0.883,22,-9999,Esperance,-35996.4,MURAT_202002_MRE,2,February,13.6,17.0,26.7
2020-02-06T16:00:00Z,0.772,21.9,-9999,Esperance,-35996.4,MURAT_202002_MRE,2,February,13.6,17.0,26.7
2020-02-06T17:00:00Z,0.587,21.9,-9999,Esperance,-35996.4,MURAT_202002_MRE,2,February,13.6,17.0,26.7
2020-02-06T18:00:00Z,0.43,21.8,-9999,Esperance,-35996.4,MURAT_202002_MRE,2,February,13.6,17.0,26.7
2020-02-06T19:00:00Z,0.201,21.8,-9999,Esperance,-35996.4,MURAT_202002_MRE,2,February,13.6,17.0,26.7
2020-02-06T20:00:00Z,0.097,21.7,-9999,Esperance,-35996.4,MURAT_202002_MRE,2,February,13.6,17.0,26.7
2020-02-06T21:00:00Z,0.089,21.6,-9999,Esperance,-35996.4,MURAT_202002_MRE,2,February,13.6,17.0,26.7
2020-02-06T22:00:00Z,0.01,21.6,-9999,Esperance,-35996.4,MURAT_202002_MRE,2,February,13.6,17.0,26.7
2020-02-06T23:00:00Z,0.152,21.6,-9999,Esperance,-35996.4,MURAT_202002_MRE,2,February,13.6,17.0,26.7
2020-02-07T00:00:00Z,0.204,21.5,-9999,Esperance,-35996.4,MURAT_202002_MRE,2,February,13.6,17.0,26.7
2020-02-07T01:00:00Z,0.306,21.5,-9999,Esperance,-35996.4,MURAT_202002_MRE,2,February,13.6,17.0,26.7
2020-02-07T02:00:00Z,0.44,21.5,-9999,Esperance,-35996.4,MURAT_202002_MRE,2,February,13.6,17.0,26.7
2020-02-07T03:00:00Z,0.532,21.5,-9999,Esperance,-35996.4,MURAT_202002_MRE,2,February,13.6,17.0,26.7
2020-02-07T04:00:00Z,0.5,21.6,-9999,Esperance,-35996.4,MURAT_202002_MRE,2,February,13.6,17.0,26.7
2020-02-07T05:00:00Z,0.53,21.6,-9999,Esperance,-35996.4,MURAT_202002_MRE,2,February,13.6,17.0,26.7
2020-02-07T06:00:00Z,0.532,21.6,-9999,Esperance,-35996.4,MURAT_202002_MRE,2,February,13.6,17.0,26.7
2020-02-07T07:00:00Z,0.52,21.8,-9999,Esperance,-35996.4,MURAT_202002_MRE,2,February,13.6,17.0,26.7
2020-02-07T08:00:00Z,0.543,21.9,-9999,Esperance,-35996.4,MURAT_202002_MRE,2,February,13.6,17.0,26.7
2020-02-07T09:00:00Z,0.644,21.9,-9999,Esperance,-35996.4,MURAT_202002_MRE,2,February,13.6,17.0,26.7
2020-02-07T10:00:00Z,0.751,21.9,-9999,Esperance,-35996.4,MURAT_202002_MRE,2,February,13.6,17.0,26.7
2020-02-07T11:00:00Z,0.951,21.8,-9999,Esperance,-35996.4,MURAT_202002_MRE,2,February,13.6,17.0,26.7
2020-02-07T12:00:00Z,1.063,21.7,-9999,Esperance,-35996.4,MURAT_202002_MRE,2,February,13.6,17.0,26.7
2020-02-07T13:00:00Z,1.197,21.7,-9999,Esperance,-35996.4,MURAT_202002_MRE,2,February,13.6,17.0,26.7
2020-02-07T14:00:00Z,1.234,21.8,-9999,Esperance,-35996.4,MURAT_202002_MRE,2,February,13.6,17.0,26.7
2020-02-07T15:00:00Z,1.207,21.7,-9999,Esperance,-35996.4,MURAT_202002_MRE,2,February,13.6,17.0,26.7
2020-02-07T16:00:00Z,1.146,21.7,-9999,Esperance,-35996.4,MURAT_202002_MRE,2,February,13.6,17.0,26.7
2020-02-07T17:00:00Z,0.959,21.6,-9999,Esperance,-35996.4,MURAT_202002_MRE,2,February,13.6,17.0,26.7
2020-02-07T18:00:00Z,0.746,21.6,-9999,Esperance,-35996.4,MURAT_202002_MRE,2,February,13.6,17.0,26.7
2020-02-07T19:00:00Z,0.579,21.6,-9999,Esperance,-35996.4,MURAT_202002_MRE,2,February,13.6,17.0,26.7
2020-02-07T20:00:00Z,0.375,21.6,-9999,Esperance,-35996.4,MURAT_202002_MRE,2,February,13.6,17.0,26.7
2020-02-07T21:00:00Z,0.315,21.5,-9999,Esperance,-35996.4,MURAT_202002_MRE,2,February,13.6,17.0,26.7
2020-02-07T22:00:00Z,0.325,21.5,-9999,Esperance,-35996.4,MURAT_202002_MRE,2,February,13.6,17.0,26.7
2020-02-07T23:00:00Z,0.344,21.5,-9999,Esperance,-35996.4,MURAT_202002_MRE,2,February,13.6,17.0,26.7
2020-02-08T00:00:00Z,0.495,21.5,-9999,Esperance,-35996.4,MURAT_202002_MRE,2,February,13.6,17.0,26.7
2020-02-08T01:00:00Z,0.605,21.5,-9999,Esperance,-35996.4,MURAT_202002_MRE,2,February,13.6,17.0,26.7
2020-02-08T02:00:00Z,0.746,21.4,-9999,Esperance,-35996.4,MURAT_202002_MRE,2,February,13.6,17.0,26.7
2020-02-08T03:00:00Z,0.842,21.5,-9999,Esperance,-35996.4,MURAT_202002_MRE,2,February,13.6,17.0,26.7
2020-02-08T04:00:00Z,0.855,21.6,-9999,Esperance,-35996.4,MURAT_202002_MRE,2,February,13.6,17.0,26.7
2020-02-08T05:00:00Z,0.847,21.6,-9999,Esperance,-35996.4,MURAT_202002_MRE,2,February,13.6,17.0,26.7
2020-02-08T06:00:00Z,0.813,21.6,-9999,Esperance,-35996.4,MURAT_202002_MRE,2,February,13.6,17.0,26.7
2020-02-08T07:00:00Z,0.763,21.7,-9999,Esperance,-35996.4,MURAT_202002_MRE,2,February,13.6,17.0,26.7
2020-02-08T08:00:00Z,0.732,21.7,-9999,Esperance,-35996.4,MURAT_202002_MRE,2,February,13.6,17.0,26.7
2020-02-08T09:00:00Z,0.775,22.3,-9999,Esperance,-35996.4,MURAT_202002_MRE,2,February,13.6,17.0,26.7
2020-02-08T10:00:00Z,0.907,22.1,-9999,Esperance,-35996.4,MURAT_202002_MRE,2,February,13.6,17.0,26.7
2020-02-08T11:00:00Z,1.034,22.1,-9999,Esperance,-35996.4,MURAT_202002_MRE,2,February,13.6,17.0,26.7
2020-02-08T12:00:00Z,1.204,22.1,-9999,Esperance,-35996.4,MURAT_202002_MRE,2,February,13.6,17.0,26.7
2020-02-08T13:00:00Z,1.376,22.1,-9999,Esperance,-35996.4,MURAT_202002_MRE,2,February,13.6,17.0,26.7
2020-02-08T14:00:00Z,1.505,22,-9999,Esperance,-35996.4,MURAT_202002_MRE,2,February,13.6,17.0,26.7
2020-02-08T15:00:00Z,1.517,22,-9999,Esperance,-35996.4,MURAT_202002_MRE,2,February,13.6,17.0,26.7
2020-02-08T16:00:00Z,1.472,22,-9999,Esperance,-35996.4,MURAT_202002_MRE,2,February,13.6,17.0,26.7
2020-02-08T17:00:00Z,1.33,21.9,-9999,Esperance,-35996.4,MURAT_202002_MRE,2,February,13.6,17.0,26.7
2020-02-08T18:00:00Z,1.106,21.9,-9999,Esperance,-35996.4,MURAT_202002_MRE,2,February,13.6,17.0,26.7
2020-02-08T19:00:00Z,0.918,21.8,-9999,Esperance,-35996.4,MURAT_202002_MRE,2,February,13.6,17.0,26.7
2020-02-08T20:00:00Z,0.673,21.6,-9999,Esperance,-35996.4,MURAT_202002_MRE,2,February,13.6,17.0,26.7
2020-02-08T21:00:00Z,0.527,21.4,-9999,Esperance,-35996.4,MURAT_202002_MRE,2,February,13.6,17.0,26.7
2020-02-08T22:00:00Z,0.465,21.4,-9999,Esperance,-35996.4,MURAT_202002_MRE,2,February,13.6,17.0,26.7
2020-02-08T23:00:00Z,0.448,21.3,-9999,Esperance,-35996.4,MURAT_202002_MRE,2,February,13.6,17.0,26.7
2020-02-09T00:00:00Z,0.524,21.2,-9999,Esperance,-35996.4,MURAT_202002_MRE,2,February,13.6,17.0,26.7
2020-02-09T01:00:00Z,0.65,21.3,-9999,Esperance,-35996.4,MURAT_202002_MRE,2,February,13.6,17.0,26.7
2020-02-09T02:00:00Z,0.75,21.3,-9999,Esperance,-35996.4,MURAT_202002_MRE,2,February,13.6,17.0,26.7
2020-02-09T03:00:00Z,0.831,21.3,-9999,Esperance,-35996.4,MURAT_202002_MRE,2,February,13.6,17.0,26.7
2020-02-09T04:00:00Z,0.875,21.3,-9999,Esperance,-35996.4,MURAT_202002_MRE,2,February,13.6,17.0,26.7
2020-02-09T05:00:00Z,0.831,21.3,-9999,Esperance,-35996.4,MURAT_202002_MRE,2,February,13.6,17.0,26.7
2020-02-09T06:00:00Z,0.766,21.3,-9999,Esperance,-35996.4,MURAT_202002_MRE,2,February,13.6,17.0,26.7
2020-02-09T07:00:00Z,0.717,21.3,-9999,Esperance,-35996.4,MURAT_202002_MRE,2,February,13.6,17.0,26.7
2020-02-09T08:00:00Z,0.646,21.2,-9999,Esperance,-35996.4,MURAT_202002_MRE,2,February,13.6,17.0,26.7
2020-02-09T09:00:00Z,0.645,21.2,-9999,Esperance,-35996.4,MURAT_202002_MRE,2,February,13.6,17.0,26.7
2020-02-09T10:00:00Z,0.712,21.1,-9999,Esperance,-35996.4,MURAT_202002_MRE,2,February,13.6,17.0,26.7
2020-02-09T11:00:00Z,0.847,21.1,-9999,Esperance,-35996.4,MURAT_202002_MRE,2,February,13.6,17.0,26.7
2020-02-09T12:00:00Z,0.997,21,-9999,Esperance,-35996.4,MURAT_202002_MRE,2,February,13.6,17.0,26.7
2020-02-09T13:00:00Z,1.168,21,-9999,Esperance,-35996.4,MURAT_202002_MRE,2,February,13.6,17.0,26.7
2020-02-09T14:00:00Z,1.331,21,-9999,Esperance,-35996.4,MURAT_202002_MRE,2,February,13.6,17.0,26.7
2020-02-09T15:00:00Z,1.391,21,-9999,Esperance,-35996.4,MURAT_202002_MRE,2,February,13.6,17.0,26.7
2020-02-09T16:00:00Z,1.389,21,-9999,Esperance,-35996.4,MURAT_202002_MRE,2,February,13.6,17.0,26.7
2020-02-09T17:00:00Z,1.293,21,-9999,Esperance,-35996.4,MURAT_202002_MRE,2,February,13.6,17.0,26.7
2020-02-09T18:00:00Z,1.124,20.9,-9999,Esperance,-35996.4,MURAT_202002_MRE,2,February,13.6,17.0,26.7
2020-02-09T19:00:00Z,0.902,20.9,-9999,Esperance,-35996.4,MURAT_202002_MRE,2,February,13.6,17.0,26.7
2020-02-09T20:00:00Z,0.674,20.9,-9999,Esperance,-35996.4,MURAT_202002_MRE,2,February,13.6,17.0,26.7
2020-02-09T21:00:00Z,0.49,20.9,-9999,Esperance,-35996.4,MURAT_202002_MRE,2,February,13.6,17.0,26.7
2020-02-09T22:00:00Z,0.369,20.9,-9999,Esperance,-35996.4,MURAT_202002_MRE,2,February,13.6,17.0,26.7
2020-02-09T23:00:00Z,0.328,20.9,-9999,Esperance,-35996.4,MURAT_202002_MRE,2,February,13.6,17.0,26.7
2020-02-10T00:00:00Z,0.374,20.9,-9999,Esperance,-35996.4,MURAT_202002_MRE,2,February,13.6,17.0,26.7
2020-02-10T01:00:00Z,0.457,20.9,-9999,Esperance,-35996.4,MURAT_202002_MRE,2,February,13.6,17.0,26.7
2020-02-10T02:00:00Z,0.586,20.9,-9999,Esperance,-35996.4,MURAT_202002_MRE,2,February,13.6,17.0,26.7
2020-02-10T03:00:00Z,0.673,21,-9999,Esperance,-35996.4,MURAT_202002_MRE,2,February,13.6,17.0,26.7
2020-02-10T04:00:00Z,0.702,21.1,-9999,Esperance,-35996.4,MURAT_202002_MRE,2,February,13.6,17.0,26.7
2020-02-10T05:00:00Z,0.718,21.1,-9999,Esperance,-35996.4,MURAT_202002_MRE,2,February,13.6,17.0,26.7
2020-02-10T06:00:00Z,0.654,21.2,-9999,Esperance,-35996.4,MURAT_202002_MRE,2,February,13.6,17.0,26.7
2020-02-10T07:00:00Z,0.577,21.6,-9999,Esperance,-35996.4,MURAT_202002_MRE,2,February,13.6,17.0,26.7
2020-02-10T08:00:00Z,0.497,21.4,-9999,Esperance,-35996.4,MURAT_202002_MRE,2,February,13.6,17.0,26.7
2020-02-10T09:00:00Z,0.484,21.3,-9999,Esperance,-35996.4,MURAT_202002_MRE,2,February,13.6,17.0,26.7
2020-02-10T10:00:00Z,0.502,21.3,-9999,Esperance,-35996.4,MURAT_202002_MRE,2,February,13.6,17.0,26.7
2020-02-10T11:00:00Z,0.584,21.2,-9999,Esperance,-35996.4,MURAT_202002_MRE,2,February,13.6,17.0,26.7
2020-02-10T12:00:00Z,0.755,21.2,-9999,Esperance,-35996.4,MURAT_202002_MRE,2,February,13.6,17.0,26.7
2020-02-10T13:00:00Z,0.908,21.2,-9999,Esperance,-35996.4,MURAT_202002_MRE,2,February,13.6,17.0,26.7
2020-02-10T14:00:00Z,1.053,21.2,-9999,Esperance,-35996.4,MURAT_202002_MRE,2,February,13.6,17.0,26.7
2020-02-10T15:00:00Z,1.181,21.3,-9999,Esperance,-35996.4,MURAT_202002_MRE,2,February,13.6,17.0,26.7
2020-02-10T16:00:00Z,1.206,21.3,-9999,Esperance,-35996.4,MURAT_202002_MRE,2,February,13.6,17.0,26.7
2020-02-10T17:00:00Z,1.176,21.1,-9999,Esperance,-35996.4,MURAT_202002_MRE,2,February,13.6,17.0,26.7
2020-02-10T18:00:00Z,1.069,21.1,-9999,Esperance,-35996.4,MURAT_202002_MRE,2,February,13.6,17.0,26.7
2020-02-10T19:00:00Z,0.878,21.1,-9999,Esperance,-35996.4,MURAT_202002_MRE,2,February,13.6,17.0,26.7
2020-02-10T20:00:00Z,0.653,21.1,-9999,Esperance,-35996.4,MURAT_202002_MRE,2,February,13.6,17.0,26.7
2020-02-10T21:00:00Z,0.465,21.1,-9999,Esperance,-35996.4,MURAT_202002_MRE,2,February,13.6,17.0,26.7
2020-02-10T22:00:00Z,0.34,21.1,-9999,Esperance,-35996.4,MURAT_202002_MRE,2,February,13.6,17.0,26.7
2020-02-10T23:00:00Z,0.243,21,-9999,Esperance,-35996.4,MURAT_202002_MRE,2,February,13.6,17.0,26.7
2020-02-11T00:00:00Z,0.247,21,-9999,Esperance,-35996.4,MURAT_202002_MRE,2,February,13.6,17.0,26.7
2020-02-11T01:00:00Z,0.332,21,-9999,Esperance,-35996.4,MURAT_202002_MRE,2,February,13.6,17.0,26.7
2020-02-11T02:00:00Z,0.447,20.9,-9999,Esperance,-35996.4,MURAT_202002_MRE,2,February,13.6,17.0,26.7
2020-02-11T03:00:00Z,0.539,20.9,-9999,Esperance,-35996.4,MURAT_202002_MRE,2,February,13.6,17.0,26.7
2020-02-11T04:00:00Z,0.591,20.9,-9999,Esperance,-35996.4,MURAT_202002_MRE,2,February,13.6,17.0,26.7
2020-02-11T05:00:00Z,0.609,20.9,-9999,Esperance,-35996.4,MURAT_202002_MRE,2,February,13.6,17.0,26.7
2020-02-11T06:00:00Z,0.6,20.9,-9999,Esperance,-35996.4,MURAT_202002_MRE,2,February,13.6,17.0,26.7
2020-02-11T07:00:00Z,0.506,20.9,-9999,Esperance,-35996.4,MURAT_202002_MRE,2,February,13.6,17.0,26.7
2020-02-11T08:00:00Z,0.445,20.9,-9999,Esperance,-35996.4,MURAT_202002_MRE,2,February,13.6,17.0,26.7
2020-02-11T09:00:00Z,0.379,20.9,-9999,Esperance,-35996.4,MURAT_202002_MRE,2,February,13.6,17.0,26.7
2020-02-11T10:00:00Z,0.384,20.9,-9999,Esperance,-35996.4,MURAT_202002_MRE,2,February,13.6,17.0,26.7
2020-02-11T11:00:00Z,0.416,20.9,-9999,Esperance,-35996.4,MURAT_202002_MRE,2,February,13.6,17.0,26.7
2020-02-11T12:00:00Z,0.548,20.9,-9999,Esperance,-35996.4,MURAT_202002_MRE,2,February,13.6,17.0,26.7
2020-02-11T13:00:00Z,0.693,20.9,-9999,Esperance,-35996.4,MURAT_202002_MRE,2,February,13.6,17.0,26.7
2020-02-11T14:00:00Z,0.819,20.9,-9999,Esperance,-35996.4,MURAT_202002_MRE,2,February,13.6,17.0,26.7
2020-02-11T15:00:00Z,0.941,20.9,-9999,Esperance,-35996.4,MURAT_202002_MRE,2,February,13.6,17.0,26.7
2020-02-11T16:00:00Z,1.049,20.8,-9999,Esperance,-35996.4,MURAT_202002_MRE,2,February,13.6,17.0,26.7
2020-02-11T17:00:00Z,1.007,20.9,-9999,Esperance,-35996.4,MURAT_202002_MRE,2,February,13.6,17.0,26.7
2020-02-11T18:00:00Z,1.002,20.9,-9999,Esperance,-35996.4,MURAT_202002_MRE,2,February,13.6,17.0,26.7
2020-02-11T19:00:00Z,0.882,21,-9999,Esperance,-35996.4,MURAT_202002_MRE,2,February,13.6,17.0,26.7
2020-02-11T20:00:00Z,0.686,21,-9999,Esperance,-35996.4,MURAT_202002_MRE,2,February,13.6,17.0,26.7
2020-02-11T21:00:00Z,0.543,21,-9999,Esperance,-35996.4,MURAT_202002_MRE,2,February,13.6,17.0,26.7
2020-02-11T22:00:00Z,0.427,21,-9999,Esperance,-35996.4,MURAT_202002_MRE,2,February,13.6,17.0,26.7
2020-02-11T23:00:00Z,0.296,21,-9999,Esperance,-35996.4,MURAT_202002_MRE,2,February,13.6,17.0,26.7
2020-02-12T00:00:00Z,0.319,21,-9999,Esperance,-35996.4,MURAT_202002_MRE,2,February,13.6,17.0,26.7
2020-02-12T01:00:00Z,0.386,21,-9999,Esperance,-35996.4,MURAT_202002_MRE,2,February,13.6,17.0,26.7
2020-02-12T02:00:00Z,0.427,21,-9999,Esperance,-35996.4,MURAT_202002_MRE,2,February,13.6,17.0,26.7
2020-02-12T03:00:00Z,0.548,21.1,-9999,Esperance,-35996.4,MURAT_202002_MRE,2,February,13.6,17.0,26.7
2020-02-12T04:00:00Z,0.613,21.1,-9999,Esperance,-35996.4,MURAT_202002_MRE,2,February,13.6,17.0,26.7
2020-02-12T05:00:00Z,0.607,21.1,-9999,Esperance,-35996.4,MURAT_202002_MRE,2,February,13.6,17.0,26.7
2020-02-12T06:00:00Z,0.628,21.1,-9999,Esperance,-35996.4,MURAT_202002_MRE,2,February,13.6,17.0,26.7
2020-02-12T07:00:00Z,0.572,21.1,-9999,Esperance,-35996.4,MURAT_202002_MRE,2,February,13.6,17.0,26.7
2020-02-12T08:00:00Z,0.501,21.1,-9999,Esperance,-35996.4,MURAT_202002_MRE,2,February,13.6,17.0,26.7
2020-02-12T09:00:00Z,0.455,21.1,-9999,Esperance,-35996.4,MURAT_202002_MRE,2,February,13.6,17.0,26.7
2020-02-12T10:00:00Z,0.436,21.1,-9999,Esperance,-35996.4,MURAT_202002_MRE,2,February,13.6,17.0,26.7
2020-02-12T11:00:00Z,0.436,21.1,-9999,Esperance,-35996.4,MURAT_202002_MRE,2,February,13.6,17.0,26.7
2020-02-12T12:00:00Z,0.524,21.1,-9999,Esperance,-35996.4,MURAT_202002_MRE,2,February,13.6,17.0,26.7
2020-02-12T13:00:00Z,0.618,21.1,-9999,Esperance,-35996.4,MURAT_202002_MRE,2,February,13.6,17.0,26.7
2020-02-12T14:00:00Z,0.722,21.1,-9999,Esperance,-35996.4,MURAT_202002_MRE,2,February,13.6,17.0,26.7
2020-02-12T15:00:00Z,0.819,21.1,-9999,Esperance,-35996.4,MURAT_202002_MRE,2,February,13.6,17.0,26.7
2020-02-12T16:00:00Z,0.892,21.1,-9999,Esperance,-35996.4,MURAT_202002_MRE,2,February,13.6,17.0,26.7
2020-02-12T17:00:00Z,0.91,21.1,-9999,Esperance,-35996.4,MURAT_202002_MRE,2,February,13.6,17.0,26.7
2020-02-12T18:00:00Z,0.915,21,-9999,Esperance,-35996.4,MURAT_202002_MRE,2,February,13.6,17.0,26.7
2020-02-12T19:00:00Z,0.822,21,-9999,Esperance,-35996.4,MURAT_202002_MRE,2,February,13.6,17.0,26.7
2020-02-12T20:00:00Z,0.745,21,-9999,Esperance,-35996.4,MURAT_202002_MRE,2,February,13.6,17.0,26.7
2020-02-12T21:00:00Z,0.631,21,-9999,Esperance,-35996.4,MURAT_202002_MRE,2,February,13.6,17.0,26.7
2020-02-12T22:00:00Z,0.53,21,-9999,Esperance,-35996.4,MURAT_202002_MRE,2,February,13.6,17.0,26.7
2020-02-12T23:00:00Z,0.486,21,-9999,Esperance,-35996.4,MURAT_202002_MRE,2,February,13.6,17.0,26.7
2020-02-13T00:00:00Z,0.476,21,-9999,Esperance,-35996.4,MURAT_202002_MRE,2,February,13.6,17.0,26.7
2020-02-13T01:00:00Z,0.479,21.1,-9999,Esperance,-35996.4,MURAT_202002_MRE,2,February,13.6,17.0,26.7
2020-02-13T02:00:00Z,0.631,21.1,-9999,Esperance,-35996.4,MURAT_202002_MRE,2,February,13.6,17.0,26.7
2020-02-13T03:00:00Z,0.685,21.2,-9999,Esperance,-35996.4,MURAT_202002_MRE,2,February,13.6,17.0,26.7
2020-02-13T04:00:00Z,0.77,21.5,-9999,Esperance,-35996.4,MURAT_202002_MRE,2,February,13.6,17.0,26.7
2020-02-13T05:00:00Z,0.779,21.6,-9999,Esperance,-35996.4,MURAT_202002_MRE,2,February,13.6,17.0,26.7
2020-02-13T06:00:00Z,0.804,21.3,-9999,Esperance,-35996.4,MURAT_202002_MRE,2,February,13.6,17.0,26.7
2020-02-13T07:00:00Z,0.787,21.5,-9999,Esperance,-35996.4,MURAT_202002_MRE,2,February,13.6,17.0,26.7
2020-02-13T08:00:00Z,0.731,21.7,-9999,Esperance,-35996.4,MURAT_202002_MRE,2,February,13.6,17.0,26.7
2020-02-13T09:00:00Z,0.683,21.8,-9999,Esperance,-35996.4,MURAT_202002_MRE,2,February,13.6,17.0,26.7
2020-02-13T10:00:00Z,0.678,21.8,-9999,Esperance,-35996.4,MURAT_202002_MRE,2,February,13.6,17.0,26.7
2020-02-13T11:00:00Z,0.623,21.8,-9999,Esperance,-35996.4,MURAT_202002_MRE,2,February,13.6,17.0,26.7
2020-02-13T12:00:00Z,0.684,21.8,-9999,Esperance,-35996.4,MURAT_202002_MRE,2,February,13.6,17.0,26.7
2020-02-13T13:00:00Z,0.721,21.8,-9999,Esperance,-35996.4,MURAT_202002_MRE,2,February,13.6,17.0,26.7
2020-02-13T14:00:00Z,0.785,21.8,-9999,Esperance,-35996.4,MURAT_202002_MRE,2,February,13.6,17.0,26.7
2020-02-13T15:00:00Z,0.845,21.8,-9999,Esperance,-35996.4,MURAT_202002_MRE,2,February,13.6,17.0,26.7
2020-02-13T16:00:00Z,0.886,21.8,-9999,Esperance,-35996.4,MURAT_202002_MRE,2,February,13.6,17.0,26.7
2020-02-13T17:00:00Z,0.894,21.8,-9999,Esperance,-35996.4,MURAT_202002_MRE,2,February,13.6,17.0,26.7
2020-02-13T18:00:00Z,0.846,21.8,-9999,Esperance,-35996.4,MURAT_202002_MRE,2,February,13.6,17.0,26.7
2020-02-13T19:00:00Z,0.818,21.8,-9999,Esperance,-35996.4,MURAT_202002_MRE,2,February,13.6,17.0,26.7
2020-02-13T20:00:00Z,0.772,21.7,-9999,Esperance,-35996.4,MURAT_202002_MRE,2,February,13.6,17.0,26.7
2020-02-13T21:00:00Z,0.658,21.7,-9999,Esperance,-35996.4,MURAT_202002_MRE,2,February,13.6,17.0,26.7
2020-02-13T22:00:00Z,0.644,21.7,-9999,Esperance,-35996.4,MURAT_202002_MRE,2,February,13.6,17.0,26.7
2020-02-13T23:00:00Z,0.606,21.7,-9999,Esperance,-35996.4,MURAT_202002_MRE,2,February,13.6,17.0,26.7
2020-02-14T00:00:00Z,0.563,21.6,-9999,Esperance,-35996.4,MURAT_202002_MRE,2,February,13.6,17.0,26.7
2020-02-14T01:00:00Z,0.621,21.7,-9999,Esperance,-35996.4,MURAT_202002_MRE,2,February,13.6,17.0,26.7
2020-02-14T02:00:00Z,0.742,21.8,-9999,Esperance,-35996.4,MURAT_202002_MRE,2,February,13.6,17.0,26.7
2020-02-14T03:00:00Z,0.785,21.8,-9999,Esperance,-35996.4,MURAT_202002_MRE,2,February,13.6,17.0,26.7
2020-02-14T04:00:00Z,0.849,21.9,-9999,Esperance,-35996.4,MURAT_202002_MRE,2,February,13.6,17.0,26.7
2020-02-14T05:00:00Z,0.909,21.9,-9999,Esperance,-35996.4,MURAT_202002_MRE,2,February,13.6,17.0,26.7
2020-02-14T06:00:00Z,0.913,22.1,-9999,Esperance,-35996.4,MURAT_202002_MRE,2,February,13.6,17.0,26.7
2020-02-14T07:00:00Z,0.869,22.2,-9999,Esperance,-35996.4,MURAT_202002_MRE,2,February,13.6,17.0,26.7
2020-02-14T08:00:00Z,0.87,22.1,-9999,Esperance,-35996.4,MURAT_202002_MRE,2,February,13.6,17.0,26.7
2020-02-14T09:00:00Z,0.789,22.2,-9999,Esperance,-35996.4,MURAT_202002_MRE,2,February,13.6,17.0,26.7
2020-02-14T10:00:00Z,0.78,22.3,-9999,Esperance,-35996.4,MURAT_202002_MRE,2,February,13.6,17.0,26.7
2020-02-14T11:00:00Z,0.751,22.2,-9999,Esperance,-35996.4,MURAT_202002_MRE,2,February,13.6,17.0,26.7
2020-02-14T12:00:00Z,0.761,22.2,-9999,Esperance,-35996.4,MURAT_202002_MRE,2,February,13.6,17.0,26.7
2020-02-14T13:00:00Z,0.801,22.2,-9999,Esperance,-35996.4,MURAT_202002_MRE,2,February,13.6,17.0,26.7
2020-02-14T14:00:00Z,0.78,22.1,-9999,Esperance,-35996.4,MURAT_202002_MRE,2,February,13.6,17.0,26.7
2020-02-14T15:00:00Z,0.81,22.1,-9999,Esperance,-35996.4,MURAT_202002_MRE,2,February,13.6,17.0,26.7
2020-02-14T16:00:00Z,0.816,22.1,-9999,Esperance,-35996.4,MURAT_202002_MRE,2,February,13.6,17.0,26.7
2020-02-14T17:00:00Z,0.754,22,-9999,Esperance,-35996.4,MURAT_202002_MRE,2,February,13.6,17.0,26.7
2020-02-14T18:00:00Z,0.772,22,-9999,Esperance,-35996.4,MURAT_202002_MRE,2,February,13.6,17.0,26.7
2020-02-14T19:00:00Z,0.701,22,-9999,Esperance,-35996.4,MURAT_202002_MRE,2,February,13.6,17.0,26.7
2020-02-14T20:00:00Z,0.635,21.9,-9999,Esperance,-35996.4,MURAT_202002_MRE,2,February,13.6,17.0,26.7
2020-02-14T21:00:00Z,0.635,21.9,-9999,Esperance,-35996.4,MURAT_202002_MRE,2,February,13.6,17.0,26.7
2020-02-14T22:00:00Z,0.597,21.8,-9999,Esperance,-35996.4,MURAT_202002_MRE,2,February,13.6,17.0,26.7
2020-02-14T23:00:00Z,0.598,21.8,-9999,Esperance,-35996.4,MURAT_202002_MRE,2,February,13.6,17.0,26.7
2020-02-15T00:00:00Z,0.614,21.8,-9999,Esperance,-35996.4,MURAT_202002_MRE,2,February,13.6,17.0,26.7
2020-02-15T01:00:00Z,0.682,21.7,-9999,Esperance,-35996.4,MURAT_202002_MRE,2,February,13.6,17.0,26.7
2020-02-15T02:00:00Z,0.768,21.8,-9999,Esperance,-35996.4,MURAT_202002_MRE,2,February,13.6,17.0,26.7
2020-02-15T03:00:00Z,0.851,22,-9999,Esperance,-35996.4,MURAT_202002_MRE,2,February,13.6,17.0,26.7
2020-02-15T04:00:00Z,0.937,22.3,-9999,Esperance,-35996.4,MURAT_202002_MRE,2,February,13.6,17.0,26.7
2020-02-15T05:00:00Z,0.96,22.4,-9999,Esperance,-35996.4,MURAT_202002_MRE,2,February,13.6,17.0,26.7
2020-02-15T06:00:00Z,0.981,22.4,-9999,Esperance,-35996.4,MURAT_202002_MRE,2,February,13.6,17.0,26.7
2020-02-15T07:00:00Z,0.998,22.3,-9999,Esperance,-35996.4,MURAT_202002_MRE,2,February,13.6,17.0,26.7
2020-02-15T08:00:00Z,0.981,22.4,-9999,Esperance,-35996.4,MURAT_202002_MRE,2,February,13.6,17.0,26.7
2020-02-15T09:00:00Z,0.896,22,-9999,Esperance,-35996.4,MURAT_202002_MRE,2,February,13.6,17.0,26.7
2020-02-15T10:00:00Z,0.896,22.2,-9999,Esperance,-35996.4,MURAT_202002_MRE,2,February,13.6,17.0,26.7
2020-02-15T11:00:00Z,0.935,22.3,-9999,Esperance,-35996.4,MURAT_202002_MRE,2,February,13.6,17.0,26.7
2020-02-15T12:00:00Z,0.902,22.2,-9999,Esperance,-35996.4,MURAT_202002_MRE,2,February,13.6,17.0,26.7
2020-02-15T13:00:00Z,0.906,22.4,-9999,Esperance,-35996.4,MURAT_202002_MRE,2,February,13.6,17.0,26.7
2020-02-15T14:00:00Z,0.933,22.5,-9999,Esperance,-35996.4,MURAT_202002_MRE,2,February,13.6,17.0,26.7
2020-02-15T15:00:00Z,0.878,22.5,-9999,Esperance,-35996.4,MURAT_202002_MRE,2,February,13.6,17.0,26.7
2020-02-15T16:00:00Z,0.916,22.5,-9999,Esperance,-35996.4,MURAT_202002_MRE,2,February,13.6,17.0,26.7
2020-02-15T17:00:00Z,0.802,22.3,-9999,Esperance,-35996.4,MURAT_202002_MRE,2,February,13.6,17.0,26.7
2020-02-15T18:00:00Z,0.768,22.1,-9999,Esperance,-35996.4,MURAT_202002_MRE,2,February,13.6,17.0,26.7
2020-02-15T19:00:00Z,0.721,22.1,-9999,Esperance,-35996.4,MURAT_202002_MRE,2,February,13.6,17.0,26.7
2020-02-15T20:00:00Z,0.639,21.9,-9999,Esperance,-35996.4,MURAT_202002_MRE,2,February,13.6,17.0,26.7
2020-02-15T21:00:00Z,0.633,21.8,-9999,Esperance,-35996.4,MURAT_202002_MRE,2,February,13.6,17.0,26.7
2020-02-15T22:00:00Z,0.654,21.7,-9999,Esperance,-35996.4,MURAT_202002_MRE,2,February,13.6,17.0,26.7
2020-02-15T23:00:00Z,0.652,21.5,-9999,Esperance,-35996.4,MURAT_202002_MRE,2,February,13.6,17.0,26.7
2020-02-16T00:00:00Z,0.73,21.3,-9999,Esperance,-35996.4,MURAT_202002_MRE,2,February,13.6,17.0,26.7
2020-02-16T01:00:00Z,0.752,21.3,-9999,Esperance,-35996.4,MURAT_202002_MRE,2,February,13.6,17.0,26.7
2020-02-16T02:00:00Z,0.871,21.2,-9999,Esperance,-35996.4,MURAT_202002_MRE,2,February,13.6,17.0,26.7
2020-02-16T03:00:00Z,0.937,21,-9999,Esperance,-35996.4,MURAT_202002_MRE,2,February,13.6,17.0,26.7
2020-02-16T04:00:00Z,0.98,20.9,-9999,Esperance,-35996.4,MURAT_202002_MRE,2,February,13.6,17.0,26.7
2020-02-16T05:00:00Z,1.005,20.8,-9999,Esperance,-35996.4,MURAT_202002_MRE,2,February,13.6,17.0,26.7
2020-02-16T06:00:00Z,1.018,20.9,-9999,Esperance,-35996.4,MURAT_202002_MRE,2,February,13.6,17.0,26.7
2020-02-16T07:00:00Z,1.014,20.9,-9999,Esperance,-35996.4,MURAT_202002_MRE,2,February,13.6,17.0,26.7
2020-02-16T08:00:00Z,0.996,21,-9999,Esperance,-35996.4,MURAT_202002_MRE,2,February,13.6,17.0,26.7
2020-02-16T09:00:00Z,0.979,21,-9999,Esperance,-35996.4,MURAT_202002_MRE,2,February,13.6,17.0,26.7
2020-02-16T10:00:00Z,0.986,21,-9999,Esperance,-35996.4,MURAT_202002_MRE,2,February,13.6,17.0,26.7
2020-02-16T11:00:00Z,1.002,21,-9999,Esperance,-35996.4,MURAT_202002_MRE,2,February,13.6,17.0,26.7
2020-02-16T12:00:00Z,1.022,21,-9999,Esperance,-35996.4,MURAT_202002_MRE,2,February,13.6,17.0,26.7
2020-02-16T13:00:00Z,1.032,21,-9999,Esperance,-35996.4,MURAT_202002_MRE,2,February,13.6,17.0,26.7
2020-02-16T14:00:00Z,0.984,21,-9999,Esperance,-35996.4,MURAT_202002_MRE,2,February,13.6,17.0,26.7
2020-02-16T15:00:00Z,0.953,21,-9999,Esperance,-35996.4,MURAT_202002_MRE,2,February,13.6,17.0,26.7
2020-02-16T16:00:00Z,0.888,21,-9999,Esperance,-35996.4,MURAT_202002_MRE,2,February,13.6,17.0,26.7
2020-02-16T17:00:00Z,0.821,20.9,-9999,Esperance,-35996.4,MURAT_202002_MRE,2,February,13.6,17.0,26.7
2020-02-16T18:00:00Z,0.683,20.9,-9999,Esperance,-35996.4,MURAT_202002_MRE,2,February,13.6,17.0,26.7
2020-02-16T19:00:00Z,0.628,20.9,-9999,Esperance,-35996.4,MURAT_202002_MRE,2,February,13.6,17.0,26.7
2020-02-16T20:00:00Z,0.527,20.9,-9999,Esperance,-35996.4,MURAT_202002_MRE,2,February,13.6,17.0,26.7
2020-02-16T21:00:00Z,0.476,20.9,-9999,Esperance,-35996.4,MURAT_202002_MRE,2,February,13.6,17.0,26.7
2020-02-16T22:00:00Z,0.495,20.9,-9999,Esperance,-35996.4,MURAT_202002_MRE,2,February,13.6,17.0,26.7
2020-02-16T23:00:00Z,0.541,20.9,-9999,Esperance,-35996.4,MURAT_202002_MRE,2,February,13.6,17.0,26.7
2020-02-17T00:00:00Z,0.577,20.9,-9999,Esperance,-35996.4,MURAT_202002_MRE,2,February,13.6,17.0,26.7
2020-02-17T01:00:00Z,0.66,20.9,-9999,Esperance,-35996.4,MURAT_202002_MRE,2,February,13.6,17.0,26.7
2020-02-17T02:00:00Z,0.73,20.9,-9999,Esperance,-35996.4,MURAT_202002_MRE,2,February,13.6,17.0,26.7
2020-02-17T03:00:00Z,0.808,20.9,-9999,Esperance,-35996.4,MURAT_202002_MRE,2,February,13.6,17.0,26.7
2020-02-17T04:00:00Z,0.83,21,-9999,Esperance,-35996.4,MURAT_202002_MRE,2,February,13.6,17.0,26.7
2020-02-17T05:00:00Z,0.886,21.1,-9999,Esperance,-35996.4,MURAT_202002_MRE,2,February,13.6,17.0,26.7
2020-02-17T06:00:00Z,0.87,21.1,-9999,Esperance,-35996.4,MURAT_202002_MRE,2,February,13.6,17.0,26.7
2020-02-17T07:00:00Z,0.897,21.1,-9999,Esperance,-35996.4,MURAT_202002_MRE,2,February,13.6,17.0,26.7
2020-02-17T08:00:00Z,0.871,21.1,-9999,Esperance,-35996.4,MURAT_202002_MRE,2,February,13.6,17.0,26.7
2020-02-17T09:00:00Z,0.904,21.1,-9999,Esperance,-35996.4,MURAT_202002_MRE,2,February,13.6,17.0,26.7
2020-02-17T10:00:00Z,0.91,21.2,-9999,Esperance,-35996.4,MURAT_202002_MRE,2,February,13.6,17.0,26.7
2020-02-17T11:00:00Z,0.937,21.2,-9999,Esperance,-35996.4,MURAT_202002_MRE,2,February,13.6,17.0,26.7
2020-02-17T12:00:00Z,0.965,21.2,-9999,Esperance,-35996.4,MURAT_202002_MRE,2,February,13.6,17.0,26.7
2020-02-17T13:00:00Z,0.981,21.1,-9999,Esperance,-35996.4,MURAT_202002_MRE,2,February,13.6,17.0,26.7
2020-02-17T14:00:00Z,0.921,21.1,-9999,Esperance,-35996.4,MURAT_202002_MRE,2,February,13.6,17.0,26.7
2020-02-17T15:00:00Z,0.899,21.1,-9999,Esperance,-35996.4,MURAT_202002_MRE,2,February,13.6,17.0,26.7
2020-02-17T16:00:00Z,0.788,21.1,-9999,Esperance,-35996.4,MURAT_202002_MRE,2,February,13.6,17.0,26.7
2020-02-17T17:00:00Z,0.713,21.1,-9999,Esperance,-35996.4,MURAT_202002_MRE,2,February,13.6,17.0,26.7
2020-02-17T18:00:00Z,0.557,21.1,-9999,Esperance,-35996.4,MURAT_202002_MRE,2,February,13.6,17.0,26.7
2020-02-17T19:00:00Z,0.47,21,-9999,Esperance,-35996.4,MURAT_202002_MRE,2,February,13.6,17.0,26.7
2020-02-17T20:00:00Z,0.363,21,-9999,Esperance,-35996.4,MURAT_202002_MRE,2,February,13.6,17.0,26.7
2020-02-17T21:00:00Z,0.322,21,-9999,Esperance,-35996.4,MURAT_202002_MRE,2,February,13.6,17.0,26.7
2020-02-17T22:00:00Z,0.313,21,-9999,Esperance,-35996.4,MURAT_202002_MRE,2,February,13.6,17.0,26.7
2020-02-17T23:00:00Z,0.364,21,-9999,Esperance,-35996.4,MURAT_202002_MRE,2,February,13.6,17.0,26.7
2020-02-18T00:00:00Z,0.427,20.9,-9999,Esperance,-35996.4,MURAT_202002_MRE,2,February,13.6,17.0,26.7
2020-02-18T01:00:00Z,0.536,20.9,-9999,Esperance,-35996.4,MURAT_202002_MRE,2,February,13.6,17.0,26.7
2020-02-18T02:00:00Z,0.6,21,-9999,Esperance,-35996.4,MURAT_202002_MRE,2,February,13.6,17.0,26.7
2020-02-18T03:00:00Z,0.704,21.1,-9999,Esperance,-35996.4,MURAT_202002_MRE,2,February,13.6,17.0,26.7
2020-02-18T04:00:00Z,0.734,21.1,-9999,Esperance,-35996.4,MURAT_202002_MRE,2,February,13.6,17.0,26.7
2020-02-18T05:00:00Z,0.788,21.2,-9999,Esperance,-35996.4,MURAT_202002_MRE,2,February,13.6,17.0,26.7
2020-02-18T06:00:00Z,0.779,21.4,-9999,Esperance,-35996.4,MURAT_202002_MRE,2,February,13.6,17.0,26.7
2020-02-18T07:00:00Z,0.797,21.4,-9999,Esperance,-35996.4,MURAT_202002_MRE,2,February,13.6,17.0,26.7
2020-02-18T08:00:00Z,0.831,21.5,-9999,Esperance,-35996.4,MURAT_202002_MRE,2,February,13.6,17.0,26.7
2020-02-18T09:00:00Z,0.851,21.3,-9999,Esperance,-35996.4,MURAT_202002_MRE,2,February,13.6,17.0,26.7
2020-02-18T10:00:00Z,0.856,21.3,-9999,Esperance,-35996.4,MURAT_202002_MRE,2,February,13.6,17.0,26.7
2020-02-18T11:00:00Z,0.94,21.3,-9999,Esperance,-35996.4,MURAT_202002_MRE,2,February,13.6,17.0,26.7
2020-02-18T12:00:00Z,0.959,21.3,-9999,Esperance,-35996.4,MURAT_202002_MRE,2,February,13.6,17.0,26.7
2020-02-18T13:00:00Z,0.971,21.3,-9999,Esperance,-35996.4,MURAT_202002_MRE,2,February,13.6,17.0,26.7
2020-02-18T14:00:00Z,0.94,21.2,-9999,Esperance,-35996.4,MURAT_202002_MRE,2,February,13.6,17.0,26.7
2020-02-18T15:00:00Z,0.899,21.2,-9999,Esperance,-35996.4,MURAT_202002_MRE,2,February,13.6,17.0,26.7
2020-02-18T16:00:00Z,0.792,21.1,-9999,Esperance,-35996.4,MURAT_202002_MRE,2,February,13.6,17.0,26.7
2020-02-18T17:00:00Z,0.679,21.1,-9999,Esperance,-35996.4,MURAT_202002_MRE,2,February,13.6,17.0,26.7
2020-02-18T18:00:00Z,0.549,21.1,-9999,Esperance,-35996.4,MURAT_202002_MRE,2,February,13.6,17.0,26.7
2020-02-18T19:00:00Z,0.424,21.1,-9999,Esperance,-35996.4,MURAT_202002_MRE,2,February,13.6,17.0,26.7
2020-02-18T20:00:00Z,0.328,21.1,-9999,Esperance,-35996.4,MURAT_202002_MRE,2,February,13.6,17.0,26.7
2020-02-18T21:00:00Z,0.285,21,-9999,Esperance,-35996.4,MURAT_202002_MRE,2,February,13.6,17.0,26.7
2020-02-18T22:00:00Z,0.249,20.9,-9999,Esperance,-35996.4,MURAT_202002_MRE,2,February,13.6,17.0,26.7
2020-02-18T23:00:00Z,0.308,20.9,-9999,Esperance,-35996.4,MURAT_202002_MRE,2,February,13.6,17.0,26.7
2020-02-19T00:00:00Z,0.373,20.9,-9999,Esperance,-35996.4,MURAT_202002_MRE,2,February,13.6,17.0,26.7
2020-02-19T01:00:00Z,0.468,21,-9999,Esperance,-35996.4,MURAT_202002_MRE,2,February,13.6,17.0,26.7
2020-02-19T02:00:00Z,0.574,21,-9999,Esperance,-35996.4,MURAT_202002_MRE,2,February,13.6,17.0,26.7
2020-02-19T03:00:00Z,0.628,21.2,-9999,Esperance,-35996.4,MURAT_202002_MRE,2,February,13.6,17.0,26.7
2020-02-19T04:00:00Z,0.668,21.3,-9999,Esperance,-35996.4,MURAT_202002_MRE,2,February,13.6,17.0,26.7
2020-02-19T05:00:00Z,0.714,21.4,-9999,Esperance,-35996.4,MURAT_202002_MRE,2,February,13.6,17.0,26.7
2020-02-19T06:00:00Z,0.703,21.4,-9999,Esperance,-35996.4,MURAT_202002_MRE,2,February,13.6,17.0,26.7
2020-02-19T07:00:00Z,0.715,21.6,-9999,Esperance,-35996.4,MURAT_202002_MRE,2,February,13.6,17.0,26.7
2020-02-19T08:00:00Z,0.749,21.6,-9999,Esperance,-35996.4,MURAT_202002_MRE,2,February,13.6,17.0,26.7
2020-02-19T09:00:00Z,0.759,21.4,-9999,Esperance,-35996.4,MURAT_202002_MRE,2,February,13.6,17.0,26.7
2020-02-19T10:00:00Z,0.83,21.3,-9999,Esperance,-35996.4,MURAT_202002_MRE,2,February,13.6,17.0,26.7
2020-02-19T11:00:00Z,0.911,21.3,-9999,Esperance,-35996.4,MURAT_202002_MRE,2,February,13.6,17.0,26.7
2020-02-19T12:00:00Z,0.965,21.3,-9999,Esperance,-35996.4,MURAT_202002_MRE,2,February,13.6,17.0,26.7
2020-02-19T13:00:00Z,0.99,21.2,-9999,Esperance,-35996.4,MURAT_202002_MRE,2,February,13.6,17.0,26.7
2020-02-19T14:00:00Z,1.019,21.2,-9999,Esperance,-35996.4,MURAT_202002_MRE,2,February,13.6,17.0,26.7
2020-02-19T15:00:00Z,0.938,21.2,-9999,Esperance,-35996.4,MURAT_202002_MRE,2,February,13.6,17.0,26.7
2020-02-19T16:00:00Z,0.848,21.2,-9999,Esperance,-35996.4,MURAT_202002_MRE,2,February,13.6,17.0,26.7
2020-02-19T17:00:00Z,0.734,21.2,-9999,Esperance,-35996.4,MURAT_202002_MRE,2,February,13.6,17.0,26.7
2020-02-19T18:00:00Z,0.549,21.1,-9999,Esperance,-35996.4,MURAT_202002_MRE,2,February,13.6,17.0,26.7
2020-02-19T19:00:00Z,0.41,21.1,-9999,Esperance,-35996.4,MURAT_202002_MRE,2,February,13.6,17.0,26.7
2020-02-19T20:00:00Z,0.329,21.1,-9999,Esperance,-35996.4,MURAT_202002_MRE,2,February,13.6,17.0,26.7
2020-02-19T21:00:00Z,0.219,21,-9999,Esperance,-35996.4,MURAT_202002_MRE,2,February,13.6,17.0,26.7
2020-02-19T22:00:00Z,0.218,21,-9999,Esperance,-35996.4,MURAT_202002_MRE,2,February,13.6,17.0,26.7
2020-02-19T23:00:00Z,0.264,21,-9999,Esperance,-35996.4,MURAT_202002_MRE,2,February,13.6,17.0,26.7
2020-02-20T00:00:00Z,0.338,21,-9999,Esperance,-35996.4,MURAT_202002_MRE,2,February,13.6,17.0,26.7
2020-02-20T01:00:00Z,0.427,21,-9999,Esperance,-35996.4,MURAT_202002_MRE,2,February,13.6,17.0,26.7
2020-02-20T02:00:00Z,0.522,21.1,-9999,Esperance,-35996.4,MURAT_202002_MRE,2,February,13.6,17.0,26.7
2020-02-20T03:00:00Z,0.583,21.1,-9999,Esperance,-35996.4,MURAT_202002_MRE,2,February,13.6,17.0,26.7
2020-02-20T04:00:00Z,0.593,21.2,-9999,Esperance,-35996.4,MURAT_202002_MRE,2,February,13.6,17.0,26.7
2020-02-20T05:00:00Z,0.612,21.3,-9999,Esperance,-35996.4,MURAT_202002_MRE,2,February,13.6,17.0,26.7
2020-02-20T06:00:00Z,0.615,21.4,-9999,Esperance,-35996.4,MURAT_202002_MRE,2,February,13.6,17.0,26.7
2020-02-20T07:00:00Z,0.56,21.5,-9999,Esperance,-35996.4,MURAT_202002_MRE,2,February,13.6,17.0,26.7
2020-02-20T08:00:00Z,0.62,21.6,-9999,Esperance,-35996.4,MURAT_202002_MRE,2,February,13.6,17.0,26.7
2020-02-20T09:00:00Z,0.664,21.6,-9999,Esperance,-35996.4,MURAT_202002_MRE,2,February,13.6,17.0,26.7
2020-02-20T10:00:00Z,0.726,21.6,-9999,Esperance,-35996.4,MURAT_202002_MRE,2,February,13.6,17.0,26.7
2020-02-20T11:00:00Z,0.845,21.6,-9999,Esperance,-35996.4,MURAT_202002_MRE,2,February,13.6,17.0,26.7
2020-02-20T12:00:00Z,0.958,21.6,-9999,Esperance,-35996.4,MURAT_202002_MRE,2,February,13.6,17.0,26.7
2020-02-20T13:00:00Z,0.981,21.5,-9999,Esperance,-35996.4,MURAT_202002_MRE,2,February,13.6,17.0,26.7
2020-02-20T14:00:00Z,1.02,21.5,-9999,Esperance,-35996.4,MURAT_202002_MRE,2,February,13.6,17.0,26.7
2020-02-20T15:00:00Z,0.988,21.4,-9999,Esperance,-35996.4,MURAT_202002_MRE,2,February,13.6,17.0,26.7
2020-02-20T16:00:00Z,0.885,21.3,-9999,Esperance,-35996.4,MURAT_202002_MRE,2,February,13.6,17.0,26.7
2020-02-20T17:00:00Z,0.751,21.3,-9999,Esperance,-35996.4,MURAT_202002_MRE,2,February,13.6,17.0,26.7
2020-02-20T18:00:00Z,0.588,21.3,-9999,Esperance,-35996.4,MURAT_202002_MRE,2,February,13.6,17.0,26.7
2020-02-20T19:00:00Z,0.412,21.2,-9999,Esperance,-35996.4,MURAT_202002_MRE,2,February,13.6,17.0,26.7
2020-02-20T20:00:00Z,0.291,21.2,-9999,Esperance,-35996.4,MURAT_202002_MRE,2,February,13.6,17.0,26.7
2020-02-20T21:00:00Z,0.219,21.2,-9999,Esperance,-35996.4,MURAT_202002_MRE,2,February,13.6,17.0,26.7
2020-02-20T22:00:00Z,0.174,21.1,-9999,Esperance,-35996.4,MURAT_202002_MRE,2,February,13.6,17.0,26.7
2020-02-20T23:00:00Z,0.208,21.1,-9999,Esperance,-35996.4,MURAT_202002_MRE,2,February,13.6,17.0,26.7
2020-02-21T00:00:00Z,0.302,21,-9999,Esperance,-35996.4,MURAT_202002_MRE,2,February,13.6,17.0,26.7
2020-02-21T01:00:00Z,0.376,21.1,-9999,Esperance,-35996.4,MURAT_202002_MRE,2,February,13.6,17.0,26.7
2020-02-21T02:00:00Z,0.441,21.1,-9999,Esperance,-35996.4,MURAT_202002_MRE,2,February,13.6,17.0,26.7
2020-02-21T03:00:00Z,0.547,21.1,-9999,Esperance,-35996.4,MURAT_202002_MRE,2,February,13.6,17.0,26.7
2020-02-21T04:00:00Z,0.561,21.3,-9999,Esperance,-35996.4,MURAT_202002_MRE,2,February,13.6,17.0,26.7
2020-02-21T05:00:00Z,0.512,21.4,-9999,Esperance,-35996.4,MURAT_202002_MRE,2,February,13.6,17.0,26.7
2020-02-21T06:00:00Z,0.516,21.5,-9999,Esperance,-35996.4,MURAT_202002_MRE,2,February,13.6,17.0,26.7
2020-02-21T07:00:00Z,0.475,21.6,-9999,Esperance,-35996.4,MURAT_202002_MRE,2,February,13.6,17.0,26.7
2020-02-21T08:00:00Z,0.449,21.7,-9999,Esperance,-35996.4,MURAT_202002_MRE,2,February,13.6,17.0,26.7
2020-02-21T09:00:00Z,0.518,21.6,-9999,Esperance,-35996.4,MURAT_202002_MRE,2,February,13.6,17.0,26.7
2020-02-21T10:00:00Z,0.606,21.6,-9999,Esperance,-35996.4,MURAT_202002_MRE,2,February,13.6,17.0,26.7
2020-02-21T11:00:00Z,0.717,21.5,-9999,Esperance,-35996.4,MURAT_202002_MRE,2,February,13.6,17.0,26.7
2020-02-21T12:00:00Z,0.859,21.5,-9999,Esperance,-35996.4,MURAT_202002_MRE,2,February,13.6,17.0,26.7
2020-02-21T13:00:00Z,0.934,21.4,-9999,Esperance,-35996.4,MURAT_202002_MRE,2,February,13.6,17.0,26.7
2020-02-21T14:00:00Z,0.987,21.4,-9999,Esperance,-35996.4,MURAT_202002_MRE,2,February,13.6,17.0,26.7
2020-02-21T15:00:00Z,0.969,21.4,-9999,Esperance,-35996.4,MURAT_202002_MRE,2,February,13.6,17.0,26.7
2020-02-21T16:00:00Z,0.916,21.3,-9999,Esperance,-35996.4,MURAT_202002_MRE,2,February,13.6,17.0,26.7
2020-02-21T17:00:00Z,0.784,21.3,-9999,Esperance,-35996.4,MURAT_202002_MRE,2,February,13.6,17.0,26.7
2020-02-21T18:00:00Z,0.602,21.2,-9999,Esperance,-35996.4,MURAT_202002_MRE,2,February,13.6,17.0,26.7
2020-02-21T19:00:00Z,0.47,21.2,-9999,Esperance,-35996.4,MURAT_202002_MRE,2,February,13.6,17.0,26.7
2020-02-21T20:00:00Z,0.326,21.2,-9999,Esperance,-35996.4,MURAT_202002_MRE,2,February,13.6,17.0,26.7
2020-02-21T21:00:00Z,0.228,21.1,-9999,Esperance,-35996.4,MURAT_202002_MRE,2,February,13.6,17.0,26.7
2020-02-21T22:00:00Z,0.238,21.1,-9999,Esperance,-35996.4,MURAT_202002_MRE,2,February,13.6,17.0,26.7
2020-02-21T23:00:00Z,0.254,21.1,-9999,Esperance,-35996.4,MURAT_202002_MRE,2,February,13.6,17.0,26.7
2020-02-22T00:00:00Z,0.353,21.1,-9999,Esperance,-35996.4,MURAT_202002_MRE,2,February,13.6,17.0,26.7
2020-02-22T01:00:00Z,0.463,21.1,-9999,Esperance,-35996.4,MURAT_202002_MRE,2,February,13.6,17.0,26.7
2020-02-22T02:00:00Z,0.567,21.1,-9999,Esperance,-35996.4,MURAT_202002_MRE,2,February,13.6,17.0,26.7
2020-02-22T03:00:00Z,0.648,21.1,-9999,Esperance,-35996.4,MURAT_202002_MRE,2,February,13.6,17.0,26.7
2020-02-22T04:00:00Z,0.668,21.2,-9999,Esperance,-35996.4,MURAT_202002_MRE,2,February,13.6,17.0,26.7
2020-02-22T05:00:00Z,0.647,21.3,-9999,Esperance,-35996.4,MURAT_202002_MRE,2,February,13.6,17.0,26.7
2020-02-22T06:00:00Z,0.606,21.3,-9999,Esperance,-35996.4,MURAT_202002_MRE,2,February,13.6,17.0,26.7
2020-02-22T07:00:00Z,0.575,21.3,-9999,Esperance,-35996.4,MURAT_202002_MRE,2,February,13.6,17.0,26.7
2020-02-22T08:00:00Z,0.557,21.4,-9999,Esperance,-35996.4,MURAT_202002_MRE,2,February,13.6,17.0,26.7
2020-02-22T09:00:00Z,0.609,21.4,-9999,Esperance,-35996.4,MURAT_202002_MRE,2,February,13.6,17.0,26.7
2020-02-22T10:00:00Z,0.722,21.4,-9999,Esperance,-35996.4,MURAT_202002_MRE,2,February,13.6,17.0,26.7
2020-02-22T11:00:00Z,0.849,21.3,-9999,Esperance,-35996.4,MURAT_202002_MRE,2,February,13.6,17.0,26.7
2020-02-22T12:00:00Z,1.044,21.2,-9999,Esperance,-35996.4,MURAT_202002_MRE,2,February,13.6,17.0,26.7
2020-02-22T13:00:00Z,1.179,21.3,-9999,Esperance,-35996.4,MURAT_202002_MRE,2,February,13.6,17.0,26.7
2020-02-22T14:00:00Z,1.248,21.3,-9999,Esperance,-35996.4,MURAT_202002_MRE,2,February,13.6,17.0,26.7
2020-02-22T15:00:00Z,1.299,21.3,-9999,Esperance,-35996.4,MURAT_202002_MRE,2,February,13.6,17.0,26.7
2020-02-22T16:00:00Z,1.214,21.3,-9999,Esperance,-35996.4,MURAT_202002_MRE,2,February,13.6,17.0,26.7
2020-02-22T17:00:00Z,1.132,21.3,-9999,Esperance,-35996.4,MURAT_202002_MRE,2,February,13.6,17.0,26.7
2020-02-22T18:00:00Z,0.978,-9999,-9999,Esperance,-35996.4,MURAT_202002_MRE,2,February,13.6,17.0,26.7
2020-02-22T19:00:00Z,0.793,21.3,-9999,Esperance,-35996.4,MURAT_202002_MRE,2,February,13.6,17.0,26.7
2020-02-22T20:00:00Z,0.644,21.3,-9999,Esperance,-35996.4,MURAT_202002_MRE,2,February,13.6,17.0,26.7
2020-02-22T21:00:00Z,0.573,21.3,-9999,Esperance,-35996.4,MURAT_202002_MRE,2,February,13.6,17.0,26.7
2020-02-22T22:00:00Z,0.511,-9999,-9999,Esperance,-35996.4,MURAT_202002_MRE,2,February,13.6,17.0,26.7
2020-02-22T23:00:00Z,0.54,21.2,-9999,Esperance,-35996.4,MURAT_202002_MRE,2,February,13.6,17.0,26.7
2020-02-23T00:00:00Z,0.636,21.2,-9999,Esperance,-35996.4,MURAT_202002_MRE,2,February,13.6,17.0,26.7
2020-02-23T01:00:00Z,0.735,21.2,-9999,Esperance,-35996.4,MURAT_202002_MRE,2,February,13.6,17.0,26.7
2020-02-23T02:00:00Z,0.789,21.3,-9999,Esperance,-35996.4,MURAT_202002_MRE,2,February,13.6,17.0,26.7
2020-02-23T03:00:00Z,0.905,21.4,-9999,Esperance,-35996.4,MURAT_202002_MRE,2,February,13.6,17.0,26.7
2020-02-23T04:00:00Z,0.864,21.5,-9999,Esperance,-35996.4,MURAT_202002_MRE,2,February,13.6,17.0,26.7
2020-02-23T05:00:00Z,0.814,21.7,-9999,Esperance,-35996.4,MURAT_202002_MRE,2,February,13.6,17.0,26.7
2020-02-23T06:00:00Z,0.798,21.7,-9999,Esperance,-35996.4,MURAT_202002_MRE,2,February,13.6,17.0,26.7
2020-02-23T07:00:00Z,0.664,21.8,-9999,Esperance,-35996.4,MURAT_202002_MRE,2,February,13.6,17.0,26.7
2020-02-23T08:00:00Z,0.611,21.7,-9999,Esperance,-35996.4,MURAT_202002_MRE,2,February,13.6,17.0,26.7
2020-02-23T09:00:00Z,0.641,22.1,-9999,Esperance,-35996.4,MURAT_202002_MRE,2,February,13.6,17.0,26.7
2020-02-23T10:00:00Z,0.675,22,-9999,Esperance,-35996.4,MURAT_202002_MRE,2,February,13.6,17.0,26.7
2020-02-23T11:00:00Z,0.811,21.9,-9999,Esperance,-35996.4,MURAT_202002_MRE,2,February,13.6,17.0,26.7
2020-02-23T12:00:00Z,0.976,21.9,-9999,Esperance,-35996.4,MURAT_202002_MRE,2,February,13.6,17.0,26.7
2020-02-23T13:00:00Z,1.114,-9999,-9999,Esperance,-35996.4,MURAT_202002_MRE,2,February,13.6,17.0,26.7
2020-02-23T14:00:00Z,1.184,21.8,-9999,Esperance,-35996.4,MURAT_202002_MRE,2,February,13.6,17.0,26.7
2020-02-23T15:00:00Z,1.249,21.8,-9999,Esperance,-35996.4,MURAT_202002_MRE,2,February,13.6,17.0,26.7
2020-02-23T16:00:00Z,1.246,21.8,-9999,Esperance,-35996.4,MURAT_202002_MRE,2,February,13.6,17.0,26.7
2020-02-23T17:00:00Z,1.117,-9999,-9999,Esperance,-35996.4,MURAT_202002_MRE,2,February,13.6,17.0,26.7
2020-02-23T18:00:00Z,0.929,21.8,-9999,Esperance,-35996.4,MURAT_202002_MRE,2,February,13.6,17.0,26.7
2020-02-23T19:00:00Z,0.73,-9999,-9999,Esperance,-35996.4,MURAT_202002_MRE,2,February,13.6,17.0,26.7
2020-02-23T20:00:00Z,0.579,21.7,-9999,Esperance,-35996.4,MURAT_202002_MRE,2,February,13.6,17.0,26.7
2020-02-23T21:00:00Z,0.516,21.7,-9999,Esperance,-35996.4,MURAT_202002_MRE,2,February,13.6,17.0,26.7
2020-02-23T22:00:00Z,0.452,-9999,-9999,Esperance,-35996.4,MURAT_202002_MRE,2,February,13.6,17.0,26.7
2020-02-23T23:00:00Z,0.485,-9999,-9999,Esperance,-35996.4,MURAT_202002_MRE,2,February,13.6,17.0,26.7
2020-02-24T00:00:00Z,0.545,21.6,-9999,Esperance,-35996.4,MURAT_202002_MRE,2,February,13.6,17.0,26.7
2020-02-24T01:00:00Z,0.683,21.5,-9999,Esperance,-35996.4,MURAT_202002_MRE,2,February,13.6,17.0,26.7
2020-02-24T02:00:00Z,0.766,21.6,-9999,Esperance,-35996.4,MURAT_202002_MRE,2,February,13.6,17.0,26.7
2020-02-24T03:00:00Z,0.824,21.5,-9999,Esperance,-35996.4,MURAT_202002_MRE,2,February,13.6,17.0,26.7
2020-02-24T04:00:00Z,0.878,21.6,-9999,Esperance,-35996.4,MURAT_202002_MRE,2,February,13.6,17.0,26.7
2020-02-24T05:00:00Z,0.797,21.7,-9999,Esperance,-35996.4,MURAT_202002_MRE,2,February,13.6,17.0,26.7
2020-02-24T06:00:00Z,0.739,21.8,-9999,Esperance,-35996.4,MURAT_202002_MRE,2,February,13.6,17.0,26.7
2020-02-24T07:00:00Z,0.647,21.9,-9999,Esperance,-35996.4,MURAT_202002_MRE,2,February,13.6,17.0,26.7
2020-02-24T08:00:00Z,0.548,21.9,-9999,Esperance,-35996.4,MURAT_202002_MRE,2,February,13.6,17.0,26.7
2020-02-24T09:00:00Z,0.558,22,-9999,Esperance,-35996.4,MURAT_202002_MRE,2,February,13.6,17.0,26.7
2020-02-24T10:00:00Z,0.583,22,-9999,Esperance,-35996.4,MURAT_202002_MRE,2,February,13.6,17.0,26.7
2020-02-24T11:00:00Z,0.664,22,-9999,Esperance,-35996.4,MURAT_202002_MRE,2,February,13.6,17.0,26.7
2020-02-24T12:00:00Z,0.853,22,-9999,Esperance,-35996.4,MURAT_202002_MRE,2,February,13.6,17.0,26.7
2020-02-24T13:00:00Z,0.964,22,-9999,Esperance,-35996.4,MURAT_202002_MRE,2,February,13.6,17.0,26.7
2020-02-24T14:00:00Z,1.091,21.9,-9999,Esperance,-35996.4,MURAT_202002_MRE,2,February,13.6,17.0,26.7
2020-02-24T15:00:00Z,1.196,21.9,-9999,Esperance,-35996.4,MURAT_202002_MRE,2,February,13.6,17.0,26.7
2020-02-24T16:00:00Z,1.19,-9999,-9999,Esperance,-35996.4,MURAT_202002_MRE,2,February,13.6,17.0,26.7
2020-02-24T17:00:00Z,1.011,21.9,-9999,Esperance,-35996.4,MURAT_202002_MRE,2,February,13.6,17.0,26.7
2020-02-24T18:00:00Z,0.907,21.9,-9999,Esperance,-35996.4,MURAT_202002_MRE,2,February,13.6,17.0,26.7
2020-02-24T19:00:00Z,0.758,-9999,-9999,Esperance,-35996.4,MURAT_202002_MRE,2,February,13.6,17.0,26.7
2020-02-24T20:00:00Z,0.563,21.8,-9999,Esperance,-35996.4,MURAT_202002_MRE,2,February,13.6,17.0,26.7
2020-02-24T21:00:00Z,0.447,-9999,-9999,Esperance,-35996.4,MURAT_202002_MRE,2,February,13.6,17.0,26.7
2020-02-24T22:00:00Z,0.418,21.8,-9999,Esperance,-35996.4,MURAT_202002_MRE,2,February,13.6,17.0,26.7
2020-02-24T23:00:00Z,0.412,21.8,-9999,Esperance,-35996.4,MURAT_202002_MRE,2,February,13.6,17.0,26.7
2020-02-25T00:00:00Z,0.492,21.8,-9999,Esperance,-35996.4,MURAT_202002_MRE,2,February,13.6,17.0,26.7
2020-02-25T01:00:00Z,0.629,-9999,-9999,Esperance,-35996.4,MURAT_202002_MRE,2,February,13.6,17.0,26.7
2020-02-25T02:00:00Z,0.714,21.8,-9999,Esperance,-35996.4,MURAT_202002_MRE,2,February,13.6,17.0,26.7
2020-02-25T03:00:00Z,0.806,21.8,-9999,Esperance,-35996.4,MURAT_202002_MRE,2,February,13.6,17.0,26.7
2020-02-25T04:00:00Z,0.816,21.8,-9999,Esperance,-35996.4,MURAT_202002_MRE,2,February,13.6,17.0,26.7
2020-02-25T05:00:00Z,0.792,21.8,-9999,Esperance,-35996.4,MURAT_202002_MRE,2,February,13.6,17.0,26.7
2020-02-25T06:00:00Z,0.721,21.8,-9999,Esperance,-35996.4,MURAT_202002_MRE,2,February,13.6,17.0,26.7
2020-02-25T07:00:00Z,0.594,22,-9999,Esperance,-35996.4,MURAT_202002_MRE,2,February,13.6,17.0,26.7
2020-02-25T08:00:00Z,0.522,22.1,-9999,Esperance,-35996.4,MURAT_202002_MRE,2,February,13.6,17.0,26.7
2020-02-25T09:00:00Z,0.468,22,-9999,Esperance,-35996.4,MURAT_202002_MRE,2,February,13.6,17.0,26.7
2020-02-25T10:00:00Z,0.449,22.1,-9999,Esperance,-35996.4,MURAT_202002_MRE,2,February,13.6,17.0,26.7
2020-02-25T11:00:00Z,0.54,-9999,-9999,Esperance,-35996.4,MURAT_202002_MRE,2,February,13.6,17.0,26.7
2020-02-25T12:00:00Z,0.687,22,-9999,Esperance,-35996.4,MURAT_202002_MRE,2,February,13.6,17.0,26.7
2020-02-25T13:00:00Z,0.807,21.9,-9999,Esperance,-35996.4,MURAT_202002_MRE,2,February,13.6,17.0,26.7
2020-02-25T14:00:00Z,0.952,21.7,-9999,Esperance,-35996.4,MURAT_202002_MRE,2,February,13.6,17.0,26.7
2020-02-25T15:00:00Z,1.018,21.7,-9999,Esperance,-35996.4,MURAT_202002_MRE,2,February,13.6,17.0,26.7
2020-02-25T16:00:00Z,1.029,21.7,-9999,Esperance,-35996.4,MURAT_202002_MRE,2,February,13.6,17.0,26.7
2020-02-25T17:00:00Z,0.982,21.7,-9999,Esperance,-35996.4,MURAT_202002_MRE,2,February,13.6,17.0,26.7
2020-02-25T18:00:00Z,0.875,21.6,-9999,Esperance,-35996.4,MURAT_202002_MRE,2,February,13.6,17.0,26.7
2020-02-25T19:00:00Z,0.699,21.6,-9999,Esperance,-35996.4,MURAT_202002_MRE,2,February,13.6,17.0,26.7
2020-02-25T20:00:00Z,0.581,21.6,-9999,Esperance,-35996.4,MURAT_202002_MRE,2,February,13.6,17.0,26.7
2020-02-25T21:00:00Z,0.465,21.6,-9999,Esperance,-35996.4,MURAT_202002_MRE,2,February,13.6,17.0,26.7
2020-02-25T22:00:00Z,0.37,21.6,-9999,Esperance,-35996.4,MURAT_202002_MRE,2,February,13.6,17.0,26.7
2020-02-25T23:00:00Z,0.396,21.6,-9999,Esperance,-35996.4,MURAT_202002_MRE,2,February,13.6,17.0,26.7
2020-02-26T00:00:00Z,0.468,21.6,-9999,Esperance,-35996.4,MURAT_202002_MRE,2,February,13.6,17.0,26.7
2020-02-26T01:00:00Z,0.594,21.6,-9999,Esperance,-35996.4,MURAT_202002_MRE,2,February,13.6,17.0,26.7
2020-02-26T02:00:00Z,0.714,21.6,-9999,Esperance,-35996.4,MURAT_202002_MRE,2,February,13.6,17.0,26.7
2020-02-26T03:00:00Z,0.833,21.6,-9999,Esperance,-35996.4,MURAT_202002_MRE,2,February,13.6,17.0,26.7
2020-02-26T04:00:00Z,0.832,21.6,-9999,Esperance,-35996.4,MURAT_202002_MRE,2,February,13.6,17.0,26.7
2020-02-26T05:00:00Z,0.839,21.7,-9999,Esperance,-35996.4,MURAT_202002_MRE,2,February,13.6,17.0,26.7
2020-02-26T06:00:00Z,0.769,21.8,-9999,Esperance,-35996.4,MURAT_202002_MRE,2,February,13.6,17.0,26.7
2020-02-26T07:00:00Z,0.663,21.8,-9999,Esperance,-35996.4,MURAT_202002_MRE,2,February,13.6,17.0,26.7
2020-02-26T08:00:00Z,0.542,21.7,-9999,Esperance,-35996.4,MURAT_202002_MRE,2,February,13.6,17.0,26.7
2020-02-26T09:00:00Z,0.495,21.7,-9999,Esperance,-35996.4,MURAT_202002_MRE,2,February,13.6,17.0,26.7
2020-02-26T10:00:00Z,0.444,21.7,-9999,Esperance,-35996.4,MURAT_202002_MRE,2,February,13.6,17.0,26.7
2020-02-26T11:00:00Z,0.505,21.7,-9999,Esperance,-35996.4,MURAT_202002_MRE,2,February,13.6,17.0,26.7
2020-02-26T12:00:00Z,0.589,21.7,-9999,Esperance,-35996.4,MURAT_202002_MRE,2,February,13.6,17.0,26.7
2020-02-26T13:00:00Z,0.746,21.6,-9999,Esperance,-35996.4,MURAT_202002_MRE,2,February,13.6,17.0,26.7
2020-02-26T14:00:00Z,0.873,21.6,-9999,Esperance,-35996.4,MURAT_202002_MRE,2,February,13.6,17.0,26.7
2020-02-26T15:00:00Z,0.964,21.6,-9999,Esperance,-35996.4,MURAT_202002_MRE,2,February,13.6,17.0,26.7
2020-02-26T16:00:00Z,1.012,21.6,-9999,Esperance,-35996.4,MURAT_202002_MRE,2,February,13.6,17.0,26.7
2020-02-26T17:00:00Z,0.958,21.6,-9999,Esperance,-35996.4,MURAT_202002_MRE,2,February,13.6,17.0,26.7
2020-02-26T18:00:00Z,0.877,21.6,-9999,Esperance,-35996.4,MURAT_202002_MRE,2,February,13.6,17.0,26.7
2020-02-26T19:00:00Z,0.731,21.5,-9999,Esperance,-35996.4,MURAT_202002_MRE,2,February,13.6,17.0,26.7
2020-02-26T20:00:00Z,0.542,21.5,-9999,Esperance,-35996.4,MURAT_202002_MRE,2,February,13.6,17.0,26.7
2020-02-26T21:00:00Z,0.463,21.4,-9999,Esperance,-35996.4,MURAT_202002_MRE,2,February,13.6,17.0,26.7
2020-02-26T22:00:00Z,0.389,21.4,-9999,Esperance,-35996.4,MURAT_202002_MRE,2,February,13.6,17.0,26.7
2020-02-26T23:00:00Z,0.364,21.4,-9999,Esperance,-35996.4,MURAT_202002_MRE,2,February,13.6,17.0,26.7
2020-02-27T00:00:00Z,0.443,21.4,-9999,Esperance,-35996.4,MURAT_202002_MRE,2,February,13.6,17.0,26.7
2020-02-27T01:00:00Z,0.558,21.4,-9999,Esperance,-35996.4,MURAT_202002_MRE,2,February,13.6,17.0,26.7
2020-02-27T02:00:00Z,0.703,21.4,-9999,Esperance,-35996.4,MURAT_202002_MRE,2,February,13.6,17.0,26.7
2020-02-27T03:00:00Z,0.79,21.4,-9999,Esperance,-35996.4,MURAT_202002_MRE,2,February,13.6,17.0,26.7
2020-02-27T04:00:00Z,0.871,21.4,-9999,Esperance,-35996.4,MURAT_202002_MRE,2,February,13.6,17.0,26.7
2020-02-27T05:00:00Z,0.843,21.4,-9999,Esperance,-35996.4,MURAT_202002_MRE,2,February,13.6,17.0,26.7
2020-02-27T06:00:00Z,0.772,21.5,-9999,Esperance,-35996.4,MURAT_202002_MRE,2,February,13.6,17.0,26.7
2020-02-27T07:00:00Z,0.697,21.5,-9999,Esperance,-35996.4,MURAT_202002_MRE,2,February,13.6,17.0,26.7
2020-02-27T08:00:00Z,0.569,21.5,-9999,Esperance,-35996.4,MURAT_202002_MRE,2,February,13.6,17.0,26.7
2020-02-27T09:00:00Z,0.498,21.5,-9999,Esperance,-35996.4,MURAT_202002_MRE,2,February,13.6,17.0,26.7
2020-02-27T10:00:00Z,0.48,21.5,-9999,Esperance,-35996.4,MURAT_202002_MRE,2,February,13.6,17.0,26.7
2020-02-27T11:00:00Z,0.404,21.5,-9999,Esperance,-35996.4,MURAT_202002_MRE,2,February,13.6,17.0,26.7
2020-02-27T12:00:00Z,0.548,21.5,-9999,Esperance,-35996.4,MURAT_202002_MRE,2,February,13.6,17.0,26.7
2020-02-27T13:00:00Z,0.594,21.4,-9999,Esperance,-35996.4,MURAT_202002_MRE,2,February,13.6,17.0,26.7
2020-02-27T14:00:00Z,0.731,21.4,-9999,Esperance,-35996.4,MURAT_202002_MRE,2,February,13.6,17.0,26.7
2020-02-27T15:00:00Z,0.815,21.4,-9999,Esperance,-35996.4,MURAT_202002_MRE,2,February,13.6,17.0,26.7
2020-02-27T16:00:00Z,0.859,21.3,-9999,Esperance,-35996.4,MURAT_202002_MRE,2,February,13.6,17.0,26.7
2020-02-27T17:00:00Z,0.847,21.2,-9999,Esperance,-35996.4,MURAT_202002_MRE,2,February,13.6,17.0,26.7
2020-02-27T18:00:00Z,0.757,21.2,-9999,Esperance,-35996.4,MURAT_202002_MRE,2,February,13.6,17.0,26.7
2020-02-27T19:00:00Z,0.663,21.1,-9999,Esperance,-35996.4,MURAT_202002_MRE,2,February,13.6,17.0,26.7
2020-02-27T20:00:00Z,0.476,21.1,-9999,Esperance,-35996.4,MURAT_202002_MRE,2,February,13.6,17.0,26.7
2020-02-27T21:00:00Z,0.466,21.1,-9999,Esperance,-35996.4,MURAT_202002_MRE,2,February,13.6,17.0,26.7
2020-02-27T22:00:00Z,0.312,21,-9999,Esperance,-35996.4,MURAT_202002_MRE,2,February,13.6,17.0,26.7
2020-02-27T23:00:00Z,0.385,21,-9999,Esperance,-35996.4,MURAT_202002_MRE,2,February,13.6,17.0,26.7
2020-02-28T00:00:00Z,0.414,20.9,-9999,Esperance,-35996.4,MURAT_202002_MRE,2,February,13.6,17.0,26.7
2020-02-28T01:00:00Z,0.479,20.9,-9999,Esperance,-35996.4,MURAT_202002_MRE,2,February,13.6,17.0,26.7
2020-02-28T02:00:00Z,0.753,20.9,-9999,Esperance,-35996.4,MURAT_202002_MRE,2,February,13.6,17.0,26.7
2020-02-28T03:00:00Z,0.747,20.8,-9999,Esperance,-35996.4,MURAT_202002_MRE,2,February,13.6,17.0,26.7
2020-02-28T04:00:00Z,0.859,20.8,-9999,Esperance,-35996.4,MURAT_202002_MRE,2,February,13.6,17.0,26.7
2020-02-28T05:00:00Z,0.897,20.8,-9999,Esperance,-35996.4,MURAT_202002_MRE,2,February,13.6,17.0,26.7
2020-02-28T06:00:00Z,0.82,20.8,-9999,Esperance,-35996.4,MURAT_202002_MRE,2,February,13.6,17.0,26.7
2020-02-28T07:00:00Z,0.815,20.8,-9999,Esperance,-35996.4,MURAT_202002_MRE,2,February,13.6,17.0,26.7
2020-02-28T08:00:00Z,0.662,20.8,-9999,Esperance,-35996.4,MURAT_202002_MRE,2,February,13.6,17.0,26.7
2020-02-28T09:00:00Z,0.64,20.8,-9999,Esperance,-35996.4,MURAT_202002_MRE,2,February,13.6,17.0,26.7
2020-02-28T10:00:00Z,0.56,20.9,-9999,Esperance,-35996.4,MURAT_202002_MRE,2,February,13.6,17.0,26.7
2020-02-28T11:00:00Z,0.56,20.9,-9999,Esperance,-35996.4,MURAT_202002_MRE,2,February,13.6,17.0,26.7
2020-02-28T12:00:00Z,0.621,20.8,-9999,Esperance,-35996.4,MURAT_202002_MRE,2,February,13.6,17.0,26.7
2020-02-28T13:00:00Z,0.645,20.8,-9999,Esperance,-35996.4,MURAT_202002_MRE,2,February,13.6,17.0,26.7
2020-02-28T14:00:00Z,0.788,20.5,-9999,Esperance,-35996.4,MURAT_202002_MRE,2,February,13.6,17.0,26.7
2020-02-28T15:00:00Z,0.867,20.5,-9999,Esperance,-35996.4,MURAT_202002_MRE,2,February,13.6,17.0,26.7
2020-02-28T16:00:00Z,0.832,20.5,-9999,Esperance,-35996.4,MURAT_202002_MRE,2,February,13.6,17.0,26.7
2020-02-28T17:00:00Z,0.978,-9999,-9999,Esperance,-35996.4,MURAT_202002_MRE,2,February,13.6,17.0,26.7
2020-02-28T18:00:00Z,0.84,20.5,-9999,Esperance,-35996.4,MURAT_202002_MRE,2,February,13.6,17.0,26.7
2020-02-28T19:00:00Z,0.811,20.5,-9999,Esperance,-35996.4,MURAT_202002_MRE,2,February,13.6,17.0,26.7
2020-02-28T20:00:00Z,0.72,20.5,-9999,Esperance,-35996.4,MURAT_202002_MRE,2,February,13.6,17.0,26.7
2020-02-28T21:00:00Z,0.661,20.5,-9999,Esperance,-35996.4,MURAT_202002_MRE,2,February,13.6,17.0,26.7
2020-02-28T22:00:00Z,0.559,20.5,-9999,Esperance,-35996.4,MURAT_202002_MRE,2,February,13.6,17.0,26.7
2020-02-28T23:00:00Z,0.525,20.4,-9999,Esperance,-35996.4,MURAT_202002_MRE,2,February,13.6,17.0,26.7
2020-02-29T00:00:00Z,0.672,20.4,-9999,Esperance,-35996.4,MURAT_202002_MRE,2,February,13.6,17.0,26.7
2020-02-29T01:00:00Z,0.72,20.4,-9999,Esperance,-35996.4,MURAT_202002_MRE,2,February,13.6,17.0,26.7
2020-02-29T02:00:00Z,0.864,20.4,-9999,Esperance,-35996.4,MURAT_202002_MRE,2,February,13.6,17.0,26.7
2020-02-29T03:00:00Z,0.983,-9999,-9999,Esperance,-35996.4,MURAT_202002_MRE,2,February,13.6,17.0,26.7
2020-02-29T04:00:00Z,0.997,20.4,-9999,Esperance,-35996.4,MURAT_202002_MRE,2,February,13.6,17.0,26.7
2020-02-29T05:00:00Z,1.131,20.5,-9999,Esperance,-35996.4,MURAT_202002_MRE,2,February,13.6,17.0,26.7
2020-02-29T06:00:00Z,1.092,20.4,-9999,Esperance,-35996.4,MURAT_202002_MRE,2,February,13.6,17.0,26.7
2020-02-29T07:00:00Z,0.995,20.6,-9999,Esperance,-35996.4,MURAT_202002_MRE,2,February,13.6,17.0,26.7
2020-02-29T08:00:00Z,1.009,20.6,-9999,Esperance,-35996.4,MURAT_202002_MRE,2,February,13.6,17.0,26.7
2020-02-29T09:00:00Z,0.899,20.8,-9999,Esperance,-35996.4,MURAT_202002_MRE,2,February,13.6,17.0,26.7
2020-02-29T10:00:00Z,0.852,20.6,-9999,Esperance,-35996.4,MURAT_202002_MRE,2,February,13.6,17.0,26.7
2020-02-29T11:00:00Z,0.796,20.6,-9999,Esperance,-35996.4,MURAT_202002_MRE,2,February,13.6,17.0,26.7
2020-02-29T12:00:00Z,0.861,20.6,-9999,Esperance,-35996.4,MURAT_202002_MRE,2,February,13.6,17.0,26.7
2020-02-29T13:00:00Z,0.849,20.6,-9999,Esperance,-35996.4,MURAT_202002_MRE,2,February,13.6,17.0,26.7
2020-02-29T14:00:00Z,0.931,20.6,-9999,Esperance,-35996.4,MURAT_202002_MRE,2,February,13.6,17.0,26.7
2020-02-29T15:00:00Z,1.005,20.6,-9999,Esperance,-35996.4,MURAT_202002_MRE,2,February,13.6,17.0,26.7
2020-02-29T16:00:00Z,1.045,20.6,-9999,Esperance,-35996.4,MURAT_202002_MRE,2,February,13.6,17.0,26.7
2020-02-29T17:00:00Z,1.004,20.1,-9999,Esperance,-35996.4,MURAT_202002_MRE,2,February,13.6,17.0,26.7
2020-02-29T18:00:00Z,1,19.8,-9999,Esperance,-35996.4,MURAT_202002_MRE,2,February,13.6,17.0,26.7
2020-02-29T19:00:00Z,0.883,19.7,-9999,Esperance,-35996.4,MURAT_202002_MRE,2,February,13.6,17.0,26.7
2020-02-29T20:00:00Z,0.832,19.8,-9999,Esperance,-35996.4,MURAT_202002_MRE,2,February,13.6,17.0,26.7
2020-02-29T21:00:00Z,0.713,20,-9999,Esperance,-35996.4,MURAT_202002_MRE,2,February,13.6,17.0,26.7
2020-02-29T22:00:00Z,0.697,19.9,-9999,Esperance,-35996.4,MURAT_202002_MRE,2,February,13.6,17.0,26.7
2020-02-29T23:00:00Z,0.646,19.9,-9999,Esperance,-35996.4,MURAT_202002_MRE,2,February,13.6,17.0,26.7
2020-03-01T00:00:00Z,0.64,20,-9999,Esperance,-35996.4,MURAT_202002_MRE,3,March,15.8,15.7,24.6
2020-03-01T01:00:00Z,0.718,19.9,-9999,Esperance,-35996.4,MURAT_202002_MRE,3,March,15.8,15.7,24.6
2020-03-01T02:00:00Z,0.821,19.9,-9999,Esperance,-35996.4,MURAT_202002_MRE,3,March,15.8,15.7,24.6
2020-03-01T03:00:00Z,0.89,19.9,-9999,Esperance,-35996.4,MURAT_202002_MRE,3,March,15.8,15.7,24.6
2020-03-01T04:00:00Z,0.928,19.8,-9999,Esperance,-35996.4,MURAT_202002_MRE,3,March,15.8,15.7,24.6
2020-03-01T05:00:00Z,1.015,19.9,-9999,Esperance,-35996.4,MURAT_202002_MRE,3,March,15.8,15.7,24.6
2020-03-01T06:00:00Z,0.961,20,-9999,Esperance,-35996.4,MURAT_202002_MRE,3,March,15.8,15.7,24.6
2020-03-01T07:00:00Z,0.885,20,-9999,Esperance,-35996.4,MURAT_202002_MRE,3,March,15.8,15.7,24.6
2020-03-01T08:00:00Z,0.924,20,-9999,Esperance,-35996.4,MURAT_202002_MRE,3,March,15.8,15.7,24.6
2020-03-01T09:00:00Z,0.77,19.9,-9999,Esperance,-35996.4,MURAT_202002_MRE,3,March,15.8,15.7,24.6
2020-03-01T10:00:00Z,0.705,19.9,-9999,Esperance,-35996.4,MURAT_202002_MRE,3,March,15.8,15.7,24.6
2020-03-01T11:00:00Z,0.728,19.8,-9999,Esperance,-35996.4,MURAT_202002_MRE,3,March,15.8,15.7,24.6
2020-03-01T12:00:00Z,0.665,19.8,-9999,Esperance,-35996.4,MURAT_202002_MRE,3,March,15.8,15.7,24.6
2020-03-01T13:00:00Z,0.669,19.8,-9999,Esperance,-35996.4,MURAT_202002_MRE,3,March,15.8,15.7,24.6
2020-03-01T14:00:00Z,0.705,19.7,-9999,Esperance,-35996.4,MURAT_202002_MRE,3,March,15.8,15.7,24.6
2020-03-01T15:00:00Z,0.723,19.7,-9999,Esperance,-35996.4,MURAT_202002_MRE,3,March,15.8,15.7,24.6
2020-03-01T16:00:00Z,0.7,19.7,-9999,Esperance,-35996.4,MURAT_202002_MRE,3,March,15.8,15.7,24.6
2020-03-01T17:00:00Z,0.702,19.7,-9999,Esperance,-35996.4,MURAT_202002_MRE,3,March,15.8,15.7,24.6
2020-03-01T18:00:00Z,0.641,19.7,-9999,Esperance,-35996.4,MURAT_202002_MRE,3,March,15.8,15.7,24.6
2020-03-01T19:00:00Z,0.552,19.6,-9999,Esperance,-35996.4,MURAT_202002_MRE,3,March,15.8,15.7,24.6
2020-03-01T20:00:00Z,0.528,19.6,-9999,Esperance,-35996.4,MURAT_202002_MRE,3,March,15.8,15.7,24.6
2020-03-01T21:00:00Z,0.429,19.6,-9999,Esperance,-35996.4,MURAT_202002_MRE,3,March,15.8,15.7,24.6
2020-03-01T22:00:00Z,0.354,19.5,-9999,Esperance,-35996.4,MURAT_202002_MRE,3,March,15.8,15.7,24.6
2020-03-01T23:00:00Z,0.41,19.5,-9999,Esperance,-35996.4,MURAT_202002_MRE,3,March,15.8,15.7,24.6
2020-03-02T00:00:00Z,0.388,19.5,-9999,Esperance,-35996.4,MURAT_202002_MRE,3,March,15.8,15.7,24.6
2020-03-02T01:00:00Z,0.449,19.6,-9999,Esperance,-35996.4,MURAT_202002_MRE,3,March,15.8,15.7,24.6
2020-03-02T02:00:00Z,0.565,19.6,-9999,Esperance,-35996.4,MURAT_202002_MRE,3,March,15.8,15.7,24.6
2020-03-02T03:00:00Z,0.652,19.6,-9999,Esperance,-35996.4,MURAT_202002_MRE,3,March,15.8,15.7,24.6
2020-03-02T04:00:00Z,0.732,19.7,-9999,Esperance,-35996.4,MURAT_202002_MRE,3,March,15.8,15.7,24.6
2020-03-02T05:00:00Z,0.796,19.7,-9999,Esperance,-35996.4,MURAT_202002_MRE,3,March,15.8,15.7,24.6
2020-03-02T06:00:00Z,0.813,19.7,-9999,Esperance,-35996.4,MURAT_202002_MRE,3,March,15.8,15.7,24.6
2020-03-02T07:00:00Z,0.802,19.8,-9999,Esperance,-35996.4,MURAT_202002_MRE,3,March,15.8,15.7,24.6
2020-03-02T08:00:00Z,0.75,19.8,-9999,Esperance,-35996.4,MURAT_202002_MRE,3,March,15.8,15.7,24.6
2020-03-02T09:00:00Z,0.741,19.9,-9999,Esperance,-35996.4,MURAT_202002_MRE,3,March,15.8,15.7,24.6
2020-03-02T10:00:00Z,0.661,19.9,-9999,Esperance,-35996.4,MURAT_202002_MRE,3,March,15.8,15.7,24.6
2020-03-02T11:00:00Z,0.617,19.8,-9999,Esperance,-35996.4,MURAT_202002_MRE,3,March,15.8,15.7,24.6
2020-03-02T12:00:00Z,0.646,19.8,-9999,Esperance,-35996.4,MURAT_202002_MRE,3,March,15.8,15.7,24.6
2020-03-02T13:00:00Z,0.567,19.8,-9999,Esperance,-35996.4,MURAT_202002_MRE,3,March,15.8,15.7,24.6
2020-03-02T14:00:00Z,0.555,19.7,-9999,Esperance,-35996.4,MURAT_202002_MRE,3,March,15.8,15.7,24.6
2020-03-02T15:00:00Z,0.583,19.7,-9999,Esperance,-35996.4,MURAT_202002_MRE,3,March,15.8,15.7,24.6
2020-03-02T16:00:00Z,0.539,19.6,-9999,Esperance,-35996.4,MURAT_202002_MRE,3,March,15.8,15.7,24.6
2020-03-02T17:00:00Z,0.502,19.6,-9999,Esperance,-35996.4,MURAT_202002_MRE,3,March,15.8,15.7,24.6
2020-03-02T18:00:00Z,0.456,19.6,-9999,Esperance,-35996.4,MURAT_202002_MRE,3,March,15.8,15.7,24.6
2020-03-02T19:00:00Z,0.406,19.6,-9999,Esperance,-35996.4,MURAT_202002_MRE,3,March,15.8,15.7,24.6
2020-03-02T20:00:00Z,0.333,19.5,-9999,Esperance,-35996.4,MURAT_202002_MRE,3,March,15.8,15.7,24.6
2020-03-02T21:00:00Z,0.294,19.5,-9999,Esperance,-35996.4,MURAT_202002_MRE,3,March,15.8,15.7,24.6
2020-03-02T22:00:00Z,0.304,19.5,-9999,Esperance,-35996.4,MURAT_202002_MRE,3,March,15.8,15.7,24.6
2020-03-02T23:00:00Z,0.303,19.5,-9999,Esperance,-35996.4,MURAT_202002_MRE,3,March,15.8,15.7,24.6
2020-03-03T00:00:00Z,0.338,19.5,-9999,Esperance,-35996.4,MURAT_202002_MRE,3,March,15.8,15.7,24.6
2020-03-03T01:00:00Z,0.424,19.5,-9999,Esperance,-35996.4,MURAT_202002_MRE,3,March,15.8,15.7,24.6
2020-03-03T02:00:00Z,0.498,19.5,-9999,Esperance,-35996.4,MURAT_202002_MRE,3,March,15.8,15.7,24.6
2020-03-03T03:00:00Z,0.602,19.5,-9999,Esperance,-35996.4,MURAT_202002_MRE,3,March,15.8,15.7,24.6
2020-03-03T04:00:00Z,0.68,19.6,-9999,Esperance,-35996.4,MURAT_202002_MRE,3,March,15.8,15.7,24.6
2020-03-03T05:00:00Z,0.742,19.6,-9999,Esperance,-35996.4,MURAT_202002_MRE,3,March,15.8,15.7,24.6
2020-03-03T06:00:00Z,0.78,19.7,-9999,Esperance,-35996.4,MURAT_202002_MRE,3,March,15.8,15.7,24.6
2020-03-03T07:00:00Z,0.794,19.8,-9999,Esperance,-35996.4,MURAT_202002_MRE,3,March,15.8,15.7,24.6
2020-03-03T08:00:00Z,0.823,19.9,-9999,Esperance,-35996.4,MURAT_202002_MRE,3,March,15.8,15.7,24.6
2020-03-03T09:00:00Z,0.838,19.9,-9999,Esperance,-35996.4,MURAT_202002_MRE,3,March,15.8,15.7,24.6
2020-03-03T10:00:00Z,0.813,19.9,-9999,Esperance,-35996.4,MURAT_202002_MRE,3,March,15.8,15.7,24.6
2020-03-03T11:00:00Z,0.819,19.9,-9999,Esperance,-35996.4,MURAT_202002_MRE,3,March,15.8,15.7,24.6
2020-03-03T12:00:00Z,0.817,19.9,-9999,Esperance,-35996.4,MURAT_202002_MRE,3,March,15.8,15.7,24.6
2020-03-03T13:00:00Z,0.776,19.9,-9999,Esperance,-35996.4,MURAT_202002_MRE,3,March,15.8,15.7,24.6
2020-03-03T14:00:00Z,0.727,19.9,-9999,Esperance,-35996.4,MURAT_202002_MRE,3,March,15.8,15.7,24.6
2020-03-03T15:00:00Z,0.678,19.9,-9999,Esperance,-35996.4,MURAT_202002_MRE,3,March,15.8,15.7,24.6
2020-03-03T16:00:00Z,0.635,19.8,-9999,Esperance,-35996.4,MURAT_202002_MRE,3,March,15.8,15.7,24.6
2020-03-03T17:00:00Z,0.567,19.8,-9999,Esperance,-35996.4,MURAT_202002_MRE,3,March,15.8,15.7,24.6
2020-03-03T18:00:00Z,0.505,19.8,-9999,Esperance,-35996.4,MURAT_202002_MRE,3,March,15.8,15.7,24.6
2020-03-03T19:00:00Z,0.453,19.8,-9999,Esperance,-35996.4,MURAT_202002_MRE,3,March,15.8,15.7,24.6
2020-03-03T20:00:00Z,0.407,19.7,-9999,Esperance,-35996.4,MURAT_202002_MRE,3,March,15.8,15.7,24.6
2020-03-03T21:00:00Z,0.38,19.7,-9999,Esperance,-35996.4,MURAT_202002_MRE,3,March,15.8,15.7,24.6
2020-03-03T22:00:00Z,0.384,19.7,-9999,Esperance,-35996.4,MURAT_202002_MRE,3,March,15.8,15.7,24.6
2020-03-03T23:00:00Z,0.442,19.7,-9999,Esperance,-35996.4,MURAT_202002_MRE,3,March,15.8,15.7,24.6
2020-03-04T00:00:00Z,0.486,19.6,-9999,Esperance,-35996.4,MURAT_202002_MRE,3,March,15.8,15.7,24.6
2020-03-04T01:00:00Z,0.564,19.6,-9999,Esperance,-35996.4,MURAT_202002_MRE,3,March,15.8,15.7,24.6
2020-03-04T02:00:00Z,0.663,19.7,-9999,Esperance,-35996.4,MURAT_202002_MRE,3,March,15.8,15.7,24.6
2020-03-04T03:00:00Z,0.741,19.7,-9999,Esperance,-35996.4,MURAT_202002_MRE,3,March,15.8,15.7,24.6
2020-03-04T04:00:00Z,0.8,19.8,-9999,Esperance,-35996.4,MURAT_202002_MRE,3,March,15.8,15.7,24.6
2020-03-04T05:00:00Z,0.846,19.8,-9999,Esperance,-35996.4,MURAT_202002_MRE,3,March,15.8,15.7,24.6
2020-03-04T06:00:00Z,0.893,20,-9999,Esperance,-35996.4,MURAT_202002_MRE,3,March,15.8,15.7,24.6
2020-03-04T07:00:00Z,0.923,20.1,-9999,Esperance,-35996.4,MURAT_202002_MRE,3,March,15.8,15.7,24.6
2020-03-04T08:00:00Z,0.957,20.1,-9999,Esperance,-35996.4,MURAT_202002_MRE,3,March,15.8,15.7,24.6
2020-03-04T09:00:00Z,0.979,20.1,-9999,Esperance,-35996.4,MURAT_202002_MRE,3,March,15.8,15.7,24.6
2020-03-04T10:00:00Z,0.988,20.1,-9999,Esperance,-35996.4,MURAT_202002_MRE,3,March,15.8,15.7,24.6
2020-03-04T11:00:00Z,1.03,20,-9999,Esperance,-35996.4,MURAT_202002_MRE,3,March,15.8,15.7,24.6
2020-03-04T12:00:00Z,1.052,20.1,-9999,Esperance,-35996.4,MURAT_202002_MRE,3,March,15.8,15.7,24.6
2020-03-04T13:00:00Z,0.993,20.1,-9999,Esperance,-35996.4,MURAT_202002_MRE,3,March,15.8,15.7,24.6
2020-03-04T14:00:00Z,0.928,20.1,-9999,Esperance,-35996.4,MURAT_202002_MRE,3,March,15.8,15.7,24.6
2020-03-04T15:00:00Z,0.856,20.1,-9999,Esperance,-35996.4,MURAT_202002_MRE,3,March,15.8,15.7,24.6
2020-03-04T16:00:00Z,0.749,20.1,-9999,Esperance,-35996.4,MURAT_202002_MRE,3,March,15.8,15.7,24.6
2020-03-04T17:00:00Z,0.616,20.1,-9999,Esperance,-35996.4,MURAT_202002_MRE,3,March,15.8,15.7,24.6
2020-03-04T18:00:00Z,0.509,20.1,-9999,Esperance,-35996.4,MURAT_202002_MRE,3,March,15.8,15.7,24.6
2020-03-04T19:00:00Z,0.447,20.1,-9999,Esperance,-35996.4,MURAT_202002_MRE,3,March,15.8,15.7,24.6
2020-03-04T20:00:00Z,0.377,20,-9999,Esperance,-35996.4,MURAT_202002_MRE,3,March,15.8,15.7,24.6
2020-03-04T21:00:00Z,0.367,20,-9999,Esperance,-35996.4,MURAT_202002_MRE,3,March,15.8,15.7,24.6
2020-03-04T22:00:00Z,0.418,20,-9999,Esperance,-35996.4,MURAT_202002_MRE,3,March,15.8,15.7,24.6
2020-03-04T23:00:00Z,0.456,19.9,-9999,Esperance,-35996.4,MURAT_202002_MRE,3,March,15.8,15.7,24.6
2020-03-05T00:00:00Z,0.537,19.9,-9999,Esperance,-35996.4,MURAT_202002_MRE,3,March,15.8,15.7,24.6
2020-03-05T01:00:00Z,0.646,19.9,-9999,Esperance,-35996.4,MURAT_202002_MRE,3,March,15.8,15.7,24.6
2020-03-05T02:00:00Z,0.709,20,-9999,Esperance,-35996.4,MURAT_202002_MRE,3,March,15.8,15.7,24.6
2020-03-05T03:00:00Z,0.755,20.1,-9999,Esperance,-35996.4,MURAT_202002_MRE,3,March,15.8,15.7,24.6
2020-03-05T04:00:00Z,0.801,20.2,-9999,Esperance,-35996.4,MURAT_202002_MRE,3,March,15.8,15.7,24.6
2020-03-05T05:00:00Z,0.833,20.2,-9999,Esperance,-35996.4,MURAT_202002_MRE,3,March,15.8,15.7,24.6
2020-03-05T06:00:00Z,0.798,20.1,-9999,Esperance,-35996.4,MURAT_202002_MRE,3,March,15.8,15.7,24.6
2020-03-05T07:00:00Z,0.839,19.9,-9999,Esperance,-35996.4,MURAT_202002_MRE,3,March,15.8,15.7,24.6
2020-03-05T08:00:00Z,0.863,19.8,-9999,Esperance,-35996.4,MURAT_202002_MRE,3,March,15.8,15.7,24.6
2020-03-05T09:00:00Z,0.881,20.2,-9999,Esperance,-35996.4,MURAT_202002_MRE,3,March,15.8,15.7,24.6
2020-03-05T10:00:00Z,0.974,20.1,-9999,Esperance,-35996.4,MURAT_202002_MRE,3,March,15.8,15.7,24.6
2020-03-05T11:00:00Z,1.049,20,-9999,Esperance,-35996.4,MURAT_202002_MRE,3,March,15.8,15.7,24.6
2020-03-05T12:00:00Z,1.073,20,-9999,Esperance,-35996.4,MURAT_202002_MRE,3,March,15.8,15.7,24.6
2020-03-05T13:00:00Z,1.065,20,-9999,Esperance,-35996.4,MURAT_202002_MRE,3,March,15.8,15.7,24.6
2020-03-05T14:00:00Z,1.004,20,-9999,Esperance,-35996.4,MURAT_202002_MRE,3,March,15.8,15.7,24.6
2020-03-05T15:00:00Z,0.937,20.1,-9999,Esperance,-35996.4,MURAT_202002_MRE,3,March,15.8,15.7,24.6
2020-03-05T16:00:00Z,0.771,20.2,-9999,Esperance,-35996.4,MURAT_202002_MRE,3,March,15.8,15.7,24.6
2020-03-05T17:00:00Z,0.611,20.3,-9999,Esperance,-35996.4,MURAT_202002_MRE,3,March,15.8,15.7,24.6
2020-03-05T18:00:00Z,0.478,20.3,-9999,Esperance,-35996.4,MURAT_202002_MRE,3,March,15.8,15.7,24.6
2020-03-05T19:00:00Z,0.336,20.3,-9999,Esperance,-35996.4,MURAT_202002_MRE,3,March,15.8,15.7,24.6
2020-03-05T20:00:00Z,0.278,20.2,-9999,Esperance,-35996.4,MURAT_202002_MRE,3,March,15.8,15.7,24.6
2020-03-05T21:00:00Z,0.234,20.2,-9999,Esperance,-35996.4,MURAT_202002_MRE,3,March,15.8,15.7,24.6
2020-03-05T22:00:00Z,0.33,20.1,-9999,Esperance,-35996.4,MURAT_202002_MRE,3,March,15.8,15.7,24.6
2020-03-05T23:00:00Z,0.357,20.1,-9999,Esperance,-35996.4,MURAT_202002_MRE,3,March,15.8,15.7,24.6
2020-03-06T00:00:00Z,0.47,20.2,-9999,Esperance,-35996.4,MURAT_202002_MRE,3,March,15.8,15.7,24.6
2020-03-06T01:00:00Z,0.594,20.2,-9999,Esperance,-35996.4,MURAT_202002_MRE,3,March,15.8,15.7,24.6
2020-03-06T02:00:00Z,0.566,20.2,-9999,Esperance,-35996.4,MURAT_202002_MRE,3,March,15.8,15.7,24.6
2020-03-06T03:00:00Z,0.739,20.2,-9999,Esperance,-35996.4,MURAT_202002_MRE,3,March,15.8,15.7,24.6
2020-03-06T04:00:00Z,0.672,20.1,-9999,Esperance,-35996.4,MURAT_202002_MRE,3,March,15.8,15.7,24.6
2020-03-06T05:00:00Z,0.635,20.1,-9999,Esperance,-35996.4,MURAT_202002_MRE,3,March,15.8,15.7,24.6
2020-03-06T06:00:00Z,0.689,20.1,-9999,Esperance,-35996.4,MURAT_202002_MRE,3,March,15.8,15.7,24.6
2020-03-06T07:00:00Z,0.6,20.1,-9999,Esperance,-35996.4,MURAT_202002_MRE,3,March,15.8,15.7,24.6
2020-03-06T08:00:00Z,0.629,20,-9999,Esperance,-35996.4,MURAT_202002_MRE,3,March,15.8,15.7,24.6
2020-03-06T09:00:00Z,0.681,20,-9999,Esperance,-35996.4,MURAT_202002_MRE,3,March,15.8,15.7,24.6
2020-03-06T10:00:00Z,0.735,19.9,-9999,Esperance,-35996.4,MURAT_202002_MRE,3,March,15.8,15.7,24.6
2020-03-06T11:00:00Z,0.863,19.9,-9999,Esperance,-35996.4,MURAT_202002_MRE,3,March,15.8,15.7,24.6
2020-03-06T12:00:00Z,0.98,19.9,-9999,Esperance,-35996.4,MURAT_202002_MRE,3,March,15.8,15.7,24.6
2020-03-06T13:00:00Z,1.125,19.8,-9999,Esperance,-35996.4,MURAT_202002_MRE,3,March,15.8,15.7,24.6
2020-03-06T14:00:00Z,1.036,19.7,-9999,Esperance,-35996.4,MURAT_202002_MRE,3,March,15.8,15.7,24.6
2020-03-06T15:00:00Z,1.001,19.6,-9999,Esperance,-35996.4,MURAT_202002_MRE,3,March,15.8,15.7,24.6
2020-03-06T16:00:00Z,0.82,19.6,-9999,Esperance,-35996.4,MURAT_202002_MRE,3,March,15.8,15.7,24.6
2020-03-06T17:00:00Z,0.626,19.6,-9999,Esperance,-35996.4,MURAT_202002_MRE,3,March,15.8,15.7,24.6
2020-03-06T18:00:00Z,0.468,19.6,-9999,Esperance,-35996.4,MURAT_202002_MRE,3,March,15.8,15.7,24.6
2020-03-06T19:00:00Z,0.289,19.6,-9999,Esperance,-35996.4,MURAT_202002_MRE,3,March,15.8,15.7,24.6
2020-03-06T20:00:00Z,0.178,19.6,-9999,Esperance,-35996.4,MURAT_202002_MRE,3,March,15.8,15.7,24.6
2020-03-06T21:00:00Z,0.152,19.6,-9999,Esperance,-35996.4,MURAT_202002_MRE,3,March,15.8,15.7,24.6
2020-03-06T22:00:00Z,0.153,19.5,-9999,Esperance,-35996.4,MURAT_202002_MRE,3,March,15.8,15.7,24.6
2020-03-06T23:00:00Z,0.275,19.4,-9999,Esperance,-35996.4,MURAT_202002_MRE,3,March,15.8,15.7,24.6
2020-03-07T00:00:00Z,0.374,19.4,-9999,Esperance,-35996.4,MURAT_202002_MRE,3,March,15.8,15.7,24.6
2020-03-07T01:00:00Z,0.493,19.5,-9999,Esperance,-35996.4,MURAT_202002_MRE,3,March,15.8,15.7,24.6
2020-03-07T02:00:00Z,0.618,19.6,-9999,Esperance,-35996.4,MURAT_202002_MRE,3,March,15.8,15.7,24.6
2020-03-07T03:00:00Z,0.638,19.7,-9999,Esperance,-35996.4,MURAT_202002_MRE,3,March,15.8,15.7,24.6
2020-03-07T04:00:00Z,0.67,19.8,-9999,Esperance,-35996.4,MURAT_202002_MRE,3,March,15.8,15.7,24.6
2020-03-07T05:00:00Z,0.633,19.8,-9999,Esperance,-35996.4,MURAT_202002_MRE,3,March,15.8,15.7,24.6
2020-03-07T06:00:00Z,0.576,19.8,-9999,Esperance,-35996.4,MURAT_202002_MRE,3,March,15.8,15.7,24.6
2020-03-07T07:00:00Z,0.536,19.9,-9999,Esperance,-35996.4,MURAT_202002_MRE,3,March,15.8,15.7,24.6
2020-03-07T08:00:00Z,0.546,20.1,-9999,Esperance,-35996.4,MURAT_202002_MRE,3,March,15.8,15.7,24.6
2020-03-07T09:00:00Z,0.58,20.2,-9999,Esperance,-35996.4,MURAT_202002_MRE,3,March,15.8,15.7,24.6
2020-03-07T10:00:00Z,0.694,20.2,-9999,Esperance,-35996.4,MURAT_202002_MRE,3,March,15.8,15.7,24.6
2020-03-07T11:00:00Z,0.822,20.2,-9999,Esperance,-35996.4,MURAT_202002_MRE,3,March,15.8,15.7,24.6
2020-03-07T12:00:00Z,0.992,20.2,-9999,Esperance,-35996.4,MURAT_202002_MRE,3,March,15.8,15.7,24.6
2020-03-07T13:00:00Z,1.064,20.3,-9999,Esperance,-35996.4,MURAT_202002_MRE,3,March,15.8,15.7,24.6
2020-03-07T14:00:00Z,1.142,20.2,-9999,Esperance,-35996.4,MURAT_202002_MRE,3,March,15.8,15.7,24.6
2020-03-07T15:00:00Z,1.101,20.2,-9999,Esperance,-35996.4,MURAT_202002_MRE,3,March,15.8,15.7,24.6
2020-03-07T16:00:00Z,0.966,20.2,-9999,Esperance,-35996.4,MURAT_202002_MRE,3,March,15.8,15.7,24.6
2020-03-07T17:00:00Z,0.782,20.2,-9999,Esperance,-35996.4,MURAT_202002_MRE,3,March,15.8,15.7,24.6
2020-03-07T18:00:00Z,0.554,20.2,-9999,Esperance,-35996.4,MURAT_202002_MRE,3,March,15.8,15.7,24.6
2020-03-07T19:00:00Z,0.342,20.2,-9999,Esperance,-35996.4,MURAT_202002_MRE,3,March,15.8,15.7,24.6
2020-03-07T20:00:00Z,0.189,20.1,-9999,Esperance,-35996.4,MURAT_202002_MRE,3,March,15.8,15.7,24.6
2020-03-07T21:00:00Z,0.111,20.1,-9999,Esperance,-35996.4,MURAT_202002_MRE,3,March,15.8,15.7,24.6
2020-03-07T22:00:00Z,0.122,20.1,-9999,Esperance,-35996.4,MURAT_202002_MRE,3,March,15.8,15.7,24.6
2020-03-07T23:00:00Z,0.188,20.1,-9999,Esperance,-35996.4,MURAT_202002_MRE,3,March,15.8,15.7,24.6
2020-03-08T00:00:00Z,0.342,20.1,-9999,Esperance,-35996.4,MURAT_202002_MRE,3,March,15.8,15.7,24.6
2020-03-08T01:00:00Z,0.442,20.1,-9999,Esperance,-35996.4,MURAT_202002_MRE,3,March,15.8,15.7,24.6
2020-03-08T02:00:00Z,0.604,20.1,-9999,Esperance,-35996.4,MURAT_202002_MRE,3,March,15.8,15.7,24.6
2020-03-08T03:00:00Z,0.658,20.1,-9999,Esperance,-35996.4,MURAT_202002_MRE,3,March,15.8,15.7,24.6
2020-03-08T04:00:00Z,0.662,20.3,-9999,Esperance,-35996.4,MURAT_202002_MRE,3,March,15.8,15.7,24.6
2020-03-08T05:00:00Z,0.624,20.4,-9999,Esperance,-35996.4,MURAT_202002_MRE,3,March,15.8,15.7,24.6
2020-03-08T06:00:00Z,0.55,20.4,-9999,Esperance,-35996.4,MURAT_202002_MRE,3,March,15.8,15.7,24.6
2020-03-08T07:00:00Z,0.45,20.5,-9999,Esperance,-35996.4,MURAT_202002_MRE,3,March,15.8,15.7,24.6
2020-03-08T08:00:00Z,0.436,20.6,-9999,Esperance,-35996.4,MURAT_202002_MRE,3,March,15.8,15.7,24.6
2020-03-08T09:00:00Z,0.442,20.7,-9999,Esperance,-35996.4,MURAT_202002_MRE,3,March,15.8,15.7,24.6
2020-03-08T10:00:00Z,0.53,20.7,-9999,Esperance,-35996.4,MURAT_202002_MRE,3,March,15.8,15.7,24.6
2020-03-08T11:00:00Z,0.669,20.8,-9999,Esperance,-35996.4,MURAT_202002_MRE,3,March,15.8,15.7,24.6
2020-03-08T12:00:00Z,0.892,20.8,-9999,Esperance,-35996.4,MURAT_202002_MRE,3,March,15.8,15.7,24.6
2020-03-08T13:00:00Z,1.006,20.8,-9999,Esperance,-35996.4,MURAT_202002_MRE,3,March,15.8,15.7,24.6
2020-03-08T14:00:00Z,1.125,20.7,-9999,Esperance,-35996.4,MURAT_202002_MRE,3,March,15.8,15.7,24.6
2020-03-08T15:00:00Z,1.196,20.7,-9999,Esperance,-35996.4,MURAT_202002_MRE,3,March,15.8,15.7,24.6
2020-03-08T16:00:00Z,1.09,20.7,-9999,Esperance,-35996.4,MURAT_202002_MRE,3,March,15.8,15.7,24.6
2020-03-08T17:00:00Z,0.924,20.7,-9999,Esperance,-35996.4,MURAT_202002_MRE,3,March,15.8,15.7,24.6
2020-03-08T18:00:00Z,0.741,20.6,-9999,Esperance,-35996.4,MURAT_202002_MRE,3,March,15.8,15.7,24.6
2020-03-08T19:00:00Z,0.49,20.6,-9999,Esperance,-35996.4,MURAT_202002_MRE,3,March,15.8,15.7,24.6
2020-03-08T20:00:00Z,0.303,20.6,-9999,Esperance,-35996.4,MURAT_202002_MRE,3,March,15.8,15.7,24.6
2020-03-08T21:00:00Z,0.208,20.4,-9999,Esperance,-35996.4,MURAT_202002_MRE,3,March,15.8,15.7,24.6
2020-03-08T22:00:00Z,0.176,20.1,-9999,Esperance,-35996.4,MURAT_202002_MRE,3,March,15.8,15.7,24.6
2020-03-08T23:00:00Z,0.211,20,-9999,Esperance,-35996.4,MURAT_202002_MRE,3,March,15.8,15.7,24.6
2020-03-09T00:00:00Z,0.346,20,-9999,Esperance,-35996.4,MURAT_202002_MRE,3,March,15.8,15.7,24.6
2020-03-09T01:00:00Z,0.492,20.1,-9999,Esperance,-35996.4,MURAT_202002_MRE,3,March,15.8,15.7,24.6
2020-03-09T02:00:00Z,0.622,20.1,-9999,Esperance,-35996.4,MURAT_202002_MRE,3,March,15.8,15.7,24.6
2020-03-09T03:00:00Z,0.712,20.1,-9999,Esperance,-35996.4,MURAT_202002_MRE,3,March,15.8,15.7,24.6
2020-03-09T04:00:00Z,0.753,20.2,-9999,Esperance,-35996.4,MURAT_202002_MRE,3,March,15.8,15.7,24.6
2020-03-09T05:00:00Z,0.689,20.3,-9999,Esperance,-35996.4,MURAT_202002_MRE,3,March,15.8,15.7,24.6
2020-03-09T06:00:00Z,0.602,20.4,-9999,Esperance,-35996.4,MURAT_202002_MRE,3,March,15.8,15.7,24.6
2020-03-09T07:00:00Z,0.499,20.4,-9999,Esperance,-35996.4,MURAT_202002_MRE,3,March,15.8,15.7,24.6
2020-03-09T08:00:00Z,0.437,20.4,-9999,Esperance,-35996.4,MURAT_202002_MRE,3,March,15.8,15.7,24.6
2020-03-09T09:00:00Z,0.413,20.4,-9999,Esperance,-35996.4,MURAT_202002_MRE,3,March,15.8,15.7,24.6
2020-03-09T10:00:00Z,0.458,20.4,-9999,Esperance,-35996.4,MURAT_202002_MRE,3,March,15.8,15.7,24.6
2020-03-09T11:00:00Z,0.617,20.6,-9999,Esperance,-35996.4,MURAT_202002_MRE,3,March,15.8,15.7,24.6
2020-03-09T12:00:00Z,0.776,20.5,-9999,Esperance,-35996.4,MURAT_202002_MRE,3,March,15.8,15.7,24.6
2020-03-09T13:00:00Z,0.938,20.5,-9999,Esperance,-35996.4,MURAT_202002_MRE,3,March,15.8,15.7,24.6
2020-03-09T14:00:00Z,1.114,20.5,-9999,Esperance,-35996.4,MURAT_202002_MRE,3,March,15.8,15.7,24.6
2020-03-09T15:00:00Z,1.16,20.5,-9999,Esperance,-35996.4,MURAT_202002_MRE,3,March,15.8,15.7,24.6
2020-03-09T16:00:00Z,1.166,19.9,-9999,Esperance,-35996.4,MURAT_202002_MRE,3,March,15.8,15.7,24.6
2020-03-09T17:00:00Z,1.085,19.8,-9999,Esperance,-35996.4,MURAT_202002_MRE,3,March,15.8,15.7,24.6
2020-03-09T18:00:00Z,0.872,19.9,-9999,Esperance,-35996.4,MURAT_202002_MRE,3,March,15.8,15.7,24.6
2020-03-09T19:00:00Z,0.663,20.1,-9999,Esperance,-35996.4,MURAT_202002_MRE,3,March,15.8,15.7,24.6
2020-03-09T20:00:00Z,0.484,19.8,-9999,Esperance,-35996.4,MURAT_202002_MRE,3,March,15.8,15.7,24.6
2020-03-09T21:00:00Z,0.308,19.7,-9999,Esperance,-35996.4,MURAT_202002_MRE,3,March,15.8,15.7,24.6
2020-03-09T22:00:00Z,0.241,19.6,-9999,Esperance,-35996.4,MURAT_202002_MRE,3,March,15.8,15.7,24.6
2020-03-09T23:00:00Z,0.309,19.5,-9999,Esperance,-35996.4,MURAT_202002_MRE,3,March,15.8,15.7,24.6
2020-03-10T00:00:00Z,0.412,19.4,-9999,Esperance,-35996.4,MURAT_202002_MRE,3,March,15.8,15.7,24.6
2020-03-10T01:00:00Z,0.553,19.3,-9999,Esperance,-35996.4,MURAT_202002_MRE,3,March,15.8,15.7,24.6
2020-03-10T02:00:00Z,0.701,19.2,-9999,Esperance,-35996.4,MURAT_202002_MRE,3,March,15.8,15.7,24.6
2020-03-10T03:00:00Z,0.827,19.2,-9999,Esperance,-35996.4,MURAT_202002_MRE,3,March,15.8,15.7,24.6
2020-03-10T04:00:00Z,0.834,19,-9999,Esperance,-35996.4,MURAT_202002_MRE,3,March,15.8,15.7,24.6
2020-03-10T05:00:00Z,0.826,18.8,-9999,Esperance,-35996.4,MURAT_202002_MRE,3,March,15.8,15.7,24.6
2020-03-10T06:00:00Z,0.759,18.8,-9999,Esperance,-35996.4,MURAT_202002_MRE,3,March,15.8,15.7,24.6
2020-03-10T07:00:00Z,0.618,19.2,-9999,Esperance,-35996.4,MURAT_202002_MRE,3,March,15.8,15.7,24.6
2020-03-10T08:00:00Z,0.527,19.6,-9999,Esperance,-35996.4,MURAT_202002_MRE,3,March,15.8,15.7,24.6
2020-03-10T09:00:00Z,0.481,19.4,-9999,Esperance,-35996.4,MURAT_202002_MRE,3,March,15.8,15.7,24.6
2020-03-10T10:00:00Z,0.496,19.5,-9999,Esperance,-35996.4,MURAT_202002_MRE,3,March,15.8,15.7,24.6
2020-03-10T11:00:00Z,0.586,19.6,-9999,Esperance,-35996.4,MURAT_202002_MRE,3,March,15.8,15.7,24.6
2020-03-10T12:00:00Z,0.749,19.9,-9999,Esperance,-35996.4,MURAT_202002_MRE,3,March,15.8,15.7,24.6
2020-03-10T13:00:00Z,0.912,20,-9999,Esperance,-35996.4,MURAT_202002_MRE,3,March,15.8,15.7,24.6
2020-03-10T14:00:00Z,1.037,19.7,-9999,Esperance,-35996.4,MURAT_202002_MRE,3,March,15.8,15.7,24.6
2020-03-10T15:00:00Z,1.17,19.8,-9999,Esperance,-35996.4,MURAT_202002_MRE,3,March,15.8,15.7,24.6
2020-03-10T16:00:00Z,1.209,19.8,-9999,Esperance,-35996.4,MURAT_202002_MRE,3,March,15.8,15.7,24.6
2020-03-10T17:00:00Z,1.143,19.8,-9999,Esperance,-35996.4,MURAT_202002_MRE,3,March,15.8,15.7,24.6
2020-03-10T18:00:00Z,1.029,19.7,-9999,Esperance,-35996.4,MURAT_202002_MRE,3,March,15.8,15.7,24.6
2020-03-10T19:00:00Z,0.861,19.8,-9999,Esperance,-35996.4,MURAT_202002_MRE,3,March,15.8,15.7,24.6
2020-03-10T20:00:00Z,0.68,19.8,-9999,Esperance,-35996.4,MURAT_202002_MRE,3,March,15.8,15.7,24.6
2020-03-10T21:00:00Z,0.526,19.7,-9999,Esperance,-35996.4,MURAT_202002_MRE,3,March,15.8,15.7,24.6
2020-03-10T22:00:00Z,0.441,19.5,-9999,Esperance,-35996.4,MURAT_202002_MRE,3,March,15.8,15.7,24.6
2020-03-10T23:00:00Z,0.464,19.3,-9999,Esperance,-35996.4,MURAT_202002_MRE,3,March,15.8,15.7,24.6
2020-03-11T00:00:00Z,0.527,19.1,-9999,Esperance,-35996.4,MURAT_202002_MRE,3,March,15.8,15.7,24.6
2020-03-11T01:00:00Z,0.679,18.9,-9999,Esperance,-35996.4,MURAT_202002_MRE,3,March,15.8,15.7,24.6
2020-03-11T02:00:00Z,0.826,18.9,-9999,Esperance,-35996.4,MURAT_202002_MRE,3,March,15.8,15.7,24.6
2020-03-11T03:00:00Z,0.926,18.9,-9999,Esperance,-35996.4,MURAT_202002_MRE,3,March,15.8,15.7,24.6
2020-03-11T04:00:00Z,0.998,18.9,-9999,Esperance,-35996.4,MURAT_202002_MRE,3,March,15.8,15.7,24.6
2020-03-11T05:00:00Z,1.012,18.8,-9999,Esperance,-35996.4,MURAT_202002_MRE,3,March,15.8,15.7,24.6
2020-03-11T06:00:00Z,0.932,18.8,-9999,Esperance,-35996.4,MURAT_202002_MRE,3,March,15.8,15.7,24.6
2020-03-11T07:00:00Z,0.824,18.9,-9999,Esperance,-35996.4,MURAT_202002_MRE,3,March,15.8,15.7,24.6
2020-03-11T08:00:00Z,0.701,19.2,-9999,Esperance,-35996.4,MURAT_202002_MRE,3,March,15.8,15.7,24.6
2020-03-11T09:00:00Z,0.638,19.3,-9999,Esperance,-35996.4,MURAT_202002_MRE,3,March,15.8,15.7,24.6
2020-03-11T10:00:00Z,0.572,19.2,-9999,Esperance,-35996.4,MURAT_202002_MRE,3,March,15.8,15.7,24.6
2020-03-11T11:00:00Z,0.58,18.9,-9999,Esperance,-35996.4,MURAT_202002_MRE,3,March,15.8,15.7,24.6
2020-03-11T12:00:00Z,0.72,19.6,-9999,Esperance,-35996.4,MURAT_202002_MRE,3,March,15.8,15.7,24.6
2020-03-11T13:00:00Z,0.833,19.7,-9999,Esperance,-35996.4,MURAT_202002_MRE,3,March,15.8,15.7,24.6
2020-03-11T14:00:00Z,0.91,19.8,-9999,Esperance,-35996.4,MURAT_202002_MRE,3,March,15.8,15.7,24.6
2020-03-11T15:00:00Z,1.035,19.4,-9999,Esperance,-35996.4,MURAT_202002_MRE,3,March,15.8,15.7,24.6
2020-03-11T16:00:00Z,1.099,19.3,-9999,Esperance,-35996.4,MURAT_202002_MRE,3,March,15.8,15.7,24.6
2020-03-11T17:00:00Z,1.075,19.3,-9999,Esperance,-35996.4,MURAT_202002_MRE,3,March,15.8,15.7,24.6
2020-03-11T18:00:00Z,0.994,19.5,-9999,Esperance,-35996.4,MURAT_202002_MRE,3,March,15.8,15.7,24.6
2020-03-11T19:00:00Z,0.927,19.5,-9999,Esperance,-35996.4,MURAT_202002_MRE,3,March,15.8,15.7,24.6
2020-03-11T20:00:00Z,0.756,19.5,-9999,Esperance,-35996.4,MURAT_202002_MRE,3,March,15.8,15.7,24.6
2020-03-11T21:00:00Z,0.613,19.5,-9999,Esperance,-35996.4,MURAT_202002_MRE,3,March,15.8,15.7,24.6
2020-03-11T22:00:00Z,0.559,19.5,-9999,Esperance,-35996.4,MURAT_202002_MRE,3,March,15.8,15.7,24.6
2020-03-11T23:00:00Z,0.52,19.5,-9999,Esperance,-35996.4,MURAT_202002_MRE,3,March,15.8,15.7,24.6
2020-03-12T00:00:00Z,0.588,19.4,-9999,Esperance,-35996.4,MURAT_202002_MRE,3,March,15.8,15.7,24.6
2020-03-12T01:00:00Z,0.711,19.5,-9999,Esperance,-35996.4,MURAT_202002_MRE,3,March,15.8,15.7,24.6
2020-03-12T02:00:00Z,0.827,19.4,-9999,Esperance,-35996.4,MURAT_202002_MRE,3,March,15.8,15.7,24.6
2020-03-12T03:00:00Z,0.929,19.5,-9999,Esperance,-35996.4,MURAT_202002_MRE,3,March,15.8,15.7,24.6
2020-03-12T04:00:00Z,0.987,19.6,-9999,Esperance,-35996.4,MURAT_202002_MRE,3,March,15.8,15.7,24.6
2020-03-12T05:00:00Z,0.988,19.7,-9999,Esperance,-35996.4,MURAT_202002_MRE,3,March,15.8,15.7,24.6
2020-03-12T06:00:00Z,0.927,19.7,-9999,Esperance,-35996.4,MURAT_202002_MRE,3,March,15.8,15.7,24.6
2020-03-12T07:00:00Z,0.822,19.8,-9999,Esperance,-35996.4,MURAT_202002_MRE,3,March,15.8,15.7,24.6
2020-03-12T08:00:00Z,0.71,19.8,-9999,Esperance,-35996.4,MURAT_202002_MRE,3,March,15.8,15.7,24.6
2020-03-12T09:00:00Z,0.614,19.8,-9999,Esperance,-35996.4,MURAT_202002_MRE,3,March,15.8,15.7,24.6
2020-03-12T10:00:00Z,0.548,19.9,-9999,Esperance,-35996.4,MURAT_202002_MRE,3,March,15.8,15.7,24.6
2020-03-12T11:00:00Z,0.516,19.9,-9999,Esperance,-35996.4,MURAT_202002_MRE,3,March,15.8,15.7,24.6
2020-03-12T12:00:00Z,0.569,19.8,-9999,Esperance,-35996.4,MURAT_202002_MRE,3,March,15.8,15.7,24.6
2020-03-12T13:00:00Z,0.662,19.8,-9999,Esperance,-35996.4,MURAT_202002_MRE,3,March,15.8,15.7,24.6
2020-03-12T14:00:00Z,0.723,19.8,-9999,Esperance,-35996.4,MURAT_202002_MRE,3,March,15.8,15.7,24.6
2020-03-12T15:00:00Z,0.787,19.8,-9999,Esperance,-35996.4,MURAT_202002_MRE,3,March,15.8,15.7,24.6
2020-03-12T16:00:00Z,0.835,19.8,-9999,Esperance,-35996.4,MURAT_202002_MRE,3,March,15.8,15.7,24.6
2020-03-12T17:00:00Z,0.826,19.8,-9999,Esperance,-35996.4,MURAT_202002_MRE,3,March,15.8,15.7,24.6
2020-03-12T18:00:00Z,0.796,19.8,-9999,Esperance,-35996.4,MURAT_202002_MRE,3,March,15.8,15.7,24.6
2020-03-12T19:00:00Z,0.725,19.7,-9999,Esperance,-35996.4,MURAT_202002_MRE,3,March,15.8,15.7,24.6
2020-03-12T20:00:00Z,0.67,19.7,-9999,Esperance,-35996.4,MURAT_202002_MRE,3,March,15.8,15.7,24.6
2020-03-12T21:00:00Z,0.568,19.7,-9999,Esperance,-35996.4,MURAT_202002_MRE,3,March,15.8,15.7,24.6
2020-03-12T22:00:00Z,0.487,19.6,-9999,Esperance,-35996.4,MURAT_202002_MRE,3,March,15.8,15.7,24.6
2020-03-12T23:00:00Z,0.506,19.6,-9999,Esperance,-35996.4,MURAT_202002_MRE,3,March,15.8,15.7,24.6
2020-03-13T00:00:00Z,0.554,19.6,-9999,Esperance,-35996.4,MURAT_202002_MRE,3,March,15.8,15.7,24.6
2020-03-13T01:00:00Z,0.627,19.6,-9999,Esperance,-35996.4,MURAT_202002_MRE,3,March,15.8,15.7,24.6
2020-03-13T02:00:00Z,0.776,19.5,-9999,Esperance,-35996.4,MURAT_202002_MRE,3,March,15.8,15.7,24.6
2020-03-13T03:00:00Z,0.851,19.6,-9999,Esperance,-35996.4,MURAT_202002_MRE,3,March,15.8,15.7,24.6
2020-03-13T04:00:00Z,0.892,19.8,-9999,Esperance,-35996.4,MURAT_202002_MRE,3,March,15.8,15.7,24.6
2020-03-13T05:00:00Z,0.914,19.8,-9999,Esperance,-35996.4,MURAT_202002_MRE,3,March,15.8,15.7,24.6
2020-03-13T06:00:00Z,0.868,19.8,-9999,Esperance,-35996.4,MURAT_202002_MRE,3,March,15.8,15.7,24.6
2020-03-13T07:00:00Z,0.802,19.8,-9999,Esperance,-35996.4,MURAT_202002_MRE,3,March,15.8,15.7,24.6
2020-03-13T08:00:00Z,0.733,19.9,-9999,Esperance,-35996.4,MURAT_202002_MRE,3,March,15.8,15.7,24.6
2020-03-13T09:00:00Z,0.602,19.9,-9999,Esperance,-35996.4,MURAT_202002_MRE,3,March,15.8,15.7,24.6
2020-03-13T10:00:00Z,0.528,19.9,-9999,Esperance,-35996.4,MURAT_202002_MRE,3,March,15.8,15.7,24.6
2020-03-13T11:00:00Z,0.473,19.9,-9999,Esperance,-35996.4,MURAT_202002_MRE,3,March,15.8,15.7,24.6
2020-03-13T12:00:00Z,0.448,19.9,-9999,Esperance,-35996.4,MURAT_202002_MRE,3,March,15.8,15.7,24.6
2020-03-13T13:00:00Z,0.495,19.9,-9999,Esperance,-35996.4,MURAT_202002_MRE,3,March,15.8,15.7,24.6
2020-03-13T14:00:00Z,0.521,19.8,-9999,Esperance,-35996.4,MURAT_202002_MRE,3,March,15.8,15.7,24.6
2020-03-13T15:00:00Z,0.515,19.7,-9999,Esperance,-35996.4,MURAT_202002_MRE,3,March,15.8,15.7,24.6
2020-03-13T16:00:00Z,0.548,19.7,-9999,Esperance,-35996.4,MURAT_202002_MRE,3,March,15.8,15.7,24.6
2020-03-13T17:00:00Z,0.523,19.7,-9999,Esperance,-35996.4,MURAT_202002_MRE,3,March,15.8,15.7,24.6
2020-03-13T18:00:00Z,0.477,19.7,-9999,Esperance,-35996.4,MURAT_202002_MRE,3,March,15.8,15.7,24.6
2020-03-13T19:00:00Z,0.422,19.6,-9999,Esperance,-35996.4,MURAT_202002_MRE,3,March,15.8,15.7,24.6
2020-03-13T20:00:00Z,0.399,19.6,-9999,Esperance,-35996.4,MURAT_202002_MRE,3,March,15.8,15.7,24.6
2020-03-13T21:00:00Z,0.347,19.6,-9999,Esperance,-35996.4,MURAT_202002_MRE,3,March,15.8,15.7,24.6
2020-03-13T22:00:00Z,0.345,19.6,-9999,Esperance,-35996.4,MURAT_202002_MRE,3,March,15.8,15.7,24.6
2020-03-13T23:00:00Z,0.367,19.6,-9999,Esperance,-35996.4,MURAT_202002_MRE,3,March,15.8,15.7,24.6
2020-03-14T00:00:00Z,0.405,19.6,-9999,Esperance,-35996.4,MURAT_202002_MRE,3,March,15.8,15.7,24.6
2020-03-14T01:00:00Z,0.52,19.6,-9999,Esperance,-35996.4,MURAT_202002_MRE,3,March,15.8,15.7,24.6
2020-03-14T02:00:00Z,0.643,19.6,-9999,Esperance,-35996.4,MURAT_202002_MRE,3,March,15.8,15.7,24.6
2020-03-14T03:00:00Z,0.73,19.7,-9999,Esperance,-35996.4,MURAT_202002_MRE,3,March,15.8,15.7,24.6
2020-03-14T04:00:00Z,0.798,19.7,-9999,Esperance,-35996.4,MURAT_202002_MRE,3,March,15.8,15.7,24.6
2020-03-14T05:00:00Z,0.816,19.7,-9999,Esperance,-35996.4,MURAT_202002_MRE,3,March,15.8,15.7,24.6
2020-03-14T06:00:00Z,0.796,19.7,-9999,Esperance,-35996.4,MURAT_202002_MRE,3,March,15.8,15.7,24.6
2020-03-14T07:00:00Z,0.722,19.7,-9999,Esperance,-35996.4,MURAT_202002_MRE,3,March,15.8,15.7,24.6
2020-03-14T08:00:00Z,0.668,19.7,-9999,Esperance,-35996.4,MURAT_202002_MRE,3,March,15.8,15.7,24.6
2020-03-14T09:00:00Z,0.609,19.7,-9999,Esperance,-35996.4,MURAT_202002_MRE,3,March,15.8,15.7,24.6
2020-03-14T10:00:00Z,0.571,19.8,-9999,Esperance,-35996.4,MURAT_202002_MRE,3,March,15.8,15.7,24.6
2020-03-14T11:00:00Z,0.517,19.8,-9999,Esperance,-35996.4,MURAT_202002_MRE,3,March,15.8,15.7,24.6
2020-03-14T12:00:00Z,0.514,19.8,-9999,Esperance,-35996.4,MURAT_202002_MRE,3,March,15.8,15.7,24.6
2020-03-14T13:00:00Z,0.519,19.8,-9999,Esperance,-35996.4,MURAT_202002_MRE,3,March,15.8,15.7,24.6
2020-03-14T14:00:00Z,0.499,19.8,-9999,Esperance,-35996.4,MURAT_202002_MRE,3,March,15.8,15.7,24.6
2020-03-14T15:00:00Z,0.542,19.8,-9999,Esperance,-35996.4,MURAT_202002_MRE,3,March,15.8,15.7,24.6
2020-03-14T16:00:00Z,0.465,19.7,-9999,Esperance,-35996.4,MURAT_202002_MRE,3,March,15.8,15.7,24.6
2020-03-14T17:00:00Z,0.432,19.7,-9999,Esperance,-35996.4,MURAT_202002_MRE,3,March,15.8,15.7,24.6
2020-03-14T18:00:00Z,0.396,19.6,-9999,Esperance,-35996.4,MURAT_202002_MRE,3,March,15.8,15.7,24.6
2020-03-14T19:00:00Z,0.326,19.6,-9999,Esperance,-35996.4,MURAT_202002_MRE,3,March,15.8,15.7,24.6
2020-03-14T20:00:00Z,0.297,19.6,-9999,Esperance,-35996.4,MURAT_202002_MRE,3,March,15.8,15.7,24.6
2020-03-14T21:00:00Z,0.297,19.5,-9999,Esperance,-35996.4,MURAT_202002_MRE,3,March,15.8,15.7,24.6
2020-03-14T22:00:00Z,0.366,19.5,-9999,Esperance,-35996.4,MURAT_202002_MRE,3,March,15.8,15.7,24.6
2020-03-14T23:00:00Z,0.372,19.5,-9999,Esperance,-35996.4,MURAT_202002_MRE,3,March,15.8,15.7,24.6
2020-03-15T00:00:00Z,0.502,19.5,-9999,Esperance,-35996.4,MURAT_202002_MRE,3,March,15.8,15.7,24.6
2020-03-15T01:00:00Z,0.613,19.5,-9999,Esperance,-35996.4,MURAT_202002_MRE,3,March,15.8,15.7,24.6
2020-03-15T02:00:00Z,0.706,19.6,-9999,Esperance,-35996.4,MURAT_202002_MRE,3,March,15.8,15.7,24.6
2020-03-15T03:00:00Z,0.839,19.5,-9999,Esperance,-35996.4,MURAT_202002_MRE,3,March,15.8,15.7,24.6
2020-03-15T04:00:00Z,0.943,19.6,-9999,Esperance,-35996.4,MURAT_202002_MRE,3,March,15.8,15.7,24.6
2020-03-15T05:00:00Z,0.983,19.6,-9999,Esperance,-35996.4,MURAT_202002_MRE,3,March,15.8,15.7,24.6
2020-03-15T06:00:00Z,0.967,19.6,-9999,Esperance,-35996.4,MURAT_202002_MRE,3,March,15.8,15.7,24.6
2020-03-15T07:00:00Z,0.944,19.6,-9999,Esperance,-35996.4,MURAT_202002_MRE,3,March,15.8,15.7,24.6
2020-03-15T08:00:00Z,0.931,19.6,-9999,Esperance,-35996.4,MURAT_202002_MRE,3,March,15.8,15.7,24.6
2020-03-15T09:00:00Z,0.87,19.4,-9999,Esperance,-35996.4,MURAT_202002_MRE,3,March,15.8,15.7,24.6
2020-03-15T10:00:00Z,0.864,18.4,-9999,Esperance,-35996.4,MURAT_202002_MRE,3,March,15.8,15.7,24.6
2020-03-15T11:00:00Z,0.827,18.2,-9999,Esperance,-35996.4,MURAT_202002_MRE,3,March,15.8,15.7,24.6
2020-03-15T12:00:00Z,0.828,18.1,-9999,Esperance,-35996.4,MURAT_202002_MRE,3,March,15.8,15.7,24.6
2020-03-15T13:00:00Z,0.818,17.9,-9999,Esperance,-35996.4,MURAT_202002_MRE,3,March,15.8,15.7,24.6
2020-03-15T14:00:00Z,0.791,17.9,-9999,Esperance,-35996.4,MURAT_202002_MRE,3,March,15.8,15.7,24.6
2020-03-15T15:00:00Z,0.781,17.5,-9999,Esperance,-35996.4,MURAT_202002_MRE,3,March,15.8,15.7,24.6
2020-03-15T16:00:00Z,0.723,17.4,-9999,Esperance,-35996.4,MURAT_202002_MRE,3,March,15.8,15.7,24.6
2020-03-15T17:00:00Z,0.63,17.9,-9999,Esperance,-35996.4,MURAT_202002_MRE,3,March,15.8,15.7,24.6
2020-03-15T18:00:00Z,0.579,17.9,-9999,Esperance,-35996.4,MURAT_202002_MRE,3,March,15.8,15.7,24.6
2020-03-15T19:00:00Z,0.483,17.9,-9999,Esperance,-35996.4,MURAT_202002_MRE,3,March,15.8,15.7,24.6
2020-03-15T20:00:00Z,0.473,17.8,-9999,Esperance,-35996.4,MURAT_202002_MRE,3,March,15.8,15.7,24.6
2020-03-15T21:00:00Z,0.44,17.9,-9999,Esperance,-35996.4,MURAT_202002_MRE,3,March,15.8,15.7,24.6
2020-03-15T22:00:00Z,0.526,18.1,-9999,Esperance,-35996.4,MURAT_202002_MRE,3,March,15.8,15.7,24.6
2020-03-15T23:00:00Z,0.571,18.3,-9999,Esperance,-35996.4,MURAT_202002_MRE,3,March,15.8,15.7,24.6
2020-03-16T00:00:00Z,0.674,18.5,-9999,Esperance,-35996.4,MURAT_202002_MRE,3,March,15.8,15.7,24.6
2020-03-16T01:00:00Z,0.816,18.6,-9999,Esperance,-35996.4,MURAT_202002_MRE,3,March,15.8,15.7,24.6
2020-03-16T02:00:00Z,0.902,18.7,-9999,Esperance,-35996.4,MURAT_202002_MRE,3,March,15.8,15.7,24.6
2020-03-16T03:00:00Z,1.03,18.7,-9999,Esperance,-35996.4,MURAT_202002_MRE,3,March,15.8,15.7,24.6
2020-03-16T04:00:00Z,1.112,18.6,-9999,Esperance,-35996.4,MURAT_202002_MRE,3,March,15.8,15.7,24.6
2020-03-16T05:00:00Z,1.108,-9999,-9999,Esperance,-35996.4,MURAT_202002_MRE,3,March,15.8,15.7,24.6
2020-03-16T06:00:00Z,1.126,18.6,-9999,Esperance,-35996.4,MURAT_202002_MRE,3,March,15.8,15.7,24.6
2020-03-16T07:00:00Z,1.082,18.4,-9999,Esperance,-35996.4,MURAT_202002_MRE,3,March,15.8,15.7,24.6
2020-03-16T08:00:00Z,1.059,18.2,-9999,Esperance,-35996.4,MURAT_202002_MRE,3,March,15.8,15.7,24.6
2020-03-16T09:00:00Z,1.044,18.3,-9999,Esperance,-35996.4,MURAT_202002_MRE,3,March,15.8,15.7,24.6
2020-03-16T10:00:00Z,1.01,18.3,-9999,Esperance,-35996.4,MURAT_202002_MRE,3,March,15.8,15.7,24.6
2020-03-16T11:00:00Z,1.01,18.3,-9999,Esperance,-35996.4,MURAT_202002_MRE,3,March,15.8,15.7,24.6
2020-03-16T12:00:00Z,1.025,-9999,-9999,Esperance,-35996.4,MURAT_202002_MRE,3,March,15.8,15.7,24.6
2020-03-16T13:00:00Z,1.025,18.4,-9999,Esperance,-35996.4,MURAT_202002_MRE,3,March,15.8,15.7,24.6
2020-03-16T14:00:00Z,0.966,18.8,-9999,Esperance,-35996.4,MURAT_202002_MRE,3,March,15.8,15.7,24.6
2020-03-16T15:00:00Z,0.966,19.1,-9999,Esperance,-35996.4,MURAT_202002_MRE,3,March,15.8,15.7,24.6
2020-03-16T16:00:00Z,0.881,19.2,-9999,Esperance,-35996.4,MURAT_202002_MRE,3,March,15.8,15.7,24.6
2020-03-16T17:00:00Z,0.747,19.3,-9999,Esperance,-35996.4,MURAT_202002_MRE,3,March,15.8,15.7,24.6
2020-03-16T18:00:00Z,0.717,19.3,-9999,Esperance,-35996.4,MURAT_202002_MRE,3,March,15.8,15.7,24.6
2020-03-16T19:00:00Z,0.585,19.3,-9999,Esperance,-35996.4,MURAT_202002_MRE,3,March,15.8,15.7,24.6
2020-03-16T20:00:00Z,0.512,-9999,-9999,Esperance,-35996.4,MURAT_202002_MRE,3,March,15.8,15.7,24.6
2020-03-16T21:00:00Z,0.491,-9999,-9999,Esperance,-35996.4,MURAT_202002_MRE,3,March,15.8,15.7,24.6
2020-03-16T22:00:00Z,0.535,19.3,-9999,Esperance,-35996.4,MURAT_202002_MRE,3,March,15.8,15.7,24.6
2020-03-16T23:00:00Z,0.631,19.3,-9999,Esperance,-35996.4,MURAT_202002_MRE,3,March,15.8,15.7,24.6
2020-03-17T00:00:00Z,0.72,-9999,-9999,Esperance,-35996.4,MURAT_202002_MRE,3,March,15.8,15.7,24.6
2020-03-17T01:00:00Z,0.842,19.3,-9999,Esperance,-35996.4,MURAT_202002_MRE,3,March,15.8,15.7,24.6
2020-03-17T02:00:00Z,0.949,19.4,-9999,Esperance,-35996.4,MURAT_202002_MRE,3,March,15.8,15.7,24.6
2020-03-17T03:00:00Z,1.018,19.6,-9999,Esperance,-35996.4,MURAT_202002_MRE,3,March,15.8,15.7,24.6
2020-03-17T04:00:00Z,1.128,19.6,-9999,Esperance,-35996.4,MURAT_202002_MRE,3,March,15.8,15.7,24.6
2020-03-17T05:00:00Z,1.098,19.5,-9999,Esperance,-35996.4,MURAT_202002_MRE,3,March,15.8,15.7,24.6
2020-03-17T06:00:00Z,1.133,19.4,-9999,Esperance,-35996.4,MURAT_202002_MRE,3,March,15.8,15.7,24.6
2020-03-17T07:00:00Z,1.113,19.3,-9999,Esperance,-35996.4,MURAT_202002_MRE,3,March,15.8,15.7,24.6
2020-03-17T08:00:00Z,1.066,-9999,-9999,Esperance,-35996.4,MURAT_202002_MRE,3,March,15.8,15.7,24.6
2020-03-17T09:00:00Z,1.109,19.1,-9999,Esperance,-35996.4,MURAT_202002_MRE,3,March,15.8,15.7,24.6
2020-03-17T10:00:00Z,1.06,19.2,-9999,Esperance,-35996.4,MURAT_202002_MRE,3,March,15.8,15.7,24.6
2020-03-17T11:00:00Z,1.098,19.4,-9999,Esperance,-35996.4,MURAT_202002_MRE,3,March,15.8,15.7,24.6
2020-03-17T12:00:00Z,1.151,-9999,-9999,Esperance,-35996.4,MURAT_202002_MRE,3,March,15.8,15.7,24.6
2020-03-17T13:00:00Z,1.104,19.4,-9999,Esperance,-35996.4,MURAT_202002_MRE,3,March,15.8,15.7,24.6
2020-03-17T14:00:00Z,1.094,19.4,-9999,Esperance,-35996.4,MURAT_202002_MRE,3,March,15.8,15.7,24.6
2020-03-17T15:00:00Z,1.087,19.4,-9999,Esperance,-35996.4,MURAT_202002_MRE,3,March,15.8,15.7,24.6
2020-03-17T16:00:00Z,1.022,19.3,-9999,Esperance,-35996.4,MURAT_202002_MRE,3,March,15.8,15.7,24.6
2020-03-17T17:00:00Z,0.862,19.3,-9999,Esperance,-35996.4,MURAT_202002_MRE,3,March,15.8,15.7,24.6
2020-03-17T18:00:00Z,0.789,19.2,-9999,Esperance,-35996.4,MURAT_202002_MRE,3,March,15.8,15.7,24.6
2020-03-17T19:00:00Z,0.673,19.2,-9999,Esperance,-35996.4,MURAT_202002_MRE,3,March,15.8,15.7,24.6
2020-03-17T20:00:00Z,0.592,19.2,-9999,Esperance,-35996.4,MURAT_202002_MRE,3,March,15.8,15.7,24.6
2020-03-17T21:00:00Z,0.585,19.2,-9999,Esperance,-35996.4,MURAT_202002_MRE,3,March,15.8,15.7,24.6
2020-03-17T22:00:00Z,0.601,19.2,-9999,Esperance,-35996.4,MURAT_202002_MRE,3,March,15.8,15.7,24.6
2020-03-17T23:00:00Z,0.653,19.1,-9999,Esperance,-35996.4,MURAT_202002_MRE,3,March,15.8,15.7,24.6
2020-03-18T00:00:00Z,0.785,19,-9999,Esperance,-35996.4,MURAT_202002_MRE,3,March,15.8,15.7,24.6
2020-03-18T01:00:00Z,0.878,19,-9999,Esperance,-35996.4,MURAT_202002_MRE,3,March,15.8,15.7,24.6
2020-03-18T02:00:00Z,0.985,18.9,-9999,Esperance,-35996.4,MURAT_202002_MRE,3,March,15.8,15.7,24.6
2020-03-18T03:00:00Z,1.085,18.8,-9999,Esperance,-35996.4,MURAT_202002_MRE,3,March,15.8,15.7,24.6
2020-03-18T04:00:00Z,1.115,18.8,-9999,Esperance,-35996.4,MURAT_202002_MRE,3,March,15.8,15.7,24.6
2020-03-18T05:00:00Z,1.166,18.7,-9999,Esperance,-35996.4,MURAT_202002_MRE,3,March,15.8,15.7,24.6
2020-03-18T06:00:00Z,1.169,18.7,-9999,Esperance,-35996.4,MURAT_202002_MRE,3,March,15.8,15.7,24.6
2020-03-18T07:00:00Z,1.123,18.7,-9999,Esperance,-35996.4,MURAT_202002_MRE,3,March,15.8,15.7,24.6
2020-03-18T08:00:00Z,1.177,18.7,-9999,Esperance,-35996.4,MURAT_202002_MRE,3,March,15.8,15.7,24.6
2020-03-18T09:00:00Z,1.162,18.7,-9999,Esperance,-35996.4,MURAT_202002_MRE,3,March,15.8,15.7,24.6
2020-03-18T10:00:00Z,1.191,18.7,-9999,Esperance,-35996.4,MURAT_202002_MRE,3,March,15.8,15.7,24.6
2020-03-18T11:00:00Z,1.264,18.6,-9999,Esperance,-35996.4,MURAT_202002_MRE,3,March,15.8,15.7,24.6
2020-03-18T12:00:00Z,1.276,18.6,-9999,Esperance,-35996.4,MURAT_202002_MRE,3,March,15.8,15.7,24.6
2020-03-18T13:00:00Z,1.303,18.6,-9999,Esperance,-35996.4,MURAT_202002_MRE,3,March,15.8,15.7,24.6
2020-03-18T14:00:00Z,1.271,18.6,-9999,Esperance,-35996.4,MURAT_202002_MRE,3,March,15.8,15.7,24.6
2020-03-18T15:00:00Z,1.266,18.6,-9999,Esperance,-35996.4,MURAT_202002_MRE,3,March,15.8,15.7,24.6
2020-03-18T16:00:00Z,1.169,18.6,-9999,Esperance,-35996.4,MURAT_202002_MRE,3,March,15.8,15.7,24.6
2020-03-18T17:00:00Z,1.053,18.6,-9999,Esperance,-35996.4,MURAT_202002_MRE,3,March,15.8,15.7,24.6
2020-03-18T18:00:00Z,0.944,18.6,-9999,Esperance,-35996.4,MURAT_202002_MRE,3,March,15.8,15.7,24.6
2020-03-18T19:00:00Z,0.82,18.6,-9999,Esperance,-35996.4,MURAT_202002_MRE,3,March,15.8,15.7,24.6
2020-03-18T20:00:00Z,0.728,18.6,-9999,Esperance,-35996.4,MURAT_202002_MRE,3,March,15.8,15.7,24.6
2020-03-18T21:00:00Z,0.7,18.6,-9999,Esperance,-35996.4,MURAT_202002_MRE,3,March,15.8,15.7,24.6
2020-03-18T22:00:00Z,0.678,18.6,-9999,Esperance,-35996.4,MURAT_202002_MRE,3,March,15.8,15.7,24.6
2020-03-18T23:00:00Z,0.738,18.6,-9999,Esperance,-35996.4,MURAT_202002_MRE,3,March,15.8,15.7,24.6
2020-03-19T00:00:00Z,0.814,18.6,-9999,Esperance,-35996.4,MURAT_202002_MRE,3,March,15.8,15.7,24.6
2020-03-19T01:00:00Z,0.893,18.6,-9999,Esperance,-35996.4,MURAT_202002_MRE,3,March,15.8,15.7,24.6
2020-03-19T02:00:00Z,0.981,18.7,-9999,Esperance,-35996.4,MURAT_202002_MRE,3,March,15.8,15.7,24.6
2020-03-19T03:00:00Z,1.011,18.7,-9999,Esperance,-35996.4,MURAT_202002_MRE,3,March,15.8,15.7,24.6
2020-03-19T04:00:00Z,1.006,18.7,-9999,Esperance,-35996.4,MURAT_202002_MRE,3,March,15.8,15.7,24.6
2020-03-19T05:00:00Z,1.045,18.8,-9999,Esperance,-35996.4,MURAT_202002_MRE,3,March,15.8,15.7,24.6
2020-03-19T06:00:00Z,0.982,18.8,-9999,Esperance,-35996.4,MURAT_202002_MRE,3,March,15.8,15.7,24.6
2020-03-19T07:00:00Z,0.98,18.9,-9999,Esperance,-35996.4,MURAT_202002_MRE,3,March,15.8,15.7,24.6
2020-03-19T08:00:00Z,0.983,18.9,-9999,Esperance,-35996.4,MURAT_202002_MRE,3,March,15.8,15.7,24.6
2020-03-19T09:00:00Z,1.007,18.9,-9999,Esperance,-35996.4,MURAT_202002_MRE,3,March,15.8,15.7,24.6
2020-03-19T10:00:00Z,1.053,19,-9999,Esperance,-35996.4,MURAT_202002_MRE,3,March,15.8,15.7,24.6
2020-03-19T11:00:00Z,1.107,19,-9999,Esperance,-35996.4,MURAT_202002_MRE,3,March,15.8,15.7,24.6
2020-03-19T12:00:00Z,1.189,19,-9999,Esperance,-35996.4,MURAT_202002_MRE,3,March,15.8,15.7,24.6
2020-03-19T13:00:00Z,1.177,19,-9999,Esperance,-35996.4,MURAT_202002_MRE,3,March,15.8,15.7,24.6
2020-03-19T14:00:00Z,1.18,19,-9999,Esperance,-35996.4,MURAT_202002_MRE,3,March,15.8,15.7,24.6
2020-03-19T15:00:00Z,1.131,19,-9999,Esperance,-35996.4,MURAT_202002_MRE,3,March,15.8,15.7,24.6
2020-03-19T16:00:00Z,1.002,18.9,-9999,Esperance,-35996.4,MURAT_202002_MRE,3,March,15.8,15.7,24.6
2020-03-19T17:00:00Z,0.865,18.9,-9999,Esperance,-35996.4,MURAT_202002_MRE,3,March,15.8,15.7,24.6
2020-03-19T18:00:00Z,0.74,19,-9999,Esperance,-35996.4,MURAT_202002_MRE,3,March,15.8,15.7,24.6
2020-03-19T19:00:00Z,0.603,19,-9999,Esperance,-35996.4,MURAT_202002_MRE,3,March,15.8,15.7,24.6
2020-03-19T20:00:00Z,0.518,18.9,-9999,Esperance,-35996.4,MURAT_202002_MRE,3,March,15.8,15.7,24.6
2020-03-19T21:00:00Z,0.488,18.9,-9999,Esperance,-35996.4,MURAT_202002_MRE,3,March,15.8,15.7,24.6
2020-03-19T22:00:00Z,0.53,18.9,-9999,Esperance,-35996.4,MURAT_202002_MRE,3,March,15.8,15.7,24.6
2020-03-19T23:00:00Z,0.514,18.9,-9999,Esperance,-35996.4,MURAT_202002_MRE,3,March,15.8,15.7,24.6
2020-03-20T00:00:00Z,0.669,18.9,-9999,Esperance,-35996.4,MURAT_202002_MRE,3,March,15.8,15.7,24.6
2020-03-20T01:00:00Z,0.718,18.9,-9999,Esperance,-35996.4,MURAT_202002_MRE,3,March,15.8,15.7,24.6
2020-03-20T02:00:00Z,0.79,18.9,-9999,Esperance,-35996.4,MURAT_202002_MRE,3,March,15.8,15.7,24.6
2020-03-20T03:00:00Z,0.857,18.9,-9999,Esperance,-35996.4,MURAT_202002_MRE,3,March,15.8,15.7,24.6
2020-03-20T04:00:00Z,0.82,19,-9999,Esperance,-35996.4,MURAT_202002_MRE,3,March,15.8,15.7,24.6
2020-03-20T05:00:00Z,0.797,19.1,-9999,Esperance,-35996.4,MURAT_202002_MRE,3,March,15.8,15.7,24.6
2020-03-20T06:00:00Z,0.802,19.1,-9999,Esperance,-35996.4,MURAT_202002_MRE,3,March,15.8,15.7,24.6
2020-03-20T07:00:00Z,0.754,19.1,-9999,Esperance,-35996.4,MURAT_202002_MRE,3,March,15.8,15.7,24.6
2020-03-20T08:00:00Z,0.762,19.2,-9999,Esperance,-35996.4,MURAT_202002_MRE,3,March,15.8,15.7,24.6
2020-03-20T09:00:00Z,0.818,19.2,-9999,Esperance,-35996.4,MURAT_202002_MRE,3,March,15.8,15.7,24.6
2020-03-20T10:00:00Z,0.896,19.2,-9999,Esperance,-35996.4,MURAT_202002_MRE,3,March,15.8,15.7,24.6
2020-03-20T11:00:00Z,0.97,19.2,-9999,Esperance,-35996.4,MURAT_202002_MRE,3,March,15.8,15.7,24.6
2020-03-20T12:00:00Z,1.078,19.2,-9999,Esperance,-35996.4,MURAT_202002_MRE,3,March,15.8,15.7,24.6
2020-03-20T13:00:00Z,1.122,19.2,-9999,Esperance,-35996.4,MURAT_202002_MRE,3,March,15.8,15.7,24.6
2020-03-20T14:00:00Z,1.139,19.2,-9999,Esperance,-35996.4,MURAT_202002_MRE,3,March,15.8,15.7,24.6
2020-03-20T15:00:00Z,1.116,19.2,-9999,Esperance,-35996.4,MURAT_202002_MRE,3,March,15.8,15.7,24.6
2020-03-20T16:00:00Z,0.992,19.2,-9999,Esperance,-35996.4,MURAT_202002_MRE,3,March,15.8,15.7,24.6
2020-03-20T17:00:00Z,0.865,19.2,-9999,Esperance,-35996.4,MURAT_202002_MRE,3,March,15.8,15.7,24.6
2020-03-20T18:00:00Z,0.742,19.2,-9999,Esperance,-35996.4,MURAT_202002_MRE,3,March,15.8,15.7,24.6
2020-03-20T19:00:00Z,0.593,19.1,-9999,Esperance,-35996.4,MURAT_202002_MRE,3,March,15.8,15.7,24.6
2020-03-20T20:00:00Z,0.508,19.1,-9999,Esperance,-35996.4,MURAT_202002_MRE,3,March,15.8,15.7,24.6
2020-03-20T21:00:00Z,0.446,19.1,-9999,Esperance,-35996.4,MURAT_202002_MRE,3,March,15.8,15.7,24.6
2020-03-20T22:00:00Z,0.496,19.1,-9999,Esperance,-35996.4,MURAT_202002_MRE,3,March,15.8,15.7,24.6
2020-03-20T23:00:00Z,0.562,19.1,-9999,Esperance,-35996.4,MURAT_202002_MRE,3,March,15.8,15.7,24.6
2020-03-21T00:00:00Z,0.632,19.1,-9999,Esperance,-35996.4,MURAT_202002_MRE,3,March,15.8,15.7,24.6
2020-03-21T01:00:00Z,0.752,19.1,-9999,Esperance,-35996.4,MURAT_202002_MRE,3,March,15.8,15.7,24.6
2020-03-21T02:00:00Z,0.835,19.2,-9999,Esperance,-35996.4,MURAT_202002_MRE,3,March,15.8,15.7,24.6
2020-03-21T03:00:00Z,0.85,19.2,-9999,Esperance,-35996.4,MURAT_202002_MRE,3,March,15.8,15.7,24.6
2020-03-21T04:00:00Z,0.816,19.2,-9999,Esperance,-35996.4,MURAT_202002_MRE,3,March,15.8,15.7,24.6
2020-03-21T05:00:00Z,0.802,19.2,-9999,Esperance,-35996.4,MURAT_202002_MRE,3,March,15.8,15.7,24.6
2020-03-21T06:00:00Z,0.726,19.3,-9999,Esperance,-35996.4,MURAT_202002_MRE,3,March,15.8,15.7,24.6
2020-03-21T07:00:00Z,0.642,19.3,-9999,Esperance,-35996.4,MURAT_202002_MRE,3,March,15.8,15.7,24.6
2020-03-21T08:00:00Z,0.685,19.6,-9999,Esperance,-35996.4,MURAT_202002_MRE,3,March,15.8,15.7,24.6
2020-03-21T09:00:00Z,0.677,19.5,-9999,Esperance,-35996.4,MURAT_202002_MRE,3,March,15.8,15.7,24.6
2020-03-21T10:00:00Z,0.747,19.4,-9999,Esperance,-35996.4,MURAT_202002_MRE,3,March,15.8,15.7,24.6
2020-03-21T11:00:00Z,0.888,19.4,-9999,Esperance,-35996.4,MURAT_202002_MRE,3,March,15.8,15.7,24.6
2020-03-21T12:00:00Z,0.975,19.6,-9999,Esperance,-35996.4,MURAT_202002_MRE,3,March,15.8,15.7,24.6
2020-03-21T13:00:00Z,1.049,19.7,-9999,Esperance,-35996.4,MURAT_202002_MRE,3,March,15.8,15.7,24.6
2020-03-21T14:00:00Z,1.068,19.7,-9999,Esperance,-35996.4,MURAT_202002_MRE,3,March,15.8,15.7,24.6
2020-03-21T15:00:00Z,1.043,19.7,-9999,Esperance,-35996.4,MURAT_202002_MRE,3,March,15.8,15.7,24.6
2020-03-21T16:00:00Z,0.965,19.7,-9999,Esperance,-35996.4,MURAT_202002_MRE,3,March,15.8,15.7,24.6
2020-03-21T17:00:00Z,0.789,19.6,-9999,Esperance,-35996.4,MURAT_202002_MRE,3,March,15.8,15.7,24.6
2020-03-21T18:00:00Z,0.668,19.6,-9999,Esperance,-35996.4,MURAT_202002_MRE,3,March,15.8,15.7,24.6
2020-03-21T19:00:00Z,0.509,19.6,-9999,Esperance,-35996.4,MURAT_202002_MRE,3,March,15.8,15.7,24.6
2020-03-21T20:00:00Z,0.381,19.6,-9999,Esperance,-35996.4,MURAT_202002_MRE,3,March,15.8,15.7,24.6
2020-03-21T21:00:00Z,0.363,19.6,-9999,Esperance,-35996.4,MURAT_202002_MRE,3,March,15.8,15.7,24.6
2020-03-21T22:00:00Z,0.365,19.6,-9999,Esperance,-35996.4,MURAT_202002_MRE,3,March,15.8,15.7,24.6
2020-03-21T23:00:00Z,0.447,19.5,-9999,Esperance,-35996.4,MURAT_202002_MRE,3,March,15.8,15.7,24.6
2020-03-22T00:00:00Z,0.548,19.5,-9999,Esperance,-35996.4,MURAT_202002_MRE,3,March,15.8,15.7,24.6
2020-03-22T01:00:00Z,0.612,19.5,-9999,Esperance,-35996.4,MURAT_202002_MRE,3,March,15.8,15.7,24.6
2020-03-22T02:00:00Z,0.74,19.5,-9999,Esperance,-35996.4,MURAT_202002_MRE,3,March,15.8,15.7,24.6
2020-03-22T03:00:00Z,0.728,19.5,-9999,Esperance,-35996.4,MURAT_202002_MRE,3,March,15.8,15.7,24.6
2020-03-22T04:00:00Z,0.684,19.5,-9999,Esperance,-35996.4,MURAT_202002_MRE,3,March,15.8,15.7,24.6
2020-03-22T05:00:00Z,0.666,19.5,-9999,Esperance,-35996.4,MURAT_202002_MRE,3,March,15.8,15.7,24.6
2020-03-22T06:00:00Z,0.529,19.6,-9999,Esperance,-35996.4,MURAT_202002_MRE,3,March,15.8,15.7,24.6
2020-03-22T07:00:00Z,0.452,19.6,-9999,Esperance,-35996.4,MURAT_202002_MRE,3,March,15.8,15.7,24.6
2020-03-22T08:00:00Z,0.44,19.6,-9999,Esperance,-35996.4,MURAT_202002_MRE,3,March,15.8,15.7,24.6
2020-03-22T09:00:00Z,0.442,19.6,-9999,Esperance,-35996.4,MURAT_202002_MRE,3,March,15.8,15.7,24.6
2020-03-22T10:00:00Z,0.512,19.6,-9999,Esperance,-35996.4,MURAT_202002_MRE,3,March,15.8,15.7,24.6
2020-03-22T11:00:00Z,0.631,19.7,-9999,Esperance,-35996.4,MURAT_202002_MRE,3,March,15.8,15.7,24.6
2020-03-22T12:00:00Z,0.782,19.7,-9999,Esperance,-35996.4,MURAT_202002_MRE,3,March,15.8,15.7,24.6
2020-03-22T13:00:00Z,0.848,19.7,-9999,Esperance,-35996.4,MURAT_202002_MRE,3,March,15.8,15.7,24.6
2020-03-22T14:00:00Z,0.923,19.7,-9999,Esperance,-35996.4,MURAT_202002_MRE,3,March,15.8,15.7,24.6
2020-03-22T15:00:00Z,0.947,19.6,-9999,Esperance,-35996.4,MURAT_202002_MRE,3,March,15.8,15.7,24.6
2020-03-22T16:00:00Z,0.812,19.6,-9999,Esperance,-35996.4,MURAT_202002_MRE,3,March,15.8,15.7,24.6
2020-03-22T17:00:00Z,0.724,19.6,-9999,Esperance,-35996.4,MURAT_202002_MRE,3,March,15.8,15.7,24.6
2020-03-22T18:00:00Z,0.567,19.6,-9999,Esperance,-35996.4,MURAT_202002_MRE,3,March,15.8,15.7,24.6
2020-03-22T19:00:00Z,0.409,19.6,-9999,Esperance,-35996.4,MURAT_202002_MRE,3,March,15.8,15.7,24.6
2020-03-22T20:00:00Z,0.299,19.6,-9999,Esperance,-35996.4,MURAT_202002_MRE,3,March,15.8,15.7,24.6
2020-03-22T21:00:00Z,0.274,19.5,-9999,Esperance,-35996.4,MURAT_202002_MRE,3,March,15.8,15.7,24.6
2020-03-22T22:00:00Z,0.28,19.5,-9999,Esperance,-35996.4,MURAT_202002_MRE,3,March,15.8,15.7,24.6
2020-03-22T23:00:00Z,0.382,19.5,-9999,Esperance,-35996.4,MURAT_202002_MRE,3,March,15.8,15.7,24.6
2020-03-23T00:00:00Z,0.501,19.5,-9999,Esperance,-35996.4,MURAT_202002_MRE,3,March,15.8,15.7,24.6
2020-03-23T01:00:00Z,0.593,19.5,-9999,Esperance,-35996.4,MURAT_202002_MRE,3,March,15.8,15.7,24.6
2020-03-23T02:00:00Z,0.691,19.6,-9999,Esperance,-35996.4,MURAT_202002_MRE,3,March,15.8,15.7,24.6
2020-03-23T03:00:00Z,0.729,19.6,-9999,Esperance,-35996.4,MURAT_202002_MRE,3,March,15.8,15.7,24.6
2020-03-23T04:00:00Z,0.7,19.7,-9999,Esperance,-35996.4,MURAT_202002_MRE,3,March,15.8,15.7,24.6
2020-03-23T05:00:00Z,0.65,19.8,-9999,Esperance,-35996.4,MURAT_202002_MRE,3,March,15.8,15.7,24.6
2020-03-23T06:00:00Z,0.513,19.9,-9999,Esperance,-35996.4,MURAT_202002_MRE,3,March,15.8,15.7,24.6
2020-03-23T07:00:00Z,0.432,20,-9999,Esperance,-35996.4,MURAT_202002_MRE,3,March,15.8,15.7,24.6
2020-03-23T08:00:00Z,0.349,20,-9999,Esperance,-35996.4,MURAT_202002_MRE,3,March,15.8,15.7,24.6
2020-03-23T09:00:00Z,0.326,20,-9999,Esperance,-35996.4,MURAT_202002_MRE,3,March,15.8,15.7,24.6
2020-03-23T10:00:00Z,0.408,20,-9999,Esperance,-35996.4,MURAT_202002_MRE,3,March,15.8,15.7,24.6
2020-03-23T11:00:00Z,0.532,20,-9999,Esperance,-35996.4,MURAT_202002_MRE,3,March,15.8,15.7,24.6
2020-03-23T12:00:00Z,0.693,19.9,-9999,Esperance,-35996.4,MURAT_202002_MRE,3,March,15.8,15.7,24.6
2020-03-23T13:00:00Z,0.801,20,-9999,Esperance,-35996.4,MURAT_202002_MRE,3,March,15.8,15.7,24.6
2020-03-23T14:00:00Z,0.874,19.9,-9999,Esperance,-35996.4,MURAT_202002_MRE,3,March,15.8,15.7,24.6
2020-03-23T15:00:00Z,0.938,19.9,-9999,Esperance,-35996.4,MURAT_202002_MRE,3,March,15.8,15.7,24.6
2020-03-23T16:00:00Z,0.851,19.9,-9999,Esperance,-35996.4,MURAT_202002_MRE,3,March,15.8,15.7,24.6
2020-03-23T17:00:00Z,0.75,19.9,-9999,Esperance,-35996.4,MURAT_202002_MRE,3,March,15.8,15.7,24.6
2020-03-23T18:00:00Z,0.62,19.8,-9999,Esperance,-35996.4,MURAT_202002_MRE,3,March,15.8,15.7,24.6
2020-03-23T19:00:00Z,0.452,19.8,-9999,Esperance,-35996.4,MURAT_202002_MRE,3,March,15.8,15.7,24.6
2020-03-23T20:00:00Z,0.37,19.8,-9999,Esperance,-35996.4,MURAT_202002_MRE,3,March,15.8,15.7,24.6
2020-03-23T21:00:00Z,0.317,19.8,-9999,Esperance,-35996.4,MURAT_202002_MRE,3,March,15.8,15.7,24.6
2020-03-23T22:00:00Z,0.332,19.7,-9999,Esperance,-35996.4,MURAT_202002_MRE,3,March,15.8,15.7,24.6
2020-03-23T23:00:00Z,0.443,19.7,-9999,Esperance,-35996.4,MURAT_202002_MRE,3,March,15.8,15.7,24.6
2020-03-24T00:00:00Z,0.588,19.7,-9999,Esperance,-35996.4,MURAT_202002_MRE,3,March,15.8,15.7,24.6
2020-03-24T01:00:00Z,0.715,19.7,-9999,Esperance,-35996.4,MURAT_202002_MRE,3,March,15.8,15.7,24.6
2020-03-24T02:00:00Z,0.811,19.8,-9999,Esperance,-35996.4,MURAT_202002_MRE,3,March,15.8,15.7,24.6
2020-03-24T03:00:00Z,0.897,19.8,-9999,Esperance,-35996.4,MURAT_202002_MRE,3,March,15.8,15.7,24.6
2020-03-24T04:00:00Z,0.891,19.8,-9999,Esperance,-35996.4,MURAT_202002_MRE,3,March,15.8,15.7,24.6
2020-03-24T05:00:00Z,0.793,20,-9999,Esperance,-35996.4,MURAT_202002_MRE,3,March,15.8,15.7,24.6
2020-03-24T06:00:00Z,0.726,19.9,-9999,Esperance,-35996.4,MURAT_202002_MRE,3,March,15.8,15.7,24.6
2020-03-24T07:00:00Z,0.573,19.9,-9999,Esperance,-35996.4,MURAT_202002_MRE,3,March,15.8,15.7,24.6
2020-03-24T08:00:00Z,0.492,20.3,-9999,Esperance,-35996.4,MURAT_202002_MRE,3,March,15.8,15.7,24.6
2020-03-24T09:00:00Z,0.462,20.4,-9999,Esperance,-35996.4,MURAT_202002_MRE,3,March,15.8,15.7,24.6
2020-03-24T10:00:00Z,0.492,20.3,-9999,Esperance,-35996.4,MURAT_202002_MRE,3,March,15.8,15.7,24.6
2020-03-24T11:00:00Z,0.616,20.2,-9999,Esperance,-35996.4,MURAT_202002_MRE,3,March,15.8,15.7,24.6
2020-03-24T12:00:00Z,0.729,20.3,-9999,Esperance,-35996.4,MURAT_202002_MRE,3,March,15.8,15.7,24.6
2020-03-24T13:00:00Z,0.872,19.9,-9999,Esperance,-35996.4,MURAT_202002_MRE,3,March,15.8,15.7,24.6
2020-03-24T14:00:00Z,0.968,19.8,-9999,Esperance,-35996.4,MURAT_202002_MRE,3,March,15.8,15.7,24.6
2020-03-24T15:00:00Z,0.97,19.8,-9999,Esperance,-35996.4,MURAT_202002_MRE,3,March,15.8,15.7,24.6
2020-03-24T16:00:00Z,0.971,19.7,-9999,Esperance,-35996.4,MURAT_202002_MRE,3,March,15.8,15.7,24.6
2020-03-24T17:00:00Z,0.859,19.6,-9999,Esperance,-35996.4,MURAT_202002_MRE,3,March,15.8,15.7,24.6
2020-03-24T18:00:00Z,0.682,19.6,-9999,Esperance,-35996.4,MURAT_202002_MRE,3,March,15.8,15.7,24.6
2020-03-24T19:00:00Z,0.549,19.6,-9999,Esperance,-35996.4,MURAT_202002_MRE,3,March,15.8,15.7,24.6
2020-03-24T20:00:00Z,0.451,19.6,-9999,Esperance,-35996.4,MURAT_202002_MRE,3,March,15.8,15.7,24.6
2020-03-24T21:00:00Z,0.369,19.6,-9999,Esperance,-35996.4,MURAT_202002_MRE,3,March,15.8,15.7,24.6
2020-03-24T22:00:00Z,0.351,19.6,-9999,Esperance,-35996.4,MURAT_202002_MRE,3,March,15.8,15.7,24.6
2020-03-24T23:00:00Z,0.495,19.5,-9999,Esperance,-35996.4,MURAT_202002_MRE,3,March,15.8,15.7,24.6
2020-03-25T00:00:00Z,0.626,19.6,-9999,Esperance,-35996.4,MURAT_202002_MRE,3,March,15.8,15.7,24.6
2020-03-25T01:00:00Z,0.745,19.6,-9999,Esperance,-35996.4,MURAT_202002_MRE,3,March,15.8,15.7,24.6
2020-03-25T02:00:00Z,0.937,19.7,-9999,Esperance,-35996.4,MURAT_202002_MRE,3,March,15.8,15.7,24.6
2020-03-25T03:00:00Z,1.004,19.8,-9999,Esperance,-35996.4,MURAT_202002_MRE,3,March,15.8,15.7,24.6
2020-03-25T04:00:00Z,0.982,19.9,-9999,Esperance,-35996.4,MURAT_202002_MRE,3,March,15.8,15.7,24.6
2020-03-25T05:00:00Z,0.944,20.1,-9999,Esperance,-35996.4,MURAT_202002_MRE,3,March,15.8,15.7,24.6
2020-03-25T06:00:00Z,0.821,20.4,-9999,Esperance,-35996.4,MURAT_202002_MRE,3,March,15.8,15.7,24.6
2020-03-25T07:00:00Z,0.682,20.4,-9999,Esperance,-35996.4,MURAT_202002_MRE,3,March,15.8,15.7,24.6
2020-03-25T08:00:00Z,0.582,20.5,-9999,Esperance,-35996.4,MURAT_202002_MRE,3,March,15.8,15.7,24.6
2020-03-25T09:00:00Z,0.495,20.5,-9999,Esperance,-35996.4,MURAT_202002_MRE,3,March,15.8,15.7,24.6
2020-03-25T10:00:00Z,0.493,20.4,-9999,Esperance,-35996.4,MURAT_202002_MRE,3,March,15.8,15.7,24.6
2020-03-25T11:00:00Z,0.573,20.4,-9999,Esperance,-35996.4,MURAT_202002_MRE,3,March,15.8,15.7,24.6
2020-03-25T12:00:00Z,0.704,20.4,-9999,Esperance,-35996.4,MURAT_202002_MRE,3,March,15.8,15.7,24.6
2020-03-25T13:00:00Z,0.831,20.4,-9999,Esperance,-35996.4,MURAT_202002_MRE,3,March,15.8,15.7,24.6
2020-03-25T14:00:00Z,0.908,20.4,-9999,Esperance,-35996.4,MURAT_202002_MRE,3,March,15.8,15.7,24.6
2020-03-25T15:00:00Z,0.977,20.3,-9999,Esperance,-35996.4,MURAT_202002_MRE,3,March,15.8,15.7,24.6
2020-03-25T16:00:00Z,0.972,20.3,-9999,Esperance,-35996.4,MURAT_202002_MRE,3,March,15.8,15.7,24.6
2020-03-25T17:00:00Z,0.851,20.3,-9999,Esperance,-35996.4,MURAT_202002_MRE,3,March,15.8,15.7,24.6
2020-03-25T18:00:00Z,0.741,20.2,-9999,Esperance,-35996.4,MURAT_202002_MRE,3,March,15.8,15.7,24.6
2020-03-25T19:00:00Z,0.594,20.1,-9999,Esperance,-35996.4,MURAT_202002_MRE,3,March,15.8,15.7,24.6
2020-03-25T20:00:00Z,0.471,20.1,-9999,Esperance,-35996.4,MURAT_202002_MRE,3,March,15.8,15.7,24.6
2020-03-25T21:00:00Z,0.399,20.1,-9999,Esperance,-35996.4,MURAT_202002_MRE,3,March,15.8,15.7,24.6
2020-03-25T22:00:00Z,0.397,20,-9999,Esperance,-35996.4,MURAT_202002_MRE,3,March,15.8,15.7,24.6
2020-03-25T23:00:00Z,0.471,20,-9999,Esperance,-35996.4,MURAT_202002_MRE,3,March,15.8,15.7,24.6
2020-03-26T00:00:00Z,0.623,20,-9999,Esperance,-35996.4,MURAT_202002_MRE,3,March,15.8,15.7,24.6
2020-03-26T01:00:00Z,0.793,20,-9999,Esperance,-35996.4,MURAT_202002_MRE,3,March,15.8,15.7,24.6
2020-03-26T02:00:00Z,0.927,19.9,-9999,Esperance,-35996.4,MURAT_202002_MRE,3,March,15.8,15.7,24.6
2020-03-26T03:00:00Z,1.019,20.1,-9999,Esperance,-35996.4,MURAT_202002_MRE,3,March,15.8,15.7,24.6
2020-03-26T04:00:00Z,1.072,20.2,-9999,Esperance,-35996.4,MURAT_202002_MRE,3,March,15.8,15.7,24.6
2020-03-26T05:00:00Z,0.998,20.3,-9999,Esperance,-35996.4,MURAT_202002_MRE,3,March,15.8,15.7,24.6
2020-03-26T06:00:00Z,0.898,20,-9999,Esperance,-35996.4,MURAT_202002_MRE,3,March,15.8,15.7,24.6
2020-03-26T07:00:00Z,0.766,20,-9999,Esperance,-35996.4,MURAT_202002_MRE,3,March,15.8,15.7,24.6
2020-03-26T08:00:00Z,0.625,19.9,-9999,Esperance,-35996.4,MURAT_202002_MRE,3,March,15.8,15.7,24.6
2020-03-26T09:00:00Z,0.547,20.4,-9999,Esperance,-35996.4,MURAT_202002_MRE,3,March,15.8,15.7,24.6
2020-03-26T10:00:00Z,0.504,20,-9999,Esperance,-35996.4,MURAT_202002_MRE,3,March,15.8,15.7,24.6
2020-03-26T11:00:00Z,0.544,20.3,-9999,Esperance,-35996.4,MURAT_202002_MRE,3,March,15.8,15.7,24.6
2020-03-26T12:00:00Z,0.673,20.5,-9999,Esperance,-35996.4,MURAT_202002_MRE,3,March,15.8,15.7,24.6
2020-03-26T13:00:00Z,0.8,20.4,-9999,Esperance,-35996.4,MURAT_202002_MRE,3,March,15.8,15.7,24.6
2020-03-26T14:00:00Z,0.879,20.4,-9999,Esperance,-35996.4,MURAT_202002_MRE,3,March,15.8,15.7,24.6
2020-03-26T15:00:00Z,0.982,20.4,-9999,Esperance,-35996.4,MURAT_202002_MRE,3,March,15.8,15.7,24.6
2020-03-26T16:00:00Z,1.001,20.4,-9999,Esperance,-35996.4,MURAT_202002_MRE,3,March,15.8,15.7,24.6
2020-03-26T17:00:00Z,0.904,20.4,-9999,Esperance,-35996.4,MURAT_202002_MRE,3,March,15.8,15.7,24.6
2020-03-26T18:00:00Z,0.841,20.3,-9999,Esperance,-35996.4,MURAT_202002_MRE,3,March,15.8,15.7,24.6
2020-03-26T19:00:00Z,0.734,20.3,-9999,Esperance,-35996.4,MURAT_202002_MRE,3,March,15.8,15.7,24.6
2020-03-26T20:00:00Z,0.61,20.2,-9999,Esperance,-35996.4,MURAT_202002_MRE,3,March,15.8,15.7,24.6
2020-03-26T21:00:00Z,0.577,20.2,-9999,Esperance,-35996.4,MURAT_202002_MRE,3,March,15.8,15.7,24.6
2020-03-26T22:00:00Z,0.609,20.2,-9999,Esperance,-35996.4,MURAT_202002_MRE,3,March,15.8,15.7,24.6
2020-03-26T23:00:00Z,0.686,20.1,-9999,Esperance,-35996.4,MURAT_202002_MRE,3,March,15.8,15.7,24.6
2020-03-27T00:00:00Z,0.771,20.1,-9999,Esperance,-35996.4,MURAT_202002_MRE,3,March,15.8,15.7,24.6
2020-03-27T01:00:00Z,1.015,20,-9999,Esperance,-35996.4,MURAT_202002_MRE,3,March,15.8,15.7,24.6
2020-03-27T02:00:00Z,1.133,20,-9999,Esperance,-35996.4,MURAT_202002_MRE,3,March,15.8,15.7,24.6
2020-03-27T03:00:00Z,1.217,20,-9999,Esperance,-35996.4,MURAT_202002_MRE,3,March,15.8,15.7,24.6
2020-03-27T04:00:00Z,1.286,20.1,-9999,Esperance,-35996.4,MURAT_202002_MRE,3,March,15.8,15.7,24.6
2020-03-27T05:00:00Z,1.247,20.1,-9999,Esperance,-35996.4,MURAT_202002_MRE,3,March,15.8,15.7,24.6
2020-03-27T06:00:00Z,1.126,20.2,-9999,Esperance,-35996.4,MURAT_202002_MRE,3,March,15.8,15.7,24.6
2020-03-27T07:00:00Z,1.036,20.3,-9999,Esperance,-35996.4,MURAT_202002_MRE,3,March,15.8,15.7,24.6
2020-03-27T08:00:00Z,0.887,20.4,-9999,Esperance,-35996.4,MURAT_202002_MRE,3,March,15.8,15.7,24.6
2020-03-27T09:00:00Z,0.777,20.3,-9999,Esperance,-35996.4,MURAT_202002_MRE,3,March,15.8,15.7,24.6
2020-03-27T10:00:00Z,0.735,20.1,-9999,Esperance,-35996.4,MURAT_202002_MRE,3,March,15.8,15.7,24.6
2020-03-27T11:00:00Z,0.772,20.1,-9999,Esperance,-35996.4,MURAT_202002_MRE,3,March,15.8,15.7,24.6
2020-03-27T12:00:00Z,0.825,19.7,-9999,Esperance,-35996.4,MURAT_202002_MRE,3,March,15.8,15.7,24.6
2020-03-27T13:00:00Z,0.965,19.8,-9999,Esperance,-35996.4,MURAT_202002_MRE,3,March,15.8,15.7,24.6
2020-03-27T14:00:00Z,1.054,19.6,-9999,Esperance,-35996.4,MURAT_202002_MRE,3,March,15.8,15.7,24.6
2020-03-27T15:00:00Z,1.106,19.5,-9999,Esperance,-35996.4,MURAT_202002_MRE,3,March,15.8,15.7,24.6
2020-03-27T16:00:00Z,1.142,19.2,-9999,Esperance,-35996.4,MURAT_202002_MRE,3,March,15.8,15.7,24.6
2020-03-27T17:00:00Z,1.087,19.1,-9999,Esperance,-35996.4,MURAT_202002_MRE,3,March,15.8,15.7,24.6
2020-03-27T18:00:00Z,1.006,19.1,-9999,Esperance,-35996.4,MURAT_202002_MRE,3,March,15.8,15.7,24.6
2020-03-27T19:00:00Z,0.89,19.1,-9999,Esperance,-35996.4,MURAT_202002_MRE,3,March,15.8,15.7,24.6
2020-03-27T20:00:00Z,0.782,19.1,-9999,Esperance,-35996.4,MURAT_202002_MRE,3,March,15.8,15.7,24.6
2020-03-27T21:00:00Z,0.742,19,-9999,Esperance,-35996.4,MURAT_202002_MRE,3,March,15.8,15.7,24.6
2020-03-27T22:00:00Z,0.71,18.9,-9999,Esperance,-35996.4,MURAT_202002_MRE,3,March,15.8,15.7,24.6
2020-03-27T23:00:00Z,0.806,18.9,-9999,Esperance,-35996.4,MURAT_202002_MRE,3,March,15.8,15.7,24.6
2020-03-28T00:00:00Z,0.919,18.9,-9999,Esperance,-35996.4,MURAT_202002_MRE,3,March,15.8,15.7,24.6
2020-03-28T01:00:00Z,1.061,18.9,-9999,Esperance,-35996.4,MURAT_202002_MRE,3,March,15.8,15.7,24.6
2020-03-28T02:00:00Z,1.238,18.9,-9999,Esperance,-35996.4,MURAT_202002_MRE,3,March,15.8,15.7,24.6
2020-03-28T03:00:00Z,1.338,18.8,-9999,Esperance,-35996.4,MURAT_202002_MRE,3,March,15.8,15.7,24.6
2020-03-28T04:00:00Z,1.407,18.8,-9999,Esperance,-35996.4,MURAT_202002_MRE,3,March,15.8,15.7,24.6
2020-03-28T05:00:00Z,1.4,18.9,-9999,Esperance,-35996.4,MURAT_202002_MRE,3,March,15.8,15.7,24.6
2020-03-28T06:00:00Z,1.343,18.9,-9999,Esperance,-35996.4,MURAT_202002_MRE,3,March,15.8,15.7,24.6
2020-03-28T07:00:00Z,1.253,18.9,-9999,Esperance,-35996.4,MURAT_202002_MRE,3,March,15.8,15.7,24.6
2020-03-28T08:00:00Z,1.104,18.9,-9999,Esperance,-35996.4,MURAT_202002_MRE,3,March,15.8,15.7,24.6
2020-03-28T09:00:00Z,1.014,18.9,-9999,Esperance,-35996.4,MURAT_202002_MRE,3,March,15.8,15.7,24.6
2020-03-28T10:00:00Z,0.937,18.8,-9999,Esperance,-35996.4,MURAT_202002_MRE,3,March,15.8,15.7,24.6
2020-03-28T11:00:00Z,0.891,18.8,-9999,Esperance,-35996.4,MURAT_202002_MRE,3,March,15.8,15.7,24.6
2020-03-28T12:00:00Z,0.932,18.9,-9999,Esperance,-35996.4,MURAT_202002_MRE,3,March,15.8,15.7,24.6
2020-03-28T13:00:00Z,0.997,18.9,-9999,Esperance,-35996.4,MURAT_202002_MRE,3,March,15.8,15.7,24.6
2020-03-28T14:00:00Z,1.067,18.9,-9999,Esperance,-35996.4,MURAT_202002_MRE,3,March,15.8,15.7,24.6
2020-03-28T15:00:00Z,1.106,18.9,-9999,Esperance,-35996.4,MURAT_202002_MRE,3,March,15.8,15.7,24.6
2020-03-28T16:00:00Z,1.136,18.9,-9999,Esperance,-35996.4,MURAT_202002_MRE,3,March,15.8,15.7,24.6
2020-03-28T17:00:00Z,1.086,18.9,-9999,Esperance,-35996.4,MURAT_202002_MRE,3,March,15.8,15.7,24.6
2020-03-28T18:00:00Z,1.029,18.9,-9999,Esperance,-35996.4,MURAT_202002_MRE,3,March,15.8,15.7,24.6
2020-03-28T19:00:00Z,0.94,18.8,-9999,Esperance,-35996.4,MURAT_202002_MRE,3,March,15.8,15.7,24.6
2020-03-28T20:00:00Z,0.845,18.8,-9999,Esperance,-35996.4,MURAT_202002_MRE,3,March,15.8,15.7,24.6
2020-03-28T21:00:00Z,0.803,18.8,-9999,Esperance,-35996.4,MURAT_202002_MRE,3,March,15.8,15.7,24.6
2020-03-28T22:00:00Z,0.791,18.8,-9999,Esperance,-35996.4,MURAT_202002_MRE,3,March,15.8,15.7,24.6
2020-03-28T23:00:00Z,0.816,18.8,-9999,Esperance,-35996.4,MURAT_202002_MRE,3,March,15.8,15.7,24.6
2020-03-29T00:00:00Z,0.937,18.8,-9999,Esperance,-35996.4,MURAT_202002_MRE,3,March,15.8,15.7,24.6
2020-03-29T01:00:00Z,1.065,18.8,-9999,Esperance,-35996.4,MURAT_202002_MRE,3,March,15.8,15.7,24.6
2020-03-29T02:00:00Z,1.184,18.8,-9999,Esperance,-35996.4,MURAT_202002_MRE,3,March,15.8,15.7,24.6
2020-03-29T03:00:00Z,1.306,18.8,-9999,Esperance,-35996.4,MURAT_202002_MRE,3,March,15.8,15.7,24.6
2020-03-29T04:00:00Z,1.372,18.8,-9999,Esperance,-35996.4,MURAT_202002_MRE,3,March,15.8,15.7,24.6
2020-03-29T05:00:00Z,1.354,18.9,-9999,Esperance,-35996.4,MURAT_202002_MRE,3,March,15.8,15.7,24.6
2020-03-29T06:00:00Z,1.317,18.9,-9999,Esperance,-35996.4,MURAT_202002_MRE,3,March,15.8,15.7,24.6
2020-03-29T07:00:00Z,1.236,18.9,-9999,Esperance,-35996.4,MURAT_202002_MRE,3,March,15.8,15.7,24.6
2020-03-29T08:00:00Z,1.085,18.9,-9999,Esperance,-35996.4,MURAT_202002_MRE,3,March,15.8,15.7,24.6
2020-03-29T09:00:00Z,0.977,18.9,-9999,Esperance,-35996.4,MURAT_202002_MRE,3,March,15.8,15.7,24.6
2020-03-29T10:00:00Z,0.883,18.9,-9999,Esperance,-35996.4,MURAT_202002_MRE,3,March,15.8,15.7,24.6
2020-03-29T11:00:00Z,0.825,18.9,-9999,Esperance,-35996.4,MURAT_202002_MRE,3,March,15.8,15.7,24.6
2020-03-29T12:00:00Z,0.805,18.9,-9999,Esperance,-35996.4,MURAT_202002_MRE,3,March,15.8,15.7,24.6
2020-03-29T13:00:00Z,0.816,18.9,-9999,Esperance,-35996.4,MURAT_202002_MRE,3,March,15.8,15.7,24.6
2020-03-29T14:00:00Z,0.88,18.9,-9999,Esperance,-35996.4,MURAT_202002_MRE,3,March,15.8,15.7,24.6
2020-03-29T15:00:00Z,0.914,18.9,-9999,Esperance,-35996.4,MURAT_202002_MRE,3,March,15.8,15.7,24.6
2020-03-29T16:00:00Z,0.938,18.9,-9999,Esperance,-35996.4,MURAT_202002_MRE,3,March,15.8,15.7,24.6
2020-03-29T17:00:00Z,0.891,18.9,-9999,Esperance,-35996.4,MURAT_202002_MRE,3,March,15.8,15.7,24.6
2020-03-29T18:00:00Z,0.842,18.9,-9999,Esperance,-35996.4,MURAT_202002_MRE,3,March,15.8,15.7,24.6
2020-03-29T19:00:00Z,0.774,18.9,-9999,Esperance,-35996.4,MURAT_202002_MRE,3,March,15.8,15.7,24.6
2020-03-29T20:00:00Z,0.704,18.9,-9999,Esperance,-35996.4,MURAT_202002_MRE,3,March,15.8,15.7,24.6
2020-03-29T21:00:00Z,0.653,18.8,-9999,Esperance,-35996.4,MURAT_202002_MRE,3,March,15.8,15.7,24.6
2020-03-29T22:00:00Z,0.658,18.8,-9999,Esperance,-35996.4,MURAT_202002_MRE,3,March,15.8,15.7,24.6
2020-03-29T23:00:00Z,0.686,18.8,-9999,Esperance,-35996.4,MURAT_202002_MRE,3,March,15.8,15.7,24.6
2020-03-30T00:00:00Z,0.775,18.8,-9999,Esperance,-35996.4,MURAT_202002_MRE,3,March,15.8,15.7,24.6
2020-03-30T01:00:00Z,0.877,18.8,-9999,Esperance,-35996.4,MURAT_202002_MRE,3,March,15.8,15.7,24.6
2020-03-30T02:00:00Z,1.04,18.8,-9999,Esperance,-35996.4,MURAT_202002_MRE,3,March,15.8,15.7,24.6
2020-03-30T03:00:00Z,1.156,18.9,-9999,Esperance,-35996.4,MURAT_202002_MRE,3,March,15.8,15.7,24.6
2020-03-30T04:00:00Z,1.203,18.9,-9999,Esperance,-35996.4,MURAT_202002_MRE,3,March,15.8,15.7,24.6
2020-03-30T05:00:00Z,1.24,18.9,-9999,Esperance,-35996.4,MURAT_202002_MRE,3,March,15.8,15.7,24.6
2020-03-30T06:00:00Z,1.246,18.9,-9999,Esperance,-35996.4,MURAT_202002_MRE,3,March,15.8,15.7,24.6
2020-03-30T07:00:00Z,1.16,18.9,-9999,Esperance,-35996.4,MURAT_202002_MRE,3,March,15.8,15.7,24.6
2020-03-30T08:00:00Z,1.094,19,-9999,Esperance,-35996.4,MURAT_202002_MRE,3,March,15.8,15.7,24.6
2020-03-30T09:00:00Z,0.979,19,-9999,Esperance,-35996.4,MURAT_202002_MRE,3,March,15.8,15.7,24.6
2020-03-30T10:00:00Z,0.899,19,-9999,Esperance,-35996.4,MURAT_202002_MRE,3,March,15.8,15.7,24.6
2020-03-30T11:00:00Z,0.853,19,-9999,Esperance,-35996.4,MURAT_202002_MRE,3,March,15.8,15.7,24.6
2020-03-30T12:00:00Z,0.791,19,-9999,Esperance,-35996.4,MURAT_202002_MRE,3,March,15.8,15.7,24.6
2020-03-30T13:00:00Z,0.787,19,-9999,Esperance,-35996.4,MURAT_202002_MRE,3,March,15.8,15.7,24.6
2020-03-30T14:00:00Z,0.801,18.9,-9999,Esperance,-35996.4,MURAT_202002_MRE,3,March,15.8,15.7,24.6
2020-03-30T15:00:00Z,0.817,18.9,-9999,Esperance,-35996.4,MURAT_202002_MRE,3,March,15.8,15.7,24.6
2020-03-30T16:00:00Z,0.82,18.9,-9999,Esperance,-35996.4,MURAT_202002_MRE,3,March,15.8,15.7,24.6
2020-03-30T17:00:00Z,0.79,18.9,-9999,Esperance,-35996.4,MURAT_202002_MRE,3,March,15.8,15.7,24.6
2020-03-30T18:00:00Z,0.73,18.9,-9999,Esperance,-35996.4,MURAT_202002_MRE,3,March,15.8,15.7,24.6
2020-03-30T19:00:00Z,0.683,18.9,-9999,Esperance,-35996.4,MURAT_202002_MRE,3,March,15.8,15.7,24.6
2020-03-30T20:00:00Z,0.638,18.9,-9999,Esperance,-35996.4,MURAT_202002_MRE,3,March,15.8,15.7,24.6
2020-03-30T21:00:00Z,0.601,18.9,-9999,Esperance,-35996.4,MURAT_202002_MRE,3,March,15.8,15.7,24.6
2020-03-30T22:00:00Z,0.599,18.9,-9999,Esperance,-35996.4,MURAT_202002_MRE,3,March,15.8,15.7,24.6
2020-03-30T23:00:00Z,0.683,18.9,-9999,Esperance,-35996.4,MURAT_202002_MRE,3,March,15.8,15.7,24.6
2020-03-31T00:00:00Z,0.751,18.9,-9999,Esperance,-35996.4,MURAT_202002_MRE,3,March,15.8,15.7,24.6
2020-03-31T01:00:00Z,0.817,18.9,-9999,Esperance,-35996.4,MURAT_202002_MRE,3,March,15.8,15.7,24.6
2020-03-31T02:00:00Z,0.975,19,-9999,Esperance,-35996.4,MURAT_202002_MRE,3,March,15.8,15.7,24.6
2020-03-31T03:00:00Z,1.084,19,-9999,Esperance,-35996.4,MURAT_202002_MRE,3,March,15.8,15.7,24.6
2020-03-31T04:00:00Z,1.147,19.1,-9999,Esperance,-35996.4,MURAT_202002_MRE,3,March,15.8,15.7,24.6
2020-03-31T05:00:00Z,1.19,19.1,-9999,Esperance,-35996.4,MURAT_202002_MRE,3,March,15.8,15.7,24.6
2020-03-31T06:00:00Z,1.173,19.1,-9999,Esperance,-35996.4,MURAT_202002_MRE,3,March,15.8,15.7,24.6
2020-03-31T07:00:00Z,1.169,19.1,-9999,Esperance,-35996.4,MURAT_202002_MRE,3,March,15.8,15.7,24.6
2020-03-31T08:00:00Z,1.108,19.1,-9999,Esperance,-35996.4,MURAT_202002_MRE,3,March,15.8,15.7,24.6
2020-03-31T09:00:00Z,1.019,19.1,-9999,Esperance,-35996.4,MURAT_202002_MRE,3,March,15.8,15.7,24.6
2020-03-31T10:00:00Z,0.971,19.1,-9999,Esperance,-35996.4,MURAT_202002_MRE,3,March,15.8,15.7,24.6
2020-03-31T11:00:00Z,0.928,19.1,-9999,Esperance,-35996.4,MURAT_202002_MRE,3,March,15.8,15.7,24.6
2020-03-31T12:00:00Z,0.886,19.1,-9999,Esperance,-35996.4,MURAT_202002_MRE,3,March,15.8,15.7,24.6
2020-03-31T13:00:00Z,0.847,19.3,-9999,Esperance,-35996.4,MURAT_202002_MRE,3,March,15.8,15.7,24.6
2020-03-31T14:00:00Z,0.819,19.3,-9999,Esperance,-35996.4,MURAT_202002_MRE,3,March,15.8,15.7,24.6
2020-03-31T15:00:00Z,0.819,19.2,-9999,Esperance,-35996.4,MURAT_202002_MRE,3,March,15.8,15.7,24.6
2020-03-31T16:00:00Z,0.781,19.1,-9999,Esperance,-35996.4,MURAT_202002_MRE,3,March,15.8,15.7,24.6
2020-03-31T17:00:00Z,0.751,19.1,-9999,Esperance,-35996.4,MURAT_202002_MRE,3,March,15.8,15.7,24.6
2020-03-31T18:00:00Z,0.687,19.1,-9999,Esperance,-35996.4,MURAT_202002_MRE,3,March,15.8,15.7,24.6
2020-03-31T19:00:00Z,0.621,19.1,-9999,Esperance,-35996.4,MURAT_202002_MRE,3,March,15.8,15.7,24.6
2020-03-31T20:00:00Z,0.598,19.1,-9999,Esperance,-35996.4,MURAT_202002_MRE,3,March,15.8,15.7,24.6
2020-03-31T21:00:00Z,0.591,19.1,-9999,Esperance,-35996.4,MURAT_202002_MRE,3,March,15.8,15.7,24.6
2020-03-31T22:00:00Z,0.575,19.1,-9999,Esperance,-35996.4,MURAT_202002_MRE,3,March,15.8,15.7,24.6
2020-03-31T23:00:00Z,0.655,19.1,-9999,Esperance,-35996.4,MURAT_202002_MRE,3,March,15.8,15.7,24.6
2020-04-01T00:00:00Z,0.731,19.1,-9999,Esperance,-35996.4,MURAT_202002_MRE,4,April,19.9,14.2,21.3
2020-04-01T01:00:00Z,0.784,19.1,-9999,Esperance,-35996.4,MURAT_202002_MRE,4,April,19.9,14.2,21.3
2020-04-01T02:00:00Z,0.899,19.2,-9999,Esperance,-35996.4,MURAT_202002_MRE,4,April,19.9,14.2,21.3
2020-04-01T03:00:00Z,1.036,19.6,-9999,Esperance,-35996.4,MURAT_202002_MRE,4,April,19.9,14.2,21.3
2020-04-01T04:00:00Z,1.07,19.6,-9999,Esperance,-35996.4,MURAT_202002_MRE,4,April,19.9,14.2,21.3
2020-04-01T05:00:00Z,1.114,19.7,-9999,Esperance,-35996.4,MURAT_202002_MRE,4,April,19.9,14.2,21.3
2020-04-01T06:00:00Z,1.148,19.7,-9999,Esperance,-35996.4,MURAT_202002_MRE,4,April,19.9,14.2,21.3
2020-04-01T07:00:00Z,1.135,19.8,-9999,Esperance,-35996.4,MURAT_202002_MRE,4,April,19.9,14.2,21.3
2020-04-01T08:00:00Z,1.085,19.4,-9999,Esperance,-35996.4,MURAT_202002_MRE,4,April,19.9,14.2,21.3
2020-04-01T09:00:00Z,1.063,19.4,-9999,Esperance,-35996.4,MURAT_202002_MRE,4,April,19.9,14.2,21.3
2020-04-01T10:00:00Z,1.041,19.6,-9999,Esperance,-35996.4,MURAT_202002_MRE,4,April,19.9,14.2,21.3
2020-04-01T11:00:00Z,0.992,19.5,-9999,Esperance,-35996.4,MURAT_202002_MRE,4,April,19.9,14.2,21.3
2020-04-01T12:00:00Z,0.968,19.5,-9999,Esperance,-35996.4,MURAT_202002_MRE,4,April,19.9,14.2,21.3
2020-04-01T13:00:00Z,0.926,19.5,-9999,Esperance,-35996.4,MURAT_202002_MRE,4,April,19.9,14.2,21.3
2020-04-01T14:00:00Z,0.858,19.5,-9999,Esperance,-35996.4,MURAT_202002_MRE,4,April,19.9,14.2,21.3
2020-04-01T15:00:00Z,0.812,19.5,-9999,Esperance,-35996.4,MURAT_202002_MRE,4,April,19.9,14.2,21.3
2020-04-01T16:00:00Z,0.756,19.5,-9999,Esperance,-35996.4,MURAT_202002_MRE,4,April,19.9,14.2,21.3
2020-04-01T17:00:00Z,0.685,19.5,-9999,Esperance,-35996.4,MURAT_202002_MRE,4,April,19.9,14.2,21.3
2020-04-01T18:00:00Z,0.631,19.5,-9999,Esperance,-35996.4,MURAT_202002_MRE,4,April,19.9,14.2,21.3
2020-04-01T19:00:00Z,0.585,19.5,-9999,Esperance,-35996.4,MURAT_202002_MRE,4,April,19.9,14.2,21.3
2020-04-01T20:00:00Z,0.568,19.4,-9999,Esperance,-35996.4,MURAT_202002_MRE,4,April,19.9,14.2,21.3
2020-04-01T21:00:00Z,0.587,19.4,-9999,Esperance,-35996.4,MURAT_202002_MRE,4,April,19.9,14.2,21.3
2020-04-01T22:00:00Z,0.63,19.4,-9999,Esperance,-35996.4,MURAT_202002_MRE,4,April,19.9,14.2,21.3
2020-04-01T23:00:00Z,0.687,19.4,-9999,Esperance,-35996.4,MURAT_202002_MRE,4,April,19.9,14.2,21.3
2020-04-02T00:00:00Z,0.822,19.4,-9999,Esperance,-35996.4,MURAT_202002_MRE,4,April,19.9,14.2,21.3
2020-04-02T01:00:00Z,0.863,19.4,-9999,Esperance,-35996.4,MURAT_202002_MRE,4,April,19.9,14.2,21.3
2020-04-02T02:00:00Z,0.947,19.4,-9999,Esperance,-35996.4,MURAT_202002_MRE,4,April,19.9,14.2,21.3
2020-04-02T03:00:00Z,1.09,-9999,-9999,Esperance,-35996.4,MURAT_202002_MRE,4,April,19.9,14.2,21.3
2020-04-02T04:00:00Z,1.099,19.5,-9999,Esperance,-35996.4,MURAT_202002_MRE,4,April,19.9,14.2,21.3
2020-04-02T05:00:00Z,1.123,19.5,-9999,Esperance,-35996.4,MURAT_202002_MRE,4,April,19.9,14.2,21.3
2020-04-02T06:00:00Z,1.184,19.4,-9999,Esperance,-35996.4,MURAT_202002_MRE,4,April,19.9,14.2,21.3
2020-04-02T07:00:00Z,1.163,19.4,-9999,Esperance,-35996.4,MURAT_202002_MRE,4,April,19.9,14.2,21.3
2020-04-02T08:00:00Z,1.148,-9999,-9999,Esperance,-35996.4,MURAT_202002_MRE,4,April,19.9,14.2,21.3
2020-04-02T09:00:00Z,1.23,19.5,-9999,Esperance,-35996.4,MURAT_202002_MRE,4,April,19.9,14.2,21.3
2020-04-02T10:00:00Z,1.234,19.4,-9999,Esperance,-35996.4,MURAT_202002_MRE,4,April,19.9,14.2,21.3
2020-04-02T11:00:00Z,1.224,19.4,-9999,Esperance,-35996.4,MURAT_202002_MRE,4,April,19.9,14.2,21.3
2020-04-02T12:00:00Z,1.268,-9999,-9999,Esperance,-35996.4,MURAT_202002_MRE,4,April,19.9,14.2,21.3
2020-04-02T13:00:00Z,1.196,19.4,-9999,Esperance,-35996.4,MURAT_202002_MRE,4,April,19.9,14.2,21.3
2020-04-02T14:00:00Z,1.094,19.4,-9999,Esperance,-35996.4,MURAT_202002_MRE,4,April,19.9,14.2,21.3
2020-04-02T15:00:00Z,1.05,19.4,-9999,Esperance,-35996.4,MURAT_202002_MRE,4,April,19.9,14.2,21.3
2020-04-02T16:00:00Z,0.935,19.4,-9999,Esperance,-35996.4,MURAT_202002_MRE,4,April,19.9,14.2,21.3
2020-04-02T17:00:00Z,0.815,19.4,-9999,Esperance,-35996.4,MURAT_202002_MRE,4,April,19.9,14.2,21.3
2020-04-02T18:00:00Z,0.776,19.4,-9999,Esperance,-35996.4,MURAT_202002_MRE,4,April,19.9,14.2,21.3
2020-04-02T19:00:00Z,0.68,19.4,-9999,Esperance,-35996.4,MURAT_202002_MRE,4,April,19.9,14.2,21.3
2020-04-02T20:00:00Z,0.641,19.3,-9999,Esperance,-35996.4,MURAT_202002_MRE,4,April,19.9,14.2,21.3
2020-04-02T21:00:00Z,0.653,19.4,-9999,Esperance,-35996.4,MURAT_202002_MRE,4,April,19.9,14.2,21.3
2020-04-02T22:00:00Z,0.709,-9999,-9999,Esperance,-35996.4,MURAT_202002_MRE,4,April,19.9,14.2,21.3
2020-04-02T23:00:00Z,0.761,19.3,-9999,Esperance,-35996.4,MURAT_202002_MRE,4,April,19.9,14.2,21.3
2020-04-03T00:00:00Z,0.869,19.3,-9999,Esperance,-35996.4,MURAT_202002_MRE,4,April,19.9,14.2,21.3
2020-04-03T01:00:00Z,0.931,-9999,-9999,Esperance,-35996.4,MURAT_202002_MRE,4,April,19.9,14.2,21.3
2020-04-03T02:00:00Z,0.965,-9999,-9999,Esperance,-35996.4,MURAT_202002_MRE,4,April,19.9,14.2,21.3
2020-04-03T03:00:00Z,0.984,-9999,-9999,Esperance,-35996.4,MURAT_202002_MRE,4,April,19.9,14.2,21.3
2020-04-03T04:00:00Z,0.968,-9999,-9999,Esperance,-35996.4,MURAT_202002_MRE,4,April,19.9,14.2,21.3
2020-04-03T05:00:00Z,0.97,19.2,-9999,Esperance,-35996.4,MURAT_202002_MRE,4,April,19.9,14.2,21.3
2020-04-03T06:00:00Z,0.987,19.2,-9999,Esperance,-35996.4,MURAT_202002_MRE,4,April,19.9,14.2,21.3
2020-04-03T07:00:00Z,0.988,-9999,-9999,Esperance,-35996.4,MURAT_202002_MRE,4,April,19.9,14.2,21.3
2020-04-03T08:00:00Z,0.983,19.2,-9999,Esperance,-35996.4,MURAT_202002_MRE,4,April,19.9,14.2,21.3
2020-04-03T09:00:00Z,1.015,19.2,-9999,Esperance,-35996.4,MURAT_202002_MRE,4,April,19.9,14.2,21.3
2020-04-03T10:00:00Z,1.066,19.1,-9999,Esperance,-35996.4,MURAT_202002_MRE,4,April,19.9,14.2,21.3
2020-04-03T11:00:00Z,1.14,19.1,-9999,Esperance,-35996.4,MURAT_202002_MRE,4,April,19.9,14.2,21.3
2020-04-03T12:00:00Z,1.155,19.1,-9999,Esperance,-35996.4,MURAT_202002_MRE,4,April,19.9,14.2,21.3
2020-04-03T13:00:00Z,1.128,19.1,-9999,Esperance,-35996.4,MURAT_202002_MRE,4,April,19.9,14.2,21.3
2020-04-03T14:00:00Z,1.08,19.1,-9999,Esperance,-35996.4,MURAT_202002_MRE,4,April,19.9,14.2,21.3
2020-04-03T15:00:00Z,0.976,-9999,-9999,Esperance,-35996.4,MURAT_202002_MRE,4,April,19.9,14.2,21.3
2020-04-03T16:00:00Z,0.822,19,-9999,Esperance,-35996.4,MURAT_202002_MRE,4,April,19.9,14.2,21.3
2020-04-03T17:00:00Z,0.683,-9999,-9999,Esperance,-35996.4,MURAT_202002_MRE,4,April,19.9,14.2,21.3
2020-04-03T18:00:00Z,0.544,19,-9999,Esperance,-35996.4,MURAT_202002_MRE,4,April,19.9,14.2,21.3
2020-04-03T19:00:00Z,0.447,19,-9999,Esperance,-35996.4,MURAT_202002_MRE,4,April,19.9,14.2,21.3
2020-04-03T20:00:00Z,0.402,19,-9999,Esperance,-35996.4,MURAT_202002_MRE,4,April,19.9,14.2,21.3
2020-04-03T21:00:00Z,0.428,19,-9999,Esperance,-35996.4,MURAT_202002_MRE,4,April,19.9,14.2,21.3
2020-04-03T22:00:00Z,0.483,19,-9999,Esperance,-35996.4,MURAT_202002_MRE,4,April,19.9,14.2,21.3
2020-04-03T23:00:00Z,0.578,19,-9999,Esperance,-35996.4,MURAT_202002_MRE,4,April,19.9,14.2,21.3
2020-04-04T00:00:00Z,0.707,19,-9999,Esperance,-35996.4,MURAT_202002_MRE,4,April,19.9,14.2,21.3
2020-04-04T01:00:00Z,0.78,19,-9999,Esperance,-35996.4,MURAT_202002_MRE,4,April,19.9,14.2,21.3
2020-04-04T02:00:00Z,0.829,19,-9999,Esperance,-35996.4,MURAT_202002_MRE,4,April,19.9,14.2,21.3
2020-04-04T03:00:00Z,0.866,-9999,-9999,Esperance,-35996.4,MURAT_202002_MRE,4,April,19.9,14.2,21.3
2020-04-04T04:00:00Z,0.837,19,-9999,Esperance,-35996.4,MURAT_202002_MRE,4,April,19.9,14.2,21.3
2020-04-04T05:00:00Z,0.791,19,-9999,Esperance,-35996.4,MURAT_202002_MRE,4,April,19.9,14.2,21.3
2020-04-04T06:00:00Z,0.77,-9999,-9999,Esperance,-35996.4,MURAT_202002_MRE,4,April,19.9,14.2,21.3
2020-04-04T07:00:00Z,0.762,19,-9999,Esperance,-35996.4,MURAT_202002_MRE,4,April,19.9,14.2,21.3
2020-04-04T08:00:00Z,0.774,19,-9999,Esperance,-35996.4,MURAT_202002_MRE,4,April,19.9,14.2,21.3
2020-04-04T09:00:00Z,0.807,19,-9999,Esperance,-35996.4,MURAT_202002_MRE,4,April,19.9,14.2,21.3
2020-04-04T10:00:00Z,0.917,19,-9999,Esperance,-35996.4,MURAT_202002_MRE,4,April,19.9,14.2,21.3
2020-04-04T11:00:00Z,1.036,19,-9999,Esperance,-35996.4,MURAT_202002_MRE,4,April,19.9,14.2,21.3
2020-04-04T12:00:00Z,1.122,19,-9999,Esperance,-35996.4,MURAT_202002_MRE,4,April,19.9,14.2,21.3
2020-04-04T13:00:00Z,1.163,19,-9999,Esperance,-35996.4,MURAT_202002_MRE,4,April,19.9,14.2,21.3
2020-04-04T14:00:00Z,1.145,19,-9999,Esperance,-35996.4,MURAT_202002_MRE,4,April,19.9,14.2,21.3
2020-04-04T15:00:00Z,1.041,19,-9999,Esperance,-35996.4,MURAT_202002_MRE,4,April,19.9,14.2,21.3
2020-04-04T16:00:00Z,0.895,19,-9999,Esperance,-35996.4,MURAT_202002_MRE,4,April,19.9,14.2,21.3
2020-04-04T17:00:00Z,0.711,19,-9999,Esperance,-35996.4,MURAT_202002_MRE,4,April,19.9,14.2,21.3
2020-04-04T18:00:00Z,0.538,18.9,-9999,Esperance,-35996.4,MURAT_202002_MRE,4,April,19.9,14.2,21.3
2020-04-04T19:00:00Z,0.415,18.9,-9999,Esperance,-35996.4,MURAT_202002_MRE,4,April,19.9,14.2,21.3
2020-04-04T20:00:00Z,0.319,18.9,-9999,Esperance,-35996.4,MURAT_202002_MRE,4,April,19.9,14.2,21.3
2020-04-04T21:00:00Z,0.341,18.8,-9999,Esperance,-35996.4,MURAT_202002_MRE,4,April,19.9,14.2,21.3
2020-04-04T22:00:00Z,0.42,18.8,-9999,Esperance,-35996.4,MURAT_202002_MRE,4,April,19.9,14.2,21.3
2020-04-04T23:00:00Z,0.509,18.8,-9999,Esperance,-35996.4,MURAT_202002_MRE,4,April,19.9,14.2,21.3
2020-04-05T00:00:00Z,0.673,18.8,-9999,Esperance,-35996.4,MURAT_202002_MRE,4,April,19.9,14.2,21.3
2020-04-05T01:00:00Z,0.768,18.8,-9999,Esperance,-35996.4,MURAT_202002_MRE,4,April,19.9,14.2,21.3
2020-04-05T02:00:00Z,0.84,18.8,-9999,Esperance,-35996.4,MURAT_202002_MRE,4,April,19.9,14.2,21.3
2020-04-05T03:00:00Z,0.883,18.9,-9999,Esperance,-35996.4,MURAT_202002_MRE,4,April,19.9,14.2,21.3
2020-04-05T04:00:00Z,0.824,18.9,-9999,Esperance,-35996.4,MURAT_202002_MRE,4,April,19.9,14.2,21.3
2020-04-05T05:00:00Z,0.774,18.9,-9999,Esperance,-35996.4,MURAT_202002_MRE,4,April,19.9,14.2,21.3
2020-04-05T06:00:00Z,0.693,18.9,-9999,Esperance,-35996.4,MURAT_202002_MRE,4,April,19.9,14.2,21.3
2020-04-05T07:00:00Z,0.658,19,-9999,Esperance,-35996.4,MURAT_202002_MRE,4,April,19.9,14.2,21.3
2020-04-05T08:00:00Z,0.641,18.9,-9999,Esperance,-35996.4,MURAT_202002_MRE,4,April,19.9,14.2,21.3
2020-04-05T09:00:00Z,0.675,18.9,-9999,Esperance,-35996.4,MURAT_202002_MRE,4,April,19.9,14.2,21.3
2020-04-05T10:00:00Z,0.799,18.9,-9999,Esperance,-35996.4,MURAT_202002_MRE,4,April,19.9,14.2,21.3
2020-04-05T11:00:00Z,0.942,18.9,-9999,Esperance,-35996.4,MURAT_202002_MRE,4,April,19.9,14.2,21.3
2020-04-05T12:00:00Z,1.056,18.9,-9999,Esperance,-35996.4,MURAT_202002_MRE,4,April,19.9,14.2,21.3
2020-04-05T13:00:00Z,1.151,18.9,-9999,Esperance,-35996.4,MURAT_202002_MRE,4,April,19.9,14.2,21.3
2020-04-05T14:00:00Z,1.183,18.9,-9999,Esperance,-35996.4,MURAT_202002_MRE,4,April,19.9,14.2,21.3
2020-04-05T15:00:00Z,1.134,18.9,-9999,Esperance,-35996.4,MURAT_202002_MRE,4,April,19.9,14.2,21.3
2020-04-05T16:00:00Z,0.973,18.9,-9999,Esperance,-35996.4,MURAT_202002_MRE,4,April,19.9,14.2,21.3
2020-04-05T17:00:00Z,0.815,18.9,-9999,Esperance,-35996.4,MURAT_202002_MRE,4,April,19.9,14.2,21.3
2020-04-05T18:00:00Z,0.592,18.8,-9999,Esperance,-35996.4,MURAT_202002_MRE,4,April,19.9,14.2,21.3
2020-04-05T19:00:00Z,0.39,18.8,-9999,Esperance,-35996.4,MURAT_202002_MRE,4,April,19.9,14.2,21.3
2020-04-05T20:00:00Z,0.308,18.8,-9999,Esperance,-35996.4,MURAT_202002_MRE,4,April,19.9,14.2,21.3
2020-04-05T21:00:00Z,0.293,18.8,-9999,Esperance,-35996.4,MURAT_202002_MRE,4,April,19.9,14.2,21.3
2020-04-05T22:00:00Z,0.344,18.8,-9999,Esperance,-35996.4,MURAT_202002_MRE,4,April,19.9,14.2,21.3
2020-04-05T23:00:00Z,0.48,18.7,-9999,Esperance,-35996.4,MURAT_202002_MRE,4,April,19.9,14.2,21.3
2020-04-06T00:00:00Z,0.624,18.7,-9999,Esperance,-35996.4,MURAT_202002_MRE,4,April,19.9,14.2,21.3
2020-04-06T01:00:00Z,0.749,18.7,-9999,Esperance,-35996.4,MURAT_202002_MRE,4,April,19.9,14.2,21.3
2020-04-06T02:00:00Z,0.844,18.7,-9999,Esperance,-35996.4,MURAT_202002_MRE,4,April,19.9,14.2,21.3
2020-04-06T03:00:00Z,0.889,18.8,-9999,Esperance,-35996.4,MURAT_202002_MRE,4,April,19.9,14.2,21.3
2020-04-06T04:00:00Z,0.832,18.8,-9999,Esperance,-35996.4,MURAT_202002_MRE,4,April,19.9,14.2,21.3
2020-04-06T05:00:00Z,0.749,18.8,-9999,Esperance,-35996.4,MURAT_202002_MRE,4,April,19.9,14.2,21.3
2020-04-06T06:00:00Z,0.662,18.8,-9999,Esperance,-35996.4,MURAT_202002_MRE,4,April,19.9,14.2,21.3
2020-04-06T07:00:00Z,0.559,18.8,-9999,Esperance,-35996.4,MURAT_202002_MRE,4,April,19.9,14.2,21.3
2020-04-06T08:00:00Z,0.496,18.8,-9999,Esperance,-35996.4,MURAT_202002_MRE,4,April,19.9,14.2,21.3
2020-04-06T09:00:00Z,0.501,18.8,-9999,Esperance,-35996.4,MURAT_202002_MRE,4,April,19.9,14.2,21.3
2020-04-06T10:00:00Z,0.592,18.8,-9999,Esperance,-35996.4,MURAT_202002_MRE,4,April,19.9,14.2,21.3
2020-04-06T11:00:00Z,0.74,18.8,-9999,Esperance,-35996.4,MURAT_202002_MRE,4,April,19.9,14.2,21.3
2020-04-06T12:00:00Z,0.891,18.8,-9999,Esperance,-35996.4,MURAT_202002_MRE,4,April,19.9,14.2,21.3
2020-04-06T13:00:00Z,1.048,18.8,-9999,Esperance,-35996.4,MURAT_202002_MRE,4,April,19.9,14.2,21.3
2020-04-06T14:00:00Z,1.115,18.7,-9999,Esperance,-35996.4,MURAT_202002_MRE,4,April,19.9,14.2,21.3
2020-04-06T15:00:00Z,1.116,18.7,-9999,Esperance,-35996.4,MURAT_202002_MRE,4,April,19.9,14.2,21.3
2020-04-06T16:00:00Z,1.06,18.7,-9999,Esperance,-35996.4,MURAT_202002_MRE,4,April,19.9,14.2,21.3
2020-04-06T17:00:00Z,0.872,18.7,-9999,Esperance,-35996.4,MURAT_202002_MRE,4,April,19.9,14.2,21.3
2020-04-06T18:00:00Z,0.659,18.7,-9999,Esperance,-35996.4,MURAT_202002_MRE,4,April,19.9,14.2,21.3
2020-04-06T19:00:00Z,0.481,18.7,-9999,Esperance,-35996.4,MURAT_202002_MRE,4,April,19.9,14.2,21.3
2020-04-06T20:00:00Z,0.322,18.7,-9999,Esperance,-35996.4,MURAT_202002_MRE,4,April,19.9,14.2,21.3
2020-04-06T21:00:00Z,0.285,18.7,-9999,Esperance,-35996.4,MURAT_202002_MRE,4,April,19.9,14.2,21.3
2020-04-06T22:00:00Z,0.317,18.7,-9999,Esperance,-35996.4,MURAT_202002_MRE,4,April,19.9,14.2,21.3
2020-04-06T23:00:00Z,0.424,18.7,-9999,Esperance,-35996.4,MURAT_202002_MRE,4,April,19.9,14.2,21.3
2020-04-07T00:00:00Z,0.585,18.6,-9999,Esperance,-35996.4,MURAT_202002_MRE,4,April,19.9,14.2,21.3
2020-04-07T01:00:00Z,0.719,18.6,-9999,Esperance,-35996.4,MURAT_202002_MRE,4,April,19.9,14.2,21.3
2020-04-07T02:00:00Z,0.834,18.6,-9999,Esperance,-35996.4,MURAT_202002_MRE,4,April,19.9,14.2,21.3
2020-04-07T03:00:00Z,0.886,18.7,-9999,Esperance,-35996.4,MURAT_202002_MRE,4,April,19.9,14.2,21.3
2020-04-07T04:00:00Z,0.857,18.8,-9999,Esperance,-35996.4,MURAT_202002_MRE,4,April,19.9,14.2,21.3
2020-04-07T05:00:00Z,0.768,18.9,-9999,Esperance,-35996.4,MURAT_202002_MRE,4,April,19.9,14.2,21.3
2020-04-07T06:00:00Z,0.665,18.9,-9999,Esperance,-35996.4,MURAT_202002_MRE,4,April,19.9,14.2,21.3
2020-04-07T07:00:00Z,0.523,19,-9999,Esperance,-35996.4,MURAT_202002_MRE,4,April,19.9,14.2,21.3
2020-04-07T08:00:00Z,0.391,19.1,-9999,Esperance,-35996.4,MURAT_202002_MRE,4,April,19.9,14.2,21.3
2020-04-07T09:00:00Z,0.39,19.1,-9999,Esperance,-35996.4,MURAT_202002_MRE,4,April,19.9,14.2,21.3
2020-04-07T10:00:00Z,0.422,19.1,-9999,Esperance,-35996.4,MURAT_202002_MRE,4,April,19.9,14.2,21.3
2020-04-07T11:00:00Z,0.52,19.1,-9999,Esperance,-35996.4,MURAT_202002_MRE,4,April,19.9,14.2,21.3
2020-04-07T12:00:00Z,0.691,19.1,-9999,Esperance,-35996.4,MURAT_202002_MRE,4,April,19.9,14.2,21.3
2020-04-07T13:00:00Z,0.817,19.1,-9999,Esperance,-35996.4,MURAT_202002_MRE,4,April,19.9,14.2,21.3
2020-04-07T14:00:00Z,0.925,19.1,-9999,Esperance,-35996.4,MURAT_202002_MRE,4,April,19.9,14.2,21.3
2020-04-07T15:00:00Z,0.988,19.1,-9999,Esperance,-35996.4,MURAT_202002_MRE,4,April,19.9,14.2,21.3
2020-04-07T16:00:00Z,0.96,19.1,-9999,Esperance,-35996.4,MURAT_202002_MRE,4,April,19.9,14.2,21.3
2020-04-07T17:00:00Z,0.856,19.1,-9999,Esperance,-35996.4,MURAT_202002_MRE,4,April,19.9,14.2,21.3
2020-04-07T18:00:00Z,0.676,19,-9999,Esperance,-35996.4,MURAT_202002_MRE,4,April,19.9,14.2,21.3
2020-04-07T19:00:00Z,0.515,19,-9999,Esperance,-35996.4,MURAT_202002_MRE,4,April,19.9,14.2,21.3
2020-04-07T20:00:00Z,0.352,19,-9999,Esperance,-35996.4,MURAT_202002_MRE,4,April,19.9,14.2,21.3
2020-04-07T21:00:00Z,0.291,18.9,-9999,Esperance,-35996.4,MURAT_202002_MRE,4,April,19.9,14.2,21.3
2020-04-07T22:00:00Z,0.323,18.9,-9999,Esperance,-35996.4,MURAT_202002_MRE,4,April,19.9,14.2,21.3
2020-04-07T23:00:00Z,0.411,18.9,-9999,Esperance,-35996.4,MURAT_202002_MRE,4,April,19.9,14.2,21.3
2020-04-08T00:00:00Z,0.572,18.8,-9999,Esperance,-35996.4,MURAT_202002_MRE,4,April,19.9,14.2,21.3
2020-04-08T01:00:00Z,0.732,18.7,-9999,Esperance,-35996.4,MURAT_202002_MRE,4,April,19.9,14.2,21.3
2020-04-08T02:00:00Z,0.852,18.8,-9999,Esperance,-35996.4,MURAT_202002_MRE,4,April,19.9,14.2,21.3
2020-04-08T03:00:00Z,0.963,18.9,-9999,Esperance,-35996.4,MURAT_202002_MRE,4,April,19.9,14.2,21.3
2020-04-08T04:00:00Z,0.956,18.9,-9999,Esperance,-35996.4,MURAT_202002_MRE,4,April,19.9,14.2,21.3
2020-04-08T05:00:00Z,0.884,19,-9999,Esperance,-35996.4,MURAT_202002_MRE,4,April,19.9,14.2,21.3
2020-04-08T06:00:00Z,0.79,19.1,-9999,Esperance,-35996.4,MURAT_202002_MRE,4,April,19.9,14.2,21.3
2020-04-08T07:00:00Z,0.648,19.2,-9999,Esperance,-35996.4,MURAT_202002_MRE,4,April,19.9,14.2,21.3
2020-04-08T08:00:00Z,0.493,19.3,-9999,Esperance,-35996.4,MURAT_202002_MRE,4,April,19.9,14.2,21.3
2020-04-08T09:00:00Z,0.414,19.4,-9999,Esperance,-35996.4,MURAT_202002_MRE,4,April,19.9,14.2,21.3
2020-04-08T10:00:00Z,0.42,19.4,-9999,Esperance,-35996.4,MURAT_202002_MRE,4,April,19.9,14.2,21.3
2020-04-08T11:00:00Z,0.457,19.3,-9999,Esperance,-35996.4,MURAT_202002_MRE,4,April,19.9,14.2,21.3
2020-04-08T12:00:00Z,0.59,19.3,-9999,Esperance,-35996.4,MURAT_202002_MRE,4,April,19.9,14.2,21.3
2020-04-08T13:00:00Z,0.718,19.3,-9999,Esperance,-35996.4,MURAT_202002_MRE,4,April,19.9,14.2,21.3
2020-04-08T14:00:00Z,0.839,19.3,-9999,Esperance,-35996.4,MURAT_202002_MRE,4,April,19.9,14.2,21.3
2020-04-08T15:00:00Z,0.956,19.3,-9999,Esperance,-35996.4,MURAT_202002_MRE,4,April,19.9,14.2,21.3
2020-04-08T16:00:00Z,0.958,19.3,-9999,Esperance,-35996.4,MURAT_202002_MRE,4,April,19.9,14.2,21.3
2020-04-08T17:00:00Z,0.929,19.3,-9999,Esperance,-35996.4,MURAT_202002_MRE,4,April,19.9,14.2,21.3
2020-04-08T18:00:00Z,0.847,19.2,-9999,Esperance,-35996.4,MURAT_202002_MRE,4,April,19.9,14.2,21.3
2020-04-08T19:00:00Z,0.694,19.2,-9999,Esperance,-35996.4,MURAT_202002_MRE,4,April,19.9,14.2,21.3
2020-04-08T20:00:00Z,0.601,19.1,-9999,Esperance,-35996.4,MURAT_202002_MRE,4,April,19.9,14.2,21.3
2020-04-08T21:00:00Z,0.526,19,-9999,Esperance,-35996.4,MURAT_202002_MRE,4,April,19.9,14.2,21.3
2020-04-08T22:00:00Z,0.517,19,-9999,Esperance,-35996.4,MURAT_202002_MRE,4,April,19.9,14.2,21.3
2020-04-08T23:00:00Z,0.65,19.1,-9999,Esperance,-35996.4,MURAT_202002_MRE,4,April,19.9,14.2,21.3
2020-04-09T00:00:00Z,0.794,19.1,-9999,Esperance,-35996.4,MURAT_202002_MRE,4,April,19.9,14.2,21.3
2020-04-09T01:00:00Z,0.948,-9999,-9999,Esperance,-35996.4,MURAT_202002_MRE,4,April,19.9,14.2,21.3
2020-04-09T02:00:00Z,1.095,19.1,-9999,Esperance,-35996.4,MURAT_202002_MRE,4,April,19.9,14.2,21.3
2020-04-09T03:00:00Z,1.214,19.2,-9999,Esperance,-35996.4,MURAT_202002_MRE,4,April,19.9,14.2,21.3
2020-04-09T04:00:00Z,1.22,19.3,-9999,Esperance,-35996.4,MURAT_202002_MRE,4,April,19.9,14.2,21.3
2020-04-09T05:00:00Z,1.184,-9999,-9999,Esperance,-35996.4,MURAT_202002_MRE,4,April,19.9,14.2,21.3
2020-04-09T06:00:00Z,1.113,-9999,-9999,Esperance,-35996.4,MURAT_202002_MRE,4,April,19.9,14.2,21.3
2020-04-09T07:00:00Z,0.955,19.3,-9999,Esperance,-35996.4,MURAT_202002_MRE,4,April,19.9,14.2,21.3
2020-04-09T08:00:00Z,0.819,19.4,-9999,Esperance,-35996.4,MURAT_202002_MRE,4,April,19.9,14.2,21.3
2020-04-09T09:00:00Z,0.713,19.4,-9999,Esperance,-35996.4,MURAT_202002_MRE,4,April,19.9,14.2,21.3
2020-04-09T10:00:00Z,0.604,19.3,-9999,Esperance,-35996.4,MURAT_202002_MRE,4,April,19.9,14.2,21.3
2020-04-09T11:00:00Z,0.664,19.2,-9999,Esperance,-35996.4,MURAT_202002_MRE,4,April,19.9,14.2,21.3
2020-04-09T12:00:00Z,0.714,19.1,-9999,Esperance,-35996.4,MURAT_202002_MRE,4,April,19.9,14.2,21.3
2020-04-09T13:00:00Z,0.774,19.1,-9999,Esperance,-35996.4,MURAT_202002_MRE,4,April,19.9,14.2,21.3
2020-04-09T14:00:00Z,0.883,19.1,-9999,Esperance,-35996.4,MURAT_202002_MRE,4,April,19.9,14.2,21.3
2020-04-09T15:00:00Z,0.973,19.1,-9999,Esperance,-35996.4,MURAT_202002_MRE,4,April,19.9,14.2,21.3
2020-04-09T16:00:00Z,0.968,19.1,-9999,Esperance,-35996.4,MURAT_202002_MRE,4,April,19.9,14.2,21.3
2020-04-09T17:00:00Z,0.963,19,-9999,Esperance,-35996.4,MURAT_202002_MRE,4,April,19.9,14.2,21.3
2020-04-09T18:00:00Z,0.922,19.1,-9999,Esperance,-35996.4,MURAT_202002_MRE,4,April,19.9,14.2,21.3
2020-04-09T19:00:00Z,0.839,19.1,-9999,Esperance,-35996.4,MURAT_202002_MRE,4,April,19.9,14.2,21.3
2020-04-09T20:00:00Z,0.784,-9999,-9999,Esperance,-35996.4,MURAT_202002_MRE,4,April,19.9,14.2,21.3
2020-04-09T21:00:00Z,0.715,-9999,-9999,Esperance,-35996.4,MURAT_202002_MRE,4,April,19.9,14.2,21.3
2020-04-09T22:00:00Z,0.648,-9999,-9999,Esperance,-35996.4,MURAT_202002_MRE,4,April,19.9,14.2,21.3
2020-04-09T23:00:00Z,0.728,-9999,-9999,Esperance,-35996.4,MURAT_202002_MRE,4,April,19.9,14.2,21.3
2020-04-10T00:00:00Z,0.859,-9999,-9999,Esperance,-35996.4,MURAT_202002_MRE,4,April,19.9,14.2,21.3
2020-04-10T01:00:00Z,0.988,19.1,-9999,Esperance,-35996.4,MURAT_202002_MRE,4,April,19.9,14.2,21.3
2020-04-10T02:00:00Z,1.152,19.1,-9999,Esperance,-35996.4,MURAT_202002_MRE,4,April,19.9,14.2,21.3
2020-04-10T03:00:00Z,1.264,19.1,-9999,Esperance,-35996.4,MURAT_202002_MRE,4,April,19.9,14.2,21.3
2020-04-10T04:00:00Z,1.251,19.3,-9999,Esperance,-35996.4,MURAT_202002_MRE,4,April,19.9,14.2,21.3
2020-04-10T05:00:00Z,1.246,19.5,-9999,Esperance,-35996.4,MURAT_202002_MRE,4,April,19.9,14.2,21.3
2020-04-10T06:00:00Z,1.175,19.6,-9999,Esperance,-35996.4,MURAT_202002_MRE,4,April,19.9,14.2,21.3
2020-04-10T07:00:00Z,1.039,19.8,-9999,Esperance,-35996.4,MURAT_202002_MRE,4,April,19.9,14.2,21.3
2020-04-10T08:00:00Z,0.884,19.8,-9999,Esperance,-35996.4,MURAT_202002_MRE,4,April,19.9,14.2,21.3
2020-04-10T09:00:00Z,0.767,19.8,-9999,Esperance,-35996.4,MURAT_202002_MRE,4,April,19.9,14.2,21.3
2020-04-10T10:00:00Z,0.66,19.8,-9999,Esperance,-35996.4,MURAT_202002_MRE,4,April,19.9,14.2,21.3
2020-04-10T11:00:00Z,0.604,-9999,-9999,Esperance,-35996.4,MURAT_202002_MRE,4,April,19.9,14.2,21.3
2020-04-10T12:00:00Z,0.615,19.8,-9999,Esperance,-35996.4,MURAT_202002_MRE,4,April,19.9,14.2,21.3
2020-04-10T13:00:00Z,0.648,19.8,-9999,Esperance,-35996.4,MURAT_202002_MRE,4,April,19.9,14.2,21.3
2020-04-10T14:00:00Z,0.704,19.8,-9999,Esperance,-35996.4,MURAT_202002_MRE,4,April,19.9,14.2,21.3
2020-04-10T15:00:00Z,0.73,19.8,-9999,Esperance,-35996.4,MURAT_202002_MRE,4,April,19.9,14.2,21.3
2020-04-10T16:00:00Z,0.742,19.7,-9999,Esperance,-35996.4,MURAT_202002_MRE,4,April,19.9,14.2,21.3
2020-04-10T17:00:00Z,0.735,19.7,-9999,Esperance,-35996.4,MURAT_202002_MRE,4,April,19.9,14.2,21.3
2020-04-10T18:00:00Z,0.715,19.7,-9999,Esperance,-35996.4,MURAT_202002_MRE,4,April,19.9,14.2,21.3
2020-04-10T19:00:00Z,0.692,19.7,-9999,Esperance,-35996.4,MURAT_202002_MRE,4,April,19.9,14.2,21.3
2020-04-10T20:00:00Z,0.622,19.7,-9999,Esperance,-35996.4,MURAT_202002_MRE,4,April,19.9,14.2,21.3
2020-04-10T21:00:00Z,0.605,19.7,-9999,Esperance,-35996.4,MURAT_202002_MRE,4,April,19.9,14.2,21.3
2020-04-10T22:00:00Z,0.653,19.7,-9999,Esperance,-35996.4,MURAT_202002_MRE,4,April,19.9,14.2,21.3
2020-04-10T23:00:00Z,0.682,19.7,-9999,Esperance,-35996.4,MURAT_202002_MRE,4,April,19.9,14.2,21.3
2020-04-11T00:00:00Z,0.828,19.6,-9999,Esperance,-35996.4,MURAT_202002_MRE,4,April,19.9,14.2,21.3
2020-04-11T01:00:00Z,0.957,19.5,-9999,Esperance,-35996.4,MURAT_202002_MRE,4,April,19.9,14.2,21.3
2020-04-11T02:00:00Z,1.048,19.6,-9999,Esperance,-35996.4,MURAT_202002_MRE,4,April,19.9,14.2,21.3
2020-04-11T03:00:00Z,1.193,19.6,-9999,Esperance,-35996.4,MURAT_202002_MRE,4,April,19.9,14.2,21.3
2020-04-11T04:00:00Z,1.218,19.6,-9999,Esperance,-35996.4,MURAT_202002_MRE,4,April,19.9,14.2,21.3
2020-04-11T05:00:00Z,1.178,19.6,-9999,Esperance,-35996.4,MURAT_202002_MRE,4,April,19.9,14.2,21.3
2020-04-11T06:00:00Z,1.144,19.6,-9999,Esperance,-35996.4,MURAT_202002_MRE,4,April,19.9,14.2,21.3
2020-04-11T07:00:00Z,1.067,19.9,-9999,Esperance,-35996.4,MURAT_202002_MRE,4,April,19.9,14.2,21.3
2020-04-11T08:00:00Z,0.928,19.9,-9999,Esperance,-35996.4,MURAT_202002_MRE,4,April,19.9,14.2,21.3
2020-04-11T09:00:00Z,0.778,19.9,-9999,Esperance,-35996.4,MURAT_202002_MRE,4,April,19.9,14.2,21.3
2020-04-11T10:00:00Z,0.729,19.9,-9999,Esperance,-35996.4,MURAT_202002_MRE,4,April,19.9,14.2,21.3
2020-04-11T11:00:00Z,0.649,19.9,-9999,Esperance,-35996.4,MURAT_202002_MRE,4,April,19.9,14.2,21.3
2020-04-11T12:00:00Z,0.564,19.9,-9999,Esperance,-35996.4,MURAT_202002_MRE,4,April,19.9,14.2,21.3
2020-04-11T13:00:00Z,0.643,19.9,-9999,Esperance,-35996.4,MURAT_202002_MRE,4,April,19.9,14.2,21.3
2020-04-11T14:00:00Z,0.63,19.9,-9999,Esperance,-35996.4,MURAT_202002_MRE,4,April,19.9,14.2,21.3
2020-04-11T15:00:00Z,0.6,19.9,-9999,Esperance,-35996.4,MURAT_202002_MRE,4,April,19.9,14.2,21.3
2020-04-11T16:00:00Z,0.629,19.9,-9999,Esperance,-35996.4,MURAT_202002_MRE,4,April,19.9,14.2,21.3
2020-04-11T17:00:00Z,0.593,19.9,-9999,Esperance,-35996.4,MURAT_202002_MRE,4,April,19.9,14.2,21.3
2020-04-11T18:00:00Z,0.551,19.9,-9999,Esperance,-35996.4,MURAT_202002_MRE,4,April,19.9,14.2,21.3
2020-04-11T19:00:00Z,0.549,19.9,-9999,Esperance,-35996.4,MURAT_202002_MRE,4,April,19.9,14.2,21.3
2020-04-11T20:00:00Z,0.569,19.9,-9999,Esperance,-35996.4,MURAT_202002_MRE,4,April,19.9,14.2,21.3
2020-04-11T21:00:00Z,0.549,19.8,-9999,Esperance,-35996.4,MURAT_202002_MRE,4,April,19.9,14.2,21.3
2020-04-11T22:00:00Z,0.604,19.8,-9999,Esperance,-35996.4,MURAT_202002_MRE,4,April,19.9,14.2,21.3
2020-04-11T23:00:00Z,0.773,19.8,-9999,Esperance,-35996.4,MURAT_202002_MRE,4,April,19.9,14.2,21.3
2020-04-12T00:00:00Z,0.819,19.8,-9999,Esperance,-35996.4,MURAT_202002_MRE,4,April,19.9,14.2,21.3
2020-04-12T01:00:00Z,0.995,19.8,-9999,Esperance,-35996.4,MURAT_202002_MRE,4,April,19.9,14.2,21.3
2020-04-12T02:00:00Z,1.161,19.8,-9999,Esperance,-35996.4,MURAT_202002_MRE,4,April,19.9,14.2,21.3
2020-04-12T03:00:00Z,1.202,19.8,-9999,Esperance,-35996.4,MURAT_202002_MRE,4,April,19.9,14.2,21.3
2020-04-12T04:00:00Z,1.271,19.6,-9999,Esperance,-35996.4,MURAT_202002_MRE,4,April,19.9,14.2,21.3
2020-04-12T05:00:00Z,1.259,19.5,-9999,Esperance,-35996.4,MURAT_202002_MRE,4,April,19.9,14.2,21.3
2020-04-12T06:00:00Z,1.198,19.4,-9999,Esperance,-35996.4,MURAT_202002_MRE,4,April,19.9,14.2,21.3
2020-04-12T07:00:00Z,1.138,19.3,-9999,Esperance,-35996.4,MURAT_202002_MRE,4,April,19.9,14.2,21.3
2020-04-12T08:00:00Z,1.07,19.2,-9999,Esperance,-35996.4,MURAT_202002_MRE,4,April,19.9,14.2,21.3
2020-04-12T09:00:00Z,0.962,19.2,-9999,Esperance,-35996.4,MURAT_202002_MRE,4,April,19.9,14.2,21.3
2020-04-12T10:00:00Z,0.899,19.2,-9999,Esperance,-35996.4,MURAT_202002_MRE,4,April,19.9,14.2,21.3
2020-04-12T11:00:00Z,0.882,19.3,-9999,Esperance,-35996.4,MURAT_202002_MRE,4,April,19.9,14.2,21.3
2020-04-12T12:00:00Z,0.791,19.4,-9999,Esperance,-35996.4,MURAT_202002_MRE,4,April,19.9,14.2,21.3
2020-04-12T13:00:00Z,0.801,19.4,-9999,Esperance,-35996.4,MURAT_202002_MRE,4,April,19.9,14.2,21.3
2020-04-12T14:00:00Z,0.814,19.5,-9999,Esperance,-35996.4,MURAT_202002_MRE,4,April,19.9,14.2,21.3
2020-04-12T15:00:00Z,0.755,19.5,-9999,Esperance,-35996.4,MURAT_202002_MRE,4,April,19.9,14.2,21.3
2020-04-12T16:00:00Z,0.733,19.5,-9999,Esperance,-35996.4,MURAT_202002_MRE,4,April,19.9,14.2,21.3
2020-04-12T17:00:00Z,0.694,19.6,-9999,Esperance,-35996.4,MURAT_202002_MRE,4,April,19.9,14.2,21.3
2020-04-12T18:00:00Z,0.614,19.6,-9999,Esperance,-35996.4,MURAT_202002_MRE,4,April,19.9,14.2,21.3
2020-04-12T19:00:00Z,0.614,19.6,-9999,Esperance,-35996.4,MURAT_202002_MRE,4,April,19.9,14.2,21.3
2020-04-12T20:00:00Z,0.612,19.5,-9999,Esperance,-35996.4,MURAT_202002_MRE,4,April,19.9,14.2,21.3
2020-04-12T21:00:00Z,0.646,19.5,-9999,Esperance,-35996.4,MURAT_202002_MRE,4,April,19.9,14.2,21.3
2020-04-12T22:00:00Z,0.713,19.5,-9999,Esperance,-35996.4,MURAT_202002_MRE,4,April,19.9,14.2,21.3
2020-04-12T23:00:00Z,0.832,19.5,-9999,Esperance,-35996.4,MURAT_202002_MRE,4,April,19.9,14.2,21.3
2020-04-13T00:00:00Z,0.942,19.5,-9999,Esperance,-35996.4,MURAT_202002_MRE,4,April,19.9,14.2,21.3
2020-04-13T01:00:00Z,1.053,19.5,-9999,Esperance,-35996.4,MURAT_202002_MRE,4,April,19.9,14.2,21.3
2020-04-13T02:00:00Z,1.186,19.6,-9999,Esperance,-35996.4,MURAT_202002_MRE,4,April,19.9,14.2,21.3
2020-04-13T03:00:00Z,1.299,19.6,-9999,Esperance,-35996.4,MURAT_202002_MRE,4,April,19.9,14.2,21.3
2020-04-13T04:00:00Z,1.3,19.6,-9999,Esperance,-35996.4,MURAT_202002_MRE,4,April,19.9,14.2,21.3
2020-04-13T05:00:00Z,1.33,19.6,-9999,Esperance,-35996.4,MURAT_202002_MRE,4,April,19.9,14.2,21.3
2020-04-13T06:00:00Z,1.282,19.6,-9999,Esperance,-35996.4,MURAT_202002_MRE,4,April,19.9,14.2,21.3
2020-04-13T07:00:00Z,1.221,19.6,-9999,Esperance,-35996.4,MURAT_202002_MRE,4,April,19.9,14.2,21.3
2020-04-13T08:00:00Z,1.152,19.6,-9999,Esperance,-35996.4,MURAT_202002_MRE,4,April,19.9,14.2,21.3
2020-04-13T09:00:00Z,1.092,19.6,-9999,Esperance,-35996.4,MURAT_202002_MRE,4,April,19.9,14.2,21.3
2020-04-13T10:00:00Z,1.036,19.6,-9999,Esperance,-35996.4,MURAT_202002_MRE,4,April,19.9,14.2,21.3
2020-04-13T11:00:00Z,0.996,19.6,-9999,Esperance,-35996.4,MURAT_202002_MRE,4,April,19.9,14.2,21.3
2020-04-13T12:00:00Z,0.971,19.6,-9999,Esperance,-35996.4,MURAT_202002_MRE,4,April,19.9,14.2,21.3
2020-04-13T13:00:00Z,0.948,19.6,-9999,Esperance,-35996.4,MURAT_202002_MRE,4,April,19.9,14.2,21.3
2020-04-13T14:00:00Z,0.932,19.6,-9999,Esperance,-35996.4,MURAT_202002_MRE,4,April,19.9,14.2,21.3
2020-04-13T15:00:00Z,0.913,19.6,-9999,Esperance,-35996.4,MURAT_202002_MRE,4,April,19.9,14.2,21.3
2020-04-13T16:00:00Z,0.811,19.6,-9999,Esperance,-35996.4,MURAT_202002_MRE,4,April,19.9,14.2,21.3
2020-04-13T17:00:00Z,0.764,19.6,-9999,Esperance,-35996.4,MURAT_202002_MRE,4,April,19.9,14.2,21.3
2020-04-13T18:00:00Z,0.682,19.6,-9999,Esperance,-35996.4,MURAT_202002_MRE,4,April,19.9,14.2,21.3
2020-04-13T19:00:00Z,0.631,19.6,-9999,Esperance,-35996.4,MURAT_202002_MRE,4,April,19.9,14.2,21.3
2020-04-13T20:00:00Z,0.607,19.6,-9999,Esperance,-35996.4,MURAT_202002_MRE,4,April,19.9,14.2,21.3
2020-04-13T21:00:00Z,0.646,19.7,-9999,Esperance,-35996.4,MURAT_202002_MRE,4,April,19.9,14.2,21.3
2020-04-13T22:00:00Z,0.7,19.7,-9999,Esperance,-35996.4,MURAT_202002_MRE,4,April,19.9,14.2,21.3
2020-04-13T23:00:00Z,0.819,19.7,-9999,Esperance,-35996.4,MURAT_202002_MRE,4,April,19.9,14.2,21.3
2020-04-14T00:00:00Z,0.906,19.7,-9999,Esperance,-35996.4,MURAT_202002_MRE,4,April,19.9,14.2,21.3
2020-04-14T01:00:00Z,1.019,19.7,-9999,Esperance,-35996.4,MURAT_202002_MRE,4,April,19.9,14.2,21.3
2020-04-14T02:00:00Z,1.14,19.8,-9999,Esperance,-35996.4,MURAT_202002_MRE,4,April,19.9,14.2,21.3
2020-04-14T03:00:00Z,1.244,19.8,-9999,Esperance,-35996.4,MURAT_202002_MRE,4,April,19.9,14.2,21.3
2020-04-14T04:00:00Z,1.28,19.9,-9999,Esperance,-35996.4,MURAT_202002_MRE,4,April,19.9,14.2,21.3
2020-04-14T05:00:00Z,1.287,19.8,-9999,Esperance,-35996.4,MURAT_202002_MRE,4,April,19.9,14.2,21.3
2020-04-14T06:00:00Z,1.256,19.8,-9999,Esperance,-35996.4,MURAT_202002_MRE,4,April,19.9,14.2,21.3
2020-04-14T07:00:00Z,1.237,19.9,-9999,Esperance,-35996.4,MURAT_202002_MRE,4,April,19.9,14.2,21.3
2020-04-14T08:00:00Z,1.139,19.9,-9999,Esperance,-35996.4,MURAT_202002_MRE,4,April,19.9,14.2,21.3
2020-04-14T09:00:00Z,1.088,20,-9999,Esperance,-35996.4,MURAT_202002_MRE,4,April,19.9,14.2,21.3
2020-04-14T10:00:00Z,1.083,20.1,-9999,Esperance,-35996.4,MURAT_202002_MRE,4,April,19.9,14.2,21.3
2020-04-14T11:00:00Z,1.049,20,-9999,Esperance,-35996.4,MURAT_202002_MRE,4,April,19.9,14.2,21.3
2020-04-14T12:00:00Z,1.009,20,-9999,Esperance,-35996.4,MURAT_202002_MRE,4,April,19.9,14.2,21.3
2020-04-14T13:00:00Z,1.008,20,-9999,Esperance,-35996.4,MURAT_202002_MRE,4,April,19.9,14.2,21.3
2020-04-14T14:00:00Z,0.984,20,-9999,Esperance,-35996.4,MURAT_202002_MRE,4,April,19.9,14.2,21.3
2020-04-14T15:00:00Z,0.928,20,-9999,Esperance,-35996.4,MURAT_202002_MRE,4,April,19.9,14.2,21.3
2020-04-14T16:00:00Z,0.858,20,-9999,Esperance,-35996.4,MURAT_202002_MRE,4,April,19.9,14.2,21.3
2020-04-14T17:00:00Z,0.798,20,-9999,Esperance,-35996.4,MURAT_202002_MRE,4,April,19.9,14.2,21.3
2020-04-14T18:00:00Z,0.702,19.9,-9999,Esperance,-35996.4,MURAT_202002_MRE,4,April,19.9,14.2,21.3
2020-04-14T19:00:00Z,0.635,19.9,-9999,Esperance,-35996.4,MURAT_202002_MRE,4,April,19.9,14.2,21.3
2020-04-14T20:00:00Z,0.599,19.9,-9999,Esperance,-35996.4,MURAT_202002_MRE,4,April,19.9,14.2,21.3
2020-04-14T21:00:00Z,0.639,19.9,-9999,Esperance,-35996.4,MURAT_202002_MRE,4,April,19.9,14.2,21.3
2020-04-14T22:00:00Z,0.686,19.9,-9999,Esperance,-35996.4,MURAT_202002_MRE,4,April,19.9,14.2,21.3
2020-04-14T23:00:00Z,0.77,19.7,-9999,Esperance,-35996.4,MURAT_202002_MRE,4,April,19.9,14.2,21.3
2020-04-15T00:00:00Z,0.897,19.7,-9999,Esperance,-35996.4,MURAT_202002_MRE,4,April,19.9,14.2,21.3
2020-04-15T01:00:00Z,1,19.6,-9999,Esperance,-35996.4,MURAT_202002_MRE,4,April,19.9,14.2,21.3
2020-04-15T02:00:00Z,1.081,19.6,-9999,Esperance,-35996.4,MURAT_202002_MRE,4,April,19.9,14.2,21.3
2020-04-15T03:00:00Z,1.195,19.6,-9999,Esperance,-35996.4,MURAT_202002_MRE,4,April,19.9,14.2,21.3
2020-04-15T04:00:00Z,1.25,19.6,-9999,Esperance,-35996.4,MURAT_202002_MRE,4,April,19.9,14.2,21.3
2020-04-15T05:00:00Z,1.248,19.6,-9999,Esperance,-35996.4,MURAT_202002_MRE,4,April,19.9,14.2,21.3
2020-04-15T06:00:00Z,1.224,19.6,-9999,Esperance,-35996.4,MURAT_202002_MRE,4,April,19.9,14.2,21.3
2020-04-15T07:00:00Z,1.235,19.5,-9999,Esperance,-35996.4,MURAT_202002_MRE,4,April,19.9,14.2,21.3
2020-04-15T08:00:00Z,1.161,19.6,-9999,Esperance,-35996.4,MURAT_202002_MRE,4,April,19.9,14.2,21.3
2020-04-15T09:00:00Z,1.085,19.5,-9999,Esperance,-35996.4,MURAT_202002_MRE,4,April,19.9,14.2,21.3
2020-04-15T10:00:00Z,1.117,19.5,-9999,Esperance,-35996.4,MURAT_202002_MRE,4,April,19.9,14.2,21.3
2020-04-15T11:00:00Z,1.113,19.5,-9999,Esperance,-35996.4,MURAT_202002_MRE,4,April,19.9,14.2,21.3
2020-04-15T12:00:00Z,1.05,19.5,-9999,Esperance,-35996.4,MURAT_202002_MRE,4,April,19.9,14.2,21.3
2020-04-15T13:00:00Z,1.064,19.5,-9999,Esperance,-35996.4,MURAT_202002_MRE,4,April,19.9,14.2,21.3
2020-04-15T14:00:00Z,1.057,19.5,-9999,Esperance,-35996.4,MURAT_202002_MRE,4,April,19.9,14.2,21.3
2020-04-15T15:00:00Z,0.969,19.5,-9999,Esperance,-35996.4,MURAT_202002_MRE,4,April,19.9,14.2,21.3
2020-04-15T16:00:00Z,0.882,19.5,-9999,Esperance,-35996.4,MURAT_202002_MRE,4,April,19.9,14.2,21.3
2020-04-15T17:00:00Z,0.863,19.5,-9999,Esperance,-35996.4,MURAT_202002_MRE,4,April,19.9,14.2,21.3
2020-04-15T18:00:00Z,0.714,19.5,-9999,Esperance,-35996.4,MURAT_202002_MRE,4,April,19.9,14.2,21.3
2020-04-15T19:00:00Z,0.639,19.5,-9999,Esperance,-35996.4,MURAT_202002_MRE,4,April,19.9,14.2,21.3
2020-04-15T20:00:00Z,0.643,19.5,-9999,Esperance,-35996.4,MURAT_202002_MRE,4,April,19.9,14.2,21.3
2020-04-15T21:00:00Z,0.599,19.5,-9999,Esperance,-35996.4,MURAT_202002_MRE,4,April,19.9,14.2,21.3
2020-04-15T22:00:00Z,0.64,19.5,-9999,Esperance,-35996.4,MURAT_202002_MRE,4,April,19.9,14.2,21.3
2020-04-15T23:00:00Z,0.768,19.4,-9999,Esperance,-35996.4,MURAT_202002_MRE,4,April,19.9,14.2,21.3
2020-04-16T00:00:00Z,0.816,19.4,-9999,Esperance,-35996.4,MURAT_202002_MRE,4,April,19.9,14.2,21.3
2020-04-16T01:00:00Z,0.915,19.4,-9999,Esperance,-35996.4,MURAT_202002_MRE,4,April,19.9,14.2,21.3
2020-04-16T02:00:00Z,0.989,19.4,-9999,Esperance,-35996.4,MURAT_202002_MRE,4,April,19.9,14.2,21.3
2020-04-16T03:00:00Z,1.049,19.4,-9999,Esperance,-35996.4,MURAT_202002_MRE,4,April,19.9,14.2,21.3
2020-04-16T04:00:00Z,1.051,19.4,-9999,Esperance,-35996.4,MURAT_202002_MRE,4,April,19.9,14.2,21.3
2020-04-16T05:00:00Z,1.058,19.5,-9999,Esperance,-35996.4,MURAT_202002_MRE,4,April,19.9,14.2,21.3
2020-04-16T06:00:00Z,1.045,19.5,-9999,Esperance,-35996.4,MURAT_202002_MRE,4,April,19.9,14.2,21.3
2020-04-16T07:00:00Z,1.043,19.5,-9999,Esperance,-35996.4,MURAT_202002_MRE,4,April,19.9,14.2,21.3
2020-04-16T08:00:00Z,1.008,19.5,-9999,Esperance,-35996.4,MURAT_202002_MRE,4,April,19.9,14.2,21.3
2020-04-16T09:00:00Z,0.978,19.5,-9999,Esperance,-35996.4,MURAT_202002_MRE,4,April,19.9,14.2,21.3
2020-04-16T10:00:00Z,0.962,19.5,-9999,Esperance,-35996.4,MURAT_202002_MRE,4,April,19.9,14.2,21.3
2020-04-16T11:00:00Z,1.002,19.5,-9999,Esperance,-35996.4,MURAT_202002_MRE,4,April,19.9,14.2,21.3
2020-04-16T12:00:00Z,1.016,19.5,-9999,Esperance,-35996.4,MURAT_202002_MRE,4,April,19.9,14.2,21.3
2020-04-16T13:00:00Z,0.992,19.4,-9999,Esperance,-35996.4,MURAT_202002_MRE,4,April,19.9,14.2,21.3
2020-04-16T14:00:00Z,0.968,19.4,-9999,Esperance,-35996.4,MURAT_202002_MRE,4,April,19.9,14.2,21.3
2020-04-16T15:00:00Z,0.932,19.4,-9999,Esperance,-35996.4,MURAT_202002_MRE,4,April,19.9,14.2,21.3
2020-04-16T16:00:00Z,0.825,19.4,-9999,Esperance,-35996.4,MURAT_202002_MRE,4,April,19.9,14.2,21.3
2020-04-16T17:00:00Z,0.754,19.4,-9999,Esperance,-35996.4,MURAT_202002_MRE,4,April,19.9,14.2,21.3
2020-04-16T18:00:00Z,0.66,19.4,-9999,Esperance,-35996.4,MURAT_202002_MRE,4,April,19.9,14.2,21.3
2020-04-16T19:00:00Z,0.562,19.4,-9999,Esperance,-35996.4,MURAT_202002_MRE,4,April,19.9,14.2,21.3
2020-04-16T20:00:00Z,0.522,19.4,-9999,Esperance,-35996.4,MURAT_202002_MRE,4,April,19.9,14.2,21.3
2020-04-16T21:00:00Z,0.536,19.4,-9999,Esperance,-35996.4,MURAT_202002_MRE,4,April,19.9,14.2,21.3
2020-04-16T22:00:00Z,0.549,19.4,-9999,Esperance,-35996.4,MURAT_202002_MRE,4,April,19.9,14.2,21.3
2020-04-16T23:00:00Z,0.64,19.4,-9999,Esperance,-35996.4,MURAT_202002_MRE,4,April,19.9,14.2,21.3
2020-04-17T00:00:00Z,0.724,19.4,-9999,Esperance,-35996.4,MURAT_202002_MRE,4,April,19.9,14.2,21.3
2020-04-17T01:00:00Z,0.813,19.4,-9999,Esperance,-35996.4,MURAT_202002_MRE,4,April,19.9,14.2,21.3
2020-04-17T02:00:00Z,0.853,19.4,-9999,Esperance,-35996.4,MURAT_202002_MRE,4,April,19.9,14.2,21.3
2020-04-17T03:00:00Z,0.905,19.5,-9999,Esperance,-35996.4,MURAT_202002_MRE,4,April,19.9,14.2,21.3
2020-04-17T04:00:00Z,0.924,19.6,-9999,Esperance,-35996.4,MURAT_202002_MRE,4,April,19.9,14.2,21.3
2020-04-17T05:00:00Z,0.879,19.7,-9999,Esperance,-35996.4,MURAT_202002_MRE,4,April,19.9,14.2,21.3
2020-04-17T06:00:00Z,0.882,19.8,-9999,Esperance,-35996.4,MURAT_202002_MRE,4,April,19.9,14.2,21.3
2020-04-17T07:00:00Z,0.885,19.7,-9999,Esperance,-35996.4,MURAT_202002_MRE,4,April,19.9,14.2,21.3
2020-04-17T08:00:00Z,0.85,19.7,-9999,Esperance,-35996.4,MURAT_202002_MRE,4,April,19.9,14.2,21.3
2020-04-17T09:00:00Z,0.88,19.6,-9999,Esperance,-35996.4,MURAT_202002_MRE,4,April,19.9,14.2,21.3
2020-04-17T10:00:00Z,0.893,19.6,-9999,Esperance,-35996.4,MURAT_202002_MRE,4,April,19.9,14.2,21.3
2020-04-17T11:00:00Z,0.924,19.6,-9999,Esperance,-35996.4,MURAT_202002_MRE,4,April,19.9,14.2,21.3
2020-04-17T12:00:00Z,0.975,19.5,-9999,Esperance,-35996.4,MURAT_202002_MRE,4,April,19.9,14.2,21.3
2020-04-17T13:00:00Z,0.977,19.5,-9999,Esperance,-35996.4,MURAT_202002_MRE,4,April,19.9,14.2,21.3
2020-04-17T14:00:00Z,0.97,19.5,-9999,Esperance,-35996.4,MURAT_202002_MRE,4,April,19.9,14.2,21.3
2020-04-17T15:00:00Z,0.918,19.5,-9999,Esperance,-35996.4,MURAT_202002_MRE,4,April,19.9,14.2,21.3
2020-04-17T16:00:00Z,0.826,19.5,-9999,Esperance,-35996.4,MURAT_202002_MRE,4,April,19.9,14.2,21.3
2020-04-17T17:00:00Z,0.726,19.5,-9999,Esperance,-35996.4,MURAT_202002_MRE,4,April,19.9,14.2,21.3
2020-04-17T18:00:00Z,0.652,19.4,-9999,Esperance,-35996.4,MURAT_202002_MRE,4,April,19.9,14.2,21.3
2020-04-17T19:00:00Z,0.584,19.4,-9999,Esperance,-35996.4,MURAT_202002_MRE,4,April,19.9,14.2,21.3
2020-04-17T20:00:00Z,0.522,19.4,-9999,Esperance,-35996.4,MURAT_202002_MRE,4,April,19.9,14.2,21.3
2020-04-17T21:00:00Z,0.59,19.4,-9999,Esperance,-35996.4,MURAT_202002_MRE,4,April,19.9,14.2,21.3
2020-04-17T22:00:00Z,0.631,19.3,-9999,Esperance,-35996.4,MURAT_202002_MRE,4,April,19.9,14.2,21.3
2020-04-17T23:00:00Z,0.718,19.3,-9999,Esperance,-35996.4,MURAT_202002_MRE,4,April,19.9,14.2,21.3
2020-04-18T00:00:00Z,0.825,19.3,-9999,Esperance,-35996.4,MURAT_202002_MRE,4,April,19.9,14.2,21.3
2020-04-18T01:00:00Z,0.921,19.3,-9999,Esperance,-35996.4,MURAT_202002_MRE,4,April,19.9,14.2,21.3
2020-04-18T02:00:00Z,0.974,19.3,-9999,Esperance,-35996.4,MURAT_202002_MRE,4,April,19.9,14.2,21.3
2020-04-18T03:00:00Z,0.991,19.4,-9999,Esperance,-35996.4,MURAT_202002_MRE,4,April,19.9,14.2,21.3
2020-04-18T04:00:00Z,0.997,19.4,-9999,Esperance,-35996.4,MURAT_202002_MRE,4,April,19.9,14.2,21.3
2020-04-18T05:00:00Z,0.964,19.6,-9999,Esperance,-35996.4,MURAT_202002_MRE,4,April,19.9,14.2,21.3
2020-04-18T06:00:00Z,0.904,19.6,-9999,Esperance,-35996.4,MURAT_202002_MRE,4,April,19.9,14.2,21.3
2020-04-18T07:00:00Z,0.955,19.7,-9999,Esperance,-35996.4,MURAT_202002_MRE,4,April,19.9,14.2,21.3
2020-04-18T08:00:00Z,0.937,19.7,-9999,Esperance,-35996.4,MURAT_202002_MRE,4,April,19.9,14.2,21.3
2020-04-18T09:00:00Z,0.943,19.6,-9999,Esperance,-35996.4,MURAT_202002_MRE,4,April,19.9,14.2,21.3
2020-04-18T10:00:00Z,1.036,19.6,-9999,Esperance,-35996.4,MURAT_202002_MRE,4,April,19.9,14.2,21.3
2020-04-18T11:00:00Z,1.034,19.6,-9999,Esperance,-35996.4,MURAT_202002_MRE,4,April,19.9,14.2,21.3
2020-04-18T12:00:00Z,1.134,19.5,-9999,Esperance,-35996.4,MURAT_202002_MRE,4,April,19.9,14.2,21.3
2020-04-18T13:00:00Z,1.172,19.5,-9999,Esperance,-35996.4,MURAT_202002_MRE,4,April,19.9,14.2,21.3
2020-04-18T14:00:00Z,1.176,19.5,-9999,Esperance,-35996.4,MURAT_202002_MRE,4,April,19.9,14.2,21.3
2020-04-18T15:00:00Z,1.151,19.5,-9999,Esperance,-35996.4,MURAT_202002_MRE,4,April,19.9,14.2,21.3
2020-04-18T16:00:00Z,0.991,19.5,-9999,Esperance,-35996.4,MURAT_202002_MRE,4,April,19.9,14.2,21.3
2020-04-18T17:00:00Z,0.96,19.5,-9999,Esperance,-35996.4,MURAT_202002_MRE,4,April,19.9,14.2,21.3
2020-04-18T18:00:00Z,0.828,19.5,-9999,Esperance,-35996.4,MURAT_202002_MRE,4,April,19.9,14.2,21.3
2020-04-18T19:00:00Z,0.686,19.5,-9999,Esperance,-35996.4,MURAT_202002_MRE,4,April,19.9,14.2,21.3
2020-04-18T20:00:00Z,0.731,19.4,-9999,Esperance,-35996.4,MURAT_202002_MRE,4,April,19.9,14.2,21.3
2020-04-18T21:00:00Z,0.724,19.4,-9999,Esperance,-35996.4,MURAT_202002_MRE,4,April,19.9,14.2,21.3
2020-04-18T22:00:00Z,0.813,19.4,-9999,Esperance,-35996.4,MURAT_202002_MRE,4,April,19.9,14.2,21.3
2020-04-18T23:00:00Z,0.915,19.4,-9999,Esperance,-35996.4,MURAT_202002_MRE,4,April,19.9,14.2,21.3
2020-04-19T00:00:00Z,0.983,19.4,-9999,Esperance,-35996.4,MURAT_202002_MRE,4,April,19.9,14.2,21.3
2020-04-19T01:00:00Z,1.124,19.4,-9999,Esperance,-35996.4,MURAT_202002_MRE,4,April,19.9,14.2,21.3
2020-04-19T02:00:00Z,1.126,19.4,-9999,Esperance,-35996.4,MURAT_202002_MRE,4,April,19.9,14.2,21.3
2020-04-19T03:00:00Z,1.163,19.4,-9999,Esperance,-35996.4,MURAT_202002_MRE,4,April,19.9,14.2,21.3
2020-04-19T04:00:00Z,1.161,19.4,-9999,Esperance,-35996.4,MURAT_202002_MRE,4,April,19.9,14.2,21.3
2020-04-19T05:00:00Z,1.049,19.4,-9999,Esperance,-35996.4,MURAT_202002_MRE,4,April,19.9,14.2,21.3
2020-04-19T06:00:00Z,1.039,19.4,-9999,Esperance,-35996.4,MURAT_202002_MRE,4,April,19.9,14.2,21.3
2020-04-19T07:00:00Z,0.99,19.4,-9999,Esperance,-35996.4,MURAT_202002_MRE,4,April,19.9,14.2,21.3
2020-04-19T08:00:00Z,1.009,19.4,-9999,Esperance,-35996.4,MURAT_202002_MRE,4,April,19.9,14.2,21.3
2020-04-19T09:00:00Z,1.005,19.4,-9999,Esperance,-35996.4,MURAT_202002_MRE,4,April,19.9,14.2,21.3
2020-04-19T10:00:00Z,1.095,19.4,-9999,Esperance,-35996.4,MURAT_202002_MRE,4,April,19.9,14.2,21.3
2020-04-19T11:00:00Z,1.218,19.4,-9999,Esperance,-35996.4,MURAT_202002_MRE,4,April,19.9,14.2,21.3
2020-04-19T12:00:00Z,1.217,19.4,-9999,Esperance,-35996.4,MURAT_202002_MRE,4,April,19.9,14.2,21.3
2020-04-19T13:00:00Z,1.273,19.4,-9999,Esperance,-35996.4,MURAT_202002_MRE,4,April,19.9,14.2,21.3
2020-04-19T14:00:00Z,1.307,19.4,-9999,Esperance,-35996.4,MURAT_202002_MRE,4,April,19.9,14.2,21.3
2020-04-19T15:00:00Z,1.207,19.4,-9999,Esperance,-35996.4,MURAT_202002_MRE,4,April,19.9,14.2,21.3
2020-04-19T16:00:00Z,1.124,19.4,-9999,Esperance,-35996.4,MURAT_202002_MRE,4,April,19.9,14.2,21.3
2020-04-19T17:00:00Z,1.023,19.4,-9999,Esperance,-35996.4,MURAT_202002_MRE,4,April,19.9,14.2,21.3
2020-04-19T18:00:00Z,0.893,19.4,-9999,Esperance,-35996.4,MURAT_202002_MRE,4,April,19.9,14.2,21.3
2020-04-19T19:00:00Z,0.781,19.3,-9999,Esperance,-35996.4,MURAT_202002_MRE,4,April,19.9,14.2,21.3
2020-04-19T20:00:00Z,0.772,19.3,-9999,Esperance,-35996.4,MURAT_202002_MRE,4,April,19.9,14.2,21.3
2020-04-19T21:00:00Z,0.782,19.3,-9999,Esperance,-35996.4,MURAT_202002_MRE,4,April,19.9,14.2,21.3
2020-04-19T22:00:00Z,0.862,19.3,-9999,Esperance,-35996.4,MURAT_202002_MRE,4,April,19.9,14.2,21.3
2020-04-19T23:00:00Z,1.002,19.3,-9999,Esperance,-35996.4,MURAT_202002_MRE,4,April,19.9,14.2,21.3
2020-04-20T00:00:00Z,1.122,19.3,-9999,Esperance,-35996.4,MURAT_202002_MRE,4,April,19.9,14.2,21.3
2020-04-20T01:00:00Z,1.222,19.3,-9999,Esperance,-35996.4,MURAT_202002_MRE,4,April,19.9,14.2,21.3
2020-04-20T02:00:00Z,1.264,19.3,-9999,Esperance,-35996.4,MURAT_202002_MRE,4,April,19.9,14.2,21.3
2020-04-20T03:00:00Z,1.247,19.3,-9999,Esperance,-35996.4,MURAT_202002_MRE,4,April,19.9,14.2,21.3
2020-04-20T04:00:00Z,1.249,19.4,-9999,Esperance,-35996.4,MURAT_202002_MRE,4,April,19.9,14.2,21.3
2020-04-20T05:00:00Z,1.101,19.4,-9999,Esperance,-35996.4,MURAT_202002_MRE,4,April,19.9,14.2,21.3
2020-04-20T06:00:00Z,1.022,19.3,-9999,Esperance,-35996.4,MURAT_202002_MRE,4,April,19.9,14.2,21.3
2020-04-20T07:00:00Z,0.957,19.3,-9999,Esperance,-35996.4,MURAT_202002_MRE,4,April,19.9,14.2,21.3
2020-04-20T08:00:00Z,0.903,19.3,-9999,Esperance,-35996.4,MURAT_202002_MRE,4,April,19.9,14.2,21.3
2020-04-20T09:00:00Z,0.929,19.3,-9999,Esperance,-35996.4,MURAT_202002_MRE,4,April,19.9,14.2,21.3
2020-04-20T10:00:00Z,0.98,19.2,-9999,Esperance,-35996.4,MURAT_202002_MRE,4,April,19.9,14.2,21.3
2020-04-20T11:00:00Z,1.111,19.2,-9999,Esperance,-35996.4,MURAT_202002_MRE,4,April,19.9,14.2,21.3
2020-04-20T12:00:00Z,1.176,19.2,-9999,Esperance,-35996.4,MURAT_202002_MRE,4,April,19.9,14.2,21.3
2020-04-20T13:00:00Z,1.207,19.2,-9999,Esperance,-35996.4,MURAT_202002_MRE,4,April,19.9,14.2,21.3
2020-04-20T14:00:00Z,1.31,19.1,-9999,Esperance,-35996.4,MURAT_202002_MRE,4,April,19.9,14.2,21.3
2020-04-20T15:00:00Z,1.218,19.1,-9999,Esperance,-35996.4,MURAT_202002_MRE,4,April,19.9,14.2,21.3
2020-04-20T16:00:00Z,1.123,19.1,-9999,Esperance,-35996.4,MURAT_202002_MRE,4,April,19.9,14.2,21.3
2020-04-20T17:00:00Z,1.044,19.1,-9999,Esperance,-35996.4,MURAT_202002_MRE,4,April,19.9,14.2,21.3
2020-04-20T18:00:00Z,0.916,19.1,-9999,Esperance,-35996.4,MURAT_202002_MRE,4,April,19.9,14.2,21.3
2020-04-20T19:00:00Z,0.804,19.1,-9999,Esperance,-35996.4,MURAT_202002_MRE,4,April,19.9,14.2,21.3
2020-04-20T20:00:00Z,0.768,19.1,-9999,Esperance,-35996.4,MURAT_202002_MRE,4,April,19.9,14.2,21.3
2020-04-20T21:00:00Z,0.805,19,-9999,Esperance,-35996.4,MURAT_202002_MRE,4,April,19.9,14.2,21.3
2020-04-20T22:00:00Z,0.873,19,-9999,Esperance,-35996.4,MURAT_202002_MRE,4,April,19.9,14.2,21.3
2020-04-20T23:00:00Z,1.006,19,-9999,Esperance,-35996.4,MURAT_202002_MRE,4,April,19.9,14.2,21.3
2020-04-21T00:00:00Z,1.15,19,-9999,Esperance,-35996.4,MURAT_202002_MRE,4,April,19.9,14.2,21.3
2020-04-21T01:00:00Z,1.244,19,-9999,Esperance,-35996.4,MURAT_202002_MRE,4,April,19.9,14.2,21.3
2020-04-21T02:00:00Z,1.311,19.1,-9999,Esperance,-35996.4,MURAT_202002_MRE,4,April,19.9,14.2,21.3
2020-04-21T03:00:00Z,1.303,19.1,-9999,Esperance,-35996.4,MURAT_202002_MRE,4,April,19.9,14.2,21.3
2020-04-21T04:00:00Z,1.255,19.1,-9999,Esperance,-35996.4,MURAT_202002_MRE,4,April,19.9,14.2,21.3
2020-04-21T05:00:00Z,1.108,19.1,-9999,Esperance,-35996.4,MURAT_202002_MRE,4,April,19.9,14.2,21.3
2020-04-21T06:00:00Z,0.974,19.1,-9999,Esperance,-35996.4,MURAT_202002_MRE,4,April,19.9,14.2,21.3
2020-04-21T07:00:00Z,0.906,19.1,-9999,Esperance,-35996.4,MURAT_202002_MRE,4,April,19.9,14.2,21.3
2020-04-21T08:00:00Z,0.809,19.1,-9999,Esperance,-35996.4,MURAT_202002_MRE,4,April,19.9,14.2,21.3
2020-04-21T09:00:00Z,0.795,19.1,-9999,Esperance,-35996.4,MURAT_202002_MRE,4,April,19.9,14.2,21.3
2020-04-21T10:00:00Z,0.88,19.1,-9999,Esperance,-35996.4,MURAT_202002_MRE,4,April,19.9,14.2,21.3
2020-04-21T11:00:00Z,1.017,19.1,-9999,Esperance,-35996.4,MURAT_202002_MRE,4,April,19.9,14.2,21.3
2020-04-21T12:00:00Z,1.107,19.1,-9999,Esperance,-35996.4,MURAT_202002_MRE,4,April,19.9,14.2,21.3
2020-04-21T13:00:00Z,1.166,19.1,-9999,Esperance,-35996.4,MURAT_202002_MRE,4,April,19.9,14.2,21.3
2020-04-21T14:00:00Z,1.27,19.1,-9999,Esperance,-35996.4,MURAT_202002_MRE,4,April,19.9,14.2,21.3
2020-04-21T15:00:00Z,1.22,19.1,-9999,Esperance,-35996.4,MURAT_202002_MRE,4,April,19.9,14.2,21.3
2020-04-21T16:00:00Z,1.1,19.1,-9999,Esperance,-35996.4,MURAT_202002_MRE,4,April,19.9,14.2,21.3
2020-04-21T17:00:00Z,1.066,19,-9999,Esperance,-35996.4,MURAT_202002_MRE,4,April,19.9,14.2,21.3
2020-04-21T18:00:00Z,0.927,19,-9999,Esperance,-35996.4,MURAT_202002_MRE,4,April,19.9,14.2,21.3
2020-04-21T19:00:00Z,0.797,19,-9999,Esperance,-35996.4,MURAT_202002_MRE,4,April,19.9,14.2,21.3
2020-04-21T20:00:00Z,0.782,19,-9999,Esperance,-35996.4,MURAT_202002_MRE,4,April,19.9,14.2,21.3
2020-04-21T21:00:00Z,0.795,19,-9999,Esperance,-35996.4,MURAT_202002_MRE,4,April,19.9,14.2,21.3
2020-04-21T22:00:00Z,0.867,19,-9999,Esperance,-35996.4,MURAT_202002_MRE,4,April,19.9,14.2,21.3
2020-04-21T23:00:00Z,1.003,19,-9999,Esperance,-35996.4,MURAT_202002_MRE,4,April,19.9,14.2,21.3
2020-04-22T00:00:00Z,1.182,19,-9999,Esperance,-35996.4,MURAT_202002_MRE,4,April,19.9,14.2,21.3
2020-04-22T01:00:00Z,1.304,19,-9999,Esperance,-35996.4,MURAT_202002_MRE,4,April,19.9,14.2,21.3
2020-04-22T02:00:00Z,1.32,19.1,-9999,Esperance,-35996.4,MURAT_202002_MRE,4,April,19.9,14.2,21.3
2020-04-22T03:00:00Z,1.39,19.1,-9999,Esperance,-35996.4,MURAT_202002_MRE,4,April,19.9,14.2,21.3
2020-04-22T04:00:00Z,1.31,19.1,-9999,Esperance,-35996.4,MURAT_202002_MRE,4,April,19.9,14.2,21.3
2020-04-22T05:00:00Z,1.147,19.1,-9999,Esperance,-35996.4,MURAT_202002_MRE,4,April,19.9,14.2,21.3
2020-04-22T06:00:00Z,1.042,19.1,-9999,Esperance,-35996.4,MURAT_202002_MRE,4,April,19.9,14.2,21.3
2020-04-22T07:00:00Z,0.907,19.2,-9999,Esperance,-35996.4,MURAT_202002_MRE,4,April,19.9,14.2,21.3
2020-04-22T08:00:00Z,0.762,19.2,-9999,Esperance,-35996.4,MURAT_202002_MRE,4,April,19.9,14.2,21.3
2020-04-22T09:00:00Z,0.727,19.2,-9999,Esperance,-35996.4,MURAT_202002_MRE,4,April,19.9,14.2,21.3
2020-04-22T10:00:00Z,0.786,19.3,-9999,Esperance,-35996.4,MURAT_202002_MRE,4,April,19.9,14.2,21.3
2020-04-22T11:00:00Z,0.883,19.3,-9999,Esperance,-35996.4,MURAT_202002_MRE,4,April,19.9,14.2,21.3
2020-04-22T12:00:00Z,0.976,19.3,-9999,Esperance,-35996.4,MURAT_202002_MRE,4,April,19.9,14.2,21.3
2020-04-22T13:00:00Z,1.085,19.3,-9999,Esperance,-35996.4,MURAT_202002_MRE,4,April,19.9,14.2,21.3
2020-04-22T14:00:00Z,1.177,19.3,-9999,Esperance,-35996.4,MURAT_202002_MRE,4,April,19.9,14.2,21.3
2020-04-22T15:00:00Z,1.142,19.3,-9999,Esperance,-35996.4,MURAT_202002_MRE,4,April,19.9,14.2,21.3
2020-04-22T16:00:00Z,1.082,19.3,-9999,Esperance,-35996.4,MURAT_202002_MRE,4,April,19.9,14.2,21.3
2020-04-22T17:00:00Z,1.036,19.3,-9999,Esperance,-35996.4,MURAT_202002_MRE,4,April,19.9,14.2,21.3
2020-04-22T18:00:00Z,0.893,19.2,-9999,Esperance,-35996.4,MURAT_202002_MRE,4,April,19.9,14.2,21.3
2020-04-22T19:00:00Z,0.771,19.2,-9999,Esperance,-35996.4,MURAT_202002_MRE,4,April,19.9,14.2,21.3
2020-04-22T20:00:00Z,0.721,19.2,-9999,Esperance,-35996.4,MURAT_202002_MRE,4,April,19.9,14.2,21.3
2020-04-22T21:00:00Z,0.735,19.2,-9999,Esperance,-35996.4,MURAT_202002_MRE,4,April,19.9,14.2,21.3
2020-04-22T22:00:00Z,0.818,-9999,-9999,Esperance,-35996.4,MURAT_202002_MRE,4,April,19.9,14.2,21.3
2020-04-22T23:00:00Z,0.94,19.2,-9999,Esperance,-35996.4,MURAT_202002_MRE,4,April,19.9,14.2,21.3
2020-04-23T00:00:00Z,1.146,19.2,-9999,Esperance,-35996.4,MURAT_202002_MRE,4,April,19.9,14.2,21.3
2020-04-23T01:00:00Z,1.278,-9999,-9999,Esperance,-35996.4,MURAT_202002_MRE,4,April,19.9,14.2,21.3
2020-04-23T02:00:00Z,1.326,19.2,-9999,Esperance,-35996.4,MURAT_202002_MRE,4,April,19.9,14.2,21.3
2020-04-23T03:00:00Z,1.416,19.2,-9999,Esperance,-35996.4,MURAT_202002_MRE,4,April,19.9,14.2,21.3
2020-04-23T04:00:00Z,1.364,19.2,-9999,Esperance,-35996.4,MURAT_202002_MRE,4,April,19.9,14.2,21.3
2020-04-23T05:00:00Z,1.213,19.3,-9999,Esperance,-35996.4,MURAT_202002_MRE,4,April,19.9,14.2,21.3
2020-04-23T06:00:00Z,1.105,19.3,-9999,Esperance,-35996.4,MURAT_202002_MRE,4,April,19.9,14.2,21.3
2020-04-23T07:00:00Z,0.953,19.3,-9999,Esperance,-35996.4,MURAT_202002_MRE,4,April,19.9,14.2,21.3
2020-04-23T08:00:00Z,0.764,-9999,-9999,Esperance,-35996.4,MURAT_202002_MRE,4,April,19.9,14.2,21.3
2020-04-23T09:00:00Z,0.686,-9999,-9999,Esperance,-35996.4,MURAT_202002_MRE,4,April,19.9,14.2,21.3
2020-04-23T10:00:00Z,0.703,-9999,-9999,Esperance,-35996.4,MURAT_202002_MRE,4,April,19.9,14.2,21.3
2020-04-23T11:00:00Z,0.813,19.4,-9999,Esperance,-35996.4,MURAT_202002_MRE,4,April,19.9,14.2,21.3
2020-04-23T12:00:00Z,0.917,19.4,-9999,Esperance,-35996.4,MURAT_202002_MRE,4,April,19.9,14.2,21.3
2020-04-23T13:00:00Z,0.986,19.4,-9999,Esperance,-35996.4,MURAT_202002_MRE,4,April,19.9,14.2,21.3
2020-04-23T14:00:00Z,1.113,19.3,-9999,Esperance,-35996.4,MURAT_202002_MRE,4,April,19.9,14.2,21.3
2020-04-23T15:00:00Z,1.084,19.3,-9999,Esperance,-35996.4,MURAT_202002_MRE,4,April,19.9,14.2,21.3
2020-04-23T16:00:00Z,1.055,19.3,-9999,Esperance,-35996.4,MURAT_202002_MRE,4,April,19.9,14.2,21.3
2020-04-23T17:00:00Z,0.994,19.3,-9999,Esperance,-35996.4,MURAT_202002_MRE,4,April,19.9,14.2,21.3
2020-04-23T18:00:00Z,0.858,-9999,-9999,Esperance,-35996.4,MURAT_202002_MRE,4,April,19.9,14.2,21.3
2020-04-23T19:00:00Z,0.765,19.3,-9999,Esperance,-35996.4,MURAT_202002_MRE,4,April,19.9,14.2,21.3
2020-04-23T20:00:00Z,0.688,19.3,-9999,Esperance,-35996.4,MURAT_202002_MRE,4,April,19.9,14.2,21.3
2020-04-23T21:00:00Z,0.688,19.3,-9999,Esperance,-35996.4,MURAT_202002_MRE,4,April,19.9,14.2,21.3
2020-04-23T22:00:00Z,0.774,19.2,-9999,Esperance,-35996.4,MURAT_202002_MRE,4,April,19.9,14.2,21.3
2020-04-23T23:00:00Z,0.899,19.2,-9999,Esperance,-35996.4,MURAT_202002_MRE,4,April,19.9,14.2,21.3
2020-04-24T00:00:00Z,1.07,19.2,-9999,Esperance,-35996.4,MURAT_202002_MRE,4,April,19.9,14.2,21.3
2020-04-24T01:00:00Z,1.223,19.2,-9999,Esperance,-35996.4,MURAT_202002_MRE,4,April,19.9,14.2,21.3
2020-04-24T02:00:00Z,1.33,19.2,-9999,Esperance,-35996.4,MURAT_202002_MRE,4,April,19.9,14.2,21.3
2020-04-24T03:00:00Z,1.395,-9999,-9999,Esperance,-35996.4,MURAT_202002_MRE,4,April,19.9,14.2,21.3
2020-04-24T04:00:00Z,1.419,-9999,-9999,Esperance,-35996.4,MURAT_202002_MRE,4,April,19.9,14.2,21.3
2020-04-24T05:00:00Z,1.291,19.4,-9999,Esperance,-35996.4,MURAT_202002_MRE,4,April,19.9,14.2,21.3
2020-04-24T06:00:00Z,1.127,19.4,-9999,Esperance,-35996.4,MURAT_202002_MRE,4,April,19.9,14.2,21.3
2020-04-24T07:00:00Z,1.02,19.4,-9999,Esperance,-35996.4,MURAT_202002_MRE,4,April,19.9,14.2,21.3
2020-04-24T08:00:00Z,0.822,19.5,-9999,Esperance,-35996.4,MURAT_202002_MRE,4,April,19.9,14.2,21.3
2020-04-24T09:00:00Z,0.679,19.4,-9999,Esperance,-35996.4,MURAT_202002_MRE,4,April,19.9,14.2,21.3
2020-04-24T10:00:00Z,0.691,-9999,-9999,Esperance,-35996.4,MURAT_202002_MRE,4,April,19.9,14.2,21.3
2020-04-24T11:00:00Z,0.706,19.4,-9999,Esperance,-35996.4,MURAT_202002_MRE,4,April,19.9,14.2,21.3
2020-04-24T12:00:00Z,0.782,-9999,-9999,Esperance,-35996.4,MURAT_202002_MRE,4,April,19.9,14.2,21.3
2020-04-24T13:00:00Z,0.883,19.4,-9999,Esperance,-35996.4,MURAT_202002_MRE,4,April,19.9,14.2,21.3
2020-04-24T14:00:00Z,1.023,19.5,-9999,Esperance,-35996.4,MURAT_202002_MRE,4,April,19.9,14.2,21.3
2020-04-24T15:00:00Z,1.017,19.5,-9999,Esperance,-35996.4,MURAT_202002_MRE,4,April,19.9,14.2,21.3
2020-04-24T16:00:00Z,1.012,19.5,-9999,Esperance,-35996.4,MURAT_202002_MRE,4,April,19.9,14.2,21.3
2020-04-24T17:00:00Z,0.983,19.4,-9999,Esperance,-35996.4,MURAT_202002_MRE,4,April,19.9,14.2,21.3
2020-04-24T18:00:00Z,0.87,19.4,-9999,Esperance,-35996.4,MURAT_202002_MRE,4,April,19.9,14.2,21.3
2020-04-24T19:00:00Z,0.788,19.4,-9999,Esperance,-35996.4,MURAT_202002_MRE,4,April,19.9,14.2,21.3
2020-04-24T20:00:00Z,0.719,19.4,-9999,Esperance,-35996.4,MURAT_202002_MRE,4,April,19.9,14.2,21.3
2020-04-24T21:00:00Z,0.709,19.4,-9999,Esperance,-35996.4,MURAT_202002_MRE,4,April,19.9,14.2,21.3
2020-04-24T22:00:00Z,0.793,19.4,-9999,Esperance,-35996.4,MURAT_202002_MRE,4,April,19.9,14.2,21.3
2020-04-24T23:00:00Z,0.892,19.4,-9999,Esperance,-35996.4,MURAT_202002_MRE,4,April,19.9,14.2,21.3
2020-04-25T00:00:00Z,1.076,19.4,-9999,Esperance,-35996.4,MURAT_202002_MRE,4,April,19.9,14.2,21.3
2020-04-25T01:00:00Z,1.275,19.4,-9999,Esperance,-35996.4,MURAT_202002_MRE,4,April,19.9,14.2,21.3
2020-04-25T02:00:00Z,1.371,19.4,-9999,Esperance,-35996.4,MURAT_202002_MRE,4,April,19.9,14.2,21.3
2020-04-25T03:00:00Z,1.497,19.4,-9999,Esperance,-35996.4,MURAT_202002_MRE,4,April,19.9,14.2,21.3
2020-04-25T04:00:00Z,1.487,19.4,-9999,Esperance,-35996.4,MURAT_202002_MRE,4,April,19.9,14.2,21.3
2020-04-25T05:00:00Z,1.38,19.4,-9999,Esperance,-35996.4,MURAT_202002_MRE,4,April,19.9,14.2,21.3
2020-04-25T06:00:00Z,1.241,19.4,-9999,Esperance,-35996.4,MURAT_202002_MRE,4,April,19.9,14.2,21.3
2020-04-25T07:00:00Z,1.103,19.4,-9999,Esperance,-35996.4,MURAT_202002_MRE,4,April,19.9,14.2,21.3
2020-04-25T08:00:00Z,0.911,19.5,-9999,Esperance,-35996.4,MURAT_202002_MRE,4,April,19.9,14.2,21.3
2020-04-25T09:00:00Z,0.764,19.5,-9999,Esperance,-35996.4,MURAT_202002_MRE,4,April,19.9,14.2,21.3
2020-04-25T10:00:00Z,0.685,19.5,-9999,Esperance,-35996.4,MURAT_202002_MRE,4,April,19.9,14.2,21.3
2020-04-25T11:00:00Z,0.72,19.5,-9999,Esperance,-35996.4,MURAT_202002_MRE,4,April,19.9,14.2,21.3
2020-04-25T12:00:00Z,0.733,19.5,-9999,Esperance,-35996.4,MURAT_202002_MRE,4,April,19.9,14.2,21.3
2020-04-25T13:00:00Z,0.836,19.5,-9999,Esperance,-35996.4,MURAT_202002_MRE,4,April,19.9,14.2,21.3
2020-04-25T14:00:00Z,0.901,19.5,-9999,Esperance,-35996.4,MURAT_202002_MRE,4,April,19.9,14.2,21.3
2020-04-25T15:00:00Z,0.969,19.5,-9999,Esperance,-35996.4,MURAT_202002_MRE,4,April,19.9,14.2,21.3
2020-04-25T16:00:00Z,0.921,19.5,-9999,Esperance,-35996.4,MURAT_202002_MRE,4,April,19.9,14.2,21.3
2020-04-25T17:00:00Z,0.924,19.5,-9999,Esperance,-35996.4,MURAT_202002_MRE,4,April,19.9,14.2,21.3
2020-04-25T18:00:00Z,0.836,19.5,-9999,Esperance,-35996.4,MURAT_202002_MRE,4,April,19.9,14.2,21.3
2020-04-25T19:00:00Z,0.718,19.4,-9999,Esperance,-35996.4,MURAT_202002_MRE,4,April,19.9,14.2,21.3
2020-04-25T20:00:00Z,0.675,19.4,-9999,Esperance,-35996.4,MURAT_202002_MRE,4,April,19.9,14.2,21.3
2020-04-25T21:00:00Z,0.694,19.4,-9999,Esperance,-35996.4,MURAT_202002_MRE,4,April,19.9,14.2,21.3
2020-04-25T22:00:00Z,0.69,19.4,-9999,Esperance,-35996.4,MURAT_202002_MRE,4,April,19.9,14.2,21.3
2020-04-25T23:00:00Z,0.804,19.4,-9999,Esperance,-35996.4,MURAT_202002_MRE,4,April,19.9,14.2,21.3
2020-04-26T00:00:00Z,0.956,19.4,-9999,Esperance,-35996.4,MURAT_202002_MRE,4,April,19.9,14.2,21.3
2020-04-26T01:00:00Z,1.145,19.4,-9999,Esperance,-35996.4,MURAT_202002_MRE,4,April,19.9,14.2,21.3
2020-04-26T02:00:00Z,1.224,19.4,-9999,Esperance,-35996.4,MURAT_202002_MRE,4,April,19.9,14.2,21.3
2020-04-26T03:00:00Z,1.349,19.4,-9999,Esperance,-35996.4,MURAT_202002_MRE,4,April,19.9,14.2,21.3
2020-04-26T04:00:00Z,1.363,19.5,-9999,Esperance,-35996.4,MURAT_202002_MRE,4,April,19.9,14.2,21.3
2020-04-26T05:00:00Z,1.298,19.6,-9999,Esperance,-35996.4,MURAT_202002_MRE,4,April,19.9,14.2,21.3
2020-04-26T06:00:00Z,1.205,19.6,-9999,Esperance,-35996.4,MURAT_202002_MRE,4,April,19.9,14.2,21.3
2020-04-26T07:00:00Z,1.051,19.6,-9999,Esperance,-35996.4,MURAT_202002_MRE,4,April,19.9,14.2,21.3
2020-04-26T08:00:00Z,0.893,19.7,-9999,Esperance,-35996.4,MURAT_202002_MRE,4,April,19.9,14.2,21.3
2020-04-26T09:00:00Z,0.753,19.7,-9999,Esperance,-35996.4,MURAT_202002_MRE,4,April,19.9,14.2,21.3
2020-04-26T10:00:00Z,0.646,19.6,-9999,Esperance,-35996.4,MURAT_202002_MRE,4,April,19.9,14.2,21.3
2020-04-26T11:00:00Z,0.626,19.6,-9999,Esperance,-35996.4,MURAT_202002_MRE,4,April,19.9,14.2,21.3
2020-04-26T12:00:00Z,0.627,19.6,-9999,Esperance,-35996.4,MURAT_202002_MRE,4,April,19.9,14.2,21.3
2020-04-26T13:00:00Z,0.695,19.6,-9999,Esperance,-35996.4,MURAT_202002_MRE,4,April,19.9,14.2,21.3
2020-04-26T14:00:00Z,0.762,19.5,-9999,Esperance,-35996.4,MURAT_202002_MRE,4,April,19.9,14.2,21.3
2020-04-26T15:00:00Z,0.812,19.5,-9999,Esperance,-35996.4,MURAT_202002_MRE,4,April,19.9,14.2,21.3
2020-04-26T16:00:00Z,0.786,19.4,-9999,Esperance,-35996.4,MURAT_202002_MRE,4,April,19.9,14.2,21.3
2020-04-26T17:00:00Z,0.786,19.4,-9999,Esperance,-35996.4,MURAT_202002_MRE,4,April,19.9,14.2,21.3
2020-04-26T18:00:00Z,0.724,19.4,-9999,Esperance,-35996.4,MURAT_202002_MRE,4,April,19.9,14.2,21.3
2020-04-26T19:00:00Z,0.632,19.4,-9999,Esperance,-35996.4,MURAT_202002_MRE,4,April,19.9,14.2,21.3
2020-04-26T20:00:00Z,0.61,19.3,-9999,Esperance,-35996.4,MURAT_202002_MRE,4,April,19.9,14.2,21.3
2020-04-26T21:00:00Z,0.606,19.3,-9999,Esperance,-35996.4,MURAT_202002_MRE,4,April,19.9,14.2,21.3
2020-04-26T22:00:00Z,0.653,19.3,-9999,Esperance,-35996.4,MURAT_202002_MRE,4,April,19.9,14.2,21.3
2020-04-26T23:00:00Z,0.741,19.3,-9999,Esperance,-35996.4,MURAT_202002_MRE,4,April,19.9,14.2,21.3
2020-04-27T00:00:00Z,0.857,19.2,-9999,Esperance,-35996.4,MURAT_202002_MRE,4,April,19.9,14.2,21.3
2020-04-27T01:00:00Z,1.045,19.2,-9999,Esperance,-35996.4,MURAT_202002_MRE,4,April,19.9,14.2,21.3
2020-04-27T02:00:00Z,1.188,19.3,-9999,Esperance,-35996.4,MURAT_202002_MRE,4,April,19.9,14.2,21.3
2020-04-27T03:00:00Z,1.292,19.4,-9999,Esperance,-35996.4,MURAT_202002_MRE,4,April,19.9,14.2,21.3
2020-04-27T04:00:00Z,1.375,19.4,-9999,Esperance,-35996.4,MURAT_202002_MRE,4,April,19.9,14.2,21.3
2020-04-27T05:00:00Z,1.366,19.4,-9999,Esperance,-35996.4,MURAT_202002_MRE,4,April,19.9,14.2,21.3
2020-04-27T06:00:00Z,1.297,19.4,-9999,Esperance,-35996.4,MURAT_202002_MRE,4,April,19.9,14.2,21.3
2020-04-27T07:00:00Z,1.184,19.4,-9999,Esperance,-35996.4,MURAT_202002_MRE,4,April,19.9,14.2,21.3
2020-04-27T08:00:00Z,1.066,19.4,-9999,Esperance,-35996.4,MURAT_202002_MRE,4,April,19.9,14.2,21.3
2020-04-27T09:00:00Z,0.932,19.4,-9999,Esperance,-35996.4,MURAT_202002_MRE,4,April,19.9,14.2,21.3
2020-04-27T10:00:00Z,0.82,19.5,-9999,Esperance,-35996.4,MURAT_202002_MRE,4,April,19.9,14.2,21.3
2020-04-27T11:00:00Z,0.769,19.5,-9999,Esperance,-35996.4,MURAT_202002_MRE,4,April,19.9,14.2,21.3
2020-04-27T12:00:00Z,0.775,19.4,-9999,Esperance,-35996.4,MURAT_202002_MRE,4,April,19.9,14.2,21.3
2020-04-27T13:00:00Z,0.762,19.4,-9999,Esperance,-35996.4,MURAT_202002_MRE,4,April,19.9,14.2,21.3
2020-04-27T14:00:00Z,0.845,19.4,-9999,Esperance,-35996.4,MURAT_202002_MRE,4,April,19.9,14.2,21.3
2020-04-27T15:00:00Z,0.87,19.4,-9999,Esperance,-35996.4,MURAT_202002_MRE,4,April,19.9,14.2,21.3
2020-04-27T16:00:00Z,0.853,19.4,-9999,Esperance,-35996.4,MURAT_202002_MRE,4,April,19.9,14.2,21.3
2020-04-27T17:00:00Z,0.853,19.4,-9999,Esperance,-35996.4,MURAT_202002_MRE,4,April,19.9,14.2,21.3
2020-04-27T18:00:00Z,0.846,19.3,-9999,Esperance,-35996.4,MURAT_202002_MRE,4,April,19.9,14.2,21.3
2020-04-27T19:00:00Z,0.823,19.3,-9999,Esperance,-35996.4,MURAT_202002_MRE,4,April,19.9,14.2,21.3
2020-04-27T20:00:00Z,0.78,19.3,-9999,Esperance,-35996.4,MURAT_202002_MRE,4,April,19.9,14.2,21.3
2020-04-27T21:00:00Z,0.802,19.3,-9999,Esperance,-35996.4,MURAT_202002_MRE,4,April,19.9,14.2,21.3
2020-04-27T22:00:00Z,0.852,19.3,-9999,Esperance,-35996.4,MURAT_202002_MRE,4,April,19.9,14.2,21.3
2020-04-27T23:00:00Z,0.926,19.3,-9999,Esperance,-35996.4,MURAT_202002_MRE,4,April,19.9,14.2,21.3
2020-04-28T00:00:00Z,1.051,19.3,-9999,Esperance,-35996.4,MURAT_202002_MRE,4,April,19.9,14.2,21.3
2020-04-28T01:00:00Z,1.177,19.2,-9999,Esperance,-35996.4,MURAT_202002_MRE,4,April,19.9,14.2,21.3
2020-04-28T02:00:00Z,1.313,19.3,-9999,Esperance,-35996.4,MURAT_202002_MRE,4,April,19.9,14.2,21.3
2020-04-28T03:00:00Z,1.4,19.3,-9999,Esperance,-35996.4,MURAT_202002_MRE,4,April,19.9,14.2,21.3
2020-04-28T04:00:00Z,1.453,19.3,-9999,Esperance,-35996.4,MURAT_202002_MRE,4,April,19.9,14.2,21.3
2020-04-28T05:00:00Z,1.446,19.3,-9999,Esperance,-35996.4,MURAT_202002_MRE,4,April,19.9,14.2,21.3
2020-04-28T06:00:00Z,1.401,19.3,-9999,Esperance,-35996.4,MURAT_202002_MRE,4,April,19.9,14.2,21.3
2020-04-28T07:00:00Z,1.346,19.3,-9999,Esperance,-35996.4,MURAT_202002_MRE,4,April,19.9,14.2,21.3
2020-04-28T08:00:00Z,1.216,19.3,-9999,Esperance,-35996.4,MURAT_202002_MRE,4,April,19.9,14.2,21.3
2020-04-28T09:00:00Z,1.069,19.2,-9999,Esperance,-35996.4,MURAT_202002_MRE,4,April,19.9,14.2,21.3
2020-04-28T10:00:00Z,1.026,19.2,-9999,Esperance,-35996.4,MURAT_202002_MRE,4,April,19.9,14.2,21.3
2020-04-28T11:00:00Z,0.929,19.2,-9999,Esperance,-35996.4,MURAT_202002_MRE,4,April,19.9,14.2,21.3
2020-04-28T12:00:00Z,0.871,19.2,-9999,Esperance,-35996.4,MURAT_202002_MRE,4,April,19.9,14.2,21.3
2020-04-28T13:00:00Z,0.866,19.1,-9999,Esperance,-35996.4,MURAT_202002_MRE,4,April,19.9,14.2,21.3
2020-04-28T14:00:00Z,0.878,19.1,-9999,Esperance,-35996.4,MURAT_202002_MRE,4,April,19.9,14.2,21.3
2020-04-28T15:00:00Z,0.869,19.1,-9999,Esperance,-35996.4,MURAT_202002_MRE,4,April,19.9,14.2,21.3
2020-04-28T16:00:00Z,0.868,19.1,-9999,Esperance,-35996.4,MURAT_202002_MRE,4,April,19.9,14.2,21.3
2020-04-28T17:00:00Z,0.831,19.1,-9999,Esperance,-35996.4,MURAT_202002_MRE,4,April,19.9,14.2,21.3
2020-04-28T18:00:00Z,0.796,19.1,-9999,Esperance,-35996.4,MURAT_202002_MRE,4,April,19.9,14.2,21.3
2020-04-28T19:00:00Z,0.75,19,-9999,Esperance,-35996.4,MURAT_202002_MRE,4,April,19.9,14.2,21.3
2020-04-28T20:00:00Z,0.725,19,-9999,Esperance,-35996.4,MURAT_202002_MRE,4,April,19.9,14.2,21.3
2020-04-28T21:00:00Z,0.691,19,-9999,Esperance,-35996.4,MURAT_202002_MRE,4,April,19.9,14.2,21.3
2020-04-28T22:00:00Z,0.759,19,-9999,Esperance,-35996.4,MURAT_202002_MRE,4,April,19.9,14.2,21.3
2020-04-28T23:00:00Z,0.778,18.9,-9999,Esperance,-35996.4,MURAT_202002_MRE,4,April,19.9,14.2,21.3
2020-04-29T00:00:00Z,0.856,18.8,-9999,Esperance,-35996.4,MURAT_202002_MRE,4,April,19.9,14.2,21.3
2020-04-29T01:00:00Z,0.972,18.8,-9999,Esperance,-35996.4,MURAT_202002_MRE,4,April,19.9,14.2,21.3
2020-04-29T02:00:00Z,1.047,18.7,-9999,Esperance,-35996.4,MURAT_202002_MRE,4,April,19.9,14.2,21.3
2020-04-29T03:00:00Z,1.138,18.7,-9999,Esperance,-35996.4,MURAT_202002_MRE,4,April,19.9,14.2,21.3
2020-04-29T04:00:00Z,1.202,18.7,-9999,Esperance,-35996.4,MURAT_202002_MRE,4,April,19.9,14.2,21.3
2020-04-29T05:00:00Z,1.148,18.6,-9999,Esperance,-35996.4,MURAT_202002_MRE,4,April,19.9,14.2,21.3
2020-04-29T06:00:00Z,1.163,18.6,-9999,Esperance,-35996.4,MURAT_202002_MRE,4,April,19.9,14.2,21.3
2020-04-29T07:00:00Z,1.087,18.6,-9999,Esperance,-35996.4,MURAT_202002_MRE,4,April,19.9,14.2,21.3
2020-04-29T08:00:00Z,0.974,18.6,-9999,Esperance,-35996.4,MURAT_202002_MRE,4,April,19.9,14.2,21.3
2020-04-29T09:00:00Z,0.898,18.6,-9999,Esperance,-35996.4,MURAT_202002_MRE,4,April,19.9,14.2,21.3
2020-04-29T10:00:00Z,0.827,18.6,-9999,Esperance,-35996.4,MURAT_202002_MRE,4,April,19.9,14.2,21.3
2020-04-29T11:00:00Z,0.747,18.6,-9999,Esperance,-35996.4,MURAT_202002_MRE,4,April,19.9,14.2,21.3
2020-04-29T12:00:00Z,0.671,18.6,-9999,Esperance,-35996.4,MURAT_202002_MRE,4,April,19.9,14.2,21.3
2020-04-29T13:00:00Z,0.629,18.6,-9999,Esperance,-35996.4,MURAT_202002_MRE,4,April,19.9,14.2,21.3
2020-04-29T14:00:00Z,0.618,18.5,-9999,Esperance,-35996.4,MURAT_202002_MRE,4,April,19.9,14.2,21.3
2020-04-29T15:00:00Z,0.563,18.5,-9999,Esperance,-35996.4,MURAT_202002_MRE,4,April,19.9,14.2,21.3
2020-04-29T16:00:00Z,0.522,18.5,-9999,Esperance,-35996.4,MURAT_202002_MRE,4,April,19.9,14.2,21.3
2020-04-29T17:00:00Z,0.502,18.5,-9999,Esperance,-35996.4,MURAT_202002_MRE,4,April,19.9,14.2,21.3
2020-04-29T18:00:00Z,0.445,18.5,-9999,Esperance,-35996.4,MURAT_202002_MRE,4,April,19.9,14.2,21.3
2020-04-29T19:00:00Z,0.409,18.5,-9999,Esperance,-35996.4,MURAT_202002_MRE,4,April,19.9,14.2,21.3
2020-04-29T20:00:00Z,0.406,18.4,-9999,Esperance,-35996.4,MURAT_202002_MRE,4,April,19.9,14.2,21.3
2020-04-29T21:00:00Z,0.399,18.4,-9999,Esperance,-35996.4,MURAT_202002_MRE,4,April,19.9,14.2,21.3
2020-04-29T22:00:00Z,0.426,18.4,-9999,Esperance,-35996.4,MURAT_202002_MRE,4,April,19.9,14.2,21.3
2020-04-29T23:00:00Z,0.528,18.4,-9999,Esperance,-35996.4,MURAT_202002_MRE,4,April,19.9,14.2,21.3
2020-04-30T00:00:00Z,0.582,18.5,-9999,Esperance,-35996.4,MURAT_202002_MRE,4,April,19.9,14.2,21.3
2020-04-30T01:00:00Z,0.639,18.5,-9999,Esperance,-35996.4,MURAT_202002_MRE,4,April,19.9,14.2,21.3
2020-04-30T02:00:00Z,0.759,18.6,-9999,Esperance,-35996.4,MURAT_202002_MRE,4,April,19.9,14.2,21.3
2020-04-30T03:00:00Z,0.838,18.6,-9999,Esperance,-35996.4,MURAT_202002_MRE,4,April,19.9,14.2,21.3
2020-04-30T04:00:00Z,0.844,18.7,-9999,Esperance,-35996.4,MURAT_202002_MRE,4,April,19.9,14.2,21.3
2020-04-30T05:00:00Z,0.913,18.8,-9999,Esperance,-35996.4,MURAT_202002_MRE,4,April,19.9,14.2,21.3
2020-04-30T06:00:00Z,0.942,18.9,-9999,Esperance,-35996.4,MURAT_202002_MRE,4,April,19.9,14.2,21.3
2020-04-30T07:00:00Z,0.891,18.9,-9999,Esperance,-35996.4,MURAT_202002_MRE,4,April,19.9,14.2,21.3
2020-04-30T08:00:00Z,0.882,18.9,-9999,Esperance,-35996.4,MURAT_202002_MRE,4,April,19.9,14.2,21.3
2020-04-30T09:00:00Z,0.861,18.9,-9999,Esperance,-35996.4,MURAT_202002_MRE,4,April,19.9,14.2,21.3
2020-04-30T10:00:00Z,0.79,18.9,-9999,Esperance,-35996.4,MURAT_202002_MRE,4,April,19.9,14.2,21.3
2020-04-30T11:00:00Z,0.783,18.9,-9999,Esperance,-35996.4,MURAT_202002_MRE,4,April,19.9,14.2,21.3
2020-04-30T12:00:00Z,0.704,18.9,-9999,Esperance,-35996.4,MURAT_202002_MRE,4,April,19.9,14.2,21.3
2020-04-30T13:00:00Z,0.651,18.9,-9999,Esperance,-35996.4,MURAT_202002_MRE,4,April,19.9,14.2,21.3
2020-04-30T14:00:00Z,0.619,18.8,-9999,Esperance,-35996.4,MURAT_202002_MRE,4,April,19.9,14.2,21.3
2020-04-30T15:00:00Z,0.526,18.8,-9999,Esperance,-35996.4,MURAT_202002_MRE,4,April,19.9,14.2,21.3
2020-04-30T16:00:00Z,0.466,18.7,-9999,Esperance,-35996.4,MURAT_202002_MRE,4,April,19.9,14.2,21.3
2020-04-30T17:00:00Z,0.438,18.7,-9999,Esperance,-35996.4,MURAT_202002_MRE,4,April,19.9,14.2,21.3
2020-04-30T18:00:00Z,0.355,18.6,-9999,Esperance,-35996.4,MURAT_202002_MRE,4,April,19.9,14.2,21.3
2020-04-30T19:00:00Z,0.337,18.6,-9999,Esperance,-35996.4,MURAT_202002_MRE,4,April,19.9,14.2,21.3
2020-04-30T20:00:00Z,0.345,18.6,-9999,Esperance,-35996.4,MURAT_202002_MRE,4,April,19.9,14.2,21.3
2020-04-30T21:00:00Z,0.366,18.6,-9999,Esperance,-35996.4,MURAT_202002_MRE,4,April,19.9,14.2,21.3
2020-04-30T22:00:00Z,0.411,18.5,-9999,Esperance,-35996.4,MURAT_202002_MRE,4,April,19.9,14.2,21.3
2020-04-30T23:00:00Z,0.511,18.5,-9999,Esperance,-35996.4,MURAT_202002_MRE,4,April,19.9,14.2,21.3
2020-05-01T00:00:00Z,0.574,18.5,-9999,Esperance,-35996.4,MURAT_202002_MRE,5,May,31.7,12.6,19.0
2020-05-01T01:00:00Z,0.654,18.5,-9999,Esperance,-35996.4,MURAT_202002_MRE,5,May,31.7,12.6,19.0
2020-05-01T02:00:00Z,0.731,18.6,-9999,Esperance,-35996.4,MURAT_202002_MRE,5,May,31.7,12.6,19.0
2020-05-01T03:00:00Z,0.794,18.6,-9999,Esperance,-35996.4,MURAT_202002_MRE,5,May,31.7,12.6,19.0
2020-05-01T04:00:00Z,0.83,18.6,-9999,Esperance,-35996.4,MURAT_202002_MRE,5,May,31.7,12.6,19.0
2020-05-01T05:00:00Z,0.874,18.6,-9999,Esperance,-35996.4,MURAT_202002_MRE,5,May,31.7,12.6,19.0
2020-05-01T06:00:00Z,0.9,18.7,-9999,Esperance,-35996.4,MURAT_202002_MRE,5,May,31.7,12.6,19.0
2020-05-01T07:00:00Z,0.917,18.8,-9999,Esperance,-35996.4,MURAT_202002_MRE,5,May,31.7,12.6,19.0
2020-05-01T08:00:00Z,0.943,18.8,-9999,Esperance,-35996.4,MURAT_202002_MRE,5,May,31.7,12.6,19.0
2020-05-01T09:00:00Z,0.936,18.8,-9999,Esperance,-35996.4,MURAT_202002_MRE,5,May,31.7,12.6,19.0
2020-05-01T10:00:00Z,0.896,18.7,-9999,Esperance,-35996.4,MURAT_202002_MRE,5,May,31.7,12.6,19.0
2020-05-01T11:00:00Z,0.922,18.7,-9999,Esperance,-35996.4,MURAT_202002_MRE,5,May,31.7,12.6,19.0
2020-05-01T12:00:00Z,0.867,18.6,-9999,Esperance,-35996.4,MURAT_202002_MRE,5,May,31.7,12.6,19.0
2020-05-01T13:00:00Z,0.791,18.6,-9999,Esperance,-35996.4,MURAT_202002_MRE,5,May,31.7,12.6,19.0
2020-05-01T14:00:00Z,0.705,18.5,-9999,Esperance,-35996.4,MURAT_202002_MRE,5,May,31.7,12.6,19.0
2020-05-01T15:00:00Z,0.616,18.5,-9999,Esperance,-35996.4,MURAT_202002_MRE,5,May,31.7,12.6,19.0
2020-05-01T16:00:00Z,0.511,18.5,-9999,Esperance,-35996.4,MURAT_202002_MRE,5,May,31.7,12.6,19.0
2020-05-01T17:00:00Z,0.412,18.5,-9999,Esperance,-35996.4,MURAT_202002_MRE,5,May,31.7,12.6,19.0
2020-05-01T18:00:00Z,0.372,18.4,-9999,Esperance,-35996.4,MURAT_202002_MRE,5,May,31.7,12.6,19.0
2020-05-01T19:00:00Z,0.341,18.4,-9999,Esperance,-35996.4,MURAT_202002_MRE,5,May,31.7,12.6,19.0
2020-05-01T20:00:00Z,0.304,18.4,-9999,Esperance,-35996.4,MURAT_202002_MRE,5,May,31.7,12.6,19.0
2020-05-01T21:00:00Z,0.403,18.4,-9999,Esperance,-35996.4,MURAT_202002_MRE,5,May,31.7,12.6,19.0
2020-05-01T22:00:00Z,0.46,18.3,-9999,Esperance,-35996.4,MURAT_202002_MRE,5,May,31.7,12.6,19.0
2020-05-01T23:00:00Z,0.556,18.3,-9999,Esperance,-35996.4,MURAT_202002_MRE,5,May,31.7,12.6,19.0
2020-05-02T00:00:00Z,0.66,18.2,-9999,Esperance,-35996.4,MURAT_202002_MRE,5,May,31.7,12.6,19.0
2020-05-02T01:00:00Z,0.729,18.2,-9999,Esperance,-35996.4,MURAT_202002_MRE,5,May,31.7,12.6,19.0
2020-05-02T02:00:00Z,0.777,18.3,-9999,Esperance,-35996.4,MURAT_202002_MRE,5,May,31.7,12.6,19.0
2020-05-02T03:00:00Z,0.814,18.3,-9999,Esperance,-35996.4,MURAT_202002_MRE,5,May,31.7,12.6,19.0
2020-05-02T04:00:00Z,0.835,18.3,-9999,Esperance,-35996.4,MURAT_202002_MRE,5,May,31.7,12.6,19.0
2020-05-02T05:00:00Z,0.837,18.4,-9999,Esperance,-35996.4,MURAT_202002_MRE,5,May,31.7,12.6,19.0
2020-05-02T06:00:00Z,0.811,18.4,-9999,Esperance,-35996.4,MURAT_202002_MRE,5,May,31.7,12.6,19.0
2020-05-02T07:00:00Z,0.864,18.4,-9999,Esperance,-35996.4,MURAT_202002_MRE,5,May,31.7,12.6,19.0
2020-05-02T08:00:00Z,0.853,18.5,-9999,Esperance,-35996.4,MURAT_202002_MRE,5,May,31.7,12.6,19.0
2020-05-02T09:00:00Z,0.889,18.5,-9999,Esperance,-35996.4,MURAT_202002_MRE,5,May,31.7,12.6,19.0
2020-05-02T10:00:00Z,0.965,18.5,-9999,Esperance,-35996.4,MURAT_202002_MRE,5,May,31.7,12.6,19.0
2020-05-02T11:00:00Z,0.975,18.5,-9999,Esperance,-35996.4,MURAT_202002_MRE,5,May,31.7,12.6,19.0
2020-05-02T12:00:00Z,0.994,18.4,-9999,Esperance,-35996.4,MURAT_202002_MRE,5,May,31.7,12.6,19.0
2020-05-02T13:00:00Z,0.964,18.4,-9999,Esperance,-35996.4,MURAT_202002_MRE,5,May,31.7,12.6,19.0
2020-05-02T14:00:00Z,0.874,18.4,-9999,Esperance,-35996.4,MURAT_202002_MRE,5,May,31.7,12.6,19.0
2020-05-02T15:00:00Z,0.78,18.3,-9999,Esperance,-35996.4,MURAT_202002_MRE,5,May,31.7,12.6,19.0
2020-05-02T16:00:00Z,0.64,18.3,-9999,Esperance,-35996.4,MURAT_202002_MRE,5,May,31.7,12.6,19.0
2020-05-02T17:00:00Z,0.49,18.2,-9999,Esperance,-35996.4,MURAT_202002_MRE,5,May,31.7,12.6,19.0
2020-05-02T18:00:00Z,0.421,18.2,-9999,Esperance,-35996.4,MURAT_202002_MRE,5,May,31.7,12.6,19.0
2020-05-02T19:00:00Z,0.386,18.1,-9999,Esperance,-35996.4,MURAT_202002_MRE,5,May,31.7,12.6,19.0
2020-05-02T20:00:00Z,0.354,18.1,-9999,Esperance,-35996.4,MURAT_202002_MRE,5,May,31.7,12.6,19.0
2020-05-02T21:00:00Z,0.438,18.1,-9999,Esperance,-35996.4,MURAT_202002_MRE,5,May,31.7,12.6,19.0
2020-05-02T22:00:00Z,0.567,18,-9999,Esperance,-35996.4,MURAT_202002_MRE,5,May,31.7,12.6,19.0
2020-05-02T23:00:00Z,0.649,18.1,-9999,Esperance,-35996.4,MURAT_202002_MRE,5,May,31.7,12.6,19.0
2020-05-03T00:00:00Z,0.752,18,-9999,Esperance,-35996.4,MURAT_202002_MRE,5,May,31.7,12.6,19.0
2020-05-03T01:00:00Z,0.852,18,-9999,Esperance,-35996.4,MURAT_202002_MRE,5,May,31.7,12.6,19.0
2020-05-03T02:00:00Z,0.872,18,-9999,Esperance,-35996.4,MURAT_202002_MRE,5,May,31.7,12.6,19.0
2020-05-03T03:00:00Z,0.862,18,-9999,Esperance,-35996.4,MURAT_202002_MRE,5,May,31.7,12.6,19.0
2020-05-03T04:00:00Z,0.862,18,-9999,Esperance,-35996.4,MURAT_202002_MRE,5,May,31.7,12.6,19.0
2020-05-03T05:00:00Z,0.799,18.1,-9999,Esperance,-35996.4,MURAT_202002_MRE,5,May,31.7,12.6,19.0
2020-05-03T06:00:00Z,0.754,18.4,-9999,Esperance,-35996.4,MURAT_202002_MRE,5,May,31.7,12.6,19.0
2020-05-03T07:00:00Z,0.802,18.4,-9999,Esperance,-35996.4,MURAT_202002_MRE,5,May,31.7,12.6,19.0
2020-05-03T08:00:00Z,0.802,18.2,-9999,Esperance,-35996.4,MURAT_202002_MRE,5,May,31.7,12.6,19.0
2020-05-03T09:00:00Z,0.847,18.1,-9999,Esperance,-35996.4,MURAT_202002_MRE,5,May,31.7,12.6,19.0
2020-05-03T10:00:00Z,0.963,18.1,-9999,Esperance,-35996.4,MURAT_202002_MRE,5,May,31.7,12.6,19.0
2020-05-03T11:00:00Z,1.042,18.1,-9999,Esperance,-35996.4,MURAT_202002_MRE,5,May,31.7,12.6,19.0
2020-05-03T12:00:00Z,1.103,18.1,-9999,Esperance,-35996.4,MURAT_202002_MRE,5,May,31.7,12.6,19.0
2020-05-03T13:00:00Z,1.127,18.2,-9999,Esperance,-35996.4,MURAT_202002_MRE,5,May,31.7,12.6,19.0
2020-05-03T14:00:00Z,1.1,18.1,-9999,Esperance,-35996.4,MURAT_202002_MRE,5,May,31.7,12.6,19.0
2020-05-03T15:00:00Z,0.994,18.1,-9999,Esperance,-35996.4,MURAT_202002_MRE,5,May,31.7,12.6,19.0
2020-05-03T16:00:00Z,0.835,18.1,-9999,Esperance,-35996.4,MURAT_202002_MRE,5,May,31.7,12.6,19.0
2020-05-03T17:00:00Z,0.7,18.1,-9999,Esperance,-35996.4,MURAT_202002_MRE,5,May,31.7,12.6,19.0
2020-05-03T18:00:00Z,0.608,18.1,-9999,Esperance,-35996.4,MURAT_202002_MRE,5,May,31.7,12.6,19.0
2020-05-03T19:00:00Z,0.495,18.1,-9999,Esperance,-35996.4,MURAT_202002_MRE,5,May,31.7,12.6,19.0
2020-05-03T20:00:00Z,0.521,18,-9999,Esperance,-35996.4,MURAT_202002_MRE,5,May,31.7,12.6,19.0
2020-05-03T21:00:00Z,0.595,18,-9999,Esperance,-35996.4,MURAT_202002_MRE,5,May,31.7,12.6,19.0
2020-05-03T22:00:00Z,0.69,18,-9999,Esperance,-35996.4,MURAT_202002_MRE,5,May,31.7,12.6,19.0
2020-05-03T23:00:00Z,0.83,17.9,-9999,Esperance,-35996.4,MURAT_202002_MRE,5,May,31.7,12.6,19.0
2020-05-04T00:00:00Z,0.961,17.9,-9999,Esperance,-35996.4,MURAT_202002_MRE,5,May,31.7,12.6,19.0
2020-05-04T01:00:00Z,1.031,17.9,-9999,Esperance,-35996.4,MURAT_202002_MRE,5,May,31.7,12.6,19.0
2020-05-04T02:00:00Z,1.091,17.9,-9999,Esperance,-35996.4,MURAT_202002_MRE,5,May,31.7,12.6,19.0
2020-05-04T03:00:00Z,1.089,18,-9999,Esperance,-35996.4,MURAT_202002_MRE,5,May,31.7,12.6,19.0
2020-05-04T04:00:00Z,1.01,18,-9999,Esperance,-35996.4,MURAT_202002_MRE,5,May,31.7,12.6,19.0
2020-05-04T05:00:00Z,0.929,18,-9999,Esperance,-35996.4,MURAT_202002_MRE,5,May,31.7,12.6,19.0
2020-05-04T06:00:00Z,0.867,18.1,-9999,Esperance,-35996.4,MURAT_202002_MRE,5,May,31.7,12.6,19.0
2020-05-04T07:00:00Z,0.784,18.1,-9999,Esperance,-35996.4,MURAT_202002_MRE,5,May,31.7,12.6,19.0
2020-05-04T08:00:00Z,0.788,18.1,-9999,Esperance,-35996.4,MURAT_202002_MRE,5,May,31.7,12.6,19.0
2020-05-04T09:00:00Z,0.839,18.1,-9999,Esperance,-35996.4,MURAT_202002_MRE,5,May,31.7,12.6,19.0
2020-05-04T10:00:00Z,0.916,18,-9999,Esperance,-35996.4,MURAT_202002_MRE,5,May,31.7,12.6,19.0
2020-05-04T11:00:00Z,1.053,18,-9999,Esperance,-35996.4,MURAT_202002_MRE,5,May,31.7,12.6,19.0
2020-05-04T12:00:00Z,1.158,18,-9999,Esperance,-35996.4,MURAT_202002_MRE,5,May,31.7,12.6,19.0
2020-05-04T13:00:00Z,1.255,17.9,-9999,Esperance,-35996.4,MURAT_202002_MRE,5,May,31.7,12.6,19.0
2020-05-04T14:00:00Z,1.254,17.9,-9999,Esperance,-35996.4,MURAT_202002_MRE,5,May,31.7,12.6,19.0
2020-05-04T15:00:00Z,1.209,17.9,-9999,Esperance,-35996.4,MURAT_202002_MRE,5,May,31.7,12.6,19.0
2020-05-04T16:00:00Z,1.088,18,-9999,Esperance,-35996.4,MURAT_202002_MRE,5,May,31.7,12.6,19.0
2020-05-04T17:00:00Z,0.921,18,-9999,Esperance,-35996.4,MURAT_202002_MRE,5,May,31.7,12.6,19.0
2020-05-04T18:00:00Z,0.776,18.2,-9999,Esperance,-35996.4,MURAT_202002_MRE,5,May,31.7,12.6,19.0
2020-05-04T19:00:00Z,0.677,18.3,-9999,Esperance,-35996.4,MURAT_202002_MRE,5,May,31.7,12.6,19.0
2020-05-04T20:00:00Z,0.649,18.3,-9999,Esperance,-35996.4,MURAT_202002_MRE,5,May,31.7,12.6,19.0
2020-05-04T21:00:00Z,0.717,18.4,-9999,Esperance,-35996.4,MURAT_202002_MRE,5,May,31.7,12.6,19.0
2020-05-04T22:00:00Z,0.838,18.4,-9999,Esperance,-35996.4,MURAT_202002_MRE,5,May,31.7,12.6,19.0
2020-05-04T23:00:00Z,0.952,18.5,-9999,Esperance,-35996.4,MURAT_202002_MRE,5,May,31.7,12.6,19.0
2020-05-05T00:00:00Z,1.11,18.5,-9999,Esperance,-35996.4,MURAT_202002_MRE,5,May,31.7,12.6,19.0
2020-05-05T01:00:00Z,1.245,18.6,-9999,Esperance,-35996.4,MURAT_202002_MRE,5,May,31.7,12.6,19.0
2020-05-05T02:00:00Z,1.259,18.6,-9999,Esperance,-35996.4,MURAT_202002_MRE,5,May,31.7,12.6,19.0
2020-05-05T03:00:00Z,1.264,18.8,-9999,Esperance,-35996.4,MURAT_202002_MRE,5,May,31.7,12.6,19.0
2020-05-05T04:00:00Z,1.234,18.8,-9999,Esperance,-35996.4,MURAT_202002_MRE,5,May,31.7,12.6,19.0
2020-05-05T05:00:00Z,1.075,18.9,-9999,Esperance,-35996.4,MURAT_202002_MRE,5,May,31.7,12.6,19.0
2020-05-05T06:00:00Z,0.966,18.9,-9999,Esperance,-35996.4,MURAT_202002_MRE,5,May,31.7,12.6,19.0
2020-05-05T07:00:00Z,0.903,19,-9999,Esperance,-35996.4,MURAT_202002_MRE,5,May,31.7,12.6,19.0
2020-05-05T08:00:00Z,0.793,19,-9999,Esperance,-35996.4,MURAT_202002_MRE,5,May,31.7,12.6,19.0
2020-05-05T09:00:00Z,0.773,19,-9999,Esperance,-35996.4,MURAT_202002_MRE,5,May,31.7,12.6,19.0
2020-05-05T10:00:00Z,0.893,19,-9999,Esperance,-35996.4,MURAT_202002_MRE,5,May,31.7,12.6,19.0
2020-05-05T11:00:00Z,1.01,19,-9999,Esperance,-35996.4,MURAT_202002_MRE,5,May,31.7,12.6,19.0
2020-05-05T12:00:00Z,1.139,18.9,-9999,Esperance,-35996.4,MURAT_202002_MRE,5,May,31.7,12.6,19.0
2020-05-05T13:00:00Z,1.246,18.9,-9999,Esperance,-35996.4,MURAT_202002_MRE,5,May,31.7,12.6,19.0
2020-05-05T14:00:00Z,1.345,18.8,-9999,Esperance,-35996.4,MURAT_202002_MRE,5,May,31.7,12.6,19.0
2020-05-05T15:00:00Z,1.286,18.8,-9999,Esperance,-35996.4,MURAT_202002_MRE,5,May,31.7,12.6,19.0
2020-05-05T16:00:00Z,1.274,18.8,-9999,Esperance,-35996.4,MURAT_202002_MRE,5,May,31.7,12.6,19.0
2020-05-05T17:00:00Z,1.143,18.8,-9999,Esperance,-35996.4,MURAT_202002_MRE,5,May,31.7,12.6,19.0
2020-05-05T18:00:00Z,1.049,18.8,-9999,Esperance,-35996.4,MURAT_202002_MRE,5,May,31.7,12.6,19.0
2020-05-05T19:00:00Z,0.914,18.7,-9999,Esperance,-35996.4,MURAT_202002_MRE,5,May,31.7,12.6,19.0
2020-05-05T20:00:00Z,0.854,18.7,-9999,Esperance,-35996.4,MURAT_202002_MRE,5,May,31.7,12.6,19.0
2020-05-05T21:00:00Z,0.907,18.6,-9999,Esperance,-35996.4,MURAT_202002_MRE,5,May,31.7,12.6,19.0
2020-05-05T22:00:00Z,1.073,18.6,-9999,Esperance,-35996.4,MURAT_202002_MRE,5,May,31.7,12.6,19.0
2020-05-05T23:00:00Z,1.238,18.6,-9999,Esperance,-35996.4,MURAT_202002_MRE,5,May,31.7,12.6,19.0
2020-05-06T00:00:00Z,1.408,18.6,-9999,Esperance,-35996.4,MURAT_202002_MRE,5,May,31.7,12.6,19.0
2020-05-06T01:00:00Z,1.523,18.6,-9999,Esperance,-35996.4,MURAT_202002_MRE,5,May,31.7,12.6,19.0
2020-05-06T02:00:00Z,1.649,18.5,-9999,Esperance,-35996.4,MURAT_202002_MRE,5,May,31.7,12.6,19.0
2020-05-06T03:00:00Z,1.646,18.5,-9999,Esperance,-35996.4,MURAT_202002_MRE,5,May,31.7,12.6,19.0
2020-05-06T04:00:00Z,1.592,18.5,-9999,Esperance,-35996.4,MURAT_202002_MRE,5,May,31.7,12.6,19.0
2020-05-06T05:00:00Z,1.428,18.4,-9999,Esperance,-35996.4,MURAT_202002_MRE,5,May,31.7,12.6,19.0
2020-05-06T06:00:00Z,1.283,18.4,-9999,Esperance,-35996.4,MURAT_202002_MRE,5,May,31.7,12.6,19.0
2020-05-06T07:00:00Z,1.106,18.3,-9999,Esperance,-35996.4,MURAT_202002_MRE,5,May,31.7,12.6,19.0
2020-05-06T08:00:00Z,1.033,18.3,-9999,Esperance,-35996.4,MURAT_202002_MRE,5,May,31.7,12.6,19.0
2020-05-06T09:00:00Z,0.949,18.3,-9999,Esperance,-35996.4,MURAT_202002_MRE,5,May,31.7,12.6,19.0
2020-05-06T10:00:00Z,0.999,18.3,-9999,Esperance,-35996.4,MURAT_202002_MRE,5,May,31.7,12.6,19.0
2020-05-06T11:00:00Z,1.097,18.3,-9999,Esperance,-35996.4,MURAT_202002_MRE,5,May,31.7,12.6,19.0
2020-05-06T12:00:00Z,1.21,18.2,-9999,Esperance,-35996.4,MURAT_202002_MRE,5,May,31.7,12.6,19.0
2020-05-06T13:00:00Z,1.34,18.2,-9999,Esperance,-35996.4,MURAT_202002_MRE,5,May,31.7,12.6,19.0
2020-05-06T14:00:00Z,1.467,18.1,-9999,Esperance,-35996.4,MURAT_202002_MRE,5,May,31.7,12.6,19.0
2020-05-06T15:00:00Z,1.472,18.1,-9999,Esperance,-35996.4,MURAT_202002_MRE,5,May,31.7,12.6,19.0
2020-05-06T16:00:00Z,1.473,18.1,-9999,Esperance,-35996.4,MURAT_202002_MRE,5,May,31.7,12.6,19.0
2020-05-06T17:00:00Z,1.394,18.1,-9999,Esperance,-35996.4,MURAT_202002_MRE,5,May,31.7,12.6,19.0
2020-05-06T18:00:00Z,1.247,18,-9999,Esperance,-35996.4,MURAT_202002_MRE,5,May,31.7,12.6,19.0
2020-05-06T19:00:00Z,1.119,18,-9999,Esperance,-35996.4,MURAT_202002_MRE,5,May,31.7,12.6,19.0
2020-05-06T20:00:00Z,1.087,18,-9999,Esperance,-35996.4,MURAT_202002_MRE,5,May,31.7,12.6,19.0
2020-05-06T21:00:00Z,1.055,18,-9999,Esperance,-35996.4,MURAT_202002_MRE,5,May,31.7,12.6,19.0
2020-05-06T22:00:00Z,1.128,18,-9999,Esperance,-35996.4,MURAT_202002_MRE,5,May,31.7,12.6,19.0
2020-05-06T23:00:00Z,1.283,18,-9999,Esperance,-35996.4,MURAT_202002_MRE,5,May,31.7,12.6,19.0
2020-05-07T00:00:00Z,1.411,17.9,-9999,Esperance,-35996.4,MURAT_202002_MRE,5,May,31.7,12.6,19.0
2020-05-07T01:00:00Z,1.545,17.9,-9999,Esperance,-35996.4,MURAT_202002_MRE,5,May,31.7,12.6,19.0
2020-05-07T02:00:00Z,1.63,17.9,-9999,Esperance,-35996.4,MURAT_202002_MRE,5,May,31.7,12.6,19.0
2020-05-07T03:00:00Z,1.653,18,-9999,Esperance,-35996.4,MURAT_202002_MRE,5,May,31.7,12.6,19.0
2020-05-07T04:00:00Z,1.6,17.9,-9999,Esperance,-35996.4,MURAT_202002_MRE,5,May,31.7,12.6,19.0
2020-05-07T05:00:00Z,1.457,17.9,-9999,Esperance,-35996.4,MURAT_202002_MRE,5,May,31.7,12.6,19.0
2020-05-07T06:00:00Z,1.299,17.9,-9999,Esperance,-35996.4,MURAT_202002_MRE,5,May,31.7,12.6,19.0
2020-05-07T07:00:00Z,1.124,17.9,-9999,Esperance,-35996.4,MURAT_202002_MRE,5,May,31.7,12.6,19.0
2020-05-07T08:00:00Z,0.94,17.9,-9999,Esperance,-35996.4,MURAT_202002_MRE,5,May,31.7,12.6,19.0
2020-05-07T09:00:00Z,0.833,17.9,-9999,Esperance,-35996.4,MURAT_202002_MRE,5,May,31.7,12.6,19.0
2020-05-07T10:00:00Z,0.794,17.9,-9999,Esperance,-35996.4,MURAT_202002_MRE,5,May,31.7,12.6,19.0
2020-05-07T11:00:00Z,0.829,17.9,-9999,Esperance,-35996.4,MURAT_202002_MRE,5,May,31.7,12.6,19.0
2020-05-07T12:00:00Z,0.907,17.9,-9999,Esperance,-35996.4,MURAT_202002_MRE,5,May,31.7,12.6,19.0
2020-05-07T13:00:00Z,0.985,17.9,-9999,Esperance,-35996.4,MURAT_202002_MRE,5,May,31.7,12.6,19.0
2020-05-07T14:00:00Z,1.082,17.9,-9999,Esperance,-35996.4,MURAT_202002_MRE,5,May,31.7,12.6,19.0
2020-05-07T15:00:00Z,1.146,17.9,-9999,Esperance,-35996.4,MURAT_202002_MRE,5,May,31.7,12.6,19.0
2020-05-07T16:00:00Z,1.145,17.8,-9999,Esperance,-35996.4,MURAT_202002_MRE,5,May,31.7,12.6,19.0
2020-05-07T17:00:00Z,1.13,17.8,-9999,Esperance,-35996.4,MURAT_202002_MRE,5,May,31.7,12.6,19.0
2020-05-07T18:00:00Z,1.052,17.8,-9999,Esperance,-35996.4,MURAT_202002_MRE,5,May,31.7,12.6,19.0
2020-05-07T19:00:00Z,0.944,17.8,-9999,Esperance,-35996.4,MURAT_202002_MRE,5,May,31.7,12.6,19.0
2020-05-07T20:00:00Z,0.924,17.8,-9999,Esperance,-35996.4,MURAT_202002_MRE,5,May,31.7,12.6,19.0
2020-05-07T21:00:00Z,0.906,17.8,-9999,Esperance,-35996.4,MURAT_202002_MRE,5,May,31.7,12.6,19.0
2020-05-07T22:00:00Z,0.932,17.8,-9999,Esperance,-35996.4,MURAT_202002_MRE,5,May,31.7,12.6,19.0
2020-05-07T23:00:00Z,1.062,17.8,-9999,Esperance,-35996.4,MURAT_202002_MRE,5,May,31.7,12.6,19.0
2020-05-08T00:00:00Z,1.241,17.8,-9999,Esperance,-35996.4,MURAT_202002_MRE,5,May,31.7,12.6,19.0
2020-05-08T01:00:00Z,1.352,17.8,-9999,Esperance,-35996.4,MURAT_202002_MRE,5,May,31.7,12.6,19.0
2020-05-08T02:00:00Z,1.45,17.8,-9999,Esperance,-35996.4,MURAT_202002_MRE,5,May,31.7,12.6,19.0
2020-05-08T03:00:00Z,1.479,17.9,-9999,Esperance,-35996.4,MURAT_202002_MRE,5,May,31.7,12.6,19.0
2020-05-08T04:00:00Z,1.459,17.9,-9999,Esperance,-35996.4,MURAT_202002_MRE,5,May,31.7,12.6,19.0
2020-05-08T05:00:00Z,1.378,17.9,-9999,Esperance,-35996.4,MURAT_202002_MRE,5,May,31.7,12.6,19.0
2020-05-08T06:00:00Z,1.248,17.9,-9999,Esperance,-35996.4,MURAT_202002_MRE,5,May,31.7,12.6,19.0
2020-05-08T07:00:00Z,1.066,17.9,-9999,Esperance,-35996.4,MURAT_202002_MRE,5,May,31.7,12.6,19.0
2020-05-08T08:00:00Z,0.888,17.9,-9999,Esperance,-35996.4,MURAT_202002_MRE,5,May,31.7,12.6,19.0
2020-05-08T09:00:00Z,0.743,17.9,-9999,Esperance,-35996.4,MURAT_202002_MRE,5,May,31.7,12.6,19.0
2020-05-08T10:00:00Z,0.655,17.9,-9999,Esperance,-35996.4,MURAT_202002_MRE,5,May,31.7,12.6,19.0
2020-05-08T11:00:00Z,0.644,17.9,-9999,Esperance,-35996.4,MURAT_202002_MRE,5,May,31.7,12.6,19.0
2020-05-08T12:00:00Z,0.671,17.9,-9999,Esperance,-35996.4,MURAT_202002_MRE,5,May,31.7,12.6,19.0
2020-05-08T13:00:00Z,0.67,17.9,-9999,Esperance,-35996.4,MURAT_202002_MRE,5,May,31.7,12.6,19.0
2020-05-08T14:00:00Z,0.775,17.9,-9999,Esperance,-35996.4,MURAT_202002_MRE,5,May,31.7,12.6,19.0
2020-05-08T15:00:00Z,0.798,17.9,-9999,Esperance,-35996.4,MURAT_202002_MRE,5,May,31.7,12.6,19.0
2020-05-08T16:00:00Z,0.773,17.9,-9999,Esperance,-35996.4,MURAT_202002_MRE,5,May,31.7,12.6,19.0
2020-05-08T17:00:00Z,0.802,17.9,-9999,Esperance,-35996.4,MURAT_202002_MRE,5,May,31.7,12.6,19.0
2020-05-08T18:00:00Z,0.789,17.9,-9999,Esperance,-35996.4,MURAT_202002_MRE,5,May,31.7,12.6,19.0
2020-05-08T19:00:00Z,0.707,17.9,-9999,Esperance,-35996.4,MURAT_202002_MRE,5,May,31.7,12.6,19.0
2020-05-08T20:00:00Z,0.694,17.9,-9999,Esperance,-35996.4,MURAT_202002_MRE,5,May,31.7,12.6,19.0
2020-05-08T21:00:00Z,0.721,17.8,-9999,Esperance,-35996.4,MURAT_202002_MRE,5,May,31.7,12.6,19.0
2020-05-08T22:00:00Z,0.762,17.8,-9999,Esperance,-35996.4,MURAT_202002_MRE,5,May,31.7,12.6,19.0
2020-05-08T23:00:00Z,0.863,17.8,-9999,Esperance,-35996.4,MURAT_202002_MRE,5,May,31.7,12.6,19.0
2020-05-09T00:00:00Z,1.065,17.8,-9999,Esperance,-35996.4,MURAT_202002_MRE,5,May,31.7,12.6,19.0
2020-05-09T01:00:00Z,1.174,17.8,-9999,Esperance,-35996.4,MURAT_202002_MRE,5,May,31.7,12.6,19.0
2020-05-09T02:00:00Z,1.287,17.8,-9999,Esperance,-35996.4,MURAT_202002_MRE,5,May,31.7,12.6,19.0
2020-05-09T03:00:00Z,1.376,17.8,-9999,Esperance,-35996.4,MURAT_202002_MRE,5,May,31.7,12.6,19.0
2020-05-09T04:00:00Z,1.366,17.8,-9999,Esperance,-35996.4,MURAT_202002_MRE,5,May,31.7,12.6,19.0
2020-05-09T05:00:00Z,1.298,17.8,-9999,Esperance,-35996.4,MURAT_202002_MRE,5,May,31.7,12.6,19.0
2020-05-09T06:00:00Z,1.213,17.8,-9999,Esperance,-35996.4,MURAT_202002_MRE,5,May,31.7,12.6,19.0
2020-05-09T07:00:00Z,1.049,17.9,-9999,Esperance,-35996.4,MURAT_202002_MRE,5,May,31.7,12.6,19.0
2020-05-09T08:00:00Z,0.876,18,-9999,Esperance,-35996.4,MURAT_202002_MRE,5,May,31.7,12.6,19.0
2020-05-09T09:00:00Z,0.736,17.9,-9999,Esperance,-35996.4,MURAT_202002_MRE,5,May,31.7,12.6,19.0
2020-05-09T10:00:00Z,0.599,17.9,-9999,Esperance,-35996.4,MURAT_202002_MRE,5,May,31.7,12.6,19.0
2020-05-09T11:00:00Z,0.527,17.9,-9999,Esperance,-35996.4,MURAT_202002_MRE,5,May,31.7,12.6,19.0
2020-05-09T12:00:00Z,0.531,17.9,-9999,Esperance,-35996.4,MURAT_202002_MRE,5,May,31.7,12.6,19.0
2020-05-09T13:00:00Z,0.525,17.9,-9999,Esperance,-35996.4,MURAT_202002_MRE,5,May,31.7,12.6,19.0
2020-05-09T14:00:00Z,0.571,17.8,-9999,Esperance,-35996.4,MURAT_202002_MRE,5,May,31.7,12.6,19.0
2020-05-09T15:00:00Z,0.592,17.8,-9999,Esperance,-35996.4,MURAT_202002_MRE,5,May,31.7,12.6,19.0
2020-05-09T16:00:00Z,0.553,17.8,-9999,Esperance,-35996.4,MURAT_202002_MRE,5,May,31.7,12.6,19.0
2020-05-09T17:00:00Z,0.584,17.8,-9999,Esperance,-35996.4,MURAT_202002_MRE,5,May,31.7,12.6,19.0
2020-05-09T18:00:00Z,0.609,17.8,-9999,Esperance,-35996.4,MURAT_202002_MRE,5,May,31.7,12.6,19.0
2020-05-09T19:00:00Z,0.576,17.8,-9999,Esperance,-35996.4,MURAT_202002_MRE,5,May,31.7,12.6,19.0
2020-05-09T20:00:00Z,0.57,17.7,-9999,Esperance,-35996.4,MURAT_202002_MRE,5,May,31.7,12.6,19.0
2020-05-09T21:00:00Z,0.641,17.7,-9999,Esperance,-35996.4,MURAT_202002_MRE,5,May,31.7,12.6,19.0
2020-05-09T22:00:00Z,0.685,17.7,-9999,Esperance,-35996.4,MURAT_202002_MRE,5,May,31.7,12.6,19.0
2020-05-09T23:00:00Z,0.764,17.6,-9999,Esperance,-35996.4,MURAT_202002_MRE,5,May,31.7,12.6,19.0
2020-05-10T00:00:00Z,0.956,17.6,-9999,Esperance,-35996.4,MURAT_202002_MRE,5,May,31.7,12.6,19.0
2020-05-10T01:00:00Z,1.116,17.6,-9999,Esperance,-35996.4,MURAT_202002_MRE,5,May,31.7,12.6,19.0
2020-05-10T02:00:00Z,1.185,17.7,-9999,Esperance,-35996.4,MURAT_202002_MRE,5,May,31.7,12.6,19.0
2020-05-10T03:00:00Z,1.265,17.7,-9999,Esperance,-35996.4,MURAT_202002_MRE,5,May,31.7,12.6,19.0
2020-05-10T04:00:00Z,1.315,17.8,-9999,Esperance,-35996.4,MURAT_202002_MRE,5,May,31.7,12.6,19.0
2020-05-10T05:00:00Z,1.254,17.8,-9999,Esperance,-35996.4,MURAT_202002_MRE,5,May,31.7,12.6,19.0
2020-05-10T06:00:00Z,1.174,17.8,-9999,Esperance,-35996.4,MURAT_202002_MRE,5,May,31.7,12.6,19.0
2020-05-10T07:00:00Z,1.098,17.8,-9999,Esperance,-35996.4,MURAT_202002_MRE,5,May,31.7,12.6,19.0
2020-05-10T08:00:00Z,0.96,17.8,-9999,Esperance,-35996.4,MURAT_202002_MRE,5,May,31.7,12.6,19.0
2020-05-10T09:00:00Z,0.821,17.8,-9999,Esperance,-35996.4,MURAT_202002_MRE,5,May,31.7,12.6,19.0
2020-05-10T10:00:00Z,0.747,17.8,-9999,Esperance,-35996.4,MURAT_202002_MRE,5,May,31.7,12.6,19.0
2020-05-10T11:00:00Z,0.666,17.8,-9999,Esperance,-35996.4,MURAT_202002_MRE,5,May,31.7,12.6,19.0
2020-05-10T12:00:00Z,0.6,17.8,-9999,Esperance,-35996.4,MURAT_202002_MRE,5,May,31.7,12.6,19.0
2020-05-10T13:00:00Z,0.629,17.8,-9999,Esperance,-35996.4,MURAT_202002_MRE,5,May,31.7,12.6,19.0
2020-05-10T14:00:00Z,0.629,17.7,-9999,Esperance,-35996.4,MURAT_202002_MRE,5,May,31.7,12.6,19.0
2020-05-10T15:00:00Z,0.582,17.7,-9999,Esperance,-35996.4,MURAT_202002_MRE,5,May,31.7,12.6,19.0
2020-05-10T16:00:00Z,0.574,17.7,-9999,Esperance,-35996.4,MURAT_202002_MRE,5,May,31.7,12.6,19.0
2020-05-10T17:00:00Z,0.595,17.7,-9999,Esperance,-35996.4,MURAT_202002_MRE,5,May,31.7,12.6,19.0
2020-05-10T18:00:00Z,0.564,17.7,-9999,Esperance,-35996.4,MURAT_202002_MRE,5,May,31.7,12.6,19.0
2020-05-10T19:00:00Z,0.583,17.7,-9999,Esperance,-35996.4,MURAT_202002_MRE,5,May,31.7,12.6,19.0
2020-05-10T20:00:00Z,0.612,17.6,-9999,Esperance,-35996.4,MURAT_202002_MRE,5,May,31.7,12.6,19.0
2020-05-10T21:00:00Z,0.647,17.6,-9999,Esperance,-35996.4,MURAT_202002_MRE,5,May,31.7,12.6,19.0
2020-05-10T22:00:00Z,0.723,17.6,-9999,Esperance,-35996.4,MURAT_202002_MRE,5,May,31.7,12.6,19.0
2020-05-10T23:00:00Z,0.831,17.6,-9999,Esperance,-35996.4,MURAT_202002_MRE,5,May,31.7,12.6,19.0
2020-05-11T00:00:00Z,0.945,17.6,-9999,Esperance,-35996.4,MURAT_202002_MRE,5,May,31.7,12.6,19.0
2020-05-11T01:00:00Z,1.097,17.7,-9999,Esperance,-35996.4,MURAT_202002_MRE,5,May,31.7,12.6,19.0
2020-05-11T02:00:00Z,1.222,17.8,-9999,Esperance,-35996.4,MURAT_202002_MRE,5,May,31.7,12.6,19.0
2020-05-11T03:00:00Z,1.31,17.8,-9999,Esperance,-35996.4,MURAT_202002_MRE,5,May,31.7,12.6,19.0
2020-05-11T04:00:00Z,1.354,17.8,-9999,Esperance,-35996.4,MURAT_202002_MRE,5,May,31.7,12.6,19.0
2020-05-11T05:00:00Z,1.333,17.8,-9999,Esperance,-35996.4,MURAT_202002_MRE,5,May,31.7,12.6,19.0
2020-05-11T06:00:00Z,1.258,17.9,-9999,Esperance,-35996.4,MURAT_202002_MRE,5,May,31.7,12.6,19.0
2020-05-11T07:00:00Z,1.183,18,-9999,Esperance,-35996.4,MURAT_202002_MRE,5,May,31.7,12.6,19.0
2020-05-11T08:00:00Z,1.098,18.2,-9999,Esperance,-35996.4,MURAT_202002_MRE,5,May,31.7,12.6,19.0
2020-05-11T09:00:00Z,0.952,18.3,-9999,Esperance,-35996.4,MURAT_202002_MRE,5,May,31.7,12.6,19.0
2020-05-11T10:00:00Z,0.863,18.3,-9999,Esperance,-35996.4,MURAT_202002_MRE,5,May,31.7,12.6,19.0
2020-05-11T11:00:00Z,0.82,18.3,-9999,Esperance,-35996.4,MURAT_202002_MRE,5,May,31.7,12.6,19.0
2020-05-11T12:00:00Z,0.723,18.3,-9999,Esperance,-35996.4,MURAT_202002_MRE,5,May,31.7,12.6,19.0
2020-05-11T13:00:00Z,0.722,18.3,-9999,Esperance,-35996.4,MURAT_202002_MRE,5,May,31.7,12.6,19.0
2020-05-11T14:00:00Z,0.756,18.3,-9999,Esperance,-35996.4,MURAT_202002_MRE,5,May,31.7,12.6,19.0
2020-05-11T15:00:00Z,0.654,18.2,-9999,Esperance,-35996.4,MURAT_202002_MRE,5,May,31.7,12.6,19.0
2020-05-11T16:00:00Z,0.628,18.2,-9999,Esperance,-35996.4,MURAT_202002_MRE,5,May,31.7,12.6,19.0
2020-05-11T17:00:00Z,0.632,18.2,-9999,Esperance,-35996.4,MURAT_202002_MRE,5,May,31.7,12.6,19.0
2020-05-11T18:00:00Z,0.544,18.2,-9999,Esperance,-35996.4,MURAT_202002_MRE,5,May,31.7,12.6,19.0
2020-05-11T19:00:00Z,0.51,18.2,-9999,Esperance,-35996.4,MURAT_202002_MRE,5,May,31.7,12.6,19.0
2020-05-11T20:00:00Z,0.553,18.2,-9999,Esperance,-35996.4,MURAT_202002_MRE,5,May,31.7,12.6,19.0
2020-05-11T21:00:00Z,0.602,18.1,-9999,Esperance,-35996.4,MURAT_202002_MRE,5,May,31.7,12.6,19.0
2020-05-11T22:00:00Z,0.638,18.1,-9999,Esperance,-35996.4,MURAT_202002_MRE,5,May,31.7,12.6,19.0
2020-05-11T23:00:00Z,0.754,18.1,-9999,Esperance,-35996.4,MURAT_202002_MRE,5,May,31.7,12.6,19.0
2020-05-12T00:00:00Z,0.896,18.1,-9999,Esperance,-35996.4,MURAT_202002_MRE,5,May,31.7,12.6,19.0
2020-05-12T01:00:00Z,0.99,18.2,-9999,Esperance,-35996.4,MURAT_202002_MRE,5,May,31.7,12.6,19.0
2020-05-12T02:00:00Z,1.097,18.2,-9999,Esperance,-35996.4,MURAT_202002_MRE,5,May,31.7,12.6,19.0
2020-05-12T03:00:00Z,1.192,18.3,-9999,Esperance,-35996.4,MURAT_202002_MRE,5,May,31.7,12.6,19.0
2020-05-12T04:00:00Z,1.192,18.3,-9999,Esperance,-35996.4,MURAT_202002_MRE,5,May,31.7,12.6,19.0
2020-05-12T05:00:00Z,1.183,18.3,-9999,Esperance,-35996.4,MURAT_202002_MRE,5,May,31.7,12.6,19.0
2020-05-12T06:00:00Z,1.129,18.4,-9999,Esperance,-35996.4,MURAT_202002_MRE,5,May,31.7,12.6,19.0
2020-05-12T07:00:00Z,1.067,18.5,-9999,Esperance,-35996.4,MURAT_202002_MRE,5,May,31.7,12.6,19.0
2020-05-12T08:00:00Z,0.991,18.5,-9999,Esperance,-35996.4,MURAT_202002_MRE,5,May,31.7,12.6,19.0
2020-05-12T09:00:00Z,0.893,18.4,-9999,Esperance,-35996.4,MURAT_202002_MRE,5,May,31.7,12.6,19.0
2020-05-12T10:00:00Z,0.817,18.4,-9999,Esperance,-35996.4,MURAT_202002_MRE,5,May,31.7,12.6,19.0
2020-05-12T11:00:00Z,0.77,18.4,-9999,Esperance,-35996.4,MURAT_202002_MRE,5,May,31.7,12.6,19.0
2020-05-12T12:00:00Z,0.695,18.4,-9999,Esperance,-35996.4,MURAT_202002_MRE,5,May,31.7,12.6,19.0
2020-05-12T13:00:00Z,0.657,18.4,-9999,Esperance,-35996.4,MURAT_202002_MRE,5,May,31.7,12.6,19.0
2020-05-12T14:00:00Z,0.677,18.4,-9999,Esperance,-35996.4,MURAT_202002_MRE,5,May,31.7,12.6,19.0
2020-05-12T15:00:00Z,0.615,18.3,-9999,Esperance,-35996.4,MURAT_202002_MRE,5,May,31.7,12.6,19.0
2020-05-12T16:00:00Z,0.534,18.3,-9999,Esperance,-35996.4,MURAT_202002_MRE,5,May,31.7,12.6,19.0
2020-05-12T17:00:00Z,0.531,18.3,-9999,Esperance,-35996.4,MURAT_202002_MRE,5,May,31.7,12.6,19.0
2020-05-12T18:00:00Z,0.464,18.3,-9999,Esperance,-35996.4,MURAT_202002_MRE,5,May,31.7,12.6,19.0
2020-05-12T19:00:00Z,0.385,18.2,-9999,Esperance,-35996.4,MURAT_202002_MRE,5,May,31.7,12.6,19.0
2020-05-12T20:00:00Z,0.438,18.2,-9999,Esperance,-35996.4,MURAT_202002_MRE,5,May,31.7,12.6,19.0
2020-05-12T21:00:00Z,0.491,18.2,-9999,Esperance,-35996.4,MURAT_202002_MRE,5,May,31.7,12.6,19.0
2020-05-12T22:00:00Z,0.528,18.2,-9999,Esperance,-35996.4,MURAT_202002_MRE,5,May,31.7,12.6,19.0
2020-05-12T23:00:00Z,0.622,18.1,-9999,Esperance,-35996.4,MURAT_202002_MRE,5,May,31.7,12.6,19.0
2020-05-13T00:00:00Z,0.759,18.1,-9999,Esperance,-35996.4,MURAT_202002_MRE,5,May,31.7,12.6,19.0
2020-05-13T01:00:00Z,0.831,18.1,-9999,Esperance,-35996.4,MURAT_202002_MRE,5,May,31.7,12.6,19.0
2020-05-13T02:00:00Z,0.947,18.1,-9999,Esperance,-35996.4,MURAT_202002_MRE,5,May,31.7,12.6,19.0
2020-05-13T03:00:00Z,1.069,18.2,-9999,Esperance,-35996.4,MURAT_202002_MRE,5,May,31.7,12.6,19.0
2020-05-13T04:00:00Z,1.084,18.2,-9999,Esperance,-35996.4,MURAT_202002_MRE,5,May,31.7,12.6,19.0
2020-05-13T05:00:00Z,1.089,18.2,-9999,Esperance,-35996.4,MURAT_202002_MRE,5,May,31.7,12.6,19.0
2020-05-13T06:00:00Z,1.112,18.2,-9999,Esperance,-35996.4,MURAT_202002_MRE,5,May,31.7,12.6,19.0
2020-05-13T07:00:00Z,1.024,18.4,-9999,Esperance,-35996.4,MURAT_202002_MRE,5,May,31.7,12.6,19.0
2020-05-13T08:00:00Z,0.982,18.4,-9999,Esperance,-35996.4,MURAT_202002_MRE,5,May,31.7,12.6,19.0
2020-05-13T09:00:00Z,0.911,18.4,-9999,Esperance,-35996.4,MURAT_202002_MRE,5,May,31.7,12.6,19.0
2020-05-13T10:00:00Z,0.865,18.4,-9999,Esperance,-35996.4,MURAT_202002_MRE,5,May,31.7,12.6,19.0
2020-05-13T11:00:00Z,0.794,18.3,-9999,Esperance,-35996.4,MURAT_202002_MRE,5,May,31.7,12.6,19.0
2020-05-13T12:00:00Z,0.777,18.3,-9999,Esperance,-35996.4,MURAT_202002_MRE,5,May,31.7,12.6,19.0
2020-05-13T13:00:00Z,0.763,18.3,-9999,Esperance,-35996.4,MURAT_202002_MRE,5,May,31.7,12.6,19.0
2020-05-13T14:00:00Z,0.716,18.3,-9999,Esperance,-35996.4,MURAT_202002_MRE,5,May,31.7,12.6,19.0
2020-05-13T15:00:00Z,0.664,18.3,-9999,Esperance,-35996.4,MURAT_202002_MRE,5,May,31.7,12.6,19.0
2020-05-13T16:00:00Z,0.633,18.2,-9999,Esperance,-35996.4,MURAT_202002_MRE,5,May,31.7,12.6,19.0
2020-05-13T17:00:00Z,0.577,18.2,-9999,Esperance,-35996.4,MURAT_202002_MRE,5,May,31.7,12.6,19.0
2020-05-13T18:00:00Z,0.525,18.2,-9999,Esperance,-35996.4,MURAT_202002_MRE,5,May,31.7,12.6,19.0
2020-05-13T19:00:00Z,0.528,18.1,-9999,Esperance,-35996.4,MURAT_202002_MRE,5,May,31.7,12.6,19.0
2020-05-13T20:00:00Z,0.524,18.1,-9999,Esperance,-35996.4,MURAT_202002_MRE,5,May,31.7,12.6,19.0
2020-05-13T21:00:00Z,0.549,18.1,-9999,Esperance,-35996.4,MURAT_202002_MRE,5,May,31.7,12.6,19.0
2020-05-13T22:00:00Z,0.677,18.1,-9999,Esperance,-35996.4,MURAT_202002_MRE,5,May,31.7,12.6,19.0
2020-05-13T23:00:00Z,0.743,18.1,-9999,Esperance,-35996.4,MURAT_202002_MRE,5,May,31.7,12.6,19.0
2020-05-14T00:00:00Z,0.833,18.1,-9999,Esperance,-35996.4,MURAT_202002_MRE,5,May,31.7,12.6,19.0
2020-05-14T01:00:00Z,0.972,18.1,-9999,Esperance,-35996.4,MURAT_202002_MRE,5,May,31.7,12.6,19.0
2020-05-14T02:00:00Z,1.007,18.1,-9999,Esperance,-35996.4,MURAT_202002_MRE,5,May,31.7,12.6,19.0
2020-05-14T03:00:00Z,1.078,18.1,-9999,Esperance,-35996.4,MURAT_202002_MRE,5,May,31.7,12.6,19.0
2020-05-14T04:00:00Z,1.146,18.1,-9999,Esperance,-35996.4,MURAT_202002_MRE,5,May,31.7,12.6,19.0
2020-05-14T05:00:00Z,1.147,18.1,-9999,Esperance,-35996.4,MURAT_202002_MRE,5,May,31.7,12.6,19.0
2020-05-14T06:00:00Z,1.152,18.1,-9999,Esperance,-35996.4,MURAT_202002_MRE,5,May,31.7,12.6,19.0
2020-05-14T07:00:00Z,1.137,18.1,-9999,Esperance,-35996.4,MURAT_202002_MRE,5,May,31.7,12.6,19.0
2020-05-14T08:00:00Z,1.093,18.1,-9999,Esperance,-35996.4,MURAT_202002_MRE,5,May,31.7,12.6,19.0
2020-05-14T09:00:00Z,1.038,18.1,-9999,Esperance,-35996.4,MURAT_202002_MRE,5,May,31.7,12.6,19.0
2020-05-14T10:00:00Z,1.029,18.2,-9999,Esperance,-35996.4,MURAT_202002_MRE,5,May,31.7,12.6,19.0
2020-05-14T11:00:00Z,1.007,18.1,-9999,Esperance,-35996.4,MURAT_202002_MRE,5,May,31.7,12.6,19.0
2020-05-14T12:00:00Z,0.939,18.1,-9999,Esperance,-35996.4,MURAT_202002_MRE,5,May,31.7,12.6,19.0
2020-05-14T13:00:00Z,0.962,18.1,-9999,Esperance,-35996.4,MURAT_202002_MRE,5,May,31.7,12.6,19.0
2020-05-14T14:00:00Z,0.914,18.1,-9999,Esperance,-35996.4,MURAT_202002_MRE,5,May,31.7,12.6,19.0
2020-05-14T15:00:00Z,0.872,18.1,-9999,Esperance,-35996.4,MURAT_202002_MRE,5,May,31.7,12.6,19.0
2020-05-14T16:00:00Z,0.828,18.1,-9999,Esperance,-35996.4,MURAT_202002_MRE,5,May,31.7,12.6,19.0
2020-05-14T17:00:00Z,0.754,18,-9999,Esperance,-35996.4,MURAT_202002_MRE,5,May,31.7,12.6,19.0
2020-05-14T18:00:00Z,0.716,18,-9999,Esperance,-35996.4,MURAT_202002_MRE,5,May,31.7,12.6,19.0
2020-05-14T19:00:00Z,0.676,18,-9999,Esperance,-35996.4,MURAT_202002_MRE,5,May,31.7,12.6,19.0
2020-05-14T20:00:00Z,0.659,18,-9999,Esperance,-35996.4,MURAT_202002_MRE,5,May,31.7,12.6,19.0
2020-05-14T21:00:00Z,0.712,17.9,-9999,Esperance,-35996.4,MURAT_202002_MRE,5,May,31.7,12.6,19.0
2020-05-14T22:00:00Z,0.737,17.9,-9999,Esperance,-35996.4,MURAT_202002_MRE,5,May,31.7,12.6,19.0
2020-05-14T23:00:00Z,0.837,17.9,-9999,Esperance,-35996.4,MURAT_202002_MRE,5,May,31.7,12.6,19.0
2020-05-15T00:00:00Z,0.918,17.9,-9999,Esperance,-35996.4,MURAT_202002_MRE,5,May,31.7,12.6,19.0
2020-05-15T01:00:00Z,0.982,17.9,-9999,Esperance,-35996.4,MURAT_202002_MRE,5,May,31.7,12.6,19.0
2020-05-15T02:00:00Z,1.047,17.9,-9999,Esperance,-35996.4,MURAT_202002_MRE,5,May,31.7,12.6,19.0
2020-05-15T03:00:00Z,1.091,18,-9999,Esperance,-35996.4,MURAT_202002_MRE,5,May,31.7,12.6,19.0
2020-05-15T04:00:00Z,1.112,18,-9999,Esperance,-35996.4,MURAT_202002_MRE,5,May,31.7,12.6,19.0
2020-05-15T05:00:00Z,1.102,18.1,-9999,Esperance,-35996.4,MURAT_202002_MRE,5,May,31.7,12.6,19.0
2020-05-15T06:00:00Z,1.118,18.1,-9999,Esperance,-35996.4,MURAT_202002_MRE,5,May,31.7,12.6,19.0
2020-05-15T07:00:00Z,1.098,18.1,-9999,Esperance,-35996.4,MURAT_202002_MRE,5,May,31.7,12.6,19.0
2020-05-15T08:00:00Z,1.086,18.1,-9999,Esperance,-35996.4,MURAT_202002_MRE,5,May,31.7,12.6,19.0
2020-05-15T09:00:00Z,1.069,18.1,-9999,Esperance,-35996.4,MURAT_202002_MRE,5,May,31.7,12.6,19.0
2020-05-15T10:00:00Z,1.026,18.1,-9999,Esperance,-35996.4,MURAT_202002_MRE,5,May,31.7,12.6,19.0
2020-05-15T11:00:00Z,1.046,18.1,-9999,Esperance,-35996.4,MURAT_202002_MRE,5,May,31.7,12.6,19.0
2020-05-15T12:00:00Z,1.02,18.2,-9999,Esperance,-35996.4,MURAT_202002_MRE,5,May,31.7,12.6,19.0
2020-05-15T13:00:00Z,0.973,18.1,-9999,Esperance,-35996.4,MURAT_202002_MRE,5,May,31.7,12.6,19.0
2020-05-15T14:00:00Z,0.969,18.1,-9999,Esperance,-35996.4,MURAT_202002_MRE,5,May,31.7,12.6,19.0
2020-05-15T15:00:00Z,0.906,18.1,-9999,Esperance,-35996.4,MURAT_202002_MRE,5,May,31.7,12.6,19.0
2020-05-15T16:00:00Z,0.832,18.1,-9999,Esperance,-35996.4,MURAT_202002_MRE,5,May,31.7,12.6,19.0
2020-05-15T17:00:00Z,0.805,18.2,-9999,Esperance,-35996.4,MURAT_202002_MRE,5,May,31.7,12.6,19.0
2020-05-15T18:00:00Z,0.777,18.2,-9999,Esperance,-35996.4,MURAT_202002_MRE,5,May,31.7,12.6,19.0
2020-05-15T19:00:00Z,0.721,18.1,-9999,Esperance,-35996.4,MURAT_202002_MRE,5,May,31.7,12.6,19.0
2020-05-15T20:00:00Z,0.716,18.1,-9999,Esperance,-35996.4,MURAT_202002_MRE,5,May,31.7,12.6,19.0
2020-05-15T21:00:00Z,0.769,18.1,-9999,Esperance,-35996.4,MURAT_202002_MRE,5,May,31.7,12.6,19.0
2020-05-15T22:00:00Z,0.798,18.1,-9999,Esperance,-35996.4,MURAT_202002_MRE,5,May,31.7,12.6,19.0
2020-05-15T23:00:00Z,0.878,18.1,-9999,Esperance,-35996.4,MURAT_202002_MRE,5,May,31.7,12.6,19.0
2020-05-16T00:00:00Z,0.945,18.1,-9999,Esperance,-35996.4,MURAT_202002_MRE,5,May,31.7,12.6,19.0
2020-05-16T01:00:00Z,0.966,18.1,-9999,Esperance,-35996.4,MURAT_202002_MRE,5,May,31.7,12.6,19.0
2020-05-16T02:00:00Z,0.997,18.1,-9999,Esperance,-35996.4,MURAT_202002_MRE,5,May,31.7,12.6,19.0
2020-05-16T03:00:00Z,1.029,18,-9999,Esperance,-35996.4,MURAT_202002_MRE,5,May,31.7,12.6,19.0
2020-05-16T04:00:00Z,1,18.1,-9999,Esperance,-35996.4,MURAT_202002_MRE,5,May,31.7,12.6,19.0
2020-05-16T05:00:00Z,0.967,18.1,-9999,Esperance,-35996.4,MURAT_202002_MRE,5,May,31.7,12.6,19.0
2020-05-16T06:00:00Z,0.965,18.1,-9999,Esperance,-35996.4,MURAT_202002_MRE,5,May,31.7,12.6,19.0
2020-05-16T07:00:00Z,0.96,18.1,-9999,Esperance,-35996.4,MURAT_202002_MRE,5,May,31.7,12.6,19.0
2020-05-16T08:00:00Z,0.935,18.1,-9999,Esperance,-35996.4,MURAT_202002_MRE,5,May,31.7,12.6,19.0
2020-05-16T09:00:00Z,0.936,18.1,-9999,Esperance,-35996.4,MURAT_202002_MRE,5,May,31.7,12.6,19.0
2020-05-16T10:00:00Z,0.933,18.1,-9999,Esperance,-35996.4,MURAT_202002_MRE,5,May,31.7,12.6,19.0
2020-05-16T11:00:00Z,0.941,18.1,-9999,Esperance,-35996.4,MURAT_202002_MRE,5,May,31.7,12.6,19.0
2020-05-16T12:00:00Z,0.953,18.1,-9999,Esperance,-35996.4,MURAT_202002_MRE,5,May,31.7,12.6,19.0
2020-05-16T13:00:00Z,0.932,18.1,-9999,Esperance,-35996.4,MURAT_202002_MRE,5,May,31.7,12.6,19.0
2020-05-16T14:00:00Z,0.896,18,-9999,Esperance,-35996.4,MURAT_202002_MRE,5,May,31.7,12.6,19.0
2020-05-16T15:00:00Z,0.87,18,-9999,Esperance,-35996.4,MURAT_202002_MRE,5,May,31.7,12.6,19.0
2020-05-16T16:00:00Z,0.771,18,-9999,Esperance,-35996.4,MURAT_202002_MRE,5,May,31.7,12.6,19.0
2020-05-16T17:00:00Z,0.711,18,-9999,Esperance,-35996.4,MURAT_202002_MRE,5,May,31.7,12.6,19.0
2020-05-16T18:00:00Z,0.689,17.9,-9999,Esperance,-35996.4,MURAT_202002_MRE,5,May,31.7,12.6,19.0
2020-05-16T19:00:00Z,0.632,17.9,-9999,Esperance,-35996.4,MURAT_202002_MRE,5,May,31.7,12.6,19.0
2020-05-16T20:00:00Z,0.664,17.9,-9999,Esperance,-35996.4,MURAT_202002_MRE,5,May,31.7,12.6,19.0
2020-05-16T21:00:00Z,0.73,17.9,-9999,Esperance,-35996.4,MURAT_202002_MRE,5,May,31.7,12.6,19.0
2020-05-16T22:00:00Z,0.788,17.9,-9999,Esperance,-35996.4,MURAT_202002_MRE,5,May,31.7,12.6,19.0
2020-05-16T23:00:00Z,0.852,17.9,-9999,Esperance,-35996.4,MURAT_202002_MRE,5,May,31.7,12.6,19.0
2020-05-17T00:00:00Z,0.933,17.9,-9999,Esperance,-35996.4,MURAT_202002_MRE,5,May,31.7,12.6,19.0
2020-05-17T01:00:00Z,0.964,17.9,-9999,Esperance,-35996.4,MURAT_202002_MRE,5,May,31.7,12.6,19.0
2020-05-17T02:00:00Z,0.95,17.9,-9999,Esperance,-35996.4,MURAT_202002_MRE,5,May,31.7,12.6,19.0
2020-05-17T03:00:00Z,0.948,18,-9999,Esperance,-35996.4,MURAT_202002_MRE,5,May,31.7,12.6,19.0
2020-05-17T04:00:00Z,0.913,18,-9999,Esperance,-35996.4,MURAT_202002_MRE,5,May,31.7,12.6,19.0
2020-05-17T05:00:00Z,0.853,18.1,-9999,Esperance,-35996.4,MURAT_202002_MRE,5,May,31.7,12.6,19.0
2020-05-17T06:00:00Z,0.848,18.1,-9999,Esperance,-35996.4,MURAT_202002_MRE,5,May,31.7,12.6,19.0
2020-05-17T07:00:00Z,0.842,18.1,-9999,Esperance,-35996.4,MURAT_202002_MRE,5,May,31.7,12.6,19.0
2020-05-17T08:00:00Z,0.842,18.1,-9999,Esperance,-35996.4,MURAT_202002_MRE,5,May,31.7,12.6,19.0
2020-05-17T09:00:00Z,0.865,18.2,-9999,Esperance,-35996.4,MURAT_202002_MRE,5,May,31.7,12.6,19.0
2020-05-17T10:00:00Z,0.894,18.2,-9999,Esperance,-35996.4,MURAT_202002_MRE,5,May,31.7,12.6,19.0
2020-05-17T11:00:00Z,0.938,18.2,-9999,Esperance,-35996.4,MURAT_202002_MRE,5,May,31.7,12.6,19.0
2020-05-17T12:00:00Z,0.936,18.2,-9999,Esperance,-35996.4,MURAT_202002_MRE,5,May,31.7,12.6,19.0
2020-05-17T13:00:00Z,0.964,18.2,-9999,Esperance,-35996.4,MURAT_202002_MRE,5,May,31.7,12.6,19.0
2020-05-17T14:00:00Z,0.963,18.1,-9999,Esperance,-35996.4,MURAT_202002_MRE,5,May,31.7,12.6,19.0
2020-05-17T15:00:00Z,0.873,18.1,-9999,Esperance,-35996.4,MURAT_202002_MRE,5,May,31.7,12.6,19.0
2020-05-17T16:00:00Z,0.828,18.1,-9999,Esperance,-35996.4,MURAT_202002_MRE,5,May,31.7,12.6,19.0
2020-05-17T17:00:00Z,0.78,18.1,-9999,Esperance,-35996.4,MURAT_202002_MRE,5,May,31.7,12.6,19.0
2020-05-17T18:00:00Z,0.694,18.1,-9999,Esperance,-35996.4,MURAT_202002_MRE,5,May,31.7,12.6,19.0
2020-05-17T19:00:00Z,0.702,18.1,-9999,Esperance,-35996.4,MURAT_202002_MRE,5,May,31.7,12.6,19.0
2020-05-17T20:00:00Z,0.711,18.1,-9999,Esperance,-35996.4,MURAT_202002_MRE,5,May,31.7,12.6,19.0
2020-05-17T21:00:00Z,0.774,18.1,-9999,Esperance,-35996.4,MURAT_202002_MRE,5,May,31.7,12.6,19.0
2020-05-17T22:00:00Z,0.917,18.1,-9999,Esperance,-35996.4,MURAT_202002_MRE,5,May,31.7,12.6,19.0
2020-05-17T23:00:00Z,1.008,18.1,-9999,Esperance,-35996.4,MURAT_202002_MRE,5,May,31.7,12.6,19.0
2020-05-18T00:00:00Z,1.077,18.1,-9999,Esperance,-35996.4,MURAT_202002_MRE,5,May,31.7,12.6,19.0
2020-05-18T01:00:00Z,1.15,18.1,-9999,Esperance,-35996.4,MURAT_202002_MRE,5,May,31.7,12.6,19.0
2020-05-18T02:00:00Z,1.136,18.1,-9999,Esperance,-35996.4,MURAT_202002_MRE,5,May,31.7,12.6,19.0
2020-05-18T03:00:00Z,1.094,18.1,-9999,Esperance,-35996.4,MURAT_202002_MRE,5,May,31.7,12.6,19.0
2020-05-18T04:00:00Z,1.032,18.1,-9999,Esperance,-35996.4,MURAT_202002_MRE,5,May,31.7,12.6,19.0
2020-05-18T05:00:00Z,1.004,18.1,-9999,Esperance,-35996.4,MURAT_202002_MRE,5,May,31.7,12.6,19.0
2020-05-18T06:00:00Z,0.941,18.1,-9999,Esperance,-35996.4,MURAT_202002_MRE,5,May,31.7,12.6,19.0
2020-05-18T07:00:00Z,0.911,18.1,-9999,Esperance,-35996.4,MURAT_202002_MRE,5,May,31.7,12.6,19.0
2020-05-18T08:00:00Z,0.938,18.1,-9999,Esperance,-35996.4,MURAT_202002_MRE,5,May,31.7,12.6,19.0
2020-05-18T09:00:00Z,0.942,18.1,-9999,Esperance,-35996.4,MURAT_202002_MRE,5,May,31.7,12.6,19.0
2020-05-18T10:00:00Z,1.004,18.1,-9999,Esperance,-35996.4,MURAT_202002_MRE,5,May,31.7,12.6,19.0
2020-05-18T11:00:00Z,1.049,18.1,-9999,Esperance,-35996.4,MURAT_202002_MRE,5,May,31.7,12.6,19.0
2020-05-18T12:00:00Z,1.073,18.1,-9999,Esperance,-35996.4,MURAT_202002_MRE,5,May,31.7,12.6,19.0
2020-05-18T13:00:00Z,1.098,18.1,-9999,Esperance,-35996.4,MURAT_202002_MRE,5,May,31.7,12.6,19.0
2020-05-18T14:00:00Z,1.075,18.1,-9999,Esperance,-35996.4,MURAT_202002_MRE,5,May,31.7,12.6,19.0
2020-05-18T15:00:00Z,1.013,18,-9999,Esperance,-35996.4,MURAT_202002_MRE,5,May,31.7,12.6,19.0
2020-05-18T16:00:00Z,0.925,18,-9999,Esperance,-35996.4,MURAT_202002_MRE,5,May,31.7,12.6,19.0
2020-05-18T17:00:00Z,0.836,18,-9999,Esperance,-35996.4,MURAT_202002_MRE,5,May,31.7,12.6,19.0
2020-05-18T18:00:00Z,0.763,18,-9999,Esperance,-35996.4,MURAT_202002_MRE,5,May,31.7,12.6,19.0
2020-05-18T19:00:00Z,0.704,18,-9999,Esperance,-35996.4,MURAT_202002_MRE,5,May,31.7,12.6,19.0
2020-05-18T20:00:00Z,0.731,18,-9999,Esperance,-35996.4,MURAT_202002_MRE,5,May,31.7,12.6,19.0
2020-05-18T21:00:00Z,0.813,18,-9999,Esperance,-35996.4,MURAT_202002_MRE,5,May,31.7,12.6,19.0
2020-05-18T22:00:00Z,0.894,18,-9999,Esperance,-35996.4,MURAT_202002_MRE,5,May,31.7,12.6,19.0
2020-05-18T23:00:00Z,1.03,17.9,-9999,Esperance,-35996.4,MURAT_202002_MRE,5,May,31.7,12.6,19.0
2020-05-19T00:00:00Z,1.105,17.9,-9999,Esperance,-35996.4,MURAT_202002_MRE,5,May,31.7,12.6,19.0
2020-05-19T01:00:00Z,1.144,17.9,-9999,Esperance,-35996.4,MURAT_202002_MRE,5,May,31.7,12.6,19.0
2020-05-19T02:00:00Z,1.163,17.9,-9999,Esperance,-35996.4,MURAT_202002_MRE,5,May,31.7,12.6,19.0
2020-05-19T03:00:00Z,1.097,18,-9999,Esperance,-35996.4,MURAT_202002_MRE,5,May,31.7,12.6,19.0
2020-05-19T04:00:00Z,0.993,18,-9999,Esperance,-35996.4,MURAT_202002_MRE,5,May,31.7,12.6,19.0
2020-05-19T05:00:00Z,0.89,18,-9999,Esperance,-35996.4,MURAT_202002_MRE,5,May,31.7,12.6,19.0
2020-05-19T06:00:00Z,0.775,18,-9999,Esperance,-35996.4,MURAT_202002_MRE,5,May,31.7,12.6,19.0
2020-05-19T07:00:00Z,0.688,18,-9999,Esperance,-35996.4,MURAT_202002_MRE,5,May,31.7,12.6,19.0
2020-05-19T08:00:00Z,0.672,18,-9999,Esperance,-35996.4,MURAT_202002_MRE,5,May,31.7,12.6,19.0
2020-05-19T09:00:00Z,0.689,18,-9999,Esperance,-35996.4,MURAT_202002_MRE,5,May,31.7,12.6,19.0
2020-05-19T10:00:00Z,0.725,17.9,-9999,Esperance,-35996.4,MURAT_202002_MRE,5,May,31.7,12.6,19.0
2020-05-19T11:00:00Z,0.808,17.9,-9999,Esperance,-35996.4,MURAT_202002_MRE,5,May,31.7,12.6,19.0
2020-05-19T12:00:00Z,0.881,17.9,-9999,Esperance,-35996.4,MURAT_202002_MRE,5,May,31.7,12.6,19.0
2020-05-19T13:00:00Z,0.901,17.9,-9999,Esperance,-35996.4,MURAT_202002_MRE,5,May,31.7,12.6,19.0
2020-05-19T14:00:00Z,0.911,17.9,-9999,Esperance,-35996.4,MURAT_202002_MRE,5,May,31.7,12.6,19.0
2020-05-19T15:00:00Z,0.859,17.9,-9999,Esperance,-35996.4,MURAT_202002_MRE,5,May,31.7,12.6,19.0
2020-05-19T16:00:00Z,0.795,17.9,-9999,Esperance,-35996.4,MURAT_202002_MRE,5,May,31.7,12.6,19.0
2020-05-19T17:00:00Z,0.724,17.8,-9999,Esperance,-35996.4,MURAT_202002_MRE,5,May,31.7,12.6,19.0
2020-05-19T18:00:00Z,0.645,17.8,-9999,Esperance,-35996.4,MURAT_202002_MRE,5,May,31.7,12.6,19.0
2020-05-19T19:00:00Z,0.599,17.8,-9999,Esperance,-35996.4,MURAT_202002_MRE,5,May,31.7,12.6,19.0
2020-05-19T20:00:00Z,0.634,17.8,-9999,Esperance,-35996.4,MURAT_202002_MRE,5,May,31.7,12.6,19.0
2020-05-19T21:00:00Z,0.714,17.8,-9999,Esperance,-35996.4,MURAT_202002_MRE,5,May,31.7,12.6,19.0
2020-05-19T22:00:00Z,0.816,17.8,-9999,Esperance,-35996.4,MURAT_202002_MRE,5,May,31.7,12.6,19.0
2020-05-19T23:00:00Z,0.978,17.8,-9999,Esperance,-35996.4,MURAT_202002_MRE,5,May,31.7,12.6,19.0
2020-05-20T00:00:00Z,1.116,17.8,-9999,Esperance,-35996.4,MURAT_202002_MRE,5,May,31.7,12.6,19.0
2020-05-20T01:00:00Z,1.153,17.8,-9999,Esperance,-35996.4,MURAT_202002_MRE,5,May,31.7,12.6,19.0
2020-05-20T02:00:00Z,1.205,17.8,-9999,Esperance,-35996.4,MURAT_202002_MRE,5,May,31.7,12.6,19.0
2020-05-20T03:00:00Z,1.156,17.8,-9999,Esperance,-35996.4,MURAT_202002_MRE,5,May,31.7,12.6,19.0
2020-05-20T04:00:00Z,1.037,17.8,-9999,Esperance,-35996.4,MURAT_202002_MRE,5,May,31.7,12.6,19.0
2020-05-20T05:00:00Z,0.918,17.8,-9999,Esperance,-35996.4,MURAT_202002_MRE,5,May,31.7,12.6,19.0
2020-05-20T06:00:00Z,0.781,17.8,-9999,Esperance,-35996.4,MURAT_202002_MRE,5,May,31.7,12.6,19.0
2020-05-20T07:00:00Z,0.657,17.9,-9999,Esperance,-35996.4,MURAT_202002_MRE,5,May,31.7,12.6,19.0
2020-05-20T08:00:00Z,0.62,17.9,-9999,Esperance,-35996.4,MURAT_202002_MRE,5,May,31.7,12.6,19.0
2020-05-20T09:00:00Z,0.58,17.9,-9999,Esperance,-35996.4,MURAT_202002_MRE,5,May,31.7,12.6,19.0
2020-05-20T10:00:00Z,0.658,17.8,-9999,Esperance,-35996.4,MURAT_202002_MRE,5,May,31.7,12.6,19.0
2020-05-20T11:00:00Z,0.743,17.8,-9999,Esperance,-35996.4,MURAT_202002_MRE,5,May,31.7,12.6,19.0
2020-05-20T12:00:00Z,0.809,17.8,-9999,Esperance,-35996.4,MURAT_202002_MRE,5,May,31.7,12.6,19.0
2020-05-20T13:00:00Z,0.89,17.8,-9999,Esperance,-35996.4,MURAT_202002_MRE,5,May,31.7,12.6,19.0
2020-05-20T14:00:00Z,0.907,17.8,-9999,Esperance,-35996.4,MURAT_202002_MRE,5,May,31.7,12.6,19.0
2020-05-20T15:00:00Z,0.86,17.8,-9999,Esperance,-35996.4,MURAT_202002_MRE,5,May,31.7,12.6,19.0
2020-05-20T16:00:00Z,0.819,17.8,-9999,Esperance,-35996.4,MURAT_202002_MRE,5,May,31.7,12.6,19.0
2020-05-20T17:00:00Z,0.719,17.8,-9999,Esperance,-35996.4,MURAT_202002_MRE,5,May,31.7,12.6,19.0
2020-05-20T18:00:00Z,0.644,17.8,-9999,Esperance,-35996.4,MURAT_202002_MRE,5,May,31.7,12.6,19.0
2020-05-20T19:00:00Z,0.599,17.8,-9999,Esperance,-35996.4,MURAT_202002_MRE,5,May,31.7,12.6,19.0
2020-05-20T20:00:00Z,0.596,17.8,-9999,Esperance,-35996.4,MURAT_202002_MRE,5,May,31.7,12.6,19.0
2020-05-20T21:00:00Z,0.663,17.8,-9999,Esperance,-35996.4,MURAT_202002_MRE,5,May,31.7,12.6,19.0
2020-05-20T22:00:00Z,0.821,17.9,-9999,Esperance,-35996.4,MURAT_202002_MRE,5,May,31.7,12.6,19.0
2020-05-20T23:00:00Z,0.945,17.9,-9999,Esperance,-35996.4,MURAT_202002_MRE,5,May,31.7,12.6,19.0
2020-05-21T00:00:00Z,1.094,17.9,-9999,Esperance,-35996.4,MURAT_202002_MRE,5,May,31.7,12.6,19.0
2020-05-21T01:00:00Z,1.198,18,-9999,Esperance,-35996.4,MURAT_202002_MRE,5,May,31.7,12.6,19.0
2020-05-21T02:00:00Z,1.219,18,-9999,Esperance,-35996.4,MURAT_202002_MRE,5,May,31.7,12.6,19.0
2020-05-21T03:00:00Z,1.205,18,-9999,Esperance,-35996.4,MURAT_202002_MRE,5,May,31.7,12.6,19.0
2020-05-21T04:00:00Z,1.121,18.1,-9999,Esperance,-35996.4,MURAT_202002_MRE,5,May,31.7,12.6,19.0
2020-05-21T05:00:00Z,0.948,18.1,-9999,Esperance,-35996.4,MURAT_202002_MRE,5,May,31.7,12.6,19.0
2020-05-21T06:00:00Z,0.825,18.1,-9999,Esperance,-35996.4,MURAT_202002_MRE,5,May,31.7,12.6,19.0
2020-05-21T07:00:00Z,0.651,18.1,-9999,Esperance,-35996.4,MURAT_202002_MRE,5,May,31.7,12.6,19.0
2020-05-21T08:00:00Z,0.547,18.1,-9999,Esperance,-35996.4,MURAT_202002_MRE,5,May,31.7,12.6,19.0
2020-05-21T09:00:00Z,0.534,18.1,-9999,Esperance,-35996.4,MURAT_202002_MRE,5,May,31.7,12.6,19.0
2020-05-21T10:00:00Z,0.552,18.1,-9999,Esperance,-35996.4,MURAT_202002_MRE,5,May,31.7,12.6,19.0
2020-05-21T11:00:00Z,0.609,18.1,-9999,Esperance,-35996.4,MURAT_202002_MRE,5,May,31.7,12.6,19.0
2020-05-21T12:00:00Z,0.712,18.1,-9999,Esperance,-35996.4,MURAT_202002_MRE,5,May,31.7,12.6,19.0
2020-05-21T13:00:00Z,0.792,18.1,-9999,Esperance,-35996.4,MURAT_202002_MRE,5,May,31.7,12.6,19.0
2020-05-21T14:00:00Z,0.817,18.1,-9999,Esperance,-35996.4,MURAT_202002_MRE,5,May,31.7,12.6,19.0
2020-05-21T15:00:00Z,0.8,18.1,-9999,Esperance,-35996.4,MURAT_202002_MRE,5,May,31.7,12.6,19.0
2020-05-21T16:00:00Z,0.756,18,-9999,Esperance,-35996.4,MURAT_202002_MRE,5,May,31.7,12.6,19.0
2020-05-21T17:00:00Z,0.685,18,-9999,Esperance,-35996.4,MURAT_202002_MRE,5,May,31.7,12.6,19.0
2020-05-21T18:00:00Z,0.609,18,-9999,Esperance,-35996.4,MURAT_202002_MRE,5,May,31.7,12.6,19.0
2020-05-21T19:00:00Z,0.538,18,-9999,Esperance,-35996.4,MURAT_202002_MRE,5,May,31.7,12.6,19.0
2020-05-21T20:00:00Z,0.554,18,-9999,Esperance,-35996.4,MURAT_202002_MRE,5,May,31.7,12.6,19.0
2020-05-21T21:00:00Z,0.606,17.9,-9999,Esperance,-35996.4,MURAT_202002_MRE,5,May,31.7,12.6,19.0
2020-05-21T22:00:00Z,0.726,17.9,-9999,Esperance,-35996.4,MURAT_202002_MRE,5,May,31.7,12.6,19.0
2020-05-21T23:00:00Z,0.897,17.9,-9999,Esperance,-35996.4,MURAT_202002_MRE,5,May,31.7,12.6,19.0
2020-05-22T00:00:00Z,1.05,17.9,-9999,Esperance,-35996.4,MURAT_202002_MRE,5,May,31.7,12.6,19.0
2020-05-22T01:00:00Z,1.177,17.8,-9999,Esperance,-35996.4,MURAT_202002_MRE,5,May,31.7,12.6,19.0
2020-05-22T02:00:00Z,1.253,17.8,-9999,Esperance,-35996.4,MURAT_202002_MRE,5,May,31.7,12.6,19.0
2020-05-22T03:00:00Z,1.254,17.9,-9999,Esperance,-35996.4,MURAT_202002_MRE,5,May,31.7,12.6,19.0
2020-05-22T04:00:00Z,1.177,17.9,-9999,Esperance,-35996.4,MURAT_202002_MRE,5,May,31.7,12.6,19.0
2020-05-22T05:00:00Z,1.03,17.9,-9999,Esperance,-35996.4,MURAT_202002_MRE,5,May,31.7,12.6,19.0
2020-05-22T06:00:00Z,0.866,18.1,-9999,Esperance,-35996.4,MURAT_202002_MRE,5,May,31.7,12.6,19.0
2020-05-22T07:00:00Z,0.709,18.1,-9999,Esperance,-35996.4,MURAT_202002_MRE,5,May,31.7,12.6,19.0
2020-05-22T08:00:00Z,0.567,18.2,-9999,Esperance,-35996.4,MURAT_202002_MRE,5,May,31.7,12.6,19.0
2020-05-22T09:00:00Z,0.489,18.2,-9999,Esperance,-35996.4,MURAT_202002_MRE,5,May,31.7,12.6,19.0
2020-05-22T10:00:00Z,0.474,18.2,-9999,Esperance,-35996.4,MURAT_202002_MRE,5,May,31.7,12.6,19.0
2020-05-22T11:00:00Z,0.523,18.1,-9999,Esperance,-35996.4,MURAT_202002_MRE,5,May,31.7,12.6,19.0
2020-05-22T12:00:00Z,0.607,18.1,-9999,Esperance,-35996.4,MURAT_202002_MRE,5,May,31.7,12.6,19.0
2020-05-22T13:00:00Z,0.691,18.1,-9999,Esperance,-35996.4,MURAT_202002_MRE,5,May,31.7,12.6,19.0
2020-05-22T14:00:00Z,0.739,18,-9999,Esperance,-35996.4,MURAT_202002_MRE,5,May,31.7,12.6,19.0
2020-05-22T15:00:00Z,0.717,17.9,-9999,Esperance,-35996.4,MURAT_202002_MRE,5,May,31.7,12.6,19.0
2020-05-22T16:00:00Z,0.721,18,-9999,Esperance,-35996.4,MURAT_202002_MRE,5,May,31.7,12.6,19.0
2020-05-22T17:00:00Z,0.66,17.9,-9999,Esperance,-35996.4,MURAT_202002_MRE,5,May,31.7,12.6,19.0
2020-05-22T18:00:00Z,0.547,17.9,-9999,Esperance,-35996.4,MURAT_202002_MRE,5,May,31.7,12.6,19.0
2020-05-22T19:00:00Z,0.525,17.9,-9999,Esperance,-35996.4,MURAT_202002_MRE,5,May,31.7,12.6,19.0
2020-05-22T20:00:00Z,0.511,17.9,-9999,Esperance,-35996.4,MURAT_202002_MRE,5,May,31.7,12.6,19.0
2020-05-22T21:00:00Z,0.549,17.9,-9999,Esperance,-35996.4,MURAT_202002_MRE,5,May,31.7,12.6,19.0
2020-05-22T22:00:00Z,0.668,17.9,-9999,Esperance,-35996.4,MURAT_202002_MRE,5,May,31.7,12.6,19.0
2020-05-22T23:00:00Z,0.841,17.9,-9999,Esperance,-35996.4,MURAT_202002_MRE,5,May,31.7,12.6,19.0
2020-05-23T00:00:00Z,0.999,17.8,-9999,Esperance,-35996.4,MURAT_202002_MRE,5,May,31.7,12.6,19.0
2020-05-23T01:00:00Z,1.147,17.8,-9999,Esperance,-35996.4,MURAT_202002_MRE,5,May,31.7,12.6,19.0
2020-05-23T02:00:00Z,1.249,17.8,-9999,Esperance,-35996.4,MURAT_202002_MRE,5,May,31.7,12.6,19.0
2020-05-23T03:00:00Z,1.28,17.8,-9999,Esperance,-35996.4,MURAT_202002_MRE,5,May,31.7,12.6,19.0
2020-05-23T04:00:00Z,1.253,17.9,-9999,Esperance,-35996.4,MURAT_202002_MRE,5,May,31.7,12.6,19.0
2020-05-23T05:00:00Z,1.133,17.9,-9999,Esperance,-35996.4,MURAT_202002_MRE,5,May,31.7,12.6,19.0
2020-05-23T06:00:00Z,0.973,17.9,-9999,Esperance,-35996.4,MURAT_202002_MRE,5,May,31.7,12.6,19.0
2020-05-23T07:00:00Z,0.828,17.9,-9999,Esperance,-35996.4,MURAT_202002_MRE,5,May,31.7,12.6,19.0
2020-05-23T08:00:00Z,0.65,17.9,-9999,Esperance,-35996.4,MURAT_202002_MRE,5,May,31.7,12.6,19.0
2020-05-23T09:00:00Z,0.541,17.9,-9999,Esperance,-35996.4,MURAT_202002_MRE,5,May,31.7,12.6,19.0
2020-05-23T10:00:00Z,0.481,17.9,-9999,Esperance,-35996.4,MURAT_202002_MRE,5,May,31.7,12.6,19.0
2020-05-23T11:00:00Z,0.475,17.9,-9999,Esperance,-35996.4,MURAT_202002_MRE,5,May,31.7,12.6,19.0
2020-05-23T12:00:00Z,0.565,17.9,-9999,Esperance,-35996.4,MURAT_202002_MRE,5,May,31.7,12.6,19.0
2020-05-23T13:00:00Z,0.636,17.8,-9999,Esperance,-35996.4,MURAT_202002_MRE,5,May,31.7,12.6,19.0
2020-05-23T14:00:00Z,0.665,17.8,-9999,Esperance,-35996.4,MURAT_202002_MRE,5,May,31.7,12.6,19.0
2020-05-23T15:00:00Z,0.706,17.8,-9999,Esperance,-35996.4,MURAT_202002_MRE,5,May,31.7,12.6,19.0
2020-05-23T16:00:00Z,0.664,17.7,-9999,Esperance,-35996.4,MURAT_202002_MRE,5,May,31.7,12.6,19.0
2020-05-23T17:00:00Z,0.676,17.8,-9999,Esperance,-35996.4,MURAT_202002_MRE,5,May,31.7,12.6,19.0
2020-05-23T18:00:00Z,0.593,17.8,-9999,Esperance,-35996.4,MURAT_202002_MRE,5,May,31.7,12.6,19.0
2020-05-23T19:00:00Z,0.51,17.7,-9999,Esperance,-35996.4,MURAT_202002_MRE,5,May,31.7,12.6,19.0
2020-05-23T20:00:00Z,0.55,17.7,-9999,Esperance,-35996.4,MURAT_202002_MRE,5,May,31.7,12.6,19.0
2020-05-23T21:00:00Z,0.559,17.7,-9999,Esperance,-35996.4,MURAT_202002_MRE,5,May,31.7,12.6,19.0
2020-05-23T22:00:00Z,0.662,17.6,-9999,Esperance,-35996.4,MURAT_202002_MRE,5,May,31.7,12.6,19.0
2020-05-23T23:00:00Z,0.848,17.6,-9999,Esperance,-35996.4,MURAT_202002_MRE,5,May,31.7,12.6,19.0
2020-05-24T00:00:00Z,1.015,17.6,-9999,Esperance,-35996.4,MURAT_202002_MRE,5,May,31.7,12.6,19.0
2020-05-24T01:00:00Z,1.196,17.6,-9999,Esperance,-35996.4,MURAT_202002_MRE,5,May,31.7,12.6,19.0
2020-05-24T02:00:00Z,1.263,17.6,-9999,Esperance,-35996.4,MURAT_202002_MRE,5,May,31.7,12.6,19.0
2020-05-24T03:00:00Z,1.368,17.6,-9999,Esperance,-35996.4,MURAT_202002_MRE,5,May,31.7,12.6,19.0
2020-05-24T04:00:00Z,1.347,17.6,-9999,Esperance,-35996.4,MURAT_202002_MRE,5,May,31.7,12.6,19.0
2020-05-24T05:00:00Z,1.261,17.6,-9999,Esperance,-35996.4,MURAT_202002_MRE,5,May,31.7,12.6,19.0
2020-05-24T06:00:00Z,1.097,17.6,-9999,Esperance,-35996.4,MURAT_202002_MRE,5,May,31.7,12.6,19.0
2020-05-24T07:00:00Z,0.957,17.6,-9999,Esperance,-35996.4,MURAT_202002_MRE,5,May,31.7,12.6,19.0
2020-05-24T08:00:00Z,0.761,17.6,-9999,Esperance,-35996.4,MURAT_202002_MRE,5,May,31.7,12.6,19.0
2020-05-24T09:00:00Z,0.617,17.5,-9999,Esperance,-35996.4,MURAT_202002_MRE,5,May,31.7,12.6,19.0
2020-05-24T10:00:00Z,0.584,17.4,-9999,Esperance,-35996.4,MURAT_202002_MRE,5,May,31.7,12.6,19.0
2020-05-24T11:00:00Z,0.48,17.3,-9999,Esperance,-35996.4,MURAT_202002_MRE,5,May,31.7,12.6,19.0
2020-05-24T12:00:00Z,0.587,17.2,-9999,Esperance,-35996.4,MURAT_202002_MRE,5,May,31.7,12.6,19.0
2020-05-24T13:00:00Z,0.658,17.1,-9999,Esperance,-35996.4,MURAT_202002_MRE,5,May,31.7,12.6,19.0
2020-05-24T14:00:00Z,0.675,17.1,-9999,Esperance,-35996.4,MURAT_202002_MRE,5,May,31.7,12.6,19.0
2020-05-24T15:00:00Z,0.78,17.1,-9999,Esperance,-35996.4,MURAT_202002_MRE,5,May,31.7,12.6,19.0
2020-05-24T16:00:00Z,0.786,17.1,-9999,Esperance,-35996.4,MURAT_202002_MRE,5,May,31.7,12.6,19.0
2020-05-24T17:00:00Z,0.7,17.1,-9999,Esperance,-35996.4,MURAT_202002_MRE,5,May,31.7,12.6,19.0
2020-05-24T18:00:00Z,0.683,17,-9999,Esperance,-35996.4,MURAT_202002_MRE,5,May,31.7,12.6,19.0
2020-05-24T19:00:00Z,0.649,16.9,-9999,Esperance,-35996.4,MURAT_202002_MRE,5,May,31.7,12.6,19.0
2020-05-24T20:00:00Z,0.653,16.7,-9999,Esperance,-35996.4,MURAT_202002_MRE,5,May,31.7,12.6,19.0
2020-05-24T21:00:00Z,0.589,16.9,-9999,Esperance,-35996.4,MURAT_202002_MRE,5,May,31.7,12.6,19.0
2020-05-24T22:00:00Z,0.74,16.7,-9999,Esperance,-35996.4,MURAT_202002_MRE,5,May,31.7,12.6,19.0
2020-05-24T23:00:00Z,0.847,16.8,-9999,Esperance,-35996.4,MURAT_202002_MRE,5,May,31.7,12.6,19.0
2020-05-25T00:00:00Z,1.057,16.8,-9999,Esperance,-35996.4,MURAT_202002_MRE,5,May,31.7,12.6,19.0
2020-05-25T01:00:00Z,1.28,16.8,-9999,Esperance,-35996.4,MURAT_202002_MRE,5,May,31.7,12.6,19.0
2020-05-25T02:00:00Z,1.349,16.8,-9999,Esperance,-35996.4,MURAT_202002_MRE,5,May,31.7,12.6,19.0
2020-05-25T03:00:00Z,1.509,16.8,-9999,Esperance,-35996.4,MURAT_202002_MRE,5,May,31.7,12.6,19.0
2020-05-25T04:00:00Z,1.601,16.8,-9999,Esperance,-35996.4,MURAT_202002_MRE,5,May,31.7,12.6,19.0
2020-05-25T05:00:00Z,1.506,16.8,-9999,Esperance,-35996.4,MURAT_202002_MRE,5,May,31.7,12.6,19.0
2020-05-25T06:00:00Z,1.495,16.7,-9999,Esperance,-35996.4,MURAT_202002_MRE,5,May,31.7,12.6,19.0
2020-05-25T07:00:00Z,1.287,16.8,-9999,Esperance,-35996.4,MURAT_202002_MRE,5,May,31.7,12.6,19.0
2020-05-25T08:00:00Z,1.205,16.8,-9999,Esperance,-35996.4,MURAT_202002_MRE,5,May,31.7,12.6,19.0
2020-05-25T09:00:00Z,1.051,16.8,-9999,Esperance,-35996.4,MURAT_202002_MRE,5,May,31.7,12.6,19.0
2020-05-25T10:00:00Z,0.906,16.8,-9999,Esperance,-35996.4,MURAT_202002_MRE,5,May,31.7,12.6,19.0
2020-05-25T11:00:00Z,0.885,16.8,-9999,Esperance,-35996.4,MURAT_202002_MRE,5,May,31.7,12.6,19.0
2020-05-25T12:00:00Z,0.865,16.7,-9999,Esperance,-35996.4,MURAT_202002_MRE,5,May,31.7,12.6,19.0
2020-05-25T13:00:00Z,0.944,16.7,-9999,Esperance,-35996.4,MURAT_202002_MRE,5,May,31.7,12.6,19.0
2020-05-25T14:00:00Z,1.026,16.7,-9999,Esperance,-35996.4,MURAT_202002_MRE,5,May,31.7,12.6,19.0
2020-05-25T15:00:00Z,1.003,16.7,-9999,Esperance,-35996.4,MURAT_202002_MRE,5,May,31.7,12.6,19.0
2020-05-25T16:00:00Z,1.115,16.7,-9999,Esperance,-35996.4,MURAT_202002_MRE,5,May,31.7,12.6,19.0
2020-05-25T17:00:00Z,1.082,16.7,-9999,Esperance,-35996.4,MURAT_202002_MRE,5,May,31.7,12.6,19.0
2020-05-25T18:00:00Z,1.069,16.7,-9999,Esperance,-35996.4,MURAT_202002_MRE,5,May,31.7,12.6,19.0
2020-05-25T19:00:00Z,1.038,16.7,-9999,Esperance,-35996.4,MURAT_202002_MRE,5,May,31.7,12.6,19.0
2020-05-25T20:00:00Z,1.053,16.7,-9999,Esperance,-35996.4,MURAT_202002_MRE,5,May,31.7,12.6,19.0
2020-05-25T21:00:00Z,1.072,16.7,-9999,Esperance,-35996.4,MURAT_202002_MRE,5,May,31.7,12.6,19.0
2020-05-25T22:00:00Z,1.116,16.6,-9999,Esperance,-35996.4,MURAT_202002_MRE,5,May,31.7,12.6,19.0
2020-05-25T23:00:00Z,1.23,16.7,-9999,Esperance,-35996.4,MURAT_202002_MRE,5,May,31.7,12.6,19.0
2020-05-26T00:00:00Z,1.356,16.7,-9999,Esperance,-35996.4,MURAT_202002_MRE,5,May,31.7,12.6,19.0
2020-05-26T01:00:00Z,1.518,16.7,-9999,Esperance,-35996.4,MURAT_202002_MRE,5,May,31.7,12.6,19.0
2020-05-26T02:00:00Z,1.636,16.7,-9999,Esperance,-35996.4,MURAT_202002_MRE,5,May,31.7,12.6,19.0
2020-05-26T03:00:00Z,1.69,17,-9999,Esperance,-35996.4,MURAT_202002_MRE,5,May,31.7,12.6,19.0
2020-05-26T04:00:00Z,1.762,17,-9999,Esperance,-35996.4,MURAT_202002_MRE,5,May,31.7,12.6,19.0
2020-05-26T05:00:00Z,1.74,17,-9999,Esperance,-35996.4,MURAT_202002_MRE,5,May,31.7,12.6,19.0
2020-05-26T06:00:00Z,1.627,17.2,-9999,Esperance,-35996.4,MURAT_202002_MRE,5,May,31.7,12.6,19.0
2020-05-26T07:00:00Z,1.517,17.1,-9999,Esperance,-35996.4,MURAT_202002_MRE,5,May,31.7,12.6,19.0
2020-05-26T08:00:00Z,1.356,17.1,-9999,Esperance,-35996.4,MURAT_202002_MRE,5,May,31.7,12.6,19.0
2020-05-26T09:00:00Z,1.22,17.1,-9999,Esperance,-35996.4,MURAT_202002_MRE,5,May,31.7,12.6,19.0
2020-05-26T10:00:00Z,1.066,17,-9999,Esperance,-35996.4,MURAT_202002_MRE,5,May,31.7,12.6,19.0
2020-05-26T11:00:00Z,0.991,17,-9999,Esperance,-35996.4,MURAT_202002_MRE,5,May,31.7,12.6,19.0
2020-05-26T12:00:00Z,0.931,17,-9999,Esperance,-35996.4,MURAT_202002_MRE,5,May,31.7,12.6,19.0
2020-05-26T13:00:00Z,0.939,17.1,-9999,Esperance,-35996.4,MURAT_202002_MRE,5,May,31.7,12.6,19.0
2020-05-26T14:00:00Z,0.969,17.1,-9999,Esperance,-35996.4,MURAT_202002_MRE,5,May,31.7,12.6,19.0
2020-05-26T15:00:00Z,0.945,17.1,-9999,Esperance,-35996.4,MURAT_202002_MRE,5,May,31.7,12.6,19.0
2020-05-26T16:00:00Z,0.955,17.1,-9999,Esperance,-35996.4,MURAT_202002_MRE,5,May,31.7,12.6,19.0
2020-05-26T17:00:00Z,0.96,17.1,-9999,Esperance,-35996.4,MURAT_202002_MRE,5,May,31.7,12.6,19.0
2020-05-26T18:00:00Z,0.904,17.1,-9999,Esperance,-35996.4,MURAT_202002_MRE,5,May,31.7,12.6,19.0
2020-05-26T19:00:00Z,0.876,17.1,-9999,Esperance,-35996.4,MURAT_202002_MRE,5,May,31.7,12.6,19.0
2020-05-26T20:00:00Z,0.86,17.2,-9999,Esperance,-35996.4,MURAT_202002_MRE,5,May,31.7,12.6,19.0
2020-05-26T21:00:00Z,0.871,17.3,-9999,Esperance,-35996.4,MURAT_202002_MRE,5,May,31.7,12.6,19.0
2020-05-26T22:00:00Z,0.913,17.3,-9999,Esperance,-35996.4,MURAT_202002_MRE,5,May,31.7,12.6,19.0
2020-05-26T23:00:00Z,0.933,17.2,-9999,Esperance,-35996.4,MURAT_202002_MRE,5,May,31.7,12.6,19.0
2020-05-27T00:00:00Z,1.056,17.3,-9999,Esperance,-35996.4,MURAT_202002_MRE,5,May,31.7,12.6,19.0
2020-05-27T01:00:00Z,1.179,17.3,-9999,Esperance,-35996.4,MURAT_202002_MRE,5,May,31.7,12.6,19.0
2020-05-27T02:00:00Z,1.248,17.3,-9999,Esperance,-35996.4,MURAT_202002_MRE,5,May,31.7,12.6,19.0
2020-05-27T03:00:00Z,1.338,17.3,-9999,Esperance,-35996.4,MURAT_202002_MRE,5,May,31.7,12.6,19.0
2020-05-27T04:00:00Z,1.407,17.3,-9999,Esperance,-35996.4,MURAT_202002_MRE,5,May,31.7,12.6,19.0
2020-05-27T05:00:00Z,1.391,17.3,-9999,Esperance,-35996.4,MURAT_202002_MRE,5,May,31.7,12.6,19.0
2020-05-27T06:00:00Z,1.348,17.3,-9999,Esperance,-35996.4,MURAT_202002_MRE,5,May,31.7,12.6,19.0
2020-05-27T07:00:00Z,1.28,17.3,-9999,Esperance,-35996.4,MURAT_202002_MRE,5,May,31.7,12.6,19.0
2020-05-27T08:00:00Z,1.161,17.3,-9999,Esperance,-35996.4,MURAT_202002_MRE,5,May,31.7,12.6,19.0
2020-05-27T09:00:00Z,1.024,17.3,-9999,Esperance,-35996.4,MURAT_202002_MRE,5,May,31.7,12.6,19.0
2020-05-27T10:00:00Z,0.901,17.4,-9999,Esperance,-35996.4,MURAT_202002_MRE,5,May,31.7,12.6,19.0
2020-05-27T11:00:00Z,0.8,17.4,-9999,Esperance,-35996.4,MURAT_202002_MRE,5,May,31.7,12.6,19.0
2020-05-27T12:00:00Z,0.735,17.3,-9999,Esperance,-35996.4,MURAT_202002_MRE,5,May,31.7,12.6,19.0
2020-05-27T13:00:00Z,0.721,17.3,-9999,Esperance,-35996.4,MURAT_202002_MRE,5,May,31.7,12.6,19.0
2020-05-27T14:00:00Z,0.724,17.3,-9999,Esperance,-35996.4,MURAT_202002_MRE,5,May,31.7,12.6,19.0
2020-05-27T15:00:00Z,0.733,17.3,-9999,Esperance,-35996.4,MURAT_202002_MRE,5,May,31.7,12.6,19.0
2020-05-27T16:00:00Z,0.742,17.3,-9999,Esperance,-35996.4,MURAT_202002_MRE,5,May,31.7,12.6,19.0
2020-05-27T17:00:00Z,0.768,17.3,-9999,Esperance,-35996.4,MURAT_202002_MRE,5,May,31.7,12.6,19.0
2020-05-27T18:00:00Z,0.783,17.2,-9999,Esperance,-35996.4,MURAT_202002_MRE,5,May,31.7,12.6,19.0
2020-05-27T19:00:00Z,0.797,17.3,-9999,Esperance,-35996.4,MURAT_202002_MRE,5,May,31.7,12.6,19.0
2020-05-27T20:00:00Z,0.802,17.3,-9999,Esperance,-35996.4,MURAT_202002_MRE,5,May,31.7,12.6,19.0
2020-05-27T21:00:00Z,0.856,17.3,-9999,Esperance,-35996.4,MURAT_202002_MRE,5,May,31.7,12.6,19.0
2020-05-27T22:00:00Z,0.918,17.3,-9999,Esperance,-35996.4,MURAT_202002_MRE,5,May,31.7,12.6,19.0
2020-05-27T23:00:00Z,0.947,17.3,-9999,Esperance,-35996.4,MURAT_202002_MRE,5,May,31.7,12.6,19.0
2020-05-28T00:00:00Z,1.078,17.3,-9999,Esperance,-35996.4,MURAT_202002_MRE,5,May,31.7,12.6,19.0
2020-05-28T01:00:00Z,1.182,17.3,-9999,Esperance,-35996.4,MURAT_202002_MRE,5,May,31.7,12.6,19.0
2020-05-28T02:00:00Z,1.268,17.3,-9999,Esperance,-35996.4,MURAT_202002_MRE,5,May,31.7,12.6,19.0
2020-05-28T03:00:00Z,1.387,17.3,-9999,Esperance,-35996.4,MURAT_202002_MRE,5,May,31.7,12.6,19.0
2020-05-28T04:00:00Z,1.442,17.3,-9999,Esperance,-35996.4,MURAT_202002_MRE,5,May,31.7,12.6,19.0
2020-05-28T05:00:00Z,1.458,17.3,-9999,Esperance,-35996.4,MURAT_202002_MRE,5,May,31.7,12.6,19.0
2020-05-28T06:00:00Z,1.482,17.4,-9999,Esperance,-35996.4,MURAT_202002_MRE,5,May,31.7,12.6,19.0
2020-05-28T07:00:00Z,1.457,17.4,-9999,Esperance,-35996.4,MURAT_202002_MRE,5,May,31.7,12.6,19.0
2020-05-28T08:00:00Z,1.382,17.3,-9999,Esperance,-35996.4,MURAT_202002_MRE,5,May,31.7,12.6,19.0
2020-05-28T09:00:00Z,1.29,17.3,-9999,Esperance,-35996.4,MURAT_202002_MRE,5,May,31.7,12.6,19.0
2020-05-28T10:00:00Z,1.214,17.3,-9999,Esperance,-35996.4,MURAT_202002_MRE,5,May,31.7,12.6,19.0
2020-05-28T11:00:00Z,1.097,17.3,-9999,Esperance,-35996.4,MURAT_202002_MRE,5,May,31.7,12.6,19.0
2020-05-28T12:00:00Z,1.03,17.3,-9999,Esperance,-35996.4,MURAT_202002_MRE,5,May,31.7,12.6,19.0
2020-05-28T13:00:00Z,0.973,17.3,-9999,Esperance,-35996.4,MURAT_202002_MRE,5,May,31.7,12.6,19.0
2020-05-28T14:00:00Z,0.936,17.3,-9999,Esperance,-35996.4,MURAT_202002_MRE,5,May,31.7,12.6,19.0
2020-05-28T15:00:00Z,0.881,17.2,-9999,Esperance,-35996.4,MURAT_202002_MRE,5,May,31.7,12.6,19.0
2020-05-28T16:00:00Z,0.865,17.2,-9999,Esperance,-35996.4,MURAT_202002_MRE,5,May,31.7,12.6,19.0
2020-05-28T17:00:00Z,0.856,17.2,-9999,Esperance,-35996.4,MURAT_202002_MRE,5,May,31.7,12.6,19.0
2020-05-28T18:00:00Z,0.85,17.2,-9999,Esperance,-35996.4,MURAT_202002_MRE,5,May,31.7,12.6,19.0
2020-05-28T19:00:00Z,0.856,17.2,-9999,Esperance,-35996.4,MURAT_202002_MRE,5,May,31.7,12.6,19.0
2020-05-28T20:00:00Z,0.875,17.2,-9999,Esperance,-35996.4,MURAT_202002_MRE,5,May,31.7,12.6,19.0
2020-05-28T21:00:00Z,0.916,17.1,-9999,Esperance,-35996.4,MURAT_202002_MRE,5,May,31.7,12.6,19.0
2020-05-28T22:00:00Z,0.954,17.1,-9999,Esperance,-35996.4,MURAT_202002_MRE,5,May,31.7,12.6,19.0
2020-05-28T23:00:00Z,1,17.1,-9999,Esperance,-35996.4,MURAT_202002_MRE,5,May,31.7,12.6,19.0
2020-05-29T00:00:00Z,1.081,17,-9999,Esperance,-35996.4,MURAT_202002_MRE,5,May,31.7,12.6,19.0
2020-05-29T01:00:00Z,1.15,17,-9999,Esperance,-35996.4,MURAT_202002_MRE,5,May,31.7,12.6,19.0
2020-05-29T02:00:00Z,1.195,17.1,-9999,Esperance,-35996.4,MURAT_202002_MRE,5,May,31.7,12.6,19.0
2020-05-29T03:00:00Z,1.317,17.1,-9999,Esperance,-35996.4,MURAT_202002_MRE,5,May,31.7,12.6,19.0
2020-05-29T04:00:00Z,1.339,17.1,-9999,Esperance,-35996.4,MURAT_202002_MRE,5,May,31.7,12.6,19.0
2020-05-29T05:00:00Z,1.354,17.1,-9999,Esperance,-35996.4,MURAT_202002_MRE,5,May,31.7,12.6,19.0
2020-05-29T06:00:00Z,1.419,17.1,-9999,Esperance,-35996.4,MURAT_202002_MRE,5,May,31.7,12.6,19.0
2020-05-29T07:00:00Z,1.37,17.2,-9999,Esperance,-35996.4,MURAT_202002_MRE,5,May,31.7,12.6,19.0
2020-05-29T08:00:00Z,1.371,17.2,-9999,Esperance,-35996.4,MURAT_202002_MRE,5,May,31.7,12.6,19.0
2020-05-29T09:00:00Z,1.349,17.1,-9999,Esperance,-35996.4,MURAT_202002_MRE,5,May,31.7,12.6,19.0
2020-05-29T10:00:00Z,1.266,17.1,-9999,Esperance,-35996.4,MURAT_202002_MRE,5,May,31.7,12.6,19.0
2020-05-29T11:00:00Z,1.222,17.1,-9999,Esperance,-35996.4,MURAT_202002_MRE,5,May,31.7,12.6,19.0
2020-05-29T12:00:00Z,1.169,17.1,-9999,Esperance,-35996.4,MURAT_202002_MRE,5,May,31.7,12.6,19.0
2020-05-29T13:00:00Z,1.124,17,-9999,Esperance,-35996.4,MURAT_202002_MRE,5,May,31.7,12.6,19.0
2020-05-29T14:00:00Z,1.035,17,-9999,Esperance,-35996.4,MURAT_202002_MRE,5,May,31.7,12.6,19.0
2020-05-29T15:00:00Z,0.994,17,-9999,Esperance,-35996.4,MURAT_202002_MRE,5,May,31.7,12.6,19.0
2020-05-29T16:00:00Z,1.011,17,-9999,Esperance,-35996.4,MURAT_202002_MRE,5,May,31.7,12.6,19.0
2020-05-29T17:00:00Z,0.966,17,-9999,Esperance,-35996.4,MURAT_202002_MRE,5,May,31.7,12.6,19.0
2020-05-29T18:00:00Z,1.02,17,-9999,Esperance,-35996.4,MURAT_202002_MRE,5,May,31.7,12.6,19.0
2020-05-29T19:00:00Z,0.977,17,-9999,Esperance,-35996.4,MURAT_202002_MRE,5,May,31.7,12.6,19.0
2020-05-29T20:00:00Z,1.033,17,-9999,Esperance,-35996.4,MURAT_202002_MRE,5,May,31.7,12.6,19.0
2020-05-29T21:00:00Z,1.098,16.9,-9999,Esperance,-35996.4,MURAT_202002_MRE,5,May,31.7,12.6,19.0
2020-05-29T22:00:00Z,1.144,16.9,-9999,Esperance,-35996.4,MURAT_202002_MRE,5,May,31.7,12.6,19.0
2020-05-29T23:00:00Z,1.199,16.9,-9999,Esperance,-35996.4,MURAT_202002_MRE,5,May,31.7,12.6,19.0
2020-05-30T00:00:00Z,1.239,16.9,-9999,Esperance,-35996.4,MURAT_202002_MRE,5,May,31.7,12.6,19.0
2020-05-30T01:00:00Z,1.258,16.9,-9999,Esperance,-35996.4,MURAT_202002_MRE,5,May,31.7,12.6,19.0
2020-05-30T02:00:00Z,1.306,16.9,-9999,Esperance,-35996.4,MURAT_202002_MRE,5,May,31.7,12.6,19.0
2020-05-30T03:00:00Z,1.272,16.9,-9999,Esperance,-35996.4,MURAT_202002_MRE,5,May,31.7,12.6,19.0
2020-05-30T04:00:00Z,1.347,16.9,-9999,Esperance,-35996.4,MURAT_202002_MRE,5,May,31.7,12.6,19.0
2020-05-30T05:00:00Z,1.307,16.9,-9999,Esperance,-35996.4,MURAT_202002_MRE,5,May,31.7,12.6,19.0
2020-05-30T06:00:00Z,1.301,16.9,-9999,Esperance,-35996.4,MURAT_202002_MRE,5,May,31.7,12.6,19.0
2020-05-30T07:00:00Z,1.322,16.9,-9999,Esperance,-35996.4,MURAT_202002_MRE,5,May,31.7,12.6,19.0
2020-05-30T08:00:00Z,1.323,16.9,-9999,Esperance,-35996.4,MURAT_202002_MRE,5,May,31.7,12.6,19.0
2020-05-30T09:00:00Z,1.279,16.9,-9999,Esperance,-35996.4,MURAT_202002_MRE,5,May,31.7,12.6,19.0
2020-05-30T10:00:00Z,1.298,16.9,-9999,Esperance,-35996.4,MURAT_202002_MRE,5,May,31.7,12.6,19.0
2020-05-30T11:00:00Z,1.245,16.8,-9999,Esperance,-35996.4,MURAT_202002_MRE,5,May,31.7,12.6,19.0
2020-05-30T12:00:00Z,1.191,16.8,-9999,Esperance,-35996.4,MURAT_202002_MRE,5,May,31.7,12.6,19.0
2020-05-30T13:00:00Z,1.083,16.8,-9999,Esperance,-35996.4,MURAT_202002_MRE,5,May,31.7,12.6,19.0
2020-05-30T14:00:00Z,1.08,16.8,-9999,Esperance,-35996.4,MURAT_202002_MRE,5,May,31.7,12.6,19.0
2020-05-30T15:00:00Z,0.955,16.8,-9999,Esperance,-35996.4,MURAT_202002_MRE,5,May,31.7,12.6,19.0
2020-05-30T16:00:00Z,0.895,16.7,-9999,Esperance,-35996.4,MURAT_202002_MRE,5,May,31.7,12.6,19.0
2020-05-30T17:00:00Z,0.887,16.7,-9999,Esperance,-35996.4,MURAT_202002_MRE,5,May,31.7,12.6,19.0
2020-05-30T18:00:00Z,0.871,16.8,-9999,Esperance,-35996.4,MURAT_202002_MRE,5,May,31.7,12.6,19.0
2020-05-30T19:00:00Z,0.843,16.8,-9999,Esperance,-35996.4,MURAT_202002_MRE,5,May,31.7,12.6,19.0
2020-05-30T20:00:00Z,0.959,16.8,-9999,Esperance,-35996.4,MURAT_202002_MRE,5,May,31.7,12.6,19.0
2020-05-30T21:00:00Z,0.994,16.8,-9999,Esperance,-35996.4,MURAT_202002_MRE,5,May,31.7,12.6,19.0
2020-05-30T22:00:00Z,1.081,16.8,-9999,Esperance,-35996.4,MURAT_202002_MRE,5,May,31.7,12.6,19.0
2020-05-30T23:00:00Z,1.167,16.8,-9999,Esperance,-35996.4,MURAT_202002_MRE,5,May,31.7,12.6,19.0
2020-05-31T00:00:00Z,1.238,16.7,-9999,Esperance,-35996.4,MURAT_202002_MRE,5,May,31.7,12.6,19.0
2020-05-31T01:00:00Z,1.212,16.8,-9999,Esperance,-35996.4,MURAT_202002_MRE,5,May,31.7,12.6,19.0
2020-05-31T02:00:00Z,1.223,16.8,-9999,Esperance,-35996.4,MURAT_202002_MRE,5,May,31.7,12.6,19.0
2020-05-31T03:00:00Z,1.183,16.8,-9999,Esperance,-35996.4,MURAT_202002_MRE,5,May,31.7,12.6,19.0
2020-05-31T04:00:00Z,1.142,16.8,-9999,Esperance,-35996.4,MURAT_202002_MRE,5,May,31.7,12.6,19.0
2020-05-31T05:00:00Z,1.097,16.8,-9999,Esperance,-35996.4,MURAT_202002_MRE,5,May,31.7,12.6,19.0
2020-05-31T06:00:00Z,1.103,16.8,-9999,Esperance,-35996.4,MURAT_202002_MRE,5,May,31.7,12.6,19.0
2020-05-31T07:00:00Z,1.07,16.8,-9999,Esperance,-35996.4,MURAT_202002_MRE,5,May,31.7,12.6,19.0
2020-05-31T08:00:00Z,1.072,16.8,-9999,Esperance,-35996.4,MURAT_202002_MRE,5,May,31.7,12.6,19.0
2020-05-31T09:00:00Z,1.115,16.8,-9999,Esperance,-35996.4,MURAT_202002_MRE,5,May,31.7,12.6,19.0
2020-05-31T10:00:00Z,1.119,16.8,-9999,Esperance,-35996.4,MURAT_202002_MRE,5,May,31.7,12.6,19.0
2020-05-31T11:00:00Z,1.123,16.8,-9999,Esperance,-35996.4,MURAT_202002_MRE,5,May,31.7,12.6,19.0
2020-05-31T12:00:00Z,1.11,16.8,-9999,Esperance,-35996.4,MURAT_202002_MRE,5,May,31.7,12.6,19.0
2020-05-31T13:00:00Z,1.055,16.8,-9999,Esperance,-35996.4,MURAT_202002_MRE,5,May,31.7,12.6,19.0
2020-05-31T14:00:00Z,1.003,16.8,-9999,Esperance,-35996.4,MURAT_202002_MRE,5,May,31.7,12.6,19.0
2020-05-31T15:00:00Z,0.884,16.8,-9999,Esperance,-35996.4,MURAT_202002_MRE,5,May,31.7,12.6,19.0
2020-05-31T16:00:00Z,0.806,16.9,-9999,Esperance,-35996.4,MURAT_202002_MRE,5,May,31.7,12.6,19.0
2020-05-31T17:00:00Z,0.74,16.9,-9999,Esperance,-35996.4,MURAT_202002_MRE,5,May,31.7,12.6,19.0
2020-05-31T18:00:00Z,0.672,16.9,-9999,Esperance,-35996.4,MURAT_202002_MRE,5,May,31.7,12.6,19.0
2020-05-31T19:00:00Z,0.703,16.9,-9999,Esperance,-35996.4,MURAT_202002_MRE,5,May,31.7,12.6,19.0
2020-05-31T20:00:00Z,0.713,16.9,-9999,Esperance,-35996.4,MURAT_202002_MRE,5,May,31.7,12.6,19.0
2020-05-31T21:00:00Z,0.78,16.9,-9999,Esperance,-35996.4,MURAT_202002_MRE,5,May,31.7,12.6,19.0
2020-05-31T22:00:00Z,0.904,16.9,-9999,Esperance,-35996.4,MURAT_202002_MRE,5,May,31.7,12.6,19.0
2020-05-31T23:00:00Z,0.964,16.9,-9999,Esperance,-35996.4,MURAT_202002_MRE,5,May,31.7,12.6,19.0
2020-06-01T00:00:00Z,1.042,16.9,-9999,Esperance,-35996.4,MURAT_202002_MRE,6,June,35.4,12.8,18.7
2020-06-01T01:00:00Z,1.069,16.9,-9999,Esperance,-35996.4,MURAT_202002_MRE,6,June,35.4,12.8,18.7
2020-06-01T02:00:00Z,1.006,16.9,-9999,Esperance,-35996.4,MURAT_202002_MRE,6,June,35.4,12.8,18.7
2020-06-01T03:00:00Z,0.972,17,-9999,Esperance,-35996.4,MURAT_202002_MRE,6,June,35.4,12.8,18.7
2020-06-01T04:00:00Z,0.909,17,-9999,Esperance,-35996.4,MURAT_202002_MRE,6,June,35.4,12.8,18.7
2020-06-01T05:00:00Z,0.809,17,-9999,Esperance,-35996.4,MURAT_202002_MRE,6,June,35.4,12.8,18.7
2020-06-01T06:00:00Z,0.771,17,-9999,Esperance,-35996.4,MURAT_202002_MRE,6,June,35.4,12.8,18.7
2020-06-01T07:00:00Z,0.751,17,-9999,Esperance,-35996.4,MURAT_202002_MRE,6,June,35.4,12.8,18.7
2020-06-01T08:00:00Z,0.753,17,-9999,Esperance,-35996.4,MURAT_202002_MRE,6,June,35.4,12.8,18.7
2020-06-01T09:00:00Z,0.785,17,-9999,Esperance,-35996.4,MURAT_202002_MRE,6,June,35.4,12.8,18.7
2020-06-01T10:00:00Z,0.843,17,-9999,Esperance,-35996.4,MURAT_202002_MRE,6,June,35.4,12.8,18.7
2020-06-01T11:00:00Z,0.898,17,-9999,Esperance,-35996.4,MURAT_202002_MRE,6,June,35.4,12.8,18.7
2020-06-01T12:00:00Z,0.936,17.1,-9999,Esperance,-35996.4,MURAT_202002_MRE,6,June,35.4,12.8,18.7
2020-06-01T13:00:00Z,0.943,17.2,-9999,Esperance,-35996.4,MURAT_202002_MRE,6,June,35.4,12.8,18.7
2020-06-01T14:00:00Z,0.891,17.3,-9999,Esperance,-35996.4,MURAT_202002_MRE,6,June,35.4,12.8,18.7
2020-06-01T15:00:00Z,0.805,17.3,-9999,Esperance,-35996.4,MURAT_202002_MRE,6,June,35.4,12.8,18.7
2020-06-01T16:00:00Z,0.727,17.3,-9999,Esperance,-35996.4,MURAT_202002_MRE,6,June,35.4,12.8,18.7
2020-06-01T17:00:00Z,0.63,17.3,-9999,Esperance,-35996.4,MURAT_202002_MRE,6,June,35.4,12.8,18.7
2020-06-01T18:00:00Z,0.552,17.3,-9999,Esperance,-35996.4,MURAT_202002_MRE,6,June,35.4,12.8,18.7
2020-06-01T19:00:00Z,0.566,17.3,-9999,Esperance,-35996.4,MURAT_202002_MRE,6,June,35.4,12.8,18.7
2020-06-01T20:00:00Z,0.606,17.3,-9999,Esperance,-35996.4,MURAT_202002_MRE,6,June,35.4,12.8,18.7
2020-06-01T21:00:00Z,0.689,17.3,-9999,Esperance,-35996.4,MURAT_202002_MRE,6,June,35.4,12.8,18.7
2020-06-01T22:00:00Z,0.812,17.3,-9999,Esperance,-35996.4,MURAT_202002_MRE,6,June,35.4,12.8,18.7
2020-06-01T23:00:00Z,0.92,17.3,-9999,Esperance,-35996.4,MURAT_202002_MRE,6,June,35.4,12.8,18.7
2020-06-02T00:00:00Z,0.992,17.3,-9999,Esperance,-35996.4,MURAT_202002_MRE,6,June,35.4,12.8,18.7
2020-06-02T01:00:00Z,1.055,17.3,-9999,Esperance,-35996.4,MURAT_202002_MRE,6,June,35.4,12.8,18.7
2020-06-02T02:00:00Z,1.036,17.3,-9999,Esperance,-35996.4,MURAT_202002_MRE,6,June,35.4,12.8,18.7
2020-06-02T03:00:00Z,0.963,17.4,-9999,Esperance,-35996.4,MURAT_202002_MRE,6,June,35.4,12.8,18.7
2020-06-02T04:00:00Z,0.883,17.4,-9999,Esperance,-35996.4,MURAT_202002_MRE,6,June,35.4,12.8,18.7
2020-06-02T05:00:00Z,0.776,17.4,-9999,Esperance,-35996.4,MURAT_202002_MRE,6,June,35.4,12.8,18.7
2020-06-02T06:00:00Z,0.675,17.4,-9999,Esperance,-35996.4,MURAT_202002_MRE,6,June,35.4,12.8,18.7
2020-06-02T07:00:00Z,0.617,17.5,-9999,Esperance,-35996.4,MURAT_202002_MRE,6,June,35.4,12.8,18.7
2020-06-02T08:00:00Z,0.619,17.5,-9999,Esperance,-35996.4,MURAT_202002_MRE,6,June,35.4,12.8,18.7
2020-06-02T09:00:00Z,0.635,17.5,-9999,Esperance,-35996.4,MURAT_202002_MRE,6,June,35.4,12.8,18.7
2020-06-02T10:00:00Z,0.673,17.5,-9999,Esperance,-35996.4,MURAT_202002_MRE,6,June,35.4,12.8,18.7
2020-06-02T11:00:00Z,0.751,17.5,-9999,Esperance,-35996.4,MURAT_202002_MRE,6,June,35.4,12.8,18.7
2020-06-02T12:00:00Z,0.806,17.5,-9999,Esperance,-35996.4,MURAT_202002_MRE,6,June,35.4,12.8,18.7
2020-06-02T13:00:00Z,0.856,17.5,-9999,Esperance,-35996.4,MURAT_202002_MRE,6,June,35.4,12.8,18.7
2020-06-02T14:00:00Z,0.866,17.5,-9999,Esperance,-35996.4,MURAT_202002_MRE,6,June,35.4,12.8,18.7
2020-06-02T15:00:00Z,0.79,17.4,-9999,Esperance,-35996.4,MURAT_202002_MRE,6,June,35.4,12.8,18.7
2020-06-02T16:00:00Z,0.696,17.4,-9999,Esperance,-35996.4,MURAT_202002_MRE,6,June,35.4,12.8,18.7
2020-06-02T17:00:00Z,0.624,17.4,-9999,Esperance,-35996.4,MURAT_202002_MRE,6,June,35.4,12.8,18.7
2020-06-02T18:00:00Z,0.525,17.3,-9999,Esperance,-35996.4,MURAT_202002_MRE,6,June,35.4,12.8,18.7
2020-06-02T19:00:00Z,0.508,17.3,-9999,Esperance,-35996.4,MURAT_202002_MRE,6,June,35.4,12.8,18.7
2020-06-02T20:00:00Z,0.561,17.3,-9999,Esperance,-35996.4,MURAT_202002_MRE,6,June,35.4,12.8,18.7
2020-06-02T21:00:00Z,0.621,17.3,-9999,Esperance,-35996.4,MURAT_202002_MRE,6,June,35.4,12.8,18.7
2020-06-02T22:00:00Z,0.773,17.3,-9999,Esperance,-35996.4,MURAT_202002_MRE,6,June,35.4,12.8,18.7
2020-06-02T23:00:00Z,0.894,17.2,-9999,Esperance,-35996.4,MURAT_202002_MRE,6,June,35.4,12.8,18.7
2020-06-03T00:00:00Z,0.985,17.2,-9999,Esperance,-35996.4,MURAT_202002_MRE,6,June,35.4,12.8,18.7
2020-06-03T01:00:00Z,1.083,17.2,-9999,Esperance,-35996.4,MURAT_202002_MRE,6,June,35.4,12.8,18.7
2020-06-03T02:00:00Z,1.076,17.2,-9999,Esperance,-35996.4,MURAT_202002_MRE,6,June,35.4,12.8,18.7
2020-06-03T03:00:00Z,1.026,17.2,-9999,Esperance,-35996.4,MURAT_202002_MRE,6,June,35.4,12.8,18.7
2020-06-03T04:00:00Z,0.931,17.2,-9999,Esperance,-35996.4,MURAT_202002_MRE,6,June,35.4,12.8,18.7
2020-06-03T05:00:00Z,0.782,17.2,-9999,Esperance,-35996.4,MURAT_202002_MRE,6,June,35.4,12.8,18.7
2020-06-03T06:00:00Z,0.663,17.3,-9999,Esperance,-35996.4,MURAT_202002_MRE,6,June,35.4,12.8,18.7
2020-06-03T07:00:00Z,0.554,17.3,-9999,Esperance,-35996.4,MURAT_202002_MRE,6,June,35.4,12.8,18.7
2020-06-03T08:00:00Z,0.505,17.3,-9999,Esperance,-35996.4,MURAT_202002_MRE,6,June,35.4,12.8,18.7
2020-06-03T09:00:00Z,0.492,17.3,-9999,Esperance,-35996.4,MURAT_202002_MRE,6,June,35.4,12.8,18.7
2020-06-03T10:00:00Z,0.515,17.3,-9999,Esperance,-35996.4,MURAT_202002_MRE,6,June,35.4,12.8,18.7
2020-06-03T11:00:00Z,0.613,17.3,-9999,Esperance,-35996.4,MURAT_202002_MRE,6,June,35.4,12.8,18.7
2020-06-03T12:00:00Z,0.685,17.3,-9999,Esperance,-35996.4,MURAT_202002_MRE,6,June,35.4,12.8,18.7
2020-06-03T13:00:00Z,0.767,17.3,-9999,Esperance,-35996.4,MURAT_202002_MRE,6,June,35.4,12.8,18.7
2020-06-03T14:00:00Z,0.839,17.3,-9999,Esperance,-35996.4,MURAT_202002_MRE,6,June,35.4,12.8,18.7
2020-06-03T15:00:00Z,0.81,17.3,-9999,Esperance,-35996.4,MURAT_202002_MRE,6,June,35.4,12.8,18.7
2020-06-03T16:00:00Z,0.751,17.3,-9999,Esperance,-35996.4,MURAT_202002_MRE,6,June,35.4,12.8,18.7
2020-06-03T17:00:00Z,0.682,17.4,-9999,Esperance,-35996.4,MURAT_202002_MRE,6,June,35.4,12.8,18.7
2020-06-03T18:00:00Z,0.621,17.3,-9999,Esperance,-35996.4,MURAT_202002_MRE,6,June,35.4,12.8,18.7
2020-06-03T19:00:00Z,0.549,17.3,-9999,Esperance,-35996.4,MURAT_202002_MRE,6,June,35.4,12.8,18.7
2020-06-03T20:00:00Z,0.59,17.3,-9999,Esperance,-35996.4,MURAT_202002_MRE,6,June,35.4,12.8,18.7
2020-06-03T21:00:00Z,0.693,17.3,-9999,Esperance,-35996.4,MURAT_202002_MRE,6,June,35.4,12.8,18.7
2020-06-03T22:00:00Z,0.796,17.2,-9999,Esperance,-35996.4,MURAT_202002_MRE,6,June,35.4,12.8,18.7
2020-06-03T23:00:00Z,0.979,17.2,-9999,Esperance,-35996.4,MURAT_202002_MRE,6,June,35.4,12.8,18.7
2020-06-04T00:00:00Z,1.115,17.2,-9999,Esperance,-35996.4,MURAT_202002_MRE,6,June,35.4,12.8,18.7
2020-06-04T01:00:00Z,1.217,17.2,-9999,Esperance,-35996.4,MURAT_202002_MRE,6,June,35.4,12.8,18.7
2020-06-04T02:00:00Z,1.291,17.2,-9999,Esperance,-35996.4,MURAT_202002_MRE,6,June,35.4,12.8,18.7
2020-06-04T03:00:00Z,1.241,17.3,-9999,Esperance,-35996.4,MURAT_202002_MRE,6,June,35.4,12.8,18.7
2020-06-04T04:00:00Z,1.165,17.3,-9999,Esperance,-35996.4,MURAT_202002_MRE,6,June,35.4,12.8,18.7
2020-06-04T05:00:00Z,1.022,17.4,-9999,Esperance,-35996.4,MURAT_202002_MRE,6,June,35.4,12.8,18.7
2020-06-04T06:00:00Z,0.86,17.7,-9999,Esperance,-35996.4,MURAT_202002_MRE,6,June,35.4,12.8,18.7
2020-06-04T07:00:00Z,0.714,17.7,-9999,Esperance,-35996.4,MURAT_202002_MRE,6,June,35.4,12.8,18.7
2020-06-04T08:00:00Z,0.572,17.8,-9999,Esperance,-35996.4,MURAT_202002_MRE,6,June,35.4,12.8,18.7
2020-06-04T09:00:00Z,0.506,17.8,-9999,Esperance,-35996.4,MURAT_202002_MRE,6,June,35.4,12.8,18.7
2020-06-04T10:00:00Z,0.498,17.8,-9999,Esperance,-35996.4,MURAT_202002_MRE,6,June,35.4,12.8,18.7
2020-06-04T11:00:00Z,0.517,17.8,-9999,Esperance,-35996.4,MURAT_202002_MRE,6,June,35.4,12.8,18.7
2020-06-04T12:00:00Z,0.593,17.8,-9999,Esperance,-35996.4,MURAT_202002_MRE,6,June,35.4,12.8,18.7
2020-06-04T13:00:00Z,0.645,17.8,-9999,Esperance,-35996.4,MURAT_202002_MRE,6,June,35.4,12.8,18.7
2020-06-04T14:00:00Z,0.74,17.8,-9999,Esperance,-35996.4,MURAT_202002_MRE,6,June,35.4,12.8,18.7
2020-06-04T15:00:00Z,0.763,17.8,-9999,Esperance,-35996.4,MURAT_202002_MRE,6,June,35.4,12.8,18.7
2020-06-04T16:00:00Z,0.752,17.8,-9999,Esperance,-35996.4,MURAT_202002_MRE,6,June,35.4,12.8,18.7
2020-06-04T17:00:00Z,0.731,17.8,-9999,Esperance,-35996.4,MURAT_202002_MRE,6,June,35.4,12.8,18.7
2020-06-04T18:00:00Z,0.68,17.8,-9999,Esperance,-35996.4,MURAT_202002_MRE,6,June,35.4,12.8,18.7
2020-06-04T19:00:00Z,0.639,17.8,-9999,Esperance,-35996.4,MURAT_202002_MRE,6,June,35.4,12.8,18.7
2020-06-04T20:00:00Z,0.659,17.8,-9999,Esperance,-35996.4,MURAT_202002_MRE,6,June,35.4,12.8,18.7
2020-06-04T21:00:00Z,0.743,17.8,-9999,Esperance,-35996.4,MURAT_202002_MRE,6,June,35.4,12.8,18.7
2020-06-04T22:00:00Z,0.89,17.8,-9999,Esperance,-35996.4,MURAT_202002_MRE,6,June,35.4,12.8,18.7
2020-06-04T23:00:00Z,1.022,17.8,-9999,Esperance,-35996.4,MURAT_202002_MRE,6,June,35.4,12.8,18.7
2020-06-05T00:00:00Z,1.192,17.8,-9999,Esperance,-35996.4,MURAT_202002_MRE,6,June,35.4,12.8,18.7
2020-06-05T01:00:00Z,1.291,17.7,-9999,Esperance,-35996.4,MURAT_202002_MRE,6,June,35.4,12.8,18.7
2020-06-05T02:00:00Z,1.333,17.7,-9999,Esperance,-35996.4,MURAT_202002_MRE,6,June,35.4,12.8,18.7
2020-06-05T03:00:00Z,1.332,17.8,-9999,Esperance,-35996.4,MURAT_202002_MRE,6,June,35.4,12.8,18.7
2020-06-05T04:00:00Z,1.27,17.9,-9999,Esperance,-35996.4,MURAT_202002_MRE,6,June,35.4,12.8,18.7
2020-06-05T05:00:00Z,1.103,18,-9999,Esperance,-35996.4,MURAT_202002_MRE,6,June,35.4,12.8,18.7
2020-06-05T06:00:00Z,0.928,18.1,-9999,Esperance,-35996.4,MURAT_202002_MRE,6,June,35.4,12.8,18.7
2020-06-05T07:00:00Z,0.765,18.1,-9999,Esperance,-35996.4,MURAT_202002_MRE,6,June,35.4,12.8,18.7
2020-06-05T08:00:00Z,0.576,18.1,-9999,Esperance,-35996.4,MURAT_202002_MRE,6,June,35.4,12.8,18.7
2020-06-05T09:00:00Z,0.456,18.2,-9999,Esperance,-35996.4,MURAT_202002_MRE,6,June,35.4,12.8,18.7
2020-06-05T10:00:00Z,0.428,18.1,-9999,Esperance,-35996.4,MURAT_202002_MRE,6,June,35.4,12.8,18.7
2020-06-05T11:00:00Z,0.427,18.1,-9999,Esperance,-35996.4,MURAT_202002_MRE,6,June,35.4,12.8,18.7
2020-06-05T12:00:00Z,0.477,18.1,-9999,Esperance,-35996.4,MURAT_202002_MRE,6,June,35.4,12.8,18.7
2020-06-05T13:00:00Z,0.56,18,-9999,Esperance,-35996.4,MURAT_202002_MRE,6,June,35.4,12.8,18.7
2020-06-05T14:00:00Z,0.655,18,-9999,Esperance,-35996.4,MURAT_202002_MRE,6,June,35.4,12.8,18.7
2020-06-05T15:00:00Z,0.681,18,-9999,Esperance,-35996.4,MURAT_202002_MRE,6,June,35.4,12.8,18.7
2020-06-05T16:00:00Z,0.702,18,-9999,Esperance,-35996.4,MURAT_202002_MRE,6,June,35.4,12.8,18.7
2020-06-05T17:00:00Z,0.745,18,-9999,Esperance,-35996.4,MURAT_202002_MRE,6,June,35.4,12.8,18.7
2020-06-05T18:00:00Z,0.685,17.9,-9999,Esperance,-35996.4,MURAT_202002_MRE,6,June,35.4,12.8,18.7
2020-06-05T19:00:00Z,0.619,17.9,-9999,Esperance,-35996.4,MURAT_202002_MRE,6,June,35.4,12.8,18.7
2020-06-05T20:00:00Z,0.683,17.9,-9999,Esperance,-35996.4,MURAT_202002_MRE,6,June,35.4,12.8,18.7
2020-06-05T21:00:00Z,0.684,17.9,-9999,Esperance,-35996.4,MURAT_202002_MRE,6,June,35.4,12.8,18.7
2020-06-05T22:00:00Z,0.78,17.8,-9999,Esperance,-35996.4,MURAT_202002_MRE,6,June,35.4,12.8,18.7
2020-06-05T23:00:00Z,0.939,17.8,-9999,Esperance,-35996.4,MURAT_202002_MRE,6,June,35.4,12.8,18.7
2020-06-06T00:00:00Z,1.098,17.8,-9999,Esperance,-35996.4,MURAT_202002_MRE,6,June,35.4,12.8,18.7
2020-06-06T01:00:00Z,1.205,17.8,-9999,Esperance,-35996.4,MURAT_202002_MRE,6,June,35.4,12.8,18.7
2020-06-06T02:00:00Z,1.291,17.8,-9999,Esperance,-35996.4,MURAT_202002_MRE,6,June,35.4,12.8,18.7
2020-06-06T03:00:00Z,1.332,17.8,-9999,Esperance,-35996.4,MURAT_202002_MRE,6,June,35.4,12.8,18.7
2020-06-06T04:00:00Z,1.262,17.8,-9999,Esperance,-35996.4,MURAT_202002_MRE,6,June,35.4,12.8,18.7
2020-06-06T05:00:00Z,1.192,17.9,-9999,Esperance,-35996.4,MURAT_202002_MRE,6,June,35.4,12.8,18.7
2020-06-06T06:00:00Z,1.046,17.9,-9999,Esperance,-35996.4,MURAT_202002_MRE,6,June,35.4,12.8,18.7
2020-06-06T07:00:00Z,0.836,17.9,-9999,Esperance,-35996.4,MURAT_202002_MRE,6,June,35.4,12.8,18.7
2020-06-06T08:00:00Z,0.72,17.9,-9999,Esperance,-35996.4,MURAT_202002_MRE,6,June,35.4,12.8,18.7
2020-06-06T09:00:00Z,0.563,17.9,-9999,Esperance,-35996.4,MURAT_202002_MRE,6,June,35.4,12.8,18.7
2020-06-06T10:00:00Z,0.45,17.9,-9999,Esperance,-35996.4,MURAT_202002_MRE,6,June,35.4,12.8,18.7
2020-06-06T11:00:00Z,0.459,17.8,-9999,Esperance,-35996.4,MURAT_202002_MRE,6,June,35.4,12.8,18.7
2020-06-06T12:00:00Z,0.464,17.8,-9999,Esperance,-35996.4,MURAT_202002_MRE,6,June,35.4,12.8,18.7
2020-06-06T13:00:00Z,0.498,17.8,-9999,Esperance,-35996.4,MURAT_202002_MRE,6,June,35.4,12.8,18.7
2020-06-06T14:00:00Z,0.55,17.7,-9999,Esperance,-35996.4,MURAT_202002_MRE,6,June,35.4,12.8,18.7
2020-06-06T15:00:00Z,0.6,17.8,-9999,Esperance,-35996.4,MURAT_202002_MRE,6,June,35.4,12.8,18.7
2020-06-06T16:00:00Z,0.597,17.7,-9999,Esperance,-35996.4,MURAT_202002_MRE,6,June,35.4,12.8,18.7
2020-06-06T17:00:00Z,0.615,17.7,-9999,Esperance,-35996.4,MURAT_202002_MRE,6,June,35.4,12.8,18.7
2020-06-06T18:00:00Z,0.625,17.6,-9999,Esperance,-35996.4,MURAT_202002_MRE,6,June,35.4,12.8,18.7
2020-06-06T19:00:00Z,0.568,17.6,-9999,Esperance,-35996.4,MURAT_202002_MRE,6,June,35.4,12.8,18.7
2020-06-06T20:00:00Z,0.604,17.6,-9999,Esperance,-35996.4,MURAT_202002_MRE,6,June,35.4,12.8,18.7
2020-06-06T21:00:00Z,0.675,17.6,-9999,Esperance,-35996.4,MURAT_202002_MRE,6,June,35.4,12.8,18.7
2020-06-06T22:00:00Z,0.731,17.6,-9999,Esperance,-35996.4,MURAT_202002_MRE,6,June,35.4,12.8,18.7
2020-06-06T23:00:00Z,0.891,17.6,-9999,Esperance,-35996.4,MURAT_202002_MRE,6,June,35.4,12.8,18.7
2020-06-07T00:00:00Z,1.089,17.6,-9999,Esperance,-35996.4,MURAT_202002_MRE,6,June,35.4,12.8,18.7
2020-06-07T01:00:00Z,1.215,17.6,-9999,Esperance,-35996.4,MURAT_202002_MRE,6,June,35.4,12.8,18.7
2020-06-07T02:00:00Z,1.318,17.5,-9999,Esperance,-35996.4,MURAT_202002_MRE,6,June,35.4,12.8,18.7
2020-06-07T03:00:00Z,1.389,17.5,-9999,Esperance,-35996.4,MURAT_202002_MRE,6,June,35.4,12.8,18.7
2020-06-07T04:00:00Z,1.379,17.6,-9999,Esperance,-35996.4,MURAT_202002_MRE,6,June,35.4,12.8,18.7
2020-06-07T05:00:00Z,1.293,17.6,-9999,Esperance,-35996.4,MURAT_202002_MRE,6,June,35.4,12.8,18.7
2020-06-07T06:00:00Z,1.205,17.6,-9999,Esperance,-35996.4,MURAT_202002_MRE,6,June,35.4,12.8,18.7
2020-06-07T07:00:00Z,1.042,17.8,-9999,Esperance,-35996.4,MURAT_202002_MRE,6,June,35.4,12.8,18.7
2020-06-07T08:00:00Z,0.866,17.7,-9999,Esperance,-35996.4,MURAT_202002_MRE,6,June,35.4,12.8,18.7
2020-06-07T09:00:00Z,0.751,17.7,-9999,Esperance,-35996.4,MURAT_202002_MRE,6,June,35.4,12.8,18.7
2020-06-07T10:00:00Z,0.596,17.7,-9999,Esperance,-35996.4,MURAT_202002_MRE,6,June,35.4,12.8,18.7
2020-06-07T11:00:00Z,0.526,17.7,-9999,Esperance,-35996.4,MURAT_202002_MRE,6,June,35.4,12.8,18.7
2020-06-07T12:00:00Z,0.554,17.6,-9999,Esperance,-35996.4,MURAT_202002_MRE,6,June,35.4,12.8,18.7
2020-06-07T13:00:00Z,0.552,17.6,-9999,Esperance,-35996.4,MURAT_202002_MRE,6,June,35.4,12.8,18.7
2020-06-07T14:00:00Z,0.585,17.6,-9999,Esperance,-35996.4,MURAT_202002_MRE,6,June,35.4,12.8,18.7
2020-06-07T15:00:00Z,0.607,17.6,-9999,Esperance,-35996.4,MURAT_202002_MRE,6,June,35.4,12.8,18.7
2020-06-07T16:00:00Z,0.617,17.6,-9999,Esperance,-35996.4,MURAT_202002_MRE,6,June,35.4,12.8,18.7
2020-06-07T17:00:00Z,0.636,17.5,-9999,Esperance,-35996.4,MURAT_202002_MRE,6,June,35.4,12.8,18.7
2020-06-07T18:00:00Z,0.654,17.5,-9999,Esperance,-35996.4,MURAT_202002_MRE,6,June,35.4,12.8,18.7
2020-06-07T19:00:00Z,0.63,17.4,-9999,Esperance,-35996.4,MURAT_202002_MRE,6,June,35.4,12.8,18.7
2020-06-07T20:00:00Z,0.646,17.4,-9999,Esperance,-35996.4,MURAT_202002_MRE,6,June,35.4,12.8,18.7
2020-06-07T21:00:00Z,0.716,17.4,-9999,Esperance,-35996.4,MURAT_202002_MRE,6,June,35.4,12.8,18.7
2020-06-07T22:00:00Z,0.81,17.4,-9999,Esperance,-35996.4,MURAT_202002_MRE,6,June,35.4,12.8,18.7
2020-06-07T23:00:00Z,0.897,17.4,-9999,Esperance,-35996.4,MURAT_202002_MRE,6,June,35.4,12.8,18.7
2020-06-08T00:00:00Z,1.08,17.4,-9999,Esperance,-35996.4,MURAT_202002_MRE,6,June,35.4,12.8,18.7
2020-06-08T01:00:00Z,1.197,17.4,-9999,Esperance,-35996.4,MURAT_202002_MRE,6,June,35.4,12.8,18.7
2020-06-08T02:00:00Z,1.3,17.4,-9999,Esperance,-35996.4,MURAT_202002_MRE,6,June,35.4,12.8,18.7
2020-06-08T03:00:00Z,1.38,17.4,-9999,Esperance,-35996.4,MURAT_202002_MRE,6,June,35.4,12.8,18.7
2020-06-08T04:00:00Z,1.388,17.4,-9999,Esperance,-35996.4,MURAT_202002_MRE,6,June,35.4,12.8,18.7
2020-06-08T05:00:00Z,1.344,17.4,-9999,Esperance,-35996.4,MURAT_202002_MRE,6,June,35.4,12.8,18.7
2020-06-08T06:00:00Z,1.264,17.5,-9999,Esperance,-35996.4,MURAT_202002_MRE,6,June,35.4,12.8,18.7
2020-06-08T07:00:00Z,1.171,17.5,-9999,Esperance,-35996.4,MURAT_202002_MRE,6,June,35.4,12.8,18.7
2020-06-08T08:00:00Z,1.03,17.5,-9999,Esperance,-35996.4,MURAT_202002_MRE,6,June,35.4,12.8,18.7
2020-06-08T09:00:00Z,0.858,17.4,-9999,Esperance,-35996.4,MURAT_202002_MRE,6,June,35.4,12.8,18.7
2020-06-08T10:00:00Z,0.762,17.4,-9999,Esperance,-35996.4,MURAT_202002_MRE,6,June,35.4,12.8,18.7
2020-06-08T11:00:00Z,0.662,17.4,-9999,Esperance,-35996.4,MURAT_202002_MRE,6,June,35.4,12.8,18.7
2020-06-08T12:00:00Z,0.615,17.4,-9999,Esperance,-35996.4,MURAT_202002_MRE,6,June,35.4,12.8,18.7
2020-06-08T13:00:00Z,0.621,17.3,-9999,Esperance,-35996.4,MURAT_202002_MRE,6,June,35.4,12.8,18.7
2020-06-08T14:00:00Z,0.62,17.3,-9999,Esperance,-35996.4,MURAT_202002_MRE,6,June,35.4,12.8,18.7
2020-06-08T15:00:00Z,0.621,17.3,-9999,Esperance,-35996.4,MURAT_202002_MRE,6,June,35.4,12.8,18.7
2020-06-08T16:00:00Z,0.615,17.3,-9999,Esperance,-35996.4,MURAT_202002_MRE,6,June,35.4,12.8,18.7
2020-06-08T17:00:00Z,0.628,17.3,-9999,Esperance,-35996.4,MURAT_202002_MRE,6,June,35.4,12.8,18.7
2020-06-08T18:00:00Z,0.641,17.3,-9999,Esperance,-35996.4,MURAT_202002_MRE,6,June,35.4,12.8,18.7
2020-06-08T19:00:00Z,0.614,17.2,-9999,Esperance,-35996.4,MURAT_202002_MRE,6,June,35.4,12.8,18.7
2020-06-08T20:00:00Z,0.651,17.2,-9999,Esperance,-35996.4,MURAT_202002_MRE,6,June,35.4,12.8,18.7
2020-06-08T21:00:00Z,0.702,17.2,-9999,Esperance,-35996.4,MURAT_202002_MRE,6,June,35.4,12.8,18.7
2020-06-08T22:00:00Z,0.79,17.2,-9999,Esperance,-35996.4,MURAT_202002_MRE,6,June,35.4,12.8,18.7
2020-06-08T23:00:00Z,0.869,17.2,-9999,Esperance,-35996.4,MURAT_202002_MRE,6,June,35.4,12.8,18.7
2020-06-09T00:00:00Z,1.016,17.2,-9999,Esperance,-35996.4,MURAT_202002_MRE,6,June,35.4,12.8,18.7
2020-06-09T01:00:00Z,1.17,17.1,-9999,Esperance,-35996.4,MURAT_202002_MRE,6,June,35.4,12.8,18.7
2020-06-09T02:00:00Z,1.265,17.1,-9999,Esperance,-35996.4,MURAT_202002_MRE,6,June,35.4,12.8,18.7
2020-06-09T03:00:00Z,1.367,17.2,-9999,Esperance,-35996.4,MURAT_202002_MRE,6,June,35.4,12.8,18.7
2020-06-09T04:00:00Z,1.381,17.2,-9999,Esperance,-35996.4,MURAT_202002_MRE,6,June,35.4,12.8,18.7
2020-06-09T05:00:00Z,1.334,17.2,-9999,Esperance,-35996.4,MURAT_202002_MRE,6,June,35.4,12.8,18.7
2020-06-09T06:00:00Z,1.27,17.2,-9999,Esperance,-35996.4,MURAT_202002_MRE,6,June,35.4,12.8,18.7
2020-06-09T07:00:00Z,1.173,17.3,-9999,Esperance,-35996.4,MURAT_202002_MRE,6,June,35.4,12.8,18.7
2020-06-09T08:00:00Z,1.072,17.5,-9999,Esperance,-35996.4,MURAT_202002_MRE,6,June,35.4,12.8,18.7
2020-06-09T09:00:00Z,0.943,17.5,-9999,Esperance,-35996.4,MURAT_202002_MRE,6,June,35.4,12.8,18.7
2020-06-09T10:00:00Z,0.837,17.5,-9999,Esperance,-35996.4,MURAT_202002_MRE,6,June,35.4,12.8,18.7
2020-06-09T11:00:00Z,0.773,17.5,-9999,Esperance,-35996.4,MURAT_202002_MRE,6,June,35.4,12.8,18.7
2020-06-09T12:00:00Z,0.706,17.5,-9999,Esperance,-35996.4,MURAT_202002_MRE,6,June,35.4,12.8,18.7
2020-06-09T13:00:00Z,0.699,17.5,-9999,Esperance,-35996.4,MURAT_202002_MRE,6,June,35.4,12.8,18.7
2020-06-09T14:00:00Z,0.731,17.4,-9999,Esperance,-35996.4,MURAT_202002_MRE,6,June,35.4,12.8,18.7
2020-06-09T15:00:00Z,0.698,17.4,-9999,Esperance,-35996.4,MURAT_202002_MRE,6,June,35.4,12.8,18.7
2020-06-09T16:00:00Z,0.661,17.4,-9999,Esperance,-35996.4,MURAT_202002_MRE,6,June,35.4,12.8,18.7
2020-06-09T17:00:00Z,0.705,17.4,-9999,Esperance,-35996.4,MURAT_202002_MRE,6,June,35.4,12.8,18.7
2020-06-09T18:00:00Z,0.648,17.4,-9999,Esperance,-35996.4,MURAT_202002_MRE,6,June,35.4,12.8,18.7
2020-06-09T19:00:00Z,0.646,17.4,-9999,Esperance,-35996.4,MURAT_202002_MRE,6,June,35.4,12.8,18.7
2020-06-09T20:00:00Z,0.712,17.4,-9999,Esperance,-35996.4,MURAT_202002_MRE,6,June,35.4,12.8,18.7
2020-06-09T21:00:00Z,0.72,17.4,-9999,Esperance,-35996.4,MURAT_202002_MRE,6,June,35.4,12.8,18.7
2020-06-09T22:00:00Z,0.774,17.4,-9999,Esperance,-35996.4,MURAT_202002_MRE,6,June,35.4,12.8,18.7
2020-06-09T23:00:00Z,0.911,17.4,-9999,Esperance,-35996.4,MURAT_202002_MRE,6,June,35.4,12.8,18.7
2020-06-10T00:00:00Z,0.98,17.3,-9999,Esperance,-35996.4,MURAT_202002_MRE,6,June,35.4,12.8,18.7
2020-06-10T01:00:00Z,1.097,17.3,-9999,Esperance,-35996.4,MURAT_202002_MRE,6,June,35.4,12.8,18.7
2020-06-10T02:00:00Z,1.215,17.3,-9999,Esperance,-35996.4,MURAT_202002_MRE,6,June,35.4,12.8,18.7
2020-06-10T03:00:00Z,1.284,17.4,-9999,Esperance,-35996.4,MURAT_202002_MRE,6,June,35.4,12.8,18.7
2020-06-10T04:00:00Z,1.312,17.4,-9999,Esperance,-35996.4,MURAT_202002_MRE,6,June,35.4,12.8,18.7
2020-06-10T05:00:00Z,1.35,17.5,-9999,Esperance,-35996.4,MURAT_202002_MRE,6,June,35.4,12.8,18.7
2020-06-10T06:00:00Z,1.285,17.5,-9999,Esperance,-35996.4,MURAT_202002_MRE,6,June,35.4,12.8,18.7
2020-06-10T07:00:00Z,1.211,17.5,-9999,Esperance,-35996.4,MURAT_202002_MRE,6,June,35.4,12.8,18.7
2020-06-10T08:00:00Z,1.147,17.5,-9999,Esperance,-35996.4,MURAT_202002_MRE,6,June,35.4,12.8,18.7
2020-06-10T09:00:00Z,1.056,17.5,-9999,Esperance,-35996.4,MURAT_202002_MRE,6,June,35.4,12.8,18.7
2020-06-10T10:00:00Z,0.892,17.5,-9999,Esperance,-35996.4,MURAT_202002_MRE,6,June,35.4,12.8,18.7
2020-06-10T11:00:00Z,0.86,17.5,-9999,Esperance,-35996.4,MURAT_202002_MRE,6,June,35.4,12.8,18.7
2020-06-10T12:00:00Z,0.822,17.5,-9999,Esperance,-35996.4,MURAT_202002_MRE,6,June,35.4,12.8,18.7
2020-06-10T13:00:00Z,0.757,17.4,-9999,Esperance,-35996.4,MURAT_202002_MRE,6,June,35.4,12.8,18.7
2020-06-10T14:00:00Z,0.773,17.4,-9999,Esperance,-35996.4,MURAT_202002_MRE,6,June,35.4,12.8,18.7
2020-06-10T15:00:00Z,0.782,17.5,-9999,Esperance,-35996.4,MURAT_202002_MRE,6,June,35.4,12.8,18.7
2020-06-10T16:00:00Z,0.743,17.5,-9999,Esperance,-35996.4,MURAT_202002_MRE,6,June,35.4,12.8,18.7
2020-06-10T17:00:00Z,0.73,17.4,-9999,Esperance,-35996.4,MURAT_202002_MRE,6,June,35.4,12.8,18.7
2020-06-10T18:00:00Z,0.706,17.4,-9999,Esperance,-35996.4,MURAT_202002_MRE,6,June,35.4,12.8,18.7
2020-06-10T19:00:00Z,0.704,17.4,-9999,Esperance,-35996.4,MURAT_202002_MRE,6,June,35.4,12.8,18.7
2020-06-10T20:00:00Z,0.716,17.4,-9999,Esperance,-35996.4,MURAT_202002_MRE,6,June,35.4,12.8,18.7
2020-06-10T21:00:00Z,0.758,17.4,-9999,Esperance,-35996.4,MURAT_202002_MRE,6,June,35.4,12.8,18.7
2020-06-10T22:00:00Z,0.842,17.4,-9999,Esperance,-35996.4,MURAT_202002_MRE,6,June,35.4,12.8,18.7
2020-06-10T23:00:00Z,0.898,17.3,-9999,Esperance,-35996.4,MURAT_202002_MRE,6,June,35.4,12.8,18.7
2020-06-11T00:00:00Z,0.964,17.3,-9999,Esperance,-35996.4,MURAT_202002_MRE,6,June,35.4,12.8,18.7
2020-06-11T01:00:00Z,1.092,17.3,-9999,Esperance,-35996.4,MURAT_202002_MRE,6,June,35.4,12.8,18.7
2020-06-11T02:00:00Z,1.191,17.3,-9999,Esperance,-35996.4,MURAT_202002_MRE,6,June,35.4,12.8,18.7
2020-06-11T03:00:00Z,1.267,17.2,-9999,Esperance,-35996.4,MURAT_202002_MRE,6,June,35.4,12.8,18.7
2020-06-11T04:00:00Z,1.319,17.3,-9999,Esperance,-35996.4,MURAT_202002_MRE,6,June,35.4,12.8,18.7
2020-06-11T05:00:00Z,1.342,17.2,-9999,Esperance,-35996.4,MURAT_202002_MRE,6,June,35.4,12.8,18.7
2020-06-11T06:00:00Z,1.321,17.2,-9999,Esperance,-35996.4,MURAT_202002_MRE,6,June,35.4,12.8,18.7
2020-06-11T07:00:00Z,1.242,17.2,-9999,Esperance,-35996.4,MURAT_202002_MRE,6,June,35.4,12.8,18.7
2020-06-11T08:00:00Z,1.199,17.2,-9999,Esperance,-35996.4,MURAT_202002_MRE,6,June,35.4,12.8,18.7
2020-06-11T09:00:00Z,1.115,17.2,-9999,Esperance,-35996.4,MURAT_202002_MRE,6,June,35.4,12.8,18.7
2020-06-11T10:00:00Z,1.004,17.2,-9999,Esperance,-35996.4,MURAT_202002_MRE,6,June,35.4,12.8,18.7
2020-06-11T11:00:00Z,0.993,17.2,-9999,Esperance,-35996.4,MURAT_202002_MRE,6,June,35.4,12.8,18.7
2020-06-11T12:00:00Z,0.913,17.2,-9999,Esperance,-35996.4,MURAT_202002_MRE,6,June,35.4,12.8,18.7
2020-06-11T13:00:00Z,0.855,17.2,-9999,Esperance,-35996.4,MURAT_202002_MRE,6,June,35.4,12.8,18.7
2020-06-11T14:00:00Z,0.904,17.1,-9999,Esperance,-35996.4,MURAT_202002_MRE,6,June,35.4,12.8,18.7
2020-06-11T15:00:00Z,0.891,17.1,-9999,Esperance,-35996.4,MURAT_202002_MRE,6,June,35.4,12.8,18.7
2020-06-11T16:00:00Z,0.854,17.1,-9999,Esperance,-35996.4,MURAT_202002_MRE,6,June,35.4,12.8,18.7
2020-06-11T17:00:00Z,0.863,17.1,-9999,Esperance,-35996.4,MURAT_202002_MRE,6,June,35.4,12.8,18.7
2020-06-11T18:00:00Z,0.865,17.1,-9999,Esperance,-35996.4,MURAT_202002_MRE,6,June,35.4,12.8,18.7
2020-06-11T19:00:00Z,0.844,17.1,-9999,Esperance,-35996.4,MURAT_202002_MRE,6,June,35.4,12.8,18.7
2020-06-11T20:00:00Z,0.865,17.1,-9999,Esperance,-35996.4,MURAT_202002_MRE,6,June,35.4,12.8,18.7
2020-06-11T21:00:00Z,0.926,17.1,-9999,Esperance,-35996.4,MURAT_202002_MRE,6,June,35.4,12.8,18.7
2020-06-11T22:00:00Z,0.982,17.1,-9999,Esperance,-35996.4,MURAT_202002_MRE,6,June,35.4,12.8,18.7
2020-06-11T23:00:00Z,1.037,17.1,-9999,Esperance,-35996.4,MURAT_202002_MRE,6,June,35.4,12.8,18.7
2020-06-12T00:00:00Z,1.156,17.1,-9999,Esperance,-35996.4,MURAT_202002_MRE,6,June,35.4,12.8,18.7
2020-06-12T01:00:00Z,1.252,17.1,-9999,Esperance,-35996.4,MURAT_202002_MRE,6,June,35.4,12.8,18.7
2020-06-12T02:00:00Z,1.261,17.1,-9999,Esperance,-35996.4,MURAT_202002_MRE,6,June,35.4,12.8,18.7
2020-06-12T03:00:00Z,1.348,17.1,-9999,Esperance,-35996.4,MURAT_202002_MRE,6,June,35.4,12.8,18.7
2020-06-12T04:00:00Z,1.483,17.1,-9999,Esperance,-35996.4,MURAT_202002_MRE,6,June,35.4,12.8,18.7
2020-06-12T05:00:00Z,1.431,17.1,-9999,Esperance,-35996.4,MURAT_202002_MRE,6,June,35.4,12.8,18.7
2020-06-12T06:00:00Z,1.389,17.1,-9999,Esperance,-35996.4,MURAT_202002_MRE,6,June,35.4,12.8,18.7
2020-06-12T07:00:00Z,1.424,17.1,-9999,Esperance,-35996.4,MURAT_202002_MRE,6,June,35.4,12.8,18.7
2020-06-12T08:00:00Z,1.301,17.1,-9999,Esperance,-35996.4,MURAT_202002_MRE,6,June,35.4,12.8,18.7
2020-06-12T09:00:00Z,1.254,17.1,-9999,Esperance,-35996.4,MURAT_202002_MRE,6,June,35.4,12.8,18.7
2020-06-12T10:00:00Z,1.191,17.1,-9999,Esperance,-35996.4,MURAT_202002_MRE,6,June,35.4,12.8,18.7
2020-06-12T11:00:00Z,1.1,17.1,-9999,Esperance,-35996.4,MURAT_202002_MRE,6,June,35.4,12.8,18.7
2020-06-12T12:00:00Z,1.038,17.1,-9999,Esperance,-35996.4,MURAT_202002_MRE,6,June,35.4,12.8,18.7
2020-06-12T13:00:00Z,1.068,17.1,-9999,Esperance,-35996.4,MURAT_202002_MRE,6,June,35.4,12.8,18.7
2020-06-12T14:00:00Z,1.012,17.1,-9999,Esperance,-35996.4,MURAT_202002_MRE,6,June,35.4,12.8,18.7
2020-06-12T15:00:00Z,1.027,17.1,-9999,Esperance,-35996.4,MURAT_202002_MRE,6,June,35.4,12.8,18.7
2020-06-12T16:00:00Z,0.999,17.1,-9999,Esperance,-35996.4,MURAT_202002_MRE,6,June,35.4,12.8,18.7
2020-06-12T17:00:00Z,0.983,17,-9999,Esperance,-35996.4,MURAT_202002_MRE,6,June,35.4,12.8,18.7
2020-06-12T18:00:00Z,0.976,17.1,-9999,Esperance,-35996.4,MURAT_202002_MRE,6,June,35.4,12.8,18.7
2020-06-12T19:00:00Z,0.973,17.1,-9999,Esperance,-35996.4,MURAT_202002_MRE,6,June,35.4,12.8,18.7
2020-06-12T20:00:00Z,0.921,17.1,-9999,Esperance,-35996.4,MURAT_202002_MRE,6,June,35.4,12.8,18.7
2020-06-12T21:00:00Z,0.998,17.1,-9999,Esperance,-35996.4,MURAT_202002_MRE,6,June,35.4,12.8,18.7
2020-06-12T22:00:00Z,1.008,17,-9999,Esperance,-35996.4,MURAT_202002_MRE,6,June,35.4,12.8,18.7
2020-06-12T23:00:00Z,1.039,17.1,-9999,Esperance,-35996.4,MURAT_202002_MRE,6,June,35.4,12.8,18.7
2020-06-13T00:00:00Z,1.074,17.1,-9999,Esperance,-35996.4,MURAT_202002_MRE,6,June,35.4,12.8,18.7
2020-06-13T01:00:00Z,1.129,17.1,-9999,Esperance,-35996.4,MURAT_202002_MRE,6,June,35.4,12.8,18.7
2020-06-13T02:00:00Z,1.129,17.1,-9999,Esperance,-35996.4,MURAT_202002_MRE,6,June,35.4,12.8,18.7
2020-06-13T03:00:00Z,1.184,17.1,-9999,Esperance,-35996.4,MURAT_202002_MRE,6,June,35.4,12.8,18.7
2020-06-13T04:00:00Z,1.194,17.1,-9999,Esperance,-35996.4,MURAT_202002_MRE,6,June,35.4,12.8,18.7
2020-06-13T05:00:00Z,1.22,17.1,-9999,Esperance,-35996.4,MURAT_202002_MRE,6,June,35.4,12.8,18.7
2020-06-13T06:00:00Z,1.176,17.1,-9999,Esperance,-35996.4,MURAT_202002_MRE,6,June,35.4,12.8,18.7
2020-06-13T07:00:00Z,1.18,17.1,-9999,Esperance,-35996.4,MURAT_202002_MRE,6,June,35.4,12.8,18.7
2020-06-13T08:00:00Z,1.155,17.1,-9999,Esperance,-35996.4,MURAT_202002_MRE,6,June,35.4,12.8,18.7
2020-06-13T09:00:00Z,1.056,17.1,-9999,Esperance,-35996.4,MURAT_202002_MRE,6,June,35.4,12.8,18.7
2020-06-13T10:00:00Z,1.043,17.1,-9999,Esperance,-35996.4,MURAT_202002_MRE,6,June,35.4,12.8,18.7
2020-06-13T11:00:00Z,0.98,17.1,-9999,Esperance,-35996.4,MURAT_202002_MRE,6,June,35.4,12.8,18.7
2020-06-13T12:00:00Z,0.909,17,-9999,Esperance,-35996.4,MURAT_202002_MRE,6,June,35.4,12.8,18.7
2020-06-13T13:00:00Z,0.933,17,-9999,Esperance,-35996.4,MURAT_202002_MRE,6,June,35.4,12.8,18.7
2020-06-13T14:00:00Z,0.872,17,-9999,Esperance,-35996.4,MURAT_202002_MRE,6,June,35.4,12.8,18.7
2020-06-13T15:00:00Z,0.848,17,-9999,Esperance,-35996.4,MURAT_202002_MRE,6,June,35.4,12.8,18.7
2020-06-13T16:00:00Z,0.841,16.9,-9999,Esperance,-35996.4,MURAT_202002_MRE,6,June,35.4,12.8,18.7
2020-06-13T17:00:00Z,0.829,16.9,-9999,Esperance,-35996.4,MURAT_202002_MRE,6,June,35.4,12.8,18.7
2020-06-13T18:00:00Z,0.873,17,-9999,Esperance,-35996.4,MURAT_202002_MRE,6,June,35.4,12.8,18.7
2020-06-13T19:00:00Z,0.816,16.9,-9999,Esperance,-35996.4,MURAT_202002_MRE,6,June,35.4,12.8,18.7
2020-06-13T20:00:00Z,0.869,16.9,-9999,Esperance,-35996.4,MURAT_202002_MRE,6,June,35.4,12.8,18.7
2020-06-13T21:00:00Z,0.921,16.9,-9999,Esperance,-35996.4,MURAT_202002_MRE,6,June,35.4,12.8,18.7
2020-06-13T22:00:00Z,0.941,16.9,-9999,Esperance,-35996.4,MURAT_202002_MRE,6,June,35.4,12.8,18.7
2020-06-13T23:00:00Z,1.002,16.9,-9999,Esperance,-35996.4,MURAT_202002_MRE,6,June,35.4,12.8,18.7
2020-06-14T00:00:00Z,1.021,16.9,-9999,Esperance,-35996.4,MURAT_202002_MRE,6,June,35.4,12.8,18.7
2020-06-14T01:00:00Z,1.061,16.9,-9999,Esperance,-35996.4,MURAT_202002_MRE,6,June,35.4,12.8,18.7
2020-06-14T02:00:00Z,1.037,16.9,-9999,Esperance,-35996.4,MURAT_202002_MRE,6,June,35.4,12.8,18.7
2020-06-14T03:00:00Z,1.048,16.9,-9999,Esperance,-35996.4,MURAT_202002_MRE,6,June,35.4,12.8,18.7
2020-06-14T04:00:00Z,1.061,17,-9999,Esperance,-35996.4,MURAT_202002_MRE,6,June,35.4,12.8,18.7
2020-06-14T05:00:00Z,1.021,17.1,-9999,Esperance,-35996.4,MURAT_202002_MRE,6,June,35.4,12.8,18.7
2020-06-14T06:00:00Z,1.044,17.1,-9999,Esperance,-35996.4,MURAT_202002_MRE,6,June,35.4,12.8,18.7
2020-06-14T07:00:00Z,1.044,17.1,-9999,Esperance,-35996.4,MURAT_202002_MRE,6,June,35.4,12.8,18.7
2020-06-14T08:00:00Z,1.005,17.1,-9999,Esperance,-35996.4,MURAT_202002_MRE,6,June,35.4,12.8,18.7
2020-06-14T09:00:00Z,0.978,17.2,-9999,Esperance,-35996.4,MURAT_202002_MRE,6,June,35.4,12.8,18.7
2020-06-14T10:00:00Z,0.934,17.2,-9999,Esperance,-35996.4,MURAT_202002_MRE,6,June,35.4,12.8,18.7
2020-06-14T11:00:00Z,0.903,17.2,-9999,Esperance,-35996.4,MURAT_202002_MRE,6,June,35.4,12.8,18.7
2020-06-14T12:00:00Z,0.89,17.3,-9999,Esperance,-35996.4,MURAT_202002_MRE,6,June,35.4,12.8,18.7
2020-06-14T13:00:00Z,0.868,17.3,-9999,Esperance,-35996.4,MURAT_202002_MRE,6,June,35.4,12.8,18.7
2020-06-14T14:00:00Z,0.83,17.3,-9999,Esperance,-35996.4,MURAT_202002_MRE,6,June,35.4,12.8,18.7
2020-06-14T15:00:00Z,0.805,17.2,-9999,Esperance,-35996.4,MURAT_202002_MRE,6,June,35.4,12.8,18.7
2020-06-14T16:00:00Z,0.809,17.2,-9999,Esperance,-35996.4,MURAT_202002_MRE,6,June,35.4,12.8,18.7
2020-06-14T17:00:00Z,0.795,17.2,-9999,Esperance,-35996.4,MURAT_202002_MRE,6,June,35.4,12.8,18.7
2020-06-14T18:00:00Z,0.791,17.2,-9999,Esperance,-35996.4,MURAT_202002_MRE,6,June,35.4,12.8,18.7
2020-06-14T19:00:00Z,0.82,17.1,-9999,Esperance,-35996.4,MURAT_202002_MRE,6,June,35.4,12.8,18.7
2020-06-14T20:00:00Z,0.845,17.1,-9999,Esperance,-35996.4,MURAT_202002_MRE,6,June,35.4,12.8,18.7
2020-06-14T21:00:00Z,0.876,17.1,-9999,Esperance,-35996.4,MURAT_202002_MRE,6,June,35.4,12.8,18.7
2020-06-14T22:00:00Z,0.977,17.1,-9999,Esperance,-35996.4,MURAT_202002_MRE,6,June,35.4,12.8,18.7
2020-06-14T23:00:00Z,0.991,17.1,-9999,Esperance,-35996.4,MURAT_202002_MRE,6,June,35.4,12.8,18.7
2020-06-15T00:00:00Z,1.011,17.1,-9999,Esperance,-35996.4,MURAT_202002_MRE,6,June,35.4,12.8,18.7
2020-06-15T01:00:00Z,1.06,17.1,-9999,Esperance,-35996.4,MURAT_202002_MRE,6,June,35.4,12.8,18.7
2020-06-15T02:00:00Z,1.011,17.1,-9999,Esperance,-35996.4,MURAT_202002_MRE,6,June,35.4,12.8,18.7
2020-06-15T03:00:00Z,0.955,17.1,-9999,Esperance,-35996.4,MURAT_202002_MRE,6,June,35.4,12.8,18.7
2020-06-15T04:00:00Z,0.951,17.3,-9999,Esperance,-35996.4,MURAT_202002_MRE,6,June,35.4,12.8,18.7
2020-06-15T05:00:00Z,0.902,17.3,-9999,Esperance,-35996.4,MURAT_202002_MRE,6,June,35.4,12.8,18.7
2020-06-15T06:00:00Z,0.877,17.4,-9999,Esperance,-35996.4,MURAT_202002_MRE,6,June,35.4,12.8,18.7
2020-06-15T07:00:00Z,0.905,17.4,-9999,Esperance,-35996.4,MURAT_202002_MRE,6,June,35.4,12.8,18.7
2020-06-15T08:00:00Z,0.872,17.5,-9999,Esperance,-35996.4,MURAT_202002_MRE,6,June,35.4,12.8,18.7
2020-06-15T09:00:00Z,0.847,17.5,-9999,Esperance,-35996.4,MURAT_202002_MRE,6,June,35.4,12.8,18.7
2020-06-15T10:00:00Z,0.847,17.5,-9999,Esperance,-35996.4,MURAT_202002_MRE,6,June,35.4,12.8,18.7
2020-06-15T11:00:00Z,0.829,17.5,-9999,Esperance,-35996.4,MURAT_202002_MRE,6,June,35.4,12.8,18.7
2020-06-15T12:00:00Z,0.797,17.5,-9999,Esperance,-35996.4,MURAT_202002_MRE,6,June,35.4,12.8,18.7
2020-06-15T13:00:00Z,0.803,17.5,-9999,Esperance,-35996.4,MURAT_202002_MRE,6,June,35.4,12.8,18.7
2020-06-15T14:00:00Z,0.78,17.5,-9999,Esperance,-35996.4,MURAT_202002_MRE,6,June,35.4,12.8,18.7
2020-06-15T15:00:00Z,0.723,17.5,-9999,Esperance,-35996.4,MURAT_202002_MRE,6,June,35.4,12.8,18.7
2020-06-15T16:00:00Z,0.689,17.5,-9999,Esperance,-35996.4,MURAT_202002_MRE,6,June,35.4,12.8,18.7
2020-06-15T17:00:00Z,0.672,17.5,-9999,Esperance,-35996.4,MURAT_202002_MRE,6,June,35.4,12.8,18.7
2020-06-15T18:00:00Z,0.648,17.5,-9999,Esperance,-35996.4,MURAT_202002_MRE,6,June,35.4,12.8,18.7
2020-06-15T19:00:00Z,0.685,17.5,-9999,Esperance,-35996.4,MURAT_202002_MRE,6,June,35.4,12.8,18.7
2020-06-15T20:00:00Z,0.717,17.5,-9999,Esperance,-35996.4,MURAT_202002_MRE,6,June,35.4,12.8,18.7
2020-06-15T21:00:00Z,0.775,17.4,-9999,Esperance,-35996.4,MURAT_202002_MRE,6,June,35.4,12.8,18.7
2020-06-15T22:00:00Z,0.883,17.4,-9999,Esperance,-35996.4,MURAT_202002_MRE,6,June,35.4,12.8,18.7
2020-06-15T23:00:00Z,0.92,-9999,-9999,Esperance,-35996.4,MURAT_202002_MRE,6,June,35.4,12.8,18.7
2020-06-16T00:00:00Z,0.97,17.4,-9999,Esperance,-35996.4,MURAT_202002_MRE,6,June,35.4,12.8,18.7
2020-06-16T01:00:00Z,0.996,17.4,-9999,Esperance,-35996.4,MURAT_202002_MRE,6,June,35.4,12.8,18.7
2020-06-16T02:00:00Z,0.947,17.4,-9999,Esperance,-35996.4,MURAT_202002_MRE,6,June,35.4,12.8,18.7
2020-06-16T03:00:00Z,0.891,17.4,-9999,Esperance,-35996.4,MURAT_202002_MRE,6,June,35.4,12.8,18.7
2020-06-16T04:00:00Z,0.842,17.4,-9999,Esperance,-35996.4,MURAT_202002_MRE,6,June,35.4,12.8,18.7
2020-06-16T05:00:00Z,0.772,17.5,-9999,Esperance,-35996.4,MURAT_202002_MRE,6,June,35.4,12.8,18.7
2020-06-16T06:00:00Z,0.71,17.5,-9999,Esperance,-35996.4,MURAT_202002_MRE,6,June,35.4,12.8,18.7
2020-06-16T07:00:00Z,0.686,17.5,-9999,Esperance,-35996.4,MURAT_202002_MRE,6,June,35.4,12.8,18.7
2020-06-16T08:00:00Z,0.709,17.4,-9999,Esperance,-35996.4,MURAT_202002_MRE,6,June,35.4,12.8,18.7
2020-06-16T09:00:00Z,0.676,17.5,-9999,Esperance,-35996.4,MURAT_202002_MRE,6,June,35.4,12.8,18.7
2020-06-16T10:00:00Z,0.684,17.6,-9999,Esperance,-35996.4,MURAT_202002_MRE,6,June,35.4,12.8,18.7
2020-06-16T11:00:00Z,0.703,17.6,-9999,Esperance,-35996.4,MURAT_202002_MRE,6,June,35.4,12.8,18.7
2020-06-16T12:00:00Z,0.715,17.5,-9999,Esperance,-35996.4,MURAT_202002_MRE,6,June,35.4,12.8,18.7
2020-06-16T13:00:00Z,0.701,17.5,-9999,Esperance,-35996.4,MURAT_202002_MRE,6,June,35.4,12.8,18.7
2020-06-16T14:00:00Z,0.719,17.5,-9999,Esperance,-35996.4,MURAT_202002_MRE,6,June,35.4,12.8,18.7
2020-06-16T15:00:00Z,0.657,17.5,-9999,Esperance,-35996.4,MURAT_202002_MRE,6,June,35.4,12.8,18.7
2020-06-16T16:00:00Z,0.606,17.4,-9999,Esperance,-35996.4,MURAT_202002_MRE,6,June,35.4,12.8,18.7
2020-06-16T17:00:00Z,0.62,17.4,-9999,Esperance,-35996.4,MURAT_202002_MRE,6,June,35.4,12.8,18.7
2020-06-16T18:00:00Z,0.588,17.4,-9999,Esperance,-35996.4,MURAT_202002_MRE,6,June,35.4,12.8,18.7
2020-06-16T19:00:00Z,0.598,17.4,-9999,Esperance,-35996.4,MURAT_202002_MRE,6,June,35.4,12.8,18.7
2020-06-16T20:00:00Z,0.708,17.4,-9999,Esperance,-35996.4,MURAT_202002_MRE,6,June,35.4,12.8,18.7
2020-06-16T21:00:00Z,0.758,17.4,-9999,Esperance,-35996.4,MURAT_202002_MRE,6,June,35.4,12.8,18.7
2020-06-16T22:00:00Z,0.891,17.4,-9999,Esperance,-35996.4,MURAT_202002_MRE,6,June,35.4,12.8,18.7
2020-06-16T23:00:00Z,0.979,17.4,-9999,Esperance,-35996.4,MURAT_202002_MRE,6,June,35.4,12.8,18.7
2020-06-17T00:00:00Z,1.046,17.3,-9999,Esperance,-35996.4,MURAT_202002_MRE,6,June,35.4,12.8,18.7
2020-06-17T01:00:00Z,1.09,17.2,-9999,Esperance,-35996.4,MURAT_202002_MRE,6,June,35.4,12.8,18.7
2020-06-17T02:00:00Z,1.055,17.3,-9999,Esperance,-35996.4,MURAT_202002_MRE,6,June,35.4,12.8,18.7
2020-06-17T03:00:00Z,1.058,17.2,-9999,Esperance,-35996.4,MURAT_202002_MRE,6,June,35.4,12.8,18.7
2020-06-17T04:00:00Z,0.95,17.1,-9999,Esperance,-35996.4,MURAT_202002_MRE,6,June,35.4,12.8,18.7
2020-06-17T05:00:00Z,0.845,17.1,-9999,Esperance,-35996.4,MURAT_202002_MRE,6,June,35.4,12.8,18.7
2020-06-17T06:00:00Z,0.803,17.1,-9999,Esperance,-35996.4,MURAT_202002_MRE,6,June,35.4,12.8,18.7
2020-06-17T07:00:00Z,0.73,17.1,-9999,Esperance,-35996.4,MURAT_202002_MRE,6,June,35.4,12.8,18.7
2020-06-17T08:00:00Z,0.762,17.1,-9999,Esperance,-35996.4,MURAT_202002_MRE,6,June,35.4,12.8,18.7
2020-06-17T09:00:00Z,0.765,17,-9999,Esperance,-35996.4,MURAT_202002_MRE,6,June,35.4,12.8,18.7
2020-06-17T10:00:00Z,0.774,17,-9999,Esperance,-35996.4,MURAT_202002_MRE,6,June,35.4,12.8,18.7
2020-06-17T11:00:00Z,0.838,17.1,-9999,Esperance,-35996.4,MURAT_202002_MRE,6,June,35.4,12.8,18.7
2020-06-17T12:00:00Z,0.853,17.1,-9999,Esperance,-35996.4,MURAT_202002_MRE,6,June,35.4,12.8,18.7
2020-06-17T13:00:00Z,0.895,17.1,-9999,Esperance,-35996.4,MURAT_202002_MRE,6,June,35.4,12.8,18.7
2020-06-17T14:00:00Z,0.867,17.1,-9999,Esperance,-35996.4,MURAT_202002_MRE,6,June,35.4,12.8,18.7
2020-06-17T15:00:00Z,0.906,17.1,-9999,Esperance,-35996.4,MURAT_202002_MRE,6,June,35.4,12.8,18.7
2020-06-17T16:00:00Z,0.831,17.1,-9999,Esperance,-35996.4,MURAT_202002_MRE,6,June,35.4,12.8,18.7
2020-06-17T17:00:00Z,0.799,17.1,-9999,Esperance,-35996.4,MURAT_202002_MRE,6,June,35.4,12.8,18.7
2020-06-17T18:00:00Z,0.827,17.1,-9999,Esperance,-35996.4,MURAT_202002_MRE,6,June,35.4,12.8,18.7
2020-06-17T19:00:00Z,0.819,17.1,-9999,Esperance,-35996.4,MURAT_202002_MRE,6,June,35.4,12.8,18.7
2020-06-17T20:00:00Z,0.884,17.1,-9999,Esperance,-35996.4,MURAT_202002_MRE,6,June,35.4,12.8,18.7
2020-06-17T21:00:00Z,1.021,17.1,-9999,Esperance,-35996.4,MURAT_202002_MRE,6,June,35.4,12.8,18.7
2020-06-17T22:00:00Z,1.134,17.1,-9999,Esperance,-35996.4,MURAT_202002_MRE,6,June,35.4,12.8,18.7
2020-06-17T23:00:00Z,1.279,17.1,-9999,Esperance,-35996.4,MURAT_202002_MRE,6,June,35.4,12.8,18.7
2020-06-18T00:00:00Z,1.325,17,-9999,Esperance,-35996.4,MURAT_202002_MRE,6,June,35.4,12.8,18.7
2020-06-18T01:00:00Z,1.437,17,-9999,Esperance,-35996.4,MURAT_202002_MRE,6,June,35.4,12.8,18.7
2020-06-18T02:00:00Z,1.386,17,-9999,Esperance,-35996.4,MURAT_202002_MRE,6,June,35.4,12.8,18.7
2020-06-18T03:00:00Z,1.339,17,-9999,Esperance,-35996.4,MURAT_202002_MRE,6,June,35.4,12.8,18.7
2020-06-18T04:00:00Z,1.273,17.1,-9999,Esperance,-35996.4,MURAT_202002_MRE,6,June,35.4,12.8,18.7
2020-06-18T05:00:00Z,1.089,17.2,-9999,Esperance,-35996.4,MURAT_202002_MRE,6,June,35.4,12.8,18.7
2020-06-18T06:00:00Z,1.001,17.3,-9999,Esperance,-35996.4,MURAT_202002_MRE,6,June,35.4,12.8,18.7
2020-06-18T07:00:00Z,0.895,17.3,-9999,Esperance,-35996.4,MURAT_202002_MRE,6,June,35.4,12.8,18.7
2020-06-18T08:00:00Z,0.849,17.3,-9999,Esperance,-35996.4,MURAT_202002_MRE,6,June,35.4,12.8,18.7
2020-06-18T09:00:00Z,0.871,17.3,-9999,Esperance,-35996.4,MURAT_202002_MRE,6,June,35.4,12.8,18.7
2020-06-18T10:00:00Z,0.859,17.3,-9999,Esperance,-35996.4,MURAT_202002_MRE,6,June,35.4,12.8,18.7
2020-06-18T11:00:00Z,0.948,17.3,-9999,Esperance,-35996.4,MURAT_202002_MRE,6,June,35.4,12.8,18.7
2020-06-18T12:00:00Z,0.945,17.3,-9999,Esperance,-35996.4,MURAT_202002_MRE,6,June,35.4,12.8,18.7
2020-06-18T13:00:00Z,1.037,17.3,-9999,Esperance,-35996.4,MURAT_202002_MRE,6,June,35.4,12.8,18.7
2020-06-18T14:00:00Z,1.056,17.3,-9999,Esperance,-35996.4,MURAT_202002_MRE,6,June,35.4,12.8,18.7
2020-06-18T15:00:00Z,0.982,17.3,-9999,Esperance,-35996.4,MURAT_202002_MRE,6,June,35.4,12.8,18.7
2020-06-18T16:00:00Z,0.977,17.3,-9999,Esperance,-35996.4,MURAT_202002_MRE,6,June,35.4,12.8,18.7
2020-06-18T17:00:00Z,0.907,17.3,-9999,Esperance,-35996.4,MURAT_202002_MRE,6,June,35.4,12.8,18.7
2020-06-18T18:00:00Z,0.824,17.2,-9999,Esperance,-35996.4,MURAT_202002_MRE,6,June,35.4,12.8,18.7
2020-06-18T19:00:00Z,0.832,17.2,-9999,Esperance,-35996.4,MURAT_202002_MRE,6,June,35.4,12.8,18.7
2020-06-18T20:00:00Z,0.869,17.2,-9999,Esperance,-35996.4,MURAT_202002_MRE,6,June,35.4,12.8,18.7
2020-06-18T21:00:00Z,0.942,17.2,-9999,Esperance,-35996.4,MURAT_202002_MRE,6,June,35.4,12.8,18.7
2020-06-18T22:00:00Z,1.072,17.2,-9999,Esperance,-35996.4,MURAT_202002_MRE,6,June,35.4,12.8,18.7
2020-06-18T23:00:00Z,1.22,17.2,-9999,Esperance,-35996.4,MURAT_202002_MRE,6,June,35.4,12.8,18.7
2020-06-19T00:00:00Z,1.324,17.2,-9999,Esperance,-35996.4,MURAT_202002_MRE,6,June,35.4,12.8,18.7
2020-06-19T01:00:00Z,1.367,17.2,-9999,Esperance,-35996.4,MURAT_202002_MRE,6,June,35.4,12.8,18.7
2020-06-19T02:00:00Z,1.388,17.2,-9999,Esperance,-35996.4,MURAT_202002_MRE,6,June,35.4,12.8,18.7
2020-06-19T03:00:00Z,1.311,17.2,-9999,Esperance,-35996.4,MURAT_202002_MRE,6,June,35.4,12.8,18.7
2020-06-19T04:00:00Z,1.175,17.2,-9999,Esperance,-35996.4,MURAT_202002_MRE,6,June,35.4,12.8,18.7
2020-06-19T05:00:00Z,1.028,17.2,-9999,Esperance,-35996.4,MURAT_202002_MRE,6,June,35.4,12.8,18.7
2020-06-19T06:00:00Z,0.85,17.2,-9999,Esperance,-35996.4,MURAT_202002_MRE,6,June,35.4,12.8,18.7
2020-06-19T07:00:00Z,0.688,17.2,-9999,Esperance,-35996.4,MURAT_202002_MRE,6,June,35.4,12.8,18.7
2020-06-19T08:00:00Z,0.601,17.2,-9999,Esperance,-35996.4,MURAT_202002_MRE,6,June,35.4,12.8,18.7
2020-06-19T09:00:00Z,0.543,17.2,-9999,Esperance,-35996.4,MURAT_202002_MRE,6,June,35.4,12.8,18.7
2020-06-19T10:00:00Z,0.52,17.1,-9999,Esperance,-35996.4,MURAT_202002_MRE,6,June,35.4,12.8,18.7
2020-06-19T11:00:00Z,0.592,17.1,-9999,Esperance,-35996.4,MURAT_202002_MRE,6,June,35.4,12.8,18.7
2020-06-19T12:00:00Z,0.639,17.1,-9999,Esperance,-35996.4,MURAT_202002_MRE,6,June,35.4,12.8,18.7
2020-06-19T13:00:00Z,0.667,17.1,-9999,Esperance,-35996.4,MURAT_202002_MRE,6,June,35.4,12.8,18.7
2020-06-19T14:00:00Z,0.721,17.1,-9999,Esperance,-35996.4,MURAT_202002_MRE,6,June,35.4,12.8,18.7
2020-06-19T15:00:00Z,0.703,17.1,-9999,Esperance,-35996.4,MURAT_202002_MRE,6,June,35.4,12.8,18.7
2020-06-19T16:00:00Z,0.653,17.1,-9999,Esperance,-35996.4,MURAT_202002_MRE,6,June,35.4,12.8,18.7
2020-06-19T17:00:00Z,0.582,17.1,-9999,Esperance,-35996.4,MURAT_202002_MRE,6,June,35.4,12.8,18.7
2020-06-19T18:00:00Z,0.557,17.1,-9999,Esperance,-35996.4,MURAT_202002_MRE,6,June,35.4,12.8,18.7
2020-06-19T19:00:00Z,0.527,17.1,-9999,Esperance,-35996.4,MURAT_202002_MRE,6,June,35.4,12.8,18.7
2020-06-19T20:00:00Z,0.515,17.1,-9999,Esperance,-35996.4,MURAT_202002_MRE,6,June,35.4,12.8,18.7
2020-06-19T21:00:00Z,0.629,17.1,-9999,Esperance,-35996.4,MURAT_202002_MRE,6,June,35.4,12.8,18.7
2020-06-19T22:00:00Z,0.748,17.1,-9999,Esperance,-35996.4,MURAT_202002_MRE,6,June,35.4,12.8,18.7
2020-06-19T23:00:00Z,0.874,17.1,-9999,Esperance,-35996.4,MURAT_202002_MRE,6,June,35.4,12.8,18.7
2020-06-20T00:00:00Z,1.046,17.1,-9999,Esperance,-35996.4,MURAT_202002_MRE,6,June,35.4,12.8,18.7
2020-06-20T01:00:00Z,1.115,17.2,-9999,Esperance,-35996.4,MURAT_202002_MRE,6,June,35.4,12.8,18.7
2020-06-20T02:00:00Z,1.166,17.2,-9999,Esperance,-35996.4,MURAT_202002_MRE,6,June,35.4,12.8,18.7
2020-06-20T03:00:00Z,1.149,17.2,-9999,Esperance,-35996.4,MURAT_202002_MRE,6,June,35.4,12.8,18.7
2020-06-20T04:00:00Z,1.04,17.3,-9999,Esperance,-35996.4,MURAT_202002_MRE,6,June,35.4,12.8,18.7
2020-06-20T05:00:00Z,0.87,17.4,-9999,Esperance,-35996.4,MURAT_202002_MRE,6,June,35.4,12.8,18.7
2020-06-20T06:00:00Z,0.72,17.4,-9999,Esperance,-35996.4,MURAT_202002_MRE,6,June,35.4,12.8,18.7
2020-06-20T07:00:00Z,0.534,17.4,-9999,Esperance,-35996.4,MURAT_202002_MRE,6,June,35.4,12.8,18.7
2020-06-20T08:00:00Z,0.407,17.4,-9999,Esperance,-35996.4,MURAT_202002_MRE,6,June,35.4,12.8,18.7
2020-06-20T09:00:00Z,0.322,17.4,-9999,Esperance,-35996.4,MURAT_202002_MRE,6,June,35.4,12.8,18.7
2020-06-20T10:00:00Z,0.287,17.4,-9999,Esperance,-35996.4,MURAT_202002_MRE,6,June,35.4,12.8,18.7
2020-06-20T11:00:00Z,0.364,17.5,-9999,Esperance,-35996.4,MURAT_202002_MRE,6,June,35.4,12.8,18.7
2020-06-20T12:00:00Z,0.444,17.4,-9999,Esperance,-35996.4,MURAT_202002_MRE,6,June,35.4,12.8,18.7
2020-06-20T13:00:00Z,0.485,17.4,-9999,Esperance,-35996.4,MURAT_202002_MRE,6,June,35.4,12.8,18.7
2020-06-20T14:00:00Z,0.566,17.4,-9999,Esperance,-35996.4,MURAT_202002_MRE,6,June,35.4,12.8,18.7
2020-06-20T15:00:00Z,0.602,17.5,-9999,Esperance,-35996.4,MURAT_202002_MRE,6,June,35.4,12.8,18.7
2020-06-20T16:00:00Z,0.558,17.4,-9999,Esperance,-35996.4,MURAT_202002_MRE,6,June,35.4,12.8,18.7
2020-06-20T17:00:00Z,0.538,17.4,-9999,Esperance,-35996.4,MURAT_202002_MRE,6,June,35.4,12.8,18.7
2020-06-20T18:00:00Z,0.502,17.4,-9999,Esperance,-35996.4,MURAT_202002_MRE,6,June,35.4,12.8,18.7
2020-06-20T19:00:00Z,0.466,17.4,-9999,Esperance,-35996.4,MURAT_202002_MRE,6,June,35.4,12.8,18.7
2020-06-20T20:00:00Z,0.493,17.4,-9999,Esperance,-35996.4,MURAT_202002_MRE,6,June,35.4,12.8,18.7
2020-06-20T21:00:00Z,0.57,17.3,-9999,Esperance,-35996.4,MURAT_202002_MRE,6,June,35.4,12.8,18.7
2020-06-20T22:00:00Z,0.709,17.3,-9999,Esperance,-35996.4,MURAT_202002_MRE,6,June,35.4,12.8,18.7
2020-06-20T23:00:00Z,0.865,17.3,-9999,Esperance,-35996.4,MURAT_202002_MRE,6,June,35.4,12.8,18.7
2020-06-21T00:00:00Z,1.029,17.3,-9999,Esperance,-35996.4,MURAT_202002_MRE,6,June,35.4,12.8,18.7
2020-06-21T01:00:00Z,1.185,17.3,-9999,Esperance,-35996.4,MURAT_202002_MRE,6,June,35.4,12.8,18.7
2020-06-21T02:00:00Z,1.237,17.3,-9999,Esperance,-35996.4,MURAT_202002_MRE,6,June,35.4,12.8,18.7
2020-06-21T03:00:00Z,1.256,17.3,-9999,Esperance,-35996.4,MURAT_202002_MRE,6,June,35.4,12.8,18.7
2020-06-21T04:00:00Z,1.203,17.3,-9999,Esperance,-35996.4,MURAT_202002_MRE,6,June,35.4,12.8,18.7
2020-06-21T05:00:00Z,1.067,17.3,-9999,Esperance,-35996.4,MURAT_202002_MRE,6,June,35.4,12.8,18.7
2020-06-21T06:00:00Z,0.904,17.3,-9999,Esperance,-35996.4,MURAT_202002_MRE,6,June,35.4,12.8,18.7
2020-06-21T07:00:00Z,0.688,17.4,-9999,Esperance,-35996.4,MURAT_202002_MRE,6,June,35.4,12.8,18.7
2020-06-21T08:00:00Z,0.562,17.4,-9999,Esperance,-35996.4,MURAT_202002_MRE,6,June,35.4,12.8,18.7
2020-06-21T09:00:00Z,0.417,17.4,-9999,Esperance,-35996.4,MURAT_202002_MRE,6,June,35.4,12.8,18.7
2020-06-21T10:00:00Z,0.313,17.3,-9999,Esperance,-35996.4,MURAT_202002_MRE,6,June,35.4,12.8,18.7
2020-06-21T11:00:00Z,0.373,17.3,-9999,Esperance,-35996.4,MURAT_202002_MRE,6,June,35.4,12.8,18.7
2020-06-21T12:00:00Z,0.392,17.2,-9999,Esperance,-35996.4,MURAT_202002_MRE,6,June,35.4,12.8,18.7
2020-06-21T13:00:00Z,0.413,17.1,-9999,Esperance,-35996.4,MURAT_202002_MRE,6,June,35.4,12.8,18.7
2020-06-21T14:00:00Z,0.531,17.1,-9999,Esperance,-35996.4,MURAT_202002_MRE,6,June,35.4,12.8,18.7
2020-06-21T15:00:00Z,0.523,17.1,-9999,Esperance,-35996.4,MURAT_202002_MRE,6,June,35.4,12.8,18.7
2020-06-21T16:00:00Z,0.51,17.1,-9999,Esperance,-35996.4,MURAT_202002_MRE,6,June,35.4,12.8,18.7
2020-06-21T17:00:00Z,0.511,17.1,-9999,Esperance,-35996.4,MURAT_202002_MRE,6,June,35.4,12.8,18.7
2020-06-21T18:00:00Z,0.476,17,-9999,Esperance,-35996.4,MURAT_202002_MRE,6,June,35.4,12.8,18.7
2020-06-21T19:00:00Z,0.421,16.9,-9999,Esperance,-35996.4,MURAT_202002_MRE,6,June,35.4,12.8,18.7
2020-06-21T20:00:00Z,0.457,16.9,-9999,Esperance,-35996.4,MURAT_202002_MRE,6,June,35.4,12.8,18.7
2020-06-21T21:00:00Z,0.509,16.9,-9999,Esperance,-35996.4,MURAT_202002_MRE,6,June,35.4,12.8,18.7
2020-06-21T22:00:00Z,0.604,16.8,-9999,Esperance,-35996.4,MURAT_202002_MRE,6,June,35.4,12.8,18.7
2020-06-21T23:00:00Z,0.755,16.8,-9999,Esperance,-35996.4,MURAT_202002_MRE,6,June,35.4,12.8,18.7
2020-06-22T00:00:00Z,0.965,16.7,-9999,Esperance,-35996.4,MURAT_202002_MRE,6,June,35.4,12.8,18.7
2020-06-22T01:00:00Z,1.08,16.6,-9999,Esperance,-35996.4,MURAT_202002_MRE,6,June,35.4,12.8,18.7
2020-06-22T02:00:00Z,1.185,16.7,-9999,Esperance,-35996.4,MURAT_202002_MRE,6,June,35.4,12.8,18.7
2020-06-22T03:00:00Z,1.265,16.7,-9999,Esperance,-35996.4,MURAT_202002_MRE,6,June,35.4,12.8,18.7
2020-06-22T04:00:00Z,1.258,16.7,-9999,Esperance,-35996.4,MURAT_202002_MRE,6,June,35.4,12.8,18.7
2020-06-22T05:00:00Z,1.136,16.6,-9999,Esperance,-35996.4,MURAT_202002_MRE,6,June,35.4,12.8,18.7
2020-06-22T06:00:00Z,1.014,16.7,-9999,Esperance,-35996.4,MURAT_202002_MRE,6,June,35.4,12.8,18.7
2020-06-22T07:00:00Z,0.859,16.6,-9999,Esperance,-35996.4,MURAT_202002_MRE,6,June,35.4,12.8,18.7
2020-06-22T08:00:00Z,0.646,16.6,-9999,Esperance,-35996.4,MURAT_202002_MRE,6,June,35.4,12.8,18.7
2020-06-22T09:00:00Z,0.527,16.6,-9999,Esperance,-35996.4,MURAT_202002_MRE,6,June,35.4,12.8,18.7
2020-06-22T10:00:00Z,0.411,16.5,-9999,Esperance,-35996.4,MURAT_202002_MRE,6,June,35.4,12.8,18.7
2020-06-22T11:00:00Z,0.356,16.5,-9999,Esperance,-35996.4,MURAT_202002_MRE,6,June,35.4,12.8,18.7
2020-06-22T12:00:00Z,0.427,16.4,-9999,Esperance,-35996.4,MURAT_202002_MRE,6,June,35.4,12.8,18.7
2020-06-22T13:00:00Z,0.488,16.3,-9999,Esperance,-35996.4,MURAT_202002_MRE,6,June,35.4,12.8,18.7
2020-06-22T14:00:00Z,0.545,16.3,-9999,Esperance,-35996.4,MURAT_202002_MRE,6,June,35.4,12.8,18.7
2020-06-22T15:00:00Z,0.559,16.3,-9999,Esperance,-35996.4,MURAT_202002_MRE,6,June,35.4,12.8,18.7
2020-06-22T16:00:00Z,0.624,16.3,-9999,Esperance,-35996.4,MURAT_202002_MRE,6,June,35.4,12.8,18.7
2020-06-22T17:00:00Z,0.608,16.2,-9999,Esperance,-35996.4,MURAT_202002_MRE,6,June,35.4,12.8,18.7
2020-06-22T18:00:00Z,0.588,16.2,-9999,Esperance,-35996.4,MURAT_202002_MRE,6,June,35.4,12.8,18.7
2020-06-22T19:00:00Z,0.559,16.2,-9999,Esperance,-35996.4,MURAT_202002_MRE,6,June,35.4,12.8,18.7
2020-06-22T20:00:00Z,0.574,16.2,-9999,Esperance,-35996.4,MURAT_202002_MRE,6,June,35.4,12.8,18.7
2020-06-22T21:00:00Z,0.621,16.1,-9999,Esperance,-35996.4,MURAT_202002_MRE,6,June,35.4,12.8,18.7
2020-06-22T22:00:00Z,0.703,16,-9999,Esperance,-35996.4,MURAT_202002_MRE,6,June,35.4,12.8,18.7
2020-06-22T23:00:00Z,0.849,16,-9999,Esperance,-35996.4,MURAT_202002_MRE,6,June,35.4,12.8,18.7
2020-06-23T00:00:00Z,1.043,16,-9999,Esperance,-35996.4,MURAT_202002_MRE,6,June,35.4,12.8,18.7
2020-06-23T01:00:00Z,1.202,16,-9999,Esperance,-35996.4,MURAT_202002_MRE,6,June,35.4,12.8,18.7
2020-06-23T02:00:00Z,1.366,16,-9999,Esperance,-35996.4,MURAT_202002_MRE,6,June,35.4,12.8,18.7
2020-06-23T03:00:00Z,1.436,16.1,-9999,Esperance,-35996.4,MURAT_202002_MRE,6,June,35.4,12.8,18.7
2020-06-23T04:00:00Z,1.447,16.1,-9999,Esperance,-35996.4,MURAT_202002_MRE,6,June,35.4,12.8,18.7
2020-06-23T05:00:00Z,1.428,16.1,-9999,Esperance,-35996.4,MURAT_202002_MRE,6,June,35.4,12.8,18.7
2020-06-23T06:00:00Z,1.308,16.2,-9999,Esperance,-35996.4,MURAT_202002_MRE,6,June,35.4,12.8,18.7
2020-06-23T07:00:00Z,1.102,16.2,-9999,Esperance,-35996.4,MURAT_202002_MRE,6,June,35.4,12.8,18.7
2020-06-23T08:00:00Z,0.97,16.2,-9999,Esperance,-35996.4,MURAT_202002_MRE,6,June,35.4,12.8,18.7
2020-06-23T09:00:00Z,0.83,16.2,-9999,Esperance,-35996.4,MURAT_202002_MRE,6,June,35.4,12.8,18.7
2020-06-23T10:00:00Z,0.625,16.2,-9999,Esperance,-35996.4,MURAT_202002_MRE,6,June,35.4,12.8,18.7
2020-06-23T11:00:00Z,0.558,16.2,-9999,Esperance,-35996.4,MURAT_202002_MRE,6,June,35.4,12.8,18.7
2020-06-23T12:00:00Z,0.604,16.2,-9999,Esperance,-35996.4,MURAT_202002_MRE,6,June,35.4,12.8,18.7
2020-06-23T13:00:00Z,0.596,16.2,-9999,Esperance,-35996.4,MURAT_202002_MRE,6,June,35.4,12.8,18.7
2020-06-23T14:00:00Z,0.685,16.5,-9999,Esperance,-35996.4,MURAT_202002_MRE,6,June,35.4,12.8,18.7
2020-06-23T15:00:00Z,0.755,16.8,-9999,Esperance,-35996.4,MURAT_202002_MRE,6,June,35.4,12.8,18.7
2020-06-23T16:00:00Z,0.747,16.8,-9999,Esperance,-35996.4,MURAT_202002_MRE,6,June,35.4,12.8,18.7
2020-06-23T17:00:00Z,0.772,16.8,-9999,Esperance,-35996.4,MURAT_202002_MRE,6,June,35.4,12.8,18.7
2020-06-23T18:00:00Z,0.785,16.8,-9999,Esperance,-35996.4,MURAT_202002_MRE,6,June,35.4,12.8,18.7
2020-06-23T19:00:00Z,0.731,16.8,-9999,Esperance,-35996.4,MURAT_202002_MRE,6,June,35.4,12.8,18.7
2020-06-23T20:00:00Z,0.754,16.8,-9999,Esperance,-35996.4,MURAT_202002_MRE,6,June,35.4,12.8,18.7
2020-06-23T21:00:00Z,0.783,16.8,-9999,Esperance,-35996.4,MURAT_202002_MRE,6,June,35.4,12.8,18.7
2020-06-23T22:00:00Z,0.846,16.7,-9999,Esperance,-35996.4,MURAT_202002_MRE,6,June,35.4,12.8,18.7
2020-06-23T23:00:00Z,0.93,16.7,-9999,Esperance,-35996.4,MURAT_202002_MRE,6,June,35.4,12.8,18.7
2020-06-24T00:00:00Z,1.082,16.7,-9999,Esperance,-35996.4,MURAT_202002_MRE,6,June,35.4,12.8,18.7
2020-06-24T01:00:00Z,1.248,16.7,-9999,Esperance,-35996.4,MURAT_202002_MRE,6,June,35.4,12.8,18.7
2020-06-24T02:00:00Z,1.358,16.7,-9999,Esperance,-35996.4,MURAT_202002_MRE,6,June,35.4,12.8,18.7
2020-06-24T03:00:00Z,1.462,16.7,-9999,Esperance,-35996.4,MURAT_202002_MRE,6,June,35.4,12.8,18.7
2020-06-24T04:00:00Z,1.543,16.7,-9999,Esperance,-35996.4,MURAT_202002_MRE,6,June,35.4,12.8,18.7
2020-06-24T05:00:00Z,1.502,16.7,-9999,Esperance,-35996.4,MURAT_202002_MRE,6,June,35.4,12.8,18.7
2020-06-24T06:00:00Z,1.446,16.7,-9999,Esperance,-35996.4,MURAT_202002_MRE,6,June,35.4,12.8,18.7
2020-06-24T07:00:00Z,1.323,16.7,-9999,Esperance,-35996.4,MURAT_202002_MRE,6,June,35.4,12.8,18.7
2020-06-24T08:00:00Z,1.172,16.7,-9999,Esperance,-35996.4,MURAT_202002_MRE,6,June,35.4,12.8,18.7
2020-06-24T09:00:00Z,1.027,16.7,-9999,Esperance,-35996.4,MURAT_202002_MRE,6,June,35.4,12.8,18.7
2020-06-24T10:00:00Z,0.847,16.7,-9999,Esperance,-35996.4,MURAT_202002_MRE,6,June,35.4,12.8,18.7
2020-06-24T11:00:00Z,0.732,16.7,-9999,Esperance,-35996.4,MURAT_202002_MRE,6,June,35.4,12.8,18.7
2020-06-24T12:00:00Z,0.717,16.7,-9999,Esperance,-35996.4,MURAT_202002_MRE,6,June,35.4,12.8,18.7
2020-06-24T13:00:00Z,0.699,16.7,-9999,Esperance,-35996.4,MURAT_202002_MRE,6,June,35.4,12.8,18.7
2020-06-24T14:00:00Z,0.722,16.7,-9999,Esperance,-35996.4,MURAT_202002_MRE,6,June,35.4,12.8,18.7
2020-06-24T15:00:00Z,0.765,16.7,-9999,Esperance,-35996.4,MURAT_202002_MRE,6,June,35.4,12.8,18.7
2020-06-24T16:00:00Z,0.753,16.7,-9999,Esperance,-35996.4,MURAT_202002_MRE,6,June,35.4,12.8,18.7
2020-06-24T17:00:00Z,0.759,16.7,-9999,Esperance,-35996.4,MURAT_202002_MRE,6,June,35.4,12.8,18.7
2020-06-24T18:00:00Z,0.789,16.7,-9999,Esperance,-35996.4,MURAT_202002_MRE,6,June,35.4,12.8,18.7
2020-06-24T19:00:00Z,0.733,16.7,-9999,Esperance,-35996.4,MURAT_202002_MRE,6,June,35.4,12.8,18.7
2020-06-24T20:00:00Z,0.691,16.7,-9999,Esperance,-35996.4,MURAT_202002_MRE,6,June,35.4,12.8,18.7
2020-06-24T21:00:00Z,0.722,16.7,-9999,Esperance,-35996.4,MURAT_202002_MRE,6,June,35.4,12.8,18.7
2020-06-24T22:00:00Z,0.754,16.6,-9999,Esperance,-35996.4,MURAT_202002_MRE,6,June,35.4,12.8,18.7
2020-06-24T23:00:00Z,0.776,16.6,-9999,Esperance,-35996.4,MURAT_202002_MRE,6,June,35.4,12.8,18.7
2020-06-25T00:00:00Z,0.89,16.6,-9999,Esperance,-35996.4,MURAT_202002_MRE,6,June,35.4,12.8,18.7
2020-06-25T01:00:00Z,1.006,16.6,-9999,Esperance,-35996.4,MURAT_202002_MRE,6,June,35.4,12.8,18.7
2020-06-25T02:00:00Z,1.12,16.6,-9999,Esperance,-35996.4,MURAT_202002_MRE,6,June,35.4,12.8,18.7
2020-06-25T03:00:00Z,1.219,16.7,-9999,Esperance,-35996.4,MURAT_202002_MRE,6,June,35.4,12.8,18.7
2020-06-25T04:00:00Z,1.29,16.8,-9999,Esperance,-35996.4,MURAT_202002_MRE,6,June,35.4,12.8,18.7
2020-06-25T05:00:00Z,1.321,16.8,-9999,Esperance,-35996.4,MURAT_202002_MRE,6,June,35.4,12.8,18.7
2020-06-25T06:00:00Z,1.28,16.8,-9999,Esperance,-35996.4,MURAT_202002_MRE,6,June,35.4,12.8,18.7
2020-06-25T07:00:00Z,1.204,16.8,-9999,Esperance,-35996.4,MURAT_202002_MRE,6,June,35.4,12.8,18.7
2020-06-25T08:00:00Z,1.109,16.8,-9999,Esperance,-35996.4,MURAT_202002_MRE,6,June,35.4,12.8,18.7
2020-06-25T09:00:00Z,0.963,16.7,-9999,Esperance,-35996.4,MURAT_202002_MRE,6,June,35.4,12.8,18.7
2020-06-25T10:00:00Z,0.802,16.8,-9999,Esperance,-35996.4,MURAT_202002_MRE,6,June,35.4,12.8,18.7
2020-06-25T11:00:00Z,0.699,16.8,-9999,Esperance,-35996.4,MURAT_202002_MRE,6,June,35.4,12.8,18.7
2020-06-25T12:00:00Z,0.656,16.8,-9999,Esperance,-35996.4,MURAT_202002_MRE,6,June,35.4,12.8,18.7
2020-06-25T13:00:00Z,0.588,16.8,-9999,Esperance,-35996.4,MURAT_202002_MRE,6,June,35.4,12.8,18.7
2020-06-25T14:00:00Z,0.609,16.8,-9999,Esperance,-35996.4,MURAT_202002_MRE,6,June,35.4,12.8,18.7
2020-06-25T15:00:00Z,0.665,16.8,-9999,Esperance,-35996.4,MURAT_202002_MRE,6,June,35.4,12.8,18.7
2020-06-25T16:00:00Z,0.636,16.8,-9999,Esperance,-35996.4,MURAT_202002_MRE,6,June,35.4,12.8,18.7
2020-06-25T17:00:00Z,0.668,16.8,-9999,Esperance,-35996.4,MURAT_202002_MRE,6,June,35.4,12.8,18.7
2020-06-25T18:00:00Z,0.701,16.8,-9999,Esperance,-35996.4,MURAT_202002_MRE,6,June,35.4,12.8,18.7
2020-06-25T19:00:00Z,0.647,16.8,-9999,Esperance,-35996.4,MURAT_202002_MRE,6,June,35.4,12.8,18.7
2020-06-25T20:00:00Z,0.669,16.8,-9999,Esperance,-35996.4,MURAT_202002_MRE,6,June,35.4,12.8,18.7
2020-06-25T21:00:00Z,0.713,16.8,-9999,Esperance,-35996.4,MURAT_202002_MRE,6,June,35.4,12.8,18.7
2020-06-25T22:00:00Z,0.721,16.7,-9999,Esperance,-35996.4,MURAT_202002_MRE,6,June,35.4,12.8,18.7
2020-06-25T23:00:00Z,0.781,16.7,-9999,Esperance,-35996.4,MURAT_202002_MRE,6,June,35.4,12.8,18.7
2020-06-26T00:00:00Z,0.873,16.7,-9999,Esperance,-35996.4,MURAT_202002_MRE,6,June,35.4,12.8,18.7
2020-06-26T01:00:00Z,0.953,16.7,-9999,Esperance,-35996.4,MURAT_202002_MRE,6,June,35.4,12.8,18.7
2020-06-26T02:00:00Z,1.074,16.7,-9999,Esperance,-35996.4,MURAT_202002_MRE,6,June,35.4,12.8,18.7
2020-06-26T03:00:00Z,1.198,16.7,-9999,Esperance,-35996.4,MURAT_202002_MRE,6,June,35.4,12.8,18.7
2020-06-26T04:00:00Z,1.221,16.7,-9999,Esperance,-35996.4,MURAT_202002_MRE,6,June,35.4,12.8,18.7
2020-06-26T05:00:00Z,1.3,16.8,-9999,Esperance,-35996.4,MURAT_202002_MRE,6,June,35.4,12.8,18.7
2020-06-26T06:00:00Z,1.331,16.8,-9999,Esperance,-35996.4,MURAT_202002_MRE,6,June,35.4,12.8,18.7
2020-06-26T07:00:00Z,1.251,16.8,-9999,Esperance,-35996.4,MURAT_202002_MRE,6,June,35.4,12.8,18.7
2020-06-26T08:00:00Z,1.229,16.9,-9999,Esperance,-35996.4,MURAT_202002_MRE,6,June,35.4,12.8,18.7
2020-06-26T09:00:00Z,1.137,16.9,-9999,Esperance,-35996.4,MURAT_202002_MRE,6,June,35.4,12.8,18.7
2020-06-26T10:00:00Z,0.967,16.9,-9999,Esperance,-35996.4,MURAT_202002_MRE,6,June,35.4,12.8,18.7
2020-06-26T11:00:00Z,0.884,16.9,-9999,Esperance,-35996.4,MURAT_202002_MRE,6,June,35.4,12.8,18.7
2020-06-26T12:00:00Z,0.818,16.9,-9999,Esperance,-35996.4,MURAT_202002_MRE,6,June,35.4,12.8,18.7
2020-06-26T13:00:00Z,0.723,16.9,-9999,Esperance,-35996.4,MURAT_202002_MRE,6,June,35.4,12.8,18.7
2020-06-26T14:00:00Z,0.712,16.9,-9999,Esperance,-35996.4,MURAT_202002_MRE,6,June,35.4,12.8,18.7
2020-06-26T15:00:00Z,0.756,16.8,-9999,Esperance,-35996.4,MURAT_202002_MRE,6,June,35.4,12.8,18.7
2020-06-26T16:00:00Z,0.75,16.8,-9999,Esperance,-35996.4,MURAT_202002_MRE,6,June,35.4,12.8,18.7
2020-06-26T17:00:00Z,0.758,16.8,-9999,Esperance,-35996.4,MURAT_202002_MRE,6,June,35.4,12.8,18.7
2020-06-26T18:00:00Z,0.82,16.8,-9999,Esperance,-35996.4,MURAT_202002_MRE,6,June,35.4,12.8,18.7
2020-06-26T19:00:00Z,0.81,16.8,-9999,Esperance,-35996.4,MURAT_202002_MRE,6,June,35.4,12.8,18.7
2020-06-26T20:00:00Z,0.818,16.8,-9999,Esperance,-35996.4,MURAT_202002_MRE,6,June,35.4,12.8,18.7
2020-06-26T21:00:00Z,0.86,16.8,-9999,Esperance,-35996.4,MURAT_202002_MRE,6,June,35.4,12.8,18.7
2020-06-26T22:00:00Z,0.878,16.7,-9999,Esperance,-35996.4,MURAT_202002_MRE,6,June,35.4,12.8,18.7
2020-06-26T23:00:00Z,0.885,16.7,-9999,Esperance,-35996.4,MURAT_202002_MRE,6,June,35.4,12.8,18.7
2020-06-27T00:00:00Z,0.961,16.7,-9999,Esperance,-35996.4,MURAT_202002_MRE,6,June,35.4,12.8,18.7
2020-06-27T01:00:00Z,1.005,16.7,-9999,Esperance,-35996.4,MURAT_202002_MRE,6,June,35.4,12.8,18.7
2020-06-27T02:00:00Z,1.022,16.8,-9999,Esperance,-35996.4,MURAT_202002_MRE,6,June,35.4,12.8,18.7
2020-06-27T03:00:00Z,1.108,16.9,-9999,Esperance,-35996.4,MURAT_202002_MRE,6,June,35.4,12.8,18.7
2020-06-27T04:00:00Z,1.153,17.1,-9999,Esperance,-35996.4,MURAT_202002_MRE,6,June,35.4,12.8,18.7
2020-06-27T05:00:00Z,1.152,17.1,-9999,Esperance,-35996.4,MURAT_202002_MRE,6,June,35.4,12.8,18.7
2020-06-27T06:00:00Z,1.233,17.2,-9999,Esperance,-35996.4,MURAT_202002_MRE,6,June,35.4,12.8,18.7
2020-06-27T07:00:00Z,1.192,17.2,-9999,Esperance,-35996.4,MURAT_202002_MRE,6,June,35.4,12.8,18.7
2020-06-27T08:00:00Z,1.161,17.2,-9999,Esperance,-35996.4,MURAT_202002_MRE,6,June,35.4,12.8,18.7
2020-06-27T09:00:00Z,1.165,17.2,-9999,Esperance,-35996.4,MURAT_202002_MRE,6,June,35.4,12.8,18.7
2020-06-27T10:00:00Z,1.041,17.2,-9999,Esperance,-35996.4,MURAT_202002_MRE,6,June,35.4,12.8,18.7
2020-06-27T11:00:00Z,0.972,17.2,-9999,Esperance,-35996.4,MURAT_202002_MRE,6,June,35.4,12.8,18.7
2020-06-27T12:00:00Z,0.939,17.2,-9999,Esperance,-35996.4,MURAT_202002_MRE,6,June,35.4,12.8,18.7
2020-06-27T13:00:00Z,0.847,17.2,-9999,Esperance,-35996.4,MURAT_202002_MRE,6,June,35.4,12.8,18.7
2020-06-27T14:00:00Z,0.832,17.2,-9999,Esperance,-35996.4,MURAT_202002_MRE,6,June,35.4,12.8,18.7
2020-06-27T15:00:00Z,0.82,17.2,-9999,Esperance,-35996.4,MURAT_202002_MRE,6,June,35.4,12.8,18.7
2020-06-27T16:00:00Z,0.83,17.2,-9999,Esperance,-35996.4,MURAT_202002_MRE,6,June,35.4,12.8,18.7
2020-06-27T17:00:00Z,0.837,17.2,-9999,Esperance,-35996.4,MURAT_202002_MRE,6,June,35.4,12.8,18.7
2020-06-27T18:00:00Z,0.85,17.1,-9999,Esperance,-35996.4,MURAT_202002_MRE,6,June,35.4,12.8,18.7
2020-06-27T19:00:00Z,0.841,17.1,-9999,Esperance,-35996.4,MURAT_202002_MRE,6,June,35.4,12.8,18.7
2020-06-27T20:00:00Z,0.884,17.1,-9999,Esperance,-35996.4,MURAT_202002_MRE,6,June,35.4,12.8,18.7
2020-06-27T21:00:00Z,0.897,17.1,-9999,Esperance,-35996.4,MURAT_202002_MRE,6,June,35.4,12.8,18.7
2020-06-27T22:00:00Z,0.955,17.1,-9999,Esperance,-35996.4,MURAT_202002_MRE,6,June,35.4,12.8,18.7
2020-06-27T23:00:00Z,0.971,17.1,-9999,Esperance,-35996.4,MURAT_202002_MRE,6,June,35.4,12.8,18.7
2020-06-28T00:00:00Z,0.979,17.1,-9999,Esperance,-35996.4,MURAT_202002_MRE,6,June,35.4,12.8,18.7
2020-06-28T01:00:00Z,1.006,17.1,-9999,Esperance,-35996.4,MURAT_202002_MRE,6,June,35.4,12.8,18.7
2020-06-28T02:00:00Z,1.034,17.1,-9999,Esperance,-35996.4,MURAT_202002_MRE,6,June,35.4,12.8,18.7
2020-06-28T03:00:00Z,1.058,17.1,-9999,Esperance,-35996.4,MURAT_202002_MRE,6,June,35.4,12.8,18.7
2020-06-28T04:00:00Z,1.062,17.1,-9999,Esperance,-35996.4,MURAT_202002_MRE,6,June,35.4,12.8,18.7
2020-06-28T05:00:00Z,1.106,17.2,-9999,Esperance,-35996.4,MURAT_202002_MRE,6,June,35.4,12.8,18.7
2020-06-28T06:00:00Z,1.11,17.1,-9999,Esperance,-35996.4,MURAT_202002_MRE,6,June,35.4,12.8,18.7
2020-06-28T07:00:00Z,1.093,17.1,-9999,Esperance,-35996.4,MURAT_202002_MRE,6,June,35.4,12.8,18.7
2020-06-28T08:00:00Z,1.162,17.1,-9999,Esperance,-35996.4,MURAT_202002_MRE,6,June,35.4,12.8,18.7
2020-06-28T09:00:00Z,1.1,17.1,-9999,Esperance,-35996.4,MURAT_202002_MRE,6,June,35.4,12.8,18.7
2020-06-28T10:00:00Z,1.044,17.1,-9999,Esperance,-35996.4,MURAT_202002_MRE,6,June,35.4,12.8,18.7
2020-06-28T11:00:00Z,1.058,17.1,-9999,Esperance,-35996.4,MURAT_202002_MRE,6,June,35.4,12.8,18.7
2020-06-28T12:00:00Z,0.986,17.1,-9999,Esperance,-35996.4,MURAT_202002_MRE,6,June,35.4,12.8,18.7
2020-06-28T13:00:00Z,0.916,17.1,-9999,Esperance,-35996.4,MURAT_202002_MRE,6,June,35.4,12.8,18.7
2020-06-28T14:00:00Z,0.923,17.1,-9999,Esperance,-35996.4,MURAT_202002_MRE,6,June,35.4,12.8,18.7
2020-06-28T15:00:00Z,0.856,17.1,-9999,Esperance,-35996.4,MURAT_202002_MRE,6,June,35.4,12.8,18.7
2020-06-28T16:00:00Z,0.839,17,-9999,Esperance,-35996.4,MURAT_202002_MRE,6,June,35.4,12.8,18.7
2020-06-28T17:00:00Z,0.897,17.1,-9999,Esperance,-35996.4,MURAT_202002_MRE,6,June,35.4,12.8,18.7
2020-06-28T18:00:00Z,0.911,17,-9999,Esperance,-35996.4,MURAT_202002_MRE,6,June,35.4,12.8,18.7
2020-06-28T19:00:00Z,0.932,17,-9999,Esperance,-35996.4,MURAT_202002_MRE,6,June,35.4,12.8,18.7
2020-06-28T20:00:00Z,1.05,17,-9999,Esperance,-35996.4,MURAT_202002_MRE,6,June,35.4,12.8,18.7
2020-06-28T21:00:00Z,1.046,17,-9999,Esperance,-35996.4,MURAT_202002_MRE,6,June,35.4,12.8,18.7
2020-06-28T22:00:00Z,1.181,17,-9999,Esperance,-35996.4,MURAT_202002_MRE,6,June,35.4,12.8,18.7
2020-06-28T23:00:00Z,1.224,17,-9999,Esperance,-35996.4,MURAT_202002_MRE,6,June,35.4,12.8,18.7
2020-06-29T00:00:00Z,1.242,17,-9999,Esperance,-35996.4,MURAT_202002_MRE,6,June,35.4,12.8,18.7
2020-06-29T01:00:00Z,1.296,17,-9999,Esperance,-35996.4,MURAT_202002_MRE,6,June,35.4,12.8,18.7
2020-06-29T02:00:00Z,1.242,16.9,-9999,Esperance,-35996.4,MURAT_202002_MRE,6,June,35.4,12.8,18.7
2020-06-29T03:00:00Z,1.24,17,-9999,Esperance,-35996.4,MURAT_202002_MRE,6,June,35.4,12.8,18.7
2020-06-29T04:00:00Z,1.24,17,-9999,Esperance,-35996.4,MURAT_202002_MRE,6,June,35.4,12.8,18.7
2020-06-29T05:00:00Z,1.231,17,-9999,Esperance,-35996.4,MURAT_202002_MRE,6,June,35.4,12.8,18.7
2020-06-29T06:00:00Z,1.221,17,-9999,Esperance,-35996.4,MURAT_202002_MRE,6,June,35.4,12.8,18.7
2020-06-29T07:00:00Z,1.224,17,-9999,Esperance,-35996.4,MURAT_202002_MRE,6,June,35.4,12.8,18.7
2020-06-29T08:00:00Z,1.253,16.9,-9999,Esperance,-35996.4,MURAT_202002_MRE,6,June,35.4,12.8,18.7
2020-06-29T09:00:00Z,1.23,16.9,-9999,Esperance,-35996.4,MURAT_202002_MRE,6,June,35.4,12.8,18.7
2020-06-29T10:00:00Z,1.212,16.9,-9999,Esperance,-35996.4,MURAT_202002_MRE,6,June,35.4,12.8,18.7
2020-06-29T11:00:00Z,1.259,16.9,-9999,Esperance,-35996.4,MURAT_202002_MRE,6,June,35.4,12.8,18.7
2020-06-29T12:00:00Z,1.178,16.9,-9999,Esperance,-35996.4,MURAT_202002_MRE,6,June,35.4,12.8,18.7
2020-06-29T13:00:00Z,1.137,16.9,-9999,Esperance,-35996.4,MURAT_202002_MRE,6,June,35.4,12.8,18.7
2020-06-29T14:00:00Z,1.152,16.9,-9999,Esperance,-35996.4,MURAT_202002_MRE,6,June,35.4,12.8,18.7
2020-06-29T15:00:00Z,1.058,16.8,-9999,Esperance,-35996.4,MURAT_202002_MRE,6,June,35.4,12.8,18.7
2020-06-29T16:00:00Z,1.024,16.8,-9999,Esperance,-35996.4,MURAT_202002_MRE,6,June,35.4,12.8,18.7
2020-06-29T17:00:00Z,1.044,16.8,-9999,Esperance,-35996.4,MURAT_202002_MRE,6,June,35.4,12.8,18.7
2020-06-29T18:00:00Z,1.043,16.8,-9999,Esperance,-35996.4,MURAT_202002_MRE,6,June,35.4,12.8,18.7
2020-06-29T19:00:00Z,1.061,16.8,-9999,Esperance,-35996.4,MURAT_202002_MRE,6,June,35.4,12.8,18.7
2020-06-29T20:00:00Z,1.131,16.7,-9999,Esperance,-35996.4,MURAT_202002_MRE,6,June,35.4,12.8,18.7
2020-06-29T21:00:00Z,1.206,16.7,-9999,Esperance,-35996.4,MURAT_202002_MRE,6,June,35.4,12.8,18.7
2020-06-29T22:00:00Z,1.252,16.7,-9999,Esperance,-35996.4,MURAT_202002_MRE,6,June,35.4,12.8,18.7
2020-06-29T23:00:00Z,1.335,16.7,-9999,Esperance,-35996.4,MURAT_202002_MRE,6,June,35.4,12.8,18.7
2020-06-30T00:00:00Z,1.368,16.7,-9999,Esperance,-35996.4,MURAT_202002_MRE,6,June,35.4,12.8,18.7
2020-06-30T01:00:00Z,1.358,16.7,-9999,Esperance,-35996.4,MURAT_202002_MRE,6,June,35.4,12.8,18.7
2020-06-30T02:00:00Z,1.295,16.7,-9999,Esperance,-35996.4,MURAT_202002_MRE,6,June,35.4,12.8,18.7
2020-06-30T03:00:00Z,1.269,16.7,-9999,Esperance,-35996.4,MURAT_202002_MRE,6,June,35.4,12.8,18.7
2020-06-30T04:00:00Z,1.203,16.7,-9999,Esperance,-35996.4,MURAT_202002_MRE,6,June,35.4,12.8,18.7
2020-06-30T05:00:00Z,1.116,16.7,-9999,Esperance,-35996.4,MURAT_202002_MRE,6,June,35.4,12.8,18.7
2020-06-30T06:00:00Z,1.101,16.7,-9999,Esperance,-35996.4,MURAT_202002_MRE,6,June,35.4,12.8,18.7
2020-06-30T07:00:00Z,1.047,16.7,-9999,Esperance,-35996.4,MURAT_202002_MRE,6,June,35.4,12.8,18.7
2020-06-30T08:00:00Z,1.032,16.7,-9999,Esperance,-35996.4,MURAT_202002_MRE,6,June,35.4,12.8,18.7
2020-06-30T09:00:00Z,1.043,16.7,-9999,Esperance,-35996.4,MURAT_202002_MRE,6,June,35.4,12.8,18.7
2020-06-30T10:00:00Z,1.046,16.7,-9999,Esperance,-35996.4,MURAT_202002_MRE,6,June,35.4,12.8,18.7
2020-06-30T11:00:00Z,1.083,16.7,-9999,Esperance,-35996.4,MURAT_202002_MRE,6,June,35.4,12.8,18.7
2020-06-30T12:00:00Z,1.149,16.7,-9999,Esperance,-35996.4,MURAT_202002_MRE,6,June,35.4,12.8,18.7
2020-06-30T13:00:00Z,1.218,16.7,-9999,Esperance,-35996.4,MURAT_202002_MRE,6,June,35.4,12.8,18.7
2020-06-30T14:00:00Z,1.235,16.7,-9999,Esperance,-35996.4,MURAT_202002_MRE,6,June,35.4,12.8,18.7
2020-06-30T15:00:00Z,1.196,16.7,-9999,Esperance,-35996.4,MURAT_202002_MRE,6,June,35.4,12.8,18.7
2020-06-30T16:00:00Z,1.176,16.7,-9999,Esperance,-35996.4,MURAT_202002_MRE,6,June,35.4,12.8,18.7
2020-06-30T17:00:00Z,1.181,16.7,-9999,Esperance,-35996.4,MURAT_202002_MRE,6,June,35.4,12.8,18.7
2020-06-30T18:00:00Z,1.149,16.7,-9999,Esperance,-35996.4,MURAT_202002_MRE,6,June,35.4,12.8,18.7
2020-06-30T19:00:00Z,1.167,16.6,-9999,Esperance,-35996.4,MURAT_202002_MRE,6,June,35.4,12.8,18.7
2020-06-30T20:00:00Z,1.242,16.6,-9999,Esperance,-35996.4,MURAT_202002_MRE,6,June,35.4,12.8,18.7
2020-06-30T21:00:00Z,1.295,16.6,-9999,Esperance,-35996.4,MURAT_202002_MRE,6,June,35.4,12.8,18.7
2020-06-30T22:00:00Z,1.37,16.6,-9999,Esperance,-35996.4,MURAT_202002_MRE,6,June,35.4,12.8,18.7
2020-06-30T23:00:00Z,1.469,16.6,-9999,Esperance,-35996.4,MURAT_202002_MRE,6,June,35.4,12.8,18.7
2020-07-01T00:00:00Z,1.496,16.6,-9999,Esperance,-35996.4,MURAT_202002_MRE,7,July,38.4,14.0,19.9
2020-07-01T01:00:00Z,1.465,16.6,-9999,Esperance,-35996.4,MURAT_202002_MRE,7,July,38.4,14.0,19.9
2020-07-01T02:00:00Z,1.435,16.6,-9999,Esperance,-35996.4,MURAT_202002_MRE,7,July,38.4,14.0,19.9
2020-07-01T03:00:00Z,1.341,16.6,-9999,Esperance,-35996.4,MURAT_202002_MRE,7,July,38.4,14.0,19.9
2020-07-01T04:00:00Z,1.251,16.6,-9999,Esperance,-35996.4,MURAT_202002_MRE,7,July,38.4,14.0,19.9
2020-07-01T05:00:00Z,1.105,16.6,-9999,Esperance,-35996.4,MURAT_202002_MRE,7,July,38.4,14.0,19.9
2020-07-01T06:00:00Z,1.002,16.6,-9999,Esperance,-35996.4,MURAT_202002_MRE,7,July,38.4,14.0,19.9
2020-07-01T07:00:00Z,0.917,16.5,-9999,Esperance,-35996.4,MURAT_202002_MRE,7,July,38.4,14.0,19.9
2020-07-01T08:00:00Z,0.859,16.5,-9999,Esperance,-35996.4,MURAT_202002_MRE,7,July,38.4,14.0,19.9
2020-07-01T09:00:00Z,0.84,16.5,-9999,Esperance,-35996.4,MURAT_202002_MRE,7,July,38.4,14.0,19.9
2020-07-01T10:00:00Z,0.827,16.5,-9999,Esperance,-35996.4,MURAT_202002_MRE,7,July,38.4,14.0,19.9
2020-07-01T11:00:00Z,0.889,16.5,-9999,Esperance,-35996.4,MURAT_202002_MRE,7,July,38.4,14.0,19.9
2020-07-01T12:00:00Z,0.932,16.5,-9999,Esperance,-35996.4,MURAT_202002_MRE,7,July,38.4,14.0,19.9
2020-07-01T13:00:00Z,0.958,16.5,-9999,Esperance,-35996.4,MURAT_202002_MRE,7,July,38.4,14.0,19.9
2020-07-01T14:00:00Z,0.996,16.5,-9999,Esperance,-35996.4,MURAT_202002_MRE,7,July,38.4,14.0,19.9
2020-07-01T15:00:00Z,0.947,16.5,-9999,Esperance,-35996.4,MURAT_202002_MRE,7,July,38.4,14.0,19.9
2020-07-01T16:00:00Z,0.917,16.5,-9999,Esperance,-35996.4,MURAT_202002_MRE,7,July,38.4,14.0,19.9
2020-07-01T17:00:00Z,0.919,16.5,-9999,Esperance,-35996.4,MURAT_202002_MRE,7,July,38.4,14.0,19.9
2020-07-01T18:00:00Z,0.858,16.5,-9999,Esperance,-35996.4,MURAT_202002_MRE,7,July,38.4,14.0,19.9
2020-07-01T19:00:00Z,0.887,16.4,-9999,Esperance,-35996.4,MURAT_202002_MRE,7,July,38.4,14.0,19.9
2020-07-01T20:00:00Z,0.96,16.4,-9999,Esperance,-35996.4,MURAT_202002_MRE,7,July,38.4,14.0,19.9
2020-07-01T21:00:00Z,1.012,16.5,-9999,Esperance,-35996.4,MURAT_202002_MRE,7,July,38.4,14.0,19.9
2020-07-01T22:00:00Z,1.137,16.5,-9999,Esperance,-35996.4,MURAT_202002_MRE,7,July,38.4,14.0,19.9
2020-07-01T23:00:00Z,1.215,16.4,-9999,Esperance,-35996.4,MURAT_202002_MRE,7,July,38.4,14.0,19.9
2020-07-02T00:00:00Z,1.301,16.4,-9999,Esperance,-35996.4,MURAT_202002_MRE,7,July,38.4,14.0,19.9
2020-07-02T01:00:00Z,1.324,16.4,-9999,Esperance,-35996.4,MURAT_202002_MRE,7,July,38.4,14.0,19.9
2020-07-02T02:00:00Z,1.291,16.5,-9999,Esperance,-35996.4,MURAT_202002_MRE,7,July,38.4,14.0,19.9
2020-07-02T03:00:00Z,1.233,16.5,-9999,Esperance,-35996.4,MURAT_202002_MRE,7,July,38.4,14.0,19.9
2020-07-02T04:00:00Z,1.081,16.5,-9999,Esperance,-35996.4,MURAT_202002_MRE,7,July,38.4,14.0,19.9
2020-07-02T05:00:00Z,0.929,16.5,-9999,Esperance,-35996.4,MURAT_202002_MRE,7,July,38.4,14.0,19.9
2020-07-02T06:00:00Z,0.787,16.6,-9999,Esperance,-35996.4,MURAT_202002_MRE,7,July,38.4,14.0,19.9
2020-07-02T07:00:00Z,0.633,16.6,-9999,Esperance,-35996.4,MURAT_202002_MRE,7,July,38.4,14.0,19.9
2020-07-02T08:00:00Z,0.561,16.6,-9999,Esperance,-35996.4,MURAT_202002_MRE,7,July,38.4,14.0,19.9
2020-07-02T09:00:00Z,0.476,16.6,-9999,Esperance,-35996.4,MURAT_202002_MRE,7,July,38.4,14.0,19.9
2020-07-02T10:00:00Z,0.449,16.8,-9999,Esperance,-35996.4,MURAT_202002_MRE,7,July,38.4,14.0,19.9
2020-07-02T11:00:00Z,0.525,16.9,-9999,Esperance,-35996.4,MURAT_202002_MRE,7,July,38.4,14.0,19.9
2020-07-02T12:00:00Z,0.556,16.9,-9999,Esperance,-35996.4,MURAT_202002_MRE,7,July,38.4,14.0,19.9
2020-07-02T13:00:00Z,0.616,16.9,-9999,Esperance,-35996.4,MURAT_202002_MRE,7,July,38.4,14.0,19.9
2020-07-02T14:00:00Z,0.711,16.9,-9999,Esperance,-35996.4,MURAT_202002_MRE,7,July,38.4,14.0,19.9
2020-07-02T15:00:00Z,0.686,16.9,-9999,Esperance,-35996.4,MURAT_202002_MRE,7,July,38.4,14.0,19.9
2020-07-02T16:00:00Z,0.698,16.9,-9999,Esperance,-35996.4,MURAT_202002_MRE,7,July,38.4,14.0,19.9
2020-07-02T17:00:00Z,0.677,16.9,-9999,Esperance,-35996.4,MURAT_202002_MRE,7,July,38.4,14.0,19.9
2020-07-02T18:00:00Z,0.623,16.9,-9999,Esperance,-35996.4,MURAT_202002_MRE,7,July,38.4,14.0,19.9
2020-07-02T19:00:00Z,0.628,16.9,-9999,Esperance,-35996.4,MURAT_202002_MRE,7,July,38.4,14.0,19.9
2020-07-02T20:00:00Z,0.677,16.9,-9999,Esperance,-35996.4,MURAT_202002_MRE,7,July,38.4,14.0,19.9
2020-07-02T21:00:00Z,0.767,16.9,-9999,Esperance,-35996.4,MURAT_202002_MRE,7,July,38.4,14.0,19.9
2020-07-02T22:00:00Z,0.877,16.9,-9999,Esperance,-35996.4,MURAT_202002_MRE,7,July,38.4,14.0,19.9
2020-07-02T23:00:00Z,0.985,16.9,-9999,Esperance,-35996.4,MURAT_202002_MRE,7,July,38.4,14.0,19.9
2020-07-03T00:00:00Z,1.128,16.9,-9999,Esperance,-35996.4,MURAT_202002_MRE,7,July,38.4,14.0,19.9
2020-07-03T01:00:00Z,1.166,16.9,-9999,Esperance,-35996.4,MURAT_202002_MRE,7,July,38.4,14.0,19.9
2020-07-03T02:00:00Z,1.19,17,-9999,Esperance,-35996.4,MURAT_202002_MRE,7,July,38.4,14.0,19.9
2020-07-03T03:00:00Z,1.162,17,-9999,Esperance,-35996.4,MURAT_202002_MRE,7,July,38.4,14.0,19.9
2020-07-03T04:00:00Z,1.017,17.1,-9999,Esperance,-35996.4,MURAT_202002_MRE,7,July,38.4,14.0,19.9
2020-07-03T05:00:00Z,0.884,17.2,-9999,Esperance,-35996.4,MURAT_202002_MRE,7,July,38.4,14.0,19.9
2020-07-03T06:00:00Z,0.72,17.3,-9999,Esperance,-35996.4,MURAT_202002_MRE,7,July,38.4,14.0,19.9
2020-07-03T07:00:00Z,0.552,17.4,-9999,Esperance,-35996.4,MURAT_202002_MRE,7,July,38.4,14.0,19.9
2020-07-03T08:00:00Z,0.441,17.4,-9999,Esperance,-35996.4,MURAT_202002_MRE,7,July,38.4,14.0,19.9
2020-07-03T09:00:00Z,0.349,17.4,-9999,Esperance,-35996.4,MURAT_202002_MRE,7,July,38.4,14.0,19.9
2020-07-03T10:00:00Z,0.307,17.3,-9999,Esperance,-35996.4,MURAT_202002_MRE,7,July,38.4,14.0,19.9
2020-07-03T11:00:00Z,0.347,17.2,-9999,Esperance,-35996.4,MURAT_202002_MRE,7,July,38.4,14.0,19.9
2020-07-03T12:00:00Z,0.376,17.2,-9999,Esperance,-35996.4,MURAT_202002_MRE,7,July,38.4,14.0,19.9
2020-07-03T13:00:00Z,0.464,17.2,-9999,Esperance,-35996.4,MURAT_202002_MRE,7,July,38.4,14.0,19.9
2020-07-03T14:00:00Z,0.527,17.1,-9999,Esperance,-35996.4,MURAT_202002_MRE,7,July,38.4,14.0,19.9
2020-07-03T15:00:00Z,0.549,17.1,-9999,Esperance,-35996.4,MURAT_202002_MRE,7,July,38.4,14.0,19.9
2020-07-03T16:00:00Z,0.596,17.1,-9999,Esperance,-35996.4,MURAT_202002_MRE,7,July,38.4,14.0,19.9
2020-07-03T17:00:00Z,0.57,17,-9999,Esperance,-35996.4,MURAT_202002_MRE,7,July,38.4,14.0,19.9
2020-07-03T18:00:00Z,0.523,17.1,-9999,Esperance,-35996.4,MURAT_202002_MRE,7,July,38.4,14.0,19.9
2020-07-03T19:00:00Z,0.557,17,-9999,Esperance,-35996.4,MURAT_202002_MRE,7,July,38.4,14.0,19.9
2020-07-03T20:00:00Z,0.577,17,-9999,Esperance,-35996.4,MURAT_202002_MRE,7,July,38.4,14.0,19.9
2020-07-03T21:00:00Z,0.635,17,-9999,Esperance,-35996.4,MURAT_202002_MRE,7,July,38.4,14.0,19.9
2020-07-03T22:00:00Z,0.797,17,-9999,Esperance,-35996.4,MURAT_202002_MRE,7,July,38.4,14.0,19.9
2020-07-03T23:00:00Z,0.931,16.9,-9999,Esperance,-35996.4,MURAT_202002_MRE,7,July,38.4,14.0,19.9
2020-07-04T00:00:00Z,1.053,16.9,-9999,Esperance,-35996.4,MURAT_202002_MRE,7,July,38.4,14.0,19.9
2020-07-04T01:00:00Z,1.186,16.9,-9999,Esperance,-35996.4,MURAT_202002_MRE,7,July,38.4,14.0,19.9
2020-07-04T02:00:00Z,1.236,16.9,-9999,Esperance,-35996.4,MURAT_202002_MRE,7,July,38.4,14.0,19.9
2020-07-04T03:00:00Z,1.196,16.9,-9999,Esperance,-35996.4,MURAT_202002_MRE,7,July,38.4,14.0,19.9
2020-07-04T04:00:00Z,1.155,16.9,-9999,Esperance,-35996.4,MURAT_202002_MRE,7,July,38.4,14.0,19.9
2020-07-04T05:00:00Z,1.05,16.9,-9999,Esperance,-35996.4,MURAT_202002_MRE,7,July,38.4,14.0,19.9
2020-07-04T06:00:00Z,0.826,17,-9999,Esperance,-35996.4,MURAT_202002_MRE,7,July,38.4,14.0,19.9
2020-07-04T07:00:00Z,0.693,17.1,-9999,Esperance,-35996.4,MURAT_202002_MRE,7,July,38.4,14.0,19.9
2020-07-04T08:00:00Z,0.564,17.1,-9999,Esperance,-35996.4,MURAT_202002_MRE,7,July,38.4,14.0,19.9
2020-07-04T09:00:00Z,0.39,17.1,-9999,Esperance,-35996.4,MURAT_202002_MRE,7,July,38.4,14.0,19.9
2020-07-04T10:00:00Z,0.348,17.1,-9999,Esperance,-35996.4,MURAT_202002_MRE,7,July,38.4,14.0,19.9
2020-07-04T11:00:00Z,0.373,17.1,-9999,Esperance,-35996.4,MURAT_202002_MRE,7,July,38.4,14.0,19.9
2020-07-04T12:00:00Z,0.369,17,-9999,Esperance,-35996.4,MURAT_202002_MRE,7,July,38.4,14.0,19.9
2020-07-04T13:00:00Z,0.449,17,-9999,Esperance,-35996.4,MURAT_202002_MRE,7,July,38.4,14.0,19.9
2020-07-04T14:00:00Z,0.516,17,-9999,Esperance,-35996.4,MURAT_202002_MRE,7,July,38.4,14.0,19.9
2020-07-04T15:00:00Z,0.548,16.9,-9999,Esperance,-35996.4,MURAT_202002_MRE,7,July,38.4,14.0,19.9
2020-07-04T16:00:00Z,0.583,17,-9999,Esperance,-35996.4,MURAT_202002_MRE,7,July,38.4,14.0,19.9
2020-07-04T17:00:00Z,0.611,17,-9999,Esperance,-35996.4,MURAT_202002_MRE,7,July,38.4,14.0,19.9
2020-07-04T18:00:00Z,0.551,16.9,-9999,Esperance,-35996.4,MURAT_202002_MRE,7,July,38.4,14.0,19.9
2020-07-04T19:00:00Z,0.575,16.9,-9999,Esperance,-35996.4,MURAT_202002_MRE,7,July,38.4,14.0,19.9
2020-07-04T20:00:00Z,0.594,16.9,-9999,Esperance,-35996.4,MURAT_202002_MRE,7,July,38.4,14.0,19.9
2020-07-04T21:00:00Z,0.658,16.9,-9999,Esperance,-35996.4,MURAT_202002_MRE,7,July,38.4,14.0,19.9
2020-07-04T22:00:00Z,0.802,16.9,-9999,Esperance,-35996.4,MURAT_202002_MRE,7,July,38.4,14.0,19.9
2020-07-04T23:00:00Z,0.938,16.9,-9999,Esperance,-35996.4,MURAT_202002_MRE,7,July,38.4,14.0,19.9
2020-07-05T00:00:00Z,1.071,16.8,-9999,Esperance,-35996.4,MURAT_202002_MRE,7,July,38.4,14.0,19.9
2020-07-05T01:00:00Z,1.245,16.8,-9999,Esperance,-35996.4,MURAT_202002_MRE,7,July,38.4,14.0,19.9
2020-07-05T02:00:00Z,1.304,16.8,-9999,Esperance,-35996.4,MURAT_202002_MRE,7,July,38.4,14.0,19.9
2020-07-05T03:00:00Z,1.33,16.8,-9999,Esperance,-35996.4,MURAT_202002_MRE,7,July,38.4,14.0,19.9
2020-07-05T04:00:00Z,1.299,16.9,-9999,Esperance,-35996.4,MURAT_202002_MRE,7,July,38.4,14.0,19.9
2020-07-05T05:00:00Z,1.214,16.9,-9999,Esperance,-35996.4,MURAT_202002_MRE,7,July,38.4,14.0,19.9
2020-07-05T06:00:00Z,1.029,16.9,-9999,Esperance,-35996.4,MURAT_202002_MRE,7,July,38.4,14.0,19.9
2020-07-05T07:00:00Z,0.871,16.9,-9999,Esperance,-35996.4,MURAT_202002_MRE,7,July,38.4,14.0,19.9
2020-07-05T08:00:00Z,0.734,16.9,-9999,Esperance,-35996.4,MURAT_202002_MRE,7,July,38.4,14.0,19.9
2020-07-05T09:00:00Z,0.565,17,-9999,Esperance,-35996.4,MURAT_202002_MRE,7,July,38.4,14.0,19.9
2020-07-05T10:00:00Z,0.459,16.9,-9999,Esperance,-35996.4,MURAT_202002_MRE,7,July,38.4,14.0,19.9
2020-07-05T11:00:00Z,0.473,16.9,-9999,Esperance,-35996.4,MURAT_202002_MRE,7,July,38.4,14.0,19.9
2020-07-05T12:00:00Z,0.455,16.9,-9999,Esperance,-35996.4,MURAT_202002_MRE,7,July,38.4,14.0,19.9
2020-07-05T13:00:00Z,0.5,16.9,-9999,Esperance,-35996.4,MURAT_202002_MRE,7,July,38.4,14.0,19.9
2020-07-05T14:00:00Z,0.553,16.9,-9999,Esperance,-35996.4,MURAT_202002_MRE,7,July,38.4,14.0,19.9
2020-07-05T15:00:00Z,0.575,16.8,-9999,Esperance,-35996.4,MURAT_202002_MRE,7,July,38.4,14.0,19.9
2020-07-05T16:00:00Z,0.629,16.8,-9999,Esperance,-35996.4,MURAT_202002_MRE,7,July,38.4,14.0,19.9
2020-07-05T17:00:00Z,0.624,16.7,-9999,Esperance,-35996.4,MURAT_202002_MRE,7,July,38.4,14.0,19.9
2020-07-05T18:00:00Z,0.622,16.6,-9999,Esperance,-35996.4,MURAT_202002_MRE,7,July,38.4,14.0,19.9
2020-07-05T19:00:00Z,0.64,16.6,-9999,Esperance,-35996.4,MURAT_202002_MRE,7,July,38.4,14.0,19.9
2020-07-05T20:00:00Z,0.603,16.7,-9999,Esperance,-35996.4,MURAT_202002_MRE,7,July,38.4,14.0,19.9
2020-07-05T21:00:00Z,0.693,16.6,-9999,Esperance,-35996.4,MURAT_202002_MRE,7,July,38.4,14.0,19.9
2020-07-05T22:00:00Z,0.809,16.6,-9999,Esperance,-35996.4,MURAT_202002_MRE,7,July,38.4,14.0,19.9
2020-07-05T23:00:00Z,0.905,16.6,-9999,Esperance,-35996.4,MURAT_202002_MRE,7,July,38.4,14.0,19.9
2020-07-06T00:00:00Z,1.079,16.6,-9999,Esperance,-35996.4,MURAT_202002_MRE,7,July,38.4,14.0,19.9
2020-07-06T01:00:00Z,1.258,16.5,-9999,Esperance,-35996.4,MURAT_202002_MRE,7,July,38.4,14.0,19.9
2020-07-06T02:00:00Z,1.321,16.5,-9999,Esperance,-35996.4,MURAT_202002_MRE,7,July,38.4,14.0,19.9
2020-07-06T03:00:00Z,1.386,16.5,-9999,Esperance,-35996.4,MURAT_202002_MRE,7,July,38.4,14.0,19.9
2020-07-06T04:00:00Z,1.406,16.5,-9999,Esperance,-35996.4,MURAT_202002_MRE,7,July,38.4,14.0,19.9
2020-07-06T05:00:00Z,1.279,16.5,-9999,Esperance,-35996.4,MURAT_202002_MRE,7,July,38.4,14.0,19.9
2020-07-06T06:00:00Z,1.13,16.5,-9999,Esperance,-35996.4,MURAT_202002_MRE,7,July,38.4,14.0,19.9
2020-07-06T07:00:00Z,1.081,16.5,-9999,Esperance,-35996.4,MURAT_202002_MRE,7,July,38.4,14.0,19.9
2020-07-06T08:00:00Z,0.85,16.5,-9999,Esperance,-35996.4,MURAT_202002_MRE,7,July,38.4,14.0,19.9
2020-07-06T09:00:00Z,0.652,16.5,-9999,Esperance,-35996.4,MURAT_202002_MRE,7,July,38.4,14.0,19.9
2020-07-06T10:00:00Z,0.57,16.4,-9999,Esperance,-35996.4,MURAT_202002_MRE,7,July,38.4,14.0,19.9
2020-07-06T11:00:00Z,0.54,16.4,-9999,Esperance,-35996.4,MURAT_202002_MRE,7,July,38.4,14.0,19.9
2020-07-06T12:00:00Z,0.513,16.4,-9999,Esperance,-35996.4,MURAT_202002_MRE,7,July,38.4,14.0,19.9
2020-07-06T13:00:00Z,0.611,16.4,-9999,Esperance,-35996.4,MURAT_202002_MRE,7,July,38.4,14.0,19.9
2020-07-06T14:00:00Z,0.624,16.4,-9999,Esperance,-35996.4,MURAT_202002_MRE,7,July,38.4,14.0,19.9
2020-07-06T15:00:00Z,0.629,16.3,-9999,Esperance,-35996.4,MURAT_202002_MRE,7,July,38.4,14.0,19.9
2020-07-06T16:00:00Z,0.71,16.3,-9999,Esperance,-35996.4,MURAT_202002_MRE,7,July,38.4,14.0,19.9
2020-07-06T17:00:00Z,0.743,16.4,-9999,Esperance,-35996.4,MURAT_202002_MRE,7,July,38.4,14.0,19.9
2020-07-06T18:00:00Z,0.701,16.3,-9999,Esperance,-35996.4,MURAT_202002_MRE,7,July,38.4,14.0,19.9
2020-07-06T19:00:00Z,0.728,16.3,-9999,Esperance,-35996.4,MURAT_202002_MRE,7,July,38.4,14.0,19.9
2020-07-06T20:00:00Z,0.727,16.3,-9999,Esperance,-35996.4,MURAT_202002_MRE,7,July,38.4,14.0,19.9
2020-07-06T21:00:00Z,0.766,16.3,-9999,Esperance,-35996.4,MURAT_202002_MRE,7,July,38.4,14.0,19.9
2020-07-06T22:00:00Z,0.86,16.4,-9999,Esperance,-35996.4,MURAT_202002_MRE,7,July,38.4,14.0,19.9
2020-07-06T23:00:00Z,0.965,16.4,-9999,Esperance,-35996.4,MURAT_202002_MRE,7,July,38.4,14.0,19.9
2020-07-07T00:00:00Z,1.116,16.4,-9999,Esperance,-35996.4,MURAT_202002_MRE,7,July,38.4,14.0,19.9
2020-07-07T01:00:00Z,1.285,16.4,-9999,Esperance,-35996.4,MURAT_202002_MRE,7,July,38.4,14.0,19.9
2020-07-07T02:00:00Z,1.387,16.4,-9999,Esperance,-35996.4,MURAT_202002_MRE,7,July,38.4,14.0,19.9
2020-07-07T03:00:00Z,1.448,16.4,-9999,Esperance,-35996.4,MURAT_202002_MRE,7,July,38.4,14.0,19.9
2020-07-07T04:00:00Z,1.479,16.5,-9999,Esperance,-35996.4,MURAT_202002_MRE,7,July,38.4,14.0,19.9
2020-07-07T05:00:00Z,1.452,16.5,-9999,Esperance,-35996.4,MURAT_202002_MRE,7,July,38.4,14.0,19.9
2020-07-07T06:00:00Z,1.318,16.6,-9999,Esperance,-35996.4,MURAT_202002_MRE,7,July,38.4,14.0,19.9
2020-07-07T07:00:00Z,1.244,16.6,-9999,Esperance,-35996.4,MURAT_202002_MRE,7,July,38.4,14.0,19.9
2020-07-07T08:00:00Z,1.071,16.6,-9999,Esperance,-35996.4,MURAT_202002_MRE,7,July,38.4,14.0,19.9
2020-07-07T09:00:00Z,0.921,16.6,-9999,Esperance,-35996.4,MURAT_202002_MRE,7,July,38.4,14.0,19.9
2020-07-07T10:00:00Z,0.84,16.6,-9999,Esperance,-35996.4,MURAT_202002_MRE,7,July,38.4,14.0,19.9
2020-07-07T11:00:00Z,0.761,16.6,-9999,Esperance,-35996.4,MURAT_202002_MRE,7,July,38.4,14.0,19.9
2020-07-07T12:00:00Z,0.721,16.7,-9999,Esperance,-35996.4,MURAT_202002_MRE,7,July,38.4,14.0,19.9
2020-07-07T13:00:00Z,0.804,16.7,-9999,Esperance,-35996.4,MURAT_202002_MRE,7,July,38.4,14.0,19.9
2020-07-07T14:00:00Z,0.844,16.6,-9999,Esperance,-35996.4,MURAT_202002_MRE,7,July,38.4,14.0,19.9
2020-07-07T15:00:00Z,0.848,16.6,-9999,Esperance,-35996.4,MURAT_202002_MRE,7,July,38.4,14.0,19.9
2020-07-07T16:00:00Z,0.904,16.6,-9999,Esperance,-35996.4,MURAT_202002_MRE,7,July,38.4,14.0,19.9
2020-07-07T17:00:00Z,0.931,16.6,-9999,Esperance,-35996.4,MURAT_202002_MRE,7,July,38.4,14.0,19.9
2020-07-07T18:00:00Z,0.889,16.6,-9999,Esperance,-35996.4,MURAT_202002_MRE,7,July,38.4,14.0,19.9
2020-07-07T19:00:00Z,0.885,16.6,-9999,Esperance,-35996.4,MURAT_202002_MRE,7,July,38.4,14.0,19.9
2020-07-07T20:00:00Z,0.917,16.6,-9999,Esperance,-35996.4,MURAT_202002_MRE,7,July,38.4,14.0,19.9
2020-07-07T21:00:00Z,0.927,16.6,-9999,Esperance,-35996.4,MURAT_202002_MRE,7,July,38.4,14.0,19.9
2020-07-07T22:00:00Z,0.963,16.6,-9999,Esperance,-35996.4,MURAT_202002_MRE,7,July,38.4,14.0,19.9
2020-07-07T23:00:00Z,1.051,16.6,-9999,Esperance,-35996.4,MURAT_202002_MRE,7,July,38.4,14.0,19.9
2020-07-08T00:00:00Z,1.179,16.6,-9999,Esperance,-35996.4,MURAT_202002_MRE,7,July,38.4,14.0,19.9
2020-07-08T01:00:00Z,1.324,16.6,-9999,Esperance,-35996.4,MURAT_202002_MRE,7,July,38.4,14.0,19.9
2020-07-08T02:00:00Z,1.429,16.6,-9999,Esperance,-35996.4,MURAT_202002_MRE,7,July,38.4,14.0,19.9
2020-07-08T03:00:00Z,1.483,16.6,-9999,Esperance,-35996.4,MURAT_202002_MRE,7,July,38.4,14.0,19.9
2020-07-08T04:00:00Z,1.536,16.6,-9999,Esperance,-35996.4,MURAT_202002_MRE,7,July,38.4,14.0,19.9
2020-07-08T05:00:00Z,1.518,16.6,-9999,Esperance,-35996.4,MURAT_202002_MRE,7,July,38.4,14.0,19.9
2020-07-08T06:00:00Z,1.416,16.7,-9999,Esperance,-35996.4,MURAT_202002_MRE,7,July,38.4,14.0,19.9
2020-07-08T07:00:00Z,1.292,16.7,-9999,Esperance,-35996.4,MURAT_202002_MRE,7,July,38.4,14.0,19.9
2020-07-08T08:00:00Z,1.171,16.7,-9999,Esperance,-35996.4,MURAT_202002_MRE,7,July,38.4,14.0,19.9
2020-07-08T09:00:00Z,1.034,16.7,-9999,Esperance,-35996.4,MURAT_202002_MRE,7,July,38.4,14.0,19.9
2020-07-08T10:00:00Z,0.911,16.6,-9999,Esperance,-35996.4,MURAT_202002_MRE,7,July,38.4,14.0,19.9
2020-07-08T11:00:00Z,0.854,16.7,-9999,Esperance,-35996.4,MURAT_202002_MRE,7,July,38.4,14.0,19.9
2020-07-08T12:00:00Z,0.834,16.7,-9999,Esperance,-35996.4,MURAT_202002_MRE,7,July,38.4,14.0,19.9
2020-07-08T13:00:00Z,0.827,16.7,-9999,Esperance,-35996.4,MURAT_202002_MRE,7,July,38.4,14.0,19.9
2020-07-08T14:00:00Z,0.878,16.7,-9999,Esperance,-35996.4,MURAT_202002_MRE,7,July,38.4,14.0,19.9
2020-07-08T15:00:00Z,0.893,16.7,-9999,Esperance,-35996.4,MURAT_202002_MRE,7,July,38.4,14.0,19.9
2020-07-08T16:00:00Z,0.918,16.7,-9999,Esperance,-35996.4,MURAT_202002_MRE,7,July,38.4,14.0,19.9
2020-07-08T17:00:00Z,0.913,16.7,-9999,Esperance,-35996.4,MURAT_202002_MRE,7,July,38.4,14.0,19.9
2020-07-08T18:00:00Z,0.89,16.7,-9999,Esperance,-35996.4,MURAT_202002_MRE,7,July,38.4,14.0,19.9
2020-07-08T19:00:00Z,0.862,16.7,-9999,Esperance,-35996.4,MURAT_202002_MRE,7,July,38.4,14.0,19.9
2020-07-08T20:00:00Z,0.839,16.7,-9999,Esperance,-35996.4,MURAT_202002_MRE,7,July,38.4,14.0,19.9
2020-07-08T21:00:00Z,0.824,16.6,-9999,Esperance,-35996.4,MURAT_202002_MRE,7,July,38.4,14.0,19.9
2020-07-08T22:00:00Z,0.867,16.6,-9999,Esperance,-35996.4,MURAT_202002_MRE,7,July,38.4,14.0,19.9
2020-07-08T23:00:00Z,0.873,16.6,-9999,Esperance,-35996.4,MURAT_202002_MRE,7,July,38.4,14.0,19.9
2020-07-09T00:00:00Z,0.99,16.6,-9999,Esperance,-35996.4,MURAT_202002_MRE,7,July,38.4,14.0,19.9
2020-07-09T01:00:00Z,1.109,16.6,-9999,Esperance,-35996.4,MURAT_202002_MRE,7,July,38.4,14.0,19.9
2020-07-09T02:00:00Z,1.192,16.6,-9999,Esperance,-35996.4,MURAT_202002_MRE,7,July,38.4,14.0,19.9
2020-07-09T03:00:00Z,1.295,16.6,-9999,Esperance,-35996.4,MURAT_202002_MRE,7,July,38.4,14.0,19.9
2020-07-09T04:00:00Z,1.341,16.6,-9999,Esperance,-35996.4,MURAT_202002_MRE,7,July,38.4,14.0,19.9
2020-07-09T05:00:00Z,1.36,16.6,-9999,Esperance,-35996.4,MURAT_202002_MRE,7,July,38.4,14.0,19.9
2020-07-09T06:00:00Z,1.306,16.6,-9999,Esperance,-35996.4,MURAT_202002_MRE,7,July,38.4,14.0,19.9
2020-07-09T07:00:00Z,1.164,16.6,-9999,Esperance,-35996.4,MURAT_202002_MRE,7,July,38.4,14.0,19.9
2020-07-09T08:00:00Z,1.08,16.6,-9999,Esperance,-35996.4,MURAT_202002_MRE,7,July,38.4,14.0,19.9
2020-07-09T09:00:00Z,0.962,16.6,-9999,Esperance,-35996.4,MURAT_202002_MRE,7,July,38.4,14.0,19.9
2020-07-09T10:00:00Z,0.807,16.6,-9999,Esperance,-35996.4,MURAT_202002_MRE,7,July,38.4,14.0,19.9
2020-07-09T11:00:00Z,0.754,16.6,-9999,Esperance,-35996.4,MURAT_202002_MRE,7,July,38.4,14.0,19.9
2020-07-09T12:00:00Z,0.73,16.6,-9999,Esperance,-35996.4,MURAT_202002_MRE,7,July,38.4,14.0,19.9
2020-07-09T13:00:00Z,0.715,16.6,-9999,Esperance,-35996.4,MURAT_202002_MRE,7,July,38.4,14.0,19.9
2020-07-09T14:00:00Z,0.759,16.6,-9999,Esperance,-35996.4,MURAT_202002_MRE,7,July,38.4,14.0,19.9
2020-07-09T15:00:00Z,0.793,16.6,-9999,Esperance,-35996.4,MURAT_202002_MRE,7,July,38.4,14.0,19.9
2020-07-09T16:00:00Z,0.791,16.6,-9999,Esperance,-35996.4,MURAT_202002_MRE,7,July,38.4,14.0,19.9
2020-07-09T17:00:00Z,0.806,16.5,-9999,Esperance,-35996.4,MURAT_202002_MRE,7,July,38.4,14.0,19.9
2020-07-09T18:00:00Z,0.803,16.5,-9999,Esperance,-35996.4,MURAT_202002_MRE,7,July,38.4,14.0,19.9
2020-07-09T19:00:00Z,0.742,16.5,-9999,Esperance,-35996.4,MURAT_202002_MRE,7,July,38.4,14.0,19.9
2020-07-09T20:00:00Z,0.742,16.5,-9999,Esperance,-35996.4,MURAT_202002_MRE,7,July,38.4,14.0,19.9
2020-07-09T21:00:00Z,0.757,16.5,-9999,Esperance,-35996.4,MURAT_202002_MRE,7,July,38.4,14.0,19.9
2020-07-09T22:00:00Z,0.74,16.5,-9999,Esperance,-35996.4,MURAT_202002_MRE,7,July,38.4,14.0,19.9
2020-07-09T23:00:00Z,0.771,16.5,-9999,Esperance,-35996.4,MURAT_202002_MRE,7,July,38.4,14.0,19.9
2020-07-10T00:00:00Z,0.848,16.5,-9999,Esperance,-35996.4,MURAT_202002_MRE,7,July,38.4,14.0,19.9
2020-07-10T01:00:00Z,0.927,16.4,-9999,Esperance,-35996.4,MURAT_202002_MRE,7,July,38.4,14.0,19.9
2020-07-10T02:00:00Z,1.025,16.4,-9999,Esperance,-35996.4,MURAT_202002_MRE,7,July,38.4,14.0,19.9
2020-07-10T03:00:00Z,1.096,16.4,-9999,Esperance,-35996.4,MURAT_202002_MRE,7,July,38.4,14.0,19.9
2020-07-10T04:00:00Z,1.159,16.4,-9999,Esperance,-35996.4,MURAT_202002_MRE,7,July,38.4,14.0,19.9
2020-07-10T05:00:00Z,1.17,16.4,-9999,Esperance,-35996.4,MURAT_202002_MRE,7,July,38.4,14.0,19.9
2020-07-10T06:00:00Z,1.092,16.4,-9999,Esperance,-35996.4,MURAT_202002_MRE,7,July,38.4,14.0,19.9
2020-07-10T07:00:00Z,1.06,16.5,-9999,Esperance,-35996.4,MURAT_202002_MRE,7,July,38.4,14.0,19.9
2020-07-10T08:00:00Z,0.948,16.5,-9999,Esperance,-35996.4,MURAT_202002_MRE,7,July,38.4,14.0,19.9
2020-07-10T09:00:00Z,0.81,16.5,-9999,Esperance,-35996.4,MURAT_202002_MRE,7,July,38.4,14.0,19.9
2020-07-10T10:00:00Z,0.752,16.5,-9999,Esperance,-35996.4,MURAT_202002_MRE,7,July,38.4,14.0,19.9
2020-07-10T11:00:00Z,0.664,16.5,-9999,Esperance,-35996.4,MURAT_202002_MRE,7,July,38.4,14.0,19.9
2020-07-10T12:00:00Z,0.627,16.5,-9999,Esperance,-35996.4,MURAT_202002_MRE,7,July,38.4,14.0,19.9
2020-07-10T13:00:00Z,0.64,16.4,-9999,Esperance,-35996.4,MURAT_202002_MRE,7,July,38.4,14.0,19.9
2020-07-10T14:00:00Z,0.672,16.4,-9999,Esperance,-35996.4,MURAT_202002_MRE,7,July,38.4,14.0,19.9
2020-07-10T15:00:00Z,0.683,16.3,-9999,Esperance,-35996.4,MURAT_202002_MRE,7,July,38.4,14.0,19.9
2020-07-10T16:00:00Z,0.7,16.4,-9999,Esperance,-35996.4,MURAT_202002_MRE,7,July,38.4,14.0,19.9
2020-07-10T17:00:00Z,0.748,16.4,-9999,Esperance,-35996.4,MURAT_202002_MRE,7,July,38.4,14.0,19.9
2020-07-10T18:00:00Z,0.727,16.4,-9999,Esperance,-35996.4,MURAT_202002_MRE,7,July,38.4,14.0,19.9
2020-07-10T19:00:00Z,0.683,16.4,-9999,Esperance,-35996.4,MURAT_202002_MRE,7,July,38.4,14.0,19.9
2020-07-10T20:00:00Z,0.697,16.4,-9999,Esperance,-35996.4,MURAT_202002_MRE,7,July,38.4,14.0,19.9
2020-07-10T21:00:00Z,0.659,16.4,-9999,Esperance,-35996.4,MURAT_202002_MRE,7,July,38.4,14.0,19.9
2020-07-10T22:00:00Z,0.686,16.4,-9999,Esperance,-35996.4,MURAT_202002_MRE,7,July,38.4,14.0,19.9
2020-07-10T23:00:00Z,0.696,16.4,-9999,Esperance,-35996.4,MURAT_202002_MRE,7,July,38.4,14.0,19.9
2020-07-11T00:00:00Z,0.744,16.4,-9999,Esperance,-35996.4,MURAT_202002_MRE,7,July,38.4,14.0,19.9
2020-07-11T01:00:00Z,0.805,16.3,-9999,Esperance,-35996.4,MURAT_202002_MRE,7,July,38.4,14.0,19.9
2020-07-11T02:00:00Z,0.846,16.3,-9999,Esperance,-35996.4,MURAT_202002_MRE,7,July,38.4,14.0,19.9
2020-07-11T03:00:00Z,0.921,16.5,-9999,Esperance,-35996.4,MURAT_202002_MRE,7,July,38.4,14.0,19.9
2020-07-11T04:00:00Z,0.996,16.6,-9999,Esperance,-35996.4,MURAT_202002_MRE,7,July,38.4,14.0,19.9
2020-07-11T05:00:00Z,0.965,16.8,-9999,Esperance,-35996.4,MURAT_202002_MRE,7,July,38.4,14.0,19.9
2020-07-11T06:00:00Z,0.96,16.9,-9999,Esperance,-35996.4,MURAT_202002_MRE,7,July,38.4,14.0,19.9
2020-07-11T07:00:00Z,0.927,16.9,-9999,Esperance,-35996.4,MURAT_202002_MRE,7,July,38.4,14.0,19.9
2020-07-11T08:00:00Z,0.836,16.9,-9999,Esperance,-35996.4,MURAT_202002_MRE,7,July,38.4,14.0,19.9
2020-07-11T09:00:00Z,0.721,16.9,-9999,Esperance,-35996.4,MURAT_202002_MRE,7,July,38.4,14.0,19.9
2020-07-11T10:00:00Z,0.681,16.9,-9999,Esperance,-35996.4,MURAT_202002_MRE,7,July,38.4,14.0,19.9
2020-07-11T11:00:00Z,0.593,16.9,-9999,Esperance,-35996.4,MURAT_202002_MRE,7,July,38.4,14.0,19.9
2020-07-11T12:00:00Z,0.558,16.9,-9999,Esperance,-35996.4,MURAT_202002_MRE,7,July,38.4,14.0,19.9
2020-07-11T13:00:00Z,0.588,16.9,-9999,Esperance,-35996.4,MURAT_202002_MRE,7,July,38.4,14.0,19.9
2020-07-11T14:00:00Z,0.613,16.8,-9999,Esperance,-35996.4,MURAT_202002_MRE,7,July,38.4,14.0,19.9
2020-07-11T15:00:00Z,0.627,16.8,-9999,Esperance,-35996.4,MURAT_202002_MRE,7,July,38.4,14.0,19.9
2020-07-11T16:00:00Z,0.671,16.8,-9999,Esperance,-35996.4,MURAT_202002_MRE,7,July,38.4,14.0,19.9
2020-07-11T17:00:00Z,0.73,16.8,-9999,Esperance,-35996.4,MURAT_202002_MRE,7,July,38.4,14.0,19.9
2020-07-11T18:00:00Z,0.745,16.7,-9999,Esperance,-35996.4,MURAT_202002_MRE,7,July,38.4,14.0,19.9
2020-07-11T19:00:00Z,0.673,16.7,-9999,Esperance,-35996.4,MURAT_202002_MRE,7,July,38.4,14.0,19.9
2020-07-11T20:00:00Z,0.728,16.6,-9999,Esperance,-35996.4,MURAT_202002_MRE,7,July,38.4,14.0,19.9
2020-07-11T21:00:00Z,0.723,16.6,-9999,Esperance,-35996.4,MURAT_202002_MRE,7,July,38.4,14.0,19.9
2020-07-11T22:00:00Z,0.7,16.5,-9999,Esperance,-35996.4,MURAT_202002_MRE,7,July,38.4,14.0,19.9
2020-07-11T23:00:00Z,0.739,16.5,-9999,Esperance,-35996.4,MURAT_202002_MRE,7,July,38.4,14.0,19.9
2020-07-12T00:00:00Z,0.754,16.5,-9999,Esperance,-35996.4,MURAT_202002_MRE,7,July,38.4,14.0,19.9
2020-07-12T01:00:00Z,0.769,16.5,-9999,Esperance,-35996.4,MURAT_202002_MRE,7,July,38.4,14.0,19.9
2020-07-12T02:00:00Z,0.835,16.4,-9999,Esperance,-35996.4,MURAT_202002_MRE,7,July,38.4,14.0,19.9
2020-07-12T03:00:00Z,0.894,16.4,-9999,Esperance,-35996.4,MURAT_202002_MRE,7,July,38.4,14.0,19.9
2020-07-12T04:00:00Z,0.95,16.5,-9999,Esperance,-35996.4,MURAT_202002_MRE,7,July,38.4,14.0,19.9
2020-07-12T05:00:00Z,0.974,16.5,-9999,Esperance,-35996.4,MURAT_202002_MRE,7,July,38.4,14.0,19.9
2020-07-12T06:00:00Z,0.978,16.5,-9999,Esperance,-35996.4,MURAT_202002_MRE,7,July,38.4,14.0,19.9
2020-07-12T07:00:00Z,0.929,16.6,-9999,Esperance,-35996.4,MURAT_202002_MRE,7,July,38.4,14.0,19.9
2020-07-12T08:00:00Z,0.906,16.6,-9999,Esperance,-35996.4,MURAT_202002_MRE,7,July,38.4,14.0,19.9
2020-07-12T09:00:00Z,0.831,16.5,-9999,Esperance,-35996.4,MURAT_202002_MRE,7,July,38.4,14.0,19.9
2020-07-12T10:00:00Z,0.722,16.5,-9999,Esperance,-35996.4,MURAT_202002_MRE,7,July,38.4,14.0,19.9
2020-07-12T11:00:00Z,0.714,16.5,-9999,Esperance,-35996.4,MURAT_202002_MRE,7,July,38.4,14.0,19.9
2020-07-12T12:00:00Z,0.704,16.5,-9999,Esperance,-35996.4,MURAT_202002_MRE,7,July,38.4,14.0,19.9
2020-07-12T13:00:00Z,0.625,16.5,-9999,Esperance,-35996.4,MURAT_202002_MRE,7,July,38.4,14.0,19.9
2020-07-12T14:00:00Z,0.714,16.4,-9999,Esperance,-35996.4,MURAT_202002_MRE,7,July,38.4,14.0,19.9
2020-07-12T15:00:00Z,0.703,16.4,-9999,Esperance,-35996.4,MURAT_202002_MRE,7,July,38.4,14.0,19.9
2020-07-12T16:00:00Z,0.722,16.4,-9999,Esperance,-35996.4,MURAT_202002_MRE,7,July,38.4,14.0,19.9
2020-07-12T17:00:00Z,0.815,16.3,-9999,Esperance,-35996.4,MURAT_202002_MRE,7,July,38.4,14.0,19.9
2020-07-12T18:00:00Z,0.836,16.3,-9999,Esperance,-35996.4,MURAT_202002_MRE,7,July,38.4,14.0,19.9
2020-07-12T19:00:00Z,0.818,16.3,-9999,Esperance,-35996.4,MURAT_202002_MRE,7,July,38.4,14.0,19.9
2020-07-12T20:00:00Z,0.886,16.2,-9999,Esperance,-35996.4,MURAT_202002_MRE,7,July,38.4,14.0,19.9
2020-07-12T21:00:00Z,0.907,16.2,-9999,Esperance,-35996.4,MURAT_202002_MRE,7,July,38.4,14.0,19.9
2020-07-12T22:00:00Z,0.872,16.2,-9999,Esperance,-35996.4,MURAT_202002_MRE,7,July,38.4,14.0,19.9
2020-07-12T23:00:00Z,0.948,16.2,-9999,Esperance,-35996.4,MURAT_202002_MRE,7,July,38.4,14.0,19.9
2020-07-13T00:00:00Z,0.973,16.1,-9999,Esperance,-35996.4,MURAT_202002_MRE,7,July,38.4,14.0,19.9
2020-07-13T01:00:00Z,0.959,16.1,-9999,Esperance,-35996.4,MURAT_202002_MRE,7,July,38.4,14.0,19.9
2020-07-13T02:00:00Z,1.01,16.1,-9999,Esperance,-35996.4,MURAT_202002_MRE,7,July,38.4,14.0,19.9
2020-07-13T03:00:00Z,1.064,16.1,-9999,Esperance,-35996.4,MURAT_202002_MRE,7,July,38.4,14.0,19.9
2020-07-13T04:00:00Z,1.042,16.1,-9999,Esperance,-35996.4,MURAT_202002_MRE,7,July,38.4,14.0,19.9
2020-07-13T05:00:00Z,1.072,16.1,-9999,Esperance,-35996.4,MURAT_202002_MRE,7,July,38.4,14.0,19.9
2020-07-13T06:00:00Z,1.085,16.1,-9999,Esperance,-35996.4,MURAT_202002_MRE,7,July,38.4,14.0,19.9
2020-07-13T07:00:00Z,1.029,16.1,-9999,Esperance,-35996.4,MURAT_202002_MRE,7,July,38.4,14.0,19.9
2020-07-13T08:00:00Z,1.002,16.1,-9999,Esperance,-35996.4,MURAT_202002_MRE,7,July,38.4,14.0,19.9
2020-07-13T09:00:00Z,0.951,16.1,-9999,Esperance,-35996.4,MURAT_202002_MRE,7,July,38.4,14.0,19.9
2020-07-13T10:00:00Z,0.879,16,-9999,Esperance,-35996.4,MURAT_202002_MRE,7,July,38.4,14.0,19.9
2020-07-13T11:00:00Z,0.846,16,-9999,Esperance,-35996.4,MURAT_202002_MRE,7,July,38.4,14.0,19.9
2020-07-13T12:00:00Z,0.821,16,-9999,Esperance,-35996.4,MURAT_202002_MRE,7,July,38.4,14.0,19.9
2020-07-13T13:00:00Z,0.829,16,-9999,Esperance,-35996.4,MURAT_202002_MRE,7,July,38.4,14.0,19.9
2020-07-13T14:00:00Z,0.814,15.9,-9999,Esperance,-35996.4,MURAT_202002_MRE,7,July,38.4,14.0,19.9
2020-07-13T15:00:00Z,0.833,15.9,-9999,Esperance,-35996.4,MURAT_202002_MRE,7,July,38.4,14.0,19.9
2020-07-13T16:00:00Z,0.892,15.9,-9999,Esperance,-35996.4,MURAT_202002_MRE,7,July,38.4,14.0,19.9
2020-07-13T17:00:00Z,0.9,15.9,-9999,Esperance,-35996.4,MURAT_202002_MRE,7,July,38.4,14.0,19.9
2020-07-13T18:00:00Z,0.954,15.8,-9999,Esperance,-35996.4,MURAT_202002_MRE,7,July,38.4,14.0,19.9
2020-07-13T19:00:00Z,1,15.8,-9999,Esperance,-35996.4,MURAT_202002_MRE,7,July,38.4,14.0,19.9
2020-07-13T20:00:00Z,1.022,15.8,-9999,Esperance,-35996.4,MURAT_202002_MRE,7,July,38.4,14.0,19.9
2020-07-13T21:00:00Z,1.08,15.8,-9999,Esperance,-35996.4,MURAT_202002_MRE,7,July,38.4,14.0,19.9
2020-07-13T22:00:00Z,1.107,15.7,-9999,Esperance,-35996.4,MURAT_202002_MRE,7,July,38.4,14.0,19.9
2020-07-13T23:00:00Z,1.149,15.6,-9999,Esperance,-35996.4,MURAT_202002_MRE,7,July,38.4,14.0,19.9
2020-07-14T00:00:00Z,1.192,15.5,-9999,Esperance,-35996.4,MURAT_202002_MRE,7,July,38.4,14.0,19.9
2020-07-14T01:00:00Z,1.193,15.5,-9999,Esperance,-35996.4,MURAT_202002_MRE,7,July,38.4,14.0,19.9
2020-07-14T02:00:00Z,1.139,15.4,-9999,Esperance,-35996.4,MURAT_202002_MRE,7,July,38.4,14.0,19.9
2020-07-14T03:00:00Z,1.192,15.5,-9999,Esperance,-35996.4,MURAT_202002_MRE,7,July,38.4,14.0,19.9
2020-07-14T04:00:00Z,1.161,15.5,-9999,Esperance,-35996.4,MURAT_202002_MRE,7,July,38.4,14.0,19.9
2020-07-14T05:00:00Z,1.142,15.5,-9999,Esperance,-35996.4,MURAT_202002_MRE,7,July,38.4,14.0,19.9
2020-07-14T06:00:00Z,1.181,15.5,-9999,Esperance,-35996.4,MURAT_202002_MRE,7,July,38.4,14.0,19.9
2020-07-14T07:00:00Z,1.148,15.6,-9999,Esperance,-35996.4,MURAT_202002_MRE,7,July,38.4,14.0,19.9
2020-07-14T08:00:00Z,1.091,15.6,-9999,Esperance,-35996.4,MURAT_202002_MRE,7,July,38.4,14.0,19.9
2020-07-14T09:00:00Z,1.06,15.6,-9999,Esperance,-35996.4,MURAT_202002_MRE,7,July,38.4,14.0,19.9
2020-07-14T10:00:00Z,1.003,15.6,-9999,Esperance,-35996.4,MURAT_202002_MRE,7,July,38.4,14.0,19.9
2020-07-14T11:00:00Z,0.973,15.6,-9999,Esperance,-35996.4,MURAT_202002_MRE,7,July,38.4,14.0,19.9
2020-07-14T12:00:00Z,0.95,15.6,-9999,Esperance,-35996.4,MURAT_202002_MRE,7,July,38.4,14.0,19.9
2020-07-14T13:00:00Z,0.954,15.6,-9999,Esperance,-35996.4,MURAT_202002_MRE,7,July,38.4,14.0,19.9
2020-07-14T14:00:00Z,0.937,15.7,-9999,Esperance,-35996.4,MURAT_202002_MRE,7,July,38.4,14.0,19.9
2020-07-14T15:00:00Z,0.961,15.6,-9999,Esperance,-35996.4,MURAT_202002_MRE,7,July,38.4,14.0,19.9
2020-07-14T16:00:00Z,0.969,15.6,-9999,Esperance,-35996.4,MURAT_202002_MRE,7,July,38.4,14.0,19.9
2020-07-14T17:00:00Z,1.02,15.7,-9999,Esperance,-35996.4,MURAT_202002_MRE,7,July,38.4,14.0,19.9
2020-07-14T18:00:00Z,1.059,15.7,-9999,Esperance,-35996.4,MURAT_202002_MRE,7,July,38.4,14.0,19.9
2020-07-14T19:00:00Z,1.085,15.8,-9999,Esperance,-35996.4,MURAT_202002_MRE,7,July,38.4,14.0,19.9
2020-07-14T20:00:00Z,1.181,15.9,-9999,Esperance,-35996.4,MURAT_202002_MRE,7,July,38.4,14.0,19.9
2020-07-14T21:00:00Z,1.228,15.9,-9999,Esperance,-35996.4,MURAT_202002_MRE,7,July,38.4,14.0,19.9
2020-07-14T22:00:00Z,1.245,15.9,-9999,Esperance,-35996.4,MURAT_202002_MRE,7,July,38.4,14.0,19.9
2020-07-14T23:00:00Z,1.29,15.9,-9999,Esperance,-35996.4,MURAT_202002_MRE,7,July,38.4,14.0,19.9
2020-07-15T00:00:00Z,1.31,15.9,-9999,Esperance,-35996.4,MURAT_202002_MRE,7,July,38.4,14.0,19.9
2020-07-15T01:00:00Z,1.313,15.9,-9999,Esperance,-35996.4,MURAT_202002_MRE,7,July,38.4,14.0,19.9
2020-07-15T02:00:00Z,1.249,15.9,-9999,Esperance,-35996.4,MURAT_202002_MRE,7,July,38.4,14.0,19.9
2020-07-15T03:00:00Z,1.202,-9999,-9999,Esperance,-35996.4,MURAT_202002_MRE,7,July,38.4,14.0,19.9
2020-07-15T04:00:00Z,1.139,-9999,-9999,Esperance,-35996.4,MURAT_202002_MRE,7,July,38.4,14.0,19.9
2020-07-15T05:00:00Z,1.073,-9999,-9999,Esperance,-35996.4,MURAT_202002_MRE,7,July,38.4,14.0,19.9
2020-07-15T06:00:00Z,1.027,-9999,-9999,Esperance,-35996.4,MURAT_202002_MRE,7,July,38.4,14.0,19.9
2020-07-15T07:00:00Z,0.99,-9999,-9999,Esperance,-35996.4,MURAT_202002_MRE,7,July,38.4,14.0,19.9
2020-07-15T08:00:00Z,0.967,-9999,-9999,Esperance,-35996.4,MURAT_202002_MRE,7,July,38.4,14.0,19.9
2020-07-15T09:00:00Z,0.93,-9999,-9999,Esperance,-35996.4,MURAT_202002_MRE,7,July,38.4,14.0,19.9
2020-07-15T10:00:00Z,0.917,-9999,-9999,Esperance,-35996.4,MURAT_202002_MRE,7,July,38.4,14.0,19.9
2020-07-15T11:00:00Z,0.92,-9999,-9999,Esperance,-35996.4,MURAT_202002_MRE,7,July,38.4,14.0,19.9
2020-07-15T12:00:00Z,0.902,-9999,-9999,Esperance,-35996.4,MURAT_202002_MRE,7,July,38.4,14.0,19.9
2020-07-15T13:00:00Z,0.943,-9999,-9999,Esperance,-35996.4,MURAT_202002_MRE,7,July,38.4,14.0,19.9
2020-07-15T14:00:00Z,0.943,-9999,-9999,Esperance,-35996.4,MURAT_202002_MRE,7,July,38.4,14.0,19.9
2020-07-15T15:00:00Z,0.888,-9999,-9999,Esperance,-35996.4,MURAT_202002_MRE,7,July,38.4,14.0,19.9
2020-07-15T16:00:00Z,0.949,-9999,-9999,Esperance,-35996.4,MURAT_202002_MRE,7,July,38.4,14.0,19.9
2020-07-15T17:00:00Z,0.964,-9999,-9999,Esperance,-35996.4,MURAT_202002_MRE,7,July,38.4,14.0,19.9
2020-07-15T18:00:00Z,0.926,-9999,-9999,Esperance,-35996.4,MURAT_202002_MRE,7,July,38.4,14.0,19.9
2020-07-15T19:00:00Z,1.001,-9999,-9999,Esperance,-35996.4,MURAT_202002_MRE,7,July,38.4,14.0,19.9
2020-07-15T20:00:00Z,1.039,-9999,-9999,Esperance,-35996.4,MURAT_202002_MRE,7,July,38.4,14.0,19.9
2020-07-15T21:00:00Z,1.139,-9999,-9999,Esperance,-35996.4,MURAT_202002_MRE,7,July,38.4,14.0,19.9
2020-07-15T22:00:00Z,1.186,-9999,-9999,Esperance,-35996.4,MURAT_202002_MRE,7,July,38.4,14.0,19.9
2020-07-15T23:00:00Z,1.252,-9999,-9999,Esperance,-35996.4,MURAT_202002_MRE,7,July,38.4,14.0,19.9
2020-07-16T00:00:00Z,1.266,-9999,-9999,Esperance,-35996.4,MURAT_202002_MRE,7,July,38.4,14.0,19.9
2020-07-16T01:00:00Z,1.261,-9999,-9999,Esperance,-35996.4,MURAT_202002_MRE,7,July,38.4,14.0,19.9
2020-07-16T02:00:00Z,1.232,-9999,-9999,Esperance,-35996.4,MURAT_202002_MRE,7,July,38.4,14.0,19.9
2020-07-16T03:00:00Z,1.152,-9999,-9999,Esperance,-35996.4,MURAT_202002_MRE,7,July,38.4,14.0,19.9
2020-07-16T04:00:00Z,1.071,-9999,-9999,Esperance,-35996.4,MURAT_202002_MRE,7,July,38.4,14.0,19.9
2020-07-16T05:00:00Z,0.991,-9999,-9999,Esperance,-35996.4,MURAT_202002_MRE,7,July,38.4,14.0,19.9
2020-07-16T06:00:00Z,0.9,-9999,-9999,Esperance,-35996.4,MURAT_202002_MRE,7,July,38.4,14.0,19.9
2020-07-16T07:00:00Z,0.858,-9999,-9999,Esperance,-35996.4,MURAT_202002_MRE,7,July,38.4,14.0,19.9
2020-07-16T08:00:00Z,0.84,-9999,-9999,Esperance,-35996.4,MURAT_202002_MRE,7,July,38.4,14.0,19.9
2020-07-16T09:00:00Z,0.839,-9999,-9999,Esperance,-35996.4,MURAT_202002_MRE,7,July,38.4,14.0,19.9
2020-07-16T10:00:00Z,0.84,-9999,-9999,Esperance,-35996.4,MURAT_202002_MRE,7,July,38.4,14.0,19.9
2020-07-16T11:00:00Z,0.868,-9999,-9999,Esperance,-35996.4,MURAT_202002_MRE,7,July,38.4,14.0,19.9
2020-07-16T12:00:00Z,0.919,-9999,-9999,Esperance,-35996.4,MURAT_202002_MRE,7,July,38.4,14.0,19.9
2020-07-16T13:00:00Z,0.931,-9999,-9999,Esperance,-35996.4,MURAT_202002_MRE,7,July,38.4,14.0,19.9
2020-07-16T14:00:00Z,0.956,-9999,-9999,Esperance,-35996.4,MURAT_202002_MRE,7,July,38.4,14.0,19.9
2020-07-16T15:00:00Z,0.948,-9999,-9999,Esperance,-35996.4,MURAT_202002_MRE,7,July,38.4,14.0,19.9
2020-07-16T16:00:00Z,0.941,-9999,-9999,Esperance,-35996.4,MURAT_202002_MRE,7,July,38.4,14.0,19.9
2020-07-16T17:00:00Z,0.968,-9999,-9999,Esperance,-35996.4,MURAT_202002_MRE,7,July,38.4,14.0,19.9
2020-07-16T18:00:00Z,0.986,-9999,-9999,Esperance,-35996.4,MURAT_202002_MRE,7,July,38.4,14.0,19.9
2020-07-16T19:00:00Z,1.045,-9999,-9999,Esperance,-35996.4,MURAT_202002_MRE,7,July,38.4,14.0,19.9
2020-07-16T20:00:00Z,1.098,-9999,-9999,Esperance,-35996.4,MURAT_202002_MRE,7,July,38.4,14.0,19.9
2020-07-16T21:00:00Z,1.205,-9999,-9999,Esperance,-35996.4,MURAT_202002_MRE,7,July,38.4,14.0,19.9
2020-07-16T22:00:00Z,1.339,-9999,-9999,Esperance,-35996.4,MURAT_202002_MRE,7,July,38.4,14.0,19.9
2020-07-16T23:00:00Z,1.413,-9999,-9999,Esperance,-35996.4,MURAT_202002_MRE,7,July,38.4,14.0,19.9
2020-07-17T00:00:00Z,1.477,-9999,-9999,Esperance,-35996.4,MURAT_202002_MRE,7,July,38.4,14.0,19.9
2020-07-17T01:00:00Z,1.56,-9999,-9999,Esperance,-35996.4,MURAT_202002_MRE,7,July,38.4,14.0,19.9
2020-07-17T02:00:00Z,1.508,-9999,-9999,Esperance,-35996.4,MURAT_202002_MRE,7,July,38.4,14.0,19.9
2020-07-17T03:00:00Z,1.425,16.4,-9999,Esperance,-35996.4,MURAT_202002_MRE,7,July,38.4,14.0,19.9
2020-07-17T04:00:00Z,1.317,16.5,-9999,Esperance,-35996.4,MURAT_202002_MRE,7,July,38.4,14.0,19.9
2020-07-17T05:00:00Z,1.172,16.5,-9999,Esperance,-35996.4,MURAT_202002_MRE,7,July,38.4,14.0,19.9
2020-07-17T06:00:00Z,1.054,16.4,-9999,Esperance,-35996.4,MURAT_202002_MRE,7,July,38.4,14.0,19.9
2020-07-17T07:00:00Z,0.976,16.5,-9999,Esperance,-35996.4,MURAT_202002_MRE,7,July,38.4,14.0,19.9
2020-07-17T08:00:00Z,0.918,16.5,-9999,Esperance,-35996.4,MURAT_202002_MRE,7,July,38.4,14.0,19.9
2020-07-17T09:00:00Z,0.869,16.5,-9999,Esperance,-35996.4,MURAT_202002_MRE,7,July,38.4,14.0,19.9
2020-07-17T10:00:00Z,0.874,16.5,-9999,Esperance,-35996.4,MURAT_202002_MRE,7,July,38.4,14.0,19.9
2020-07-17T11:00:00Z,0.875,16.5,-9999,Esperance,-35996.4,MURAT_202002_MRE,7,July,38.4,14.0,19.9
2020-07-17T12:00:00Z,0.918,16.5,-9999,Esperance,-35996.4,MURAT_202002_MRE,7,July,38.4,14.0,19.9
2020-07-17T13:00:00Z,0.984,16.5,-9999,Esperance,-35996.4,MURAT_202002_MRE,7,July,38.4,14.0,19.9
2020-07-17T14:00:00Z,0.988,16.5,-9999,Esperance,-35996.4,MURAT_202002_MRE,7,July,38.4,14.0,19.9
2020-07-17T15:00:00Z,0.999,16.5,-9999,Esperance,-35996.4,MURAT_202002_MRE,7,July,38.4,14.0,19.9
2020-07-17T16:00:00Z,0.983,16.6,-9999,Esperance,-35996.4,MURAT_202002_MRE,7,July,38.4,14.0,19.9
2020-07-17T17:00:00Z,0.971,16.6,-9999,Esperance,-35996.4,MURAT_202002_MRE,7,July,38.4,14.0,19.9
2020-07-17T18:00:00Z,0.927,16.5,-9999,Esperance,-35996.4,MURAT_202002_MRE,7,July,38.4,14.0,19.9
2020-07-17T19:00:00Z,0.965,16.4,-9999,Esperance,-35996.4,MURAT_202002_MRE,7,July,38.4,14.0,19.9
2020-07-17T20:00:00Z,1.002,16.4,-9999,Esperance,-35996.4,MURAT_202002_MRE,7,July,38.4,14.0,19.9
2020-07-17T21:00:00Z,1.101,16.4,-9999,Esperance,-35996.4,MURAT_202002_MRE,7,July,38.4,14.0,19.9
2020-07-17T22:00:00Z,1.205,16.4,-9999,Esperance,-35996.4,MURAT_202002_MRE,7,July,38.4,14.0,19.9
2020-07-17T23:00:00Z,1.315,16.4,-9999,Esperance,-35996.4,MURAT_202002_MRE,7,July,38.4,14.0,19.9
2020-07-18T00:00:00Z,1.409,16.3,-9999,Esperance,-35996.4,MURAT_202002_MRE,7,July,38.4,14.0,19.9
2020-07-18T01:00:00Z,1.476,16.3,-9999,Esperance,-35996.4,MURAT_202002_MRE,7,July,38.4,14.0,19.9
2020-07-18T02:00:00Z,1.467,16.3,-9999,Esperance,-35996.4,MURAT_202002_MRE,7,July,38.4,14.0,19.9
2020-07-18T03:00:00Z,1.409,16.3,-9999,Esperance,-35996.4,MURAT_202002_MRE,7,July,38.4,14.0,19.9
2020-07-18T04:00:00Z,1.303,16.4,-9999,Esperance,-35996.4,MURAT_202002_MRE,7,July,38.4,14.0,19.9
2020-07-18T05:00:00Z,1.163,16.4,-9999,Esperance,-35996.4,MURAT_202002_MRE,7,July,38.4,14.0,19.9
2020-07-18T06:00:00Z,0.984,16.4,-9999,Esperance,-35996.4,MURAT_202002_MRE,7,July,38.4,14.0,19.9
2020-07-18T07:00:00Z,0.89,16.4,-9999,Esperance,-35996.4,MURAT_202002_MRE,7,July,38.4,14.0,19.9
2020-07-18T08:00:00Z,0.813,16.4,-9999,Esperance,-35996.4,MURAT_202002_MRE,7,July,38.4,14.0,19.9
2020-07-18T09:00:00Z,0.715,16.4,-9999,Esperance,-35996.4,MURAT_202002_MRE,7,July,38.4,14.0,19.9
2020-07-18T10:00:00Z,0.737,16.4,-9999,Esperance,-35996.4,MURAT_202002_MRE,7,July,38.4,14.0,19.9
2020-07-18T11:00:00Z,0.782,16.4,-9999,Esperance,-35996.4,MURAT_202002_MRE,7,July,38.4,14.0,19.9
2020-07-18T12:00:00Z,0.81,16.4,-9999,Esperance,-35996.4,MURAT_202002_MRE,7,July,38.4,14.0,19.9
2020-07-18T13:00:00Z,0.887,16.4,-9999,Esperance,-35996.4,MURAT_202002_MRE,7,July,38.4,14.0,19.9
2020-07-18T14:00:00Z,0.921,16.3,-9999,Esperance,-35996.4,MURAT_202002_MRE,7,July,38.4,14.0,19.9
2020-07-18T15:00:00Z,0.89,16.4,-9999,Esperance,-35996.4,MURAT_202002_MRE,7,July,38.4,14.0,19.9
2020-07-18T16:00:00Z,0.909,16.4,-9999,Esperance,-35996.4,MURAT_202002_MRE,7,July,38.4,14.0,19.9
2020-07-18T17:00:00Z,0.89,16.4,-9999,Esperance,-35996.4,MURAT_202002_MRE,7,July,38.4,14.0,19.9
2020-07-18T18:00:00Z,0.832,16.4,-9999,Esperance,-35996.4,MURAT_202002_MRE,7,July,38.4,14.0,19.9
2020-07-18T19:00:00Z,0.802,16.4,-9999,Esperance,-35996.4,MURAT_202002_MRE,7,July,38.4,14.0,19.9
2020-07-18T20:00:00Z,0.866,16.4,-9999,Esperance,-35996.4,MURAT_202002_MRE,7,July,38.4,14.0,19.9
2020-07-18T21:00:00Z,0.924,16.4,-9999,Esperance,-35996.4,MURAT_202002_MRE,7,July,38.4,14.0,19.9
2020-07-18T22:00:00Z,1.029,16.4,-9999,Esperance,-35996.4,MURAT_202002_MRE,7,July,38.4,14.0,19.9
2020-07-18T23:00:00Z,1.187,16.4,-9999,Esperance,-35996.4,MURAT_202002_MRE,7,July,38.4,14.0,19.9
2020-07-19T00:00:00Z,1.312,16.3,-9999,Esperance,-35996.4,MURAT_202002_MRE,7,July,38.4,14.0,19.9
2020-07-19T01:00:00Z,1.385,16.3,-9999,Esperance,-35996.4,MURAT_202002_MRE,7,July,38.4,14.0,19.9
2020-07-19T02:00:00Z,1.431,16.4,-9999,Esperance,-35996.4,MURAT_202002_MRE,7,July,38.4,14.0,19.9
2020-07-19T03:00:00Z,1.382,16.4,-9999,Esperance,-35996.4,MURAT_202002_MRE,7,July,38.4,14.0,19.9
2020-07-19T04:00:00Z,1.268,16.4,-9999,Esperance,-35996.4,MURAT_202002_MRE,7,July,38.4,14.0,19.9
2020-07-19T05:00:00Z,1.099,16.4,-9999,Esperance,-35996.4,MURAT_202002_MRE,7,July,38.4,14.0,19.9
2020-07-19T06:00:00Z,0.903,16.4,-9999,Esperance,-35996.4,MURAT_202002_MRE,7,July,38.4,14.0,19.9
2020-07-19T07:00:00Z,0.701,16.4,-9999,Esperance,-35996.4,MURAT_202002_MRE,7,July,38.4,14.0,19.9
2020-07-19T08:00:00Z,0.562,16.4,-9999,Esperance,-35996.4,MURAT_202002_MRE,7,July,38.4,14.0,19.9
2020-07-19T09:00:00Z,0.463,16.4,-9999,Esperance,-35996.4,MURAT_202002_MRE,7,July,38.4,14.0,19.9
2020-07-19T10:00:00Z,0.388,16.4,-9999,Esperance,-35996.4,MURAT_202002_MRE,7,July,38.4,14.0,19.9
2020-07-19T11:00:00Z,0.44,16.4,-9999,Esperance,-35996.4,MURAT_202002_MRE,7,July,38.4,14.0,19.9
2020-07-19T12:00:00Z,0.514,16.4,-9999,Esperance,-35996.4,MURAT_202002_MRE,7,July,38.4,14.0,19.9
2020-07-19T13:00:00Z,0.546,16.4,-9999,Esperance,-35996.4,MURAT_202002_MRE,7,July,38.4,14.0,19.9
2020-07-19T14:00:00Z,0.635,16.3,-9999,Esperance,-35996.4,MURAT_202002_MRE,7,July,38.4,14.0,19.9
2020-07-19T15:00:00Z,0.648,16.3,-9999,Esperance,-35996.4,MURAT_202002_MRE,7,July,38.4,14.0,19.9
2020-07-19T16:00:00Z,0.656,16.3,-9999,Esperance,-35996.4,MURAT_202002_MRE,7,July,38.4,14.0,19.9
2020-07-19T17:00:00Z,0.634,16.3,-9999,Esperance,-35996.4,MURAT_202002_MRE,7,July,38.4,14.0,19.9
2020-07-19T18:00:00Z,0.589,16.3,-9999,Esperance,-35996.4,MURAT_202002_MRE,7,July,38.4,14.0,19.9
2020-07-19T19:00:00Z,0.559,16.3,-9999,Esperance,-35996.4,MURAT_202002_MRE,7,July,38.4,14.0,19.9
2020-07-19T20:00:00Z,0.602,16.3,-9999,Esperance,-35996.4,MURAT_202002_MRE,7,July,38.4,14.0,19.9
2020-07-19T21:00:00Z,0.668,16.3,-9999,Esperance,-35996.4,MURAT_202002_MRE,7,July,38.4,14.0,19.9
2020-07-19T22:00:00Z,0.768,16.2,-9999,Esperance,-35996.4,MURAT_202002_MRE,7,July,38.4,14.0,19.9
2020-07-19T23:00:00Z,0.915,16.2,-9999,Esperance,-35996.4,MURAT_202002_MRE,7,July,38.4,14.0,19.9
2020-07-20T00:00:00Z,1.086,16.2,-9999,Esperance,-35996.4,MURAT_202002_MRE,7,July,38.4,14.0,19.9
2020-07-20T01:00:00Z,1.215,16.2,-9999,Esperance,-35996.4,MURAT_202002_MRE,7,July,38.4,14.0,19.9
2020-07-20T02:00:00Z,1.295,16.3,-9999,Esperance,-35996.4,MURAT_202002_MRE,7,July,38.4,14.0,19.9
2020-07-20T03:00:00Z,1.281,16.3,-9999,Esperance,-35996.4,MURAT_202002_MRE,7,July,38.4,14.0,19.9
2020-07-20T04:00:00Z,1.204,16.4,-9999,Esperance,-35996.4,MURAT_202002_MRE,7,July,38.4,14.0,19.9
2020-07-20T05:00:00Z,1.072,16.4,-9999,Esperance,-35996.4,MURAT_202002_MRE,7,July,38.4,14.0,19.9
2020-07-20T06:00:00Z,0.883,16.4,-9999,Esperance,-35996.4,MURAT_202002_MRE,7,July,38.4,14.0,19.9
2020-07-20T07:00:00Z,0.673,16.4,-9999,Esperance,-35996.4,MURAT_202002_MRE,7,July,38.4,14.0,19.9
2020-07-20T08:00:00Z,0.508,16.4,-9999,Esperance,-35996.4,MURAT_202002_MRE,7,July,38.4,14.0,19.9
2020-07-20T09:00:00Z,0.338,16.4,-9999,Esperance,-35996.4,MURAT_202002_MRE,7,July,38.4,14.0,19.9
2020-07-20T10:00:00Z,0.291,16.4,-9999,Esperance,-35996.4,MURAT_202002_MRE,7,July,38.4,14.0,19.9
2020-07-20T11:00:00Z,0.325,16.4,-9999,Esperance,-35996.4,MURAT_202002_MRE,7,July,38.4,14.0,19.9
2020-07-20T12:00:00Z,0.34,16.4,-9999,Esperance,-35996.4,MURAT_202002_MRE,7,July,38.4,14.0,19.9
2020-07-20T13:00:00Z,0.429,16.3,-9999,Esperance,-35996.4,MURAT_202002_MRE,7,July,38.4,14.0,19.9
2020-07-20T14:00:00Z,0.515,16.3,-9999,Esperance,-35996.4,MURAT_202002_MRE,7,July,38.4,14.0,19.9
2020-07-20T15:00:00Z,0.537,16.3,-9999,Esperance,-35996.4,MURAT_202002_MRE,7,July,38.4,14.0,19.9
2020-07-20T16:00:00Z,0.584,16.3,-9999,Esperance,-35996.4,MURAT_202002_MRE,7,July,38.4,14.0,19.9
2020-07-20T17:00:00Z,0.553,16.3,-9999,Esperance,-35996.4,MURAT_202002_MRE,7,July,38.4,14.0,19.9
2020-07-20T18:00:00Z,0.514,16.3,-9999,Esperance,-35996.4,MURAT_202002_MRE,7,July,38.4,14.0,19.9
2020-07-20T19:00:00Z,0.491,16.2,-9999,Esperance,-35996.4,MURAT_202002_MRE,7,July,38.4,14.0,19.9
2020-07-20T20:00:00Z,0.486,16.2,-9999,Esperance,-35996.4,MURAT_202002_MRE,7,July,38.4,14.0,19.9
2020-07-20T21:00:00Z,0.507,16.2,-9999,Esperance,-35996.4,MURAT_202002_MRE,7,July,38.4,14.0,19.9
2020-07-20T22:00:00Z,0.625,16.1,-9999,Esperance,-35996.4,MURAT_202002_MRE,7,July,38.4,14.0,19.9
2020-07-20T23:00:00Z,0.768,16.1,-9999,Esperance,-35996.4,MURAT_202002_MRE,7,July,38.4,14.0,19.9
2020-07-21T00:00:00Z,0.918,16,-9999,Esperance,-35996.4,MURAT_202002_MRE,7,July,38.4,14.0,19.9
2020-07-21T01:00:00Z,1.101,16,-9999,Esperance,-35996.4,MURAT_202002_MRE,7,July,38.4,14.0,19.9
2020-07-21T02:00:00Z,1.196,16,-9999,Esperance,-35996.4,MURAT_202002_MRE,7,July,38.4,14.0,19.9
2020-07-21T03:00:00Z,1.236,15.9,-9999,Esperance,-35996.4,MURAT_202002_MRE,7,July,38.4,14.0,19.9
2020-07-21T04:00:00Z,1.273,16,-9999,Esperance,-35996.4,MURAT_202002_MRE,7,July,38.4,14.0,19.9
2020-07-21T05:00:00Z,1.107,16.1,-9999,Esperance,-35996.4,MURAT_202002_MRE,7,July,38.4,14.0,19.9
2020-07-21T06:00:00Z,0.997,16.1,-9999,Esperance,-35996.4,MURAT_202002_MRE,7,July,38.4,14.0,19.9
2020-07-21T07:00:00Z,0.795,16.1,-9999,Esperance,-35996.4,MURAT_202002_MRE,7,July,38.4,14.0,19.9
2020-07-21T08:00:00Z,0.577,16.1,-9999,Esperance,-35996.4,MURAT_202002_MRE,7,July,38.4,14.0,19.9
2020-07-21T09:00:00Z,0.436,16.1,-9999,Esperance,-35996.4,MURAT_202002_MRE,7,July,38.4,14.0,19.9
2020-07-21T10:00:00Z,0.345,16.1,-9999,Esperance,-35996.4,MURAT_202002_MRE,7,July,38.4,14.0,19.9
2020-07-21T11:00:00Z,0.301,16.1,-9999,Esperance,-35996.4,MURAT_202002_MRE,7,July,38.4,14.0,19.9
2020-07-21T12:00:00Z,0.361,16.1,-9999,Esperance,-35996.4,MURAT_202002_MRE,7,July,38.4,14.0,19.9
2020-07-21T13:00:00Z,0.415,16.1,-9999,Esperance,-35996.4,MURAT_202002_MRE,7,July,38.4,14.0,19.9
2020-07-21T14:00:00Z,0.52,16.1,-9999,Esperance,-35996.4,MURAT_202002_MRE,7,July,38.4,14.0,19.9
2020-07-21T15:00:00Z,0.546,16.1,-9999,Esperance,-35996.4,MURAT_202002_MRE,7,July,38.4,14.0,19.9
2020-07-21T16:00:00Z,0.617,16.1,-9999,Esperance,-35996.4,MURAT_202002_MRE,7,July,38.4,14.0,19.9
2020-07-21T17:00:00Z,0.597,16,-9999,Esperance,-35996.4,MURAT_202002_MRE,7,July,38.4,14.0,19.9
2020-07-21T18:00:00Z,0.566,16,-9999,Esperance,-35996.4,MURAT_202002_MRE,7,July,38.4,14.0,19.9
2020-07-21T19:00:00Z,0.536,16,-9999,Esperance,-35996.4,MURAT_202002_MRE,7,July,38.4,14.0,19.9
2020-07-21T20:00:00Z,0.5,16,-9999,Esperance,-35996.4,MURAT_202002_MRE,7,July,38.4,14.0,19.9
2020-07-21T21:00:00Z,0.529,15.9,-9999,Esperance,-35996.4,MURAT_202002_MRE,7,July,38.4,14.0,19.9
2020-07-21T22:00:00Z,0.603,15.9,-9999,Esperance,-35996.4,MURAT_202002_MRE,7,July,38.4,14.0,19.9
2020-07-21T23:00:00Z,0.696,15.9,-9999,Esperance,-35996.4,MURAT_202002_MRE,7,July,38.4,14.0,19.9
2020-07-22T00:00:00Z,0.921,15.9,-9999,Esperance,-35996.4,MURAT_202002_MRE,7,July,38.4,14.0,19.9
2020-07-22T01:00:00Z,1.054,15.8,-9999,Esperance,-35996.4,MURAT_202002_MRE,7,July,38.4,14.0,19.9
2020-07-22T02:00:00Z,1.191,15.8,-9999,Esperance,-35996.4,MURAT_202002_MRE,7,July,38.4,14.0,19.9
2020-07-22T03:00:00Z,1.31,15.9,-9999,Esperance,-35996.4,MURAT_202002_MRE,7,July,38.4,14.0,19.9
2020-07-22T04:00:00Z,1.356,15.9,-9999,Esperance,-35996.4,MURAT_202002_MRE,7,July,38.4,14.0,19.9
2020-07-22T05:00:00Z,1.297,15.9,-9999,Esperance,-35996.4,MURAT_202002_MRE,7,July,38.4,14.0,19.9
2020-07-22T06:00:00Z,1.192,16,-9999,Esperance,-35996.4,MURAT_202002_MRE,7,July,38.4,14.0,19.9
2020-07-22T07:00:00Z,1.049,16.1,-9999,Esperance,-35996.4,MURAT_202002_MRE,7,July,38.4,14.0,19.9
2020-07-22T08:00:00Z,0.848,16.1,-9999,Esperance,-35996.4,MURAT_202002_MRE,7,July,38.4,14.0,19.9
2020-07-22T09:00:00Z,0.683,16.1,-9999,Esperance,-35996.4,MURAT_202002_MRE,7,July,38.4,14.0,19.9
2020-07-22T10:00:00Z,0.551,16.1,-9999,Esperance,-35996.4,MURAT_202002_MRE,7,July,38.4,14.0,19.9
2020-07-22T11:00:00Z,0.458,16.1,-9999,Esperance,-35996.4,MURAT_202002_MRE,7,July,38.4,14.0,19.9
2020-07-22T12:00:00Z,0.502,16.1,-9999,Esperance,-35996.4,MURAT_202002_MRE,7,July,38.4,14.0,19.9
2020-07-22T13:00:00Z,0.56,16.1,-9999,Esperance,-35996.4,MURAT_202002_MRE,7,July,38.4,14.0,19.9
2020-07-22T14:00:00Z,0.598,16.1,-9999,Esperance,-35996.4,MURAT_202002_MRE,7,July,38.4,14.0,19.9
2020-07-22T15:00:00Z,0.684,16,-9999,Esperance,-35996.4,MURAT_202002_MRE,7,July,38.4,14.0,19.9
2020-07-22T16:00:00Z,0.736,16,-9999,Esperance,-35996.4,MURAT_202002_MRE,7,July,38.4,14.0,19.9
2020-07-22T17:00:00Z,0.734,15.9,-9999,Esperance,-35996.4,MURAT_202002_MRE,7,July,38.4,14.0,19.9
2020-07-22T18:00:00Z,0.752,15.9,-9999,Esperance,-35996.4,MURAT_202002_MRE,7,July,38.4,14.0,19.9
2020-07-22T19:00:00Z,0.724,15.9,-9999,Esperance,-35996.4,MURAT_202002_MRE,7,July,38.4,14.0,19.9
2020-07-22T20:00:00Z,0.688,15.9,-9999,Esperance,-35996.4,MURAT_202002_MRE,7,July,38.4,14.0,19.9
2020-07-22T21:00:00Z,0.708,15.9,-9999,Esperance,-35996.4,MURAT_202002_MRE,7,July,38.4,14.0,19.9
2020-07-22T22:00:00Z,0.809,16,-9999,Esperance,-35996.4,MURAT_202002_MRE,7,July,38.4,14.0,19.9
2020-07-22T23:00:00Z,0.863,16.1,-9999,Esperance,-35996.4,MURAT_202002_MRE,7,July,38.4,14.0,19.9
2020-07-23T00:00:00Z,1.023,16.1,-9999,Esperance,-35996.4,MURAT_202002_MRE,7,July,38.4,14.0,19.9
2020-07-23T01:00:00Z,1.224,16.1,-9999,Esperance,-35996.4,MURAT_202002_MRE,7,July,38.4,14.0,19.9
2020-07-23T02:00:00Z,1.357,16,-9999,Esperance,-35996.4,MURAT_202002_MRE,7,July,38.4,14.0,19.9
2020-07-23T03:00:00Z,1.471,16,-9999,Esperance,-35996.4,MURAT_202002_MRE,7,July,38.4,14.0,19.9
2020-07-23T04:00:00Z,1.583,16,-9999,Esperance,-35996.4,MURAT_202002_MRE,7,July,38.4,14.0,19.9
2020-07-23T05:00:00Z,1.565,16,-9999,Esperance,-35996.4,MURAT_202002_MRE,7,July,38.4,14.0,19.9
2020-07-23T06:00:00Z,1.502,16,-9999,Esperance,-35996.4,MURAT_202002_MRE,7,July,38.4,14.0,19.9
2020-07-23T07:00:00Z,1.449,16,-9999,Esperance,-35996.4,MURAT_202002_MRE,7,July,38.4,14.0,19.9
2020-07-23T08:00:00Z,1.262,16,-9999,Esperance,-35996.4,MURAT_202002_MRE,7,July,38.4,14.0,19.9
2020-07-23T09:00:00Z,1.053,16,-9999,Esperance,-35996.4,MURAT_202002_MRE,7,July,38.4,14.0,19.9
2020-07-23T10:00:00Z,0.915,16,-9999,Esperance,-35996.4,MURAT_202002_MRE,7,July,38.4,14.0,19.9
2020-07-23T11:00:00Z,0.787,16,-9999,Esperance,-35996.4,MURAT_202002_MRE,7,July,38.4,14.0,19.9
2020-07-23T12:00:00Z,0.727,16,-9999,Esperance,-35996.4,MURAT_202002_MRE,7,July,38.4,14.0,19.9
2020-07-23T13:00:00Z,0.776,16,-9999,Esperance,-35996.4,MURAT_202002_MRE,7,July,38.4,14.0,19.9
2020-07-23T14:00:00Z,0.808,16,-9999,Esperance,-35996.4,MURAT_202002_MRE,7,July,38.4,14.0,19.9
2020-07-23T15:00:00Z,0.85,16,-9999,Esperance,-35996.4,MURAT_202002_MRE,7,July,38.4,14.0,19.9
2020-07-23T16:00:00Z,0.863,16,-9999,Esperance,-35996.4,MURAT_202002_MRE,7,July,38.4,14.0,19.9
2020-07-23T17:00:00Z,0.92,15.9,-9999,Esperance,-35996.4,MURAT_202002_MRE,7,July,38.4,14.0,19.9
2020-07-23T18:00:00Z,0.893,15.9,-9999,Esperance,-35996.4,MURAT_202002_MRE,7,July,38.4,14.0,19.9
2020-07-23T19:00:00Z,0.816,15.9,-9999,Esperance,-35996.4,MURAT_202002_MRE,7,July,38.4,14.0,19.9
2020-07-23T20:00:00Z,0.807,15.9,-9999,Esperance,-35996.4,MURAT_202002_MRE,7,July,38.4,14.0,19.9
2020-07-23T21:00:00Z,0.806,16,-9999,Esperance,-35996.4,MURAT_202002_MRE,7,July,38.4,14.0,19.9
2020-07-23T22:00:00Z,0.747,16,-9999,Esperance,-35996.4,MURAT_202002_MRE,7,July,38.4,14.0,19.9
2020-07-23T23:00:00Z,0.798,16,-9999,Esperance,-35996.4,MURAT_202002_MRE,7,July,38.4,14.0,19.9
2020-07-24T00:00:00Z,0.879,16,-9999,Esperance,-35996.4,MURAT_202002_MRE,7,July,38.4,14.0,19.9
2020-07-24T01:00:00Z,0.993,16,-9999,Esperance,-35996.4,MURAT_202002_MRE,7,July,38.4,14.0,19.9
2020-07-24T02:00:00Z,1.107,16,-9999,Esperance,-35996.4,MURAT_202002_MRE,7,July,38.4,14.0,19.9
2020-07-24T03:00:00Z,1.188,16.1,-9999,Esperance,-35996.4,MURAT_202002_MRE,7,July,38.4,14.0,19.9
2020-07-24T04:00:00Z,1.252,16.1,-9999,Esperance,-35996.4,MURAT_202002_MRE,7,July,38.4,14.0,19.9
2020-07-24T05:00:00Z,1.253,16.1,-9999,Esperance,-35996.4,MURAT_202002_MRE,7,July,38.4,14.0,19.9
2020-07-24T06:00:00Z,1.243,16.3,-9999,Esperance,-35996.4,MURAT_202002_MRE,7,July,38.4,14.0,19.9
2020-07-24T07:00:00Z,1.143,16.3,-9999,Esperance,-35996.4,MURAT_202002_MRE,7,July,38.4,14.0,19.9
2020-07-24T08:00:00Z,0.979,16.4,-9999,Esperance,-35996.4,MURAT_202002_MRE,7,July,38.4,14.0,19.9
2020-07-24T09:00:00Z,0.87,16.4,-9999,Esperance,-35996.4,MURAT_202002_MRE,7,July,38.4,14.0,19.9
2020-07-24T10:00:00Z,0.706,16.5,-9999,Esperance,-35996.4,MURAT_202002_MRE,7,July,38.4,14.0,19.9
2020-07-24T11:00:00Z,0.6,16.5,-9999,Esperance,-35996.4,MURAT_202002_MRE,7,July,38.4,14.0,19.9
2020-07-24T12:00:00Z,0.546,16.5,-9999,Esperance,-35996.4,MURAT_202002_MRE,7,July,38.4,14.0,19.9
2020-07-24T13:00:00Z,0.536,16.5,-9999,Esperance,-35996.4,MURAT_202002_MRE,7,July,38.4,14.0,19.9
2020-07-24T14:00:00Z,0.593,16.5,-9999,Esperance,-35996.4,MURAT_202002_MRE,7,July,38.4,14.0,19.9
2020-07-24T15:00:00Z,0.669,16.5,-9999,Esperance,-35996.4,MURAT_202002_MRE,7,July,38.4,14.0,19.9
2020-07-24T16:00:00Z,0.677,16.5,-9999,Esperance,-35996.4,MURAT_202002_MRE,7,July,38.4,14.0,19.9
2020-07-24T17:00:00Z,0.695,16.5,-9999,Esperance,-35996.4,MURAT_202002_MRE,7,July,38.4,14.0,19.9
2020-07-24T18:00:00Z,0.736,16.5,-9999,Esperance,-35996.4,MURAT_202002_MRE,7,July,38.4,14.0,19.9
2020-07-24T19:00:00Z,0.687,16.4,-9999,Esperance,-35996.4,MURAT_202002_MRE,7,July,38.4,14.0,19.9
2020-07-24T20:00:00Z,0.625,16.4,-9999,Esperance,-35996.4,MURAT_202002_MRE,7,July,38.4,14.0,19.9
2020-07-24T21:00:00Z,0.624,16.4,-9999,Esperance,-35996.4,MURAT_202002_MRE,7,July,38.4,14.0,19.9
2020-07-24T22:00:00Z,0.57,16.4,-9999,Esperance,-35996.4,MURAT_202002_MRE,7,July,38.4,14.0,19.9
2020-07-24T23:00:00Z,0.561,16.3,-9999,Esperance,-35996.4,MURAT_202002_MRE,7,July,38.4,14.0,19.9
2020-07-25T00:00:00Z,0.615,16.3,-9999,Esperance,-35996.4,MURAT_202002_MRE,7,July,38.4,14.0,19.9
2020-07-25T01:00:00Z,0.671,16.3,-9999,Esperance,-35996.4,MURAT_202002_MRE,7,July,38.4,14.0,19.9
2020-07-25T02:00:00Z,0.771,16.2,-9999,Esperance,-35996.4,MURAT_202002_MRE,7,July,38.4,14.0,19.9
2020-07-25T03:00:00Z,0.854,16.2,-9999,Esperance,-35996.4,MURAT_202002_MRE,7,July,38.4,14.0,19.9
2020-07-25T04:00:00Z,0.955,16.2,-9999,Esperance,-35996.4,MURAT_202002_MRE,7,July,38.4,14.0,19.9
2020-07-25T05:00:00Z,0.981,16.2,-9999,Esperance,-35996.4,MURAT_202002_MRE,7,July,38.4,14.0,19.9
2020-07-25T06:00:00Z,1.009,16.2,-9999,Esperance,-35996.4,MURAT_202002_MRE,7,July,38.4,14.0,19.9
2020-07-25T07:00:00Z,0.949,16.2,-9999,Esperance,-35996.4,MURAT_202002_MRE,7,July,38.4,14.0,19.9
2020-07-25T08:00:00Z,0.943,16.1,-9999,Esperance,-35996.4,MURAT_202002_MRE,7,July,38.4,14.0,19.9
2020-07-25T09:00:00Z,0.826,16.1,-9999,Esperance,-35996.4,MURAT_202002_MRE,7,July,38.4,14.0,19.9
2020-07-25T10:00:00Z,0.693,16.1,-9999,Esperance,-35996.4,MURAT_202002_MRE,7,July,38.4,14.0,19.9
2020-07-25T11:00:00Z,0.647,16.1,-9999,Esperance,-35996.4,MURAT_202002_MRE,7,July,38.4,14.0,19.9
2020-07-25T12:00:00Z,0.575,16.1,-9999,Esperance,-35996.4,MURAT_202002_MRE,7,July,38.4,14.0,19.9
2020-07-25T13:00:00Z,0.529,16.1,-9999,Esperance,-35996.4,MURAT_202002_MRE,7,July,38.4,14.0,19.9
2020-07-25T14:00:00Z,0.648,16.1,-9999,Esperance,-35996.4,MURAT_202002_MRE,7,July,38.4,14.0,19.9
2020-07-25T15:00:00Z,0.635,16.1,-9999,Esperance,-35996.4,MURAT_202002_MRE,7,July,38.4,14.0,19.9
2020-07-25T16:00:00Z,0.728,16.1,-9999,Esperance,-35996.4,MURAT_202002_MRE,7,July,38.4,14.0,19.9
2020-07-25T17:00:00Z,0.772,16.1,-9999,Esperance,-35996.4,MURAT_202002_MRE,7,July,38.4,14.0,19.9
2020-07-25T18:00:00Z,0.83,16.1,-9999,Esperance,-35996.4,MURAT_202002_MRE,7,July,38.4,14.0,19.9
2020-07-25T19:00:00Z,0.823,16.1,-9999,Esperance,-35996.4,MURAT_202002_MRE,7,July,38.4,14.0,19.9
2020-07-25T20:00:00Z,0.851,16.1,-9999,Esperance,-35996.4,MURAT_202002_MRE,7,July,38.4,14.0,19.9
2020-07-25T21:00:00Z,0.843,16.1,-9999,Esperance,-35996.4,MURAT_202002_MRE,7,July,38.4,14.0,19.9
2020-07-25T22:00:00Z,0.865,16.1,-9999,Esperance,-35996.4,MURAT_202002_MRE,7,July,38.4,14.0,19.9
2020-07-25T23:00:00Z,0.846,16.1,-9999,Esperance,-35996.4,MURAT_202002_MRE,7,July,38.4,14.0,19.9
2020-07-26T00:00:00Z,0.877,16.1,-9999,Esperance,-35996.4,MURAT_202002_MRE,7,July,38.4,14.0,19.9
2020-07-26T01:00:00Z,0.844,16.1,-9999,Esperance,-35996.4,MURAT_202002_MRE,7,July,38.4,14.0,19.9
2020-07-26T02:00:00Z,0.928,16.1,-9999,Esperance,-35996.4,MURAT_202002_MRE,7,July,38.4,14.0,19.9
2020-07-26T03:00:00Z,0.951,16.1,-9999,Esperance,-35996.4,MURAT_202002_MRE,7,July,38.4,14.0,19.9
2020-07-26T04:00:00Z,0.987,16.1,-9999,Esperance,-35996.4,MURAT_202002_MRE,7,July,38.4,14.0,19.9
2020-07-26T05:00:00Z,0.966,16.2,-9999,Esperance,-35996.4,MURAT_202002_MRE,7,July,38.4,14.0,19.9
2020-07-26T06:00:00Z,0.977,16.3,-9999,Esperance,-35996.4,MURAT_202002_MRE,7,July,38.4,14.0,19.9
2020-07-26T07:00:00Z,0.944,16.6,-9999,Esperance,-35996.4,MURAT_202002_MRE,7,July,38.4,14.0,19.9
2020-07-26T08:00:00Z,0.929,16.6,-9999,Esperance,-35996.4,MURAT_202002_MRE,7,July,38.4,14.0,19.9
2020-07-26T09:00:00Z,0.838,16.6,-9999,Esperance,-35996.4,MURAT_202002_MRE,7,July,38.4,14.0,19.9
2020-07-26T10:00:00Z,0.765,16.6,-9999,Esperance,-35996.4,MURAT_202002_MRE,7,July,38.4,14.0,19.9
2020-07-26T11:00:00Z,0.708,16.6,-9999,Esperance,-35996.4,MURAT_202002_MRE,7,July,38.4,14.0,19.9
2020-07-26T12:00:00Z,0.692,16.6,-9999,Esperance,-35996.4,MURAT_202002_MRE,7,July,38.4,14.0,19.9
2020-07-26T13:00:00Z,0.649,16.6,-9999,Esperance,-35996.4,MURAT_202002_MRE,7,July,38.4,14.0,19.9
2020-07-26T14:00:00Z,0.67,16.6,-9999,Esperance,-35996.4,MURAT_202002_MRE,7,July,38.4,14.0,19.9
2020-07-26T15:00:00Z,0.707,16.5,-9999,Esperance,-35996.4,MURAT_202002_MRE,7,July,38.4,14.0,19.9
2020-07-26T16:00:00Z,0.747,16.5,-9999,Esperance,-35996.4,MURAT_202002_MRE,7,July,38.4,14.0,19.9
2020-07-26T17:00:00Z,0.797,16.4,-9999,Esperance,-35996.4,MURAT_202002_MRE,7,July,38.4,14.0,19.9
2020-07-26T18:00:00Z,0.773,16.4,-9999,Esperance,-35996.4,MURAT_202002_MRE,7,July,38.4,14.0,19.9
2020-07-26T19:00:00Z,0.812,16.2,-9999,Esperance,-35996.4,MURAT_202002_MRE,7,July,38.4,14.0,19.9
2020-07-26T20:00:00Z,0.817,16.3,-9999,Esperance,-35996.4,MURAT_202002_MRE,7,July,38.4,14.0,19.9
2020-07-26T21:00:00Z,0.786,16.3,-9999,Esperance,-35996.4,MURAT_202002_MRE,7,July,38.4,14.0,19.9
2020-07-26T22:00:00Z,0.846,16.3,-9999,Esperance,-35996.4,MURAT_202002_MRE,7,July,38.4,14.0,19.9
2020-07-26T23:00:00Z,0.785,16.3,-9999,Esperance,-35996.4,MURAT_202002_MRE,7,July,38.4,14.0,19.9
2020-07-27T00:00:00Z,0.76,16.3,-9999,Esperance,-35996.4,MURAT_202002_MRE,7,July,38.4,14.0,19.9
2020-07-27T01:00:00Z,0.817,16.3,-9999,Esperance,-35996.4,MURAT_202002_MRE,7,July,38.4,14.0,19.9
2020-07-27T02:00:00Z,0.791,16.3,-9999,Esperance,-35996.4,MURAT_202002_MRE,7,July,38.4,14.0,19.9
2020-07-27T03:00:00Z,0.806,16.4,-9999,Esperance,-35996.4,MURAT_202002_MRE,7,July,38.4,14.0,19.9
2020-07-27T04:00:00Z,0.831,16.4,-9999,Esperance,-35996.4,MURAT_202002_MRE,7,July,38.4,14.0,19.9
2020-07-27T05:00:00Z,0.859,16.4,-9999,Esperance,-35996.4,MURAT_202002_MRE,7,July,38.4,14.0,19.9
2020-07-27T06:00:00Z,0.825,16.5,-9999,Esperance,-35996.4,MURAT_202002_MRE,7,July,38.4,14.0,19.9
2020-07-27T07:00:00Z,0.839,16.5,-9999,Esperance,-35996.4,MURAT_202002_MRE,7,July,38.4,14.0,19.9
2020-07-27T08:00:00Z,0.85,16.4,-9999,Esperance,-35996.4,MURAT_202002_MRE,7,July,38.4,14.0,19.9
2020-07-27T09:00:00Z,0.773,16.4,-9999,Esperance,-35996.4,MURAT_202002_MRE,7,July,38.4,14.0,19.9
2020-07-27T10:00:00Z,0.781,16.4,-9999,Esperance,-35996.4,MURAT_202002_MRE,7,July,38.4,14.0,19.9
2020-07-27T11:00:00Z,0.769,16.4,-9999,Esperance,-35996.4,MURAT_202002_MRE,7,July,38.4,14.0,19.9
2020-07-27T12:00:00Z,0.735,16.4,-9999,Esperance,-35996.4,MURAT_202002_MRE,7,July,38.4,14.0,19.9
2020-07-27T13:00:00Z,0.771,16.4,-9999,Esperance,-35996.4,MURAT_202002_MRE,7,July,38.4,14.0,19.9
2020-07-27T14:00:00Z,0.739,16.4,-9999,Esperance,-35996.4,MURAT_202002_MRE,7,July,38.4,14.0,19.9
2020-07-27T15:00:00Z,0.775,16.4,-9999,Esperance,-35996.4,MURAT_202002_MRE,7,July,38.4,14.0,19.9
2020-07-27T16:00:00Z,0.813,16.4,-9999,Esperance,-35996.4,MURAT_202002_MRE,7,July,38.4,14.0,19.9
2020-07-27T17:00:00Z,0.885,16.4,-9999,Esperance,-35996.4,MURAT_202002_MRE,7,July,38.4,14.0,19.9
2020-07-27T18:00:00Z,0.89,16.4,-9999,Esperance,-35996.4,MURAT_202002_MRE,7,July,38.4,14.0,19.9
2020-07-27T19:00:00Z,0.921,16.4,-9999,Esperance,-35996.4,MURAT_202002_MRE,7,July,38.4,14.0,19.9
2020-07-27T20:00:00Z,0.953,16.4,-9999,Esperance,-35996.4,MURAT_202002_MRE,7,July,38.4,14.0,19.9
2020-07-27T21:00:00Z,0.984,16.4,-9999,Esperance,-35996.4,MURAT_202002_MRE,7,July,38.4,14.0,19.9
2020-07-27T22:00:00Z,1.013,16.3,-9999,Esperance,-35996.4,MURAT_202002_MRE,7,July,38.4,14.0,19.9
2020-07-27T23:00:00Z,1.021,16.3,-9999,Esperance,-35996.4,MURAT_202002_MRE,7,July,38.4,14.0,19.9
2020-07-28T00:00:00Z,0.986,16.3,-9999,Esperance,-35996.4,MURAT_202002_MRE,7,July,38.4,14.0,19.9
2020-07-28T01:00:00Z,1.024,16.3,-9999,Esperance,-35996.4,MURAT_202002_MRE,7,July,38.4,14.0,19.9
2020-07-28T02:00:00Z,0.96,16.3,-9999,Esperance,-35996.4,MURAT_202002_MRE,7,July,38.4,14.0,19.9
2020-07-28T03:00:00Z,0.937,16.4,-9999,Esperance,-35996.4,MURAT_202002_MRE,7,July,38.4,14.0,19.9
2020-07-28T04:00:00Z,0.921,16.6,-9999,Esperance,-35996.4,MURAT_202002_MRE,7,July,38.4,14.0,19.9
2020-07-28T05:00:00Z,0.874,16.7,-9999,Esperance,-35996.4,MURAT_202002_MRE,7,July,38.4,14.0,19.9
2020-07-28T06:00:00Z,0.823,16.8,-9999,Esperance,-35996.4,MURAT_202002_MRE,7,July,38.4,14.0,19.9
2020-07-28T07:00:00Z,0.829,16.8,-9999,Esperance,-35996.4,MURAT_202002_MRE,7,July,38.4,14.0,19.9
2020-07-28T08:00:00Z,0.742,16.9,-9999,Esperance,-35996.4,MURAT_202002_MRE,7,July,38.4,14.0,19.9
2020-07-28T09:00:00Z,0.781,16.9,-9999,Esperance,-35996.4,MURAT_202002_MRE,7,July,38.4,14.0,19.9
2020-07-28T10:00:00Z,0.754,16.9,-9999,Esperance,-35996.4,MURAT_202002_MRE,7,July,38.4,14.0,19.9
2020-07-28T11:00:00Z,0.782,16.9,-9999,Esperance,-35996.4,MURAT_202002_MRE,7,July,38.4,14.0,19.9
2020-07-28T12:00:00Z,0.803,16.9,-9999,Esperance,-35996.4,MURAT_202002_MRE,7,July,38.4,14.0,19.9
2020-07-28T13:00:00Z,0.806,16.9,-9999,Esperance,-35996.4,MURAT_202002_MRE,7,July,38.4,14.0,19.9
2020-07-28T14:00:00Z,0.846,16.9,-9999,Esperance,-35996.4,MURAT_202002_MRE,7,July,38.4,14.0,19.9
2020-07-28T15:00:00Z,0.872,16.8,-9999,Esperance,-35996.4,MURAT_202002_MRE,7,July,38.4,14.0,19.9
2020-07-28T16:00:00Z,0.894,16.8,-9999,Esperance,-35996.4,MURAT_202002_MRE,7,July,38.4,14.0,19.9
2020-07-28T17:00:00Z,0.932,16.8,-9999,Esperance,-35996.4,MURAT_202002_MRE,7,July,38.4,14.0,19.9
2020-07-28T18:00:00Z,0.934,16.8,-9999,Esperance,-35996.4,MURAT_202002_MRE,7,July,38.4,14.0,19.9
2020-07-28T19:00:00Z,1.007,16.8,-9999,Esperance,-35996.4,MURAT_202002_MRE,7,July,38.4,14.0,19.9
2020-07-28T20:00:00Z,1.003,16.8,-9999,Esperance,-35996.4,MURAT_202002_MRE,7,July,38.4,14.0,19.9
2020-07-28T21:00:00Z,1.045,16.8,-9999,Esperance,-35996.4,MURAT_202002_MRE,7,July,38.4,14.0,19.9
2020-07-28T22:00:00Z,1.087,16.8,-9999,Esperance,-35996.4,MURAT_202002_MRE,7,July,38.4,14.0,19.9
2020-07-28T23:00:00Z,1.098,16.8,-9999,Esperance,-35996.4,MURAT_202002_MRE,7,July,38.4,14.0,19.9
2020-07-29T00:00:00Z,1.14,16.8,-9999,Esperance,-35996.4,MURAT_202002_MRE,7,July,38.4,14.0,19.9
2020-07-29T01:00:00Z,1.099,16.8,-9999,Esperance,-35996.4,MURAT_202002_MRE,7,July,38.4,14.0,19.9
2020-07-29T02:00:00Z,1.064,16.8,-9999,Esperance,-35996.4,MURAT_202002_MRE,7,July,38.4,14.0,19.9
2020-07-29T03:00:00Z,1.037,16.8,-9999,Esperance,-35996.4,MURAT_202002_MRE,7,July,38.4,14.0,19.9
2020-07-29T04:00:00Z,0.93,16.8,-9999,Esperance,-35996.4,MURAT_202002_MRE,7,July,38.4,14.0,19.9
2020-07-29T05:00:00Z,0.88,16.9,-9999,Esperance,-35996.4,MURAT_202002_MRE,7,July,38.4,14.0,19.9
2020-07-29T06:00:00Z,0.79,16.9,-9999,Esperance,-35996.4,MURAT_202002_MRE,7,July,38.4,14.0,19.9
2020-07-29T07:00:00Z,0.707,16.9,-9999,Esperance,-35996.4,MURAT_202002_MRE,7,July,38.4,14.0,19.9
2020-07-29T08:00:00Z,0.657,16.9,-9999,Esperance,-35996.4,MURAT_202002_MRE,7,July,38.4,14.0,19.9
2020-07-29T09:00:00Z,0.61,17,-9999,Esperance,-35996.4,MURAT_202002_MRE,7,July,38.4,14.0,19.9
2020-07-29T10:00:00Z,0.619,17,-9999,Esperance,-35996.4,MURAT_202002_MRE,7,July,38.4,14.0,19.9
2020-07-29T11:00:00Z,0.635,17,-9999,Esperance,-35996.4,MURAT_202002_MRE,7,July,38.4,14.0,19.9
2020-07-29T12:00:00Z,0.681,17,-9999,Esperance,-35996.4,MURAT_202002_MRE,7,July,38.4,14.0,19.9
2020-07-29T13:00:00Z,0.726,17,-9999,Esperance,-35996.4,MURAT_202002_MRE,7,July,38.4,14.0,19.9
2020-07-29T14:00:00Z,0.751,17,-9999,Esperance,-35996.4,MURAT_202002_MRE,7,July,38.4,14.0,19.9
2020-07-29T15:00:00Z,0.785,17,-9999,Esperance,-35996.4,MURAT_202002_MRE,7,July,38.4,14.0,19.9
2020-07-29T16:00:00Z,0.797,17,-9999,Esperance,-35996.4,MURAT_202002_MRE,7,July,38.4,14.0,19.9
2020-07-29T17:00:00Z,0.805,16.9,-9999,Esperance,-35996.4,MURAT_202002_MRE,7,July,38.4,14.0,19.9
2020-07-29T18:00:00Z,0.851,16.9,-9999,Esperance,-35996.4,MURAT_202002_MRE,7,July,38.4,14.0,19.9
2020-07-29T19:00:00Z,0.889,16.9,-9999,Esperance,-35996.4,MURAT_202002_MRE,7,July,38.4,14.0,19.9
2020-07-29T20:00:00Z,0.914,16.8,-9999,Esperance,-35996.4,MURAT_202002_MRE,7,July,38.4,14.0,19.9
2020-07-29T21:00:00Z,0.965,16.8,-9999,Esperance,-35996.4,MURAT_202002_MRE,7,July,38.4,14.0,19.9
2020-07-29T22:00:00Z,1.043,16.8,-9999,Esperance,-35996.4,MURAT_202002_MRE,7,July,38.4,14.0,19.9
2020-07-29T23:00:00Z,1.072,16.8,-9999,Esperance,-35996.4,MURAT_202002_MRE,7,July,38.4,14.0,19.9
2020-07-30T00:00:00Z,1.106,16.7,-9999,Esperance,-35996.4,MURAT_202002_MRE,7,July,38.4,14.0,19.9
2020-07-30T01:00:00Z,1.114,16.7,-9999,Esperance,-35996.4,MURAT_202002_MRE,7,July,38.4,14.0,19.9
2020-07-30T02:00:00Z,1.07,16.8,-9999,Esperance,-35996.4,MURAT_202002_MRE,7,July,38.4,14.0,19.9
2020-07-30T03:00:00Z,1.036,16.8,-9999,Esperance,-35996.4,MURAT_202002_MRE,7,July,38.4,14.0,19.9
2020-07-30T04:00:00Z,0.959,16.8,-9999,Esperance,-35996.4,MURAT_202002_MRE,7,July,38.4,14.0,19.9
2020-07-30T05:00:00Z,0.83,16.8,-9999,Esperance,-35996.4,MURAT_202002_MRE,7,July,38.4,14.0,19.9
2020-07-30T06:00:00Z,0.739,16.9,-9999,Esperance,-35996.4,MURAT_202002_MRE,7,July,38.4,14.0,19.9
2020-07-30T07:00:00Z,0.671,16.9,-9999,Esperance,-35996.4,MURAT_202002_MRE,7,July,38.4,14.0,19.9
2020-07-30T08:00:00Z,0.583,16.9,-9999,Esperance,-35996.4,MURAT_202002_MRE,7,July,38.4,14.0,19.9
2020-07-30T09:00:00Z,0.546,16.9,-9999,Esperance,-35996.4,MURAT_202002_MRE,7,July,38.4,14.0,19.9
2020-07-30T10:00:00Z,0.575,16.9,-9999,Esperance,-35996.4,MURAT_202002_MRE,7,July,38.4,14.0,19.9
2020-07-30T11:00:00Z,0.584,16.9,-9999,Esperance,-35996.4,MURAT_202002_MRE,7,July,38.4,14.0,19.9
2020-07-30T12:00:00Z,0.638,16.9,-9999,Esperance,-35996.4,MURAT_202002_MRE,7,July,38.4,14.0,19.9
2020-07-30T13:00:00Z,0.746,16.9,-9999,Esperance,-35996.4,MURAT_202002_MRE,7,July,38.4,14.0,19.9
2020-07-30T14:00:00Z,0.777,16.9,-9999,Esperance,-35996.4,MURAT_202002_MRE,7,July,38.4,14.0,19.9
2020-07-30T15:00:00Z,0.788,16.9,-9999,Esperance,-35996.4,MURAT_202002_MRE,7,July,38.4,14.0,19.9
2020-07-30T16:00:00Z,0.837,16.9,-9999,Esperance,-35996.4,MURAT_202002_MRE,7,July,38.4,14.0,19.9
2020-07-30T17:00:00Z,0.826,16.9,-9999,Esperance,-35996.4,MURAT_202002_MRE,7,July,38.4,14.0,19.9
2020-07-30T18:00:00Z,0.839,16.9,-9999,Esperance,-35996.4,MURAT_202002_MRE,7,July,38.4,14.0,19.9
2020-07-30T19:00:00Z,0.872,16.9,-9999,Esperance,-35996.4,MURAT_202002_MRE,7,July,38.4,14.0,19.9
2020-07-30T20:00:00Z,0.929,16.9,-9999,Esperance,-35996.4,MURAT_202002_MRE,7,July,38.4,14.0,19.9
2020-07-30T21:00:00Z,0.994,16.9,-9999,Esperance,-35996.4,MURAT_202002_MRE,7,July,38.4,14.0,19.9
2020-07-30T22:00:00Z,1.079,16.9,-9999,Esperance,-35996.4,MURAT_202002_MRE,7,July,38.4,14.0,19.9
2020-07-30T23:00:00Z,1.182,16.8,-9999,Esperance,-35996.4,MURAT_202002_MRE,7,July,38.4,14.0,19.9
2020-07-31T00:00:00Z,1.237,16.8,-9999,Esperance,-35996.4,MURAT_202002_MRE,7,July,38.4,14.0,19.9
2020-07-31T01:00:00Z,1.283,16.8,-9999,Esperance,-35996.4,MURAT_202002_MRE,7,July,38.4,14.0,19.9
2020-07-31T02:00:00Z,1.277,16.9,-9999,Esperance,-35996.4,MURAT_202002_MRE,7,July,38.4,14.0,19.9
2020-07-31T03:00:00Z,1.211,16.9,-9999,Esperance,-35996.4,MURAT_202002_MRE,7,July,38.4,14.0,19.9
2020-07-31T04:00:00Z,1.143,16.9,-9999,Esperance,-35996.4,MURAT_202002_MRE,7,July,38.4,14.0,19.9
2020-07-31T05:00:00Z,0.983,17,-9999,Esperance,-35996.4,MURAT_202002_MRE,7,July,38.4,14.0,19.9
2020-07-31T06:00:00Z,0.843,17,-9999,Esperance,-35996.4,MURAT_202002_MRE,7,July,38.4,14.0,19.9
2020-07-31T07:00:00Z,0.731,17,-9999,Esperance,-35996.4,MURAT_202002_MRE,7,July,38.4,14.0,19.9
2020-07-31T08:00:00Z,0.63,16.9,-9999,Esperance,-35996.4,MURAT_202002_MRE,7,July,38.4,14.0,19.9
2020-07-31T09:00:00Z,0.528,16.9,-9999,Esperance,-35996.4,MURAT_202002_MRE,7,July,38.4,14.0,19.9
2020-07-31T10:00:00Z,0.522,16.9,-9999,Esperance,-35996.4,MURAT_202002_MRE,7,July,38.4,14.0,19.9
2020-07-31T11:00:00Z,0.557,16.9,-9999,Esperance,-35996.4,MURAT_202002_MRE,7,July,38.4,14.0,19.9
2020-07-31T12:00:00Z,0.587,16.9,-9999,Esperance,-35996.4,MURAT_202002_MRE,7,July,38.4,14.0,19.9
2020-07-31T13:00:00Z,0.678,16.9,-9999,Esperance,-35996.4,MURAT_202002_MRE,7,July,38.4,14.0,19.9
2020-07-31T14:00:00Z,0.776,16.9,-9999,Esperance,-35996.4,MURAT_202002_MRE,7,July,38.4,14.0,19.9
2020-07-31T15:00:00Z,0.765,16.9,-9999,Esperance,-35996.4,MURAT_202002_MRE,7,July,38.4,14.0,19.9
2020-07-31T16:00:00Z,0.791,16.9,-9999,Esperance,-35996.4,MURAT_202002_MRE,7,July,38.4,14.0,19.9
2020-07-31T17:00:00Z,0.837,16.9,-9999,Esperance,-35996.4,MURAT_202002_MRE,7,July,38.4,14.0,19.9
2020-07-31T18:00:00Z,0.798,16.9,-9999,Esperance,-35996.4,MURAT_202002_MRE,7,July,38.4,14.0,19.9
2020-07-31T19:00:00Z,0.821,16.9,-9999,Esperance,-35996.4,MURAT_202002_MRE,7,July,38.4,14.0,19.9
2020-07-31T20:00:00Z,0.883,16.9,-9999,Esperance,-35996.4,MURAT_202002_MRE,7,July,38.4,14.0,19.9
2020-07-31T21:00:00Z,0.944,16.9,-9999,Esperance,-35996.4,MURAT_202002_MRE,7,July,38.4,14.0,19.9
2020-07-31T22:00:00Z,1.05,16.9,-9999,Esperance,-35996.4,MURAT_202002_MRE,7,July,38.4,14.0,19.9
2020-07-31T23:00:00Z,1.149,16.9,-9999,Esperance,-35996.4,MURAT_202002_MRE,7,July,38.4,14.0,19.9
2020-08-01T00:00:00Z,1.235,16.9,-9999,Esperance,-35996.4,MURAT_202002_MRE,8,August,33.6,15.4,21.9
2020-08-01T01:00:00Z,1.293,16.9,-9999,Esperance,-35996.4,MURAT_202002_MRE,8,August,33.6,15.4,21.9
2020-08-01T02:00:00Z,1.279,16.9,-9999,Esperance,-35996.4,MURAT_202002_MRE,8,August,33.6,15.4,21.9
2020-08-01T03:00:00Z,1.267,16.9,-9999,Esperance,-35996.4,MURAT_202002_MRE,8,August,33.6,15.4,21.9
2020-08-01T04:00:00Z,1.133,16.9,-9999,Esperance,-35996.4,MURAT_202002_MRE,8,August,33.6,15.4,21.9
2020-08-01T05:00:00Z,0.998,16.9,-9999,Esperance,-35996.4,MURAT_202002_MRE,8,August,33.6,15.4,21.9
2020-08-01T06:00:00Z,0.837,17,-9999,Esperance,-35996.4,MURAT_202002_MRE,8,August,33.6,15.4,21.9
2020-08-01T07:00:00Z,0.64,17.1,-9999,Esperance,-35996.4,MURAT_202002_MRE,8,August,33.6,15.4,21.9
2020-08-01T08:00:00Z,0.53,17.3,-9999,Esperance,-35996.4,MURAT_202002_MRE,8,August,33.6,15.4,21.9
2020-08-01T09:00:00Z,0.451,17.4,-9999,Esperance,-35996.4,MURAT_202002_MRE,8,August,33.6,15.4,21.9
2020-08-01T10:00:00Z,0.394,17.4,-9999,Esperance,-35996.4,MURAT_202002_MRE,8,August,33.6,15.4,21.9
2020-08-01T11:00:00Z,0.431,17.4,-9999,Esperance,-35996.4,MURAT_202002_MRE,8,August,33.6,15.4,21.9
2020-08-01T12:00:00Z,0.498,17.3,-9999,Esperance,-35996.4,MURAT_202002_MRE,8,August,33.6,15.4,21.9
2020-08-01T13:00:00Z,0.567,17.3,-9999,Esperance,-35996.4,MURAT_202002_MRE,8,August,33.6,15.4,21.9
2020-08-01T14:00:00Z,0.642,17.3,-9999,Esperance,-35996.4,MURAT_202002_MRE,8,August,33.6,15.4,21.9
2020-08-01T15:00:00Z,0.725,17.3,-9999,Esperance,-35996.4,MURAT_202002_MRE,8,August,33.6,15.4,21.9
2020-08-01T16:00:00Z,0.726,17.3,-9999,Esperance,-35996.4,MURAT_202002_MRE,8,August,33.6,15.4,21.9
2020-08-01T17:00:00Z,0.726,17.2,-9999,Esperance,-35996.4,MURAT_202002_MRE,8,August,33.6,15.4,21.9
2020-08-01T18:00:00Z,0.723,17.2,-9999,Esperance,-35996.4,MURAT_202002_MRE,8,August,33.6,15.4,21.9
2020-08-01T19:00:00Z,0.697,-9999,-9999,Esperance,-35996.4,MURAT_202002_MRE,8,August,33.6,15.4,21.9
2020-08-01T20:00:00Z,0.73,-9999,-9999,Esperance,-35996.4,MURAT_202002_MRE,8,August,33.6,15.4,21.9
2020-08-01T21:00:00Z,0.826,-9999,-9999,Esperance,-35996.4,MURAT_202002_MRE,8,August,33.6,15.4,21.9
2020-08-01T22:00:00Z,0.909,-9999,-9999,Esperance,-35996.4,MURAT_202002_MRE,8,August,33.6,15.4,21.9
2020-08-01T23:00:00Z,1.026,-9999,-9999,Esperance,-35996.4,MURAT_202002_MRE,8,August,33.6,15.4,21.9
2020-08-02T00:00:00Z,1.173,-9999,-9999,Esperance,-35996.4,MURAT_202002_MRE,8,August,33.6,15.4,21.9
2020-08-02T01:00:00Z,1.26,-9999,-9999,Esperance,-35996.4,MURAT_202002_MRE,8,August,33.6,15.4,21.9
2020-08-02T02:00:00Z,1.279,-9999,-9999,Esperance,-35996.4,MURAT_202002_MRE,8,August,33.6,15.4,21.9
2020-08-02T03:00:00Z,1.311,-9999,-9999,Esperance,-35996.4,MURAT_202002_MRE,8,August,33.6,15.4,21.9
2020-08-02T04:00:00Z,1.233,-9999,-9999,Esperance,-35996.4,MURAT_202002_MRE,8,August,33.6,15.4,21.9
2020-08-02T05:00:00Z,1.074,-9999,-9999,Esperance,-35996.4,MURAT_202002_MRE,8,August,33.6,15.4,21.9
2020-08-02T06:00:00Z,0.943,-9999,-9999,Esperance,-35996.4,MURAT_202002_MRE,8,August,33.6,15.4,21.9
2020-08-02T07:00:00Z,0.771,-9999,-9999,Esperance,-35996.4,MURAT_202002_MRE,8,August,33.6,15.4,21.9
2020-08-02T08:00:00Z,0.596,-9999,-9999,Esperance,-35996.4,MURAT_202002_MRE,8,August,33.6,15.4,21.9
2020-08-02T09:00:00Z,0.517,-9999,-9999,Esperance,-35996.4,MURAT_202002_MRE,8,August,33.6,15.4,21.9
2020-08-02T10:00:00Z,0.464,-9999,-9999,Esperance,-35996.4,MURAT_202002_MRE,8,August,33.6,15.4,21.9
2020-08-02T11:00:00Z,0.472,-9999,-9999,Esperance,-35996.4,MURAT_202002_MRE,8,August,33.6,15.4,21.9
2020-08-02T12:00:00Z,0.519,-9999,-9999,Esperance,-35996.4,MURAT_202002_MRE,8,August,33.6,15.4,21.9
2020-08-02T13:00:00Z,0.572,-9999,-9999,Esperance,-35996.4,MURAT_202002_MRE,8,August,33.6,15.4,21.9
2020-08-02T14:00:00Z,0.629,-9999,-9999,Esperance,-35996.4,MURAT_202002_MRE,8,August,33.6,15.4,21.9
2020-08-02T15:00:00Z,0.674,-9999,-9999,Esperance,-35996.4,MURAT_202002_MRE,8,August,33.6,15.4,21.9
2020-08-02T16:00:00Z,0.709,-9999,-9999,Esperance,-35996.4,MURAT_202002_MRE,8,August,33.6,15.4,21.9
2020-08-02T17:00:00Z,0.697,-9999,-9999,Esperance,-35996.4,MURAT_202002_MRE,8,August,33.6,15.4,21.9
2020-08-02T18:00:00Z,0.639,-9999,-9999,Esperance,-35996.4,MURAT_202002_MRE,8,August,33.6,15.4,21.9
2020-08-02T19:00:00Z,0.64,-9999,-9999,Esperance,-35996.4,MURAT_202002_MRE,8,August,33.6,15.4,21.9
2020-08-02T20:00:00Z,0.64,-9999,-9999,Esperance,-35996.4,MURAT_202002_MRE,8,August,33.6,15.4,21.9
2020-08-02T21:00:00Z,0.664,-9999,-9999,Esperance,-35996.4,MURAT_202002_MRE,8,August,33.6,15.4,21.9
2020-08-02T22:00:00Z,0.789,-9999,-9999,Esperance,-35996.4,MURAT_202002_MRE,8,August,33.6,15.4,21.9
2020-08-02T23:00:00Z,0.92,-9999,-9999,Esperance,-35996.4,MURAT_202002_MRE,8,August,33.6,15.4,21.9
2020-08-03T00:00:00Z,1.082,-9999,-9999,Esperance,-35996.4,MURAT_202002_MRE,8,August,33.6,15.4,21.9
2020-08-03T01:00:00Z,1.194,-9999,-9999,Esperance,-35996.4,MURAT_202002_MRE,8,August,33.6,15.4,21.9
2020-08-03T02:00:00Z,1.263,-9999,-9999,Esperance,-35996.4,MURAT_202002_MRE,8,August,33.6,15.4,21.9
2020-08-03T03:00:00Z,1.286,-9999,-9999,Esperance,-35996.4,MURAT_202002_MRE,8,August,33.6,15.4,21.9
2020-08-03T04:00:00Z,1.239,-9999,-9999,Esperance,-35996.4,MURAT_202002_MRE,8,August,33.6,15.4,21.9
2020-08-03T05:00:00Z,1.089,-9999,-9999,Esperance,-35996.4,MURAT_202002_MRE,8,August,33.6,15.4,21.9
2020-08-03T06:00:00Z,0.943,-9999,-9999,Esperance,-35996.4,MURAT_202002_MRE,8,August,33.6,15.4,21.9
2020-08-03T07:00:00Z,0.748,-9999,-9999,Esperance,-35996.4,MURAT_202002_MRE,8,August,33.6,15.4,21.9
2020-08-03T08:00:00Z,0.548,-9999,-9999,Esperance,-35996.4,MURAT_202002_MRE,8,August,33.6,15.4,21.9
2020-08-03T09:00:00Z,0.45,-9999,-9999,Esperance,-35996.4,MURAT_202002_MRE,8,August,33.6,15.4,21.9
2020-08-03T10:00:00Z,0.345,-9999,-9999,Esperance,-35996.4,MURAT_202002_MRE,8,August,33.6,15.4,21.9
2020-08-03T11:00:00Z,0.331,-9999,-9999,Esperance,-35996.4,MURAT_202002_MRE,8,August,33.6,15.4,21.9
2020-08-03T12:00:00Z,0.376,-9999,-9999,Esperance,-35996.4,MURAT_202002_MRE,8,August,33.6,15.4,21.9
2020-08-03T13:00:00Z,0.465,-9999,-9999,Esperance,-35996.4,MURAT_202002_MRE,8,August,33.6,15.4,21.9
2020-08-03T14:00:00Z,0.537,-9999,-9999,Esperance,-35996.4,MURAT_202002_MRE,8,August,33.6,15.4,21.9
2020-08-03T15:00:00Z,0.578,-9999,-9999,Esperance,-35996.4,MURAT_202002_MRE,8,August,33.6,15.4,21.9
2020-08-03T16:00:00Z,0.652,-9999,-9999,Esperance,-35996.4,MURAT_202002_MRE,8,August,33.6,15.4,21.9
2020-08-03T17:00:00Z,0.667,-9999,-9999,Esperance,-35996.4,MURAT_202002_MRE,8,August,33.6,15.4,21.9
2020-08-03T18:00:00Z,0.587,-9999,-9999,Esperance,-35996.4,MURAT_202002_MRE,8,August,33.6,15.4,21.9
2020-08-03T19:00:00Z,0.622,-9999,-9999,Esperance,-35996.4,MURAT_202002_MRE,8,August,33.6,15.4,21.9
2020-08-03T20:00:00Z,0.62,-9999,-9999,Esperance,-35996.4,MURAT_202002_MRE,8,August,33.6,15.4,21.9
2020-08-03T21:00:00Z,0.608,-9999,-9999,Esperance,-35996.4,MURAT_202002_MRE,8,August,33.6,15.4,21.9
2020-08-03T22:00:00Z,0.777,-9999,-9999,Esperance,-35996.4,MURAT_202002_MRE,8,August,33.6,15.4,21.9
2020-08-03T23:00:00Z,0.918,-9999,-9999,Esperance,-35996.4,MURAT_202002_MRE,8,August,33.6,15.4,21.9
2020-08-04T00:00:00Z,1.034,-9999,-9999,Esperance,-35996.4,MURAT_202002_MRE,8,August,33.6,15.4,21.9
2020-08-04T01:00:00Z,1.22,-9999,-9999,Esperance,-35996.4,MURAT_202002_MRE,8,August,33.6,15.4,21.9
2020-08-04T02:00:00Z,1.349,-9999,-9999,Esperance,-35996.4,MURAT_202002_MRE,8,August,33.6,15.4,21.9
2020-08-04T03:00:00Z,1.328,-9999,-9999,Esperance,-35996.4,MURAT_202002_MRE,8,August,33.6,15.4,21.9
2020-08-04T04:00:00Z,1.335,-9999,-9999,Esperance,-35996.4,MURAT_202002_MRE,8,August,33.6,15.4,21.9
2020-08-04T05:00:00Z,1.248,-9999,-9999,Esperance,-35996.4,MURAT_202002_MRE,8,August,33.6,15.4,21.9
2020-08-04T06:00:00Z,1.062,-9999,-9999,Esperance,-35996.4,MURAT_202002_MRE,8,August,33.6,15.4,21.9
2020-08-04T07:00:00Z,0.901,-9999,-9999,Esperance,-35996.4,MURAT_202002_MRE,8,August,33.6,15.4,21.9
2020-08-04T08:00:00Z,0.741,-9999,-9999,Esperance,-35996.4,MURAT_202002_MRE,8,August,33.6,15.4,21.9
2020-08-04T09:00:00Z,0.572,-9999,-9999,Esperance,-35996.4,MURAT_202002_MRE,8,August,33.6,15.4,21.9
2020-08-04T10:00:00Z,0.48,-9999,-9999,Esperance,-35996.4,MURAT_202002_MRE,8,August,33.6,15.4,21.9
2020-08-04T11:00:00Z,0.496,-9999,-9999,Esperance,-35996.4,MURAT_202002_MRE,8,August,33.6,15.4,21.9
2020-08-04T12:00:00Z,0.48,-9999,-9999,Esperance,-35996.4,MURAT_202002_MRE,8,August,33.6,15.4,21.9
2020-08-04T13:00:00Z,0.59,-9999,-9999,Esperance,-35996.4,MURAT_202002_MRE,8,August,33.6,15.4,21.9
2020-08-04T14:00:00Z,0.593,-9999,-9999,Esperance,-35996.4,MURAT_202002_MRE,8,August,33.6,15.4,21.9
2020-08-04T15:00:00Z,0.637,-9999,-9999,Esperance,-35996.4,MURAT_202002_MRE,8,August,33.6,15.4,21.9
2020-08-04T16:00:00Z,0.671,-9999,-9999,Esperance,-35996.4,MURAT_202002_MRE,8,August,33.6,15.4,21.9
2020-08-04T17:00:00Z,0.642,-9999,-9999,Esperance,-35996.4,MURAT_202002_MRE,8,August,33.6,15.4,21.9
2020-08-04T18:00:00Z,0.557,-9999,-9999,Esperance,-35996.4,MURAT_202002_MRE,8,August,33.6,15.4,21.9
2020-08-04T19:00:00Z,0.516,-9999,-9999,Esperance,-35996.4,MURAT_202002_MRE,8,August,33.6,15.4,21.9
2020-08-04T20:00:00Z,0.459,-9999,-9999,Esperance,-35996.4,MURAT_202002_MRE,8,August,33.6,15.4,21.9
2020-08-04T21:00:00Z,0.436,-9999,-9999,Esperance,-35996.4,MURAT_202002_MRE,8,August,33.6,15.4,21.9
2020-08-04T22:00:00Z,0.514,-9999,-9999,Esperance,-35996.4,MURAT_202002_MRE,8,August,33.6,15.4,21.9
2020-08-04T23:00:00Z,0.633,16.3,-9999,Esperance,-35996.4,MURAT_202002_MRE,8,August,33.6,15.4,21.9
2020-08-05T00:00:00Z,0.728,16.1,-9999,Esperance,-35996.4,MURAT_202002_MRE,8,August,33.6,15.4,21.9
2020-08-05T01:00:00Z,0.908,16.2,-9999,Esperance,-35996.4,MURAT_202002_MRE,8,August,33.6,15.4,21.9
2020-08-05T02:00:00Z,1.011,16.2,-9999,Esperance,-35996.4,MURAT_202002_MRE,8,August,33.6,15.4,21.9
2020-08-05T03:00:00Z,1.011,16.3,-9999,Esperance,-35996.4,MURAT_202002_MRE,8,August,33.6,15.4,21.9
2020-08-05T04:00:00Z,1.065,16.3,-9999,Esperance,-35996.4,MURAT_202002_MRE,8,August,33.6,15.4,21.9
2020-08-05T05:00:00Z,0.953,16.3,-9999,Esperance,-35996.4,MURAT_202002_MRE,8,August,33.6,15.4,21.9
2020-08-05T06:00:00Z,0.837,16.3,-9999,Esperance,-35996.4,MURAT_202002_MRE,8,August,33.6,15.4,21.9
2020-08-05T07:00:00Z,0.742,16.3,-9999,Esperance,-35996.4,MURAT_202002_MRE,8,August,33.6,15.4,21.9
2020-08-05T08:00:00Z,0.53,16.3,-9999,Esperance,-35996.4,MURAT_202002_MRE,8,August,33.6,15.4,21.9
2020-08-05T09:00:00Z,0.454,16.3,-9999,Esperance,-35996.4,MURAT_202002_MRE,8,August,33.6,15.4,21.9
2020-08-05T10:00:00Z,0.353,16.3,-9999,Esperance,-35996.4,MURAT_202002_MRE,8,August,33.6,15.4,21.9
2020-08-05T11:00:00Z,0.296,16.3,-9999,Esperance,-35996.4,MURAT_202002_MRE,8,August,33.6,15.4,21.9
2020-08-05T12:00:00Z,0.36,16.3,-9999,Esperance,-35996.4,MURAT_202002_MRE,8,August,33.6,15.4,21.9
2020-08-05T13:00:00Z,0.429,16.3,-9999,Esperance,-35996.4,MURAT_202002_MRE,8,August,33.6,15.4,21.9
2020-08-05T14:00:00Z,0.489,16.3,-9999,Esperance,-35996.4,MURAT_202002_MRE,8,August,33.6,15.4,21.9
2020-08-05T15:00:00Z,0.509,16.3,-9999,Esperance,-35996.4,MURAT_202002_MRE,8,August,33.6,15.4,21.9
2020-08-05T16:00:00Z,0.574,16.2,-9999,Esperance,-35996.4,MURAT_202002_MRE,8,August,33.6,15.4,21.9
2020-08-05T17:00:00Z,0.532,16.2,-9999,Esperance,-35996.4,MURAT_202002_MRE,8,August,33.6,15.4,21.9
2020-08-05T18:00:00Z,0.461,16.2,-9999,Esperance,-35996.4,MURAT_202002_MRE,8,August,33.6,15.4,21.9
2020-08-05T19:00:00Z,0.487,16.2,-9999,Esperance,-35996.4,MURAT_202002_MRE,8,August,33.6,15.4,21.9
2020-08-05T20:00:00Z,0.361,16.2,-9999,Esperance,-35996.4,MURAT_202002_MRE,8,August,33.6,15.4,21.9
2020-08-05T21:00:00Z,0.371,16.2,-9999,Esperance,-35996.4,MURAT_202002_MRE,8,August,33.6,15.4,21.9
2020-08-05T22:00:00Z,0.43,16.2,-9999,Esperance,-35996.4,MURAT_202002_MRE,8,August,33.6,15.4,21.9
2020-08-05T23:00:00Z,0.467,16.2,-9999,Esperance,-35996.4,MURAT_202002_MRE,8,August,33.6,15.4,21.9
2020-08-06T00:00:00Z,0.636,16.2,-9999,Esperance,-35996.4,MURAT_202002_MRE,8,August,33.6,15.4,21.9
2020-08-06T01:00:00Z,0.795,16.2,-9999,Esperance,-35996.4,MURAT_202002_MRE,8,August,33.6,15.4,21.9
2020-08-06T02:00:00Z,0.86,16.2,-9999,Esperance,-35996.4,MURAT_202002_MRE,8,August,33.6,15.4,21.9
2020-08-06T03:00:00Z,0.995,16.2,-9999,Esperance,-35996.4,MURAT_202002_MRE,8,August,33.6,15.4,21.9
2020-08-06T04:00:00Z,0.989,16.3,-9999,Esperance,-35996.4,MURAT_202002_MRE,8,August,33.6,15.4,21.9
2020-08-06T05:00:00Z,0.913,16.3,-9999,Esperance,-35996.4,MURAT_202002_MRE,8,August,33.6,15.4,21.9
2020-08-06T06:00:00Z,0.849,16.3,-9999,Esperance,-35996.4,MURAT_202002_MRE,8,August,33.6,15.4,21.9
2020-08-06T07:00:00Z,0.749,16.4,-9999,Esperance,-35996.4,MURAT_202002_MRE,8,August,33.6,15.4,21.9
2020-08-06T08:00:00Z,0.531,16.4,-9999,Esperance,-35996.4,MURAT_202002_MRE,8,August,33.6,15.4,21.9
2020-08-06T09:00:00Z,0.478,16.4,-9999,Esperance,-35996.4,MURAT_202002_MRE,8,August,33.6,15.4,21.9
2020-08-06T10:00:00Z,0.41,16.4,-9999,Esperance,-35996.4,MURAT_202002_MRE,8,August,33.6,15.4,21.9
2020-08-06T11:00:00Z,0.316,16.3,-9999,Esperance,-35996.4,MURAT_202002_MRE,8,August,33.6,15.4,21.9
2020-08-06T12:00:00Z,0.371,16.3,-9999,Esperance,-35996.4,MURAT_202002_MRE,8,August,33.6,15.4,21.9
2020-08-06T13:00:00Z,0.47,16.3,-9999,Esperance,-35996.4,MURAT_202002_MRE,8,August,33.6,15.4,21.9
2020-08-06T14:00:00Z,0.511,16.3,-9999,Esperance,-35996.4,MURAT_202002_MRE,8,August,33.6,15.4,21.9
2020-08-06T15:00:00Z,0.579,16.4,-9999,Esperance,-35996.4,MURAT_202002_MRE,8,August,33.6,15.4,21.9
2020-08-06T16:00:00Z,0.638,16.3,-9999,Esperance,-35996.4,MURAT_202002_MRE,8,August,33.6,15.4,21.9
2020-08-06T17:00:00Z,0.647,16.3,-9999,Esperance,-35996.4,MURAT_202002_MRE,8,August,33.6,15.4,21.9
2020-08-06T18:00:00Z,0.579,16.3,-9999,Esperance,-35996.4,MURAT_202002_MRE,8,August,33.6,15.4,21.9
2020-08-06T19:00:00Z,0.54,16.3,-9999,Esperance,-35996.4,MURAT_202002_MRE,8,August,33.6,15.4,21.9
2020-08-06T20:00:00Z,0.484,16.4,-9999,Esperance,-35996.4,MURAT_202002_MRE,8,August,33.6,15.4,21.9
2020-08-06T21:00:00Z,0.408,16.3,-9999,Esperance,-35996.4,MURAT_202002_MRE,8,August,33.6,15.4,21.9
2020-08-06T22:00:00Z,0.458,16.3,-9999,Esperance,-35996.4,MURAT_202002_MRE,8,August,33.6,15.4,21.9
2020-08-06T23:00:00Z,0.463,16.3,-9999,Esperance,-35996.4,MURAT_202002_MRE,8,August,33.6,15.4,21.9
2020-08-07T00:00:00Z,0.558,16.3,-9999,Esperance,-35996.4,MURAT_202002_MRE,8,August,33.6,15.4,21.9
2020-08-07T01:00:00Z,0.705,16.3,-9999,Esperance,-35996.4,MURAT_202002_MRE,8,August,33.6,15.4,21.9
2020-08-07T02:00:00Z,0.81,16.2,-9999,Esperance,-35996.4,MURAT_202002_MRE,8,August,33.6,15.4,21.9
2020-08-07T03:00:00Z,0.946,16.2,-9999,Esperance,-35996.4,MURAT_202002_MRE,8,August,33.6,15.4,21.9
2020-08-07T04:00:00Z,0.956,16.3,-9999,Esperance,-35996.4,MURAT_202002_MRE,8,August,33.6,15.4,21.9
2020-08-07T05:00:00Z,0.935,16.3,-9999,Esperance,-35996.4,MURAT_202002_MRE,8,August,33.6,15.4,21.9
2020-08-07T06:00:00Z,0.892,16.3,-9999,Esperance,-35996.4,MURAT_202002_MRE,8,August,33.6,15.4,21.9
2020-08-07T07:00:00Z,0.761,16.4,-9999,Esperance,-35996.4,MURAT_202002_MRE,8,August,33.6,15.4,21.9
2020-08-07T08:00:00Z,0.645,16.4,-9999,Esperance,-35996.4,MURAT_202002_MRE,8,August,33.6,15.4,21.9
2020-08-07T09:00:00Z,0.518,16.5,-9999,Esperance,-35996.4,MURAT_202002_MRE,8,August,33.6,15.4,21.9
2020-08-07T10:00:00Z,0.466,16.4,-9999,Esperance,-35996.4,MURAT_202002_MRE,8,August,33.6,15.4,21.9
2020-08-07T11:00:00Z,0.412,16.4,-9999,Esperance,-35996.4,MURAT_202002_MRE,8,August,33.6,15.4,21.9
2020-08-07T12:00:00Z,0.399,16.3,-9999,Esperance,-35996.4,MURAT_202002_MRE,8,August,33.6,15.4,21.9
2020-08-07T13:00:00Z,0.503,16.3,-9999,Esperance,-35996.4,MURAT_202002_MRE,8,August,33.6,15.4,21.9
2020-08-07T14:00:00Z,0.561,16.2,-9999,Esperance,-35996.4,MURAT_202002_MRE,8,August,33.6,15.4,21.9
2020-08-07T15:00:00Z,0.608,16.2,-9999,Esperance,-35996.4,MURAT_202002_MRE,8,August,33.6,15.4,21.9
2020-08-07T16:00:00Z,0.678,16.1,-9999,Esperance,-35996.4,MURAT_202002_MRE,8,August,33.6,15.4,21.9
2020-08-07T17:00:00Z,0.678,16.1,-9999,Esperance,-35996.4,MURAT_202002_MRE,8,August,33.6,15.4,21.9
2020-08-07T18:00:00Z,0.643,16.1,-9999,Esperance,-35996.4,MURAT_202002_MRE,8,August,33.6,15.4,21.9
2020-08-07T19:00:00Z,0.568,16.1,-9999,Esperance,-35996.4,MURAT_202002_MRE,8,August,33.6,15.4,21.9
2020-08-07T20:00:00Z,0.519,16.1,-9999,Esperance,-35996.4,MURAT_202002_MRE,8,August,33.6,15.4,21.9
2020-08-07T21:00:00Z,0.46,16,-9999,Esperance,-35996.4,MURAT_202002_MRE,8,August,33.6,15.4,21.9
2020-08-07T22:00:00Z,0.448,16,-9999,Esperance,-35996.4,MURAT_202002_MRE,8,August,33.6,15.4,21.9
2020-08-07T23:00:00Z,0.48,16,-9999,Esperance,-35996.4,MURAT_202002_MRE,8,August,33.6,15.4,21.9
2020-08-08T00:00:00Z,0.528,16,-9999,Esperance,-35996.4,MURAT_202002_MRE,8,August,33.6,15.4,21.9
2020-08-08T01:00:00Z,0.607,16,-9999,Esperance,-35996.4,MURAT_202002_MRE,8,August,33.6,15.4,21.9
2020-08-08T02:00:00Z,0.745,16,-9999,Esperance,-35996.4,MURAT_202002_MRE,8,August,33.6,15.4,21.9
2020-08-08T03:00:00Z,0.83,16,-9999,Esperance,-35996.4,MURAT_202002_MRE,8,August,33.6,15.4,21.9
2020-08-08T04:00:00Z,0.851,16,-9999,Esperance,-35996.4,MURAT_202002_MRE,8,August,33.6,15.4,21.9
2020-08-08T05:00:00Z,0.856,16.1,-9999,Esperance,-35996.4,MURAT_202002_MRE,8,August,33.6,15.4,21.9
2020-08-08T06:00:00Z,0.82,16.1,-9999,Esperance,-35996.4,MURAT_202002_MRE,8,August,33.6,15.4,21.9
2020-08-08T07:00:00Z,0.7,16,-9999,Esperance,-35996.4,MURAT_202002_MRE,8,August,33.6,15.4,21.9
2020-08-08T08:00:00Z,0.613,16.1,-9999,Esperance,-35996.4,MURAT_202002_MRE,8,August,33.6,15.4,21.9
2020-08-08T09:00:00Z,0.483,16.1,-9999,Esperance,-35996.4,MURAT_202002_MRE,8,August,33.6,15.4,21.9
2020-08-08T10:00:00Z,0.395,16.1,-9999,Esperance,-35996.4,MURAT_202002_MRE,8,August,33.6,15.4,21.9
2020-08-08T11:00:00Z,0.349,16.1,-9999,Esperance,-35996.4,MURAT_202002_MRE,8,August,33.6,15.4,21.9
2020-08-08T12:00:00Z,0.376,16.1,-9999,Esperance,-35996.4,MURAT_202002_MRE,8,August,33.6,15.4,21.9
2020-08-08T13:00:00Z,0.38,16,-9999,Esperance,-35996.4,MURAT_202002_MRE,8,August,33.6,15.4,21.9
2020-08-08T14:00:00Z,0.465,16,-9999,Esperance,-35996.4,MURAT_202002_MRE,8,August,33.6,15.4,21.9
2020-08-08T15:00:00Z,0.502,16,-9999,Esperance,-35996.4,MURAT_202002_MRE,8,August,33.6,15.4,21.9
2020-08-08T16:00:00Z,0.584,16,-9999,Esperance,-35996.4,MURAT_202002_MRE,8,August,33.6,15.4,21.9
2020-08-08T17:00:00Z,0.567,16,-9999,Esperance,-35996.4,MURAT_202002_MRE,8,August,33.6,15.4,21.9
2020-08-08T18:00:00Z,0.55,15.9,-9999,Esperance,-35996.4,MURAT_202002_MRE,8,August,33.6,15.4,21.9
2020-08-08T19:00:00Z,0.508,15.9,-9999,Esperance,-35996.4,MURAT_202002_MRE,8,August,33.6,15.4,21.9
2020-08-08T20:00:00Z,0.436,15.9,-9999,Esperance,-35996.4,MURAT_202002_MRE,8,August,33.6,15.4,21.9
2020-08-08T21:00:00Z,0.376,15.8,-9999,Esperance,-35996.4,MURAT_202002_MRE,8,August,33.6,15.4,21.9
2020-08-08T22:00:00Z,0.365,15.8,-9999,Esperance,-35996.4,MURAT_202002_MRE,8,August,33.6,15.4,21.9
2020-08-08T23:00:00Z,0.369,15.7,-9999,Esperance,-35996.4,MURAT_202002_MRE,8,August,33.6,15.4,21.9
2020-08-09T00:00:00Z,0.371,15.5,-9999,Esperance,-35996.4,MURAT_202002_MRE,8,August,33.6,15.4,21.9
2020-08-09T01:00:00Z,0.438,15.4,-9999,Esperance,-35996.4,MURAT_202002_MRE,8,August,33.6,15.4,21.9
2020-08-09T02:00:00Z,0.531,15.3,-9999,Esperance,-35996.4,MURAT_202002_MRE,8,August,33.6,15.4,21.9
2020-08-09T03:00:00Z,0.61,15.3,-9999,Esperance,-35996.4,MURAT_202002_MRE,8,August,33.6,15.4,21.9
2020-08-09T04:00:00Z,0.727,15.3,-9999,Esperance,-35996.4,MURAT_202002_MRE,8,August,33.6,15.4,21.9
2020-08-09T05:00:00Z,0.684,15.3,-9999,Esperance,-35996.4,MURAT_202002_MRE,8,August,33.6,15.4,21.9
2020-08-09T06:00:00Z,0.739,15.3,-9999,Esperance,-35996.4,MURAT_202002_MRE,8,August,33.6,15.4,21.9
2020-08-09T07:00:00Z,0.647,15.2,-9999,Esperance,-35996.4,MURAT_202002_MRE,8,August,33.6,15.4,21.9
2020-08-09T08:00:00Z,0.478,15.2,-9999,Esperance,-35996.4,MURAT_202002_MRE,8,August,33.6,15.4,21.9
2020-08-09T09:00:00Z,0.487,15.2,-9999,Esperance,-35996.4,MURAT_202002_MRE,8,August,33.6,15.4,21.9
2020-08-09T10:00:00Z,0.439,15.2,-9999,Esperance,-35996.4,MURAT_202002_MRE,8,August,33.6,15.4,21.9
2020-08-09T11:00:00Z,0.336,15.1,-9999,Esperance,-35996.4,MURAT_202002_MRE,8,August,33.6,15.4,21.9
2020-08-09T12:00:00Z,0.464,15.1,-9999,Esperance,-35996.4,MURAT_202002_MRE,8,August,33.6,15.4,21.9
2020-08-09T13:00:00Z,0.477,15.1,-9999,Esperance,-35996.4,MURAT_202002_MRE,8,August,33.6,15.4,21.9
2020-08-09T14:00:00Z,0.566,15.1,-9999,Esperance,-35996.4,MURAT_202002_MRE,8,August,33.6,15.4,21.9
2020-08-09T15:00:00Z,0.666,15.1,-9999,Esperance,-35996.4,MURAT_202002_MRE,8,August,33.6,15.4,21.9
2020-08-09T16:00:00Z,0.711,15,-9999,Esperance,-35996.4,MURAT_202002_MRE,8,August,33.6,15.4,21.9
2020-08-09T17:00:00Z,0.818,15.1,-9999,Esperance,-35996.4,MURAT_202002_MRE,8,August,33.6,15.4,21.9
2020-08-09T18:00:00Z,0.783,15.1,-9999,Esperance,-35996.4,MURAT_202002_MRE,8,August,33.6,15.4,21.9
2020-08-09T19:00:00Z,0.81,15.1,-9999,Esperance,-35996.4,MURAT_202002_MRE,8,August,33.6,15.4,21.9
2020-08-09T20:00:00Z,0.804,15.1,-9999,Esperance,-35996.4,MURAT_202002_MRE,8,August,33.6,15.4,21.9
2020-08-09T21:00:00Z,0.738,15.1,-9999,Esperance,-35996.4,MURAT_202002_MRE,8,August,33.6,15.4,21.9
2020-08-09T22:00:00Z,0.78,15.1,-9999,Esperance,-35996.4,MURAT_202002_MRE,8,August,33.6,15.4,21.9
2020-08-09T23:00:00Z,0.749,15,-9999,Esperance,-35996.4,MURAT_202002_MRE,8,August,33.6,15.4,21.9
2020-08-10T00:00:00Z,0.859,15,-9999,Esperance,-35996.4,MURAT_202002_MRE,8,August,33.6,15.4,21.9
2020-08-10T01:00:00Z,0.848,15,-9999,Esperance,-35996.4,MURAT_202002_MRE,8,August,33.6,15.4,21.9
2020-08-10T02:00:00Z,0.966,15,-9999,Esperance,-35996.4,MURAT_202002_MRE,8,August,33.6,15.4,21.9
2020-08-10T03:00:00Z,1.093,15,-9999,Esperance,-35996.4,MURAT_202002_MRE,8,August,33.6,15.4,21.9
2020-08-10T04:00:00Z,1.074,15,-9999,Esperance,-35996.4,MURAT_202002_MRE,8,August,33.6,15.4,21.9
2020-08-10T05:00:00Z,1.136,15.1,-9999,Esperance,-35996.4,MURAT_202002_MRE,8,August,33.6,15.4,21.9
2020-08-10T06:00:00Z,1.133,15.1,-9999,Esperance,-35996.4,MURAT_202002_MRE,8,August,33.6,15.4,21.9
2020-08-10T07:00:00Z,1.057,15.1,-9999,Esperance,-35996.4,MURAT_202002_MRE,8,August,33.6,15.4,21.9
2020-08-10T08:00:00Z,1.023,15.1,-9999,Esperance,-35996.4,MURAT_202002_MRE,8,August,33.6,15.4,21.9
2020-08-10T09:00:00Z,0.915,15.1,-9999,Esperance,-35996.4,MURAT_202002_MRE,8,August,33.6,15.4,21.9
2020-08-10T10:00:00Z,0.896,15.1,-9999,Esperance,-35996.4,MURAT_202002_MRE,8,August,33.6,15.4,21.9
2020-08-10T11:00:00Z,0.841,15.1,-9999,Esperance,-35996.4,MURAT_202002_MRE,8,August,33.6,15.4,21.9
2020-08-10T12:00:00Z,0.859,15.1,-9999,Esperance,-35996.4,MURAT_202002_MRE,8,August,33.6,15.4,21.9
2020-08-10T13:00:00Z,0.944,15.1,-9999,Esperance,-35996.4,MURAT_202002_MRE,8,August,33.6,15.4,21.9
2020-08-10T14:00:00Z,0.987,15.1,-9999,Esperance,-35996.4,MURAT_202002_MRE,8,August,33.6,15.4,21.9
2020-08-10T15:00:00Z,1.077,15.1,-9999,Esperance,-35996.4,MURAT_202002_MRE,8,August,33.6,15.4,21.9
2020-08-10T16:00:00Z,1.192,15.1,-9999,Esperance,-35996.4,MURAT_202002_MRE,8,August,33.6,15.4,21.9
2020-08-10T17:00:00Z,1.232,15.1,-9999,Esperance,-35996.4,MURAT_202002_MRE,8,August,33.6,15.4,21.9
2020-08-10T18:00:00Z,1.254,15.1,-9999,Esperance,-35996.4,MURAT_202002_MRE,8,August,33.6,15.4,21.9
2020-08-10T19:00:00Z,1.281,15.1,-9999,Esperance,-35996.4,MURAT_202002_MRE,8,August,33.6,15.4,21.9
2020-08-10T20:00:00Z,1.256,15.1,-9999,Esperance,-35996.4,MURAT_202002_MRE,8,August,33.6,15.4,21.9
2020-08-10T21:00:00Z,1.24,15.1,-9999,Esperance,-35996.4,MURAT_202002_MRE,8,August,33.6,15.4,21.9
2020-08-10T22:00:00Z,1.234,15.1,-9999,Esperance,-35996.4,MURAT_202002_MRE,8,August,33.6,15.4,21.9
2020-08-10T23:00:00Z,1.235,15.2,-9999,Esperance,-35996.4,MURAT_202002_MRE,8,August,33.6,15.4,21.9
2020-08-11T00:00:00Z,1.249,15.2,-9999,Esperance,-35996.4,MURAT_202002_MRE,8,August,33.6,15.4,21.9
2020-08-11T01:00:00Z,1.254,15.2,-9999,Esperance,-35996.4,MURAT_202002_MRE,8,August,33.6,15.4,21.9
2020-08-11T02:00:00Z,1.27,15.1,-9999,Esperance,-35996.4,MURAT_202002_MRE,8,August,33.6,15.4,21.9
2020-08-11T03:00:00Z,1.31,15.2,-9999,Esperance,-35996.4,MURAT_202002_MRE,8,August,33.6,15.4,21.9
2020-08-11T04:00:00Z,1.339,15.2,-9999,Esperance,-35996.4,MURAT_202002_MRE,8,August,33.6,15.4,21.9
2020-08-11T05:00:00Z,1.291,15.2,-9999,Esperance,-35996.4,MURAT_202002_MRE,8,August,33.6,15.4,21.9
2020-08-11T06:00:00Z,1.287,15.2,-9999,Esperance,-35996.4,MURAT_202002_MRE,8,August,33.6,15.4,21.9
2020-08-11T07:00:00Z,1.216,15.2,-9999,Esperance,-35996.4,MURAT_202002_MRE,8,August,33.6,15.4,21.9
2020-08-11T08:00:00Z,1.104,15.2,-9999,Esperance,-35996.4,MURAT_202002_MRE,8,August,33.6,15.4,21.9
2020-08-11T09:00:00Z,1.085,15.2,-9999,Esperance,-35996.4,MURAT_202002_MRE,8,August,33.6,15.4,21.9
2020-08-11T10:00:00Z,0.99,15.2,-9999,Esperance,-35996.4,MURAT_202002_MRE,8,August,33.6,15.4,21.9
2020-08-11T11:00:00Z,0.963,15.2,-9999,Esperance,-35996.4,MURAT_202002_MRE,8,August,33.6,15.4,21.9
2020-08-11T12:00:00Z,0.999,15.2,-9999,Esperance,-35996.4,MURAT_202002_MRE,8,August,33.6,15.4,21.9
2020-08-11T13:00:00Z,1.013,15.2,-9999,Esperance,-35996.4,MURAT_202002_MRE,8,August,33.6,15.4,21.9
2020-08-11T14:00:00Z,1.066,15.2,-9999,Esperance,-35996.4,MURAT_202002_MRE,8,August,33.6,15.4,21.9
2020-08-11T15:00:00Z,1.131,15.3,-9999,Esperance,-35996.4,MURAT_202002_MRE,8,August,33.6,15.4,21.9
2020-08-11T16:00:00Z,1.19,15.3,-9999,Esperance,-35996.4,MURAT_202002_MRE,8,August,33.6,15.4,21.9
2020-08-11T17:00:00Z,1.27,15.3,-9999,Esperance,-35996.4,MURAT_202002_MRE,8,August,33.6,15.4,21.9
2020-08-11T18:00:00Z,1.243,15.3,-9999,Esperance,-35996.4,MURAT_202002_MRE,8,August,33.6,15.4,21.9
2020-08-11T19:00:00Z,1.284,15.3,-9999,Esperance,-35996.4,MURAT_202002_MRE,8,August,33.6,15.4,21.9
2020-08-11T20:00:00Z,1.264,15.4,-9999,Esperance,-35996.4,MURAT_202002_MRE,8,August,33.6,15.4,21.9
2020-08-11T21:00:00Z,1.231,15.4,-9999,Esperance,-35996.4,MURAT_202002_MRE,8,August,33.6,15.4,21.9
2020-08-11T22:00:00Z,1.233,15.4,-9999,Esperance,-35996.4,MURAT_202002_MRE,8,August,33.6,15.4,21.9
2020-08-11T23:00:00Z,1.207,15.4,-9999,Esperance,-35996.4,MURAT_202002_MRE,8,August,33.6,15.4,21.9
2020-08-12T00:00:00Z,1.173,15.4,-9999,Esperance,-35996.4,MURAT_202002_MRE,8,August,33.6,15.4,21.9
2020-08-12T01:00:00Z,1.154,15.5,-9999,Esperance,-35996.4,MURAT_202002_MRE,8,August,33.6,15.4,21.9
2020-08-12T02:00:00Z,1.12,15.5,-9999,Esperance,-35996.4,MURAT_202002_MRE,8,August,33.6,15.4,21.9
2020-08-12T03:00:00Z,1.113,15.6,-9999,Esperance,-35996.4,MURAT_202002_MRE,8,August,33.6,15.4,21.9
2020-08-12T04:00:00Z,1.073,15.6,-9999,Esperance,-35996.4,MURAT_202002_MRE,8,August,33.6,15.4,21.9
2020-08-12T05:00:00Z,1.041,15.7,-9999,Esperance,-35996.4,MURAT_202002_MRE,8,August,33.6,15.4,21.9
2020-08-12T06:00:00Z,1.016,15.8,-9999,Esperance,-35996.4,MURAT_202002_MRE,8,August,33.6,15.4,21.9
2020-08-12T07:00:00Z,0.941,15.8,-9999,Esperance,-35996.4,MURAT_202002_MRE,8,August,33.6,15.4,21.9
2020-08-12T08:00:00Z,0.884,15.8,-9999,Esperance,-35996.4,MURAT_202002_MRE,8,August,33.6,15.4,21.9
2020-08-12T09:00:00Z,0.851,15.8,-9999,Esperance,-35996.4,MURAT_202002_MRE,8,August,33.6,15.4,21.9
2020-08-12T10:00:00Z,0.796,15.8,-9999,Esperance,-35996.4,MURAT_202002_MRE,8,August,33.6,15.4,21.9
2020-08-12T11:00:00Z,0.795,15.8,-9999,Esperance,-35996.4,MURAT_202002_MRE,8,August,33.6,15.4,21.9
2020-08-12T12:00:00Z,0.81,15.8,-9999,Esperance,-35996.4,MURAT_202002_MRE,8,August,33.6,15.4,21.9
2020-08-12T13:00:00Z,0.844,15.8,-9999,Esperance,-35996.4,MURAT_202002_MRE,8,August,33.6,15.4,21.9
2020-08-12T14:00:00Z,0.888,15.8,-9999,Esperance,-35996.4,MURAT_202002_MRE,8,August,33.6,15.4,21.9
2020-08-12T15:00:00Z,0.947,15.8,-9999,Esperance,-35996.4,MURAT_202002_MRE,8,August,33.6,15.4,21.9
2020-08-12T16:00:00Z,0.999,15.9,-9999,Esperance,-35996.4,MURAT_202002_MRE,8,August,33.6,15.4,21.9
2020-08-12T17:00:00Z,1.057,15.9,-9999,Esperance,-35996.4,MURAT_202002_MRE,8,August,33.6,15.4,21.9
2020-08-12T18:00:00Z,1.085,15.9,-9999,Esperance,-35996.4,MURAT_202002_MRE,8,August,33.6,15.4,21.9
2020-08-12T19:00:00Z,1.089,15.9,-9999,Esperance,-35996.4,MURAT_202002_MRE,8,August,33.6,15.4,21.9
2020-08-12T20:00:00Z,1.107,15.9,-9999,Esperance,-35996.4,MURAT_202002_MRE,8,August,33.6,15.4,21.9
2020-08-12T21:00:00Z,1.156,15.9,-9999,Esperance,-35996.4,MURAT_202002_MRE,8,August,33.6,15.4,21.9
2020-08-12T22:00:00Z,1.134,15.9,-9999,Esperance,-35996.4,MURAT_202002_MRE,8,August,33.6,15.4,21.9
2020-08-12T23:00:00Z,1.152,15.9,-9999,Esperance,-35996.4,MURAT_202002_MRE,8,August,33.6,15.4,21.9
2020-08-13T00:00:00Z,1.161,16,-9999,Esperance,-35996.4,MURAT_202002_MRE,8,August,33.6,15.4,21.9
2020-08-13T01:00:00Z,1.108,15.9,-9999,Esperance,-35996.4,MURAT_202002_MRE,8,August,33.6,15.4,21.9
2020-08-13T02:00:00Z,1.066,15.9,-9999,Esperance,-35996.4,MURAT_202002_MRE,8,August,33.6,15.4,21.9
2020-08-13T03:00:00Z,1.053,16,-9999,Esperance,-35996.4,MURAT_202002_MRE,8,August,33.6,15.4,21.9
2020-08-13T04:00:00Z,0.94,16,-9999,Esperance,-35996.4,MURAT_202002_MRE,8,August,33.6,15.4,21.9
2020-08-13T05:00:00Z,0.888,16.1,-9999,Esperance,-35996.4,MURAT_202002_MRE,8,August,33.6,15.4,21.9
2020-08-13T06:00:00Z,0.863,16.1,-9999,Esperance,-35996.4,MURAT_202002_MRE,8,August,33.6,15.4,21.9
2020-08-13T07:00:00Z,0.785,16.1,-9999,Esperance,-35996.4,MURAT_202002_MRE,8,August,33.6,15.4,21.9
2020-08-13T08:00:00Z,0.711,16.1,-9999,Esperance,-35996.4,MURAT_202002_MRE,8,August,33.6,15.4,21.9
2020-08-13T09:00:00Z,0.695,16.1,-9999,Esperance,-35996.4,MURAT_202002_MRE,8,August,33.6,15.4,21.9
2020-08-13T10:00:00Z,0.67,16.1,-9999,Esperance,-35996.4,MURAT_202002_MRE,8,August,33.6,15.4,21.9
2020-08-13T11:00:00Z,0.675,16,-9999,Esperance,-35996.4,MURAT_202002_MRE,8,August,33.6,15.4,21.9
2020-08-13T12:00:00Z,0.695,16,-9999,Esperance,-35996.4,MURAT_202002_MRE,8,August,33.6,15.4,21.9
2020-08-13T13:00:00Z,0.755,16,-9999,Esperance,-35996.4,MURAT_202002_MRE,8,August,33.6,15.4,21.9
2020-08-13T14:00:00Z,0.762,16,-9999,Esperance,-35996.4,MURAT_202002_MRE,8,August,33.6,15.4,21.9
2020-08-13T15:00:00Z,0.809,16,-9999,Esperance,-35996.4,MURAT_202002_MRE,8,August,33.6,15.4,21.9
2020-08-13T16:00:00Z,0.901,16,-9999,Esperance,-35996.4,MURAT_202002_MRE,8,August,33.6,15.4,21.9
2020-08-13T17:00:00Z,0.882,16,-9999,Esperance,-35996.4,MURAT_202002_MRE,8,August,33.6,15.4,21.9
2020-08-13T18:00:00Z,0.902,15.9,-9999,Esperance,-35996.4,MURAT_202002_MRE,8,August,33.6,15.4,21.9
2020-08-13T19:00:00Z,0.976,16.1,-9999,Esperance,-35996.4,MURAT_202002_MRE,8,August,33.6,15.4,21.9
2020-08-13T20:00:00Z,0.969,16.1,-9999,Esperance,-35996.4,MURAT_202002_MRE,8,August,33.6,15.4,21.9
2020-08-13T21:00:00Z,1.032,16.1,-9999,Esperance,-35996.4,MURAT_202002_MRE,8,August,33.6,15.4,21.9
2020-08-13T22:00:00Z,1.053,16.1,-9999,Esperance,-35996.4,MURAT_202002_MRE,8,August,33.6,15.4,21.9
2020-08-13T23:00:00Z,1.096,16.1,-9999,Esperance,-35996.4,MURAT_202002_MRE,8,August,33.6,15.4,21.9
2020-08-14T00:00:00Z,1.118,16.1,-9999,Esperance,-35996.4,MURAT_202002_MRE,8,August,33.6,15.4,21.9
2020-08-14T01:00:00Z,1.07,16.1,-9999,Esperance,-35996.4,MURAT_202002_MRE,8,August,33.6,15.4,21.9
2020-08-14T02:00:00Z,1.027,16.1,-9999,Esperance,-35996.4,MURAT_202002_MRE,8,August,33.6,15.4,21.9
2020-08-14T03:00:00Z,0.968,16.1,-9999,Esperance,-35996.4,MURAT_202002_MRE,8,August,33.6,15.4,21.9
2020-08-14T04:00:00Z,0.869,16.1,-9999,Esperance,-35996.4,MURAT_202002_MRE,8,August,33.6,15.4,21.9
2020-08-14T05:00:00Z,0.767,16.1,-9999,Esperance,-35996.4,MURAT_202002_MRE,8,August,33.6,15.4,21.9
2020-08-14T06:00:00Z,0.672,16.1,-9999,Esperance,-35996.4,MURAT_202002_MRE,8,August,33.6,15.4,21.9
2020-08-14T07:00:00Z,0.622,16.1,-9999,Esperance,-35996.4,MURAT_202002_MRE,8,August,33.6,15.4,21.9
2020-08-14T08:00:00Z,0.558,16.2,-9999,Esperance,-35996.4,MURAT_202002_MRE,8,August,33.6,15.4,21.9
2020-08-14T09:00:00Z,0.524,16.2,-9999,Esperance,-35996.4,MURAT_202002_MRE,8,August,33.6,15.4,21.9
2020-08-14T10:00:00Z,0.541,16.2,-9999,Esperance,-35996.4,MURAT_202002_MRE,8,August,33.6,15.4,21.9
2020-08-14T11:00:00Z,0.552,16.1,-9999,Esperance,-35996.4,MURAT_202002_MRE,8,August,33.6,15.4,21.9
2020-08-14T12:00:00Z,0.624,16.1,-9999,Esperance,-35996.4,MURAT_202002_MRE,8,August,33.6,15.4,21.9
2020-08-14T13:00:00Z,0.667,16.1,-9999,Esperance,-35996.4,MURAT_202002_MRE,8,August,33.6,15.4,21.9
2020-08-14T14:00:00Z,0.686,16.1,-9999,Esperance,-35996.4,MURAT_202002_MRE,8,August,33.6,15.4,21.9
2020-08-14T15:00:00Z,0.721,16.1,-9999,Esperance,-35996.4,MURAT_202002_MRE,8,August,33.6,15.4,21.9
2020-08-14T16:00:00Z,0.748,16.1,-9999,Esperance,-35996.4,MURAT_202002_MRE,8,August,33.6,15.4,21.9
2020-08-14T17:00:00Z,0.751,16.1,-9999,Esperance,-35996.4,MURAT_202002_MRE,8,August,33.6,15.4,21.9
2020-08-14T18:00:00Z,0.73,16.1,-9999,Esperance,-35996.4,MURAT_202002_MRE,8,August,33.6,15.4,21.9
2020-08-14T19:00:00Z,0.801,16.1,-9999,Esperance,-35996.4,MURAT_202002_MRE,8,August,33.6,15.4,21.9
2020-08-14T20:00:00Z,0.84,16.1,-9999,Esperance,-35996.4,MURAT_202002_MRE,8,August,33.6,15.4,21.9
2020-08-14T21:00:00Z,0.881,16.1,-9999,Esperance,-35996.4,MURAT_202002_MRE,8,August,33.6,15.4,21.9
2020-08-14T22:00:00Z,1.02,16,-9999,Esperance,-35996.4,MURAT_202002_MRE,8,August,33.6,15.4,21.9
2020-08-14T23:00:00Z,1.055,16,-9999,Esperance,-35996.4,MURAT_202002_MRE,8,August,33.6,15.4,21.9
2020-08-15T00:00:00Z,1.087,16,-9999,Esperance,-35996.4,MURAT_202002_MRE,8,August,33.6,15.4,21.9
2020-08-15T01:00:00Z,1.153,16,-9999,Esperance,-35996.4,MURAT_202002_MRE,8,August,33.6,15.4,21.9
2020-08-15T02:00:00Z,1.083,16,-9999,Esperance,-35996.4,MURAT_202002_MRE,8,August,33.6,15.4,21.9
2020-08-15T03:00:00Z,1.008,16.1,-9999,Esperance,-35996.4,MURAT_202002_MRE,8,August,33.6,15.4,21.9
2020-08-15T04:00:00Z,0.926,16,-9999,Esperance,-35996.4,MURAT_202002_MRE,8,August,33.6,15.4,21.9
2020-08-15T05:00:00Z,0.772,16.1,-9999,Esperance,-35996.4,MURAT_202002_MRE,8,August,33.6,15.4,21.9
2020-08-15T06:00:00Z,0.667,16.2,-9999,Esperance,-35996.4,MURAT_202002_MRE,8,August,33.6,15.4,21.9
2020-08-15T07:00:00Z,0.593,16.2,-9999,Esperance,-35996.4,MURAT_202002_MRE,8,August,33.6,15.4,21.9
2020-08-15T08:00:00Z,0.519,16.3,-9999,Esperance,-35996.4,MURAT_202002_MRE,8,August,33.6,15.4,21.9
2020-08-15T09:00:00Z,0.467,16.2,-9999,Esperance,-35996.4,MURAT_202002_MRE,8,August,33.6,15.4,21.9
2020-08-15T10:00:00Z,0.536,16.2,-9999,Esperance,-35996.4,MURAT_202002_MRE,8,August,33.6,15.4,21.9
2020-08-15T11:00:00Z,0.536,16.2,-9999,Esperance,-35996.4,MURAT_202002_MRE,8,August,33.6,15.4,21.9
2020-08-15T12:00:00Z,0.612,16.2,-9999,Esperance,-35996.4,MURAT_202002_MRE,8,August,33.6,15.4,21.9
2020-08-15T13:00:00Z,0.706,16.2,-9999,Esperance,-35996.4,MURAT_202002_MRE,8,August,33.6,15.4,21.9
2020-08-15T14:00:00Z,0.715,16.1,-9999,Esperance,-35996.4,MURAT_202002_MRE,8,August,33.6,15.4,21.9
2020-08-15T15:00:00Z,0.761,16.1,-9999,Esperance,-35996.4,MURAT_202002_MRE,8,August,33.6,15.4,21.9
2020-08-15T16:00:00Z,0.798,16.1,-9999,Esperance,-35996.4,MURAT_202002_MRE,8,August,33.6,15.4,21.9
2020-08-15T17:00:00Z,0.777,16.1,-9999,Esperance,-35996.4,MURAT_202002_MRE,8,August,33.6,15.4,21.9
2020-08-15T18:00:00Z,0.791,16.1,-9999,Esperance,-35996.4,MURAT_202002_MRE,8,August,33.6,15.4,21.9
2020-08-15T19:00:00Z,0.814,16.1,-9999,Esperance,-35996.4,MURAT_202002_MRE,8,August,33.6,15.4,21.9
2020-08-15T20:00:00Z,0.924,16.1,-9999,Esperance,-35996.4,MURAT_202002_MRE,8,August,33.6,15.4,21.9
2020-08-15T21:00:00Z,0.983,16.1,-9999,Esperance,-35996.4,MURAT_202002_MRE,8,August,33.6,15.4,21.9
2020-08-15T22:00:00Z,1.115,16.1,-9999,Esperance,-35996.4,MURAT_202002_MRE,8,August,33.6,15.4,21.9
2020-08-15T23:00:00Z,1.278,16,-9999,Esperance,-35996.4,MURAT_202002_MRE,8,August,33.6,15.4,21.9
2020-08-16T00:00:00Z,1.298,16,-9999,Esperance,-35996.4,MURAT_202002_MRE,8,August,33.6,15.4,21.9
2020-08-16T01:00:00Z,1.414,15.9,-9999,Esperance,-35996.4,MURAT_202002_MRE,8,August,33.6,15.4,21.9
2020-08-16T02:00:00Z,1.426,15.8,-9999,Esperance,-35996.4,MURAT_202002_MRE,8,August,33.6,15.4,21.9
2020-08-16T03:00:00Z,1.336,15.9,-9999,Esperance,-35996.4,MURAT_202002_MRE,8,August,33.6,15.4,21.9
2020-08-16T04:00:00Z,1.262,16,-9999,Esperance,-35996.4,MURAT_202002_MRE,8,August,33.6,15.4,21.9
2020-08-16T05:00:00Z,1.104,16,-9999,Esperance,-35996.4,MURAT_202002_MRE,8,August,33.6,15.4,21.9
2020-08-16T06:00:00Z,0.957,16,-9999,Esperance,-35996.4,MURAT_202002_MRE,8,August,33.6,15.4,21.9
2020-08-16T07:00:00Z,0.806,16,-9999,Esperance,-35996.4,MURAT_202002_MRE,8,August,33.6,15.4,21.9
2020-08-16T08:00:00Z,0.741,16,-9999,Esperance,-35996.4,MURAT_202002_MRE,8,August,33.6,15.4,21.9
2020-08-16T09:00:00Z,0.708,16,-9999,Esperance,-35996.4,MURAT_202002_MRE,8,August,33.6,15.4,21.9
2020-08-16T10:00:00Z,0.717,16,-9999,Esperance,-35996.4,MURAT_202002_MRE,8,August,33.6,15.4,21.9
2020-08-16T11:00:00Z,0.757,16,-9999,Esperance,-35996.4,MURAT_202002_MRE,8,August,33.6,15.4,21.9
2020-08-16T12:00:00Z,0.842,15.9,-9999,Esperance,-35996.4,MURAT_202002_MRE,8,August,33.6,15.4,21.9
2020-08-16T13:00:00Z,0.945,15.9,-9999,Esperance,-35996.4,MURAT_202002_MRE,8,August,33.6,15.4,21.9
2020-08-16T14:00:00Z,0.982,15.9,-9999,Esperance,-35996.4,MURAT_202002_MRE,8,August,33.6,15.4,21.9
2020-08-16T15:00:00Z,0.983,15.9,-9999,Esperance,-35996.4,MURAT_202002_MRE,8,August,33.6,15.4,21.9
2020-08-16T16:00:00Z,1.075,15.9,-9999,Esperance,-35996.4,MURAT_202002_MRE,8,August,33.6,15.4,21.9
2020-08-16T17:00:00Z,1.013,15.9,-9999,Esperance,-35996.4,MURAT_202002_MRE,8,August,33.6,15.4,21.9
2020-08-16T18:00:00Z,1.04,15.9,-9999,Esperance,-35996.4,MURAT_202002_MRE,8,August,33.6,15.4,21.9
2020-08-16T19:00:00Z,1.058,15.9,-9999,Esperance,-35996.4,MURAT_202002_MRE,8,August,33.6,15.4,21.9
2020-08-16T20:00:00Z,1.044,15.9,-9999,Esperance,-35996.4,MURAT_202002_MRE,8,August,33.6,15.4,21.9
2020-08-16T21:00:00Z,1.168,15.9,-9999,Esperance,-35996.4,MURAT_202002_MRE,8,August,33.6,15.4,21.9
2020-08-16T22:00:00Z,1.287,15.8,-9999,Esperance,-35996.4,MURAT_202002_MRE,8,August,33.6,15.4,21.9
2020-08-16T23:00:00Z,1.401,15.8,-9999,Esperance,-35996.4,MURAT_202002_MRE,8,August,33.6,15.4,21.9
2020-08-17T00:00:00Z,1.557,15.8,-9999,Esperance,-35996.4,MURAT_202002_MRE,8,August,33.6,15.4,21.9
2020-08-17T01:00:00Z,1.632,15.8,-9999,Esperance,-35996.4,MURAT_202002_MRE,8,August,33.6,15.4,21.9
2020-08-17T02:00:00Z,1.669,15.8,-9999,Esperance,-35996.4,MURAT_202002_MRE,8,August,33.6,15.4,21.9
2020-08-17T03:00:00Z,1.638,15.8,-9999,Esperance,-35996.4,MURAT_202002_MRE,8,August,33.6,15.4,21.9
2020-08-17T04:00:00Z,1.533,15.9,-9999,Esperance,-35996.4,MURAT_202002_MRE,8,August,33.6,15.4,21.9
2020-08-17T05:00:00Z,1.36,15.9,-9999,Esperance,-35996.4,MURAT_202002_MRE,8,August,33.6,15.4,21.9
2020-08-17T06:00:00Z,1.177,15.9,-9999,Esperance,-35996.4,MURAT_202002_MRE,8,August,33.6,15.4,21.9
2020-08-17T07:00:00Z,1.069,15.9,-9999,Esperance,-35996.4,MURAT_202002_MRE,8,August,33.6,15.4,21.9
2020-08-17T08:00:00Z,0.913,15.9,-9999,Esperance,-35996.4,MURAT_202002_MRE,8,August,33.6,15.4,21.9
2020-08-17T09:00:00Z,0.794,15.9,-9999,Esperance,-35996.4,MURAT_202002_MRE,8,August,33.6,15.4,21.9
2020-08-17T10:00:00Z,0.824,15.9,-9999,Esperance,-35996.4,MURAT_202002_MRE,8,August,33.6,15.4,21.9
2020-08-17T11:00:00Z,0.858,15.9,-9999,Esperance,-35996.4,MURAT_202002_MRE,8,August,33.6,15.4,21.9
2020-08-17T12:00:00Z,0.914,15.9,-9999,Esperance,-35996.4,MURAT_202002_MRE,8,August,33.6,15.4,21.9
2020-08-17T13:00:00Z,1.053,15.8,-9999,Esperance,-35996.4,MURAT_202002_MRE,8,August,33.6,15.4,21.9
2020-08-17T14:00:00Z,1.103,15.8,-9999,Esperance,-35996.4,MURAT_202002_MRE,8,August,33.6,15.4,21.9
2020-08-17T15:00:00Z,1.136,15.8,-9999,Esperance,-35996.4,MURAT_202002_MRE,8,August,33.6,15.4,21.9
2020-08-17T16:00:00Z,1.167,15.8,-9999,Esperance,-35996.4,MURAT_202002_MRE,8,August,33.6,15.4,21.9
2020-08-17T17:00:00Z,1.129,15.8,-9999,Esperance,-35996.4,MURAT_202002_MRE,8,August,33.6,15.4,21.9
2020-08-17T18:00:00Z,1.067,15.8,-9999,Esperance,-35996.4,MURAT_202002_MRE,8,August,33.6,15.4,21.9
2020-08-17T19:00:00Z,1.087,15.7,-9999,Esperance,-35996.4,MURAT_202002_MRE,8,August,33.6,15.4,21.9
2020-08-17T20:00:00Z,1.081,15.7,-9999,Esperance,-35996.4,MURAT_202002_MRE,8,August,33.6,15.4,21.9
2020-08-17T21:00:00Z,1.128,15.7,-9999,Esperance,-35996.4,MURAT_202002_MRE,8,August,33.6,15.4,21.9
2020-08-17T22:00:00Z,1.292,15.7,-9999,Esperance,-35996.4,MURAT_202002_MRE,8,August,33.6,15.4,21.9
2020-08-17T23:00:00Z,1.428,15.7,-9999,Esperance,-35996.4,MURAT_202002_MRE,8,August,33.6,15.4,21.9
2020-08-18T00:00:00Z,1.557,15.7,-9999,Esperance,-35996.4,MURAT_202002_MRE,8,August,33.6,15.4,21.9
2020-08-18T01:00:00Z,1.684,15.7,-9999,Esperance,-35996.4,MURAT_202002_MRE,8,August,33.6,15.4,21.9
2020-08-18T02:00:00Z,1.729,15.7,-9999,Esperance,-35996.4,MURAT_202002_MRE,8,August,33.6,15.4,21.9
2020-08-18T03:00:00Z,1.688,15.7,-9999,Esperance,-35996.4,MURAT_202002_MRE,8,August,33.6,15.4,21.9
2020-08-18T04:00:00Z,1.604,15.7,-9999,Esperance,-35996.4,MURAT_202002_MRE,8,August,33.6,15.4,21.9
2020-08-18T05:00:00Z,1.419,15.8,-9999,Esperance,-35996.4,MURAT_202002_MRE,8,August,33.6,15.4,21.9
2020-08-18T06:00:00Z,1.17,15.8,-9999,Esperance,-35996.4,MURAT_202002_MRE,8,August,33.6,15.4,21.9
2020-08-18T07:00:00Z,0.961,15.9,-9999,Esperance,-35996.4,MURAT_202002_MRE,8,August,33.6,15.4,21.9
2020-08-18T08:00:00Z,0.759,15.8,-9999,Esperance,-35996.4,MURAT_202002_MRE,8,August,33.6,15.4,21.9
2020-08-18T09:00:00Z,0.611,15.8,-9999,Esperance,-35996.4,MURAT_202002_MRE,8,August,33.6,15.4,21.9
2020-08-18T10:00:00Z,0.591,15.8,-9999,Esperance,-35996.4,MURAT_202002_MRE,8,August,33.6,15.4,21.9
2020-08-18T11:00:00Z,0.601,15.8,-9999,Esperance,-35996.4,MURAT_202002_MRE,8,August,33.6,15.4,21.9
2020-08-18T12:00:00Z,0.704,15.8,-9999,Esperance,-35996.4,MURAT_202002_MRE,8,August,33.6,15.4,21.9
2020-08-18T13:00:00Z,0.815,15.8,-9999,Esperance,-35996.4,MURAT_202002_MRE,8,August,33.6,15.4,21.9
2020-08-18T14:00:00Z,0.896,15.8,-9999,Esperance,-35996.4,MURAT_202002_MRE,8,August,33.6,15.4,21.9
2020-08-18T15:00:00Z,0.967,15.8,-9999,Esperance,-35996.4,MURAT_202002_MRE,8,August,33.6,15.4,21.9
2020-08-18T16:00:00Z,0.998,15.8,-9999,Esperance,-35996.4,MURAT_202002_MRE,8,August,33.6,15.4,21.9
2020-08-18T17:00:00Z,0.952,15.8,-9999,Esperance,-35996.4,MURAT_202002_MRE,8,August,33.6,15.4,21.9
2020-08-18T18:00:00Z,0.884,15.8,-9999,Esperance,-35996.4,MURAT_202002_MRE,8,August,33.6,15.4,21.9
2020-08-18T19:00:00Z,0.831,15.8,-9999,Esperance,-35996.4,MURAT_202002_MRE,8,August,33.6,15.4,21.9
2020-08-18T20:00:00Z,0.769,15.8,-9999,Esperance,-35996.4,MURAT_202002_MRE,8,August,33.6,15.4,21.9
2020-08-18T21:00:00Z,0.785,15.8,-9999,Esperance,-35996.4,MURAT_202002_MRE,8,August,33.6,15.4,21.9
2020-08-18T22:00:00Z,0.905,15.8,-9999,Esperance,-35996.4,MURAT_202002_MRE,8,August,33.6,15.4,21.9
2020-08-18T23:00:00Z,1.005,15.8,-9999,Esperance,-35996.4,MURAT_202002_MRE,8,August,33.6,15.4,21.9
2020-08-19T00:00:00Z,1.139,15.8,-9999,Esperance,-35996.4,MURAT_202002_MRE,8,August,33.6,15.4,21.9
2020-08-19T01:00:00Z,1.326,15.8,-9999,Esperance,-35996.4,MURAT_202002_MRE,8,August,33.6,15.4,21.9
2020-08-19T02:00:00Z,1.413,15.7,-9999,Esperance,-35996.4,MURAT_202002_MRE,8,August,33.6,15.4,21.9
2020-08-19T03:00:00Z,1.452,15.7,-9999,Esperance,-35996.4,MURAT_202002_MRE,8,August,33.6,15.4,21.9
2020-08-19T04:00:00Z,1.427,15.8,-9999,Esperance,-35996.4,MURAT_202002_MRE,8,August,33.6,15.4,21.9
2020-08-19T05:00:00Z,1.317,15.8,-9999,Esperance,-35996.4,MURAT_202002_MRE,8,August,33.6,15.4,21.9
2020-08-19T06:00:00Z,1.136,15.8,-9999,Esperance,-35996.4,MURAT_202002_MRE,8,August,33.6,15.4,21.9
2020-08-19T07:00:00Z,0.893,15.8,-9999,Esperance,-35996.4,MURAT_202002_MRE,8,August,33.6,15.4,21.9
2020-08-19T08:00:00Z,0.684,15.8,-9999,Esperance,-35996.4,MURAT_202002_MRE,8,August,33.6,15.4,21.9
2020-08-19T09:00:00Z,0.524,15.8,-9999,Esperance,-35996.4,MURAT_202002_MRE,8,August,33.6,15.4,21.9
2020-08-19T10:00:00Z,0.416,15.8,-9999,Esperance,-35996.4,MURAT_202002_MRE,8,August,33.6,15.4,21.9
2020-08-19T11:00:00Z,0.441,15.8,-9999,Esperance,-35996.4,MURAT_202002_MRE,8,August,33.6,15.4,21.9
2020-08-19T12:00:00Z,0.516,15.8,-9999,Esperance,-35996.4,MURAT_202002_MRE,8,August,33.6,15.4,21.9
2020-08-19T13:00:00Z,0.609,15.8,-9999,Esperance,-35996.4,MURAT_202002_MRE,8,August,33.6,15.4,21.9
2020-08-19T14:00:00Z,0.704,15.8,-9999,Esperance,-35996.4,MURAT_202002_MRE,8,August,33.6,15.4,21.9
2020-08-19T15:00:00Z,0.789,15.8,-9999,Esperance,-35996.4,MURAT_202002_MRE,8,August,33.6,15.4,21.9
2020-08-19T16:00:00Z,0.814,15.8,-9999,Esperance,-35996.4,MURAT_202002_MRE,8,August,33.6,15.4,21.9
2020-08-19T17:00:00Z,0.77,15.8,-9999,Esperance,-35996.4,MURAT_202002_MRE,8,August,33.6,15.4,21.9
2020-08-19T18:00:00Z,0.726,15.7,-9999,Esperance,-35996.4,MURAT_202002_MRE,8,August,33.6,15.4,21.9
2020-08-19T19:00:00Z,0.656,15.7,-9999,Esperance,-35996.4,MURAT_202002_MRE,8,August,33.6,15.4,21.9
2020-08-19T20:00:00Z,0.58,15.7,-9999,Esperance,-35996.4,MURAT_202002_MRE,8,August,33.6,15.4,21.9
2020-08-19T21:00:00Z,0.581,15.7,-9999,Esperance,-35996.4,MURAT_202002_MRE,8,August,33.6,15.4,21.9
2020-08-19T22:00:00Z,0.604,15.7,-9999,Esperance,-35996.4,MURAT_202002_MRE,8,August,33.6,15.4,21.9
2020-08-19T23:00:00Z,0.718,15.7,-9999,Esperance,-35996.4,MURAT_202002_MRE,8,August,33.6,15.4,21.9
2020-08-20T00:00:00Z,0.895,15.7,-9999,Esperance,-35996.4,MURAT_202002_MRE,8,August,33.6,15.4,21.9
2020-08-20T01:00:00Z,1.018,15.7,-9999,Esperance,-35996.4,MURAT_202002_MRE,8,August,33.6,15.4,21.9
2020-08-20T02:00:00Z,1.169,15.7,-9999,Esperance,-35996.4,MURAT_202002_MRE,8,August,33.6,15.4,21.9
2020-08-20T03:00:00Z,1.298,15.8,-9999,Esperance,-35996.4,MURAT_202002_MRE,8,August,33.6,15.4,21.9
2020-08-20T04:00:00Z,1.266,15.8,-9999,Esperance,-35996.4,MURAT_202002_MRE,8,August,33.6,15.4,21.9
2020-08-20T05:00:00Z,1.223,15.9,-9999,Esperance,-35996.4,MURAT_202002_MRE,8,August,33.6,15.4,21.9
2020-08-20T06:00:00Z,1.123,15.9,-9999,Esperance,-35996.4,MURAT_202002_MRE,8,August,33.6,15.4,21.9
2020-08-20T07:00:00Z,0.903,15.9,-9999,Esperance,-35996.4,MURAT_202002_MRE,8,August,33.6,15.4,21.9
2020-08-20T08:00:00Z,0.698,16,-9999,Esperance,-35996.4,MURAT_202002_MRE,8,August,33.6,15.4,21.9
2020-08-20T09:00:00Z,0.555,16,-9999,Esperance,-35996.4,MURAT_202002_MRE,8,August,33.6,15.4,21.9
2020-08-20T10:00:00Z,0.421,16,-9999,Esperance,-35996.4,MURAT_202002_MRE,8,August,33.6,15.4,21.9
2020-08-20T11:00:00Z,0.392,16,-9999,Esperance,-35996.4,MURAT_202002_MRE,8,August,33.6,15.4,21.9
2020-08-20T12:00:00Z,0.468,16.1,-9999,Esperance,-35996.4,MURAT_202002_MRE,8,August,33.6,15.4,21.9
2020-08-20T13:00:00Z,0.545,16.1,-9999,Esperance,-35996.4,MURAT_202002_MRE,8,August,33.6,15.4,21.9
2020-08-20T14:00:00Z,0.649,16.1,-9999,Esperance,-35996.4,MURAT_202002_MRE,8,August,33.6,15.4,21.9
2020-08-20T15:00:00Z,0.743,16.2,-9999,Esperance,-35996.4,MURAT_202002_MRE,8,August,33.6,15.4,21.9
2020-08-20T16:00:00Z,0.793,16.2,-9999,Esperance,-35996.4,MURAT_202002_MRE,8,August,33.6,15.4,21.9
2020-08-20T17:00:00Z,0.786,16.1,-9999,Esperance,-35996.4,MURAT_202002_MRE,8,August,33.6,15.4,21.9
2020-08-20T18:00:00Z,0.721,16.1,-9999,Esperance,-35996.4,MURAT_202002_MRE,8,August,33.6,15.4,21.9
2020-08-20T19:00:00Z,0.656,16.1,-9999,Esperance,-35996.4,MURAT_202002_MRE,8,August,33.6,15.4,21.9
2020-08-20T20:00:00Z,0.562,16.1,-9999,Esperance,-35996.4,MURAT_202002_MRE,8,August,33.6,15.4,21.9
2020-08-20T21:00:00Z,0.518,16.1,-9999,Esperance,-35996.4,MURAT_202002_MRE,8,August,33.6,15.4,21.9
2020-08-20T22:00:00Z,0.512,16.1,-9999,Esperance,-35996.4,MURAT_202002_MRE,8,August,33.6,15.4,21.9
2020-08-20T23:00:00Z,0.567,16.1,-9999,Esperance,-35996.4,MURAT_202002_MRE,8,August,33.6,15.4,21.9
2020-08-21T00:00:00Z,0.726,16,-9999,Esperance,-35996.4,MURAT_202002_MRE,8,August,33.6,15.4,21.9
2020-08-21T01:00:00Z,0.844,16,-9999,Esperance,-35996.4,MURAT_202002_MRE,8,August,33.6,15.4,21.9
2020-08-21T02:00:00Z,0.973,16,-9999,Esperance,-35996.4,MURAT_202002_MRE,8,August,33.6,15.4,21.9
2020-08-21T03:00:00Z,1.117,16,-9999,Esperance,-35996.4,MURAT_202002_MRE,8,August,33.6,15.4,21.9
2020-08-21T04:00:00Z,1.142,16,-9999,Esperance,-35996.4,MURAT_202002_MRE,8,August,33.6,15.4,21.9
2020-08-21T05:00:00Z,1.127,16.1,-9999,Esperance,-35996.4,MURAT_202002_MRE,8,August,33.6,15.4,21.9
2020-08-21T06:00:00Z,1.103,16.1,-9999,Esperance,-35996.4,MURAT_202002_MRE,8,August,33.6,15.4,21.9
2020-08-21T07:00:00Z,0.955,16.2,-9999,Esperance,-35996.4,MURAT_202002_MRE,8,August,33.6,15.4,21.9
2020-08-21T08:00:00Z,0.768,16.2,-9999,Esperance,-35996.4,MURAT_202002_MRE,8,August,33.6,15.4,21.9
2020-08-21T09:00:00Z,0.636,16.3,-9999,Esperance,-35996.4,MURAT_202002_MRE,8,August,33.6,15.4,21.9
2020-08-21T10:00:00Z,0.519,16.3,-9999,Esperance,-35996.4,MURAT_202002_MRE,8,August,33.6,15.4,21.9
2020-08-21T11:00:00Z,0.417,16.3,-9999,Esperance,-35996.4,MURAT_202002_MRE,8,August,33.6,15.4,21.9
2020-08-21T12:00:00Z,0.477,16.3,-9999,Esperance,-35996.4,MURAT_202002_MRE,8,August,33.6,15.4,21.9
2020-08-21T13:00:00Z,0.57,16.2,-9999,Esperance,-35996.4,MURAT_202002_MRE,8,August,33.6,15.4,21.9
2020-08-21T14:00:00Z,0.618,16.2,-9999,Esperance,-35996.4,MURAT_202002_MRE,8,August,33.6,15.4,21.9
2020-08-21T15:00:00Z,0.693,16.2,-9999,Esperance,-35996.4,MURAT_202002_MRE,8,August,33.6,15.4,21.9
2020-08-21T16:00:00Z,0.789,16.2,-9999,Esperance,-35996.4,MURAT_202002_MRE,8,August,33.6,15.4,21.9
2020-08-21T17:00:00Z,0.774,16.1,-9999,Esperance,-35996.4,MURAT_202002_MRE,8,August,33.6,15.4,21.9
2020-08-21T18:00:00Z,0.713,16.1,-9999,Esperance,-35996.4,MURAT_202002_MRE,8,August,33.6,15.4,21.9
2020-08-21T19:00:00Z,0.679,16.1,-9999,Esperance,-35996.4,MURAT_202002_MRE,8,August,33.6,15.4,21.9
2020-08-21T20:00:00Z,0.583,16.1,-9999,Esperance,-35996.4,MURAT_202002_MRE,8,August,33.6,15.4,21.9
2020-08-21T21:00:00Z,0.497,16.1,-9999,Esperance,-35996.4,MURAT_202002_MRE,8,August,33.6,15.4,21.9
2020-08-21T22:00:00Z,0.499,16.1,-9999,Esperance,-35996.4,MURAT_202002_MRE,8,August,33.6,15.4,21.9
2020-08-21T23:00:00Z,0.52,16.1,-9999,Esperance,-35996.4,MURAT_202002_MRE,8,August,33.6,15.4,21.9
2020-08-22T00:00:00Z,0.558,16.1,-9999,Esperance,-35996.4,MURAT_202002_MRE,8,August,33.6,15.4,21.9
2020-08-22T01:00:00Z,0.699,16,-9999,Esperance,-35996.4,MURAT_202002_MRE,8,August,33.6,15.4,21.9
2020-08-22T02:00:00Z,0.839,16,-9999,Esperance,-35996.4,MURAT_202002_MRE,8,August,33.6,15.4,21.9
2020-08-22T03:00:00Z,0.916,16,-9999,Esperance,-35996.4,MURAT_202002_MRE,8,August,33.6,15.4,21.9
2020-08-22T04:00:00Z,0.976,16,-9999,Esperance,-35996.4,MURAT_202002_MRE,8,August,33.6,15.4,21.9
2020-08-22T05:00:00Z,1.045,16.1,-9999,Esperance,-35996.4,MURAT_202002_MRE,8,August,33.6,15.4,21.9
2020-08-22T06:00:00Z,0.971,16.2,-9999,Esperance,-35996.4,MURAT_202002_MRE,8,August,33.6,15.4,21.9
2020-08-22T07:00:00Z,0.901,16.3,-9999,Esperance,-35996.4,MURAT_202002_MRE,8,August,33.6,15.4,21.9
2020-08-22T08:00:00Z,0.815,16.4,-9999,Esperance,-35996.4,MURAT_202002_MRE,8,August,33.6,15.4,21.9
2020-08-22T09:00:00Z,0.64,16.4,-9999,Esperance,-35996.4,MURAT_202002_MRE,8,August,33.6,15.4,21.9
2020-08-22T10:00:00Z,0.542,16.4,-9999,Esperance,-35996.4,MURAT_202002_MRE,8,August,33.6,15.4,21.9
2020-08-22T11:00:00Z,0.492,16.4,-9999,Esperance,-35996.4,MURAT_202002_MRE,8,August,33.6,15.4,21.9
2020-08-22T12:00:00Z,0.459,16.4,-9999,Esperance,-35996.4,MURAT_202002_MRE,8,August,33.6,15.4,21.9
2020-08-22T13:00:00Z,0.545,16.4,-9999,Esperance,-35996.4,MURAT_202002_MRE,8,August,33.6,15.4,21.9
2020-08-22T14:00:00Z,0.628,16.4,-9999,Esperance,-35996.4,MURAT_202002_MRE,8,August,33.6,15.4,21.9
2020-08-22T15:00:00Z,0.675,16.4,-9999,Esperance,-35996.4,MURAT_202002_MRE,8,August,33.6,15.4,21.9
2020-08-22T16:00:00Z,0.761,16.3,-9999,Esperance,-35996.4,MURAT_202002_MRE,8,August,33.6,15.4,21.9
2020-08-22T17:00:00Z,0.806,16.3,-9999,Esperance,-35996.4,MURAT_202002_MRE,8,August,33.6,15.4,21.9
2020-08-22T18:00:00Z,0.771,16.3,-9999,Esperance,-35996.4,MURAT_202002_MRE,8,August,33.6,15.4,21.9
2020-08-22T19:00:00Z,0.752,16.3,-9999,Esperance,-35996.4,MURAT_202002_MRE,8,August,33.6,15.4,21.9
2020-08-22T20:00:00Z,0.711,16.2,-9999,Esperance,-35996.4,MURAT_202002_MRE,8,August,33.6,15.4,21.9
2020-08-22T21:00:00Z,0.646,16.2,-9999,Esperance,-35996.4,MURAT_202002_MRE,8,August,33.6,15.4,21.9
2020-08-22T22:00:00Z,0.641,16.2,-9999,Esperance,-35996.4,MURAT_202002_MRE,8,August,33.6,15.4,21.9
2020-08-22T23:00:00Z,0.675,16.2,-9999,Esperance,-35996.4,MURAT_202002_MRE,8,August,33.6,15.4,21.9
2020-08-23T00:00:00Z,0.657,16.2,-9999,Esperance,-35996.4,MURAT_202002_MRE,8,August,33.6,15.4,21.9
2020-08-23T01:00:00Z,0.749,16.2,-9999,Esperance,-35996.4,MURAT_202002_MRE,8,August,33.6,15.4,21.9
2020-08-23T02:00:00Z,0.854,16.2,-9999,Esperance,-35996.4,MURAT_202002_MRE,8,August,33.6,15.4,21.9
2020-08-23T03:00:00Z,0.907,16.2,-9999,Esperance,-35996.4,MURAT_202002_MRE,8,August,33.6,15.4,21.9
2020-08-23T04:00:00Z,0.943,16.3,-9999,Esperance,-35996.4,MURAT_202002_MRE,8,August,33.6,15.4,21.9
2020-08-23T05:00:00Z,0.977,16.3,-9999,Esperance,-35996.4,MURAT_202002_MRE,8,August,33.6,15.4,21.9
2020-08-23T06:00:00Z,0.962,16.3,-9999,Esperance,-35996.4,MURAT_202002_MRE,8,August,33.6,15.4,21.9
2020-08-23T07:00:00Z,0.907,16.3,-9999,Esperance,-35996.4,MURAT_202002_MRE,8,August,33.6,15.4,21.9
2020-08-23T08:00:00Z,0.854,16.3,-9999,Esperance,-35996.4,MURAT_202002_MRE,8,August,33.6,15.4,21.9
2020-08-23T09:00:00Z,0.807,16.3,-9999,Esperance,-35996.4,MURAT_202002_MRE,8,August,33.6,15.4,21.9
2020-08-23T10:00:00Z,0.713,16.2,-9999,Esperance,-35996.4,MURAT_202002_MRE,8,August,33.6,15.4,21.9
2020-08-23T11:00:00Z,0.705,16.2,-9999,Esperance,-35996.4,MURAT_202002_MRE,8,August,33.6,15.4,21.9
2020-08-23T12:00:00Z,0.71,16.2,-9999,Esperance,-35996.4,MURAT_202002_MRE,8,August,33.6,15.4,21.9
2020-08-23T13:00:00Z,0.756,16.2,-9999,Esperance,-35996.4,MURAT_202002_MRE,8,August,33.6,15.4,21.9
2020-08-23T14:00:00Z,0.858,16.2,-9999,Esperance,-35996.4,MURAT_202002_MRE,8,August,33.6,15.4,21.9
2020-08-23T15:00:00Z,0.943,16.2,-9999,Esperance,-35996.4,MURAT_202002_MRE,8,August,33.6,15.4,21.9
2020-08-23T16:00:00Z,0.973,16.2,-9999,Esperance,-35996.4,MURAT_202002_MRE,8,August,33.6,15.4,21.9
2020-08-23T17:00:00Z,1.018,16.1,-9999,Esperance,-35996.4,MURAT_202002_MRE,8,August,33.6,15.4,21.9
2020-08-23T18:00:00Z,1.011,16.1,-9999,Esperance,-35996.4,MURAT_202002_MRE,8,August,33.6,15.4,21.9
2020-08-23T19:00:00Z,0.987,16.1,-9999,Esperance,-35996.4,MURAT_202002_MRE,8,August,33.6,15.4,21.9
2020-08-23T20:00:00Z,0.913,16.1,-9999,Esperance,-35996.4,MURAT_202002_MRE,8,August,33.6,15.4,21.9
2020-08-23T21:00:00Z,0.88,16.1,-9999,Esperance,-35996.4,MURAT_202002_MRE,8,August,33.6,15.4,21.9
2020-08-23T22:00:00Z,0.845,16.1,-9999,Esperance,-35996.4,MURAT_202002_MRE,8,August,33.6,15.4,21.9
2020-08-23T23:00:00Z,0.815,16.1,-9999,Esperance,-35996.4,MURAT_202002_MRE,8,August,33.6,15.4,21.9
2020-08-24T00:00:00Z,0.812,16.1,-9999,Esperance,-35996.4,MURAT_202002_MRE,8,August,33.6,15.4,21.9
2020-08-24T01:00:00Z,0.811,16.1,-9999,Esperance,-35996.4,MURAT_202002_MRE,8,August,33.6,15.4,21.9
2020-08-24T02:00:00Z,0.849,16.2,-9999,Esperance,-35996.4,MURAT_202002_MRE,8,August,33.6,15.4,21.9
2020-08-24T03:00:00Z,0.909,16.2,-9999,Esperance,-35996.4,MURAT_202002_MRE,8,August,33.6,15.4,21.9
2020-08-24T04:00:00Z,0.892,16.2,-9999,Esperance,-35996.4,MURAT_202002_MRE,8,August,33.6,15.4,21.9
2020-08-24T05:00:00Z,0.869,16.2,-9999,Esperance,-35996.4,MURAT_202002_MRE,8,August,33.6,15.4,21.9
2020-08-24T06:00:00Z,0.849,16.2,-9999,Esperance,-35996.4,MURAT_202002_MRE,8,August,33.6,15.4,21.9
2020-08-24T07:00:00Z,0.809,16.2,-9999,Esperance,-35996.4,MURAT_202002_MRE,8,August,33.6,15.4,21.9
2020-08-24T08:00:00Z,0.753,16.2,-9999,Esperance,-35996.4,MURAT_202002_MRE,8,August,33.6,15.4,21.9
2020-08-24T09:00:00Z,0.712,16.2,-9999,Esperance,-35996.4,MURAT_202002_MRE,8,August,33.6,15.4,21.9
2020-08-24T10:00:00Z,0.667,16.2,-9999,Esperance,-35996.4,MURAT_202002_MRE,8,August,33.6,15.4,21.9
2020-08-24T11:00:00Z,0.671,16.2,-9999,Esperance,-35996.4,MURAT_202002_MRE,8,August,33.6,15.4,21.9
2020-08-24T12:00:00Z,0.707,16.2,-9999,Esperance,-35996.4,MURAT_202002_MRE,8,August,33.6,15.4,21.9
2020-08-24T13:00:00Z,0.739,16.2,-9999,Esperance,-35996.4,MURAT_202002_MRE,8,August,33.6,15.4,21.9
2020-08-24T14:00:00Z,0.821,16.2,-9999,Esperance,-35996.4,MURAT_202002_MRE,8,August,33.6,15.4,21.9
2020-08-24T15:00:00Z,0.885,16.2,-9999,Esperance,-35996.4,MURAT_202002_MRE,8,August,33.6,15.4,21.9
2020-08-24T16:00:00Z,0.932,16.2,-9999,Esperance,-35996.4,MURAT_202002_MRE,8,August,33.6,15.4,21.9
2020-08-24T17:00:00Z,0.957,16.2,-9999,Esperance,-35996.4,MURAT_202002_MRE,8,August,33.6,15.4,21.9
2020-08-24T18:00:00Z,0.942,16.2,-9999,Esperance,-35996.4,MURAT_202002_MRE,8,August,33.6,15.4,21.9
2020-08-24T19:00:00Z,0.938,16.1,-9999,Esperance,-35996.4,MURAT_202002_MRE,8,August,33.6,15.4,21.9
2020-08-24T20:00:00Z,0.887,16.1,-9999,Esperance,-35996.4,MURAT_202002_MRE,8,August,33.6,15.4,21.9
2020-08-24T21:00:00Z,0.849,16.1,-9999,Esperance,-35996.4,MURAT_202002_MRE,8,August,33.6,15.4,21.9
2020-08-24T22:00:00Z,0.864,16.1,-9999,Esperance,-35996.4,MURAT_202002_MRE,8,August,33.6,15.4,21.9
2020-08-24T23:00:00Z,0.819,16.1,-9999,Esperance,-35996.4,MURAT_202002_MRE,8,August,33.6,15.4,21.9
2020-08-25T00:00:00Z,0.805,16.1,-9999,Esperance,-35996.4,MURAT_202002_MRE,8,August,33.6,15.4,21.9
2020-08-25T01:00:00Z,0.815,16.1,-9999,Esperance,-35996.4,MURAT_202002_MRE,8,August,33.6,15.4,21.9
2020-08-25T02:00:00Z,0.762,16.1,-9999,Esperance,-35996.4,MURAT_202002_MRE,8,August,33.6,15.4,21.9
2020-08-25T03:00:00Z,0.806,16.2,-9999,Esperance,-35996.4,MURAT_202002_MRE,8,August,33.6,15.4,21.9
2020-08-25T04:00:00Z,0.768,16.2,-9999,Esperance,-35996.4,MURAT_202002_MRE,8,August,33.6,15.4,21.9
2020-08-25T05:00:00Z,0.702,16.3,-9999,Esperance,-35996.4,MURAT_202002_MRE,8,August,33.6,15.4,21.9
2020-08-25T06:00:00Z,0.662,16.5,-9999,Esperance,-35996.4,MURAT_202002_MRE,8,August,33.6,15.4,21.9
2020-08-25T07:00:00Z,0.611,16.6,-9999,Esperance,-35996.4,MURAT_202002_MRE,8,August,33.6,15.4,21.9
2020-08-25T08:00:00Z,0.581,16.5,-9999,Esperance,-35996.4,MURAT_202002_MRE,8,August,33.6,15.4,21.9
2020-08-25T09:00:00Z,0.555,16.5,-9999,Esperance,-35996.4,MURAT_202002_MRE,8,August,33.6,15.4,21.9
2020-08-25T10:00:00Z,0.565,16.5,-9999,Esperance,-35996.4,MURAT_202002_MRE,8,August,33.6,15.4,21.9
2020-08-25T11:00:00Z,0.598,16.5,-9999,Esperance,-35996.4,MURAT_202002_MRE,8,August,33.6,15.4,21.9
2020-08-25T12:00:00Z,0.644,16.5,-9999,Esperance,-35996.4,MURAT_202002_MRE,8,August,33.6,15.4,21.9
2020-08-25T13:00:00Z,0.713,16.5,-9999,Esperance,-35996.4,MURAT_202002_MRE,8,August,33.6,15.4,21.9
2020-08-25T14:00:00Z,0.761,16.5,-9999,Esperance,-35996.4,MURAT_202002_MRE,8,August,33.6,15.4,21.9
2020-08-25T15:00:00Z,0.84,16.5,-9999,Esperance,-35996.4,MURAT_202002_MRE,8,August,33.6,15.4,21.9
2020-08-25T16:00:00Z,0.942,16.5,-9999,Esperance,-35996.4,MURAT_202002_MRE,8,August,33.6,15.4,21.9
2020-08-25T17:00:00Z,0.935,16.5,-9999,Esperance,-35996.4,MURAT_202002_MRE,8,August,33.6,15.4,21.9
2020-08-25T18:00:00Z,0.961,16.5,-9999,Esperance,-35996.4,MURAT_202002_MRE,8,August,33.6,15.4,21.9
2020-08-25T19:00:00Z,0.968,16.5,-9999,Esperance,-35996.4,MURAT_202002_MRE,8,August,33.6,15.4,21.9
2020-08-25T20:00:00Z,0.944,16.5,-9999,Esperance,-35996.4,MURAT_202002_MRE,8,August,33.6,15.4,21.9
2020-08-25T21:00:00Z,0.922,16.5,-9999,Esperance,-35996.4,MURAT_202002_MRE,8,August,33.6,15.4,21.9
2020-08-25T22:00:00Z,0.94,16.5,-9999,Esperance,-35996.4,MURAT_202002_MRE,8,August,33.6,15.4,21.9
2020-08-25T23:00:00Z,0.926,16.4,-9999,Esperance,-35996.4,MURAT_202002_MRE,8,August,33.6,15.4,21.9
2020-08-26T00:00:00Z,0.895,16.4,-9999,Esperance,-35996.4,MURAT_202002_MRE,8,August,33.6,15.4,21.9
2020-08-26T01:00:00Z,0.889,16.4,-9999,Esperance,-35996.4,MURAT_202002_MRE,8,August,33.6,15.4,21.9
2020-08-26T02:00:00Z,0.856,16.4,-9999,Esperance,-35996.4,MURAT_202002_MRE,8,August,33.6,15.4,21.9
2020-08-26T03:00:00Z,0.808,16.5,-9999,Esperance,-35996.4,MURAT_202002_MRE,8,August,33.6,15.4,21.9
2020-08-26T04:00:00Z,0.762,16.5,-9999,Esperance,-35996.4,MURAT_202002_MRE,8,August,33.6,15.4,21.9
2020-08-26T05:00:00Z,0.648,16.6,-9999,Esperance,-35996.4,MURAT_202002_MRE,8,August,33.6,15.4,21.9
2020-08-26T06:00:00Z,0.572,16.6,-9999,Esperance,-35996.4,MURAT_202002_MRE,8,August,33.6,15.4,21.9
2020-08-26T07:00:00Z,0.516,16.6,-9999,Esperance,-35996.4,MURAT_202002_MRE,8,August,33.6,15.4,21.9
2020-08-26T08:00:00Z,0.461,16.6,-9999,Esperance,-35996.4,MURAT_202002_MRE,8,August,33.6,15.4,21.9
2020-08-26T09:00:00Z,0.412,16.6,-9999,Esperance,-35996.4,MURAT_202002_MRE,8,August,33.6,15.4,21.9
2020-08-26T10:00:00Z,0.451,16.6,-9999,Esperance,-35996.4,MURAT_202002_MRE,8,August,33.6,15.4,21.9
2020-08-26T11:00:00Z,0.518,16.6,-9999,Esperance,-35996.4,MURAT_202002_MRE,8,August,33.6,15.4,21.9
2020-08-26T12:00:00Z,0.567,16.6,-9999,Esperance,-35996.4,MURAT_202002_MRE,8,August,33.6,15.4,21.9
2020-08-26T13:00:00Z,0.668,16.6,-9999,Esperance,-35996.4,MURAT_202002_MRE,8,August,33.6,15.4,21.9
2020-08-26T14:00:00Z,0.732,16.5,-9999,Esperance,-35996.4,MURAT_202002_MRE,8,August,33.6,15.4,21.9
2020-08-26T15:00:00Z,0.792,16.5,-9999,Esperance,-35996.4,MURAT_202002_MRE,8,August,33.6,15.4,21.9
2020-08-26T16:00:00Z,0.879,16.5,-9999,Esperance,-35996.4,MURAT_202002_MRE,8,August,33.6,15.4,21.9
2020-08-26T17:00:00Z,0.886,16.5,-9999,Esperance,-35996.4,MURAT_202002_MRE,8,August,33.6,15.4,21.9
2020-08-26T18:00:00Z,0.901,16.5,-9999,Esperance,-35996.4,MURAT_202002_MRE,8,August,33.6,15.4,21.9
2020-08-26T19:00:00Z,0.91,16.5,-9999,Esperance,-35996.4,MURAT_202002_MRE,8,August,33.6,15.4,21.9
2020-08-26T20:00:00Z,0.911,16.5,-9999,Esperance,-35996.4,MURAT_202002_MRE,8,August,33.6,15.4,21.9
2020-08-26T21:00:00Z,0.923,16.5,-9999,Esperance,-35996.4,MURAT_202002_MRE,8,August,33.6,15.4,21.9
2020-08-26T22:00:00Z,0.922,16.5,-9999,Esperance,-35996.4,MURAT_202002_MRE,8,August,33.6,15.4,21.9
2020-08-26T23:00:00Z,0.978,16.5,-9999,Esperance,-35996.4,MURAT_202002_MRE,8,August,33.6,15.4,21.9
2020-08-27T00:00:00Z,0.955,16.5,-9999,Esperance,-35996.4,MURAT_202002_MRE,8,August,33.6,15.4,21.9
2020-08-27T01:00:00Z,0.918,16.6,-9999,Esperance,-35996.4,MURAT_202002_MRE,8,August,33.6,15.4,21.9
2020-08-27T02:00:00Z,0.934,16.6,-9999,Esperance,-35996.4,MURAT_202002_MRE,8,August,33.6,15.4,21.9
2020-08-27T03:00:00Z,0.859,16.7,-9999,Esperance,-35996.4,MURAT_202002_MRE,8,August,33.6,15.4,21.9
2020-08-27T04:00:00Z,0.767,16.8,-9999,Esperance,-35996.4,MURAT_202002_MRE,8,August,33.6,15.4,21.9
2020-08-27T05:00:00Z,0.679,17,-9999,Esperance,-35996.4,MURAT_202002_MRE,8,August,33.6,15.4,21.9
2020-08-27T06:00:00Z,0.595,17.3,-9999,Esperance,-35996.4,MURAT_202002_MRE,8,August,33.6,15.4,21.9
2020-08-27T07:00:00Z,0.507,17.3,-9999,Esperance,-35996.4,MURAT_202002_MRE,8,August,33.6,15.4,21.9
2020-08-27T08:00:00Z,0.412,17.4,-9999,Esperance,-35996.4,MURAT_202002_MRE,8,August,33.6,15.4,21.9
2020-08-27T09:00:00Z,0.42,17.4,-9999,Esperance,-35996.4,MURAT_202002_MRE,8,August,33.6,15.4,21.9
2020-08-27T10:00:00Z,0.433,17.3,-9999,Esperance,-35996.4,MURAT_202002_MRE,8,August,33.6,15.4,21.9
2020-08-27T11:00:00Z,0.448,17.3,-9999,Esperance,-35996.4,MURAT_202002_MRE,8,August,33.6,15.4,21.9
2020-08-27T12:00:00Z,0.557,17.3,-9999,Esperance,-35996.4,MURAT_202002_MRE,8,August,33.6,15.4,21.9
2020-08-27T13:00:00Z,0.635,17.2,-9999,Esperance,-35996.4,MURAT_202002_MRE,8,August,33.6,15.4,21.9
2020-08-27T14:00:00Z,0.662,17.2,-9999,Esperance,-35996.4,MURAT_202002_MRE,8,August,33.6,15.4,21.9
2020-08-27T15:00:00Z,0.739,17.2,-9999,Esperance,-35996.4,MURAT_202002_MRE,8,August,33.6,15.4,21.9
2020-08-27T16:00:00Z,0.81,17.1,-9999,Esperance,-35996.4,MURAT_202002_MRE,8,August,33.6,15.4,21.9
2020-08-27T17:00:00Z,0.821,17.1,-9999,Esperance,-35996.4,MURAT_202002_MRE,8,August,33.6,15.4,21.9
2020-08-27T18:00:00Z,0.819,17,-9999,Esperance,-35996.4,MURAT_202002_MRE,8,August,33.6,15.4,21.9
2020-08-27T19:00:00Z,0.876,17,-9999,Esperance,-35996.4,MURAT_202002_MRE,8,August,33.6,15.4,21.9
2020-08-27T20:00:00Z,0.866,17,-9999,Esperance,-35996.4,MURAT_202002_MRE,8,August,33.6,15.4,21.9
2020-08-27T21:00:00Z,0.897,16.8,-9999,Esperance,-35996.4,MURAT_202002_MRE,8,August,33.6,15.4,21.9
2020-08-27T22:00:00Z,0.968,16.8,-9999,Esperance,-35996.4,MURAT_202002_MRE,8,August,33.6,15.4,21.9
2020-08-27T23:00:00Z,0.991,16.8,-9999,Esperance,-35996.4,MURAT_202002_MRE,8,August,33.6,15.4,21.9
2020-08-28T00:00:00Z,1.036,16.8,-9999,Esperance,-35996.4,MURAT_202002_MRE,8,August,33.6,15.4,21.9
2020-08-28T01:00:00Z,1.065,16.8,-9999,Esperance,-35996.4,MURAT_202002_MRE,8,August,33.6,15.4,21.9
2020-08-28T02:00:00Z,1.011,16.8,-9999,Esperance,-35996.4,MURAT_202002_MRE,8,August,33.6,15.4,21.9
2020-08-28T03:00:00Z,1.02,16.9,-9999,Esperance,-35996.4,MURAT_202002_MRE,8,August,33.6,15.4,21.9
2020-08-28T04:00:00Z,0.916,17,-9999,Esperance,-35996.4,MURAT_202002_MRE,8,August,33.6,15.4,21.9
2020-08-28T05:00:00Z,0.772,17.1,-9999,Esperance,-35996.4,MURAT_202002_MRE,8,August,33.6,15.4,21.9
2020-08-28T06:00:00Z,0.679,17.1,-9999,Esperance,-35996.4,MURAT_202002_MRE,8,August,33.6,15.4,21.9
2020-08-28T07:00:00Z,0.589,17.1,-9999,Esperance,-35996.4,MURAT_202002_MRE,8,August,33.6,15.4,21.9
2020-08-28T08:00:00Z,0.48,17.3,-9999,Esperance,-35996.4,MURAT_202002_MRE,8,August,33.6,15.4,21.9
2020-08-28T09:00:00Z,0.459,17.2,-9999,Esperance,-35996.4,MURAT_202002_MRE,8,August,33.6,15.4,21.9
2020-08-28T10:00:00Z,0.507,17.1,-9999,Esperance,-35996.4,MURAT_202002_MRE,8,August,33.6,15.4,21.9
2020-08-28T11:00:00Z,0.533,17.1,-9999,Esperance,-35996.4,MURAT_202002_MRE,8,August,33.6,15.4,21.9
2020-08-28T12:00:00Z,0.627,17.1,-9999,Esperance,-35996.4,MURAT_202002_MRE,8,August,33.6,15.4,21.9
2020-08-28T13:00:00Z,0.765,17.1,-9999,Esperance,-35996.4,MURAT_202002_MRE,8,August,33.6,15.4,21.9
2020-08-28T14:00:00Z,0.813,17.1,-9999,Esperance,-35996.4,MURAT_202002_MRE,8,August,33.6,15.4,21.9
2020-08-28T15:00:00Z,0.851,17,-9999,Esperance,-35996.4,MURAT_202002_MRE,8,August,33.6,15.4,21.9
2020-08-28T16:00:00Z,0.963,17,-9999,Esperance,-35996.4,MURAT_202002_MRE,8,August,33.6,15.4,21.9
2020-08-28T17:00:00Z,0.904,17,-9999,Esperance,-35996.4,MURAT_202002_MRE,8,August,33.6,15.4,21.9
2020-08-28T18:00:00Z,0.917,16.9,-9999,Esperance,-35996.4,MURAT_202002_MRE,8,August,33.6,15.4,21.9
2020-08-28T19:00:00Z,0.987,16.9,-9999,Esperance,-35996.4,MURAT_202002_MRE,8,August,33.6,15.4,21.9
2020-08-28T20:00:00Z,1.051,16.9,-9999,Esperance,-35996.4,MURAT_202002_MRE,8,August,33.6,15.4,21.9
2020-08-28T21:00:00Z,1.066,16.9,-9999,Esperance,-35996.4,MURAT_202002_MRE,8,August,33.6,15.4,21.9
2020-08-28T22:00:00Z,1.204,16.9,-9999,Esperance,-35996.4,MURAT_202002_MRE,8,August,33.6,15.4,21.9
2020-08-28T23:00:00Z,1.318,16.8,-9999,Esperance,-35996.4,MURAT_202002_MRE,8,August,33.6,15.4,21.9
2020-08-29T00:00:00Z,1.382,16.8,-9999,Esperance,-35996.4,MURAT_202002_MRE,8,August,33.6,15.4,21.9
2020-08-29T01:00:00Z,1.396,16.8,-9999,Esperance,-35996.4,MURAT_202002_MRE,8,August,33.6,15.4,21.9
2020-08-29T02:00:00Z,1.409,16.8,-9999,Esperance,-35996.4,MURAT_202002_MRE,8,August,33.6,15.4,21.9
2020-08-29T03:00:00Z,1.312,16.8,-9999,Esperance,-35996.4,MURAT_202002_MRE,8,August,33.6,15.4,21.9
2020-08-29T04:00:00Z,1.197,16.8,-9999,Esperance,-35996.4,MURAT_202002_MRE,8,August,33.6,15.4,21.9
2020-08-29T05:00:00Z,1.025,16.8,-9999,Esperance,-35996.4,MURAT_202002_MRE,8,August,33.6,15.4,21.9
2020-08-29T06:00:00Z,0.878,16.8,-9999,Esperance,-35996.4,MURAT_202002_MRE,8,August,33.6,15.4,21.9
2020-08-29T07:00:00Z,0.694,16.7,-9999,Esperance,-35996.4,MURAT_202002_MRE,8,August,33.6,15.4,21.9
2020-08-29T08:00:00Z,0.588,16.7,-9999,Esperance,-35996.4,MURAT_202002_MRE,8,August,33.6,15.4,21.9
2020-08-29T09:00:00Z,0.492,16.7,-9999,Esperance,-35996.4,MURAT_202002_MRE,8,August,33.6,15.4,21.9
2020-08-29T10:00:00Z,0.503,16.7,-9999,Esperance,-35996.4,MURAT_202002_MRE,8,August,33.6,15.4,21.9
2020-08-29T11:00:00Z,0.527,16.7,-9999,Esperance,-35996.4,MURAT_202002_MRE,8,August,33.6,15.4,21.9
2020-08-29T12:00:00Z,0.587,16.6,-9999,Esperance,-35996.4,MURAT_202002_MRE,8,August,33.6,15.4,21.9
2020-08-29T13:00:00Z,0.653,16.6,-9999,Esperance,-35996.4,MURAT_202002_MRE,8,August,33.6,15.4,21.9
2020-08-29T14:00:00Z,0.739,16.6,-9999,Esperance,-35996.4,MURAT_202002_MRE,8,August,33.6,15.4,21.9
2020-08-29T15:00:00Z,0.76,16.6,-9999,Esperance,-35996.4,MURAT_202002_MRE,8,August,33.6,15.4,21.9
2020-08-29T16:00:00Z,0.76,16.6,-9999,Esperance,-35996.4,MURAT_202002_MRE,8,August,33.6,15.4,21.9
2020-08-29T17:00:00Z,0.728,16.6,-9999,Esperance,-35996.4,MURAT_202002_MRE,8,August,33.6,15.4,21.9
2020-08-29T18:00:00Z,0.73,16.6,-9999,Esperance,-35996.4,MURAT_202002_MRE,8,August,33.6,15.4,21.9
2020-08-29T19:00:00Z,0.708,16.6,-9999,Esperance,-35996.4,MURAT_202002_MRE,8,August,33.6,15.4,21.9
2020-08-29T20:00:00Z,0.733,16.6,-9999,Esperance,-35996.4,MURAT_202002_MRE,8,August,33.6,15.4,21.9
2020-08-29T21:00:00Z,0.796,16.6,-9999,Esperance,-35996.4,MURAT_202002_MRE,8,August,33.6,15.4,21.9
2020-08-29T22:00:00Z,0.894,16.5,-9999,Esperance,-35996.4,MURAT_202002_MRE,8,August,33.6,15.4,21.9
2020-08-29T23:00:00Z,0.997,16.5,-9999,Esperance,-35996.4,MURAT_202002_MRE,8,August,33.6,15.4,21.9
2020-08-30T00:00:00Z,1.08,16.5,-9999,Esperance,-35996.4,MURAT_202002_MRE,8,August,33.6,15.4,21.9
2020-08-30T01:00:00Z,1.12,16.5,-9999,Esperance,-35996.4,MURAT_202002_MRE,8,August,33.6,15.4,21.9
2020-08-30T02:00:00Z,1.131,16.5,-9999,Esperance,-35996.4,MURAT_202002_MRE,8,August,33.6,15.4,21.9
2020-08-30T03:00:00Z,1.094,16.5,-9999,Esperance,-35996.4,MURAT_202002_MRE,8,August,33.6,15.4,21.9
2020-08-30T04:00:00Z,0.982,16.6,-9999,Esperance,-35996.4,MURAT_202002_MRE,8,August,33.6,15.4,21.9
2020-08-30T05:00:00Z,0.807,16.6,-9999,Esperance,-35996.4,MURAT_202002_MRE,8,August,33.6,15.4,21.9
2020-08-30T06:00:00Z,0.666,16.6,-9999,Esperance,-35996.4,MURAT_202002_MRE,8,August,33.6,15.4,21.9
2020-08-30T07:00:00Z,0.494,16.7,-9999,Esperance,-35996.4,MURAT_202002_MRE,8,August,33.6,15.4,21.9
2020-08-30T08:00:00Z,0.37,16.8,-9999,Esperance,-35996.4,MURAT_202002_MRE,8,August,33.6,15.4,21.9
2020-08-30T09:00:00Z,0.294,16.8,-9999,Esperance,-35996.4,MURAT_202002_MRE,8,August,33.6,15.4,21.9
2020-08-30T10:00:00Z,0.294,16.8,-9999,Esperance,-35996.4,MURAT_202002_MRE,8,August,33.6,15.4,21.9
2020-08-30T11:00:00Z,0.324,16.7,-9999,Esperance,-35996.4,MURAT_202002_MRE,8,August,33.6,15.4,21.9
2020-08-30T12:00:00Z,0.408,16.6,-9999,Esperance,-35996.4,MURAT_202002_MRE,8,August,33.6,15.4,21.9
2020-08-30T13:00:00Z,0.449,16.6,-9999,Esperance,-35996.4,MURAT_202002_MRE,8,August,33.6,15.4,21.9
2020-08-30T14:00:00Z,0.515,16.5,-9999,Esperance,-35996.4,MURAT_202002_MRE,8,August,33.6,15.4,21.9
2020-08-30T15:00:00Z,0.553,16.5,-9999,Esperance,-35996.4,MURAT_202002_MRE,8,August,33.6,15.4,21.9
2020-08-30T16:00:00Z,0.538,16.5,-9999,Esperance,-35996.4,MURAT_202002_MRE,8,August,33.6,15.4,21.9
2020-08-30T17:00:00Z,0.488,16.4,-9999,Esperance,-35996.4,MURAT_202002_MRE,8,August,33.6,15.4,21.9
2020-08-30T18:00:00Z,0.483,16.3,-9999,Esperance,-35996.4,MURAT_202002_MRE,8,August,33.6,15.4,21.9
2020-08-30T19:00:00Z,0.406,16.2,-9999,Esperance,-35996.4,MURAT_202002_MRE,8,August,33.6,15.4,21.9
2020-08-30T20:00:00Z,0.427,16.3,-9999,Esperance,-35996.4,MURAT_202002_MRE,8,August,33.6,15.4,21.9
2020-08-30T21:00:00Z,0.533,16.3,-9999,Esperance,-35996.4,MURAT_202002_MRE,8,August,33.6,15.4,21.9
2020-08-30T22:00:00Z,0.62,16.3,-9999,Esperance,-35996.4,MURAT_202002_MRE,8,August,33.6,15.4,21.9
2020-08-30T23:00:00Z,0.752,16.2,-9999,Esperance,-35996.4,MURAT_202002_MRE,8,August,33.6,15.4,21.9
2020-08-31T00:00:00Z,0.902,16.2,-9999,Esperance,-35996.4,MURAT_202002_MRE,8,August,33.6,15.4,21.9
2020-08-31T01:00:00Z,0.982,16.2,-9999,Esperance,-35996.4,MURAT_202002_MRE,8,August,33.6,15.4,21.9
2020-08-31T02:00:00Z,1.023,16.2,-9999,Esperance,-35996.4,MURAT_202002_MRE,8,August,33.6,15.4,21.9
2020-08-31T03:00:00Z,1.068,16.3,-9999,Esperance,-35996.4,MURAT_202002_MRE,8,August,33.6,15.4,21.9
2020-08-31T04:00:00Z,0.985,16.3,-9999,Esperance,-35996.4,MURAT_202002_MRE,8,August,33.6,15.4,21.9
2020-08-31T05:00:00Z,0.838,16.4,-9999,Esperance,-35996.4,MURAT_202002_MRE,8,August,33.6,15.4,21.9
2020-08-31T06:00:00Z,0.75,16.4,-9999,Esperance,-35996.4,MURAT_202002_MRE,8,August,33.6,15.4,21.9
2020-08-31T07:00:00Z,0.592,16.5,-9999,Esperance,-35996.4,MURAT_202002_MRE,8,August,33.6,15.4,21.9
2020-08-31T08:00:00Z,0.436,16.5,-9999,Esperance,-35996.4,MURAT_202002_MRE,8,August,33.6,15.4,21.9
2020-08-31T09:00:00Z,0.424,16.5,-9999,Esperance,-35996.4,MURAT_202002_MRE,8,August,33.6,15.4,21.9
2020-08-31T10:00:00Z,0.454,16.4,-9999,Esperance,-35996.4,MURAT_202002_MRE,8,August,33.6,15.4,21.9
2020-08-31T11:00:00Z,0.487,16.4,-9999,Esperance,-35996.4,MURAT_202002_MRE,8,August,33.6,15.4,21.9
2020-08-31T12:00:00Z,0.621,16.4,-9999,Esperance,-35996.4,MURAT_202002_MRE,8,August,33.6,15.4,21.9
2020-08-31T13:00:00Z,0.735,16.4,-9999,Esperance,-35996.4,MURAT_202002_MRE,8,August,33.6,15.4,21.9
2020-08-31T14:00:00Z,0.786,16.4,-9999,Esperance,-35996.4,MURAT_202002_MRE,8,August,33.6,15.4,21.9
2020-08-31T15:00:00Z,0.885,16.4,-9999,Esperance,-35996.4,MURAT_202002_MRE,8,August,33.6,15.4,21.9
2020-08-31T16:00:00Z,0.905,16.3,-9999,Esperance,-35996.4,MURAT_202002_MRE,8,August,33.6,15.4,21.9
2020-08-31T17:00:00Z,0.823,16.3,-9999,Esperance,-35996.4,MURAT_202002_MRE,8,August,33.6,15.4,21.9
2020-08-31T18:00:00Z,0.813,16.3,-9999,Esperance,-35996.4,MURAT_202002_MRE,8,August,33.6,15.4,21.9
2020-08-31T19:00:00Z,0.771,16.3,-9999,Esperance,-35996.4,MURAT_202002_MRE,8,August,33.6,15.4,21.9
2020-08-31T20:00:00Z,0.759,16.3,-9999,Esperance,-35996.4,MURAT_202002_MRE,8,August,33.6,15.4,21.9
2020-08-31T21:00:00Z,0.841,16.3,-9999,Esperance,-35996.4,MURAT_202002_MRE,8,August,33.6,15.4,21.9
2020-08-31T22:00:00Z,0.962,16.1,-9999,Esperance,-35996.4,MURAT_202002_MRE,8,August,33.6,15.4,21.9
2020-08-31T23:00:00Z,1.111,16.1,-9999,Esperance,-35996.4,MURAT_202002_MRE,8,August,33.6,15.4,21.9
2020-09-01T00:00:00Z,1.211,16.1,-9999,Esperance,-35996.4,MURAT_202002_MRE,9,September,25.7,19.0,24.6
2020-09-01T01:00:00Z,1.369,16.1,-9999,Esperance,-35996.4,MURAT_202002_MRE,9,September,25.7,19.0,24.6
2020-09-01T02:00:00Z,1.436,16.2,-9999,Esperance,-35996.4,MURAT_202002_MRE,9,September,25.7,19.0,24.6
2020-09-01T03:00:00Z,1.419,16.1,-9999,Esperance,-35996.4,MURAT_202002_MRE,9,September,25.7,19.0,24.6
2020-09-01T04:00:00Z,1.417,16.1,-9999,Esperance,-35996.4,MURAT_202002_MRE,9,September,25.7,19.0,24.6
2020-09-01T05:00:00Z,1.263,16.2,-9999,Esperance,-35996.4,MURAT_202002_MRE,9,September,25.7,19.0,24.6
2020-09-01T06:00:00Z,1.103,16.2,-9999,Esperance,-35996.4,MURAT_202002_MRE,9,September,25.7,19.0,24.6
2020-09-01T07:00:00Z,1.013,16.2,-9999,Esperance,-35996.4,MURAT_202002_MRE,9,September,25.7,19.0,24.6
2020-09-01T08:00:00Z,0.872,16.2,-9999,Esperance,-35996.4,MURAT_202002_MRE,9,September,25.7,19.0,24.6
2020-09-01T09:00:00Z,0.757,16.2,-9999,Esperance,-35996.4,MURAT_202002_MRE,9,September,25.7,19.0,24.6
2020-09-01T10:00:00Z,0.774,16.1,-9999,Esperance,-35996.4,MURAT_202002_MRE,9,September,25.7,19.0,24.6
2020-09-01T11:00:00Z,0.825,16.2,-9999,Esperance,-35996.4,MURAT_202002_MRE,9,September,25.7,19.0,24.6
2020-09-01T12:00:00Z,0.893,16.2,-9999,Esperance,-35996.4,MURAT_202002_MRE,9,September,25.7,19.0,24.6
2020-09-01T13:00:00Z,1.015,16.1,-9999,Esperance,-35996.4,MURAT_202002_MRE,9,September,25.7,19.0,24.6
2020-09-01T14:00:00Z,1.066,16.1,-9999,Esperance,-35996.4,MURAT_202002_MRE,9,September,25.7,19.0,24.6
2020-09-01T15:00:00Z,1.127,16.1,-9999,Esperance,-35996.4,MURAT_202002_MRE,9,September,25.7,19.0,24.6
2020-09-01T16:00:00Z,1.119,16.1,-9999,Esperance,-35996.4,MURAT_202002_MRE,9,September,25.7,19.0,24.6
2020-09-01T17:00:00Z,1.021,16.1,-9999,Esperance,-35996.4,MURAT_202002_MRE,9,September,25.7,19.0,24.6
2020-09-01T18:00:00Z,0.973,16,-9999,Esperance,-35996.4,MURAT_202002_MRE,9,September,25.7,19.0,24.6
2020-09-01T19:00:00Z,0.895,16,-9999,Esperance,-35996.4,MURAT_202002_MRE,9,September,25.7,19.0,24.6
2020-09-01T20:00:00Z,0.832,16,-9999,Esperance,-35996.4,MURAT_202002_MRE,9,September,25.7,19.0,24.6
2020-09-01T21:00:00Z,0.866,15.9,-9999,Esperance,-35996.4,MURAT_202002_MRE,9,September,25.7,19.0,24.6
2020-09-01T22:00:00Z,0.975,16,-9999,Esperance,-35996.4,MURAT_202002_MRE,9,September,25.7,19.0,24.6
2020-09-01T23:00:00Z,1.085,16,-9999,Esperance,-35996.4,MURAT_202002_MRE,9,September,25.7,19.0,24.6
2020-09-02T00:00:00Z,1.247,16,-9999,Esperance,-35996.4,MURAT_202002_MRE,9,September,25.7,19.0,24.6
2020-09-02T01:00:00Z,1.368,15.9,-9999,Esperance,-35996.4,MURAT_202002_MRE,9,September,25.7,19.0,24.6
2020-09-02T02:00:00Z,1.473,16,-9999,Esperance,-35996.4,MURAT_202002_MRE,9,September,25.7,19.0,24.6
2020-09-02T03:00:00Z,1.528,16,-9999,Esperance,-35996.4,MURAT_202002_MRE,9,September,25.7,19.0,24.6
2020-09-02T04:00:00Z,1.459,16,-9999,Esperance,-35996.4,MURAT_202002_MRE,9,September,25.7,19.0,24.6
2020-09-02T05:00:00Z,1.357,16,-9999,Esperance,-35996.4,MURAT_202002_MRE,9,September,25.7,19.0,24.6
2020-09-02T06:00:00Z,1.228,16,-9999,Esperance,-35996.4,MURAT_202002_MRE,9,September,25.7,19.0,24.6
2020-09-02T07:00:00Z,1.088,16,-9999,Esperance,-35996.4,MURAT_202002_MRE,9,September,25.7,19.0,24.6
2020-09-02T08:00:00Z,0.934,16,-9999,Esperance,-35996.4,MURAT_202002_MRE,9,September,25.7,19.0,24.6
2020-09-02T09:00:00Z,0.801,16,-9999,Esperance,-35996.4,MURAT_202002_MRE,9,September,25.7,19.0,24.6
2020-09-02T10:00:00Z,0.8,16,-9999,Esperance,-35996.4,MURAT_202002_MRE,9,September,25.7,19.0,24.6
2020-09-02T11:00:00Z,0.809,15.9,-9999,Esperance,-35996.4,MURAT_202002_MRE,9,September,25.7,19.0,24.6
2020-09-02T12:00:00Z,0.891,15.9,-9999,Esperance,-35996.4,MURAT_202002_MRE,9,September,25.7,19.0,24.6
2020-09-02T13:00:00Z,1.011,16,-9999,Esperance,-35996.4,MURAT_202002_MRE,9,September,25.7,19.0,24.6
2020-09-02T14:00:00Z,1.061,16,-9999,Esperance,-35996.4,MURAT_202002_MRE,9,September,25.7,19.0,24.6
2020-09-02T15:00:00Z,1.094,16,-9999,Esperance,-35996.4,MURAT_202002_MRE,9,September,25.7,19.0,24.6
2020-09-02T16:00:00Z,1.104,16,-9999,Esperance,-35996.4,MURAT_202002_MRE,9,September,25.7,19.0,24.6
2020-09-02T17:00:00Z,1,15.9,-9999,Esperance,-35996.4,MURAT_202002_MRE,9,September,25.7,19.0,24.6
2020-09-02T18:00:00Z,0.934,15.9,-9999,Esperance,-35996.4,MURAT_202002_MRE,9,September,25.7,19.0,24.6
2020-09-02T19:00:00Z,0.808,15.9,-9999,Esperance,-35996.4,MURAT_202002_MRE,9,September,25.7,19.0,24.6
2020-09-02T20:00:00Z,0.747,15.9,-9999,Esperance,-35996.4,MURAT_202002_MRE,9,September,25.7,19.0,24.6
2020-09-02T21:00:00Z,0.705,15.9,-9999,Esperance,-35996.4,MURAT_202002_MRE,9,September,25.7,19.0,24.6
2020-09-02T22:00:00Z,0.75,15.9,-9999,Esperance,-35996.4,MURAT_202002_MRE,9,September,25.7,19.0,24.6
2020-09-02T23:00:00Z,0.906,15.9,-9999,Esperance,-35996.4,MURAT_202002_MRE,9,September,25.7,19.0,24.6
2020-09-03T00:00:00Z,1.02,15.9,-9999,Esperance,-35996.4,MURAT_202002_MRE,9,September,25.7,19.0,24.6
2020-09-03T01:00:00Z,1.149,15.8,-9999,Esperance,-35996.4,MURAT_202002_MRE,9,September,25.7,19.0,24.6
2020-09-03T02:00:00Z,1.289,15.9,-9999,Esperance,-35996.4,MURAT_202002_MRE,9,September,25.7,19.0,24.6
2020-09-03T03:00:00Z,1.32,15.9,-9999,Esperance,-35996.4,MURAT_202002_MRE,9,September,25.7,19.0,24.6
2020-09-03T04:00:00Z,1.302,15.9,-9999,Esperance,-35996.4,MURAT_202002_MRE,9,September,25.7,19.0,24.6
2020-09-03T05:00:00Z,1.185,15.9,-9999,Esperance,-35996.4,MURAT_202002_MRE,9,September,25.7,19.0,24.6
2020-09-03T06:00:00Z,1.09,15.9,-9999,Esperance,-35996.4,MURAT_202002_MRE,9,September,25.7,19.0,24.6
2020-09-03T07:00:00Z,0.905,15.9,-9999,Esperance,-35996.4,MURAT_202002_MRE,9,September,25.7,19.0,24.6
2020-09-03T08:00:00Z,0.768,15.9,-9999,Esperance,-35996.4,MURAT_202002_MRE,9,September,25.7,19.0,24.6
2020-09-03T09:00:00Z,0.686,15.9,-9999,Esperance,-35996.4,MURAT_202002_MRE,9,September,25.7,19.0,24.6
2020-09-03T10:00:00Z,0.608,15.9,-9999,Esperance,-35996.4,MURAT_202002_MRE,9,September,25.7,19.0,24.6
2020-09-03T11:00:00Z,0.659,15.9,-9999,Esperance,-35996.4,MURAT_202002_MRE,9,September,25.7,19.0,24.6
2020-09-03T12:00:00Z,0.771,15.9,-9999,Esperance,-35996.4,MURAT_202002_MRE,9,September,25.7,19.0,24.6
2020-09-03T13:00:00Z,0.828,15.9,-9999,Esperance,-35996.4,MURAT_202002_MRE,9,September,25.7,19.0,24.6
2020-09-03T14:00:00Z,0.961,15.9,-9999,Esperance,-35996.4,MURAT_202002_MRE,9,September,25.7,19.0,24.6
2020-09-03T15:00:00Z,1.007,15.9,-9999,Esperance,-35996.4,MURAT_202002_MRE,9,September,25.7,19.0,24.6
2020-09-03T16:00:00Z,1.01,15.9,-9999,Esperance,-35996.4,MURAT_202002_MRE,9,September,25.7,19.0,24.6
2020-09-03T17:00:00Z,0.973,15.9,-9999,Esperance,-35996.4,MURAT_202002_MRE,9,September,25.7,19.0,24.6
2020-09-03T18:00:00Z,0.874,15.9,-9999,Esperance,-35996.4,MURAT_202002_MRE,9,September,25.7,19.0,24.6
2020-09-03T19:00:00Z,0.773,15.9,-9999,Esperance,-35996.4,MURAT_202002_MRE,9,September,25.7,19.0,24.6
2020-09-03T20:00:00Z,0.681,15.9,-9999,Esperance,-35996.4,MURAT_202002_MRE,9,September,25.7,19.0,24.6
2020-09-03T21:00:00Z,0.643,15.9,-9999,Esperance,-35996.4,MURAT_202002_MRE,9,September,25.7,19.0,24.6
2020-09-03T22:00:00Z,0.669,15.9,-9999,Esperance,-35996.4,MURAT_202002_MRE,9,September,25.7,19.0,24.6
2020-09-03T23:00:00Z,0.737,15.9,-9999,Esperance,-35996.4,MURAT_202002_MRE,9,September,25.7,19.0,24.6
2020-09-04T00:00:00Z,0.876,15.8,-9999,Esperance,-35996.4,MURAT_202002_MRE,9,September,25.7,19.0,24.6
2020-09-04T01:00:00Z,1.028,15.9,-9999,Esperance,-35996.4,MURAT_202002_MRE,9,September,25.7,19.0,24.6
2020-09-04T02:00:00Z,1.149,15.9,-9999,Esperance,-35996.4,MURAT_202002_MRE,9,September,25.7,19.0,24.6
2020-09-04T03:00:00Z,1.218,16,-9999,Esperance,-35996.4,MURAT_202002_MRE,9,September,25.7,19.0,24.6
2020-09-04T04:00:00Z,1.206,16.1,-9999,Esperance,-35996.4,MURAT_202002_MRE,9,September,25.7,19.0,24.6
2020-09-04T05:00:00Z,1.125,16.1,-9999,Esperance,-35996.4,MURAT_202002_MRE,9,September,25.7,19.0,24.6
2020-09-04T06:00:00Z,0.998,16.1,-9999,Esperance,-35996.4,MURAT_202002_MRE,9,September,25.7,19.0,24.6
2020-09-04T07:00:00Z,0.886,16.1,-9999,Esperance,-35996.4,MURAT_202002_MRE,9,September,25.7,19.0,24.6
2020-09-04T08:00:00Z,0.736,16.2,-9999,Esperance,-35996.4,MURAT_202002_MRE,9,September,25.7,19.0,24.6
2020-09-04T09:00:00Z,0.626,16.1,-9999,Esperance,-35996.4,MURAT_202002_MRE,9,September,25.7,19.0,24.6
2020-09-04T10:00:00Z,0.595,16.2,-9999,Esperance,-35996.4,MURAT_202002_MRE,9,September,25.7,19.0,24.6
2020-09-04T11:00:00Z,0.639,16.2,-9999,Esperance,-35996.4,MURAT_202002_MRE,9,September,25.7,19.0,24.6
2020-09-04T12:00:00Z,0.727,16.2,-9999,Esperance,-35996.4,MURAT_202002_MRE,9,September,25.7,19.0,24.6
2020-09-04T13:00:00Z,0.842,16.2,-9999,Esperance,-35996.4,MURAT_202002_MRE,9,September,25.7,19.0,24.6
2020-09-04T14:00:00Z,0.945,16.2,-9999,Esperance,-35996.4,MURAT_202002_MRE,9,September,25.7,19.0,24.6
2020-09-04T15:00:00Z,1.005,16.2,-9999,Esperance,-35996.4,MURAT_202002_MRE,9,September,25.7,19.0,24.6
2020-09-04T16:00:00Z,1.032,16.2,-9999,Esperance,-35996.4,MURAT_202002_MRE,9,September,25.7,19.0,24.6
2020-09-04T17:00:00Z,1.008,16.2,-9999,Esperance,-35996.4,MURAT_202002_MRE,9,September,25.7,19.0,24.6
2020-09-04T18:00:00Z,0.899,16.2,-9999,Esperance,-35996.4,MURAT_202002_MRE,9,September,25.7,19.0,24.6
2020-09-04T19:00:00Z,0.8,16.2,-9999,Esperance,-35996.4,MURAT_202002_MRE,9,September,25.7,19.0,24.6
2020-09-04T20:00:00Z,0.693,16.2,-9999,Esperance,-35996.4,MURAT_202002_MRE,9,September,25.7,19.0,24.6
2020-09-04T21:00:00Z,0.619,16.2,-9999,Esperance,-35996.4,MURAT_202002_MRE,9,September,25.7,19.0,24.6
2020-09-04T22:00:00Z,0.632,16.1,-9999,Esperance,-35996.4,MURAT_202002_MRE,9,September,25.7,19.0,24.6
2020-09-04T23:00:00Z,0.648,16.1,-9999,Esperance,-35996.4,MURAT_202002_MRE,9,September,25.7,19.0,24.6
2020-09-05T00:00:00Z,0.781,16.1,-9999,Esperance,-35996.4,MURAT_202002_MRE,9,September,25.7,19.0,24.6
2020-09-05T01:00:00Z,0.948,16.2,-9999,Esperance,-35996.4,MURAT_202002_MRE,9,September,25.7,19.0,24.6
2020-09-05T02:00:00Z,1.066,16.1,-9999,Esperance,-35996.4,MURAT_202002_MRE,9,September,25.7,19.0,24.6
2020-09-05T03:00:00Z,1.159,16.3,-9999,Esperance,-35996.4,MURAT_202002_MRE,9,September,25.7,19.0,24.6
2020-09-05T04:00:00Z,1.174,16.6,-9999,Esperance,-35996.4,MURAT_202002_MRE,9,September,25.7,19.0,24.6
2020-09-05T05:00:00Z,1.113,16.6,-9999,Esperance,-35996.4,MURAT_202002_MRE,9,September,25.7,19.0,24.6
2020-09-05T06:00:00Z,1.052,16.6,-9999,Esperance,-35996.4,MURAT_202002_MRE,9,September,25.7,19.0,24.6
2020-09-05T07:00:00Z,0.93,16.7,-9999,Esperance,-35996.4,MURAT_202002_MRE,9,September,25.7,19.0,24.6
2020-09-05T08:00:00Z,0.782,16.7,-9999,Esperance,-35996.4,MURAT_202002_MRE,9,September,25.7,19.0,24.6
2020-09-05T09:00:00Z,0.702,16.9,-9999,Esperance,-35996.4,MURAT_202002_MRE,9,September,25.7,19.0,24.6
2020-09-05T10:00:00Z,0.659,16.9,-9999,Esperance,-35996.4,MURAT_202002_MRE,9,September,25.7,19.0,24.6
2020-09-05T11:00:00Z,0.679,16.9,-9999,Esperance,-35996.4,MURAT_202002_MRE,9,September,25.7,19.0,24.6
2020-09-05T12:00:00Z,0.753,16.9,-9999,Esperance,-35996.4,MURAT_202002_MRE,9,September,25.7,19.0,24.6
2020-09-05T13:00:00Z,0.896,16.9,-9999,Esperance,-35996.4,MURAT_202002_MRE,9,September,25.7,19.0,24.6
2020-09-05T14:00:00Z,1.005,16.9,-9999,Esperance,-35996.4,MURAT_202002_MRE,9,September,25.7,19.0,24.6
2020-09-05T15:00:00Z,1.117,16.9,-9999,Esperance,-35996.4,MURAT_202002_MRE,9,September,25.7,19.0,24.6
2020-09-05T16:00:00Z,1.139,16.9,-9999,Esperance,-35996.4,MURAT_202002_MRE,9,September,25.7,19.0,24.6
2020-09-05T17:00:00Z,1.126,16.8,-9999,Esperance,-35996.4,MURAT_202002_MRE,9,September,25.7,19.0,24.6
2020-09-05T18:00:00Z,1.042,16.8,-9999,Esperance,-35996.4,MURAT_202002_MRE,9,September,25.7,19.0,24.6
2020-09-05T19:00:00Z,0.94,16.8,-9999,Esperance,-35996.4,MURAT_202002_MRE,9,September,25.7,19.0,24.6
2020-09-05T20:00:00Z,0.865,16.8,-9999,Esperance,-35996.4,MURAT_202002_MRE,9,September,25.7,19.0,24.6
2020-09-05T21:00:00Z,0.754,16.8,-9999,Esperance,-35996.4,MURAT_202002_MRE,9,September,25.7,19.0,24.6
2020-09-05T22:00:00Z,0.747,16.8,-9999,Esperance,-35996.4,MURAT_202002_MRE,9,September,25.7,19.0,24.6
2020-09-05T23:00:00Z,0.767,16.8,-9999,Esperance,-35996.4,MURAT_202002_MRE,9,September,25.7,19.0,24.6
2020-09-06T00:00:00Z,0.819,16.8,-9999,Esperance,-35996.4,MURAT_202002_MRE,9,September,25.7,19.0,24.6
2020-09-06T01:00:00Z,0.98,16.8,-9999,Esperance,-35996.4,MURAT_202002_MRE,9,September,25.7,19.0,24.6
2020-09-06T02:00:00Z,1.094,16.8,-9999,Esperance,-35996.4,MURAT_202002_MRE,9,September,25.7,19.0,24.6
2020-09-06T03:00:00Z,1.182,16.8,-9999,Esperance,-35996.4,MURAT_202002_MRE,9,September,25.7,19.0,24.6
2020-09-06T04:00:00Z,1.244,16.8,-9999,Esperance,-35996.4,MURAT_202002_MRE,9,September,25.7,19.0,24.6
2020-09-06T05:00:00Z,1.202,16.8,-9999,Esperance,-35996.4,MURAT_202002_MRE,9,September,25.7,19.0,24.6
2020-09-06T06:00:00Z,1.159,16.8,-9999,Esperance,-35996.4,MURAT_202002_MRE,9,September,25.7,19.0,24.6
2020-09-06T07:00:00Z,1.025,16.8,-9999,Esperance,-35996.4,MURAT_202002_MRE,9,September,25.7,19.0,24.6
2020-09-06T08:00:00Z,0.918,16.8,-9999,Esperance,-35996.4,MURAT_202002_MRE,9,September,25.7,19.0,24.6
2020-09-06T09:00:00Z,0.865,16.8,-9999,Esperance,-35996.4,MURAT_202002_MRE,9,September,25.7,19.0,24.6
2020-09-06T10:00:00Z,0.867,16.8,-9999,Esperance,-35996.4,MURAT_202002_MRE,9,September,25.7,19.0,24.6
2020-09-06T11:00:00Z,0.808,16.8,-9999,Esperance,-35996.4,MURAT_202002_MRE,9,September,25.7,19.0,24.6
2020-09-06T12:00:00Z,0.976,16.8,-9999,Esperance,-35996.4,MURAT_202002_MRE,9,September,25.7,19.0,24.6
2020-09-06T13:00:00Z,1.021,16.8,-9999,Esperance,-35996.4,MURAT_202002_MRE,9,September,25.7,19.0,24.6
2020-09-06T14:00:00Z,1.184,16.7,-9999,Esperance,-35996.4,MURAT_202002_MRE,9,September,25.7,19.0,24.6
2020-09-06T15:00:00Z,1.271,16.7,-9999,Esperance,-35996.4,MURAT_202002_MRE,9,September,25.7,19.0,24.6
2020-09-06T16:00:00Z,1.353,16.7,-9999,Esperance,-35996.4,MURAT_202002_MRE,9,September,25.7,19.0,24.6
2020-09-06T17:00:00Z,1.316,16.7,-9999,Esperance,-35996.4,MURAT_202002_MRE,9,September,25.7,19.0,24.6
2020-09-06T18:00:00Z,1.265,16.7,-9999,Esperance,-35996.4,MURAT_202002_MRE,9,September,25.7,19.0,24.6
2020-09-06T19:00:00Z,1.188,16.7,-9999,Esperance,-35996.4,MURAT_202002_MRE,9,September,25.7,19.0,24.6
2020-09-06T20:00:00Z,1.059,16.7,-9999,Esperance,-35996.4,MURAT_202002_MRE,9,September,25.7,19.0,24.6
2020-09-06T21:00:00Z,0.971,16.7,-9999,Esperance,-35996.4,MURAT_202002_MRE,9,September,25.7,19.0,24.6
2020-09-06T22:00:00Z,0.941,16.6,-9999,Esperance,-35996.4,MURAT_202002_MRE,9,September,25.7,19.0,24.6
2020-09-06T23:00:00Z,0.888,16.6,-9999,Esperance,-35996.4,MURAT_202002_MRE,9,September,25.7,19.0,24.6
2020-09-07T00:00:00Z,0.921,16.6,-9999,Esperance,-35996.4,MURAT_202002_MRE,9,September,25.7,19.0,24.6
2020-09-07T01:00:00Z,1.009,16.6,-9999,Esperance,-35996.4,MURAT_202002_MRE,9,September,25.7,19.0,24.6
2020-09-07T02:00:00Z,1.107,16.6,-9999,Esperance,-35996.4,MURAT_202002_MRE,9,September,25.7,19.0,24.6
2020-09-07T03:00:00Z,1.161,16.6,-9999,Esperance,-35996.4,MURAT_202002_MRE,9,September,25.7,19.0,24.6
2020-09-07T04:00:00Z,1.223,16.7,-9999,Esperance,-35996.4,MURAT_202002_MRE,9,September,25.7,19.0,24.6
2020-09-07T05:00:00Z,1.165,16.7,-9999,Esperance,-35996.4,MURAT_202002_MRE,9,September,25.7,19.0,24.6
2020-09-07T06:00:00Z,1.119,16.7,-9999,Esperance,-35996.4,MURAT_202002_MRE,9,September,25.7,19.0,24.6
2020-09-07T07:00:00Z,1.032,16.7,-9999,Esperance,-35996.4,MURAT_202002_MRE,9,September,25.7,19.0,24.6
2020-09-07T08:00:00Z,0.907,16.7,-9999,Esperance,-35996.4,MURAT_202002_MRE,9,September,25.7,19.0,24.6
2020-09-07T09:00:00Z,0.829,16.7,-9999,Esperance,-35996.4,MURAT_202002_MRE,9,September,25.7,19.0,24.6
2020-09-07T10:00:00Z,0.791,16.7,-9999,Esperance,-35996.4,MURAT_202002_MRE,9,September,25.7,19.0,24.6
2020-09-07T11:00:00Z,0.781,16.7,-9999,Esperance,-35996.4,MURAT_202002_MRE,9,September,25.7,19.0,24.6
2020-09-07T12:00:00Z,0.84,16.7,-9999,Esperance,-35996.4,MURAT_202002_MRE,9,September,25.7,19.0,24.6
2020-09-07T13:00:00Z,0.916,16.7,-9999,Esperance,-35996.4,MURAT_202002_MRE,9,September,25.7,19.0,24.6
2020-09-07T14:00:00Z,1.053,16.7,-9999,Esperance,-35996.4,MURAT_202002_MRE,9,September,25.7,19.0,24.6
2020-09-07T15:00:00Z,1.101,16.7,-9999,Esperance,-35996.4,MURAT_202002_MRE,9,September,25.7,19.0,24.6
2020-09-07T16:00:00Z,1.18,16.6,-9999,Esperance,-35996.4,MURAT_202002_MRE,9,September,25.7,19.0,24.6
2020-09-07T17:00:00Z,1.168,16.6,-9999,Esperance,-35996.4,MURAT_202002_MRE,9,September,25.7,19.0,24.6
2020-09-07T18:00:00Z,1.127,16.6,-9999,Esperance,-35996.4,MURAT_202002_MRE,9,September,25.7,19.0,24.6
2020-09-07T19:00:00Z,1.063,16.6,-9999,Esperance,-35996.4,MURAT_202002_MRE,9,September,25.7,19.0,24.6
2020-09-07T20:00:00Z,0.953,16.6,-9999,Esperance,-35996.4,MURAT_202002_MRE,9,September,25.7,19.0,24.6
2020-09-07T21:00:00Z,0.884,16.6,-9999,Esperance,-35996.4,MURAT_202002_MRE,9,September,25.7,19.0,24.6
2020-09-07T22:00:00Z,0.828,16.6,-9999,Esperance,-35996.4,MURAT_202002_MRE,9,September,25.7,19.0,24.6
2020-09-07T23:00:00Z,0.767,16.6,-9999,Esperance,-35996.4,MURAT_202002_MRE,9,September,25.7,19.0,24.6
2020-09-08T00:00:00Z,0.799,16.6,-9999,Esperance,-35996.4,MURAT_202002_MRE,9,September,25.7,19.0,24.6
2020-09-08T01:00:00Z,0.797,16.6,-9999,Esperance,-35996.4,MURAT_202002_MRE,9,September,25.7,19.0,24.6
2020-09-08T02:00:00Z,0.856,16.6,-9999,Esperance,-35996.4,MURAT_202002_MRE,9,September,25.7,19.0,24.6
2020-09-08T03:00:00Z,0.931,16.6,-9999,Esperance,-35996.4,MURAT_202002_MRE,9,September,25.7,19.0,24.6
2020-09-08T04:00:00Z,0.939,16.6,-9999,Esperance,-35996.4,MURAT_202002_MRE,9,September,25.7,19.0,24.6
2020-09-08T05:00:00Z,0.914,16.6,-9999,Esperance,-35996.4,MURAT_202002_MRE,9,September,25.7,19.0,24.6
2020-09-08T06:00:00Z,0.898,16.7,-9999,Esperance,-35996.4,MURAT_202002_MRE,9,September,25.7,19.0,24.6
2020-09-08T07:00:00Z,0.791,16.7,-9999,Esperance,-35996.4,MURAT_202002_MRE,9,September,25.7,19.0,24.6
2020-09-08T08:00:00Z,0.699,16.7,-9999,Esperance,-35996.4,MURAT_202002_MRE,9,September,25.7,19.0,24.6
2020-09-08T09:00:00Z,0.653,16.7,-9999,Esperance,-35996.4,MURAT_202002_MRE,9,September,25.7,19.0,24.6
2020-09-08T10:00:00Z,0.614,16.8,-9999,Esperance,-35996.4,MURAT_202002_MRE,9,September,25.7,19.0,24.6
2020-09-08T11:00:00Z,0.622,16.8,-9999,Esperance,-35996.4,MURAT_202002_MRE,9,September,25.7,19.0,24.6
2020-09-08T12:00:00Z,0.697,16.8,-9999,Esperance,-35996.4,MURAT_202002_MRE,9,September,25.7,19.0,24.6
2020-09-08T13:00:00Z,0.756,16.7,-9999,Esperance,-35996.4,MURAT_202002_MRE,9,September,25.7,19.0,24.6
2020-09-08T14:00:00Z,0.875,16.7,-9999,Esperance,-35996.4,MURAT_202002_MRE,9,September,25.7,19.0,24.6
2020-09-08T15:00:00Z,0.983,16.7,-9999,Esperance,-35996.4,MURAT_202002_MRE,9,September,25.7,19.0,24.6
2020-09-08T16:00:00Z,1.065,16.7,-9999,Esperance,-35996.4,MURAT_202002_MRE,9,September,25.7,19.0,24.6
2020-09-08T17:00:00Z,1.063,16.7,-9999,Esperance,-35996.4,MURAT_202002_MRE,9,September,25.7,19.0,24.6
2020-09-08T18:00:00Z,1.045,16.6,-9999,Esperance,-35996.4,MURAT_202002_MRE,9,September,25.7,19.0,24.6
2020-09-08T19:00:00Z,1.005,16.6,-9999,Esperance,-35996.4,MURAT_202002_MRE,9,September,25.7,19.0,24.6
2020-09-08T20:00:00Z,0.913,16.6,-9999,Esperance,-35996.4,MURAT_202002_MRE,9,September,25.7,19.0,24.6
2020-09-08T21:00:00Z,0.828,16.6,-9999,Esperance,-35996.4,MURAT_202002_MRE,9,September,25.7,19.0,24.6
2020-09-08T22:00:00Z,0.792,16.5,-9999,Esperance,-35996.4,MURAT_202002_MRE,9,September,25.7,19.0,24.6
2020-09-08T23:00:00Z,0.731,16.5,-9999,Esperance,-35996.4,MURAT_202002_MRE,9,September,25.7,19.0,24.6
2020-09-09T00:00:00Z,0.689,16.5,-9999,Esperance,-35996.4,MURAT_202002_MRE,9,September,25.7,19.0,24.6
2020-09-09T01:00:00Z,0.681,16.3,-9999,Esperance,-35996.4,MURAT_202002_MRE,9,September,25.7,19.0,24.6
2020-09-09T02:00:00Z,0.766,16.3,-9999,Esperance,-35996.4,MURAT_202002_MRE,9,September,25.7,19.0,24.6
2020-09-09T03:00:00Z,0.804,16.4,-9999,Esperance,-35996.4,MURAT_202002_MRE,9,September,25.7,19.0,24.6
2020-09-09T04:00:00Z,0.82,16.5,-9999,Esperance,-35996.4,MURAT_202002_MRE,9,September,25.7,19.0,24.6
2020-09-09T05:00:00Z,0.802,16.6,-9999,Esperance,-35996.4,MURAT_202002_MRE,9,September,25.7,19.0,24.6
2020-09-09T06:00:00Z,0.808,16.7,-9999,Esperance,-35996.4,MURAT_202002_MRE,9,September,25.7,19.0,24.6
2020-09-09T07:00:00Z,0.756,16.7,-9999,Esperance,-35996.4,MURAT_202002_MRE,9,September,25.7,19.0,24.6
2020-09-09T08:00:00Z,0.692,16.9,-9999,Esperance,-35996.4,MURAT_202002_MRE,9,September,25.7,19.0,24.6
2020-09-09T09:00:00Z,0.666,16.8,-9999,Esperance,-35996.4,MURAT_202002_MRE,9,September,25.7,19.0,24.6
2020-09-09T10:00:00Z,0.642,16.8,-9999,Esperance,-35996.4,MURAT_202002_MRE,9,September,25.7,19.0,24.6
2020-09-09T11:00:00Z,0.674,16.8,-9999,Esperance,-35996.4,MURAT_202002_MRE,9,September,25.7,19.0,24.6
2020-09-09T12:00:00Z,0.747,16.8,-9999,Esperance,-35996.4,MURAT_202002_MRE,9,September,25.7,19.0,24.6
2020-09-09T13:00:00Z,0.801,16.8,-9999,Esperance,-35996.4,MURAT_202002_MRE,9,September,25.7,19.0,24.6
2020-09-09T14:00:00Z,0.933,16.8,-9999,Esperance,-35996.4,MURAT_202002_MRE,9,September,25.7,19.0,24.6
2020-09-09T15:00:00Z,1.018,16.8,-9999,Esperance,-35996.4,MURAT_202002_MRE,9,September,25.7,19.0,24.6
2020-09-09T16:00:00Z,1.091,16.8,-9999,Esperance,-35996.4,MURAT_202002_MRE,9,September,25.7,19.0,24.6
2020-09-09T17:00:00Z,1.133,16.8,-9999,Esperance,-35996.4,MURAT_202002_MRE,9,September,25.7,19.0,24.6
2020-09-09T18:00:00Z,1.138,16.8,-9999,Esperance,-35996.4,MURAT_202002_MRE,9,September,25.7,19.0,24.6
2020-09-09T19:00:00Z,1.135,16.8,-9999,Esperance,-35996.4,MURAT_202002_MRE,9,September,25.7,19.0,24.6
2020-09-09T20:00:00Z,1.086,16.8,-9999,Esperance,-35996.4,MURAT_202002_MRE,9,September,25.7,19.0,24.6
2020-09-09T21:00:00Z,1.038,16.7,-9999,Esperance,-35996.4,MURAT_202002_MRE,9,September,25.7,19.0,24.6
2020-09-09T22:00:00Z,1.012,16.7,-9999,Esperance,-35996.4,MURAT_202002_MRE,9,September,25.7,19.0,24.6
2020-09-09T23:00:00Z,1.013,16.7,-9999,Esperance,-35996.4,MURAT_202002_MRE,9,September,25.7,19.0,24.6
2020-09-10T00:00:00Z,0.976,16.7,-9999,Esperance,-35996.4,MURAT_202002_MRE,9,September,25.7,19.0,24.6
2020-09-10T01:00:00Z,0.953,16.7,-9999,Esperance,-35996.4,MURAT_202002_MRE,9,September,25.7,19.0,24.6
2020-09-10T02:00:00Z,0.994,16.7,-9999,Esperance,-35996.4,MURAT_202002_MRE,9,September,25.7,19.0,24.6
2020-09-10T03:00:00Z,0.984,16.7,-9999,Esperance,-35996.4,MURAT_202002_MRE,9,September,25.7,19.0,24.6
2020-09-10T04:00:00Z,0.944,16.7,-9999,Esperance,-35996.4,MURAT_202002_MRE,9,September,25.7,19.0,24.6
2020-09-10T05:00:00Z,0.938,16.7,-9999,Esperance,-35996.4,MURAT_202002_MRE,9,September,25.7,19.0,24.6
2020-09-10T06:00:00Z,0.891,16.7,-9999,Esperance,-35996.4,MURAT_202002_MRE,9,September,25.7,19.0,24.6
2020-09-10T07:00:00Z,0.804,16.7,-9999,Esperance,-35996.4,MURAT_202002_MRE,9,September,25.7,19.0,24.6
2020-09-10T08:00:00Z,0.748,16.7,-9999,Esperance,-35996.4,MURAT_202002_MRE,9,September,25.7,19.0,24.6
2020-09-10T09:00:00Z,0.731,16.7,-9999,Esperance,-35996.4,MURAT_202002_MRE,9,September,25.7,19.0,24.6
2020-09-10T10:00:00Z,0.687,16.7,-9999,Esperance,-35996.4,MURAT_202002_MRE,9,September,25.7,19.0,24.6
2020-09-10T11:00:00Z,0.705,16.7,-9999,Esperance,-35996.4,MURAT_202002_MRE,9,September,25.7,19.0,24.6
2020-09-10T12:00:00Z,0.78,16.7,-9999,Esperance,-35996.4,MURAT_202002_MRE,9,September,25.7,19.0,24.6
2020-09-10T13:00:00Z,0.82,16.7,-9999,Esperance,-35996.4,MURAT_202002_MRE,9,September,25.7,19.0,24.6
2020-09-10T14:00:00Z,0.878,16.7,-9999,Esperance,-35996.4,MURAT_202002_MRE,9,September,25.7,19.0,24.6
2020-09-10T15:00:00Z,0.973,16.7,-9999,Esperance,-35996.4,MURAT_202002_MRE,9,September,25.7,19.0,24.6
2020-09-10T16:00:00Z,1.013,16.7,-9999,Esperance,-35996.4,MURAT_202002_MRE,9,September,25.7,19.0,24.6
2020-09-10T17:00:00Z,1.049,16.7,-9999,Esperance,-35996.4,MURAT_202002_MRE,9,September,25.7,19.0,24.6
2020-09-10T18:00:00Z,1.075,16.7,-9999,Esperance,-35996.4,MURAT_202002_MRE,9,September,25.7,19.0,24.6
2020-09-10T19:00:00Z,1.064,16.6,-9999,Esperance,-35996.4,MURAT_202002_MRE,9,September,25.7,19.0,24.6
2020-09-10T20:00:00Z,1.047,16.6,-9999,Esperance,-35996.4,MURAT_202002_MRE,9,September,25.7,19.0,24.6
2020-09-10T21:00:00Z,1.044,16.6,-9999,Esperance,-35996.4,MURAT_202002_MRE,9,September,25.7,19.0,24.6
2020-09-10T22:00:00Z,1.011,16.6,-9999,Esperance,-35996.4,MURAT_202002_MRE,9,September,25.7,19.0,24.6
2020-09-10T23:00:00Z,1.008,16.6,-9999,Esperance,-35996.4,MURAT_202002_MRE,9,September,25.7,19.0,24.6
2020-09-11T00:00:00Z,0.981,16.6,-9999,Esperance,-35996.4,MURAT_202002_MRE,9,September,25.7,19.0,24.6
2020-09-11T01:00:00Z,0.95,16.6,-9999,Esperance,-35996.4,MURAT_202002_MRE,9,September,25.7,19.0,24.6
2020-09-11T02:00:00Z,0.916,16.7,-9999,Esperance,-35996.4,MURAT_202002_MRE,9,September,25.7,19.0,24.6
2020-09-11T03:00:00Z,0.894,16.8,-9999,Esperance,-35996.4,MURAT_202002_MRE,9,September,25.7,19.0,24.6
2020-09-11T04:00:00Z,0.823,16.8,-9999,Esperance,-35996.4,MURAT_202002_MRE,9,September,25.7,19.0,24.6
2020-09-11T05:00:00Z,0.761,16.9,-9999,Esperance,-35996.4,MURAT_202002_MRE,9,September,25.7,19.0,24.6
2020-09-11T06:00:00Z,0.709,16.9,-9999,Esperance,-35996.4,MURAT_202002_MRE,9,September,25.7,19.0,24.6
2020-09-11T07:00:00Z,0.657,17,-9999,Esperance,-35996.4,MURAT_202002_MRE,9,September,25.7,19.0,24.6
2020-09-11T08:00:00Z,0.6,17,-9999,Esperance,-35996.4,MURAT_202002_MRE,9,September,25.7,19.0,24.6
2020-09-11T09:00:00Z,0.591,17,-9999,Esperance,-35996.4,MURAT_202002_MRE,9,September,25.7,19.0,24.6
2020-09-11T10:00:00Z,0.592,17,-9999,Esperance,-35996.4,MURAT_202002_MRE,9,September,25.7,19.0,24.6
2020-09-11T11:00:00Z,0.638,17,-9999,Esperance,-35996.4,MURAT_202002_MRE,9,September,25.7,19.0,24.6
2020-09-11T12:00:00Z,0.704,17,-9999,Esperance,-35996.4,MURAT_202002_MRE,9,September,25.7,19.0,24.6
2020-09-11T13:00:00Z,0.77,16.9,-9999,Esperance,-35996.4,MURAT_202002_MRE,9,September,25.7,19.0,24.6
2020-09-11T14:00:00Z,0.82,16.9,-9999,Esperance,-35996.4,MURAT_202002_MRE,9,September,25.7,19.0,24.6
2020-09-11T15:00:00Z,0.87,16.9,-9999,Esperance,-35996.4,MURAT_202002_MRE,9,September,25.7,19.0,24.6
2020-09-11T16:00:00Z,0.91,16.8,-9999,Esperance,-35996.4,MURAT_202002_MRE,9,September,25.7,19.0,24.6
2020-09-11T17:00:00Z,0.929,16.8,-9999,Esperance,-35996.4,MURAT_202002_MRE,9,September,25.7,19.0,24.6
2020-09-11T18:00:00Z,0.927,16.8,-9999,Esperance,-35996.4,MURAT_202002_MRE,9,September,25.7,19.0,24.6
2020-09-11T19:00:00Z,0.924,16.8,-9999,Esperance,-35996.4,MURAT_202002_MRE,9,September,25.7,19.0,24.6
2020-09-11T20:00:00Z,0.938,16.8,-9999,Esperance,-35996.4,MURAT_202002_MRE,9,September,25.7,19.0,24.6
2020-09-11T21:00:00Z,0.964,16.7,-9999,Esperance,-35996.4,MURAT_202002_MRE,9,September,25.7,19.0,24.6
2020-09-11T22:00:00Z,0.973,16.7,-9999,Esperance,-35996.4,MURAT_202002_MRE,9,September,25.7,19.0,24.6
2020-09-11T23:00:00Z,1.003,16.7,-9999,Esperance,-35996.4,MURAT_202002_MRE,9,September,25.7,19.0,24.6
2020-09-12T00:00:00Z,1.008,16.7,-9999,Esperance,-35996.4,MURAT_202002_MRE,9,September,25.7,19.0,24.6
2020-09-12T01:00:00Z,0.976,16.7,-9999,Esperance,-35996.4,MURAT_202002_MRE,9,September,25.7,19.0,24.6
2020-09-12T02:00:00Z,0.934,16.8,-9999,Esperance,-35996.4,MURAT_202002_MRE,9,September,25.7,19.0,24.6
2020-09-12T03:00:00Z,0.87,16.8,-9999,Esperance,-35996.4,MURAT_202002_MRE,9,September,25.7,19.0,24.6
2020-09-12T04:00:00Z,0.744,16.8,-9999,Esperance,-35996.4,MURAT_202002_MRE,9,September,25.7,19.0,24.6
2020-09-12T05:00:00Z,0.641,16.9,-9999,Esperance,-35996.4,MURAT_202002_MRE,9,September,25.7,19.0,24.6
2020-09-12T06:00:00Z,0.572,16.9,-9999,Esperance,-35996.4,MURAT_202002_MRE,9,September,25.7,19.0,24.6
2020-09-12T07:00:00Z,0.512,16.9,-9999,Esperance,-35996.4,MURAT_202002_MRE,9,September,25.7,19.0,24.6
2020-09-12T08:00:00Z,0.436,17,-9999,Esperance,-35996.4,MURAT_202002_MRE,9,September,25.7,19.0,24.6
2020-09-12T09:00:00Z,0.438,17,-9999,Esperance,-35996.4,MURAT_202002_MRE,9,September,25.7,19.0,24.6
2020-09-12T10:00:00Z,0.487,17,-9999,Esperance,-35996.4,MURAT_202002_MRE,9,September,25.7,19.0,24.6
2020-09-12T11:00:00Z,0.526,17,-9999,Esperance,-35996.4,MURAT_202002_MRE,9,September,25.7,19.0,24.6
2020-09-12T12:00:00Z,0.584,17,-9999,Esperance,-35996.4,MURAT_202002_MRE,9,September,25.7,19.0,24.6
2020-09-12T13:00:00Z,0.683,17,-9999,Esperance,-35996.4,MURAT_202002_MRE,9,September,25.7,19.0,24.6
2020-09-12T14:00:00Z,0.685,16.9,-9999,Esperance,-35996.4,MURAT_202002_MRE,9,September,25.7,19.0,24.6
2020-09-12T15:00:00Z,0.741,16.9,-9999,Esperance,-35996.4,MURAT_202002_MRE,9,September,25.7,19.0,24.6
2020-09-12T16:00:00Z,0.792,16.9,-9999,Esperance,-35996.4,MURAT_202002_MRE,9,September,25.7,19.0,24.6
2020-09-12T17:00:00Z,0.753,16.9,-9999,Esperance,-35996.4,MURAT_202002_MRE,9,September,25.7,19.0,24.6
2020-09-12T18:00:00Z,0.769,16.9,-9999,Esperance,-35996.4,MURAT_202002_MRE,9,September,25.7,19.0,24.6
2020-09-12T19:00:00Z,0.82,16.9,-9999,Esperance,-35996.4,MURAT_202002_MRE,9,September,25.7,19.0,24.6
2020-09-12T20:00:00Z,0.8,16.9,-9999,Esperance,-35996.4,MURAT_202002_MRE,9,September,25.7,19.0,24.6
2020-09-12T21:00:00Z,0.907,16.8,-9999,Esperance,-35996.4,MURAT_202002_MRE,9,September,25.7,19.0,24.6
2020-09-12T22:00:00Z,0.985,16.8,-9999,Esperance,-35996.4,MURAT_202002_MRE,9,September,25.7,19.0,24.6
2020-09-12T23:00:00Z,1.023,16.8,-9999,Esperance,-35996.4,MURAT_202002_MRE,9,September,25.7,19.0,24.6
2020-09-13T00:00:00Z,1.053,16.8,-9999,Esperance,-35996.4,MURAT_202002_MRE,9,September,25.7,19.0,24.6
2020-09-13T01:00:00Z,1.076,16.8,-9999,Esperance,-35996.4,MURAT_202002_MRE,9,September,25.7,19.0,24.6
2020-09-13T02:00:00Z,1.013,16.9,-9999,Esperance,-35996.4,MURAT_202002_MRE,9,September,25.7,19.0,24.6
2020-09-13T03:00:00Z,0.896,16.9,-9999,Esperance,-35996.4,MURAT_202002_MRE,9,September,25.7,19.0,24.6
2020-09-13T04:00:00Z,0.802,17,-9999,Esperance,-35996.4,MURAT_202002_MRE,9,September,25.7,19.0,24.6
2020-09-13T05:00:00Z,0.631,17.2,-9999,Esperance,-35996.4,MURAT_202002_MRE,9,September,25.7,19.0,24.6
2020-09-13T06:00:00Z,0.493,17.4,-9999,Esperance,-35996.4,MURAT_202002_MRE,9,September,25.7,19.0,24.6
2020-09-13T07:00:00Z,0.441,17.4,-9999,Esperance,-35996.4,MURAT_202002_MRE,9,September,25.7,19.0,24.6
2020-09-13T08:00:00Z,0.343,17.3,-9999,Esperance,-35996.4,MURAT_202002_MRE,9,September,25.7,19.0,24.6
2020-09-13T09:00:00Z,0.344,17.4,-9999,Esperance,-35996.4,MURAT_202002_MRE,9,September,25.7,19.0,24.6
2020-09-13T10:00:00Z,0.42,17.1,-9999,Esperance,-35996.4,MURAT_202002_MRE,9,September,25.7,19.0,24.6
2020-09-13T11:00:00Z,0.464,17.1,-9999,Esperance,-35996.4,MURAT_202002_MRE,9,September,25.7,19.0,24.6
2020-09-13T12:00:00Z,0.567,17.1,-9999,Esperance,-35996.4,MURAT_202002_MRE,9,September,25.7,19.0,24.6
2020-09-13T13:00:00Z,0.652,17.1,-9999,Esperance,-35996.4,MURAT_202002_MRE,9,September,25.7,19.0,24.6
2020-09-13T14:00:00Z,0.674,17.1,-9999,Esperance,-35996.4,MURAT_202002_MRE,9,September,25.7,19.0,24.6
2020-09-13T15:00:00Z,0.701,17.1,-9999,Esperance,-35996.4,MURAT_202002_MRE,9,September,25.7,19.0,24.6
2020-09-13T16:00:00Z,0.701,17.1,-9999,Esperance,-35996.4,MURAT_202002_MRE,9,September,25.7,19.0,24.6
2020-09-13T17:00:00Z,0.673,17.1,-9999,Esperance,-35996.4,MURAT_202002_MRE,9,September,25.7,19.0,24.6
2020-09-13T18:00:00Z,0.636,17,-9999,Esperance,-35996.4,MURAT_202002_MRE,9,September,25.7,19.0,24.6
2020-09-13T19:00:00Z,0.65,17,-9999,Esperance,-35996.4,MURAT_202002_MRE,9,September,25.7,19.0,24.6
2020-09-13T20:00:00Z,0.677,16.9,-9999,Esperance,-35996.4,MURAT_202002_MRE,9,September,25.7,19.0,24.6
2020-09-13T21:00:00Z,0.73,16.8,-9999,Esperance,-35996.4,MURAT_202002_MRE,9,September,25.7,19.0,24.6
2020-09-13T22:00:00Z,0.851,16.7,-9999,Esperance,-35996.4,MURAT_202002_MRE,9,September,25.7,19.0,24.6
2020-09-13T23:00:00Z,0.963,16.9,-9999,Esperance,-35996.4,MURAT_202002_MRE,9,September,25.7,19.0,24.6
2020-09-14T00:00:00Z,1.029,16.9,-9999,Esperance,-35996.4,MURAT_202002_MRE,9,September,25.7,19.0,24.6
2020-09-14T01:00:00Z,1.072,16.9,-9999,Esperance,-35996.4,MURAT_202002_MRE,9,September,25.7,19.0,24.6
2020-09-14T02:00:00Z,1.063,17,-9999,Esperance,-35996.4,MURAT_202002_MRE,9,September,25.7,19.0,24.6
2020-09-14T03:00:00Z,0.975,17.1,-9999,Esperance,-35996.4,MURAT_202002_MRE,9,September,25.7,19.0,24.6
2020-09-14T04:00:00Z,0.853,17.2,-9999,Esperance,-35996.4,MURAT_202002_MRE,9,September,25.7,19.0,24.6
2020-09-14T05:00:00Z,0.674,17.2,-9999,Esperance,-35996.4,MURAT_202002_MRE,9,September,25.7,19.0,24.6
2020-09-14T06:00:00Z,0.502,17.3,-9999,Esperance,-35996.4,MURAT_202002_MRE,9,September,25.7,19.0,24.6
2020-09-14T07:00:00Z,0.369,17.5,-9999,Esperance,-35996.4,MURAT_202002_MRE,9,September,25.7,19.0,24.6
2020-09-14T08:00:00Z,0.285,17.5,-9999,Esperance,-35996.4,MURAT_202002_MRE,9,September,25.7,19.0,24.6
2020-09-14T09:00:00Z,0.269,17.4,-9999,Esperance,-35996.4,MURAT_202002_MRE,9,September,25.7,19.0,24.6
2020-09-14T10:00:00Z,0.305,17.4,-9999,Esperance,-35996.4,MURAT_202002_MRE,9,September,25.7,19.0,24.6
2020-09-14T11:00:00Z,0.394,17.4,-9999,Esperance,-35996.4,MURAT_202002_MRE,9,September,25.7,19.0,24.6
2020-09-14T12:00:00Z,0.482,17.4,-9999,Esperance,-35996.4,MURAT_202002_MRE,9,September,25.7,19.0,24.6
2020-09-14T13:00:00Z,0.574,17.4,-9999,Esperance,-35996.4,MURAT_202002_MRE,9,September,25.7,19.0,24.6
2020-09-14T14:00:00Z,0.64,17.4,-9999,Esperance,-35996.4,MURAT_202002_MRE,9,September,25.7,19.0,24.6
2020-09-14T15:00:00Z,0.642,17.3,-9999,Esperance,-35996.4,MURAT_202002_MRE,9,September,25.7,19.0,24.6
2020-09-14T16:00:00Z,0.621,17.3,-9999,Esperance,-35996.4,MURAT_202002_MRE,9,September,25.7,19.0,24.6
2020-09-14T17:00:00Z,0.588,17.3,-9999,Esperance,-35996.4,MURAT_202002_MRE,9,September,25.7,19.0,24.6
2020-09-14T18:00:00Z,0.511,17.2,-9999,Esperance,-35996.4,MURAT_202002_MRE,9,September,25.7,19.0,24.6
2020-09-14T19:00:00Z,0.49,17.2,-9999,Esperance,-35996.4,MURAT_202002_MRE,9,September,25.7,19.0,24.6
2020-09-14T20:00:00Z,0.535,17.1,-9999,Esperance,-35996.4,MURAT_202002_MRE,9,September,25.7,19.0,24.6
2020-09-14T21:00:00Z,0.593,17.1,-9999,Esperance,-35996.4,MURAT_202002_MRE,9,September,25.7,19.0,24.6
2020-09-14T22:00:00Z,0.716,17.1,-9999,Esperance,-35996.4,MURAT_202002_MRE,9,September,25.7,19.0,24.6
2020-09-14T23:00:00Z,0.912,17,-9999,Esperance,-35996.4,MURAT_202002_MRE,9,September,25.7,19.0,24.6
2020-09-15T00:00:00Z,1.009,17.1,-9999,Esperance,-35996.4,MURAT_202002_MRE,9,September,25.7,19.0,24.6
2020-09-15T01:00:00Z,1.115,17.1,-9999,Esperance,-35996.4,MURAT_202002_MRE,9,September,25.7,19.0,24.6
2020-09-15T02:00:00Z,1.186,17.2,-9999,Esperance,-35996.4,MURAT_202002_MRE,9,September,25.7,19.0,24.6
2020-09-15T03:00:00Z,1.151,17.3,-9999,Esperance,-35996.4,MURAT_202002_MRE,9,September,25.7,19.0,24.6
2020-09-15T04:00:00Z,0.996,17.4,-9999,Esperance,-35996.4,MURAT_202002_MRE,9,September,25.7,19.0,24.6
2020-09-15T05:00:00Z,0.846,17.3,-9999,Esperance,-35996.4,MURAT_202002_MRE,9,September,25.7,19.0,24.6
2020-09-15T06:00:00Z,0.616,17.3,-9999,Esperance,-35996.4,MURAT_202002_MRE,9,September,25.7,19.0,24.6
2020-09-15T07:00:00Z,0.445,17.3,-9999,Esperance,-35996.4,MURAT_202002_MRE,9,September,25.7,19.0,24.6
2020-09-15T08:00:00Z,0.32,17.3,-9999,Esperance,-35996.4,MURAT_202002_MRE,9,September,25.7,19.0,24.6
2020-09-15T09:00:00Z,0.282,17.5,-9999,Esperance,-35996.4,MURAT_202002_MRE,9,September,25.7,19.0,24.6
2020-09-15T10:00:00Z,0.341,17.5,-9999,Esperance,-35996.4,MURAT_202002_MRE,9,September,25.7,19.0,24.6
2020-09-15T11:00:00Z,0.436,17.4,-9999,Esperance,-35996.4,MURAT_202002_MRE,9,September,25.7,19.0,24.6
2020-09-15T12:00:00Z,0.553,17.4,-9999,Esperance,-35996.4,MURAT_202002_MRE,9,September,25.7,19.0,24.6
2020-09-15T13:00:00Z,0.714,17.4,-9999,Esperance,-35996.4,MURAT_202002_MRE,9,September,25.7,19.0,24.6
2020-09-15T14:00:00Z,0.763,17.4,-9999,Esperance,-35996.4,MURAT_202002_MRE,9,September,25.7,19.0,24.6
2020-09-15T15:00:00Z,0.803,17.4,-9999,Esperance,-35996.4,MURAT_202002_MRE,9,September,25.7,19.0,24.6
2020-09-15T16:00:00Z,0.785,17.4,-9999,Esperance,-35996.4,MURAT_202002_MRE,9,September,25.7,19.0,24.6
2020-09-15T17:00:00Z,0.708,17.4,-9999,Esperance,-35996.4,MURAT_202002_MRE,9,September,25.7,19.0,24.6
2020-09-15T18:00:00Z,0.65,17.4,-9999,Esperance,-35996.4,MURAT_202002_MRE,9,September,25.7,19.0,24.6
2020-09-15T19:00:00Z,0.562,17.3,-9999,Esperance,-35996.4,MURAT_202002_MRE,9,September,25.7,19.0,24.6
2020-09-15T20:00:00Z,0.538,17.4,-9999,Esperance,-35996.4,MURAT_202002_MRE,9,September,25.7,19.0,24.6
2020-09-15T21:00:00Z,0.629,17.4,-9999,Esperance,-35996.4,MURAT_202002_MRE,9,September,25.7,19.0,24.6
2020-09-15T22:00:00Z,0.711,17.3,-9999,Esperance,-35996.4,MURAT_202002_MRE,9,September,25.7,19.0,24.6
2020-09-15T23:00:00Z,0.891,17.3,-9999,Esperance,-35996.4,MURAT_202002_MRE,9,September,25.7,19.0,24.6
2020-09-16T00:00:00Z,1.066,17.3,-9999,Esperance,-35996.4,MURAT_202002_MRE,9,September,25.7,19.0,24.6
2020-09-16T01:00:00Z,1.183,17.3,-9999,Esperance,-35996.4,MURAT_202002_MRE,9,September,25.7,19.0,24.6
2020-09-16T02:00:00Z,1.259,17.3,-9999,Esperance,-35996.4,MURAT_202002_MRE,9,September,25.7,19.0,24.6
2020-09-16T03:00:00Z,1.305,17.3,-9999,Esperance,-35996.4,MURAT_202002_MRE,9,September,25.7,19.0,24.6
2020-09-16T04:00:00Z,1.174,17.3,-9999,Esperance,-35996.4,MURAT_202002_MRE,9,September,25.7,19.0,24.6
2020-09-16T05:00:00Z,0.981,17.3,-9999,Esperance,-35996.4,MURAT_202002_MRE,9,September,25.7,19.0,24.6
2020-09-16T06:00:00Z,0.808,17.3,-9999,Esperance,-35996.4,MURAT_202002_MRE,9,September,25.7,19.0,24.6
2020-09-16T07:00:00Z,0.576,17.3,-9999,Esperance,-35996.4,MURAT_202002_MRE,9,September,25.7,19.0,24.6
2020-09-16T08:00:00Z,0.377,17.3,-9999,Esperance,-35996.4,MURAT_202002_MRE,9,September,25.7,19.0,24.6
2020-09-16T09:00:00Z,0.3,17.3,-9999,Esperance,-35996.4,MURAT_202002_MRE,9,September,25.7,19.0,24.6
2020-09-16T10:00:00Z,0.312,17.2,-9999,Esperance,-35996.4,MURAT_202002_MRE,9,September,25.7,19.0,24.6
2020-09-16T11:00:00Z,0.397,17.2,-9999,Esperance,-35996.4,MURAT_202002_MRE,9,September,25.7,19.0,24.6
2020-09-16T12:00:00Z,0.523,17.2,-9999,Esperance,-35996.4,MURAT_202002_MRE,9,September,25.7,19.0,24.6
2020-09-16T13:00:00Z,0.661,17.2,-9999,Esperance,-35996.4,MURAT_202002_MRE,9,September,25.7,19.0,24.6
2020-09-16T14:00:00Z,0.749,17.1,-9999,Esperance,-35996.4,MURAT_202002_MRE,9,September,25.7,19.0,24.6
2020-09-16T15:00:00Z,0.773,17.1,-9999,Esperance,-35996.4,MURAT_202002_MRE,9,September,25.7,19.0,24.6
2020-09-16T16:00:00Z,0.803,17.1,-9999,Esperance,-35996.4,MURAT_202002_MRE,9,September,25.7,19.0,24.6
2020-09-16T17:00:00Z,0.666,17.1,-9999,Esperance,-35996.4,MURAT_202002_MRE,9,September,25.7,19.0,24.6
2020-09-16T18:00:00Z,0.572,17.1,-9999,Esperance,-35996.4,MURAT_202002_MRE,9,September,25.7,19.0,24.6
2020-09-16T19:00:00Z,0.461,17,-9999,Esperance,-35996.4,MURAT_202002_MRE,9,September,25.7,19.0,24.6
2020-09-16T20:00:00Z,0.369,17,-9999,Esperance,-35996.4,MURAT_202002_MRE,9,September,25.7,19.0,24.6
2020-09-16T21:00:00Z,0.38,16.9,-9999,Esperance,-35996.4,MURAT_202002_MRE,9,September,25.7,19.0,24.6
2020-09-16T22:00:00Z,0.46,16.9,-9999,Esperance,-35996.4,MURAT_202002_MRE,9,September,25.7,19.0,24.6
2020-09-16T23:00:00Z,0.576,16.8,-9999,Esperance,-35996.4,MURAT_202002_MRE,9,September,25.7,19.0,24.6
2020-09-17T00:00:00Z,0.784,16.9,-9999,Esperance,-35996.4,MURAT_202002_MRE,9,September,25.7,19.0,24.6
2020-09-17T01:00:00Z,0.92,16.8,-9999,Esperance,-35996.4,MURAT_202002_MRE,9,September,25.7,19.0,24.6
2020-09-17T02:00:00Z,1.035,16.8,-9999,Esperance,-35996.4,MURAT_202002_MRE,9,September,25.7,19.0,24.6
2020-09-17T03:00:00Z,1.094,16.7,-9999,Esperance,-35996.4,MURAT_202002_MRE,9,September,25.7,19.0,24.6
2020-09-17T04:00:00Z,1.053,16.8,-9999,Esperance,-35996.4,MURAT_202002_MRE,9,September,25.7,19.0,24.6
2020-09-17T05:00:00Z,0.907,16.8,-9999,Esperance,-35996.4,MURAT_202002_MRE,9,September,25.7,19.0,24.6
2020-09-17T06:00:00Z,0.749,16.8,-9999,Esperance,-35996.4,MURAT_202002_MRE,9,September,25.7,19.0,24.6
2020-09-17T07:00:00Z,0.536,16.9,-9999,Esperance,-35996.4,MURAT_202002_MRE,9,September,25.7,19.0,24.6
2020-09-17T08:00:00Z,0.321,16.9,-9999,Esperance,-35996.4,MURAT_202002_MRE,9,September,25.7,19.0,24.6
2020-09-17T09:00:00Z,0.215,16.9,-9999,Esperance,-35996.4,MURAT_202002_MRE,9,September,25.7,19.0,24.6
2020-09-17T10:00:00Z,0.22,16.9,-9999,Esperance,-35996.4,MURAT_202002_MRE,9,September,25.7,19.0,24.6
2020-09-17T11:00:00Z,0.251,16.9,-9999,Esperance,-35996.4,MURAT_202002_MRE,9,September,25.7,19.0,24.6
2020-09-17T12:00:00Z,0.411,16.9,-9999,Esperance,-35996.4,MURAT_202002_MRE,9,September,25.7,19.0,24.6
2020-09-17T13:00:00Z,0.558,16.8,-9999,Esperance,-35996.4,MURAT_202002_MRE,9,September,25.7,19.0,24.6
2020-09-17T14:00:00Z,0.654,16.8,-9999,Esperance,-35996.4,MURAT_202002_MRE,9,September,25.7,19.0,24.6
2020-09-17T15:00:00Z,0.732,16.7,-9999,Esperance,-35996.4,MURAT_202002_MRE,9,September,25.7,19.0,24.6
2020-09-17T16:00:00Z,0.773,16.7,-9999,Esperance,-35996.4,MURAT_202002_MRE,9,September,25.7,19.0,24.6
2020-09-17T17:00:00Z,0.66,16.7,-9999,Esperance,-35996.4,MURAT_202002_MRE,9,September,25.7,19.0,24.6
2020-09-17T18:00:00Z,0.564,16.7,-9999,Esperance,-35996.4,MURAT_202002_MRE,9,September,25.7,19.0,24.6
2020-09-17T19:00:00Z,0.483,16.6,-9999,Esperance,-35996.4,MURAT_202002_MRE,9,September,25.7,19.0,24.6
2020-09-17T20:00:00Z,0.33,16.6,-9999,Esperance,-35996.4,MURAT_202002_MRE,9,September,25.7,19.0,24.6
2020-09-17T21:00:00Z,0.271,16.6,-9999,Esperance,-35996.4,MURAT_202002_MRE,9,September,25.7,19.0,24.6
2020-09-17T22:00:00Z,0.355,16.5,-9999,Esperance,-35996.4,MURAT_202002_MRE,9,September,25.7,19.0,24.6
2020-09-17T23:00:00Z,0.416,16.5,-9999,Esperance,-35996.4,MURAT_202002_MRE,9,September,25.7,19.0,24.6
2020-09-18T00:00:00Z,0.592,16.5,-9999,Esperance,-35996.4,MURAT_202002_MRE,9,September,25.7,19.0,24.6
2020-09-18T01:00:00Z,0.779,16.5,-9999,Esperance,-35996.4,MURAT_202002_MRE,9,September,25.7,19.0,24.6
2020-09-18T02:00:00Z,0.931,16.5,-9999,Esperance,-35996.4,MURAT_202002_MRE,9,September,25.7,19.0,24.6
2020-09-18T03:00:00Z,1.003,16.5,-9999,Esperance,-35996.4,MURAT_202002_MRE,9,September,25.7,19.0,24.6
2020-09-18T04:00:00Z,1.055,16.6,-9999,Esperance,-35996.4,MURAT_202002_MRE,9,September,25.7,19.0,24.6
2020-09-18T05:00:00Z,0.984,16.6,-9999,Esperance,-35996.4,MURAT_202002_MRE,9,September,25.7,19.0,24.6
2020-09-18T06:00:00Z,0.853,16.7,-9999,Esperance,-35996.4,MURAT_202002_MRE,9,September,25.7,19.0,24.6
2020-09-18T07:00:00Z,0.707,16.7,-9999,Esperance,-35996.4,MURAT_202002_MRE,9,September,25.7,19.0,24.6
2020-09-18T08:00:00Z,0.54,16.8,-9999,Esperance,-35996.4,MURAT_202002_MRE,9,September,25.7,19.0,24.6
2020-09-18T09:00:00Z,0.379,16.8,-9999,Esperance,-35996.4,MURAT_202002_MRE,9,September,25.7,19.0,24.6
2020-09-18T10:00:00Z,0.382,16.8,-9999,Esperance,-35996.4,MURAT_202002_MRE,9,September,25.7,19.0,24.6
2020-09-18T11:00:00Z,0.41,16.8,-9999,Esperance,-35996.4,MURAT_202002_MRE,9,September,25.7,19.0,24.6
2020-09-18T12:00:00Z,0.545,16.8,-9999,Esperance,-35996.4,MURAT_202002_MRE,9,September,25.7,19.0,24.6
2020-09-18T13:00:00Z,0.703,16.8,-9999,Esperance,-35996.4,MURAT_202002_MRE,9,September,25.7,19.0,24.6
2020-09-18T14:00:00Z,0.805,16.8,-9999,Esperance,-35996.4,MURAT_202002_MRE,9,September,25.7,19.0,24.6
2020-09-18T15:00:00Z,0.888,16.8,-9999,Esperance,-35996.4,MURAT_202002_MRE,9,September,25.7,19.0,24.6
2020-09-18T16:00:00Z,0.97,16.8,-9999,Esperance,-35996.4,MURAT_202002_MRE,9,September,25.7,19.0,24.6
2020-09-18T17:00:00Z,0.842,16.8,-9999,Esperance,-35996.4,MURAT_202002_MRE,9,September,25.7,19.0,24.6
2020-09-18T18:00:00Z,0.819,16.7,-9999,Esperance,-35996.4,MURAT_202002_MRE,9,September,25.7,19.0,24.6
2020-09-18T19:00:00Z,0.657,16.6,-9999,Esperance,-35996.4,MURAT_202002_MRE,9,September,25.7,19.0,24.6
2020-09-18T20:00:00Z,0.578,16.6,-9999,Esperance,-35996.4,MURAT_202002_MRE,9,September,25.7,19.0,24.6
2020-09-18T21:00:00Z,0.487,16.7,-9999,Esperance,-35996.4,MURAT_202002_MRE,9,September,25.7,19.0,24.6
2020-09-18T22:00:00Z,0.489,16.7,-9999,Esperance,-35996.4,MURAT_202002_MRE,9,September,25.7,19.0,24.6
2020-09-18T23:00:00Z,0.569,16.7,-9999,Esperance,-35996.4,MURAT_202002_MRE,9,September,25.7,19.0,24.6
2020-09-19T00:00:00Z,0.707,16.7,-9999,Esperance,-35996.4,MURAT_202002_MRE,9,September,25.7,19.0,24.6
2020-09-19T01:00:00Z,0.845,16.7,-9999,Esperance,-35996.4,MURAT_202002_MRE,9,September,25.7,19.0,24.6
2020-09-19T02:00:00Z,1.04,16.7,-9999,Esperance,-35996.4,MURAT_202002_MRE,9,September,25.7,19.0,24.6
2020-09-19T03:00:00Z,1.158,16.7,-9999,Esperance,-35996.4,MURAT_202002_MRE,9,September,25.7,19.0,24.6
2020-09-19T04:00:00Z,1.229,16.7,-9999,Esperance,-35996.4,MURAT_202002_MRE,9,September,25.7,19.0,24.6
2020-09-19T05:00:00Z,1.203,16.8,-9999,Esperance,-35996.4,MURAT_202002_MRE,9,September,25.7,19.0,24.6
2020-09-19T06:00:00Z,1.193,16.8,-9999,Esperance,-35996.4,MURAT_202002_MRE,9,September,25.7,19.0,24.6
2020-09-19T07:00:00Z,1.026,16.7,-9999,Esperance,-35996.4,MURAT_202002_MRE,9,September,25.7,19.0,24.6
2020-09-19T08:00:00Z,0.902,16.7,-9999,Esperance,-35996.4,MURAT_202002_MRE,9,September,25.7,19.0,24.6
2020-09-19T09:00:00Z,0.832,16.7,-9999,Esperance,-35996.4,MURAT_202002_MRE,9,September,25.7,19.0,24.6
2020-09-19T10:00:00Z,0.78,16.7,-9999,Esperance,-35996.4,MURAT_202002_MRE,9,September,25.7,19.0,24.6
2020-09-19T11:00:00Z,0.766,16.7,-9999,Esperance,-35996.4,MURAT_202002_MRE,9,September,25.7,19.0,24.6
2020-09-19T12:00:00Z,0.92,16.6,-9999,Esperance,-35996.4,MURAT_202002_MRE,9,September,25.7,19.0,24.6
2020-09-19T13:00:00Z,1.019,16.6,-9999,Esperance,-35996.4,MURAT_202002_MRE,9,September,25.7,19.0,24.6
2020-09-19T14:00:00Z,1.138,16.6,-9999,Esperance,-35996.4,MURAT_202002_MRE,9,September,25.7,19.0,24.6
2020-09-19T15:00:00Z,1.235,16.6,-9999,Esperance,-35996.4,MURAT_202002_MRE,9,September,25.7,19.0,24.6
2020-09-19T16:00:00Z,1.326,16.6,-9999,Esperance,-35996.4,MURAT_202002_MRE,9,September,25.7,19.0,24.6
2020-09-19T17:00:00Z,1.238,16.6,-9999,Esperance,-35996.4,MURAT_202002_MRE,9,September,25.7,19.0,24.6
2020-09-19T18:00:00Z,1.225,16.6,-9999,Esperance,-35996.4,MURAT_202002_MRE,9,September,25.7,19.0,24.6
2020-09-19T19:00:00Z,1.133,16.6,-9999,Esperance,-35996.4,MURAT_202002_MRE,9,September,25.7,19.0,24.6
2020-09-19T20:00:00Z,0.991,16.6,-9999,Esperance,-35996.4,MURAT_202002_MRE,9,September,25.7,19.0,24.6
2020-09-19T21:00:00Z,0.929,16.5,-9999,Esperance,-35996.4,MURAT_202002_MRE,9,September,25.7,19.0,24.6
2020-09-19T22:00:00Z,0.866,16.5,-9999,Esperance,-35996.4,MURAT_202002_MRE,9,September,25.7,19.0,24.6
2020-09-19T23:00:00Z,0.86,16.4,-9999,Esperance,-35996.4,MURAT_202002_MRE,9,September,25.7,19.0,24.6
2020-09-20T00:00:00Z,0.941,16.4,-9999,Esperance,-35996.4,MURAT_202002_MRE,9,September,25.7,19.0,24.6
2020-09-20T01:00:00Z,1.029,16.4,-9999,Esperance,-35996.4,MURAT_202002_MRE,9,September,25.7,19.0,24.6
2020-09-20T02:00:00Z,1.17,16.4,-9999,Esperance,-35996.4,MURAT_202002_MRE,9,September,25.7,19.0,24.6
2020-09-20T03:00:00Z,1.224,16.4,-9999,Esperance,-35996.4,MURAT_202002_MRE,9,September,25.7,19.0,24.6
2020-09-20T04:00:00Z,1.293,16.4,-9999,Esperance,-35996.4,MURAT_202002_MRE,9,September,25.7,19.0,24.6
2020-09-20T05:00:00Z,1.289,16.4,-9999,Esperance,-35996.4,MURAT_202002_MRE,9,September,25.7,19.0,24.6
2020-09-20T06:00:00Z,1.301,16.4,-9999,Esperance,-35996.4,MURAT_202002_MRE,9,September,25.7,19.0,24.6
2020-09-20T07:00:00Z,1.229,16.4,-9999,Esperance,-35996.4,MURAT_202002_MRE,9,September,25.7,19.0,24.6
2020-09-20T08:00:00Z,1.167,16.4,-9999,Esperance,-35996.4,MURAT_202002_MRE,9,September,25.7,19.0,24.6
2020-09-20T09:00:00Z,1.133,16.3,-9999,Esperance,-35996.4,MURAT_202002_MRE,9,September,25.7,19.0,24.6
2020-09-20T10:00:00Z,1.106,16.3,-9999,Esperance,-35996.4,MURAT_202002_MRE,9,September,25.7,19.0,24.6
2020-09-20T11:00:00Z,1.122,16.3,-9999,Esperance,-35996.4,MURAT_202002_MRE,9,September,25.7,19.0,24.6
2020-09-20T12:00:00Z,1.205,16.3,-9999,Esperance,-35996.4,MURAT_202002_MRE,9,September,25.7,19.0,24.6
2020-09-20T13:00:00Z,1.269,16.3,-9999,Esperance,-35996.4,MURAT_202002_MRE,9,September,25.7,19.0,24.6
2020-09-20T14:00:00Z,1.376,16.3,-9999,Esperance,-35996.4,MURAT_202002_MRE,9,September,25.7,19.0,24.6
2020-09-20T15:00:00Z,1.458,16.3,-9999,Esperance,-35996.4,MURAT_202002_MRE,9,September,25.7,19.0,24.6
2020-09-20T16:00:00Z,1.483,16.3,-9999,Esperance,-35996.4,MURAT_202002_MRE,9,September,25.7,19.0,24.6
2020-09-20T17:00:00Z,1.433,16.3,-9999,Esperance,-35996.4,MURAT_202002_MRE,9,September,25.7,19.0,24.6
2020-09-20T18:00:00Z,1.342,16.2,-9999,Esperance,-35996.4,MURAT_202002_MRE,9,September,25.7,19.0,24.6
2020-09-20T19:00:00Z,1.263,16.2,-9999,Esperance,-35996.4,MURAT_202002_MRE,9,September,25.7,19.0,24.6
2020-09-20T20:00:00Z,1.112,16.2,-9999,Esperance,-35996.4,MURAT_202002_MRE,9,September,25.7,19.0,24.6
2020-09-20T21:00:00Z,1.009,16.2,-9999,Esperance,-35996.4,MURAT_202002_MRE,9,September,25.7,19.0,24.6
2020-09-20T22:00:00Z,0.952,16.1,-9999,Esperance,-35996.4,MURAT_202002_MRE,9,September,25.7,19.0,24.6
2020-09-20T23:00:00Z,0.881,16.1,-9999,Esperance,-35996.4,MURAT_202002_MRE,9,September,25.7,19.0,24.6
2020-09-21T00:00:00Z,0.862,16.1,-9999,Esperance,-35996.4,MURAT_202002_MRE,9,September,25.7,19.0,24.6
2020-09-21T01:00:00Z,0.903,16.1,-9999,Esperance,-35996.4,MURAT_202002_MRE,9,September,25.7,19.0,24.6
2020-09-21T02:00:00Z,0.924,16.1,-9999,Esperance,-35996.4,MURAT_202002_MRE,9,September,25.7,19.0,24.6
2020-09-21T03:00:00Z,0.939,16.1,-9999,Esperance,-35996.4,MURAT_202002_MRE,9,September,25.7,19.0,24.6
2020-09-21T04:00:00Z,0.923,16.1,-9999,Esperance,-35996.4,MURAT_202002_MRE,9,September,25.7,19.0,24.6
2020-09-21T05:00:00Z,0.924,16.1,-9999,Esperance,-35996.4,MURAT_202002_MRE,9,September,25.7,19.0,24.6
2020-09-21T06:00:00Z,0.873,16.1,-9999,Esperance,-35996.4,MURAT_202002_MRE,9,September,25.7,19.0,24.6
2020-09-21T07:00:00Z,0.829,16.1,-9999,Esperance,-35996.4,MURAT_202002_MRE,9,September,25.7,19.0,24.6
2020-09-21T08:00:00Z,0.784,16.1,-9999,Esperance,-35996.4,MURAT_202002_MRE,9,September,25.7,19.0,24.6
2020-09-21T09:00:00Z,0.726,16,-9999,Esperance,-35996.4,MURAT_202002_MRE,9,September,25.7,19.0,24.6
2020-09-21T10:00:00Z,0.758,16,-9999,Esperance,-35996.4,MURAT_202002_MRE,9,September,25.7,19.0,24.6
2020-09-21T11:00:00Z,0.765,16,-9999,Esperance,-35996.4,MURAT_202002_MRE,9,September,25.7,19.0,24.6
2020-09-21T12:00:00Z,0.808,16,-9999,Esperance,-35996.4,MURAT_202002_MRE,9,September,25.7,19.0,24.6
2020-09-21T13:00:00Z,0.96,16,-9999,Esperance,-35996.4,MURAT_202002_MRE,9,September,25.7,19.0,24.6
2020-09-21T14:00:00Z,1.004,16,-9999,Esperance,-35996.4,MURAT_202002_MRE,9,September,25.7,19.0,24.6
2020-09-21T15:00:00Z,1.093,16,-9999,Esperance,-35996.4,MURAT_202002_MRE,9,September,25.7,19.0,24.6
2020-09-21T16:00:00Z,1.169,16,-9999,Esperance,-35996.4,MURAT_202002_MRE,9,September,25.7,19.0,24.6
2020-09-21T17:00:00Z,1.109,16,-9999,Esperance,-35996.4,MURAT_202002_MRE,9,September,25.7,19.0,24.6
2020-09-21T18:00:00Z,1.093,15.9,-9999,Esperance,-35996.4,MURAT_202002_MRE,9,September,25.7,19.0,24.6
2020-09-21T19:00:00Z,1.061,15.9,-9999,Esperance,-35996.4,MURAT_202002_MRE,9,September,25.7,19.0,24.6
2020-09-21T20:00:00Z,0.963,15.9,-9999,Esperance,-35996.4,MURAT_202002_MRE,9,September,25.7,19.0,24.6
2020-09-21T21:00:00Z,0.923,15.9,-9999,Esperance,-35996.4,MURAT_202002_MRE,9,September,25.7,19.0,24.6
2020-09-21T22:00:00Z,0.889,15.9,-9999,Esperance,-35996.4,MURAT_202002_MRE,9,September,25.7,19.0,24.6
2020-09-21T23:00:00Z,0.849,15.8,-9999,Esperance,-35996.4,MURAT_202002_MRE,9,September,25.7,19.0,24.6
2020-09-22T00:00:00Z,0.793,15.9,-9999,Esperance,-35996.4,MURAT_202002_MRE,9,September,25.7,19.0,24.6
2020-09-22T01:00:00Z,0.781,15.9,-9999,Esperance,-35996.4,MURAT_202002_MRE,9,September,25.7,19.0,24.6
2020-09-22T02:00:00Z,0.803,15.9,-9999,Esperance,-35996.4,MURAT_202002_MRE,9,September,25.7,19.0,24.6
2020-09-22T03:00:00Z,0.761,16,-9999,Esperance,-35996.4,MURAT_202002_MRE,9,September,25.7,19.0,24.6
2020-09-22T04:00:00Z,0.715,16,-9999,Esperance,-35996.4,MURAT_202002_MRE,9,September,25.7,19.0,24.6
2020-09-22T05:00:00Z,0.673,16,-9999,Esperance,-35996.4,MURAT_202002_MRE,9,September,25.7,19.0,24.6
2020-09-22T06:00:00Z,0.603,16,-9999,Esperance,-35996.4,MURAT_202002_MRE,9,September,25.7,19.0,24.6
2020-09-22T07:00:00Z,0.551,15.9,-9999,Esperance,-35996.4,MURAT_202002_MRE,9,September,25.7,19.0,24.6
2020-09-22T08:00:00Z,0.528,16,-9999,Esperance,-35996.4,MURAT_202002_MRE,9,September,25.7,19.0,24.6
2020-09-22T09:00:00Z,0.519,16,-9999,Esperance,-35996.4,MURAT_202002_MRE,9,September,25.7,19.0,24.6
2020-09-22T10:00:00Z,0.546,16,-9999,Esperance,-35996.4,MURAT_202002_MRE,9,September,25.7,19.0,24.6
2020-09-22T11:00:00Z,0.618,16,-9999,Esperance,-35996.4,MURAT_202002_MRE,9,September,25.7,19.0,24.6
2020-09-22T12:00:00Z,0.702,16,-9999,Esperance,-35996.4,MURAT_202002_MRE,9,September,25.7,19.0,24.6
2020-09-22T13:00:00Z,0.805,16,-9999,Esperance,-35996.4,MURAT_202002_MRE,9,September,25.7,19.0,24.6
2020-09-22T14:00:00Z,0.903,16,-9999,Esperance,-35996.4,MURAT_202002_MRE,9,September,25.7,19.0,24.6
2020-09-22T15:00:00Z,0.997,16,-9999,Esperance,-35996.4,MURAT_202002_MRE,9,September,25.7,19.0,24.6
2020-09-22T16:00:00Z,1.038,16,-9999,Esperance,-35996.4,MURAT_202002_MRE,9,September,25.7,19.0,24.6
2020-09-22T17:00:00Z,1.033,15.9,-9999,Esperance,-35996.4,MURAT_202002_MRE,9,September,25.7,19.0,24.6
2020-09-22T18:00:00Z,1.007,15.9,-9999,Esperance,-35996.4,MURAT_202002_MRE,9,September,25.7,19.0,24.6
2020-09-22T19:00:00Z,0.978,15.9,-9999,Esperance,-35996.4,MURAT_202002_MRE,9,September,25.7,19.0,24.6
2020-09-22T20:00:00Z,0.898,15.9,-9999,Esperance,-35996.4,MURAT_202002_MRE,9,September,25.7,19.0,24.6
2020-09-22T21:00:00Z,0.868,15.9,-9999,Esperance,-35996.4,MURAT_202002_MRE,9,September,25.7,19.0,24.6
2020-09-22T22:00:00Z,0.829,15.9,-9999,Esperance,-35996.4,MURAT_202002_MRE,9,September,25.7,19.0,24.6
2020-09-22T23:00:00Z,0.796,15.9,-9999,Esperance,-35996.4,MURAT_202002_MRE,9,September,25.7,19.0,24.6
2020-09-23T00:00:00Z,0.758,15.9,-9999,Esperance,-35996.4,MURAT_202002_MRE,9,September,25.7,19.0,24.6
2020-09-23T01:00:00Z,0.715,15.8,-9999,Esperance,-35996.4,MURAT_202002_MRE,9,September,25.7,19.0,24.6
2020-09-23T02:00:00Z,0.715,16,-9999,Esperance,-35996.4,MURAT_202002_MRE,9,September,25.7,19.0,24.6
2020-09-23T03:00:00Z,0.658,16.1,-9999,Esperance,-35996.4,MURAT_202002_MRE,9,September,25.7,19.0,24.6
2020-09-23T04:00:00Z,0.56,16.3,-9999,Esperance,-35996.4,MURAT_202002_MRE,9,September,25.7,19.0,24.6
2020-09-23T05:00:00Z,0.498,16.4,-9999,Esperance,-35996.4,MURAT_202002_MRE,9,September,25.7,19.0,24.6
2020-09-23T06:00:00Z,0.42,16.5,-9999,Esperance,-35996.4,MURAT_202002_MRE,9,September,25.7,19.0,24.6
2020-09-23T07:00:00Z,0.36,16.4,-9999,Esperance,-35996.4,MURAT_202002_MRE,9,September,25.7,19.0,24.6
2020-09-23T08:00:00Z,0.328,16.5,-9999,Esperance,-35996.4,MURAT_202002_MRE,9,September,25.7,19.0,24.6
2020-09-23T09:00:00Z,0.362,16.8,-9999,Esperance,-35996.4,MURAT_202002_MRE,9,September,25.7,19.0,24.6
2020-09-23T10:00:00Z,0.427,16.8,-9999,Esperance,-35996.4,MURAT_202002_MRE,9,September,25.7,19.0,24.6
2020-09-23T11:00:00Z,0.517,16.7,-9999,Esperance,-35996.4,MURAT_202002_MRE,9,September,25.7,19.0,24.6
2020-09-23T12:00:00Z,0.641,16.6,-9999,Esperance,-35996.4,MURAT_202002_MRE,9,September,25.7,19.0,24.6
2020-09-23T13:00:00Z,0.738,16.7,-9999,Esperance,-35996.4,MURAT_202002_MRE,9,September,25.7,19.0,24.6
2020-09-23T14:00:00Z,0.818,16.7,-9999,Esperance,-35996.4,MURAT_202002_MRE,9,September,25.7,19.0,24.6
2020-09-23T15:00:00Z,0.905,16.6,-9999,Esperance,-35996.4,MURAT_202002_MRE,9,September,25.7,19.0,24.6
2020-09-23T16:00:00Z,0.951,16.6,-9999,Esperance,-35996.4,MURAT_202002_MRE,9,September,25.7,19.0,24.6
2020-09-23T17:00:00Z,0.934,16.6,-9999,Esperance,-35996.4,MURAT_202002_MRE,9,September,25.7,19.0,24.6
2020-09-23T18:00:00Z,0.93,16.6,-9999,Esperance,-35996.4,MURAT_202002_MRE,9,September,25.7,19.0,24.6
2020-09-23T19:00:00Z,0.92,16.6,-9999,Esperance,-35996.4,MURAT_202002_MRE,9,September,25.7,19.0,24.6
2020-09-23T20:00:00Z,0.858,16.5,-9999,Esperance,-35996.4,MURAT_202002_MRE,9,September,25.7,19.0,24.6
2020-09-23T21:00:00Z,0.802,16.5,-9999,Esperance,-35996.4,MURAT_202002_MRE,9,September,25.7,19.0,24.6
2020-09-23T22:00:00Z,0.839,16.5,-9999,Esperance,-35996.4,MURAT_202002_MRE,9,September,25.7,19.0,24.6
2020-09-23T23:00:00Z,0.805,16.5,-9999,Esperance,-35996.4,MURAT_202002_MRE,9,September,25.7,19.0,24.6
2020-09-24T00:00:00Z,0.766,16.5,-9999,Esperance,-35996.4,MURAT_202002_MRE,9,September,25.7,19.0,24.6
2020-09-24T01:00:00Z,0.783,16.5,-9999,Esperance,-35996.4,MURAT_202002_MRE,9,September,25.7,19.0,24.6
2020-09-24T02:00:00Z,0.742,16.5,-9999,Esperance,-35996.4,MURAT_202002_MRE,9,September,25.7,19.0,24.6
2020-09-24T03:00:00Z,0.655,16.6,-9999,Esperance,-35996.4,MURAT_202002_MRE,9,September,25.7,19.0,24.6
2020-09-24T04:00:00Z,0.573,16.6,-9999,Esperance,-35996.4,MURAT_202002_MRE,9,September,25.7,19.0,24.6
2020-09-24T05:00:00Z,0.517,16.7,-9999,Esperance,-35996.4,MURAT_202002_MRE,9,September,25.7,19.0,24.6
2020-09-24T06:00:00Z,0.376,16.7,-9999,Esperance,-35996.4,MURAT_202002_MRE,9,September,25.7,19.0,24.6
2020-09-24T07:00:00Z,0.307,16.8,-9999,Esperance,-35996.4,MURAT_202002_MRE,9,September,25.7,19.0,24.6
2020-09-24T08:00:00Z,0.282,16.8,-9999,Esperance,-35996.4,MURAT_202002_MRE,9,September,25.7,19.0,24.6
2020-09-24T09:00:00Z,0.256,16.9,-9999,Esperance,-35996.4,MURAT_202002_MRE,9,September,25.7,19.0,24.6
2020-09-24T10:00:00Z,0.318,16.7,-9999,Esperance,-35996.4,MURAT_202002_MRE,9,September,25.7,19.0,24.6
2020-09-24T11:00:00Z,0.443,16.6,-9999,Esperance,-35996.4,MURAT_202002_MRE,9,September,25.7,19.0,24.6
2020-09-24T12:00:00Z,0.532,16.7,-9999,Esperance,-35996.4,MURAT_202002_MRE,9,September,25.7,19.0,24.6
2020-09-24T13:00:00Z,0.649,16.6,-9999,Esperance,-35996.4,MURAT_202002_MRE,9,September,25.7,19.0,24.6
2020-09-24T14:00:00Z,0.706,16.6,-9999,Esperance,-35996.4,MURAT_202002_MRE,9,September,25.7,19.0,24.6
2020-09-24T15:00:00Z,0.82,16.6,-9999,Esperance,-35996.4,MURAT_202002_MRE,9,September,25.7,19.0,24.6
2020-09-24T16:00:00Z,0.842,16.6,-9999,Esperance,-35996.4,MURAT_202002_MRE,9,September,25.7,19.0,24.6
2020-09-24T17:00:00Z,0.818,16.6,-9999,Esperance,-35996.4,MURAT_202002_MRE,9,September,25.7,19.0,24.6
2020-09-24T18:00:00Z,0.865,16.5,-9999,Esperance,-35996.4,MURAT_202002_MRE,9,September,25.7,19.0,24.6
2020-09-24T19:00:00Z,0.817,16.5,-9999,Esperance,-35996.4,MURAT_202002_MRE,9,September,25.7,19.0,24.6
2020-09-24T20:00:00Z,0.793,16.5,-9999,Esperance,-35996.4,MURAT_202002_MRE,9,September,25.7,19.0,24.6
2020-09-24T21:00:00Z,0.803,16.4,-9999,Esperance,-35996.4,MURAT_202002_MRE,9,September,25.7,19.0,24.6
2020-09-24T22:00:00Z,0.772,16.4,-9999,Esperance,-35996.4,MURAT_202002_MRE,9,September,25.7,19.0,24.6
2020-09-24T23:00:00Z,0.82,16.4,-9999,Esperance,-35996.4,MURAT_202002_MRE,9,September,25.7,19.0,24.6
2020-09-25T00:00:00Z,0.793,16.3,-9999,Esperance,-35996.4,MURAT_202002_MRE,9,September,25.7,19.0,24.6
2020-09-25T01:00:00Z,0.792,16.4,-9999,Esperance,-35996.4,MURAT_202002_MRE,9,September,25.7,19.0,24.6
2020-09-25T02:00:00Z,0.743,16.4,-9999,Esperance,-35996.4,MURAT_202002_MRE,9,September,25.7,19.0,24.6
2020-09-25T03:00:00Z,0.661,16.4,-9999,Esperance,-35996.4,MURAT_202002_MRE,9,September,25.7,19.0,24.6
2020-09-25T04:00:00Z,0.584,16.4,-9999,Esperance,-35996.4,MURAT_202002_MRE,9,September,25.7,19.0,24.6
2020-09-25T05:00:00Z,0.461,16.5,-9999,Esperance,-35996.4,MURAT_202002_MRE,9,September,25.7,19.0,24.6
2020-09-25T06:00:00Z,0.343,16.6,-9999,Esperance,-35996.4,MURAT_202002_MRE,9,September,25.7,19.0,24.6
2020-09-25T07:00:00Z,0.294,16.6,-9999,Esperance,-35996.4,MURAT_202002_MRE,9,September,25.7,19.0,24.6
2020-09-25T08:00:00Z,0.176,16.6,-9999,Esperance,-35996.4,MURAT_202002_MRE,9,September,25.7,19.0,24.6
2020-09-25T09:00:00Z,0.195,16.7,-9999,Esperance,-35996.4,MURAT_202002_MRE,9,September,25.7,19.0,24.6
2020-09-25T10:00:00Z,0.228,16.6,-9999,Esperance,-35996.4,MURAT_202002_MRE,9,September,25.7,19.0,24.6
2020-09-25T11:00:00Z,0.3,16.6,-9999,Esperance,-35996.4,MURAT_202002_MRE,9,September,25.7,19.0,24.6
2020-09-25T12:00:00Z,0.391,16.6,-9999,Esperance,-35996.4,MURAT_202002_MRE,9,September,25.7,19.0,24.6
2020-09-25T13:00:00Z,0.485,16.4,-9999,Esperance,-35996.4,MURAT_202002_MRE,9,September,25.7,19.0,24.6
2020-09-25T14:00:00Z,0.546,16.4,-9999,Esperance,-35996.4,MURAT_202002_MRE,9,September,25.7,19.0,24.6
2020-09-25T15:00:00Z,0.604,16.4,-9999,Esperance,-35996.4,MURAT_202002_MRE,9,September,25.7,19.0,24.6
2020-09-25T16:00:00Z,0.645,16.4,-9999,Esperance,-35996.4,MURAT_202002_MRE,9,September,25.7,19.0,24.6
2020-09-25T17:00:00Z,0.63,16.4,-9999,Esperance,-35996.4,MURAT_202002_MRE,9,September,25.7,19.0,24.6
2020-09-25T18:00:00Z,0.601,16.3,-9999,Esperance,-35996.4,MURAT_202002_MRE,9,September,25.7,19.0,24.6
2020-09-25T19:00:00Z,0.616,16.3,-9999,Esperance,-35996.4,MURAT_202002_MRE,9,September,25.7,19.0,24.6
2020-09-25T20:00:00Z,0.61,16.3,-9999,Esperance,-35996.4,MURAT_202002_MRE,9,September,25.7,19.0,24.6
2020-09-25T21:00:00Z,0.614,16.2,-9999,Esperance,-35996.4,MURAT_202002_MRE,9,September,25.7,19.0,24.6
2020-09-25T22:00:00Z,0.656,16.1,-9999,Esperance,-35996.4,MURAT_202002_MRE,9,September,25.7,19.0,24.6
2020-09-25T23:00:00Z,0.708,16.1,-9999,Esperance,-35996.4,MURAT_202002_MRE,9,September,25.7,19.0,24.6
2020-09-26T00:00:00Z,0.761,16.1,-9999,Esperance,-35996.4,MURAT_202002_MRE,9,September,25.7,19.0,24.6
2020-09-26T01:00:00Z,0.753,16.1,-9999,Esperance,-35996.4,MURAT_202002_MRE,9,September,25.7,19.0,24.6
2020-09-26T02:00:00Z,0.758,16.1,-9999,Esperance,-35996.4,MURAT_202002_MRE,9,September,25.7,19.0,24.6
2020-09-26T03:00:00Z,0.707,16.1,-9999,Esperance,-35996.4,MURAT_202002_MRE,9,September,25.7,19.0,24.6
2020-09-26T04:00:00Z,0.596,16.1,-9999,Esperance,-35996.4,MURAT_202002_MRE,9,September,25.7,19.0,24.6
2020-09-26T05:00:00Z,0.489,16.1,-9999,Esperance,-35996.4,MURAT_202002_MRE,9,September,25.7,19.0,24.6
2020-09-26T06:00:00Z,0.383,16.1,-9999,Esperance,-35996.4,MURAT_202002_MRE,9,September,25.7,19.0,24.6
2020-09-26T07:00:00Z,0.265,16.1,-9999,Esperance,-35996.4,MURAT_202002_MRE,9,September,25.7,19.0,24.6
2020-09-26T08:00:00Z,0.201,16.1,-9999,Esperance,-35996.4,MURAT_202002_MRE,9,September,25.7,19.0,24.6
2020-09-26T09:00:00Z,0.187,16.1,-9999,Esperance,-35996.4,MURAT_202002_MRE,9,September,25.7,19.0,24.6
2020-09-26T10:00:00Z,0.246,16.1,-9999,Esperance,-35996.4,MURAT_202002_MRE,9,September,25.7,19.0,24.6
2020-09-26T11:00:00Z,0.287,16.1,-9999,Esperance,-35996.4,MURAT_202002_MRE,9,September,25.7,19.0,24.6
2020-09-26T12:00:00Z,0.438,16.1,-9999,Esperance,-35996.4,MURAT_202002_MRE,9,September,25.7,19.0,24.6
2020-09-26T13:00:00Z,0.516,16,-9999,Esperance,-35996.4,MURAT_202002_MRE,9,September,25.7,19.0,24.6
2020-09-26T14:00:00Z,0.576,16,-9999,Esperance,-35996.4,MURAT_202002_MRE,9,September,25.7,19.0,24.6
2020-09-26T15:00:00Z,0.655,16,-9999,Esperance,-35996.4,MURAT_202002_MRE,9,September,25.7,19.0,24.6
2020-09-26T16:00:00Z,0.686,16,-9999,Esperance,-35996.4,MURAT_202002_MRE,9,September,25.7,19.0,24.6
2020-09-26T17:00:00Z,0.617,16,-9999,Esperance,-35996.4,MURAT_202002_MRE,9,September,25.7,19.0,24.6
2020-09-26T18:00:00Z,0.694,16,-9999,Esperance,-35996.4,MURAT_202002_MRE,9,September,25.7,19.0,24.6
2020-09-26T19:00:00Z,0.649,16,-9999,Esperance,-35996.4,MURAT_202002_MRE,9,September,25.7,19.0,24.6
2020-09-26T20:00:00Z,0.717,15.9,-9999,Esperance,-35996.4,MURAT_202002_MRE,9,September,25.7,19.0,24.6
2020-09-26T21:00:00Z,0.743,15.9,-9999,Esperance,-35996.4,MURAT_202002_MRE,9,September,25.7,19.0,24.6
2020-09-26T22:00:00Z,0.831,15.9,-9999,Esperance,-35996.4,MURAT_202002_MRE,9,September,25.7,19.0,24.6
2020-09-26T23:00:00Z,0.895,15.9,-9999,Esperance,-35996.4,MURAT_202002_MRE,9,September,25.7,19.0,24.6
2020-09-27T00:00:00Z,0.976,15.9,-9999,Esperance,-35996.4,MURAT_202002_MRE,9,September,25.7,19.0,24.6
2020-09-27T01:00:00Z,1.047,15.9,-9999,Esperance,-35996.4,MURAT_202002_MRE,9,September,25.7,19.0,24.6
2020-09-27T02:00:00Z,1.057,15.9,-9999,Esperance,-35996.4,MURAT_202002_MRE,9,September,25.7,19.0,24.6
2020-09-27T03:00:00Z,0.992,16,-9999,Esperance,-35996.4,MURAT_202002_MRE,9,September,25.7,19.0,24.6
2020-09-27T04:00:00Z,0.938,16,-9999,Esperance,-35996.4,MURAT_202002_MRE,9,September,25.7,19.0,24.6
2020-09-27T05:00:00Z,0.789,16.1,-9999,Esperance,-35996.4,MURAT_202002_MRE,9,September,25.7,19.0,24.6
2020-09-27T06:00:00Z,0.653,16.1,-9999,Esperance,-35996.4,MURAT_202002_MRE,9,September,25.7,19.0,24.6
2020-09-27T07:00:00Z,0.612,16.2,-9999,Esperance,-35996.4,MURAT_202002_MRE,9,September,25.7,19.0,24.6
2020-09-27T08:00:00Z,0.52,16.3,-9999,Esperance,-35996.4,MURAT_202002_MRE,9,September,25.7,19.0,24.6
2020-09-27T09:00:00Z,0.483,16.4,-9999,Esperance,-35996.4,MURAT_202002_MRE,9,September,25.7,19.0,24.6
2020-09-27T10:00:00Z,0.567,16.4,-9999,Esperance,-35996.4,MURAT_202002_MRE,9,September,25.7,19.0,24.6
2020-09-27T11:00:00Z,0.639,16.4,-9999,Esperance,-35996.4,MURAT_202002_MRE,9,September,25.7,19.0,24.6
2020-09-27T12:00:00Z,0.742,16.3,-9999,Esperance,-35996.4,MURAT_202002_MRE,9,September,25.7,19.0,24.6
2020-09-27T13:00:00Z,0.817,16.3,-9999,Esperance,-35996.4,MURAT_202002_MRE,9,September,25.7,19.0,24.6
2020-09-27T14:00:00Z,0.867,16.3,-9999,Esperance,-35996.4,MURAT_202002_MRE,9,September,25.7,19.0,24.6
2020-09-27T15:00:00Z,0.882,16.3,-9999,Esperance,-35996.4,MURAT_202002_MRE,9,September,25.7,19.0,24.6
2020-09-27T16:00:00Z,0.86,16.3,-9999,Esperance,-35996.4,MURAT_202002_MRE,9,September,25.7,19.0,24.6
2020-09-27T17:00:00Z,0.821,16.3,-9999,Esperance,-35996.4,MURAT_202002_MRE,9,September,25.7,19.0,24.6
2020-09-27T18:00:00Z,0.765,16.3,-9999,Esperance,-35996.4,MURAT_202002_MRE,9,September,25.7,19.0,24.6
2020-09-27T19:00:00Z,0.742,16.3,-9999,Esperance,-35996.4,MURAT_202002_MRE,9,September,25.7,19.0,24.6
2020-09-27T20:00:00Z,0.781,16.3,-9999,Esperance,-35996.4,MURAT_202002_MRE,9,September,25.7,19.0,24.6
2020-09-27T21:00:00Z,0.815,16.3,-9999,Esperance,-35996.4,MURAT_202002_MRE,9,September,25.7,19.0,24.6
2020-09-27T22:00:00Z,0.919,16.3,-9999,Esperance,-35996.4,MURAT_202002_MRE,9,September,25.7,19.0,24.6
2020-09-27T23:00:00Z,0.991,16.2,-9999,Esperance,-35996.4,MURAT_202002_MRE,9,September,25.7,19.0,24.6
2020-09-28T00:00:00Z,1.092,16.2,-9999,Esperance,-35996.4,MURAT_202002_MRE,9,September,25.7,19.0,24.6
2020-09-28T01:00:00Z,1.134,16.2,-9999,Esperance,-35996.4,MURAT_202002_MRE,9,September,25.7,19.0,24.6
2020-09-28T02:00:00Z,1.17,16.2,-9999,Esperance,-35996.4,MURAT_202002_MRE,9,September,25.7,19.0,24.6
2020-09-28T03:00:00Z,1.138,16.3,-9999,Esperance,-35996.4,MURAT_202002_MRE,9,September,25.7,19.0,24.6
2020-09-28T04:00:00Z,1.007,16.3,-9999,Esperance,-35996.4,MURAT_202002_MRE,9,September,25.7,19.0,24.6
2020-09-28T05:00:00Z,0.896,16.3,-9999,Esperance,-35996.4,MURAT_202002_MRE,9,September,25.7,19.0,24.6
2020-09-28T06:00:00Z,0.765,16.3,-9999,Esperance,-35996.4,MURAT_202002_MRE,9,September,25.7,19.0,24.6
2020-09-28T07:00:00Z,0.614,16.3,-9999,Esperance,-35996.4,MURAT_202002_MRE,9,September,25.7,19.0,24.6
2020-09-28T08:00:00Z,0.557,16.4,-9999,Esperance,-35996.4,MURAT_202002_MRE,9,September,25.7,19.0,24.6
2020-09-28T09:00:00Z,0.543,16.4,-9999,Esperance,-35996.4,MURAT_202002_MRE,9,September,25.7,19.0,24.6
2020-09-28T10:00:00Z,0.609,16.5,-9999,Esperance,-35996.4,MURAT_202002_MRE,9,September,25.7,19.0,24.6
2020-09-28T11:00:00Z,0.674,16.5,-9999,Esperance,-35996.4,MURAT_202002_MRE,9,September,25.7,19.0,24.6
2020-09-28T12:00:00Z,0.782,16.5,-9999,Esperance,-35996.4,MURAT_202002_MRE,9,September,25.7,19.0,24.6
2020-09-28T13:00:00Z,0.888,16.4,-9999,Esperance,-35996.4,MURAT_202002_MRE,9,September,25.7,19.0,24.6
2020-09-28T14:00:00Z,0.916,16.4,-9999,Esperance,-35996.4,MURAT_202002_MRE,9,September,25.7,19.0,24.6
2020-09-28T15:00:00Z,0.957,16.4,-9999,Esperance,-35996.4,MURAT_202002_MRE,9,September,25.7,19.0,24.6
2020-09-28T16:00:00Z,0.917,16.4,-9999,Esperance,-35996.4,MURAT_202002_MRE,9,September,25.7,19.0,24.6
2020-09-28T17:00:00Z,0.824,16.4,-9999,Esperance,-35996.4,MURAT_202002_MRE,9,September,25.7,19.0,24.6
2020-09-28T18:00:00Z,0.754,16.4,-9999,Esperance,-35996.4,MURAT_202002_MRE,9,September,25.7,19.0,24.6
2020-09-28T19:00:00Z,0.715,16.4,-9999,Esperance,-35996.4,MURAT_202002_MRE,9,September,25.7,19.0,24.6
2020-09-28T20:00:00Z,0.728,16.4,-9999,Esperance,-35996.4,MURAT_202002_MRE,9,September,25.7,19.0,24.6
2020-09-28T21:00:00Z,0.762,16.3,-9999,Esperance,-35996.4,MURAT_202002_MRE,9,September,25.7,19.0,24.6
2020-09-28T22:00:00Z,0.862,16.3,-9999,Esperance,-35996.4,MURAT_202002_MRE,9,September,25.7,19.0,24.6
2020-09-28T23:00:00Z,0.969,16.3,-9999,Esperance,-35996.4,MURAT_202002_MRE,9,September,25.7,19.0,24.6
2020-09-29T00:00:00Z,1.068,16.4,-9999,Esperance,-35996.4,MURAT_202002_MRE,9,September,25.7,19.0,24.6
2020-09-29T01:00:00Z,1.181,16.4,-9999,Esperance,-35996.4,MURAT_202002_MRE,9,September,25.7,19.0,24.6
2020-09-29T02:00:00Z,1.181,16.5,-9999,Esperance,-35996.4,MURAT_202002_MRE,9,September,25.7,19.0,24.6
2020-09-29T03:00:00Z,1.172,16.6,-9999,Esperance,-35996.4,MURAT_202002_MRE,9,September,25.7,19.0,24.6
2020-09-29T04:00:00Z,1.102,16.5,-9999,Esperance,-35996.4,MURAT_202002_MRE,9,September,25.7,19.0,24.6
2020-09-29T05:00:00Z,0.947,16.6,-9999,Esperance,-35996.4,MURAT_202002_MRE,9,September,25.7,19.0,24.6
2020-09-29T06:00:00Z,0.837,16.6,-9999,Esperance,-35996.4,MURAT_202002_MRE,9,September,25.7,19.0,24.6
2020-09-29T07:00:00Z,0.703,16.6,-9999,Esperance,-35996.4,MURAT_202002_MRE,9,September,25.7,19.0,24.6
2020-09-29T08:00:00Z,0.651,16.6,-9999,Esperance,-35996.4,MURAT_202002_MRE,9,September,25.7,19.0,24.6
2020-09-29T09:00:00Z,0.628,16.6,-9999,Esperance,-35996.4,MURAT_202002_MRE,9,September,25.7,19.0,24.6
2020-09-29T10:00:00Z,0.652,16.6,-9999,Esperance,-35996.4,MURAT_202002_MRE,9,September,25.7,19.0,24.6
2020-09-29T11:00:00Z,0.805,16.6,-9999,Esperance,-35996.4,MURAT_202002_MRE,9,September,25.7,19.0,24.6
2020-09-29T12:00:00Z,0.88,16.6,-9999,Esperance,-35996.4,MURAT_202002_MRE,9,September,25.7,19.0,24.6
2020-09-29T13:00:00Z,0.966,16.6,-9999,Esperance,-35996.4,MURAT_202002_MRE,9,September,25.7,19.0,24.6
2020-09-29T14:00:00Z,1.025,16.6,-9999,Esperance,-35996.4,MURAT_202002_MRE,9,September,25.7,19.0,24.6
2020-09-29T15:00:00Z,1.032,16.6,-9999,Esperance,-35996.4,MURAT_202002_MRE,9,September,25.7,19.0,24.6
2020-09-29T16:00:00Z,0.998,16.6,-9999,Esperance,-35996.4,MURAT_202002_MRE,9,September,25.7,19.0,24.6
2020-09-29T17:00:00Z,0.912,16.6,-9999,Esperance,-35996.4,MURAT_202002_MRE,9,September,25.7,19.0,24.6
2020-09-29T18:00:00Z,0.814,16.6,-9999,Esperance,-35996.4,MURAT_202002_MRE,9,September,25.7,19.0,24.6
2020-09-29T19:00:00Z,0.733,16.6,-9999,Esperance,-35996.4,MURAT_202002_MRE,9,September,25.7,19.0,24.6
2020-09-29T20:00:00Z,0.711,16.6,-9999,Esperance,-35996.4,MURAT_202002_MRE,9,September,25.7,19.0,24.6
2020-09-29T21:00:00Z,0.789,16.6,-9999,Esperance,-35996.4,MURAT_202002_MRE,9,September,25.7,19.0,24.6
2020-09-29T22:00:00Z,0.834,16.6,-9999,Esperance,-35996.4,MURAT_202002_MRE,9,September,25.7,19.0,24.6
2020-09-29T23:00:00Z,1.003,16.7,-9999,Esperance,-35996.4,MURAT_202002_MRE,9,September,25.7,19.0,24.6
2020-09-30T00:00:00Z,1.122,16.7,-9999,Esperance,-35996.4,MURAT_202002_MRE,9,September,25.7,19.0,24.6
2020-09-30T01:00:00Z,1.176,16.7,-9999,Esperance,-35996.4,MURAT_202002_MRE,9,September,25.7,19.0,24.6
2020-09-30T02:00:00Z,1.264,16.7,-9999,Esperance,-35996.4,MURAT_202002_MRE,9,September,25.7,19.0,24.6
2020-09-30T03:00:00Z,1.239,16.7,-9999,Esperance,-35996.4,MURAT_202002_MRE,9,September,25.7,19.0,24.6
2020-09-30T04:00:00Z,1.144,16.8,-9999,Esperance,-35996.4,MURAT_202002_MRE,9,September,25.7,19.0,24.6
2020-09-30T05:00:00Z,1.045,16.8,-9999,Esperance,-35996.4,MURAT_202002_MRE,9,September,25.7,19.0,24.6
2020-09-30T06:00:00Z,0.881,16.8,-9999,Esperance,-35996.4,MURAT_202002_MRE,9,September,25.7,19.0,24.6
2020-09-30T07:00:00Z,0.757,16.9,-9999,Esperance,-35996.4,MURAT_202002_MRE,9,September,25.7,19.0,24.6
2020-09-30T08:00:00Z,0.668,17,-9999,Esperance,-35996.4,MURAT_202002_MRE,9,September,25.7,19.0,24.6
2020-09-30T09:00:00Z,0.627,17,-9999,Esperance,-35996.4,MURAT_202002_MRE,9,September,25.7,19.0,24.6
2020-09-30T10:00:00Z,0.7,17.1,-9999,Esperance,-35996.4,MURAT_202002_MRE,9,September,25.7,19.0,24.6
2020-09-30T11:00:00Z,0.812,17.1,-9999,Esperance,-35996.4,MURAT_202002_MRE,9,September,25.7,19.0,24.6
2020-09-30T12:00:00Z,0.932,17.1,-9999,Esperance,-35996.4,MURAT_202002_MRE,9,September,25.7,19.0,24.6
2020-09-30T13:00:00Z,1.022,17,-9999,Esperance,-35996.4,MURAT_202002_MRE,9,September,25.7,19.0,24.6
2020-09-30T14:00:00Z,1.087,17.1,-9999,Esperance,-35996.4,MURAT_202002_MRE,9,September,25.7,19.0,24.6
2020-09-30T15:00:00Z,1.118,17.1,-9999,Esperance,-35996.4,MURAT_202002_MRE,9,September,25.7,19.0,24.6
2020-09-30T16:00:00Z,1.057,17.1,-9999,Esperance,-35996.4,MURAT_202002_MRE,9,September,25.7,19.0,24.6
2020-09-30T17:00:00Z,0.954,17.1,-9999,Esperance,-35996.4,MURAT_202002_MRE,9,September,25.7,19.0,24.6
2020-09-30T18:00:00Z,0.827,17.1,-9999,Esperance,-35996.4,MURAT_202002_MRE,9,September,25.7,19.0,24.6
2020-09-30T19:00:00Z,0.715,17.1,-9999,Esperance,-35996.4,MURAT_202002_MRE,9,September,25.7,19.0,24.6
2020-09-30T20:00:00Z,0.678,17.1,-9999,Esperance,-35996.4,MURAT_202002_MRE,9,September,25.7,19.0,24.6
2020-09-30T21:00:00Z,0.683,17,-9999,Esperance,-35996.4,MURAT_202002_MRE,9,September,25.7,19.0,24.6
2020-09-30T22:00:00Z,0.745,17,-9999,Esperance,-35996.4,MURAT_202002_MRE,9,September,25.7,19.0,24.6
2020-09-30T23:00:00Z,0.906,17,-9999,Esperance,-35996.4,MURAT_202002_MRE,9,September,25.7,19.0,24.6
2020-10-01T00:00:00Z,1.028,17,-9999,Esperance,-35996.4,MURAT_202002_MRE,10,October,25.0,21.1,26.4
2020-10-01T01:00:00Z,1.129,17,-9999,Esperance,-35996.4,MURAT_202002_MRE,10,October,25.0,21.1,26.4
2020-10-01T02:00:00Z,1.205,17,-9999,Esperance,-35996.4,MURAT_202002_MRE,10,October,25.0,21.1,26.4
2020-10-01T03:00:00Z,1.213,17.1,-9999,Esperance,-35996.4,MURAT_202002_MRE,10,October,25.0,21.1,26.4
2020-10-01T04:00:00Z,1.134,17.1,-9999,Esperance,-35996.4,MURAT_202002_MRE,10,October,25.0,21.1,26.4
2020-10-01T05:00:00Z,1.042,17.1,-9999,Esperance,-35996.4,MURAT_202002_MRE,10,October,25.0,21.1,26.4
2020-10-01T06:00:00Z,0.917,17.1,-9999,Esperance,-35996.4,MURAT_202002_MRE,10,October,25.0,21.1,26.4
2020-10-01T07:00:00Z,0.785,17.1,-9999,Esperance,-35996.4,MURAT_202002_MRE,10,October,25.0,21.1,26.4
2020-10-01T08:00:00Z,0.701,17.1,-9999,Esperance,-35996.4,MURAT_202002_MRE,10,October,25.0,21.1,26.4
2020-10-01T09:00:00Z,0.633,17.1,-9999,Esperance,-35996.4,MURAT_202002_MRE,10,October,25.0,21.1,26.4
2020-10-01T10:00:00Z,0.705,17.1,-9999,Esperance,-35996.4,MURAT_202002_MRE,10,October,25.0,21.1,26.4
2020-10-01T11:00:00Z,0.845,17.1,-9999,Esperance,-35996.4,MURAT_202002_MRE,10,October,25.0,21.1,26.4
2020-10-01T12:00:00Z,0.954,17.1,-9999,Esperance,-35996.4,MURAT_202002_MRE,10,October,25.0,21.1,26.4
2020-10-01T13:00:00Z,1.077,17.1,-9999,Esperance,-35996.4,MURAT_202002_MRE,10,October,25.0,21.1,26.4
2020-10-01T14:00:00Z,1.148,17.1,-9999,Esperance,-35996.4,MURAT_202002_MRE,10,October,25.0,21.1,26.4
2020-10-01T15:00:00Z,1.15,17.1,-9999,Esperance,-35996.4,MURAT_202002_MRE,10,October,25.0,21.1,26.4
2020-10-01T16:00:00Z,1.129,17.1,-9999,Esperance,-35996.4,MURAT_202002_MRE,10,October,25.0,21.1,26.4
2020-10-01T17:00:00Z,0.987,17.1,-9999,Esperance,-35996.4,MURAT_202002_MRE,10,October,25.0,21.1,26.4
2020-10-01T18:00:00Z,0.882,17.1,-9999,Esperance,-35996.4,MURAT_202002_MRE,10,October,25.0,21.1,26.4
2020-10-01T19:00:00Z,0.774,17.1,-9999,Esperance,-35996.4,MURAT_202002_MRE,10,October,25.0,21.1,26.4
2020-10-01T20:00:00Z,0.67,17.1,-9999,Esperance,-35996.4,MURAT_202002_MRE,10,October,25.0,21.1,26.4
2020-10-01T21:00:00Z,0.642,17.1,-9999,Esperance,-35996.4,MURAT_202002_MRE,10,October,25.0,21.1,26.4
2020-10-01T22:00:00Z,0.714,17.1,-9999,Esperance,-35996.4,MURAT_202002_MRE,10,October,25.0,21.1,26.4
2020-10-01T23:00:00Z,0.846,17.1,-9999,Esperance,-35996.4,MURAT_202002_MRE,10,October,25.0,21.1,26.4
2020-10-02T00:00:00Z,0.992,17.1,-9999,Esperance,-35996.4,MURAT_202002_MRE,10,October,25.0,21.1,26.4
2020-10-02T01:00:00Z,1.119,17.2,-9999,Esperance,-35996.4,MURAT_202002_MRE,10,October,25.0,21.1,26.4
2020-10-02T02:00:00Z,1.229,17.2,-9999,Esperance,-35996.4,MURAT_202002_MRE,10,October,25.0,21.1,26.4
2020-10-02T03:00:00Z,1.24,17.2,-9999,Esperance,-35996.4,MURAT_202002_MRE,10,October,25.0,21.1,26.4
2020-10-02T04:00:00Z,1.188,17.3,-9999,Esperance,-35996.4,MURAT_202002_MRE,10,October,25.0,21.1,26.4
2020-10-02T05:00:00Z,1.101,17.3,-9999,Esperance,-35996.4,MURAT_202002_MRE,10,October,25.0,21.1,26.4
2020-10-02T06:00:00Z,0.957,17.3,-9999,Esperance,-35996.4,MURAT_202002_MRE,10,October,25.0,21.1,26.4
2020-10-02T07:00:00Z,0.842,17.3,-9999,Esperance,-35996.4,MURAT_202002_MRE,10,October,25.0,21.1,26.4
2020-10-02T08:00:00Z,0.75,17.3,-9999,Esperance,-35996.4,MURAT_202002_MRE,10,October,25.0,21.1,26.4
2020-10-02T09:00:00Z,0.65,17.3,-9999,Esperance,-35996.4,MURAT_202002_MRE,10,October,25.0,21.1,26.4
2020-10-02T10:00:00Z,0.688,17.2,-9999,Esperance,-35996.4,MURAT_202002_MRE,10,October,25.0,21.1,26.4
2020-10-02T11:00:00Z,0.815,17.2,-9999,Esperance,-35996.4,MURAT_202002_MRE,10,October,25.0,21.1,26.4
2020-10-02T12:00:00Z,0.933,17.2,-9999,Esperance,-35996.4,MURAT_202002_MRE,10,October,25.0,21.1,26.4
2020-10-02T13:00:00Z,1.063,17.1,-9999,Esperance,-35996.4,MURAT_202002_MRE,10,October,25.0,21.1,26.4
2020-10-02T14:00:00Z,1.178,17.1,-9999,Esperance,-35996.4,MURAT_202002_MRE,10,October,25.0,21.1,26.4
2020-10-02T15:00:00Z,1.174,17.1,-9999,Esperance,-35996.4,MURAT_202002_MRE,10,October,25.0,21.1,26.4
2020-10-02T16:00:00Z,1.143,17.1,-9999,Esperance,-35996.4,MURAT_202002_MRE,10,October,25.0,21.1,26.4
2020-10-02T17:00:00Z,1.035,17.1,-9999,Esperance,-35996.4,MURAT_202002_MRE,10,October,25.0,21.1,26.4
2020-10-02T18:00:00Z,0.883,17.1,-9999,Esperance,-35996.4,MURAT_202002_MRE,10,October,25.0,21.1,26.4
2020-10-02T19:00:00Z,0.738,17.1,-9999,Esperance,-35996.4,MURAT_202002_MRE,10,October,25.0,21.1,26.4
2020-10-02T20:00:00Z,0.611,17.1,-9999,Esperance,-35996.4,MURAT_202002_MRE,10,October,25.0,21.1,26.4
2020-10-02T21:00:00Z,0.532,17.1,-9999,Esperance,-35996.4,MURAT_202002_MRE,10,October,25.0,21.1,26.4
2020-10-02T22:00:00Z,0.563,17.1,-9999,Esperance,-35996.4,MURAT_202002_MRE,10,October,25.0,21.1,26.4
2020-10-02T23:00:00Z,0.632,17.1,-9999,Esperance,-35996.4,MURAT_202002_MRE,10,October,25.0,21.1,26.4
2020-10-03T00:00:00Z,0.752,17.1,-9999,Esperance,-35996.4,MURAT_202002_MRE,10,October,25.0,21.1,26.4
2020-10-03T01:00:00Z,0.895,17.1,-9999,Esperance,-35996.4,MURAT_202002_MRE,10,October,25.0,21.1,26.4
2020-10-03T02:00:00Z,0.971,17.1,-9999,Esperance,-35996.4,MURAT_202002_MRE,10,October,25.0,21.1,26.4
2020-10-03T03:00:00Z,1.003,17.1,-9999,Esperance,-35996.4,MURAT_202002_MRE,10,October,25.0,21.1,26.4
2020-10-03T04:00:00Z,0.989,17.1,-9999,Esperance,-35996.4,MURAT_202002_MRE,10,October,25.0,21.1,26.4
2020-10-03T05:00:00Z,0.894,17.1,-9999,Esperance,-35996.4,MURAT_202002_MRE,10,October,25.0,21.1,26.4
2020-10-03T06:00:00Z,0.782,17.1,-9999,Esperance,-35996.4,MURAT_202002_MRE,10,October,25.0,21.1,26.4
2020-10-03T07:00:00Z,0.677,17.1,-9999,Esperance,-35996.4,MURAT_202002_MRE,10,October,25.0,21.1,26.4
2020-10-03T08:00:00Z,0.534,17.1,-9999,Esperance,-35996.4,MURAT_202002_MRE,10,October,25.0,21.1,26.4
2020-10-03T09:00:00Z,0.526,17.1,-9999,Esperance,-35996.4,MURAT_202002_MRE,10,October,25.0,21.1,26.4
2020-10-03T10:00:00Z,0.559,17.1,-9999,Esperance,-35996.4,MURAT_202002_MRE,10,October,25.0,21.1,26.4
2020-10-03T11:00:00Z,0.625,17.1,-9999,Esperance,-35996.4,MURAT_202002_MRE,10,October,25.0,21.1,26.4
2020-10-03T12:00:00Z,0.817,17.1,-9999,Esperance,-35996.4,MURAT_202002_MRE,10,October,25.0,21.1,26.4
2020-10-03T13:00:00Z,0.968,17.1,-9999,Esperance,-35996.4,MURAT_202002_MRE,10,October,25.0,21.1,26.4
2020-10-03T14:00:00Z,1.036,17.1,-9999,Esperance,-35996.4,MURAT_202002_MRE,10,October,25.0,21.1,26.4
2020-10-03T15:00:00Z,1.132,17.1,-9999,Esperance,-35996.4,MURAT_202002_MRE,10,October,25.0,21.1,26.4
2020-10-03T16:00:00Z,1.106,17.1,-9999,Esperance,-35996.4,MURAT_202002_MRE,10,October,25.0,21.1,26.4
2020-10-03T17:00:00Z,0.982,17,-9999,Esperance,-35996.4,MURAT_202002_MRE,10,October,25.0,21.1,26.4
2020-10-03T18:00:00Z,0.856,17,-9999,Esperance,-35996.4,MURAT_202002_MRE,10,October,25.0,21.1,26.4
2020-10-03T19:00:00Z,0.74,17,-9999,Esperance,-35996.4,MURAT_202002_MRE,10,October,25.0,21.1,26.4
2020-10-03T20:00:00Z,0.567,17,-9999,Esperance,-35996.4,MURAT_202002_MRE,10,October,25.0,21.1,26.4
2020-10-03T21:00:00Z,0.486,16.9,-9999,Esperance,-35996.4,MURAT_202002_MRE,10,October,25.0,21.1,26.4
2020-10-03T22:00:00Z,0.531,16.9,-9999,Esperance,-35996.4,MURAT_202002_MRE,10,October,25.0,21.1,26.4
2020-10-03T23:00:00Z,0.525,16.9,-9999,Esperance,-35996.4,MURAT_202002_MRE,10,October,25.0,21.1,26.4
2020-10-04T00:00:00Z,0.628,16.9,-9999,Esperance,-35996.4,MURAT_202002_MRE,10,October,25.0,21.1,26.4
2020-10-04T01:00:00Z,0.814,16.9,-9999,Esperance,-35996.4,MURAT_202002_MRE,10,October,25.0,21.1,26.4
2020-10-04T02:00:00Z,0.87,16.9,-9999,Esperance,-35996.4,MURAT_202002_MRE,10,October,25.0,21.1,26.4
2020-10-04T03:00:00Z,0.904,16.9,-9999,Esperance,-35996.4,MURAT_202002_MRE,10,October,25.0,21.1,26.4
2020-10-04T04:00:00Z,0.916,16.9,-9999,Esperance,-35996.4,MURAT_202002_MRE,10,October,25.0,21.1,26.4
2020-10-04T05:00:00Z,0.829,17,-9999,Esperance,-35996.4,MURAT_202002_MRE,10,October,25.0,21.1,26.4
2020-10-04T06:00:00Z,0.707,17,-9999,Esperance,-35996.4,MURAT_202002_MRE,10,October,25.0,21.1,26.4
2020-10-04T07:00:00Z,0.606,17,-9999,Esperance,-35996.4,MURAT_202002_MRE,10,October,25.0,21.1,26.4
2020-10-04T08:00:00Z,0.509,17,-9999,Esperance,-35996.4,MURAT_202002_MRE,10,October,25.0,21.1,26.4
2020-10-04T09:00:00Z,0.417,16.9,-9999,Esperance,-35996.4,MURAT_202002_MRE,10,October,25.0,21.1,26.4
2020-10-04T10:00:00Z,0.473,16.9,-9999,Esperance,-35996.4,MURAT_202002_MRE,10,October,25.0,21.1,26.4
2020-10-04T11:00:00Z,0.555,16.9,-9999,Esperance,-35996.4,MURAT_202002_MRE,10,October,25.0,21.1,26.4
2020-10-04T12:00:00Z,0.637,16.9,-9999,Esperance,-35996.4,MURAT_202002_MRE,10,October,25.0,21.1,26.4
2020-10-04T13:00:00Z,0.852,16.9,-9999,Esperance,-35996.4,MURAT_202002_MRE,10,October,25.0,21.1,26.4
2020-10-04T14:00:00Z,0.946,16.8,-9999,Esperance,-35996.4,MURAT_202002_MRE,10,October,25.0,21.1,26.4
2020-10-04T15:00:00Z,0.984,16.8,-9999,Esperance,-35996.4,MURAT_202002_MRE,10,October,25.0,21.1,26.4
2020-10-04T16:00:00Z,0.992,16.8,-9999,Esperance,-35996.4,MURAT_202002_MRE,10,October,25.0,21.1,26.4
2020-10-04T17:00:00Z,0.941,16.8,-9999,Esperance,-35996.4,MURAT_202002_MRE,10,October,25.0,21.1,26.4
2020-10-04T18:00:00Z,0.8,16.7,-9999,Esperance,-35996.4,MURAT_202002_MRE,10,October,25.0,21.1,26.4
2020-10-04T19:00:00Z,0.649,16.7,-9999,Esperance,-35996.4,MURAT_202002_MRE,10,October,25.0,21.1,26.4
2020-10-04T20:00:00Z,0.541,16.7,-9999,Esperance,-35996.4,MURAT_202002_MRE,10,October,25.0,21.1,26.4
2020-10-04T21:00:00Z,0.424,16.6,-9999,Esperance,-35996.4,MURAT_202002_MRE,10,October,25.0,21.1,26.4
2020-10-04T22:00:00Z,0.351,16.6,-9999,Esperance,-35996.4,MURAT_202002_MRE,10,October,25.0,21.1,26.4
2020-10-04T23:00:00Z,0.384,16.6,-9999,Esperance,-35996.4,MURAT_202002_MRE,10,October,25.0,21.1,26.4
2020-10-05T00:00:00Z,0.429,16.6,-9999,Esperance,-35996.4,MURAT_202002_MRE,10,October,25.0,21.1,26.4
2020-10-05T01:00:00Z,0.517,16.6,-9999,Esperance,-35996.4,MURAT_202002_MRE,10,October,25.0,21.1,26.4
2020-10-05T02:00:00Z,0.618,16.6,-9999,Esperance,-35996.4,MURAT_202002_MRE,10,October,25.0,21.1,26.4
2020-10-05T03:00:00Z,0.663,16.7,-9999,Esperance,-35996.4,MURAT_202002_MRE,10,October,25.0,21.1,26.4
2020-10-05T04:00:00Z,0.65,16.7,-9999,Esperance,-35996.4,MURAT_202002_MRE,10,October,25.0,21.1,26.4
2020-10-05T05:00:00Z,0.607,16.7,-9999,Esperance,-35996.4,MURAT_202002_MRE,10,October,25.0,21.1,26.4
2020-10-05T06:00:00Z,0.519,16.7,-9999,Esperance,-35996.4,MURAT_202002_MRE,10,October,25.0,21.1,26.4
2020-10-05T07:00:00Z,0.405,16.7,-9999,Esperance,-35996.4,MURAT_202002_MRE,10,October,25.0,21.1,26.4
2020-10-05T08:00:00Z,0.338,16.7,-9999,Esperance,-35996.4,MURAT_202002_MRE,10,October,25.0,21.1,26.4
2020-10-05T09:00:00Z,0.326,16.7,-9999,Esperance,-35996.4,MURAT_202002_MRE,10,October,25.0,21.1,26.4
2020-10-05T10:00:00Z,0.314,16.7,-9999,Esperance,-35996.4,MURAT_202002_MRE,10,October,25.0,21.1,26.4
2020-10-05T11:00:00Z,0.412,16.7,-9999,Esperance,-35996.4,MURAT_202002_MRE,10,October,25.0,21.1,26.4
2020-10-05T12:00:00Z,0.537,16.7,-9999,Esperance,-35996.4,MURAT_202002_MRE,10,October,25.0,21.1,26.4
2020-10-05T13:00:00Z,0.699,16.7,-9999,Esperance,-35996.4,MURAT_202002_MRE,10,October,25.0,21.1,26.4
2020-10-05T14:00:00Z,0.817,16.6,-9999,Esperance,-35996.4,MURAT_202002_MRE,10,October,25.0,21.1,26.4
2020-10-05T15:00:00Z,0.891,16.6,-9999,Esperance,-35996.4,MURAT_202002_MRE,10,October,25.0,21.1,26.4
2020-10-05T16:00:00Z,0.942,16.6,-9999,Esperance,-35996.4,MURAT_202002_MRE,10,October,25.0,21.1,26.4
2020-10-05T17:00:00Z,0.894,16.6,-9999,Esperance,-35996.4,MURAT_202002_MRE,10,October,25.0,21.1,26.4
2020-10-05T18:00:00Z,0.776,16.5,-9999,Esperance,-35996.4,MURAT_202002_MRE,10,October,25.0,21.1,26.4
2020-10-05T19:00:00Z,0.682,16.5,-9999,Esperance,-35996.4,MURAT_202002_MRE,10,October,25.0,21.1,26.4
2020-10-05T20:00:00Z,0.519,16.5,-9999,Esperance,-35996.4,MURAT_202002_MRE,10,October,25.0,21.1,26.4
2020-10-05T21:00:00Z,0.423,16.5,-9999,Esperance,-35996.4,MURAT_202002_MRE,10,October,25.0,21.1,26.4
2020-10-05T22:00:00Z,0.367,16.4,-9999,Esperance,-35996.4,MURAT_202002_MRE,10,October,25.0,21.1,26.4
2020-10-05T23:00:00Z,0.335,16.4,-9999,Esperance,-35996.4,MURAT_202002_MRE,10,October,25.0,21.1,26.4
2020-10-06T00:00:00Z,0.339,16.4,-9999,Esperance,-35996.4,MURAT_202002_MRE,10,October,25.0,21.1,26.4
2020-10-06T01:00:00Z,0.443,16.4,-9999,Esperance,-35996.4,MURAT_202002_MRE,10,October,25.0,21.1,26.4
2020-10-06T02:00:00Z,0.55,16.5,-9999,Esperance,-35996.4,MURAT_202002_MRE,10,October,25.0,21.1,26.4
2020-10-06T03:00:00Z,0.564,16.6,-9999,Esperance,-35996.4,MURAT_202002_MRE,10,October,25.0,21.1,26.4
2020-10-06T04:00:00Z,0.604,16.8,-9999,Esperance,-35996.4,MURAT_202002_MRE,10,October,25.0,21.1,26.4
2020-10-06T05:00:00Z,0.588,16.8,-9999,Esperance,-35996.4,MURAT_202002_MRE,10,October,25.0,21.1,26.4
2020-10-06T06:00:00Z,0.481,16.8,-9999,Esperance,-35996.4,MURAT_202002_MRE,10,October,25.0,21.1,26.4
2020-10-06T07:00:00Z,0.435,16.9,-9999,Esperance,-35996.4,MURAT_202002_MRE,10,October,25.0,21.1,26.4
2020-10-06T08:00:00Z,0.376,16.9,-9999,Esperance,-35996.4,MURAT_202002_MRE,10,October,25.0,21.1,26.4
2020-10-06T09:00:00Z,0.308,16.8,-9999,Esperance,-35996.4,MURAT_202002_MRE,10,October,25.0,21.1,26.4
2020-10-06T10:00:00Z,0.36,16.8,-9999,Esperance,-35996.4,MURAT_202002_MRE,10,October,25.0,21.1,26.4
2020-10-06T11:00:00Z,0.434,16.8,-9999,Esperance,-35996.4,MURAT_202002_MRE,10,October,25.0,21.1,26.4
2020-10-06T12:00:00Z,0.529,16.7,-9999,Esperance,-35996.4,MURAT_202002_MRE,10,October,25.0,21.1,26.4
2020-10-06T13:00:00Z,0.676,16.7,-9999,Esperance,-35996.4,MURAT_202002_MRE,10,October,25.0,21.1,26.4
2020-10-06T14:00:00Z,0.813,16.7,-9999,Esperance,-35996.4,MURAT_202002_MRE,10,October,25.0,21.1,26.4
2020-10-06T15:00:00Z,0.887,16.7,-9999,Esperance,-35996.4,MURAT_202002_MRE,10,October,25.0,21.1,26.4
2020-10-06T16:00:00Z,0.938,16.6,-9999,Esperance,-35996.4,MURAT_202002_MRE,10,October,25.0,21.1,26.4
2020-10-06T17:00:00Z,0.941,16.6,-9999,Esperance,-35996.4,MURAT_202002_MRE,10,October,25.0,21.1,26.4
2020-10-06T18:00:00Z,0.855,16.6,-9999,Esperance,-35996.4,MURAT_202002_MRE,10,October,25.0,21.1,26.4
2020-10-06T19:00:00Z,0.741,16.5,-9999,Esperance,-35996.4,MURAT_202002_MRE,10,October,25.0,21.1,26.4
2020-10-06T20:00:00Z,0.642,16.5,-9999,Esperance,-35996.4,MURAT_202002_MRE,10,October,25.0,21.1,26.4
2020-10-06T21:00:00Z,0.517,16.4,-9999,Esperance,-35996.4,MURAT_202002_MRE,10,October,25.0,21.1,26.4
2020-10-06T22:00:00Z,0.461,16.4,-9999,Esperance,-35996.4,MURAT_202002_MRE,10,October,25.0,21.1,26.4
2020-10-06T23:00:00Z,0.427,16.4,-9999,Esperance,-35996.4,MURAT_202002_MRE,10,October,25.0,21.1,26.4
2020-10-07T00:00:00Z,0.406,16.4,-9999,Esperance,-35996.4,MURAT_202002_MRE,10,October,25.0,21.1,26.4
2020-10-07T01:00:00Z,0.49,16.4,-9999,Esperance,-35996.4,MURAT_202002_MRE,10,October,25.0,21.1,26.4
2020-10-07T02:00:00Z,0.571,16.3,-9999,Esperance,-35996.4,MURAT_202002_MRE,10,October,25.0,21.1,26.4
2020-10-07T03:00:00Z,0.584,16.3,-9999,Esperance,-35996.4,MURAT_202002_MRE,10,October,25.0,21.1,26.4
2020-10-07T04:00:00Z,0.638,16.5,-9999,Esperance,-35996.4,MURAT_202002_MRE,10,October,25.0,21.1,26.4
2020-10-07T05:00:00Z,0.629,16.6,-9999,Esperance,-35996.4,MURAT_202002_MRE,10,October,25.0,21.1,26.4
2020-10-07T06:00:00Z,0.558,16.6,-9999,Esperance,-35996.4,MURAT_202002_MRE,10,October,25.0,21.1,26.4
2020-10-07T07:00:00Z,0.507,16.6,-9999,Esperance,-35996.4,MURAT_202002_MRE,10,October,25.0,21.1,26.4
2020-10-07T08:00:00Z,0.492,16.6,-9999,Esperance,-35996.4,MURAT_202002_MRE,10,October,25.0,21.1,26.4
2020-10-07T09:00:00Z,0.447,16.8,-9999,Esperance,-35996.4,MURAT_202002_MRE,10,October,25.0,21.1,26.4
2020-10-07T10:00:00Z,0.465,16.7,-9999,Esperance,-35996.4,MURAT_202002_MRE,10,October,25.0,21.1,26.4
2020-10-07T11:00:00Z,0.569,16.7,-9999,Esperance,-35996.4,MURAT_202002_MRE,10,October,25.0,21.1,26.4
2020-10-07T12:00:00Z,0.638,16.7,-9999,Esperance,-35996.4,MURAT_202002_MRE,10,October,25.0,21.1,26.4
2020-10-07T13:00:00Z,0.749,16.6,-9999,Esperance,-35996.4,MURAT_202002_MRE,10,October,25.0,21.1,26.4
2020-10-07T14:00:00Z,0.91,16.6,-9999,Esperance,-35996.4,MURAT_202002_MRE,10,October,25.0,21.1,26.4
2020-10-07T15:00:00Z,0.999,16.5,-9999,Esperance,-35996.4,MURAT_202002_MRE,10,October,25.0,21.1,26.4
2020-10-07T16:00:00Z,1.063,16.5,-9999,Esperance,-35996.4,MURAT_202002_MRE,10,October,25.0,21.1,26.4
2020-10-07T17:00:00Z,1.075,16.5,-9999,Esperance,-35996.4,MURAT_202002_MRE,10,October,25.0,21.1,26.4
2020-10-07T18:00:00Z,1.063,16.4,-9999,Esperance,-35996.4,MURAT_202002_MRE,10,October,25.0,21.1,26.4
2020-10-07T19:00:00Z,0.968,16.4,-9999,Esperance,-35996.4,MURAT_202002_MRE,10,October,25.0,21.1,26.4
2020-10-07T20:00:00Z,0.899,16.4,-9999,Esperance,-35996.4,MURAT_202002_MRE,10,October,25.0,21.1,26.4
2020-10-07T21:00:00Z,0.807,16.4,-9999,Esperance,-35996.4,MURAT_202002_MRE,10,October,25.0,21.1,26.4
2020-10-07T22:00:00Z,0.718,16.4,-9999,Esperance,-35996.4,MURAT_202002_MRE,10,October,25.0,21.1,26.4
2020-10-07T23:00:00Z,0.684,16.4,-9999,Esperance,-35996.4,MURAT_202002_MRE,10,October,25.0,21.1,26.4
2020-10-08T00:00:00Z,0.67,16.4,-9999,Esperance,-35996.4,MURAT_202002_MRE,10,October,25.0,21.1,26.4
2020-10-08T01:00:00Z,0.662,16.4,-9999,Esperance,-35996.4,MURAT_202002_MRE,10,October,25.0,21.1,26.4
2020-10-08T02:00:00Z,0.725,16.4,-9999,Esperance,-35996.4,MURAT_202002_MRE,10,October,25.0,21.1,26.4
2020-10-08T03:00:00Z,0.7,16.5,-9999,Esperance,-35996.4,MURAT_202002_MRE,10,October,25.0,21.1,26.4
2020-10-08T04:00:00Z,0.708,16.5,-9999,Esperance,-35996.4,MURAT_202002_MRE,10,October,25.0,21.1,26.4
2020-10-08T05:00:00Z,0.675,16.5,-9999,Esperance,-35996.4,MURAT_202002_MRE,10,October,25.0,21.1,26.4
2020-10-08T06:00:00Z,0.601,16.5,-9999,Esperance,-35996.4,MURAT_202002_MRE,10,October,25.0,21.1,26.4
2020-10-08T07:00:00Z,0.562,16.5,-9999,Esperance,-35996.4,MURAT_202002_MRE,10,October,25.0,21.1,26.4
2020-10-08T08:00:00Z,0.526,16.5,-9999,Esperance,-35996.4,MURAT_202002_MRE,10,October,25.0,21.1,26.4
2020-10-08T09:00:00Z,0.476,16.5,-9999,Esperance,-35996.4,MURAT_202002_MRE,10,October,25.0,21.1,26.4
2020-10-08T10:00:00Z,0.526,16.5,-9999,Esperance,-35996.4,MURAT_202002_MRE,10,October,25.0,21.1,26.4
2020-10-08T11:00:00Z,0.621,16.5,-9999,Esperance,-35996.4,MURAT_202002_MRE,10,October,25.0,21.1,26.4
2020-10-08T12:00:00Z,0.679,16.5,-9999,Esperance,-35996.4,MURAT_202002_MRE,10,October,25.0,21.1,26.4
2020-10-08T13:00:00Z,0.775,16.5,-9999,Esperance,-35996.4,MURAT_202002_MRE,10,October,25.0,21.1,26.4
2020-10-08T14:00:00Z,0.939,16.5,-9999,Esperance,-35996.4,MURAT_202002_MRE,10,October,25.0,21.1,26.4
2020-10-08T15:00:00Z,1.003,16.4,-9999,Esperance,-35996.4,MURAT_202002_MRE,10,October,25.0,21.1,26.4
2020-10-08T16:00:00Z,1.031,16.4,-9999,Esperance,-35996.4,MURAT_202002_MRE,10,October,25.0,21.1,26.4
2020-10-08T17:00:00Z,1.078,16.4,-9999,Esperance,-35996.4,MURAT_202002_MRE,10,October,25.0,21.1,26.4
2020-10-08T18:00:00Z,1.053,16.4,-9999,Esperance,-35996.4,MURAT_202002_MRE,10,October,25.0,21.1,26.4
2020-10-08T19:00:00Z,1.004,16.4,-9999,Esperance,-35996.4,MURAT_202002_MRE,10,October,25.0,21.1,26.4
2020-10-08T20:00:00Z,0.951,16.4,-9999,Esperance,-35996.4,MURAT_202002_MRE,10,October,25.0,21.1,26.4
2020-10-08T21:00:00Z,0.861,16.4,-9999,Esperance,-35996.4,MURAT_202002_MRE,10,October,25.0,21.1,26.4
2020-10-08T22:00:00Z,0.83,16.4,-9999,Esperance,-35996.4,MURAT_202002_MRE,10,October,25.0,21.1,26.4
2020-10-08T23:00:00Z,0.76,16.5,-9999,Esperance,-35996.4,MURAT_202002_MRE,10,October,25.0,21.1,26.4
2020-10-09T00:00:00Z,0.717,16.5,-9999,Esperance,-35996.4,MURAT_202002_MRE,10,October,25.0,21.1,26.4
2020-10-09T01:00:00Z,0.711,16.6,-9999,Esperance,-35996.4,MURAT_202002_MRE,10,October,25.0,21.1,26.4
2020-10-09T02:00:00Z,0.688,16.9,-9999,Esperance,-35996.4,MURAT_202002_MRE,10,October,25.0,21.1,26.4
2020-10-09T03:00:00Z,0.652,17.1,-9999,Esperance,-35996.4,MURAT_202002_MRE,10,October,25.0,21.1,26.4
2020-10-09T04:00:00Z,0.639,17.3,-9999,Esperance,-35996.4,MURAT_202002_MRE,10,October,25.0,21.1,26.4
2020-10-09T05:00:00Z,0.599,17.3,-9999,Esperance,-35996.4,MURAT_202002_MRE,10,October,25.0,21.1,26.4
2020-10-09T06:00:00Z,0.552,17.4,-9999,Esperance,-35996.4,MURAT_202002_MRE,10,October,25.0,21.1,26.4
2020-10-09T07:00:00Z,0.514,17.6,-9999,Esperance,-35996.4,MURAT_202002_MRE,10,October,25.0,21.1,26.4
2020-10-09T08:00:00Z,0.492,17.6,-9999,Esperance,-35996.4,MURAT_202002_MRE,10,October,25.0,21.1,26.4
2020-10-09T09:00:00Z,0.469,17.3,-9999,Esperance,-35996.4,MURAT_202002_MRE,10,October,25.0,21.1,26.4
2020-10-09T10:00:00Z,0.515,17.3,-9999,Esperance,-35996.4,MURAT_202002_MRE,10,October,25.0,21.1,26.4
2020-10-09T11:00:00Z,0.589,17.4,-9999,Esperance,-35996.4,MURAT_202002_MRE,10,October,25.0,21.1,26.4
2020-10-09T12:00:00Z,0.674,17.4,-9999,Esperance,-35996.4,MURAT_202002_MRE,10,October,25.0,21.1,26.4
2020-10-09T13:00:00Z,0.724,17.4,-9999,Esperance,-35996.4,MURAT_202002_MRE,10,October,25.0,21.1,26.4
2020-10-09T14:00:00Z,0.828,17.4,-9999,Esperance,-35996.4,MURAT_202002_MRE,10,October,25.0,21.1,26.4
2020-10-09T15:00:00Z,0.915,17.4,-9999,Esperance,-35996.4,MURAT_202002_MRE,10,October,25.0,21.1,26.4
2020-10-09T16:00:00Z,0.934,17.4,-9999,Esperance,-35996.4,MURAT_202002_MRE,10,October,25.0,21.1,26.4
2020-10-09T17:00:00Z,0.96,17.4,-9999,Esperance,-35996.4,MURAT_202002_MRE,10,October,25.0,21.1,26.4
2020-10-09T18:00:00Z,0.966,17.4,-9999,Esperance,-35996.4,MURAT_202002_MRE,10,October,25.0,21.1,26.4
2020-10-09T19:00:00Z,0.938,17.4,-9999,Esperance,-35996.4,MURAT_202002_MRE,10,October,25.0,21.1,26.4
2020-10-09T20:00:00Z,0.905,17.4,-9999,Esperance,-35996.4,MURAT_202002_MRE,10,October,25.0,21.1,26.4
2020-10-09T21:00:00Z,0.897,17.4,-9999,Esperance,-35996.4,MURAT_202002_MRE,10,October,25.0,21.1,26.4
2020-10-09T22:00:00Z,0.872,17.3,-9999,Esperance,-35996.4,MURAT_202002_MRE,10,October,25.0,21.1,26.4
2020-10-09T23:00:00Z,0.823,17.3,-9999,Esperance,-35996.4,MURAT_202002_MRE,10,October,25.0,21.1,26.4
2020-10-10T00:00:00Z,0.793,17.3,-9999,Esperance,-35996.4,MURAT_202002_MRE,10,October,25.0,21.1,26.4
2020-10-10T01:00:00Z,0.781,17.4,-9999,Esperance,-35996.4,MURAT_202002_MRE,10,October,25.0,21.1,26.4
2020-10-10T02:00:00Z,0.717,17.5,-9999,Esperance,-35996.4,MURAT_202002_MRE,10,October,25.0,21.1,26.4
2020-10-10T03:00:00Z,0.682,17.5,-9999,Esperance,-35996.4,MURAT_202002_MRE,10,October,25.0,21.1,26.4
2020-10-10T04:00:00Z,0.636,17.5,-9999,Esperance,-35996.4,MURAT_202002_MRE,10,October,25.0,21.1,26.4
2020-10-10T05:00:00Z,0.563,17.6,-9999,Esperance,-35996.4,MURAT_202002_MRE,10,October,25.0,21.1,26.4
2020-10-10T06:00:00Z,0.517,17.9,-9999,Esperance,-35996.4,MURAT_202002_MRE,10,October,25.0,21.1,26.4
2020-10-10T07:00:00Z,0.484,17.8,-9999,Esperance,-35996.4,MURAT_202002_MRE,10,October,25.0,21.1,26.4
2020-10-10T08:00:00Z,0.468,17.8,-9999,Esperance,-35996.4,MURAT_202002_MRE,10,October,25.0,21.1,26.4
2020-10-10T09:00:00Z,0.489,17.7,-9999,Esperance,-35996.4,MURAT_202002_MRE,10,October,25.0,21.1,26.4
2020-10-10T10:00:00Z,0.53,17.6,-9999,Esperance,-35996.4,MURAT_202002_MRE,10,October,25.0,21.1,26.4
2020-10-10T11:00:00Z,0.638,17.5,-9999,Esperance,-35996.4,MURAT_202002_MRE,10,October,25.0,21.1,26.4
2020-10-10T12:00:00Z,0.71,17.3,-9999,Esperance,-35996.4,MURAT_202002_MRE,10,October,25.0,21.1,26.4
2020-10-10T13:00:00Z,0.795,17.3,-9999,Esperance,-35996.4,MURAT_202002_MRE,10,October,25.0,21.1,26.4
2020-10-10T14:00:00Z,0.856,17.2,-9999,Esperance,-35996.4,MURAT_202002_MRE,10,October,25.0,21.1,26.4
2020-10-10T15:00:00Z,0.913,17.2,-9999,Esperance,-35996.4,MURAT_202002_MRE,10,October,25.0,21.1,26.4
2020-10-10T16:00:00Z,0.951,17.2,-9999,Esperance,-35996.4,MURAT_202002_MRE,10,October,25.0,21.1,26.4
2020-10-10T17:00:00Z,0.967,17.2,-9999,Esperance,-35996.4,MURAT_202002_MRE,10,October,25.0,21.1,26.4
2020-10-10T18:00:00Z,0.976,17.2,-9999,Esperance,-35996.4,MURAT_202002_MRE,10,October,25.0,21.1,26.4
2020-10-10T19:00:00Z,0.97,17.2,-9999,Esperance,-35996.4,MURAT_202002_MRE,10,October,25.0,21.1,26.4
2020-10-10T20:00:00Z,0.993,17.2,-9999,Esperance,-35996.4,MURAT_202002_MRE,10,October,25.0,21.1,26.4
2020-10-10T21:00:00Z,0.984,17.2,-9999,Esperance,-35996.4,MURAT_202002_MRE,10,October,25.0,21.1,26.4
2020-10-10T22:00:00Z,1.009,17.2,-9999,Esperance,-35996.4,MURAT_202002_MRE,10,October,25.0,21.1,26.4
2020-10-10T23:00:00Z,1.011,17.2,-9999,Esperance,-35996.4,MURAT_202002_MRE,10,October,25.0,21.1,26.4
2020-10-11T00:00:00Z,0.967,17.1,-9999,Esperance,-35996.4,MURAT_202002_MRE,10,October,25.0,21.1,26.4
2020-10-11T01:00:00Z,0.963,17.2,-9999,Esperance,-35996.4,MURAT_202002_MRE,10,October,25.0,21.1,26.4
2020-10-11T02:00:00Z,0.898,17.2,-9999,Esperance,-35996.4,MURAT_202002_MRE,10,October,25.0,21.1,26.4
2020-10-11T03:00:00Z,0.783,17.2,-9999,Esperance,-35996.4,MURAT_202002_MRE,10,October,25.0,21.1,26.4
2020-10-11T04:00:00Z,0.724,17.3,-9999,Esperance,-35996.4,MURAT_202002_MRE,10,October,25.0,21.1,26.4
2020-10-11T05:00:00Z,0.61,17.3,-9999,Esperance,-35996.4,MURAT_202002_MRE,10,October,25.0,21.1,26.4
2020-10-11T06:00:00Z,0.536,17.3,-9999,Esperance,-35996.4,MURAT_202002_MRE,10,October,25.0,21.1,26.4
2020-10-11T07:00:00Z,0.49,17.3,-9999,Esperance,-35996.4,MURAT_202002_MRE,10,October,25.0,21.1,26.4
2020-10-11T08:00:00Z,0.485,17.3,-9999,Esperance,-35996.4,MURAT_202002_MRE,10,October,25.0,21.1,26.4
2020-10-11T09:00:00Z,0.499,17.3,-9999,Esperance,-35996.4,MURAT_202002_MRE,10,October,25.0,21.1,26.4
2020-10-11T10:00:00Z,0.56,17.3,-9999,Esperance,-35996.4,MURAT_202002_MRE,10,October,25.0,21.1,26.4
2020-10-11T11:00:00Z,0.68,17.3,-9999,Esperance,-35996.4,MURAT_202002_MRE,10,October,25.0,21.1,26.4
2020-10-11T12:00:00Z,0.739,17.2,-9999,Esperance,-35996.4,MURAT_202002_MRE,10,October,25.0,21.1,26.4
2020-10-11T13:00:00Z,0.806,17.2,-9999,Esperance,-35996.4,MURAT_202002_MRE,10,October,25.0,21.1,26.4
2020-10-11T14:00:00Z,0.876,17.2,-9999,Esperance,-35996.4,MURAT_202002_MRE,10,October,25.0,21.1,26.4
2020-10-11T15:00:00Z,0.884,17.2,-9999,Esperance,-35996.4,MURAT_202002_MRE,10,October,25.0,21.1,26.4
2020-10-11T16:00:00Z,0.895,17.2,-9999,Esperance,-35996.4,MURAT_202002_MRE,10,October,25.0,21.1,26.4
2020-10-11T17:00:00Z,0.881,17.2,-9999,Esperance,-35996.4,MURAT_202002_MRE,10,October,25.0,21.1,26.4
2020-10-11T18:00:00Z,0.875,17.2,-9999,Esperance,-35996.4,MURAT_202002_MRE,10,October,25.0,21.1,26.4
2020-10-11T19:00:00Z,0.89,17.1,-9999,Esperance,-35996.4,MURAT_202002_MRE,10,October,25.0,21.1,26.4
2020-10-11T20:00:00Z,0.905,17.1,-9999,Esperance,-35996.4,MURAT_202002_MRE,10,October,25.0,21.1,26.4
2020-10-11T21:00:00Z,0.961,17.1,-9999,Esperance,-35996.4,MURAT_202002_MRE,10,October,25.0,21.1,26.4
2020-10-11T22:00:00Z,0.998,17.1,-9999,Esperance,-35996.4,MURAT_202002_MRE,10,October,25.0,21.1,26.4
2020-10-11T23:00:00Z,1.057,17.1,-9999,Esperance,-35996.4,MURAT_202002_MRE,10,October,25.0,21.1,26.4
2020-10-12T00:00:00Z,1.078,17.1,-9999,Esperance,-35996.4,MURAT_202002_MRE,10,October,25.0,21.1,26.4
2020-10-12T01:00:00Z,1.032,17.1,-9999,Esperance,-35996.4,MURAT_202002_MRE,10,October,25.0,21.1,26.4
2020-10-12T02:00:00Z,0.984,17.2,-9999,Esperance,-35996.4,MURAT_202002_MRE,10,October,25.0,21.1,26.4
2020-10-12T03:00:00Z,0.87,17.2,-9999,Esperance,-35996.4,MURAT_202002_MRE,10,October,25.0,21.1,26.4
2020-10-12T04:00:00Z,0.73,17.3,-9999,Esperance,-35996.4,MURAT_202002_MRE,10,October,25.0,21.1,26.4
2020-10-12T05:00:00Z,0.638,17.7,-9999,Esperance,-35996.4,MURAT_202002_MRE,10,October,25.0,21.1,26.4
2020-10-12T06:00:00Z,0.511,17.7,-9999,Esperance,-35996.4,MURAT_202002_MRE,10,October,25.0,21.1,26.4
2020-10-12T07:00:00Z,0.434,17.6,-9999,Esperance,-35996.4,MURAT_202002_MRE,10,October,25.0,21.1,26.4
2020-10-12T08:00:00Z,0.44,17.8,-9999,Esperance,-35996.4,MURAT_202002_MRE,10,October,25.0,21.1,26.4
2020-10-12T09:00:00Z,0.461,17.9,-9999,Esperance,-35996.4,MURAT_202002_MRE,10,October,25.0,21.1,26.4
2020-10-12T10:00:00Z,0.539,17.8,-9999,Esperance,-35996.4,MURAT_202002_MRE,10,October,25.0,21.1,26.4
2020-10-12T11:00:00Z,0.641,17.8,-9999,Esperance,-35996.4,MURAT_202002_MRE,10,October,25.0,21.1,26.4
2020-10-12T12:00:00Z,0.753,17.8,-9999,Esperance,-35996.4,MURAT_202002_MRE,10,October,25.0,21.1,26.4
2020-10-12T13:00:00Z,0.796,17.8,-9999,Esperance,-35996.4,MURAT_202002_MRE,10,October,25.0,21.1,26.4
2020-10-12T14:00:00Z,0.831,17.8,-9999,Esperance,-35996.4,MURAT_202002_MRE,10,October,25.0,21.1,26.4
2020-10-12T15:00:00Z,0.814,17.8,-9999,Esperance,-35996.4,MURAT_202002_MRE,10,October,25.0,21.1,26.4
2020-10-12T16:00:00Z,0.775,17.7,-9999,Esperance,-35996.4,MURAT_202002_MRE,10,October,25.0,21.1,26.4
2020-10-12T17:00:00Z,0.739,17.7,-9999,Esperance,-35996.4,MURAT_202002_MRE,10,October,25.0,21.1,26.4
2020-10-12T18:00:00Z,0.713,17.6,-9999,Esperance,-35996.4,MURAT_202002_MRE,10,October,25.0,21.1,26.4
2020-10-12T19:00:00Z,0.684,17.6,-9999,Esperance,-35996.4,MURAT_202002_MRE,10,October,25.0,21.1,26.4
2020-10-12T20:00:00Z,0.735,17.5,-9999,Esperance,-35996.4,MURAT_202002_MRE,10,October,25.0,21.1,26.4
2020-10-12T21:00:00Z,0.786,17.5,-9999,Esperance,-35996.4,MURAT_202002_MRE,10,October,25.0,21.1,26.4
2020-10-12T22:00:00Z,0.875,17.5,-9999,Esperance,-35996.4,MURAT_202002_MRE,10,October,25.0,21.1,26.4
2020-10-12T23:00:00Z,0.988,17.4,-9999,Esperance,-35996.4,MURAT_202002_MRE,10,October,25.0,21.1,26.4
2020-10-13T00:00:00Z,1.047,17.4,-9999,Esperance,-35996.4,MURAT_202002_MRE,10,October,25.0,21.1,26.4
2020-10-13T01:00:00Z,1.059,17.4,-9999,Esperance,-35996.4,MURAT_202002_MRE,10,October,25.0,21.1,26.4
2020-10-13T02:00:00Z,1.067,17.5,-9999,Esperance,-35996.4,MURAT_202002_MRE,10,October,25.0,21.1,26.4
2020-10-13T03:00:00Z,0.937,17.6,-9999,Esperance,-35996.4,MURAT_202002_MRE,10,October,25.0,21.1,26.4
2020-10-13T04:00:00Z,0.807,17.7,-9999,Esperance,-35996.4,MURAT_202002_MRE,10,October,25.0,21.1,26.4
2020-10-13T05:00:00Z,0.635,17.8,-9999,Esperance,-35996.4,MURAT_202002_MRE,10,October,25.0,21.1,26.4
2020-10-13T06:00:00Z,0.489,18,-9999,Esperance,-35996.4,MURAT_202002_MRE,10,October,25.0,21.1,26.4
2020-10-13T07:00:00Z,0.384,18,-9999,Esperance,-35996.4,MURAT_202002_MRE,10,October,25.0,21.1,26.4
2020-10-13T08:00:00Z,0.37,18.1,-9999,Esperance,-35996.4,MURAT_202002_MRE,10,October,25.0,21.1,26.4
2020-10-13T09:00:00Z,0.372,18.1,-9999,Esperance,-35996.4,MURAT_202002_MRE,10,October,25.0,21.1,26.4
2020-10-13T10:00:00Z,0.471,18,-9999,Esperance,-35996.4,MURAT_202002_MRE,10,October,25.0,21.1,26.4
2020-10-13T11:00:00Z,0.588,17.9,-9999,Esperance,-35996.4,MURAT_202002_MRE,10,October,25.0,21.1,26.4
2020-10-13T12:00:00Z,0.693,17.9,-9999,Esperance,-35996.4,MURAT_202002_MRE,10,October,25.0,21.1,26.4
2020-10-13T13:00:00Z,0.775,17.8,-9999,Esperance,-35996.4,MURAT_202002_MRE,10,October,25.0,21.1,26.4
2020-10-13T14:00:00Z,0.815,17.8,-9999,Esperance,-35996.4,MURAT_202002_MRE,10,October,25.0,21.1,26.4
2020-10-13T15:00:00Z,0.79,17.8,-9999,Esperance,-35996.4,MURAT_202002_MRE,10,October,25.0,21.1,26.4
2020-10-13T16:00:00Z,0.794,17.8,-9999,Esperance,-35996.4,MURAT_202002_MRE,10,October,25.0,21.1,26.4
2020-10-13T17:00:00Z,0.682,17.8,-9999,Esperance,-35996.4,MURAT_202002_MRE,10,October,25.0,21.1,26.4
2020-10-13T18:00:00Z,0.645,17.8,-9999,Esperance,-35996.4,MURAT_202002_MRE,10,October,25.0,21.1,26.4
2020-10-13T19:00:00Z,0.643,17.8,-9999,Esperance,-35996.4,MURAT_202002_MRE,10,October,25.0,21.1,26.4
2020-10-13T20:00:00Z,0.647,17.8,-9999,Esperance,-35996.4,MURAT_202002_MRE,10,October,25.0,21.1,26.4
2020-10-13T21:00:00Z,0.749,17.8,-9999,Esperance,-35996.4,MURAT_202002_MRE,10,October,25.0,21.1,26.4
2020-10-13T22:00:00Z,0.88,17.8,-9999,Esperance,-35996.4,MURAT_202002_MRE,10,October,25.0,21.1,26.4
2020-10-13T23:00:00Z,1.027,17.8,-9999,Esperance,-35996.4,MURAT_202002_MRE,10,October,25.0,21.1,26.4
2020-10-14T00:00:00Z,1.148,17.8,-9999,Esperance,-35996.4,MURAT_202002_MRE,10,October,25.0,21.1,26.4
2020-10-14T01:00:00Z,1.239,17.8,-9999,Esperance,-35996.4,MURAT_202002_MRE,10,October,25.0,21.1,26.4
2020-10-14T02:00:00Z,1.242,17.9,-9999,Esperance,-35996.4,MURAT_202002_MRE,10,October,25.0,21.1,26.4
2020-10-14T03:00:00Z,1.152,18,-9999,Esperance,-35996.4,MURAT_202002_MRE,10,October,25.0,21.1,26.4
2020-10-14T04:00:00Z,0.998,18.1,-9999,Esperance,-35996.4,MURAT_202002_MRE,10,October,25.0,21.1,26.4
2020-10-14T05:00:00Z,0.818,18.2,-9999,Esperance,-35996.4,MURAT_202002_MRE,10,October,25.0,21.1,26.4
2020-10-14T06:00:00Z,0.593,18.3,-9999,Esperance,-35996.4,MURAT_202002_MRE,10,October,25.0,21.1,26.4
2020-10-14T07:00:00Z,0.437,18.2,-9999,Esperance,-35996.4,MURAT_202002_MRE,10,October,25.0,21.1,26.4
2020-10-14T08:00:00Z,0.4,18.1,-9999,Esperance,-35996.4,MURAT_202002_MRE,10,October,25.0,21.1,26.4
2020-10-14T09:00:00Z,0.425,17.9,-9999,Esperance,-35996.4,MURAT_202002_MRE,10,October,25.0,21.1,26.4
2020-10-14T10:00:00Z,0.501,17.8,-9999,Esperance,-35996.4,MURAT_202002_MRE,10,October,25.0,21.1,26.4
2020-10-14T11:00:00Z,0.672,17.6,-9999,Esperance,-35996.4,MURAT_202002_MRE,10,October,25.0,21.1,26.4
2020-10-14T12:00:00Z,0.821,17.5,-9999,Esperance,-35996.4,MURAT_202002_MRE,10,October,25.0,21.1,26.4
2020-10-14T13:00:00Z,0.896,17.6,-9999,Esperance,-35996.4,MURAT_202002_MRE,10,October,25.0,21.1,26.4
2020-10-14T14:00:00Z,0.969,17.6,-9999,Esperance,-35996.4,MURAT_202002_MRE,10,October,25.0,21.1,26.4
2020-10-14T15:00:00Z,0.972,17.6,-9999,Esperance,-35996.4,MURAT_202002_MRE,10,October,25.0,21.1,26.4
2020-10-14T16:00:00Z,0.893,17.5,-9999,Esperance,-35996.4,MURAT_202002_MRE,10,October,25.0,21.1,26.4
2020-10-14T17:00:00Z,0.766,17.6,-9999,Esperance,-35996.4,MURAT_202002_MRE,10,October,25.0,21.1,26.4
2020-10-14T18:00:00Z,0.65,17.6,-9999,Esperance,-35996.4,MURAT_202002_MRE,10,October,25.0,21.1,26.4
2020-10-14T19:00:00Z,0.54,17.6,-9999,Esperance,-35996.4,MURAT_202002_MRE,10,October,25.0,21.1,26.4
2020-10-14T20:00:00Z,0.508,17.6,-9999,Esperance,-35996.4,MURAT_202002_MRE,10,October,25.0,21.1,26.4
2020-10-14T21:00:00Z,0.551,17.6,-9999,Esperance,-35996.4,MURAT_202002_MRE,10,October,25.0,21.1,26.4
2020-10-14T22:00:00Z,0.652,17.6,-9999,Esperance,-35996.4,MURAT_202002_MRE,10,October,25.0,21.1,26.4
2020-10-14T23:00:00Z,0.786,17.6,-9999,Esperance,-35996.4,MURAT_202002_MRE,10,October,25.0,21.1,26.4
2020-10-15T00:00:00Z,0.94,17.6,-9999,Esperance,-35996.4,MURAT_202002_MRE,10,October,25.0,21.1,26.4
2020-10-15T01:00:00Z,1.066,17.6,-9999,Esperance,-35996.4,MURAT_202002_MRE,10,October,25.0,21.1,26.4
2020-10-15T02:00:00Z,1.128,17.6,-9999,Esperance,-35996.4,MURAT_202002_MRE,10,October,25.0,21.1,26.4
2020-10-15T03:00:00Z,1.079,17.6,-9999,Esperance,-35996.4,MURAT_202002_MRE,10,October,25.0,21.1,26.4
2020-10-15T04:00:00Z,0.964,17.6,-9999,Esperance,-35996.4,MURAT_202002_MRE,10,October,25.0,21.1,26.4
2020-10-15T05:00:00Z,0.807,17.6,-9999,Esperance,-35996.4,MURAT_202002_MRE,10,October,25.0,21.1,26.4
2020-10-15T06:00:00Z,0.622,17.7,-9999,Esperance,-35996.4,MURAT_202002_MRE,10,October,25.0,21.1,26.4
2020-10-15T07:00:00Z,0.45,17.7,-9999,Esperance,-35996.4,MURAT_202002_MRE,10,October,25.0,21.1,26.4
2020-10-15T08:00:00Z,0.349,17.7,-9999,Esperance,-35996.4,MURAT_202002_MRE,10,October,25.0,21.1,26.4
2020-10-15T09:00:00Z,0.351,17.7,-9999,Esperance,-35996.4,MURAT_202002_MRE,10,October,25.0,21.1,26.4
2020-10-15T10:00:00Z,0.425,17.7,-9999,Esperance,-35996.4,MURAT_202002_MRE,10,October,25.0,21.1,26.4
2020-10-15T11:00:00Z,0.582,17.7,-9999,Esperance,-35996.4,MURAT_202002_MRE,10,October,25.0,21.1,26.4
2020-10-15T12:00:00Z,0.747,17.7,-9999,Esperance,-35996.4,MURAT_202002_MRE,10,October,25.0,21.1,26.4
2020-10-15T13:00:00Z,0.849,17.7,-9999,Esperance,-35996.4,MURAT_202002_MRE,10,October,25.0,21.1,26.4
2020-10-15T14:00:00Z,0.929,17.6,-9999,Esperance,-35996.4,MURAT_202002_MRE,10,October,25.0,21.1,26.4
2020-10-15T15:00:00Z,0.941,17.6,-9999,Esperance,-35996.4,MURAT_202002_MRE,10,October,25.0,21.1,26.4
2020-10-15T16:00:00Z,0.866,17.6,-9999,Esperance,-35996.4,MURAT_202002_MRE,10,October,25.0,21.1,26.4
2020-10-15T17:00:00Z,0.751,17.6,-9999,Esperance,-35996.4,MURAT_202002_MRE,10,October,25.0,21.1,26.4
2020-10-15T18:00:00Z,0.599,17.6,-9999,Esperance,-35996.4,MURAT_202002_MRE,10,October,25.0,21.1,26.4
2020-10-15T19:00:00Z,0.454,17.6,-9999,Esperance,-35996.4,MURAT_202002_MRE,10,October,25.0,21.1,26.4
2020-10-15T20:00:00Z,0.404,17.6,-9999,Esperance,-35996.4,MURAT_202002_MRE,10,October,25.0,21.1,26.4
2020-10-15T21:00:00Z,0.375,17.6,-9999,Esperance,-35996.4,MURAT_202002_MRE,10,October,25.0,21.1,26.4
2020-10-15T22:00:00Z,0.463,17.6,-9999,Esperance,-35996.4,MURAT_202002_MRE,10,October,25.0,21.1,26.4
2020-10-15T23:00:00Z,0.62,17.6,-9999,Esperance,-35996.4,MURAT_202002_MRE,10,October,25.0,21.1,26.4
2020-10-16T00:00:00Z,0.74,17.6,-9999,Esperance,-35996.4,MURAT_202002_MRE,10,October,25.0,21.1,26.4
2020-10-16T01:00:00Z,0.921,17.6,-9999,Esperance,-35996.4,MURAT_202002_MRE,10,October,25.0,21.1,26.4
2020-10-16T02:00:00Z,1.038,17.6,-9999,Esperance,-35996.4,MURAT_202002_MRE,10,October,25.0,21.1,26.4
2020-10-16T03:00:00Z,1.031,17.7,-9999,Esperance,-35996.4,MURAT_202002_MRE,10,October,25.0,21.1,26.4
2020-10-16T04:00:00Z,0.978,17.8,-9999,Esperance,-35996.4,MURAT_202002_MRE,10,October,25.0,21.1,26.4
2020-10-16T05:00:00Z,0.855,17.9,-9999,Esperance,-35996.4,MURAT_202002_MRE,10,October,25.0,21.1,26.4
2020-10-16T06:00:00Z,0.694,18,-9999,Esperance,-35996.4,MURAT_202002_MRE,10,October,25.0,21.1,26.4
2020-10-16T07:00:00Z,0.51,18.1,-9999,Esperance,-35996.4,MURAT_202002_MRE,10,October,25.0,21.1,26.4
2020-10-16T08:00:00Z,0.383,18.1,-9999,Esperance,-35996.4,MURAT_202002_MRE,10,October,25.0,21.1,26.4
2020-10-16T09:00:00Z,0.369,18.2,-9999,Esperance,-35996.4,MURAT_202002_MRE,10,October,25.0,21.1,26.4
2020-10-16T10:00:00Z,0.433,18.2,-9999,Esperance,-35996.4,MURAT_202002_MRE,10,October,25.0,21.1,26.4
2020-10-16T11:00:00Z,0.589,18.1,-9999,Esperance,-35996.4,MURAT_202002_MRE,10,October,25.0,21.1,26.4
2020-10-16T12:00:00Z,0.749,18.1,-9999,Esperance,-35996.4,MURAT_202002_MRE,10,October,25.0,21.1,26.4
2020-10-16T13:00:00Z,0.896,18,-9999,Esperance,-35996.4,MURAT_202002_MRE,10,October,25.0,21.1,26.4
2020-10-16T14:00:00Z,0.997,18,-9999,Esperance,-35996.4,MURAT_202002_MRE,10,October,25.0,21.1,26.4
2020-10-16T15:00:00Z,1.028,18,-9999,Esperance,-35996.4,MURAT_202002_MRE,10,October,25.0,21.1,26.4
2020-10-16T16:00:00Z,0.974,17.9,-9999,Esperance,-35996.4,MURAT_202002_MRE,10,October,25.0,21.1,26.4
2020-10-16T17:00:00Z,0.853,17.8,-9999,Esperance,-35996.4,MURAT_202002_MRE,10,October,25.0,21.1,26.4
2020-10-16T18:00:00Z,0.693,17.8,-9999,Esperance,-35996.4,MURAT_202002_MRE,10,October,25.0,21.1,26.4
2020-10-16T19:00:00Z,0.538,17.8,-9999,Esperance,-35996.4,MURAT_202002_MRE,10,October,25.0,21.1,26.4
2020-10-16T20:00:00Z,0.412,17.8,-9999,Esperance,-35996.4,MURAT_202002_MRE,10,October,25.0,21.1,26.4
2020-10-16T21:00:00Z,0.332,17.7,-9999,Esperance,-35996.4,MURAT_202002_MRE,10,October,25.0,21.1,26.4
2020-10-16T22:00:00Z,0.35,17.7,-9999,Esperance,-35996.4,MURAT_202002_MRE,10,October,25.0,21.1,26.4
2020-10-16T23:00:00Z,0.474,17.7,-9999,Esperance,-35996.4,MURAT_202002_MRE,10,October,25.0,21.1,26.4
2020-10-17T00:00:00Z,0.584,17.6,-9999,Esperance,-35996.4,MURAT_202002_MRE,10,October,25.0,21.1,26.4
2020-10-17T01:00:00Z,0.747,17.7,-9999,Esperance,-35996.4,MURAT_202002_MRE,10,October,25.0,21.1,26.4
2020-10-17T02:00:00Z,0.875,17.7,-9999,Esperance,-35996.4,MURAT_202002_MRE,10,October,25.0,21.1,26.4
2020-10-17T03:00:00Z,0.916,17.9,-9999,Esperance,-35996.4,MURAT_202002_MRE,10,October,25.0,21.1,26.4
2020-10-17T04:00:00Z,0.929,18.1,-9999,Esperance,-35996.4,MURAT_202002_MRE,10,October,25.0,21.1,26.4
2020-10-17T05:00:00Z,0.884,18.2,-9999,Esperance,-35996.4,MURAT_202002_MRE,10,October,25.0,21.1,26.4
2020-10-17T06:00:00Z,0.757,18.3,-9999,Esperance,-35996.4,MURAT_202002_MRE,10,October,25.0,21.1,26.4
2020-10-17T07:00:00Z,0.609,18.2,-9999,Esperance,-35996.4,MURAT_202002_MRE,10,October,25.0,21.1,26.4
2020-10-17T08:00:00Z,0.539,18.2,-9999,Esperance,-35996.4,MURAT_202002_MRE,10,October,25.0,21.1,26.4
2020-10-17T09:00:00Z,0.463,18.2,-9999,Esperance,-35996.4,MURAT_202002_MRE,10,October,25.0,21.1,26.4
2020-10-17T10:00:00Z,0.508,18.2,-9999,Esperance,-35996.4,MURAT_202002_MRE,10,October,25.0,21.1,26.4
2020-10-17T11:00:00Z,0.652,18.2,-9999,Esperance,-35996.4,MURAT_202002_MRE,10,October,25.0,21.1,26.4
2020-10-17T12:00:00Z,0.775,18.1,-9999,Esperance,-35996.4,MURAT_202002_MRE,10,October,25.0,21.1,26.4
2020-10-17T13:00:00Z,0.901,18.1,-9999,Esperance,-35996.4,MURAT_202002_MRE,10,October,25.0,21.1,26.4
2020-10-17T14:00:00Z,1.042,18.2,-9999,Esperance,-35996.4,MURAT_202002_MRE,10,October,25.0,21.1,26.4
2020-10-17T15:00:00Z,1.057,18.1,-9999,Esperance,-35996.4,MURAT_202002_MRE,10,October,25.0,21.1,26.4
2020-10-17T16:00:00Z,1.011,18.1,-9999,Esperance,-35996.4,MURAT_202002_MRE,10,October,25.0,21.1,26.4
2020-10-17T17:00:00Z,0.948,18,-9999,Esperance,-35996.4,MURAT_202002_MRE,10,October,25.0,21.1,26.4
2020-10-17T18:00:00Z,0.793,18,-9999,Esperance,-35996.4,MURAT_202002_MRE,10,October,25.0,21.1,26.4
2020-10-17T19:00:00Z,0.607,17.9,-9999,Esperance,-35996.4,MURAT_202002_MRE,10,October,25.0,21.1,26.4
2020-10-17T20:00:00Z,0.468,17.9,-9999,Esperance,-35996.4,MURAT_202002_MRE,10,October,25.0,21.1,26.4
2020-10-17T21:00:00Z,0.347,17.9,-9999,Esperance,-35996.4,MURAT_202002_MRE,10,October,25.0,21.1,26.4
2020-10-17T22:00:00Z,0.273,17.8,-9999,Esperance,-35996.4,MURAT_202002_MRE,10,October,25.0,21.1,26.4
2020-10-17T23:00:00Z,0.334,17.8,-9999,Esperance,-35996.4,MURAT_202002_MRE,10,October,25.0,21.1,26.4
2020-10-18T00:00:00Z,0.417,17.8,-9999,Esperance,-35996.4,MURAT_202002_MRE,10,October,25.0,21.1,26.4
2020-10-18T01:00:00Z,0.514,17.7,-9999,Esperance,-35996.4,MURAT_202002_MRE,10,October,25.0,21.1,26.4
2020-10-18T02:00:00Z,0.646,17.8,-9999,Esperance,-35996.4,MURAT_202002_MRE,10,October,25.0,21.1,26.4
2020-10-18T03:00:00Z,0.74,17.8,-9999,Esperance,-35996.4,MURAT_202002_MRE,10,October,25.0,21.1,26.4
2020-10-18T04:00:00Z,0.748,17.9,-9999,Esperance,-35996.4,MURAT_202002_MRE,10,October,25.0,21.1,26.4
2020-10-18T05:00:00Z,0.771,18.1,-9999,Esperance,-35996.4,MURAT_202002_MRE,10,October,25.0,21.1,26.4
2020-10-18T06:00:00Z,0.705,18.2,-9999,Esperance,-35996.4,MURAT_202002_MRE,10,October,25.0,21.1,26.4
2020-10-18T07:00:00Z,0.591,18.3,-9999,Esperance,-35996.4,MURAT_202002_MRE,10,October,25.0,21.1,26.4
2020-10-18T08:00:00Z,0.551,18.3,-9999,Esperance,-35996.4,MURAT_202002_MRE,10,October,25.0,21.1,26.4
2020-10-18T09:00:00Z,0.5,18.4,-9999,Esperance,-35996.4,MURAT_202002_MRE,10,October,25.0,21.1,26.4
2020-10-18T10:00:00Z,0.499,18.4,-9999,Esperance,-35996.4,MURAT_202002_MRE,10,October,25.0,21.1,26.4
2020-10-18T11:00:00Z,0.609,18.4,-9999,Esperance,-35996.4,MURAT_202002_MRE,10,October,25.0,21.1,26.4
2020-10-18T12:00:00Z,0.765,18.5,-9999,Esperance,-35996.4,MURAT_202002_MRE,10,October,25.0,21.1,26.4
2020-10-18T13:00:00Z,0.906,18.5,-9999,Esperance,-35996.4,MURAT_202002_MRE,10,October,25.0,21.1,26.4
2020-10-18T14:00:00Z,0.972,18.5,-9999,Esperance,-35996.4,MURAT_202002_MRE,10,October,25.0,21.1,26.4
2020-10-18T15:00:00Z,1.103,18.4,-9999,Esperance,-35996.4,MURAT_202002_MRE,10,October,25.0,21.1,26.4
2020-10-18T16:00:00Z,1.063,18.4,-9999,Esperance,-35996.4,MURAT_202002_MRE,10,October,25.0,21.1,26.4
2020-10-18T17:00:00Z,0.999,18.4,-9999,Esperance,-35996.4,MURAT_202002_MRE,10,October,25.0,21.1,26.4
2020-10-18T18:00:00Z,0.922,18.4,-9999,Esperance,-35996.4,MURAT_202002_MRE,10,October,25.0,21.1,26.4
2020-10-18T19:00:00Z,0.753,18.3,-9999,Esperance,-35996.4,MURAT_202002_MRE,10,October,25.0,21.1,26.4
2020-10-18T20:00:00Z,0.58,18.3,-9999,Esperance,-35996.4,MURAT_202002_MRE,10,October,25.0,21.1,26.4
2020-10-18T21:00:00Z,0.483,18.3,-9999,Esperance,-35996.4,MURAT_202002_MRE,10,October,25.0,21.1,26.4
2020-10-18T22:00:00Z,0.416,18.2,-9999,Esperance,-35996.4,MURAT_202002_MRE,10,October,25.0,21.1,26.4
2020-10-18T23:00:00Z,0.33,18.2,-9999,Esperance,-35996.4,MURAT_202002_MRE,10,October,25.0,21.1,26.4
2020-10-19T00:00:00Z,0.365,18.2,-9999,Esperance,-35996.4,MURAT_202002_MRE,10,October,25.0,21.1,26.4
2020-10-19T01:00:00Z,0.501,18.3,-9999,Esperance,-35996.4,MURAT_202002_MRE,10,October,25.0,21.1,26.4
2020-10-19T02:00:00Z,0.482,18.3,-9999,Esperance,-35996.4,MURAT_202002_MRE,10,October,25.0,21.1,26.4
2020-10-19T03:00:00Z,0.563,18.4,-9999,Esperance,-35996.4,MURAT_202002_MRE,10,October,25.0,21.1,26.4
2020-10-19T04:00:00Z,0.62,18.4,-9999,Esperance,-35996.4,MURAT_202002_MRE,10,October,25.0,21.1,26.4
2020-10-19T05:00:00Z,0.562,18.5,-9999,Esperance,-35996.4,MURAT_202002_MRE,10,October,25.0,21.1,26.4
2020-10-19T06:00:00Z,0.587,18.6,-9999,Esperance,-35996.4,MURAT_202002_MRE,10,October,25.0,21.1,26.4
2020-10-19T07:00:00Z,0.558,18.7,-9999,Esperance,-35996.4,MURAT_202002_MRE,10,October,25.0,21.1,26.4
2020-10-19T08:00:00Z,0.512,18.7,-9999,Esperance,-35996.4,MURAT_202002_MRE,10,October,25.0,21.1,26.4
2020-10-19T09:00:00Z,0.505,18.8,-9999,Esperance,-35996.4,MURAT_202002_MRE,10,October,25.0,21.1,26.4
2020-10-19T10:00:00Z,0.567,18.8,-9999,Esperance,-35996.4,MURAT_202002_MRE,10,October,25.0,21.1,26.4
2020-10-19T11:00:00Z,0.672,18.8,-9999,Esperance,-35996.4,MURAT_202002_MRE,10,October,25.0,21.1,26.4
2020-10-19T12:00:00Z,0.777,18.8,-9999,Esperance,-35996.4,MURAT_202002_MRE,10,October,25.0,21.1,26.4
2020-10-19T13:00:00Z,0.936,18.8,-9999,Esperance,-35996.4,MURAT_202002_MRE,10,October,25.0,21.1,26.4
2020-10-19T14:00:00Z,1.051,18.5,-9999,Esperance,-35996.4,MURAT_202002_MRE,10,October,25.0,21.1,26.4
2020-10-19T15:00:00Z,1.085,18.3,-9999,Esperance,-35996.4,MURAT_202002_MRE,10,October,25.0,21.1,26.4
2020-10-19T16:00:00Z,1.15,18.3,-9999,Esperance,-35996.4,MURAT_202002_MRE,10,October,25.0,21.1,26.4
2020-10-19T17:00:00Z,1.077,18.5,-9999,Esperance,-35996.4,MURAT_202002_MRE,10,October,25.0,21.1,26.4
2020-10-19T18:00:00Z,1.011,18.3,-9999,Esperance,-35996.4,MURAT_202002_MRE,10,October,25.0,21.1,26.4
2020-10-19T19:00:00Z,0.911,18.3,-9999,Esperance,-35996.4,MURAT_202002_MRE,10,October,25.0,21.1,26.4
2020-10-19T20:00:00Z,0.758,18.2,-9999,Esperance,-35996.4,MURAT_202002_MRE,10,October,25.0,21.1,26.4
2020-10-19T21:00:00Z,0.635,18.2,-9999,Esperance,-35996.4,MURAT_202002_MRE,10,October,25.0,21.1,26.4
2020-10-19T22:00:00Z,0.563,18.2,-9999,Esperance,-35996.4,MURAT_202002_MRE,10,October,25.0,21.1,26.4
2020-10-19T23:00:00Z,0.467,18.2,-9999,Esperance,-35996.4,MURAT_202002_MRE,10,October,25.0,21.1,26.4
2020-10-20T00:00:00Z,0.412,18.3,-9999,Esperance,-35996.4,MURAT_202002_MRE,10,October,25.0,21.1,26.4
2020-10-20T01:00:00Z,0.493,18.3,-9999,Esperance,-35996.4,MURAT_202002_MRE,10,October,25.0,21.1,26.4
2020-10-20T02:00:00Z,0.493,18.2,-9999,Esperance,-35996.4,MURAT_202002_MRE,10,October,25.0,21.1,26.4
2020-10-20T03:00:00Z,0.425,18.4,-9999,Esperance,-35996.4,MURAT_202002_MRE,10,October,25.0,21.1,26.4
2020-10-20T04:00:00Z,0.498,18.4,-9999,Esperance,-35996.4,MURAT_202002_MRE,10,October,25.0,21.1,26.4
2020-10-20T05:00:00Z,0.45,18.5,-9999,Esperance,-35996.4,MURAT_202002_MRE,10,October,25.0,21.1,26.4
2020-10-20T06:00:00Z,0.407,18.5,-9999,Esperance,-35996.4,MURAT_202002_MRE,10,October,25.0,21.1,26.4
2020-10-20T07:00:00Z,0.45,18.4,-9999,Esperance,-35996.4,MURAT_202002_MRE,10,October,25.0,21.1,26.4
2020-10-20T08:00:00Z,0.425,18.6,-9999,Esperance,-35996.4,MURAT_202002_MRE,10,October,25.0,21.1,26.4
2020-10-20T09:00:00Z,0.453,18.7,-9999,Esperance,-35996.4,MURAT_202002_MRE,10,October,25.0,21.1,26.4
2020-10-20T10:00:00Z,0.551,18.7,-9999,Esperance,-35996.4,MURAT_202002_MRE,10,October,25.0,21.1,26.4
2020-10-20T11:00:00Z,0.632,18.6,-9999,Esperance,-35996.4,MURAT_202002_MRE,10,October,25.0,21.1,26.4
2020-10-20T12:00:00Z,0.756,18.5,-9999,Esperance,-35996.4,MURAT_202002_MRE,10,October,25.0,21.1,26.4
2020-10-20T13:00:00Z,0.863,18.5,-9999,Esperance,-35996.4,MURAT_202002_MRE,10,October,25.0,21.1,26.4
2020-10-20T14:00:00Z,1.013,18.5,-9999,Esperance,-35996.4,MURAT_202002_MRE,10,October,25.0,21.1,26.4
2020-10-20T15:00:00Z,1.06,18.5,-9999,Esperance,-35996.4,MURAT_202002_MRE,10,October,25.0,21.1,26.4
2020-10-20T16:00:00Z,1.094,18.5,-9999,Esperance,-35996.4,MURAT_202002_MRE,10,October,25.0,21.1,26.4
2020-10-20T17:00:00Z,1.088,18.5,-9999,Esperance,-35996.4,MURAT_202002_MRE,10,October,25.0,21.1,26.4
2020-10-20T18:00:00Z,1.01,18.5,-9999,Esperance,-35996.4,MURAT_202002_MRE,10,October,25.0,21.1,26.4
2020-10-20T19:00:00Z,0.949,18.5,-9999,Esperance,-35996.4,MURAT_202002_MRE,10,October,25.0,21.1,26.4
2020-10-20T20:00:00Z,0.847,18.5,-9999,Esperance,-35996.4,MURAT_202002_MRE,10,October,25.0,21.1,26.4
2020-10-20T21:00:00Z,0.746,18.4,-9999,Esperance,-35996.4,MURAT_202002_MRE,10,October,25.0,21.1,26.4
2020-10-20T22:00:00Z,0.705,18.4,-9999,Esperance,-35996.4,MURAT_202002_MRE,10,October,25.0,21.1,26.4
2020-10-20T23:00:00Z,0.617,18.4,-9999,Esperance,-35996.4,MURAT_202002_MRE,10,October,25.0,21.1,26.4
2020-10-21T00:00:00Z,0.575,18.4,-9999,Esperance,-35996.4,MURAT_202002_MRE,10,October,25.0,21.1,26.4
2020-10-21T01:00:00Z,0.552,18.4,-9999,Esperance,-35996.4,MURAT_202002_MRE,10,October,25.0,21.1,26.4
2020-10-21T02:00:00Z,0.545,18.3,-9999,Esperance,-35996.4,MURAT_202002_MRE,10,October,25.0,21.1,26.4
2020-10-21T03:00:00Z,0.5,18.2,-9999,Esperance,-35996.4,MURAT_202002_MRE,10,October,25.0,21.1,26.4
2020-10-21T04:00:00Z,0.441,18.2,-9999,Esperance,-35996.4,MURAT_202002_MRE,10,October,25.0,21.1,26.4
2020-10-21T05:00:00Z,0.408,18.2,-9999,Esperance,-35996.4,MURAT_202002_MRE,10,October,25.0,21.1,26.4
2020-10-21T06:00:00Z,0.35,18.2,-9999,Esperance,-35996.4,MURAT_202002_MRE,10,October,25.0,21.1,26.4
2020-10-21T07:00:00Z,0.335,18.2,-9999,Esperance,-35996.4,MURAT_202002_MRE,10,October,25.0,21.1,26.4
2020-10-21T08:00:00Z,0.363,18.2,-9999,Esperance,-35996.4,MURAT_202002_MRE,10,October,25.0,21.1,26.4
2020-10-21T09:00:00Z,0.389,18.2,-9999,Esperance,-35996.4,MURAT_202002_MRE,10,October,25.0,21.1,26.4
2020-10-21T10:00:00Z,0.502,18.2,-9999,Esperance,-35996.4,MURAT_202002_MRE,10,October,25.0,21.1,26.4
2020-10-21T11:00:00Z,0.63,18.2,-9999,Esperance,-35996.4,MURAT_202002_MRE,10,October,25.0,21.1,26.4
2020-10-21T12:00:00Z,0.72,18.2,-9999,Esperance,-35996.4,MURAT_202002_MRE,10,October,25.0,21.1,26.4
2020-10-21T13:00:00Z,0.873,18.2,-9999,Esperance,-35996.4,MURAT_202002_MRE,10,October,25.0,21.1,26.4
2020-10-21T14:00:00Z,0.998,18.1,-9999,Esperance,-35996.4,MURAT_202002_MRE,10,October,25.0,21.1,26.4
2020-10-21T15:00:00Z,1.034,18.1,-9999,Esperance,-35996.4,MURAT_202002_MRE,10,October,25.0,21.1,26.4
2020-10-21T16:00:00Z,1.071,18.1,-9999,Esperance,-35996.4,MURAT_202002_MRE,10,October,25.0,21.1,26.4
2020-10-21T17:00:00Z,1.066,18.1,-9999,Esperance,-35996.4,MURAT_202002_MRE,10,October,25.0,21.1,26.4
2020-10-21T18:00:00Z,0.995,18.1,-9999,Esperance,-35996.4,MURAT_202002_MRE,10,October,25.0,21.1,26.4
2020-10-21T19:00:00Z,0.99,18.1,-9999,Esperance,-35996.4,MURAT_202002_MRE,10,October,25.0,21.1,26.4
2020-10-21T20:00:00Z,0.899,18.1,-9999,Esperance,-35996.4,MURAT_202002_MRE,10,October,25.0,21.1,26.4
2020-10-21T21:00:00Z,0.834,18.1,-9999,Esperance,-35996.4,MURAT_202002_MRE,10,October,25.0,21.1,26.4
2020-10-21T22:00:00Z,0.8,18,-9999,Esperance,-35996.4,MURAT_202002_MRE,10,October,25.0,21.1,26.4
2020-10-21T23:00:00Z,0.753,18,-9999,Esperance,-35996.4,MURAT_202002_MRE,10,October,25.0,21.1,26.4
2020-10-22T00:00:00Z,0.709,18,-9999,Esperance,-35996.4,MURAT_202002_MRE,10,October,25.0,21.1,26.4
2020-10-22T01:00:00Z,0.678,18,-9999,Esperance,-35996.4,MURAT_202002_MRE,10,October,25.0,21.1,26.4
2020-10-22T02:00:00Z,0.62,18,-9999,Esperance,-35996.4,MURAT_202002_MRE,10,October,25.0,21.1,26.4
2020-10-22T03:00:00Z,0.557,18.1,-9999,Esperance,-35996.4,MURAT_202002_MRE,10,October,25.0,21.1,26.4
2020-10-22T04:00:00Z,0.485,18.1,-9999,Esperance,-35996.4,MURAT_202002_MRE,10,October,25.0,21.1,26.4
2020-10-22T05:00:00Z,0.411,18.2,-9999,Esperance,-35996.4,MURAT_202002_MRE,10,October,25.0,21.1,26.4
2020-10-22T06:00:00Z,0.311,18.3,-9999,Esperance,-35996.4,MURAT_202002_MRE,10,October,25.0,21.1,26.4
2020-10-22T07:00:00Z,0.267,18.3,-9999,Esperance,-35996.4,MURAT_202002_MRE,10,October,25.0,21.1,26.4
2020-10-22T08:00:00Z,0.279,18.4,-9999,Esperance,-35996.4,MURAT_202002_MRE,10,October,25.0,21.1,26.4
2020-10-22T09:00:00Z,0.336,18.3,-9999,Esperance,-35996.4,MURAT_202002_MRE,10,October,25.0,21.1,26.4
2020-10-22T10:00:00Z,0.412,18.3,-9999,Esperance,-35996.4,MURAT_202002_MRE,10,October,25.0,21.1,26.4
2020-10-22T11:00:00Z,0.546,18.3,-9999,Esperance,-35996.4,MURAT_202002_MRE,10,October,25.0,21.1,26.4
2020-10-22T12:00:00Z,0.642,18.2,-9999,Esperance,-35996.4,MURAT_202002_MRE,10,October,25.0,21.1,26.4
2020-10-22T13:00:00Z,0.779,18.2,-9999,Esperance,-35996.4,MURAT_202002_MRE,10,October,25.0,21.1,26.4
2020-10-22T14:00:00Z,0.877,18.1,-9999,Esperance,-35996.4,MURAT_202002_MRE,10,October,25.0,21.1,26.4
2020-10-22T15:00:00Z,0.93,18.1,-9999,Esperance,-35996.4,MURAT_202002_MRE,10,October,25.0,21.1,26.4
2020-10-22T16:00:00Z,0.976,18.1,-9999,Esperance,-35996.4,MURAT_202002_MRE,10,October,25.0,21.1,26.4
2020-10-22T17:00:00Z,0.999,18,-9999,Esperance,-35996.4,MURAT_202002_MRE,10,October,25.0,21.1,26.4
2020-10-22T18:00:00Z,0.924,18,-9999,Esperance,-35996.4,MURAT_202002_MRE,10,October,25.0,21.1,26.4
2020-10-22T19:00:00Z,0.936,17.9,-9999,Esperance,-35996.4,MURAT_202002_MRE,10,October,25.0,21.1,26.4
2020-10-22T20:00:00Z,0.882,17.9,-9999,Esperance,-35996.4,MURAT_202002_MRE,10,October,25.0,21.1,26.4
2020-10-22T21:00:00Z,0.854,17.9,-9999,Esperance,-35996.4,MURAT_202002_MRE,10,October,25.0,21.1,26.4
2020-10-22T22:00:00Z,0.815,17.8,-9999,Esperance,-35996.4,MURAT_202002_MRE,10,October,25.0,21.1,26.4
2020-10-22T23:00:00Z,0.862,17.8,-9999,Esperance,-35996.4,MURAT_202002_MRE,10,October,25.0,21.1,26.4
2020-10-23T00:00:00Z,0.731,17.8,-9999,Esperance,-35996.4,MURAT_202002_MRE,10,October,25.0,21.1,26.4
2020-10-23T01:00:00Z,0.758,17.8,-9999,Esperance,-35996.4,MURAT_202002_MRE,10,October,25.0,21.1,26.4
2020-10-23T02:00:00Z,0.718,17.8,-9999,Esperance,-35996.4,MURAT_202002_MRE,10,October,25.0,21.1,26.4
2020-10-23T03:00:00Z,0.578,17.8,-9999,Esperance,-35996.4,MURAT_202002_MRE,10,October,25.0,21.1,26.4
2020-10-23T04:00:00Z,0.578,17.8,-9999,Esperance,-35996.4,MURAT_202002_MRE,10,October,25.0,21.1,26.4
2020-10-23T05:00:00Z,0.444,17.8,-9999,Esperance,-35996.4,MURAT_202002_MRE,10,October,25.0,21.1,26.4
2020-10-23T06:00:00Z,0.346,17.9,-9999,Esperance,-35996.4,MURAT_202002_MRE,10,October,25.0,21.1,26.4
2020-10-23T07:00:00Z,0.296,18.1,-9999,Esperance,-35996.4,MURAT_202002_MRE,10,October,25.0,21.1,26.4
2020-10-23T08:00:00Z,0.297,18.2,-9999,Esperance,-35996.4,MURAT_202002_MRE,10,October,25.0,21.1,26.4
2020-10-23T09:00:00Z,0.316,18.1,-9999,Esperance,-35996.4,MURAT_202002_MRE,10,October,25.0,21.1,26.4
2020-10-23T10:00:00Z,0.383,18.1,-9999,Esperance,-35996.4,MURAT_202002_MRE,10,October,25.0,21.1,26.4
2020-10-23T11:00:00Z,0.537,17.9,-9999,Esperance,-35996.4,MURAT_202002_MRE,10,October,25.0,21.1,26.4
2020-10-23T12:00:00Z,0.602,17.9,-9999,Esperance,-35996.4,MURAT_202002_MRE,10,October,25.0,21.1,26.4
2020-10-23T13:00:00Z,0.676,17.9,-9999,Esperance,-35996.4,MURAT_202002_MRE,10,October,25.0,21.1,26.4
2020-10-23T14:00:00Z,0.871,17.9,-9999,Esperance,-35996.4,MURAT_202002_MRE,10,October,25.0,21.1,26.4
2020-10-23T15:00:00Z,0.81,18,-9999,Esperance,-35996.4,MURAT_202002_MRE,10,October,25.0,21.1,26.4
2020-10-23T16:00:00Z,0.898,18,-9999,Esperance,-35996.4,MURAT_202002_MRE,10,October,25.0,21.1,26.4
2020-10-23T17:00:00Z,0.925,18.1,-9999,Esperance,-35996.4,MURAT_202002_MRE,10,October,25.0,21.1,26.4
2020-10-23T18:00:00Z,0.847,18.1,-9999,Esperance,-35996.4,MURAT_202002_MRE,10,October,25.0,21.1,26.4
2020-10-23T19:00:00Z,0.835,18.1,-9999,Esperance,-35996.4,MURAT_202002_MRE,10,October,25.0,21.1,26.4
2020-10-23T20:00:00Z,0.821,18,-9999,Esperance,-35996.4,MURAT_202002_MRE,10,October,25.0,21.1,26.4
2020-10-23T21:00:00Z,0.811,18,-9999,Esperance,-35996.4,MURAT_202002_MRE,10,October,25.0,21.1,26.4
2020-10-23T22:00:00Z,0.791,18,-9999,Esperance,-35996.4,MURAT_202002_MRE,10,October,25.0,21.1,26.4
2020-10-23T23:00:00Z,0.824,17.9,-9999,Esperance,-35996.4,MURAT_202002_MRE,10,October,25.0,21.1,26.4
2020-10-24T00:00:00Z,0.806,17.9,-9999,Esperance,-35996.4,MURAT_202002_MRE,10,October,25.0,21.1,26.4
2020-10-24T01:00:00Z,0.77,17.9,-9999,Esperance,-35996.4,MURAT_202002_MRE,10,October,25.0,21.1,26.4
2020-10-24T02:00:00Z,0.76,18,-9999,Esperance,-35996.4,MURAT_202002_MRE,10,October,25.0,21.1,26.4
2020-10-24T03:00:00Z,0.683,18,-9999,Esperance,-35996.4,MURAT_202002_MRE,10,October,25.0,21.1,26.4
2020-10-24T04:00:00Z,0.573,18,-9999,Esperance,-35996.4,MURAT_202002_MRE,10,October,25.0,21.1,26.4
2020-10-24T05:00:00Z,0.494,18.1,-9999,Esperance,-35996.4,MURAT_202002_MRE,10,October,25.0,21.1,26.4
2020-10-24T06:00:00Z,0.379,17.9,-9999,Esperance,-35996.4,MURAT_202002_MRE,10,October,25.0,21.1,26.4
2020-10-24T07:00:00Z,0.305,18,-9999,Esperance,-35996.4,MURAT_202002_MRE,10,October,25.0,21.1,26.4
2020-10-24T08:00:00Z,0.281,18,-9999,Esperance,-35996.4,MURAT_202002_MRE,10,October,25.0,21.1,26.4
2020-10-24T09:00:00Z,0.284,18,-9999,Esperance,-35996.4,MURAT_202002_MRE,10,October,25.0,21.1,26.4
2020-10-24T10:00:00Z,0.368,18,-9999,Esperance,-35996.4,MURAT_202002_MRE,10,October,25.0,21.1,26.4
2020-10-24T11:00:00Z,0.451,18,-9999,Esperance,-35996.4,MURAT_202002_MRE,10,October,25.0,21.1,26.4
2020-10-24T12:00:00Z,0.545,18.1,-9999,Esperance,-35996.4,MURAT_202002_MRE,10,October,25.0,21.1,26.4
2020-10-24T13:00:00Z,0.625,18.1,-9999,Esperance,-35996.4,MURAT_202002_MRE,10,October,25.0,21.1,26.4
2020-10-24T14:00:00Z,0.698,18,-9999,Esperance,-35996.4,MURAT_202002_MRE,10,October,25.0,21.1,26.4
2020-10-24T15:00:00Z,0.709,17.9,-9999,Esperance,-35996.4,MURAT_202002_MRE,10,October,25.0,21.1,26.4
2020-10-24T16:00:00Z,0.735,17.9,-9999,Esperance,-35996.4,MURAT_202002_MRE,10,October,25.0,21.1,26.4
2020-10-24T17:00:00Z,0.728,17.9,-9999,Esperance,-35996.4,MURAT_202002_MRE,10,October,25.0,21.1,26.4
2020-10-24T18:00:00Z,0.688,17.8,-9999,Esperance,-35996.4,MURAT_202002_MRE,10,October,25.0,21.1,26.4
2020-10-24T19:00:00Z,0.669,17.8,-9999,Esperance,-35996.4,MURAT_202002_MRE,10,October,25.0,21.1,26.4
2020-10-24T20:00:00Z,0.656,17.8,-9999,Esperance,-35996.4,MURAT_202002_MRE,10,October,25.0,21.1,26.4
2020-10-24T21:00:00Z,0.658,17.8,-9999,Esperance,-35996.4,MURAT_202002_MRE,10,October,25.0,21.1,26.4
2020-10-24T22:00:00Z,0.695,17.8,-9999,Esperance,-35996.4,MURAT_202002_MRE,10,October,25.0,21.1,26.4
2020-10-24T23:00:00Z,0.695,17.8,-9999,Esperance,-35996.4,MURAT_202002_MRE,10,October,25.0,21.1,26.4
2020-10-25T00:00:00Z,0.721,17.8,-9999,Esperance,-35996.4,MURAT_202002_MRE,10,October,25.0,21.1,26.4
2020-10-25T01:00:00Z,0.739,17.8,-9999,Esperance,-35996.4,MURAT_202002_MRE,10,October,25.0,21.1,26.4
2020-10-25T02:00:00Z,0.704,17.9,-9999,Esperance,-35996.4,MURAT_202002_MRE,10,October,25.0,21.1,26.4
2020-10-25T03:00:00Z,0.672,18,-9999,Esperance,-35996.4,MURAT_202002_MRE,10,October,25.0,21.1,26.4
2020-10-25T04:00:00Z,0.589,18.1,-9999,Esperance,-35996.4,MURAT_202002_MRE,10,October,25.0,21.1,26.4
2020-10-25T05:00:00Z,0.494,18.3,-9999,Esperance,-35996.4,MURAT_202002_MRE,10,October,25.0,21.1,26.4
2020-10-25T06:00:00Z,0.392,18.5,-9999,Esperance,-35996.4,MURAT_202002_MRE,10,October,25.0,21.1,26.4
2020-10-25T07:00:00Z,0.331,18.7,-9999,Esperance,-35996.4,MURAT_202002_MRE,10,October,25.0,21.1,26.4
2020-10-25T08:00:00Z,0.289,18.8,-9999,Esperance,-35996.4,MURAT_202002_MRE,10,October,25.0,21.1,26.4
2020-10-25T09:00:00Z,0.287,18.8,-9999,Esperance,-35996.4,MURAT_202002_MRE,10,October,25.0,21.1,26.4
2020-10-25T10:00:00Z,0.352,18.7,-9999,Esperance,-35996.4,MURAT_202002_MRE,10,October,25.0,21.1,26.4
2020-10-25T11:00:00Z,0.429,18.7,-9999,Esperance,-35996.4,MURAT_202002_MRE,10,October,25.0,21.1,26.4
2020-10-25T12:00:00Z,0.506,18.6,-9999,Esperance,-35996.4,MURAT_202002_MRE,10,October,25.0,21.1,26.4
2020-10-25T13:00:00Z,0.557,18.6,-9999,Esperance,-35996.4,MURAT_202002_MRE,10,October,25.0,21.1,26.4
2020-10-25T14:00:00Z,0.581,18.5,-9999,Esperance,-35996.4,MURAT_202002_MRE,10,October,25.0,21.1,26.4
2020-10-25T15:00:00Z,0.597,18.4,-9999,Esperance,-35996.4,MURAT_202002_MRE,10,October,25.0,21.1,26.4
2020-10-25T16:00:00Z,0.578,18.3,-9999,Esperance,-35996.4,MURAT_202002_MRE,10,October,25.0,21.1,26.4
2020-10-25T17:00:00Z,0.539,18.3,-9999,Esperance,-35996.4,MURAT_202002_MRE,10,October,25.0,21.1,26.4
2020-10-25T18:00:00Z,0.505,18.2,-9999,Esperance,-35996.4,MURAT_202002_MRE,10,October,25.0,21.1,26.4
2020-10-25T19:00:00Z,0.509,18.1,-9999,Esperance,-35996.4,MURAT_202002_MRE,10,October,25.0,21.1,26.4
2020-10-25T20:00:00Z,0.521,18,-9999,Esperance,-35996.4,MURAT_202002_MRE,10,October,25.0,21.1,26.4
2020-10-25T21:00:00Z,0.539,18,-9999,Esperance,-35996.4,MURAT_202002_MRE,10,October,25.0,21.1,26.4
2020-10-25T22:00:00Z,0.598,17.9,-9999,Esperance,-35996.4,MURAT_202002_MRE,10,October,25.0,21.1,26.4
2020-10-25T23:00:00Z,0.625,17.8,-9999,Esperance,-35996.4,MURAT_202002_MRE,10,October,25.0,21.1,26.4
2020-10-26T00:00:00Z,0.682,17.7,-9999,Esperance,-35996.4,MURAT_202002_MRE,10,October,25.0,21.1,26.4
2020-10-26T01:00:00Z,0.766,17.7,-9999,Esperance,-35996.4,MURAT_202002_MRE,10,October,25.0,21.1,26.4
2020-10-26T02:00:00Z,0.728,17.8,-9999,Esperance,-35996.4,MURAT_202002_MRE,10,October,25.0,21.1,26.4
2020-10-26T03:00:00Z,0.708,17.9,-9999,Esperance,-35996.4,MURAT_202002_MRE,10,October,25.0,21.1,26.4
2020-10-26T04:00:00Z,0.655,18,-9999,Esperance,-35996.4,MURAT_202002_MRE,10,October,25.0,21.1,26.4
2020-10-26T05:00:00Z,0.557,18,-9999,Esperance,-35996.4,MURAT_202002_MRE,10,October,25.0,21.1,26.4
2020-10-26T06:00:00Z,0.486,18.1,-9999,Esperance,-35996.4,MURAT_202002_MRE,10,October,25.0,21.1,26.4
2020-10-26T07:00:00Z,0.445,18.1,-9999,Esperance,-35996.4,MURAT_202002_MRE,10,October,25.0,21.1,26.4
2020-10-26T08:00:00Z,0.421,18.3,-9999,Esperance,-35996.4,MURAT_202002_MRE,10,October,25.0,21.1,26.4
2020-10-26T09:00:00Z,0.463,18.4,-9999,Esperance,-35996.4,MURAT_202002_MRE,10,October,25.0,21.1,26.4
2020-10-26T10:00:00Z,0.529,18.4,-9999,Esperance,-35996.4,MURAT_202002_MRE,10,October,25.0,21.1,26.4
2020-10-26T11:00:00Z,0.671,18.4,-9999,Esperance,-35996.4,MURAT_202002_MRE,10,October,25.0,21.1,26.4
2020-10-26T12:00:00Z,0.749,18.3,-9999,Esperance,-35996.4,MURAT_202002_MRE,10,October,25.0,21.1,26.4
2020-10-26T13:00:00Z,0.807,18.3,-9999,Esperance,-35996.4,MURAT_202002_MRE,10,October,25.0,21.1,26.4
2020-10-26T14:00:00Z,0.817,18.3,-9999,Esperance,-35996.4,MURAT_202002_MRE,10,October,25.0,21.1,26.4
2020-10-26T15:00:00Z,0.84,18.2,-9999,Esperance,-35996.4,MURAT_202002_MRE,10,October,25.0,21.1,26.4
2020-10-26T16:00:00Z,0.823,18.2,-9999,Esperance,-35996.4,MURAT_202002_MRE,10,October,25.0,21.1,26.4
2020-10-26T17:00:00Z,0.744,18.2,-9999,Esperance,-35996.4,MURAT_202002_MRE,10,October,25.0,21.1,26.4
2020-10-26T18:00:00Z,0.721,18.1,-9999,Esperance,-35996.4,MURAT_202002_MRE,10,October,25.0,21.1,26.4
2020-10-26T19:00:00Z,0.712,18.1,-9999,Esperance,-35996.4,MURAT_202002_MRE,10,October,25.0,21.1,26.4
2020-10-26T20:00:00Z,0.69,18.1,-9999,Esperance,-35996.4,MURAT_202002_MRE,10,October,25.0,21.1,26.4
2020-10-26T21:00:00Z,0.804,17.9,-9999,Esperance,-35996.4,MURAT_202002_MRE,10,October,25.0,21.1,26.4
2020-10-26T22:00:00Z,0.856,17.9,-9999,Esperance,-35996.4,MURAT_202002_MRE,10,October,25.0,21.1,26.4
2020-10-26T23:00:00Z,0.908,17.7,-9999,Esperance,-35996.4,MURAT_202002_MRE,10,October,25.0,21.1,26.4
2020-10-27T00:00:00Z,0.995,17.7,-9999,Esperance,-35996.4,MURAT_202002_MRE,10,October,25.0,21.1,26.4
2020-10-27T01:00:00Z,1.056,17.6,-9999,Esperance,-35996.4,MURAT_202002_MRE,10,October,25.0,21.1,26.4
2020-10-27T02:00:00Z,1.025,17.7,-9999,Esperance,-35996.4,MURAT_202002_MRE,10,October,25.0,21.1,26.4
2020-10-27T03:00:00Z,0.988,17.6,-9999,Esperance,-35996.4,MURAT_202002_MRE,10,October,25.0,21.1,26.4
2020-10-27T04:00:00Z,0.905,17.6,-9999,Esperance,-35996.4,MURAT_202002_MRE,10,October,25.0,21.1,26.4
2020-10-27T05:00:00Z,0.796,17.7,-9999,Esperance,-35996.4,MURAT_202002_MRE,10,October,25.0,21.1,26.4
2020-10-27T06:00:00Z,0.697,17.7,-9999,Esperance,-35996.4,MURAT_202002_MRE,10,October,25.0,21.1,26.4
2020-10-27T07:00:00Z,0.649,17.6,-9999,Esperance,-35996.4,MURAT_202002_MRE,10,October,25.0,21.1,26.4
2020-10-27T08:00:00Z,0.599,17.7,-9999,Esperance,-35996.4,MURAT_202002_MRE,10,October,25.0,21.1,26.4
2020-10-27T09:00:00Z,0.641,17.7,-9999,Esperance,-35996.4,MURAT_202002_MRE,10,October,25.0,21.1,26.4
2020-10-27T10:00:00Z,0.732,17.7,-9999,Esperance,-35996.4,MURAT_202002_MRE,10,October,25.0,21.1,26.4
2020-10-27T11:00:00Z,0.823,17.7,-9999,Esperance,-35996.4,MURAT_202002_MRE,10,October,25.0,21.1,26.4
2020-10-27T12:00:00Z,0.916,17.7,-9999,Esperance,-35996.4,MURAT_202002_MRE,10,October,25.0,21.1,26.4
2020-10-27T13:00:00Z,0.977,17.8,-9999,Esperance,-35996.4,MURAT_202002_MRE,10,October,25.0,21.1,26.4
2020-10-27T14:00:00Z,0.991,17.8,-9999,Esperance,-35996.4,MURAT_202002_MRE,10,October,25.0,21.1,26.4
2020-10-27T15:00:00Z,0.96,17.8,-9999,Esperance,-35996.4,MURAT_202002_MRE,10,October,25.0,21.1,26.4
2020-10-27T16:00:00Z,0.886,17.7,-9999,Esperance,-35996.4,MURAT_202002_MRE,10,October,25.0,21.1,26.4
2020-10-27T17:00:00Z,0.821,17.8,-9999,Esperance,-35996.4,MURAT_202002_MRE,10,October,25.0,21.1,26.4
2020-10-27T18:00:00Z,0.715,17.8,-9999,Esperance,-35996.4,MURAT_202002_MRE,10,October,25.0,21.1,26.4
2020-10-27T19:00:00Z,0.714,17.8,-9999,Esperance,-35996.4,MURAT_202002_MRE,10,October,25.0,21.1,26.4
2020-10-27T20:00:00Z,0.675,17.8,-9999,Esperance,-35996.4,MURAT_202002_MRE,10,October,25.0,21.1,26.4
2020-10-27T21:00:00Z,0.702,17.9,-9999,Esperance,-35996.4,MURAT_202002_MRE,10,October,25.0,21.1,26.4
2020-10-27T22:00:00Z,0.836,17.8,-9999,Esperance,-35996.4,MURAT_202002_MRE,10,October,25.0,21.1,26.4
2020-10-27T23:00:00Z,0.893,17.8,-9999,Esperance,-35996.4,MURAT_202002_MRE,10,October,25.0,21.1,26.4
2020-10-28T00:00:00Z,0.951,17.8,-9999,Esperance,-35996.4,MURAT_202002_MRE,10,October,25.0,21.1,26.4
2020-10-28T01:00:00Z,1.064,17.9,-9999,Esperance,-35996.4,MURAT_202002_MRE,10,October,25.0,21.1,26.4
2020-10-28T02:00:00Z,1.013,17.9,-9999,Esperance,-35996.4,MURAT_202002_MRE,10,October,25.0,21.1,26.4
2020-10-28T03:00:00Z,0.952,17.9,-9999,Esperance,-35996.4,MURAT_202002_MRE,10,October,25.0,21.1,26.4
2020-10-28T04:00:00Z,0.862,17.9,-9999,Esperance,-35996.4,MURAT_202002_MRE,10,October,25.0,21.1,26.4
2020-10-28T05:00:00Z,0.779,17.9,-9999,Esperance,-35996.4,MURAT_202002_MRE,10,October,25.0,21.1,26.4
2020-10-28T06:00:00Z,0.629,17.9,-9999,Esperance,-35996.4,MURAT_202002_MRE,10,October,25.0,21.1,26.4
2020-10-28T07:00:00Z,0.567,17.8,-9999,Esperance,-35996.4,MURAT_202002_MRE,10,October,25.0,21.1,26.4
2020-10-28T08:00:00Z,0.571,17.9,-9999,Esperance,-35996.4,MURAT_202002_MRE,10,October,25.0,21.1,26.4
2020-10-28T09:00:00Z,0.583,17.9,-9999,Esperance,-35996.4,MURAT_202002_MRE,10,October,25.0,21.1,26.4
2020-10-28T10:00:00Z,0.679,17.9,-9999,Esperance,-35996.4,MURAT_202002_MRE,10,October,25.0,21.1,26.4
2020-10-28T11:00:00Z,0.843,17.9,-9999,Esperance,-35996.4,MURAT_202002_MRE,10,October,25.0,21.1,26.4
2020-10-28T12:00:00Z,0.91,17.9,-9999,Esperance,-35996.4,MURAT_202002_MRE,10,October,25.0,21.1,26.4
2020-10-28T13:00:00Z,1.006,17.9,-9999,Esperance,-35996.4,MURAT_202002_MRE,10,October,25.0,21.1,26.4
2020-10-28T14:00:00Z,1.022,17.9,-9999,Esperance,-35996.4,MURAT_202002_MRE,10,October,25.0,21.1,26.4
2020-10-28T15:00:00Z,0.982,18,-9999,Esperance,-35996.4,MURAT_202002_MRE,10,October,25.0,21.1,26.4
2020-10-28T16:00:00Z,0.902,18,-9999,Esperance,-35996.4,MURAT_202002_MRE,10,October,25.0,21.1,26.4
2020-10-28T17:00:00Z,0.797,18.1,-9999,Esperance,-35996.4,MURAT_202002_MRE,10,October,25.0,21.1,26.4
2020-10-28T18:00:00Z,0.656,18.1,-9999,Esperance,-35996.4,MURAT_202002_MRE,10,October,25.0,21.1,26.4
2020-10-28T19:00:00Z,0.601,18.1,-9999,Esperance,-35996.4,MURAT_202002_MRE,10,October,25.0,21.1,26.4
2020-10-28T20:00:00Z,0.542,18,-9999,Esperance,-35996.4,MURAT_202002_MRE,10,October,25.0,21.1,26.4
2020-10-28T21:00:00Z,0.566,18,-9999,Esperance,-35996.4,MURAT_202002_MRE,10,October,25.0,21.1,26.4
2020-10-28T22:00:00Z,0.664,18,-9999,Esperance,-35996.4,MURAT_202002_MRE,10,October,25.0,21.1,26.4
2020-10-28T23:00:00Z,0.734,18,-9999,Esperance,-35996.4,MURAT_202002_MRE,10,October,25.0,21.1,26.4
2020-10-29T00:00:00Z,0.805,17.9,-9999,Esperance,-35996.4,MURAT_202002_MRE,10,October,25.0,21.1,26.4
2020-10-29T01:00:00Z,0.903,18,-9999,Esperance,-35996.4,MURAT_202002_MRE,10,October,25.0,21.1,26.4
2020-10-29T02:00:00Z,0.872,18,-9999,Esperance,-35996.4,MURAT_202002_MRE,10,October,25.0,21.1,26.4
2020-10-29T03:00:00Z,0.842,18.1,-9999,Esperance,-35996.4,MURAT_202002_MRE,10,October,25.0,21.1,26.4
2020-10-29T04:00:00Z,0.778,18.2,-9999,Esperance,-35996.4,MURAT_202002_MRE,10,October,25.0,21.1,26.4
2020-10-29T05:00:00Z,0.644,18.2,-9999,Esperance,-35996.4,MURAT_202002_MRE,10,October,25.0,21.1,26.4
2020-10-29T06:00:00Z,0.524,18.3,-9999,Esperance,-35996.4,MURAT_202002_MRE,10,October,25.0,21.1,26.4
2020-10-29T07:00:00Z,0.463,18.3,-9999,Esperance,-35996.4,MURAT_202002_MRE,10,October,25.0,21.1,26.4
2020-10-29T08:00:00Z,0.44,18.4,-9999,Esperance,-35996.4,MURAT_202002_MRE,10,October,25.0,21.1,26.4
2020-10-29T09:00:00Z,0.479,18.2,-9999,Esperance,-35996.4,MURAT_202002_MRE,10,October,25.0,21.1,26.4
2020-10-29T10:00:00Z,0.572,18.1,-9999,Esperance,-35996.4,MURAT_202002_MRE,10,October,25.0,21.1,26.4
2020-10-29T11:00:00Z,0.733,18.1,-9999,Esperance,-35996.4,MURAT_202002_MRE,10,October,25.0,21.1,26.4
2020-10-29T12:00:00Z,0.847,18.1,-9999,Esperance,-35996.4,MURAT_202002_MRE,10,October,25.0,21.1,26.4
2020-10-29T13:00:00Z,0.912,17.9,-9999,Esperance,-35996.4,MURAT_202002_MRE,10,October,25.0,21.1,26.4
2020-10-29T14:00:00Z,0.952,17.9,-9999,Esperance,-35996.4,MURAT_202002_MRE,10,October,25.0,21.1,26.4
2020-10-29T15:00:00Z,0.92,17.9,-9999,Esperance,-35996.4,MURAT_202002_MRE,10,October,25.0,21.1,26.4
2020-10-29T16:00:00Z,0.834,17.8,-9999,Esperance,-35996.4,MURAT_202002_MRE,10,October,25.0,21.1,26.4
2020-10-29T17:00:00Z,0.677,17.8,-9999,Esperance,-35996.4,MURAT_202002_MRE,10,October,25.0,21.1,26.4
2020-10-29T18:00:00Z,0.529,17.8,-9999,Esperance,-35996.4,MURAT_202002_MRE,10,October,25.0,21.1,26.4
2020-10-29T19:00:00Z,0.439,17.8,-9999,Esperance,-35996.4,MURAT_202002_MRE,10,October,25.0,21.1,26.4
2020-10-29T20:00:00Z,0.351,17.7,-9999,Esperance,-35996.4,MURAT_202002_MRE,10,October,25.0,21.1,26.4
2020-10-29T21:00:00Z,0.364,17.7,-9999,Esperance,-35996.4,MURAT_202002_MRE,10,October,25.0,21.1,26.4
2020-10-29T22:00:00Z,0.456,17.7,-9999,Esperance,-35996.4,MURAT_202002_MRE,10,October,25.0,21.1,26.4
2020-10-29T23:00:00Z,0.53,17.7,-9999,Esperance,-35996.4,MURAT_202002_MRE,10,October,25.0,21.1,26.4
2020-10-30T00:00:00Z,0.659,17.8,-9999,Esperance,-35996.4,MURAT_202002_MRE,10,October,25.0,21.1,26.4
2020-10-30T01:00:00Z,0.777,17.8,-9999,Esperance,-35996.4,MURAT_202002_MRE,10,October,25.0,21.1,26.4
2020-10-30T02:00:00Z,0.809,17.9,-9999,Esperance,-35996.4,MURAT_202002_MRE,10,October,25.0,21.1,26.4
2020-10-30T03:00:00Z,0.804,18.1,-9999,Esperance,-35996.4,MURAT_202002_MRE,10,October,25.0,21.1,26.4
2020-10-30T04:00:00Z,0.731,18.3,-9999,Esperance,-35996.4,MURAT_202002_MRE,10,October,25.0,21.1,26.4
2020-10-30T05:00:00Z,0.654,18.5,-9999,Esperance,-35996.4,MURAT_202002_MRE,10,October,25.0,21.1,26.4
2020-10-30T06:00:00Z,0.525,18.7,-9999,Esperance,-35996.4,MURAT_202002_MRE,10,October,25.0,21.1,26.4
2020-10-30T07:00:00Z,0.454,18.8,-9999,Esperance,-35996.4,MURAT_202002_MRE,10,October,25.0,21.1,26.4
2020-10-30T08:00:00Z,0.453,18.6,-9999,Esperance,-35996.4,MURAT_202002_MRE,10,October,25.0,21.1,26.4
2020-10-30T09:00:00Z,0.473,18.6,-9999,Esperance,-35996.4,MURAT_202002_MRE,10,October,25.0,21.1,26.4
2020-10-30T10:00:00Z,0.585,18.8,-9999,Esperance,-35996.4,MURAT_202002_MRE,10,October,25.0,21.1,26.4
2020-10-30T11:00:00Z,0.758,18.8,-9999,Esperance,-35996.4,MURAT_202002_MRE,10,October,25.0,21.1,26.4
2020-10-30T12:00:00Z,0.899,18.8,-9999,Esperance,-35996.4,MURAT_202002_MRE,10,October,25.0,21.1,26.4
2020-10-30T13:00:00Z,0.955,18.6,-9999,Esperance,-35996.4,MURAT_202002_MRE,10,October,25.0,21.1,26.4
2020-10-30T14:00:00Z,1.037,18.7,-9999,Esperance,-35996.4,MURAT_202002_MRE,10,October,25.0,21.1,26.4
2020-10-30T15:00:00Z,1.026,18.7,-9999,Esperance,-35996.4,MURAT_202002_MRE,10,October,25.0,21.1,26.4
2020-10-30T16:00:00Z,0.897,18.7,-9999,Esperance,-35996.4,MURAT_202002_MRE,10,October,25.0,21.1,26.4
2020-10-30T17:00:00Z,0.758,18.7,-9999,Esperance,-35996.4,MURAT_202002_MRE,10,October,25.0,21.1,26.4
2020-10-30T18:00:00Z,0.627,18.6,-9999,Esperance,-35996.4,MURAT_202002_MRE,10,October,25.0,21.1,26.4
2020-10-30T19:00:00Z,0.459,18.6,-9999,Esperance,-35996.4,MURAT_202002_MRE,10,October,25.0,21.1,26.4
2020-10-30T20:00:00Z,0.391,18.5,-9999,Esperance,-35996.4,MURAT_202002_MRE,10,October,25.0,21.1,26.4
2020-10-30T21:00:00Z,0.393,18.4,-9999,Esperance,-35996.4,MURAT_202002_MRE,10,October,25.0,21.1,26.4
2020-10-30T22:00:00Z,0.419,18.4,-9999,Esperance,-35996.4,MURAT_202002_MRE,10,October,25.0,21.1,26.4
2020-10-30T23:00:00Z,0.54,18.3,-9999,Esperance,-35996.4,MURAT_202002_MRE,10,October,25.0,21.1,26.4
2020-10-31T00:00:00Z,0.688,18.3,-9999,Esperance,-35996.4,MURAT_202002_MRE,10,October,25.0,21.1,26.4
2020-10-31T01:00:00Z,0.802,18.4,-9999,Esperance,-35996.4,MURAT_202002_MRE,10,October,25.0,21.1,26.4
2020-10-31T02:00:00Z,0.867,18.4,-9999,Esperance,-35996.4,MURAT_202002_MRE,10,October,25.0,21.1,26.4
2020-10-31T03:00:00Z,0.899,18.5,-9999,Esperance,-35996.4,MURAT_202002_MRE,10,October,25.0,21.1,26.4
2020-10-31T04:00:00Z,0.871,18.5,-9999,Esperance,-35996.4,MURAT_202002_MRE,10,October,25.0,21.1,26.4
2020-10-31T05:00:00Z,0.766,18.6,-9999,Esperance,-35996.4,MURAT_202002_MRE,10,October,25.0,21.1,26.4
2020-10-31T06:00:00Z,0.687,18.6,-9999,Esperance,-35996.4,MURAT_202002_MRE,10,October,25.0,21.1,26.4
2020-10-31T07:00:00Z,0.609,18.7,-9999,Esperance,-35996.4,MURAT_202002_MRE,10,October,25.0,21.1,26.4
2020-10-31T08:00:00Z,0.567,19,-9999,Esperance,-35996.4,MURAT_202002_MRE,10,October,25.0,21.1,26.4
2020-10-31T09:00:00Z,0.631,19.2,-9999,Esperance,-35996.4,MURAT_202002_MRE,10,October,25.0,21.1,26.4
2020-10-31T10:00:00Z,0.747,19.2,-9999,Esperance,-35996.4,MURAT_202002_MRE,10,October,25.0,21.1,26.4
2020-10-31T11:00:00Z,0.869,19.2,-9999,Esperance,-35996.4,MURAT_202002_MRE,10,October,25.0,21.1,26.4
2020-10-31T12:00:00Z,1.084,19.1,-9999,Esperance,-35996.4,MURAT_202002_MRE,10,October,25.0,21.1,26.4
2020-10-31T13:00:00Z,1.193,19.2,-9999,Esperance,-35996.4,MURAT_202002_MRE,10,October,25.0,21.1,26.4
2020-10-31T14:00:00Z,1.241,19.2,-9999,Esperance,-35996.4,MURAT_202002_MRE,10,October,25.0,21.1,26.4
2020-10-31T15:00:00Z,1.341,19.1,-9999,Esperance,-35996.4,MURAT_202002_MRE,10,October,25.0,21.1,26.4
2020-10-31T16:00:00Z,1.189,19.1,-9999,Esperance,-35996.4,MURAT_202002_MRE,10,October,25.0,21.1,26.4
2020-10-31T17:00:00Z,1.073,19.1,-9999,Esperance,-35996.4,MURAT_202002_MRE,10,October,25.0,21.1,26.4
2020-10-31T18:00:00Z,0.942,19.1,-9999,Esperance,-35996.4,MURAT_202002_MRE,10,October,25.0,21.1,26.4
2020-10-31T19:00:00Z,0.781,19.1,-9999,Esperance,-35996.4,MURAT_202002_MRE,10,October,25.0,21.1,26.4
2020-10-31T20:00:00Z,0.645,19.1,-9999,Esperance,-35996.4,MURAT_202002_MRE,10,October,25.0,21.1,26.4
2020-10-31T21:00:00Z,0.602,18.9,-9999,Esperance,-35996.4,MURAT_202002_MRE,10,October,25.0,21.1,26.4
2020-10-31T22:00:00Z,0.62,18.6,-9999,Esperance,-35996.4,MURAT_202002_MRE,10,October,25.0,21.1,26.4
2020-10-31T23:00:00Z,0.718,18,-9999,Esperance,-35996.4,MURAT_202002_MRE,10,October,25.0,21.1,26.4
2020-11-01T00:00:00Z,0.812,17.8,-9999,Esperance,-35996.4,MURAT_202002_MRE,11,November,19.3,20.0,26.8
2020-11-01T01:00:00Z,0.955,17.9,-9999,Esperance,-35996.4,MURAT_202002_MRE,11,November,19.3,20.0,26.8
2020-11-01T02:00:00Z,0.965,17.9,-9999,Esperance,-35996.4,MURAT_202002_MRE,11,November,19.3,20.0,26.8
2020-11-01T03:00:00Z,1.002,17.8,-9999,Esperance,-35996.4,MURAT_202002_MRE,11,November,19.3,20.0,26.8
2020-11-01T04:00:00Z,0.954,17.7,-9999,Esperance,-35996.4,MURAT_202002_MRE,11,November,19.3,20.0,26.8
2020-11-01T05:00:00Z,0.902,17.7,-9999,Esperance,-35996.4,MURAT_202002_MRE,11,November,19.3,20.0,26.8
2020-11-01T06:00:00Z,0.782,17.7,-9999,Esperance,-35996.4,MURAT_202002_MRE,11,November,19.3,20.0,26.8
2020-11-01T07:00:00Z,0.663,17.7,-9999,Esperance,-35996.4,MURAT_202002_MRE,11,November,19.3,20.0,26.8
2020-11-01T08:00:00Z,0.701,17.7,-9999,Esperance,-35996.4,MURAT_202002_MRE,11,November,19.3,20.0,26.8
2020-11-01T09:00:00Z,0.667,17.7,-9999,Esperance,-35996.4,MURAT_202002_MRE,11,November,19.3,20.0,26.8
2020-11-01T10:00:00Z,0.706,17.6,-9999,Esperance,-35996.4,MURAT_202002_MRE,11,November,19.3,20.0,26.8
2020-11-01T11:00:00Z,0.938,17.7,-9999,Esperance,-35996.4,MURAT_202002_MRE,11,November,19.3,20.0,26.8
2020-11-01T12:00:00Z,1.037,17.7,-9999,Esperance,-35996.4,MURAT_202002_MRE,11,November,19.3,20.0,26.8
2020-11-01T13:00:00Z,1.197,17.9,-9999,Esperance,-35996.4,MURAT_202002_MRE,11,November,19.3,20.0,26.8
2020-11-01T14:00:00Z,1.319,18,-9999,Esperance,-35996.4,MURAT_202002_MRE,11,November,19.3,20.0,26.8
2020-11-01T15:00:00Z,1.318,17.9,-9999,Esperance,-35996.4,MURAT_202002_MRE,11,November,19.3,20.0,26.8
2020-11-01T16:00:00Z,1.272,18,-9999,Esperance,-35996.4,MURAT_202002_MRE,11,November,19.3,20.0,26.8
2020-11-01T17:00:00Z,1.184,18,-9999,Esperance,-35996.4,MURAT_202002_MRE,11,November,19.3,20.0,26.8
2020-11-01T18:00:00Z,0.962,18.1,-9999,Esperance,-35996.4,MURAT_202002_MRE,11,November,19.3,20.0,26.8
2020-11-01T19:00:00Z,0.766,18.1,-9999,Esperance,-35996.4,MURAT_202002_MRE,11,November,19.3,20.0,26.8
2020-11-01T20:00:00Z,0.727,18.1,-9999,Esperance,-35996.4,MURAT_202002_MRE,11,November,19.3,20.0,26.8
2020-11-01T21:00:00Z,0.541,18.2,-9999,Esperance,-35996.4,MURAT_202002_MRE,11,November,19.3,20.0,26.8
2020-11-01T22:00:00Z,0.568,18.2,-9999,Esperance,-35996.4,MURAT_202002_MRE,11,November,19.3,20.0,26.8
2020-11-01T23:00:00Z,0.645,18.2,-9999,Esperance,-35996.4,MURAT_202002_MRE,11,November,19.3,20.0,26.8
2020-11-02T00:00:00Z,0.671,18.2,-9999,Esperance,-35996.4,MURAT_202002_MRE,11,November,19.3,20.0,26.8
2020-11-02T01:00:00Z,0.891,18.3,-9999,Esperance,-35996.4,MURAT_202002_MRE,11,November,19.3,20.0,26.8
2020-11-02T02:00:00Z,0.889,18.3,-9999,Esperance,-35996.4,MURAT_202002_MRE,11,November,19.3,20.0,26.8
2020-11-02T03:00:00Z,0.956,18.3,-9999,Esperance,-35996.4,MURAT_202002_MRE,11,November,19.3,20.0,26.8
2020-11-02T04:00:00Z,0.928,18.3,-9999,Esperance,-35996.4,MURAT_202002_MRE,11,November,19.3,20.0,26.8
2020-11-02T05:00:00Z,0.852,18.2,-9999,Esperance,-35996.4,MURAT_202002_MRE,11,November,19.3,20.0,26.8
2020-11-02T06:00:00Z,0.798,18.2,-9999,Esperance,-35996.4,MURAT_202002_MRE,11,November,19.3,20.0,26.8
2020-11-02T07:00:00Z,0.699,18.2,-9999,Esperance,-35996.4,MURAT_202002_MRE,11,November,19.3,20.0,26.8
2020-11-02T08:00:00Z,0.683,18.3,-9999,Esperance,-35996.4,MURAT_202002_MRE,11,November,19.3,20.0,26.8
2020-11-02T09:00:00Z,0.729,18.3,-9999,Esperance,-35996.4,MURAT_202002_MRE,11,November,19.3,20.0,26.8
2020-11-02T10:00:00Z,0.728,18.3,-9999,Esperance,-35996.4,MURAT_202002_MRE,11,November,19.3,20.0,26.8
2020-11-02T11:00:00Z,0.931,18.3,-9999,Esperance,-35996.4,MURAT_202002_MRE,11,November,19.3,20.0,26.8
2020-11-02T12:00:00Z,1.111,18.2,-9999,Esperance,-35996.4,MURAT_202002_MRE,11,November,19.3,20.0,26.8
2020-11-02T13:00:00Z,1.21,18.2,-9999,Esperance,-35996.4,MURAT_202002_MRE,11,November,19.3,20.0,26.8
2020-11-02T14:00:00Z,1.346,18.1,-9999,Esperance,-35996.4,MURAT_202002_MRE,11,November,19.3,20.0,26.8
2020-11-02T15:00:00Z,1.437,18.1,-9999,Esperance,-35996.4,MURAT_202002_MRE,11,November,19.3,20.0,26.8
2020-11-02T16:00:00Z,1.372,18.1,-9999,Esperance,-35996.4,MURAT_202002_MRE,11,November,19.3,20.0,26.8
2020-11-02T17:00:00Z,1.275,18,-9999,Esperance,-35996.4,MURAT_202002_MRE,11,November,19.3,20.0,26.8
2020-11-02T18:00:00Z,1.171,18,-9999,Esperance,-35996.4,MURAT_202002_MRE,11,November,19.3,20.0,26.8
2020-11-02T19:00:00Z,1.002,18.1,-9999,Esperance,-35996.4,MURAT_202002_MRE,11,November,19.3,20.0,26.8
2020-11-02T20:00:00Z,0.788,18.1,-9999,Esperance,-35996.4,MURAT_202002_MRE,11,November,19.3,20.0,26.8
2020-11-02T21:00:00Z,0.711,18.1,-9999,Esperance,-35996.4,MURAT_202002_MRE,11,November,19.3,20.0,26.8
2020-11-02T22:00:00Z,0.646,18.1,-9999,Esperance,-35996.4,MURAT_202002_MRE,11,November,19.3,20.0,26.8
2020-11-02T23:00:00Z,0.6,18,-9999,Esperance,-35996.4,MURAT_202002_MRE,11,November,19.3,20.0,26.8
2020-11-03T00:00:00Z,0.705,17.9,-9999,Esperance,-35996.4,MURAT_202002_MRE,11,November,19.3,20.0,26.8
2020-11-03T01:00:00Z,0.77,17.8,-9999,Esperance,-35996.4,MURAT_202002_MRE,11,November,19.3,20.0,26.8
2020-11-03T02:00:00Z,0.782,17.8,-9999,Esperance,-35996.4,MURAT_202002_MRE,11,November,19.3,20.0,26.8
2020-11-03T03:00:00Z,0.865,17.8,-9999,Esperance,-35996.4,MURAT_202002_MRE,11,November,19.3,20.0,26.8
2020-11-03T04:00:00Z,0.836,17.8,-9999,Esperance,-35996.4,MURAT_202002_MRE,11,November,19.3,20.0,26.8
2020-11-03T05:00:00Z,0.793,17.9,-9999,Esperance,-35996.4,MURAT_202002_MRE,11,November,19.3,20.0,26.8
2020-11-03T06:00:00Z,0.689,17.9,-9999,Esperance,-35996.4,MURAT_202002_MRE,11,November,19.3,20.0,26.8
2020-11-03T07:00:00Z,0.666,18,-9999,Esperance,-35996.4,MURAT_202002_MRE,11,November,19.3,20.0,26.8
2020-11-03T08:00:00Z,0.576,18.1,-9999,Esperance,-35996.4,MURAT_202002_MRE,11,November,19.3,20.0,26.8
2020-11-03T09:00:00Z,0.62,18.1,-9999,Esperance,-35996.4,MURAT_202002_MRE,11,November,19.3,20.0,26.8
2020-11-03T10:00:00Z,0.702,18.1,-9999,Esperance,-35996.4,MURAT_202002_MRE,11,November,19.3,20.0,26.8
2020-11-03T11:00:00Z,0.798,18.1,-9999,Esperance,-35996.4,MURAT_202002_MRE,11,November,19.3,20.0,26.8
2020-11-03T12:00:00Z,0.968,18.1,-9999,Esperance,-35996.4,MURAT_202002_MRE,11,November,19.3,20.0,26.8
2020-11-03T13:00:00Z,1.178,18.1,-9999,Esperance,-35996.4,MURAT_202002_MRE,11,November,19.3,20.0,26.8
2020-11-03T14:00:00Z,1.249,18.1,-9999,Esperance,-35996.4,MURAT_202002_MRE,11,November,19.3,20.0,26.8
2020-11-03T15:00:00Z,1.323,18.1,-9999,Esperance,-35996.4,MURAT_202002_MRE,11,November,19.3,20.0,26.8
2020-11-03T16:00:00Z,1.335,18.1,-9999,Esperance,-35996.4,MURAT_202002_MRE,11,November,19.3,20.0,26.8
2020-11-03T17:00:00Z,1.268,18.1,-9999,Esperance,-35996.4,MURAT_202002_MRE,11,November,19.3,20.0,26.8
2020-11-03T18:00:00Z,1.082,18,-9999,Esperance,-35996.4,MURAT_202002_MRE,11,November,19.3,20.0,26.8
2020-11-03T19:00:00Z,0.972,18,-9999,Esperance,-35996.4,MURAT_202002_MRE,11,November,19.3,20.0,26.8
2020-11-03T20:00:00Z,0.786,18,-9999,Esperance,-35996.4,MURAT_202002_MRE,11,November,19.3,20.0,26.8
2020-11-03T21:00:00Z,0.645,18,-9999,Esperance,-35996.4,MURAT_202002_MRE,11,November,19.3,20.0,26.8
2020-11-03T22:00:00Z,0.573,18,-9999,Esperance,-35996.4,MURAT_202002_MRE,11,November,19.3,20.0,26.8
2020-11-03T23:00:00Z,0.516,18,-9999,Esperance,-35996.4,MURAT_202002_MRE,11,November,19.3,20.0,26.8
2020-11-04T00:00:00Z,0.53,18,-9999,Esperance,-35996.4,MURAT_202002_MRE,11,November,19.3,20.0,26.8
2020-11-04T01:00:00Z,0.616,18,-9999,Esperance,-35996.4,MURAT_202002_MRE,11,November,19.3,20.0,26.8
2020-11-04T02:00:00Z,0.653,18,-9999,Esperance,-35996.4,MURAT_202002_MRE,11,November,19.3,20.0,26.8
2020-11-04T03:00:00Z,0.682,18.2,-9999,Esperance,-35996.4,MURAT_202002_MRE,11,November,19.3,20.0,26.8
2020-11-04T04:00:00Z,0.682,18.2,-9999,Esperance,-35996.4,MURAT_202002_MRE,11,November,19.3,20.0,26.8
2020-11-04T05:00:00Z,0.654,18.2,-9999,Esperance,-35996.4,MURAT_202002_MRE,11,November,19.3,20.0,26.8
2020-11-04T06:00:00Z,0.581,18.2,-9999,Esperance,-35996.4,MURAT_202002_MRE,11,November,19.3,20.0,26.8
2020-11-04T07:00:00Z,0.55,18.2,-9999,Esperance,-35996.4,MURAT_202002_MRE,11,November,19.3,20.0,26.8
2020-11-04T08:00:00Z,0.514,18.2,-9999,Esperance,-35996.4,MURAT_202002_MRE,11,November,19.3,20.0,26.8
2020-11-04T09:00:00Z,0.523,18.4,-9999,Esperance,-35996.4,MURAT_202002_MRE,11,November,19.3,20.0,26.8
2020-11-04T10:00:00Z,0.583,18.4,-9999,Esperance,-35996.4,MURAT_202002_MRE,11,November,19.3,20.0,26.8
2020-11-04T11:00:00Z,0.693,18.3,-9999,Esperance,-35996.4,MURAT_202002_MRE,11,November,19.3,20.0,26.8
2020-11-04T12:00:00Z,0.834,18.3,-9999,Esperance,-35996.4,MURAT_202002_MRE,11,November,19.3,20.0,26.8
2020-11-04T13:00:00Z,0.981,18.4,-9999,Esperance,-35996.4,MURAT_202002_MRE,11,November,19.3,20.0,26.8
2020-11-04T14:00:00Z,1.115,18.4,-9999,Esperance,-35996.4,MURAT_202002_MRE,11,November,19.3,20.0,26.8
2020-11-04T15:00:00Z,1.189,18.3,-9999,Esperance,-35996.4,MURAT_202002_MRE,11,November,19.3,20.0,26.8
2020-11-04T16:00:00Z,1.189,18.3,-9999,Esperance,-35996.4,MURAT_202002_MRE,11,November,19.3,20.0,26.8
2020-11-04T17:00:00Z,1.177,18.2,-9999,Esperance,-35996.4,MURAT_202002_MRE,11,November,19.3,20.0,26.8
2020-11-04T18:00:00Z,1.076,18.2,-9999,Esperance,-35996.4,MURAT_202002_MRE,11,November,19.3,20.0,26.8
2020-11-04T19:00:00Z,0.93,18.1,-9999,Esperance,-35996.4,MURAT_202002_MRE,11,November,19.3,20.0,26.8
2020-11-04T20:00:00Z,0.767,18.1,-9999,Esperance,-35996.4,MURAT_202002_MRE,11,November,19.3,20.0,26.8
2020-11-04T21:00:00Z,0.668,18.1,-9999,Esperance,-35996.4,MURAT_202002_MRE,11,November,19.3,20.0,26.8
2020-11-04T22:00:00Z,0.558,18.1,-9999,Esperance,-35996.4,MURAT_202002_MRE,11,November,19.3,20.0,26.8
2020-11-04T23:00:00Z,0.476,18,-9999,Esperance,-35996.4,MURAT_202002_MRE,11,November,19.3,20.0,26.8
2020-11-05T00:00:00Z,0.491,18,-9999,Esperance,-35996.4,MURAT_202002_MRE,11,November,19.3,20.0,26.8
2020-11-05T01:00:00Z,0.541,18,-9999,Esperance,-35996.4,MURAT_202002_MRE,11,November,19.3,20.0,26.8
2020-11-05T02:00:00Z,0.565,18,-9999,Esperance,-35996.4,MURAT_202002_MRE,11,November,19.3,20.0,26.8
2020-11-05T03:00:00Z,0.587,18.1,-9999,Esperance,-35996.4,MURAT_202002_MRE,11,November,19.3,20.0,26.8
2020-11-05T04:00:00Z,0.626,18.1,-9999,Esperance,-35996.4,MURAT_202002_MRE,11,November,19.3,20.0,26.8
2020-11-05T05:00:00Z,0.583,18.1,-9999,Esperance,-35996.4,MURAT_202002_MRE,11,November,19.3,20.0,26.8
2020-11-05T06:00:00Z,0.546,18.3,-9999,Esperance,-35996.4,MURAT_202002_MRE,11,November,19.3,20.0,26.8
2020-11-05T07:00:00Z,0.528,18.3,-9999,Esperance,-35996.4,MURAT_202002_MRE,11,November,19.3,20.0,26.8
2020-11-05T08:00:00Z,0.483,18.3,-9999,Esperance,-35996.4,MURAT_202002_MRE,11,November,19.3,20.0,26.8
2020-11-05T09:00:00Z,0.474,18.4,-9999,Esperance,-35996.4,MURAT_202002_MRE,11,November,19.3,20.0,26.8
2020-11-05T10:00:00Z,0.539,18.4,-9999,Esperance,-35996.4,MURAT_202002_MRE,11,November,19.3,20.0,26.8
2020-11-05T11:00:00Z,0.638,18.4,-9999,Esperance,-35996.4,MURAT_202002_MRE,11,November,19.3,20.0,26.8
2020-11-05T12:00:00Z,0.732,18.3,-9999,Esperance,-35996.4,MURAT_202002_MRE,11,November,19.3,20.0,26.8
2020-11-05T13:00:00Z,0.862,18.4,-9999,Esperance,-35996.4,MURAT_202002_MRE,11,November,19.3,20.0,26.8
2020-11-05T14:00:00Z,1.008,18.4,-9999,Esperance,-35996.4,MURAT_202002_MRE,11,November,19.3,20.0,26.8
2020-11-05T15:00:00Z,1.064,18.3,-9999,Esperance,-35996.4,MURAT_202002_MRE,11,November,19.3,20.0,26.8
2020-11-05T16:00:00Z,1.098,18.3,-9999,Esperance,-35996.4,MURAT_202002_MRE,11,November,19.3,20.0,26.8
2020-11-05T17:00:00Z,1.119,18.2,-9999,Esperance,-35996.4,MURAT_202002_MRE,11,November,19.3,20.0,26.8
2020-11-05T18:00:00Z,1.022,18.2,-9999,Esperance,-35996.4,MURAT_202002_MRE,11,November,19.3,20.0,26.8
2020-11-05T19:00:00Z,0.912,18.1,-9999,Esperance,-35996.4,MURAT_202002_MRE,11,November,19.3,20.0,26.8
2020-11-05T20:00:00Z,0.815,18.1,-9999,Esperance,-35996.4,MURAT_202002_MRE,11,November,19.3,20.0,26.8
2020-11-05T21:00:00Z,0.685,18.1,-9999,Esperance,-35996.4,MURAT_202002_MRE,11,November,19.3,20.0,26.8
2020-11-05T22:00:00Z,0.602,18.1,-9999,Esperance,-35996.4,MURAT_202002_MRE,11,November,19.3,20.0,26.8
2020-11-05T23:00:00Z,0.525,18.1,-9999,Esperance,-35996.4,MURAT_202002_MRE,11,November,19.3,20.0,26.8
2020-11-06T00:00:00Z,0.494,18.1,-9999,Esperance,-35996.4,MURAT_202002_MRE,11,November,19.3,20.0,26.8
2020-11-06T01:00:00Z,0.491,18.1,-9999,Esperance,-35996.4,MURAT_202002_MRE,11,November,19.3,20.0,26.8
2020-11-06T02:00:00Z,0.496,18.1,-9999,Esperance,-35996.4,MURAT_202002_MRE,11,November,19.3,20.0,26.8
2020-11-06T03:00:00Z,0.511,18.2,-9999,Esperance,-35996.4,MURAT_202002_MRE,11,November,19.3,20.0,26.8
2020-11-06T04:00:00Z,0.506,18.3,-9999,Esperance,-35996.4,MURAT_202002_MRE,11,November,19.3,20.0,26.8
2020-11-06T05:00:00Z,0.478,18.4,-9999,Esperance,-35996.4,MURAT_202002_MRE,11,November,19.3,20.0,26.8
2020-11-06T06:00:00Z,0.401,18.4,-9999,Esperance,-35996.4,MURAT_202002_MRE,11,November,19.3,20.0,26.8
2020-11-06T07:00:00Z,0.402,18.5,-9999,Esperance,-35996.4,MURAT_202002_MRE,11,November,19.3,20.0,26.8
2020-11-06T08:00:00Z,0.371,18.5,-9999,Esperance,-35996.4,MURAT_202002_MRE,11,November,19.3,20.0,26.8
2020-11-06T09:00:00Z,0.344,18.6,-9999,Esperance,-35996.4,MURAT_202002_MRE,11,November,19.3,20.0,26.8
2020-11-06T10:00:00Z,0.417,18.6,-9999,Esperance,-35996.4,MURAT_202002_MRE,11,November,19.3,20.0,26.8
2020-11-06T11:00:00Z,0.483,18.5,-9999,Esperance,-35996.4,MURAT_202002_MRE,11,November,19.3,20.0,26.8
2020-11-06T12:00:00Z,0.586,18.5,-9999,Esperance,-35996.4,MURAT_202002_MRE,11,November,19.3,20.0,26.8
2020-11-06T13:00:00Z,0.698,18.3,-9999,Esperance,-35996.4,MURAT_202002_MRE,11,November,19.3,20.0,26.8
2020-11-06T14:00:00Z,0.815,18.3,-9999,Esperance,-35996.4,MURAT_202002_MRE,11,November,19.3,20.0,26.8
2020-11-06T15:00:00Z,0.897,18.2,-9999,Esperance,-35996.4,MURAT_202002_MRE,11,November,19.3,20.0,26.8
2020-11-06T16:00:00Z,0.931,18.1,-9999,Esperance,-35996.4,MURAT_202002_MRE,11,November,19.3,20.0,26.8
2020-11-06T17:00:00Z,0.956,18.1,-9999,Esperance,-35996.4,MURAT_202002_MRE,11,November,19.3,20.0,26.8
2020-11-06T18:00:00Z,0.901,18.1,-9999,Esperance,-35996.4,MURAT_202002_MRE,11,November,19.3,20.0,26.8
2020-11-06T19:00:00Z,0.836,18,-9999,Esperance,-35996.4,MURAT_202002_MRE,11,November,19.3,20.0,26.8
2020-11-06T20:00:00Z,0.794,18,-9999,Esperance,-35996.4,MURAT_202002_MRE,11,November,19.3,20.0,26.8
2020-11-06T21:00:00Z,0.693,18,-9999,Esperance,-35996.4,MURAT_202002_MRE,11,November,19.3,20.0,26.8
2020-11-06T22:00:00Z,0.611,17.9,-9999,Esperance,-35996.4,MURAT_202002_MRE,11,November,19.3,20.0,26.8
2020-11-06T23:00:00Z,0.538,17.9,-9999,Esperance,-35996.4,MURAT_202002_MRE,11,November,19.3,20.0,26.8
2020-11-07T00:00:00Z,0.487,17.9,-9999,Esperance,-35996.4,MURAT_202002_MRE,11,November,19.3,20.0,26.8
2020-11-07T01:00:00Z,0.495,17.9,-9999,Esperance,-35996.4,MURAT_202002_MRE,11,November,19.3,20.0,26.8
2020-11-07T02:00:00Z,0.454,17.9,-9999,Esperance,-35996.4,MURAT_202002_MRE,11,November,19.3,20.0,26.8
2020-11-07T03:00:00Z,0.464,17.9,-9999,Esperance,-35996.4,MURAT_202002_MRE,11,November,19.3,20.0,26.8
2020-11-07T04:00:00Z,0.419,18,-9999,Esperance,-35996.4,MURAT_202002_MRE,11,November,19.3,20.0,26.8
2020-11-07T05:00:00Z,0.407,18,-9999,Esperance,-35996.4,MURAT_202002_MRE,11,November,19.3,20.0,26.8
2020-11-07T06:00:00Z,0.364,17.9,-9999,Esperance,-35996.4,MURAT_202002_MRE,11,November,19.3,20.0,26.8
2020-11-07T07:00:00Z,0.335,18,-9999,Esperance,-35996.4,MURAT_202002_MRE,11,November,19.3,20.0,26.8
2020-11-07T08:00:00Z,0.338,18,-9999,Esperance,-35996.4,MURAT_202002_MRE,11,November,19.3,20.0,26.8
2020-11-07T09:00:00Z,0.355,18,-9999,Esperance,-35996.4,MURAT_202002_MRE,11,November,19.3,20.0,26.8
2020-11-07T10:00:00Z,0.425,18,-9999,Esperance,-35996.4,MURAT_202002_MRE,11,November,19.3,20.0,26.8
2020-11-07T11:00:00Z,0.525,18,-9999,Esperance,-35996.4,MURAT_202002_MRE,11,November,19.3,20.0,26.8
2020-11-07T12:00:00Z,0.602,18,-9999,Esperance,-35996.4,MURAT_202002_MRE,11,November,19.3,20.0,26.8
2020-11-07T13:00:00Z,0.733,17.9,-9999,Esperance,-35996.4,MURAT_202002_MRE,11,November,19.3,20.0,26.8
2020-11-07T14:00:00Z,0.796,17.9,-9999,Esperance,-35996.4,MURAT_202002_MRE,11,November,19.3,20.0,26.8
2020-11-07T15:00:00Z,0.872,17.8,-9999,Esperance,-35996.4,MURAT_202002_MRE,11,November,19.3,20.0,26.8
2020-11-07T16:00:00Z,0.929,17.8,-9999,Esperance,-35996.4,MURAT_202002_MRE,11,November,19.3,20.0,26.8
2020-11-07T17:00:00Z,0.937,17.8,-9999,Esperance,-35996.4,MURAT_202002_MRE,11,November,19.3,20.0,26.8
2020-11-07T18:00:00Z,0.936,17.8,-9999,Esperance,-35996.4,MURAT_202002_MRE,11,November,19.3,20.0,26.8
2020-11-07T19:00:00Z,0.923,17.8,-9999,Esperance,-35996.4,MURAT_202002_MRE,11,November,19.3,20.0,26.8
2020-11-07T20:00:00Z,0.889,17.7,-9999,Esperance,-35996.4,MURAT_202002_MRE,11,November,19.3,20.0,26.8
2020-11-07T21:00:00Z,0.853,17.7,-9999,Esperance,-35996.4,MURAT_202002_MRE,11,November,19.3,20.0,26.8
2020-11-07T22:00:00Z,0.815,17.7,-9999,Esperance,-35996.4,MURAT_202002_MRE,11,November,19.3,20.0,26.8
2020-11-07T23:00:00Z,0.762,17.7,-9999,Esperance,-35996.4,MURAT_202002_MRE,11,November,19.3,20.0,26.8
2020-11-08T00:00:00Z,0.749,17.7,-9999,Esperance,-35996.4,MURAT_202002_MRE,11,November,19.3,20.0,26.8
2020-11-08T01:00:00Z,0.681,17.7,-9999,Esperance,-35996.4,MURAT_202002_MRE,11,November,19.3,20.0,26.8
2020-11-08T02:00:00Z,0.646,17.8,-9999,Esperance,-35996.4,MURAT_202002_MRE,11,November,19.3,20.0,26.8
2020-11-08T03:00:00Z,0.616,17.8,-9999,Esperance,-35996.4,MURAT_202002_MRE,11,November,19.3,20.0,26.8
2020-11-08T04:00:00Z,0.543,17.9,-9999,Esperance,-35996.4,MURAT_202002_MRE,11,November,19.3,20.0,26.8
2020-11-08T05:00:00Z,0.524,18.2,-9999,Esperance,-35996.4,MURAT_202002_MRE,11,November,19.3,20.0,26.8
2020-11-08T06:00:00Z,0.497,18.4,-9999,Esperance,-35996.4,MURAT_202002_MRE,11,November,19.3,20.0,26.8
2020-11-08T07:00:00Z,0.473,18.3,-9999,Esperance,-35996.4,MURAT_202002_MRE,11,November,19.3,20.0,26.8
2020-11-08T08:00:00Z,0.505,18.4,-9999,Esperance,-35996.4,MURAT_202002_MRE,11,November,19.3,20.0,26.8
2020-11-08T09:00:00Z,0.575,18.4,-9999,Esperance,-35996.4,MURAT_202002_MRE,11,November,19.3,20.0,26.8
2020-11-08T10:00:00Z,0.633,18.4,-9999,Esperance,-35996.4,MURAT_202002_MRE,11,November,19.3,20.0,26.8
2020-11-08T11:00:00Z,0.72,18.6,-9999,Esperance,-35996.4,MURAT_202002_MRE,11,November,19.3,20.0,26.8
2020-11-08T12:00:00Z,0.804,18.9,-9999,Esperance,-35996.4,MURAT_202002_MRE,11,November,19.3,20.0,26.8
2020-11-08T13:00:00Z,0.853,18.9,-9999,Esperance,-35996.4,MURAT_202002_MRE,11,November,19.3,20.0,26.8
2020-11-08T14:00:00Z,0.941,18.9,-9999,Esperance,-35996.4,MURAT_202002_MRE,11,November,19.3,20.0,26.8
2020-11-08T15:00:00Z,0.971,18.6,-9999,Esperance,-35996.4,MURAT_202002_MRE,11,November,19.3,20.0,26.8
2020-11-08T16:00:00Z,1.008,18.7,-9999,Esperance,-35996.4,MURAT_202002_MRE,11,November,19.3,20.0,26.8
2020-11-08T17:00:00Z,1.048,18.7,-9999,Esperance,-35996.4,MURAT_202002_MRE,11,November,19.3,20.0,26.8
2020-11-08T18:00:00Z,1.044,18.7,-9999,Esperance,-35996.4,MURAT_202002_MRE,11,November,19.3,20.0,26.8
2020-11-08T19:00:00Z,1.09,18.7,-9999,Esperance,-35996.4,MURAT_202002_MRE,11,November,19.3,20.0,26.8
2020-11-08T20:00:00Z,1.077,18.7,-9999,Esperance,-35996.4,MURAT_202002_MRE,11,November,19.3,20.0,26.8
2020-11-08T21:00:00Z,1.097,18.6,-9999,Esperance,-35996.4,MURAT_202002_MRE,11,November,19.3,20.0,26.8
2020-11-08T22:00:00Z,1.119,18.4,-9999,Esperance,-35996.4,MURAT_202002_MRE,11,November,19.3,20.0,26.8
2020-11-08T23:00:00Z,1.066,18.4,-9999,Esperance,-35996.4,MURAT_202002_MRE,11,November,19.3,20.0,26.8
2020-11-09T00:00:00Z,1.078,18.3,-9999,Esperance,-35996.4,MURAT_202002_MRE,11,November,19.3,20.0,26.8
2020-11-09T01:00:00Z,1.03,18.2,-9999,Esperance,-35996.4,MURAT_202002_MRE,11,November,19.3,20.0,26.8
2020-11-09T02:00:00Z,0.957,18.9,-9999,Esperance,-35996.4,MURAT_202002_MRE,11,November,19.3,20.0,26.8
2020-11-09T03:00:00Z,0.905,18.9,-9999,Esperance,-35996.4,MURAT_202002_MRE,11,November,19.3,20.0,26.8
2020-11-09T04:00:00Z,0.805,18.6,-9999,Esperance,-35996.4,MURAT_202002_MRE,11,November,19.3,20.0,26.8
2020-11-09T05:00:00Z,0.747,18.3,-9999,Esperance,-35996.4,MURAT_202002_MRE,11,November,19.3,20.0,26.8
2020-11-09T06:00:00Z,0.702,18.3,-9999,Esperance,-35996.4,MURAT_202002_MRE,11,November,19.3,20.0,26.8
2020-11-09T07:00:00Z,0.695,18.3,-9999,Esperance,-35996.4,MURAT_202002_MRE,11,November,19.3,20.0,26.8
2020-11-09T08:00:00Z,0.727,18,-9999,Esperance,-35996.4,MURAT_202002_MRE,11,November,19.3,20.0,26.8
2020-11-09T09:00:00Z,0.774,17.9,-9999,Esperance,-35996.4,MURAT_202002_MRE,11,November,19.3,20.0,26.8
2020-11-09T10:00:00Z,0.873,17.9,-9999,Esperance,-35996.4,MURAT_202002_MRE,11,November,19.3,20.0,26.8
2020-11-09T11:00:00Z,0.909,18.4,-9999,Esperance,-35996.4,MURAT_202002_MRE,11,November,19.3,20.0,26.8
2020-11-09T12:00:00Z,1.024,18.4,-9999,Esperance,-35996.4,MURAT_202002_MRE,11,November,19.3,20.0,26.8
2020-11-09T13:00:00Z,1.06,18.7,-9999,Esperance,-35996.4,MURAT_202002_MRE,11,November,19.3,20.0,26.8
2020-11-09T14:00:00Z,1.101,18.7,-9999,Esperance,-35996.4,MURAT_202002_MRE,11,November,19.3,20.0,26.8
2020-11-09T15:00:00Z,1.104,18.7,-9999,Esperance,-35996.4,MURAT_202002_MRE,11,November,19.3,20.0,26.8
2020-11-09T16:00:00Z,1.094,18.6,-9999,Esperance,-35996.4,MURAT_202002_MRE,11,November,19.3,20.0,26.8
2020-11-09T17:00:00Z,1.086,18.6,-9999,Esperance,-35996.4,MURAT_202002_MRE,11,November,19.3,20.0,26.8
2020-11-09T18:00:00Z,1.108,18.6,-9999,Esperance,-35996.4,MURAT_202002_MRE,11,November,19.3,20.0,26.8
2020-11-09T19:00:00Z,1.092,18.5,-9999,Esperance,-35996.4,MURAT_202002_MRE,11,November,19.3,20.0,26.8
2020-11-09T20:00:00Z,1.122,18.5,-9999,Esperance,-35996.4,MURAT_202002_MRE,11,November,19.3,20.0,26.8
2020-11-09T21:00:00Z,1.174,18.5,-9999,Esperance,-35996.4,MURAT_202002_MRE,11,November,19.3,20.0,26.8
2020-11-09T22:00:00Z,1.242,18.4,-9999,Esperance,-35996.4,MURAT_202002_MRE,11,November,19.3,20.0,26.8
2020-11-09T23:00:00Z,1.256,18.3,-9999,Esperance,-35996.4,MURAT_202002_MRE,11,November,19.3,20.0,26.8
2020-11-10T00:00:00Z,1.272,18.1,-9999,Esperance,-35996.4,MURAT_202002_MRE,11,November,19.3,20.0,26.8
2020-11-10T01:00:00Z,1.251,18,-9999,Esperance,-35996.4,MURAT_202002_MRE,11,November,19.3,20.0,26.8
2020-11-10T02:00:00Z,1.151,18,-9999,Esperance,-35996.4,MURAT_202002_MRE,11,November,19.3,20.0,26.8
2020-11-10T03:00:00Z,1.108,18,-9999,Esperance,-35996.4,MURAT_202002_MRE,11,November,19.3,20.0,26.8
2020-11-10T04:00:00Z,0.997,18,-9999,Esperance,-35996.4,MURAT_202002_MRE,11,November,19.3,20.0,26.8
2020-11-10T05:00:00Z,0.93,18,-9999,Esperance,-35996.4,MURAT_202002_MRE,11,November,19.3,20.0,26.8
2020-11-10T06:00:00Z,0.963,18,-9999,Esperance,-35996.4,MURAT_202002_MRE,11,November,19.3,20.0,26.8
2020-11-10T07:00:00Z,0.913,17.9,-9999,Esperance,-35996.4,MURAT_202002_MRE,11,November,19.3,20.0,26.8
2020-11-10T08:00:00Z,0.977,17.9,-9999,Esperance,-35996.4,MURAT_202002_MRE,11,November,19.3,20.0,26.8
2020-11-10T09:00:00Z,1.052,17.9,-9999,Esperance,-35996.4,MURAT_202002_MRE,11,November,19.3,20.0,26.8
2020-11-10T10:00:00Z,1.123,17.9,-9999,Esperance,-35996.4,MURAT_202002_MRE,11,November,19.3,20.0,26.8
2020-11-10T11:00:00Z,1.237,17.9,-9999,Esperance,-35996.4,MURAT_202002_MRE,11,November,19.3,20.0,26.8
2020-11-10T12:00:00Z,1.318,17.9,-9999,Esperance,-35996.4,MURAT_202002_MRE,11,November,19.3,20.0,26.8
2020-11-10T13:00:00Z,1.33,17.9,-9999,Esperance,-35996.4,MURAT_202002_MRE,11,November,19.3,20.0,26.8
2020-11-10T14:00:00Z,1.317,17.9,-9999,Esperance,-35996.4,MURAT_202002_MRE,11,November,19.3,20.0,26.8
2020-11-10T15:00:00Z,1.266,17.8,-9999,Esperance,-35996.4,MURAT_202002_MRE,11,November,19.3,20.0,26.8
2020-11-10T16:00:00Z,1.206,17.8,-9999,Esperance,-35996.4,MURAT_202002_MRE,11,November,19.3,20.0,26.8
2020-11-10T17:00:00Z,1.114,17.8,-9999,Esperance,-35996.4,MURAT_202002_MRE,11,November,19.3,20.0,26.8
2020-11-10T18:00:00Z,1.099,17.8,-9999,Esperance,-35996.4,MURAT_202002_MRE,11,November,19.3,20.0,26.8
2020-11-10T19:00:00Z,1.072,17.8,-9999,Esperance,-35996.4,MURAT_202002_MRE,11,November,19.3,20.0,26.8
2020-11-10T20:00:00Z,1.035,17.8,-9999,Esperance,-35996.4,MURAT_202002_MRE,11,November,19.3,20.0,26.8
2020-11-10T21:00:00Z,1.146,17.8,-9999,Esperance,-35996.4,MURAT_202002_MRE,11,November,19.3,20.0,26.8
2020-11-10T22:00:00Z,1.219,17.8,-9999,Esperance,-35996.4,MURAT_202002_MRE,11,November,19.3,20.0,26.8
2020-11-10T23:00:00Z,1.22,17.8,-9999,Esperance,-35996.4,MURAT_202002_MRE,11,November,19.3,20.0,26.8
2020-11-11T00:00:00Z,1.28,17.8,-9999,Esperance,-35996.4,MURAT_202002_MRE,11,November,19.3,20.0,26.8
2020-11-11T01:00:00Z,1.266,17.8,-9999,Esperance,-35996.4,MURAT_202002_MRE,11,November,19.3,20.0,26.8
2020-11-11T02:00:00Z,1.184,17.8,-9999,Esperance,-35996.4,MURAT_202002_MRE,11,November,19.3,20.0,26.8
2020-11-11T03:00:00Z,1.061,17.8,-9999,Esperance,-35996.4,MURAT_202002_MRE,11,November,19.3,20.0,26.8
2020-11-11T04:00:00Z,0.916,17.9,-9999,Esperance,-35996.4,MURAT_202002_MRE,11,November,19.3,20.0,26.8
2020-11-11T05:00:00Z,0.757,17.9,-9999,Esperance,-35996.4,MURAT_202002_MRE,11,November,19.3,20.0,26.8
2020-11-11T06:00:00Z,0.653,17.9,-9999,Esperance,-35996.4,MURAT_202002_MRE,11,November,19.3,20.0,26.8
2020-11-11T07:00:00Z,0.587,17.8,-9999,Esperance,-35996.4,MURAT_202002_MRE,11,November,19.3,20.0,26.8
2020-11-11T08:00:00Z,0.595,17.8,-9999,Esperance,-35996.4,MURAT_202002_MRE,11,November,19.3,20.0,26.8
2020-11-11T09:00:00Z,0.684,17.8,-9999,Esperance,-35996.4,MURAT_202002_MRE,11,November,19.3,20.0,26.8
2020-11-11T10:00:00Z,0.791,17.7,-9999,Esperance,-35996.4,MURAT_202002_MRE,11,November,19.3,20.0,26.8
2020-11-11T11:00:00Z,0.901,17.6,-9999,Esperance,-35996.4,MURAT_202002_MRE,11,November,19.3,20.0,26.8
2020-11-11T12:00:00Z,1.035,17.6,-9999,Esperance,-35996.4,MURAT_202002_MRE,11,November,19.3,20.0,26.8
2020-11-11T13:00:00Z,1.066,17.6,-9999,Esperance,-35996.4,MURAT_202002_MRE,11,November,19.3,20.0,26.8
2020-11-11T14:00:00Z,1.06,17.7,-9999,Esperance,-35996.4,MURAT_202002_MRE,11,November,19.3,20.0,26.8
2020-11-11T15:00:00Z,0.974,17.7,-9999,Esperance,-35996.4,MURAT_202002_MRE,11,November,19.3,20.0,26.8
2020-11-11T16:00:00Z,0.897,17.7,-9999,Esperance,-35996.4,MURAT_202002_MRE,11,November,19.3,20.0,26.8
2020-11-11T17:00:00Z,0.785,17.6,-9999,Esperance,-35996.4,MURAT_202002_MRE,11,November,19.3,20.0,26.8
2020-11-11T18:00:00Z,0.713,17.6,-9999,Esperance,-35996.4,MURAT_202002_MRE,11,November,19.3,20.0,26.8
2020-11-11T19:00:00Z,0.645,17.6,-9999,Esperance,-35996.4,MURAT_202002_MRE,11,November,19.3,20.0,26.8
2020-11-11T20:00:00Z,0.618,17.6,-9999,Esperance,-35996.4,MURAT_202002_MRE,11,November,19.3,20.0,26.8
2020-11-11T21:00:00Z,0.722,17.6,-9999,Esperance,-35996.4,MURAT_202002_MRE,11,November,19.3,20.0,26.8
2020-11-11T22:00:00Z,0.809,17.6,-9999,Esperance,-35996.4,MURAT_202002_MRE,11,November,19.3,20.0,26.8
2020-11-11T23:00:00Z,0.856,17.6,-9999,Esperance,-35996.4,MURAT_202002_MRE,11,November,19.3,20.0,26.8
2020-11-12T00:00:00Z,1.013,17.6,-9999,Esperance,-35996.4,MURAT_202002_MRE,11,November,19.3,20.0,26.8
2020-11-12T01:00:00Z,1.041,17.6,-9999,Esperance,-35996.4,MURAT_202002_MRE,11,November,19.3,20.0,26.8
2020-11-12T02:00:00Z,1.021,17.6,-9999,Esperance,-35996.4,MURAT_202002_MRE,11,November,19.3,20.0,26.8
2020-11-12T03:00:00Z,0.96,17.7,-9999,Esperance,-35996.4,MURAT_202002_MRE,11,November,19.3,20.0,26.8
2020-11-12T04:00:00Z,0.818,17.7,-9999,Esperance,-35996.4,MURAT_202002_MRE,11,November,19.3,20.0,26.8
2020-11-12T05:00:00Z,0.691,17.7,-9999,Esperance,-35996.4,MURAT_202002_MRE,11,November,19.3,20.0,26.8
2020-11-12T06:00:00Z,0.562,17.8,-9999,Esperance,-35996.4,MURAT_202002_MRE,11,November,19.3,20.0,26.8
2020-11-12T07:00:00Z,0.486,17.9,-9999,Esperance,-35996.4,MURAT_202002_MRE,11,November,19.3,20.0,26.8
2020-11-12T08:00:00Z,0.505,18,-9999,Esperance,-35996.4,MURAT_202002_MRE,11,November,19.3,20.0,26.8
2020-11-12T09:00:00Z,0.605,18,-9999,Esperance,-35996.4,MURAT_202002_MRE,11,November,19.3,20.0,26.8
2020-11-12T10:00:00Z,0.747,18,-9999,Esperance,-35996.4,MURAT_202002_MRE,11,November,19.3,20.0,26.8
2020-11-12T11:00:00Z,0.881,18,-9999,Esperance,-35996.4,MURAT_202002_MRE,11,November,19.3,20.0,26.8
2020-11-12T12:00:00Z,1.047,18,-9999,Esperance,-35996.4,MURAT_202002_MRE,11,November,19.3,20.0,26.8
2020-11-12T13:00:00Z,1.117,18,-9999,Esperance,-35996.4,MURAT_202002_MRE,11,November,19.3,20.0,26.8
2020-11-12T14:00:00Z,1.111,18,-9999,Esperance,-35996.4,MURAT_202002_MRE,11,November,19.3,20.0,26.8
2020-11-12T15:00:00Z,1.069,18,-9999,Esperance,-35996.4,MURAT_202002_MRE,11,November,19.3,20.0,26.8
2020-11-12T16:00:00Z,0.931,18,-9999,Esperance,-35996.4,MURAT_202002_MRE,11,November,19.3,20.0,26.8
2020-11-12T17:00:00Z,0.818,18,-9999,Esperance,-35996.4,MURAT_202002_MRE,11,November,19.3,20.0,26.8
2020-11-12T18:00:00Z,0.671,17.9,-9999,Esperance,-35996.4,MURAT_202002_MRE,11,November,19.3,20.0,26.8
2020-11-12T19:00:00Z,0.582,17.8,-9999,Esperance,-35996.4,MURAT_202002_MRE,11,November,19.3,20.0,26.8
2020-11-12T20:00:00Z,0.557,17.8,-9999,Esperance,-35996.4,MURAT_202002_MRE,11,November,19.3,20.0,26.8
2020-11-12T21:00:00Z,0.591,17.8,-9999,Esperance,-35996.4,MURAT_202002_MRE,11,November,19.3,20.0,26.8
2020-11-12T22:00:00Z,0.724,17.8,-9999,Esperance,-35996.4,MURAT_202002_MRE,11,November,19.3,20.0,26.8
2020-11-12T23:00:00Z,0.834,17.8,-9999,Esperance,-35996.4,MURAT_202002_MRE,11,November,19.3,20.0,26.8
2020-11-13T00:00:00Z,0.98,17.8,-9999,Esperance,-35996.4,MURAT_202002_MRE,11,November,19.3,20.0,26.8
2020-11-13T01:00:00Z,1.134,17.8,-9999,Esperance,-35996.4,MURAT_202002_MRE,11,November,19.3,20.0,26.8
2020-11-13T02:00:00Z,1.148,17.8,-9999,Esperance,-35996.4,MURAT_202002_MRE,11,November,19.3,20.0,26.8
2020-11-13T03:00:00Z,1.15,17.8,-9999,Esperance,-35996.4,MURAT_202002_MRE,11,November,19.3,20.0,26.8
2020-11-13T04:00:00Z,1.05,17.8,-9999,Esperance,-35996.4,MURAT_202002_MRE,11,November,19.3,20.0,26.8
2020-11-13T05:00:00Z,0.894,17.8,-9999,Esperance,-35996.4,MURAT_202002_MRE,11,November,19.3,20.0,26.8
2020-11-13T06:00:00Z,0.781,17.8,-9999,Esperance,-35996.4,MURAT_202002_MRE,11,November,19.3,20.0,26.8
2020-11-13T07:00:00Z,0.706,17.8,-9999,Esperance,-35996.4,MURAT_202002_MRE,11,November,19.3,20.0,26.8
2020-11-13T08:00:00Z,0.667,17.9,-9999,Esperance,-35996.4,MURAT_202002_MRE,11,November,19.3,20.0,26.8
2020-11-13T09:00:00Z,0.739,17.9,-9999,Esperance,-35996.4,MURAT_202002_MRE,11,November,19.3,20.0,26.8
2020-11-13T10:00:00Z,0.885,18,-9999,Esperance,-35996.4,MURAT_202002_MRE,11,November,19.3,20.0,26.8
2020-11-13T11:00:00Z,1.041,17.9,-9999,Esperance,-35996.4,MURAT_202002_MRE,11,November,19.3,20.0,26.8
2020-11-13T12:00:00Z,1.18,17.9,-9999,Esperance,-35996.4,MURAT_202002_MRE,11,November,19.3,20.0,26.8
2020-11-13T13:00:00Z,1.35,17.9,-9999,Esperance,-35996.4,MURAT_202002_MRE,11,November,19.3,20.0,26.8
2020-11-13T14:00:00Z,1.316,17.9,-9999,Esperance,-35996.4,MURAT_202002_MRE,11,November,19.3,20.0,26.8
2020-11-13T15:00:00Z,1.323,17.9,-9999,Esperance,-35996.4,MURAT_202002_MRE,11,November,19.3,20.0,26.8
2020-11-13T16:00:00Z,1.207,17.9,-9999,Esperance,-35996.4,MURAT_202002_MRE,11,November,19.3,20.0,26.8
2020-11-13T17:00:00Z,1.047,17.9,-9999,Esperance,-35996.4,MURAT_202002_MRE,11,November,19.3,20.0,26.8
2020-11-13T18:00:00Z,0.874,17.9,-9999,Esperance,-35996.4,MURAT_202002_MRE,11,November,19.3,20.0,26.8
2020-11-13T19:00:00Z,0.749,17.9,-9999,Esperance,-35996.4,MURAT_202002_MRE,11,November,19.3,20.0,26.8
2020-11-13T20:00:00Z,0.637,17.7,-9999,Esperance,-35996.4,MURAT_202002_MRE,11,November,19.3,20.0,26.8
2020-11-13T21:00:00Z,0.628,17.7,-9999,Esperance,-35996.4,MURAT_202002_MRE,11,November,19.3,20.0,26.8
2020-11-13T22:00:00Z,0.687,17.8,-9999,Esperance,-35996.4,MURAT_202002_MRE,11,November,19.3,20.0,26.8
2020-11-13T23:00:00Z,0.792,17.8,-9999,Esperance,-35996.4,MURAT_202002_MRE,11,November,19.3,20.0,26.8
2020-11-14T00:00:00Z,0.917,17.8,-9999,Esperance,-35996.4,MURAT_202002_MRE,11,November,19.3,20.0,26.8
2020-11-14T01:00:00Z,1.069,17.8,-9999,Esperance,-35996.4,MURAT_202002_MRE,11,November,19.3,20.0,26.8
2020-11-14T02:00:00Z,1.093,17.9,-9999,Esperance,-35996.4,MURAT_202002_MRE,11,November,19.3,20.0,26.8
2020-11-14T03:00:00Z,1.128,17.9,-9999,Esperance,-35996.4,MURAT_202002_MRE,11,November,19.3,20.0,26.8
2020-11-14T04:00:00Z,1.091,17.9,-9999,Esperance,-35996.4,MURAT_202002_MRE,11,November,19.3,20.0,26.8
2020-11-14T05:00:00Z,0.97,17.9,-9999,Esperance,-35996.4,MURAT_202002_MRE,11,November,19.3,20.0,26.8
2020-11-14T06:00:00Z,0.873,17.9,-9999,Esperance,-35996.4,MURAT_202002_MRE,11,November,19.3,20.0,26.8
2020-11-14T07:00:00Z,0.808,17.9,-9999,Esperance,-35996.4,MURAT_202002_MRE,11,November,19.3,20.0,26.8
2020-11-14T08:00:00Z,0.757,17.9,-9999,Esperance,-35996.4,MURAT_202002_MRE,11,November,19.3,20.0,26.8
2020-11-14T09:00:00Z,0.868,18,-9999,Esperance,-35996.4,MURAT_202002_MRE,11,November,19.3,20.0,26.8
2020-11-14T10:00:00Z,0.956,18.1,-9999,Esperance,-35996.4,MURAT_202002_MRE,11,November,19.3,20.0,26.8
2020-11-14T11:00:00Z,1.146,18,-9999,Esperance,-35996.4,MURAT_202002_MRE,11,November,19.3,20.0,26.8
2020-11-14T12:00:00Z,1.283,18,-9999,Esperance,-35996.4,MURAT_202002_MRE,11,November,19.3,20.0,26.8
2020-11-14T13:00:00Z,1.434,18,-9999,Esperance,-35996.4,MURAT_202002_MRE,11,November,19.3,20.0,26.8
2020-11-14T14:00:00Z,1.5,18,-9999,Esperance,-35996.4,MURAT_202002_MRE,11,November,19.3,20.0,26.8
2020-11-14T15:00:00Z,1.481,18,-9999,Esperance,-35996.4,MURAT_202002_MRE,11,November,19.3,20.0,26.8
2020-11-14T16:00:00Z,1.37,17.9,-9999,Esperance,-35996.4,MURAT_202002_MRE,11,November,19.3,20.0,26.8
2020-11-14T17:00:00Z,1.252,17.9,-9999,Esperance,-35996.4,MURAT_202002_MRE,11,November,19.3,20.0,26.8
2020-11-14T18:00:00Z,1.025,17.9,-9999,Esperance,-35996.4,MURAT_202002_MRE,11,November,19.3,20.0,26.8
2020-11-14T19:00:00Z,0.845,17.9,-9999,Esperance,-35996.4,MURAT_202002_MRE,11,November,19.3,20.0,26.8
2020-11-14T20:00:00Z,0.692,17.9,-9999,Esperance,-35996.4,MURAT_202002_MRE,11,November,19.3,20.0,26.8
2020-11-14T21:00:00Z,0.621,17.9,-9999,Esperance,-35996.4,MURAT_202002_MRE,11,November,19.3,20.0,26.8
2020-11-14T22:00:00Z,0.625,17.9,-9999,Esperance,-35996.4,MURAT_202002_MRE,11,November,19.3,20.0,26.8
2020-11-14T23:00:00Z,0.669,17.9,-9999,Esperance,-35996.4,MURAT_202002_MRE,11,November,19.3,20.0,26.8
2020-11-15T00:00:00Z,0.758,17.9,-9999,Esperance,-35996.4,MURAT_202002_MRE,11,November,19.3,20.0,26.8
2020-11-15T01:00:00Z,0.888,17.9,-9999,Esperance,-35996.4,MURAT_202002_MRE,11,November,19.3,20.0,26.8
2020-11-15T02:00:00Z,0.949,17.9,-9999,Esperance,-35996.4,MURAT_202002_MRE,11,November,19.3,20.0,26.8
2020-11-15T03:00:00Z,1.018,17.9,-9999,Esperance,-35996.4,MURAT_202002_MRE,11,November,19.3,20.0,26.8
2020-11-15T04:00:00Z,1.005,18,-9999,Esperance,-35996.4,MURAT_202002_MRE,11,November,19.3,20.0,26.8
2020-11-15T05:00:00Z,0.972,18,-9999,Esperance,-35996.4,MURAT_202002_MRE,11,November,19.3,20.0,26.8
2020-11-15T06:00:00Z,0.879,18,-9999,Esperance,-35996.4,MURAT_202002_MRE,11,November,19.3,20.0,26.8
2020-11-15T07:00:00Z,0.85,18,-9999,Esperance,-35996.4,MURAT_202002_MRE,11,November,19.3,20.0,26.8
2020-11-15T08:00:00Z,0.787,18,-9999,Esperance,-35996.4,MURAT_202002_MRE,11,November,19.3,20.0,26.8
2020-11-15T09:00:00Z,0.819,18,-9999,Esperance,-35996.4,MURAT_202002_MRE,11,November,19.3,20.0,26.8
2020-11-15T10:00:00Z,0.926,18,-9999,Esperance,-35996.4,MURAT_202002_MRE,11,November,19.3,20.0,26.8
2020-11-15T11:00:00Z,1.086,18.1,-9999,Esperance,-35996.4,MURAT_202002_MRE,11,November,19.3,20.0,26.8
2020-11-15T12:00:00Z,1.229,18.1,-9999,Esperance,-35996.4,MURAT_202002_MRE,11,November,19.3,20.0,26.8
2020-11-15T13:00:00Z,1.363,18.1,-9999,Esperance,-35996.4,MURAT_202002_MRE,11,November,19.3,20.0,26.8
2020-11-15T14:00:00Z,1.445,18,-9999,Esperance,-35996.4,MURAT_202002_MRE,11,November,19.3,20.0,26.8
2020-11-15T15:00:00Z,1.457,18,-9999,Esperance,-35996.4,MURAT_202002_MRE,11,November,19.3,20.0,26.8
2020-11-15T16:00:00Z,1.395,18,-9999,Esperance,-35996.4,MURAT_202002_MRE,11,November,19.3,20.0,26.8
2020-11-15T17:00:00Z,1.284,18,-9999,Esperance,-35996.4,MURAT_202002_MRE,11,November,19.3,20.0,26.8
2020-11-15T18:00:00Z,1.079,18,-9999,Esperance,-35996.4,MURAT_202002_MRE,11,November,19.3,20.0,26.8
2020-11-15T19:00:00Z,0.889,18,-9999,Esperance,-35996.4,MURAT_202002_MRE,11,November,19.3,20.0,26.8
2020-11-15T20:00:00Z,0.711,18,-9999,Esperance,-35996.4,MURAT_202002_MRE,11,November,19.3,20.0,26.8
2020-11-15T21:00:00Z,0.567,18,-9999,Esperance,-35996.4,MURAT_202002_MRE,11,November,19.3,20.0,26.8
2020-11-15T22:00:00Z,0.487,18,-9999,Esperance,-35996.4,MURAT_202002_MRE,11,November,19.3,20.0,26.8
2020-11-15T23:00:00Z,0.483,18,-9999,Esperance,-35996.4,MURAT_202002_MRE,11,November,19.3,20.0,26.8
2020-11-16T00:00:00Z,0.55,18,-9999,Esperance,-35996.4,MURAT_202002_MRE,11,November,19.3,20.0,26.8
2020-11-16T01:00:00Z,0.613,18,-9999,Esperance,-35996.4,MURAT_202002_MRE,11,November,19.3,20.0,26.8
2020-11-16T02:00:00Z,0.705,18,-9999,Esperance,-35996.4,MURAT_202002_MRE,11,November,19.3,20.0,26.8
2020-11-16T03:00:00Z,0.788,-9999,-9999,Esperance,-35996.4,MURAT_202002_MRE,11,November,19.3,20.0,26.8
2020-11-16T04:00:00Z,0.775,18.1,-9999,Esperance,-35996.4,MURAT_202002_MRE,11,November,19.3,20.0,26.8
2020-11-16T05:00:00Z,0.814,18.1,-9999,Esperance,-35996.4,MURAT_202002_MRE,11,November,19.3,20.0,26.8
2020-11-16T06:00:00Z,0.766,18.1,-9999,Esperance,-35996.4,MURAT_202002_MRE,11,November,19.3,20.0,26.8
2020-11-16T07:00:00Z,0.713,18.1,-9999,Esperance,-35996.4,MURAT_202002_MRE,11,November,19.3,20.0,26.8
2020-11-16T08:00:00Z,0.721,18.2,-9999,Esperance,-35996.4,MURAT_202002_MRE,11,November,19.3,20.0,26.8
2020-11-16T09:00:00Z,0.756,-9999,-9999,Esperance,-35996.4,MURAT_202002_MRE,11,November,19.3,20.0,26.8
2020-11-16T10:00:00Z,0.837,18.5,-9999,Esperance,-35996.4,MURAT_202002_MRE,11,November,19.3,20.0,26.8
2020-11-16T11:00:00Z,0.977,18.5,-9999,Esperance,-35996.4,MURAT_202002_MRE,11,November,19.3,20.0,26.8
2020-11-16T12:00:00Z,1.138,18.7,-9999,Esperance,-35996.4,MURAT_202002_MRE,11,November,19.3,20.0,26.8
2020-11-16T13:00:00Z,1.273,18.8,-9999,Esperance,-35996.4,MURAT_202002_MRE,11,November,19.3,20.0,26.8
2020-11-16T14:00:00Z,1.36,18.8,-9999,Esperance,-35996.4,MURAT_202002_MRE,11,November,19.3,20.0,26.8
2020-11-16T15:00:00Z,1.429,18.7,-9999,Esperance,-35996.4,MURAT_202002_MRE,11,November,19.3,20.0,26.8
2020-11-16T16:00:00Z,1.376,18.4,-9999,Esperance,-35996.4,MURAT_202002_MRE,11,November,19.3,20.0,26.8
2020-11-16T17:00:00Z,1.318,18.4,-9999,Esperance,-35996.4,MURAT_202002_MRE,11,November,19.3,20.0,26.8
2020-11-16T18:00:00Z,1.173,18.3,-9999,Esperance,-35996.4,MURAT_202002_MRE,11,November,19.3,20.0,26.8
2020-11-16T19:00:00Z,1.007,18.3,-9999,Esperance,-35996.4,MURAT_202002_MRE,11,November,19.3,20.0,26.8
2020-11-16T20:00:00Z,0.853,-9999,-9999,Esperance,-35996.4,MURAT_202002_MRE,11,November,19.3,20.0,26.8
2020-11-16T21:00:00Z,0.683,18.3,-9999,Esperance,-35996.4,MURAT_202002_MRE,11,November,19.3,20.0,26.8
2020-11-16T22:00:00Z,0.554,18.3,-9999,Esperance,-35996.4,MURAT_202002_MRE,11,November,19.3,20.0,26.8
2020-11-16T23:00:00Z,0.548,-9999,-9999,Esperance,-35996.4,MURAT_202002_MRE,11,November,19.3,20.0,26.8
2020-11-17T00:00:00Z,0.53,18.2,-9999,Esperance,-35996.4,MURAT_202002_MRE,11,November,19.3,20.0,26.8
2020-11-17T01:00:00Z,0.586,18.2,-9999,Esperance,-35996.4,MURAT_202002_MRE,11,November,19.3,20.0,26.8
2020-11-17T02:00:00Z,0.607,18.2,-9999,Esperance,-35996.4,MURAT_202002_MRE,11,November,19.3,20.0,26.8
2020-11-17T03:00:00Z,0.662,18.2,-9999,Esperance,-35996.4,MURAT_202002_MRE,11,November,19.3,20.0,26.8
2020-11-17T04:00:00Z,0.661,-9999,-9999,Esperance,-35996.4,MURAT_202002_MRE,11,November,19.3,20.0,26.8
2020-11-17T05:00:00Z,0.682,18.3,-9999,Esperance,-35996.4,MURAT_202002_MRE,11,November,19.3,20.0,26.8
2020-11-17T06:00:00Z,0.728,18.3,-9999,Esperance,-35996.4,MURAT_202002_MRE,11,November,19.3,20.0,26.8
2020-11-17T07:00:00Z,0.703,18.2,-9999,Esperance,-35996.4,MURAT_202002_MRE,11,November,19.3,20.0,26.8
2020-11-17T08:00:00Z,0.693,18.1,-9999,Esperance,-35996.4,MURAT_202002_MRE,11,November,19.3,20.0,26.8
2020-11-17T09:00:00Z,0.815,18.1,-9999,Esperance,-35996.4,MURAT_202002_MRE,11,November,19.3,20.0,26.8
2020-11-17T10:00:00Z,0.835,18.1,-9999,Esperance,-35996.4,MURAT_202002_MRE,11,November,19.3,20.0,26.8
2020-11-17T11:00:00Z,0.956,18.1,-9999,Esperance,-35996.4,MURAT_202002_MRE,11,November,19.3,20.0,26.8
2020-11-17T12:00:00Z,1.146,18.1,-9999,Esperance,-35996.4,MURAT_202002_MRE,11,November,19.3,20.0,26.8
2020-11-17T13:00:00Z,1.246,18.1,-9999,Esperance,-35996.4,MURAT_202002_MRE,11,November,19.3,20.0,26.8
2020-11-17T14:00:00Z,1.363,18.1,-9999,Esperance,-35996.4,MURAT_202002_MRE,11,November,19.3,20.0,26.8
2020-11-17T15:00:00Z,1.421,18.1,-9999,Esperance,-35996.4,MURAT_202002_MRE,11,November,19.3,20.0,26.8
2020-11-17T16:00:00Z,1.4,18.1,-9999,Esperance,-35996.4,MURAT_202002_MRE,11,November,19.3,20.0,26.8
2020-11-17T17:00:00Z,1.363,18.2,-9999,Esperance,-35996.4,MURAT_202002_MRE,11,November,19.3,20.0,26.8
2020-11-17T18:00:00Z,1.27,18.2,-9999,Esperance,-35996.4,MURAT_202002_MRE,11,November,19.3,20.0,26.8
2020-11-17T19:00:00Z,1.139,-9999,-9999,Esperance,-35996.4,MURAT_202002_MRE,11,November,19.3,20.0,26.8
2020-11-17T20:00:00Z,1.021,18.3,-9999,Esperance,-35996.4,MURAT_202002_MRE,11,November,19.3,20.0,26.8
2020-11-17T21:00:00Z,0.828,18.3,-9999,Esperance,-35996.4,MURAT_202002_MRE,11,November,19.3,20.0,26.8
2020-11-17T22:00:00Z,0.764,18.3,-9999,Esperance,-35996.4,MURAT_202002_MRE,11,November,19.3,20.0,26.8
2020-11-17T23:00:00Z,0.674,18.3,-9999,Esperance,-35996.4,MURAT_202002_MRE,11,November,19.3,20.0,26.8
2020-11-18T00:00:00Z,0.623,18.3,-9999,Esperance,-35996.4,MURAT_202002_MRE,11,November,19.3,20.0,26.8
2020-11-18T01:00:00Z,0.618,18.3,-9999,Esperance,-35996.4,MURAT_202002_MRE,11,November,19.3,20.0,26.8
2020-11-18T02:00:00Z,0.624,18.3,-9999,Esperance,-35996.4,MURAT_202002_MRE,11,November,19.3,20.0,26.8
2020-11-18T03:00:00Z,0.602,18.4,-9999,Esperance,-35996.4,MURAT_202002_MRE,11,November,19.3,20.0,26.8
2020-11-18T04:00:00Z,0.597,18.4,-9999,Esperance,-35996.4,MURAT_202002_MRE,11,November,19.3,20.0,26.8
2020-11-18T05:00:00Z,0.611,18.7,-9999,Esperance,-35996.4,MURAT_202002_MRE,11,November,19.3,20.0,26.8
2020-11-18T06:00:00Z,0.606,18.8,-9999,Esperance,-35996.4,MURAT_202002_MRE,11,November,19.3,20.0,26.8
2020-11-18T07:00:00Z,0.612,19,-9999,Esperance,-35996.4,MURAT_202002_MRE,11,November,19.3,20.0,26.8
2020-11-18T08:00:00Z,0.662,19.2,-9999,Esperance,-35996.4,MURAT_202002_MRE,11,November,19.3,20.0,26.8
2020-11-18T09:00:00Z,0.724,19.3,-9999,Esperance,-35996.4,MURAT_202002_MRE,11,November,19.3,20.0,26.8
2020-11-18T10:00:00Z,0.794,18.6,-9999,Esperance,-35996.4,MURAT_202002_MRE,11,November,19.3,20.0,26.8
2020-11-18T11:00:00Z,0.907,18.5,-9999,Esperance,-35996.4,MURAT_202002_MRE,11,November,19.3,20.0,26.8
2020-11-18T12:00:00Z,1.043,18.6,-9999,Esperance,-35996.4,MURAT_202002_MRE,11,November,19.3,20.0,26.8
2020-11-18T13:00:00Z,1.167,18.6,-9999,Esperance,-35996.4,MURAT_202002_MRE,11,November,19.3,20.0,26.8
2020-11-18T14:00:00Z,1.279,19,-9999,Esperance,-35996.4,MURAT_202002_MRE,11,November,19.3,20.0,26.8
2020-11-18T15:00:00Z,1.321,19.1,-9999,Esperance,-35996.4,MURAT_202002_MRE,11,November,19.3,20.0,26.8
2020-11-18T16:00:00Z,1.35,19.5,-9999,Esperance,-35996.4,MURAT_202002_MRE,11,November,19.3,20.0,26.8
2020-11-18T17:00:00Z,1.305,19.4,-9999,Esperance,-35996.4,MURAT_202002_MRE,11,November,19.3,20.0,26.8
2020-11-18T18:00:00Z,1.221,19.3,-9999,Esperance,-35996.4,MURAT_202002_MRE,11,November,19.3,20.0,26.8
2020-11-18T19:00:00Z,1.122,19.2,-9999,Esperance,-35996.4,MURAT_202002_MRE,11,November,19.3,20.0,26.8
2020-11-18T20:00:00Z,1.022,19.2,-9999,Esperance,-35996.4,MURAT_202002_MRE,11,November,19.3,20.0,26.8
2020-11-18T21:00:00Z,0.896,19.2,-9999,Esperance,-35996.4,MURAT_202002_MRE,11,November,19.3,20.0,26.8
2020-11-18T22:00:00Z,0.801,19.1,-9999,Esperance,-35996.4,MURAT_202002_MRE,11,November,19.3,20.0,26.8
2020-11-18T23:00:00Z,0.692,19.2,-9999,Esperance,-35996.4,MURAT_202002_MRE,11,November,19.3,20.0,26.8
2020-11-19T00:00:00Z,0.66,19.2,-9999,Esperance,-35996.4,MURAT_202002_MRE,11,November,19.3,20.0,26.8
2020-11-19T01:00:00Z,0.63,19.4,-9999,Esperance,-35996.4,MURAT_202002_MRE,11,November,19.3,20.0,26.8
2020-11-19T02:00:00Z,0.604,19.3,-9999,Esperance,-35996.4,MURAT_202002_MRE,11,November,19.3,20.0,26.8
2020-11-19T03:00:00Z,0.569,19.1,-9999,Esperance,-35996.4,MURAT_202002_MRE,11,November,19.3,20.0,26.8
2020-11-19T04:00:00Z,0.555,19.5,-9999,Esperance,-35996.4,MURAT_202002_MRE,11,November,19.3,20.0,26.8
2020-11-19T05:00:00Z,0.488,19.6,-9999,Esperance,-35996.4,MURAT_202002_MRE,11,November,19.3,20.0,26.8
2020-11-19T06:00:00Z,0.506,19.4,-9999,Esperance,-35996.4,MURAT_202002_MRE,11,November,19.3,20.0,26.8
2020-11-19T07:00:00Z,0.505,19.2,-9999,Esperance,-35996.4,MURAT_202002_MRE,11,November,19.3,20.0,26.8
2020-11-19T08:00:00Z,0.514,19,-9999,Esperance,-35996.4,MURAT_202002_MRE,11,November,19.3,20.0,26.8
2020-11-19T09:00:00Z,0.591,19.8,-9999,Esperance,-35996.4,MURAT_202002_MRE,11,November,19.3,20.0,26.8
2020-11-19T10:00:00Z,0.674,19.6,-9999,Esperance,-35996.4,MURAT_202002_MRE,11,November,19.3,20.0,26.8
2020-11-19T11:00:00Z,0.751,19.6,-9999,Esperance,-35996.4,MURAT_202002_MRE,11,November,19.3,20.0,26.8
2020-11-19T12:00:00Z,0.893,19.6,-9999,Esperance,-35996.4,MURAT_202002_MRE,11,November,19.3,20.0,26.8
2020-11-19T13:00:00Z,1.008,19.7,-9999,Esperance,-35996.4,MURAT_202002_MRE,11,November,19.3,20.0,26.8
2020-11-19T14:00:00Z,1.109,19.7,-9999,Esperance,-35996.4,MURAT_202002_MRE,11,November,19.3,20.0,26.8
2020-11-19T15:00:00Z,1.162,19.7,-9999,Esperance,-35996.4,MURAT_202002_MRE,11,November,19.3,20.0,26.8
2020-11-19T16:00:00Z,1.226,19.6,-9999,Esperance,-35996.4,MURAT_202002_MRE,11,November,19.3,20.0,26.8
2020-11-19T17:00:00Z,1.183,19.6,-9999,Esperance,-35996.4,MURAT_202002_MRE,11,November,19.3,20.0,26.8
2020-11-19T18:00:00Z,1.155,19.6,-9999,Esperance,-35996.4,MURAT_202002_MRE,11,November,19.3,20.0,26.8
2020-11-19T19:00:00Z,1.108,19.5,-9999,Esperance,-35996.4,MURAT_202002_MRE,11,November,19.3,20.0,26.8
2020-11-19T20:00:00Z,0.997,19.5,-9999,Esperance,-35996.4,MURAT_202002_MRE,11,November,19.3,20.0,26.8
2020-11-19T21:00:00Z,0.927,19.5,-9999,Esperance,-35996.4,MURAT_202002_MRE,11,November,19.3,20.0,26.8
2020-11-19T22:00:00Z,0.893,19.4,-9999,Esperance,-35996.4,MURAT_202002_MRE,11,November,19.3,20.0,26.8
2020-11-19T23:00:00Z,0.794,19.4,-9999,Esperance,-35996.4,MURAT_202002_MRE,11,November,19.3,20.0,26.8
2020-11-20T00:00:00Z,0.746,19.4,-9999,Esperance,-35996.4,MURAT_202002_MRE,11,November,19.3,20.0,26.8
2020-11-20T01:00:00Z,0.747,19.5,-9999,Esperance,-35996.4,MURAT_202002_MRE,11,November,19.3,20.0,26.8
2020-11-20T02:00:00Z,0.699,19.6,-9999,Esperance,-35996.4,MURAT_202002_MRE,11,November,19.3,20.0,26.8
2020-11-20T03:00:00Z,0.665,19.6,-9999,Esperance,-35996.4,MURAT_202002_MRE,11,November,19.3,20.0,26.8
2020-11-20T04:00:00Z,0.633,19.7,-9999,Esperance,-35996.4,MURAT_202002_MRE,11,November,19.3,20.0,26.8
2020-11-20T05:00:00Z,0.541,19.8,-9999,Esperance,-35996.4,MURAT_202002_MRE,11,November,19.3,20.0,26.8
2020-11-20T06:00:00Z,0.516,19.8,-9999,Esperance,-35996.4,MURAT_202002_MRE,11,November,19.3,20.0,26.8
2020-11-20T07:00:00Z,0.517,19.6,-9999,Esperance,-35996.4,MURAT_202002_MRE,11,November,19.3,20.0,26.8
2020-11-20T08:00:00Z,0.544,19.5,-9999,Esperance,-35996.4,MURAT_202002_MRE,11,November,19.3,20.0,26.8
2020-11-20T09:00:00Z,0.62,19.4,-9999,Esperance,-35996.4,MURAT_202002_MRE,11,November,19.3,20.0,26.8
2020-11-20T10:00:00Z,0.706,19,-9999,Esperance,-35996.4,MURAT_202002_MRE,11,November,19.3,20.0,26.8
2020-11-20T11:00:00Z,0.834,18.7,-9999,Esperance,-35996.4,MURAT_202002_MRE,11,November,19.3,20.0,26.8
2020-11-20T12:00:00Z,0.919,18.6,-9999,Esperance,-35996.4,MURAT_202002_MRE,11,November,19.3,20.0,26.8
2020-11-20T13:00:00Z,1.008,18.4,-9999,Esperance,-35996.4,MURAT_202002_MRE,11,November,19.3,20.0,26.8
2020-11-20T14:00:00Z,1.128,18.4,-9999,Esperance,-35996.4,MURAT_202002_MRE,11,November,19.3,20.0,26.8
2020-11-20T15:00:00Z,1.148,18.4,-9999,Esperance,-35996.4,MURAT_202002_MRE,11,November,19.3,20.0,26.8
2020-11-20T16:00:00Z,1.214,18.4,-9999,Esperance,-35996.4,MURAT_202002_MRE,11,November,19.3,20.0,26.8
2020-11-20T17:00:00Z,1.199,18.4,-9999,Esperance,-35996.4,MURAT_202002_MRE,11,November,19.3,20.0,26.8
2020-11-20T18:00:00Z,1.142,18.5,-9999,Esperance,-35996.4,MURAT_202002_MRE,11,November,19.3,20.0,26.8
2020-11-20T19:00:00Z,1.119,18.6,-9999,Esperance,-35996.4,MURAT_202002_MRE,11,November,19.3,20.0,26.8
2020-11-20T20:00:00Z,1.042,18.7,-9999,Esperance,-35996.4,MURAT_202002_MRE,11,November,19.3,20.0,26.8
2020-11-20T21:00:00Z,0.989,18.7,-9999,Esperance,-35996.4,MURAT_202002_MRE,11,November,19.3,20.0,26.8
2020-11-20T22:00:00Z,0.923,18.7,-9999,Esperance,-35996.4,MURAT_202002_MRE,11,November,19.3,20.0,26.8
2020-11-20T23:00:00Z,0.847,18.7,-9999,Esperance,-35996.4,MURAT_202002_MRE,11,November,19.3,20.0,26.8
2020-11-21T00:00:00Z,0.839,18.7,-9999,Esperance,-35996.4,MURAT_202002_MRE,11,November,19.3,20.0,26.8
2020-11-21T01:00:00Z,0.77,18.8,-9999,Esperance,-35996.4,MURAT_202002_MRE,11,November,19.3,20.0,26.8
2020-11-21T02:00:00Z,0.747,18.8,-9999,Esperance,-35996.4,MURAT_202002_MRE,11,November,19.3,20.0,26.8
2020-11-21T03:00:00Z,0.706,18.9,-9999,Esperance,-35996.4,MURAT_202002_MRE,11,November,19.3,20.0,26.8
2020-11-21T04:00:00Z,0.645,18.9,-9999,Esperance,-35996.4,MURAT_202002_MRE,11,November,19.3,20.0,26.8
2020-11-21T05:00:00Z,0.581,19,-9999,Esperance,-35996.4,MURAT_202002_MRE,11,November,19.3,20.0,26.8
2020-11-21T06:00:00Z,0.549,19,-9999,Esperance,-35996.4,MURAT_202002_MRE,11,November,19.3,20.0,26.8
2020-11-21T07:00:00Z,0.499,19,-9999,Esperance,-35996.4,MURAT_202002_MRE,11,November,19.3,20.0,26.8
2020-11-21T08:00:00Z,0.526,18.9,-9999,Esperance,-35996.4,MURAT_202002_MRE,11,November,19.3,20.0,26.8
2020-11-21T09:00:00Z,0.56,18.9,-9999,Esperance,-35996.4,MURAT_202002_MRE,11,November,19.3,20.0,26.8
2020-11-21T10:00:00Z,0.628,18.9,-9999,Esperance,-35996.4,MURAT_202002_MRE,11,November,19.3,20.0,26.8
2020-11-21T11:00:00Z,0.727,18.8,-9999,Esperance,-35996.4,MURAT_202002_MRE,11,November,19.3,20.0,26.8
2020-11-21T12:00:00Z,0.795,18.8,-9999,Esperance,-35996.4,MURAT_202002_MRE,11,November,19.3,20.0,26.8
2020-11-21T13:00:00Z,0.868,18.8,-9999,Esperance,-35996.4,MURAT_202002_MRE,11,November,19.3,20.0,26.8
2020-11-21T14:00:00Z,0.987,18.7,-9999,Esperance,-35996.4,MURAT_202002_MRE,11,November,19.3,20.0,26.8
2020-11-21T15:00:00Z,0.984,18.7,-9999,Esperance,-35996.4,MURAT_202002_MRE,11,November,19.3,20.0,26.8
2020-11-21T16:00:00Z,1.018,18.7,-9999,Esperance,-35996.4,MURAT_202002_MRE,11,November,19.3,20.0,26.8
2020-11-21T17:00:00Z,1.044,18.7,-9999,Esperance,-35996.4,MURAT_202002_MRE,11,November,19.3,20.0,26.8
2020-11-21T18:00:00Z,0.985,18.7,-9999,Esperance,-35996.4,MURAT_202002_MRE,11,November,19.3,20.0,26.8
2020-11-21T19:00:00Z,0.963,18.7,-9999,Esperance,-35996.4,MURAT_202002_MRE,11,November,19.3,20.0,26.8
2020-11-21T20:00:00Z,0.926,18.7,-9999,Esperance,-35996.4,MURAT_202002_MRE,11,November,19.3,20.0,26.8
2020-11-21T21:00:00Z,0.84,18.7,-9999,Esperance,-35996.4,MURAT_202002_MRE,11,November,19.3,20.0,26.8
2020-11-21T22:00:00Z,0.839,18.7,-9999,Esperance,-35996.4,MURAT_202002_MRE,11,November,19.3,20.0,26.8
2020-11-21T23:00:00Z,0.791,18.7,-9999,Esperance,-35996.4,MURAT_202002_MRE,11,November,19.3,20.0,26.8
2020-11-22T00:00:00Z,0.766,18.7,-9999,Esperance,-35996.4,MURAT_202002_MRE,11,November,19.3,20.0,26.8
2020-11-22T01:00:00Z,0.733,18.8,-9999,Esperance,-35996.4,MURAT_202002_MRE,11,November,19.3,20.0,26.8
2020-11-22T02:00:00Z,0.695,18.9,-9999,Esperance,-35996.4,MURAT_202002_MRE,11,November,19.3,20.0,26.8
2020-11-22T03:00:00Z,0.647,19,-9999,Esperance,-35996.4,MURAT_202002_MRE,11,November,19.3,20.0,26.8
2020-11-22T04:00:00Z,0.569,19.1,-9999,Esperance,-35996.4,MURAT_202002_MRE,11,November,19.3,20.0,26.8
2020-11-22T05:00:00Z,0.532,19.2,-9999,Esperance,-35996.4,MURAT_202002_MRE,11,November,19.3,20.0,26.8
2020-11-22T06:00:00Z,0.475,19.1,-9999,Esperance,-35996.4,MURAT_202002_MRE,11,November,19.3,20.0,26.8
2020-11-22T07:00:00Z,0.419,19.3,-9999,Esperance,-35996.4,MURAT_202002_MRE,11,November,19.3,20.0,26.8
2020-11-22T08:00:00Z,0.462,19.3,-9999,Esperance,-35996.4,MURAT_202002_MRE,11,November,19.3,20.0,26.8
2020-11-22T09:00:00Z,0.492,19.4,-9999,Esperance,-35996.4,MURAT_202002_MRE,11,November,19.3,20.0,26.8
2020-11-22T10:00:00Z,0.549,19.3,-9999,Esperance,-35996.4,MURAT_202002_MRE,11,November,19.3,20.0,26.8
2020-11-22T11:00:00Z,0.636,19.2,-9999,Esperance,-35996.4,MURAT_202002_MRE,11,November,19.3,20.0,26.8
2020-11-22T12:00:00Z,0.691,19.2,-9999,Esperance,-35996.4,MURAT_202002_MRE,11,November,19.3,20.0,26.8
2020-11-22T13:00:00Z,0.78,19.3,-9999,Esperance,-35996.4,MURAT_202002_MRE,11,November,19.3,20.0,26.8
2020-11-22T14:00:00Z,0.822,19.4,-9999,Esperance,-35996.4,MURAT_202002_MRE,11,November,19.3,20.0,26.8
2020-11-22T15:00:00Z,0.841,19.4,-9999,Esperance,-35996.4,MURAT_202002_MRE,11,November,19.3,20.0,26.8
2020-11-22T16:00:00Z,0.858,19.4,-9999,Esperance,-35996.4,MURAT_202002_MRE,11,November,19.3,20.0,26.8
2020-11-22T17:00:00Z,0.865,19.4,-9999,Esperance,-35996.4,MURAT_202002_MRE,11,November,19.3,20.0,26.8
2020-11-22T18:00:00Z,0.808,19.4,-9999,Esperance,-35996.4,MURAT_202002_MRE,11,November,19.3,20.0,26.8
2020-11-22T19:00:00Z,0.818,19.3,-9999,Esperance,-35996.4,MURAT_202002_MRE,11,November,19.3,20.0,26.8
2020-11-22T20:00:00Z,0.777,19.2,-9999,Esperance,-35996.4,MURAT_202002_MRE,11,November,19.3,20.0,26.8
2020-11-22T21:00:00Z,0.749,19.2,-9999,Esperance,-35996.4,MURAT_202002_MRE,11,November,19.3,20.0,26.8
2020-11-22T22:00:00Z,0.751,19.1,-9999,Esperance,-35996.4,MURAT_202002_MRE,11,November,19.3,20.0,26.8
2020-11-22T23:00:00Z,0.728,19.1,-9999,Esperance,-35996.4,MURAT_202002_MRE,11,November,19.3,20.0,26.8
2020-11-23T00:00:00Z,0.735,19.1,-9999,Esperance,-35996.4,MURAT_202002_MRE,11,November,19.3,20.0,26.8
2020-11-23T01:00:00Z,0.714,19.2,-9999,Esperance,-35996.4,MURAT_202002_MRE,11,November,19.3,20.0,26.8
2020-11-23T02:00:00Z,0.716,19.3,-9999,Esperance,-35996.4,MURAT_202002_MRE,11,November,19.3,20.0,26.8
2020-11-23T03:00:00Z,0.672,19.3,-9999,Esperance,-35996.4,MURAT_202002_MRE,11,November,19.3,20.0,26.8
2020-11-23T04:00:00Z,0.62,19.3,-9999,Esperance,-35996.4,MURAT_202002_MRE,11,November,19.3,20.0,26.8
2020-11-23T05:00:00Z,0.589,19.2,-9999,Esperance,-35996.4,MURAT_202002_MRE,11,November,19.3,20.0,26.8
2020-11-23T06:00:00Z,0.522,19.3,-9999,Esperance,-35996.4,MURAT_202002_MRE,11,November,19.3,20.0,26.8
2020-11-23T07:00:00Z,0.506,19.3,-9999,Esperance,-35996.4,MURAT_202002_MRE,11,November,19.3,20.0,26.8
2020-11-23T08:00:00Z,0.545,19.4,-9999,Esperance,-35996.4,MURAT_202002_MRE,11,November,19.3,20.0,26.8
2020-11-23T09:00:00Z,0.557,19.6,-9999,Esperance,-35996.4,MURAT_202002_MRE,11,November,19.3,20.0,26.8
2020-11-23T10:00:00Z,0.644,19.6,-9999,Esperance,-35996.4,MURAT_202002_MRE,11,November,19.3,20.0,26.8
2020-11-23T11:00:00Z,0.719,19.7,-9999,Esperance,-35996.4,MURAT_202002_MRE,11,November,19.3,20.0,26.8
2020-11-23T12:00:00Z,0.785,19.8,-9999,Esperance,-35996.4,MURAT_202002_MRE,11,November,19.3,20.0,26.8
2020-11-23T13:00:00Z,0.834,19.7,-9999,Esperance,-35996.4,MURAT_202002_MRE,11,November,19.3,20.0,26.8
2020-11-23T14:00:00Z,0.863,19.7,-9999,Esperance,-35996.4,MURAT_202002_MRE,11,November,19.3,20.0,26.8
2020-11-23T15:00:00Z,0.865,19.6,-9999,Esperance,-35996.4,MURAT_202002_MRE,11,November,19.3,20.0,26.8
2020-11-23T16:00:00Z,0.854,19.7,-9999,Esperance,-35996.4,MURAT_202002_MRE,11,November,19.3,20.0,26.8
2020-11-23T17:00:00Z,0.823,19.8,-9999,Esperance,-35996.4,MURAT_202002_MRE,11,November,19.3,20.0,26.8
2020-11-23T18:00:00Z,0.824,19.8,-9999,Esperance,-35996.4,MURAT_202002_MRE,11,November,19.3,20.0,26.8
2020-11-23T19:00:00Z,0.819,19.8,-9999,Esperance,-35996.4,MURAT_202002_MRE,11,November,19.3,20.0,26.8
2020-11-23T20:00:00Z,0.803,19.8,-9999,Esperance,-35996.4,MURAT_202002_MRE,11,November,19.3,20.0,26.8
2020-11-23T21:00:00Z,0.806,19.7,-9999,Esperance,-35996.4,MURAT_202002_MRE,11,November,19.3,20.0,26.8
2020-11-23T22:00:00Z,0.815,19.6,-9999,Esperance,-35996.4,MURAT_202002_MRE,11,November,19.3,20.0,26.8
2020-11-23T23:00:00Z,0.854,19.6,-9999,Esperance,-35996.4,MURAT_202002_MRE,11,November,19.3,20.0,26.8
2020-11-24T00:00:00Z,0.851,19.6,-9999,Esperance,-35996.4,MURAT_202002_MRE,11,November,19.3,20.0,26.8
2020-11-24T01:00:00Z,0.866,19.6,-9999,Esperance,-35996.4,MURAT_202002_MRE,11,November,19.3,20.0,26.8
2020-11-24T02:00:00Z,0.864,19.7,-9999,Esperance,-35996.4,MURAT_202002_MRE,11,November,19.3,20.0,26.8
2020-11-24T03:00:00Z,0.793,19.8,-9999,Esperance,-35996.4,MURAT_202002_MRE,11,November,19.3,20.0,26.8
2020-11-24T04:00:00Z,0.784,19.9,-9999,Esperance,-35996.4,MURAT_202002_MRE,11,November,19.3,20.0,26.8
2020-11-24T05:00:00Z,0.73,20.1,-9999,Esperance,-35996.4,MURAT_202002_MRE,11,November,19.3,20.0,26.8
2020-11-24T06:00:00Z,0.687,20.1,-9999,Esperance,-35996.4,MURAT_202002_MRE,11,November,19.3,20.0,26.8
2020-11-24T07:00:00Z,0.709,20.2,-9999,Esperance,-35996.4,MURAT_202002_MRE,11,November,19.3,20.0,26.8
2020-11-24T08:00:00Z,0.745,20.1,-9999,Esperance,-35996.4,MURAT_202002_MRE,11,November,19.3,20.0,26.8
2020-11-24T09:00:00Z,0.789,20,-9999,Esperance,-35996.4,MURAT_202002_MRE,11,November,19.3,20.0,26.8
2020-11-24T10:00:00Z,0.905,19.4,-9999,Esperance,-35996.4,MURAT_202002_MRE,11,November,19.3,20.0,26.8
2020-11-24T11:00:00Z,0.973,18.9,-9999,Esperance,-35996.4,MURAT_202002_MRE,11,November,19.3,20.0,26.8
2020-11-24T12:00:00Z,0.997,18.7,-9999,Esperance,-35996.4,MURAT_202002_MRE,11,November,19.3,20.0,26.8
2020-11-24T13:00:00Z,1.019,18.6,-9999,Esperance,-35996.4,MURAT_202002_MRE,11,November,19.3,20.0,26.8
2020-11-24T14:00:00Z,1.073,18.5,-9999,Esperance,-35996.4,MURAT_202002_MRE,11,November,19.3,20.0,26.8
2020-11-24T15:00:00Z,0.982,18.5,-9999,Esperance,-35996.4,MURAT_202002_MRE,11,November,19.3,20.0,26.8
2020-11-24T16:00:00Z,0.937,18.4,-9999,Esperance,-35996.4,MURAT_202002_MRE,11,November,19.3,20.0,26.8
2020-11-24T17:00:00Z,0.909,18.4,-9999,Esperance,-35996.4,MURAT_202002_MRE,11,November,19.3,20.0,26.8
2020-11-24T18:00:00Z,0.837,18.4,-9999,Esperance,-35996.4,MURAT_202002_MRE,11,November,19.3,20.0,26.8
2020-11-24T19:00:00Z,0.827,18.4,-9999,Esperance,-35996.4,MURAT_202002_MRE,11,November,19.3,20.0,26.8
2020-11-24T20:00:00Z,0.832,18.4,-9999,Esperance,-35996.4,MURAT_202002_MRE,11,November,19.3,20.0,26.8
2020-11-24T21:00:00Z,0.825,18.4,-9999,Esperance,-35996.4,MURAT_202002_MRE,11,November,19.3,20.0,26.8
2020-11-24T22:00:00Z,0.863,18.4,-9999,Esperance,-35996.4,MURAT_202002_MRE,11,November,19.3,20.0,26.8
2020-11-24T23:00:00Z,0.873,18.4,-9999,Esperance,-35996.4,MURAT_202002_MRE,11,November,19.3,20.0,26.8
2020-11-25T00:00:00Z,0.884,18.5,-9999,Esperance,-35996.4,MURAT_202002_MRE,11,November,19.3,20.0,26.8
2020-11-25T01:00:00Z,0.879,18.5,-9999,Esperance,-35996.4,MURAT_202002_MRE,11,November,19.3,20.0,26.8
2020-11-25T02:00:00Z,0.836,18.6,-9999,Esperance,-35996.4,MURAT_202002_MRE,11,November,19.3,20.0,26.8
2020-11-25T03:00:00Z,0.79,18.7,-9999,Esperance,-35996.4,MURAT_202002_MRE,11,November,19.3,20.0,26.8
2020-11-25T04:00:00Z,0.718,18.7,-9999,Esperance,-35996.4,MURAT_202002_MRE,11,November,19.3,20.0,26.8
2020-11-25T05:00:00Z,0.638,18.8,-9999,Esperance,-35996.4,MURAT_202002_MRE,11,November,19.3,20.0,26.8
2020-11-25T06:00:00Z,0.613,18.9,-9999,Esperance,-35996.4,MURAT_202002_MRE,11,November,19.3,20.0,26.8
2020-11-25T07:00:00Z,0.589,19,-9999,Esperance,-35996.4,MURAT_202002_MRE,11,November,19.3,20.0,26.8
2020-11-25T08:00:00Z,0.623,19,-9999,Esperance,-35996.4,MURAT_202002_MRE,11,November,19.3,20.0,26.8
2020-11-25T09:00:00Z,0.691,19,-9999,Esperance,-35996.4,MURAT_202002_MRE,11,November,19.3,20.0,26.8
2020-11-25T10:00:00Z,0.778,19,-9999,Esperance,-35996.4,MURAT_202002_MRE,11,November,19.3,20.0,26.8
2020-11-25T11:00:00Z,0.878,19,-9999,Esperance,-35996.4,MURAT_202002_MRE,11,November,19.3,20.0,26.8
2020-11-25T12:00:00Z,0.933,19.1,-9999,Esperance,-35996.4,MURAT_202002_MRE,11,November,19.3,20.0,26.8
2020-11-25T13:00:00Z,0.963,19.2,-9999,Esperance,-35996.4,MURAT_202002_MRE,11,November,19.3,20.0,26.8
2020-11-25T14:00:00Z,0.958,19.1,-9999,Esperance,-35996.4,MURAT_202002_MRE,11,November,19.3,20.0,26.8
2020-11-25T15:00:00Z,0.9,19.1,-9999,Esperance,-35996.4,MURAT_202002_MRE,11,November,19.3,20.0,26.8
2020-11-25T16:00:00Z,0.828,19.1,-9999,Esperance,-35996.4,MURAT_202002_MRE,11,November,19.3,20.0,26.8
2020-11-25T17:00:00Z,0.733,19.1,-9999,Esperance,-35996.4,MURAT_202002_MRE,11,November,19.3,20.0,26.8
2020-11-25T18:00:00Z,0.67,19.1,-9999,Esperance,-35996.4,MURAT_202002_MRE,11,November,19.3,20.0,26.8
2020-11-25T19:00:00Z,0.612,19,-9999,Esperance,-35996.4,MURAT_202002_MRE,11,November,19.3,20.0,26.8
2020-11-25T20:00:00Z,0.608,19,-9999,Esperance,-35996.4,MURAT_202002_MRE,11,November,19.3,20.0,26.8
2020-11-25T21:00:00Z,0.643,19,-9999,Esperance,-35996.4,MURAT_202002_MRE,11,November,19.3,20.0,26.8
2020-11-25T22:00:00Z,0.658,18.9,-9999,Esperance,-35996.4,MURAT_202002_MRE,11,November,19.3,20.0,26.8
2020-11-25T23:00:00Z,0.688,18.9,-9999,Esperance,-35996.4,MURAT_202002_MRE,11,November,19.3,20.0,26.8
2020-11-26T00:00:00Z,0.76,18.9,-9999,Esperance,-35996.4,MURAT_202002_MRE,11,November,19.3,20.0,26.8
2020-11-26T01:00:00Z,0.761,19,-9999,Esperance,-35996.4,MURAT_202002_MRE,11,November,19.3,20.0,26.8
2020-11-26T02:00:00Z,0.746,19,-9999,Esperance,-35996.4,MURAT_202002_MRE,11,November,19.3,20.0,26.8
2020-11-26T03:00:00Z,0.726,19.1,-9999,Esperance,-35996.4,MURAT_202002_MRE,11,November,19.3,20.0,26.8
2020-11-26T04:00:00Z,0.651,19.5,-9999,Esperance,-35996.4,MURAT_202002_MRE,11,November,19.3,20.0,26.8
2020-11-26T05:00:00Z,0.599,19.5,-9999,Esperance,-35996.4,MURAT_202002_MRE,11,November,19.3,20.0,26.8
2020-11-26T06:00:00Z,0.573,19.7,-9999,Esperance,-35996.4,MURAT_202002_MRE,11,November,19.3,20.0,26.8
2020-11-26T07:00:00Z,0.54,19.8,-9999,Esperance,-35996.4,MURAT_202002_MRE,11,November,19.3,20.0,26.8
2020-11-26T08:00:00Z,0.599,19.9,-9999,Esperance,-35996.4,MURAT_202002_MRE,11,November,19.3,20.0,26.8
2020-11-26T09:00:00Z,0.702,19.9,-9999,Esperance,-35996.4,MURAT_202002_MRE,11,November,19.3,20.0,26.8
2020-11-26T10:00:00Z,0.804,19.7,-9999,Esperance,-35996.4,MURAT_202002_MRE,11,November,19.3,20.0,26.8
2020-11-26T11:00:00Z,0.939,19.8,-9999,Esperance,-35996.4,MURAT_202002_MRE,11,November,19.3,20.0,26.8
2020-11-26T12:00:00Z,1.036,19.8,-9999,Esperance,-35996.4,MURAT_202002_MRE,11,November,19.3,20.0,26.8
2020-11-26T13:00:00Z,1.064,19.7,-9999,Esperance,-35996.4,MURAT_202002_MRE,11,November,19.3,20.0,26.8
2020-11-26T14:00:00Z,1.067,19.7,-9999,Esperance,-35996.4,MURAT_202002_MRE,11,November,19.3,20.0,26.8
2020-11-26T15:00:00Z,0.994,19.7,-9999,Esperance,-35996.4,MURAT_202002_MRE,11,November,19.3,20.0,26.8
2020-11-26T16:00:00Z,0.877,19.7,-9999,Esperance,-35996.4,MURAT_202002_MRE,11,November,19.3,20.0,26.8
2020-11-26T17:00:00Z,0.759,19.7,-9999,Esperance,-35996.4,MURAT_202002_MRE,11,November,19.3,20.0,26.8
2020-11-26T18:00:00Z,0.649,19.6,-9999,Esperance,-35996.4,MURAT_202002_MRE,11,November,19.3,20.0,26.8
2020-11-26T19:00:00Z,0.601,19.6,-9999,Esperance,-35996.4,MURAT_202002_MRE,11,November,19.3,20.0,26.8
2020-11-26T20:00:00Z,0.577,19.6,-9999,Esperance,-35996.4,MURAT_202002_MRE,11,November,19.3,20.0,26.8
2020-11-26T21:00:00Z,0.589,19.6,-9999,Esperance,-35996.4,MURAT_202002_MRE,11,November,19.3,20.0,26.8
2020-11-26T22:00:00Z,0.692,19.3,-9999,Esperance,-35996.4,MURAT_202002_MRE,11,November,19.3,20.0,26.8
2020-11-26T23:00:00Z,0.721,19.1,-9999,Esperance,-35996.4,MURAT_202002_MRE,11,November,19.3,20.0,26.8
2020-11-27T00:00:00Z,0.797,18.9,-9999,Esperance,-35996.4,MURAT_202002_MRE,11,November,19.3,20.0,26.8
2020-11-27T01:00:00Z,0.831,18.9,-9999,Esperance,-35996.4,MURAT_202002_MRE,11,November,19.3,20.0,26.8
2020-11-27T02:00:00Z,0.819,19,-9999,Esperance,-35996.4,MURAT_202002_MRE,11,November,19.3,20.0,26.8
2020-11-27T03:00:00Z,0.803,19.1,-9999,Esperance,-35996.4,MURAT_202002_MRE,11,November,19.3,20.0,26.8
2020-11-27T04:00:00Z,0.712,19.1,-9999,Esperance,-35996.4,MURAT_202002_MRE,11,November,19.3,20.0,26.8
2020-11-27T05:00:00Z,0.662,19.1,-9999,Esperance,-35996.4,MURAT_202002_MRE,11,November,19.3,20.0,26.8
2020-11-27T06:00:00Z,0.629,19.1,-9999,Esperance,-35996.4,MURAT_202002_MRE,11,November,19.3,20.0,26.8
2020-11-27T07:00:00Z,0.575,19.1,-9999,Esperance,-35996.4,MURAT_202002_MRE,11,November,19.3,20.0,26.8
2020-11-27T08:00:00Z,0.648,19.1,-9999,Esperance,-35996.4,MURAT_202002_MRE,11,November,19.3,20.0,26.8
2020-11-27T09:00:00Z,0.741,19.1,-9999,Esperance,-35996.4,MURAT_202002_MRE,11,November,19.3,20.0,26.8
2020-11-27T10:00:00Z,0.866,19.2,-9999,Esperance,-35996.4,MURAT_202002_MRE,11,November,19.3,20.0,26.8
2020-11-27T11:00:00Z,1.022,19.2,-9999,Esperance,-35996.4,MURAT_202002_MRE,11,November,19.3,20.0,26.8
2020-11-27T12:00:00Z,1.156,19.2,-9999,Esperance,-35996.4,MURAT_202002_MRE,11,November,19.3,20.0,26.8
2020-11-27T13:00:00Z,1.168,19.2,-9999,Esperance,-35996.4,MURAT_202002_MRE,11,November,19.3,20.0,26.8
2020-11-27T14:00:00Z,1.183,19.2,-9999,Esperance,-35996.4,MURAT_202002_MRE,11,November,19.3,20.0,26.8
2020-11-27T15:00:00Z,1.14,19.2,-9999,Esperance,-35996.4,MURAT_202002_MRE,11,November,19.3,20.0,26.8
2020-11-27T16:00:00Z,0.999,19.2,-9999,Esperance,-35996.4,MURAT_202002_MRE,11,November,19.3,20.0,26.8
2020-11-27T17:00:00Z,0.846,19.2,-9999,Esperance,-35996.4,MURAT_202002_MRE,11,November,19.3,20.0,26.8
2020-11-27T18:00:00Z,0.737,19.2,-9999,Esperance,-35996.4,MURAT_202002_MRE,11,November,19.3,20.0,26.8
2020-11-27T19:00:00Z,0.678,19.2,-9999,Esperance,-35996.4,MURAT_202002_MRE,11,November,19.3,20.0,26.8
2020-11-27T20:00:00Z,0.562,19.2,-9999,Esperance,-35996.4,MURAT_202002_MRE,11,November,19.3,20.0,26.8
2020-11-27T21:00:00Z,0.587,19.2,-9999,Esperance,-35996.4,MURAT_202002_MRE,11,November,19.3,20.0,26.8
2020-11-27T22:00:00Z,0.659,19.2,-9999,Esperance,-35996.4,MURAT_202002_MRE,11,November,19.3,20.0,26.8
2020-11-27T23:00:00Z,0.662,19.2,-9999,Esperance,-35996.4,MURAT_202002_MRE,11,November,19.3,20.0,26.8
2020-11-28T00:00:00Z,0.751,19.3,-9999,Esperance,-35996.4,MURAT_202002_MRE,11,November,19.3,20.0,26.8
2020-11-28T01:00:00Z,0.793,19.3,-9999,Esperance,-35996.4,MURAT_202002_MRE,11,November,19.3,20.0,26.8
2020-11-28T02:00:00Z,0.775,19.3,-9999,Esperance,-35996.4,MURAT_202002_MRE,11,November,19.3,20.0,26.8
2020-11-28T03:00:00Z,0.776,19.3,-9999,Esperance,-35996.4,MURAT_202002_MRE,11,November,19.3,20.0,26.8
2020-11-28T04:00:00Z,0.696,19.3,-9999,Esperance,-35996.4,MURAT_202002_MRE,11,November,19.3,20.0,26.8
2020-11-28T05:00:00Z,0.626,19.3,-9999,Esperance,-35996.4,MURAT_202002_MRE,11,November,19.3,20.0,26.8
2020-11-28T06:00:00Z,0.569,19.3,-9999,Esperance,-35996.4,MURAT_202002_MRE,11,November,19.3,20.0,26.8
2020-11-28T07:00:00Z,0.533,19.3,-9999,Esperance,-35996.4,MURAT_202002_MRE,11,November,19.3,20.0,26.8
2020-11-28T08:00:00Z,0.572,19.3,-9999,Esperance,-35996.4,MURAT_202002_MRE,11,November,19.3,20.0,26.8
2020-11-28T09:00:00Z,0.657,19.4,-9999,Esperance,-35996.4,MURAT_202002_MRE,11,November,19.3,20.0,26.8
2020-11-28T10:00:00Z,0.82,19.3,-9999,Esperance,-35996.4,MURAT_202002_MRE,11,November,19.3,20.0,26.8
2020-11-28T11:00:00Z,0.959,19.3,-9999,Esperance,-35996.4,MURAT_202002_MRE,11,November,19.3,20.0,26.8
2020-11-28T12:00:00Z,1.081,19.2,-9999,Esperance,-35996.4,MURAT_202002_MRE,11,November,19.3,20.0,26.8
2020-11-28T13:00:00Z,1.216,19.2,-9999,Esperance,-35996.4,MURAT_202002_MRE,11,November,19.3,20.0,26.8
2020-11-28T14:00:00Z,1.207,19.2,-9999,Esperance,-35996.4,MURAT_202002_MRE,11,November,19.3,20.0,26.8
2020-11-28T15:00:00Z,1.178,19.2,-9999,Esperance,-35996.4,MURAT_202002_MRE,11,November,19.3,20.0,26.8
2020-11-28T16:00:00Z,1.055,19.2,-9999,Esperance,-35996.4,MURAT_202002_MRE,11,November,19.3,20.0,26.8
2020-11-28T17:00:00Z,0.87,19.2,-9999,Esperance,-35996.4,MURAT_202002_MRE,11,November,19.3,20.0,26.8
2020-11-28T18:00:00Z,0.759,19.1,-9999,Esperance,-35996.4,MURAT_202002_MRE,11,November,19.3,20.0,26.8
2020-11-28T19:00:00Z,0.556,19.1,-9999,Esperance,-35996.4,MURAT_202002_MRE,11,November,19.3,20.0,26.8
2020-11-28T20:00:00Z,0.485,19.1,-9999,Esperance,-35996.4,MURAT_202002_MRE,11,November,19.3,20.0,26.8
2020-11-28T21:00:00Z,0.463,19.1,-9999,Esperance,-35996.4,MURAT_202002_MRE,11,November,19.3,20.0,26.8
2020-11-28T22:00:00Z,0.481,19.1,-9999,Esperance,-35996.4,MURAT_202002_MRE,11,November,19.3,20.0,26.8
2020-11-28T23:00:00Z,0.565,19.1,-9999,Esperance,-35996.4,MURAT_202002_MRE,11,November,19.3,20.0,26.8
2020-11-29T00:00:00Z,0.632,19.1,-9999,Esperance,-35996.4,MURAT_202002_MRE,11,November,19.3,20.0,26.8
2020-11-29T01:00:00Z,0.728,19.1,-9999,Esperance,-35996.4,MURAT_202002_MRE,11,November,19.3,20.0,26.8
2020-11-29T02:00:00Z,0.756,19.2,-9999,Esperance,-35996.4,MURAT_202002_MRE,11,November,19.3,20.0,26.8
2020-11-29T03:00:00Z,0.792,19.3,-9999,Esperance,-35996.4,MURAT_202002_MRE,11,November,19.3,20.0,26.8
2020-11-29T04:00:00Z,0.758,19.3,-9999,Esperance,-35996.4,MURAT_202002_MRE,11,November,19.3,20.0,26.8
2020-11-29T05:00:00Z,0.675,19.4,-9999,Esperance,-35996.4,MURAT_202002_MRE,11,November,19.3,20.0,26.8
2020-11-29T06:00:00Z,0.651,19.5,-9999,Esperance,-35996.4,MURAT_202002_MRE,11,November,19.3,20.0,26.8
2020-11-29T07:00:00Z,0.618,19.6,-9999,Esperance,-35996.4,MURAT_202002_MRE,11,November,19.3,20.0,26.8
2020-11-29T08:00:00Z,0.629,19.6,-9999,Esperance,-35996.4,MURAT_202002_MRE,11,November,19.3,20.0,26.8
2020-11-29T09:00:00Z,0.744,19.6,-9999,Esperance,-35996.4,MURAT_202002_MRE,11,November,19.3,20.0,26.8
2020-11-29T10:00:00Z,0.892,19.6,-9999,Esperance,-35996.4,MURAT_202002_MRE,11,November,19.3,20.0,26.8
2020-11-29T11:00:00Z,1.065,19.6,-9999,Esperance,-35996.4,MURAT_202002_MRE,11,November,19.3,20.0,26.8
2020-11-29T12:00:00Z,1.226,19.7,-9999,Esperance,-35996.4,MURAT_202002_MRE,11,November,19.3,20.0,26.8
2020-11-29T13:00:00Z,1.35,19.7,-9999,Esperance,-35996.4,MURAT_202002_MRE,11,November,19.3,20.0,26.8
2020-11-29T14:00:00Z,1.388,19.7,-9999,Esperance,-35996.4,MURAT_202002_MRE,11,November,19.3,20.0,26.8
2020-11-29T15:00:00Z,1.333,19.7,-9999,Esperance,-35996.4,MURAT_202002_MRE,11,November,19.3,20.0,26.8
2020-11-29T16:00:00Z,1.257,19.6,-9999,Esperance,-35996.4,MURAT_202002_MRE,11,November,19.3,20.0,26.8
2020-11-29T17:00:00Z,1.091,19.5,-9999,Esperance,-35996.4,MURAT_202002_MRE,11,November,19.3,20.0,26.8
2020-11-29T18:00:00Z,0.909,19.5,-9999,Esperance,-35996.4,MURAT_202002_MRE,11,November,19.3,20.0,26.8
2020-11-29T19:00:00Z,0.782,19.5,-9999,Esperance,-35996.4,MURAT_202002_MRE,11,November,19.3,20.0,26.8
2020-11-29T20:00:00Z,0.646,19.4,-9999,Esperance,-35996.4,MURAT_202002_MRE,11,November,19.3,20.0,26.8
2020-11-29T21:00:00Z,0.549,19.4,-9999,Esperance,-35996.4,MURAT_202002_MRE,11,November,19.3,20.0,26.8
2020-11-29T22:00:00Z,0.602,19.4,-9999,Esperance,-35996.4,MURAT_202002_MRE,11,November,19.3,20.0,26.8
2020-11-29T23:00:00Z,0.673,19.4,-9999,Esperance,-35996.4,MURAT_202002_MRE,11,November,19.3,20.0,26.8
2020-11-30T00:00:00Z,0.804,19.4,-9999,Esperance,-35996.4,MURAT_202002_MRE,11,November,19.3,20.0,26.8
2020-11-30T01:00:00Z,0.868,19.4,-9999,Esperance,-35996.4,MURAT_202002_MRE,11,November,19.3,20.0,26.8
2020-11-30T02:00:00Z,0.933,19.3,-9999,Esperance,-35996.4,MURAT_202002_MRE,11,November,19.3,20.0,26.8
2020-11-30T03:00:00Z,0.972,19.2,-9999,Esperance,-35996.4,MURAT_202002_MRE,11,November,19.3,20.0,26.8
2020-11-30T04:00:00Z,0.949,19.2,-9999,Esperance,-35996.4,MURAT_202002_MRE,11,November,19.3,20.0,26.8
2020-11-30T05:00:00Z,0.893,19.2,-9999,Esperance,-35996.4,MURAT_202002_MRE,11,November,19.3,20.0,26.8
2020-11-30T06:00:00Z,0.848,19.2,-9999,Esperance,-35996.4,MURAT_202002_MRE,11,November,19.3,20.0,26.8
2020-11-30T07:00:00Z,0.765,19.1,-9999,Esperance,-35996.4,MURAT_202002_MRE,11,November,19.3,20.0,26.8
2020-11-30T08:00:00Z,0.804,19.1,-9999,Esperance,-35996.4,MURAT_202002_MRE,11,November,19.3,20.0,26.8
2020-11-30T09:00:00Z,0.853,19.1,-9999,Esperance,-35996.4,MURAT_202002_MRE,11,November,19.3,20.0,26.8
2020-11-30T10:00:00Z,0.977,19.1,-9999,Esperance,-35996.4,MURAT_202002_MRE,11,November,19.3,20.0,26.8
2020-11-30T11:00:00Z,1.155,19.1,-9999,Esperance,-35996.4,MURAT_202002_MRE,11,November,19.3,20.0,26.8
2020-11-30T12:00:00Z,1.302,19.1,-9999,Esperance,-35996.4,MURAT_202002_MRE,11,November,19.3,20.0,26.8
2020-11-30T13:00:00Z,1.429,19.1,-9999,Esperance,-35996.4,MURAT_202002_MRE,11,November,19.3,20.0,26.8
2020-11-30T14:00:00Z,1.494,19.1,-9999,Esperance,-35996.4,MURAT_202002_MRE,11,November,19.3,20.0,26.8
2020-11-30T15:00:00Z,1.465,19.1,-9999,Esperance,-35996.4,MURAT_202002_MRE,11,November,19.3,20.0,26.8
2020-11-30T16:00:00Z,1.394,19.1,-9999,Esperance,-35996.4,MURAT_202002_MRE,11,November,19.3,20.0,26.8
2020-11-30T17:00:00Z,1.227,19,-9999,Esperance,-35996.4,MURAT_202002_MRE,11,November,19.3,20.0,26.8
2020-11-30T18:00:00Z,1.024,19,-9999,Esperance,-35996.4,MURAT_202002_MRE,11,November,19.3,20.0,26.8
2020-11-30T19:00:00Z,0.826,18.9,-9999,Esperance,-35996.4,MURAT_202002_MRE,11,November,19.3,20.0,26.8
2020-11-30T20:00:00Z,0.697,18.9,-9999,Esperance,-35996.4,MURAT_202002_MRE,11,November,19.3,20.0,26.8
2020-11-30T21:00:00Z,0.522,18.9,-9999,Esperance,-35996.4,MURAT_202002_MRE,11,November,19.3,20.0,26.8
2020-11-30T22:00:00Z,0.504,18.8,-9999,Esperance,-35996.4,MURAT_202002_MRE,11,November,19.3,20.0,26.8
2020-11-30T23:00:00Z,0.552,18.8,-9999,Esperance,-35996.4,MURAT_202002_MRE,11,November,19.3,20.0,26.8
2020-12-01T00:00:00Z,0.571,18.8,-9999,Esperance,-35996.4,MURAT_202002_MRE,12,December,20.4,18.7,26.7
2020-12-01T01:00:00Z,0.631,18.8,-9999,Esperance,-35996.4,MURAT_202002_MRE,12,December,20.4,18.7,26.7
2020-12-01T02:00:00Z,0.718,18.7,-9999,Esperance,-35996.4,MURAT_202002_MRE,12,December,20.4,18.7,26.7
2020-12-01T03:00:00Z,0.692,18.7,-9999,Esperance,-35996.4,MURAT_202002_MRE,12,December,20.4,18.7,26.7
2020-12-01T04:00:00Z,0.696,18.7,-9999,Esperance,-35996.4,MURAT_202002_MRE,12,December,20.4,18.7,26.7
2020-12-01T05:00:00Z,0.632,18.7,-9999,Esperance,-35996.4,MURAT_202002_MRE,12,December,20.4,18.7,26.7
2020-12-01T06:00:00Z,0.565,18.7,-9999,Esperance,-35996.4,MURAT_202002_MRE,12,December,20.4,18.7,26.7
2020-12-01T07:00:00Z,0.516,18.7,-9999,Esperance,-35996.4,MURAT_202002_MRE,12,December,20.4,18.7,26.7
2020-12-01T08:00:00Z,0.51,18.7,-9999,Esperance,-35996.4,MURAT_202002_MRE,12,December,20.4,18.7,26.7
2020-12-01T09:00:00Z,0.549,18.8,-9999,Esperance,-35996.4,MURAT_202002_MRE,12,December,20.4,18.7,26.7
2020-12-01T10:00:00Z,0.65,18.7,-9999,Esperance,-35996.4,MURAT_202002_MRE,12,December,20.4,18.7,26.7
2020-12-01T11:00:00Z,0.825,18.7,-9999,Esperance,-35996.4,MURAT_202002_MRE,12,December,20.4,18.7,26.7
2020-12-01T12:00:00Z,0.977,18.6,-9999,Esperance,-35996.4,MURAT_202002_MRE,12,December,20.4,18.7,26.7
2020-12-01T13:00:00Z,1.105,18.6,-9999,Esperance,-35996.4,MURAT_202002_MRE,12,December,20.4,18.7,26.7
2020-12-01T14:00:00Z,1.235,18.6,-9999,Esperance,-35996.4,MURAT_202002_MRE,12,December,20.4,18.7,26.7
2020-12-01T15:00:00Z,1.213,18.7,-9999,Esperance,-35996.4,MURAT_202002_MRE,12,December,20.4,18.7,26.7
2020-12-01T16:00:00Z,1.151,18.6,-9999,Esperance,-35996.4,MURAT_202002_MRE,12,December,20.4,18.7,26.7
2020-12-01T17:00:00Z,1.072,18.6,-9999,Esperance,-35996.4,MURAT_202002_MRE,12,December,20.4,18.7,26.7
2020-12-01T18:00:00Z,0.853,18.5,-9999,Esperance,-35996.4,MURAT_202002_MRE,12,December,20.4,18.7,26.7
2020-12-01T19:00:00Z,0.674,18.5,-9999,Esperance,-35996.4,MURAT_202002_MRE,12,December,20.4,18.7,26.7
2020-12-01T20:00:00Z,0.52,18.5,-9999,Esperance,-35996.4,MURAT_202002_MRE,12,December,20.4,18.7,26.7
2020-12-01T21:00:00Z,0.371,-9999,-9999,Esperance,-35996.4,MURAT_202002_MRE,12,December,20.4,18.7,26.7
2020-12-01T22:00:00Z,0.276,18.4,-9999,Esperance,-35996.4,MURAT_202002_MRE,12,December,20.4,18.7,26.7
2020-12-01T23:00:00Z,0.288,18.4,-9999,Esperance,-35996.4,MURAT_202002_MRE,12,December,20.4,18.7,26.7
2020-12-02T00:00:00Z,0.342,18.4,-9999,Esperance,-35996.4,MURAT_202002_MRE,12,December,20.4,18.7,26.7
2020-12-02T01:00:00Z,0.419,-9999,-9999,Esperance,-35996.4,MURAT_202002_MRE,12,December,20.4,18.7,26.7
2020-12-02T02:00:00Z,0.474,18.5,-9999,Esperance,-35996.4,MURAT_202002_MRE,12,December,20.4,18.7,26.7
2020-12-02T03:00:00Z,0.545,18.6,-9999,Esperance,-35996.4,MURAT_202002_MRE,12,December,20.4,18.7,26.7
2020-12-02T04:00:00Z,0.538,-9999,-9999,Esperance,-35996.4,MURAT_202002_MRE,12,December,20.4,18.7,26.7
2020-12-02T05:00:00Z,0.512,18.8,-9999,Esperance,-35996.4,MURAT_202002_MRE,12,December,20.4,18.7,26.7
2020-12-02T06:00:00Z,0.488,18.7,-9999,Esperance,-35996.4,MURAT_202002_MRE,12,December,20.4,18.7,26.7
2020-12-02T07:00:00Z,0.407,18.9,-9999,Esperance,-35996.4,MURAT_202002_MRE,12,December,20.4,18.7,26.7
2020-12-02T08:00:00Z,0.398,19.1,-9999,Esperance,-35996.4,MURAT_202002_MRE,12,December,20.4,18.7,26.7
2020-12-02T09:00:00Z,0.479,19,-9999,Esperance,-35996.4,MURAT_202002_MRE,12,December,20.4,18.7,26.7
2020-12-02T10:00:00Z,0.53,19.1,-9999,Esperance,-35996.4,MURAT_202002_MRE,12,December,20.4,18.7,26.7
2020-12-02T11:00:00Z,0.682,19.2,-9999,Esperance,-35996.4,MURAT_202002_MRE,12,December,20.4,18.7,26.7
2020-12-02T12:00:00Z,0.853,-9999,-9999,Esperance,-35996.4,MURAT_202002_MRE,12,December,20.4,18.7,26.7
2020-12-02T13:00:00Z,1.033,-9999,-9999,Esperance,-35996.4,MURAT_202002_MRE,12,December,20.4,18.7,26.7
2020-12-02T14:00:00Z,1.128,-9999,-9999,Esperance,-35996.4,MURAT_202002_MRE,12,December,20.4,18.7,26.7
2020-12-02T15:00:00Z,1.182,19.1,-9999,Esperance,-35996.4,MURAT_202002_MRE,12,December,20.4,18.7,26.7
2020-12-02T16:00:00Z,1.215,19.2,-9999,Esperance,-35996.4,MURAT_202002_MRE,12,December,20.4,18.7,26.7
2020-12-02T17:00:00Z,1.111,-9999,-9999,Esperance,-35996.4,MURAT_202002_MRE,12,December,20.4,18.7,26.7
2020-12-02T18:00:00Z,0.96,-9999,-9999,Esperance,-35996.4,MURAT_202002_MRE,12,December,20.4,18.7,26.7
2020-12-02T19:00:00Z,0.843,19.2,-9999,Esperance,-35996.4,MURAT_202002_MRE,12,December,20.4,18.7,26.7
2020-12-02T20:00:00Z,0.643,-9999,-9999,Esperance,-35996.4,MURAT_202002_MRE,12,December,20.4,18.7,26.7
2020-12-02T21:00:00Z,0.503,19.1,-9999,Esperance,-35996.4,MURAT_202002_MRE,12,December,20.4,18.7,26.7
2020-12-02T22:00:00Z,0.415,19.1,-9999,Esperance,-35996.4,MURAT_202002_MRE,12,December,20.4,18.7,26.7
2020-12-02T23:00:00Z,0.368,19.1,-9999,Esperance,-35996.4,MURAT_202002_MRE,12,December,20.4,18.7,26.7
2020-12-03T00:00:00Z,0.409,19,-9999,Esperance,-35996.4,MURAT_202002_MRE,12,December,20.4,18.7,26.7
2020-12-03T01:00:00Z,0.464,19,-9999,Esperance,-35996.4,MURAT_202002_MRE,12,December,20.4,18.7,26.7
2020-12-03T02:00:00Z,0.537,19,-9999,Esperance,-35996.4,MURAT_202002_MRE,12,December,20.4,18.7,26.7
2020-12-03T03:00:00Z,0.576,19,-9999,Esperance,-35996.4,MURAT_202002_MRE,12,December,20.4,18.7,26.7
2020-12-03T04:00:00Z,0.59,19,-9999,Esperance,-35996.4,MURAT_202002_MRE,12,December,20.4,18.7,26.7
2020-12-03T05:00:00Z,0.61,19,-9999,Esperance,-35996.4,MURAT_202002_MRE,12,December,20.4,18.7,26.7
2020-12-03T06:00:00Z,0.573,19,-9999,Esperance,-35996.4,MURAT_202002_MRE,12,December,20.4,18.7,26.7
2020-12-03T07:00:00Z,0.527,19,-9999,Esperance,-35996.4,MURAT_202002_MRE,12,December,20.4,18.7,26.7
2020-12-03T08:00:00Z,0.559,19.1,-9999,Esperance,-35996.4,MURAT_202002_MRE,12,December,20.4,18.7,26.7
2020-12-03T09:00:00Z,0.575,19.3,-9999,Esperance,-35996.4,MURAT_202002_MRE,12,December,20.4,18.7,26.7
2020-12-03T10:00:00Z,0.665,19.4,-9999,Esperance,-35996.4,MURAT_202002_MRE,12,December,20.4,18.7,26.7
2020-12-03T11:00:00Z,0.765,19.3,-9999,Esperance,-35996.4,MURAT_202002_MRE,12,December,20.4,18.7,26.7
2020-12-03T12:00:00Z,0.911,19.2,-9999,Esperance,-35996.4,MURAT_202002_MRE,12,December,20.4,18.7,26.7
2020-12-03T13:00:00Z,1.088,19.3,-9999,Esperance,-35996.4,MURAT_202002_MRE,12,December,20.4,18.7,26.7
2020-12-03T14:00:00Z,1.2,19.4,-9999,Esperance,-35996.4,MURAT_202002_MRE,12,December,20.4,18.7,26.7
2020-12-03T15:00:00Z,1.263,-9999,-9999,Esperance,-35996.4,MURAT_202002_MRE,12,December,20.4,18.7,26.7
2020-12-03T16:00:00Z,1.322,19.5,-9999,Esperance,-35996.4,MURAT_202002_MRE,12,December,20.4,18.7,26.7
2020-12-03T17:00:00Z,1.293,-9999,-9999,Esperance,-35996.4,MURAT_202002_MRE,12,December,20.4,18.7,26.7
2020-12-03T18:00:00Z,1.207,-9999,-9999,Esperance,-35996.4,MURAT_202002_MRE,12,December,20.4,18.7,26.7
2020-12-03T19:00:00Z,1.081,19.4,-9999,Esperance,-35996.4,MURAT_202002_MRE,12,December,20.4,18.7,26.7
2020-12-03T20:00:00Z,0.909,19.4,-9999,Esperance,-35996.4,MURAT_202002_MRE,12,December,20.4,18.7,26.7
2020-12-03T21:00:00Z,0.749,19.3,-9999,Esperance,-35996.4,MURAT_202002_MRE,12,December,20.4,18.7,26.7
2020-12-03T22:00:00Z,0.652,-9999,-9999,Esperance,-35996.4,MURAT_202002_MRE,12,December,20.4,18.7,26.7
2020-12-03T23:00:00Z,0.578,19.3,-9999,Esperance,-35996.4,MURAT_202002_MRE,12,December,20.4,18.7,26.7
2020-12-04T00:00:00Z,0.529,19.2,-9999,Esperance,-35996.4,MURAT_202002_MRE,12,December,20.4,18.7,26.7
2020-12-04T01:00:00Z,0.577,19.1,-9999,Esperance,-35996.4,MURAT_202002_MRE,12,December,20.4,18.7,26.7
2020-12-04T02:00:00Z,0.611,19.1,-9999,Esperance,-35996.4,MURAT_202002_MRE,12,December,20.4,18.7,26.7
2020-12-04T03:00:00Z,0.602,19.1,-9999,Esperance,-35996.4,MURAT_202002_MRE,12,December,20.4,18.7,26.7
2020-12-04T04:00:00Z,0.64,19.2,-9999,Esperance,-35996.4,MURAT_202002_MRE,12,December,20.4,18.7,26.7
2020-12-04T05:00:00Z,0.639,19.3,-9999,Esperance,-35996.4,MURAT_202002_MRE,12,December,20.4,18.7,26.7
2020-12-04T06:00:00Z,0.593,19.3,-9999,Esperance,-35996.4,MURAT_202002_MRE,12,December,20.4,18.7,26.7
2020-12-04T07:00:00Z,0.587,19.2,-9999,Esperance,-35996.4,MURAT_202002_MRE,12,December,20.4,18.7,26.7
2020-12-04T08:00:00Z,0.609,19.2,-9999,Esperance,-35996.4,MURAT_202002_MRE,12,December,20.4,18.7,26.7
2020-12-04T09:00:00Z,0.623,19.2,-9999,Esperance,-35996.4,MURAT_202002_MRE,12,December,20.4,18.7,26.7
2020-12-04T10:00:00Z,0.703,19.2,-9999,Esperance,-35996.4,MURAT_202002_MRE,12,December,20.4,18.7,26.7
2020-12-04T11:00:00Z,0.84,19.1,-9999,Esperance,-35996.4,MURAT_202002_MRE,12,December,20.4,18.7,26.7
2020-12-04T12:00:00Z,0.967,19.1,-9999,Esperance,-35996.4,MURAT_202002_MRE,12,December,20.4,18.7,26.7
2020-12-04T13:00:00Z,1.121,19.1,-9999,Esperance,-35996.4,MURAT_202002_MRE,12,December,20.4,18.7,26.7
2020-12-04T14:00:00Z,1.292,19.1,-9999,Esperance,-35996.4,MURAT_202002_MRE,12,December,20.4,18.7,26.7
2020-12-04T15:00:00Z,1.348,19.1,-9999,Esperance,-35996.4,MURAT_202002_MRE,12,December,20.4,18.7,26.7
2020-12-04T16:00:00Z,1.369,19.1,-9999,Esperance,-35996.4,MURAT_202002_MRE,12,December,20.4,18.7,26.7
2020-12-04T17:00:00Z,1.399,19.1,-9999,Esperance,-35996.4,MURAT_202002_MRE,12,December,20.4,18.7,26.7
2020-12-04T18:00:00Z,1.333,19.1,-9999,Esperance,-35996.4,MURAT_202002_MRE,12,December,20.4,18.7,26.7
2020-12-04T19:00:00Z,1.201,19.1,-9999,Esperance,-35996.4,MURAT_202002_MRE,12,December,20.4,18.7,26.7
2020-12-04T20:00:00Z,1.093,19.1,-9999,Esperance,-35996.4,MURAT_202002_MRE,12,December,20.4,18.7,26.7
2020-12-04T21:00:00Z,0.964,19,-9999,Esperance,-35996.4,MURAT_202002_MRE,12,December,20.4,18.7,26.7
2020-12-04T22:00:00Z,0.789,19.1,-9999,Esperance,-35996.4,MURAT_202002_MRE,12,December,20.4,18.7,26.7
2020-12-04T23:00:00Z,0.707,19.1,-9999,Esperance,-35996.4,MURAT_202002_MRE,12,December,20.4,18.7,26.7
2020-12-05T00:00:00Z,0.638,19,-9999,Esperance,-35996.4,MURAT_202002_MRE,12,December,20.4,18.7,26.7
2020-12-05T01:00:00Z,0.588,19.1,-9999,Esperance,-35996.4,MURAT_202002_MRE,12,December,20.4,18.7,26.7
2020-12-05T02:00:00Z,0.581,19.1,-9999,Esperance,-35996.4,MURAT_202002_MRE,12,December,20.4,18.7,26.7
2020-12-05T03:00:00Z,0.629,19.1,-9999,Esperance,-35996.4,MURAT_202002_MRE,12,December,20.4,18.7,26.7
2020-12-05T04:00:00Z,0.607,19.1,-9999,Esperance,-35996.4,MURAT_202002_MRE,12,December,20.4,18.7,26.7
2020-12-05T05:00:00Z,0.598,19.1,-9999,Esperance,-35996.4,MURAT_202002_MRE,12,December,20.4,18.7,26.7
2020-12-05T06:00:00Z,0.645,19.1,-9999,Esperance,-35996.4,MURAT_202002_MRE,12,December,20.4,18.7,26.7
2020-12-05T07:00:00Z,0.575,19.1,-9999,Esperance,-35996.4,MURAT_202002_MRE,12,December,20.4,18.7,26.7
2020-12-05T08:00:00Z,0.573,19.1,-9999,Esperance,-35996.4,MURAT_202002_MRE,12,December,20.4,18.7,26.7
2020-12-05T09:00:00Z,0.632,19.1,-9999,Esperance,-35996.4,MURAT_202002_MRE,12,December,20.4,18.7,26.7
2020-12-05T10:00:00Z,0.643,19,-9999,Esperance,-35996.4,MURAT_202002_MRE,12,December,20.4,18.7,26.7
2020-12-05T11:00:00Z,0.719,19,-9999,Esperance,-35996.4,MURAT_202002_MRE,12,December,20.4,18.7,26.7
2020-12-05T12:00:00Z,0.829,19,-9999,Esperance,-35996.4,MURAT_202002_MRE,12,December,20.4,18.7,26.7
2020-12-05T13:00:00Z,0.928,19,-9999,Esperance,-35996.4,MURAT_202002_MRE,12,December,20.4,18.7,26.7
2020-12-05T14:00:00Z,1.062,19,-9999,Esperance,-35996.4,MURAT_202002_MRE,12,December,20.4,18.7,26.7
2020-12-05T15:00:00Z,1.103,19,-9999,Esperance,-35996.4,MURAT_202002_MRE,12,December,20.4,18.7,26.7
2020-12-05T16:00:00Z,1.174,19,-9999,Esperance,-35996.4,MURAT_202002_MRE,12,December,20.4,18.7,26.7
2020-12-05T17:00:00Z,1.171,19,-9999,Esperance,-35996.4,MURAT_202002_MRE,12,December,20.4,18.7,26.7
2020-12-05T18:00:00Z,1.156,19,-9999,Esperance,-35996.4,MURAT_202002_MRE,12,December,20.4,18.7,26.7
2020-12-05T19:00:00Z,1.093,19,-9999,Esperance,-35996.4,MURAT_202002_MRE,12,December,20.4,18.7,26.7
2020-12-05T20:00:00Z,0.974,19,-9999,Esperance,-35996.4,MURAT_202002_MRE,12,December,20.4,18.7,26.7
2020-12-05T21:00:00Z,0.9,19,-9999,Esperance,-35996.4,MURAT_202002_MRE,12,December,20.4,18.7,26.7
2020-12-05T22:00:00Z,0.765,18.9,-9999,Esperance,-35996.4,MURAT_202002_MRE,12,December,20.4,18.7,26.7
2020-12-05T23:00:00Z,0.667,18.9,-9999,Esperance,-35996.4,MURAT_202002_MRE,12,December,20.4,18.7,26.7
2020-12-06T00:00:00Z,0.598,18.9,-9999,Esperance,-35996.4,MURAT_202002_MRE,12,December,20.4,18.7,26.7
2020-12-06T01:00:00Z,0.528,19,-9999,Esperance,-35996.4,MURAT_202002_MRE,12,December,20.4,18.7,26.7
2020-12-06T02:00:00Z,0.524,19,-9999,Esperance,-35996.4,MURAT_202002_MRE,12,December,20.4,18.7,26.7
2020-12-06T03:00:00Z,0.52,19,-9999,Esperance,-35996.4,MURAT_202002_MRE,12,December,20.4,18.7,26.7
2020-12-06T04:00:00Z,0.491,19,-9999,Esperance,-35996.4,MURAT_202002_MRE,12,December,20.4,18.7,26.7
2020-12-06T05:00:00Z,0.5,19,-9999,Esperance,-35996.4,MURAT_202002_MRE,12,December,20.4,18.7,26.7
2020-12-06T06:00:00Z,0.512,19,-9999,Esperance,-35996.4,MURAT_202002_MRE,12,December,20.4,18.7,26.7
2020-12-06T07:00:00Z,0.51,19.1,-9999,Esperance,-35996.4,MURAT_202002_MRE,12,December,20.4,18.7,26.7
2020-12-06T08:00:00Z,0.515,19,-9999,Esperance,-35996.4,MURAT_202002_MRE,12,December,20.4,18.7,26.7
2020-12-06T09:00:00Z,0.546,-9999,-9999,Esperance,-35996.4,MURAT_202002_MRE,12,December,20.4,18.7,26.7
2020-12-06T10:00:00Z,0.592,18.9,-9999,Esperance,-35996.4,MURAT_202002_MRE,12,December,20.4,18.7,26.7
2020-12-06T11:00:00Z,0.66,18.9,-9999,Esperance,-35996.4,MURAT_202002_MRE,12,December,20.4,18.7,26.7
2020-12-06T12:00:00Z,0.719,18.9,-9999,Esperance,-35996.4,MURAT_202002_MRE,12,December,20.4,18.7,26.7
2020-12-06T13:00:00Z,0.798,18.9,-9999,Esperance,-35996.4,MURAT_202002_MRE,12,December,20.4,18.7,26.7
2020-12-06T14:00:00Z,0.894,18.9,-9999,Esperance,-35996.4,MURAT_202002_MRE,12,December,20.4,18.7,26.7
2020-12-06T15:00:00Z,0.94,18.9,-9999,Esperance,-35996.4,MURAT_202002_MRE,12,December,20.4,18.7,26.7
2020-12-06T16:00:00Z,0.986,18.9,-9999,Esperance,-35996.4,MURAT_202002_MRE,12,December,20.4,18.7,26.7
2020-12-06T17:00:00Z,1.015,18.9,-9999,Esperance,-35996.4,MURAT_202002_MRE,12,December,20.4,18.7,26.7
2020-12-06T18:00:00Z,1.004,18.9,-9999,Esperance,-35996.4,MURAT_202002_MRE,12,December,20.4,18.7,26.7
2020-12-06T19:00:00Z,0.969,18.9,-9999,Esperance,-35996.4,MURAT_202002_MRE,12,December,20.4,18.7,26.7
2020-12-06T20:00:00Z,0.931,18.9,-9999,Esperance,-35996.4,MURAT_202002_MRE,12,December,20.4,18.7,26.7
2020-12-06T21:00:00Z,0.859,-9999,-9999,Esperance,-35996.4,MURAT_202002_MRE,12,December,20.4,18.7,26.7
2020-12-06T22:00:00Z,0.766,18.9,-9999,Esperance,-35996.4,MURAT_202002_MRE,12,December,20.4,18.7,26.7
2020-12-06T23:00:00Z,0.701,18.9,-9999,Esperance,-35996.4,MURAT_202002_MRE,12,December,20.4,18.7,26.7
2020-12-07T00:00:00Z,0.616,18.9,-9999,Esperance,-35996.4,MURAT_202002_MRE,12,December,20.4,18.7,26.7
2020-12-07T01:00:00Z,0.528,18.9,-9999,Esperance,-35996.4,MURAT_202002_MRE,12,December,20.4,18.7,26.7
2020-12-07T02:00:00Z,0.531,18.9,-9999,Esperance,-35996.4,MURAT_202002_MRE,12,December,20.4,18.7,26.7
2020-12-07T03:00:00Z,0.497,19.1,-9999,Esperance,-35996.4,MURAT_202002_MRE,12,December,20.4,18.7,26.7
2020-12-07T04:00:00Z,0.431,19.2,-9999,Esperance,-35996.4,MURAT_202002_MRE,12,December,20.4,18.7,26.7
2020-12-07T05:00:00Z,0.487,19.3,-9999,Esperance,-35996.4,MURAT_202002_MRE,12,December,20.4,18.7,26.7
2020-12-07T06:00:00Z,0.474,19.4,-9999,Esperance,-35996.4,MURAT_202002_MRE,12,December,20.4,18.7,26.7
2020-12-07T07:00:00Z,0.459,19.6,-9999,Esperance,-35996.4,MURAT_202002_MRE,12,December,20.4,18.7,26.7
2020-12-07T08:00:00Z,0.512,19.6,-9999,Esperance,-35996.4,MURAT_202002_MRE,12,December,20.4,18.7,26.7
2020-12-07T09:00:00Z,0.561,19.5,-9999,Esperance,-35996.4,MURAT_202002_MRE,12,December,20.4,18.7,26.7
2020-12-07T10:00:00Z,0.584,19.6,-9999,Esperance,-35996.4,MURAT_202002_MRE,12,December,20.4,18.7,26.7
2020-12-07T11:00:00Z,0.671,19.5,-9999,Esperance,-35996.4,MURAT_202002_MRE,12,December,20.4,18.7,26.7
2020-12-07T12:00:00Z,0.694,19.4,-9999,Esperance,-35996.4,MURAT_202002_MRE,12,December,20.4,18.7,26.7
2020-12-07T13:00:00Z,0.731,19.3,-9999,Esperance,-35996.4,MURAT_202002_MRE,12,December,20.4,18.7,26.7
2020-12-07T14:00:00Z,0.776,19.2,-9999,Esperance,-35996.4,MURAT_202002_MRE,12,December,20.4,18.7,26.7
2020-12-07T15:00:00Z,0.798,19.2,-9999,Esperance,-35996.4,MURAT_202002_MRE,12,December,20.4,18.7,26.7
2020-12-07T16:00:00Z,0.81,19.1,-9999,Esperance,-35996.4,MURAT_202002_MRE,12,December,20.4,18.7,26.7
2020-12-07T17:00:00Z,0.845,19.1,-9999,Esperance,-35996.4,MURAT_202002_MRE,12,December,20.4,18.7,26.7
2020-12-07T18:00:00Z,0.828,-9999,-9999,Esperance,-35996.4,MURAT_202002_MRE,12,December,20.4,18.7,26.7
2020-12-07T19:00:00Z,0.855,18.8,-9999,Esperance,-35996.4,MURAT_202002_MRE,12,December,20.4,18.7,26.7
2020-12-07T20:00:00Z,0.82,18.7,-9999,Esperance,-35996.4,MURAT_202002_MRE,12,December,20.4,18.7,26.7
2020-12-07T21:00:00Z,0.785,18.6,-9999,Esperance,-35996.4,MURAT_202002_MRE,12,December,20.4,18.7,26.7
2020-12-07T22:00:00Z,0.782,18.4,-9999,Esperance,-35996.4,MURAT_202002_MRE,12,December,20.4,18.7,26.7
2020-12-07T23:00:00Z,0.725,18.4,-9999,Esperance,-35996.4,MURAT_202002_MRE,12,December,20.4,18.7,26.7
2020-12-08T00:00:00Z,0.643,18.4,-9999,Esperance,-35996.4,MURAT_202002_MRE,12,December,20.4,18.7,26.7
2020-12-08T01:00:00Z,0.634,18.4,-9999,Esperance,-35996.4,MURAT_202002_MRE,12,December,20.4,18.7,26.7
2020-12-08T02:00:00Z,0.554,18.5,-9999,Esperance,-35996.4,MURAT_202002_MRE,12,December,20.4,18.7,26.7
2020-12-08T03:00:00Z,0.507,18.7,-9999,Esperance,-35996.4,MURAT_202002_MRE,12,December,20.4,18.7,26.7
2020-12-08T04:00:00Z,0.473,18.8,-9999,Esperance,-35996.4,MURAT_202002_MRE,12,December,20.4,18.7,26.7
2020-12-08T05:00:00Z,0.457,18.9,-9999,Esperance,-35996.4,MURAT_202002_MRE,12,December,20.4,18.7,26.7
2020-12-08T06:00:00Z,0.471,18.9,-9999,Esperance,-35996.4,MURAT_202002_MRE,12,December,20.4,18.7,26.7
2020-12-08T07:00:00Z,0.48,19.2,-9999,Esperance,-35996.4,MURAT_202002_MRE,12,December,20.4,18.7,26.7
2020-12-08T08:00:00Z,0.513,19.3,-9999,Esperance,-35996.4,MURAT_202002_MRE,12,December,20.4,18.7,26.7
2020-12-08T09:00:00Z,0.598,19.7,-9999,Esperance,-35996.4,MURAT_202002_MRE,12,December,20.4,18.7,26.7
2020-12-08T10:00:00Z,0.649,19.7,-9999,Esperance,-35996.4,MURAT_202002_MRE,12,December,20.4,18.7,26.7
2020-12-08T11:00:00Z,0.693,19.7,-9999,Esperance,-35996.4,MURAT_202002_MRE,12,December,20.4,18.7,26.7
2020-12-08T12:00:00Z,0.736,19.7,-9999,Esperance,-35996.4,MURAT_202002_MRE,12,December,20.4,18.7,26.7
2020-12-08T13:00:00Z,0.787,19.7,-9999,Esperance,-35996.4,MURAT_202002_MRE,12,December,20.4,18.7,26.7
2020-12-08T14:00:00Z,0.767,19.7,-9999,Esperance,-35996.4,MURAT_202002_MRE,12,December,20.4,18.7,26.7
2020-12-08T15:00:00Z,0.757,19.8,-9999,Esperance,-35996.4,MURAT_202002_MRE,12,December,20.4,18.7,26.7
2020-12-08T16:00:00Z,0.761,19.7,-9999,Esperance,-35996.4,MURAT_202002_MRE,12,December,20.4,18.7,26.7
2020-12-08T17:00:00Z,0.751,19.7,-9999,Esperance,-35996.4,MURAT_202002_MRE,12,December,20.4,18.7,26.7
2020-12-08T18:00:00Z,0.737,19.7,-9999,Esperance,-35996.4,MURAT_202002_MRE,12,December,20.4,18.7,26.7
2020-12-08T19:00:00Z,0.773,19.6,-9999,Esperance,-35996.4,MURAT_202002_MRE,12,December,20.4,18.7,26.7
2020-12-08T20:00:00Z,0.768,19.5,-9999,Esperance,-35996.4,MURAT_202002_MRE,12,December,20.4,18.7,26.7
2020-12-08T21:00:00Z,0.776,19.5,-9999,Esperance,-35996.4,MURAT_202002_MRE,12,December,20.4,18.7,26.7
2020-12-08T22:00:00Z,0.797,19.4,-9999,Esperance,-35996.4,MURAT_202002_MRE,12,December,20.4,18.7,26.7
2020-12-08T23:00:00Z,0.805,19.5,-9999,Esperance,-35996.4,MURAT_202002_MRE,12,December,20.4,18.7,26.7
2020-12-09T00:00:00Z,0.764,19.6,-9999,Esperance,-35996.4,MURAT_202002_MRE,12,December,20.4,18.7,26.7
2020-12-09T01:00:00Z,0.743,19.7,-9999,Esperance,-35996.4,MURAT_202002_MRE,12,December,20.4,18.7,26.7
2020-12-09T02:00:00Z,0.687,19.8,-9999,Esperance,-35996.4,MURAT_202002_MRE,12,December,20.4,18.7,26.7
2020-12-09T03:00:00Z,0.633,19.9,-9999,Esperance,-35996.4,MURAT_202002_MRE,12,December,20.4,18.7,26.7
2020-12-09T04:00:00Z,0.516,19.8,-9999,Esperance,-35996.4,MURAT_202002_MRE,12,December,20.4,18.7,26.7
2020-12-09T05:00:00Z,0.504,19.9,-9999,Esperance,-35996.4,MURAT_202002_MRE,12,December,20.4,18.7,26.7
2020-12-09T06:00:00Z,0.458,20,-9999,Esperance,-35996.4,MURAT_202002_MRE,12,December,20.4,18.7,26.7
2020-12-09T07:00:00Z,0.445,20,-9999,Esperance,-35996.4,MURAT_202002_MRE,12,December,20.4,18.7,26.7
2020-12-09T08:00:00Z,0.515,20,-9999,Esperance,-35996.4,MURAT_202002_MRE,12,December,20.4,18.7,26.7
2020-12-09T09:00:00Z,0.574,20,-9999,Esperance,-35996.4,MURAT_202002_MRE,12,December,20.4,18.7,26.7
2020-12-09T10:00:00Z,0.588,20.1,-9999,Esperance,-35996.4,MURAT_202002_MRE,12,December,20.4,18.7,26.7
2020-12-09T11:00:00Z,0.711,-9999,-9999,Esperance,-35996.4,MURAT_202002_MRE,12,December,20.4,18.7,26.7
2020-12-09T12:00:00Z,0.734,-9999,-9999,Esperance,-35996.4,MURAT_202002_MRE,12,December,20.4,18.7,26.7
2020-12-09T13:00:00Z,0.697,20,-9999,Esperance,-35996.4,MURAT_202002_MRE,12,December,20.4,18.7,26.7
2020-12-09T14:00:00Z,0.72,19.9,-9999,Esperance,-35996.4,MURAT_202002_MRE,12,December,20.4,18.7,26.7
2020-12-09T15:00:00Z,0.59,19.9,-9999,Esperance,-35996.4,MURAT_202002_MRE,12,December,20.4,18.7,26.7
2020-12-09T16:00:00Z,0.52,-9999,-9999,Esperance,-35996.4,MURAT_202002_MRE,12,December,20.4,18.7,26.7
2020-12-09T17:00:00Z,0.474,-9999,-9999,Esperance,-35996.4,MURAT_202002_MRE,12,December,20.4,18.7,26.7
2020-12-09T18:00:00Z,0.45,-9999,-9999,Esperance,-35996.4,MURAT_202002_MRE,12,December,20.4,18.7,26.7
2020-12-09T19:00:00Z,0.446,-9999,-9999,Esperance,-35996.4,MURAT_202002_MRE,12,December,20.4,18.7,26.7
2020-12-09T20:00:00Z,0.462,-9999,-9999,Esperance,-35996.4,MURAT_202002_MRE,12,December,20.4,18.7,26.7
2020-12-09T21:00:00Z,0.504,-9999,-9999,Esperance,-35996.4,MURAT_202002_MRE,12,December,20.4,18.7,26.7
2020-12-09T22:00:00Z,0.542,-9999,-9999,Esperance,-35996.4,MURAT_202002_MRE,12,December,20.4,18.7,26.7
2020-12-09T23:00:00Z,0.623,19.6,-9999,Esperance,-35996.4,MURAT_202002_MRE,12,December,20.4,18.7,26.7
2020-12-10T00:00:00Z,0.675,-9999,-9999,Esperance,-35996.4,MURAT_202002_MRE,12,December,20.4,18.7,26.7
2020-12-10T01:00:00Z,0.695,-9999,-9999,Esperance,-35996.4,MURAT_202002_MRE,12,December,20.4,18.7,26.7
2020-12-10T02:00:00Z,0.64,19.7,-9999,Esperance,-35996.4,MURAT_202002_MRE,12,December,20.4,18.7,26.7
2020-12-10T03:00:00Z,0.536,-9999,-9999,Esperance,-35996.4,MURAT_202002_MRE,12,December,20.4,18.7,26.7
2020-12-10T04:00:00Z,0.425,19.9,-9999,Esperance,-35996.4,MURAT_202002_MRE,12,December,20.4,18.7,26.7
2020-12-10T05:00:00Z,0.392,20,-9999,Esperance,-35996.4,MURAT_202002_MRE,12,December,20.4,18.7,26.7
2020-12-10T06:00:00Z,0.358,20,-9999,Esperance,-35996.4,MURAT_202002_MRE,12,December,20.4,18.7,26.7
2020-12-10T07:00:00Z,0.356,20.1,-9999,Esperance,-35996.4,MURAT_202002_MRE,12,December,20.4,18.7,26.7
2020-12-10T08:00:00Z,0.433,20.1,-9999,Esperance,-35996.4,MURAT_202002_MRE,12,December,20.4,18.7,26.7
2020-12-10T09:00:00Z,0.509,20.1,-9999,Esperance,-35996.4,MURAT_202002_MRE,12,December,20.4,18.7,26.7
2020-12-10T10:00:00Z,0.643,20.1,-9999,Esperance,-35996.4,MURAT_202002_MRE,12,December,20.4,18.7,26.7
2020-12-10T11:00:00Z,0.685,20.1,-9999,Esperance,-35996.4,MURAT_202002_MRE,12,December,20.4,18.7,26.7
2020-12-10T12:00:00Z,0.765,20.1,-9999,Esperance,-35996.4,MURAT_202002_MRE,12,December,20.4,18.7,26.7
2020-12-10T13:00:00Z,0.812,20.2,-9999,Esperance,-35996.4,MURAT_202002_MRE,12,December,20.4,18.7,26.7
2020-12-10T14:00:00Z,0.735,-9999,-9999,Esperance,-35996.4,MURAT_202002_MRE,12,December,20.4,18.7,26.7
2020-12-10T15:00:00Z,0.675,20.1,-9999,Esperance,-35996.4,MURAT_202002_MRE,12,December,20.4,18.7,26.7
2020-12-10T16:00:00Z,0.582,20.1,-9999,Esperance,-35996.4,MURAT_202002_MRE,12,December,20.4,18.7,26.7
2020-12-10T17:00:00Z,0.46,20,-9999,Esperance,-35996.4,MURAT_202002_MRE,12,December,20.4,18.7,26.7
2020-12-10T18:00:00Z,0.383,19.9,-9999,Esperance,-35996.4,MURAT_202002_MRE,12,December,20.4,18.7,26.7
2020-12-10T19:00:00Z,0.321,19.9,-9999,Esperance,-35996.4,MURAT_202002_MRE,12,December,20.4,18.7,26.7
2020-12-10T20:00:00Z,0.324,19.8,-9999,Esperance,-35996.4,MURAT_202002_MRE,12,December,20.4,18.7,26.7
2020-12-10T21:00:00Z,0.355,19.7,-9999,Esperance,-35996.4,MURAT_202002_MRE,12,December,20.4,18.7,26.7
2020-12-10T22:00:00Z,0.428,19.7,-9999,Esperance,-35996.4,MURAT_202002_MRE,12,December,20.4,18.7,26.7
2020-12-10T23:00:00Z,0.495,19.7,-9999,Esperance,-35996.4,MURAT_202002_MRE,12,December,20.4,18.7,26.7
2020-12-11T00:00:00Z,0.549,19.7,-9999,Esperance,-35996.4,MURAT_202002_MRE,12,December,20.4,18.7,26.7
2020-12-11T01:00:00Z,0.657,19.7,-9999,Esperance,-35996.4,MURAT_202002_MRE,12,December,20.4,18.7,26.7
2020-12-11T02:00:00Z,0.629,19.7,-9999,Esperance,-35996.4,MURAT_202002_MRE,12,December,20.4,18.7,26.7
2020-12-11T03:00:00Z,0.548,19.7,-9999,Esperance,-35996.4,MURAT_202002_MRE,12,December,20.4,18.7,26.7
2020-12-11T04:00:00Z,0.536,19.7,-9999,Esperance,-35996.4,MURAT_202002_MRE,12,December,20.4,18.7,26.7
2020-12-11T05:00:00Z,0.448,19.8,-9999,Esperance,-35996.4,MURAT_202002_MRE,12,December,20.4,18.7,26.7
2020-12-11T06:00:00Z,0.402,19.8,-9999,Esperance,-35996.4,MURAT_202002_MRE,12,December,20.4,18.7,26.7
2020-12-11T07:00:00Z,0.454,19.8,-9999,Esperance,-35996.4,MURAT_202002_MRE,12,December,20.4,18.7,26.7
2020-12-11T08:00:00Z,0.489,19.8,-9999,Esperance,-35996.4,MURAT_202002_MRE,12,December,20.4,18.7,26.7
2020-12-11T09:00:00Z,0.626,19.9,-9999,Esperance,-35996.4,MURAT_202002_MRE,12,December,20.4,18.7,26.7
2020-12-11T10:00:00Z,0.801,19.9,-9999,Esperance,-35996.4,MURAT_202002_MRE,12,December,20.4,18.7,26.7
2020-12-11T11:00:00Z,0.878,19.9,-9999,Esperance,-35996.4,MURAT_202002_MRE,12,December,20.4,18.7,26.7
2020-12-11T12:00:00Z,0.993,20,-9999,Esperance,-35996.4,MURAT_202002_MRE,12,December,20.4,18.7,26.7
2020-12-11T13:00:00Z,1.066,20,-9999,Esperance,-35996.4,MURAT_202002_MRE,12,December,20.4,18.7,26.7
2020-12-11T14:00:00Z,1.031,20,-9999,Esperance,-35996.4,MURAT_202002_MRE,12,December,20.4,18.7,26.7
2020-12-11T15:00:00Z,0.94,20,-9999,Esperance,-35996.4,MURAT_202002_MRE,12,December,20.4,18.7,26.7
2020-12-11T16:00:00Z,0.841,20,-9999,Esperance,-35996.4,MURAT_202002_MRE,12,December,20.4,18.7,26.7
2020-12-11T17:00:00Z,0.707,20,-9999,Esperance,-35996.4,MURAT_202002_MRE,12,December,20.4,18.7,26.7
2020-12-11T18:00:00Z,0.579,19.9,-9999,Esperance,-35996.4,MURAT_202002_MRE,12,December,20.4,18.7,26.7
2020-12-11T19:00:00Z,0.489,19.9,-9999,Esperance,-35996.4,MURAT_202002_MRE,12,December,20.4,18.7,26.7
2020-12-11T20:00:00Z,0.444,19.9,-9999,Esperance,-35996.4,MURAT_202002_MRE,12,December,20.4,18.7,26.7
2020-12-11T21:00:00Z,0.462,19.8,-9999,Esperance,-35996.4,MURAT_202002_MRE,12,December,20.4,18.7,26.7
2020-12-11T22:00:00Z,0.55,19.8,-9999,Esperance,-35996.4,MURAT_202002_MRE,12,December,20.4,18.7,26.7
2020-12-11T23:00:00Z,0.624,19.8,-9999,Esperance,-35996.4,MURAT_202002_MRE,12,December,20.4,18.7,26.7
2020-12-12T00:00:00Z,0.729,19.8,-9999,Esperance,-35996.4,MURAT_202002_MRE,12,December,20.4,18.7,26.7
2020-12-12T01:00:00Z,0.844,19.8,-9999,Esperance,-35996.4,MURAT_202002_MRE,12,December,20.4,18.7,26.7
2020-12-12T02:00:00Z,0.885,19.8,-9999,Esperance,-35996.4,MURAT_202002_MRE,12,December,20.4,18.7,26.7
2020-12-12T03:00:00Z,0.913,19.8,-9999,Esperance,-35996.4,MURAT_202002_MRE,12,December,20.4,18.7,26.7
2020-12-12T04:00:00Z,0.866,19.8,-9999,Esperance,-35996.4,MURAT_202002_MRE,12,December,20.4,18.7,26.7
2020-12-12T05:00:00Z,0.817,19.9,-9999,Esperance,-35996.4,MURAT_202002_MRE,12,December,20.4,18.7,26.7
2020-12-12T06:00:00Z,0.815,20,-9999,Esperance,-35996.4,MURAT_202002_MRE,12,December,20.4,18.7,26.7
2020-12-12T07:00:00Z,0.753,20.1,-9999,Esperance,-35996.4,MURAT_202002_MRE,12,December,20.4,18.7,26.7
2020-12-12T08:00:00Z,0.803,20.1,-9999,Esperance,-35996.4,MURAT_202002_MRE,12,December,20.4,18.7,26.7
2020-12-12T09:00:00Z,0.984,20.2,-9999,Esperance,-35996.4,MURAT_202002_MRE,12,December,20.4,18.7,26.7
2020-12-12T10:00:00Z,1.096,20.2,-9999,Esperance,-35996.4,MURAT_202002_MRE,12,December,20.4,18.7,26.7
2020-12-12T11:00:00Z,1.233,20.2,-9999,Esperance,-35996.4,MURAT_202002_MRE,12,December,20.4,18.7,26.7
2020-12-12T12:00:00Z,1.399,20.2,-9999,Esperance,-35996.4,MURAT_202002_MRE,12,December,20.4,18.7,26.7
2020-12-12T13:00:00Z,1.477,20.2,-9999,Esperance,-35996.4,MURAT_202002_MRE,12,December,20.4,18.7,26.7
2020-12-12T14:00:00Z,1.461,20.1,-9999,Esperance,-35996.4,MURAT_202002_MRE,12,December,20.4,18.7,26.7
2020-12-12T15:00:00Z,1.418,20.2,-9999,Esperance,-35996.4,MURAT_202002_MRE,12,December,20.4,18.7,26.7
2020-12-12T16:00:00Z,1.289,20.3,-9999,Esperance,-35996.4,MURAT_202002_MRE,12,December,20.4,18.7,26.7
2020-12-12T17:00:00Z,1.117,20.3,-9999,Esperance,-35996.4,MURAT_202002_MRE,12,December,20.4,18.7,26.7
2020-12-12T18:00:00Z,0.953,20.2,-9999,Esperance,-35996.4,MURAT_202002_MRE,12,December,20.4,18.7,26.7
2020-12-12T19:00:00Z,0.77,20.2,-9999,Esperance,-35996.4,MURAT_202002_MRE,12,December,20.4,18.7,26.7
2020-12-12T20:00:00Z,0.628,20.2,-9999,Esperance,-35996.4,MURAT_202002_MRE,12,December,20.4,18.7,26.7
2020-12-12T21:00:00Z,0.621,20.1,-9999,Esperance,-35996.4,MURAT_202002_MRE,12,December,20.4,18.7,26.7
2020-12-12T22:00:00Z,0.635,20.1,-9999,Esperance,-35996.4,MURAT_202002_MRE,12,December,20.4,18.7,26.7
2020-12-12T23:00:00Z,0.668,20.1,-9999,Esperance,-35996.4,MURAT_202002_MRE,12,December,20.4,18.7,26.7
2020-12-13T00:00:00Z,0.778,19.9,-9999,Esperance,-35996.4,MURAT_202002_MRE,12,December,20.4,18.7,26.7
2020-12-13T01:00:00Z,0.919,19.8,-9999,Esperance,-35996.4,MURAT_202002_MRE,12,December,20.4,18.7,26.7
2020-12-13T02:00:00Z,0.956,19.8,-9999,Esperance,-35996.4,MURAT_202002_MRE,12,December,20.4,18.7,26.7
2020-12-13T03:00:00Z,1.002,19.8,-9999,Esperance,-35996.4,MURAT_202002_MRE,12,December,20.4,18.7,26.7
2020-12-13T04:00:00Z,0.976,19.8,-9999,Esperance,-35996.4,MURAT_202002_MRE,12,December,20.4,18.7,26.7
2020-12-13T05:00:00Z,0.92,19.7,-9999,Esperance,-35996.4,MURAT_202002_MRE,12,December,20.4,18.7,26.7
2020-12-13T06:00:00Z,0.901,19.5,-9999,Esperance,-35996.4,MURAT_202002_MRE,12,December,20.4,18.7,26.7
2020-12-13T07:00:00Z,0.868,19.4,-9999,Esperance,-35996.4,MURAT_202002_MRE,12,December,20.4,18.7,26.7
2020-12-13T08:00:00Z,0.891,19.3,-9999,Esperance,-35996.4,MURAT_202002_MRE,12,December,20.4,18.7,26.7
2020-12-13T09:00:00Z,1.013,19.3,-9999,Esperance,-35996.4,MURAT_202002_MRE,12,December,20.4,18.7,26.7
2020-12-13T10:00:00Z,1.122,19.4,-9999,Esperance,-35996.4,MURAT_202002_MRE,12,December,20.4,18.7,26.7
2020-12-13T11:00:00Z,1.29,19.3,-9999,Esperance,-35996.4,MURAT_202002_MRE,12,December,20.4,18.7,26.7
2020-12-13T12:00:00Z,1.427,19.3,-9999,Esperance,-35996.4,MURAT_202002_MRE,12,December,20.4,18.7,26.7
2020-12-13T13:00:00Z,1.556,19.2,-9999,Esperance,-35996.4,MURAT_202002_MRE,12,December,20.4,18.7,26.7
2020-12-13T14:00:00Z,1.576,19.2,-9999,Esperance,-35996.4,MURAT_202002_MRE,12,December,20.4,18.7,26.7
2020-12-13T15:00:00Z,1.541,19.2,-9999,Esperance,-35996.4,MURAT_202002_MRE,12,December,20.4,18.7,26.7
2020-12-13T16:00:00Z,1.449,19.2,-9999,Esperance,-35996.4,MURAT_202002_MRE,12,December,20.4,18.7,26.7
2020-12-13T17:00:00Z,1.276,19.3,-9999,Esperance,-35996.4,MURAT_202002_MRE,12,December,20.4,18.7,26.7
2020-12-13T18:00:00Z,1.092,19.3,-9999,Esperance,-35996.4,MURAT_202002_MRE,12,December,20.4,18.7,26.7
2020-12-13T19:00:00Z,0.914,19.3,-9999,Esperance,-35996.4,MURAT_202002_MRE,12,December,20.4,18.7,26.7
2020-12-13T20:00:00Z,0.718,19.3,-9999,Esperance,-35996.4,MURAT_202002_MRE,12,December,20.4,18.7,26.7
2020-12-13T21:00:00Z,0.635,19.3,-9999,Esperance,-35996.4,MURAT_202002_MRE,12,December,20.4,18.7,26.7
2020-12-13T22:00:00Z,0.598,19.3,-9999,Esperance,-35996.4,MURAT_202002_MRE,12,December,20.4,18.7,26.7
2020-12-13T23:00:00Z,0.62,19.3,-9999,Esperance,-35996.4,MURAT_202002_MRE,12,December,20.4,18.7,26.7
2020-12-14T00:00:00Z,0.676,19.3,-9999,Esperance,-35996.4,MURAT_202002_MRE,12,December,20.4,18.7,26.7
2020-12-14T01:00:00Z,0.775,19.3,-9999,Esperance,-35996.4,MURAT_202002_MRE,12,December,20.4,18.7,26.7
2020-12-14T02:00:00Z,0.85,19.4,-9999,Esperance,-35996.4,MURAT_202002_MRE,12,December,20.4,18.7,26.7
2020-12-14T03:00:00Z,0.888,19.4,-9999,Esperance,-35996.4,MURAT_202002_MRE,12,December,20.4,18.7,26.7
2020-12-14T04:00:00Z,0.907,19.4,-9999,Esperance,-35996.4,MURAT_202002_MRE,12,December,20.4,18.7,26.7
2020-12-14T05:00:00Z,0.897,19.5,-9999,Esperance,-35996.4,MURAT_202002_MRE,12,December,20.4,18.7,26.7
2020-12-14T06:00:00Z,0.841,19.5,-9999,Esperance,-35996.4,MURAT_202002_MRE,12,December,20.4,18.7,26.7
2020-12-14T07:00:00Z,0.824,19.6,-9999,Esperance,-35996.4,MURAT_202002_MRE,12,December,20.4,18.7,26.7
2020-12-14T08:00:00Z,0.814,19.6,-9999,Esperance,-35996.4,MURAT_202002_MRE,12,December,20.4,18.7,26.7
2020-12-14T09:00:00Z,0.897,19.7,-9999,Esperance,-35996.4,MURAT_202002_MRE,12,December,20.4,18.7,26.7
2020-12-14T10:00:00Z,1.021,19.6,-9999,Esperance,-35996.4,MURAT_202002_MRE,12,December,20.4,18.7,26.7
2020-12-14T11:00:00Z,1.155,19.6,-9999,Esperance,-35996.4,MURAT_202002_MRE,12,December,20.4,18.7,26.7
2020-12-14T12:00:00Z,1.3,19.6,-9999,Esperance,-35996.4,MURAT_202002_MRE,12,December,20.4,18.7,26.7
2020-12-14T13:00:00Z,1.46,19.6,-9999,Esperance,-35996.4,MURAT_202002_MRE,12,December,20.4,18.7,26.7
2020-12-14T14:00:00Z,1.502,19.5,-9999,Esperance,-35996.4,MURAT_202002_MRE,12,December,20.4,18.7,26.7
2020-12-14T15:00:00Z,1.491,19.5,-9999,Esperance,-35996.4,MURAT_202002_MRE,12,December,20.4,18.7,26.7
2020-12-14T16:00:00Z,1.469,19.5,-9999,Esperance,-35996.4,MURAT_202002_MRE,12,December,20.4,18.7,26.7
2020-12-14T17:00:00Z,1.323,19.5,-9999,Esperance,-35996.4,MURAT_202002_MRE,12,December,20.4,18.7,26.7
2020-12-14T18:00:00Z,1.114,19.5,-9999,Esperance,-35996.4,MURAT_202002_MRE,12,December,20.4,18.7,26.7
2020-12-14T19:00:00Z,0.946,19.5,-9999,Esperance,-35996.4,MURAT_202002_MRE,12,December,20.4,18.7,26.7
2020-12-14T20:00:00Z,0.72,19.5,-9999,Esperance,-35996.4,MURAT_202002_MRE,12,December,20.4,18.7,26.7
2020-12-14T21:00:00Z,0.562,19.5,-9999,Esperance,-35996.4,MURAT_202002_MRE,12,December,20.4,18.7,26.7
2020-12-14T22:00:00Z,0.487,19.5,-9999,Esperance,-35996.4,MURAT_202002_MRE,12,December,20.4,18.7,26.7
2020-12-14T23:00:00Z,0.457,19.5,-9999,Esperance,-35996.4,MURAT_202002_MRE,12,December,20.4,18.7,26.7
2020-12-15T00:00:00Z,0.468,19.5,-9999,Esperance,-35996.4,MURAT_202002_MRE,12,December,20.4,18.7,26.7
2020-12-15T01:00:00Z,0.525,19.5,-9999,Esperance,-35996.4,MURAT_202002_MRE,12,December,20.4,18.7,26.7
2020-12-15T02:00:00Z,0.588,19.6,-9999,Esperance,-35996.4,MURAT_202002_MRE,12,December,20.4,18.7,26.7
2020-12-15T03:00:00Z,0.635,19.6,-9999,Esperance,-35996.4,MURAT_202002_MRE,12,December,20.4,18.7,26.7
2020-12-15T04:00:00Z,0.672,19.7,-9999,Esperance,-35996.4,MURAT_202002_MRE,12,December,20.4,18.7,26.7
2020-12-15T05:00:00Z,0.722,19.7,-9999,Esperance,-35996.4,MURAT_202002_MRE,12,December,20.4,18.7,26.7
2020-12-15T06:00:00Z,0.672,19.7,-9999,Esperance,-35996.4,MURAT_202002_MRE,12,December,20.4,18.7,26.7
2020-12-15T07:00:00Z,0.669,19.8,-9999,Esperance,-35996.4,MURAT_202002_MRE,12,December,20.4,18.7,26.7
2020-12-15T08:00:00Z,0.681,19.8,-9999,Esperance,-35996.4,MURAT_202002_MRE,12,December,20.4,18.7,26.7
2020-12-15T09:00:00Z,0.745,19.8,-9999,Esperance,-35996.4,MURAT_202002_MRE,12,December,20.4,18.7,26.7
2020-12-15T10:00:00Z,0.867,19.9,-9999,Esperance,-35996.4,MURAT_202002_MRE,12,December,20.4,18.7,26.7
2020-12-15T11:00:00Z,1.002,19.9,-9999,Esperance,-35996.4,MURAT_202002_MRE,12,December,20.4,18.7,26.7
2020-12-15T12:00:00Z,1.172,19.9,-9999,Esperance,-35996.4,MURAT_202002_MRE,12,December,20.4,18.7,26.7
2020-12-15T13:00:00Z,1.322,19.9,-9999,Esperance,-35996.4,MURAT_202002_MRE,12,December,20.4,18.7,26.7
2020-12-15T14:00:00Z,1.374,19.8,-9999,Esperance,-35996.4,MURAT_202002_MRE,12,December,20.4,18.7,26.7
2020-12-15T15:00:00Z,1.429,19.7,-9999,Esperance,-35996.4,MURAT_202002_MRE,12,December,20.4,18.7,26.7
2020-12-15T16:00:00Z,1.406,19.7,-9999,Esperance,-35996.4,MURAT_202002_MRE,12,December,20.4,18.7,26.7
2020-12-15T17:00:00Z,1.318,19.6,-9999,Esperance,-35996.4,MURAT_202002_MRE,12,December,20.4,18.7,26.7
2020-12-15T18:00:00Z,1.151,19.6,-9999,Esperance,-35996.4,MURAT_202002_MRE,12,December,20.4,18.7,26.7
2020-12-15T19:00:00Z,0.991,19.6,-9999,Esperance,-35996.4,MURAT_202002_MRE,12,December,20.4,18.7,26.7
2020-12-15T20:00:00Z,0.807,19.6,-9999,Esperance,-35996.4,MURAT_202002_MRE,12,December,20.4,18.7,26.7
2020-12-15T21:00:00Z,0.62,19.6,-9999,Esperance,-35996.4,MURAT_202002_MRE,12,December,20.4,18.7,26.7
2020-12-15T22:00:00Z,0.509,19.5,-9999,Esperance,-35996.4,MURAT_202002_MRE,12,December,20.4,18.7,26.7
2020-12-15T23:00:00Z,0.439,19.5,-9999,Esperance,-35996.4,MURAT_202002_MRE,12,December,20.4,18.7,26.7
2020-12-16T00:00:00Z,0.422,19.5,-9999,Esperance,-35996.4,MURAT_202002_MRE,12,December,20.4,18.7,26.7
2020-12-16T01:00:00Z,0.474,19.5,-9999,Esperance,-35996.4,MURAT_202002_MRE,12,December,20.4,18.7,26.7
2020-12-16T02:00:00Z,0.514,19.5,-9999,Esperance,-35996.4,MURAT_202002_MRE,12,December,20.4,18.7,26.7
2020-12-16T03:00:00Z,0.576,19.6,-9999,Esperance,-35996.4,MURAT_202002_MRE,12,December,20.4,18.7,26.7
2020-12-16T04:00:00Z,0.577,19.7,-9999,Esperance,-35996.4,MURAT_202002_MRE,12,December,20.4,18.7,26.7
2020-12-16T05:00:00Z,0.637,19.7,-9999,Esperance,-35996.4,MURAT_202002_MRE,12,December,20.4,18.7,26.7
2020-12-16T06:00:00Z,0.635,19.8,-9999,Esperance,-35996.4,MURAT_202002_MRE,12,December,20.4,18.7,26.7
2020-12-16T07:00:00Z,0.612,19.9,-9999,Esperance,-35996.4,MURAT_202002_MRE,12,December,20.4,18.7,26.7
2020-12-16T08:00:00Z,0.663,19.9,-9999,Esperance,-35996.4,MURAT_202002_MRE,12,December,20.4,18.7,26.7
2020-12-16T09:00:00Z,0.715,20,-9999,Esperance,-35996.4,MURAT_202002_MRE,12,December,20.4,18.7,26.7
2020-12-16T10:00:00Z,0.778,19.9,-9999,Esperance,-35996.4,MURAT_202002_MRE,12,December,20.4,18.7,26.7
2020-12-16T11:00:00Z,0.937,19.9,-9999,Esperance,-35996.4,MURAT_202002_MRE,12,December,20.4,18.7,26.7
2020-12-16T12:00:00Z,1.081,19.9,-9999,Esperance,-35996.4,MURAT_202002_MRE,12,December,20.4,18.7,26.7
2020-12-16T13:00:00Z,1.239,19.9,-9999,Esperance,-35996.4,MURAT_202002_MRE,12,December,20.4,18.7,26.7
2020-12-16T14:00:00Z,1.306,19.9,-9999,Esperance,-35996.4,MURAT_202002_MRE,12,December,20.4,18.7,26.7
2020-12-16T15:00:00Z,1.352,19.9,-9999,Esperance,-35996.4,MURAT_202002_MRE,12,December,20.4,18.7,26.7
2020-12-16T16:00:00Z,1.37,19.8,-9999,Esperance,-35996.4,MURAT_202002_MRE,12,December,20.4,18.7,26.7
2020-12-16T17:00:00Z,1.328,19.8,-9999,Esperance,-35996.4,MURAT_202002_MRE,12,December,20.4,18.7,26.7
2020-12-16T18:00:00Z,1.21,19.8,-9999,Esperance,-35996.4,MURAT_202002_MRE,12,December,20.4,18.7,26.7
2020-12-16T19:00:00Z,1.058,19.7,-9999,Esperance,-35996.4,MURAT_202002_MRE,12,December,20.4,18.7,26.7
2020-12-16T20:00:00Z,0.906,19.7,-9999,Esperance,-35996.4,MURAT_202002_MRE,12,December,20.4,18.7,26.7
2020-12-16T21:00:00Z,0.755,19.7,-9999,Esperance,-35996.4,MURAT_202002_MRE,12,December,20.4,18.7,26.7
2020-12-16T22:00:00Z,0.587,19.7,-9999,Esperance,-35996.4,MURAT_202002_MRE,12,December,20.4,18.7,26.7
2020-12-16T23:00:00Z,0.504,19.7,-9999,Esperance,-35996.4,MURAT_202002_MRE,12,December,20.4,18.7,26.7
2020-12-17T00:00:00Z,0.46,19.6,-9999,Esperance,-35996.4,MURAT_202002_MRE,12,December,20.4,18.7,26.7
2020-12-17T01:00:00Z,0.472,19.7,-9999,Esperance,-35996.4,MURAT_202002_MRE,12,December,20.4,18.7,26.7
2020-12-17T02:00:00Z,0.482,19.9,-9999,Esperance,-35996.4,MURAT_202002_MRE,12,December,20.4,18.7,26.7
2020-12-17T03:00:00Z,0.488,20,-9999,Esperance,-35996.4,MURAT_202002_MRE,12,December,20.4,18.7,26.7
2020-12-17T04:00:00Z,0.494,20.1,-9999,Esperance,-35996.4,MURAT_202002_MRE,12,December,20.4,18.7,26.7
2020-12-17T05:00:00Z,0.511,20.1,-9999,Esperance,-35996.4,MURAT_202002_MRE,12,December,20.4,18.7,26.7
2020-12-17T06:00:00Z,0.551,20.2,-9999,Esperance,-35996.4,MURAT_202002_MRE,12,December,20.4,18.7,26.7
2020-12-17T07:00:00Z,0.54,20.2,-9999,Esperance,-35996.4,MURAT_202002_MRE,12,December,20.4,18.7,26.7
2020-12-17T08:00:00Z,0.548,20.3,-9999,Esperance,-35996.4,MURAT_202002_MRE,12,December,20.4,18.7,26.7
2020-12-17T09:00:00Z,0.663,20.4,-9999,Esperance,-35996.4,MURAT_202002_MRE,12,December,20.4,18.7,26.7
2020-12-17T10:00:00Z,0.705,20.4,-9999,Esperance,-35996.4,MURAT_202002_MRE,12,December,20.4,18.7,26.7
2020-12-17T11:00:00Z,0.797,20.4,-9999,Esperance,-35996.4,MURAT_202002_MRE,12,December,20.4,18.7,26.7
2020-12-17T12:00:00Z,0.962,20.4,-9999,Esperance,-35996.4,MURAT_202002_MRE,12,December,20.4,18.7,26.7
2020-12-17T13:00:00Z,1.083,20.3,-9999,Esperance,-35996.4,MURAT_202002_MRE,12,December,20.4,18.7,26.7
2020-12-17T14:00:00Z,1.19,20.3,-9999,Esperance,-35996.4,MURAT_202002_MRE,12,December,20.4,18.7,26.7
2020-12-17T15:00:00Z,1.249,20.3,-9999,Esperance,-35996.4,MURAT_202002_MRE,12,December,20.4,18.7,26.7
2020-12-17T16:00:00Z,1.275,20.3,-9999,Esperance,-35996.4,MURAT_202002_MRE,12,December,20.4,18.7,26.7
2020-12-17T17:00:00Z,1.282,20.3,-9999,Esperance,-35996.4,MURAT_202002_MRE,12,December,20.4,18.7,26.7
2020-12-17T18:00:00Z,1.174,20.2,-9999,Esperance,-35996.4,MURAT_202002_MRE,12,December,20.4,18.7,26.7
2020-12-17T19:00:00Z,1.083,20.2,-9999,Esperance,-35996.4,MURAT_202002_MRE,12,December,20.4,18.7,26.7
2020-12-17T20:00:00Z,0.972,20.2,-9999,Esperance,-35996.4,MURAT_202002_MRE,12,December,20.4,18.7,26.7
2020-12-17T21:00:00Z,0.812,20.2,-9999,Esperance,-35996.4,MURAT_202002_MRE,12,December,20.4,18.7,26.7
2020-12-17T22:00:00Z,0.698,20.1,-9999,Esperance,-35996.4,MURAT_202002_MRE,12,December,20.4,18.7,26.7
2020-12-17T23:00:00Z,0.613,20.1,-9999,Esperance,-35996.4,MURAT_202002_MRE,12,December,20.4,18.7,26.7
2020-12-18T00:00:00Z,0.543,20.1,-9999,Esperance,-35996.4,MURAT_202002_MRE,12,December,20.4,18.7,26.7
2020-12-18T01:00:00Z,0.514,20.1,-9999,Esperance,-35996.4,MURAT_202002_MRE,12,December,20.4,18.7,26.7
2020-12-18T02:00:00Z,0.561,20.1,-9999,Esperance,-35996.4,MURAT_202002_MRE,12,December,20.4,18.7,26.7
2020-12-18T03:00:00Z,0.544,20.2,-9999,Esperance,-35996.4,MURAT_202002_MRE,12,December,20.4,18.7,26.7
2020-12-18T04:00:00Z,0.476,20.2,-9999,Esperance,-35996.4,MURAT_202002_MRE,12,December,20.4,18.7,26.7
2020-12-18T05:00:00Z,0.491,-9999,-9999,Esperance,-35996.4,MURAT_202002_MRE,12,December,20.4,18.7,26.7
2020-12-18T06:00:00Z,0.48,-9999,-9999,Esperance,-35996.4,MURAT_202002_MRE,12,December,20.4,18.7,26.7
2020-12-18T07:00:00Z,0.485,-9999,-9999,Esperance,-35996.4,MURAT_202002_MRE,12,December,20.4,18.7,26.7
2020-12-18T08:00:00Z,0.505,-9999,-9999,Esperance,-35996.4,MURAT_202002_MRE,12,December,20.4,18.7,26.7
2020-12-18T09:00:00Z,0.545,-9999,-9999,Esperance,-35996.4,MURAT_202002_MRE,12,December,20.4,18.7,26.7
2020-12-18T10:00:00Z,0.632,-9999,-9999,Esperance,-35996.4,MURAT_202002_MRE,12,December,20.4,18.7,26.7
2020-12-18T11:00:00Z,0.724,-9999,-9999,Esperance,-35996.4,MURAT_202002_MRE,12,December,20.4,18.7,26.7
2020-12-18T12:00:00Z,0.832,-9999,-9999,Esperance,-35996.4,MURAT_202002_MRE,12,December,20.4,18.7,26.7
2020-12-18T13:00:00Z,0.948,20.4,-9999,Esperance,-35996.4,MURAT_202002_MRE,12,December,20.4,18.7,26.7
2020-12-18T14:00:00Z,1.013,20.5,-9999,Esperance,-35996.4,MURAT_202002_MRE,12,December,20.4,18.7,26.7
2020-12-18T15:00:00Z,1.113,20.5,-9999,Esperance,-35996.4,MURAT_202002_MRE,12,December,20.4,18.7,26.7
2020-12-18T16:00:00Z,1.147,20.4,-9999,Esperance,-35996.4,MURAT_202002_MRE,12,December,20.4,18.7,26.7
2020-12-18T17:00:00Z,1.132,-9999,-9999,Esperance,-35996.4,MURAT_202002_MRE,12,December,20.4,18.7,26.7
2020-12-18T18:00:00Z,1.086,-9999,-9999,Esperance,-35996.4,MURAT_202002_MRE,12,December,20.4,18.7,26.7
2020-12-18T19:00:00Z,1.006,-9999,-9999,Esperance,-35996.4,MURAT_202002_MRE,12,December,20.4,18.7,26.7
2020-12-18T20:00:00Z,0.92,-9999,-9999,Esperance,-35996.4,MURAT_202002_MRE,12,December,20.4,18.7,26.7
2020-12-18T21:00:00Z,0.822,-9999,-9999,Esperance,-35996.4,MURAT_202002_MRE,12,December,20.4,18.7,26.7
2020-12-18T22:00:00Z,0.73,-9999,-9999,Esperance,-35996.4,MURAT_202002_MRE,12,December,20.4,18.7,26.7
2020-12-18T23:00:00Z,0.664,20.1,-9999,Esperance,-35996.4,MURAT_202002_MRE,12,December,20.4,18.7,26.7
2020-12-19T00:00:00Z,0.616,-9999,-9999,Esperance,-35996.4,MURAT_202002_MRE,12,December,20.4,18.7,26.7
2020-12-19T01:00:00Z,0.594,-9999,-9999,Esperance,-35996.4,MURAT_202002_MRE,12,December,20.4,18.7,26.7
2020-12-19T02:00:00Z,0.583,20.1,-9999,Esperance,-35996.4,MURAT_202002_MRE,12,December,20.4,18.7,26.7
2020-12-19T03:00:00Z,0.555,20.2,-9999,Esperance,-35996.4,MURAT_202002_MRE,12,December,20.4,18.7,26.7
2020-12-19T04:00:00Z,0.51,20.3,-9999,Esperance,-35996.4,MURAT_202002_MRE,12,December,20.4,18.7,26.7
2020-12-19T05:00:00Z,0.529,20.5,-9999,Esperance,-35996.4,MURAT_202002_MRE,12,December,20.4,18.7,26.7
2020-12-19T06:00:00Z,0.514,20.6,-9999,Esperance,-35996.4,MURAT_202002_MRE,12,December,20.4,18.7,26.7
2020-12-19T07:00:00Z,0.456,20.6,-9999,Esperance,-35996.4,MURAT_202002_MRE,12,December,20.4,18.7,26.7
2020-12-19T08:00:00Z,0.494,20.9,-9999,Esperance,-35996.4,MURAT_202002_MRE,12,December,20.4,18.7,26.7
2020-12-19T09:00:00Z,0.568,20.8,-9999,Esperance,-35996.4,MURAT_202002_MRE,12,December,20.4,18.7,26.7
2020-12-19T10:00:00Z,0.573,20.8,-9999,Esperance,-35996.4,MURAT_202002_MRE,12,December,20.4,18.7,26.7
2020-12-19T11:00:00Z,0.656,20.9,-9999,Esperance,-35996.4,MURAT_202002_MRE,12,December,20.4,18.7,26.7
2020-12-19T12:00:00Z,0.751,20.8,-9999,Esperance,-35996.4,MURAT_202002_MRE,12,December,20.4,18.7,26.7
2020-12-19T13:00:00Z,0.839,20.6,-9999,Esperance,-35996.4,MURAT_202002_MRE,12,December,20.4,18.7,26.7
2020-12-19T14:00:00Z,0.933,20.6,-9999,Esperance,-35996.4,MURAT_202002_MRE,12,December,20.4,18.7,26.7
2020-12-19T15:00:00Z,0.997,20.5,-9999,Esperance,-35996.4,MURAT_202002_MRE,12,December,20.4,18.7,26.7
2020-12-19T16:00:00Z,1.021,-9999,-9999,Esperance,-35996.4,MURAT_202002_MRE,12,December,20.4,18.7,26.7
2020-12-19T17:00:00Z,1.048,20.4,-9999,Esperance,-35996.4,MURAT_202002_MRE,12,December,20.4,18.7,26.7
2020-12-19T18:00:00Z,1.032,20.4,-9999,Esperance,-35996.4,MURAT_202002_MRE,12,December,20.4,18.7,26.7
2020-12-19T19:00:00Z,0.944,-9999,-9999,Esperance,-35996.4,MURAT_202002_MRE,12,December,20.4,18.7,26.7
2020-12-19T20:00:00Z,0.881,20.4,-9999,Esperance,-35996.4,MURAT_202002_MRE,12,December,20.4,18.7,26.7
2020-12-19T21:00:00Z,0.823,-9999,-9999,Esperance,-35996.4,MURAT_202002_MRE,12,December,20.4,18.7,26.7
2020-12-19T22:00:00Z,0.737,20.4,-9999,Esperance,-35996.4,MURAT_202002_MRE,12,December,20.4,18.7,26.7
2020-12-19T23:00:00Z,0.679,20.4,-9999,Esperance,-35996.4,MURAT_202002_MRE,12,December,20.4,18.7,26.7
2020-12-20T00:00:00Z,0.637,20.3,-9999,Esperance,-35996.4,MURAT_202002_MRE,12,December,20.4,18.7,26.7
2020-12-20T01:00:00Z,0.626,20.3,-9999,Esperance,-35996.4,MURAT_202002_MRE,12,December,20.4,18.7,26.7
2020-12-20T02:00:00Z,0.602,20.4,-9999,Esperance,-35996.4,MURAT_202002_MRE,12,December,20.4,18.7,26.7
2020-12-20T03:00:00Z,0.606,20.6,-9999,Esperance,-35996.4,MURAT_202002_MRE,12,December,20.4,18.7,26.7
2020-12-20T04:00:00Z,0.6,20.6,-9999,Esperance,-35996.4,MURAT_202002_MRE,12,December,20.4,18.7,26.7
2020-12-20T05:00:00Z,0.578,20.6,-9999,Esperance,-35996.4,MURAT_202002_MRE,12,December,20.4,18.7,26.7
2020-12-20T06:00:00Z,0.572,20.9,-9999,Esperance,-35996.4,MURAT_202002_MRE,12,December,20.4,18.7,26.7
2020-12-20T07:00:00Z,0.545,21,-9999,Esperance,-35996.4,MURAT_202002_MRE,12,December,20.4,18.7,26.7
2020-12-20T08:00:00Z,0.523,21,-9999,Esperance,-35996.4,MURAT_202002_MRE,12,December,20.4,18.7,26.7
2020-12-20T09:00:00Z,0.595,20.9,-9999,Esperance,-35996.4,MURAT_202002_MRE,12,December,20.4,18.7,26.7
2020-12-20T10:00:00Z,0.623,20.8,-9999,Esperance,-35996.4,MURAT_202002_MRE,12,December,20.4,18.7,26.7
2020-12-20T11:00:00Z,0.65,20.7,-9999,Esperance,-35996.4,MURAT_202002_MRE,12,December,20.4,18.7,26.7
2020-12-20T12:00:00Z,0.726,20.6,-9999,Esperance,-35996.4,MURAT_202002_MRE,12,December,20.4,18.7,26.7
2020-12-20T13:00:00Z,0.81,20.6,-9999,Esperance,-35996.4,MURAT_202002_MRE,12,December,20.4,18.7,26.7
2020-12-20T14:00:00Z,0.84,20.5,-9999,Esperance,-35996.4,MURAT_202002_MRE,12,December,20.4,18.7,26.7
2020-12-20T15:00:00Z,0.896,20.5,-9999,Esperance,-35996.4,MURAT_202002_MRE,12,December,20.4,18.7,26.7
2020-12-20T16:00:00Z,0.947,20.4,-9999,Esperance,-35996.4,MURAT_202002_MRE,12,December,20.4,18.7,26.7
2020-12-20T17:00:00Z,0.966,20.4,-9999,Esperance,-35996.4,MURAT_202002_MRE,12,December,20.4,18.7,26.7
2020-12-20T18:00:00Z,0.911,20.3,-9999,Esperance,-35996.4,MURAT_202002_MRE,12,December,20.4,18.7,26.7
2020-12-20T19:00:00Z,0.893,20.3,-9999,Esperance,-35996.4,MURAT_202002_MRE,12,December,20.4,18.7,26.7
2020-12-20T20:00:00Z,0.835,20.3,-9999,Esperance,-35996.4,MURAT_202002_MRE,12,December,20.4,18.7,26.7
2020-12-20T21:00:00Z,0.753,20.2,-9999,Esperance,-35996.4,MURAT_202002_MRE,12,December,20.4,18.7,26.7
2020-12-20T22:00:00Z,0.697,20.2,-9999,Esperance,-35996.4,MURAT_202002_MRE,12,December,20.4,18.7,26.7
2020-12-20T23:00:00Z,0.655,20.2,-9999,Esperance,-35996.4,MURAT_202002_MRE,12,December,20.4,18.7,26.7
2020-12-21T00:00:00Z,0.615,20.2,-9999,Esperance,-35996.4,MURAT_202002_MRE,12,December,20.4,18.7,26.7
2020-12-21T01:00:00Z,0.589,20.2,-9999,Esperance,-35996.4,MURAT_202002_MRE,12,December,20.4,18.7,26.7
2020-12-21T02:00:00Z,0.602,20.2,-9999,Esperance,-35996.4,MURAT_202002_MRE,12,December,20.4,18.7,26.7
2020-12-21T03:00:00Z,0.622,20.3,-9999,Esperance,-35996.4,MURAT_202002_MRE,12,December,20.4,18.7,26.7
2020-12-21T04:00:00Z,0.583,20.3,-9999,Esperance,-35996.4,MURAT_202002_MRE,12,December,20.4,18.7,26.7
2020-12-21T05:00:00Z,0.604,20.3,-9999,Esperance,-35996.4,MURAT_202002_MRE,12,December,20.4,18.7,26.7
2020-12-21T06:00:00Z,0.577,20.5,-9999,Esperance,-35996.4,MURAT_202002_MRE,12,December,20.4,18.7,26.7
2020-12-21T07:00:00Z,0.55,20.2,-9999,Esperance,-35996.4,MURAT_202002_MRE,12,December,20.4,18.7,26.7
2020-12-21T08:00:00Z,0.545,20.3,-9999,Esperance,-35996.4,MURAT_202002_MRE,12,December,20.4,18.7,26.7
2020-12-21T09:00:00Z,0.573,20.4,-9999,Esperance,-35996.4,MURAT_202002_MRE,12,December,20.4,18.7,26.7
2020-12-21T10:00:00Z,0.617,20.4,-9999,Esperance,-35996.4,MURAT_202002_MRE,12,December,20.4,18.7,26.7
2020-12-21T11:00:00Z,0.622,20.3,-9999,Esperance,-35996.4,MURAT_202002_MRE,12,December,20.4,18.7,26.7
2020-12-21T12:00:00Z,0.671,20.3,-9999,Esperance,-35996.4,MURAT_202002_MRE,12,December,20.4,18.7,26.7
2020-12-21T13:00:00Z,0.738,20.2,-9999,Esperance,-35996.4,MURAT_202002_MRE,12,December,20.4,18.7,26.7
2020-12-21T14:00:00Z,0.729,20.2,-9999,Esperance,-35996.4,MURAT_202002_MRE,12,December,20.4,18.7,26.7
2020-12-21T15:00:00Z,0.771,20.6,-9999,Esperance,-35996.4,MURAT_202002_MRE,12,December,20.4,18.7,26.7
2020-12-21T16:00:00Z,0.808,20.5,-9999,Esperance,-35996.4,MURAT_202002_MRE,12,December,20.4,18.7,26.7
2020-12-21T17:00:00Z,0.818,20.4,-9999,Esperance,-35996.4,MURAT_202002_MRE,12,December,20.4,18.7,26.7
2020-12-21T18:00:00Z,0.771,20.2,-9999,Esperance,-35996.4,MURAT_202002_MRE,12,December,20.4,18.7,26.7
2020-12-21T19:00:00Z,0.756,20.2,-9999,Esperance,-35996.4,MURAT_202002_MRE,12,December,20.4,18.7,26.7
2020-12-21T20:00:00Z,0.721,20.1,-9999,Esperance,-35996.4,MURAT_202002_MRE,12,December,20.4,18.7,26.7
2020-12-21T21:00:00Z,0.636,20.1,-9999,Esperance,-35996.4,MURAT_202002_MRE,12,December,20.4,18.7,26.7
2020-12-21T22:00:00Z,0.603,20.1,-9999,Esperance,-35996.4,MURAT_202002_MRE,12,December,20.4,18.7,26.7
2020-12-21T23:00:00Z,0.572,20.1,-9999,Esperance,-35996.4,MURAT_202002_MRE,12,December,20.4,18.7,26.7
2020-12-22T00:00:00Z,0.533,20.1,-9999,Esperance,-35996.4,MURAT_202002_MRE,12,December,20.4,18.7,26.7
2020-12-22T01:00:00Z,0.539,20.1,-9999,Esperance,-35996.4,MURAT_202002_MRE,12,December,20.4,18.7,26.7
2020-12-22T02:00:00Z,0.549,20.2,-9999,Esperance,-35996.4,MURAT_202002_MRE,12,December,20.4,18.7,26.7
2020-12-22T03:00:00Z,0.548,-9999,-9999,Esperance,-35996.4,MURAT_202002_MRE,12,December,20.4,18.7,26.7
2020-12-22T04:00:00Z,0.528,-9999,-9999,Esperance,-35996.4,MURAT_202002_MRE,12,December,20.4,18.7,26.7
2020-12-22T05:00:00Z,0.558,-9999,-9999,Esperance,-35996.4,MURAT_202002_MRE,12,December,20.4,18.7,26.7
2020-12-22T06:00:00Z,0.558,-9999,-9999,Esperance,-35996.4,MURAT_202002_MRE,12,December,20.4,18.7,26.7
2020-12-22T07:00:00Z,0.572,-9999,-9999,Esperance,-35996.4,MURAT_202002_MRE,12,December,20.4,18.7,26.7
2020-12-22T08:00:00Z,0.552,-9999,-9999,Esperance,-35996.4,MURAT_202002_MRE,12,December,20.4,18.7,26.7
2020-12-22T09:00:00Z,0.584,-9999,-9999,Esperance,-35996.4,MURAT_202002_MRE,12,December,20.4,18.7,26.7
2020-12-22T10:00:00Z,0.647,-9999,-9999,Esperance,-35996.4,MURAT_202002_MRE,12,December,20.4,18.7,26.7
2020-12-22T11:00:00Z,0.638,-9999,-9999,Esperance,-35996.4,MURAT_202002_MRE,12,December,20.4,18.7,26.7
2020-12-22T12:00:00Z,0.663,-9999,-9999,Esperance,-35996.4,MURAT_202002_MRE,12,December,20.4,18.7,26.7
2020-12-22T13:00:00Z,0.702,-9999,-9999,Esperance,-35996.4,MURAT_202002_MRE,12,December,20.4,18.7,26.7
2020-12-22T14:00:00Z,0.682,-9999,-9999,Esperance,-35996.4,MURAT_202002_MRE,12,December,20.4,18.7,26.7
2020-12-22T15:00:00Z,0.666,-9999,-9999,Esperance,-35996.4,MURAT_202002_MRE,12,December,20.4,18.7,26.7
2020-12-22T16:00:00Z,0.683,-9999,-9999,Esperance,-35996.4,MURAT_202002_MRE,12,December,20.4,18.7,26.7
2020-12-22T17:00:00Z,0.689,-9999,-9999,Esperance,-35996.4,MURAT_202002_MRE,12,December,20.4,18.7,26.7
2020-12-22T18:00:00Z,0.64,-9999,-9999,Esperance,-35996.4,MURAT_202002_MRE,12,December,20.4,18.7,26.7
2020-12-22T19:00:00Z,0.629,-9999,-9999,Esperance,-35996.4,MURAT_202002_MRE,12,December,20.4,18.7,26.7
2020-12-22T20:00:00Z,0.615,-9999,-9999,Esperance,-35996.4,MURAT_202002_MRE,12,December,20.4,18.7,26.7
2020-12-22T21:00:00Z,0.548,-9999,-9999,Esperance,-35996.4,MURAT_202002_MRE,12,December,20.4,18.7,26.7
2020-12-22T22:00:00Z,0.529,-9999,-9999,Esperance,-35996.4,MURAT_202002_MRE,12,December,20.4,18.7,26.7
2020-12-22T23:00:00Z,0.513,-9999,-9999,Esperance,-35996.4,MURAT_202002_MRE,12,December,20.4,18.7,26.7
2020-12-23T00:00:00Z,0.496,-9999,-9999,Esperance,-35996.4,MURAT_202002_MRE,12,December,20.4,18.7,26.7
2020-12-23T01:00:00Z,0.507,-9999,-9999,Esperance,-35996.4,MURAT_202002_MRE,12,December,20.4,18.7,26.7
2020-12-23T02:00:00Z,0.501,-9999,-9999,Esperance,-35996.4,MURAT_202002_MRE,12,December,20.4,18.7,26.7
2020-12-23T03:00:00Z,0.525,-9999,-9999,Esperance,-35996.4,MURAT_202002_MRE,12,December,20.4,18.7,26.7
2020-12-23T04:00:00Z,0.51,-9999,-9999,Esperance,-35996.4,MURAT_202002_MRE,12,December,20.4,18.7,26.7
2020-12-23T05:00:00Z,0.503,-9999,-9999,Esperance,-35996.4,MURAT_202002_MRE,12,December,20.4,18.7,26.7
2020-12-23T06:00:00Z,0.544,-9999,-9999,Esperance,-35996.4,MURAT_202002_MRE,12,December,20.4,18.7,26.7
2020-12-23T07:00:00Z,0.545,-9999,-9999,Esperance,-35996.4,MURAT_202002_MRE,12,December,20.4,18.7,26.7
2020-12-23T08:00:00Z,0.551,-9999,-9999,Esperance,-35996.4,MURAT_202002_MRE,12,December,20.4,18.7,26.7
2020-12-23T09:00:00Z,0.603,-9999,-9999,Esperance,-35996.4,MURAT_202002_MRE,12,December,20.4,18.7,26.7
2020-12-23T10:00:00Z,0.652,-9999,-9999,Esperance,-35996.4,MURAT_202002_MRE,12,December,20.4,18.7,26.7
2020-12-23T11:00:00Z,0.657,-9999,-9999,Esperance,-35996.4,MURAT_202002_MRE,12,December,20.4,18.7,26.7
2020-12-23T12:00:00Z,0.672,-9999,-9999,Esperance,-35996.4,MURAT_202002_MRE,12,December,20.4,18.7,26.7
2020-12-23T13:00:00Z,0.701,-9999,-9999,Esperance,-35996.4,MURAT_202002_MRE,12,December,20.4,18.7,26.7
2020-12-23T14:00:00Z,0.656,-9999,-9999,Esperance,-35996.4,MURAT_202002_MRE,12,December,20.4,18.7,26.7
2020-12-23T15:00:00Z,0.594,-9999,-9999,Esperance,-35996.4,MURAT_202002_MRE,12,December,20.4,18.7,26.7
2020-12-23T16:00:00Z,0.593,-9999,-9999,Esperance,-35996.4,MURAT_202002_MRE,12,December,20.4,18.7,26.7
2020-12-23T17:00:00Z,0.542,-9999,-9999,Esperance,-35996.4,MURAT_202002_MRE,12,December,20.4,18.7,26.7
2020-12-23T18:00:00Z,0.528,-9999,-9999,Esperance,-35996.4,MURAT_202002_MRE,12,December,20.4,18.7,26.7
2020-12-23T19:00:00Z,0.5,-9999,-9999,Esperance,-35996.4,MURAT_202002_MRE,12,December,20.4,18.7,26.7
2020-12-23T20:00:00Z,0.469,-9999,-9999,Esperance,-35996.4,MURAT_202002_MRE,12,December,20.4,18.7,26.7
2020-12-23T21:00:00Z,0.452,-9999,-9999,Esperance,-35996.4,MURAT_202002_MRE,12,December,20.4,18.7,26.7
2020-12-23T22:00:00Z,0.448,-9999,-9999,Esperance,-35996.4,MURAT_202002_MRE,12,December,20.4,18.7,26.7
2020-12-23T23:00:00Z,0.442,-9999,-9999,Esperance,-35996.4,MURAT_202002_MRE,12,December,20.4,18.7,26.7
2020-12-24T00:00:00Z,0.428,-9999,-9999,Esperance,-35996.4,MURAT_202002_MRE,12,December,20.4,18.7,26.7
2020-12-24T01:00:00Z,0.449,-9999,-9999,Esperance,-35996.4,MURAT_202002_MRE,12,December,20.4,18.7,26.7
2020-12-24T02:00:00Z,0.486,-9999,-9999,Esperance,-35996.4,MURAT_202002_MRE,12,December,20.4,18.7,26.7
2020-12-24T03:00:00Z,0.475,-9999,-9999,Esperance,-35996.4,MURAT_202002_MRE,12,December,20.4,18.7,26.7
2020-12-24T04:00:00Z,0.479,-9999,-9999,Esperance,-35996.4,MURAT_202002_MRE,12,December,20.4,18.7,26.7
2020-12-24T05:00:00Z,0.469,-9999,-9999,Esperance,-35996.4,MURAT_202002_MRE,12,December,20.4,18.7,26.7
2020-12-24T06:00:00Z,0.502,-9999,-9999,Esperance,-35996.4,MURAT_202002_MRE,12,December,20.4,18.7,26.7
2020-12-24T07:00:00Z,0.541,-9999,-9999,Esperance,-35996.4,MURAT_202002_MRE,12,December,20.4,18.7,26.7
2020-12-24T08:00:00Z,0.582,-9999,-9999,Esperance,-35996.4,MURAT_202002_MRE,12,December,20.4,18.7,26.7
2020-12-24T09:00:00Z,0.65,-9999,-9999,Esperance,-35996.4,MURAT_202002_MRE,12,December,20.4,18.7,26.7
2020-12-24T10:00:00Z,0.712,-9999,-9999,Esperance,-35996.4,MURAT_202002_MRE,12,December,20.4,18.7,26.7
2020-12-24T11:00:00Z,0.774,-9999,-9999,Esperance,-35996.4,MURAT_202002_MRE,12,December,20.4,18.7,26.7
2020-12-24T12:00:00Z,0.814,-9999,-9999,Esperance,-35996.4,MURAT_202002_MRE,12,December,20.4,18.7,26.7
2020-12-24T13:00:00Z,0.812,-9999,-9999,Esperance,-35996.4,MURAT_202002_MRE,12,December,20.4,18.7,26.7
2020-12-24T14:00:00Z,0.787,-9999,-9999,Esperance,-35996.4,MURAT_202002_MRE,12,December,20.4,18.7,26.7
2020-12-24T15:00:00Z,0.692,-9999,-9999,Esperance,-35996.4,MURAT_202002_MRE,12,December,20.4,18.7,26.7
2020-12-24T16:00:00Z,0.636,-9999,-9999,Esperance,-35996.4,MURAT_202002_MRE,12,December,20.4,18.7,26.7
2020-12-24T17:00:00Z,0.604,-9999,-9999,Esperance,-35996.4,MURAT_202002_MRE,12,December,20.4,18.7,26.7
2020-12-24T18:00:00Z,0.525,-9999,-9999,Esperance,-35996.4,MURAT_202002_MRE,12,December,20.4,18.7,26.7
2020-12-24T19:00:00Z,0.472,-9999,-9999,Esperance,-35996.4,MURAT_202002_MRE,12,December,20.4,18.7,26.7
2020-12-24T20:00:00Z,0.498,-9999,-9999,Esperance,-35996.4,MURAT_202002_MRE,12,December,20.4,18.7,26.7
2020-12-24T21:00:00Z,0.476,-9999,-9999,Esperance,-35996.4,MURAT_202002_MRE,12,December,20.4,18.7,26.7
2020-12-24T22:00:00Z,0.472,-9999,-9999,Esperance,-35996.4,MURAT_202002_MRE,12,December,20.4,18.7,26.7
2020-12-24T23:00:00Z,0.524,-9999,-9999,Esperance,-35996.4,MURAT_202002_MRE,12,December,20.4,18.7,26.7
2020-12-25T00:00:00Z,0.537,-9999,-9999,Esperance,-35996.4,MURAT_202002_MRE,12,December,20.4,18.7,26.7
2020-12-25T01:00:00Z,0.549,-9999,-9999,Esperance,-35996.4,MURAT_202002_MRE,12,December,20.4,18.7,26.7
2020-12-25T02:00:00Z,0.603,-9999,-9999,Esperance,-35996.4,MURAT_202002_MRE,12,December,20.4,18.7,26.7
2020-12-25T03:00:00Z,0.609,-9999,-9999,Esperance,-35996.4,MURAT_202002_MRE,12,December,20.4,18.7,26.7
2020-12-25T04:00:00Z,0.586,-9999,-9999,Esperance,-35996.4,MURAT_202002_MRE,12,December,20.4,18.7,26.7
2020-12-25T05:00:00Z,0.61,-9999,-9999,Esperance,-35996.4,MURAT_202002_MRE,12,December,20.4,18.7,26.7
2020-12-25T06:00:00Z,0.642,-9999,-9999,Esperance,-35996.4,MURAT_202002_MRE,12,December,20.4,18.7,26.7
2020-12-25T07:00:00Z,0.661,-9999,-9999,Esperance,-35996.4,MURAT_202002_MRE,12,December,20.4,18.7,26.7
2020-12-25T08:00:00Z,0.737,-9999,-9999,Esperance,-35996.4,MURAT_202002_MRE,12,December,20.4,18.7,26.7
2020-12-25T09:00:00Z,0.834,-9999,-9999,Esperance,-35996.4,MURAT_202002_MRE,12,December,20.4,18.7,26.7
2020-12-25T10:00:00Z,0.955,-9999,-9999,Esperance,-35996.4,MURAT_202002_MRE,12,December,20.4,18.7,26.7
2020-12-25T11:00:00Z,1.033,-9999,-9999,Esperance,-35996.4,MURAT_202002_MRE,12,December,20.4,18.7,26.7
2020-12-25T12:00:00Z,1.102,-9999,-9999,Esperance,-35996.4,MURAT_202002_MRE,12,December,20.4,18.7,26.7
2020-12-25T13:00:00Z,1.139,-9999,-9999,Esperance,-35996.4,MURAT_202002_MRE,12,December,20.4,18.7,26.7
2020-12-25T14:00:00Z,1.103,-9999,-9999,Esperance,-35996.4,MURAT_202002_MRE,12,December,20.4,18.7,26.7
2020-12-25T15:00:00Z,1.016,-9999,-9999,Esperance,-35996.4,MURAT_202002_MRE,12,December,20.4,18.7,26.7
2020-12-25T16:00:00Z,0.951,-9999,-9999,Esperance,-35996.4,MURAT_202002_MRE,12,December,20.4,18.7,26.7
2020-12-25T17:00:00Z,0.835,-9999,-9999,Esperance,-35996.4,MURAT_202002_MRE,12,December,20.4,18.7,26.7
2020-12-25T18:00:00Z,0.749,-9999,-9999,Esperance,-35996.4,MURAT_202002_MRE,12,December,20.4,18.7,26.7
2020-12-25T19:00:00Z,0.681,-9999,-9999,Esperance,-35996.4,MURAT_202002_MRE,12,December,20.4,18.7,26.7
2020-12-25T20:00:00Z,0.632,-9999,-9999,Esperance,-35996.4,MURAT_202002_MRE,12,December,20.4,18.7,26.7
2020-12-25T21:00:00Z,0.675,-9999,-9999,Esperance,-35996.4,MURAT_202002_MRE,12,December,20.4,18.7,26.7
2020-12-25T22:00:00Z,0.641,-9999,-9999,Esperance,-35996.4,MURAT_202002_MRE,12,December,20.4,18.7,26.7
2020-12-25T23:00:00Z,0.697,-9999,-9999,Esperance,-35996.4,MURAT_202002_MRE,12,December,20.4,18.7,26.7
2020-12-26T00:00:00Z,0.682,-9999,-9999,Esperance,-35996.4,MURAT_202002_MRE,12,December,20.4,18.7,26.7
2020-12-26T01:00:00Z,0.763,-9999,-9999,Esperance,-35996.4,MURAT_202002_MRE,12,December,20.4,18.7,26.7
2020-12-26T02:00:00Z,0.744,-9999,-9999,Esperance,-35996.4,MURAT_202002_MRE,12,December,20.4,18.7,26.7
2020-12-26T03:00:00Z,0.721,-9999,-9999,Esperance,-35996.4,MURAT_202002_MRE,12,December,20.4,18.7,26.7
2020-12-26T04:00:00Z,0.667,-9999,-9999,Esperance,-35996.4,MURAT_202002_MRE,12,December,20.4,18.7,26.7
2020-12-26T05:00:00Z,0.718,-9999,-9999,Esperance,-35996.4,MURAT_202002_MRE,12,December,20.4,18.7,26.7
2020-12-26T06:00:00Z,0.674,-9999,-9999,Esperance,-35996.4,MURAT_202002_MRE,12,December,20.4,18.7,26.7
2020-12-26T07:00:00Z,0.69,-9999,-9999,Esperance,-35996.4,MURAT_202002_MRE,12,December,20.4,18.7,26.7
2020-12-26T08:00:00Z,0.724,-9999,-9999,Esperance,-35996.4,MURAT_202002_MRE,12,December,20.4,18.7,26.7
2020-12-26T09:00:00Z,0.868,-9999,-9999,Esperance,-35996.4,MURAT_202002_MRE,12,December,20.4,18.7,26.7
2020-12-26T10:00:00Z,0.991,-9999,-9999,Esperance,-35996.4,MURAT_202002_MRE,12,December,20.4,18.7,26.7
2020-12-26T11:00:00Z,1.098,-9999,-9999,Esperance,-35996.4,MURAT_202002_MRE,12,December,20.4,18.7,26.7
2020-12-26T12:00:00Z,1.183,-9999,-9999,Esperance,-35996.4,MURAT_202002_MRE,12,December,20.4,18.7,26.7
2020-12-26T13:00:00Z,1.248,-9999,-9999,Esperance,-35996.4,MURAT_202002_MRE,12,December,20.4,18.7,26.7
2020-12-26T14:00:00Z,1.176,-9999,-9999,Esperance,-35996.4,MURAT_202002_MRE,12,December,20.4,18.7,26.7
2020-12-26T15:00:00Z,1.096,-9999,-9999,Esperance,-35996.4,MURAT_202002_MRE,12,December,20.4,18.7,26.7
2020-12-26T16:00:00Z,0.967,-9999,-9999,Esperance,-35996.4,MURAT_202002_MRE,12,December,20.4,18.7,26.7
2020-12-26T17:00:00Z,0.823,-9999,-9999,Esperance,-35996.4,MURAT_202002_MRE,12,December,20.4,18.7,26.7
2020-12-26T18:00:00Z,0.68,-9999,-9999,Esperance,-35996.4,MURAT_202002_MRE,12,December,20.4,18.7,26.7
2020-12-26T19:00:00Z,0.582,-9999,-9999,Esperance,-35996.4,MURAT_202002_MRE,12,December,20.4,18.7,26.7
2020-12-26T20:00:00Z,0.486,-9999,-9999,Esperance,-35996.4,MURAT_202002_MRE,12,December,20.4,18.7,26.7
2020-12-26T21:00:00Z,0.479,-9999,-9999,Esperance,-35996.4,MURAT_202002_MRE,12,December,20.4,18.7,26.7
2020-12-26T22:00:00Z,0.482,-9999,-9999,Esperance,-35996.4,MURAT_202002_MRE,12,December,20.4,18.7,26.7
2020-12-26T23:00:00Z,0.518,-9999,-9999,Esperance,-35996.4,MURAT_202002_MRE,12,December,20.4,18.7,26.7
2020-12-27T00:00:00Z,0.535,-9999,-9999,Esperance,-35996.4,MURAT_202002_MRE,12,December,20.4,18.7,26.7
2020-12-27T01:00:00Z,0.615,-9999,-9999,Esperance,-35996.4,MURAT_202002_MRE,12,December,20.4,18.7,26.7
2020-12-27T02:00:00Z,0.595,-9999,-9999,Esperance,-35996.4,MURAT_202002_MRE,12,December,20.4,18.7,26.7
2020-12-27T03:00:00Z,0.587,-9999,-9999,Esperance,-35996.4,MURAT_202002_MRE,12,December,20.4,18.7,26.7
2020-12-27T04:00:00Z,0.581,-9999,-9999,Esperance,-35996.4,MURAT_202002_MRE,12,December,20.4,18.7,26.7
2020-12-27T05:00:00Z,0.527,-9999,-9999,Esperance,-35996.4,MURAT_202002_MRE,12,December,20.4,18.7,26.7
2020-12-27T06:00:00Z,0.52,-9999,-9999,Esperance,-35996.4,MURAT_202002_MRE,12,December,20.4,18.7,26.7
2020-12-27T07:00:00Z,0.531,-9999,-9999,Esperance,-35996.4,MURAT_202002_MRE,12,December,20.4,18.7,26.7
2020-12-27T08:00:00Z,0.56,-9999,-9999,Esperance,-35996.4,MURAT_202002_MRE,12,December,20.4,18.7,26.7
2020-12-27T09:00:00Z,0.713,-9999,-9999,Esperance,-35996.4,MURAT_202002_MRE,12,December,20.4,18.7,26.7
2020-12-27T10:00:00Z,0.8,-9999,-9999,Esperance,-35996.4,MURAT_202002_MRE,12,December,20.4,18.7,26.7
2020-12-27T11:00:00Z,0.942,-9999,-9999,Esperance,-35996.4,MURAT_202002_MRE,12,December,20.4,18.7,26.7
2020-12-27T12:00:00Z,1.057,-9999,-9999,Esperance,-35996.4,MURAT_202002_MRE,12,December,20.4,18.7,26.7
2020-12-27T13:00:00Z,1.122,-9999,-9999,Esperance,-35996.4,MURAT_202002_MRE,12,December,20.4,18.7,26.7
2020-12-27T14:00:00Z,1.133,-9999,-9999,Esperance,-35996.4,MURAT_202002_MRE,12,December,20.4,18.7,26.7
2020-12-27T15:00:00Z,1.016,-9999,-9999,Esperance,-35996.4,MURAT_202002_MRE,12,December,20.4,18.7,26.7
2020-12-27T16:00:00Z,0.918,-9999,-9999,Esperance,-35996.4,MURAT_202002_MRE,12,December,20.4,18.7,26.7
2020-12-27T17:00:00Z,0.795,-9999,-9999,Esperance,-35996.4,MURAT_202002_MRE,12,December,20.4,18.7,26.7
2020-12-27T18:00:00Z,0.596,-9999,-9999,Esperance,-35996.4,MURAT_202002_MRE,12,December,20.4,18.7,26.7
2020-12-27T19:00:00Z,0.48,-9999,-9999,Esperance,-35996.4,MURAT_202002_MRE,12,December,20.4,18.7,26.7
2020-12-27T20:00:00Z,0.376,-9999,-9999,Esperance,-35996.4,MURAT_202002_MRE,12,December,20.4,18.7,26.7
2020-12-27T21:00:00Z,0.352,-9999,-9999,Esperance,-35996.4,MURAT_202002_MRE,12,December,20.4,18.7,26.7
2020-12-27T22:00:00Z,0.34,-9999,-9999,Esperance,-35996.4,MURAT_202002_MRE,12,December,20.4,18.7,26.7
2020-12-27T23:00:00Z,0.362,-9999,-9999,Esperance,-35996.4,MURAT_202002_MRE,12,December,20.4,18.7,26.7
2020-12-28T00:00:00Z,0.486,-9999,-9999,Esperance,-35996.4,MURAT_202002_MRE,12,December,20.4,18.7,26.7
2020-12-28T01:00:00Z,0.484,-9999,-9999,Esperance,-35996.4,MURAT_202002_MRE,12,December,20.4,18.7,26.7
2020-12-28T02:00:00Z,0.553,-9999,-9999,Esperance,-35996.4,MURAT_202002_MRE,12,December,20.4,18.7,26.7
2020-12-28T03:00:00Z,0.613,-9999,-9999,Esperance,-35996.4,MURAT_202002_MRE,12,December,20.4,18.7,26.7
2020-12-28T04:00:00Z,0.543,-9999,-9999,Esperance,-35996.4,MURAT_202002_MRE,12,December,20.4,18.7,26.7
2020-12-28T05:00:00Z,0.515,-9999,-9999,Esperance,-35996.4,MURAT_202002_MRE,12,December,20.4,18.7,26.7
2020-12-28T06:00:00Z,0.543,-9999,-9999,Esperance,-35996.4,MURAT_202002_MRE,12,December,20.4,18.7,26.7
2020-12-28T07:00:00Z,0.494,-9999,-9999,Esperance,-35996.4,MURAT_202002_MRE,12,December,20.4,18.7,26.7
2020-12-28T08:00:00Z,0.549,-9999,-9999,Esperance,-35996.4,MURAT_202002_MRE,12,December,20.4,18.7,26.7
2020-12-28T09:00:00Z,0.645,-9999,-9999,Esperance,-35996.4,MURAT_202002_MRE,12,December,20.4,18.7,26.7
2020-12-28T10:00:00Z,0.812,-9999,-9999,Esperance,-35996.4,MURAT_202002_MRE,12,December,20.4,18.7,26.7
2020-12-28T11:00:00Z,0.867,-9999,-9999,Esperance,-35996.4,MURAT_202002_MRE,12,December,20.4,18.7,26.7
2020-12-28T12:00:00Z,1.081,-9999,-9999,Esperance,-35996.4,MURAT_202002_MRE,12,December,20.4,18.7,26.7
2020-12-28T13:00:00Z,1.161,-9999,-9999,Esperance,-35996.4,MURAT_202002_MRE,12,December,20.4,18.7,26.7
2020-12-28T14:00:00Z,1.155,-9999,-9999,Esperance,-35996.4,MURAT_202002_MRE,12,December,20.4,18.7,26.7
2020-12-28T15:00:00Z,1.12,-9999,-9999,Esperance,-35996.4,MURAT_202002_MRE,12,December,20.4,18.7,26.7
2020-12-28T16:00:00Z,1.004,-9999,-9999,Esperance,-35996.4,MURAT_202002_MRE,12,December,20.4,18.7,26.7
2020-12-28T17:00:00Z,0.842,-9999,-9999,Esperance,-35996.4,MURAT_202002_MRE,12,December,20.4,18.7,26.7
2020-12-28T18:00:00Z,0.681,-9999,-9999,Esperance,-35996.4,MURAT_202002_MRE,12,December,20.4,18.7,26.7
2020-12-28T19:00:00Z,0.463,-9999,-9999,Esperance,-35996.4,MURAT_202002_MRE,12,December,20.4,18.7,26.7
2020-12-28T20:00:00Z,0.36,-9999,-9999,Esperance,-35996.4,MURAT_202002_MRE,12,December,20.4,18.7,26.7
2020-12-28T21:00:00Z,0.263,-9999,-9999,Esperance,-35996.4,MURAT_202002_MRE,12,December,20.4,18.7,26.7
2020-12-28T22:00:00Z,0.243,-9999,-9999,Esperance,-35996.4,MURAT_202002_MRE,12,December,20.4,18.7,26.7
2020-12-28T23:00:00Z,0.283,-9999,-9999,Esperance,-35996.4,MURAT_202002_MRE,12,December,20.4,18.7,26.7
2020-12-29T00:00:00Z,0.361,-9999,-9999,Esperance,-35996.4,MURAT_202002_MRE,12,December,20.4,18.7,26.7
2020-12-29T01:00:00Z,0.446,-9999,-9999,Esperance,-35996.4,MURAT_202002_MRE,12,December,20.4,18.7,26.7
2020-12-29T02:00:00Z,0.52,-9999,-9999,Esperance,-35996.4,MURAT_202002_MRE,12,December,20.4,18.7,26.7
2020-12-29T03:00:00Z,0.571,-9999,-9999,Esperance,-35996.4,MURAT_202002_MRE,12,December,20.4,18.7,26.7
2020-12-29T04:00:00Z,0.552,-9999,-9999,Esperance,-35996.4,MURAT_202002_MRE,12,December,20.4,18.7,26.7
2020-12-29T05:00:00Z,0.55,-9999,-9999,Esperance,-35996.4,MURAT_202002_MRE,12,December,20.4,18.7,26.7
2020-12-29T06:00:00Z,0.543,-9999,-9999,Esperance,-35996.4,MURAT_202002_MRE,12,December,20.4,18.7,26.7
2020-12-29T07:00:00Z,0.484,-9999,-9999,Esperance,-35996.4,MURAT_202002_MRE,12,December,20.4,18.7,26.7
2020-12-29T08:00:00Z,0.529,-9999,-9999,Esperance,-35996.4,MURAT_202002_MRE,12,December,20.4,18.7,26.7
2020-12-29T09:00:00Z,0.599,-9999,-9999,Esperance,-35996.4,MURAT_202002_MRE,12,December,20.4,18.7,26.7
2020-12-29T10:00:00Z,0.723,-9999,-9999,Esperance,-35996.4,MURAT_202002_MRE,12,December,20.4,18.7,26.7
2020-12-29T11:00:00Z,0.901,-9999,-9999,Esperance,-35996.4,MURAT_202002_MRE,12,December,20.4,18.7,26.7
2020-12-29T12:00:00Z,1.026,-9999,-9999,Esperance,-35996.4,MURAT_202002_MRE,12,December,20.4,18.7,26.7
2020-12-29T13:00:00Z,1.164,-9999,-9999,Esperance,-35996.4,MURAT_202002_MRE,12,December,20.4,18.7,26.7
2020-12-29T14:00:00Z,1.225,-9999,-9999,Esperance,-35996.4,MURAT_202002_MRE,12,December,20.4,18.7,26.7
2020-12-29T15:00:00Z,1.196,-9999,-9999,Esperance,-35996.4,MURAT_202002_MRE,12,December,20.4,18.7,26.7
2020-12-29T16:00:00Z,1.14,-9999,-9999,Esperance,-35996.4,MURAT_202002_MRE,12,December,20.4,18.7,26.7
2020-12-29T17:00:00Z,0.985,-9999,-9999,Esperance,-35996.4,MURAT_202002_MRE,12,December,20.4,18.7,26.7
2020-12-29T18:00:00Z,0.81,-9999,-9999,Esperance,-35996.4,MURAT_202002_MRE,12,December,20.4,18.7,26.7
2020-12-29T19:00:00Z,0.588,-9999,-9999,Esperance,-35996.4,MURAT_202002_MRE,12,December,20.4,18.7,26.7
2020-12-29T20:00:00Z,0.44,-9999,-9999,Esperance,-35996.4,MURAT_202002_MRE,12,December,20.4,18.7,26.7
2020-12-29T21:00:00Z,0.325,-9999,-9999,Esperance,-35996.4,MURAT_202002_MRE,12,December,20.4,18.7,26.7
2020-12-29T22:00:00Z,0.236,-9999,-9999,Esperance,-35996.4,MURAT_202002_MRE,12,December,20.4,18.7,26.7
2020-12-29T23:00:00Z,0.297,-9999,-9999,Esperance,-35996.4,MURAT_202002_MRE,12,December,20.4,18.7,26.7
2020-12-30T00:00:00Z,0.348,-9999,-9999,Esperance,-35996.4,MURAT_202002_MRE,12,December,20.4,18.7,26.7
2020-12-30T01:00:00Z,0.429,-9999,-9999,Esperance,-35996.4,MURAT_202002_MRE,12,December,20.4,18.7,26.7
2020-12-30T02:00:00Z,0.522,-9999,-9999,Esperance,-35996.4,MURAT_202002_MRE,12,December,20.4,18.7,26.7
2020-12-30T03:00:00Z,0.578,-9999,-9999,Esperance,-35996.4,MURAT_202002_MRE,12,December,20.4,18.7,26.7
2020-12-30T04:00:00Z,0.552,-9999,-9999,Esperance,-35996.4,MURAT_202002_MRE,12,December,20.4,18.7,26.7
2020-12-30T05:00:00Z,0.528,-9999,-9999,Esperance,-35996.4,MURAT_202002_MRE,12,December,20.4,18.7,26.7
2020-12-30T06:00:00Z,0.513,-9999,-9999,Esperance,-35996.4,MURAT_202002_MRE,12,December,20.4,18.7,26.7
2020-12-30T07:00:00Z,0.441,-9999,-9999,Esperance,-35996.4,MURAT_202002_MRE,12,December,20.4,18.7,26.7
2020-12-30T08:00:00Z,0.406,-9999,-9999,Esperance,-35996.4,MURAT_202002_MRE,12,December,20.4,18.7,26.7
2020-12-30T09:00:00Z,0.555,-9999,-9999,Esperance,-35996.4,MURAT_202002_MRE,12,December,20.4,18.7,26.7
2020-12-30T10:00:00Z,0.595,-9999,-9999,Esperance,-35996.4,MURAT_202002_MRE,12,December,20.4,18.7,26.7
2020-12-30T11:00:00Z,0.723,-9999,-9999,Esperance,-35996.4,MURAT_202002_MRE,12,December,20.4,18.7,26.7
2020-12-30T12:00:00Z,0.91,-9999,-9999,Esperance,-35996.4,MURAT_202002_MRE,12,December,20.4,18.7,26.7
2020-12-30T13:00:00Z,1.016,-9999,-9999,Esperance,-35996.4,MURAT_202002_MRE,12,December,20.4,18.7,26.7
2020-12-30T14:00:00Z,1.098,-9999,-9999,Esperance,-35996.4,MURAT_202002_MRE,12,December,20.4,18.7,26.7
2020-12-30T15:00:00Z,1.172,-9999,-9999,Esperance,-35996.4,MURAT_202002_MRE,12,December,20.4,18.7,26.7
2020-12-30T16:00:00Z,1.094,-9999,-9999,Esperance,-35996.4,MURAT_202002_MRE,12,December,20.4,18.7,26.7
2020-12-30T17:00:00Z,0.971,-9999,-9999,Esperance,-35996.4,MURAT_202002_MRE,12,December,20.4,18.7,26.7
2020-12-30T18:00:00Z,0.837,-9999,-9999,Esperance,-35996.4,MURAT_202002_MRE,12,December,20.4,18.7,26.7
2020-12-30T19:00:00Z,0.643,-9999,-9999,Esperance,-35996.4,MURAT_202002_MRE,12,December,20.4,18.7,26.7
2020-12-30T20:00:00Z,0.401,-9999,-9999,Esperance,-35996.4,MURAT_202002_MRE,12,December,20.4,18.7,26.7
2020-12-30T21:00:00Z,0.27,-9999,-9999,Esperance,-35996.4,MURAT_202002_MRE,12,December,20.4,18.7,26.7
2020-12-30T22:00:00Z,0.221,-9999,-9999,Esperance,-35996.4,MURAT_202002_MRE,12,December,20.4,18.7,26.7
2020-12-30T23:00:00Z,0.171,-9999,-9999,Esperance,-35996.4,MURAT_202002_MRE,12,December,20.4,18.7,26.7
2020-12-31T00:00:00Z,0.216,-9999,-9999,Esperance,-35996.4,MURAT_202002_MRE,12,December,20.4,18.7,26.7
2020-12-31T01:00:00Z,0.289,-9999,-9999,Esperance,-35996.4,MURAT_202002_MRE,12,December,20.4,18.7,26.7
2020-12-31T02:00:00Z,0.36,-9999,-9999,Esperance,-35996.4,MURAT_202002_MRE,12,December,20.4,18.7,26.7
2020-12-31T03:00:00Z,0.405,-9999,-9999,Esperance,-35996.4,MURAT_202002_MRE,12,December,20.4,18.7,26.7
2020-12-31T04:00:00Z,0.429,-9999,-9999,Esperance,-35996.4,MURAT_202002_MRE,12,December,20.4,18.7,26.7
2020-12-31T05:00:00Z,0.447,-9999,-9999,Esperance,-35996.4,MURAT_202002_MRE,12,December,20.4,18.7,26.7
2020-12-31T06:00:00Z,0.393,-9999,-9999,Esperance,-35996.4,MURAT_202002_MRE,12,December,20.4,18.7,26.7
2020-12-31T07:00:00Z,0.346,-9999,-9999,Esperance,-35996.4,MURAT_202002_MRE,12,December,20.4,18.7,26.7
2020-12-31T08:00:00Z,0.353,-9999,-9999,Esperance,-35996.4,MURAT_202002_MRE,12,December,20.4,18.7,26.7
2020-12-31T09:00:00Z,0.432,-9999,-9999,Esperance,-35996.4,MURAT_202002_MRE,12,December,20.4,18.7,26.7
2020-12-31T10:00:00Z,0.51,-9999,-9999,Esperance,-35996.4,MURAT_202002_MRE,12,December,20.4,18.7,26.7
2020-12-31T11:00:00Z,0.621,-9999,-9999,Esperance,-35996.4,MURAT_202002_MRE,12,December,20.4,18.7,26.7
2020-12-31T12:00:00Z,0.811,-9999,-9999,Esperance,-35996.4,MURAT_202002_MRE,12,December,20.4,18.7,26.7
2020-12-31T13:00:00Z,0.983,-9999,-9999,Esperance,-35996.4,MURAT_202002_MRE,12,December,20.4,18.7,26.7
2020-12-31T14:00:00Z,1.08,-9999,-9999,Esperance,-35996.4,MURAT_202002_MRE,12,December,20.4,18.7,26.7
2020-12-31T15:00:00Z,1.138,-9999,-9999,Esperance,-35996.4,MURAT_202002_MRE,12,December,20.4,18.7,26.7
2020-12-31T16:00:00Z,1.164,-9999,-9999,Esperance,-35996.4,MURAT_202002_MRE,12,December,20.4,18.7,26.7
2020-12-31T17:00:00Z,1.084,-9999,-9999,Esperance,-35996.4,MURAT_202002_MRE,12,December,20.4,18.7,26.7
2020-12-31T18:00:00Z,0.923,-9999,-9999,Esperance,-35996.4,MURAT_202002_MRE,12,December,20.4,18.7,26.7
2020-12-31T19:00:00Z,0.769,-9999,-9999,Esperance,-35996.4,MURAT_202002_MRE,12,December,20.4,18.7,26.7
2020-12-31T20:00:00Z,0.58,-9999,-9999,Esperance,-35996.4,MURAT_202002_MRE,12,December,20.4,18.7,26.7
2020-12-31T21:00:00Z,0.407,-9999,-9999,Esperance,-35996.4,MURAT_202002_MRE,12,December,20.4,18.7,26.7
2020-12-31T22:00:00Z,0.295,-9999,-9999,Esperance,-35996.4,MURAT_202002_MRE,12,December,20.4,18.7,26.7
2020-12-31T23:00:00Z,0.247,-9999,-9999,Esperance,-35996.4,MURAT_202002_MRE,12,December,20.4,18.7,26.7
